backend_ms,candidate_count,candidate_fetch_ms,commit_ms,dense_scoring_ms,dense_upsert_ms,fresh_hit_at_10,full_write_ack_call_ms,graph_projection_ok,graph_visible_ms,latency_ms,op_id,op_type,phase,projection_fetch_ms,ranking_ms,relation_candidate_ok,relation_check_ms,sparse_scoring_ms,sparse_upsert_ms,status,zscore_fusion_ms
101.2671,673,,,5.6681,,,,,,109.2522,r1_measured_00000,read,measured,,,,,1.834,,ok,0.3842
695.8614,628,50.7762,139.4765,1.5773,191.6654,1,139.4746,1,274.5026,716.8683,r1_measured_00001,update,measured,135.0261,21.0069,1,51.4693,18.9525,127.4479,ok,0.3614
110.4191,628,,,0.6315,,,,,,118.7247,r1_measured_00002,read,measured,,,,,7.2125,,ok,0.3923
108.9649,567,,,0.7439,,,,,,125.5121,r1_measured_00003,read,measured,,,,,15.3986,,ok,0.3444
109.0343,628,,,0.5262,,,,,,123.4363,r1_measured_00004,read,measured,,,,,13.4015,,ok,0.4045
108.4229,628,,,0.4913,,,,,,115.8761,r1_measured_00005,read,measured,,,,,6.6022,,ok,0.3019
132.96,417,,,0.8747,,,,,,142.1688,r1_measured_00006,read,measured,,,,,7.8602,,ok,0.4109
110.5015,663,,,1.1167,,,,,,124.9108,r1_measured_00007,read,measured,,,,,12.8795,,ok,0.351
107.9593,680,,,1.2872,,,,,,119.2392,r1_measured_00008,read,measured,,,,,9.4949,,ok,0.4261
131.7556,679,,,1.003,,,,,,170.4456,r1_measured_00009,read,measured,,,,,37.2088,,ok,0.4015
105.9041,368,,,0.7623,,,,,,109.3071,r1_measured_00010,read,measured,,,,,2.2631,,ok,0.3219
134.7815,417,,,0.3489,,,,,,137.5373,r1_measured_00011,read,measured,,,,,1.9342,,ok,0.4027
133.8686,679,,,1.3282,,,,,,149.4075,r1_measured_00012,read,measured,,,,,13.7031,,ok,0.4139
106.3708,628,,,0.4988,,,,,,111.8857,r1_measured_00013,read,measured,,,,,4.6451,,ok,0.3145
129.4233,418,,,2.4947,,,,,,142.8992,r1_measured_00014,read,measured,,,,,10.5276,,ok,0.3904
131.4613,681,,,0.7382,,,,,,158.425,r1_measured_00015,read,measured,,,,,25.7581,,ok,0.3841
130.2055,567,,,5.6501,,,,,,152.7087,r1_measured_00016,read,measured,,,,,16.3727,,ok,0.4048
129.426,689,,,2.1739,,,,,,165.5189,r1_measured_00017,read,measured,,,,,33.4215,,ok,0.4089
103.5078,567,,,1.5641,,,,,,116.5901,r1_measured_00018,read,measured,,,,,11.0768,,ok,0.3704
129.7516,680,,,4.025,,,,,,153.7156,r1_measured_00019,read,measured,,,,,19.4609,,ok,0.3999
104.5353,419,,,0.5325,,,,,,108.1782,r1_measured_00020,read,measured,,,,,2.7164,,ok,0.3445
138.4705,677,,,1.3086,,,,,,160.574,r1_measured_00021,read,measured,,,,,20.3375,,ok,0.3746
126.7026,508,,,0.5185,,,,,,162.7544,r1_measured_00022,read,measured,,,,,35.094,,ok,0.3737
131.8671,509,,,2.1252,,,,,,159.0892,r1_measured_00023,read,measured,,,,,24.6415,,ok,0.3854
132.1467,678,,,2.1183,,,,,,149.2858,r1_measured_00024,read,measured,,,,,14.533,,ok,0.403
128.8444,680,,,1.921,,,,,,166.9468,r1_measured_00025,read,measured,,,,,35.697,,ok,0.4034
126.2469,680,,,3.6821,,,,,,150.8401,r1_measured_00026,read,measured,,,,,20.4531,,ok,0.3794
127.8385,365,,,4.5487,,,,,,138.2445,r1_measured_00027,read,measured,,,,,5.3657,,ok,0.4278
126.686,678,,,3.764,,,,,,156.1004,r1_measured_00028,read,measured,,,,,25.2056,,ok,0.3724
128.4654,661,,,0.7293,,,,,,141.59,r1_measured_00029,read,measured,,,,,11.9118,,ok,0.3971
126.5983,684,,,1.5896,,,,,,166.8161,r1_measured_00030,read,measured,,,,,38.1687,,ok,0.383
127.5521,662,,,5.052,,,,,,151.9476,r1_measured_00031,read,measured,,,,,18.8692,,ok,0.3866
84.1601,674,,,0.495,,,,,,117.7889,r1_measured_00032,read,measured,,,,,32.7155,,ok,0.3512
69.2908,681,,,4.4792,,,,,,99.235,r1_measured_00033,read,measured,,,,,25.0062,,ok,0.378
67.414,688,,,1.6603,,,,,,106.3066,r1_measured_00034,read,measured,,,,,36.8167,,ok,0.3454
66.288,628,,,2.9544,,,,,,93.6114,r1_measured_00035,read,measured,,,,,23.9184,,ok,0.3754
78.3068,417,,,0.2718,,,,,,99.9352,r1_measured_00036,read,measured,,,,,20.9398,,ok,0.3638
800.8952,661,58.6041,63.1375,2.5782,402.2133,1,63.1358,1,223.1411,1279.2695,r1_measured_00037,update,measured,160.0036,478.3743,1,12.5561,54.6638,104.3806,ok,0.382
66.4382,628,,,0.9991,,,,,,94.4926,r1_measured_00038,read,measured,,,,,26.6099,,ok,0.3631
60.1147,369,,,0.2683,,,,,,69.826,r1_measured_00039,read,measured,,,,,9.0086,,ok,0.3774
59.0994,678,,,5.5905,,,,,,99.6037,r1_measured_00040,read,measured,,,,,34.509,,ok,0.337
62.1011,663,,,6.326,,,,,,108.0951,r1_measured_00041,read,measured,,,,,39.2608,,ok,0.3352
55.8485,417,,,0.2652,,,,,,75.0549,r1_measured_00042,read,measured,,,,,18.5464,,ok,0.3419
42.882,660,,,6.0409,,,,,,92.463,r1_measured_00043,read,measured,,,,,43.0661,,ok,0.4021
39.0916,369,,,0.4221,,,,,,54.5611,r1_measured_00044,read,measured,,,,,14.3364,,ok,0.6575
36.7531,671,,,4.0035,,,,,,73.1386,r1_measured_00045,read,measured,,,,,31.9615,,ok,0.3531
43.3912,417,,,3.198,,,,,,63.1998,r1_measured_00046,read,measured,,,,,16.1819,,ok,0.3544
38.401,681,,,0.6392,,,,,,54.5217,r1_measured_00047,read,measured,,,,,14.9582,,ok,0.4303
543.5361,366,53.5481,42.961,0.263,181.483,1,42.9589,1,190.2313,547.202,r1_measured_00048,update,measured,147.2703,3.6659,1,41.7169,2.9461,76.5568,ok,0.3988
37.0148,680,,,2.2749,,,,,,87.9796,r1_measured_00049,read,measured,,,,,48.1814,,ok,0.4253
31.0666,419,,,1.4255,,,,,,37.3394,r1_measured_00050,read,measured,,,,,4.4224,,ok,0.368
30.3235,419,,,0.6016,,,,,,41.0176,r1_measured_00051,read,measured,,,,,9.6593,,ok,0.3773
29.5827,689,,,2.4008,,,,,,48.7568,r1_measured_00052,read,measured,,,,,16.2658,,ok,0.4205
28.3143,508,,,2.3584,,,,,,61.4933,r1_measured_00053,read,measured,,,,,30.3545,,ok,0.3989
26.5145,416,,,0.2672,,,,,,37.5395,r1_measured_00054,read,measured,,,,,10.3719,,ok,0.3296
27.8615,678,,,3.6941,,,,,,57.1986,r1_measured_00055,read,measured,,,,,25.213,,ok,0.3533
24.7896,509,,,1.2455,,,,,,58.5638,r1_measured_00056,read,measured,,,,,32.1269,,ok,0.3352
22.8196,565,,,0.6936,,,,,,46.4682,r1_measured_00057,read,measured,,,,,22.3998,,ok,0.4841
64.7343,689,,,3.3575,,,,,,81.7555,r1_measured_00058,read,measured,,,,,13.1454,,ok,0.439
63.8598,686,,,0.9582,,,,,,71.8202,r1_measured_00059,read,measured,,,,,6.5639,,ok,0.3669
63.27,686,,,0.9278,,,,,,83.6427,r1_measured_00060,read,measured,,,,,18.9595,,ok,0.4041
59.977,567,,,0.5319,,,,,,83.6774,r1_measured_00061,read,measured,,,,,22.727,,ok,0.3741
62.6857,676,,,1.0563,,,,,,84.6288,r1_measured_00062,read,measured,,,,,20.3445,,ok,0.3836
43.0792,678,,,3.8993,,,,,,60.0785,r1_measured_00063,read,measured,,,,,12.6655,,ok,0.3567
40.3919,679,,,2.1467,,,,,,54.2449,r1_measured_00064,read,measured,,,,,11.2043,,ok,0.4242
37.3659,417,,,0.5492,,,,,,47.6955,r1_measured_00065,read,measured,,,,,9.382,,ok,0.3436
37.6179,680,,,1.4516,,,,,,50.6219,r1_measured_00066,read,measured,,,,,11.1088,,ok,0.3701
36.3372,416,,,0.4045,,,,,,39.6278,r1_measured_00067,read,measured,,,,,2.3788,,ok,0.443
34.0583,678,,,1.3968,,,,,,59.3717,r1_measured_00068,read,measured,,,,,23.4513,,ok,0.3928
27.6381,508,,,0.6392,,,,,,49.3663,r1_measured_00069,read,measured,,,,,20.6564,,ok,0.368
62.6728,687,,,7.6394,,,,,,95.6012,r1_measured_00070,read,measured,,,,,24.8216,,ok,0.379
61.237,628,,,6.0015,,,,,,95.4253,r1_measured_00071,read,measured,,,,,27.7043,,ok,0.3921
65.0913,686,,,3.305,,,,,,87.3309,r1_measured_00072,read,measured,,,,,18.4517,,ok,0.4024
650.669,417,21.6834,59.0492,2.2197,220.7848,1,59.0475,1,219.4533,684.5575,r1_measured_00073,update,measured,160.4041,33.8885,1,136.8619,31.224,51.8856,ok,0.3762
64.1759,508,,,2.3502,,,,,,81.2434,r1_measured_00074,read,measured,,,,,14.2805,,ok,0.3723
63.7928,508,,,0.9288,,,,,,94.6788,r1_measured_00075,read,measured,,,,,29.2925,,ok,0.5896
58.667,679,,,1.1998,,,,,,96.5359,r1_measured_00076,read,measured,,,,,35.5526,,ok,1.0327
56.5221,417,,,0.5927,,,,,,62.8012,r1_measured_00077,read,measured,,,,,5.2502,,ok,0.3739
59.4979,662,,,1.1487,,,,,,64.3269,r1_measured_00078,read,measured,,,,,3.2172,,ok,0.3912
49.8605,688,,,5.3791,,,,,,85.8471,r1_measured_00079,read,measured,,,,,30.1094,,ok,0.4098
737.7204,663,57.1811,49.101,4.948,435.323,1,49.0996,1,192.8091,753.807,r1_measured_00080,update,measured,143.7081,16.0866,1,0.0057,10.6742,52.4015,ok,0.3844
47.9959,368,,,0.3914,,,,,,66.877,r1_measured_00081,read,measured,,,,,18.0668,,ok,0.3565
47.4653,673,,,5.5974,,,,,,81.0947,r1_measured_00082,read,measured,,,,,27.5526,,ok,0.3919
46.7626,369,,,3.95,,,,,,62.0114,r1_measured_00083,read,measured,,,,,10.8742,,ok,0.3676
39.4943,680,,,0.9458,,,,,,69.7502,r1_measured_00084,read,measured,,,,,28.2583,,ok,0.9755
38.4791,508,,,1.2806,,,,,,58.9902,r1_measured_00085,read,measured,,,,,18.7841,,ok,0.3766
34.4718,567,,,2.261,,,,,,74.1636,r1_measured_00086,read,measured,,,,,36.981,,ok,0.3802
31.8366,661,,,0.5578,,,,,,74.2064,r1_measured_00087,read,measured,,,,,41.3849,,ok,0.3512
35.8037,626,,,1.5784,,,,,,44.8769,r1_measured_00088,read,measured,,,,,6.9538,,ok,0.4686
28.2773,663,,,1.4975,,,,,,62.4731,r1_measured_00089,read,measured,,,,,32.2507,,ok,0.3607
26.9781,676,,,3.5268,,,,,,49.8951,r1_measured_00090,read,measured,,,,,18.9586,,ok,0.3557
23.1866,680,,,5.4673,,,,,,65.0933,r1_measured_00091,read,measured,,,,,35.9914,,ok,0.3652
23.7372,676,,,3.3752,,,,,,49.3089,r1_measured_00092,read,measured,,,,,21.7656,,ok,0.3546
23.0662,416,,,0.5882,,,,,,27.2364,r1_measured_00093,read,measured,,,,,3.143,,ok,0.378
23.218,680,,,0.6927,,,,,,32.5549,r1_measured_00094,read,measured,,,,,8.1979,,ok,0.375
68.3029,417,,,0.4826,,,,,,123.4487,r1_measured_00095,read,measured,,,,,54.2161,,ok,0.3831
83.1205,566,,,2.0604,,,,,,150.2537,r1_measured_00096,read,measured,,,,,64.6514,,ok,0.3481
64.9876,680,,,1.3119,,,,,,196.8743,r1_measured_00097,read,measured,,,,,130.0456,,ok,0.4593
81.4199,567,,,0.4784,,,,,,146.1063,r1_measured_00098,read,measured,,,,,63.7852,,ok,0.3578
62.9434,417,,,5.6955,,,,,,99.0023,r1_measured_00099,read,measured,,,,,29.9031,,ok,0.3916
58.8309,508,,,0.7406,,,,,,160.5999,r1_measured_00100,read,measured,,,,,100.6255,,ok,0.3372
65.8295,686,,,5.3683,,,,,,117.9896,r1_measured_00101,read,measured,,,,,46.3147,,ok,0.3987
58.2269,417,,,0.8936,,,,,,118.7035,r1_measured_00102,read,measured,,,,,59.1588,,ok,0.3649
56.2087,680,,,0.9231,,,,,,152.3118,r1_measured_00103,read,measured,,,,,94.773,,ok,0.3386
52.7093,677,,,2.0729,,,,,,154.205,r1_measured_00104,read,measured,,,,,99.0187,,ok,0.3396
52.9021,675,,,3.4652,,,,,,173.2349,r1_measured_00105,read,measured,,,,,116.4731,,ok,0.3233
50.3705,686,,,1.736,,,,,,155.6067,r1_measured_00106,read,measured,,,,,103.0916,,ok,0.3318
45.1433,680,,,0.9075,,,,,,117.0224,r1_measured_00107,read,measured,,,,,70.5218,,ok,0.3624
45.3221,678,,,1.4326,,,,,,169.0492,r1_measured_00108,read,measured,,,,,121.8908,,ok,0.3373
44.7601,629,,,0.8886,,,,,,166.5424,r1_measured_00109,read,measured,,,,,120.4952,,ok,0.3321
39.1039,677,,,2.3216,,,,,,98.8818,r1_measured_00110,read,measured,,,,,56.9805,,ok,0.3916
36.3658,679,,,1.307,,,,,,130.2056,r1_measured_00111,read,measured,,,,,92.1117,,ok,0.3472
37.7275,677,,,2.6278,,,,,,148.2394,r1_measured_00112,read,measured,,,,,107.4848,,ok,0.3263
35.6406,568,,,2.135,,,,,,157.4235,r1_measured_00113,read,measured,,,,,119.2335,,ok,0.3308
35.7091,508,,,12.2004,,,,,,138.7488,r1_measured_00114,read,measured,,,,,90.4413,,ok,0.3168
31.6467,662,,,0.4861,,,,,,147.4068,r1_measured_00115,read,measured,,,,,114.8891,,ok,0.3095
31.7261,628,,,1.1894,,,,,,152.6262,r1_measured_00116,read,measured,,,,,119.1704,,ok,0.4712
30.1747,509,,,1.6348,,,,,,147.6451,r1_measured_00117,read,measured,,,,,115.4332,,ok,0.3441
40.4169,628,,,1.9631,,,,,,101.5245,r1_measured_00118,read,measured,,,,,58.6388,,ok,0.4277
794.6843,627,72.0399,39.7432,3.2344,373.0362,1,39.7417,1,270.1093,809.9867,r1_measured_00119,update,measured,230.3661,15.3024,1,45.223,11.6099,34.2759,ok,0.3815
78.0039,680,,,7.0154,,,,,,147.8229,r1_measured_00120,read,measured,,,,,62.3029,,ok,0.4154
80.501,680,,,0.9428,,,,,,151.9373,r1_measured_00121,read,measured,,,,,69.9416,,ok,0.4738
53.7182,417,,,0.8163,,,,,,68.8534,r1_measured_00122,read,measured,,,,,13.8913,,ok,0.3712
50.8938,368,,,0.3805,,,,,,65.6285,r1_measured_00123,read,measured,,,,,13.9379,,ok,0.3587
34.1315,676,,,1.755,,,,,,73.7445,r1_measured_00124,read,measured,,,,,37.3685,,ok,0.3815
600.0502,368,64.7589,29.021,0.2893,224.6285,1,29.0195,1,225.7016,603.1248,r1_measured_00125,update,measured,196.6806,3.0746,1,57.4693,2.3296,27.4919,ok,0.386
145.8909,680,,,1.2435,,,,,,210.4813,r1_measured_00126,read,measured,,,,,62.9136,,ok,0.3637
143.2824,625,,,3.1111,,,,,,194.8078,r1_measured_00127,read,measured,,,,,48.0234,,ok,0.3267
146.3871,417,,,0.2485,,,,,,154.125,r1_measured_00128,read,measured,,,,,7.1106,,ok,0.3303
138.9928,417,,,0.7069,,,,,,152.6916,r1_measured_00129,read,measured,,,,,12.616,,ok,0.3251
142.0588,678,,,2.4464,,,,,,197.128,r1_measured_00130,read,measured,,,,,52.173,,ok,0.385
122.5905,369,,,1.3329,,,,,,126.1476,r1_measured_00131,read,measured,,,,,1.8785,,ok,0.3017
116.1087,629,,,1.7052,,,,,,166.6739,r1_measured_00132,read,measured,,,,,47.9797,,ok,0.7651
107.3422,418,,,1.2875,,,,,,118.593,r1_measured_00133,read,measured,,,,,9.607,,ok,0.3049
110.9305,677,,,4.3017,,,,,,157.555,r1_measured_00134,read,measured,,,,,41.9201,,ok,0.3423
105.366,508,,,3.7089,,,,,,172.2456,r1_measured_00135,read,measured,,,,,62.7357,,ok,0.3694
108.2883,681,,,0.9653,,,,,,148.6891,r1_measured_00136,read,measured,,,,,38.9857,,ok,0.381
107.1192,674,,,2.6327,,,,,,161.4858,r1_measured_00137,read,measured,,,,,51.1223,,ok,0.5261
102.2995,628,,,0.4318,,,,,,140.4833,r1_measured_00138,read,measured,,,,,37.3726,,ok,0.3213
99.2619,688,,,5.9257,,,,,,138.4779,r1_measured_00139,read,measured,,,,,32.8868,,ok,0.3369
99.3575,680,,,7.0141,,,,,,158.6339,r1_measured_00140,read,measured,,,,,51.8143,,ok,0.3642
102.8302,686,,,3.461,,,,,,130.7025,r1_measured_00141,read,measured,,,,,24.0201,,ok,0.3264
91.3907,681,,,3.2345,,,,,,145.8711,r1_measured_00142,read,measured,,,,,50.75,,ok,0.3949
95.1185,508,,,3.7158,,,,,,136.2807,r1_measured_00143,read,measured,,,,,37.0665,,ok,0.3269
93.7514,509,,,3.5252,,,,,,156.519,r1_measured_00144,read,measured,,,,,58.8269,,ok,0.3592
93.1788,628,,,0.4617,,,,,,157.972,r1_measured_00145,read,measured,,,,,63.79,,ok,0.4429
91.4655,689,,,19.5251,,,,,,122.9607,r1_measured_00146,read,measured,,,,,11.5576,,ok,0.3492
92.1641,568,,,2.5657,,,,,,129.5515,r1_measured_00147,read,measured,,,,,34.3656,,ok,0.3927
88.3017,416,,,14.9529,,,,,,116.1357,r1_measured_00148,read,measured,,,,,12.4492,,ok,0.3732
86.4224,679,,,4.0599,,,,,,127.218,r1_measured_00149,read,measured,,,,,36.3571,,ok,0.3167
112.1631,628,,,0.8959,,,,,,138.0175,r1_measured_00150,read,measured,,,,,24.5205,,ok,0.3628
23.7932,508,,,2.8012,,,,,,58.3878,r1_measured_00151,read,measured,,,,,31.3109,,ok,0.4133
24.59,661,,,4.5594,,,,,,41.7259,r1_measured_00152,read,measured,,,,,12.1757,,ok,0.3299
64.0225,689,,,0.8117,,,,,,100.9535,r1_measured_00153,read,measured,,,,,35.7027,,ok,0.3465
62.4797,368,,,0.2389,,,,,,90.0791,r1_measured_00154,read,measured,,,,,26.9466,,ok,0.345
878.1745,661,122.7574,43.8955,2.3744,428.1441,1,43.8935,1,163.3733,986.1904,r1_measured_00155,update,measured,119.4778,108.0159,1,0.0053,105.2309,163.8944,ok,0.3397
57.1515,416,,,0.2588,,,,,,68.6611,r1_measured_00156,read,measured,,,,,10.8707,,ok,0.3248
39.4262,688,,,2.1827,,,,,,79.7794,r1_measured_00157,read,measured,,,,,37.7676,,ok,0.3334
38.5592,567,,,0.9727,,,,,,85.646,r1_measured_00158,read,measured,,,,,45.5931,,ok,0.4361
36.7936,507,,,1.6711,,,,,,81.5825,r1_measured_00159,read,measured,,,,,42.2551,,ok,0.7826
49.0883,509,,,1.3839,,,,,,74.2471,r1_measured_00160,read,measured,,,,,23.3746,,ok,0.3391
32.6188,678,,,0.7358,,,,,,82.5206,r1_measured_00161,read,measured,,,,,48.7042,,ok,0.3923
49.4019,628,,,0.9126,,,,,,74.5487,r1_measured_00162,read,measured,,,,,23.802,,ok,0.3571
31.9414,418,,,0.4618,,,,,,59.6286,r1_measured_00163,read,measured,,,,,26.7912,,ok,0.3698
27.0865,681,,,1.6216,,,,,,74.6727,r1_measured_00164,read,measured,,,,,45.4758,,ok,0.4079
41.6485,568,,,0.7523,,,,,,58.8136,r1_measured_00165,read,measured,,,,,15.9908,,ok,0.3537
42.6691,417,,,0.2781,,,,,,55.8153,r1_measured_00166,read,measured,,,,,12.4704,,ok,0.3412
40.855,663,,,1.2958,,,,,,62.1722,r1_measured_00167,read,measured,,,,,19.6119,,ok,0.3433
77.5234,368,,,5.7293,,,,,,100.2848,r1_measured_00168,read,measured,,,,,16.5767,,ok,0.388
853.6911,688,57.8454,89.7101,0.7702,573.0329,1,89.708,1,167.0406,1387.0829,r1_measured_00169,update,measured,77.3305,533.3918,1,0.0065,43.1169,55.7657,ok,0.3241
83.6974,663,,,2.8339,,,,,,317.1277,r1_measured_00170,read,measured,,,,,21.5917,,ok,0.3714
86.6691,689,,,4.6026,,,,,,128.9039,r1_measured_00171,read,measured,,,,,37.2028,,ok,0.3462
71.7501,686,,,0.819,,,,,,98.2502,r1_measured_00172,read,measured,,,,,25.2127,,ok,0.3738
81.1062,505,,,7.6986,,,,,,111.8295,r1_measured_00173,read,measured,,,,,22.6261,,ok,0.3346
79.9471,678,,,2.2367,,,,,,134.4338,r1_measured_00174,read,measured,,,,,51.7889,,ok,0.3844
77.2737,506,,,0.5484,,,,,,117.8171,r1_measured_00175,read,measured,,,,,39.5979,,ok,0.3334
66.7033,672,,,1.6708,,,,,,112.9683,r1_measured_00176,read,measured,,,,,44.17,,ok,0.3477
64.6265,509,,,0.5231,,,,,,97.7921,r1_measured_00177,read,measured,,,,,32.2069,,ok,0.3671
41.1054,663,,,0.7986,,,,,,257.3649,r1_measured_00178,read,measured,,,,,6.0768,,ok,0.3789
40.127,567,,,1.6662,,,,,,59.6855,r1_measured_00179,read,measured,,,,,17.447,,ok,0.3721
40.5491,680,,,2.4111,,,,,,63.3795,r1_measured_00180,read,measured,,,,,19.9768,,ok,0.3732
36.3429,663,,,3.0665,,,,,,267.6182,r1_measured_00181,read,measured,,,,,18.7782,,ok,0.3651
35.277,568,,,5.1901,,,,,,84.8648,r1_measured_00182,read,measured,,,,,43.9654,,ok,0.3562
33.7186,678,,,2.4362,,,,,,69.6396,r1_measured_00183,read,measured,,,,,33.082,,ok,0.3328
58.2713,506,,,0.7771,,,,,,71.5963,r1_measured_00184,read,measured,,,,,12.0553,,ok,0.4192
60.2088,673,,,1.9255,,,,,,100.091,r1_measured_00185,read,measured,,,,,37.3869,,ok,0.4904
56.1611,417,,,0.2633,,,,,,65.6695,r1_measured_00186,read,measured,,,,,8.8269,,ok,0.3622
54.4211,678,,,1.8337,,,,,,93.9457,r1_measured_00187,read,measured,,,,,37.2159,,ok,0.3915
53.0007,679,,,2.2054,,,,,,86.5388,r1_measured_00188,read,measured,,,,,30.7569,,ok,0.4947
50.7285,675,,,0.5055,,,,,,91.8456,r1_measured_00189,read,measured,,,,,40.1466,,ok,0.392
50.0738,662,,,0.5969,,,,,,66.8594,r1_measured_00190,read,measured,,,,,15.756,,ok,0.3633
47.9065,688,,,2.2309,,,,,,85.6232,r1_measured_00191,read,measured,,,,,35.0147,,ok,0.3978
25.9304,418,,,0.2909,,,,,,39.4455,r1_measured_00192,read,measured,,,,,12.8228,,ok,0.3425
19.1719,418,,,1.2913,,,,,,31.0439,r1_measured_00193,read,measured,,,,,10.1827,,ok,0.3348
35.9317,417,,,0.2565,,,,,,38.4468,r1_measured_00194,read,measured,,,,,1.8651,,ok,0.3388
30.6463,417,,,0.2665,,,,,,39.4634,r1_measured_00195,read,measured,,,,,8.1626,,ok,0.3323
29.8926,368,,,0.3749,,,,,,35.7761,r1_measured_00196,read,measured,,,,,5.118,,ok,0.338
27.806,368,,,0.226,,,,,,34.4556,r1_measured_00197,read,measured,,,,,6.0469,,ok,0.3276
26.5982,628,,,4.1021,,,,,,41.3351,r1_measured_00198,read,measured,,,,,10.1501,,ok,0.4107
19.5896,684,,,2.9288,,,,,,32.534,r1_measured_00199,read,measured,,,,,9.481,,ok,0.4588
59.156,418,,,0.4507,,,,,,80.7766,r1_measured_00200,read,measured,,,,,20.7669,,ok,0.3396
65.5976,416,,,0.294,,,,,,68.8085,r1_measured_00201,read,measured,,,,,2.4053,,ok,0.4453
40.8071,623,,,3.0214,,,,,,91.3617,r1_measured_00202,read,measured,,,,,46.9546,,ok,0.5015
47.9582,674,,,2.9144,,,,,,85.7432,r1_measured_00203,read,measured,,,,,34.428,,ok,0.3604
53.4244,689,,,2.0925,,,,,,79.3345,r1_measured_00204,read,measured,,,,,23.3704,,ok,0.3728
58.6487,509,,,2.4111,,,,,,103.7771,r1_measured_00205,read,measured,,,,,42.249,,ok,0.4026
35.7932,627,,,1.9412,,,,,,86.9665,r1_measured_00206,read,measured,,,,,48.7967,,ok,0.3578
57.875,679,,,4.7137,,,,,,79.2471,r1_measured_00207,read,measured,,,,,16.1275,,ok,0.4565
54.8839,417,,,0.3544,,,,,,63.7638,r1_measured_00208,read,measured,,,,,8.0896,,ok,0.3709
45.9951,628,,,4.2247,,,,,,77.3428,r1_measured_00209,read,measured,,,,,26.6089,,ok,0.4393
48.2061,416,,,0.321,,,,,,54.6973,r1_measured_00210,read,measured,,,,,5.7487,,ok,0.3574
46.6669,676,,,1.4704,,,,,,78.9153,r1_measured_00211,read,measured,,,,,30.3562,,ok,0.3527
40.2011,674,,,3.1029,,,,,,67.0249,r1_measured_00212,read,measured,,,,,23.1969,,ok,0.4429
38.5671,417,,,0.268,,,,,,57.0302,r1_measured_00213,read,measured,,,,,17.7962,,ok,0.3422
43.4204,566,,,3.918,,,,,,74.2797,r1_measured_00214,read,measured,,,,,26.4462,,ok,0.4235
50.4008,673,,,3.5584,,,,,,68.8891,r1_measured_00215,read,measured,,,,,14.4791,,ok,0.3571
44.9581,678,,,4.3645,,,,,,76.8816,r1_measured_00216,read,measured,,,,,27.0635,,ok,0.411
54.1387,508,,,0.7297,,,,,,87.7865,r1_measured_00217,read,measured,,,,,31.0445,,ok,1.7127
74.2052,677,,,1.3054,,,,,,135.0324,r1_measured_00218,read,measured,,,,,58.9912,,ok,0.4367
73.4328,680,,,3.6501,,,,,,91.1147,r1_measured_00219,read,measured,,,,,13.5666,,ok,0.3817
72.0434,681,,,1.0856,,,,,,78.3524,r1_measured_00220,read,measured,,,,,4.7514,,ok,0.3949
69.5865,679,,,18.4427,,,,,,109.4949,r1_measured_00221,read,measured,,,,,20.9578,,ok,0.4136
36.2883,628,,,0.5519,,,,,,55.1596,r1_measured_00222,read,measured,,,,,17.8543,,ok,0.39
35.9276,679,,,2.1338,,,,,,49.8756,r1_measured_00223,read,measured,,,,,11.3619,,ok,0.3775
32.5196,662,,,11.8862,,,,,,69.0643,r1_measured_00224,read,measured,,,,,24.0647,,ok,0.4785
29.3238,627,,,1.6779,,,,,,90.7295,r1_measured_00225,read,measured,,,,,59.2221,,ok,0.4165
28.8398,567,,,0.5519,,,,,,41.2904,r1_measured_00226,read,measured,,,,,11.3142,,ok,0.5011
43.9683,678,,,1.1186,,,,,,90.4379,r1_measured_00227,read,measured,,,,,44.878,,ok,0.3767
64.7127,680,,,2.248,,,,,,104.9855,r1_measured_00228,read,measured,,,,,37.2207,,ok,0.7204
55.4867,673,,,0.6334,,,,,,88.8272,r1_measured_00229,read,measured,,,,,32.2759,,ok,0.345
40.1344,508,,,2.1836,,,,,,78.5514,r1_measured_00230,read,measured,,,,,35.7158,,ok,0.4247
1199.6638,689,71.9131,38.5453,0.5629,498.3691,0,38.5436,1,178.0511,1669.0534,r1_measured_00231,update,measured,139.5058,469.3896,1,0.0065,11.7011,451.324,ok,0.3435
94.7237,679,,,1.002,,,,,,104.9605,r1_measured_00232,read,measured,,,,,8.7588,,ok,0.3987
830.9194,679,53.8906,35.1159,0.6861,510.3675,1,35.1141,1,177.0387,878.4621,r1_measured_00233,update,measured,141.9228,47.5427,1,41.0229,46.394,48.5997,ok,0.3884
93.877,628,,,2.4804,,,,,,117.7156,r1_measured_00234,read,measured,,,,,20.3598,,ok,0.8965
96.4184,680,,,0.7296,,,,,,118.2198,r1_measured_00235,read,measured,,,,,20.6177,,ok,0.382
32.3918,418,,,0.3585,,,,,,60.8808,r1_measured_00236,read,measured,,,,,27.6602,,ok,0.4038
25.1924,508,,,0.843,,,,,,68.3948,r1_measured_00237,read,measured,,,,,41.8805,,ok,0.3947
75.6514,687,,,1.3984,,,,,,111.7899,r1_measured_00238,read,measured,,,,,34.1818,,ok,0.4653
74.9342,689,,,1.1262,,,,,,89.7749,r1_measured_00239,read,measured,,,,,12.6825,,ok,0.9323
68.8675,680,,,1.4504,,,,,,89.6477,r1_measured_00240,read,measured,,,,,18.8559,,ok,0.3887
64.8321,672,,,1.0993,,,,,,99.3814,r1_measured_00241,read,measured,,,,,32.9424,,ok,0.3853
64.3884,678,,,1.8755,,,,,,95.2895,r1_measured_00242,read,measured,,,,,28.5767,,ok,0.3811
63.2546,417,,,1.5692,,,,,,71.6852,r1_measured_00243,read,measured,,,,,6.4309,,ok,0.3706
65.2959,508,,,4.4193,,,,,,91.4527,r1_measured_00244,read,measured,,,,,21.2987,,ok,0.3756
44.0369,567,,,4.0975,,,,,,64.7223,r1_measured_00245,read,measured,,,,,16.1415,,ok,0.369
44.8453,661,,,1.0625,,,,,,65.6834,r1_measured_00246,read,measured,,,,,19.3108,,ok,0.3901
29.7828,663,,,1.4473,,,,,,60.1124,r1_measured_00247,read,measured,,,,,28.4352,,ok,0.3805
67.6749,625,,,1.0897,,,,,,78.5877,r1_measured_00248,read,measured,,,,,8.7777,,ok,0.9245
61.1299,567,,,0.8276,,,,,,82.2481,r1_measured_00249,read,measured,,,,,19.8217,,ok,0.3968
62.8069,680,,,0.5348,,,,,,90.1952,r1_measured_00250,read,measured,,,,,26.3885,,ok,0.3906
58.7086,417,,,0.3356,,,,,,65.6149,r1_measured_00251,read,measured,,,,,5.9729,,ok,0.5231
54.9202,416,,,2.7277,,,,,,66.3406,r1_measured_00252,read,measured,,,,,8.2054,,ok,0.4147
52.9878,628,,,2.3371,,,,,,83.7902,r1_measured_00253,read,measured,,,,,28.006,,ok,0.3882
51.6275,678,,,0.7435,,,,,,78.5234,r1_measured_00254,read,measured,,,,,25.6856,,ok,0.3955
49.4278,507,,,1.5368,,,,,,74.101,r1_measured_00255,read,measured,,,,,22.6586,,ok,0.4144
37.2144,368,,,0.2828,,,,,,45.783,r1_measured_00256,read,measured,,,,,7.4933,,ok,0.7289
35.1988,688,,,1.038,,,,,,58.4154,r1_measured_00257,read,measured,,,,,21.7025,,ok,0.4012
34.6164,684,,,0.5643,,,,,,55.0225,r1_measured_00258,read,measured,,,,,19.3921,,ok,0.3755
34.1173,676,,,0.8769,,,,,,50.5521,r1_measured_00259,read,measured,,,,,14.546,,ok,0.9192
31.6093,509,,,1.2864,,,,,,61.7123,r1_measured_00260,read,measured,,,,,28.3135,,ok,0.431
65.5887,368,,,0.3106,,,,,,75.1082,r1_measured_00261,read,measured,,,,,8.7245,,ok,0.4184
68.0489,678,,,5.967,,,,,,103.8041,r1_measured_00262,read,measured,,,,,29.2689,,ok,0.4372
66.6566,677,,,1.3048,,,,,,90.1939,r1_measured_00263,read,measured,,,,,21.7582,,ok,0.397
60.2829,419,,,0.5561,,,,,,71.466,r1_measured_00264,read,measured,,,,,10.1364,,ok,0.4128
60.9066,663,,,2.4374,,,,,,79.675,r1_measured_00265,read,measured,,,,,15.3596,,ok,0.8677
53.4562,628,,,1.0254,,,,,,87.1713,r1_measured_00266,read,measured,,,,,32.2596,,ok,0.3545
58.9603,677,,,1.4062,,,,,,86.8675,r1_measured_00267,read,measured,,,,,26.0523,,ok,0.3707
56.5726,417,,,0.4996,,,,,,68.2679,r1_measured_00268,read,measured,,,,,10.2634,,ok,0.8649
52.2946,368,,,3.5509,,,,,,64.1913,r1_measured_00269,read,measured,,,,,7.9297,,ok,0.3566
48.2691,417,,,1.0152,,,,,,58.9541,r1_measured_00270,read,measured,,,,,9.2012,,ok,0.4033
47.0086,679,,,1.7044,,,,,,73.9575,r1_measured_00271,read,measured,,,,,24.7938,,ok,0.3712
37.7835,686,,,3.2073,,,,,,60.0638,r1_measured_00272,read,measured,,,,,18.6233,,ok,0.3715
878.5186,629,42.9086,31.6128,3.2935,494.5793,1,31.6108,1,165.3371,915.6813,r1_measured_00273,update,measured,133.7243,37.1627,1,115.3936,33.4141,60.3,ok,0.3862
877.7393,564,47.3303,32.0546,3.6841,488.8172,1,32.0527,1,163.9817,892.1559,r1_measured_00274,update,measured,131.9271,14.4166,1,123.1116,10.3194,54.4985,ok,0.3547
29.4487,673,,,1.4617,,,,,,48.0333,r1_measured_00275,read,measured,,,,,16.6645,,ok,0.3782
25.5417,680,,,1.5442,,,,,,55.2501,r1_measured_00276,read,measured,,,,,27.7031,,ok,0.3883
23.2232,627,,,0.815,,,,,,96.9086,r1_measured_00277,read,measured,,,,,72.4225,,ok,0.364
21.6775,628,,,3.123,,,,,,88.4734,r1_measured_00278,read,measured,,,,,63.1629,,ok,0.4238
20.2732,663,,,5.923,,,,,,84.4725,r1_measured_00279,read,measured,,,,,57.7731,,ok,0.4305
58.2996,567,,,1.212,,,,,,110.9459,r1_measured_00280,read,measured,,,,,50.9908,,ok,0.3731
72.5113,416,,,0.2745,,,,,,91.4062,r1_measured_00281,read,measured,,,,,18.1383,,ok,0.4183
70.5455,368,,,0.5477,,,,,,86.2826,r1_measured_00282,read,measured,,,,,14.7366,,ok,0.3774
69.4743,688,,,2.0143,,,,,,98.1424,r1_measured_00283,read,measured,,,,,26.2276,,ok,0.351
52.1787,686,,,0.7242,,,,,,92.6804,r1_measured_00284,read,measured,,,,,39.3237,,ok,0.3748
51.5208,628,,,2.3582,,,,,,97.7383,r1_measured_00285,read,measured,,,,,43.3675,,ok,0.4196
63.7433,674,,,1.8445,,,,,,85.2068,r1_measured_00286,read,measured,,,,,19.1244,,ok,0.4012
34.2625,508,,,0.8509,,,,,,85.1378,r1_measured_00287,read,measured,,,,,49.5853,,ok,0.3769
52.8359,661,,,0.5346,,,,,,80.6533,r1_measured_00288,read,measured,,,,,26.8485,,ok,0.3623
44.9879,675,,,1.2682,,,,,,72.3317,r1_measured_00289,read,measured,,,,,25.6322,,ok,0.3712
29.1154,417,,,0.2831,,,,,,64.4094,r1_measured_00290,read,measured,,,,,34.601,,ok,0.353
40.8054,567,,,0.5528,,,,,,63.539,r1_measured_00291,read,measured,,,,,21.4258,,ok,0.6805
80.3526,674,,,2.8432,,,,,,102.9962,r1_measured_00292,read,measured,,,,,19.3229,,ok,0.3831
78.2593,661,,,0.7828,,,,,,91.2986,r1_measured_00293,read,measured,,,,,11.7586,,ok,0.3975
959.6823,678,73.0193,79.224,0.6512,461.6158,1,79.2219,1,299.4861,977.4689,r1_measured_00294,update,measured,220.2621,17.7866,1,38.0017,16.6011,87.5594,ok,0.4532
75.5857,567,,,1.9396,,,,,,114.7627,r1_measured_00295,read,measured,,,,,36.7861,,ok,0.3658
75.8811,508,,,1.8528,,,,,,91.0672,r1_measured_00296,read,measured,,,,,12.8472,,ok,0.4117
777.1043,418,24.0176,75.4694,1.7617,336.2754,1,75.4674,1,292.8498,808.5583,r1_measured_00297,update,measured,217.3804,31.454,1,59.9335,29.1978,64.028,ok,0.4299
73.2633,678,,,1.1794,,,,,,93.4564,r1_measured_00298,read,measured,,,,,18.5184,,ok,0.3957
73.0552,623,,,2.6762,,,,,,87.8462,r1_measured_00299,read,measured,,,,,11.642,,ok,0.3972
61.4282,678,,,4.1479,,,,,,100.9887,r1_measured_00300,read,measured,,,,,34.9435,,ok,0.3805
38.4983,628,,,1.4744,,,,,,47.7294,r1_measured_00301,read,measured,,,,,7.2804,,ok,0.3956
35.9059,564,,,1.2463,,,,,,61.0389,r1_measured_00302,read,measured,,,,,23.453,,ok,0.3626
31.6225,674,,,2.149,,,,,,55.4083,r1_measured_00303,read,measured,,,,,21.2079,,ok,0.3572
863.6012,627,42.758,29.0946,1.1861,447.0613,1,29.0924,1,246.2398,938.0286,r1_measured_00304,update,measured,217.1452,74.4274,1,28.9939,23.2334,98.5482,ok,0.3566
28.4689,623,,,0.7183,,,,,,41.0734,r1_measured_00305,read,measured,,,,,11.4202,,ok,0.3897
58.0431,679,,,1.4271,,,,,,78.8777,r1_measured_00306,read,measured,,,,,18.9492,,ok,0.3839
53.1517,628,,,1.1018,,,,,,74.2292,r1_measured_00307,read,measured,,,,,19.5056,,ok,0.3956
54.5068,671,,,0.8652,,,,,,69.8485,r1_measured_00308,read,measured,,,,,13.9871,,ok,0.4056
48.828,662,,,0.9394,,,,,,73.8427,r1_measured_00309,read,measured,,,,,23.6276,,ok,0.3743
47.7801,417,,,0.4337,,,,,,53.7308,r1_measured_00310,read,measured,,,,,5.0022,,ok,0.4431
46.6664,662,,,3.6433,,,,,,59.4259,r1_measured_00311,read,measured,,,,,8.4854,,ok,0.4767
45.1686,686,,,1.408,,,,,,70.1737,r1_measured_00312,read,measured,,,,,23.1525,,ok,0.3689
562.8299,685,58.7265,42.4475,0.9293,21.818,1,42.4459,1,286.479,617.2607,r1_measured_00313,update,measured,244.0315,54.4308,1,85.7359,53.0787,110.0705,ok,0.3437
42.2571,679,,,0.6742,,,,,,52.2679,r1_measured_00314,read,measured,,,,,8.8122,,ok,0.4354
41.1126,674,,,1.9846,,,,,,61.6447,r1_measured_00315,read,measured,,,,,18.1026,,ok,0.3727
135.7762,509,,,1.2734,,,,,,197.3225,r1_measured_00316,read,measured,,,,,59.8524,,ok,0.3623
169.5103,679,,,0.9713,,,,,,217.7364,r1_measured_00317,read,measured,,,,,46.7422,,ok,0.448
132.1209,679,,,0.9388,,,,,,189.9943,r1_measured_00318,read,measured,,,,,56.4978,,ok,0.3562
934.0455,681,42.9013,160.7665,1.0297,424.2286,1,160.7647,1,339.8789,961.5685,r1_measured_00319,update,measured,179.1124,27.523,1,54.1006,26.0721,72.9361,ok,0.3495
135.4275,417,,,0.2696,,,,,,179.8892,r1_measured_00320,read,measured,,,,,43.743,,ok,0.3897
134.1061,678,,,4.0948,,,,,,203.1856,r1_measured_00321,read,measured,,,,,64.5899,,ok,0.3327
148.1662,416,,,0.267,,,,,,160.129,r1_measured_00322,read,measured,,,,,11.2753,,ok,0.3476
168.6462,677,,,1.1818,,,,,,198.2183,r1_measured_00323,read,measured,,,,,27.7092,,ok,0.614
120.1097,417,,,0.4673,,,,,,154.9775,r1_measured_00324,read,measured,,,,,33.9558,,ok,0.3756
890.8146,629,30.4963,147.6493,2.8582,406.2984,1,147.6474,1,333.4112,904.0501,r1_measured_00325,update,measured,185.7619,13.2355,1,66.0335,9.9232,54.5752,ok,0.3804
140.5147,680,,,0.5476,,,,,,172.769,r1_measured_00326,read,measured,,,,,31.2981,,ok,0.3396
148.2535,677,,,0.5782,,,,,,173.3536,r1_measured_00327,read,measured,,,,,24.1057,,ok,0.3466
139.0444,662,,,1.7195,,,,,,168.8231,r1_measured_00328,read,measured,,,,,27.6262,,ok,0.3599
102.6743,417,,,0.2705,,,,,,150.3347,r1_measured_00329,read,measured,,,,,46.9277,,ok,0.3945
133.2335,677,,,1.8779,,,,,,154.956,r1_measured_00330,read,measured,,,,,19.2705,,ok,0.475
166.962,674,,,2.98,,,,,,182.5226,r1_measured_00331,read,measured,,,,,12.1538,,ok,0.357
167.0773,568,,,1.0433,,,,,,183.0033,r1_measured_00332,read,measured,,,,,14.3869,,ok,0.4184
163.6356,679,,,2.0883,,,,,,185.053,r1_measured_00333,read,measured,,,,,18.9174,,ok,0.3409
162.8289,677,,,1.4717,,,,,,186.8667,r1_measured_00334,read,measured,,,,,22.1607,,ok,0.3379
161.1664,568,,,0.5086,,,,,,186.2725,r1_measured_00335,read,measured,,,,,24.2058,,ok,0.3314
163.0742,507,,,0.8218,,,,,,169.9026,r1_measured_00336,read,measured,,,,,5.4731,,ok,0.4704
37.8092,568,,,3.0875,,,,,,47.793,r1_measured_00337,read,measured,,,,,6.4886,,ok,0.3369
769.5584,679,45.7965,36.7169,0.5404,424.9236,1,36.7151,1,216.3993,806.5752,r1_measured_00338,update,measured,179.6824,37.0168,1,0.0061,36.0562,82.4329,ok,0.3546
24.8831,508,,,4.1966,,,,,,37.4434,r1_measured_00339,read,measured,,,,,7.942,,ok,0.3629
20.533,675,,,1.2585,,,,,,38.109,r1_measured_00340,read,measured,,,,,15.8761,,ok,0.3659
20.2775,508,,,0.7952,,,,,,39.8611,r1_measured_00341,read,measured,,,,,18.3736,,ok,0.354
41.797,418,,,2.1804,,,,,,117.361,r1_measured_00342,read,measured,,,,,72.9372,,ok,0.378
83.2843,506,,,0.552,,,,,,134.7006,r1_measured_00343,read,measured,,,,,50.3804,,ok,0.3976
37.9326,687,,,0.8212,,,,,,131.3641,r1_measured_00344,read,measured,,,,,91.914,,ok,0.6052
49.1492,568,,,2.1659,,,,,,136.7536,r1_measured_00345,read,measured,,,,,84.9837,,ok,0.3856
62.5306,679,,,2.8878,,,,,,123.2068,r1_measured_00346,read,measured,,,,,57.2535,,ok,0.4242
728.4069,506,56.7404,38.1483,7.2585,349.5495,1,38.1466,1,253.8457,749.0201,r1_measured_00347,update,measured,215.6974,20.6132,1,31.718,12.9083,36.5533,ok,0.3781
67.897,680,,,5.8589,,,,,,75.6958,r1_measured_00348,read,measured,,,,,1.4547,,ok,0.4164
64.4466,661,,,9.5118,,,,,,77.0963,r1_measured_00349,read,measured,,,,,2.647,,ok,0.3922
61.9287,629,,,2.4195,,,,,,118.4202,r1_measured_00350,read,measured,,,,,53.6062,,ok,0.3887
129.1225,418,,,0.2806,,,,,,452.0897,r1_measured_00351,read,measured,,,,,0.7825,,ok,0.3639
128.9302,629,,,0.9722,,,,,,162.9305,r1_measured_00352,read,measured,,,,,32.5743,,ok,0.3826
124.1709,369,,,0.2514,,,,,,164.4383,r1_measured_00353,read,measured,,,,,39.598,,ok,0.3561
124.2451,673,,,19.196,,,,,,227.8448,r1_measured_00354,read,measured,,,,,84.0095,,ok,0.3182
123.3024,677,,,14.3911,,,,,,224.3094,r1_measured_00355,read,measured,,,,,86.2074,,ok,0.3374
118.5616,369,,,0.3246,,,,,,133.2434,r1_measured_00356,read,measured,,,,,13.7705,,ok,0.5052
128.2794,416,,,0.5741,,,,,,148.8658,r1_measured_00357,read,measured,,,,,19.5124,,ok,0.3961
119.361,629,,,3.8193,,,,,,240.1978,r1_measured_00358,read,measured,,,,,116.5815,,ok,0.3406
114.9911,663,,,39.6225,,,,,,194.6538,r1_measured_00359,read,measured,,,,,39.5839,,ok,0.3632
75.9665,663,,,0.4944,,,,,,190.0983,r1_measured_00360,read,measured,,,,,113.2107,,ok,0.3438
58.7941,678,,,2.9542,,,,,,180.5494,r1_measured_00361,read,measured,,,,,118.2764,,ok,0.4429
53.8889,681,,,5.4386,,,,,,173.8911,r1_measured_00362,read,measured,,,,,114.0493,,ok,0.437
36.9342,674,,,1.2453,,,,,,170.2142,r1_measured_00363,read,measured,,,,,131.4542,,ok,0.4995
23.0612,676,,,0.7426,,,,,,132.9905,r1_measured_00364,read,measured,,,,,108.7719,,ok,0.3435
18.8246,568,,,2.3769,,,,,,126.6262,r1_measured_00365,read,measured,,,,,105.0185,,ok,0.3228
95.6961,688,,,2.2095,,,,,,155.0902,r1_measured_00366,read,measured,,,,,56.6038,,ok,0.4734
89.6701,628,,,0.581,,,,,,142.0836,r1_measured_00367,read,measured,,,,,51.2563,,ok,0.4889
50.0749,568,,,1.8558,,,,,,149.1796,r1_measured_00368,read,measured,,,,,96.7633,,ok,0.415
651.7875,663,34.9076,25.9259,1.134,363.4356,1,25.9239,1,178.6766,666.6137,r1_measured_00369,update,measured,152.7507,14.8262,1,18.104,13.2209,56.6637,ok,0.3915
89.4041,678,,,3.4024,,,,,,100.3468,r1_measured_00370,read,measured,,,,,7.148,,ok,0.3197
80.79,679,,,2.9707,,,,,,104.9944,r1_measured_00371,read,measured,,,,,20.7389,,ok,0.4172
78.1281,506,,,6.3145,,,,,,103.7164,r1_measured_00372,read,measured,,,,,18.6239,,ok,0.5564
37.7887,663,,,6.2356,,,,,,45.0813,r1_measured_00373,read,measured,,,,,0.571,,ok,0.4148
63.4797,623,,,0.458,,,,,,81.7237,r1_measured_00374,read,measured,,,,,17.3871,,ok,0.331
44.1922,567,,,0.7329,,,,,,74.8519,r1_measured_00375,read,measured,,,,,29.5057,,ok,0.3464
41.8521,674,,,1.9768,,,,,,75.8942,r1_measured_00376,read,measured,,,,,31.6234,,ok,0.3353
39.6896,675,,,2.5193,,,,,,75.1742,r1_measured_00377,read,measured,,,,,32.5142,,ok,0.3712
38.8966,678,,,3.5608,,,,,,71.4775,r1_measured_00378,read,measured,,,,,28.5135,,ok,0.4213
47.0423,627,,,1.1691,,,,,,79.8567,r1_measured_00379,read,measured,,,,,31.2468,,ok,0.3361
40.3114,508,,,0.4914,,,,,,66.0175,r1_measured_00380,read,measured,,,,,24.8294,,ok,0.3227
38.9522,679,,,0.741,,,,,,439.466,r1_measured_00381,read,measured,,,,,14.2052,,ok,0.4145
38.1261,565,,,0.7037,,,,,,51.7792,r1_measured_00382,read,measured,,,,,12.5274,,ok,0.3506
36.3193,677,,,1.3461,,,,,,46.0612,r1_measured_00383,read,measured,,,,,7.8217,,ok,0.4979
61.2435,679,,,1.6795,,,,,,108.5756,r1_measured_00384,read,measured,,,,,45.1678,,ok,0.3747
63.4066,369,,,0.4586,,,,,,65.9854,r1_measured_00385,read,measured,,,,,1.6738,,ok,0.3935
58.1371,568,,,0.4494,,,,,,71.3326,r1_measured_00386,read,measured,,,,,12.349,,ok,0.3356
54.5961,681,,,2.2836,,,,,,125.3893,r1_measured_00387,read,measured,,,,,68.0986,,ok,0.3439
54.1047,566,,,0.8213,,,,,,64.2066,r1_measured_00388,read,measured,,,,,8.8568,,ok,0.3613
52.0484,565,,,7.564,,,,,,97.0052,r1_measured_00389,read,measured,,,,,36.9468,,ok,0.374
52.0918,673,,,0.8937,,,,,,59.5313,r1_measured_00390,read,measured,,,,,6.1062,,ok,0.3665
20.5315,507,,,6.8166,,,,,,64.3907,r1_measured_00391,read,measured,,,,,36.6014,,ok,0.3709
51.8009,663,,,1.8223,,,,,,91.8387,r1_measured_00392,read,measured,,,,,37.8179,,ok,0.3314
45.3388,566,,,7.1988,,,,,,90.1524,r1_measured_00393,read,measured,,,,,37.2198,,ok,0.3296
27.8004,567,,,0.6831,,,,,,68.0606,r1_measured_00394,read,measured,,,,,39.1218,,ok,0.3592
46.6246,508,,,1.0705,,,,,,73.0125,r1_measured_00395,read,measured,,,,,24.9073,,ok,0.3476
26.1374,627,,,1.5228,,,,,,75.6679,r1_measured_00396,read,measured,,,,,47.5902,,ok,0.3469
25.0704,568,,,1.5659,,,,,,73.4734,r1_measured_00397,read,measured,,,,,46.4106,,ok,0.3557
40.6854,627,,,1.3355,,,,,,90.7413,r1_measured_00398,read,measured,,,,,48.2889,,ok,0.3583
27.138,662,,,2.0343,,,,,,71.4293,r1_measured_00399,read,measured,,,,,41.8439,,ok,0.339
45.5111,567,,,3.5539,,,,,,70.8044,r1_measured_00400,read,measured,,,,,21.3057,,ok,0.3626
42.8398,628,,,1.845,,,,,,62.9436,r1_measured_00401,read,measured,,,,,17.7636,,ok,0.4195
41.3893,567,,,0.7959,,,,,,68.9129,r1_measured_00402,read,measured,,,,,26.2959,,ok,0.3573
40.5834,568,,,1.2037,,,,,,72.182,r1_measured_00403,read,measured,,,,,29.9624,,ok,0.365
18.1097,678,,,2.0977,,,,,,46.7217,r1_measured_00404,read,measured,,,,,26.087,,ok,0.3524
17.0839,568,,,3.0701,,,,,,53.5986,r1_measured_00405,read,measured,,,,,33.0226,,ok,0.3511
16.8081,689,,,1.624,,,,,,43.0116,r1_measured_00406,read,measured,,,,,24.159,,ok,0.3494
11.8293,626,,,1.8955,,,,,,210.4053,r1_measured_00407,read,measured,,,,,15.0292,,ok,0.5554
13.7187,686,,,4.7702,,,,,,38.3225,r1_measured_00408,read,measured,,,,,19.3753,,ok,0.3733
11.5474,679,,,1.1488,,,,,,334.1665,r1_measured_00409,read,measured,,,,,33.6449,,ok,0.3631
19.0387,567,,,1.811,,,,,,41.0031,r1_measured_00410,read,measured,,,,,19.7296,,ok,0.3563
16.5746,689,,,0.6315,,,,,,40.8266,r1_measured_00411,read,measured,,,,,23.1962,,ok,0.3489
29.5049,676,,,0.8673,,,,,,59.2292,r1_measured_00412,read,measured,,,,,28.3963,,ok,0.3811
24.4668,662,,,1.2404,,,,,,31.6301,r1_measured_00413,read,measured,,,,,5.4818,,ok,0.3694
21.6777,567,,,0.8619,,,,,,46.5368,r1_measured_00414,read,measured,,,,,23.5315,,ok,0.3887
19.0306,680,,,3.9768,,,,,,44.7108,r1_measured_00415,read,measured,,,,,21.2614,,ok,0.3573
19.8007,680,,,1.3578,,,,,,33.1843,r1_measured_00416,read,measured,,,,,11.5921,,ok,0.3639
17.5984,661,,,5.5239,,,,,,39.8741,r1_measured_00417,read,measured,,,,,16.085,,ok,0.577
575.5076,509,183.0615,16.35,0.5604,275.1359,0,16.3483,1,75.7966,605.8176,r1_measured_00418,update,measured,59.4466,30.31,1,0.007,29.2582,41.5066,ok,0.4126
19.5525,671,,,1.4315,,,,,,30.2292,r1_measured_00419,read,measured,,,,,8.8189,,ok,0.3558
29.1012,368,,,2.5534,,,,,,39.1738,r1_measured_00420,read,measured,,,,,6.904,,ok,0.554
28.6307,680,,,0.9144,,,,,,43.6059,r1_measured_00421,read,measured,,,,,13.6289,,ok,0.3595
25.1357,673,,,3.5142,,,,,,50.5131,r1_measured_00422,read,measured,,,,,21.4234,,ok,0.3696
27.2636,688,,,1.1013,,,,,,55.5851,r1_measured_00423,read,measured,,,,,26.2473,,ok,0.8932
765.3534,689,36.9604,10.8253,0.647,483.4044,1,10.8237,1,99.884,784.5363,r1_measured_00424,update,measured,89.0587,19.1829,1,7.5142,18.0678,137.5904,ok,0.3779
15.325,417,,,0.3465,,,,,,23.8817,r1_measured_00425,read,measured,,,,,7.7427,,ok,0.4054
34.4189,672,,,1.0869,,,,,,71.1442,r1_measured_00426,read,measured,,,,,35.2043,,ok,0.3608
33.4529,681,,,1.0728,,,,,,274.3943,r1_measured_00427,read,measured,,,,,18.7381,,ok,0.6808
29.6951,628,,,4.2434,,,,,,41.33,r1_measured_00428,read,measured,,,,,6.9536,,ok,0.3664
28.2988,506,,,4.8759,,,,,,255.4798,r1_measured_00429,read,measured,,,,,14.358,,ok,0.5195
27.4826,662,,,0.9642,,,,,,70.3408,r1_measured_00430,read,measured,,,,,41.4063,,ok,0.3687
20.9924,568,,,2.3028,,,,,,65.2897,r1_measured_00431,read,measured,,,,,41.574,,ok,0.3502
19.4021,628,,,1.0414,,,,,,70.918,r1_measured_00432,read,measured,,,,,50.0425,,ok,0.36
18.3969,567,,,1.9384,,,,,,55.2956,r1_measured_00433,read,measured,,,,,34.5571,,ok,0.3405
14.151,417,,,0.4779,,,,,,19.8185,r1_measured_00434,read,measured,,,,,4.7074,,ok,0.4201
14.6996,419,,,1.8256,,,,,,22.9314,r1_measured_00435,read,measured,,,,,5.9795,,ok,0.369
41.3575,680,,,2.451,,,,,,80.9971,r1_measured_00436,read,measured,,,,,36.7658,,ok,0.3553
37.3125,680,,,1.6828,,,,,,57.0808,r1_measured_00437,read,measured,,,,,17.64,,ok,0.3669
34.6675,688,,,1.8642,,,,,,52.4514,r1_measured_00438,read,measured,,,,,15.4612,,ok,0.3754
26.9945,366,,,0.2398,,,,,,37.9187,r1_measured_00439,read,measured,,,,,10.2642,,ok,0.3653
23.7283,689,,,6.9959,,,,,,53.8971,r1_measured_00440,read,measured,,,,,22.7244,,ok,0.3733
46.9799,680,,,0.9129,,,,,,69.9955,r1_measured_00441,read,measured,,,,,21.6202,,ok,0.401
48.1123,568,,,3.7477,,,,,,74.9842,r1_measured_00442,read,measured,,,,,22.5161,,ok,0.5162
45.1088,673,,,1.0138,,,,,,72.4275,r1_measured_00443,read,measured,,,,,25.696,,ok,0.5222
19.831,568,,,0.7575,,,,,,51.6316,r1_measured_00444,read,measured,,,,,30.5702,,ok,0.403
18.6961,417,,,0.2782,,,,,,22.239,r1_measured_00445,read,measured,,,,,2.8685,,ok,0.3439
16.3354,663,,,0.7309,,,,,,45.7455,r1_measured_00446,read,measured,,,,,28.218,,ok,0.3911
20.5609,418,,,0.2592,,,,,,29.9186,r1_measured_00447,read,measured,,,,,8.7107,,ok,0.3338
18.4572,567,,,1.2089,,,,,,36.084,r1_measured_00448,read,measured,,,,,15.943,,ok,0.3969
17.58,368,,,0.2303,,,,,,27.9668,r1_measured_00449,read,measured,,,,,9.7657,,ok,0.3389
17.6076,369,,,0.2336,,,,,,28.6853,r1_measured_00450,read,measured,,,,,10.4528,,ok,0.3411
632.0763,627,28.6206,14.0433,1.8704,456.7599,1,14.0411,1,61.4063,646.9524,r1_measured_00451,update,measured,47.363,14.8761,1,21.3235,12.5309,63.966,ok,0.4013
14.6152,506,,,6.5712,,,,,,43.7834,r1_measured_00452,read,measured,,,,,22.1474,,ok,0.3862
9.4439,680,,,0.8639,,,,,,43.6363,r1_measured_00453,read,measured,,,,,32.8613,,ok,0.3944
5.8707,417,,,0.2538,,,,,,15.3299,r1_measured_00454,read,measured,,,,,8.824,,ok,0.3292
25.5103,686,,,3.1047,,,,,,45.3276,r1_measured_00455,read,measured,,,,,16.2215,,ok,0.4032
22.014,628,,,0.983,,,,,,42.1131,r1_measured_00456,read,measured,,,,,18.5576,,ok,0.4282
21.4784,681,,,1.0551,,,,,,32.4007,r1_measured_00457,read,measured,,,,,9.4028,,ok,0.3919
22.0328,681,,,0.8072,,,,,,45.2719,r1_measured_00458,read,measured,,,,,21.9805,,ok,0.3781
18.5685,369,,,0.2741,,,,,,24.9207,r1_measured_00459,read,measured,,,,,5.37,,ok,0.6449
17.7697,419,,,0.317,,,,,,21.4973,r1_measured_00460,read,measured,,,,,2.9692,,ok,0.3806
30.6041,661,,,2.0462,,,,,,46.0389,r1_measured_00461,read,measured,,,,,12.924,,ok,0.3909
31.4423,681,,,1.5041,,,,,,44.6345,r1_measured_00462,read,measured,,,,,11.2123,,ok,0.388
26.5705,686,,,5.5909,,,,,,72.2654,r1_measured_00463,read,measured,,,,,39.607,,ok,0.4166
24.9898,628,,,0.5663,,,,,,42.7734,r1_measured_00464,read,measured,,,,,16.743,,ok,0.393
25.2379,418,,,0.5059,,,,,,31.4973,r1_measured_00465,read,measured,,,,,5.3067,,ok,0.3817
54.776,506,,,0.594,,,,,,155.7505,r1_measured_00466,read,measured,,,,,34.9414,,ok,0.3595
49.6338,688,,,1.3145,,,,,,107.3063,r1_measured_00467,read,measured,,,,,55.9526,,ok,0.337
52.2656,509,,,1.0816,,,,,,99.1478,r1_measured_00468,read,measured,,,,,45.3593,,ok,0.358
45.5368,674,,,2.1664,,,,,,109.3028,r1_measured_00469,read,measured,,,,,61.1412,,ok,0.3834
42.8787,508,,,2.5018,,,,,,85.4599,r1_measured_00470,read,measured,,,,,39.669,,ok,0.3458
41.3666,567,,,0.426,,,,,,85.8589,r1_measured_00471,read,measured,,,,,43.6501,,ok,0.3501
41.6047,673,,,2.703,,,,,,71.5151,r1_measured_00472,read,measured,,,,,26.7576,,ok,0.3687
28.8902,368,,,0.2368,,,,,,46.2777,r1_measured_00473,read,measured,,,,,16.6692,,ok,0.4187
29.2876,662,,,2.043,,,,,,74.7867,r1_measured_00474,read,measured,,,,,43.0266,,ok,0.36
76.13,565,,,0.845,,,,,,88.5803,r1_measured_00475,read,measured,,,,,11.2041,,ok,0.3369
73.0374,678,,,0.5977,,,,,,94.3155,r1_measured_00476,read,measured,,,,,20.2407,,ok,0.3671
69.7188,369,,,0.8297,,,,,,74.5866,r1_measured_00477,read,measured,,,,,3.5278,,ok,0.4578
71.2875,689,,,1.5074,,,,,,93.8536,r1_measured_00478,read,measured,,,,,20.6385,,ok,0.3537
68.7421,673,,,0.7466,,,,,,90.3177,r1_measured_00479,read,measured,,,,,20.4129,,ok,0.3462
69.6313,568,,,0.8466,,,,,,82.7309,r1_measured_00480,read,measured,,,,,11.8024,,ok,0.3862
72.1154,680,,,1.9652,,,,,,89.5749,r1_measured_00481,read,measured,,,,,15.001,,ok,0.3843
69.5859,567,,,2.7297,,,,,,89.1197,r1_measured_00482,read,measured,,,,,16.3613,,ok,0.3729
51.9328,416,,,0.3284,,,,,,59.2283,r1_measured_00483,read,measured,,,,,6.5402,,ok,0.3675
41.9079,679,,,1.4585,,,,,,68.8526,r1_measured_00484,read,measured,,,,,25.0587,,ok,0.3457
41.4013,678,,,0.6094,,,,,,62.7572,r1_measured_00485,read,measured,,,,,20.3119,,ok,0.3611
38.5966,678,,,0.8745,,,,,,57.1596,r1_measured_00486,read,measured,,,,,17.2418,,ok,0.3727
32.8347,677,,,5.7485,,,,,,66.6226,r1_measured_00487,read,measured,,,,,27.5896,,ok,0.3764
31.5231,368,,,0.7517,,,,,,36.8139,r1_measured_00488,read,measured,,,,,4.0588,,ok,0.416
29.929,674,,,0.5063,,,,,,47.6039,r1_measured_00489,read,measured,,,,,16.7467,,ok,0.3498
60.9236,674,,,1.564,,,,,,88.4233,r1_measured_00490,read,measured,,,,,25.5076,,ok,0.3459
56.0235,416,,,0.2986,,,,,,62.4165,r1_measured_00491,read,measured,,,,,5.6458,,ok,0.359
55.2464,506,,,3.1646,,,,,,76.3065,r1_measured_00492,read,measured,,,,,17.4136,,ok,0.3504
56.0277,677,,,1.3697,,,,,,69.519,r1_measured_00493,read,measured,,,,,11.6145,,ok,0.4259
54.4015,629,,,0.5542,,,,,,61.4764,r1_measured_00494,read,measured,,,,,6.0788,,ok,0.3723
50.933,678,,,3.3547,,,,,,66.9826,r1_measured_00495,read,measured,,,,,12.2495,,ok,0.3698
49.1798,679,,,3.035,,,,,,65.9415,r1_measured_00496,read,measured,,,,,13.2752,,ok,0.3718
45.5827,680,,,0.5179,,,,,,70.2358,r1_measured_00497,read,measured,,,,,23.6993,,ok,0.366
42.0949,678,,,1.2306,,,,,,54.7968,r1_measured_00498,read,measured,,,,,11.0125,,ok,0.386
36.4939,689,,,1.3391,,,,,,59.7471,r1_measured_00499,read,measured,,,,,21.4789,,ok,0.3615
30.64,567,,,0.8782,,,,,,53.4052,r1_measured_00500,read,measured,,,,,21.4689,,ok,0.3549
714.5407,566,40.4503,31.0815,1.193,361.5333,0,31.0798,1,270.3185,736.153,r1_measured_00501,update,measured,239.237,21.6123,1,0.0045,19.992,42.2341,ok,0.3565
957.1407,663,128.3543,26.7793,2.5451,456.8361,1,26.7773,1,267.7594,972.5881,r1_measured_00502,update,measured,240.9801,15.4474,1,59.7128,12.5299,44.4781,ok,0.3118
32.7407,509,,,0.6374,,,,,,64.793,r1_measured_00503,read,measured,,,,,29.0947,,ok,2.2495
957.9244,678,108.7922,30.1027,1.0974,419.6352,0,30.101,1,321.4222,982.3191,r1_measured_00504,update,measured,291.3195,24.3947,1,63.3519,22.8359,44.7229,ok,0.3928
52.9194,568,,,0.6082,,,,,,71.0049,r1_measured_00505,read,measured,,,,,17.029,,ok,0.3746
51.6187,674,,,0.6014,,,,,,80.5778,r1_measured_00506,read,measured,,,,,27.8891,,ok,0.3932
50.912,629,,,2.5175,,,,,,69.4413,r1_measured_00507,read,measured,,,,,15.5844,,ok,0.3553
47.9434,627,,,0.5918,,,,,,70.9468,r1_measured_00508,read,measured,,,,,21.8254,,ok,0.5061
48.852,567,,,1.189,,,,,,62.3464,r1_measured_00509,read,measured,,,,,11.8565,,ok,0.3738
45.8465,676,,,0.6139,,,,,,72.5573,r1_measured_00510,read,measured,,,,,25.6412,,ok,0.384
47.3404,686,,,1.2855,,,,,,63.3075,r1_measured_00511,read,measured,,,,,14.2664,,ok,0.345
43.5915,679,,,0.8387,,,,,,66.9373,r1_measured_00512,read,measured,,,,,21.9446,,ok,0.4801
35.6139,509,,,1.3865,,,,,,50.5636,r1_measured_00513,read,measured,,,,,13.1471,,ok,0.3507
32.0978,680,,,0.7631,,,,,,40.6446,r1_measured_00514,read,measured,,,,,6.568,,ok,1.1348
60.651,417,,,0.3092,,,,,,66.3298,r1_measured_00515,read,measured,,,,,4.9433,,ok,0.3694
57.3304,686,,,0.7768,,,,,,78.4134,r1_measured_00516,read,measured,,,,,19.8651,,ok,0.3666
54.8578,680,,,4.0078,,,,,,80.3271,r1_measured_00517,read,measured,,,,,21.0237,,ok,0.3667
52.3982,508,,,4.3448,,,,,,79.6255,r1_measured_00518,read,measured,,,,,22.4718,,ok,0.3472
56.5592,627,,,3.3284,,,,,,419.1787,r1_measured_00519,read,measured,,,,,44.6868,,ok,0.3314
51.7502,568,,,2.3159,,,,,,69.0283,r1_measured_00520,read,measured,,,,,14.5329,,ok,0.3635
50.2806,679,,,1.6741,,,,,,79.4482,r1_measured_00521,read,measured,,,,,27.0415,,ok,0.3749
49.7929,566,,,1.5706,,,,,,66.5606,r1_measured_00522,read,measured,,,,,14.7717,,ok,0.3604
49.3302,629,,,0.8763,,,,,,71.0807,r1_measured_00523,read,measured,,,,,20.4556,,ok,0.3515
47.5044,627,,,0.5925,,,,,,57.7132,r1_measured_00524,read,measured,,,,,9.1549,,ok,0.3878
44.0032,679,,,136.0558,,,,,,210.7285,r1_measured_00525,read,measured,,,,,30.2586,,ok,0.3356
45.7912,677,,,1.5021,,,,,,52.2232,r1_measured_00526,read,measured,,,,,4.2287,,ok,0.6209
37.1168,676,,,4.0531,,,,,,61.8858,r1_measured_00527,read,measured,,,,,20.2827,,ok,0.3627
29.6593,508,,,2.3237,,,,,,53.1227,r1_measured_00528,read,measured,,,,,20.7178,,ok,0.3595
26.2779,623,,,1.493,,,,,,54.7959,r1_measured_00529,read,measured,,,,,26.5908,,ok,0.3676
189.0131,679,,,1.1711,,,,,,239.5915,r1_measured_00530,read,measured,,,,,48.8785,,ok,0.4506
192.1562,627,,,2.7458,,,,,,226.3996,r1_measured_00531,read,measured,,,,,31.0272,,ok,0.3859
201.5308,416,,,0.3139,,,,,,217.4221,r1_measured_00532,read,measured,,,,,15.1458,,ok,0.3667
185.8245,689,,,0.9737,,,,,,381.753,r1_measured_00533,read,measured,,,,,7.9771,,ok,0.3523
184.6889,688,,,1.4804,,,,,,225.6919,r1_measured_00534,read,measured,,,,,39.0858,,ok,0.3669
182.4021,689,,,2.077,,,,,,221.0786,r1_measured_00535,read,measured,,,,,36.182,,ok,0.3486
178.3947,629,,,0.8265,,,,,,215.6652,r1_measured_00536,read,measured,,,,,35.9992,,ok,0.3742
180.038,676,,,0.6378,,,,,,224.9897,r1_measured_00537,read,measured,,,,,43.8477,,ok,0.3933
190.3121,628,,,1.4456,,,,,,226.4327,r1_measured_00538,read,measured,,,,,34.2472,,ok,0.3594
164.3362,661,,,1.1101,,,,,,191.0184,r1_measured_00539,read,measured,,,,,24.368,,ok,1.0953
160.3191,661,,,1.98,,,,,,199.9768,r1_measured_00540,read,measured,,,,,37.2013,,ok,0.3919
214.1714,628,,,0.558,,,,,,257.4875,r1_measured_00541,read,measured,,,,,42.2959,,ok,0.3847
210.5972,416,,,1.127,,,,,,232.7378,r1_measured_00542,read,measured,,,,,20.5327,,ok,0.4106
211.1782,663,,,0.6095,,,,,,263.8549,r1_measured_00543,read,measured,,,,,51.6017,,ok,0.3848
1016.4557,679,38.9243,205.7899,2.3895,454.8942,1,205.7882,1,365.8117,1058.0505,r1_measured_00544,update,measured,160.0218,41.5948,1,101.5653,38.703,55.2602,ok,0.4127
206.2547,509,,,3.246,,,,,,242.6858,r1_measured_00545,read,measured,,,,,32.7109,,ok,0.4018
200.5106,663,,,2.8135,,,,,,252.2796,r1_measured_00546,read,measured,,,,,48.3492,,ok,0.3548
200.0485,662,,,5.9388,,,,,,264.9573,r1_measured_00547,read,measured,,,,,58.4939,,ok,0.4015
199.4341,661,,,1.028,,,,,,258.4651,r1_measured_00548,read,measured,,,,,57.5763,,ok,0.3549
200.8447,679,,,0.9657,,,,,,248.7603,r1_measured_00549,read,measured,,,,,46.4739,,ok,0.394
200.3837,673,,,0.8261,,,,,,237.5634,r1_measured_00550,read,measured,,,,,35.8926,,ok,0.381
196.3836,508,,,1.5329,,,,,,250.8833,r1_measured_00551,read,measured,,,,,52.512,,ok,0.3809
195.4932,681,,,6.6928,,,,,,286.0656,r1_measured_00552,read,measured,,,,,83.3036,,ok,0.4797
60.1389,662,,,1.1319,,,,,,111.5176,r1_measured_00553,read,measured,,,,,49.7648,,ok,0.4008
836.3033,675,50.5733,29.0591,1.0919,457.6154,1,29.0572,1,187.8558,854.1042,r1_measured_00554,update,measured,158.7967,17.8009,1,34.9318,15.7876,105.327,ok,0.8431
27.732,678,,,0.9824,,,,,,69.4734,r1_measured_00555,read,measured,,,,,40.2955,,ok,0.3886
22.9355,678,,,0.9645,,,,,,54.801,r1_measured_00556,read,measured,,,,,30.2655,,ok,0.541
42.844,508,,,0.7402,,,,,,67.4493,r1_measured_00557,read,measured,,,,,23.4193,,ok,0.3709
828.987,689,26.612,85.1317,1.5932,467.9016,1,85.1299,1,213.1063,851.0979,r1_measured_00558,update,measured,127.9746,22.1109,1,47.8932,20.0583,73.4739,ok,0.384
81.2187,627,,,0.8309,,,,,,127.0305,r1_measured_00559,read,measured,,,,,15.63,,ok,0.3344
81.6525,416,,,0.2722,,,,,,112.3049,r1_measured_00560,read,measured,,,,,29.9261,,ok,0.3923
95.5005,680,,,0.9551,,,,,,143.4242,r1_measured_00561,read,measured,,,,,46.5194,,ok,0.3787
77.1218,662,,,1.3945,,,,,,110.218,r1_measured_00562,read,measured,,,,,31.1671,,ok,0.4555
73.0789,628,,,1.1567,,,,,,114.9883,r1_measured_00563,read,measured,,,,,40.3698,,ok,0.3187
74.2105,678,,,1.2911,,,,,,118.9196,r1_measured_00564,read,measured,,,,,42.9068,,ok,0.4305
41.5906,678,,,0.9098,,,,,,90.8298,r1_measured_00565,read,measured,,,,,47.7601,,ok,0.475
32.8817,662,,,0.4425,,,,,,76.0773,r1_measured_00566,read,measured,,,,,42.3692,,ok,0.3197
53.365,567,,,0.4745,,,,,,66.4053,r1_measured_00567,read,measured,,,,,12.1593,,ok,0.3409
25.424,680,,,0.6935,,,,,,62.9627,r1_measured_00568,read,measured,,,,,36.4235,,ok,0.3498
23.4555,628,,,1.3587,,,,,,65.0675,r1_measured_00569,read,measured,,,,,39.8698,,ok,0.3214
77.59,663,,,0.483,,,,,,104.1459,r1_measured_00570,read,measured,,,,,25.6547,,ok,0.3525
76.1992,662,,,0.8706,,,,,,103.6639,r1_measured_00571,read,measured,,,,,26.165,,ok,0.3576
72.6073,417,,,0.6896,,,,,,78.6867,r1_measured_00572,read,measured,,,,,4.9685,,ok,0.3659
72.3633,679,,,0.5333,,,,,,84.5205,r1_measured_00573,read,measured,,,,,11.1921,,ok,0.3607
66.3373,628,,,1.3107,,,,,,90.6358,r1_measured_00574,read,measured,,,,,22.5607,,ok,0.3563
65.7221,679,,,0.4943,,,,,,91.1032,r1_measured_00575,read,measured,,,,,24.45,,ok,0.3639
64.268,680,,,1.2689,,,,,,95.1869,r1_measured_00576,read,measured,,,,,29.2155,,ok,0.3636
63.8805,508,,,0.5039,,,,,,88.2766,r1_measured_00577,read,measured,,,,,23.4662,,ok,0.3692
56.5415,368,,,0.2332,,,,,,67.3309,r1_measured_00578,read,measured,,,,,10.1608,,ok,0.3442
30.4382,567,,,0.7751,,,,,,52.462,r1_measured_00579,read,measured,,,,,20.8172,,ok,0.3641
24.8431,417,,,0.5149,,,,,,29.8016,r1_measured_00580,read,measured,,,,,4.0088,,ok,0.3631
58.1135,679,,,0.5759,,,,,,70.1557,r1_measured_00581,read,measured,,,,,11.0405,,ok,0.3503
55.3675,680,,,0.6449,,,,,,81.9513,r1_measured_00582,read,measured,,,,,25.4827,,ok,0.3731
53.6225,508,,,0.5196,,,,,,75.0355,r1_measured_00583,read,measured,,,,,20.4528,,ok,0.3765
51.8827,418,,,0.2774,,,,,,57.5178,r1_measured_00584,read,measured,,,,,4.9598,,ok,0.3404
53.2821,688,,,0.7241,,,,,,64.8119,r1_measured_00585,read,measured,,,,,10.3917,,ok,0.3436
52.155,678,,,1.4256,,,,,,68.9726,r1_measured_00586,read,measured,,,,,14.8707,,ok,0.4424
48.3795,567,,,1.9604,,,,,,60.0995,r1_measured_00587,read,measured,,,,,9.338,,ok,0.3578
50.1369,679,,,1.0789,,,,,,65.3086,r1_measured_00588,read,measured,,,,,13.6186,,ok,0.4038
45.4027,680,,,0.5452,,,,,,59.832,r1_measured_00589,read,measured,,,,,13.4536,,ok,0.359
714.384,626,25.3983,32.7364,0.5719,444.6191,0,32.7346,1,196.6215,739.582,r1_measured_00590,update,measured,163.8851,25.198,1,0.0056,24.2016,47.7395,ok,0.3598
32.7067,417,,,1.4835,,,,,,38.4745,r1_measured_00591,read,measured,,,,,3.8806,,ok,0.3499
28.9953,418,,,0.2718,,,,,,35.5635,r1_measured_00592,read,measured,,,,,5.8985,,ok,0.3443
28.2452,509,,,0.4715,,,,,,51.2001,r1_measured_00593,read,measured,,,,,22.0358,,ok,0.3845
57.6416,689,,,0.5714,,,,,,102.0272,r1_measured_00594,read,measured,,,,,43.4013,,ok,0.3406
75.7692,675,,,0.5801,,,,,,99.2479,r1_measured_00595,read,measured,,,,,22.4183,,ok,0.4073
71.6327,567,,,0.4745,,,,,,92.4954,r1_measured_00596,read,measured,,,,,19.9664,,ok,0.3571
69.7725,679,,,39.0902,,,,,,149.1152,r1_measured_00597,read,measured,,,,,39.6609,,ok,0.494
77.6031,626,,,1.6403,,,,,,150.4883,r1_measured_00598,read,measured,,,,,70.8007,,ok,0.3669
67.2005,567,,,2.2895,,,,,,89.0803,r1_measured_00599,read,measured,,,,,19.175,,ok,0.3498
49.262,679,,,2.4275,,,,,,138.6102,r1_measured_00600,read,measured,,,,,86.3557,,ok,0.4761
48.1234,508,,,1.3545,,,,,,87.7886,r1_measured_00601,read,measured,,,,,37.8754,,ok,0.3708
63.689,507,,,1.4741,,,,,,148.068,r1_measured_00602,read,measured,,,,,82.4804,,ok,0.3583
63.2223,566,,,1.164,,,,,,212.2407,r1_measured_00603,read,measured,,,,,8.7698,,ok,0.3962
61.0521,662,,,1.0815,,,,,,143.7634,r1_measured_00604,read,measured,,,,,81.1322,,ok,0.4243
57.3918,567,,,1.017,,,,,,71.5921,r1_measured_00605,read,measured,,,,,12.7284,,ok,0.3755
48.2791,506,,,10.4135,,,,,,95.9597,r1_measured_00606,read,measured,,,,,36.8067,,ok,0.3931
52.1912,661,,,42.4161,,,,,,115.2837,r1_measured_00607,read,measured,,,,,20.11,,ok,0.4768
44.944,417,,,1.7539,,,,,,57.315,r1_measured_00608,read,measured,,,,,10.1591,,ok,0.3763
40.0351,680,,,3.5271,,,,,,130.641,r1_measured_00609,read,measured,,,,,86.64,,ok,0.3601
38.5545,627,,,1.0159,,,,,,126.782,r1_measured_00610,read,measured,,,,,86.7474,,ok,0.3924
37.0918,627,,,0.6512,,,,,,53.9834,r1_measured_00611,read,measured,,,,,15.7931,,ok,0.3596
705.0724,509,56.4195,35.3353,7.9826,373.1974,1,35.3331,1,212.9334,779.0808,r1_measured_00612,update,measured,177.5981,74.0084,1,30.8126,65.5662,31.7095,ok,0.3895
104.9803,508,,,0.5781,,,,,,137.9764,r1_measured_00613,read,measured,,,,,32.0289,,ok,0.3257
72.451,567,,,2.711,,,,,,135.1546,r1_measured_00614,read,measured,,,,,59.5938,,ok,0.3349
100.8125,508,,,1.3146,,,,,,131.8192,r1_measured_00615,read,measured,,,,,29.222,,ok,0.4026
67.5417,509,,,1.6191,,,,,,127.6508,r1_measured_00616,read,measured,,,,,58.0954,,ok,0.3381
65.2296,567,,,1.3559,,,,,,129.1446,r1_measured_00617,read,measured,,,,,62.09,,ok,0.3943
65.2121,663,,,2.9871,,,,,,335.6912,r1_measured_00618,read,measured,,,,,11.1462,,ok,0.4007
766.7108,680,57.2144,25.4209,0.6066,418.9271,1,25.419,1,209.9693,806.6188,r1_measured_00619,update,measured,184.5484,39.908,1,34.249,38.8649,46.351,ok,0.366
25.4693,623,,,1.2145,,,,,,81.564,r1_measured_00620,read,measured,,,,,54.3344,,ok,0.4277
34.1208,680,,,3.9535,,,,,,81.7027,r1_measured_00621,read,measured,,,,,43.2149,,ok,0.342
91.4569,567,,,3.1063,,,,,,130.8658,r1_measured_00622,read,measured,,,,,35.8399,,ok,0.3821
105.3887,417,,,0.2829,,,,,,115.3028,r1_measured_00623,read,measured,,,,,9.1913,,ok,0.3763
107.2259,628,,,2.6791,,,,,,142.9867,r1_measured_00624,read,measured,,,,,32.6043,,ok,0.3952
103.6485,629,,,1.4055,,,,,,121.9231,r1_measured_00625,read,measured,,,,,16.2174,,ok,0.5382
85.3005,369,,,0.2948,,,,,,112.737,r1_measured_00626,read,measured,,,,,26.7021,,ok,0.3814
78.5849,567,,,0.7093,,,,,,118.6879,r1_measured_00627,read,measured,,,,,38.3838,,ok,0.9192
56.6464,368,,,0.2489,,,,,,70.1651,r1_measured_00628,read,measured,,,,,12.8731,,ok,0.3384
55.6602,689,,,0.6036,,,,,,98.0055,r1_measured_00629,read,measured,,,,,41.2535,,ok,0.4092
49.6293,674,,,2.2346,,,,,,85.9841,r1_measured_00630,read,measured,,,,,33.6739,,ok,0.3689
48.049,567,,,5.6125,,,,,,76.7717,r1_measured_00631,read,measured,,,,,22.6048,,ok,0.3835
42.9121,673,,,1.7905,,,,,,71.9457,r1_measured_00632,read,measured,,,,,26.6848,,ok,0.4705
46.342,662,,,1.183,,,,,,76.9501,r1_measured_00633,read,measured,,,,,28.9524,,ok,0.3733
39.5355,508,,,1.4781,,,,,,67.6698,r1_measured_00634,read,measured,,,,,26.1402,,ok,0.4062
37.0759,679,,,6.2922,,,,,,73.9222,r1_measured_00635,read,measured,,,,,30.081,,ok,0.3998
79.852,567,,,1.2054,,,,,,101.6306,r1_measured_00636,read,measured,,,,,20.115,,ok,0.3623
80.759,689,,,1.1742,,,,,,96.1177,r1_measured_00637,read,measured,,,,,13.7323,,ok,0.3803
77.3071,662,,,5.1518,,,,,,99.6691,r1_measured_00638,read,measured,,,,,16.7599,,ok,0.3649
75.1984,506,,,1.599,,,,,,95.4673,r1_measured_00639,read,measured,,,,,18.2356,,ok,0.3696
74.7808,679,,,1.8661,,,,,,89.13,r1_measured_00640,read,measured,,,,,12.0317,,ok,0.376
73.736,418,,,0.5752,,,,,,79.3429,r1_measured_00641,read,measured,,,,,4.4764,,ok,0.4804
72.7814,566,,,0.7351,,,,,,95.6172,r1_measured_00642,read,measured,,,,,21.6592,,ok,0.3684
40.0961,567,,,3.1556,,,,,,57.8016,r1_measured_00643,read,measured,,,,,14.1168,,ok,0.3653
39.5801,689,,,0.852,,,,,,449.2921,r1_measured_00644,read,measured,,,,,14.7422,,ok,0.353
36.5608,689,,,3.1699,,,,,,48.3097,r1_measured_00645,read,measured,,,,,8.0742,,ok,0.4278
30.7686,662,,,0.5757,,,,,,40.4302,r1_measured_00646,read,measured,,,,,8.6194,,ok,0.3854
70.7931,508,,,1.4809,,,,,,91.7481,r1_measured_00647,read,measured,,,,,19.0361,,ok,0.3723
69.8285,674,,,0.6146,,,,,,98.3536,r1_measured_00648,read,measured,,,,,27.4753,,ok,0.3556
52.2737,508,,,0.9937,,,,,,79.0929,r1_measured_00649,read,measured,,,,,25.2836,,ok,0.3615
51.4807,627,,,2.2411,,,,,,91.5404,r1_measured_00650,read,measured,,,,,37.3953,,ok,0.3521
829.7901,680,88.5626,48.3111,0.6133,375.5055,1,48.3092,1,264.6905,1437.3996,r1_measured_00651,update,measured,216.3794,607.6095,1,56.9645,55.8853,44.067,ok,0.3373
60.1671,688,,,0.715,,,,,,84.6317,r1_measured_00652,read,measured,,,,,23.3019,,ok,0.3655
56.1709,679,,,0.7204,,,,,,73.1461,r1_measured_00653,read,measured,,,,,15.2881,,ok,0.8525
54.8442,509,,,0.8742,,,,,,73.8312,r1_measured_00654,read,measured,,,,,17.6956,,ok,0.3508
54.969,628,,,0.4931,,,,,,77.7989,r1_measured_00655,read,measured,,,,,21.9161,,ok,0.3546
52.1094,628,,,0.8865,,,,,,72.6103,r1_measured_00656,read,measured,,,,,19.207,,ok,0.3441
49.8836,661,,,2.9681,,,,,,119.8516,r1_measured_00657,read,measured,,,,,66.4423,,ok,0.4523
38.8604,680,,,3.596,,,,,,66.4148,r1_measured_00658,read,measured,,,,,23.5339,,ok,0.3482
66.4499,680,,,7.4622,,,,,,130.8397,r1_measured_00659,read,measured,,,,,56.449,,ok,0.3944
66.0068,629,,,1.0421,,,,,,109.6968,r1_measured_00660,read,measured,,,,,42.1451,,ok,0.4229
63.568,686,,,1.9225,,,,,,111.3542,r1_measured_00661,read,measured,,,,,45.3707,,ok,0.412
62.0546,661,,,2.9119,,,,,,131.8141,r1_measured_00662,read,measured,,,,,66.4188,,ok,0.3572
60.9151,662,,,8.6872,,,,,,90.8948,r1_measured_00663,read,measured,,,,,20.6826,,ok,0.5007
58.8116,564,,,1.0571,,,,,,111.406,r1_measured_00664,read,measured,,,,,50.8802,,ok,0.5899
57.7243,673,,,0.9707,,,,,,107.1725,r1_measured_00665,read,measured,,,,,47.9781,,ok,0.4248
71.9838,568,,,2.3447,,,,,,102.8724,r1_measured_00666,read,measured,,,,,28.0376,,ok,0.4033
56.5129,662,,,0.9662,,,,,,93.7825,r1_measured_00667,read,measured,,,,,35.7628,,ok,0.4564
55.4261,673,,,2.9139,,,,,,107.8183,r1_measured_00668,read,measured,,,,,48.9681,,ok,0.429
85.0069,679,,,1.1576,,,,,,104.1146,r1_measured_00669,read,measured,,,,,17.5327,,ok,0.348
79.0003,628,,,0.5842,,,,,,103.4829,r1_measured_00670,read,measured,,,,,23.4769,,ok,0.3519
80.1919,680,,,2.3619,,,,,,94.7406,r1_measured_00671,read,measured,,,,,11.6454,,ok,0.4575
75.3343,679,,,3.6307,,,,,,344.3911,r1_measured_00672,read,measured,,,,,20.837,,ok,0.4456
74.3028,680,,,1.0568,,,,,,93.6513,r1_measured_00673,read,measured,,,,,17.8528,,ok,0.3651
72.8978,628,,,0.5812,,,,,,99.627,r1_measured_00674,read,measured,,,,,25.7056,,ok,0.3697
70.5913,416,,,0.3145,,,,,,77.6029,r1_measured_00675,read,measured,,,,,6.2332,,ok,0.4066
70.1046,661,,,1.7535,,,,,,79.2593,r1_measured_00676,read,measured,,,,,6.9685,,ok,0.3631
68.8229,508,,,1.7372,,,,,,88.659,r1_measured_00677,read,measured,,,,,17.6935,,ok,0.3424
69.4009,628,,,1.3334,,,,,,82.1838,r1_measured_00678,read,measured,,,,,10.6325,,ok,0.7325
40.8386,419,,,0.2697,,,,,,43.4522,r1_measured_00679,read,measured,,,,,1.9491,,ok,0.3387
29.2623,679,,,0.7062,,,,,,55.1291,r1_measured_00680,read,measured,,,,,24.7351,,ok,0.35
26.0111,689,,,2.1257,,,,,,47.7604,r1_measured_00681,read,measured,,,,,19.1754,,ok,0.3712
124.5869,627,,,3.2077,,,,,,170.0222,r1_measured_00682,read,measured,,,,,41.8124,,ok,0.3522
128.5012,688,,,2.5777,,,,,,151.0267,r1_measured_00683,read,measured,,,,,19.5285,,ok,0.3462
125.3163,628,,,2.843,,,,,,137.482,r1_measured_00684,read,measured,,,,,8.9503,,ok,0.3045
122.8501,567,,,1.2801,,,,,,153.6353,r1_measured_00685,read,measured,,,,,29.0828,,ok,0.3585
115.0328,678,,,4.549,,,,,,162.4071,r1_measured_00686,read,measured,,,,,42.3791,,ok,0.3651
114.9224,567,,,1.7988,,,,,,146.7135,r1_measured_00687,read,measured,,,,,29.6025,,ok,0.3334
112.3224,508,,,3.1467,,,,,,157.4406,r1_measured_00688,read,measured,,,,,41.5482,,ok,0.3527
109.6164,680,,,1.7403,,,,,,124.7032,r1_measured_00689,read,measured,,,,,12.928,,ok,0.3528
107.7762,689,,,1.082,,,,,,138.494,r1_measured_00690,read,measured,,,,,29.1911,,ok,0.3784
102.4416,674,,,2.9085,,,,,,125.0167,r1_measured_00691,read,measured,,,,,19.1412,,ok,0.4449
102.0737,628,,,1.4235,,,,,,115.7104,r1_measured_00692,read,measured,,,,,11.7933,,ok,0.353
100.6371,678,,,1.5058,,,,,,134.0204,r1_measured_00693,read,measured,,,,,31.3764,,ok,0.4295
98.5748,417,,,0.8597,,,,,,105.8744,r1_measured_00694,read,measured,,,,,6.092,,ok,0.3025
96.9862,506,,,2.4339,,,,,,125.2642,r1_measured_00695,read,measured,,,,,25.3861,,ok,0.3878
93.459,416,,,0.6645,,,,,,97.6837,r1_measured_00696,read,measured,,,,,3.2016,,ok,0.311
91.4556,680,,,2.4292,,,,,,122.7619,r1_measured_00697,read,measured,,,,,28.4665,,ok,0.3401
91.1258,368,,,0.2035,,,,,,97.103,r1_measured_00698,read,measured,,,,,5.4208,,ok,0.3061
106.711,663,,,2.2354,,,,,,130.5503,r1_measured_00699,read,measured,,,,,21.1102,,ok,0.3919
106.1935,663,,,1.7924,,,,,,125.1458,r1_measured_00700,read,measured,,,,,16.7021,,ok,0.382
104.618,688,,,1.5434,,,,,,130.2126,r1_measured_00701,read,measured,,,,,23.5753,,ok,0.3858
100.6762,680,,,4.1086,,,,,,127.0987,r1_measured_00702,read,measured,,,,,21.8646,,ok,0.3616
52.2661,689,,,3.3825,,,,,,84.7059,r1_measured_00703,read,measured,,,,,28.5862,,ok,0.3666
43.9225,689,,,2.1082,,,,,,91.033,r1_measured_00704,read,measured,,,,,44.578,,ok,0.3533
40.5949,678,,,3.0187,,,,,,78.4472,r1_measured_00705,read,measured,,,,,34.3305,,ok,0.4193
40.7967,663,,,1.8725,,,,,,80.6402,r1_measured_00706,read,measured,,,,,37.5361,,ok,0.3582
39.4218,687,,,0.7044,,,,,,82.9381,r1_measured_00707,read,measured,,,,,42.3901,,ok,0.3464
37.0289,689,,,1.8603,,,,,,78.6432,r1_measured_00708,read,measured,,,,,39.3368,,ok,0.3429
55.7429,509,,,0.8399,,,,,,81.7914,r1_measured_00709,read,measured,,,,,24.7922,,ok,0.3501
37.1592,509,,,1.0959,,,,,,91.1672,r1_measured_00710,read,measured,,,,,52.4464,,ok,0.3567
34.5197,568,,,1.1036,,,,,,63.3114,r1_measured_00711,read,measured,,,,,27.2198,,ok,0.3846
32.57,678,,,0.5181,,,,,,73.0319,r1_measured_00712,read,measured,,,,,39.5313,,ok,0.3289
30.7856,568,,,4.986,,,,,,82.1221,r1_measured_00713,read,measured,,,,,45.9449,,ok,0.3292
74.2908,508,,,0.5729,,,,,,85.2517,r1_measured_00714,read,measured,,,,,9.9723,,ok,0.3532
73.7292,680,,,3.402,,,,,,92.8285,r1_measured_00715,read,measured,,,,,15.3073,,ok,0.3216
73.0001,679,,,1.6414,,,,,,97.9037,r1_measured_00716,read,measured,,,,,22.82,,ok,0.3286
70.4672,417,,,1.3766,,,,,,76.0185,r1_measured_00717,read,measured,,,,,3.786,,ok,0.3294
70.0668,678,,,0.5122,,,,,,91.4889,r1_measured_00718,read,measured,,,,,20.5068,,ok,0.3359
68.7822,680,,,1.1234,,,,,,93.1631,r1_measured_00719,read,measured,,,,,22.8543,,ok,0.3367
67.1485,627,,,2.1038,,,,,,83.2628,r1_measured_00720,read,measured,,,,,13.606,,ok,0.3409
64.6111,509,,,1.8066,,,,,,89.8179,r1_measured_00721,read,measured,,,,,23.0071,,ok,0.334
64.2841,565,,,3.1537,,,,,,74.4752,r1_measured_00722,read,measured,,,,,6.4694,,ok,0.4914
64.9352,509,,,2.316,,,,,,85.1814,r1_measured_00723,read,measured,,,,,17.5348,,ok,0.3381
62.622,681,,,0.7722,,,,,,77.3896,r1_measured_00724,read,measured,,,,,13.58,,ok,0.3485
59.574,662,,,0.5185,,,,,,79.4161,r1_measured_00725,read,measured,,,,,18.9356,,ok,0.3256
52.6005,662,,,0.5938,,,,,,57.018,r1_measured_00726,read,measured,,,,,3.4142,,ok,0.3422
894.1628,674,84.6233,47.8142,3.2188,571.5599,0,47.8124,1,153.2313,926.4219,r1_measured_00727,update,measured,105.4171,32.2591,1,0.0053,28.6038,84.743,ok,0.352
46.4362,663,,,1.084,,,,,,65.2777,r1_measured_00728,read,measured,,,,,17.1951,,ok,0.4937
44.835,627,,,1.2867,,,,,,70.3985,r1_measured_00729,read,measured,,,,,23.8666,,ok,0.345
587.7505,417,23.8399,43.8153,0.2929,343.7876,0,43.8137,1,166.4447,595.7258,r1_measured_00730,update,measured,122.6294,7.9753,1,0.0133,7.2924,53.665,ok,0.3324
42.4938,567,,,2.6237,,,,,,56.2198,r1_measured_00731,read,measured,,,,,10.5978,,ok,0.4353
39.8973,418,,,0.2613,,,,,,42.6451,r1_measured_00732,read,measured,,,,,2.0899,,ok,0.3422
39.3694,673,,,0.7356,,,,,,61.2284,r1_measured_00733,read,measured,,,,,20.6755,,ok,0.3763
38.1786,688,,,1.1718,,,,,,49.8235,r1_measured_00734,read,measured,,,,,9.501,,ok,0.8971
28.2351,629,,,1.5295,,,,,,46.8744,r1_measured_00735,read,measured,,,,,16.6751,,ok,0.36
27.493,689,,,0.5537,,,,,,42.206,r1_measured_00736,read,measured,,,,,13.7201,,ok,0.3698
58.1789,567,,,0.6432,,,,,,76.2337,r1_measured_00737,read,measured,,,,,16.8764,,ok,0.4584
53.6305,673,,,11.2357,,,,,,91.6263,r1_measured_00738,read,measured,,,,,26.2049,,ok,0.4731
56.3228,506,,,2.0481,,,,,,89.0715,r1_measured_00739,read,measured,,,,,30.0482,,ok,0.5958
47.6119,689,,,1.4275,,,,,,101.8933,r1_measured_00740,read,measured,,,,,52.3872,,ok,0.3918
47.0078,680,,,4.7445,,,,,,78.0584,r1_measured_00741,read,measured,,,,,25.8353,,ok,0.3961
46.6314,508,,,2.1609,,,,,,70.8589,r1_measured_00742,read,measured,,,,,21.6085,,ok,0.391
1055.5165,680,69.9553,49.3776,1.2736,573.6962,0,49.3759,1,182.47,1094.7944,r1_measured_00743,update,measured,133.0924,39.2779,1,0.0059,37.4436,229.3891,ok,0.4703
45.3537,567,,,2.1885,,,,,,61.2439,r1_measured_00744,read,measured,,,,,13.2019,,ok,0.4295
42.1969,417,,,0.2677,,,,,,49.9788,r1_measured_00745,read,measured,,,,,7.064,,ok,0.3962
41.0027,508,,,1.3695,,,,,,62.965,r1_measured_00746,read,measured,,,,,20.16,,ok,0.3714
39.0137,416,,,0.3112,,,,,,44.7675,r1_measured_00747,read,measured,,,,,5.0178,,ok,0.3624
39.0225,676,,,0.6221,,,,,,51.839,r1_measured_00748,read,measured,,,,,11.6894,,ok,0.4193
32.9281,567,,,0.9395,,,,,,76.3279,r1_measured_00749,read,measured,,,,,42.032,,ok,0.3619
27.2516,663,,,2.8002,,,,,,63.6367,r1_measured_00750,read,measured,,,,,33.0833,,ok,0.4262
51.7931,567,,,1.0291,,,,,,72.143,r1_measured_00751,read,measured,,,,,18.6941,,ok,0.5336
50.6633,509,,,2.1409,,,,,,71.9238,r1_measured_00752,read,measured,,,,,18.6513,,ok,0.4039
814.5053,508,68.8296,50.4035,2.7465,511.6047,0,50.4016,1,198.8863,873.2077,r1_measured_00753,update,measured,148.4828,58.7024,1,0.0065,55.5713,35.1782,ok,0.3257
45.8268,417,,,1.4285,,,,,,61.5446,r1_measured_00754,read,measured,,,,,13.8543,,ok,0.3727
47.038,416,,,0.3645,,,,,,55.0855,r1_measured_00755,read,measured,,,,,7.1625,,ok,0.4465
45.8405,416,,,3.4579,,,,,,56.7569,r1_measured_00756,read,measured,,,,,7.0326,,ok,0.359
42.6302,676,,,0.6212,,,,,,66.4379,r1_measured_00757,read,measured,,,,,22.7599,,ok,0.356
42.6679,566,,,0.4709,,,,,,69.7228,r1_measured_00758,read,measured,,,,,26.1679,,ok,0.3505
40.3071,368,,,0.328,,,,,,56.7942,r1_measured_00759,read,measured,,,,,15.7397,,ok,0.36
28.2372,627,,,0.6067,,,,,,53.6832,r1_measured_00760,read,measured,,,,,24.3814,,ok,0.3512
30.1201,681,,,0.5177,,,,,,54.2573,r1_measured_00761,read,measured,,,,,23.1104,,ok,0.4114
56.8179,680,,,1.3657,,,,,,149.0077,r1_measured_00762,read,measured,,,,,90.4016,,ok,0.3525
71.777,677,,,2.043,,,,,,144.6756,r1_measured_00763,read,measured,,,,,70.4144,,ok,0.3717
87.324,663,,,4.3649,,,,,,133.5186,r1_measured_00764,read,measured,,,,,41.3452,,ok,0.4173
66.5309,679,,,2.1418,,,,,,106.2556,r1_measured_00765,read,measured,,,,,37.0322,,ok,0.4642
81.8003,628,,,1.589,,,,,,137.673,r1_measured_00766,read,measured,,,,,53.7089,,ok,0.499
47.4494,509,,,0.963,,,,,,109.7818,r1_measured_00767,read,measured,,,,,60.9357,,ok,0.3698
62.2851,567,,,9.1156,,,,,,131.0209,r1_measured_00768,read,measured,,,,,59.1931,,ok,0.3616
40.3836,628,,,2.0588,,,,,,96.4672,r1_measured_00769,read,measured,,,,,53.5648,,ok,0.3877
52.28,628,,,2.0228,,,,,,119.0446,r1_measured_00770,read,measured,,,,,64.28,,ok,0.3928
74.7908,680,,,4.3658,,,,,,111.9416,r1_measured_00771,read,measured,,,,,32.3263,,ok,0.3765
61.3267,568,,,1.8708,,,,,,109.8021,r1_measured_00772,read,measured,,,,,46.09,,ok,0.4448
62.4408,509,,,2.1365,,,,,,111.8882,r1_measured_00773,read,measured,,,,,46.8988,,ok,0.3496
45.6865,661,,,3.0128,,,,,,114.3927,r1_measured_00774,read,measured,,,,,65.2615,,ok,0.3625
44.2021,509,,,0.4847,,,,,,75.7535,r1_measured_00775,read,measured,,,,,30.6721,,ok,0.3323
877.1529,680,31.5483,53.7029,0.6216,541.2248,1,53.7008,1,179.5674,944.9135,r1_measured_00776,update,measured,125.8645,67.7606,1,29.9664,66.6541,94.846,ok,0.4072
56.4045,368,,,0.9457,,,,,,59.336,r1_measured_00777,read,measured,,,,,1.5807,,ok,0.3485
38.6408,417,,,0.276,,,,,,69.7112,r1_measured_00778,read,measured,,,,,30.4084,,ok,0.3272
35.8063,689,,,6.6132,,,,,,88.276,r1_measured_00779,read,measured,,,,,45.2989,,ok,0.475
36.3677,416,,,1.7832,,,,,,62.2967,r1_measured_00780,read,measured,,,,,23.3483,,ok,0.6534
34.3635,689,,,1.4626,,,,,,77.2267,r1_measured_00781,read,measured,,,,,40.9133,,ok,0.4199
911.0041,677,35.9214,82.7367,0.8721,559.5267,1,82.735,1,221.3418,938.825,r1_measured_00782,update,measured,138.6051,27.8209,1,52.1135,26.5266,42.1007,ok,0.3523
79.4868,568,,,0.6064,,,,,,106.9011,r1_measured_00783,read,measured,,,,,26.3197,,ok,0.4175
76.9818,417,,,0.3357,,,,,,90.7799,r1_measured_00784,read,measured,,,,,6.0924,,ok,0.4117
75.7111,508,,,0.5242,,,,,,107.1309,r1_measured_00785,read,measured,,,,,30.4813,,ok,0.3531
75.2719,417,,,0.3227,,,,,,79.1351,r1_measured_00786,read,measured,,,,,3.0204,,ok,0.4544
30.4939,680,,,0.5997,,,,,,59.778,r1_measured_00787,read,measured,,,,,28.2685,,ok,0.3463
24.7817,662,,,0.5593,,,,,,54.9401,r1_measured_00788,read,measured,,,,,29.1768,,ok,0.3497
60.9497,628,,,0.6659,,,,,,95.2745,r1_measured_00789,read,measured,,,,,33.1189,,ok,0.3734
57.2648,506,,,0.5486,,,,,,118.8632,r1_measured_00790,read,measured,,,,,60.6285,,ok,0.3538
944.4266,629,29.564,54.8218,1.1919,545.2142,1,54.82,1,218.2748,950.763,r1_measured_00791,update,measured,163.453,6.3364,1,120.8361,4.5495,30.5375,ok,0.5041
54.1023,680,,,0.5313,,,,,,254.4569,r1_measured_00792,read,measured,,,,,12.8319,,ok,0.358
46.4541,566,,,0.5939,,,,,,88.5179,r1_measured_00793,read,measured,,,,,41.0072,,ok,0.3824
44.4151,686,,,1.2236,,,,,,84.4093,r1_measured_00794,read,measured,,,,,38.257,,ok,0.3744
38.6466,677,,,0.5781,,,,,,103.9262,r1_measured_00795,read,measured,,,,,64.1903,,ok,0.4241
891.72,680,38.4019,56.4476,1.5687,540.4743,0,56.446,1,187.1615,919.5766,r1_measured_00796,update,measured,130.7139,27.8566,1,72.8855,25.867,52.7968,ok,0.3515
33.684,629,,,0.4593,,,,,,92.1981,r1_measured_00797,read,measured,,,,,57.646,,ok,0.3433
48.2035,508,,,0.7158,,,,,,63.8768,r1_measured_00798,read,measured,,,,,14.4781,,ok,0.402
31.0094,366,,,0.2415,,,,,,57.1893,r1_measured_00799,read,measured,,,,,25.5374,,ok,0.3494
29.7542,678,,,0.6319,,,,,,79.747,r1_measured_00800,read,measured,,,,,48.9482,,ok,0.3454
27.1749,688,,,1.921,,,,,,83.8048,r1_measured_00801,read,measured,,,,,54.2793,,ok,0.3606
27.1736,678,,,0.7271,,,,,,78.7789,r1_measured_00802,read,measured,,,,,50.3861,,ok,0.4193
24.3969,368,,,0.3055,,,,,,42.9166,r1_measured_00803,read,measured,,,,,17.7454,,ok,0.4065
24.8292,566,,,1.4577,,,,,,79.0756,r1_measured_00804,read,measured,,,,,52.369,,ok,0.3583
23.4661,508,,,0.4244,,,,,,70.9631,r1_measured_00805,read,measured,,,,,46.6469,,ok,0.3603
764.8327,507,32.9159,35.174,1.3543,443.4456,1,35.172,1,168.7252,820.9501,r1_measured_00806,update,measured,133.5512,56.1174,1,61.1375,54.2937,58.6085,ok,0.3982
32.7328,508,,,0.5909,,,,,,53.7037,r1_measured_00807,read,measured,,,,,19.9129,,ok,0.3902
32.1394,417,,,0.5433,,,,,,42.0295,r1_measured_00808,read,measured,,,,,8.8919,,ok,0.3873
60.0149,567,,,1.1285,,,,,,85.4079,r1_measured_00809,read,measured,,,,,23.7282,,ok,0.4543
60.4102,568,,,0.8118,,,,,,81.1144,r1_measured_00810,read,measured,,,,,19.137,,ok,0.4155
57.0405,629,,,3.5435,,,,,,76.8062,r1_measured_00811,read,measured,,,,,15.6001,,ok,0.5341
55.1822,508,,,0.5988,,,,,,119.6665,r1_measured_00812,read,measured,,,,,63.5004,,ok,0.3253
28.2048,680,,,4.8082,,,,,,78.9069,r1_measured_00813,read,measured,,,,,45.4447,,ok,0.3758
21.3295,677,,,33.4169,,,,,,78.0714,r1_measured_00814,read,measured,,,,,22.9073,,ok,0.3426
20.2656,674,,,1.0987,,,,,,35.884,r1_measured_00815,read,measured,,,,,13.761,,ok,0.6878
58.5178,663,,,2.3095,,,,,,81.4538,r1_measured_00816,read,measured,,,,,20.2261,,ok,0.3303
56.2434,679,,,0.8552,,,,,,72.6524,r1_measured_00817,read,measured,,,,,15.0417,,ok,0.4291
53.5007,681,,,1.835,,,,,,81.5279,r1_measured_00818,read,measured,,,,,25.7684,,ok,0.3522
51.6935,681,,,4.2472,,,,,,84.5983,r1_measured_00819,read,measured,,,,,28.2416,,ok,0.3464
50.0933,509,,,0.5236,,,,,,76.5963,r1_measured_00820,read,measured,,,,,25.5881,,ok,0.3257
48.001,677,,,16.8736,,,,,,98.9716,r1_measured_00821,read,measured,,,,,33.6096,,ok,0.3957
46.8478,416,,,0.3352,,,,,,59.5281,r1_measured_00822,read,measured,,,,,11.9475,,ok,0.3391
44.4878,672,,,3.0848,,,,,,132.377,r1_measured_00823,read,measured,,,,,84.3083,,ok,0.4199
36.3104,673,,,1.0949,,,,,,68.9463,r1_measured_00824,read,measured,,,,,31.0195,,ok,0.4406
36.0749,566,,,3.0335,,,,,,68.9632,r1_measured_00825,read,measured,,,,,29.4498,,ok,0.3399
35.3255,681,,,1.9882,,,,,,122.0129,r1_measured_00826,read,measured,,,,,84.2736,,ok,0.3567
46.3306,627,,,0.5608,,,,,,61.9635,r1_measured_00827,read,measured,,,,,14.6362,,ok,0.3597
89.7554,627,,,1.299,,,,,,128.8734,r1_measured_00828,read,measured,,,,,37.3765,,ok,0.3713
100.2199,686,,,0.5203,,,,,,122.7785,r1_measured_00829,read,measured,,,,,21.5825,,ok,0.3762
99.3582,366,,,0.2684,,,,,,112.8605,r1_measured_00830,read,measured,,,,,12.771,,ok,0.4014
108.3615,685,,,1.3428,,,,,,127.571,r1_measured_00831,read,measured,,,,,17.3508,,ok,0.4205
95.1631,629,,,1.0183,,,,,,128.2919,r1_measured_00832,read,measured,,,,,31.665,,ok,0.3745
92.5837,568,,,1.9552,,,,,,123.1788,r1_measured_00833,read,measured,,,,,28.1712,,ok,0.3939
66.7254,567,,,1.3191,,,,,,99.9458,r1_measured_00834,read,measured,,,,,31.4455,,ok,0.3726
60.7303,680,,,0.5896,,,,,,95.3227,r1_measured_00835,read,measured,,,,,33.5714,,ok,0.3641
64.2768,626,,,0.5777,,,,,,93.5216,r1_measured_00836,read,measured,,,,,28.2359,,ok,0.3577
101.9317,628,,,0.7296,,,,,,154.7053,r1_measured_00837,read,measured,,,,,51.5932,,ok,0.3811
99.7565,663,,,0.638,,,,,,160.8321,r1_measured_00838,read,measured,,,,,59.9817,,ok,0.3795
94.3638,678,,,1.3564,,,,,,159.9026,r1_measured_00839,read,measured,,,,,63.7405,,ok,0.3694
125.8539,629,,,2.7463,,,,,,159.2101,r1_measured_00840,read,measured,,,,,30.126,,ok,0.4029
90.8283,689,,,0.5898,,,,,,147.1408,r1_measured_00841,read,measured,,,,,55.2461,,ok,0.3987
88.9798,568,,,1.9633,,,,,,155.0051,r1_measured_00842,read,measured,,,,,63.5878,,ok,0.3561
87.2267,509,,,0.5223,,,,,,139.4624,r1_measured_00843,read,measured,,,,,51.2288,,ok,0.4202
119.8833,627,,,0.5524,,,,,,154.8716,r1_measured_00844,read,measured,,,,,33.9686,,ok,0.4012
632.6037,369,19.8276,118.1021,0.2549,236.0927,0,118.1,1,315.0341,642.2174,r1_measured_00845,update,measured,196.932,9.6137,1,0.0052,8.9603,61.6441,ok,0.3453
68.4472,680,,,0.5611,,,,,,126.267,r1_measured_00846,read,measured,,,,,56.8201,,ok,0.368
751.8701,566,24.3898,32.4263,0.7678,388.2451,1,32.4246,1,275.709,762.6354,r1_measured_00847,update,measured,243.2827,10.7653,1,24.8496,9.5493,38.6766,ok,0.3763
31.4488,672,,,2.3538,,,,,,90.167,r1_measured_00848,read,measured,,,,,55.9222,,ok,0.3695
54.7383,679,,,0.6539,,,,,,72.794,r1_measured_00849,read,measured,,,,,16.8956,,ok,0.4262
52.8933,418,,,0.2994,,,,,,73.3859,r1_measured_00850,read,measured,,,,,19.7432,,ok,0.3879
21.6088,509,,,3.9729,,,,,,94.5889,r1_measured_00851,read,measured,,,,,68.5747,,ok,0.3753
91.1994,677,,,1.0623,,,,,,115.7091,r1_measured_00852,read,measured,,,,,22.8968,,ok,0.473
90.4997,687,,,1.2002,,,,,,120.9007,r1_measured_00853,read,measured,,,,,28.7789,,ok,0.3496
86.8031,568,,,0.5725,,,,,,126.9166,r1_measured_00854,read,measured,,,,,39.1393,,ok,0.3413
86.1346,368,,,0.334,,,,,,103.3032,r1_measured_00855,read,measured,,,,,16.3813,,ok,0.3814
85.9721,680,,,0.5146,,,,,,122.8754,r1_measured_00856,read,measured,,,,,35.9316,,ok,0.3894
84.3633,663,,,0.5031,,,,,,117.2552,r1_measured_00857,read,measured,,,,,31.9606,,ok,0.3365
81.1696,678,,,1.6756,,,,,,113.6624,r1_measured_00858,read,measured,,,,,30.3988,,ok,0.35
28.0822,689,,,0.6542,,,,,,64.1975,r1_measured_00859,read,measured,,,,,35.0529,,ok,0.3458
73.3896,508,,,1.6267,,,,,,192.3558,r1_measured_00860,read,measured,,,,,116.9603,,ok,0.3208
67.2988,509,,,89.138,,,,,,172.8316,r1_measured_00861,read,measured,,,,,15.8997,,ok,0.4059
67.4505,509,,,0.4874,,,,,,210.6058,r1_measured_00862,read,measured,,,,,142.1837,,ok,0.4131
65.5891,628,,,1.2867,,,,,,195.3296,r1_measured_00863,read,measured,,,,,127.8057,,ok,0.5577
61.7648,661,,,1.5756,,,,,,166.0505,r1_measured_00864,read,measured,,,,,14.5372,,ok,88.063
63.9995,418,,,0.3924,,,,,,67.0132,r1_measured_00865,read,measured,,,,,2.0724,,ok,0.4727
61.6236,680,,,93.7396,,,,,,166.9001,r1_measured_00866,read,measured,,,,,11.1364,,ok,0.329
58.0173,508,,,2.4805,,,,,,192.079,r1_measured_00867,read,measured,,,,,130.8899,,ok,0.5683
54.8964,686,,,1.3213,,,,,,177.3243,r1_measured_00868,read,measured,,,,,120.6853,,ok,0.3497
53.3567,680,,,0.7329,,,,,,186.0496,r1_measured_00869,read,measured,,,,,131.3756,,ok,0.5008
51.2456,568,,,0.5375,,,,,,64.1942,r1_measured_00870,read,measured,,,,,11.9974,,ok,0.349
46.9855,662,,,1.1111,,,,,,188.4148,r1_measured_00871,read,measured,,,,,139.8005,,ok,0.4276
30.7492,508,,,0.6678,,,,,,284.5122,r1_measured_00872,read,measured,,,,,34.8113,,ok,0.3523
24.4176,416,,,0.2737,,,,,,29.2521,r1_measured_00873,read,measured,,,,,4.162,,ok,0.3451
123.5092,674,,,6.3585,,,,,,180.8504,r1_measured_00874,read,measured,,,,,50.5134,,ok,0.3929
133.1351,688,,,2.8966,,,,,,156.2207,r1_measured_00875,read,measured,,,,,19.6902,,ok,0.4105
120.7506,629,,,0.4682,,,,,,559.989,r1_measured_00876,read,measured,,,,,12.1996,,ok,0.4028
118.604,680,,,0.564,,,,,,195.6314,r1_measured_00877,read,measured,,,,,76.043,,ok,0.3551
127.8034,677,,,0.765,,,,,,187.5036,r1_measured_00878,read,measured,,,,,58.5306,,ok,0.3407
129.054,681,,,1.0656,,,,,,188.9114,r1_measured_00879,read,measured,,,,,58.389,,ok,0.3389
775.836,629,95.7165,103.4745,2.5286,420.194,1,103.4725,1,206.7307,838.9162,r1_measured_00880,update,measured,103.2562,63.0802,1,16.4378,60.1105,36.757,ok,0.3648
111.6976,628,,,2.1367,,,,,,129.1794,r1_measured_00881,read,measured,,,,,14.8021,,ok,0.454
98.0707,629,,,2.5135,,,,,,569.7488,r1_measured_00882,read,measured,,,,,42.9179,,ok,0.3917
823.4331,678,71.1752,134.8497,4.0593,432.983,1,134.848,1,203.6502,846.4586,r1_measured_00883,update,measured,68.8005,23.0255,1,56.2371,18.5187,59.3876,ok,0.376
43.921,418,,,0.3266,,,,,,69.5691,r1_measured_00884,read,measured,,,,,24.8846,,ok,0.3757
54.1031,671,,,1.2576,,,,,,91.3404,r1_measured_00885,read,measured,,,,,35.483,,ok,0.4211
51.049,369,,,0.2438,,,,,,69.2531,r1_measured_00886,read,measured,,,,,17.5726,,ok,0.3285
26.3954,685,,,1.8112,,,,,,62.123,r1_measured_00887,read,measured,,,,,33.5064,,ok,0.3338
37.4608,418,,,1.8486,,,,,,51.5,r1_measured_00888,read,measured,,,,,11.8085,,ok,0.3258
62.0562,369,,,0.2241,,,,,,70.0389,r1_measured_00889,read,measured,,,,,7.3896,,ok,0.322
60.2927,680,,,1.4789,,,,,,76.9131,r1_measured_00890,read,measured,,,,,14.7572,,ok,0.3183
56.7659,663,,,1.9536,,,,,,60.7792,r1_measured_00891,read,measured,,,,,1.6604,,ok,0.3356
53.4282,663,,,3.3291,,,,,,90.0221,r1_measured_00892,read,measured,,,,,32.8368,,ok,0.362
49.5718,567,,,1.7568,,,,,,83.0065,r1_measured_00893,read,measured,,,,,31.2783,,ok,0.3403
48.9947,661,,,1.0215,,,,,,75.7547,r1_measured_00894,read,measured,,,,,25.3422,,ok,0.3321
646.545,629,70.7349,47.2952,3.2057,376.6666,0,47.2933,1,144.2313,716.7397,r1_measured_00895,update,measured,96.9361,70.1947,1,0.0053,66.5615,54.9069,ok,0.3609
25.8122,685,,,1.1857,,,,,,47.291,r1_measured_00896,read,measured,,,,,19.8654,,ok,0.3582
22.9631,661,,,7.3678,,,,,,72.5554,r1_measured_00897,read,measured,,,,,41.8331,,ok,0.3245
18.186,506,,,18.7328,,,,,,73.2269,r1_measured_00898,read,measured,,,,,35.8682,,ok,0.3656
19.7383,568,,,0.8612,,,,,,45.6562,r1_measured_00899,read,measured,,,,,24.5986,,ok,0.391
15.3037,680,,,4.8036,,,,,,28.723,r1_measured_00900,read,measured,,,,,8.223,,ok,0.3281
16.8217,418,,,4.3873,,,,,,23.466,r1_measured_00901,read,measured,,,,,1.8539,,ok,0.3379
17.972,418,,,0.3409,,,,,,21.506,r1_measured_00902,read,measured,,,,,2.666,,ok,0.46
15.2073,689,,,0.8088,,,,,,35.5617,r1_measured_00903,read,measured,,,,,19.0705,,ok,0.3928
16.3131,663,,,0.5334,,,,,,64.8317,r1_measured_00904,read,measured,,,,,47.6004,,ok,0.3208
14.9077,626,,,11.6917,,,,,,40.3276,r1_measured_00905,read,measured,,,,,13.2345,,ok,0.4158
10.6634,508,,,1.8415,,,,,,57.906,r1_measured_00906,read,measured,,,,,45.0017,,ok,0.3393
39.1266,627,,,1.2587,,,,,,58.3205,r1_measured_00907,read,measured,,,,,17.5348,,ok,0.3358
22.733,674,,,0.6319,,,,,,47.7872,r1_measured_00908,read,measured,,,,,23.9368,,ok,0.3627
20.1542,566,,,0.5811,,,,,,59.0851,r1_measured_00909,read,measured,,,,,37.8652,,ok,0.4161
28.8841,568,,,0.444,,,,,,55.3358,r1_measured_00910,read,measured,,,,,25.6049,,ok,0.3254
14.7463,509,,,0.974,,,,,,49.0627,r1_measured_00911,read,measured,,,,,32.9627,,ok,0.3233
79.673,629,,,1.1297,,,,,,114.4939,r1_measured_00912,read,measured,,,,,33.2829,,ok,0.3409
76.7239,508,,,3.5049,,,,,,106.4151,r1_measured_00913,read,measured,,,,,25.7792,,ok,0.3432
59.1184,688,,,0.5911,,,,,,107.039,r1_measured_00914,read,measured,,,,,46.9077,,ok,0.3482
63.1833,679,,,1.1007,,,,,,126.9606,r1_measured_00915,read,measured,,,,,62.2595,,ok,0.3477
76.6038,678,,,1.4675,,,,,,140.3489,r1_measured_00916,read,measured,,,,,29.3133,,ok,0.3852
50.1962,678,,,0.9622,,,,,,139.7131,r1_measured_00917,read,measured,,,,,42.3152,,ok,0.3723
37.1562,509,,,0.4603,,,,,,77.5573,r1_measured_00918,read,measured,,,,,39.506,,ok,0.3589
51.5663,686,,,1.6744,,,,,,94.9341,r1_measured_00919,read,measured,,,,,41.2025,,ok,0.3375
33.841,417,,,0.3117,,,,,,58.3248,r1_measured_00920,read,measured,,,,,23.7465,,ok,0.3643
70.7136,629,,,5.8688,,,,,,97.0089,r1_measured_00921,read,measured,,,,,20.0598,,ok,0.3072
68.7886,508,,,0.4705,,,,,,104.2123,r1_measured_00922,read,measured,,,,,34.5123,,ok,0.3698
65.7223,677,,,0.9163,,,,,,170.2836,r1_measured_00923,read,measured,,,,,7.5555,,ok,0.3794
64.1957,689,,,5.9041,,,,,,91.2457,r1_measured_00924,read,measured,,,,,20.7462,,ok,0.3288
62.98,366,,,0.8658,,,,,,77.2612,r1_measured_00925,read,measured,,,,,13.0319,,ok,0.3332
71.4236,629,,,5.3954,,,,,,124.7182,r1_measured_00926,read,measured,,,,,39.83,,ok,0.3418
68.7983,629,,,1.9946,,,,,,101.961,r1_measured_00927,read,measured,,,,,30.6691,,ok,0.4194
25.1283,629,,,2.525,,,,,,68.9136,r1_measured_00928,read,measured,,,,,40.819,,ok,0.3713
15.2705,417,,,0.2489,,,,,,21.5951,r1_measured_00929,read,measured,,,,,5.6512,,ok,0.3694
21.3468,419,,,0.2533,,,,,,28.7136,r1_measured_00930,read,measured,,,,,6.6901,,ok,0.3649
19.8453,366,,,0.2317,,,,,,25.2011,r1_measured_00931,read,measured,,,,,4.7357,,ok,0.3388
16.1426,680,,,2.2154,,,,,,55.5139,r1_measured_00932,read,measured,,,,,36.7036,,ok,0.3815
13.8026,680,,,0.7074,,,,,,35.5384,r1_measured_00933,read,measured,,,,,20.5508,,ok,0.404
19.6689,662,,,1.3893,,,,,,38.7065,r1_measured_00934,read,measured,,,,,17.1757,,ok,0.3781
17.5712,417,,,0.3149,,,,,,23.238,r1_measured_00935,read,measured,,,,,4.9376,,ok,0.355
15.0728,629,,,24.5292,,,,,,374.5131,r1_measured_00936,read,measured,,,,,7.3601,,ok,0.3962
13.1448,626,,,3.1593,,,,,,43.4075,r1_measured_00937,read,measured,,,,,26.6345,,ok,0.3939
12.3862,568,,,3.8836,,,,,,39.809,r1_measured_00938,read,measured,,,,,23.0877,,ok,0.3798
757.9354,673,157.7305,13.1996,2.6932,469.065,1,13.1976,1,75.0333,895.4337,r1_measured_00939,update,measured,61.8337,137.4983,1,15.07,134.4176,41.0366,ok,0.3195
20.4978,629,,,0.6373,,,,,,53.135,r1_measured_00940,read,measured,,,,,31.4156,,ok,0.5101
18.1151,628,,,1.9641,,,,,,42.8906,r1_measured_00941,read,measured,,,,,22.3258,,ok,0.398
16.7202,508,,,3.5159,,,,,,42.7357,r1_measured_00942,read,measured,,,,,22.067,,ok,0.3607
11.9117,680,,,1.4559,,,,,,34.6165,r1_measured_00943,read,measured,,,,,20.5547,,ok,0.6056
25.0639,509,,,0.699,,,,,,37.4113,r1_measured_00944,read,measured,,,,,11.0203,,ok,0.5609
18.0355,417,,,0.2682,,,,,,25.8198,r1_measured_00945,read,measured,,,,,7.1066,,ok,0.3536
22.3811,566,,,0.6844,,,,,,35.3469,r1_measured_00946,read,measured,,,,,11.8412,,ok,0.373
14.8683,680,,,0.5498,,,,,,119.5737,r1_measured_00947,read,measured,,,,,3.8478,,ok,0.3402
35.5033,661,,,4.8588,,,,,,86.6561,r1_measured_00948,read,measured,,,,,45.8602,,ok,0.3516
34.3052,678,,,1.0664,,,,,,39.293,r1_measured_00949,read,measured,,,,,3.3623,,ok,0.4726
31.9015,677,,,6.0626,,,,,,96.7318,r1_measured_00950,read,measured,,,,,58.2987,,ok,0.3864
26.6183,688,,,0.6974,,,,,,52.4754,r1_measured_00951,read,measured,,,,,24.6675,,ok,0.4165
23.7212,567,,,3.2259,,,,,,48.8453,r1_measured_00952,read,measured,,,,,21.3931,,ok,0.4311
27.1541,627,,,1.7478,,,,,,32.9746,r1_measured_00953,read,measured,,,,,3.6028,,ok,0.3942
23.2501,681,,,1.7032,,,,,,85.0703,r1_measured_00954,read,measured,,,,,59.5209,,ok,0.5144
21.7068,679,,,2.2328,,,,,,41.6881,r1_measured_00955,read,measured,,,,,17.219,,ok,0.4444
17.1646,678,,,1.561,,,,,,41.9636,r1_measured_00956,read,measured,,,,,22.7675,,ok,0.3759
16.7512,629,,,0.7472,,,,,,172.4028,r1_measured_00957,read,measured,,,,,32.3377,,ok,0.3735
13.9273,663,,,3.5551,,,,,,69.8499,r1_measured_00958,read,measured,,,,,51.9169,,ok,0.3635
23.8472,678,,,5.317,,,,,,75.7954,r1_measured_00959,read,measured,,,,,46.1462,,ok,0.3957
23.1936,366,,,0.2474,,,,,,29.121,r1_measured_00960,read,measured,,,,,5.2506,,ok,0.3748
21.7515,567,,,1.3108,,,,,,59.6707,r1_measured_00961,read,measured,,,,,36.1934,,ok,0.3447
8.8184,678,,,1.626,,,,,,56.6445,r1_measured_00962,read,measured,,,,,45.7666,,ok,0.3585
29.2525,663,,,0.6879,,,,,,56.9898,r1_measured_00963,read,measured,,,,,26.5727,,ok,0.4043
66.5865,627,,,2.8303,,,,,,111.9239,r1_measured_00964,read,measured,,,,,42.0269,,ok,0.4072
68.5678,627,,,2.0795,,,,,,76.8085,r1_measured_00965,read,measured,,,,,4.8723,,ok,1.2077
62.3134,680,,,3.3322,,,,,,93.955,r1_measured_00966,read,measured,,,,,27.7443,,ok,0.4872
61.2673,568,,,2.9713,,,,,,83.7499,r1_measured_00967,read,measured,,,,,19.0166,,ok,0.4233
59.9986,663,,,3.7488,,,,,,98.5148,r1_measured_00968,read,measured,,,,,34.2089,,ok,0.4573
59.2267,663,,,1.5944,,,,,,104.6923,r1_measured_00969,read,measured,,,,,43.4289,,ok,0.3718
57.7827,568,,,0.8425,,,,,,75.5256,r1_measured_00970,read,measured,,,,,16.408,,ok,0.4246
35.3421,679,,,3.1382,,,,,,48.2188,r1_measured_00971,read,measured,,,,,9.2057,,ok,0.4367
32.7967,508,,,1.856,,,,,,82.3987,r1_measured_00972,read,measured,,,,,47.3217,,ok,0.3599
886.2058,627,31.0429,29.4748,0.5576,647.3906,1,29.473,1,133.4482,924.6363,r1_measured_00973,update,measured,103.9734,38.4305,1,15.41,37.374,58.9141,ok,0.4198
27.334,679,,,15.6469,,,,,,62.3446,r1_measured_00974,read,measured,,,,,18.8475,,ok,0.4242
24.6526,663,,,12.9192,,,,,,55.9338,r1_measured_00975,read,measured,,,,,17.8945,,ok,0.3907
23.2714,509,,,6.6945,,,,,,50.2738,r1_measured_00976,read,measured,,,,,19.7826,,ok,0.4536
22.5595,663,,,4.6362,,,,,,55.6611,r1_measured_00977,read,measured,,,,,28.0157,,ok,0.3783
21.9036,416,,,0.4397,,,,,,27.6597,r1_measured_00978,read,measured,,,,,4.7073,,ok,0.5317
20.7225,681,,,4.4555,,,,,,43.6388,r1_measured_00979,read,measured,,,,,17.9352,,ok,0.4407
18.7686,509,,,2.2752,,,,,,48.414,r1_measured_00980,read,measured,,,,,26.9176,,ok,0.3877
46.0283,509,,,0.8203,,,,,,60.3054,r1_measured_00981,read,measured,,,,,13.0342,,ok,0.36
36.9799,508,,,7.6867,,,,,,74.1988,r1_measured_00982,read,measured,,,,,29.0855,,ok,0.3807
33.6324,688,,,0.6575,,,,,,63.2249,r1_measured_00983,read,measured,,,,,28.4844,,ok,0.3742
18.5826,627,,,1.2318,,,,,,44.8937,r1_measured_00984,read,measured,,,,,24.6435,,ok,0.3605
52.4293,627,,,2.6722,,,,,,61.8133,r1_measured_00985,read,measured,,,,,6.278,,ok,0.3613
47.803,686,,,1.7554,,,,,,61.8,r1_measured_00986,read,measured,,,,,11.8108,,ok,0.3558
43.5449,679,,,0.9193,,,,,,70.5207,r1_measured_00987,read,measured,,,,,25.6283,,ok,0.3536
835.4419,568,27.365,39.7241,9.0813,555.7361,1,39.7219,1,149.2669,862.2099,r1_measured_00988,update,measured,109.5428,26.768,1,33.8367,17.2805,69.2372,ok,0.3465
36.6581,688,,,3.5837,,,,,,57.8744,r1_measured_00989,read,measured,,,,,17.1809,,ok,0.3804
948.6359,674,38.6246,33.5963,1.6803,595.7329,0,33.5942,1,144.3284,962.3412,r1_measured_00990,update,measured,110.7321,13.7053,1,111.0477,11.434,58.9023,ok,0.5127
31.3721,417,,,1.0002,,,,,,46.5566,r1_measured_00991,read,measured,,,,,13.7734,,ok,0.3561
30.6885,685,,,1.7853,,,,,,50.0913,r1_measured_00992,read,measured,,,,,17.2033,,ok,0.3463
29.9346,568,,,1.3657,,,,,,51.3639,r1_measured_00993,read,measured,,,,,19.6458,,ok,0.3511
28.608,679,,,2.6857,,,,,,43.9252,r1_measured_00994,read,measured,,,,,12.21,,ok,0.3512
29.1966,678,,,0.6142,,,,,,50.2324,r1_measured_00995,read,measured,,,,,19.955,,ok,0.3539
24.959,566,,,1.2137,,,,,,51.0219,r1_measured_00996,read,measured,,,,,24.4388,,ok,0.3479
61.3835,418,,,0.3161,,,,,,65.3471,r1_measured_00997,read,measured,,,,,3.2204,,ok,0.3636
58.6585,679,,,0.5885,,,,,,115.0744,r1_measured_00998,read,measured,,,,,55.3394,,ok,0.3941
52.7431,629,,,1.0104,,,,,,208.3059,r1_measured_00999,read,measured,,,,,63.4855,,ok,0.3668
54.4131,628,,,21.8619,,,,,,94.2396,r1_measured_01000,read,measured,,,,,17.422,,ok,0.4576
48.6857,567,,,1.4877,,,,,,113.3354,r1_measured_01001,read,measured,,,,,62.7085,,ok,0.3809
48.5129,673,,,0.7938,,,,,,62.9441,r1_measured_01002,read,measured,,,,,13.2098,,ok,0.3589
49.406,568,,,2.8467,,,,,,89.85,r1_measured_01003,read,measured,,,,,37.0521,,ok,0.4457
44.9505,629,,,0.9399,,,,,,113.6408,r1_measured_01004,read,measured,,,,,67.3059,,ok,0.3661
43.728,689,,,21.3803,,,,,,82.4714,r1_measured_01005,read,measured,,,,,16.7141,,ok,0.548
35.2419,627,,,1.4238,,,,,,99.5306,r1_measured_01006,read,measured,,,,,62.4186,,ok,0.3739
30.4434,628,,,0.5047,,,,,,95.9379,r1_measured_01007,read,measured,,,,,64.5543,,ok,0.3626
785.2048,687,14.1767,27.6501,5.3141,570.4085,0,27.6477,1,154.3127,808.426,r1_measured_01008,update,measured,126.6626,23.2212,1,0.0074,17.4807,46.2995,ok,0.3555
26.2801,509,,,2.2477,,,,,,86.5391,r1_measured_01009,read,measured,,,,,57.5762,,ok,0.3653
25.2955,628,,,0.992,,,,,,76.4562,r1_measured_01010,read,measured,,,,,49.6626,,ok,0.4218
23.8294,689,,,0.6785,,,,,,78.3599,r1_measured_01011,read,measured,,,,,53.3571,,ok,0.4157
22.2318,508,,,0.9845,,,,,,99.289,r1_measured_01012,read,measured,,,,,75.6231,,ok,0.3768
22.4831,419,,,0.2842,,,,,,28.7941,r1_measured_01013,read,measured,,,,,5.6034,,ok,0.3629
20.69,678,,,4.3632,,,,,,75.1401,r1_measured_01014,read,measured,,,,,49.6242,,ok,0.3758
21.3464,663,,,20.3908,,,,,,53.3916,r1_measured_01015,read,measured,,,,,10.8273,,ok,0.7161
19.8728,417,,,0.2965,,,,,,30.3718,r1_measured_01016,read,measured,,,,,9.7999,,ok,0.3456
53.1582,661,,,0.7666,,,,,,94.9256,r1_measured_01017,read,measured,,,,,40.5653,,ok,0.3543
51.4207,689,,,8.8246,,,,,,87.4387,r1_measured_01018,read,measured,,,,,26.5378,,ok,0.5464
30.0912,508,,,0.5596,,,,,,84.7918,r1_measured_01019,read,measured,,,,,53.6701,,ok,0.3878
30.7825,508,,,1.7142,,,,,,71.7692,r1_measured_01020,read,measured,,,,,38.8368,,ok,0.3531
62.5419,680,,,0.7247,,,,,,81.9136,r1_measured_01021,read,measured,,,,,18.1624,,ok,0.4015
60.1396,680,,,0.8725,,,,,,76.598,r1_measured_01022,read,measured,,,,,15.1513,,ok,0.3596
57.7214,680,,,0.5066,,,,,,79.944,r1_measured_01023,read,measured,,,,,21.2692,,ok,0.3786
59.8598,680,,,1.9241,,,,,,71.7784,r1_measured_01024,read,measured,,,,,9.481,,ok,0.4382
33.7116,567,,,1.7254,,,,,,48.5889,r1_measured_01025,read,measured,,,,,12.7032,,ok,0.3731
32.5648,568,,,0.4543,,,,,,56.7055,r1_measured_01026,read,measured,,,,,23.2618,,ok,0.3557
101.9596,676,,,1.6956,,,,,,134.7365,r1_measured_01027,read,measured,,,,,30.645,,ok,0.3652
59.421,661,,,1.7264,,,,,,121.1459,r1_measured_01028,read,measured,,,,,59.5882,,ok,0.3327
63.1242,679,,,1.4423,,,,,,111.0391,r1_measured_01029,read,measured,,,,,46.0081,,ok,0.3886
46.3659,368,,,0.2745,,,,,,86.871,r1_measured_01030,read,measured,,,,,39.802,,ok,0.3694
45.423,676,,,4.7733,,,,,,115.1944,r1_measured_01031,read,measured,,,,,64.5759,,ok,0.3351
67.0834,508,,,1.5942,,,,,,160.6228,r1_measured_01032,read,measured,,,,,91.4999,,ok,0.3732
42.2401,681,,,2.5004,,,,,,110.7158,r1_measured_01033,read,measured,,,,,65.5269,,ok,0.3695
41.4671,629,,,0.5988,,,,,,102.6854,r1_measured_01034,read,measured,,,,,60.2146,,ok,0.336
39.0132,368,,,0.2736,,,,,,85.6553,r1_measured_01035,read,measured,,,,,45.9461,,ok,0.3661
39.5297,627,,,1.2999,,,,,,109.827,r1_measured_01036,read,measured,,,,,68.5879,,ok,0.3454
37.3711,568,,,5.2829,,,,,,115.191,r1_measured_01037,read,measured,,,,,72.1135,,ok,0.3615
29.8644,662,,,2.006,,,,,,95.0307,r1_measured_01038,read,measured,,,,,62.6995,,ok,0.3943
27.4178,417,,,0.3097,,,,,,75.1295,r1_measured_01039,read,measured,,,,,46.9775,,ok,0.3705
25.4642,628,,,2.1622,,,,,,92.2013,r1_measured_01040,read,measured,,,,,64.132,,ok,0.3639
24.3548,662,,,0.8734,,,,,,129.4158,r1_measured_01041,read,measured,,,,,103.6232,,ok,0.4649
825.837,507,46.8999,34.0905,0.7738,510.8662,1,34.089,1,197.2695,847.3211,r1_measured_01042,update,measured,163.179,21.4841,1,34.7469,20.2767,36.0545,ok,0.3689
97.4219,566,,,0.8422,,,,,,143.8658,r1_measured_01043,read,measured,,,,,45.1853,,ok,0.3511
105.4689,369,,,0.5124,,,,,,124.2007,r1_measured_01044,read,measured,,,,,17.7366,,ok,0.4179
95.0044,417,,,0.2972,,,,,,126.5977,r1_measured_01045,read,measured,,,,,30.8703,,ok,0.3692
91.8082,368,,,0.2503,,,,,,124.6559,r1_measured_01046,read,measured,,,,,32.1876,,ok,0.3543
117.813,674,,,1.5065,,,,,,136.9436,r1_measured_01047,read,measured,,,,,17.1982,,ok,0.3539
104.8239,677,,,0.9819,,,,,,130.8949,r1_measured_01048,read,measured,,,,,24.6544,,ok,0.3614
71.9592,417,,,0.3051,,,,,,91.4929,r1_measured_01049,read,measured,,,,,18.7901,,ok,0.3764
57.3578,689,,,1.3566,,,,,,76.3563,r1_measured_01050,read,measured,,,,,17.0004,,ok,0.462
43.384,675,,,0.5272,,,,,,82.5491,r1_measured_01051,read,measured,,,,,38.2266,,ok,0.3457
41.5003,679,,,0.7166,,,,,,93.9531,r1_measured_01052,read,measured,,,,,51.2853,,ok,0.3794
38.5933,661,,,1.592,,,,,,73.1607,r1_measured_01053,read,measured,,,,,32.5223,,ok,0.3745
860.9589,679,28.4175,79.446,1.0958,339.5632,1,79.4443,1,337.2108,912.4402,r1_measured_01054,update,measured,257.7648,51.4813,1,11.9888,49.9384,143.7786,ok,0.3703
73.2712,680,,,3.8682,,,,,,93.9968,r1_measured_01055,read,measured,,,,,16.3997,,ok,0.3796
76.0095,627,,,1.5467,,,,,,89.1955,r1_measured_01056,read,measured,,,,,11.1785,,ok,0.3927
68.3893,567,,,0.5,,,,,,96.0459,r1_measured_01057,read,measured,,,,,26.7304,,ok,0.3608
67.6735,566,,,1.6881,,,,,,90.9735,r1_measured_01058,read,measured,,,,,21.1508,,ok,0.3765
66.5324,419,,,0.2831,,,,,,77.4445,r1_measured_01059,read,measured,,,,,10.2122,,ok,0.3611
65.9452,673,,,2.3194,,,,,,84.4216,r1_measured_01060,read,measured,,,,,15.6932,,ok,0.3909
63.3668,629,,,4.5188,,,,,,87.915,r1_measured_01061,read,measured,,,,,19.5671,,ok,0.3894
731.0659,417,44.5216,62.149,0.3079,206.241,1,62.147,1,323.3173,732.31,r1_measured_01062,update,measured,261.1683,1.2441,1,53.4889,0.4998,103.4971,ok,0.3801
56.5823,368,,,0.2491,,,,,,65.0549,r1_measured_01063,read,measured,,,,,7.823,,ok,0.3438
30.5382,623,,,1.4527,,,,,,60.1001,r1_measured_01064,read,measured,,,,,27.6315,,ok,0.3889
29.0597,567,,,0.8882,,,,,,41.6826,r1_measured_01065,read,measured,,,,,11.2823,,ok,0.3834
837.451,677,110.9555,26.5825,0.711,286.7962,1,26.5807,1,291.3806,875.7243,r1_measured_01066,update,measured,264.7981,38.2733,1,21.7055,37.1221,126.6132,ok,0.3645
25.6645,681,,,1.0336,,,,,,53.1688,r1_measured_01067,read,measured,,,,,26.0227,,ok,0.3731
807.8363,567,28.0563,63.6462,3.7529,338.3453,1,63.6444,1,309.0255,867.791,r1_measured_01068,update,measured,245.3793,59.9547,1,72.7762,55.7883,59.633,ok,0.3454
60.9917,678,,,5.5538,,,,,,114.9445,r1_measured_01069,read,measured,,,,,47.8819,,ok,0.4286
62.2352,508,,,0.825,,,,,,73.1967,r1_measured_01070,read,measured,,,,,9.7019,,ok,0.3791
52.0432,677,,,0.828,,,,,,116.2144,r1_measured_01071,read,measured,,,,,62.923,,ok,0.3427
51.2051,663,,,1.3263,,,,,,110.4767,r1_measured_01072,read,measured,,,,,57.4219,,ok,0.3757
54.959,689,,,1.0303,,,,,,76.3309,r1_measured_01073,read,measured,,,,,19.6588,,ok,0.6063
48.4707,509,,,0.4792,,,,,,67.1271,r1_measured_01074,read,measured,,,,,17.7215,,ok,0.3926
46.9661,417,,,0.6163,,,,,,54.8173,r1_measured_01075,read,measured,,,,,6.777,,ok,0.3909
39.3414,509,,,1.4367,,,,,,58.2158,r1_measured_01076,read,measured,,,,,16.9506,,ok,0.417
662.8005,509,17.8068,34.1583,2.139,233.9661,0,34.1566,1,279.0055,759.5266,r1_measured_01077,update,measured,244.8472,96.7261,1,61.9052,94.1518,70.1169,ok,0.3567
34.1214,680,,,0.8303,,,,,,54.6726,r1_measured_01078,read,measured,,,,,19.2257,,ok,0.4051
31.7882,366,,,0.433,,,,,,40.7957,r1_measured_01079,read,measured,,,,,8.1711,,ok,0.3505
30.3299,680,,,1.6855,,,,,,54.2041,r1_measured_01080,read,measured,,,,,21.736,,ok,0.3726
28.785,680,,,0.577,,,,,,44.4188,r1_measured_01081,read,measured,,,,,14.5629,,ok,0.4208
22.7296,662,,,18.3712,,,,,,69.3811,r1_measured_01082,read,measured,,,,,27.8076,,ok,0.3997
24.3083,368,,,0.2404,,,,,,33.5285,r1_measured_01083,read,measured,,,,,8.55,,ok,0.3718
24.2209,509,,,3.9605,,,,,,40.0763,r1_measured_01084,read,measured,,,,,11.4473,,ok,0.3885
19.5624,680,,,0.5347,,,,,,82.5306,r1_measured_01085,read,measured,,,,,62.0315,,ok,0.3286
17.3529,417,,,1.4298,,,,,,21.1447,r1_measured_01086,read,measured,,,,,1.9262,,ok,0.3788
17.9463,662,,,0.5753,,,,,,32.3471,r1_measured_01087,read,measured,,,,,13.4012,,ok,0.3542
62.0391,663,,,1.8992,,,,,,87.6031,r1_measured_01088,read,measured,,,,,23.2545,,ok,0.3433
60.206,418,,,1.8036,,,,,,70.4027,r1_measured_01089,read,measured,,,,,7.95,,ok,0.3808
57.361,688,,,1.8239,,,,,,78.247,r1_measured_01090,read,measured,,,,,18.6487,,ok,0.3436
41.362,680,,,0.6278,,,,,,68.5169,r1_measured_01091,read,measured,,,,,26.1111,,ok,0.3487
37.5888,623,,,1.4407,,,,,,59.3121,r1_measured_01092,read,measured,,,,,19.768,,ok,0.4471
35.5544,628,,,2.1812,,,,,,58.5633,r1_measured_01093,read,measured,,,,,20.3911,,ok,0.3687
35.8772,687,,,0.9651,,,,,,481.3699,r1_measured_01094,read,measured,,,,,26.3444,,ok,0.6357
199.4561,680,,,0.7714,,,,,,259.0342,r1_measured_01095,read,measured,,,,,58.3681,,ok,0.3637
206.4841,627,,,2.9601,,,,,,290.9391,r1_measured_01096,read,measured,,,,,81.0913,,ok,0.3196
206.0371,678,,,0.6018,,,,,,347.4629,r1_measured_01097,read,measured,,,,,140.4365,,ok,0.3187
203.2346,680,,,12.1405,,,,,,282.7747,r1_measured_01098,read,measured,,,,,67.0058,,ok,0.322
198.7866,686,,,1.6287,,,,,,350.0,r1_measured_01099,read,measured,,,,,149.1983,,ok,0.3151
199.0483,509,,,1.0747,,,,,,205.8363,r1_measured_01100,read,measured,,,,,5.3024,,ok,0.3309
201.1655,627,,,1.942,,,,,,334.0221,r1_measured_01101,read,measured,,,,,130.4914,,ok,0.3431
199.2802,680,,,0.4702,,,,,,275.6922,r1_measured_01102,read,measured,,,,,75.5024,,ok,0.3234
194.4337,509,,,0.3962,,,,,,203.2596,r1_measured_01103,read,measured,,,,,8.0383,,ok,0.3236
173.6287,568,,,6.6117,,,,,,302.616,r1_measured_01104,read,measured,,,,,121.9543,,ok,0.3222
166.12,661,,,4.3539,,,,,,239.847,r1_measured_01105,read,measured,,,,,68.8336,,ok,0.4574
163.2061,689,,,3.701,,,,,,304.9316,r1_measured_01106,read,measured,,,,,137.5632,,ok,0.3389
163.8514,686,,,1.3031,,,,,,289.453,r1_measured_01107,read,measured,,,,,123.8316,,ok,0.3898
161.8895,509,,,7.2009,,,,,,292.0636,r1_measured_01108,read,measured,,,,,122.5762,,ok,0.3377
161.3231,678,,,2.4063,,,,,,285.8399,r1_measured_01109,read,measured,,,,,121.7245,,ok,0.3158
155.3071,674,,,0.5758,,,,,,285.6914,r1_measured_01110,read,measured,,,,,129.3482,,ok,0.3751
155.8555,678,,,10.4217,,,,,,238.4329,r1_measured_01111,read,measured,,,,,71.7561,,ok,0.3266
153.8048,674,,,1.5854,,,,,,503.8219,r1_measured_01112,read,measured,,,,,11.3697,,ok,0.3988
191.0735,418,,,0.3083,,,,,,268.3172,r1_measured_01113,read,measured,,,,,76.5416,,ok,0.3339
210.0796,566,,,3.38,,,,,,302.4613,r1_measured_01114,read,measured,,,,,88.4478,,ok,0.4758
78.7519,680,,,1.6035,,,,,,139.2731,r1_measured_01115,read,measured,,,,,58.5273,,ok,0.3229
76.8794,662,,,1.5535,,,,,,143.4717,r1_measured_01116,read,measured,,,,,64.2764,,ok,0.6847
61.5913,679,,,2.0246,,,,,,101.9726,r1_measured_01117,read,measured,,,,,37.8669,,ok,0.4067
91.4492,509,,,1.2244,,,,,,114.0252,r1_measured_01118,read,measured,,,,,20.6771,,ok,0.6164
84.3535,689,,,2.6797,,,,,,108.6706,r1_measured_01119,read,measured,,,,,21.2367,,ok,0.3336
81.3708,629,,,0.5069,,,,,,93.425,r1_measured_01120,read,measured,,,,,11.1261,,ok,0.35
80.3786,509,,,0.4181,,,,,,129.8785,r1_measured_01121,read,measured,,,,,48.6165,,ok,0.3918
79.2947,680,,,2.7576,,,,,,110.4905,r1_measured_01122,read,measured,,,,,28.0507,,ok,0.3222
43.4028,680,,,2.7063,,,,,,91.4147,r1_measured_01123,read,measured,,,,,44.8887,,ok,0.3441
36.1268,628,,,2.2365,,,,,,82.795,r1_measured_01124,read,measured,,,,,44.0219,,ok,0.3441
35.4952,681,,,3.0528,,,,,,83.9128,r1_measured_01125,read,measured,,,,,44.8937,,ok,0.3951
34.7776,627,,,4.9929,,,,,,53.1607,r1_measured_01126,read,measured,,,,,12.9527,,ok,0.3707
32.881,679,,,0.4881,,,,,,66.7364,r1_measured_01127,read,measured,,,,,32.9708,,ok,0.332
30.6465,680,,,1.0063,,,,,,39.2262,r1_measured_01128,read,measured,,,,,7.1122,,ok,0.3839
27.8235,627,,,2.784,,,,,,51.6934,r1_measured_01129,read,measured,,,,,20.4302,,ok,0.5929
28.1285,680,,,1.7512,,,,,,57.2667,r1_measured_01130,read,measured,,,,,26.9782,,ok,0.3343
25.9228,679,,,2.6087,,,,,,60.3116,r1_measured_01131,read,measured,,,,,31.3448,,ok,0.358
36.3184,674,,,3.161,,,,,,73.5194,r1_measured_01132,read,measured,,,,,33.4383,,ok,0.5143
34.8433,567,,,1.5816,,,,,,74.9664,r1_measured_01133,read,measured,,,,,38.1223,,ok,0.3536
34.0502,508,,,3.0214,,,,,,69.2195,r1_measured_01134,read,measured,,,,,31.6974,,ok,0.3863
29.8325,627,,,1.1816,,,,,,65.1266,r1_measured_01135,read,measured,,,,,33.5437,,ok,0.4856
30.4868,678,,,1.0307,,,,,,68.9721,r1_measured_01136,read,measured,,,,,37.0205,,ok,0.3621
28.0545,663,,,0.6767,,,,,,48.5319,r1_measured_01137,read,measured,,,,,19.3191,,ok,0.4064
18.919,418,,,0.3117,,,,,,28.3292,r1_measured_01138,read,measured,,,,,8.7052,,ok,0.338
17.1204,688,,,0.5714,,,,,,38.5789,r1_measured_01139,read,measured,,,,,20.4609,,ok,0.3443
10.0489,679,,,1.5547,,,,,,327.6186,r1_measured_01140,read,measured,,,,,12.9634,,ok,0.3664
7.9251,508,,,0.468,,,,,,19.3327,r1_measured_01141,read,measured,,,,,10.4777,,ok,0.3628
10.8135,627,,,0.7614,,,,,,41.9521,r1_measured_01142,read,measured,,,,,29.8707,,ok,0.4295
6.2503,680,,,0.6356,,,,,,37.96,r1_measured_01143,read,measured,,,,,30.6295,,ok,0.3738
46.9539,417,,,0.2691,,,,,,53.2737,r1_measured_01144,read,measured,,,,,5.6372,,ok,0.3591
39.8545,678,,,1.0145,,,,,,64.7607,r1_measured_01145,read,measured,,,,,23.4304,,ok,0.3815
40.5257,417,,,0.3271,,,,,,47.5843,r1_measured_01146,read,measured,,,,,6.2966,,ok,0.3729
41.0884,566,,,1.7914,,,,,,71.9239,r1_measured_01147,read,measured,,,,,28.6024,,ok,0.3734
36.838,628,,,5.1494,,,,,,76.0612,r1_measured_01148,read,measured,,,,,33.5735,,ok,0.427
36.6378,680,,,1.8869,,,,,,85.1841,r1_measured_01149,read,measured,,,,,46.243,,ok,0.3463
31.6484,508,,,1.5092,,,,,,57.2696,r1_measured_01150,read,measured,,,,,23.6823,,ok,0.3636
28.5757,629,,,1.0582,,,,,,59.5041,r1_measured_01151,read,measured,,,,,29.3993,,ok,0.3916
27.7475,680,,,0.9149,,,,,,47.9844,r1_measured_01152,read,measured,,,,,18.8456,,ok,0.3953
30.3644,368,,,0.2469,,,,,,38.7153,r1_measured_01153,read,measured,,,,,7.7037,,ok,0.3501
27.0871,679,,,2.5541,,,,,,90.7335,r1_measured_01154,read,measured,,,,,60.5914,,ok,0.4201
28.7236,688,,,3.1019,,,,,,67.0223,r1_measured_01155,read,measured,,,,,34.7492,,ok,0.3758
21.4215,663,,,0.5162,,,,,,43.0927,r1_measured_01156,read,measured,,,,,20.658,,ok,0.4204
25.0956,661,,,0.9295,,,,,,69.2146,r1_measured_01157,read,measured,,,,,42.7685,,ok,0.3511
21.2327,662,,,0.5598,,,,,,46.1449,r1_measured_01158,read,measured,,,,,23.9024,,ok,0.3802
19.1929,689,,,3.2824,,,,,,63.4629,r1_measured_01159,read,measured,,,,,40.5601,,ok,0.3522
17.2126,418,,,0.2998,,,,,,24.2109,r1_measured_01160,read,measured,,,,,6.277,,ok,0.365
28.2402,674,,,0.4958,,,,,,65.9079,r1_measured_01161,read,measured,,,,,36.7505,,ok,0.3481
25.4087,679,,,0.5161,,,,,,54.8504,r1_measured_01162,read,measured,,,,,28.5158,,ok,0.3419
33.7991,679,,,0.8878,,,,,,77.2319,r1_measured_01163,read,measured,,,,,42.111,,ok,0.3626
34.6258,679,,,1.5489,,,,,,54.8429,r1_measured_01164,read,measured,,,,,18.0736,,ok,0.5017
31.0841,680,,,0.5908,,,,,,57.5914,r1_measured_01165,read,measured,,,,,25.4671,,ok,0.3776
30.2013,680,,,1.4325,,,,,,39.9959,r1_measured_01166,read,measured,,,,,7.9315,,ok,0.3579
45.5436,678,,,1.6502,,,,,,65.9166,r1_measured_01167,read,measured,,,,,18.2872,,ok,0.3564
37.8787,568,,,2.6876,,,,,,58.7992,r1_measured_01168,read,measured,,,,,17.7804,,ok,0.3826
36.8151,629,,,0.5019,,,,,,47.3968,r1_measured_01169,read,measured,,,,,9.6493,,ok,0.3595
755.8742,567,24.4707,35.5945,1.0539,482.0743,1,35.5929,1,145.3913,784.7876,r1_measured_01170,update,measured,109.7968,28.9134,1,30.7618,27.1353,73.1761,ok,0.6603
753.0548,418,38.2822,33.441,0.452,394.8249,1,33.4393,1,142.9917,762.0024,r1_measured_01171,update,measured,109.5507,8.9476,1,132.6416,8.07,44.3144,ok,0.3678
869.1545,689,27.6274,29.4031,2.7722,596.1878,1,29.4011,1,141.3205,905.2579,r1_measured_01172,update,measured,111.9174,36.1034,1,47.2483,32.8797,56.7705,ok,0.3796
33.0074,568,,,1.4257,,,,,,48.6324,r1_measured_01173,read,measured,,,,,13.7662,,ok,0.3685
26.203,509,,,3.8638,,,,,,48.468,r1_measured_01174,read,measured,,,,,17.955,,ok,0.3747
23.6749,674,,,1.3582,,,,,,38.8929,r1_measured_01175,read,measured,,,,,13.1917,,ok,0.5925
22.9264,417,,,0.2851,,,,,,28.0007,r1_measured_01176,read,measured,,,,,4.3504,,ok,0.3629
19.3898,680,,,0.4829,,,,,,44.9236,r1_measured_01177,read,measured,,,,,24.6251,,ok,0.3499
30.3761,679,,,2.0362,,,,,,52.0716,r1_measured_01178,read,measured,,,,,19.1579,,ok,0.4237
29.4065,677,,,2.9778,,,,,,226.485,r1_measured_01179,read,measured,,,,,51.5507,,ok,0.3465
29.1941,676,,,1.6686,,,,,,44.6349,r1_measured_01180,read,measured,,,,,13.3204,,ok,0.3756
26.3824,629,,,1.2449,,,,,,45.9233,r1_measured_01181,read,measured,,,,,17.8349,,ok,0.3819
25.3086,680,,,1.039,,,,,,39.7774,r1_measured_01182,read,measured,,,,,12.9822,,ok,0.375
23.5107,507,,,2.1097,,,,,,46.4588,r1_measured_01183,read,measured,,,,,20.421,,ok,0.3564
54.8542,627,,,0.9766,,,,,,95.3985,r1_measured_01184,read,measured,,,,,39.1367,,ok,0.3605
51.4471,663,,,0.8249,,,,,,66.4006,r1_measured_01185,read,measured,,,,,13.6964,,ok,0.363
41.5326,418,,,0.28,,,,,,50.541,r1_measured_01186,read,measured,,,,,8.2553,,ok,0.3521
40.5619,673,,,3.6125,,,,,,63.4952,r1_measured_01187,read,measured,,,,,18.2789,,ok,0.9441
37.8125,680,,,0.7977,,,,,,77.0591,r1_measured_01188,read,measured,,,,,37.997,,ok,0.3765
36.2503,629,,,1.0235,,,,,,49.7837,r1_measured_01189,read,measured,,,,,12.0913,,ok,0.3483
36.4416,679,,,1.8,,,,,,54.3413,r1_measured_01190,read,measured,,,,,15.1142,,ok,0.8943
29.35,663,,,2.8545,,,,,,50.5533,r1_measured_01191,read,measured,,,,,17.8698,,ok,0.3946
28.0968,688,,,0.595,,,,,,66.4024,r1_measured_01192,read,measured,,,,,37.2529,,ok,0.3836
24.7373,663,,,2.6136,,,,,,60.195,r1_measured_01193,read,measured,,,,,32.1179,,ok,0.652
24.1494,623,,,3.4408,,,,,,48.4058,r1_measured_01194,read,measured,,,,,20.3478,,ok,0.3867
21.9766,680,,,2.6967,,,,,,35.3313,r1_measured_01195,read,measured,,,,,10.2359,,ok,0.355
20.98,680,,,0.6122,,,,,,30.089,r1_measured_01196,read,measured,,,,,8.0661,,ok,0.3606
845.683,662,42.1408,22.5951,1.1252,539.1832,1,22.5934,1,129.045,859.1927,r1_measured_01197,update,measured,106.4499,13.5097,1,69.0912,11.8439,66.2228,ok,0.4611
45.4774,627,,,0.6521,,,,,,67.2715,r1_measured_01198,read,measured,,,,,20.6843,,ok,0.3837
43.298,628,,,2.4274,,,,,,51.5051,r1_measured_01199,read,measured,,,,,5.3221,,ok,0.3824
41.0184,662,,,0.8139,,,,,,58.8209,r1_measured_01200,read,measured,,,,,16.34,,ok,0.5729
38.6684,629,,,0.6212,,,,,,59.1743,r1_measured_01201,read,measured,,,,,19.4415,,ok,0.3708
37.4046,623,,,0.7692,,,,,,61.6989,r1_measured_01202,read,measured,,,,,23.0818,,ok,0.3728
25.3322,509,,,1.2501,,,,,,48.5649,r1_measured_01203,read,measured,,,,,7.243,,ok,0.3897
52.2842,507,,,9.5759,,,,,,130.8587,r1_measured_01204,read,measured,,,,,68.5481,,ok,0.3709
50.7738,508,,,0.5042,,,,,,75.7111,r1_measured_01205,read,measured,,,,,24.0197,,ok,0.3459
50.487,417,,,0.282,,,,,,55.6701,r1_measured_01206,read,measured,,,,,4.4758,,ok,0.3686
46.9781,509,,,0.5117,,,,,,64.1749,r1_measured_01207,read,measured,,,,,16.2524,,ok,0.3702
47.5598,567,,,5.8073,,,,,,77.9572,r1_measured_01208,read,measured,,,,,23.989,,ok,0.5107
46.4606,509,,,0.5282,,,,,,67.7442,r1_measured_01209,read,measured,,,,,20.32,,ok,0.373
42.7296,568,,,1.7189,,,,,,128.6968,r1_measured_01210,read,measured,,,,,83.8481,,ok,0.334
40.3629,368,,,0.3718,,,,,,46.1567,r1_measured_01211,read,measured,,,,,5.0,,ok,0.3667
40.8408,509,,,1.4261,,,,,,56.1805,r1_measured_01212,read,measured,,,,,13.483,,ok,0.3685
28.7894,368,,,0.2395,,,,,,37.4095,r1_measured_01213,read,measured,,,,,7.9675,,ok,0.3596
934.6537,679,32.522,27.5018,1.6611,507.9653,0,27.4995,1,297.9414,983.0819,r1_measured_01214,update,measured,270.4396,48.4282,1,46.4124,46.1893,49.8126,ok,0.5109
32.539,680,,,0.8989,,,,,,37.2218,r1_measured_01215,read,measured,,,,,3.3277,,ok,0.3821
930.2016,663,37.7556,23.9985,2.762,501.8423,1,23.9968,1,294.1992,984.9365,r1_measured_01216,update,measured,270.2007,54.7349,1,29.6444,51.5342,66.7601,ok,0.36
958.0458,675,44.6271,19.5779,1.715,471.4087,1,19.5761,1,291.5178,993.4325,r1_measured_01217,update,measured,271.9399,35.3867,1,109.871,33.2577,40.6212,ok,0.3356
26.5183,663,,,1.4305,,,,,,38.8763,r1_measured_01218,read,measured,,,,,10.5002,,ok,0.3588
63.4759,509,,,2.8602,,,,,,113.055,r1_measured_01219,read,measured,,,,,46.299,,ok,0.3496
44.9578,688,,,2.966,,,,,,115.892,r1_measured_01220,read,measured,,,,,67.5299,,ok,0.3641
42.6239,369,,,0.4733,,,,,,90.8355,r1_measured_01221,read,measured,,,,,47.3436,,ok,0.3304
58.0105,679,,,0.7637,,,,,,115.1662,r1_measured_01222,read,measured,,,,,55.9824,,ok,0.339
72.0753,369,,,0.2463,,,,,,86.3843,r1_measured_01223,read,measured,,,,,13.6382,,ok,0.3536
47.6959,567,,,0.709,,,,,,93.4153,r1_measured_01224,read,measured,,,,,44.5562,,ok,0.3641
43.6747,689,,,1.2849,,,,,,90.0085,r1_measured_01225,read,measured,,,,,44.6449,,ok,0.3239
64.3394,673,,,0.9318,,,,,,84.6915,r1_measured_01226,read,measured,,,,,18.9203,,ok,0.3986
55.1148,685,,,3.2302,,,,,,94.2791,r1_measured_01227,read,measured,,,,,35.5149,,ok,0.342
35.655,689,,,8.1326,,,,,,102.9466,r1_measured_01228,read,measured,,,,,58.7282,,ok,0.3646
98.5628,418,,,0.2581,,,,,,144.6272,r1_measured_01229,read,measured,,,,,45.3667,,ok,0.3704
98.6167,674,,,0.8719,,,,,,150.2946,r1_measured_01230,read,measured,,,,,50.3935,,ok,0.3416
96.8539,567,,,0.8618,,,,,,152.1398,r1_measured_01231,read,measured,,,,,53.9214,,ok,0.4245
93.253,663,,,2.6137,,,,,,155.621,r1_measured_01232,read,measured,,,,,59.3105,,ok,0.3684
127.5477,678,,,0.7385,,,,,,147.3473,r1_measured_01233,read,measured,,,,,18.6374,,ok,0.3514
125.7068,687,,,1.3186,,,,,,158.4536,r1_measured_01234,read,measured,,,,,31.0025,,ok,0.3426
83.1537,368,,,0.2971,,,,,,122.1101,r1_measured_01235,read,measured,,,,,38.2656,,ok,0.3387
38.5954,681,,,9.7378,,,,,,76.2256,r1_measured_01236,read,measured,,,,,27.4605,,ok,0.356
36.973,676,,,1.1195,,,,,,103.7743,r1_measured_01237,read,measured,,,,,65.2586,,ok,0.3526
62.0994,662,,,89.3474,,,,,,194.5457,r1_measured_01238,read,measured,,,,,1.2406,,ok,0.3154
27.1975,567,,,1.3808,,,,,,86.0117,r1_measured_01239,read,measured,,,,,57.0156,,ok,0.3465
909.5904,624,45.3402,179.6457,0.7956,474.2965,1,179.644,1,349.906,1084.1158,r1_measured_01240,update,measured,170.2603,174.5254,1,0.0129,173.3599,40.0348,ok,0.3029
179.5764,507,,,21.2144,,,,,,255.8758,r1_measured_01241,read,measured,,,,,54.6765,,ok,0.348
179.942,681,,,2.5009,,,,,,258.5771,r1_measured_01242,read,measured,,,,,75.7046,,ok,0.3515
176.0291,369,,,0.2778,,,,,,183.7708,r1_measured_01243,read,measured,,,,,7.0969,,ok,0.3206
174.65,679,,,2.0169,,,,,,190.9257,r1_measured_01244,read,measured,,,,,13.8621,,ok,0.3352
166.2666,629,,,0.6594,,,,,,176.6919,r1_measured_01245,read,measured,,,,,9.2397,,ok,0.4313
169.0816,629,,,1.1,,,,,,182.6976,r1_measured_01246,read,measured,,,,,12.1177,,ok,0.3365
167.7798,677,,,1.7591,,,,,,192.6712,r1_measured_01247,read,measured,,,,,22.431,,ok,0.6086
169.8332,674,,,0.8221,,,,,,183.7965,r1_measured_01248,read,measured,,,,,12.7882,,ok,0.2979
165.5576,689,,,1.49,,,,,,186.9957,r1_measured_01249,read,measured,,,,,19.57,,ok,0.3142
158.0891,677,,,1.9975,,,,,,173.4177,r1_measured_01250,read,measured,,,,,12.947,,ok,0.3159
122.8602,661,,,12.1741,,,,,,197.9369,r1_measured_01251,read,measured,,,,,62.4374,,ok,0.3974
118.9851,369,,,0.2326,,,,,,128.7773,r1_measured_01252,read,measured,,,,,9.2082,,ok,0.3073
115.0442,688,,,0.9705,,,,,,131.9675,r1_measured_01253,read,measured,,,,,15.535,,ok,0.3562
106.0006,663,,,41.3082,,,,,,170.1691,r1_measured_01254,read,measured,,,,,22.423,,ok,0.3608
106.5197,680,,,1.3846,,,,,,117.9053,r1_measured_01255,read,measured,,,,,9.638,,ok,0.3022
157.5936,509,,,1.9562,,,,,,199.2335,r1_measured_01256,read,measured,,,,,39.2838,,ok,0.338
155.0326,680,,,1.9804,,,,,,194.5982,r1_measured_01257,read,measured,,,,,37.1748,,ok,0.3351
1037.7955,689,66.9605,153.77,1.9344,589.5697,1,153.7683,1,313.6554,1082.6465,r1_measured_01258,update,measured,159.8854,44.851,1,25.4035,42.4437,42.2064,ok,0.3915
125.679,673,,,0.8351,,,,,,186.8625,r1_measured_01259,read,measured,,,,,59.8976,,ok,0.3479
158.9305,663,,,2.6233,,,,,,181.9953,r1_measured_01260,read,measured,,,,,19.9608,,ok,0.401
157.5087,674,,,1.4604,,,,,,185.7832,r1_measured_01261,read,measured,,,,,26.3966,,ok,0.3349
153.216,689,,,1.8422,,,,,,186.0521,r1_measured_01262,read,measured,,,,,30.5725,,ok,0.3465
118.6133,686,,,0.538,,,,,,189.8308,r1_measured_01263,read,measured,,,,,70.27,,ok,0.3369
53.8307,663,,,0.679,,,,,,97.0154,r1_measured_01264,read,measured,,,,,42.0895,,ok,0.3371
56.1986,678,,,0.543,,,,,,96.3235,r1_measured_01265,read,measured,,,,,39.1172,,ok,0.3814
100.2376,674,,,0.6758,,,,,,139.759,r1_measured_01266,read,measured,,,,,38.3621,,ok,0.4077
115.4986,508,,,1.3838,,,,,,143.0773,r1_measured_01267,read,measured,,,,,25.7696,,ok,0.3582
112.4973,680,,,1.7113,,,,,,155.7814,r1_measured_01268,read,measured,,,,,41.1086,,ok,0.3881
113.4684,368,,,0.3424,,,,,,127.5424,r1_measured_01269,read,measured,,,,,13.3056,,ok,0.3711
93.1035,689,,,0.7573,,,,,,130.2171,r1_measured_01270,read,measured,,,,,35.9146,,ok,0.3696
116.5876,680,,,2.3108,,,,,,144.7873,r1_measured_01271,read,measured,,,,,25.4417,,ok,0.3575
109.2673,663,,,0.6701,,,,,,598.6835,r1_measured_01272,read,measured,,,,,15.4687,,ok,0.3962
89.7245,673,,,0.5532,,,,,,135.3139,r1_measured_01273,read,measured,,,,,44.5426,,ok,0.4017
106.3739,680,,,1.5504,,,,,,137.3662,r1_measured_01274,read,measured,,,,,28.9895,,ok,0.3699
102.5337,624,,,0.8764,,,,,,127.9725,r1_measured_01275,read,measured,,,,,24.1268,,ok,0.3624
61.921,564,,,4.0901,,,,,,78.5853,r1_measured_01276,read,measured,,,,,12.1347,,ok,0.3703
56.9437,689,,,2.4581,,,,,,82.5824,r1_measured_01277,read,measured,,,,,22.7545,,ok,0.3496
55.6465,678,,,2.939,,,,,,82.4868,r1_measured_01278,read,measured,,,,,23.4637,,ok,0.3499
45.7679,419,,,0.2838,,,,,,67.7225,r1_measured_01279,read,measured,,,,,21.2542,,ok,0.3642
39.7106,368,,,0.3414,,,,,,50.4095,r1_measured_01280,read,measured,,,,,9.9025,,ok,0.3964
76.8485,509,,,0.5049,,,,,,112.1004,r1_measured_01281,read,measured,,,,,34.3522,,ok,0.3321
74.547,681,,,3.262,,,,,,102.5203,r1_measured_01282,read,measured,,,,,24.2353,,ok,0.3917
72.7691,674,,,0.5854,,,,,,113.349,r1_measured_01283,read,measured,,,,,39.5311,,ok,0.3869
71.9439,680,,,0.607,,,,,,105.0973,r1_measured_01284,read,measured,,,,,32.1303,,ok,0.3478
80.6071,681,,,0.7057,,,,,,101.9878,r1_measured_01285,read,measured,,,,,20.2702,,ok,0.3402
78.4074,628,,,0.7541,,,,,,106.6801,r1_measured_01286,read,measured,,,,,27.0593,,ok,0.3944
67.5431,568,,,0.6744,,,,,,103.4187,r1_measured_01287,read,measured,,,,,34.7645,,ok,0.3661
74.9558,419,,,0.2909,,,,,,81.2805,r1_measured_01288,read,measured,,,,,5.6475,,ok,0.327
47.4357,673,,,2.0186,,,,,,72.1056,r1_measured_01289,read,measured,,,,,22.1507,,ok,0.4239
42.8853,627,,,3.9774,,,,,,55.0733,r1_measured_01290,read,measured,,,,,7.7438,,ok,0.3874
34.2312,624,,,1.7068,,,,,,81.6472,r1_measured_01291,read,measured,,,,,13.1521,,ok,0.4353
68.6059,679,,,0.6876,,,,,,83.4432,r1_measured_01292,read,measured,,,,,13.7092,,ok,0.3722
66.7308,662,,,2.4386,,,,,,78.4338,r1_measured_01293,read,measured,,,,,8.4139,,ok,0.7746
67.8158,663,,,2.074,,,,,,78.1838,r1_measured_01294,read,measured,,,,,7.8399,,ok,0.3757
65.8086,689,,,0.5783,,,,,,144.0637,r1_measured_01295,read,measured,,,,,77.2385,,ok,0.3675
62.5954,674,,,1.0167,,,,,,106.9504,r1_measured_01296,read,measured,,,,,42.8783,,ok,0.3792
61.7883,674,,,2.0708,,,,,,141.9508,r1_measured_01297,read,measured,,,,,77.6475,,ok,0.3701
57.1289,627,,,0.721,,,,,,117.5741,r1_measured_01298,read,measured,,,,,59.1455,,ok,0.5072
56.5703,678,,,0.5862,,,,,,75.1061,r1_measured_01299,read,measured,,,,,17.518,,ok,0.3635
56.6995,680,,,0.854,,,,,,72.7026,r1_measured_01300,read,measured,,,,,14.6972,,ok,0.3773
54.7933,366,,,0.3293,,,,,,59.9613,r1_measured_01301,read,measured,,,,,4.3396,,ok,0.4262
46.9849,689,,,0.7156,,,,,,123.3226,r1_measured_01302,read,measured,,,,,75.0652,,ok,0.3545
33.1733,418,,,0.2687,,,,,,120.991,r1_measured_01303,read,measured,,,,,2.6529,,ok,0.3492
45.2663,629,,,0.5243,,,,,,103.8446,r1_measured_01304,read,measured,,,,,57.6046,,ok,0.3806
44.3856,628,,,2.7037,,,,,,80.38,r1_measured_01305,read,measured,,,,,32.8106,,ok,0.3885
58.4655,628,,,4.7966,,,,,,86.848,r1_measured_01306,read,measured,,,,,23.1159,,ok,0.3872
38.2309,417,,,0.301,,,,,,67.2393,r1_measured_01307,read,measured,,,,,28.2606,,ok,0.3835
37.1867,567,,,3.6231,,,,,,79.4483,r1_measured_01308,read,measured,,,,,38.1908,,ok,0.376
36.0275,680,,,2.2254,,,,,,85.4724,r1_measured_01309,read,measured,,,,,46.7467,,ok,0.3945
33.9955,568,,,0.5789,,,,,,97.4081,r1_measured_01310,read,measured,,,,,62.4104,,ok,0.357
32.3203,567,,,1.5145,,,,,,82.5195,r1_measured_01311,read,measured,,,,,48.211,,ok,0.3993
31.5553,674,,,11.2099,,,,,,76.129,r1_measured_01312,read,measured,,,,,32.8747,,ok,0.3956
60.5982,680,,,2.9603,,,,,,92.7647,r1_measured_01313,read,measured,,,,,28.682,,ok,0.4301
504.9806,418,25.1735,62.7517,0.2946,257.3886,1,62.7499,1,140.3697,640.3774,r1_measured_01314,update,measured,77.618,135.3968,1,26.0415,134.6866,56.0073,ok,0.3523
55.0269,627,,,0.7177,,,,,,91.4743,r1_measured_01315,read,measured,,,,,35.2787,,ok,0.3773
54.4498,674,,,4.8362,,,,,,78.7056,r1_measured_01316,read,measured,,,,,18.988,,ok,0.3572
57.1984,680,,,0.7712,,,,,,94.2221,r1_measured_01317,read,measured,,,,,35.7801,,ok,0.3924
49.4382,368,,,0.2436,,,,,,60.0357,r1_measured_01318,read,measured,,,,,9.9453,,ok,0.3504
49.1702,662,,,2.0567,,,,,,248.0252,r1_measured_01319,read,measured,,,,,29.9703,,ok,0.3648
23.0702,675,,,1.5305,,,,,,45.8928,r1_measured_01320,read,measured,,,,,20.8326,,ok,0.3838
45.0949,568,,,6.6525,,,,,,68.9257,r1_measured_01321,read,measured,,,,,16.6999,,ok,0.4061
768.7574,687,71.2573,39.3367,1.4111,509.0732,1,39.3348,1,129.1103,824.3885,r1_measured_01322,update,measured,89.7736,55.6311,1,0.0061,53.7749,59.3105,ok,0.3748
35.2813,568,,,0.6943,,,,,,51.8095,r1_measured_01323,read,measured,,,,,15.3717,,ok,0.362
29.3265,663,,,8.185,,,,,,56.4683,r1_measured_01324,read,measured,,,,,18.5126,,ok,0.369
26.2666,507,,,11.5868,,,,,,57.5165,r1_measured_01325,read,measured,,,,,19.2144,,ok,0.3669
25.6042,627,,,1.9437,,,,,,60.7041,r1_measured_01326,read,measured,,,,,32.666,,ok,0.412
23.2984,418,,,0.3171,,,,,,30.3921,r1_measured_01327,read,measured,,,,,6.3208,,ok,0.3841
21.5788,674,,,0.6836,,,,,,64.6277,r1_measured_01328,read,measured,,,,,41.8973,,ok,0.3851
23.1089,368,,,0.843,,,,,,29.5615,r1_measured_01329,read,measured,,,,,5.0866,,ok,0.4567
19.6388,627,,,0.7393,,,,,,56.8552,r1_measured_01330,read,measured,,,,,36.0378,,ok,0.3693
44.0542,568,,,0.9702,,,,,,82.7066,r1_measured_01331,read,measured,,,,,37.2494,,ok,0.3657
41.3293,629,,,0.7196,,,,,,76.777,r1_measured_01332,read,measured,,,,,34.2866,,ok,0.3576
39.3049,568,,,0.545,,,,,,76.9466,r1_measured_01333,read,measured,,,,,36.6545,,ok,0.3718
35.9346,418,,,0.2862,,,,,,42.758,r1_measured_01334,read,measured,,,,,6.124,,ok,0.3546
38.1305,680,,,0.5514,,,,,,47.6946,r1_measured_01335,read,measured,,,,,8.5688,,ok,0.3729
35.1146,677,,,1.8415,,,,,,63.5965,r1_measured_01336,read,measured,,,,,26.1918,,ok,0.3693
34.8699,629,,,2.2081,,,,,,51.8953,r1_measured_01337,read,measured,,,,,14.3784,,ok,0.3647
26.2356,680,,,0.6465,,,,,,43.3211,r1_measured_01338,read,measured,,,,,15.9879,,ok,0.3756
21.5669,680,,,1.8567,,,,,,63.5955,r1_measured_01339,read,measured,,,,,39.7352,,ok,0.3657
19.9053,509,,,4.0605,,,,,,50.7443,r1_measured_01340,read,measured,,,,,26.341,,ok,0.3651
42.401,568,,,2.4263,,,,,,58.9674,r1_measured_01341,read,measured,,,,,13.7141,,ok,0.3597
808.533,680,34.8994,38.7891,3.5351,496.0233,1,38.7872,1,166.461,833.4339,r1_measured_01342,update,measured,127.6719,24.9009,1,35.197,20.8989,75.9523,ok,0.3842
34.573,679,,,33.0455,,,,,,90.8639,r1_measured_01343,read,measured,,,,,22.781,,ok,0.3776
25.8042,509,,,2.6818,,,,,,46.0665,r1_measured_01344,read,measured,,,,,17.1183,,ok,0.3978
25.0102,568,,,1.2379,,,,,,45.9252,r1_measured_01345,read,measured,,,,,19.2384,,ok,0.3603
22.0403,627,,,2.3261,,,,,,62.1279,r1_measured_01346,read,measured,,,,,37.3172,,ok,0.3763
19.4945,629,,,0.6039,,,,,,39.8295,r1_measured_01347,read,measured,,,,,19.3098,,ok,0.3536
18.0366,663,,,17.8831,,,,,,74.0111,r1_measured_01348,read,measured,,,,,37.5673,,ok,0.4422
15.4845,366,,,0.2405,,,,,,23.8845,r1_measured_01349,read,measured,,,,,7.7079,,ok,0.3775
53.2549,567,,,0.4886,,,,,,95.6178,r1_measured_01350,read,measured,,,,,41.4544,,ok,0.3567
37.4998,627,,,0.9654,,,,,,82.3119,r1_measured_01351,read,measured,,,,,43.3943,,ok,0.3642
35.4348,627,,,2.7305,,,,,,107.1051,r1_measured_01352,read,measured,,,,,68.4738,,ok,0.3932
33.0311,674,,,1.7816,,,,,,89.049,r1_measured_01353,read,measured,,,,,53.7952,,ok,0.3573
43.9715,689,,,2.1674,,,,,,112.8449,r1_measured_01354,read,measured,,,,,36.7252,,ok,0.3744
32.7485,417,,,0.3114,,,,,,63.4051,r1_measured_01355,read,measured,,,,,29.9259,,ok,0.3599
33.4353,675,,,0.6475,,,,,,79.4238,r1_measured_01356,read,measured,,,,,44.9158,,ok,0.3557
32.1574,417,,,0.2787,,,,,,66.7411,r1_measured_01357,read,measured,,,,,33.7834,,ok,0.4628
30.9806,567,,,3.8022,,,,,,68.1432,r1_measured_01358,read,measured,,,,,32.8837,,ok,0.4072
687.3057,509,85.8324,44.8272,1.7087,379.6677,1,44.825,1,166.3227,741.4879,r1_measured_01359,update,measured,121.4955,54.1822,1,0.0062,51.6631,55.4767,ok,0.7248
79.3713,663,,,1.1083,,,,,,100.8488,r1_measured_01360,read,measured,,,,,19.946,,ok,0.3512
78.9641,680,,,2.4261,,,,,,94.0591,r1_measured_01361,read,measured,,,,,12.2249,,ok,0.3727
78.1952,674,,,2.5785,,,,,,98.475,r1_measured_01362,read,measured,,,,,17.2668,,ok,0.3624
74.0871,568,,,0.415,,,,,,96.5815,r1_measured_01363,read,measured,,,,,21.6557,,ok,0.3577
73.3353,627,,,4.5318,,,,,,105.0823,r1_measured_01364,read,measured,,,,,26.7045,,ok,0.4341
72.1767,508,,,2.732,,,,,,91.0621,r1_measured_01365,read,measured,,,,,15.7249,,ok,0.3616
71.2917,568,,,1.4307,,,,,,114.4999,r1_measured_01366,read,measured,,,,,41.3251,,ok,0.382
56.22,629,,,0.5096,,,,,,77.0571,r1_measured_01367,read,measured,,,,,19.8905,,ok,0.3623
40.27,629,,,2.8416,,,,,,54.0146,r1_measured_01368,read,measured,,,,,10.4916,,ok,0.3437
38.6368,680,,,0.5974,,,,,,75.456,r1_measured_01369,read,measured,,,,,35.7677,,ok,0.3802
26.2058,368,,,0.7315,,,,,,34.0887,r1_measured_01370,read,measured,,,,,6.7607,,ok,0.3375
22.3619,419,,,0.2803,,,,,,28.8441,r1_measured_01371,read,measured,,,,,5.7767,,ok,0.3684
52.7229,679,,,0.8835,,,,,,73.9671,r1_measured_01372,read,measured,,,,,19.1782,,ok,1.0846
48.1631,417,,,0.3344,,,,,,53.1839,r1_measured_01373,read,measured,,,,,4.2402,,ok,0.3826
42.9705,508,,,0.5674,,,,,,62.246,r1_measured_01374,read,measured,,,,,18.1819,,ok,0.4503
42.319,567,,,1.3356,,,,,,55.0297,r1_measured_01375,read,measured,,,,,10.2979,,ok,1.0023
41.6655,418,,,0.2796,,,,,,48.8669,r1_measured_01376,read,measured,,,,,6.5062,,ok,0.3604
27.2686,677,,,1.5122,,,,,,53.1712,r1_measured_01377,read,measured,,,,,23.8715,,ok,0.442
32.7286,627,,,1.0775,,,,,,50.4328,r1_measured_01378,read,measured,,,,,16.1481,,ok,0.4098
23.6239,678,,,0.7278,,,,,,51.2936,r1_measured_01379,read,measured,,,,,26.4784,,ok,0.3906
82.7347,679,,,2.1754,,,,,,124.9767,r1_measured_01380,read,measured,,,,,39.6453,,ok,0.3509
51.7231,681,,,1.1831,,,,,,105.8203,r1_measured_01381,read,measured,,,,,52.4739,,ok,0.3519
51.2685,567,,,3.077,,,,,,107.3309,r1_measured_01382,read,measured,,,,,52.559,,ok,0.3534
79.3044,678,,,0.6728,,,,,,114.3533,r1_measured_01383,read,measured,,,,,33.8871,,ok,0.4089
86.8206,369,,,1.5188,,,,,,94.6874,r1_measured_01384,read,measured,,,,,5.9677,,ok,0.3254
46.857,680,,,0.6922,,,,,,104.1485,r1_measured_01385,read,measured,,,,,56.1848,,ok,0.3408
73.8134,680,,,0.5056,,,,,,104.7118,r1_measured_01386,read,measured,,,,,29.9805,,ok,0.3411
78.3532,662,,,1.8367,,,,,,91.0853,r1_measured_01387,read,measured,,,,,10.497,,ok,0.3287
62.2467,628,,,1.1737,,,,,,112.2269,r1_measured_01388,read,measured,,,,,48.3004,,ok,0.4305
56.6494,680,,,0.9977,,,,,,118.1688,r1_measured_01389,read,measured,,,,,2.9952,,ok,0.3746
51.3043,663,,,1.3986,,,,,,113.8849,r1_measured_01390,read,measured,,,,,4.804,,ok,0.3496
59.2415,627,,,0.4963,,,,,,119.4758,r1_measured_01391,read,measured,,,,,59.3119,,ok,0.356
48.2941,508,,,0.6718,,,,,,96.4888,r1_measured_01392,read,measured,,,,,46.9911,,ok,0.456
55.6423,568,,,2.3068,,,,,,92.7996,r1_measured_01393,read,measured,,,,,34.4154,,ok,0.3465
45.0748,509,,,2.5071,,,,,,79.3904,r1_measured_01394,read,measured,,,,,31.3988,,ok,0.3469
38.083,679,,,1.1201,,,,,,126.5417,r1_measured_01395,read,measured,,,,,22.5901,,ok,0.3746
70.133,624,,,1.4183,,,,,,215.346,r1_measured_01396,read,measured,,,,,30.4806,,ok,0.3847
66.9477,564,,,1.3411,,,,,,91.4568,r1_measured_01397,read,measured,,,,,22.7421,,ok,0.3604
64.7908,663,,,0.4622,,,,,,74.3061,r1_measured_01398,read,measured,,,,,8.6452,,ok,0.3442
61.157,509,,,1.6168,,,,,,86.4259,r1_measured_01399,read,measured,,,,,23.2147,,ok,0.3775
759.1226,680,104.3351,59.9124,1.457,470.1179,0,59.9107,1,123.0176,773.3387,r1_measured_01400,update,measured,63.1052,14.2161,1,12.3748,12.1747,49.2772,ok,0.4852
58.3013,624,,,0.5084,,,,,,188.7499,r1_measured_01401,read,measured,,,,,21.294,,ok,0.3491
15.3621,624,,,1.9455,,,,,,137.2096,r1_measured_01402,read,measured,,,,,15.6381,,ok,0.3604
14.4602,689,,,0.5729,,,,,,30.0563,r1_measured_01403,read,measured,,,,,14.6106,,ok,0.347
31.9334,369,,,0.2649,,,,,,39.2028,r1_measured_01404,read,measured,,,,,6.5074,,ok,0.4389
557.3833,369,63.3187,32.5744,0.2477,171.0262,1,32.5727,1,150.8733,566.8325,r1_measured_01405,update,measured,118.2989,9.4492,1,142.7842,8.7582,29.3809,ok,0.3886
29.8554,568,,,0.5941,,,,,,49.9396,r1_measured_01406,read,measured,,,,,19.059,,ok,0.3667
28.6032,509,,,1.3934,,,,,,46.4957,r1_measured_01407,read,measured,,,,,16.0741,,ok,0.3644
27.6314,673,,,1.5129,,,,,,41.134,r1_measured_01408,read,measured,,,,,11.5507,,ok,0.3657
25.9064,678,,,1.2322,,,,,,38.6183,r1_measured_01409,read,measured,,,,,11.0195,,ok,0.385
22.3866,419,,,0.3051,,,,,,31.1261,r1_measured_01410,read,measured,,,,,7.7754,,ok,0.5953
23.9579,418,,,0.3425,,,,,,117.5309,r1_measured_01411,read,measured,,,,,2.6568,,ok,0.3716
42.7179,368,,,0.7724,,,,,,51.8126,r1_measured_01412,read,measured,,,,,7.8495,,ok,0.4148
42.3502,509,,,8.8417,,,,,,97.3844,r1_measured_01413,read,measured,,,,,45.7635,,ok,0.3542
41.1118,417,,,0.2898,,,,,,52.5936,r1_measured_01414,read,measured,,,,,10.7243,,ok,0.3686
38.2912,508,,,2.1138,,,,,,81.3839,r1_measured_01415,read,measured,,,,,40.5271,,ok,0.3762
37.4106,689,,,2.5303,,,,,,76.2151,r1_measured_01416,read,measured,,,,,35.783,,ok,0.4075
33.2707,674,,,3.8245,,,,,,83.4963,r1_measured_01417,read,measured,,,,,45.9554,,ok,0.3723
33.5079,417,,,0.293,,,,,,39.5711,r1_measured_01418,read,measured,,,,,5.3327,,ok,0.3792
29.3856,663,,,1.0165,,,,,,81.232,r1_measured_01419,read,measured,,,,,50.1603,,ok,0.587
22.9688,627,,,3.7777,,,,,,75.6944,r1_measured_01420,read,measured,,,,,48.522,,ok,0.3571
22.5669,671,,,0.6504,,,,,,63.6129,r1_measured_01421,read,measured,,,,,39.9376,,ok,0.3788
20.628,417,,,0.2816,,,,,,29.7265,r1_measured_01422,read,measured,,,,,8.3783,,ok,0.3786
21.9826,629,,,1.4324,,,,,,78.1801,r1_measured_01423,read,measured,,,,,54.3336,,ok,0.354
42.316,627,,,1.8453,,,,,,78.4449,r1_measured_01424,read,measured,,,,,33.8766,,ok,0.3325
72.0363,687,,,1.1497,,,,,,371.4847,r1_measured_01425,read,measured,,,,,20.3812,,ok,0.3853
69.2617,566,,,0.6843,,,,,,86.6839,r1_measured_01426,read,measured,,,,,16.2699,,ok,0.4008
67.1437,508,,,0.484,,,,,,87.5466,r1_measured_01427,read,measured,,,,,19.4629,,ok,0.392
65.1044,680,,,1.2993,,,,,,82.0094,r1_measured_01428,read,measured,,,,,15.1135,,ok,0.4189
51.164,509,,,0.9211,,,,,,75.5477,r1_measured_01429,read,measured,,,,,23.013,,ok,0.3868
49.2161,628,,,0.7314,,,,,,64.7693,r1_measured_01430,read,measured,,,,,14.3994,,ok,0.356
48.8358,417,,,2.1943,,,,,,55.7749,r1_measured_01431,read,measured,,,,,4.2946,,ok,0.3884
905.1107,681,22.6634,46.499,6.8182,436.6257,0,46.497,1,289.5369,953.3786,r1_measured_01432,update,measured,243.0379,48.2679,1,72.4922,41.0011,83.7925,ok,0.3718
180.9714,678,,,1.0237,,,,,,218.4164,r1_measured_01433,read,measured,,,,,36.0305,,ok,0.3169
50.3318,680,,,1.0546,,,,,,207.5413,r1_measured_01434,read,measured,,,,,155.7383,,ok,0.3402
47.6656,567,,,1.3792,,,,,,218.5831,r1_measured_01435,read,measured,,,,,169.1533,,ok,0.3144
43.1532,509,,,0.5128,,,,,,226.3664,r1_measured_01436,read,measured,,,,,182.2375,,ok,0.3471
42.7453,369,,,0.2633,,,,,,186.0165,r1_measured_01437,read,measured,,,,,142.6157,,ok,0.3363
40.4446,509,,,2.0857,,,,,,301.8487,r1_measured_01438,read,measured,,,,,12.0638,,ok,0.5794
39.6186,629,,,1.1768,,,,,,203.0909,r1_measured_01439,read,measured,,,,,161.9106,,ok,0.3113
166.6461,418,,,0.3648,,,,,,171.7225,r1_measured_01440,read,measured,,,,,4.2252,,ok,0.3863
167.5652,689,,,14.1077,,,,,,192.7179,r1_measured_01441,read,measured,,,,,10.6229,,ok,0.3394
159.8879,366,,,0.2592,,,,,,167.6123,r1_measured_01442,read,measured,,,,,7.003,,ok,0.4013
157.8667,686,,,3.8392,,,,,,196.8112,r1_measured_01443,read,measured,,,,,34.7113,,ok,0.3241
155.7573,680,,,0.6356,,,,,,198.8651,r1_measured_01444,read,measured,,,,,42.084,,ok,0.3203
27.3496,663,,,2.1691,,,,,,192.6004,r1_measured_01445,read,measured,,,,,162.6931,,ok,0.3151
154.8749,671,,,0.974,,,,,,163.3192,r1_measured_01446,read,measured,,,,,6.7746,,ok,0.6196
21.7739,568,,,1.0757,,,,,,183.8864,r1_measured_01447,read,measured,,,,,160.6421,,ok,0.3298
149.0742,369,,,0.2649,,,,,,154.8362,r1_measured_01448,read,measured,,,,,5.0938,,ok,0.3417
149.3572,675,,,2.984,,,,,,179.2357,r1_measured_01449,read,measured,,,,,26.392,,ok,0.4137
193.8623,629,,,1.3941,,,,,,206.0329,r1_measured_01450,read,measured,,,,,10.3224,,ok,0.3867
193.6016,680,,,1.6659,,,,,,523.6156,r1_measured_01451,read,measured,,,,,65.8447,,ok,0.4171
189.9519,417,,,0.4134,,,,,,195.9688,r1_measured_01452,read,measured,,,,,5.1637,,ok,0.3784
954.9069,688,32.1755,161.2818,1.9024,534.6134,0,161.2794,1,301.3781,960.3547,r1_measured_01453,update,measured,140.0963,5.4478,1,0.0066,3.1329,86.7333,ok,0.3488
185.9407,674,,,2.4369,,,,,,204.8797,r1_measured_01454,read,measured,,,,,16.0853,,ok,0.3451
45.0907,661,,,2.7972,,,,,,61.7966,r1_measured_01455,read,measured,,,,,13.1974,,ok,0.6414
43.9195,678,,,0.678,,,,,,64.8249,r1_measured_01456,read,measured,,,,,19.7937,,ok,0.3599
42.2533,629,,,0.9898,,,,,,56.583,r1_measured_01457,read,measured,,,,,12.8258,,ok,0.4297
41.5528,680,,,1.5137,,,,,,60.6317,r1_measured_01458,read,measured,,,,,17.1371,,ok,0.3537
38.8675,568,,,1.4143,,,,,,48.7145,r1_measured_01459,read,measured,,,,,8.0041,,ok,0.3595
65.2829,675,,,1.6998,,,,,,82.9671,r1_measured_01460,read,measured,,,,,15.1154,,ok,0.7753
55.9335,369,,,0.2603,,,,,,60.4312,r1_measured_01461,read,measured,,,,,3.8361,,ok,0.347
48.9061,662,,,3.2707,,,,,,79.3436,r1_measured_01462,read,measured,,,,,26.6706,,ok,0.4105
48.3577,417,,,0.3063,,,,,,53.8663,r1_measured_01463,read,measured,,,,,4.788,,ok,0.3558
44.8842,663,,,1.1243,,,,,,76.9168,r1_measured_01464,read,measured,,,,,30.4449,,ok,0.3902
45.0786,628,,,11.8691,,,,,,72.8804,r1_measured_01465,read,measured,,,,,15.4229,,ok,0.4307
41.8593,689,,,1.9409,,,,,,54.8506,r1_measured_01466,read,measured,,,,,10.573,,ok,0.401
42.8969,663,,,3.6968,,,,,,89.8225,r1_measured_01467,read,measured,,,,,42.7655,,ok,0.3794
38.8744,678,,,1.0954,,,,,,90.5198,r1_measured_01468,read,measured,,,,,49.8295,,ok,0.6253
37.1386,688,,,9.8515,,,,,,64.8583,r1_measured_01469,read,measured,,,,,17.3837,,ok,0.4051
38.9943,679,,,1.9836,,,,,,49.7027,r1_measured_01470,read,measured,,,,,8.1921,,ok,0.4518
34.7136,663,,,3.3903,,,,,,48.696,r1_measured_01471,read,measured,,,,,10.121,,ok,0.3938
28.7507,679,,,1.9225,,,,,,72.178,r1_measured_01472,read,measured,,,,,41.008,,ok,0.416
26.5765,509,,,2.0008,,,,,,61.5872,r1_measured_01473,read,measured,,,,,32.561,,ok,0.386
43.5307,679,,,0.5885,,,,,,81.1953,r1_measured_01474,read,measured,,,,,36.6265,,ok,0.3703
41.2555,418,,,0.3296,,,,,,52.1386,r1_measured_01475,read,measured,,,,,10.102,,ok,0.3869
38.6975,418,,,2.5821,,,,,,50.8746,r1_measured_01476,read,measured,,,,,9.0543,,ok,0.4672
38.0256,679,,,1.4771,,,,,,73.3941,r1_measured_01477,read,measured,,,,,33.412,,ok,0.4005
37.1379,680,,,1.547,,,,,,67.6887,r1_measured_01478,read,measured,,,,,27.9177,,ok,0.9523
34.1564,680,,,0.6861,,,,,,50.2765,r1_measured_01479,read,measured,,,,,14.9533,,ok,0.4022
32.27,369,,,0.2641,,,,,,50.28,r1_measured_01480,read,measured,,,,,17.3271,,ok,0.3638
100.1894,369,,,0.2597,,,,,,124.7915,r1_measured_01481,read,measured,,,,,23.9161,,ok,0.3677
65.2649,688,,,2.9152,,,,,,141.5673,r1_measured_01482,read,measured,,,,,72.8312,,ok,0.4335
95.0524,418,,,0.3125,,,,,,115.304,r1_measured_01483,read,measured,,,,,19.5113,,ok,0.3661
70.0337,627,,,2.6689,,,,,,150.528,r1_measured_01484,read,measured,,,,,77.3675,,ok,0.3736
92.5821,629,,,2.1931,,,,,,133.5271,r1_measured_01485,read,measured,,,,,38.3146,,ok,0.364
65.3927,509,,,1.8092,,,,,,147.5468,r1_measured_01486,read,measured,,,,,79.9129,,ok,0.3615
71.1361,675,,,1.4182,,,,,,120.221,r1_measured_01487,read,measured,,,,,47.1005,,ok,0.4893
54.7757,629,,,2.4274,,,,,,111.2879,r1_measured_01488,read,measured,,,,,53.5307,,ok,0.4804
53.429,509,,,5.44,,,,,,127.6776,r1_measured_01489,read,measured,,,,,68.343,,ok,0.393
665.502,369,77.5459,52.0888,0.4378,309.194,1,52.0869,1,179.9746,678.4083,r1_measured_01490,update,measured,127.8858,12.9063,1,42.9209,11.9345,55.8666,ok,0.4785
829.0816,672,59.4049,72.2008,1.2663,484.4575,1,72.1991,1,178.0215,848.2072,r1_measured_01491,update,measured,105.8207,19.1256,1,53.9254,17.4346,53.2723,ok,0.3614
63.6834,508,,,0.6347,,,,,,132.0303,r1_measured_01492,read,measured,,,,,67.2802,,ok,0.3689
61.8461,680,,,2.3825,,,,,,107.8523,r1_measured_01493,read,measured,,,,,43.1861,,ok,0.3598
68.2281,627,,,6.539,,,,,,118.7536,r1_measured_01494,read,measured,,,,,43.5079,,ok,0.3914
40.8447,368,,,0.291,,,,,,83.9585,r1_measured_01495,read,measured,,,,,42.3611,,ok,0.3962
76.3998,689,,,3.6731,,,,,,96.504,r1_measured_01496,read,measured,,,,,15.9895,,ok,0.3576
58.7869,629,,,2.9334,,,,,,96.0831,r1_measured_01497,read,measured,,,,,33.9476,,ok,0.3435
33.6368,687,,,2.087,,,,,,130.6532,r1_measured_01498,read,measured,,,,,94.3421,,ok,0.4984
55.9243,677,,,2.7175,,,,,,89.613,r1_measured_01499,read,measured,,,,,30.5397,,ok,0.3642
45.3516,680,,,4.3912,,,,,,102.4766,r1_measured_01500,read,measured,,,,,52.1938,,ok,0.4448
99.5661,688,,,0.5991,,,,,,124.4241,r1_measured_01501,read,measured,,,,,23.7938,,ok,0.3831
102.4568,568,,,2.3067,,,,,,114.738,r1_measured_01502,read,measured,,,,,9.5344,,ok,0.3705
99.3946,686,,,1.9833,,,,,,112.7044,r1_measured_01503,read,measured,,,,,10.8571,,ok,0.3964
97.0405,508,,,1.6876,,,,,,110.1593,r1_measured_01504,read,measured,,,,,10.9537,,ok,0.4063
33.7174,688,,,0.6936,,,,,,43.9197,r1_measured_01505,read,measured,,,,,9.0635,,ok,0.3715
69.1013,417,,,0.2867,,,,,,78.4024,r1_measured_01506,read,measured,,,,,8.5772,,ok,0.3759
815.1246,662,50.2066,64.5166,2.1822,468.2724,0,64.5149,1,206.5038,863.5927,r1_measured_01507,update,measured,141.9872,48.4681,1,34.8541,45.7162,55.2877,ok,0.4913
59.5763,368,,,0.9655,,,,,,65.7394,r1_measured_01508,read,measured,,,,,4.7274,,ok,0.3982
54.0498,680,,,1.52,,,,,,98.2313,r1_measured_01509,read,measured,,,,,42.1801,,ok,0.4018
50.108,663,,,3.6155,,,,,,86.096,r1_measured_01510,read,measured,,,,,31.9193,,ok,0.3695
52.5235,369,,,0.2817,,,,,,59.1638,r1_measured_01511,read,measured,,,,,5.8892,,ok,0.4038
53.629,418,,,3.433,,,,,,62.858,r1_measured_01512,read,measured,,,,,5.3021,,ok,0.4249
46.2692,680,,,1.8504,,,,,,85.0004,r1_measured_01513,read,measured,,,,,36.4129,,ok,0.3833
44.8843,509,,,3.3866,,,,,,70.5472,r1_measured_01514,read,measured,,,,,21.8223,,ok,0.3827
44.0091,509,,,2.3889,,,,,,71.0761,r1_measured_01515,read,measured,,,,,24.2449,,ok,0.3508
38.5078,509,,,0.9755,,,,,,86.2852,r1_measured_01516,read,measured,,,,,46.3455,,ok,0.3914
37.2842,685,,,2.0005,,,,,,88.2927,r1_measured_01517,read,measured,,,,,48.0182,,ok,0.8926
35.9414,687,,,1.0655,,,,,,72.1344,r1_measured_01518,read,measured,,,,,34.6951,,ok,0.3613
34.6672,568,,,1.0409,,,,,,71.7551,r1_measured_01519,read,measured,,,,,35.6006,,ok,0.3821
32.6151,678,,,1.0648,,,,,,74.2217,r1_measured_01520,read,measured,,,,,40.0537,,ok,0.4165
32.5814,687,,,0.5505,,,,,,70.9443,r1_measured_01521,read,measured,,,,,37.3644,,ok,0.3704
28.867,687,,,0.5675,,,,,,59.4246,r1_measured_01522,read,measured,,,,,29.4162,,ok,0.5022
28.1706,661,,,4.9552,,,,,,52.2751,r1_measured_01523,read,measured,,,,,18.6824,,ok,0.3708
24.4509,368,,,0.2471,,,,,,42.1576,r1_measured_01524,read,measured,,,,,17.0602,,ok,0.343
30.1713,678,,,1.8175,,,,,,70.2071,r1_measured_01525,read,measured,,,,,37.7639,,ok,0.3791
24.8144,662,,,0.7106,,,,,,49.959,r1_measured_01526,read,measured,,,,,23.9785,,ok,0.3786
33.3286,627,,,2.2009,,,,,,68.4722,r1_measured_01527,read,measured,,,,,32.4581,,ok,0.4011
765.3681,568,25.8546,33.0396,1.8398,359.9603,1,33.038,1,211.5827,801.0746,r1_measured_01528,update,measured,178.5431,35.7065,1,49.5205,33.4312,118.45,ok,0.3668
30.8335,627,,,2.0851,,,,,,46.9925,r1_measured_01529,read,measured,,,,,13.643,,ok,0.3603
84.6535,509,,,5.0427,,,,,,123.6806,r1_measured_01530,read,measured,,,,,33.5573,,ok,0.3577
60.0674,509,,,1.0323,,,,,,118.307,r1_measured_01531,read,measured,,,,,56.7497,,ok,0.3874
79.8389,662,,,5.296,,,,,,119.1092,r1_measured_01532,read,measured,,,,,33.5055,,ok,0.3923
56.1865,509,,,0.7222,,,,,,114.1044,r1_measured_01533,read,measured,,,,,56.7359,,ok,0.3871
56.0904,416,,,0.2931,,,,,,97.6274,r1_measured_01534,read,measured,,,,,40.8198,,ok,0.3612
71.292,508,,,0.6749,,,,,,113.6544,r1_measured_01535,read,measured,,,,,41.2432,,ok,0.3732
45.4953,680,,,2.0324,,,,,,95.3843,r1_measured_01536,read,measured,,,,,47.3895,,ok,0.3909
61.0981,675,,,1.7399,,,,,,98.0739,r1_measured_01537,read,measured,,,,,34.7675,,ok,0.3807
61.0858,680,,,1.2415,,,,,,92.1907,r1_measured_01538,read,measured,,,,,29.3794,,ok,0.4038
64.0641,677,,,0.875,,,,,,107.8881,r1_measured_01539,read,measured,,,,,42.4993,,ok,0.37
57.6191,676,,,5.542,,,,,,84.0946,r1_measured_01540,read,measured,,,,,20.4042,,ok,0.4335
37.747,629,,,2.7041,,,,,,76.1061,r1_measured_01541,read,measured,,,,,35.1571,,ok,0.4108
59.262,678,,,1.5323,,,,,,96.8072,r1_measured_01542,read,measured,,,,,35.5867,,ok,0.3518
52.5381,417,,,0.329,,,,,,68.5694,r1_measured_01543,read,measured,,,,,15.259,,ok,0.3797
33.9715,629,,,1.6224,,,,,,85.9951,r1_measured_01544,read,measured,,,,,49.937,,ok,0.3924
102.5564,663,,,0.584,,,,,,132.0941,r1_measured_01545,read,measured,,,,,28.5127,,ok,0.3664
981.0714,679,155.4535,103.4411,0.9639,387.3205,1,103.4396,1,352.9435,1012.0743,r1_measured_01546,update,measured,249.5024,31.0029,1,34.2067,29.6203,51.1472,ok,0.3518
98.5547,509,,,2.1829,,,,,,115.7554,r1_measured_01547,read,measured,,,,,14.5433,,ok,0.402
96.7328,366,,,0.2589,,,,,,105.4396,r1_measured_01548,read,measured,,,,,8.0299,,ok,0.3607
97.7421,417,,,0.333,,,,,,105.9107,r1_measured_01549,read,measured,,,,,7.4067,,ok,0.3685
96.6634,627,,,22.0663,,,,,,151.2614,r1_measured_01550,read,measured,,,,,31.9344,,ok,0.4994
92.4241,627,,,0.5907,,,,,,119.1904,r1_measured_01551,read,measured,,,,,25.7419,,ok,0.3649
92.2072,680,,,1.6796,,,,,,115.0179,r1_measured_01552,read,measured,,,,,20.6799,,ok,0.3742
93.503,508,,,1.2197,,,,,,111.3327,r1_measured_01553,read,measured,,,,,16.1467,,ok,0.3965
38.9465,685,,,4.7845,,,,,,56.2246,r1_measured_01554,read,measured,,,,,12.0315,,ok,0.3804
37.6103,509,,,0.7418,,,,,,54.2962,r1_measured_01555,read,measured,,,,,15.4897,,ok,0.3874
33.6031,662,,,2.0017,,,,,,56.3937,r1_measured_01556,read,measured,,,,,20.139,,ok,0.5177
777.1146,689,50.0967,29.2099,0.9185,421.4448,0,29.208,1,263.6367,800.2465,r1_measured_01557,update,measured,234.4268,23.1319,1,0.0055,21.779,41.9309,ok,0.3592
27.9857,418,,,0.3503,,,,,,34.5398,r1_measured_01558,read,measured,,,,,5.7756,,ok,0.3671
80.3753,509,,,0.4798,,,,,,107.0111,r1_measured_01559,read,measured,,,,,25.4385,,ok,0.6283
56.4251,680,,,1.0327,,,,,,116.7861,r1_measured_01560,read,measured,,,,,58.8874,,ok,0.3653
73.1966,509,,,1.0975,,,,,,106.9735,r1_measured_01561,read,measured,,,,,32.2048,,ok,0.3992
73.6038,507,,,2.1903,,,,,,100.1784,r1_measured_01562,read,measured,,,,,23.8377,,ok,0.458
49.5397,689,,,1.5605,,,,,,110.2462,r1_measured_01563,read,measured,,,,,58.702,,ok,0.3703
47.2477,418,,,0.3805,,,,,,80.9517,r1_measured_01564,read,measured,,,,,32.8186,,ok,0.4151
68.9849,679,,,1.5827,,,,,,100.3159,r1_measured_01565,read,measured,,,,,29.2556,,ok,0.3914
45.8914,418,,,0.3281,,,,,,83.3131,r1_measured_01566,read,measured,,,,,36.5998,,ok,0.4277
45.6258,628,,,4.0931,,,,,,94.7913,r1_measured_01567,read,measured,,,,,44.3863,,ok,0.5859
43.849,629,,,1.9843,,,,,,77.9498,r1_measured_01568,read,measured,,,,,31.6237,,ok,0.4202
42.5713,680,,,3.6032,,,,,,96.3736,r1_measured_01569,read,measured,,,,,49.6561,,ok,0.4665
48.4412,566,,,0.756,,,,,,86.1585,r1_measured_01570,read,measured,,,,,36.5138,,ok,0.3773
47.8888,418,,,0.5966,,,,,,58.4599,r1_measured_01571,read,measured,,,,,9.4733,,ok,0.4352
45.0285,675,,,0.6519,,,,,,68.9083,r1_measured_01572,read,measured,,,,,22.711,,ok,0.4344
86.4147,568,,,1.3648,,,,,,189.476,r1_measured_01573,read,measured,,,,,101.3341,,ok,0.2974
104.276,674,,,0.8876,,,,,,207.4205,r1_measured_01574,read,measured,,,,,101.7998,,ok,0.3768
102.056,567,,,0.9185,,,,,,184.7491,r1_measured_01575,read,measured,,,,,81.2209,,ok,0.4578
82.6338,679,,,0.6179,,,,,,201.7058,r1_measured_01576,read,measured,,,,,117.8722,,ok,0.4921
906.7699,677,59.119,80.2705,1.1392,468.5546,1,80.2689,1,324.4573,927.172,r1_measured_01577,update,measured,244.1868,20.4021,1,0.0054,18.672,54.6336,ok,0.4749
78.9716,678,,,1.9424,,,,,,180.4448,r1_measured_01578,read,measured,,,,,99.1526,,ok,0.3116
89.5675,629,,,1.3788,,,,,,192.4641,r1_measured_01579,read,measured,,,,,100.9233,,ok,0.4918
76.4004,417,,,0.2985,,,,,,169.7816,r1_measured_01580,read,measured,,,,,92.4021,,ok,0.6114
74.802,680,,,6.769,,,,,,189.8681,r1_measured_01581,read,measured,,,,,107.5109,,ok,0.6539
46.1681,418,,,0.4001,,,,,,142.2277,r1_measured_01582,read,measured,,,,,95.2428,,ok,0.3526
53.6379,417,,,0.3141,,,,,,56.2508,r1_measured_01583,read,measured,,,,,1.8707,,ok,0.3609
35.086,681,,,3.7783,,,,,,144.3555,r1_measured_01584,read,measured,,,,,104.6627,,ok,0.7465
34.0971,567,,,4.7911,,,,,,144.1865,r1_measured_01585,read,measured,,,,,104.7841,,ok,0.4239
30.5959,628,,,3.2156,,,,,,146.4162,r1_measured_01586,read,measured,,,,,111.9843,,ok,0.524
154.6716,662,,,0.5174,,,,,,190.0598,r1_measured_01587,read,measured,,,,,34.4321,,ok,0.3653
151.0603,681,,,0.5983,,,,,,236.3961,r1_measured_01588,read,measured,,,,,84.2519,,ok,0.4001
165.4503,629,,,2.746,,,,,,243.6538,r1_measured_01589,read,measured,,,,,74.9949,,ok,0.387
164.5243,689,,,1.3459,,,,,,237.6602,r1_measured_01590,read,measured,,,,,71.3244,,ok,0.3901
162.0511,679,,,6.8671,,,,,,225.2238,r1_measured_01591,read,measured,,,,,55.8133,,ok,0.4138
168.0209,680,,,9.1501,,,,,,225.7977,r1_measured_01592,read,measured,,,,,48.1322,,ok,0.4036
161.9321,567,,,18.537,,,,,,211.5848,r1_measured_01593,read,measured,,,,,30.6265,,ok,0.4137
140.9259,680,,,2.325,,,,,,223.7065,r1_measured_01594,read,measured,,,,,79.9267,,ok,0.4364
156.2284,679,,,3.1762,,,,,,190.4005,r1_measured_01595,read,measured,,,,,30.025,,ok,0.8886
138.0413,628,,,0.4891,,,,,,176.0766,r1_measured_01596,read,measured,,,,,37.1421,,ok,0.3341
127.7946,629,,,0.4981,,,,,,218.1587,r1_measured_01597,read,measured,,,,,89.4533,,ok,0.3466
62.1926,680,,,1.8326,,,,,,137.6591,r1_measured_01598,read,measured,,,,,73.2094,,ok,0.3568
50.9869,679,,,3.5631,,,,,,124.4709,r1_measured_01599,read,measured,,,,,69.4682,,ok,0.3799
49.2753,627,,,0.5491,,,,,,71.0684,r1_measured_01600,read,measured,,,,,20.8265,,ok,0.3519
44.9778,677,,,1.1361,,,,,,71.8613,r1_measured_01601,read,measured,,,,,25.3183,,ok,0.3514
728.4606,628,53.0037,44.3615,1.1547,400.121,1,44.3599,1,196.6418,746.3679,r1_measured_01602,update,measured,152.2803,17.9073,1,35.086,16.3099,43.6081,ok,0.3563
70.5569,677,,,0.6019,,,,,,125.8143,r1_measured_01603,read,measured,,,,,54.2121,,ok,0.3552
66.016,628,,,2.0408,,,,,,160.9623,r1_measured_01604,read,measured,,,,,92.4521,,ok,0.3801
65.9951,568,,,1.4653,,,,,,116.0574,r1_measured_01605,read,measured,,,,,48.1624,,ok,0.3629
63.6721,674,,,1.7948,,,,,,123.611,r1_measured_01606,read,measured,,,,,57.7178,,ok,0.3551
62.7358,568,,,2.2996,,,,,,115.4593,r1_measured_01607,read,measured,,,,,49.9066,,ok,0.4308
59.1891,509,,,4.7167,,,,,,114.5789,r1_measured_01608,read,measured,,,,,50.1513,,ok,0.4519
80.481,662,,,3.2443,,,,,,344.4961,r1_measured_01609,read,measured,,,,,3.901,,ok,0.4193
93.7321,663,,,0.5199,,,,,,121.8189,r1_measured_01610,read,measured,,,,,27.1699,,ok,0.3318
73.8455,509,,,1.7458,,,,,,118.9199,r1_measured_01611,read,measured,,,,,42.9506,,ok,0.322
89.0437,417,,,0.5526,,,,,,98.5334,r1_measured_01612,read,measured,,,,,8.5479,,ok,0.3324
88.0507,627,,,1.0793,,,,,,106.5303,r1_measured_01613,read,measured,,,,,16.9493,,ok,0.3794
75.7768,568,,,4.9946,,,,,,118.415,r1_measured_01614,read,measured,,,,,37.2363,,ok,0.3437
59.761,629,,,0.5492,,,,,,77.817,r1_measured_01615,read,measured,,,,,17.1008,,ok,0.3394
48.5192,674,,,0.8065,,,,,,71.4319,r1_measured_01616,read,measured,,,,,21.6376,,ok,0.3977
48.8343,681,,,0.5187,,,,,,77.8926,r1_measured_01617,read,measured,,,,,28.123,,ok,0.3484
45.3921,673,,,0.9982,,,,,,70.9995,r1_measured_01618,read,measured,,,,,24.1966,,ok,0.3418
45.4377,680,,,1.3672,,,,,,69.6649,r1_measured_01619,read,measured,,,,,22.4575,,ok,0.3335
75.7306,680,,,0.5712,,,,,,101.3892,r1_measured_01620,read,measured,,,,,24.6712,,ok,0.3465
75.0198,680,,,0.5657,,,,,,98.8382,r1_measured_01621,read,measured,,,,,22.8168,,ok,0.3644
74.4001,564,,,1.5597,,,,,,93.4069,r1_measured_01622,read,measured,,,,,16.9989,,ok,0.3796
71.9818,508,,,1.3923,,,,,,99.4452,r1_measured_01623,read,measured,,,,,25.6358,,ok,0.362
66.1923,417,,,0.2687,,,,,,72.9948,r1_measured_01624,read,measured,,,,,6.1377,,ok,0.3419
68.9677,681,,,5.6282,,,,,,101.3951,r1_measured_01625,read,measured,,,,,26.2958,,ok,0.4287
64.603,689,,,1.9289,,,,,,85.1666,r1_measured_01626,read,measured,,,,,18.1302,,ok,0.4234
63.8776,674,,,1.3922,,,,,,76.7784,r1_measured_01627,read,measured,,,,,11.0126,,ok,0.4226
65.2645,418,,,0.2871,,,,,,70.6583,r1_measured_01628,read,measured,,,,,4.7167,,ok,0.3359
58.9661,663,,,3.7918,,,,,,74.9125,r1_measured_01629,read,measured,,,,,11.6705,,ok,0.4073
58.362,678,,,3.7114,,,,,,76.7947,r1_measured_01630,read,measured,,,,,14.2769,,ok,0.3735
30.3528,628,,,0.8297,,,,,,55.5324,r1_measured_01631,read,measured,,,,,23.9095,,ok,0.3709
26.4139,629,,,21.139,,,,,,77.265,r1_measured_01632,read,measured,,,,,29.2118,,ok,0.4174
26.731,679,,,2.8153,,,,,,41.9277,r1_measured_01633,read,measured,,,,,11.9314,,ok,0.3742
55.9416,673,,,5.2043,,,,,,92.1816,r1_measured_01634,read,measured,,,,,30.6195,,ok,0.3439
53.4473,681,,,5.3113,,,,,,91.4892,r1_measured_01635,read,measured,,,,,32.2266,,ok,0.423
51.3975,369,,,0.2272,,,,,,79.6548,r1_measured_01636,read,measured,,,,,27.5929,,ok,0.3789
70.6239,627,,,1.8488,,,,,,83.2192,r1_measured_01637,read,measured,,,,,10.2467,,ok,0.4327
69.3749,680,,,5.6324,,,,,,99.4259,r1_measured_01638,read,measured,,,,,23.9191,,ok,0.4226
59.8733,680,,,0.6546,,,,,,85.7505,r1_measured_01639,read,measured,,,,,24.7533,,ok,0.385
45.3081,509,,,1.771,,,,,,78.3474,r1_measured_01640,read,measured,,,,,30.8388,,ok,0.3657
58.9539,681,,,1.9437,,,,,,102.8627,r1_measured_01641,read,measured,,,,,41.4901,,ok,0.3754
48.0639,679,,,2.3437,,,,,,68.8654,r1_measured_01642,read,measured,,,,,18.0061,,ok,0.3689
46.2052,629,,,1.7496,,,,,,59.482,r1_measured_01643,read,measured,,,,,11.0581,,ok,0.3954
50.0245,677,,,1.3959,,,,,,72.4448,r1_measured_01644,read,measured,,,,,20.5767,,ok,0.3708
47.9485,509,,,0.8289,,,,,,68.9922,r1_measured_01645,read,measured,,,,,19.7727,,ok,0.3774
77.1774,663,,,1.1378,,,,,,97.7571,r1_measured_01646,read,measured,,,,,18.991,,ok,0.3824
72.8469,628,,,3.0741,,,,,,101.2908,r1_measured_01647,read,measured,,,,,24.9314,,ok,0.3594
75.2668,680,,,2.5223,,,,,,99.2057,r1_measured_01648,read,measured,,,,,20.9471,,ok,0.3826
69.4222,417,,,0.2926,,,,,,75.5903,r1_measured_01649,read,measured,,,,,5.4673,,ok,0.3492
68.9377,674,,,1.8297,,,,,,82.9139,r1_measured_01650,read,measured,,,,,11.698,,ok,0.3718
67.1892,508,,,3.4319,,,,,,80.7179,r1_measured_01651,read,measured,,,,,9.5545,,ok,0.4772
65.8089,509,,,1.6113,,,,,,88.5153,r1_measured_01652,read,measured,,,,,20.6658,,ok,0.367
66.9247,627,,,0.5864,,,,,,96.1459,r1_measured_01653,read,measured,,,,,28.1867,,ok,0.3655
64.0996,629,,,2.2439,,,,,,90.4582,r1_measured_01654,read,measured,,,,,23.6491,,ok,0.3883
61.652,689,,,1.4974,,,,,,86.1401,r1_measured_01655,read,measured,,,,,22.5093,,ok,0.3975
53.9917,688,,,3.5656,,,,,,76.9143,r1_measured_01656,read,measured,,,,,18.8688,,ok,0.4117
39.3699,678,,,0.8804,,,,,,48.6397,r1_measured_01657,read,measured,,,,,7.9087,,ok,0.4022
26.1215,689,,,1.1186,,,,,,41.0119,r1_measured_01658,read,measured,,,,,13.3214,,ok,0.3766
24.0671,680,,,1.4885,,,,,,40.8538,r1_measured_01659,read,measured,,,,,14.8444,,ok,0.3818
55.8594,568,,,0.4837,,,,,,129.7292,r1_measured_01660,read,measured,,,,,13.0754,,ok,0.3821
56.607,681,,,0.5261,,,,,,65.5844,r1_measured_01661,read,measured,,,,,7.9349,,ok,0.4414
56.0977,689,,,1.3903,,,,,,71.5828,r1_measured_01662,read,measured,,,,,13.4718,,ok,0.5505
52.5653,673,,,0.5617,,,,,,65.9082,r1_measured_01663,read,measured,,,,,12.368,,ok,0.3451
52.2603,677,,,3.6398,,,,,,433.6537,r1_measured_01664,read,measured,,,,,25.2392,,ok,0.3609
49.5285,418,,,0.301,,,,,,57.9771,r1_measured_01665,read,measured,,,,,7.7457,,ok,0.3454
47.2819,417,,,0.2731,,,,,,51.1581,r1_measured_01666,read,measured,,,,,3.2009,,ok,0.3467
46.6036,662,,,0.8451,,,,,,65.5602,r1_measured_01667,read,measured,,,,,17.668,,ok,0.3752
38.5269,680,,,1.0084,,,,,,54.3225,r1_measured_01668,read,measured,,,,,14.3674,,ok,0.3511
32.37,663,,,0.8125,,,,,,38.4008,r1_measured_01669,read,measured,,,,,4.755,,ok,0.3703
31.6416,689,,,0.5089,,,,,,44.7286,r1_measured_01670,read,measured,,,,,12.1528,,ok,0.3597
51.78,688,,,3.125,,,,,,77.7945,r1_measured_01671,read,measured,,,,,22.1773,,ok,0.6047
51.6507,624,,,0.6128,,,,,,73.8803,r1_measured_01672,read,measured,,,,,20.9298,,ok,0.6076
49.1823,662,,,0.6437,,,,,,81.3371,r1_measured_01673,read,measured,,,,,20.4731,,ok,0.3759
46.8626,508,,,0.8657,,,,,,90.353,r1_measured_01674,read,measured,,,,,42.1884,,ok,0.3663
49.8113,628,,,1.3424,,,,,,74.5238,r1_measured_01675,read,measured,,,,,22.8984,,ok,0.3861
45.1365,680,,,4.8857,,,,,,71.563,r1_measured_01676,read,measured,,,,,21.0618,,ok,0.3852
42.6136,417,,,0.4022,,,,,,47.4855,r1_measured_01677,read,measured,,,,,3.833,,ok,0.5531
40.3772,689,,,1.0112,,,,,,74.0993,r1_measured_01678,read,measured,,,,,32.26,,ok,0.3715
39.4768,673,,,2.479,,,,,,52.0772,r1_measured_01679,read,measured,,,,,9.5698,,ok,0.4544
38.7179,689,,,4.1313,,,,,,53.3255,r1_measured_01680,read,measured,,,,,9.9945,,ok,0.3941
39.5468,674,,,0.6105,,,,,,72.3381,r1_measured_01681,read,measured,,,,,31.5572,,ok,0.5351
35.0514,627,,,0.5842,,,,,,74.0776,r1_measured_01682,read,measured,,,,,37.9823,,ok,0.3868
621.6085,565,86.5416,36.6753,0.5452,340.492,0,36.6735,1,153.6896,648.667,r1_measured_01683,update,measured,117.0143,27.0585,1,0.006,26.0404,40.8793,ok,0.3995
23.1453,508,,,1.2299,,,,,,50.1595,r1_measured_01684,read,measured,,,,,25.3674,,ok,0.3523
32.6583,662,,,0.565,,,,,,61.3578,r1_measured_01685,read,measured,,,,,27.6927,,ok,0.3645
28.9738,680,,,0.7205,,,,,,39.4225,r1_measured_01686,read,measured,,,,,9.2488,,ok,0.3999
35.0263,679,,,2.2999,,,,,,54.1982,r1_measured_01687,read,measured,,,,,16.3734,,ok,0.4236
688.28,567,64.3303,26.891,1.6788,383.9929,1,26.8894,1,147.7477,719.0641,r1_measured_01688,update,measured,120.8567,30.7841,1,46.8746,28.6237,45.3345,ok,0.4059
30.7908,565,,,1.241,,,,,,56.2898,r1_measured_01689,read,measured,,,,,23.8005,,ok,0.3762
67.1137,368,,,0.362,,,,,,74.3013,r1_measured_01690,read,measured,,,,,6.3992,,ok,0.363
66.1639,565,,,0.4775,,,,,,103.2487,r1_measured_01691,read,measured,,,,,36.1733,,ok,0.3572
66.708,678,,,7.5946,,,,,,94.1769,r1_measured_01692,read,measured,,,,,19.45,,ok,0.3495
63.6189,418,,,0.3198,,,,,,67.6901,r1_measured_01693,read,measured,,,,,3.3346,,ok,0.3574
47.7142,509,,,2.6183,,,,,,65.5496,r1_measured_01694,read,measured,,,,,14.7606,,ok,0.3899
40.0266,677,,,0.5837,,,,,,81.3172,r1_measured_01695,read,measured,,,,,40.2565,,ok,0.3773
41.7339,629,,,1.0037,,,,,,57.9801,r1_measured_01696,read,measured,,,,,14.8111,,ok,0.3659
37.5179,680,,,1.5237,,,,,,59.1733,r1_measured_01697,read,measured,,,,,19.711,,ok,0.347
33.8659,679,,,1.3786,,,,,,189.7898,r1_measured_01698,read,measured,,,,,37.1968,,ok,0.3773
31.6853,663,,,2.4527,,,,,,69.4656,r1_measured_01699,read,measured,,,,,34.8995,,ok,0.3606
29.9463,661,,,0.6994,,,,,,45.5198,r1_measured_01700,read,measured,,,,,13.9204,,ok,0.8628
31.4111,509,,,1.3215,,,,,,39.6208,r1_measured_01701,read,measured,,,,,6.4329,,ok,0.3878
27.1139,629,,,7.6492,,,,,,57.553,r1_measured_01702,read,measured,,,,,22.3638,,ok,0.3567
26.2633,680,,,4.231,,,,,,53.5935,r1_measured_01703,read,measured,,,,,22.6354,,ok,0.3915
24.4047,674,,,2.0531,,,,,,43.3349,r1_measured_01704,read,measured,,,,,16.4414,,ok,0.3659
22.6059,680,,,1.8537,,,,,,34.4506,r1_measured_01705,read,measured,,,,,9.5549,,ok,0.3622
47.6293,680,,,1.9131,,,,,,65.2119,r1_measured_01706,read,measured,,,,,15.1234,,ok,0.465
49.1139,679,,,0.6971,,,,,,170.1117,r1_measured_01707,read,measured,,,,,34.3939,,ok,0.3381
43.6263,508,,,0.5912,,,,,,65.6,r1_measured_01708,read,measured,,,,,20.8035,,ok,0.4885
43.4081,509,,,2.0943,,,,,,59.3678,r1_measured_01709,read,measured,,,,,13.3297,,ok,0.459
40.9681,674,,,0.9535,,,,,,67.0011,r1_measured_01710,read,measured,,,,,24.6463,,ok,0.3636
39.6406,509,,,0.5366,,,,,,63.9579,r1_measured_01711,read,measured,,,,,23.3694,,ok,0.3536
37.3761,417,,,0.2721,,,,,,44.2964,r1_measured_01712,read,measured,,,,,6.214,,ok,0.3811
23.1125,417,,,0.3164,,,,,,27.4228,r1_measured_01713,read,measured,,,,,3.5784,,ok,0.3645
23.3638,628,,,1.3359,,,,,,47.1152,r1_measured_01714,read,measured,,,,,21.9768,,ok,0.3697
70.7113,508,,,0.9233,,,,,,103.173,r1_measured_01715,read,measured,,,,,31.134,,ok,0.3396
53.0995,509,,,0.6844,,,,,,107.6134,r1_measured_01716,read,measured,,,,,53.3634,,ok,0.3945
48.9919,674,,,0.6988,,,,,,97.7026,r1_measured_01717,read,measured,,,,,47.578,,ok,0.3581
48.5236,679,,,2.001,,,,,,93.6452,r1_measured_01718,read,measured,,,,,42.6687,,ok,0.3629
559.941,369,43.3197,65.9124,0.2806,189.084,1,65.9107,1,291.9426,567.6927,r1_measured_01719,update,measured,226.0302,7.7517,1,0.006,7.0013,35.5887,ok,0.4063
43.8704,687,,,1.8778,,,,,,137.0503,r1_measured_01720,read,measured,,,,,90.8469,,ok,0.377
43.0524,689,,,0.9015,,,,,,83.4382,r1_measured_01721,read,measured,,,,,39.0561,,ok,0.3532
35.6749,509,,,0.471,,,,,,69.4967,r1_measured_01722,read,measured,,,,,32.8629,,ok,0.4166
34.6691,629,,,2.5545,,,,,,80.5512,r1_measured_01723,read,measured,,,,,42.881,,ok,0.3718
32.7699,678,,,1.4172,,,,,,84.4213,r1_measured_01724,read,measured,,,,,49.8246,,ok,0.3372
31.3371,568,,,0.7981,,,,,,66.1051,r1_measured_01725,read,measured,,,,,33.5438,,ok,0.3586
29.9288,567,,,2.7261,,,,,,73.5793,r1_measured_01726,read,measured,,,,,40.3531,,ok,0.5025
43.0541,678,,,0.8801,,,,,,70.3575,r1_measured_01727,read,measured,,,,,25.93,,ok,0.3984
46.5076,688,,,0.9896,,,,,,81.2582,r1_measured_01728,read,measured,,,,,33.249,,ok,0.4314
40.0991,624,,,0.9735,,,,,,63.8251,r1_measured_01729,read,measured,,,,,22.3256,,ok,0.3471
25.4917,366,,,0.2734,,,,,,51.7372,r1_measured_01730,read,measured,,,,,25.5208,,ok,0.3765
39.3165,679,,,20.1055,,,,,,96.1033,r1_measured_01731,read,measured,,,,,36.2083,,ok,0.3801
37.1642,417,,,0.2675,,,,,,48.2743,r1_measured_01732,read,measured,,,,,10.4276,,ok,0.3563
75.1917,672,,,1.5673,,,,,,116.7873,r1_measured_01733,read,measured,,,,,39.597,,ok,0.3529
88.4317,679,,,2.3621,,,,,,116.984,r1_measured_01734,read,measured,,,,,25.7437,,ok,0.371
87.7274,689,,,1.4713,,,,,,105.1613,r1_measured_01735,read,measured,,,,,15.5063,,ok,0.3803
85.8736,680,,,0.7623,,,,,,105.6793,r1_measured_01736,read,measured,,,,,18.604,,ok,0.3653
87.58,679,,,1.3593,,,,,,113.2836,r1_measured_01737,read,measured,,,,,23.8897,,ok,0.3789
56.6258,568,,,0.5399,,,,,,81.2948,r1_measured_01738,read,measured,,,,,23.6701,,ok,0.3817
44.9578,680,,,0.8771,,,,,,76.6023,r1_measured_01739,read,measured,,,,,30.3013,,ok,0.395
45.7508,628,,,3.7621,,,,,,72.7422,r1_measured_01740,read,measured,,,,,22.7801,,ok,0.3722
163.0164,661,,,8.4445,,,,,,183.6519,r1_measured_01741,read,measured,,,,,11.7244,,ok,0.3951
160.1323,368,,,0.2567,,,,,,164.5139,r1_measured_01742,read,measured,,,,,3.7596,,ok,0.3198
157.3229,674,,,0.9406,,,,,,185.7909,r1_measured_01743,read,measured,,,,,27.0936,,ok,0.3672
153.9326,629,,,4.0884,,,,,,178.9187,r1_measured_01744,read,measured,,,,,20.4122,,ok,0.4055
153.021,418,,,0.2378,,,,,,160.6398,r1_measured_01745,read,measured,,,,,7.053,,ok,0.2858
161.3732,507,,,3.9169,,,,,,187.2931,r1_measured_01746,read,measured,,,,,21.5726,,ok,0.3702
150.7557,628,,,1.2591,,,,,,183.1762,r1_measured_01747,read,measured,,,,,30.7117,,ok,0.3836
147.8909,508,,,3.9549,,,,,,168.9906,r1_measured_01748,read,measured,,,,,16.5752,,ok,0.4779
151.1794,629,,,1.7909,,,,,,176.6188,r1_measured_01749,read,measured,,,,,23.1958,,ok,0.3873
155.3058,627,,,4.8014,,,,,,182.7997,r1_measured_01750,read,measured,,,,,22.2606,,ok,0.3653
148.7163,509,,,0.7199,,,,,,169.1693,r1_measured_01751,read,measured,,,,,19.2941,,ok,0.3822
147.152,685,,,1.4632,,,,,,183.1957,r1_measured_01752,read,measured,,,,,34.1733,,ok,0.342
126.1999,687,,,2.2871,,,,,,158.8555,r1_measured_01753,read,measured,,,,,29.9656,,ok,0.3377
114.6605,678,,,5.0114,,,,,,156.8028,r1_measured_01754,read,measured,,,,,36.6614,,ok,0.3926
112.9465,679,,,0.9998,,,,,,141.1582,r1_measured_01755,read,measured,,,,,26.6935,,ok,0.4503
111.1855,369,,,0.2556,,,,,,127.6469,r1_measured_01756,read,measured,,,,,15.7996,,ok,0.3592
112.0729,674,,,0.4624,,,,,,178.2066,r1_measured_01757,read,measured,,,,,65.2808,,ok,0.3252
108.1047,680,,,4.5091,,,,,,119.449,r1_measured_01758,read,measured,,,,,6.2847,,ok,0.4649
161.5819,680,,,0.6902,,,,,,165.421,r1_measured_01759,read,measured,,,,,2.7484,,ok,0.3354
143.223,663,,,2.9823,,,,,,170.2147,r1_measured_01760,read,measured,,,,,23.5886,,ok,0.3458
151.8884,662,,,6.2168,,,,,,188.9928,r1_measured_01761,read,measured,,,,,30.4618,,ok,0.3615
154.6158,662,,,2.2069,,,,,,176.0244,r1_measured_01762,read,measured,,,,,18.772,,ok,0.3465
150.2383,507,,,1.1256,,,,,,178.9692,r1_measured_01763,read,measured,,,,,27.2258,,ok,0.3216
152.4192,369,,,0.4642,,,,,,154.8069,r1_measured_01764,read,measured,,,,,1.526,,ok,0.3393
147.612,677,,,0.8471,,,,,,174.8698,r1_measured_01765,read,measured,,,,,25.9902,,ok,0.3355
52.5352,673,,,6.3697,,,,,,70.97,r1_measured_01766,read,measured,,,,,11.6734,,ok,0.316
54.1196,680,,,1.0669,,,,,,64.825,r1_measured_01767,read,measured,,,,,9.035,,ok,0.5283
866.734,629,200.4534,87.0027,1.1118,435.3495,1,87.0009,1,189.1482,929.1764,r1_measured_01768,update,measured,102.1455,62.4424,1,0.0046,60.8498,41.7783,ok,0.4036
79.988,417,,,0.2826,,,,,,87.5178,r1_measured_01769,read,measured,,,,,6.8694,,ok,0.3282
72.295,663,,,3.3365,,,,,,123.1675,r1_measured_01770,read,measured,,,,,47.0321,,ok,0.4176
71.1701,417,,,0.524,,,,,,80.1231,r1_measured_01771,read,measured,,,,,8.0636,,ok,0.3162
80.5482,508,,,0.8772,,,,,,108.6941,r1_measured_01772,read,measured,,,,,26.8196,,ok,0.3836
78.8998,662,,,2.075,,,,,,120.1482,r1_measured_01773,read,measured,,,,,38.7181,,ok,0.3765
75.2321,508,,,0.5154,,,,,,102.2704,r1_measured_01774,read,measured,,,,,26.0836,,ok,0.37
68.1411,368,,,0.2787,,,,,,82.3244,r1_measured_01775,read,measured,,,,,13.5163,,ok,0.3347
851.22,678,192.974,65.1894,1.4924,384.134,1,65.1874,1,173.2513,899.7387,r1_measured_01776,update,measured,108.0619,48.5187,1,52.5343,46.5894,48.3264,ok,0.3645
63.2765,674,,,0.6919,,,,,,79.1015,r1_measured_01777,read,measured,,,,,14.7245,,ok,0.3428
58.5454,418,,,0.2491,,,,,,65.8185,r1_measured_01778,read,measured,,,,,6.6522,,ok,0.3193
64.7066,677,,,5.698,,,,,,87.0957,r1_measured_01779,read,measured,,,,,15.9979,,ok,0.5629
62.3682,629,,,2.7989,,,,,,88.2311,r1_measured_01780,read,measured,,,,,22.5133,,ok,0.4742
59.4931,509,,,1.1664,,,,,,77.7506,r1_measured_01781,read,measured,,,,,16.7161,,ok,0.316
62.2452,673,,,10.084,,,,,,88.0373,r1_measured_01782,read,measured,,,,,15.2656,,ok,0.3668
56.6681,689,,,5.4761,,,,,,86.0808,r1_measured_01783,read,measured,,,,,23.3609,,ok,0.4949
46.5425,662,,,0.7074,,,,,,102.2832,r1_measured_01784,read,measured,,,,,54.5877,,ok,0.3728
33.9925,627,,,1.5219,,,,,,62.1837,r1_measured_01785,read,measured,,,,,26.1908,,ok,0.4083
37.2384,679,,,1.5366,,,,,,67.055,r1_measured_01786,read,measured,,,,,27.7613,,ok,0.3837
26.2332,628,,,1.3447,,,,,,48.1966,r1_measured_01787,read,measured,,,,,19.9434,,ok,0.5928
25.3887,677,,,2.2446,,,,,,45.5415,r1_measured_01788,read,measured,,,,,17.4776,,ok,0.3644
24.1011,509,,,0.6521,,,,,,35.6383,r1_measured_01789,read,measured,,,,,10.4813,,ok,0.3465
23.6213,680,,,1.1089,,,,,,66.7745,r1_measured_01790,read,measured,,,,,41.2956,,ok,0.6825
58.7657,680,,,1.2785,,,,,,80.7072,r1_measured_01791,read,measured,,,,,20.1313,,ok,0.4448
60.0234,680,,,0.5298,,,,,,81.3152,r1_measured_01792,read,measured,,,,,20.3348,,ok,0.3507
58.0231,663,,,1.805,,,,,,77.7401,r1_measured_01793,read,measured,,,,,17.4814,,ok,0.3547
52.0266,679,,,0.647,,,,,,70.7814,r1_measured_01794,read,measured,,,,,17.6684,,ok,0.3668
51.579,369,,,0.2942,,,,,,60.7578,r1_measured_01795,read,measured,,,,,8.3295,,ok,0.4791
43.6963,567,,,0.8602,,,,,,213.2473,r1_measured_01796,read,measured,,,,,13.9978,,ok,0.3574
37.6063,680,,,0.5923,,,,,,53.8383,r1_measured_01797,read,measured,,,,,15.1105,,ok,0.4357
36.8016,681,,,0.5612,,,,,,61.4254,r1_measured_01798,read,measured,,,,,23.6348,,ok,0.3508
31.4711,689,,,0.662,,,,,,45.492,r1_measured_01799,read,measured,,,,,12.91,,ok,0.3736
62.6527,662,,,0.6925,,,,,,113.6353,r1_measured_01800,read,measured,,,,,49.8519,,ok,0.3603
59.5279,508,,,0.4792,,,,,,80.1878,r1_measured_01801,read,measured,,,,,19.6931,,ok,0.4153
62.3046,417,,,0.4033,,,,,,66.2375,r1_measured_01802,read,measured,,,,,2.8763,,ok,0.5377
55.5685,568,,,3.5866,,,,,,81.0834,r1_measured_01803,read,measured,,,,,21.4605,,ok,0.3993
51.9808,507,,,1.602,,,,,,80.1832,r1_measured_01804,read,measured,,,,,26.1789,,ok,0.3551
784.509,418,220.1027,53.8977,0.8685,288.0993,1,53.8953,1,198.7055,794.5795,r1_measured_01805,update,measured,144.8078,10.0705,1,39.1676,8.7801,38.4339,ok,0.3512
48.349,680,,,1.1203,,,,,,60.9953,r1_measured_01806,read,measured,,,,,11.0686,,ok,0.3809
50.489,678,,,2.2425,,,,,,70.7204,r1_measured_01807,read,measured,,,,,17.5401,,ok,0.3661
48.2375,567,,,1.141,,,,,,182.3405,r1_measured_01808,read,measured,,,,,13.0647,,ok,0.3754
48.9642,662,,,2.3227,,,,,,67.7979,r1_measured_01809,read,measured,,,,,16.0903,,ok,0.3452
46.3579,681,,,5.944,,,,,,108.0251,r1_measured_01810,read,measured,,,,,55.3045,,ok,0.3368
45.0432,680,,,1.4254,,,,,,70.5369,r1_measured_01811,read,measured,,,,,23.6254,,ok,0.3686
41.7473,689,,,1.0823,,,,,,101.2915,r1_measured_01812,read,measured,,,,,58.0338,,ok,0.3526
39.0107,673,,,0.5379,,,,,,56.933,r1_measured_01813,read,measured,,,,,16.9425,,ok,0.3668
32.8495,674,,,1.6846,,,,,,46.1144,r1_measured_01814,read,measured,,,,,11.105,,ok,0.393
28.6493,508,,,4.3576,,,,,,91.7076,r1_measured_01815,read,measured,,,,,58.2447,,ok,0.3487
27.8937,677,,,1.1531,,,,,,41.7521,r1_measured_01816,read,measured,,,,,12.1831,,ok,0.4376
26.7277,567,,,3.4233,,,,,,50.914,r1_measured_01817,read,measured,,,,,20.3349,,ok,0.361
27.1354,663,,,1.6395,,,,,,84.7313,r1_measured_01818,read,measured,,,,,55.5306,,ok,0.3476
68.1877,680,,,3.9082,,,,,,86.3153,r1_measured_01819,read,measured,,,,,13.7966,,ok,0.3431
49.5988,680,,,2.9316,,,,,,90.4419,r1_measured_01820,read,measured,,,,,37.459,,ok,0.3758
65.2304,679,,,0.5441,,,,,,93.7095,r1_measured_01821,read,measured,,,,,27.5372,,ok,0.3296
45.1975,674,,,4.5993,,,,,,96.5008,r1_measured_01822,read,measured,,,,,46.1868,,ok,0.4422
44.4419,687,,,2.178,,,,,,83.4198,r1_measured_01823,read,measured,,,,,36.363,,ok,0.3484
43.0446,565,,,0.5352,,,,,,84.457,r1_measured_01824,read,measured,,,,,40.4482,,ok,0.3629
42.642,507,,,0.4747,,,,,,84.425,r1_measured_01825,read,measured,,,,,40.9037,,ok,0.3424
25.9706,681,,,1.7951,,,,,,63.1842,r1_measured_01826,read,measured,,,,,35.0013,,ok,0.3477
71.7581,418,,,0.3837,,,,,,97.1863,r1_measured_01827,read,measured,,,,,24.4966,,ok,0.4695
85.5858,568,,,2.8699,,,,,,116.3241,r1_measured_01828,read,measured,,,,,27.4046,,ok,0.3995
68.5735,629,,,0.9108,,,,,,514.3338,r1_measured_01829,read,measured,,,,,17.3913,,ok,0.331
67.0637,681,,,1.9669,,,,,,96.99,r1_measured_01830,read,measured,,,,,27.4204,,ok,0.455
71.2582,418,,,0.2984,,,,,,94.4534,r1_measured_01831,read,measured,,,,,22.4555,,ok,0.3792
61.6382,662,,,1.1106,,,,,,107.5119,r1_measured_01832,read,measured,,,,,43.9577,,ok,0.4423
60.3143,417,,,0.3172,,,,,,86.9135,r1_measured_01833,read,measured,,,,,25.8374,,ok,0.3887
74.9684,628,,,4.2098,,,,,,107.4595,r1_measured_01834,read,measured,,,,,27.8294,,ok,0.3768
58.464,680,,,1.4561,,,,,,95.488,r1_measured_01835,read,measured,,,,,35.1041,,ok,0.3901
63.8241,680,,,1.3889,,,,,,97.8938,r1_measured_01836,read,measured,,,,,32.2053,,ok,0.4012
56.9096,678,,,1.0739,,,,,,95.7679,r1_measured_01837,read,measured,,,,,37.322,,ok,0.3922
49.5314,629,,,3.5995,,,,,,81.5126,r1_measured_01838,read,measured,,,,,27.947,,ok,0.3628
81.4905,509,,,0.8209,,,,,,97.0154,r1_measured_01839,read,measured,,,,,14.2576,,ok,0.3804
82.3192,678,,,0.618,,,,,,112.0222,r1_measured_01840,read,measured,,,,,28.6531,,ok,0.3586
79.5207,369,,,0.2656,,,,,,90.2906,r1_measured_01841,read,measured,,,,,10.0347,,ok,0.4032
81.0852,674,,,3.8813,,,,,,107.8603,r1_measured_01842,read,measured,,,,,22.4057,,ok,0.3987
78.7157,678,,,1.5973,,,,,,93.9345,r1_measured_01843,read,measured,,,,,13.0938,,ok,0.4562
74.564,679,,,0.75,,,,,,107.6999,r1_measured_01844,read,measured,,,,,31.4443,,ok,0.8499
73.2044,568,,,2.9713,,,,,,90.8784,r1_measured_01845,read,measured,,,,,14.2639,,ok,0.3642
801.6145,678,27.2352,71.6659,27.2389,524.9938,1,71.6639,1,199.0728,851.396,r1_measured_01846,update,measured,127.4069,49.7815,1,0.0071,22.0849,50.3056,ok,0.3862
68.7983,627,,,0.6028,,,,,,92.6116,r1_measured_01847,read,measured,,,,,22.6734,,ok,0.4617
70.8,568,,,2.4691,,,,,,95.2786,r1_measured_01848,read,measured,,,,,21.4417,,ok,0.4869
68.0803,679,,,3.0624,,,,,,91.0071,r1_measured_01849,read,measured,,,,,19.344,,ok,0.4463
62.2815,628,,,1.5833,,,,,,78.0079,r1_measured_01850,read,measured,,,,,13.7234,,ok,0.3456
34.4718,673,,,4.5549,,,,,,60.723,r1_measured_01851,read,measured,,,,,21.1676,,ok,0.4343
37.6134,679,,,2.013,,,,,,44.6361,r1_measured_01852,read,measured,,,,,3.755,,ok,1.1775
33.8945,674,,,0.6968,,,,,,62.1244,r1_measured_01853,read,measured,,,,,27.0985,,ok,0.3526
29.1953,680,,,0.7072,,,,,,49.5645,r1_measured_01854,read,measured,,,,,19.2227,,ok,0.3619
63.4179,566,,,2.3669,,,,,,94.985,r1_measured_01855,read,measured,,,,,28.7041,,ok,0.4268
60.5499,417,,,0.3922,,,,,,82.5029,r1_measured_01856,read,measured,,,,,21.0429,,ok,0.4433
60.4983,675,,,2.8487,,,,,,105.4595,r1_measured_01857,read,measured,,,,,41.6257,,ok,0.3972
58.7244,680,,,2.7138,,,,,,97.0235,r1_measured_01858,read,measured,,,,,35.1323,,ok,0.3725
54.5964,568,,,1.7394,,,,,,95.8121,r1_measured_01859,read,measured,,,,,39.0307,,ok,0.3748
54.4266,675,,,3.1806,,,,,,86.3589,r1_measured_01860,read,measured,,,,,28.271,,ok,0.4014
72.4544,662,,,0.571,,,,,,101.6589,r1_measured_01861,read,measured,,,,,28.1746,,ok,0.3841
69.0444,567,,,1.7535,,,,,,88.3961,r1_measured_01862,read,measured,,,,,17.1017,,ok,0.4227
60.7515,680,,,0.6331,,,,,,96.5664,r1_measured_01863,read,measured,,,,,34.7438,,ok,0.3642
60.5037,678,,,0.8433,,,,,,92.9657,r1_measured_01864,read,measured,,,,,30.6134,,ok,0.9036
45.928,678,,,3.5422,,,,,,71.2258,r1_measured_01865,read,measured,,,,,21.299,,ok,0.376
43.0489,675,,,5.4783,,,,,,86.8043,r1_measured_01866,read,measured,,,,,37.7309,,ok,0.4386
47.064,688,,,5.0146,,,,,,69.9207,r1_measured_01867,read,measured,,,,,17.3683,,ok,0.3941
85.2172,368,,,0.7524,,,,,,88.3758,r1_measured_01868,read,measured,,,,,1.9651,,ok,0.3856
79.9174,629,,,0.7762,,,,,,356.3552,r1_measured_01869,read,measured,,,,,2.6181,,ok,0.3678
79.1815,417,,,0.3987,,,,,,89.2665,r1_measured_01870,read,measured,,,,,9.1684,,ok,0.4479
78.6035,673,,,0.5698,,,,,,94.0276,r1_measured_01871,read,measured,,,,,14.4156,,ok,0.3631
77.1929,568,,,2.2074,,,,,,97.3874,r1_measured_01872,read,measured,,,,,17.5264,,ok,0.3903
74.3994,680,,,2.5567,,,,,,95.6552,r1_measured_01873,read,measured,,,,,18.2803,,ok,0.3482
639.8516,566,35.5763,72.8438,2.435,357.7718,1,72.8421,1,191.4024,683.8178,r1_measured_01874,update,measured,118.5586,43.9662,1,0.0048,41.0996,55.0963,ok,0.3634
72.0008,674,,,3.1225,,,,,,94.4611,r1_measured_01875,read,measured,,,,,18.8313,,ok,0.4314
71.1855,627,,,0.6193,,,,,,83.8548,r1_measured_01876,read,measured,,,,,11.5981,,ok,0.3828
821.2222,674,29.8811,70.4269,0.9808,452.2889,0,70.425,1,186.6493,834.5071,r1_measured_01877,update,measured,116.2224,13.2849,1,71.3586,11.7174,81.0443,ok,0.4917
68.6571,680,,,0.5282,,,,,,84.0695,r1_measured_01878,read,measured,,,,,14.4476,,ok,0.367
67.0275,688,,,2.7017,,,,,,87.6747,r1_measured_01879,read,measured,,,,,17.505,,ok,0.3618
66.6294,629,,,0.7701,,,,,,75.1789,r1_measured_01880,read,measured,,,,,7.3509,,ok,0.357
37.007,679,,,6.104,,,,,,58.8691,r1_measured_01881,read,measured,,,,,15.2587,,ok,0.4133
776.0792,508,39.1761,55.5491,1.032,442.1573,1,55.547,1,197.2275,819.538,r1_measured_01882,update,measured,141.6784,43.4588,1,44.2459,41.9959,53.2724,ok,0.3673
54.5618,627,,,1.1916,,,,,,96.0763,r1_measured_01883,read,measured,,,,,39.8523,,ok,0.3914
53.6076,680,,,1.0475,,,,,,91.4147,r1_measured_01884,read,measured,,,,,36.2559,,ok,0.414
772.4024,628,28.4553,50.0949,0.6276,458.015,1,50.0932,1,190.567,800.316,r1_measured_01885,update,measured,140.4721,27.9136,1,34.3901,26.8244,60.975,ok,0.3741
65.4567,627,,,2.3726,,,,,,94.6418,r1_measured_01886,read,measured,,,,,26.287,,ok,0.3972
65.956,663,,,1.1551,,,,,,82.2574,r1_measured_01887,read,measured,,,,,14.4597,,ok,0.58
65.3837,661,,,0.8949,,,,,,97.7762,r1_measured_01888,read,measured,,,,,31.0475,,ok,0.3802
62.8512,662,,,1.4283,,,,,,89.1101,r1_measured_01889,read,measured,,,,,24.2211,,ok,0.5334
57.6515,509,,,1.61,,,,,,80.638,r1_measured_01890,read,measured,,,,,20.8914,,ok,0.4108
58.3329,674,,,0.6378,,,,,,88.4111,r1_measured_01891,read,measured,,,,,28.9722,,ok,0.3899
56.345,674,,,7.2385,,,,,,99.641,r1_measured_01892,read,measured,,,,,35.5575,,ok,0.4211
53.7785,679,,,0.5862,,,,,,87.0182,r1_measured_01893,read,measured,,,,,32.2022,,ok,0.3781
49.4884,509,,,1.9568,,,,,,75.8336,r1_measured_01894,read,measured,,,,,23.9472,,ok,0.3749
40.9456,369,,,0.2641,,,,,,52.1464,r1_measured_01895,read,measured,,,,,10.4931,,ok,0.3703
77.895,679,,,0.6215,,,,,,98.7457,r1_measured_01896,read,measured,,,,,19.7989,,ok,0.3574
78.6479,689,,,1.6788,,,,,,90.7853,r1_measured_01897,read,measured,,,,,10.0128,,ok,0.3693
77.4845,662,,,0.4797,,,,,,96.8621,r1_measured_01898,read,measured,,,,,18.4671,,ok,0.3578
72.529,509,,,32.3441,,,,,,128.47,r1_measured_01899,read,measured,,,,,23.1469,,ok,0.3772
71.4202,678,,,2.8161,,,,,,283.1653,r1_measured_01900,read,measured,,,,,19.8706,,ok,0.3617
67.4324,417,,,0.9975,,,,,,74.8446,r1_measured_01901,read,measured,,,,,5.6881,,ok,0.6414
66.9408,681,,,3.4133,,,,,,125.3263,r1_measured_01902,read,measured,,,,,54.5402,,ok,0.3606
66.2909,628,,,0.8042,,,,,,77.2185,r1_measured_01903,read,measured,,,,,9.6333,,ok,0.413
68.5844,689,,,1.587,,,,,,83.1954,r1_measured_01904,read,measured,,,,,12.6082,,ok,0.3436
65.219,663,,,1.2068,,,,,,81.3245,r1_measured_01905,read,measured,,,,,14.4371,,ok,0.3942
31.5898,663,,,1.2347,,,,,,44.575,r1_measured_01906,read,measured,,,,,11.2576,,ok,0.4194
51.5162,689,,,2.8408,,,,,,81.0346,r1_measured_01907,read,measured,,,,,26.2059,,ok,0.3926
50.0199,689,,,0.5736,,,,,,93.387,r1_measured_01908,read,measured,,,,,42.3564,,ok,0.3629
47.6073,687,,,0.8568,,,,,,86.5418,r1_measured_01909,read,measured,,,,,37.5786,,ok,0.419
45.6984,567,,,0.4547,,,,,,87.5839,r1_measured_01910,read,measured,,,,,41.016,,ok,0.3508
44.7919,678,,,1.0443,,,,,,89.3028,r1_measured_01911,read,measured,,,,,42.9867,,ok,0.402
42.1443,628,,,0.5194,,,,,,74.9002,r1_measured_01912,read,measured,,,,,31.798,,ok,0.3724
42.2446,679,,,0.9487,,,,,,81.5257,r1_measured_01913,read,measured,,,,,37.9121,,ok,0.3405
41.0411,679,,,0.8098,,,,,,102.248,r1_measured_01914,read,measured,,,,,59.9751,,ok,0.3506
1003.6751,663,42.975,37.0578,2.4556,527.9441,1,37.056,1,206.4286,1017.3289,r1_measured_01915,update,measured,169.3708,13.6538,1,186.9194,10.7534,39.408,ok,0.3685
62.3729,673,,,2.6694,,,,,,77.905,r1_measured_01916,read,measured,,,,,12.4351,,ok,0.3586
50.9629,418,,,0.2764,,,,,,60.6906,r1_measured_01917,read,measured,,,,,9.0443,,ok,0.341
22.0602,663,,,1.4106,,,,,,68.9164,r1_measured_01918,read,measured,,,,,44.98,,ok,0.3837
73.0637,509,,,0.4055,,,,,,82.8031,r1_measured_01919,read,measured,,,,,8.9236,,ok,0.3511
68.4563,680,,,0.7357,,,,,,81.9964,r1_measured_01920,read,measured,,,,,12.4,,ok,0.3356
69.952,680,,,18.1825,,,,,,101.7509,r1_measured_01921,read,measured,,,,,13.0839,,ok,0.4439
64.5503,629,,,6.8822,,,,,,153.8859,r1_measured_01922,read,measured,,,,,82.0287,,ok,0.3401
67.2977,627,,,0.6012,,,,,,130.9728,r1_measured_01923,read,measured,,,,,62.6553,,ok,0.3443
62.6001,509,,,0.4892,,,,,,153.1279,r1_measured_01924,read,measured,,,,,89.648,,ok,0.3304
60.809,661,,,3.9334,,,,,,143.182,r1_measured_01925,read,measured,,,,,77.9615,,ok,0.4019
27.8596,568,,,0.5071,,,,,,41.7734,r1_measured_01926,read,measured,,,,,13.0171,,ok,0.3285
26.1606,680,,,1.9287,,,,,,107.1902,r1_measured_01927,read,measured,,,,,78.6777,,ok,0.3344
25.511,685,,,2.53,,,,,,34.1242,r1_measured_01928,read,measured,,,,,5.6462,,ok,0.3705
22.1309,689,,,5.9289,,,,,,98.5435,r1_measured_01929,read,measured,,,,,70.0574,,ok,0.3525
22.2087,680,,,0.9961,,,,,,100.1723,r1_measured_01930,read,measured,,,,,76.5178,,ok,0.3735
963.2309,663,33.827,21.9569,0.6565,468.4699,1,21.9552,1,372.1088,1008.0476,r1_measured_01931,update,measured,350.1519,44.8167,1,43.8613,43.6743,44.9639,ok,0.3989
19.3923,680,,,1.7659,,,,,,100.7068,r1_measured_01932,read,measured,,,,,79.1679,,ok,0.3109
78.787,627,,,0.6443,,,,,,114.1472,r1_measured_01933,read,measured,,,,,34.2496,,ok,0.3987
67.8197,629,,,0.5033,,,,,,105.956,r1_measured_01934,read,measured,,,,,37.0871,,ok,0.4563
43.7947,566,,,0.788,,,,,,393.1357,r1_measured_01935,read,measured,,,,,19.6574,,ok,0.4138
51.7023,509,,,3.3382,,,,,,103.7725,r1_measured_01936,read,measured,,,,,48.0604,,ok,0.5971
38.9774,509,,,0.7257,,,,,,99.6289,r1_measured_01937,read,measured,,,,,59.439,,ok,0.3936
103.3545,663,,,0.8951,,,,,,134.2758,r1_measured_01938,read,measured,,,,,29.5979,,ok,0.3447
105.9579,368,,,0.2175,,,,,,112.5671,r1_measured_01939,read,measured,,,,,6.0231,,ok,0.32
101.1682,686,,,0.6981,,,,,,110.0099,r1_measured_01940,read,measured,,,,,7.7467,,ok,0.3307
99.8377,508,,,2.2763,,,,,,123.7524,r1_measured_01941,read,measured,,,,,21.2343,,ok,0.3448
99.6366,674,,,0.5775,,,,,,126.8788,r1_measured_01942,read,measured,,,,,26.2583,,ok,0.3407
79.4537,674,,,2.7063,,,,,,103.9007,r1_measured_01943,read,measured,,,,,21.3205,,ok,0.3479
48.6815,508,,,1.2078,,,,,,77.5309,r1_measured_01944,read,measured,,,,,27.2422,,ok,0.341
41.246,680,,,1.2303,,,,,,49.533,r1_measured_01945,read,measured,,,,,6.2216,,ok,0.7509
32.8843,418,,,0.2495,,,,,,43.0701,r1_measured_01946,read,measured,,,,,9.529,,ok,0.3517
32.5294,688,,,1.0662,,,,,,50.121,r1_measured_01947,read,measured,,,,,15.9421,,ok,0.4957
33.6207,689,,,1.7161,,,,,,36.833,r1_measured_01948,read,measured,,,,,1.1033,,ok,0.3291
26.3228,663,,,5.6399,,,,,,52.2868,r1_measured_01949,read,measured,,,,,19.8877,,ok,0.3673
25.3978,689,,,2.0481,,,,,,49.9913,r1_measured_01950,read,measured,,,,,22.1272,,ok,0.3472
24.1426,663,,,2.2439,,,,,,44.905,r1_measured_01951,read,measured,,,,,18.0794,,ok,0.3761
946.8966,681,38.4751,204.2305,3.4269,464.7018,1,204.2287,1,366.4703,969.3208,r1_measured_01952,update,measured,162.2398,22.4242,1,29.7781,17.8737,47.4713,ok,0.9644
204.2806,566,,,0.4604,,,,,,274.2125,r1_measured_01953,read,measured,,,,,5.2067,,ok,0.326
203.8659,628,,,8.3285,,,,,,263.0459,r1_measured_01954,read,measured,,,,,50.374,,ok,0.3956
196.7764,368,,,0.4446,,,,,,217.5016,r1_measured_01955,read,measured,,,,,19.8816,,ok,0.3452
193.3005,674,,,1.425,,,,,,239.3511,r1_measured_01956,read,measured,,,,,44.1469,,ok,0.4067
201.6565,629,,,0.9448,,,,,,224.9133,r1_measured_01957,read,measured,,,,,21.8754,,ok,0.3742
177.9587,629,,,0.714,,,,,,220.0399,r1_measured_01958,read,measured,,,,,40.8845,,ok,0.3898
178.0434,689,,,4.234,,,,,,214.8245,r1_measured_01959,read,measured,,,,,32.0315,,ok,0.3931
195.5114,661,,,2.6777,,,,,,226.6087,r1_measured_01960,read,measured,,,,,28.0014,,ok,0.3406
178.2371,674,,,0.8196,,,,,,446.7861,r1_measured_01961,read,measured,,,,,17.7062,,ok,0.3702
172.0924,417,,,0.2669,,,,,,194.5857,r1_measured_01962,read,measured,,,,,21.8448,,ok,0.3233
188.551,674,,,2.2533,,,,,,219.2181,r1_measured_01963,read,measured,,,,,27.9975,,ok,0.3428
223.198,628,,,0.553,,,,,,244.6333,r1_measured_01964,read,measured,,,,,20.3885,,ok,0.4189
222.8154,567,,,0.4595,,,,,,252.8263,r1_measured_01965,read,measured,,,,,29.1461,,ok,0.3452
218.8154,679,,,1.4197,,,,,,242.4375,r1_measured_01966,read,measured,,,,,21.6853,,ok,0.4393
218.1761,568,,,1.6618,,,,,,228.5385,r1_measured_01967,read,measured,,,,,8.2791,,ok,0.3546
217.5581,627,,,0.8785,,,,,,247.0299,r1_measured_01968,read,measured,,,,,28.1461,,ok,0.3819
216.6343,662,,,0.6649,,,,,,235.5504,r1_measured_01969,read,measured,,,,,17.7546,,ok,0.4198
215.2437,629,,,0.455,,,,,,230.0017,r1_measured_01970,read,measured,,,,,13.8282,,ok,0.406
213.7295,627,,,1.3136,,,,,,243.1521,r1_measured_01971,read,measured,,,,,27.7018,,ok,0.3465
215.9546,679,,,3.1677,,,,,,237.434,r1_measured_01972,read,measured,,,,,17.8579,,ok,0.3702
38.3934,678,,,6.7087,,,,,,60.9821,r1_measured_01973,read,measured,,,,,15.4156,,ok,0.3913
36.0329,688,,,14.2603,,,,,,92.644,r1_measured_01974,read,measured,,,,,41.7958,,ok,0.4536
26.6009,662,,,1.3676,,,,,,34.7576,r1_measured_01975,read,measured,,,,,6.3646,,ok,0.3565
63.8856,509,,,0.9218,,,,,,132.7002,r1_measured_01976,read,measured,,,,,67.3948,,ok,0.4255
54.5092,680,,,3.3052,,,,,,113.4988,r1_measured_01977,read,measured,,,,,55.1992,,ok,0.4038
51.2604,416,,,0.4032,,,,,,85.8905,r1_measured_01978,read,measured,,,,,33.7811,,ok,0.3765
50.5672,672,,,1.9907,,,,,,107.1531,r1_measured_01979,read,measured,,,,,54.1596,,ok,0.3623
47.9314,509,,,0.8084,,,,,,100.6787,r1_measured_01980,read,measured,,,,,51.5099,,ok,0.3614
47.0019,368,,,0.2975,,,,,,48.062,r1_measured_01981,read,measured,,,,,0.335,,ok,0.3718
49.0588,624,,,3.0354,,,,,,92.3874,r1_measured_01982,read,measured,,,,,39.858,,ok,0.3617
38.277,508,,,4.8108,,,,,,92.9445,r1_measured_01983,read,measured,,,,,49.4163,,ok,0.373
35.6901,566,,,3.5469,,,,,,80.1962,r1_measured_01984,read,measured,,,,,40.5422,,ok,0.3471
31.5385,680,,,1.4313,,,,,,85.1344,r1_measured_01985,read,measured,,,,,51.6737,,ok,0.409
32.5597,677,,,0.5612,,,,,,78.6568,r1_measured_01986,read,measured,,,,,45.0735,,ok,0.3919
29.4688,416,,,0.3106,,,,,,51.7374,r1_measured_01987,read,measured,,,,,21.5375,,ok,0.3581
27.4959,681,,,1.9354,,,,,,68.1347,r1_measured_01988,read,measured,,,,,38.2675,,ok,0.361
85.5796,680,,,0.7073,,,,,,102.6036,r1_measured_01989,read,measured,,,,,15.8443,,ok,0.3978
81.5919,419,,,0.3387,,,,,,87.7073,r1_measured_01990,read,measured,,,,,5.3487,,ok,0.3631
79.3835,508,,,1.2406,,,,,,104.0522,r1_measured_01991,read,measured,,,,,22.9984,,ok,0.3668
78.2569,509,,,0.6439,,,,,,92.6258,r1_measured_01992,read,measured,,,,,13.1378,,ok,0.5213
77.5736,368,,,3.1455,,,,,,89.2894,r1_measured_01993,read,measured,,,,,8.1084,,ok,0.4031
75.8991,679,,,3.2481,,,,,,132.756,r1_measured_01994,read,measured,,,,,53.1386,,ok,0.3868
77.5261,627,,,1.1025,,,,,,99.7256,r1_measured_01995,read,measured,,,,,20.6607,,ok,0.364
75.9919,509,,,0.6918,,,,,,95.9695,r1_measured_01996,read,measured,,,,,18.8343,,ok,0.3657
73.4382,677,,,1.8995,,,,,,92.3834,r1_measured_01997,read,measured,,,,,16.609,,ok,0.3637
63.6648,674,,,1.8089,,,,,,120.9394,r1_measured_01998,read,measured,,,,,55.073,,ok,0.3253
45.4337,507,,,0.4587,,,,,,65.2791,r1_measured_01999,read,measured,,,,,18.9495,,ok,0.3756
39.7399,674,,,7.361,,,,,,97.8277,r1_measured_02000,read,measured,,,,,50.3013,,ok,0.3495
31.1321,568,,,0.6175,,,,,,45.5205,r1_measured_02001,read,measured,,,,,13.3112,,ok,0.3934
73.4206,681,,,1.449,,,,,,95.7982,r1_measured_02002,read,measured,,,,,20.3484,,ok,0.5068
64.0932,509,,,0.7088,,,,,,98.8622,r1_measured_02003,read,measured,,,,,33.6328,,ok,0.3605
61.9572,689,,,2.0262,,,,,,94.8451,r1_measured_02004,read,measured,,,,,30.4008,,ok,0.3755
46.6228,629,,,1.5312,,,,,,89.1863,r1_measured_02005,read,measured,,,,,40.519,,ok,0.4285
44.0059,417,,,0.264,,,,,,69.3778,r1_measured_02006,read,measured,,,,,24.6895,,ok,0.358
56.0838,688,,,0.9819,,,,,,77.7481,r1_measured_02007,read,measured,,,,,19.9513,,ok,0.6356
54.0236,681,,,1.9425,,,,,,82.3167,r1_measured_02008,read,measured,,,,,25.8489,,ok,0.4212
553.5676,367,38.8748,52.8779,0.2573,283.7427,1,52.8762,1,165.3681,556.6222,r1_measured_02009,update,measured,112.4902,3.0546,1,40.1594,2.3797,25.4226,ok,0.3654
62.2058,679,,,0.93,,,,,,76.5758,r1_measured_02010,read,measured,,,,,12.9199,,ok,0.4325
59.5294,417,,,0.2645,,,,,,67.0001,r1_measured_02011,read,measured,,,,,6.7941,,ok,0.3353
51.9519,567,,,2.8513,,,,,,73.3101,r1_measured_02012,read,measured,,,,,18.0363,,ok,0.3958
79.1516,680,,,4.0462,,,,,,103.7897,r1_measured_02013,read,measured,,,,,20.0075,,ok,0.5061
75.2125,663,,,1.055,,,,,,90.2203,r1_measured_02014,read,measured,,,,,13.4659,,ok,0.3945
73.0914,681,,,1.6861,,,,,,117.4254,r1_measured_02015,read,measured,,,,,42.1888,,ok,0.3829
653.0235,674,38.6776,73.6325,1.8693,254.1397,1,73.6306,1,179.2589,695.5953,r1_measured_02016,update,measured,105.6264,42.5718,1,64.1189,40.176,116.8284,ok,0.4414
69.0969,629,,,2.3538,,,,,,110.1835,r1_measured_02017,read,measured,,,,,38.2663,,ok,0.3906
603.2556,418,63.7579,66.8376,1.8858,188.068,1,66.8361,1,175.2273,612.2991,r1_measured_02018,update,measured,108.3897,9.0435,1,49.9537,6.7043,126.2487,ok,0.3925
65.9599,567,,,0.6097,,,,,,86.341,r1_measured_02019,read,measured,,,,,19.3409,,ok,0.3656
67.5154,681,,,9.0092,,,,,,97.9941,r1_measured_02020,read,measured,,,,,21.0,,ok,0.3874
65.5431,508,,,3.0651,,,,,,120.6871,r1_measured_02021,read,measured,,,,,51.6451,,ok,0.3671
61.9764,366,,,1.764,,,,,,72.2489,r1_measured_02022,read,measured,,,,,8.0902,,ok,0.365
36.9894,568,,,4.14,,,,,,52.5532,r1_measured_02023,read,measured,,,,,10.9752,,ok,0.3724
33.4368,663,,,0.82,,,,,,48.8562,r1_measured_02024,read,measured,,,,,14.1472,,ok,0.3793
31.2298,627,,,1.4334,,,,,,40.4369,r1_measured_02025,read,measured,,,,,7.271,,ok,0.3963
31.9488,567,,,2.0667,,,,,,72.1995,r1_measured_02026,read,measured,,,,,37.7467,,ok,0.3722
31.9908,689,,,1.4637,,,,,,46.8728,r1_measured_02027,read,measured,,,,,12.9914,,ok,0.3552
27.662,688,,,2.6133,,,,,,51.4533,r1_measured_02028,read,measured,,,,,20.747,,ok,0.3597
52.0535,567,,,0.5284,,,,,,80.7539,r1_measured_02029,read,measured,,,,,27.7253,,ok,0.3745
51.6394,568,,,1.6491,,,,,,73.1677,r1_measured_02030,read,measured,,,,,19.4192,,ok,0.3886
46.5277,680,,,3.5294,,,,,,73.1957,r1_measured_02031,read,measured,,,,,22.6823,,ok,0.3667
45.1511,509,,,0.5127,,,,,,75.1182,r1_measured_02032,read,measured,,,,,29.0054,,ok,0.3791
45.9008,663,,,0.6144,,,,,,60.7837,r1_measured_02033,read,measured,,,,,13.7815,,ok,0.4107
46.09,567,,,3.4303,,,,,,66.6703,r1_measured_02034,read,measured,,,,,16.6904,,ok,0.3899
40.9686,681,,,0.6167,,,,,,60.5914,r1_measured_02035,read,measured,,,,,18.4949,,ok,0.4281
39.7319,629,,,1.6275,,,,,,46.8907,r1_measured_02036,read,measured,,,,,4.9619,,ok,0.4836
61.7544,681,,,1.4184,,,,,,91.8421,r1_measured_02037,read,measured,,,,,28.2262,,ok,0.3614
61.477,509,,,0.4515,,,,,,86.8515,r1_measured_02038,read,measured,,,,,24.5318,,ok,0.3341
57.7433,680,,,2.3119,,,,,,78.9158,r1_measured_02039,read,measured,,,,,18.4201,,ok,0.3662
56.2809,686,,,0.5928,,,,,,107.8236,r1_measured_02040,read,measured,,,,,50.5037,,ok,0.3706
55.0691,680,,,4.3101,,,,,,73.4425,r1_measured_02041,read,measured,,,,,13.6446,,ok,0.3525
52.0713,507,,,1.5937,,,,,,75.5624,r1_measured_02042,read,measured,,,,,21.4832,,ok,0.3507
54.1305,680,,,2.1358,,,,,,69.5583,r1_measured_02043,read,measured,,,,,12.8556,,ok,0.3589
45.7773,509,,,0.6451,,,,,,61.1659,r1_measured_02044,read,measured,,,,,14.2757,,ok,0.388
44.7493,509,,,0.8576,,,,,,102.2025,r1_measured_02045,read,measured,,,,,56.1611,,ok,0.3601
45.0543,689,,,2.8183,,,,,,69.1986,r1_measured_02046,read,measured,,,,,20.8385,,ok,0.4133
36.582,624,,,1.0659,,,,,,48.1246,r1_measured_02047,read,measured,,,,,9.8478,,ok,0.5215
33.5073,567,,,2.1609,,,,,,56.4904,r1_measured_02048,read,measured,,,,,20.3747,,ok,0.3684
29.2809,662,,,1.817,,,,,,59.5874,r1_measured_02049,read,measured,,,,,28.0493,,ok,0.367
31.8732,508,,,0.8056,,,,,,56.6074,r1_measured_02050,read,measured,,,,,23.4693,,ok,0.392
27.5241,678,,,2.2752,,,,,,44.8155,r1_measured_02051,read,measured,,,,,14.5207,,ok,0.4171
59.292,663,,,1.5178,,,,,,94.2888,r1_measured_02052,read,measured,,,,,33.0371,,ok,0.371
60.2438,675,,,1.1008,,,,,,82.6627,r1_measured_02053,read,measured,,,,,20.8667,,ok,0.3688
57.7903,687,,,0.6334,,,,,,98.2416,r1_measured_02054,read,measured,,,,,39.3563,,ok,0.385
52.0453,509,,,1.6529,,,,,,78.0176,r1_measured_02055,read,measured,,,,,23.9174,,ok,0.3375
51.5544,568,,,1.0639,,,,,,84.518,r1_measured_02056,read,measured,,,,,31.4478,,ok,0.383
64.9478,509,,,1.3835,,,,,,87.9531,r1_measured_02057,read,measured,,,,,21.1792,,ok,0.3755
49.5075,663,,,1.116,,,,,,80.5467,r1_measured_02058,read,measured,,,,,29.0342,,ok,0.7942
48.6838,678,,,0.5088,,,,,,75.1253,r1_measured_02059,read,measured,,,,,25.5103,,ok,0.3503
47.3583,568,,,0.6748,,,,,,86.1315,r1_measured_02060,read,measured,,,,,37.602,,ok,0.4199
45.9726,674,,,1.6581,,,,,,193.5382,r1_measured_02061,read,measured,,,,,145.453,,ok,0.379
33.2096,686,,,0.8806,,,,,,68.4132,r1_measured_02062,read,measured,,,,,33.8367,,ok,0.4117
74.3655,681,,,0.784,,,,,,203.4553,r1_measured_02063,read,measured,,,,,127.8922,,ok,0.3403
71.6481,567,,,0.6681,,,,,,186.659,r1_measured_02064,read,measured,,,,,113.7929,,ok,0.4597
67.9918,679,,,0.7365,,,,,,194.5554,r1_measured_02065,read,measured,,,,,125.3953,,ok,0.3562
67.313,680,,,7.0643,,,,,,172.9072,r1_measured_02066,read,measured,,,,,98.1204,,ok,0.3367
65.6147,680,,,1.3442,,,,,,205.1179,r1_measured_02067,read,measured,,,,,137.6406,,ok,0.4439
64.2038,679,,,3.3718,,,,,,183.2605,r1_measured_02068,read,measured,,,,,115.2222,,ok,0.3846
76.576,678,,,0.7856,,,,,,199.2416,r1_measured_02069,read,measured,,,,,121.33,,ok,0.4492
62.3371,567,,,1.6432,,,,,,180.1819,r1_measured_02070,read,measured,,,,,115.7582,,ok,0.3668
90.5168,507,,,0.5979,,,,,,185.1594,r1_measured_02071,read,measured,,,,,93.6304,,ok,0.3504
60.2668,680,,,0.636,,,,,,211.2519,r1_measured_02072,read,measured,,,,,149.928,,ok,0.3501
71.7365,509,,,0.5976,,,,,,178.7531,r1_measured_02073,read,measured,,,,,105.9801,,ok,0.3643
86.0965,369,,,0.2247,,,,,,156.5138,r1_measured_02074,read,measured,,,,,69.7802,,ok,0.3575
84.1597,681,,,2.0268,,,,,,195.9288,r1_measured_02075,read,measured,,,,,109.3126,,ok,0.352
128.752,663,,,1.9911,,,,,,166.0892,r1_measured_02076,read,measured,,,,,34.929,,ok,0.3479
122.3681,509,,,0.6678,,,,,,152.7137,r1_measured_02077,read,measured,,,,,29.2203,,ok,0.3901
118.4778,568,,,1.8842,,,,,,142.357,r1_measured_02078,read,measured,,,,,21.5269,,ok,0.3899
53.0069,680,,,0.9814,,,,,,166.4786,r1_measured_02079,read,measured,,,,,112.0528,,ok,0.3668
114.3676,680,,,1.3983,,,,,,166.0241,r1_measured_02080,read,measured,,,,,49.7951,,ok,0.3813
118.7734,366,,,0.2291,,,,,,131.0073,r1_measured_02081,read,measured,,,,,11.614,,ok,0.332
149.8806,567,,,0.9188,,,,,,170.1908,r1_measured_02082,read,measured,,,,,18.9084,,ok,0.415
148.4794,568,,,0.4901,,,,,,160.489,r1_measured_02083,read,measured,,,,,11.0857,,ok,0.371
145.0147,680,,,1.4172,,,,,,167.8886,r1_measured_02084,read,measured,,,,,20.9017,,ok,0.4607
143.9016,678,,,1.2539,,,,,,162.1412,r1_measured_02085,read,measured,,,,,16.5332,,ok,0.3762
141.0125,689,,,1.1028,,,,,,157.7776,r1_measured_02086,read,measured,,,,,15.2207,,ok,0.3685
138.9551,678,,,1.8476,,,,,,156.5011,r1_measured_02087,read,measured,,,,,15.2741,,ok,0.3529
71.6857,681,,,2.0735,,,,,,99.4748,r1_measured_02088,read,measured,,,,,25.2551,,ok,0.3824
65.6749,679,,,4.2445,,,,,,93.1711,r1_measured_02089,read,measured,,,,,22.8062,,ok,0.3588
59.945,417,,,0.968,,,,,,68.5247,r1_measured_02090,read,measured,,,,,7.1295,,ok,0.417
56.4764,419,,,3.319,,,,,,67.3702,r1_measured_02091,read,measured,,,,,7.1567,,ok,0.3591
51.848,681,,,1.0443,,,,,,72.6438,r1_measured_02092,read,measured,,,,,19.2015,,ok,0.4473
49.0448,663,,,0.768,,,,,,112.3268,r1_measured_02093,read,measured,,,,,17.9651,,ok,0.4404
53.4926,663,,,1.9616,,,,,,81.91,r1_measured_02094,read,measured,,,,,26.0217,,ok,0.3612
47.5812,688,,,3.7119,,,,,,73.0696,r1_measured_02095,read,measured,,,,,21.3252,,ok,0.3712
49.2101,661,,,1.8611,,,,,,94.2539,r1_measured_02096,read,measured,,,,,42.7675,,ok,0.3426
47.7161,674,,,1.4475,,,,,,95.3997,r1_measured_02097,read,measured,,,,,45.8053,,ok,0.3538
42.2908,566,,,3.8624,,,,,,56.8351,r1_measured_02098,read,measured,,,,,10.1792,,ok,0.4257
43.3608,418,,,0.2894,,,,,,52.7817,r1_measured_02099,read,measured,,,,,7.533,,ok,1.5316
38.9903,568,,,1.1973,,,,,,69.2391,r1_measured_02100,read,measured,,,,,28.5685,,ok,0.409
34.7274,679,,,0.5234,,,,,,50.7557,r1_measured_02101,read,measured,,,,,15.0518,,ok,0.382
31.1391,680,,,1.6728,,,,,,53.3045,r1_measured_02102,read,measured,,,,,20.0238,,ok,0.3918
28.8105,627,,,0.5491,,,,,,52.0401,r1_measured_02103,read,measured,,,,,22.183,,ok,0.4218
26.7664,509,,,1.0701,,,,,,61.5507,r1_measured_02104,read,measured,,,,,33.2837,,ok,0.3675
26.1024,680,,,0.7948,,,,,,52.4057,r1_measured_02105,read,measured,,,,,25.0672,,ok,0.363
24.9194,628,,,4.2343,,,,,,60.431,r1_measured_02106,read,measured,,,,,30.7633,,ok,0.4418
23.0271,680,,,1.3563,,,,,,57.7936,r1_measured_02107,read,measured,,,,,32.9758,,ok,0.365
61.0367,418,,,0.2796,,,,,,63.9222,r1_measured_02108,read,measured,,,,,2.1825,,ok,0.3649
57.9365,678,,,0.9046,,,,,,77.2303,r1_measured_02109,read,measured,,,,,17.8098,,ok,0.4762
57.33,681,,,0.7557,,,,,,81.7005,r1_measured_02110,read,measured,,,,,23.0415,,ok,0.4968
57.541,689,,,3.146,,,,,,75.9924,r1_measured_02111,read,measured,,,,,14.7255,,ok,0.4956
53.9755,568,,,0.7454,,,,,,66.9862,r1_measured_02112,read,measured,,,,,11.7206,,ok,0.4684
52.695,418,,,0.2846,,,,,,58.9825,r1_measured_02113,read,measured,,,,,5.5923,,ok,0.3538
33.9666,662,,,0.8719,,,,,,43.012,r1_measured_02114,read,measured,,,,,7.7487,,ok,0.3569
65.9753,369,,,0.2852,,,,,,81.2932,r1_measured_02115,read,measured,,,,,13.9413,,ok,1.0096
61.6815,567,,,1.5732,,,,,,101.0851,r1_measured_02116,read,measured,,,,,37.3154,,ok,0.4294
64.8793,419,,,0.3002,,,,,,76.6669,r1_measured_02117,read,measured,,,,,11.0383,,ok,0.3858
58.0807,508,,,2.1785,,,,,,94.4378,r1_measured_02118,read,measured,,,,,33.676,,ok,0.4299
820.0111,675,71.9472,55.222,1.225,461.432,1,55.2201,1,193.9152,878.5413,r1_measured_02119,update,measured,138.6932,58.5302,1,43.9506,56.7591,48.7661,ok,0.4671
52.6033,418,,,0.3342,,,,,,63.8469,r1_measured_02120,read,measured,,,,,10.4738,,ok,0.3679
53.8131,680,,,3.2894,,,,,,88.6005,r1_measured_02121,read,measured,,,,,31.0248,,ok,0.3941
55.767,679,,,1.6561,,,,,,91.8246,r1_measured_02122,read,measured,,,,,33.899,,ok,0.4244
53.8528,508,,,1.1785,,,,,,93.4224,r1_measured_02123,read,measured,,,,,37.9698,,ok,0.3599
50.3485,567,,,0.8945,,,,,,73.4639,r1_measured_02124,read,measured,,,,,21.6957,,ok,0.4516
48.8924,417,,,0.2951,,,,,,57.4339,r1_measured_02125,read,measured,,,,,7.7941,,ok,0.3798
43.9513,418,,,0.3457,,,,,,57.5024,r1_measured_02126,read,measured,,,,,12.7248,,ok,0.414
51.7206,568,,,1.8127,,,,,,74.0985,r1_measured_02127,read,measured,,,,,20.0604,,ok,0.4336
45.3682,418,,,0.2991,,,,,,62.233,r1_measured_02128,read,measured,,,,,16.1513,,ok,0.3572
39.8459,508,,,1.7276,,,,,,73.9953,r1_measured_02129,read,measured,,,,,31.9363,,ok,0.4162
39.1004,628,,,0.9943,,,,,,68.913,r1_measured_02130,read,measured,,,,,28.2553,,ok,0.4881
32.0547,678,,,1.0647,,,,,,71.1976,r1_measured_02131,read,measured,,,,,37.5911,,ok,0.4106
29.4249,567,,,1.9532,,,,,,56.1734,r1_measured_02132,read,measured,,,,,24.1192,,ok,0.5922
28.9047,417,,,0.3091,,,,,,35.7665,r1_measured_02133,read,measured,,,,,6.1175,,ok,0.3765
29.4373,627,,,0.9945,,,,,,45.9964,r1_measured_02134,read,measured,,,,,15.1095,,ok,0.3828
26.245,369,,,1.7381,,,,,,31.1254,r1_measured_02135,read,measured,,,,,2.6726,,ok,0.4123
28.8516,507,,,0.4993,,,,,,45.1909,r1_measured_02136,read,measured,,,,,15.4091,,ok,0.3661
22.4454,508,,,0.9506,,,,,,63.8062,r1_measured_02137,read,measured,,,,,39.9428,,ok,0.4009
71.7882,417,,,0.2878,,,,,,75.9682,r1_measured_02138,read,measured,,,,,3.4757,,ok,0.3599
69.4735,509,,,0.4403,,,,,,93.0621,r1_measured_02139,read,measured,,,,,22.7485,,ok,0.3401
66.1611,680,,,0.8776,,,,,,78.6807,r1_measured_02140,read,measured,,,,,11.1845,,ok,0.3707
63.6857,628,,,1.2139,,,,,,93.2739,r1_measured_02141,read,measured,,,,,27.9419,,ok,0.3589
47.029,508,,,1.749,,,,,,63.1522,r1_measured_02142,read,measured,,,,,13.9348,,ok,0.3691
45.0459,509,,,2.4976,,,,,,73.2008,r1_measured_02143,read,measured,,,,,25.2145,,ok,0.3731
42.9573,680,,,0.6888,,,,,,69.3375,r1_measured_02144,read,measured,,,,,25.2385,,ok,0.3737
43.8504,674,,,0.6201,,,,,,72.3187,r1_measured_02145,read,measured,,,,,27.4062,,ok,0.3689
43.5522,681,,,1.7842,,,,,,62.0821,r1_measured_02146,read,measured,,,,,16.3223,,ok,0.3522
41.1656,509,,,1.48,,,,,,59.1358,r1_measured_02147,read,measured,,,,,16.0745,,ok,0.3523
38.999,681,,,2.1775,,,,,,54.021,r1_measured_02148,read,measured,,,,,12.4177,,ok,0.3513
34.6413,368,,,0.5362,,,,,,42.83,r1_measured_02149,read,measured,,,,,7.2386,,ok,0.3593
33.6529,567,,,1.7576,,,,,,48.929,r1_measured_02150,read,measured,,,,,13.0811,,ok,0.3689
30.7685,679,,,1.4967,,,,,,53.0776,r1_measured_02151,read,measured,,,,,20.3802,,ok,0.36
68.2123,689,,,0.667,,,,,,100.7976,r1_measured_02152,read,measured,,,,,31.433,,ok,0.4095
869.7923,688,33.3609,63.7087,2.4562,551.1615,0,63.7067,1,219.0941,892.8958,r1_measured_02153,update,measured,155.3854,23.1035,1,0.0069,20.2159,66.1689,ok,0.3575
61.3776,674,,,0.7605,,,,,,170.8823,r1_measured_02154,read,measured,,,,,56.5885,,ok,0.3212
60.4239,568,,,1.9996,,,,,,77.4379,r1_measured_02155,read,measured,,,,,14.4332,,ok,0.4991
56.9782,567,,,1.7068,,,,,,77.8623,r1_measured_02156,read,measured,,,,,18.683,,ok,0.4205
56.1179,679,,,1.5042,,,,,,87.7569,r1_measured_02157,read,measured,,,,,29.6674,,ok,0.3896
55.0164,629,,,1.0888,,,,,,81.651,r1_measured_02158,read,measured,,,,,25.0706,,ok,0.4018
59.2962,418,,,0.2809,,,,,,63.5704,r1_measured_02159,read,measured,,,,,3.556,,ok,0.3711
52.0815,369,,,0.2687,,,,,,56.7366,r1_measured_02160,read,measured,,,,,3.9611,,ok,0.3692
54.5334,680,,,1.5507,,,,,,78.5158,r1_measured_02161,read,measured,,,,,21.9586,,ok,0.3932
52.2386,663,,,0.5495,,,,,,61.3035,r1_measured_02162,read,measured,,,,,8.068,,ok,0.3758
53.83,369,,,0.2621,,,,,,56.5452,r1_measured_02163,read,measured,,,,,2.0287,,ok,0.3608
48.6389,508,,,2.6393,,,,,,67.9355,r1_measured_02164,read,measured,,,,,16.0776,,ok,0.4893
33.0332,567,,,1.0562,,,,,,62.5551,r1_measured_02165,read,measured,,,,,27.982,,ok,0.4004
31.6156,662,,,0.5882,,,,,,63.4449,r1_measured_02166,read,measured,,,,,30.7905,,ok,0.3792
30.4791,662,,,3.4722,,,,,,39.5199,r1_measured_02167,read,measured,,,,,5.0883,,ok,0.3812
27.8963,627,,,1.4548,,,,,,42.2041,r1_measured_02168,read,measured,,,,,11.9887,,ok,0.7931
65.9107,568,,,0.9338,,,,,,103.1317,r1_measured_02169,read,measured,,,,,35.8343,,ok,0.3867
70.3661,680,,,0.7311,,,,,,90.2307,r1_measured_02170,read,measured,,,,,18.6379,,ok,0.4201
64.4394,689,,,0.6366,,,,,,94.4397,r1_measured_02171,read,measured,,,,,28.9299,,ok,0.3619
62.2921,680,,,2.5504,,,,,,78.8632,r1_measured_02172,read,measured,,,,,13.5618,,ok,0.3809
61.0662,628,,,11.6357,,,,,,112.4942,r1_measured_02173,read,measured,,,,,39.3359,,ok,0.381
60.3991,677,,,15.2796,,,,,,113.9353,r1_measured_02174,read,measured,,,,,37.8459,,ok,0.3404
59.563,681,,,0.9265,,,,,,70.7009,r1_measured_02175,read,measured,,,,,9.7092,,ok,0.4053
57.1388,675,,,0.7385,,,,,,145.3591,r1_measured_02176,read,measured,,,,,86.9861,,ok,0.4159
56.2932,679,,,0.7996,,,,,,93.9962,r1_measured_02177,read,measured,,,,,36.4954,,ok,0.3391
54.7142,628,,,2.3871,,,,,,86.9739,r1_measured_02178,read,measured,,,,,29.4483,,ok,0.3569
53.9017,689,,,4.6072,,,,,,78.0475,r1_measured_02179,read,measured,,,,,19.0949,,ok,0.3685
41.6667,663,,,0.6658,,,,,,54.8168,r1_measured_02180,read,measured,,,,,11.9695,,ok,0.426
37.9099,678,,,0.5174,,,,,,67.401,r1_measured_02181,read,measured,,,,,28.5377,,ok,0.3596
37.0931,675,,,1.3252,,,,,,68.3674,r1_measured_02182,read,measured,,,,,29.501,,ok,0.3692
36.4277,680,,,1.1564,,,,,,55.6033,r1_measured_02183,read,measured,,,,,17.5607,,ok,0.3833
34.9059,673,,,0.6489,,,,,,51.1927,r1_measured_02184,read,measured,,,,,15.1903,,ok,0.3756
32.5527,680,,,3.8926,,,,,,55.6095,r1_measured_02185,read,measured,,,,,18.6475,,ok,0.4391
30.7707,681,,,1.4187,,,,,,64.8217,r1_measured_02186,read,measured,,,,,32.2191,,ok,0.3409
28.4141,568,,,2.3915,,,,,,52.1784,r1_measured_02187,read,measured,,,,,20.8688,,ok,0.4331
67.6868,627,,,4.5529,,,,,,112.857,r1_measured_02188,read,measured,,,,,40.1763,,ok,0.351
65.9313,629,,,2.7439,,,,,,106.6676,r1_measured_02189,read,measured,,,,,37.5365,,ok,0.3765
69.9494,369,,,0.2481,,,,,,91.2758,r1_measured_02190,read,measured,,,,,20.6664,,ok,0.351
69.1143,663,,,1.5275,,,,,,110.3634,r1_measured_02191,read,measured,,,,,39.278,,ok,0.3688
58.1559,509,,,0.4348,,,,,,89.5609,r1_measured_02192,read,measured,,,,,30.5495,,ok,0.3517
66.112,678,,,0.9576,,,,,,105.9186,r1_measured_02193,read,measured,,,,,38.4019,,ok,0.3665
63.5061,417,,,2.0057,,,,,,88.2265,r1_measured_02194,read,measured,,,,,22.2416,,ok,0.3951
54.1223,661,,,1.0124,,,,,,82.3725,r1_measured_02195,read,measured,,,,,26.772,,ok,0.3789
41.761,681,,,3.1851,,,,,,73.2718,r1_measured_02196,read,measured,,,,,27.8503,,ok,0.3851
32.5067,568,,,5.6983,,,,,,71.5465,r1_measured_02197,read,measured,,,,,32.904,,ok,0.3536
88.7543,418,,,0.3117,,,,,,127.7266,r1_measured_02198,read,measured,,,,,38.1947,,ok,0.3972
91.9255,368,,,2.0188,,,,,,132.4751,r1_measured_02199,read,measured,,,,,38.0774,,ok,0.39
85.5861,680,,,1.5534,,,,,,149.5392,r1_measured_02200,read,measured,,,,,61.9704,,ok,0.353
84.6893,679,,,2.4913,,,,,,160.3228,r1_measured_02201,read,measured,,,,,72.6968,,ok,0.3674
80.245,674,,,1.5029,,,,,,130.1627,r1_measured_02202,read,measured,,,,,47.9617,,ok,0.3748
81.0761,680,,,1.6948,,,,,,136.1196,r1_measured_02203,read,measured,,,,,52.9109,,ok,0.3612
81.6518,687,,,2.9326,,,,,,129.3846,r1_measured_02204,read,measured,,,,,44.3507,,ok,0.3711
79.3388,679,,,1.0781,,,,,,153.112,r1_measured_02205,read,measured,,,,,71.4393,,ok,1.1739
78.0292,418,,,0.3543,,,,,,108.9109,r1_measured_02206,read,measured,,,,,30.0586,,ok,0.4095
76.2621,674,,,0.6108,,,,,,114.563,r1_measured_02207,read,measured,,,,,37.1606,,ok,0.4341
92.3197,679,,,0.526,,,,,,130.677,r1_measured_02208,read,measured,,,,,37.3868,,ok,0.3577
71.4334,679,,,2.0902,,,,,,127.0883,r1_measured_02209,read,measured,,,,,53.1148,,ok,0.3732
72.6688,674,,,2.1185,,,,,,141.1444,r1_measured_02210,read,measured,,,,,65.8165,,ok,0.44
70.7016,674,,,1.2042,,,,,,122.0581,r1_measured_02211,read,measured,,,,,49.7089,,ok,0.3704
66.5066,681,,,0.6985,,,,,,149.2377,r1_measured_02212,read,measured,,,,,81.5939,,ok,0.3642
57.7072,688,,,0.6734,,,,,,114.2389,r1_measured_02213,read,measured,,,,,55.4217,,ok,0.349
55.621,688,,,1.0472,,,,,,113.9443,r1_measured_02214,read,measured,,,,,56.8491,,ok,0.3507
60.9121,662,,,1.5411,,,,,,90.8315,r1_measured_02215,read,measured,,,,,27.8828,,ok,0.3689
33.3669,661,,,0.6608,,,,,,68.8117,r1_measured_02216,read,measured,,,,,34.2666,,ok,0.4344
53.3667,680,,,3.2433,,,,,,74.0631,r1_measured_02217,read,measured,,,,,16.9416,,ok,0.4129
30.7665,417,,,0.3437,,,,,,54.436,r1_measured_02218,read,measured,,,,,22.7491,,ok,0.5059
29.7009,368,,,0.3188,,,,,,51.7652,r1_measured_02219,read,measured,,,,,21.2185,,ok,0.4531
818.49,509,38.1906,43.6606,0.4997,449.0577,1,43.6587,1,248.53,1172.4155,r1_measured_02220,update,measured,204.8694,353.9255,1,32.1152,12.4787,50.5965,ok,0.3691
88.5028,568,,,0.4754,,,,,,111.133,r1_measured_02221,read,measured,,,,,21.7449,,ok,0.3385
89.4358,628,,,0.5321,,,,,,103.6568,r1_measured_02222,read,measured,,,,,13.212,,ok,0.4018
85.4877,566,,,1.3645,,,,,,98.3602,r1_measured_02223,read,measured,,,,,11.0816,,ok,0.3604
83.8447,680,,,0.6969,,,,,,102.9707,r1_measured_02224,read,measured,,,,,18.0028,,ok,0.3563
82.9556,680,,,1.3308,,,,,,107.3277,r1_measured_02225,read,measured,,,,,22.5833,,ok,0.3852
80.6403,568,,,0.5652,,,,,,106.2336,r1_measured_02226,read,measured,,,,,24.5534,,ok,0.4113
80.077,624,,,0.763,,,,,,102.7163,r1_measured_02227,read,measured,,,,,21.438,,ok,0.3708
45.2897,663,,,1.5623,,,,,,58.1446,r1_measured_02228,read,measured,,,,,10.8423,,ok,0.3804
1135.6878,509,29.4363,44.4463,5.2232,743.7266,1,44.4443,1,232.4276,1153.4377,r1_measured_02229,update,measured,187.9813,17.7499,1,45.0637,12.0834,85.0336,ok,0.3752
36.8165,566,,,0.5008,,,,,,55.0783,r1_measured_02230,read,measured,,,,,17.3622,,ok,0.3363
143.9376,508,,,1.0953,,,,,,165.2406,r1_measured_02231,read,measured,,,,,19.6195,,ok,0.4538
144.2093,509,,,0.7679,,,,,,174.0814,r1_measured_02232,read,measured,,,,,28.6341,,ok,0.4059
137.5663,509,,,7.2532,,,,,,164.3396,r1_measured_02233,read,measured,,,,,18.8576,,ok,0.5833
134.33,673,,,0.9654,,,,,,149.4959,r1_measured_02234,read,measured,,,,,13.8011,,ok,0.337
132.4265,680,,,4.6941,,,,,,146.2669,r1_measured_02235,read,measured,,,,,8.7773,,ok,0.2981
129.4882,568,,,1.285,,,,,,163.7192,r1_measured_02236,read,measured,,,,,32.4517,,ok,0.4277
132.0974,627,,,0.7135,,,,,,164.5278,r1_measured_02237,read,measured,,,,,31.2564,,ok,0.3954
125.2353,674,,,1.8174,,,,,,158.7923,r1_measured_02238,read,measured,,,,,31.237,,ok,0.4274
127.3842,680,,,0.7079,,,,,,141.7777,r1_measured_02239,read,measured,,,,,13.2303,,ok,0.3204
120.1561,680,,,1.1595,,,,,,153.0821,r1_measured_02240,read,measured,,,,,31.26,,ok,0.4284
124.4253,509,,,5.0072,,,,,,171.7462,r1_measured_02241,read,measured,,,,,41.8715,,ok,0.3839
123.4484,418,,,0.2442,,,,,,129.1232,r1_measured_02242,read,measured,,,,,5.0542,,ok,0.3287
118.3323,509,,,1.7671,,,,,,127.8062,r1_measured_02243,read,measured,,,,,7.3322,,ok,0.3245
117.1647,678,,,1.3429,,,,,,141.4254,r1_measured_02244,read,measured,,,,,22.3784,,ok,0.4637
115.6933,689,,,3.0218,,,,,,142.7806,r1_measured_02245,read,measured,,,,,23.549,,ok,0.428
103.1023,418,,,0.2775,,,,,,111.3681,r1_measured_02246,read,measured,,,,,7.6135,,ok,0.3025
103.7714,674,,,3.2764,,,,,,113.2793,r1_measured_02247,read,measured,,,,,5.8815,,ok,0.2948
903.3583,680,27.9764,102.3951,1.5285,552.7925,0,102.3933,1,225.2293,921.9173,r1_measured_02248,update,measured,122.8342,18.559,1,49.2332,16.5733,48.1269,ok,0.3816
100.1545,680,,,0.7004,,,,,,118.3997,r1_measured_02249,read,measured,,,,,16.5137,,ok,0.8866
99.3402,418,,,0.9193,,,,,,112.4372,r1_measured_02250,read,measured,,,,,11.7748,,ok,0.3506
138.8754,663,,,0.8009,,,,,,157.8991,r1_measured_02251,read,measured,,,,,17.1141,,ok,0.9737
137.707,686,,,2.8236,,,,,,163.779,r1_measured_02252,read,measured,,,,,22.7229,,ok,0.3639
136.545,367,,,0.2447,,,,,,149.5927,r1_measured_02253,read,measured,,,,,12.3258,,ok,0.412
707.2092,417,30.1397,136.4489,0.4462,240.2075,1,136.4472,1,259.8296,716.58,r1_measured_02254,update,measured,123.3807,9.3708,1,77.667,8.3338,99.3654,ok,0.5094
134.407,686,,,2.2888,,,,,,143.2411,r1_measured_02255,read,measured,,,,,6.0699,,ok,0.4012
128.3753,661,,,1.4384,,,,,,155.0869,r1_measured_02256,read,measured,,,,,24.831,,ok,0.3695
130.3218,369,,,0.2504,,,,,,135.2529,r1_measured_02257,read,measured,,,,,4.2544,,ok,0.3596
127.5088,663,,,1.4094,,,,,,153.51,r1_measured_02258,read,measured,,,,,24.1482,,ok,0.3702
36.5323,418,,,0.2889,,,,,,42.8527,r1_measured_02259,read,measured,,,,,5.6018,,ok,0.3691
894.7058,689,51.0381,32.9385,1.0837,500.5793,1,32.9365,1,173.5392,922.4567,r1_measured_02260,update,measured,140.6007,27.7509,1,46.9261,26.2272,122.6231,ok,0.3661
32.2324,662,,,2.5881,,,,,,45.4806,r1_measured_02261,read,measured,,,,,10.2043,,ok,0.3811
32.5257,628,,,0.7873,,,,,,49.0875,r1_measured_02262,read,measured,,,,,15.26,,ok,0.4235
34.427,629,,,2.8828,,,,,,44.9311,r1_measured_02263,read,measured,,,,,7.1468,,ok,0.3963
28.9129,680,,,0.8644,,,,,,51.4831,r1_measured_02264,read,measured,,,,,21.2469,,ok,0.3712
61.9148,417,,,0.3081,,,,,,94.527,r1_measured_02265,read,measured,,,,,31.8336,,ok,0.4065
599.9283,369,30.0984,78.1504,0.2657,236.6532,1,78.1486,1,240.793,604.5784,r1_measured_02266,update,measured,162.6426,4.6501,1,30.6584,3.9505,61.7253,ok,0.3786
57.2868,674,,,1.9695,,,,,,138.2232,r1_measured_02267,read,measured,,,,,78.5058,,ok,0.379
599.4658,369,47.948,73.8428,0.2475,225.7812,0,73.8408,1,223.9427,601.8659,r1_measured_02268,update,measured,150.0999,2.4001,1,34.2519,1.6177,67.542,ok,0.4776
69.7747,508,,,1.1167,,,,,,104.8073,r1_measured_02269,read,measured,,,,,33.4433,,ok,0.3947
67.8461,629,,,4.0391,,,,,,141.0817,r1_measured_02270,read,measured,,,,,68.7247,,ok,0.3841
50.0886,368,,,0.2895,,,,,,76.6625,r1_measured_02271,read,measured,,,,,25.8119,,ok,0.4083
770.4642,567,34.4865,47.5679,4.5081,403.5915,1,47.5658,1,198.9676,796.2577,r1_measured_02272,update,measured,151.3997,25.7935,1,71.8265,20.7801,61.5921,ok,0.4177
46.8175,674,,,1.6807,,,,,,128.2891,r1_measured_02273,read,measured,,,,,79.2381,,ok,0.4456
62.505,567,,,3.6588,,,,,,81.6138,r1_measured_02274,read,measured,,,,,14.9521,,ok,0.4166
61.8577,418,,,0.3098,,,,,,71.9838,r1_measured_02275,read,measured,,,,,9.342,,ok,0.4048
42.3794,509,,,1.6767,,,,,,81.491,r1_measured_02276,read,measured,,,,,36.9816,,ok,0.3795
46.133,674,,,0.5998,,,,,,113.7905,r1_measured_02277,read,measured,,,,,66.5777,,ok,0.3893
44.6538,681,,,1.5432,,,,,,78.7007,r1_measured_02278,read,measured,,,,,31.974,,ok,0.4201
42.9843,509,,,2.0962,,,,,,105.4088,r1_measured_02279,read,measured,,,,,59.8586,,ok,0.3928
38.9718,678,,,0.7587,,,,,,53.8441,r1_measured_02280,read,measured,,,,,13.6218,,ok,0.4072
37.35,689,,,1.6535,,,,,,76.0284,r1_measured_02281,read,measured,,,,,36.5477,,ok,0.3809
37.5648,688,,,5.3449,,,,,,421.6412,r1_measured_02282,read,measured,,,,,27.5213,,ok,0.3531
34.4575,509,,,2.1825,,,,,,58.6479,r1_measured_02283,read,measured,,,,,21.5392,,ok,0.3918
35.3472,680,,,1.1784,,,,,,91.5294,r1_measured_02284,read,measured,,,,,54.5115,,ok,0.4026
60.1713,627,,,2.9649,,,,,,146.997,r1_measured_02285,read,measured,,,,,83.3552,,ok,0.4302
59.6761,568,,,3.9156,,,,,,91.8154,r1_measured_02286,read,measured,,,,,27.7905,,ok,0.3685
55.2978,681,,,0.7651,,,,,,134.9844,r1_measured_02287,read,measured,,,,,78.4546,,ok,0.3846
54.1631,689,,,0.95,,,,,,130.8214,r1_measured_02288,read,measured,,,,,75.2452,,ok,0.3848
54.0818,661,,,18.0314,,,,,,121.1729,r1_measured_02289,read,measured,,,,,48.5791,,ok,0.4024
19.6284,662,,,12.5575,,,,,,78.8005,r1_measured_02290,read,measured,,,,,46.1594,,ok,0.3749
75.6924,673,,,1.5714,,,,,,111.7215,r1_measured_02291,read,measured,,,,,33.9391,,ok,0.3736
832.5421,678,27.296,59.6341,5.6799,496.69,1,59.6321,1,231.3791,852.0829,r1_measured_02292,update,measured,171.745,19.5408,1,30.2019,13.3546,46.9751,ok,0.425
62.9252,663,,,1.0702,,,,,,97.0543,r1_measured_02293,read,measured,,,,,32.5788,,ok,0.403
52.9323,418,,,0.2875,,,,,,56.7745,r1_measured_02294,read,measured,,,,,3.113,,ok,0.3589
53.9287,628,,,1.6224,,,,,,100.4333,r1_measured_02295,read,measured,,,,,44.4173,,ok,0.3913
50.5916,568,,,3.2994,,,,,,93.6447,r1_measured_02296,read,measured,,,,,39.291,,ok,0.3884
41.931,663,,,3.7795,,,,,,84.6661,r1_measured_02297,read,measured,,,,,38.466,,ok,0.4087
38.411,674,,,0.743,,,,,,90.0236,r1_measured_02298,read,measured,,,,,50.4218,,ok,0.3739
37.621,680,,,2.6759,,,,,,82.3435,r1_measured_02299,read,measured,,,,,41.551,,ok,0.4094
94.4468,417,,,0.2912,,,,,,114.7222,r1_measured_02300,read,measured,,,,,19.5878,,ok,0.3346
103.1802,417,,,0.3365,,,,,,439.2343,r1_measured_02301,read,measured,,,,,6.5793,,ok,0.3822
102.1376,674,,,6.6928,,,,,,179.875,r1_measured_02302,read,measured,,,,,70.6647,,ok,0.314
70.2384,688,,,0.8482,,,,,,190.93,r1_measured_02303,read,measured,,,,,119.444,,ok,0.3215
85.6166,680,,,1.2647,,,,,,200.5345,r1_measured_02304,read,measured,,,,,113.199,,ok,0.3771
83.2821,681,,,3.6464,,,,,,168.9618,r1_measured_02305,read,measured,,,,,81.6106,,ok,0.346
89.9172,628,,,2.8151,,,,,,167.8537,r1_measured_02306,read,measured,,,,,74.6631,,ok,0.3852
92.4887,679,,,3.5898,,,,,,161.218,r1_measured_02307,read,measured,,,,,64.7378,,ok,0.3324
62.8651,662,,,0.9725,,,,,,174.6434,r1_measured_02308,read,measured,,,,,110.3473,,ok,0.3827
55.9977,418,,,2.1487,,,,,,86.4078,r1_measured_02309,read,measured,,,,,27.8619,,ok,0.3387
59.9706,418,,,0.4934,,,,,,74.1823,r1_measured_02310,read,measured,,,,,13.2959,,ok,0.3579
43.0877,681,,,5.8553,,,,,,140.7106,r1_measured_02311,read,measured,,,,,91.326,,ok,0.3567
732.7481,662,31.5879,39.7449,0.6646,437.286,1,39.7428,1,161.2766,737.5856,r1_measured_02312,update,measured,121.5317,4.8375,1,59.4298,3.606,43.1678,ok,0.4858
37.0144,680,,,1.6139,,,,,,132.8464,r1_measured_02313,read,measured,,,,,93.8231,,ok,0.3261
48.45,674,,,2.7914,,,,,,120.4875,r1_measured_02314,read,measured,,,,,68.8367,,ok,0.3392
46.2804,680,,,3.7158,,,,,,148.8018,r1_measured_02315,read,measured,,,,,98.3639,,ok,0.3731
44.1614,663,,,1.0006,,,,,,139.0465,r1_measured_02316,read,measured,,,,,93.4961,,ok,0.3237
83.5117,628,,,1.519,,,,,,130.5115,r1_measured_02317,read,measured,,,,,45.08,,ok,0.332
79.5087,629,,,0.7834,,,,,,146.1543,r1_measured_02318,read,measured,,,,,65.444,,ok,0.3479
60.4081,628,,,1.6862,,,,,,135.4906,r1_measured_02319,read,measured,,,,,72.9245,,ok,0.4017
31.991,369,,,0.2397,,,,,,88.8303,r1_measured_02320,read,measured,,,,,3.4022,,ok,0.3297
65.5633,663,,,2.6106,,,,,,88.3788,r1_measured_02321,read,measured,,,,,19.7753,,ok,0.3576
62.2634,509,,,0.4663,,,,,,689.345,r1_measured_02322,read,measured,,,,,12.3817,,ok,0.3724
37.1263,681,,,1.8776,,,,,,128.0776,r1_measured_02323,read,measured,,,,,88.5928,,ok,0.3749
36.3874,689,,,1.1858,,,,,,84.3984,r1_measured_02324,read,measured,,,,,46.3305,,ok,0.4185
35.7167,681,,,0.6742,,,,,,80.0683,r1_measured_02325,read,measured,,,,,43.1788,,ok,0.4204
53.4004,663,,,2.0428,,,,,,82.2085,r1_measured_02326,read,measured,,,,,26.2468,,ok,0.4179
31.9017,568,,,5.2624,,,,,,89.4835,r1_measured_02327,read,measured,,,,,51.8709,,ok,0.3773
56.8356,567,,,1.8859,,,,,,79.0897,r1_measured_02328,read,measured,,,,,19.8991,,ok,0.39
25.6999,679,,,1.0408,,,,,,76.4535,r1_measured_02329,read,measured,,,,,49.2484,,ok,0.3922
42.0443,674,,,0.817,,,,,,61.4895,r1_measured_02330,read,measured,,,,,17.9784,,ok,0.541
93.4636,681,,,0.6793,,,,,,120.465,r1_measured_02331,read,measured,,,,,25.9185,,ok,0.3151
73.699,675,,,0.5281,,,,,,105.1009,r1_measured_02332,read,measured,,,,,30.4389,,ok,0.3589
88.3228,417,,,0.446,,,,,,98.0861,r1_measured_02333,read,measured,,,,,8.8483,,ok,0.4118
88.6296,508,,,0.7973,,,,,,115.5964,r1_measured_02334,read,measured,,,,,25.7931,,ok,0.3154
68.8326,418,,,0.3289,,,,,,96.2557,r1_measured_02335,read,measured,,,,,26.6633,,ok,0.3691
66.8114,509,,,0.4453,,,,,,122.999,r1_measured_02336,read,measured,,,,,55.3034,,ok,0.3773
66.1181,628,,,1.7365,,,,,,104.0253,r1_measured_02337,read,measured,,,,,35.6909,,ok,0.4016
81.9447,681,,,1.646,,,,,,102.1556,r1_measured_02338,read,measured,,,,,18.0069,,ok,0.4502
81.7895,567,,,0.575,,,,,,103.2253,r1_measured_02339,read,measured,,,,,20.4359,,ok,0.3545
41.2101,679,,,1.0852,,,,,,78.0575,r1_measured_02340,read,measured,,,,,35.3238,,ok,0.3661
66.5994,674,,,0.4902,,,,,,78.7347,r1_measured_02341,read,measured,,,,,10.9628,,ok,0.6144
62.6591,628,,,2.1815,,,,,,77.5875,r1_measured_02342,read,measured,,,,,12.3137,,ok,0.3654
61.9173,689,,,0.6907,,,,,,78.9288,r1_measured_02343,read,measured,,,,,15.8541,,ok,0.392
58.282,628,,,1.4552,,,,,,80.1933,r1_measured_02344,read,measured,,,,,19.9069,,ok,0.4831
56.3254,680,,,5.9212,,,,,,87.0753,r1_measured_02345,read,measured,,,,,24.3764,,ok,0.3721
55.2881,629,,,2.0599,,,,,,77.6766,r1_measured_02346,read,measured,,,,,19.9271,,ok,0.3395
52.3683,674,,,2.7067,,,,,,65.4648,r1_measured_02347,read,measured,,,,,9.9828,,ok,0.3375
24.2045,687,,,2.7862,,,,,,37.0167,r1_measured_02348,read,measured,,,,,9.0076,,ok,0.9559
26.5324,418,,,0.2569,,,,,,30.1626,r1_measured_02349,read,measured,,,,,3.0041,,ok,0.3187
49.6575,566,,,0.5129,,,,,,74.9906,r1_measured_02350,read,measured,,,,,24.4047,,ok,0.3537
46.1954,509,,,0.6771,,,,,,59.5709,r1_measured_02351,read,measured,,,,,12.2451,,ok,0.3781
43.005,568,,,1.6002,,,,,,72.3606,r1_measured_02352,read,measured,,,,,27.2904,,ok,0.3976
40.0364,568,,,1.3371,,,,,,58.4338,r1_measured_02353,read,measured,,,,,16.6284,,ok,0.3674
38.0182,679,,,0.7718,,,,,,43.805,r1_measured_02354,read,measured,,,,,4.603,,ok,0.3474
39.1592,680,,,1.4917,,,,,,45.683,r1_measured_02355,read,measured,,,,,4.6128,,ok,0.3516
36.6903,680,,,3.4341,,,,,,66.4119,r1_measured_02356,read,measured,,,,,25.8182,,ok,0.3941
27.7267,627,,,0.9326,,,,,,44.8515,r1_measured_02357,read,measured,,,,,15.7111,,ok,0.4093
25.6345,689,,,0.6474,,,,,,40.3186,r1_measured_02358,read,measured,,,,,13.6308,,ok,0.3396
22.7477,689,,,1.9848,,,,,,36.0791,r1_measured_02359,read,measured,,,,,10.8246,,ok,0.4508
24.3949,680,,,1.0721,,,,,,30.2731,r1_measured_02360,read,measured,,,,,4.3887,,ok,0.3498
42.8929,674,,,0.5953,,,,,,56.1891,r1_measured_02361,read,measured,,,,,12.2017,,ok,0.4228
38.769,629,,,2.1291,,,,,,51.8766,r1_measured_02362,read,measured,,,,,10.5654,,ok,0.3402
40.0247,680,,,2.1477,,,,,,56.3682,r1_measured_02363,read,measured,,,,,13.7876,,ok,0.3417
37.6008,624,,,0.8592,,,,,,48.712,r1_measured_02364,read,measured,,,,,9.5348,,ok,0.5919
33.7775,417,,,0.2979,,,,,,40.4559,r1_measured_02365,read,measured,,,,,5.985,,ok,0.3375
31.6549,680,,,0.5572,,,,,,51.9449,r1_measured_02366,read,measured,,,,,19.3374,,ok,0.331
30.8738,678,,,0.5208,,,,,,49.5601,r1_measured_02367,read,measured,,,,,17.7653,,ok,0.336
29.4482,680,,,1.3165,,,,,,53.4429,r1_measured_02368,read,measured,,,,,22.2617,,ok,0.3449
23.188,663,,,0.9391,,,,,,45.4729,r1_measured_02369,read,measured,,,,,20.9601,,ok,0.3219
18.7721,568,,,0.5994,,,,,,34.677,r1_measured_02370,read,measured,,,,,14.9025,,ok,0.3432
43.2233,679,,,3.2408,,,,,,77.2525,r1_measured_02371,read,measured,,,,,30.3353,,ok,0.3729
45.0478,628,,,0.6778,,,,,,90.9337,r1_measured_02372,read,measured,,,,,44.7437,,ok,0.3912
41.2805,419,,,0.4223,,,,,,47.4081,r1_measured_02373,read,measured,,,,,5.2677,,ok,0.3779
40.6692,629,,,2.6306,,,,,,71.5486,r1_measured_02374,read,measured,,,,,27.8069,,ok,0.3708
37.2607,679,,,1.8704,,,,,,49.8799,r1_measured_02375,read,measured,,,,,10.3286,,ok,0.3517
36.4521,680,,,2.7354,,,,,,66.7411,r1_measured_02376,read,measured,,,,,27.0982,,ok,0.387
34.716,418,,,0.3331,,,,,,39.281,r1_measured_02377,read,measured,,,,,3.8275,,ok,0.3459
28.0141,689,,,1.4068,,,,,,36.946,r1_measured_02378,read,measured,,,,,7.1077,,ok,0.3484
22.9973,629,,,2.5668,,,,,,46.9346,r1_measured_02379,read,measured,,,,,20.9541,,ok,0.3494
24.5458,679,,,1.9426,,,,,,65.0439,r1_measured_02380,read,measured,,,,,38.1297,,ok,0.3595
22.3177,628,,,0.4935,,,,,,40.3081,r1_measured_02381,read,measured,,,,,17.0666,,ok,0.364
18.6151,674,,,2.1975,,,,,,45.4767,r1_measured_02382,read,measured,,,,,24.2471,,ok,0.3522
31.7389,627,,,1.8736,,,,,,67.9234,r1_measured_02383,read,measured,,,,,33.872,,ok,0.3703
29.2863,418,,,0.2604,,,,,,32.4928,r1_measured_02384,read,measured,,,,,2.5353,,ok,0.3496
27.7394,680,,,2.3818,,,,,,64.6941,r1_measured_02385,read,measured,,,,,34.0966,,ok,0.3985
27.2686,663,,,0.471,,,,,,56.1527,r1_measured_02386,read,measured,,,,,28.001,,ok,0.346
34.7836,681,,,0.9496,,,,,,71.0419,r1_measured_02387,read,measured,,,,,34.8333,,ok,0.4033
34.5671,662,,,0.6165,,,,,,48.6526,r1_measured_02388,read,measured,,,,,13.0275,,ok,0.3717
31.3684,568,,,0.5003,,,,,,48.1683,r1_measured_02389,read,measured,,,,,15.8741,,ok,0.3554
30.1315,673,,,0.7145,,,,,,43.5756,r1_measured_02390,read,measured,,,,,12.2827,,ok,0.3677
21.2632,680,,,1.4185,,,,,,45.8308,r1_measured_02391,read,measured,,,,,22.7283,,ok,0.3518
54.3726,679,,,8.7721,,,,,,82.8169,r1_measured_02392,read,measured,,,,,19.186,,ok,0.4107
46.0276,627,,,0.633,,,,,,94.7482,r1_measured_02393,read,measured,,,,,47.663,,ok,0.3556
47.5687,673,,,2.1264,,,,,,66.9271,r1_measured_02394,read,measured,,,,,16.7854,,ok,0.3706
39.7475,674,,,0.9761,,,,,,53.2889,r1_measured_02395,read,measured,,,,,12.0838,,ok,0.4
38.333,678,,,0.5888,,,,,,58.5294,r1_measured_02396,read,measured,,,,,19.1375,,ok,0.3992
591.2181,418,63.8824,33.7385,0.2799,219.1532,1,33.7368,1,217.5548,602.6053,r1_measured_02397,update,measured,183.8163,11.3872,1,40.8289,10.6723,49.7988,ok,0.3739
31.1501,508,,,0.6603,,,,,,48.3883,r1_measured_02398,read,measured,,,,,16.1358,,ok,0.3731
33.0586,679,,,6.5536,,,,,,56.2207,r1_measured_02399,read,measured,,,,,16.1129,,ok,0.4026
31.639,509,,,0.4428,,,,,,378.0702,r1_measured_02400,read,measured,,,,,10.4579,,ok,0.4125
25.6138,680,,,0.6301,,,,,,39.5543,r1_measured_02401,read,measured,,,,,12.8344,,ok,0.3963
621.0433,674,71.0305,25.3016,5.4393,252.1468,1,25.2995,1,209.0245,650.9778,r1_measured_02402,update,measured,183.7229,29.9345,1,28.6699,24.0016,60.1716,ok,0.4181
48.9565,418,,,0.2777,,,,,,53.9928,r1_measured_02403,read,measured,,,,,4.3603,,ok,0.3419
52.5795,368,,,0.2295,,,,,,54.9729,r1_measured_02404,read,measured,,,,,1.7815,,ok,0.3339
45.5408,624,,,2.6192,,,,,,59.083,r1_measured_02405,read,measured,,,,,10.4253,,ok,0.4127
45.0156,663,,,0.565,,,,,,59.6453,r1_measured_02406,read,measured,,,,,13.6132,,ok,0.3829
43.2275,567,,,1.2854,,,,,,63.9565,r1_measured_02407,read,measured,,,,,18.9798,,ok,0.3961
42.4867,678,,,3.2973,,,,,,56.1518,r1_measured_02408,read,measured,,,,,9.8301,,ok,0.4078
42.7418,677,,,93.9362,,,,,,153.7377,r1_measured_02409,read,measured,,,,,16.5897,,ok,0.3843
39.5411,678,,,0.5521,,,,,,311.5081,r1_measured_02410,read,measured,,,,,5.6069,,ok,0.3779
36.2388,567,,,1.976,,,,,,162.4351,r1_measured_02411,read,measured,,,,,123.7878,,ok,0.3686
27.6062,680,,,0.7294,,,,,,157.9261,r1_measured_02412,read,measured,,,,,128.9751,,ok,0.5277
27.4523,680,,,0.8264,,,,,,44.359,r1_measured_02413,read,measured,,,,,15.6419,,ok,0.364
25.0074,663,,,0.4996,,,,,,150.5948,r1_measured_02414,read,measured,,,,,124.6966,,ok,0.3227
21.3298,629,,,1.5303,,,,,,31.6526,r1_measured_02415,read,measured,,,,,8.3333,,ok,0.3845
136.5511,566,,,3.3178,,,,,,155.7586,r1_measured_02416,read,measured,,,,,15.0709,,ok,0.7287
131.3193,368,,,0.3117,,,,,,134.1097,r1_measured_02417,read,measured,,,,,2.0872,,ok,0.3229
132.3085,680,,,2.9105,,,,,,152.9945,r1_measured_02418,read,measured,,,,,17.3023,,ok,0.406
126.8206,628,,,0.8663,,,,,,143.3106,r1_measured_02419,read,measured,,,,,15.1154,,ok,0.4288
126.2301,418,,,0.2604,,,,,,134.0761,r1_measured_02420,read,measured,,,,,7.0907,,ok,0.4421
122.933,663,,,0.8372,,,,,,143.7425,r1_measured_02421,read,measured,,,,,19.4675,,ok,0.4269
119.2934,508,,,0.5133,,,,,,143.6108,r1_measured_02422,read,measured,,,,,23.3069,,ok,0.4163
117.2564,678,,,1.329,,,,,,131.8099,r1_measured_02423,read,measured,,,,,12.4726,,ok,0.6519
114.4991,568,,,1.3976,,,,,,136.877,r1_measured_02424,read,measured,,,,,20.5194,,ok,0.3978
141.146,629,,,2.0142,,,,,,150.2488,r1_measured_02425,read,measured,,,,,6.6263,,ok,0.3887
142.1548,568,,,8.3745,,,,,,213.4633,r1_measured_02426,read,measured,,,,,62.4246,,ok,0.4302
137.3854,369,,,0.4322,,,,,,145.763,r1_measured_02427,read,measured,,,,,7.4598,,ok,0.4119
136.7603,663,,,2.9685,,,,,,152.281,r1_measured_02428,read,measured,,,,,12.0922,,ok,0.3847
135.0439,689,,,2.1711,,,,,,152.062,r1_measured_02429,read,measured,,,,,14.3825,,ok,0.3853
133.5443,629,,,0.7018,,,,,,210.3447,r1_measured_02430,read,measured,,,,,75.6428,,ok,0.3815
135.4329,629,,,2.0289,,,,,,157.1813,r1_measured_02431,read,measured,,,,,19.1208,,ok,0.528
40.8876,678,,,1.0444,,,,,,56.596,r1_measured_02432,read,measured,,,,,14.2065,,ok,0.383
35.1584,568,,,1.5214,,,,,,59.7284,r1_measured_02433,read,measured,,,,,22.6119,,ok,0.3631
29.4214,681,,,1.408,,,,,,51.0559,r1_measured_02434,read,measured,,,,,19.656,,ok,0.4961
27.8456,568,,,2.0974,,,,,,40.2734,r1_measured_02435,read,measured,,,,,9.8816,,ok,0.3789
26.2032,508,,,1.79,,,,,,37.199,r1_measured_02436,read,measured,,,,,8.6895,,ok,0.4434
52.9513,418,,,0.3425,,,,,,76.0875,r1_measured_02437,read,measured,,,,,22.3286,,ok,0.3957
51.6089,627,,,0.6724,,,,,,109.175,r1_measured_02438,read,measured,,,,,56.2862,,ok,0.5203
48.5309,568,,,0.5177,,,,,,104.1067,r1_measured_02439,read,measured,,,,,54.6182,,ok,0.3697
46.3943,663,,,1.3133,,,,,,98.3635,r1_measured_02440,read,measured,,,,,50.1929,,ok,0.3877
781.8693,680,57.904,43.9878,1.0501,446.8862,1,43.9858,1,192.4162,1438.1885,r1_measured_02441,update,measured,148.4284,656.3192,1,32.8425,56.9494,51.8204,ok,0.452
51.1075,419,,,0.2988,,,,,,84.9279,r1_measured_02442,read,measured,,,,,33.0633,,ok,0.3964
41.6037,418,,,0.3786,,,,,,72.6819,r1_measured_02443,read,measured,,,,,30.2344,,ok,0.396
61.623,680,,,1.5131,,,,,,99.5581,r1_measured_02444,read,measured,,,,,35.9486,,ok,0.3898
53.7795,674,,,0.6288,,,,,,87.4891,r1_measured_02445,read,measured,,,,,32.6196,,ok,0.3849
22.7481,508,,,2.044,,,,,,77.0911,r1_measured_02446,read,measured,,,,,51.8629,,ok,0.3672
89.3947,568,,,4.9262,,,,,,122.0759,r1_measured_02447,read,measured,,,,,27.3146,,ok,0.3743
93.8758,418,,,0.2726,,,,,,97.4498,r1_measured_02448,read,measured,,,,,2.891,,ok,0.3568
87.2993,662,,,3.0748,,,,,,143.6842,r1_measured_02449,read,measured,,,,,52.7801,,ok,0.4427
86.0236,681,,,0.6766,,,,,,106.2666,r1_measured_02450,read,measured,,,,,19.0585,,ok,0.4287
83.2878,419,,,0.277,,,,,,95.2145,r1_measured_02451,read,measured,,,,,11.2562,,ok,0.3407
82.5225,680,,,1.3351,,,,,,113.2588,r1_measured_02452,read,measured,,,,,28.9689,,ok,0.3607
83.9336,681,,,0.6817,,,,,,94.2442,r1_measured_02453,read,measured,,,,,9.1963,,ok,0.3645
80.8237,418,,,0.2793,,,,,,84.4831,r1_measured_02454,read,measured,,,,,2.9643,,ok,0.3601
77.8446,629,,,0.983,,,,,,122.2018,r1_measured_02455,read,measured,,,,,42.9062,,ok,0.394
799.049,663,25.6213,79.853,167.4049,469.6889,0,79.851,1,201.8278,974.5632,r1_measured_02456,update,measured,121.9748,175.5142,1,45.9645,7.5534,55.9465,ok,0.4638
50.0637,689,,,0.6014,,,,,,74.7125,r1_measured_02457,read,measured,,,,,23.617,,ok,0.3607
1397.3727,680,93.8677,42.3935,2.2999,605.8728,1,42.3912,1,149.0295,1413.6082,r1_measured_02458,update,measured,106.636,16.2355,1,80.001,13.5353,468.6017,ok,0.3251
30.6927,689,,,0.778,,,,,,51.372,r1_measured_02459,read,measured,,,,,19.426,,ok,0.4029
29.7092,624,,,1.9644,,,,,,58.1282,r1_measured_02460,read,measured,,,,,26.0078,,ok,0.378
27.7774,624,,,0.5675,,,,,,42.1885,r1_measured_02461,read,measured,,,,,13.3939,,ok,0.3827
20.8405,628,,,0.586,,,,,,42.7469,r1_measured_02462,read,measured,,,,,20.854,,ok,0.3874
21.7759,418,,,0.2683,,,,,,27.3607,r1_measured_02463,read,measured,,,,,4.9297,,ok,0.3369
51.1831,663,,,0.7819,,,,,,66.0704,r1_measured_02464,read,measured,,,,,13.6451,,ok,0.3913
49.6227,679,,,3.81,,,,,,74.3095,r1_measured_02465,read,measured,,,,,20.4068,,ok,0.3893
1044.7574,679,26.6529,49.0879,1.4225,699.5003,1,49.0852,1,182.2841,1065.8377,r1_measured_02466,update,measured,133.1962,21.0803,1,84.3598,19.2229,51.9603,ok,0.365
44.412,509,,,0.5775,,,,,,70.5098,r1_measured_02467,read,measured,,,,,25.0442,,ok,0.4076
31.0039,689,,,0.5999,,,,,,41.1132,r1_measured_02468,read,measured,,,,,9.0396,,ok,0.3922
28.8117,663,,,0.6906,,,,,,51.6137,r1_measured_02469,read,measured,,,,,21.6034,,ok,0.4255
27.7715,689,,,1.9792,,,,,,38.318,r1_measured_02470,read,measured,,,,,8.1166,,ok,0.374
25.8139,675,,,1.542,,,,,,42.6943,r1_measured_02471,read,measured,,,,,14.298,,ok,0.9451
61.5652,688,,,0.9505,,,,,,146.4321,r1_measured_02472,read,measured,,,,,83.2867,,ok,0.5293
64.7836,680,,,4.8747,,,,,,84.7031,r1_measured_02473,read,measured,,,,,14.6373,,ok,0.341
61.7662,689,,,1.117,,,,,,75.3343,r1_measured_02474,read,measured,,,,,11.955,,ok,0.4147
60.5141,678,,,1.5445,,,,,,120.9891,r1_measured_02475,read,measured,,,,,58.3683,,ok,0.4762
58.4977,628,,,4.9088,,,,,,81.1496,r1_measured_02476,read,measured,,,,,17.3297,,ok,0.3378
57.5097,508,,,2.1719,,,,,,80.1449,r1_measured_02477,read,measured,,,,,20.0438,,ok,0.3545
50.6094,680,,,2.7882,,,,,,69.2151,r1_measured_02478,read,measured,,,,,15.3528,,ok,0.3808
47.9564,672,,,1.9237,,,,,,116.3301,r1_measured_02479,read,measured,,,,,65.9968,,ok,0.3741
47.3959,567,,,2.224,,,,,,70.129,r1_measured_02480,read,measured,,,,,19.9966,,ok,0.437
1036.4469,680,30.1582,46.1318,2.9218,645.9841,1,46.1299,1,223.1947,1092.9833,r1_measured_02481,update,measured,177.0629,56.5364,1,90.4,53.132,46.7099,ok,0.3939
45.7466,689,,,5.9209,,,,,,73.1722,r1_measured_02482,read,measured,,,,,21.0151,,ok,0.4079
36.1626,680,,,0.6244,,,,,,109.7701,r1_measured_02483,read,measured,,,,,72.5455,,ok,0.3634
33.2569,689,,,1.2022,,,,,,109.2293,r1_measured_02484,read,measured,,,,,74.2993,,ok,0.3901
31.0001,679,,,2.6784,,,,,,54.9226,r1_measured_02485,read,measured,,,,,20.8249,,ok,0.3436
30.3332,680,,,0.7867,,,,,,40.4088,r1_measured_02486,read,measured,,,,,8.8214,,ok,0.3848
28.732,678,,,1.1457,,,,,,78.0676,r1_measured_02487,read,measured,,,,,47.5653,,ok,0.5246
25.0015,369,,,0.2785,,,,,,30.568,r1_measured_02488,read,measured,,,,,4.8526,,ok,0.3767
23.7452,674,,,1.2959,,,,,,87.9425,r1_measured_02489,read,measured,,,,,62.4468,,ok,0.3726
22.3048,663,,,1.255,,,,,,82.3186,r1_measured_02490,read,measured,,,,,58.31,,ok,0.3748
49.2081,418,,,0.2796,,,,,,76.6487,r1_measured_02491,read,measured,,,,,26.7313,,ok,0.3756
73.2713,663,,,0.7117,,,,,,97.7609,r1_measured_02492,read,measured,,,,,23.1397,,ok,0.5335
46.7921,417,,,0.2912,,,,,,72.8783,r1_measured_02493,read,measured,,,,,25.3348,,ok,0.4031
62.0763,689,,,1.3412,,,,,,92.6561,r1_measured_02494,read,measured,,,,,28.7307,,ok,0.4122
67.5119,567,,,2.1671,,,,,,89.305,r1_measured_02495,read,measured,,,,,19.1517,,ok,0.4025
68.9686,662,,,0.56,,,,,,81.1397,r1_measured_02496,read,measured,,,,,11.1707,,ok,0.367
41.9937,509,,,1.9583,,,,,,64.959,r1_measured_02497,read,measured,,,,,20.5652,,ok,0.3633
81.3133,679,,,1.4332,,,,,,133.1875,r1_measured_02498,read,measured,,,,,50.0162,,ok,0.3491
95.8009,629,,,2.4409,,,,,,136.4525,r1_measured_02499,read,measured,,,,,37.4281,,ok,0.7145
75.4177,418,,,0.3004,,,,,,110.7105,r1_measured_02500,read,measured,,,,,34.5814,,ok,0.347
1017.2998,628,35.5718,94.2863,0.4954,599.9299,0,94.2833,1,264.3049,1036.9743,r1_measured_02501,update,measured,170.0186,19.6745,1,50.0392,18.7242,67.454,ok,0.3849
70.4783,418,,,0.3025,,,,,,106.7151,r1_measured_02502,read,measured,,,,,35.5342,,ok,0.3418
87.334,369,,,0.2672,,,,,,103.5759,r1_measured_02503,read,measured,,,,,15.5774,,ok,0.3431
86.8947,568,,,3.433,,,,,,132.2764,r1_measured_02504,read,measured,,,,,41.542,,ok,0.3365
930.4382,418,27.6739,87.7532,0.3667,531.3446,0,87.7514,1,241.2469,935.7152,r1_measured_02505,update,measured,153.4937,5.277,1,83.4871,4.5041,46.6857,ok,0.3498
66.8327,689,,,1.972,,,,,,138.7671,r1_measured_02506,read,measured,,,,,69.5166,,ok,0.3706
66.1092,567,,,3.8542,,,,,,127.9408,r1_measured_02507,read,measured,,,,,57.5747,,ok,0.3405
64.8985,627,,,0.6784,,,,,,87.9552,r1_measured_02508,read,measured,,,,,21.9567,,ok,0.3522
53.3195,673,,,1.3365,,,,,,85.5654,r1_measured_02509,read,measured,,,,,30.5006,,ok,0.3404
55.0764,369,,,0.3855,,,,,,56.3155,r1_measured_02510,read,measured,,,,,0.3469,,ok,0.4387
48.5043,685,,,0.8137,,,,,,78.554,r1_measured_02511,read,measured,,,,,28.7498,,ok,0.4123
46.6376,628,,,1.5478,,,,,,92.6273,r1_measured_02512,read,measured,,,,,43.9577,,ok,0.4116
46.0287,568,,,1.3603,,,,,,84.3861,r1_measured_02513,read,measured,,,,,36.5958,,ok,0.3289
48.812,417,,,0.2933,,,,,,68.2179,r1_measured_02514,read,measured,,,,,18.6993,,ok,0.3563
38.4566,509,,,1.906,,,,,,82.2519,r1_measured_02515,read,measured,,,,,41.4983,,ok,0.3321
49.9419,369,,,0.2484,,,,,,64.7433,r1_measured_02516,read,measured,,,,,14.0843,,ok,0.4067
39.7431,508,,,2.7429,,,,,,83.9166,r1_measured_02517,read,measured,,,,,41.0002,,ok,0.361
34.7687,418,,,0.3043,,,,,,49.2662,r1_measured_02518,read,measured,,,,,13.6655,,ok,0.4647
56.1176,689,,,1.5,,,,,,85.8626,r1_measured_02519,read,measured,,,,,27.7649,,ok,0.4031
55.5032,686,,,1.7102,,,,,,69.3435,r1_measured_02520,read,measured,,,,,11.7238,,ok,0.3329
52.5351,680,,,1.3574,,,,,,66.1534,r1_measured_02521,read,measured,,,,,11.8003,,ok,0.377
90.5342,663,,,1.1059,,,,,,166.3033,r1_measured_02522,read,measured,,,,,74.2057,,ok,0.3811
59.2842,689,,,1.4197,,,,,,136.7574,r1_measured_02523,read,measured,,,,,75.6064,,ok,0.3735
48.4622,680,,,2.0461,,,,,,120.417,r1_measured_02524,read,measured,,,,,69.4442,,ok,0.3746
47.8332,688,,,3.4676,,,,,,112.4006,r1_measured_02525,read,measured,,,,,60.4186,,ok,0.6086
48.7195,678,,,1.2912,,,,,,86.8388,r1_measured_02526,read,measured,,,,,36.3902,,ok,0.3593
47.7392,628,,,2.3254,,,,,,94.6159,r1_measured_02527,read,measured,,,,,44.1438,,ok,0.3376
39.4543,662,,,2.8316,,,,,,90.6602,r1_measured_02528,read,measured,,,,,47.964,,ok,0.3448
56.6599,689,,,0.9158,,,,,,80.1139,r1_measured_02529,read,measured,,,,,22.0861,,ok,0.3778
55.8854,679,,,0.6344,,,,,,86.5469,r1_measured_02530,read,measured,,,,,29.5648,,ok,0.3907
34.5424,662,,,2.0299,,,,,,99.4298,r1_measured_02531,read,measured,,,,,62.4218,,ok,0.3661
31.9066,679,,,3.7153,,,,,,103.9236,r1_measured_02532,read,measured,,,,,67.85,,ok,0.3667
31.6051,678,,,1.9813,,,,,,100.526,r1_measured_02533,read,measured,,,,,66.4986,,ok,0.3663
28.4921,417,,,0.2865,,,,,,59.4597,r1_measured_02534,read,measured,,,,,30.2539,,ok,0.3677
29.0893,689,,,0.6256,,,,,,81.1442,r1_measured_02535,read,measured,,,,,50.9822,,ok,0.3749
52.8213,675,,,0.6385,,,,,,71.9289,r1_measured_02536,read,measured,,,,,18.0625,,ok,0.3403
23.5591,681,,,3.2236,,,,,,81.9872,r1_measured_02537,read,measured,,,,,54.7705,,ok,0.3643
24.0199,568,,,3.0869,,,,,,65.0509,r1_measured_02538,read,measured,,,,,37.5286,,ok,0.3487
47.3692,678,,,1.8261,,,,,,64.7167,r1_measured_02539,read,measured,,,,,15.0996,,ok,0.35
37.8393,419,,,0.3282,,,,,,56.2313,r1_measured_02540,read,measured,,,,,17.4843,,ok,0.4948
46.0698,567,,,2.0027,,,,,,93.9448,r1_measured_02541,read,measured,,,,,45.432,,ok,0.367
36.5513,689,,,0.7569,,,,,,70.1193,r1_measured_02542,read,measured,,,,,32.3291,,ok,0.4086
72.5388,417,,,0.2743,,,,,,77.6331,r1_measured_02543,read,measured,,,,,4.4222,,ok,0.3449
71.9109,567,,,0.5245,,,,,,93.1622,r1_measured_02544,read,measured,,,,,20.2647,,ok,0.394
31.0298,663,,,0.6396,,,,,,49.0877,r1_measured_02545,read,measured,,,,,16.9817,,ok,0.366
29.0843,674,,,0.8212,,,,,,49.1694,r1_measured_02546,read,measured,,,,,18.8316,,ok,0.3629
24.2006,508,,,1.2289,,,,,,44.0923,r1_measured_02547,read,measured,,,,,18.2533,,ok,0.3495
51.1099,677,,,3.1342,,,,,,92.0896,r1_measured_02548,read,measured,,,,,37.4016,,ok,0.3599
66.5989,418,,,0.328,,,,,,75.9128,r1_measured_02549,read,measured,,,,,8.5367,,ok,0.3798
874.5538,681,35.5595,46.6045,2.1615,555.5593,1,46.6029,1,220.853,885.6979,r1_measured_02550,update,measured,174.2485,11.1441,1,0.0106,8.5133,62.5714,ok,0.3952
45.5538,675,,,1.5378,,,,,,91.6144,r1_measured_02551,read,measured,,,,,44.0957,,ok,0.346
43.7036,663,,,1.8257,,,,,,82.4226,r1_measured_02552,read,measured,,,,,36.4517,,ok,0.3643
42.6443,509,,,2.1596,,,,,,70.0987,r1_measured_02553,read,measured,,,,,24.8571,,ok,0.3696
56.7284,369,,,0.2506,,,,,,72.4122,r1_measured_02554,read,measured,,,,,15.0146,,ok,0.3579
56.7807,508,,,1.5465,,,,,,79.6808,r1_measured_02555,read,measured,,,,,20.9393,,ok,0.348
56.1125,663,,,0.4982,,,,,,98.2208,r1_measured_02556,read,measured,,,,,41.2096,,ok,0.3339
52.3926,509,,,1.3637,,,,,,88.3867,r1_measured_02557,read,measured,,,,,34.2036,,ok,0.3503
57.1296,679,,,1.9452,,,,,,80.8951,r1_measured_02558,read,measured,,,,,21.1474,,ok,0.5693
43.9439,567,,,2.6747,,,,,,80.885,r1_measured_02559,read,measured,,,,,33.8617,,ok,0.3413
42.4457,672,,,1.7347,,,,,,78.4229,r1_measured_02560,read,measured,,,,,33.831,,ok,0.3389
919.7345,680,53.4251,40.177,1.7069,604.8338,1,40.1749,1,206.0228,944.3498,r1_measured_02561,update,measured,165.8458,24.6153,1,0.0066,22.4285,55.4462,ok,0.4066
37.6859,689,,,1.0482,,,,,,64.3877,r1_measured_02562,read,measured,,,,,25.1723,,ok,0.3738
54.6585,628,,,0.5745,,,,,,81.3059,r1_measured_02563,read,measured,,,,,25.6903,,ok,0.3169
53.0196,675,,,0.895,,,,,,75.8115,r1_measured_02564,read,measured,,,,,21.4536,,ok,0.3721
50.9768,674,,,1.2528,,,,,,71.5393,r1_measured_02565,read,measured,,,,,18.8958,,ok,0.3375
50.1445,629,,,1.9862,,,,,,59.8366,r1_measured_02566,read,measured,,,,,7.2844,,ok,0.3523
48.0748,509,,,1.3589,,,,,,71.944,r1_measured_02567,read,measured,,,,,22.0779,,ok,0.3745
79.1398,689,,,0.7217,,,,,,128.0782,r1_measured_02568,read,measured,,,,,47.6902,,ok,0.4268
107.2564,567,,,4.3177,,,,,,144.5837,r1_measured_02569,read,measured,,,,,32.5887,,ok,0.3465
91.3824,687,,,1.6,,,,,,133.5599,r1_measured_02570,read,measured,,,,,40.1619,,ok,0.3338
104.3635,674,,,2.1541,,,,,,130.7702,r1_measured_02571,read,measured,,,,,23.8215,,ok,0.3594
103.7144,689,,,2.9926,,,,,,133.301,r1_measured_02572,read,measured,,,,,26.1433,,ok,0.3564
69.3585,680,,,1.9515,,,,,,103.5049,r1_measured_02573,read,measured,,,,,31.7528,,ok,0.3682
55.208,629,,,3.5402,,,,,,103.7786,r1_measured_02574,read,measured,,,,,44.6037,,ok,0.3573
64.3494,568,,,4.4514,,,,,,101.7883,r1_measured_02575,read,measured,,,,,32.543,,ok,0.372
43.6031,369,,,0.2515,,,,,,65.6255,r1_measured_02576,read,measured,,,,,21.3409,,ok,0.3671
43.7254,567,,,0.9878,,,,,,81.5013,r1_measured_02577,read,measured,,,,,36.3619,,ok,0.3451
42.9153,418,,,0.3328,,,,,,68.7223,r1_measured_02578,read,measured,,,,,25.014,,ok,0.3991
40.1668,663,,,1.0708,,,,,,82.9814,r1_measured_02579,read,measured,,,,,41.3172,,ok,0.3536
22.1252,508,,,1.543,,,,,,82.4425,r1_measured_02580,read,measured,,,,,58.364,,ok,0.3484
37.1322,369,,,0.2431,,,,,,73.6326,r1_measured_02581,read,measured,,,,,35.8549,,ok,0.3434
89.5721,418,,,0.2729,,,,,,95.0502,r1_measured_02582,read,measured,,,,,4.8075,,ok,0.3414
88.8228,681,,,2.263,,,,,,111.2646,r1_measured_02583,read,measured,,,,,19.768,,ok,0.3458
884.7412,675,43.5458,87.704,0.4887,533.2495,1,87.7023,1,246.1391,953.718,r1_measured_02584,update,measured,158.4351,68.9768,1,24.5581,68.0992,37.2487,ok,0.3215
85.2198,369,,,0.2375,,,,,,88.9308,r1_measured_02585,read,measured,,,,,3.023,,ok,0.3965
86.6236,418,,,0.3825,,,,,,91.8984,r1_measured_02586,read,measured,,,,,4.4533,,ok,0.3761
83.9283,681,,,0.7888,,,,,,109.8838,r1_measured_02587,read,measured,,,,,24.7229,,ok,0.3672
87.147,508,,,0.4642,,,,,,107.3014,r1_measured_02588,read,measured,,,,,19.2977,,ok,0.3301
81.1018,663,,,1.0158,,,,,,161.5415,r1_measured_02589,read,measured,,,,,78.6408,,ok,0.6773
78.3087,681,,,1.5646,,,,,,102.4193,r1_measured_02590,read,measured,,,,,22.12,,ok,0.3514
35.6303,680,,,2.468,,,,,,46.9833,r1_measured_02591,read,measured,,,,,8.2909,,ok,0.4815
30.3373,687,,,2.8695,,,,,,43.3296,r1_measured_02592,read,measured,,,,,9.5064,,ok,0.5221
39.4744,568,,,1.377,,,,,,99.1511,r1_measured_02593,read,measured,,,,,57.8702,,ok,0.3543
37.8269,418,,,2.9347,,,,,,551.2382,r1_measured_02594,read,measured,,,,,4.7162,,ok,0.3481
34.4741,418,,,0.3415,,,,,,37.61,r1_measured_02595,read,measured,,,,,2.3709,,ok,0.3634
32.9438,418,,,0.2704,,,,,,38.2088,r1_measured_02596,read,measured,,,,,4.5953,,ok,0.343
32.2005,674,,,0.6789,,,,,,107.8847,r1_measured_02597,read,measured,,,,,74.5007,,ok,0.4235
30.3858,674,,,0.511,,,,,,42.5007,r1_measured_02598,read,measured,,,,,11.2012,,ok,0.3325
45.6427,681,,,2.3498,,,,,,105.9189,r1_measured_02599,read,measured,,,,,57.4163,,ok,0.425
42.7744,680,,,1.6456,,,,,,108.9455,r1_measured_02600,read,measured,,,,,64.0493,,ok,0.3923
41.4305,678,,,0.8129,,,,,,94.3494,r1_measured_02601,read,measured,,,,,51.5832,,ok,0.4421
70.222,681,,,2.8281,,,,,,109.1873,r1_measured_02602,read,measured,,,,,35.6905,,ok,0.3712
47.1444,672,,,2.137,,,,,,109.1414,r1_measured_02603,read,measured,,,,,59.3939,,ok,0.3819
67.9189,678,,,0.5393,,,,,,109.9823,r1_measured_02604,read,measured,,,,,41.0786,,ok,0.3676
60.7638,679,,,1.0883,,,,,,86.2356,r1_measured_02605,read,measured,,,,,23.8683,,ok,0.4382
36.5441,509,,,0.4851,,,,,,90.35,r1_measured_02606,read,measured,,,,,52.8389,,ok,0.3919
56.1864,568,,,2.4402,,,,,,93.9188,r1_measured_02607,read,measured,,,,,34.8579,,ok,0.3717
100.445,419,,,0.2787,,,,,,106.4968,r1_measured_02608,read,measured,,,,,5.336,,ok,0.3633
96.4646,679,,,0.7222,,,,,,110.3797,r1_measured_02609,read,measured,,,,,12.7293,,ok,0.3841
91.0557,629,,,0.7407,,,,,,101.1225,r1_measured_02610,read,measured,,,,,8.8888,,ok,0.3679
88.9698,689,,,10.3025,,,,,,123.6276,r1_measured_02611,read,measured,,,,,23.8396,,ok,0.4328
86.7564,417,,,0.4701,,,,,,93.1465,r1_measured_02612,read,measured,,,,,5.3978,,ok,0.4573
86.6933,688,,,6.9244,,,,,,109.7419,r1_measured_02613,read,measured,,,,,15.6642,,ok,0.3847
85.8213,675,,,3.8261,,,,,,141.7543,r1_measured_02614,read,measured,,,,,51.5093,,ok,0.5091
84.8301,689,,,1.3461,,,,,,136.5197,r1_measured_02615,read,measured,,,,,49.8434,,ok,0.4156
82.53,674,,,1.1662,,,,,,136.962,r1_measured_02616,read,measured,,,,,52.7776,,ok,0.4048
36.2134,628,,,0.4366,,,,,,94.0842,r1_measured_02617,read,measured,,,,,57.0265,,ok,0.3375
30.8103,679,,,0.8867,,,,,,44.0225,r1_measured_02618,read,measured,,,,,11.9015,,ok,0.3563
737.5628,509,55.3038,72.6755,0.4286,292.7488,1,72.6735,1,336.1908,781.7093,r1_measured_02619,update,measured,263.5153,44.1465,1,14.4277,43.3217,38.8917,ok,0.3224
65.2994,568,,,3.5006,,,,,,109.8365,r1_measured_02620,read,measured,,,,,40.5925,,ok,0.3725
63.023,568,,,1.0237,,,,,,79.3387,r1_measured_02621,read,measured,,,,,14.8738,,ok,0.3514
62.1673,674,,,3.6765,,,,,,87.8156,r1_measured_02622,read,measured,,,,,21.4287,,ok,0.4716
60.5797,675,,,2.9829,,,,,,72.9807,r1_measured_02623,read,measured,,,,,8.9851,,ok,0.3466
56.9665,680,,,1.5157,,,,,,131.5711,r1_measured_02624,read,measured,,,,,54.3477,,ok,0.4546
54.8885,663,,,1.3674,,,,,,71.4687,r1_measured_02625,read,measured,,,,,14.7444,,ok,0.3759
54.2451,680,,,2.5461,,,,,,106.2844,r1_measured_02626,read,measured,,,,,49.1032,,ok,0.32
53.557,662,,,5.1997,,,,,,79.1281,r1_measured_02627,read,measured,,,,,19.9031,,ok,0.396
645.6807,419,48.0647,50.4813,0.2831,160.035,1,50.4797,1,318.6731,652.6657,r1_measured_02628,update,measured,268.1918,6.985,1,61.1178,6.2992,57.7901,ok,0.3508
65.9182,509,,,2.0096,,,,,,102.568,r1_measured_02629,read,measured,,,,,34.2537,,ok,0.3245
64.9996,418,,,0.2845,,,,,,89.0646,r1_measured_02630,read,measured,,,,,23.3945,,ok,0.3314
950.3871,687,47.2389,61.8313,2.0748,482.2019,1,61.8296,1,316.4007,995.6487,r1_measured_02631,update,measured,254.5694,45.2616,1,59.2255,42.7365,45.3201,ok,0.3757
58.9933,674,,,2.2317,,,,,,103.9077,r1_measured_02632,read,measured,,,,,42.1535,,ok,0.4615
70.0254,681,,,0.9393,,,,,,104.3011,r1_measured_02633,read,measured,,,,,32.8845,,ok,0.3755
49.1012,367,,,0.2629,,,,,,72.4459,r1_measured_02634,read,measured,,,,,22.703,,ok,0.3294
49.6063,417,,,0.276,,,,,,64.3806,r1_measured_02635,read,measured,,,,,14.1157,,ok,0.3283
53.726,680,,,0.5085,,,,,,625.7145,r1_measured_02636,read,measured,,,,,7.3225,,ok,0.3616
52.3508,681,,,0.6585,,,,,,60.5929,r1_measured_02637,read,measured,,,,,7.1584,,ok,0.3601
49.6689,629,,,2.0415,,,,,,57.0043,r1_measured_02638,read,measured,,,,,4.8771,,ok,0.3301
48.8669,568,,,1.0212,,,,,,77.8197,r1_measured_02639,read,measured,,,,,27.4876,,ok,0.3822
46.731,680,,,0.5675,,,,,,595.8106,r1_measured_02640,read,measured,,,,,62.119,,ok,0.3506
46.0791,689,,,0.611,,,,,,71.3826,r1_measured_02641,read,measured,,,,,24.1853,,ok,0.4164
44.8428,367,,,0.2737,,,,,,50.2974,r1_measured_02642,read,measured,,,,,4.7949,,ok,0.336
55.849,624,,,0.7099,,,,,,286.5788,r1_measured_02643,read,measured,,,,,229.0585,,ok,0.8615
55.2268,662,,,7.0943,,,,,,277.5675,r1_measured_02644,read,measured,,,,,214.7803,,ok,0.3897
38.1598,508,,,0.8045,,,,,,229.1013,r1_measured_02645,read,measured,,,,,189.5517,,ok,0.519
31.958,629,,,3.9309,,,,,,224.549,r1_measured_02646,read,measured,,,,,188.2462,,ok,0.3366
30.6207,677,,,0.6393,,,,,,218.126,r1_measured_02647,read,measured,,,,,186.2351,,ok,0.5406
29.5027,688,,,2.4067,,,,,,210.0248,r1_measured_02648,read,measured,,,,,177.6403,,ok,0.3923
28.9172,681,,,2.5317,,,,,,226.9365,r1_measured_02649,read,measured,,,,,195.0338,,ok,0.3704
21.502,679,,,2.2936,,,,,,213.6681,r1_measured_02650,read,measured,,,,,189.4392,,ok,0.3426
193.603,679,,,2.7134,,,,,,238.0787,r1_measured_02651,read,measured,,,,,41.3196,,ok,0.3543
192.9992,627,,,1.8403,,,,,,207.4944,r1_measured_02652,read,measured,,,,,12.2513,,ok,0.3286
196.1158,689,,,1.9882,,,,,,244.6805,r1_measured_02653,read,measured,,,,,46.1501,,ok,0.3502
199.7854,674,,,0.5394,,,,,,242.6351,r1_measured_02654,read,measured,,,,,41.886,,ok,0.3514
192.8105,628,,,0.639,,,,,,242.6277,r1_measured_02655,read,measured,,,,,48.7536,,ok,0.3534
191.4624,567,,,1.8533,,,,,,227.2864,r1_measured_02656,read,measured,,,,,33.536,,ok,0.3658
180.4056,663,,,2.7198,,,,,,233.7869,r1_measured_02657,read,measured,,,,,50.2078,,ok,0.365
210.6786,681,,,0.6809,,,,,,229.3425,r1_measured_02658,read,measured,,,,,17.493,,ok,0.4018
36.1606,418,,,0.2853,,,,,,49.7871,r1_measured_02659,read,measured,,,,,12.9182,,ok,0.3601
32.9909,509,,,0.4488,,,,,,60.5604,r1_measured_02660,read,measured,,,,,26.6768,,ok,0.3718
31.3785,689,,,1.9385,,,,,,54.2479,r1_measured_02661,read,measured,,,,,20.5075,,ok,0.3515
55.388,368,,,0.2716,,,,,,96.5344,r1_measured_02662,read,measured,,,,,40.4469,,ok,0.3653
64.9341,678,,,0.8053,,,,,,112.1524,r1_measured_02663,read,measured,,,,,45.9515,,ok,0.3909
52.4839,688,,,0.5178,,,,,,103.6545,r1_measured_02664,read,measured,,,,,50.2204,,ok,0.3603
62.3413,627,,,1.3599,,,,,,100.4389,r1_measured_02665,read,measured,,,,,36.2447,,ok,0.408
58.7057,627,,,6.7033,,,,,,115.0286,r1_measured_02666,read,measured,,,,,49.1512,,ok,0.4052
36.8325,689,,,0.5324,,,,,,79.0014,r1_measured_02667,read,measured,,,,,41.2051,,ok,0.3639
51.6703,567,,,2.0696,,,,,,76.5158,r1_measured_02668,read,measured,,,,,22.318,,ok,0.3856
40.9669,679,,,0.6054,,,,,,78.4574,r1_measured_02669,read,measured,,,,,36.3923,,ok,0.4042
46.2745,418,,,0.2605,,,,,,65.2616,r1_measured_02670,read,measured,,,,,6.1613,,ok,0.3433
85.1479,662,,,1.9585,,,,,,104.6493,r1_measured_02671,read,measured,,,,,17.0708,,ok,0.3829
78.5913,680,,,0.9953,,,,,,90.6122,r1_measured_02672,read,measured,,,,,10.5953,,ok,0.3568
81.1849,509,,,1.2288,,,,,,97.7724,r1_measured_02673,read,measured,,,,,14.9338,,ok,0.364
78.9411,678,,,0.5701,,,,,,91.6973,r1_measured_02674,read,measured,,,,,11.771,,ok,0.3474
73.7888,678,,,0.8557,,,,,,91.4198,r1_measured_02675,read,measured,,,,,16.355,,ok,0.3489
72.6623,675,,,1.9743,,,,,,85.4632,r1_measured_02676,read,measured,,,,,10.3882,,ok,0.3658
70.94,628,,,1.8186,,,,,,89.2531,r1_measured_02677,read,measured,,,,,16.073,,ok,0.3523
69.8528,509,,,0.5695,,,,,,303.498,r1_measured_02678,read,measured,,,,,11.7069,,ok,0.3738
25.5378,662,,,2.5098,,,,,,48.3465,r1_measured_02679,read,measured,,,,,19.8211,,ok,0.3985
28.3626,674,,,0.6363,,,,,,45.4142,r1_measured_02680,read,measured,,,,,15.9808,,ok,0.3635
52.2725,628,,,1.1206,,,,,,107.2934,r1_measured_02681,read,measured,,,,,53.4612,,ok,0.3715
52.1208,689,,,2.0908,,,,,,77.7038,r1_measured_02682,read,measured,,,,,23.0319,,ok,0.3838
47.0471,662,,,1.9605,,,,,,80.8629,r1_measured_02683,read,measured,,,,,31.2644,,ok,0.4935
48.4356,417,,,0.5031,,,,,,52.4768,r1_measured_02684,read,measured,,,,,2.9231,,ok,0.5439
45.0023,509,,,1.2126,,,,,,75.4293,r1_measured_02685,read,measured,,,,,28.7506,,ok,0.3956
45.3896,680,,,5.4765,,,,,,84.4522,r1_measured_02686,read,measured,,,,,33.1271,,ok,0.3824
40.5405,663,,,0.6821,,,,,,64.6075,r1_measured_02687,read,measured,,,,,22.8757,,ok,0.4287
31.7426,628,,,0.6186,,,,,,50.2434,r1_measured_02688,read,measured,,,,,17.3999,,ok,0.4074
30.7709,681,,,2.2057,,,,,,67.4517,r1_measured_02689,read,measured,,,,,34.0431,,ok,0.358
23.3612,662,,,3.4988,,,,,,78.124,r1_measured_02690,read,measured,,,,,50.8374,,ok,0.3566
24.6996,679,,,4.7705,,,,,,63.8319,r1_measured_02691,read,measured,,,,,33.9049,,ok,0.3754
21.295,628,,,0.8691,,,,,,28.3754,r1_measured_02692,read,measured,,,,,5.7059,,ok,0.4314
31.6912,369,,,0.2712,,,,,,43.0794,r1_measured_02693,read,measured,,,,,10.4899,,ok,0.5599
31.4625,663,,,1.2361,,,,,,50.9578,r1_measured_02694,read,measured,,,,,17.6296,,ok,0.5554
29.832,675,,,0.6495,,,,,,63.6374,r1_measured_02695,read,measured,,,,,32.7129,,ok,0.3706
27.6005,568,,,4.7917,,,,,,53.5097,r1_measured_02696,read,measured,,,,,20.6655,,ok,0.3758
30.2422,680,,,2.9052,,,,,,75.3039,r1_measured_02697,read,measured,,,,,41.7271,,ok,0.357
31.2709,689,,,1.1365,,,,,,79.7006,r1_measured_02698,read,measured,,,,,46.8202,,ok,0.3934
30.011,568,,,1.3163,,,,,,70.0127,r1_measured_02699,read,measured,,,,,38.2145,,ok,0.3983
16.3316,681,,,2.3281,,,,,,47.2681,r1_measured_02700,read,measured,,,,,28.1597,,ok,0.3729
22.072,418,,,0.3024,,,,,,29.057,r1_measured_02701,read,measured,,,,,6.2567,,ok,0.369
27.7915,680,,,0.5805,,,,,,66.5914,r1_measured_02702,read,measured,,,,,37.4246,,ok,0.7219
596.8884,629,25.1335,9.0612,1.8517,411.5801,1,9.0594,1,102.8202,685.6396,r1_measured_02703,update,measured,93.759,88.7512,1,0.0062,86.4626,57.3484,ok,0.3644
20.3222,418,,,0.2749,,,,,,24.5426,r1_measured_02704,read,measured,,,,,3.5375,,ok,0.3543
18.5014,567,,,0.4609,,,,,,35.963,r1_measured_02705,read,measured,,,,,16.554,,ok,0.3697
17.8434,508,,,0.5998,,,,,,29.0616,r1_measured_02706,read,measured,,,,,10.1405,,ok,0.395
42.6828,680,,,1.4283,,,,,,66.2501,r1_measured_02707,read,measured,,,,,21.705,,ok,0.3586
41.1047,663,,,0.7103,,,,,,52.1515,r1_measured_02708,read,measured,,,,,9.798,,ok,0.4698
36.5598,509,,,1.5636,,,,,,54.3033,r1_measured_02709,read,measured,,,,,15.7284,,ok,0.3811
36.2546,689,,,3.4729,,,,,,64.0908,r1_measured_02710,read,measured,,,,,23.9085,,ok,0.3824
35.4902,680,,,2.6767,,,,,,45.6227,r1_measured_02711,read,measured,,,,,6.9765,,ok,0.4069
34.6204,509,,,1.5647,,,,,,67.246,r1_measured_02712,read,measured,,,,,30.5219,,ok,0.4092
34.4649,419,,,0.2911,,,,,,37.6983,r1_measured_02713,read,measured,,,,,2.4696,,ok,0.4076
27.3272,663,,,1.0109,,,,,,48.9419,r1_measured_02714,read,measured,,,,,20.1576,,ok,0.3777
501.1328,368,59.6863,28.0371,0.274,215.2493,1,28.0351,1,115.9698,522.8384,r1_measured_02715,update,measured,87.9327,21.7056,1,64.4743,20.9638,45.7531,ok,0.4018
719.9063,625,44.1807,25.5425,2.5738,449.1284,1,25.5404,1,116.3086,737.8922,r1_measured_02716,update,measured,90.7661,17.9859,1,47.4328,14.9652,62.8558,ok,0.3646
25.9092,689,,,1.0231,,,,,,37.2453,r1_measured_02717,read,measured,,,,,9.8607,,ok,0.3774
22.7163,680,,,0.6286,,,,,,34.0625,r1_measured_02718,read,measured,,,,,10.2613,,ok,0.3792
20.3447,689,,,1.6478,,,,,,39.0399,r1_measured_02719,read,measured,,,,,16.6086,,ok,0.3671
18.8849,629,,,1.1028,,,,,,36.3103,r1_measured_02720,read,measured,,,,,15.7982,,ok,0.4507
41.8049,688,,,5.5732,,,,,,87.383,r1_measured_02721,read,measured,,,,,39.5409,,ok,0.3912
41.4222,369,,,0.2393,,,,,,47.2503,r1_measured_02722,read,measured,,,,,5.092,,ok,0.4416
40.8087,369,,,0.2682,,,,,,43.6286,r1_measured_02723,read,measured,,,,,2.148,,ok,0.3506
37.8786,680,,,1.636,,,,,,136.5754,r1_measured_02724,read,measured,,,,,3.1911,,ok,0.4019
36.0844,629,,,2.436,,,,,,86.6696,r1_measured_02725,read,measured,,,,,47.6984,,ok,0.3605
24.102,673,,,1.2047,,,,,,33.8263,r1_measured_02726,read,measured,,,,,7.4811,,ok,0.926
55.8045,663,,,2.8549,,,,,,105.3553,r1_measured_02727,read,measured,,,,,46.2331,,ok,0.385
55.1659,680,,,0.525,,,,,,89.7588,r1_measured_02728,read,measured,,,,,33.5684,,ok,0.4202
54.3313,418,,,0.2842,,,,,,62.6947,r1_measured_02729,read,measured,,,,,7.6798,,ok,0.3467
52.0179,680,,,3.9531,,,,,,78.9237,r1_measured_02730,read,measured,,,,,22.5468,,ok,0.3328
48.5607,680,,,3.5285,,,,,,86.4322,r1_measured_02731,read,measured,,,,,33.9249,,ok,0.3405
56.6635,509,,,1.1099,,,,,,102.5146,r1_measured_02732,read,measured,,,,,5.926,,ok,0.514
30.5683,629,,,0.8388,,,,,,93.9805,r1_measured_02733,read,measured,,,,,62.0468,,ok,0.4375
45.8555,568,,,0.618,,,,,,61.9999,r1_measured_02734,read,measured,,,,,15.0953,,ok,0.3568
27.8807,677,,,1.0476,,,,,,74.6372,r1_measured_02735,read,measured,,,,,45.2624,,ok,0.363
27.5875,678,,,0.6497,,,,,,81.1628,r1_measured_02736,read,measured,,,,,52.5152,,ok,0.3399
22.7204,628,,,0.5092,,,,,,56.078,r1_measured_02737,read,measured,,,,,32.4227,,ok,0.3459
33.1331,681,,,0.6745,,,,,,55.1497,r1_measured_02738,read,measured,,,,,20.9217,,ok,0.3473
33.6936,369,,,0.26,,,,,,52.2776,r1_measured_02739,read,measured,,,,,17.9265,,ok,0.334
41.4914,678,,,0.7114,,,,,,73.1118,r1_measured_02740,read,measured,,,,,30.2561,,ok,0.5617
55.0721,685,,,0.9653,,,,,,88.2719,r1_measured_02741,read,measured,,,,,31.5472,,ok,0.6205
52.3171,369,,,0.2353,,,,,,62.0294,r1_measured_02742,read,measured,,,,,9.1004,,ok,0.3274
17.7526,369,,,0.3023,,,,,,37.0946,r1_measured_02743,read,measured,,,,,18.4747,,ok,0.5037
16.7709,679,,,0.8024,,,,,,42.3587,r1_measured_02744,read,measured,,,,,24.3096,,ok,0.4008
85.4487,663,,,0.5691,,,,,,125.3531,r1_measured_02745,read,measured,,,,,38.9114,,ok,0.343
67.0982,689,,,1.0838,,,,,,117.0389,r1_measured_02746,read,measured,,,,,48.4434,,ok,0.3401
56.1455,568,,,1.7412,,,,,,107.5285,r1_measured_02747,read,measured,,,,,49.2347,,ok,0.3501
52.4611,509,,,2.4497,,,,,,108.1685,r1_measured_02748,read,measured,,,,,52.8044,,ok,0.391
52.9468,674,,,3.9104,,,,,,100.3325,r1_measured_02749,read,measured,,,,,43.0427,,ok,0.3517
45.3582,369,,,0.2967,,,,,,88.5364,r1_measured_02750,read,measured,,,,,42.4443,,ok,0.3626
52.9171,509,,,3.0575,,,,,,85.2665,r1_measured_02751,read,measured,,,,,28.8238,,ok,0.4015
68.4984,419,,,0.2829,,,,,,78.5718,r1_measured_02752,read,measured,,,,,9.3652,,ok,0.3637
48.8468,567,,,1.3841,,,,,,89.9615,r1_measured_02753,read,measured,,,,,39.3012,,ok,0.3587
37.0388,417,,,1.7189,,,,,,95.7438,r1_measured_02754,read,measured,,,,,56.5782,,ok,0.3487
36.2652,680,,,2.0504,,,,,,92.3142,r1_measured_02755,read,measured,,,,,53.5805,,ok,0.3487
45.7821,628,,,0.8715,,,,,,97.7457,r1_measured_02756,read,measured,,,,,50.6897,,ok,0.3357
44.2463,418,,,0.3004,,,,,,80.0754,r1_measured_02757,read,measured,,,,,35.1098,,ok,0.3585
31.0862,679,,,1.6092,,,,,,88.0659,r1_measured_02758,read,measured,,,,,54.9741,,ok,0.3327
28.5904,680,,,0.8606,,,,,,93.5163,r1_measured_02759,read,measured,,,,,63.6528,,ok,0.3436
26.2408,681,,,1.4705,,,,,,87.0264,r1_measured_02760,read,measured,,,,,58.9124,,ok,0.3328
25.1883,680,,,4.4796,,,,,,99.6589,r1_measured_02761,read,measured,,,,,69.4885,,ok,0.4116
99.1849,567,,,1.4899,,,,,,109.8682,r1_measured_02762,read,measured,,,,,8.7204,,ok,0.4085
95.17,629,,,0.498,,,,,,115.9519,r1_measured_02763,read,measured,,,,,19.8688,,ok,0.3429
93.7756,369,,,0.2383,,,,,,101.2167,r1_measured_02764,read,measured,,,,,6.8401,,ok,0.3065
91.981,681,,,0.833,,,,,,108.9516,r1_measured_02765,read,measured,,,,,15.7339,,ok,0.3409
88.9762,629,,,1.7621,,,,,,102.9757,r1_measured_02766,read,measured,,,,,11.8265,,ok,0.3471
88.2064,680,,,1.6747,,,,,,106.6211,r1_measured_02767,read,measured,,,,,16.3536,,ok,0.3209
85.1493,419,,,0.3365,,,,,,89.6358,r1_measured_02768,read,measured,,,,,3.6519,,ok,0.4343
38.8045,418,,,0.2763,,,,,,46.2985,r1_measured_02769,read,measured,,,,,6.8466,,ok,0.3194
37.8407,681,,,2.0334,,,,,,50.4592,r1_measured_02770,read,measured,,,,,10.1765,,ok,0.3372
904.6157,663,152.3498,35.5276,3.4702,425.512,1,35.5254,1,230.4019,965.6432,r1_measured_02771,update,measured,194.8743,61.0275,1,46.0288,57.1213,50.3232,ok,0.3592
34.8903,675,,,1.0445,,,,,,43.6327,r1_measured_02772,read,measured,,,,,7.2863,,ok,0.3446
30.7277,627,,,0.5174,,,,,,50.9838,r1_measured_02773,read,measured,,,,,19.2926,,ok,0.3757
129.1389,689,,,3.5629,,,,,,150.818,r1_measured_02774,read,measured,,,,,17.4696,,ok,0.5541
131.732,418,,,0.9067,,,,,,140.9058,r1_measured_02775,read,measured,,,,,7.8515,,ok,0.3577
134.7739,680,,,0.7365,,,,,,152.3445,r1_measured_02776,read,measured,,,,,16.3462,,ok,0.4141
124.0592,419,,,0.2995,,,,,,135.4046,r1_measured_02777,read,measured,,,,,10.6167,,ok,0.3699
122.403,689,,,0.7246,,,,,,164.2049,r1_measured_02778,read,measured,,,,,40.626,,ok,0.3747
128.2455,567,,,2.4837,,,,,,155.7896,r1_measured_02779,read,measured,,,,,24.4746,,ok,0.5231
127.1817,678,,,2.0612,,,,,,165.517,r1_measured_02780,read,measured,,,,,35.8247,,ok,0.3759
127.0751,567,,,0.5509,,,,,,156.0168,r1_measured_02781,read,measured,,,,,27.9404,,ok,0.3759
116.1007,509,,,0.5639,,,,,,156.9583,r1_measured_02782,read,measured,,,,,39.8008,,ok,0.4176
120.2553,689,,,4.168,,,,,,151.7673,r1_measured_02783,read,measured,,,,,26.8793,,ok,0.3852
117.9563,629,,,1.5178,,,,,,142.3263,r1_measured_02784,read,measured,,,,,22.3145,,ok,0.4604
116.8176,366,,,0.3305,,,,,,117.8507,r1_measured_02785,read,measured,,,,,0.3082,,ok,0.3463
117.372,509,,,1.6363,,,,,,145.4383,r1_measured_02786,read,measured,,,,,25.9769,,ok,0.3866
119.0055,568,,,2.4781,,,,,,169.3364,r1_measured_02787,read,measured,,,,,46.8876,,ok,0.8719
111.2406,662,,,0.9949,,,,,,127.6215,r1_measured_02788,read,measured,,,,,14.7417,,ok,0.5673
105.3083,681,,,0.9122,,,,,,141.4664,r1_measured_02789,read,measured,,,,,34.8099,,ok,0.3624
103.3778,508,,,1.461,,,,,,128.1908,r1_measured_02790,read,measured,,,,,22.8732,,ok,0.4107
100.9901,663,,,1.7458,,,,,,124.6499,r1_measured_02791,read,measured,,,,,21.4032,,ok,0.4305
113.2247,688,,,1.6353,,,,,,137.9368,r1_measured_02792,read,measured,,,,,22.6027,,ok,0.3804
110.0065,508,,,1.7314,,,,,,144.3422,r1_measured_02793,read,measured,,,,,32.1195,,ok,0.411
142.9082,685,,,1.0692,,,,,,152.1081,r1_measured_02794,read,measured,,,,,7.6014,,ok,0.4409
141.1875,418,,,0.2924,,,,,,148.7533,r1_measured_02795,read,measured,,,,,6.8466,,ok,0.3566
141.5819,680,,,0.756,,,,,,165.2911,r1_measured_02796,read,measured,,,,,22.3947,,ok,0.4778
139.3297,689,,,0.8579,,,,,,151.5487,r1_measured_02797,read,measured,,,,,10.7975,,ok,0.47
137.6669,628,,,0.659,,,,,,142.234,r1_measured_02798,read,measured,,,,,3.377,,ok,0.4357
134.2039,689,,,0.9007,,,,,,151.7296,r1_measured_02799,read,measured,,,,,16.14,,ok,0.4001
132.2859,681,,,0.6116,,,,,,161.4728,r1_measured_02800,read,measured,,,,,28.062,,ok,0.4345
46.3664,629,,,2.4011,,,,,,68.1058,r1_measured_02801,read,measured,,,,,18.1162,,ok,1.1177
41.4727,689,,,3.5989,,,,,,60.8279,r1_measured_02802,read,measured,,,,,14.9434,,ok,0.6979
896.054,678,32.2839,38.3686,1.7161,558.3609,1,38.3669,1,193.6553,927.3007,r1_measured_02803,update,measured,155.2867,31.2467,1,20.9509,29.0998,90.803,ok,0.3583
71.1627,663,,,2.0211,,,,,,94.6678,r1_measured_02804,read,measured,,,,,21.015,,ok,0.3865
74.2514,680,,,1.4241,,,,,,101.9159,r1_measured_02805,read,measured,,,,,25.7154,,ok,0.4375
66.2927,629,,,5.1442,,,,,,97.6418,r1_measured_02806,read,measured,,,,,25.75,,ok,0.3775
67.1557,567,,,21.7768,,,,,,133.4568,r1_measured_02807,read,measured,,,,,43.8944,,ok,0.5102
66.5471,663,,,1.054,,,,,,74.9234,r1_measured_02808,read,measured,,,,,6.2517,,ok,0.9474
67.4811,418,,,0.3177,,,,,,74.0697,r1_measured_02809,read,measured,,,,,5.8196,,ok,0.3914
62.6174,681,,,3.3881,,,,,,101.8269,r1_measured_02810,read,measured,,,,,35.3394,,ok,0.4051
62.091,568,,,21.4129,,,,,,124.5292,r1_measured_02811,read,measured,,,,,40.5064,,ok,0.4371
60.8036,628,,,2.0024,,,,,,90.8324,r1_measured_02812,read,measured,,,,,27.5401,,ok,0.4051
846.4491,629,36.5504,58.5221,1.5403,527.6235,0,58.5203,1,190.0686,905.9109,r1_measured_02813,update,measured,131.5465,59.4618,1,34.7725,57.5048,57.4341,ok,0.3433
53.156,663,,,5.0284,,,,,,88.8361,r1_measured_02814,read,measured,,,,,30.1394,,ok,0.4155
59.5429,509,,,0.6051,,,,,,75.8639,r1_measured_02815,read,measured,,,,,15.2645,,ok,0.386
49.4754,689,,,10.493,,,,,,85.9893,r1_measured_02816,read,measured,,,,,25.5429,,ok,0.3822
48.1329,567,,,1.8727,,,,,,74.8823,r1_measured_02817,read,measured,,,,,24.4179,,ok,0.389
47.3271,627,,,4.3571,,,,,,132.0888,r1_measured_02818,read,measured,,,,,79.8844,,ok,0.4303
40.7907,675,,,3.4636,,,,,,77.7976,r1_measured_02819,read,measured,,,,,33.0303,,ok,0.4083
40.4925,689,,,0.5671,,,,,,62.7492,r1_measured_02820,read,measured,,,,,21.2264,,ok,0.3837
34.3321,418,,,0.2899,,,,,,50.1221,r1_measured_02821,read,measured,,,,,15.0588,,ok,0.3796
38.0319,680,,,5.027,,,,,,68.9474,r1_measured_02822,read,measured,,,,,25.4087,,ok,0.3885
30.9173,672,,,1.6436,,,,,,50.3802,r1_measured_02823,read,measured,,,,,17.0969,,ok,0.6418
28.4771,508,,,1.1342,,,,,,41.7691,r1_measured_02824,read,measured,,,,,11.6832,,ok,0.3961
28.5193,674,,,2.0378,,,,,,117.6999,r1_measured_02825,read,measured,,,,,86.4669,,ok,0.5802
65.8439,629,,,0.7252,,,,,,117.9136,r1_measured_02826,read,measured,,,,,50.869,,ok,0.3956
84.7943,629,,,0.6533,,,,,,232.6091,r1_measured_02827,read,measured,,,,,100.0271,,ok,0.3463
57.6952,508,,,1.189,,,,,,107.0777,r1_measured_02828,read,measured,,,,,47.3899,,ok,0.7041
55.9924,687,,,2.6522,,,,,,101.2253,r1_measured_02829,read,measured,,,,,42.0741,,ok,0.4139
32.3895,368,,,0.3267,,,,,,66.1205,r1_measured_02830,read,measured,,,,,32.9024,,ok,0.4393
32.8869,663,,,0.6632,,,,,,86.3403,r1_measured_02831,read,measured,,,,,52.1386,,ok,0.4197
93.9685,419,,,0.3385,,,,,,103.7007,r1_measured_02832,read,measured,,,,,8.9284,,ok,0.3963
92.6551,679,,,3.2875,,,,,,178.4373,r1_measured_02833,read,measured,,,,,82.0508,,ok,0.371
88.4368,418,,,0.335,,,,,,99.7315,r1_measured_02834,read,measured,,,,,10.4888,,ok,0.4007
90.6745,674,,,0.9059,,,,,,204.1318,r1_measured_02835,read,measured,,,,,112.0924,,ok,0.3774
86.224,568,,,0.5831,,,,,,106.0114,r1_measured_02836,read,measured,,,,,18.7169,,ok,0.416
86.418,688,,,0.8465,,,,,,179.946,r1_measured_02837,read,measured,,,,,92.2601,,ok,0.344
85.6827,509,,,2.0985,,,,,,175.1683,r1_measured_02838,read,measured,,,,,86.8137,,ok,0.3787
84.279,629,,,1.9909,,,,,,133.197,r1_measured_02839,read,measured,,,,,46.4795,,ok,0.3737
82.7071,509,,,2.0815,,,,,,134.2684,r1_measured_02840,read,measured,,,,,49.0434,,ok,0.3731
78.8887,629,,,2.6392,,,,,,152.864,r1_measured_02841,read,measured,,,,,70.8425,,ok,0.4047
75.5526,662,,,1.4221,,,,,,183.7718,r1_measured_02842,read,measured,,,,,106.362,,ok,0.3602
77.1414,508,,,30.1126,,,,,,158.4904,r1_measured_02843,read,measured,,,,,50.7271,,ok,0.4446
76.5441,418,,,0.2847,,,,,,88.5639,r1_measured_02844,read,measured,,,,,11.3102,,ok,0.3667
77.1097,417,,,0.2832,,,,,,84.088,r1_measured_02845,read,measured,,,,,6.2456,,ok,0.3863
67.7621,663,,,18.0912,,,,,,142.1005,r1_measured_02846,read,measured,,,,,55.7762,,ok,0.3902
65.1444,567,,,1.6684,,,,,,116.9171,r1_measured_02847,read,measured,,,,,49.6428,,ok,0.3884
44.8491,674,,,2.7,,,,,,146.3988,r1_measured_02848,read,measured,,,,,98.4211,,ok,0.3558
42.5019,568,,,3.225,,,,,,128.1829,r1_measured_02849,read,measured,,,,,82.0403,,ok,0.3529
34.005,680,,,0.9211,,,,,,50.3963,r1_measured_02850,read,measured,,,,,14.9989,,ok,0.3944
27.0467,681,,,7.7015,,,,,,119.7192,r1_measured_02851,read,measured,,,,,84.2953,,ok,0.5681
25.1741,688,,,6.9104,,,,,,105.935,r1_measured_02852,read,measured,,,,,73.4032,,ok,0.3644
44.2932,368,,,0.313,,,,,,70.6803,r1_measured_02853,read,measured,,,,,25.6389,,ok,0.3751
64.3619,688,,,1.229,,,,,,125.0845,r1_measured_02854,read,measured,,,,,59.0497,,ok,0.3645
39.7153,679,,,0.4944,,,,,,134.1579,r1_measured_02855,read,measured,,,,,93.5067,,ok,0.3714
36.7915,418,,,3.0508,,,,,,68.6016,r1_measured_02856,read,measured,,,,,28.3303,,ok,0.367
34.4711,508,,,3.6758,,,,,,98.4429,r1_measured_02857,read,measured,,,,,59.8763,,ok,0.3538
31.6441,566,,,1.4939,,,,,,94.8447,r1_measured_02858,read,measured,,,,,61.2983,,ok,0.3377
28.4851,629,,,2.3351,,,,,,103.0855,r1_measured_02859,read,measured,,,,,71.7947,,ok,0.3843
844.0493,568,35.5077,27.5054,0.6157,548.6077,1,27.5039,1,164.2837,891.6651,r1_measured_02860,update,measured,136.7783,47.6158,1,38.2625,46.5787,57.3877,ok,0.356
57.8747,418,,,0.2731,,,,,,75.9463,r1_measured_02861,read,measured,,,,,17.3908,,ok,0.3459
63.2069,628,,,1.35,,,,,,94.0159,r1_measured_02862,read,measured,,,,,28.9232,,ok,0.4619
52.7124,369,,,0.2431,,,,,,80.9024,r1_measured_02863,read,measured,,,,,27.534,,ok,0.3485
86.1508,662,,,2.0535,,,,,,105.309,r1_measured_02864,read,measured,,,,,16.6721,,ok,0.365
73.961,418,,,0.2737,,,,,,89.9439,r1_measured_02865,read,measured,,,,,15.2676,,ok,0.384
930.3448,679,32.3718,83.0988,1.5586,582.2264,1,83.0972,1,231.1377,959.5006,r1_measured_02866,update,measured,148.0389,29.1558,1,0.0056,27.1432,84.6033,ok,0.3783
785.7736,419,27.7539,69.5676,0.3736,418.9067,0,69.5657,1,250.9642,807.8941,r1_measured_02867,update,measured,181.3966,22.1205,1,31.9048,21.2727,56.244,ok,0.4037
67.977,568,,,1.364,,,,,,104.8776,r1_measured_02868,read,measured,,,,,35.1055,,ok,0.3561
50.5659,689,,,0.8134,,,,,,76.4435,r1_measured_02869,read,measured,,,,,24.6099,,ok,0.3769
48.9834,628,,,0.71,,,,,,80.0952,r1_measured_02870,read,measured,,,,,29.9169,,ok,0.3811
42.8539,679,,,1.7041,,,,,,71.0053,r1_measured_02871,read,measured,,,,,25.9797,,ok,0.3984
46.9245,680,,,0.5782,,,,,,83.7567,r1_measured_02872,read,measured,,,,,35.8383,,ok,0.3458
46.2094,679,,,2.622,,,,,,78.1093,r1_measured_02873,read,measured,,,,,28.8355,,ok,0.3629
38.9367,369,,,0.2399,,,,,,56.6755,r1_measured_02874,read,measured,,,,,17.0757,,ok,0.3692
47.1226,417,,,0.2775,,,,,,57.5625,r1_measured_02875,read,measured,,,,,9.7421,,ok,0.3623
38.028,629,,,1.304,,,,,,71.158,r1_measured_02876,read,measured,,,,,31.3612,,ok,0.3881
36.5838,418,,,0.3073,,,,,,44.4448,r1_measured_02877,read,measured,,,,,7.1151,,ok,0.3783
31.7667,567,,,0.549,,,,,,70.7308,r1_measured_02878,read,measured,,,,,37.9804,,ok,0.3676
35.6326,368,,,0.2421,,,,,,44.7252,r1_measured_02879,read,measured,,,,,8.4341,,ok,0.3635
29.7664,674,,,0.5218,,,,,,66.1514,r1_measured_02880,read,measured,,,,,35.3432,,ok,0.4412
27.5847,369,,,0.2735,,,,,,43.7557,r1_measured_02881,read,measured,,,,,15.5108,,ok,0.3356
26.9599,568,,,4.2049,,,,,,53.622,r1_measured_02882,read,measured,,,,,22.0193,,ok,0.367
27.0574,369,,,0.3103,,,,,,34.9406,r1_measured_02883,read,measured,,,,,7.1444,,ok,0.3697
30.2294,568,,,0.6629,,,,,,51.6557,r1_measured_02884,read,measured,,,,,20.3226,,ok,0.3705
27.188,418,,,0.2714,,,,,,39.3894,r1_measured_02885,read,measured,,,,,11.5092,,ok,0.3677
65.0368,680,,,2.0757,,,,,,91.5194,r1_measured_02886,read,measured,,,,,23.9758,,ok,0.3597
64.3529,509,,,1.07,,,,,,84.1434,r1_measured_02887,read,measured,,,,,18.2887,,ok,0.3679
60.7319,680,,,0.5887,,,,,,85.9789,r1_measured_02888,read,measured,,,,,24.2381,,ok,0.3499
58.7091,419,,,0.2937,,,,,,67.3319,r1_measured_02889,read,measured,,,,,7.7839,,ok,0.4808
57.0732,688,,,4.9877,,,,,,76.5759,r1_measured_02890,read,measured,,,,,14.0659,,ok,0.3673
37.9406,679,,,1.1021,,,,,,64.7499,r1_measured_02891,read,measured,,,,,24.7867,,ok,0.8328
35.885,662,,,0.8913,,,,,,47.039,r1_measured_02892,read,measured,,,,,9.8255,,ok,0.3697
34.6714,663,,,2.7233,,,,,,49.9803,r1_measured_02893,read,measured,,,,,12.1591,,ok,0.3566
35.7428,678,,,1.2779,,,,,,55.4557,r1_measured_02894,read,measured,,,,,18.0056,,ok,0.3545
34.3257,629,,,3.2201,,,,,,48.4608,r1_measured_02895,read,measured,,,,,10.4568,,ok,0.3612
32.4158,419,,,0.2909,,,,,,35.0876,r1_measured_02896,read,measured,,,,,1.9425,,ok,0.3824
32.0553,567,,,0.6258,,,,,,58.8049,r1_measured_02897,read,measured,,,,,25.7082,,ok,0.352
28.5289,568,,,1.8621,,,,,,36.4296,r1_measured_02898,read,measured,,,,,5.6282,,ok,0.3478
61.5302,627,,,1.073,,,,,,115.2973,r1_measured_02899,read,measured,,,,,52.1964,,ok,0.4017
59.0662,674,,,0.6676,,,,,,117.4471,r1_measured_02900,read,measured,,,,,57.2297,,ok,0.4009
58.4549,418,,,0.3121,,,,,,86.8308,r1_measured_02901,read,measured,,,,,27.6072,,ok,0.3928
56.926,675,,,2.8636,,,,,,105.4468,r1_measured_02902,read,measured,,,,,45.1775,,ok,0.3847
56.5964,663,,,1.2282,,,,,,90.9747,r1_measured_02903,read,measured,,,,,32.5183,,ok,0.5245
54.3907,680,,,3.7921,,,,,,100.4199,r1_measured_02904,read,measured,,,,,41.7487,,ok,0.4048
78.0646,689,,,0.6179,,,,,,112.6736,r1_measured_02905,read,measured,,,,,33.5019,,ok,0.4084
69.0032,689,,,0.587,,,,,,94.4308,r1_measured_02906,read,measured,,,,,24.3546,,ok,0.3973
50.5589,417,,,0.3362,,,,,,81.6566,r1_measured_02907,read,measured,,,,,30.278,,ok,0.4031
66.9501,419,,,0.3131,,,,,,84.4269,r1_measured_02908,read,measured,,,,,16.6351,,ok,0.4515
71.8039,689,,,2.1957,,,,,,101.1542,r1_measured_02909,read,measured,,,,,26.6706,,ok,0.4034
70.604,629,,,0.9207,,,,,,86.6689,r1_measured_02910,read,measured,,,,,14.6759,,ok,0.3935
57.3349,689,,,2.1315,,,,,,80.302,r1_measured_02911,read,measured,,,,,20.347,,ok,0.3896
54.7002,419,,,0.3245,,,,,,59.8185,r1_measured_02912,read,measured,,,,,4.3094,,ok,0.4191
46.2535,509,,,1.701,,,,,,84.5462,r1_measured_02913,read,measured,,,,,36.1172,,ok,0.3907
51.9545,680,,,0.9512,,,,,,76.7943,r1_measured_02914,read,measured,,,,,23.4142,,ok,0.3907
91.8808,369,,,0.3477,,,,,,133.4976,r1_measured_02915,read,measured,,,,,40.7593,,ok,0.433
122.1745,568,,,0.7151,,,,,,160.6764,r1_measured_02916,read,measured,,,,,36.7795,,ok,0.9063
110.7771,568,,,2.4144,,,,,,201.6083,r1_measured_02917,read,measured,,,,,87.9818,,ok,0.3676
88.7518,419,,,0.3061,,,,,,121.3487,r1_measured_02918,read,measured,,,,,31.6793,,ok,0.5276
86.798,680,,,2.262,,,,,,169.3211,r1_measured_02919,read,measured,,,,,79.8158,,ok,0.3725
85.6432,369,,,0.3816,,,,,,120.7318,r1_measured_02920,read,measured,,,,,34.0046,,ok,0.6189
84.4707,680,,,3.8852,,,,,,133.6092,r1_measured_02921,read,measured,,,,,44.7606,,ok,0.4107
81.5717,628,,,0.8257,,,,,,179.7062,r1_measured_02922,read,measured,,,,,96.8797,,ok,0.3633
101.272,689,,,1.649,,,,,,127.1996,r1_measured_02923,read,measured,,,,,23.7831,,ok,0.4101
88.6818,674,,,2.3765,,,,,,159.5131,r1_measured_02924,read,measured,,,,,67.9935,,ok,0.3825
52.8209,680,,,1.0382,,,,,,121.2642,r1_measured_02925,read,measured,,,,,66.9406,,ok,0.3864
863.4156,679,37.9541,50.7675,0.5265,434.6862,0,50.7657,1,301.7754,886.2355,r1_measured_02926,update,measured,251.0079,22.8199,1,19.9953,21.8471,69.0046,ok,0.3774
863.204,686,23.5557,48.1262,5.8611,451.2751,0,48.1239,1,270.6383,891.2787,r1_measured_02927,update,measured,222.5121,28.0747,1,66.8266,21.7616,50.9083,ok,0.381
44.5821,675,,,2.7969,,,,,,125.3519,r1_measured_02928,read,measured,,,,,77.5229,,ok,0.3719
855.0997,680,37.3894,44.548,1.0507,454.3152,1,44.5459,1,269.6073,871.9601,r1_measured_02929,update,measured,225.0593,16.8604,1,0.0043,15.3838,93.7835,ok,0.3578
50.3419,680,,,4.2865,,,,,,119.6172,r1_measured_02930,read,measured,,,,,64.565,,ok,0.3452
35.3426,689,,,1.5957,,,,,,110.2875,r1_measured_02931,read,measured,,,,,72.8999,,ok,0.3687
33.8474,680,,,0.6539,,,,,,113.0283,r1_measured_02932,read,measured,,,,,78.0665,,ok,0.3887
44.2015,663,,,3.8888,,,,,,114.7065,r1_measured_02933,read,measured,,,,,66.1889,,ok,0.3483
31.2163,675,,,2.0282,,,,,,70.1301,r1_measured_02934,read,measured,,,,,36.3989,,ok,0.4032
39.8499,689,,,8.4597,,,,,,95.5587,r1_measured_02935,read,measured,,,,,46.7376,,ok,0.4174
70.1704,509,,,8.0585,,,,,,126.8738,r1_measured_02936,read,measured,,,,,48.1739,,ok,0.3976
68.8125,679,,,5.5611,,,,,,122.2763,r1_measured_02937,read,measured,,,,,47.3876,,ok,0.4288
869.0815,679,27.1998,84.0617,1.6813,370.3791,1,84.0598,1,295.8315,912.7381,r1_measured_02938,update,measured,211.7698,43.6566,1,82.233,41.5655,93.4381,ok,0.3425
65.768,509,,,1.437,,,,,,111.9179,r1_measured_02939,read,measured,,,,,44.2625,,ok,0.3842
63.3073,689,,,0.5854,,,,,,106.0018,r1_measured_02940,read,measured,,,,,41.6488,,ok,0.386
33.9165,681,,,0.7487,,,,,,84.1245,r1_measured_02941,read,measured,,,,,49.0363,,ok,0.3491
77.9688,369,,,0.2913,,,,,,88.3591,r1_measured_02942,read,measured,,,,,9.6739,,ok,0.369
68.7397,681,,,0.561,,,,,,91.7703,r1_measured_02943,read,measured,,,,,21.9991,,ok,0.3959
67.081,663,,,0.5986,,,,,,79.1947,r1_measured_02944,read,measured,,,,,11.062,,ok,0.3785
58.464,368,,,0.2434,,,,,,64.3438,r1_measured_02945,read,measured,,,,,5.2339,,ok,0.3472
60.3039,688,,,1.6153,,,,,,86.5031,r1_measured_02946,read,measured,,,,,24.1069,,ok,0.404
38.4593,418,,,0.3595,,,,,,51.3577,r1_measured_02947,read,measured,,,,,12.1178,,ok,0.3613
31.4552,366,,,0.5678,,,,,,42.9881,r1_measured_02948,read,measured,,,,,10.0171,,ok,0.8769
32.594,680,,,0.9624,,,,,,56.0917,r1_measured_02949,read,measured,,,,,21.8809,,ok,0.5855
26.8121,368,,,0.3804,,,,,,40.9796,r1_measured_02950,read,measured,,,,,13.3811,,ok,0.3506
31.0026,509,,,1.647,,,,,,47.6479,r1_measured_02951,read,measured,,,,,14.5707,,ok,0.3655
30.9463,679,,,1.3264,,,,,,45.7155,r1_measured_02952,read,measured,,,,,12.9929,,ok,0.379
146.2231,689,,,10.8795,,,,,,248.242,r1_measured_02953,read,measured,,,,,90.6977,,ok,0.3602
160.4656,663,,,1.0246,,,,,,250.0911,r1_measured_02954,read,measured,,,,,88.0458,,ok,0.4911
141.7106,418,,,0.2807,,,,,,182.9924,r1_measured_02955,read,measured,,,,,40.5628,,ok,0.3841
140.1594,368,,,0.2483,,,,,,176.1908,r1_measured_02956,read,measured,,,,,35.3611,,ok,0.3625
137.8144,567,,,0.8169,,,,,,239.6407,r1_measured_02957,read,measured,,,,,100.5817,,ok,0.3609
133.9078,418,,,0.2886,,,,,,172.8695,r1_measured_02958,read,measured,,,,,38.2335,,ok,0.3797
160.4046,675,,,0.8488,,,,,,245.8764,r1_measured_02959,read,measured,,,,,84.1169,,ok,0.3863
144.1351,417,,,0.3111,,,,,,168.5807,r1_measured_02960,read,measured,,,,,23.6943,,ok,0.3758
139.5636,680,,,1.4925,,,,,,238.4898,r1_measured_02961,read,measured,,,,,96.9499,,ok,0.4008
138.8345,674,,,1.89,,,,,,206.8981,r1_measured_02962,read,measured,,,,,65.7416,,ok,0.3551
118.8172,675,,,3.3533,,,,,,167.6333,r1_measured_02963,read,measured,,,,,44.9926,,ok,0.3824
134.5666,418,,,0.2773,,,,,,153.0784,r1_measured_02964,read,measured,,,,,17.8252,,ok,0.351
115.9976,681,,,2.8437,,,,,,209.9716,r1_measured_02965,read,measured,,,,,90.6215,,ok,0.4233
128.9127,629,,,1.6144,,,,,,151.836,r1_measured_02966,read,measured,,,,,20.8308,,ok,0.3962
127.6373,689,,,3.5124,,,,,,197.0977,r1_measured_02967,read,measured,,,,,65.5002,,ok,0.3666
139.4215,663,,,2.566,,,,,,209.8199,r1_measured_02968,read,measured,,,,,67.2611,,ok,0.4535
154.9731,679,,,3.6057,,,,,,555.4494,r1_measured_02969,read,measured,,,,,9.1888,,ok,0.386
164.3201,678,,,1.7775,,,,,,219.8284,r1_measured_02970,read,measured,,,,,53.2257,,ok,0.4203
183.4559,418,,,0.3234,,,,,,186.8712,r1_measured_02971,read,measured,,,,,2.6488,,ok,0.3745
834.85,680,68.0013,181.4227,0.7861,441.1667,1,181.421,1,272.2177,876.174,r1_measured_02972,update,measured,90.795,41.324,1,0.0056,39.9816,53.4587,ok,0.4608
145.3665,568,,,1.496,,,,,,205.7808,r1_measured_02973,read,measured,,,,,58.4917,,ok,0.3613
178.1576,419,,,0.3035,,,,,,198.3264,r1_measured_02974,read,measured,,,,,19.4515,,ok,0.353
94.6595,678,,,0.5439,,,,,,169.2344,r1_measured_02975,read,measured,,,,,45.8406,,ok,0.5681
91.3551,688,,,16.4584,,,,,,152.326,r1_measured_02976,read,measured,,,,,44.0474,,ok,0.381
89.1537,663,,,1.6252,,,,,,131.4292,r1_measured_02977,read,measured,,,,,40.2292,,ok,0.3476
90.4797,678,,,2.7203,,,,,,176.0319,r1_measured_02978,read,measured,,,,,82.3432,,ok,0.4098
89.3823,628,,,2.3571,,,,,,159.2904,r1_measured_02979,read,measured,,,,,67.1507,,ok,0.3303
87.8704,680,,,2.0696,,,,,,162.9038,r1_measured_02980,read,measured,,,,,72.5824,,ok,0.3139
97.4485,628,,,1.0956,,,,,,166.85,r1_measured_02981,read,measured,,,,,67.6913,,ok,0.5349
43.9121,687,,,2.828,,,,,,116.9143,r1_measured_02982,read,measured,,,,,69.7827,,ok,0.3178
43.117,686,,,0.5453,,,,,,497.928,r1_measured_02983,read,measured,,,,,13.3765,,ok,0.357
42.3179,663,,,18.21,,,,,,103.9848,r1_measured_02984,read,measured,,,,,43.0199,,ok,0.3558
49.5299,663,,,0.4558,,,,,,111.9047,r1_measured_02985,read,measured,,,,,61.5239,,ok,0.3244
28.6786,663,,,2.8758,,,,,,116.2438,r1_measured_02986,read,measured,,,,,84.2672,,ok,0.3503
27.0716,568,,,0.4865,,,,,,57.521,r1_measured_02987,read,measured,,,,,29.5321,,ok,0.364
25.7688,663,,,0.8567,,,,,,118.8479,r1_measured_02988,read,measured,,,,,91.7955,,ok,0.3558
40.1512,567,,,1.0616,,,,,,64.3181,r1_measured_02989,read,measured,,,,,22.6576,,ok,0.3615
36.9555,567,,,0.9564,,,,,,111.803,r1_measured_02990,read,measured,,,,,73.4679,,ok,0.3537
40.3143,419,,,1.5818,,,,,,194.3161,r1_measured_02991,read,measured,,,,,3.8438,,ok,0.3467
20.3803,568,,,1.7877,,,,,,99.7318,r1_measured_02992,read,measured,,,,,77.0649,,ok,0.4082
51.0738,689,,,0.577,,,,,,115.9463,r1_measured_02993,read,measured,,,,,63.8712,,ok,0.3534
49.7831,678,,,0.5941,,,,,,111.8849,r1_measured_02994,read,measured,,,,,61.0979,,ok,0.3427
47.8398,625,,,0.8609,,,,,,75.5339,r1_measured_02995,read,measured,,,,,26.3726,,ok,0.3874
31.593,509,,,3.2426,,,,,,46.6181,r1_measured_02996,read,measured,,,,,11.413,,ok,0.3082
32.7727,509,,,1.4065,,,,,,70.1799,r1_measured_02997,read,measured,,,,,35.5298,,ok,0.4094
29.4718,672,,,1.1572,,,,,,74.033,r1_measured_02998,read,measured,,,,,42.6554,,ok,0.6701
43.4016,663,,,0.6822,,,,,,63.5333,r1_measured_02999,read,measured,,,,,19.0226,,ok,0.3556
44.8257,663,,,4.2575,,,,,,67.9801,r1_measured_03000,read,measured,,,,,18.4802,,ok,0.3545
41.6883,662,,,0.9725,,,,,,62.3731,r1_measured_03001,read,measured,,,,,19.3082,,ok,0.3385
32.3037,629,,,1.8676,,,,,,44.7547,r1_measured_03002,read,measured,,,,,10.0414,,ok,0.4626
32.6607,417,,,0.2623,,,,,,39.6332,r1_measured_03003,read,measured,,,,,6.331,,ok,0.3297
28.5239,568,,,0.4118,,,,,,65.3242,r1_measured_03004,read,measured,,,,,35.984,,ok,0.343
29.1805,679,,,0.5996,,,,,,369.8333,r1_measured_03005,read,measured,,,,,19.9898,,ok,0.3524
28.3159,418,,,0.2573,,,,,,30.4137,r1_measured_03006,read,measured,,,,,1.4316,,ok,0.3571
26.5113,680,,,1.2784,,,,,,485.7881,r1_measured_03007,read,measured,,,,,25.1288,,ok,0.344
24.2237,417,,,0.2611,,,,,,29.2265,r1_measured_03008,read,measured,,,,,4.3605,,ok,0.3301
34.5345,663,,,2.4789,,,,,,68.1168,r1_measured_03009,read,measured,,,,,30.6704,,ok,0.3653
33.1083,369,,,0.244,,,,,,34.5094,r1_measured_03010,read,measured,,,,,0.7464,,ok,0.3592
31.3402,675,,,0.5387,,,,,,43.6646,r1_measured_03011,read,measured,,,,,11.3739,,ok,0.3476
779.1808,629,208.4168,29.2186,2.0919,395.2713,1,29.2169,1,81.5267,797.4132,r1_measured_03012,update,measured,52.3081,18.2324,1,23.9214,15.6736,70.0446,ok,0.3783
27.0705,566,,,1.8545,,,,,,70.3485,r1_measured_03013,read,measured,,,,,41.0,,ok,0.3532
26.0396,417,,,0.3,,,,,,33.1279,r1_measured_03014,read,measured,,,,,6.3969,,ok,0.3389
33.8462,679,,,0.6715,,,,,,387.4794,r1_measured_03015,read,measured,,,,,14.9747,,ok,0.3774
31.4377,675,,,3.5763,,,,,,64.7385,r1_measured_03016,read,measured,,,,,29.2511,,ok,0.3986
28.6376,681,,,0.5963,,,,,,33.4325,r1_measured_03017,read,measured,,,,,3.7924,,ok,0.3434
29.7063,689,,,0.657,,,,,,41.5961,r1_measured_03018,read,measured,,,,,10.8206,,ok,0.3478
27.6336,675,,,3.6648,,,,,,51.4453,r1_measured_03019,read,measured,,,,,19.7263,,ok,0.3531
28.5964,689,,,0.5874,,,,,,55.0128,r1_measured_03020,read,measured,,,,,25.3285,,ok,0.4262
25.3587,681,,,1.5083,,,,,,42.6641,r1_measured_03021,read,measured,,,,,15.378,,ok,0.3485
22.4665,509,,,0.3765,,,,,,40.8664,r1_measured_03022,read,measured,,,,,17.6216,,ok,0.3441
21.5994,629,,,0.5102,,,,,,35.931,r1_measured_03023,read,measured,,,,,13.3857,,ok,0.3713
16.9118,417,,,0.2649,,,,,,21.4571,r1_measured_03024,read,measured,,,,,3.9043,,ok,0.3261
21.6247,680,,,1.2659,,,,,,47.1076,r1_measured_03025,read,measured,,,,,23.7882,,ok,0.3535
519.4332,509,35.8555,19.5784,1.6692,333.4533,1,19.5769,1,101.1682,537.1101,r1_measured_03026,update,measured,81.5898,17.6769,1,0.0073,15.5955,48.9489,ok,0.3546
17.9417,418,,,0.2548,,,,,,20.1027,r1_measured_03027,read,measured,,,,,1.3647,,ok,0.473
31.5794,689,,,1.1473,,,,,,43.4753,r1_measured_03028,read,measured,,,,,10.3265,,ok,0.3507
13.4619,417,,,0.3009,,,,,,18.8103,r1_measured_03029,read,measured,,,,,4.6159,,ok,0.3689
30.0988,679,,,2.1853,,,,,,224.0935,r1_measured_03030,read,measured,,,,,46.7666,,ok,0.3582
18.2599,689,,,0.9552,,,,,,35.197,r1_measured_03031,read,measured,,,,,15.552,,ok,0.3577
24.3457,508,,,0.504,,,,,,44.6885,r1_measured_03032,read,measured,,,,,19.3267,,ok,0.4427
25.122,689,,,2.4163,,,,,,39.0035,r1_measured_03033,read,measured,,,,,10.9291,,ok,0.4503
29.456,417,,,1.5857,,,,,,33.1263,r1_measured_03034,read,measured,,,,,1.5128,,ok,0.4874
44.1143,663,,,3.6647,,,,,,120.4538,r1_measured_03035,read,measured,,,,,72.2514,,ok,0.3535
25.4902,509,,,3.2957,,,,,,32.5788,r1_measured_03036,read,measured,,,,,3.3491,,ok,0.3744
40.9209,568,,,1.0304,,,,,,99.4411,r1_measured_03037,read,measured,,,,,57.0294,,ok,0.3864
55.1405,687,,,0.7761,,,,,,118.3072,r1_measured_03038,read,measured,,,,,61.4988,,ok,0.8153
21.9146,508,,,2.7199,,,,,,27.8305,r1_measured_03039,read,measured,,,,,2.6012,,ok,0.5284
34.2554,662,,,5.9291,,,,,,100.7139,r1_measured_03040,read,measured,,,,,60.0772,,ok,0.3704
46.825,674,,,0.676,,,,,,88.9702,r1_measured_03041,read,measured,,,,,40.9327,,ok,0.4433
32.3836,680,,,4.341,,,,,,289.2951,r1_measured_03042,read,measured,,,,,22.5218,,ok,0.3718
43.8967,568,,,1.4301,,,,,,77.6867,r1_measured_03043,read,measured,,,,,31.8749,,ok,0.4089
45.1721,680,,,1.7733,,,,,,94.4283,r1_measured_03044,read,measured,,,,,47.0257,,ok,0.3782
36.4888,567,,,1.6202,,,,,,81.3727,r1_measured_03045,read,measured,,,,,42.7792,,ok,0.4075
41.7816,663,,,1.4873,,,,,,88.8272,r1_measured_03046,read,measured,,,,,45.0725,,ok,0.3976
33.4846,509,,,15.5899,,,,,,64.3476,r1_measured_03047,read,measured,,,,,14.8372,,ok,0.3673
692.2063,509,26.0389,44.3509,3.525,480.6227,1,44.3492,1,122.6419,735.9051,r1_measured_03048,update,measured,78.291,43.6988,1,24.4987,39.6966,38.4041,ok,0.3826
55.3634,681,,,0.6037,,,,,,110.0601,r1_measured_03049,read,measured,,,,,53.6397,,ok,0.3788
54.6854,369,,,0.2555,,,,,,79.1177,r1_measured_03050,read,measured,,,,,23.7738,,ok,0.3486
52.9652,680,,,0.5776,,,,,,91.2933,r1_measured_03051,read,measured,,,,,37.3143,,ok,0.3651
60.4314,419,,,0.4965,,,,,,72.2773,r1_measured_03052,read,measured,,,,,10.9248,,ok,0.3579
25.444,680,,,2.5855,,,,,,346.3583,r1_measured_03053,read,measured,,,,,21.821,,ok,0.3386
753.5059,681,54.1422,29.0602,1.3122,517.5907,1,29.0584,1,103.153,793.7102,r1_measured_03054,update,measured,74.0928,40.2043,1,31.9528,38.1552,46.6672,ok,0.6202
25.6602,689,,,0.6797,,,,,,38.6414,r1_measured_03055,read,measured,,,,,11.8238,,ok,0.3996
17.7804,681,,,0.5948,,,,,,28.4547,r1_measured_03056,read,measured,,,,,9.5745,,ok,0.4176
15.8745,418,,,0.2753,,,,,,21.6414,r1_measured_03057,read,measured,,,,,4.9394,,ok,0.4981
14.9793,680,,,0.7417,,,,,,29.3654,r1_measured_03058,read,measured,,,,,13.1741,,ok,0.3909
32.9169,568,,,0.5558,,,,,,65.4514,r1_measured_03059,read,measured,,,,,31.5612,,ok,0.3514
28.9569,629,,,0.5362,,,,,,52.663,r1_measured_03060,read,measured,,,,,22.6981,,ok,0.3952
26.8503,508,,,0.4939,,,,,,46.0087,r1_measured_03061,read,measured,,,,,18.2302,,ok,0.3645
26.4198,566,,,0.4725,,,,,,36.2829,r1_measured_03062,read,measured,,,,,8.9006,,ok,0.4164
25.4363,688,,,2.0079,,,,,,53.8846,r1_measured_03063,read,measured,,,,,25.9605,,ok,0.4039
23.9212,419,,,0.4294,,,,,,30.2455,r1_measured_03064,read,measured,,,,,5.4666,,ok,0.37
19.7746,663,,,1.8221,,,,,,48.1822,r1_measured_03065,read,measured,,,,,26.1327,,ok,0.3791
16.6262,689,,,0.7296,,,,,,28.6068,r1_measured_03066,read,measured,,,,,10.819,,ok,0.3623
15.8766,680,,,0.7385,,,,,,35.7281,r1_measured_03067,read,measured,,,,,18.6031,,ok,0.3593
12.7234,674,,,1.7731,,,,,,22.475,r1_measured_03068,read,measured,,,,,7.5547,,ok,0.3574
26.5946,663,,,0.6569,,,,,,42.6307,r1_measured_03069,read,measured,,,,,14.9581,,ok,0.3514
26.7224,680,,,0.4866,,,,,,43.7157,r1_measured_03070,read,measured,,,,,16.0832,,ok,0.3536
24.993,418,,,0.3634,,,,,,30.9143,r1_measured_03071,read,measured,,,,,5.1079,,ok,0.3881
11.0627,674,,,0.9185,,,,,,59.8479,r1_measured_03072,read,measured,,,,,47.3981,,ok,0.3955
9.8129,629,,,5.1776,,,,,,54.3024,r1_measured_03073,read,measured,,,,,38.799,,ok,0.4311
38.8662,679,,,0.6511,,,,,,60.2507,r1_measured_03074,read,measured,,,,,20.3239,,ok,0.3388
29.1005,419,,,0.323,,,,,,52.2377,r1_measured_03075,read,measured,,,,,22.3882,,ok,0.3644
27.417,680,,,0.4941,,,,,,67.9783,r1_measured_03076,read,measured,,,,,39.6275,,ok,0.3605
41.0226,688,,,0.6003,,,,,,55.3212,r1_measured_03077,read,measured,,,,,13.2344,,ok,0.3808
32.498,675,,,2.3125,,,,,,53.2593,r1_measured_03078,read,measured,,,,,18.0124,,ok,0.3606
25.0501,680,,,0.8929,,,,,,53.9734,r1_measured_03079,read,measured,,,,,27.5587,,ok,0.3958
59.5474,628,,,2.9726,,,,,,101.4362,r1_measured_03080,read,measured,,,,,38.4579,,ok,0.3668
57.4842,663,,,2.0021,,,,,,86.4797,r1_measured_03081,read,measured,,,,,26.5349,,ok,0.3856
64.9596,675,,,1.881,,,,,,94.9165,r1_measured_03082,read,measured,,,,,27.3617,,ok,0.6134
54.4699,509,,,0.6905,,,,,,124.7914,r1_measured_03083,read,measured,,,,,69.209,,ok,0.3618
52.4561,509,,,3.2783,,,,,,110.4475,r1_measured_03084,read,measured,,,,,54.3193,,ok,0.3362
59.5935,568,,,1.825,,,,,,106.0005,r1_measured_03085,read,measured,,,,,44.1498,,ok,0.3536
66.5702,568,,,3.1513,,,,,,101.1082,r1_measured_03086,read,measured,,,,,30.9814,,ok,0.3377
49.1654,417,,,0.3044,,,,,,55.8783,r1_measured_03087,read,measured,,,,,5.918,,ok,0.428
22.9391,369,,,0.2603,,,,,,51.2305,r1_measured_03088,read,measured,,,,,27.5898,,ok,0.382
37.6588,681,,,5.763,,,,,,80.9288,r1_measured_03089,read,measured,,,,,37.0986,,ok,0.3348
35.0708,679,,,0.5654,,,,,,67.5879,r1_measured_03090,read,measured,,,,,31.5207,,ok,0.358
16.016,567,,,0.5355,,,,,,58.6108,r1_measured_03091,read,measured,,,,,41.6057,,ok,0.3832
46.1845,628,,,1.6898,,,,,,78.3377,r1_measured_03092,read,measured,,,,,30.0292,,ok,0.3678
681.1461,663,83.8134,46.4259,0.9469,426.5391,0,46.4243,1,97.2195,730.1879,r1_measured_03093,update,measured,50.7936,49.0418,1,33.089,47.6515,40.4851,ok,0.3688
42.9168,674,,,0.5197,,,,,,71.3073,r1_measured_03094,read,measured,,,,,27.4382,,ok,0.3629
42.0215,629,,,2.2596,,,,,,68.2814,r1_measured_03095,read,measured,,,,,23.5666,,ok,0.3519
40.1072,628,,,5.3795,,,,,,64.2277,r1_measured_03096,read,measured,,,,,18.3097,,ok,0.3639
14.766,686,,,1.3869,,,,,,60.8354,r1_measured_03097,read,measured,,,,,20.8839,,ok,0.3573
15.7991,568,,,1.8826,,,,,,37.8914,r1_measured_03098,read,measured,,,,,19.7265,,ok,0.4108
13.8898,679,,,2.0151,,,,,,44.65,r1_measured_03099,read,measured,,,,,28.2727,,ok,0.3956
17.3096,508,,,1.2404,,,,,,37.3665,r1_measured_03100,read,measured,,,,,18.3851,,ok,0.3656
715.0797,679,68.5438,15.6688,0.6309,428.8102,0,15.667,1,131.6996,754.3159,r1_measured_03101,update,measured,116.0308,39.2362,1,36.8658,38.1403,49.1603,ok,0.3728
13.7146,663,,,1.5738,,,,,,31.2549,r1_measured_03102,read,measured,,,,,15.5138,,ok,0.3788
36.9251,680,,,1.007,,,,,,47.9919,r1_measured_03103,read,measured,,,,,9.6335,,ok,0.3605
33.1482,675,,,12.1212,,,,,,93.0122,r1_measured_03104,read,measured,,,,,47.2542,,ok,0.3965
30.046,681,,,2.2734,,,,,,50.5228,r1_measured_03105,read,measured,,,,,17.6542,,ok,0.4579
28.1872,680,,,3.8512,,,,,,46.8464,r1_measured_03106,read,measured,,,,,14.3969,,ok,0.3457
26.6766,689,,,1.4505,,,,,,39.8475,r1_measured_03107,read,measured,,,,,11.2745,,ok,0.374
25.3968,369,,,0.2897,,,,,,35.1359,r1_measured_03108,read,measured,,,,,9.0433,,ok,0.3495
25.7757,679,,,1.0873,,,,,,42.8267,r1_measured_03109,read,measured,,,,,10.6376,,ok,0.3829
22.7062,568,,,0.8376,,,,,,31.0191,r1_measured_03110,read,measured,,,,,6.9868,,ok,0.4137
50.1485,663,,,1.562,,,,,,89.124,r1_measured_03111,read,measured,,,,,36.9562,,ok,0.3796
49.3594,662,,,1.3513,,,,,,93.3338,r1_measured_03112,read,measured,,,,,42.1208,,ok,0.3659
47.1564,627,,,1.1438,,,,,,84.7027,r1_measured_03113,read,measured,,,,,35.9587,,ok,0.3725
43.2088,663,,,1.668,,,,,,78.1014,r1_measured_03114,read,measured,,,,,32.7659,,ok,0.3799
43.4605,689,,,0.6829,,,,,,83.8505,r1_measured_03115,read,measured,,,,,39.25,,ok,0.3853
39.3618,689,,,0.8266,,,,,,105.6644,r1_measured_03116,read,measured,,,,,64.8436,,ok,0.5473
42.2424,629,,,1.1031,,,,,,87.8404,r1_measured_03117,read,measured,,,,,44.0596,,ok,0.3665
40.9074,629,,,2.4715,,,,,,398.8228,r1_measured_03118,read,measured,,,,,186.9502,,ok,0.4173
35.5764,568,,,1.3257,,,,,,68.7542,r1_measured_03119,read,measured,,,,,31.3676,,ok,0.406
29.2182,674,,,0.5575,,,,,,76.7992,r1_measured_03120,read,measured,,,,,46.5997,,ok,0.3568
77.1878,567,,,0.8558,,,,,,90.1011,r1_measured_03121,read,measured,,,,,11.6238,,ok,0.3602
78.3426,629,,,0.9547,,,,,,99.3002,r1_measured_03122,read,measured,,,,,19.5653,,ok,0.3714
73.384,674,,,1.4701,,,,,,97.356,r1_measured_03123,read,measured,,,,,22.0485,,ok,0.3736
72.6905,508,,,2.8754,,,,,,108.7043,r1_measured_03124,read,measured,,,,,32.6642,,ok,0.4083
71.1708,663,,,0.5163,,,,,,86.4218,r1_measured_03125,read,measured,,,,,14.3148,,ok,0.3518
68.5471,679,,,3.2645,,,,,,92.4461,r1_measured_03126,read,measured,,,,,20.1999,,ok,0.3589
67.1826,509,,,0.4645,,,,,,86.9776,r1_measured_03127,read,measured,,,,,18.8813,,ok,0.3847
66.4888,680,,,6.9233,,,,,,100.848,r1_measured_03128,read,measured,,,,,26.9782,,ok,0.3702
65.4234,418,,,0.5048,,,,,,71.1813,r1_measured_03129,read,measured,,,,,4.8333,,ok,0.3624
63.7448,369,,,0.3042,,,,,,67.1115,r1_measured_03130,read,measured,,,,,2.5558,,ok,0.4406
57.633,663,,,0.5516,,,,,,81.6735,r1_measured_03131,read,measured,,,,,23.0637,,ok,0.3543
29.5902,663,,,1.36,,,,,,40.3061,r1_measured_03132,read,measured,,,,,8.9462,,ok,0.3432
59.4677,689,,,1.6193,,,,,,103.3009,r1_measured_03133,read,measured,,,,,41.6297,,ok,0.5108
54.9791,369,,,0.2727,,,,,,59.8541,r1_measured_03134,read,measured,,,,,4.1581,,ok,0.3851
52.1218,509,,,2.6223,,,,,,99.1333,r1_measured_03135,read,measured,,,,,43.9145,,ok,0.4017
49.5861,689,,,1.8672,,,,,,82.9923,r1_measured_03136,read,measured,,,,,30.8674,,ok,0.5433
46.8283,680,,,3.2607,,,,,,115.5888,r1_measured_03137,read,measured,,,,,65.0287,,ok,0.375
48.7834,688,,,0.6163,,,,,,97.022,r1_measured_03138,read,measured,,,,,47.1695,,ok,0.3783
46.3754,629,,,7.6137,,,,,,300.1023,r1_measured_03139,read,measured,,,,,245.6156,,ok,0.3947
67.0847,627,,,0.5277,,,,,,91.2941,r1_measured_03140,read,measured,,,,,23.1264,,ok,0.4767
65.9492,689,,,2.1605,,,,,,86.6519,r1_measured_03141,read,measured,,,,,18.0786,,ok,0.3821
28.9209,680,,,0.7499,,,,,,72.1583,r1_measured_03142,read,measured,,,,,42.0313,,ok,0.3741
53.0054,369,,,0.3148,,,,,,65.4231,r1_measured_03143,read,measured,,,,,11.617,,ok,0.4147
42.5373,629,,,1.2265,,,,,,78.9633,r1_measured_03144,read,measured,,,,,34.7271,,ok,0.3896
57.5916,663,,,0.607,,,,,,62.0438,r1_measured_03145,read,measured,,,,,3.3171,,ok,0.4412
942.3408,675,30.558,57.1577,0.5107,436.7379,1,57.1559,1,351.1493,961.4674,r1_measured_03146,update,measured,293.9916,19.1266,1,66.9974,18.1828,56.8982,ok,0.3611
77.5976,689,,,1.4171,,,,,,96.8872,r1_measured_03147,read,measured,,,,,17.3761,,ok,0.4173
79.6692,629,,,0.9107,,,,,,89.4402,r1_measured_03148,read,measured,,,,,8.3747,,ok,0.404
77.1908,625,,,1.3168,,,,,,101.6782,r1_measured_03149,read,measured,,,,,22.7797,,ok,0.3305
76.3563,627,,,0.674,,,,,,101.6516,r1_measured_03150,read,measured,,,,,24.2122,,ok,0.3468
73.1876,629,,,1.2863,,,,,,94.4477,r1_measured_03151,read,measured,,,,,19.4903,,ok,0.4088
71.6751,627,,,2.4782,,,,,,282.9397,r1_measured_03152,read,measured,,,,,208.0634,,ok,0.6157
69.7657,675,,,0.5228,,,,,,84.4426,r1_measured_03153,read,measured,,,,,13.7281,,ok,0.3562
67.6711,369,,,0.3168,,,,,,77.0259,r1_measured_03154,read,measured,,,,,8.6361,,ok,0.3425
60.2487,679,,,0.9253,,,,,,77.2347,r1_measured_03155,read,measured,,,,,15.6334,,ok,0.3568
58.607,675,,,0.8514,,,,,,83.2885,r1_measured_03156,read,measured,,,,,23.402,,ok,0.3615
57.1376,689,,,2.1031,,,,,,257.1197,r1_measured_03157,read,measured,,,,,197.4794,,ok,0.3165
209.6413,674,,,1.0536,,,,,,243.1713,r1_measured_03158,read,measured,,,,,31.9892,,ok,0.3988
205.0284,418,,,0.6443,,,,,,212.2204,r1_measured_03159,read,measured,,,,,5.6086,,ok,0.8557
203.3784,663,,,1.2045,,,,,,218.9914,r1_measured_03160,read,measured,,,,,13.9345,,ok,0.3985
200.6042,419,,,0.3371,,,,,,208.8612,r1_measured_03161,read,measured,,,,,7.3895,,ok,0.4612
198.0812,688,,,0.8195,,,,,,220.325,r1_measured_03162,read,measured,,,,,20.3814,,ok,0.8709
194.9766,369,,,0.4462,,,,,,200.4038,r1_measured_03163,read,measured,,,,,4.5985,,ok,0.3239
195.8288,674,,,0.758,,,,,,206.9511,r1_measured_03164,read,measured,,,,,9.7891,,ok,0.4807
194.8145,680,,,1.4264,,,,,,211.7665,r1_measured_03165,read,measured,,,,,15.1087,,ok,0.3334
192.2934,681,,,1.9171,,,,,,221.6969,r1_measured_03166,read,measured,,,,,26.9689,,ok,0.422
191.0126,366,,,4.1658,,,,,,202.5566,r1_measured_03167,read,measured,,,,,6.8767,,ok,0.3948
176.1552,679,,,1.5308,,,,,,210.2743,r1_measured_03168,read,measured,,,,,32.1105,,ok,0.39
174.8269,568,,,1.3072,,,,,,200.876,r1_measured_03169,read,measured,,,,,24.3067,,ok,0.3392
173.7212,680,,,0.493,,,,,,193.773,r1_measured_03170,read,measured,,,,,19.1622,,ok,0.325
218.6797,508,,,4.5702,,,,,,273.3547,r1_measured_03171,read,measured,,,,,49.6232,,ok,0.4059
219.2039,687,,,6.4258,,,,,,275.0365,r1_measured_03172,read,measured,,,,,48.8885,,ok,0.4238
211.3873,674,,,1.59,,,,,,275.6552,r1_measured_03173,read,measured,,,,,62.194,,ok,0.4002
210.0996,675,,,0.831,,,,,,235.049,r1_measured_03174,read,measured,,,,,23.6503,,ok,0.3812
209.6985,369,,,0.5364,,,,,,223.6749,r1_measured_03175,read,measured,,,,,12.9649,,ok,0.4001
211.3976,509,,,5.3628,,,,,,265.0888,r1_measured_03176,read,measured,,,,,47.8723,,ok,0.3791
211.7597,689,,,0.606,,,,,,244.2505,r1_measured_03177,read,measured,,,,,31.3566,,ok,0.4327
203.6062,368,,,0.3195,,,,,,214.8925,r1_measured_03178,read,measured,,,,,10.461,,ok,0.4075
204.6529,629,,,0.5204,,,,,,243.627,r1_measured_03179,read,measured,,,,,38.0056,,ok,0.369
46.0387,680,,,1.7426,,,,,,76.1318,r1_measured_03180,read,measured,,,,,27.8798,,ok,0.3816
45.1827,369,,,0.2675,,,,,,61.6746,r1_measured_03181,read,measured,,,,,15.7665,,ok,0.3935
38.1328,568,,,2.438,,,,,,87.7624,r1_measured_03182,read,measured,,,,,46.761,,ok,0.3523
35.1853,674,,,1.473,,,,,,79.5496,r1_measured_03183,read,measured,,,,,42.3513,,ok,0.4185
38.9464,509,,,0.4602,,,,,,63.4937,r1_measured_03184,read,measured,,,,,23.6414,,ok,0.3724
33.3874,368,,,0.4587,,,,,,53.0774,r1_measured_03185,read,measured,,,,,18.423,,ok,0.7324
36.658,627,,,3.5708,,,,,,55.7464,r1_measured_03186,read,measured,,,,,15.0504,,ok,0.3864
35.4467,417,,,0.285,,,,,,57.519,r1_measured_03187,read,measured,,,,,21.3703,,ok,0.3548
29.1282,568,,,4.0818,,,,,,70.4307,r1_measured_03188,read,measured,,,,,36.7894,,ok,0.3507
30.6013,679,,,1.7907,,,,,,244.3969,r1_measured_03189,read,measured,,,,,22.9875,,ok,0.3811
30.1507,675,,,2.3706,,,,,,58.2617,r1_measured_03190,read,measured,,,,,25.2471,,ok,0.4035
22.2959,568,,,3.2019,,,,,,80.2841,r1_measured_03191,read,measured,,,,,54.3237,,ok,0.3767
22.0664,629,,,13.0881,,,,,,65.186,r1_measured_03192,read,measured,,,,,29.5559,,ok,0.3759
18.7397,369,,,0.3158,,,,,,30.74,r1_measured_03193,read,measured,,,,,11.1768,,ok,0.4347
29.8046,675,,,2.0317,,,,,,64.9888,r1_measured_03194,read,measured,,,,,32.6938,,ok,0.3702
25.8298,680,,,0.632,,,,,,79.2893,r1_measured_03195,read,measured,,,,,52.3541,,ok,0.389
15.8262,419,,,0.2949,,,,,,39.9449,r1_measured_03196,read,measured,,,,,23.3781,,ok,0.3773
25.6552,674,,,1.003,,,,,,56.839,r1_measured_03197,read,measured,,,,,29.6926,,ok,0.4015
23.598,679,,,2.9269,,,,,,44.0342,r1_measured_03198,read,measured,,,,,16.9653,,ok,0.4506
21.8069,509,,,1.5369,,,,,,52.966,r1_measured_03199,read,measured,,,,,29.1641,,ok,0.3869
25.7605,679,,,1.0542,,,,,,45.4068,r1_measured_03200,read,measured,,,,,18.1158,,ok,0.3859
63.4586,509,,,2.455,,,,,,83.1079,r1_measured_03201,read,measured,,,,,16.7029,,ok,0.4156
57.4234,678,,,1.5085,,,,,,80.1904,r1_measured_03202,read,measured,,,,,20.1652,,ok,0.9956
55.9245,680,,,0.8296,,,,,,74.7679,r1_measured_03203,read,measured,,,,,17.4903,,ok,0.4171
55.2449,625,,,1.2683,,,,,,134.7477,r1_measured_03204,read,measured,,,,,77.7763,,ok,0.3714
60.3935,663,,,2.6997,,,,,,119.7194,r1_measured_03205,read,measured,,,,,56.1589,,ok,0.3619
55.7219,417,,,0.3196,,,,,,66.2261,r1_measured_03206,read,measured,,,,,9.706,,ok,0.4046
56.8782,674,,,2.6929,,,,,,107.6736,r1_measured_03207,read,measured,,,,,47.6723,,ok,0.348
50.8061,629,,,0.7138,,,,,,100.1461,r1_measured_03208,read,measured,,,,,48.2034,,ok,0.3509
46.1789,680,,,2.1595,,,,,,113.7266,r1_measured_03209,read,measured,,,,,64.9444,,ok,0.349
48.1471,629,,,4.0586,,,,,,105.5726,r1_measured_03210,read,measured,,,,,52.8896,,ok,0.3807
39.8866,689,,,19.0503,,,,,,85.0566,r1_measured_03211,read,measured,,,,,25.6485,,ok,0.3669
45.8022,678,,,4.75,,,,,,107.2867,r1_measured_03212,read,measured,,,,,56.2112,,ok,0.4019
40.5621,566,,,0.9711,,,,,,114.3524,r1_measured_03213,read,measured,,,,,72.3598,,ok,0.3784
35.6895,509,,,0.5129,,,,,,79.2092,r1_measured_03214,read,measured,,,,,42.508,,ok,0.4238
34.0464,681,,,2.8812,,,,,,103.0428,r1_measured_03215,read,measured,,,,,65.6712,,ok,0.3522
36.6048,369,,,0.2731,,,,,,47.3044,r1_measured_03216,read,measured,,,,,9.982,,ok,0.3786
32.4298,679,,,1.8687,,,,,,102.5453,r1_measured_03217,read,measured,,,,,67.8128,,ok,0.3408
26.0137,689,,,0.5227,,,,,,82.5402,r1_measured_03218,read,measured,,,,,55.5572,,ok,0.35
25.5388,680,,,1.5978,,,,,,95.9277,r1_measured_03219,read,measured,,,,,68.234,,ok,0.4563
27.8352,678,,,0.5233,,,,,,77.8208,r1_measured_03220,read,measured,,,,,49.0346,,ok,0.3425
26.7113,418,,,0.362,,,,,,34.0535,r1_measured_03221,read,measured,,,,,6.4666,,ok,0.4337
654.3746,418,38.2996,22.6757,0.2923,343.524,1,22.674,1,138.5223,666.3715,r1_measured_03222,update,measured,115.8466,11.9969,1,50.0205,11.2827,84.0082,ok,0.3568
651.0436,418,59.4539,19.9854,0.28,333.2056,1,19.9836,1,134.9217,661.4555,r1_measured_03223,update,measured,114.9363,10.4119,1,63.2818,9.7125,60.1806,ok,0.3408
19.5987,567,,,3.0748,,,,,,76.3048,r1_measured_03224,read,measured,,,,,53.2012,,ok,0.3485
22.9831,679,,,1.658,,,,,,91.2666,r1_measured_03225,read,measured,,,,,66.1865,,ok,0.3542
39.1638,680,,,1.2381,,,,,,87.6357,r1_measured_03226,read,measured,,,,,46.7875,,ok,0.3516
56.4372,689,,,2.8659,,,,,,96.8751,r1_measured_03227,read,measured,,,,,36.9733,,ok,0.4999
89.5918,508,,,4.2828,,,,,,116.3224,r1_measured_03228,read,measured,,,,,21.9534,,ok,0.4064
81.3292,681,,,1.7013,,,,,,108.4489,r1_measured_03229,read,measured,,,,,24.9283,,ok,0.4084
78.6394,418,,,0.6281,,,,,,94.9119,r1_measured_03230,read,measured,,,,,15.0944,,ok,0.4672
77.3762,686,,,1.4166,,,,,,107.0963,r1_measured_03231,read,measured,,,,,27.7283,,ok,0.4859
74.1233,663,,,0.6598,,,,,,129.3977,r1_measured_03232,read,measured,,,,,54.1596,,ok,0.3762
71.9334,567,,,3.4647,,,,,,105.0053,r1_measured_03233,read,measured,,,,,29.1438,,ok,0.3947
50.5046,567,,,0.4896,,,,,,87.0677,r1_measured_03234,read,measured,,,,,35.5867,,ok,0.4058
658.6093,509,48.4788,50.4643,1.3271,380.525,1,50.4624,1,178.2362,744.2183,r1_measured_03235,update,measured,127.7719,85.609,1,0.0048,83.8804,51.3645,ok,0.34
43.8566,679,,,2.0806,,,,,,95.3962,r1_measured_03236,read,measured,,,,,48.9834,,ok,0.4003
41.103,418,,,0.2767,,,,,,58.2046,r1_measured_03237,read,measured,,,,,16.3996,,ok,0.3655
47.3584,688,,,2.4232,,,,,,75.9332,r1_measured_03238,read,measured,,,,,25.6912,,ok,0.3838
48.685,662,,,1.3818,,,,,,95.7822,r1_measured_03239,read,measured,,,,,45.1934,,ok,0.4489
36.9695,418,,,0.3062,,,,,,49.3906,r1_measured_03240,read,measured,,,,,11.632,,ok,0.3821
39.3489,509,,,1.2271,,,,,,76.3356,r1_measured_03241,read,measured,,,,,35.2855,,ok,0.3591
38.2945,629,,,0.5074,,,,,,60.695,r1_measured_03242,read,measured,,,,,21.4453,,ok,0.3697
36.9255,509,,,1.9339,,,,,,79.6809,r1_measured_03243,read,measured,,,,,40.3503,,ok,0.4019
36.1004,509,,,0.4423,,,,,,86.5591,r1_measured_03244,read,measured,,,,,49.5882,,ok,0.3577
32.431,689,,,1.1314,,,,,,49.2224,r1_measured_03245,read,measured,,,,,15.2021,,ok,0.3776
39.3248,418,,,0.2747,,,,,,49.6486,r1_measured_03246,read,measured,,,,,9.6226,,ok,0.3617
33.8556,662,,,1.8121,,,,,,71.469,r1_measured_03247,read,measured,,,,,35.3407,,ok,0.3793
28.1817,674,,,3.3976,,,,,,62.9493,r1_measured_03248,read,measured,,,,,30.9201,,ok,0.3727
26.8465,681,,,3.647,,,,,,63.9823,r1_measured_03249,read,measured,,,,,33.0653,,ok,0.3521
24.9954,680,,,2.5143,,,,,,71.1131,r1_measured_03250,read,measured,,,,,43.1159,,ok,0.4004
25.8984,688,,,0.6023,,,,,,78.1286,r1_measured_03251,read,measured,,,,,51.1024,,ok,0.4309
33.432,629,,,0.8696,,,,,,69.8837,r1_measured_03252,read,measured,,,,,35.1398,,ok,0.3704
31.8869,689,,,3.0386,,,,,,53.5494,r1_measured_03253,read,measured,,,,,18.2018,,ok,0.3462
81.0803,508,,,0.5665,,,,,,106.9102,r1_measured_03254,read,measured,,,,,24.4085,,ok,0.7808
54.5926,680,,,0.8214,,,,,,142.511,r1_measured_03255,read,measured,,,,,86.6606,,ok,0.3601
54.101,418,,,0.2873,,,,,,92.2779,r1_measured_03256,read,measured,,,,,37.4626,,ok,0.3643
70.2631,509,,,0.5714,,,,,,144.6075,r1_measured_03257,read,measured,,,,,73.3201,,ok,0.382
717.1258,419,31.2693,44.1553,0.2732,298.0213,1,44.1535,1,265.1678,767.2441,r1_measured_03258,update,measured,221.0125,50.1183,1,59.0014,49.4309,63.666,ok,0.3525
43.7949,679,,,1.3075,,,,,,145.6349,r1_measured_03259,read,measured,,,,,99.7328,,ok,0.7018
40.7066,675,,,2.5524,,,,,,413.8318,r1_measured_03260,read,measured,,,,,14.3126,,ok,0.3772
52.3659,418,,,0.2732,,,,,,82.2747,r1_measured_03261,read,measured,,,,,29.2357,,ok,0.3416
37.8427,629,,,1.5245,,,,,,133.2527,r1_measured_03262,read,measured,,,,,93.4331,,ok,0.3752
36.9172,509,,,0.5341,,,,,,125.6969,r1_measured_03263,read,measured,,,,,87.7831,,ok,0.3948
34.9699,674,,,4.1213,,,,,,80.2722,r1_measured_03264,read,measured,,,,,40.744,,ok,0.3456
954.6618,680,50.5504,46.1901,1.6107,524.8937,1,46.1884,1,253.5119,1087.5058,r1_measured_03265,update,measured,207.3218,132.844,1,34.2169,130.8246,91.4889,ok,0.3377
29.7714,680,,,6.8482,,,,,,111.8726,r1_measured_03266,read,measured,,,,,74.764,,ok,0.4094
59.2704,678,,,0.9479,,,,,,70.2202,r1_measured_03267,read,measured,,,,,9.5493,,ok,0.3668
40.895,629,,,6.023,,,,,,108.8569,r1_measured_03268,read,measured,,,,,61.4198,,ok,0.4408
26.9786,663,,,1.0064,,,,,,116.5278,r1_measured_03269,read,measured,,,,,88.0867,,ok,0.3789
26.3705,680,,,0.7468,,,,,,73.0071,r1_measured_03270,read,measured,,,,,45.4455,,ok,0.3716
24.5691,679,,,3.9979,,,,,,117.0026,r1_measured_03271,read,measured,,,,,87.9937,,ok,0.3717
873.0258,628,32.422,23.1502,0.6203,478.7948,1,23.148,1,243.0168,881.0856,r1_measured_03272,update,measured,219.8666,8.0598,1,44.4369,7.0235,74.3553,ok,0.3479
75.3344,689,,,2.0503,,,,,,125.5241,r1_measured_03273,read,measured,,,,,47.6843,,ok,0.3804
90.7954,419,,,0.3024,,,,,,102.5552,r1_measured_03274,read,measured,,,,,11.012,,ok,0.3812
73.5582,629,,,2.3218,,,,,,119.8533,r1_measured_03275,read,measured,,,,,43.5099,,ok,0.376
72.046,509,,,2.3877,,,,,,113.5899,r1_measured_03276,read,measured,,,,,38.7186,,ok,0.3702
70.6869,681,,,0.7924,,,,,,125.879,r1_measured_03277,read,measured,,,,,53.9572,,ok,0.3653
69.4241,567,,,0.9947,,,,,,117.2487,r1_measured_03278,read,measured,,,,,46.3886,,ok,0.3729
76.7713,680,,,1.4271,,,,,,118.6188,r1_measured_03279,read,measured,,,,,39.9437,,ok,0.3929
74.2087,568,,,0.6038,,,,,,119.4405,r1_measured_03280,read,measured,,,,,44.1921,,ok,0.3654
81.1595,689,,,1.1517,,,,,,99.0768,r1_measured_03281,read,measured,,,,,16.3169,,ok,0.3704
78.7639,567,,,0.6954,,,,,,101.062,r1_measured_03282,read,measured,,,,,21.1283,,ok,0.4068
78.3538,675,,,0.5095,,,,,,334.5632,r1_measured_03283,read,measured,,,,,20.2003,,ok,0.402
75.6634,418,,,0.3003,,,,,,396.9042,r1_measured_03284,read,measured,,,,,34.0611,,ok,0.3721
76.4172,680,,,1.6606,,,,,,100.2966,r1_measured_03285,read,measured,,,,,21.819,,ok,0.3352
71.8362,418,,,0.3025,,,,,,82.2255,r1_measured_03286,read,measured,,,,,9.6738,,ok,0.3447
71.3097,679,,,0.8085,,,,,,76.9716,r1_measured_03287,read,measured,,,,,4.3881,,ok,0.3837
40.5656,678,,,1.5066,,,,,,63.9386,r1_measured_03288,read,measured,,,,,21.4506,,ok,0.3489
39.5123,417,,,0.2894,,,,,,44.7561,r1_measured_03289,read,measured,,,,,4.5444,,ok,0.3534
40.7062,680,,,1.6733,,,,,,54.971,r1_measured_03290,read,measured,,,,,12.1304,,ok,0.3539
36.8314,681,,,76.3647,,,,,,137.1513,r1_measured_03291,read,measured,,,,,23.5487,,ok,0.335
36.4626,509,,,2.8822,,,,,,142.4624,r1_measured_03292,read,measured,,,,,102.7056,,ok,0.3369
32.0599,509,,,3.7024,,,,,,50.4048,r1_measured_03293,read,measured,,,,,14.2309,,ok,0.3484
31.3132,689,,,80.1342,,,,,,131.2324,r1_measured_03294,read,measured,,,,,19.3129,,ok,0.3885
27.8483,675,,,3.5466,,,,,,276.7075,r1_measured_03295,read,measured,,,,,10.9035,,ok,0.3663
25.1581,681,,,0.5914,,,,,,38.1478,r1_measured_03296,read,measured,,,,,11.957,,ok,0.3692
24.0905,681,,,0.6801,,,,,,34.8434,r1_measured_03297,read,measured,,,,,9.6339,,ok,0.3617
21.3034,673,,,2.4428,,,,,,44.8688,r1_measured_03298,read,measured,,,,,20.7095,,ok,0.3449
118.9146,509,,,1.6633,,,,,,138.7394,r1_measured_03299,read,measured,,,,,17.7121,,ok,0.3915
119.0419,419,,,0.3084,,,,,,124.9297,r1_measured_03300,read,measured,,,,,5.174,,ok,0.3513
114.0876,568,,,0.8556,,,,,,126.1806,r1_measured_03301,read,measured,,,,,10.609,,ok,0.5114
114.5653,681,,,1.4185,,,,,,121.2034,r1_measured_03302,read,measured,,,,,4.6603,,ok,0.491
965.7236,680,27.0114,109.2029,0.4735,590.778,1,109.2011,1,273.5742,980.0,r1_measured_03303,update,measured,164.3713,14.2764,1,28.9196,13.4078,45.4404,ok,0.3311
107.8751,568,,,0.6325,,,,,,131.2618,r1_measured_03304,read,measured,,,,,22.2103,,ok,0.4708
92.9205,663,,,2.194,,,,,,109.9437,r1_measured_03305,read,measured,,,,,14.061,,ok,0.6603
95.0623,663,,,1.2238,,,,,,110.8576,r1_measured_03306,read,measured,,,,,14.0725,,ok,0.4265
90.7659,681,,,2.732,,,,,,106.6694,r1_measured_03307,read,measured,,,,,12.6573,,ok,0.4321
89.2255,509,,,3.0366,,,,,,186.4765,r1_measured_03308,read,measured,,,,,93.7872,,ok,0.3678
129.3314,663,,,0.6052,,,,,,180.1389,r1_measured_03309,read,measured,,,,,49.7827,,ok,0.3488
126.1233,689,,,0.5487,,,,,,193.1986,r1_measured_03310,read,measured,,,,,66.1222,,ok,0.3268
114.2126,680,,,1.5545,,,,,,200.9533,r1_measured_03311,read,measured,,,,,84.7078,,ok,0.4028
111.8565,678,,,1.2018,,,,,,182.0019,r1_measured_03312,read,measured,,,,,68.5656,,ok,0.3069
146.6179,675,,,1.3606,,,,,,185.7761,r1_measured_03313,read,measured,,,,,37.3757,,ok,0.3316
778.0118,418,52.4957,161.2332,0.2751,244.1546,0,161.2315,1,321.6983,878.866,r1_measured_03314,update,measured,160.4651,100.8542,1,46.8917,100.2138,112.7715,ok,0.3046
106.6986,689,,,4.9947,,,,,,186.2009,r1_measured_03315,read,measured,,,,,74.1046,,ok,0.3206
105.0063,627,,,0.5353,,,,,,207.6035,r1_measured_03316,read,measured,,,,,101.6183,,ok,0.3736
40.7575,508,,,2.6861,,,,,,118.5846,r1_measured_03317,read,measured,,,,,74.6585,,ok,0.3704
64.3081,508,,,1.7968,,,,,,111.7723,r1_measured_03318,read,measured,,,,,45.1146,,ok,0.4724
24.7225,689,,,5.1365,,,,,,101.7149,r1_measured_03319,read,measured,,,,,71.4346,,ok,0.3315
74.9411,689,,,0.9028,,,,,,119.8319,r1_measured_03320,read,measured,,,,,43.5366,,ok,0.3786
59.221,680,,,1.8594,,,,,,113.1117,r1_measured_03321,read,measured,,,,,51.552,,ok,0.3654
72.4755,689,,,3.4432,,,,,,96.5697,r1_measured_03322,read,measured,,,,,20.2017,,ok,0.356
88.4598,508,,,0.944,,,,,,120.2126,r1_measured_03323,read,measured,,,,,30.394,,ok,0.3553
87.6395,567,,,0.8714,,,,,,108.1389,r1_measured_03324,read,measured,,,,,19.1944,,ok,0.3686
86.6915,509,,,0.5276,,,,,,112.66,r1_measured_03325,read,measured,,,,,25.0129,,ok,0.3671
84.4001,681,,,2.4475,,,,,,105.8932,r1_measured_03326,read,measured,,,,,18.5128,,ok,0.4542
82.4855,629,,,0.7199,,,,,,108.2002,r1_measured_03327,read,measured,,,,,24.5351,,ok,0.3916
49.0102,509,,,2.0391,,,,,,78.9678,r1_measured_03328,read,measured,,,,,27.4869,,ok,0.3658
45.4699,678,,,1.5819,,,,,,78.9353,r1_measured_03329,read,measured,,,,,31.4368,,ok,0.3566
43.013,680,,,1.672,,,,,,73.3367,r1_measured_03330,read,measured,,,,,28.2234,,ok,0.3569
39.085,568,,,1.6407,,,,,,62.1936,r1_measured_03331,read,measured,,,,,20.6954,,ok,0.6971
38.4483,629,,,0.4904,,,,,,76.4856,r1_measured_03332,read,measured,,,,,37.1223,,ok,0.3512
38.0685,681,,,1.5484,,,,,,71.4753,r1_measured_03333,read,measured,,,,,31.4131,,ok,0.3647
36.208,418,,,0.3494,,,,,,42.4434,r1_measured_03334,read,measured,,,,,5.4706,,ok,0.3585
38.9875,680,,,0.701,,,,,,55.039,r1_measured_03335,read,measured,,,,,14.9216,,ok,0.3593
29.2566,663,,,4.3136,,,,,,61.0145,r1_measured_03336,read,measured,,,,,26.9836,,ok,0.3807
28.2213,680,,,1.0139,,,,,,60.372,r1_measured_03337,read,measured,,,,,30.6321,,ok,0.4153
23.7812,663,,,9.2036,,,,,,97.1992,r1_measured_03338,read,measured,,,,,63.7231,,ok,0.4117
22.5642,686,,,2.3262,,,,,,37.033,r1_measured_03339,read,measured,,,,,11.7023,,ok,0.3684
528.5411,369,29.6199,20.1442,0.2474,245.1948,0,20.1424,1,123.364,535.9571,r1_measured_03340,update,measured,103.2198,7.416,1,29.8539,6.7678,100.5085,ok,0.3533
19.1255,628,,,1.2348,,,,,,60.8273,r1_measured_03341,read,measured,,,,,40.0539,,ok,0.3483
33.9366,629,,,0.8781,,,,,,107.2832,r1_measured_03342,read,measured,,,,,72.0545,,ok,0.3442
29.1272,568,,,1.6804,,,,,,39.7445,r1_measured_03343,read,measured,,,,,8.5023,,ok,0.3616
27.949,366,,,0.2394,,,,,,32.5591,r1_measured_03344,read,measured,,,,,3.9361,,ok,0.3782
28.6021,418,,,0.3324,,,,,,82.3924,r1_measured_03345,read,measured,,,,,28.2962,,ok,0.4039
54.8483,681,,,1.2443,,,,,,100.4659,r1_measured_03346,read,measured,,,,,43.9259,,ok,0.3602
41.4708,627,,,1.8372,,,,,,80.001,r1_measured_03347,read,measured,,,,,36.2149,,ok,0.4024
39.7298,568,,,1.1511,,,,,,77.363,r1_measured_03348,read,measured,,,,,35.805,,ok,0.5842
55.7,567,,,0.5863,,,,,,80.717,r1_measured_03349,read,measured,,,,,24.0003,,ok,0.3611
61.3466,509,,,1.5867,,,,,,182.148,r1_measured_03350,read,measured,,,,,67.8824,,ok,0.3524
524.576,681,36.2076,57.6844,3.2455,234.3446,1,57.6826,1,155.3266,655.1696,r1_measured_03351,update,measured,97.6422,130.5936,1,35.3331,126.9724,63.3641,ok,0.3054
54.2572,509,,,0.4689,,,,,,73.883,r1_measured_03352,read,measured,,,,,18.7387,,ok,0.3552
776.3422,679,28.5006,42.1212,4.7932,502.4397,1,42.1192,1,148.911,801.2346,r1_measured_03353,update,measured,106.7898,24.8924,1,23.1478,19.6337,73.3431,ok,0.3875
514.3863,367,40.3824,39.4993,95.1001,237.1136,0,39.4978,1,147.2979,630.2672,r1_measured_03354,update,measured,107.7986,115.8809,1,0.0049,20.394,89.5875,ok,0.3286
46.3082,680,,,0.8636,,,,,,61.65,r1_measured_03355,read,measured,,,,,14.0226,,ok,0.3776
75.4616,419,,,0.2893,,,,,,78.0448,r1_measured_03356,read,measured,,,,,1.8671,,ok,0.3725
75.4801,418,,,0.2715,,,,,,82.2696,r1_measured_03357,read,measured,,,,,6.0293,,ok,0.4309
68.3728,663,,,3.9281,,,,,,82.7461,r1_measured_03358,read,measured,,,,,9.9016,,ok,0.461
72.2952,680,,,2.8879,,,,,,489.7185,r1_measured_03359,read,measured,,,,,13.8554,,ok,0.5659
68.3261,369,,,0.2518,,,,,,73.0984,r1_measured_03360,read,measured,,,,,4.1079,,ok,0.3609
65.8669,674,,,1.537,,,,,,85.0289,r1_measured_03361,read,measured,,,,,17.195,,ok,0.3584
62.5549,367,,,0.2345,,,,,,71.249,r1_measured_03362,read,measured,,,,,8.0627,,ok,0.3414
61.2527,689,,,0.6433,,,,,,77.9178,r1_measured_03363,read,measured,,,,,15.5978,,ok,0.3561
59.1686,672,,,0.639,,,,,,73.8481,r1_measured_03364,read,measured,,,,,13.6054,,ok,0.366
32.218,629,,,1.2089,,,,,,48.2084,r1_measured_03365,read,measured,,,,,14.3356,,ok,0.3776
798.2053,675,31.405,30.377,2.2199,473.0304,0,30.3751,1,131.494,809.3385,r1_measured_03366,update,measured,101.117,11.1332,1,101.1231,8.4471,61.1528,ok,0.3968
26.9791,628,,,1.2065,,,,,,401.1765,r1_measured_03367,read,measured,,,,,22.7645,,ok,0.3707
48.1831,629,,,1.5791,,,,,,189.4629,r1_measured_03368,read,measured,,,,,139.2932,,ok,0.3357
47.4245,663,,,1.1978,,,,,,167.1641,r1_measured_03369,read,measured,,,,,118.1412,,ok,0.3301
70.762,509,,,2.3042,,,,,,159.4359,r1_measured_03370,read,measured,,,,,85.9419,,ok,0.3589
43.9094,568,,,1.002,,,,,,172.1295,r1_measured_03371,read,measured,,,,,126.8259,,ok,0.33
42.1924,368,,,0.2568,,,,,,92.8765,r1_measured_03372,read,measured,,,,,50.012,,ok,0.3586
55.5909,509,,,1.5391,,,,,,172.8817,r1_measured_03373,read,measured,,,,,115.3545,,ok,0.334
52.3455,567,,,9.0304,,,,,,160.4228,r1_measured_03374,read,measured,,,,,98.6237,,ok,0.3508
35.1814,688,,,0.8876,,,,,,156.8791,r1_measured_03375,read,measured,,,,,120.3541,,ok,0.3757
56.6492,663,,,1.7219,,,,,,145.4441,r1_measured_03376,read,measured,,,,,86.5647,,ok,0.4255
50.9592,678,,,3.5204,,,,,,140.4496,r1_measured_03377,read,measured,,,,,85.556,,ok,0.3406
31.3511,629,,,45.0663,,,,,,124.1821,r1_measured_03378,read,measured,,,,,47.2392,,ok,0.4216
33.7629,368,,,0.31,,,,,,56.5034,r1_measured_03379,read,measured,,,,,21.9818,,ok,0.3843
29.2034,568,,,1.6834,,,,,,144.9027,r1_measured_03380,read,measured,,,,,113.5688,,ok,0.3791
56.0298,687,,,1.0728,,,,,,158.2619,r1_measured_03381,read,measured,,,,,100.7438,,ok,0.3441
42.8737,681,,,3.972,,,,,,134.0584,r1_measured_03382,read,measured,,,,,86.8001,,ok,0.3429
40.9893,663,,,0.6602,,,,,,103.4883,r1_measured_03383,read,measured,,,,,61.3074,,ok,0.443
648.3601,418,50.2078,27.0652,0.4915,355.2671,0,27.0632,1,162.6431,654.3112,r1_measured_03384,update,measured,135.5779,5.9511,1,41.4163,5.0563,38.8258,ok,0.3488
25.6481,680,,,0.9746,,,,,,147.1616,r1_measured_03385,read,measured,,,,,120.1202,,ok,0.3472
24.9159,680,,,2.1723,,,,,,90.5233,r1_measured_03386,read,measured,,,,,63.0303,,ok,0.3306
60.4341,663,,,0.5331,,,,,,82.3865,r1_measured_03387,read,measured,,,,,21.0165,,ok,0.3348
92.7134,689,,,1.0254,,,,,,159.5866,r1_measured_03388,read,measured,,,,,65.429,,ok,0.3499
61.0469,629,,,0.5773,,,,,,129.7535,r1_measured_03389,read,measured,,,,,67.6978,,ok,0.3679
47.5271,681,,,1.8053,,,,,,112.4012,r1_measured_03390,read,measured,,,,,62.6292,,ok,0.3671
36.1524,681,,,0.6787,,,,,,112.1929,r1_measured_03391,read,measured,,,,,74.9367,,ok,0.3503
33.7765,681,,,0.9991,,,,,,47.5846,r1_measured_03392,read,measured,,,,,12.357,,ok,0.377
33.1255,418,,,0.2649,,,,,,40.5934,r1_measured_03393,read,measured,,,,,6.8071,,ok,0.3436
31.2432,674,,,12.6827,,,,,,96.0536,r1_measured_03394,read,measured,,,,,51.6938,,ok,0.356
31.5696,678,,,7.6785,,,,,,106.5687,r1_measured_03395,read,measured,,,,,66.894,,ok,0.3377
31.0085,680,,,0.7706,,,,,,44.8118,r1_measured_03396,read,measured,,,,,12.5852,,ok,0.3725
28.0069,629,,,6.9318,,,,,,55.6158,r1_measured_03397,read,measured,,,,,20.1423,,ok,0.4617
28.6339,568,,,4.9718,,,,,,46.8775,r1_measured_03398,read,measured,,,,,12.7876,,ok,0.4208
28.6035,680,,,1.4103,,,,,,87.4683,r1_measured_03399,read,measured,,,,,57.0067,,ok,0.3706
761.7276,681,79.1691,26.4447,1.3784,475.6491,1,26.4432,1,139.7366,788.1014,r1_measured_03400,update,measured,113.2919,26.3738,1,24.8925,24.5399,42.2803,ok,0.3848
22.0187,680,,,1.4438,,,,,,102.4634,r1_measured_03401,read,measured,,,,,78.5429,,ok,0.3696
19.2328,689,,,0.5524,,,,,,36.8123,r1_measured_03402,read,measured,,,,,16.3307,,ok,0.6277
20.94,418,,,0.2578,,,,,,25.8049,r1_measured_03403,read,measured,,,,,4.2397,,ok,0.3165
18.1993,675,,,0.9194,,,,,,26.7481,r1_measured_03404,read,measured,,,,,7.2232,,ok,0.3435
41.4496,629,,,1.035,,,,,,92.5484,r1_measured_03405,read,measured,,,,,49.616,,ok,0.3576
65.6922,663,,,1.9381,,,,,,102.2238,r1_measured_03406,read,measured,,,,,34.1277,,ok,0.3861
22.7857,680,,,1.299,,,,,,92.3786,r1_measured_03407,read,measured,,,,,67.8952,,ok,0.3283
21.3626,674,,,3.4977,,,,,,101.9674,r1_measured_03408,read,measured,,,,,76.6889,,ok,0.3428
76.3429,369,,,0.2281,,,,,,89.2753,r1_measured_03409,read,measured,,,,,12.3312,,ok,0.3242
77.6068,663,,,2.1254,,,,,,96.1356,r1_measured_03410,read,measured,,,,,15.9773,,ok,0.3589
72.3892,418,,,0.2727,,,,,,81.8425,r1_measured_03411,read,measured,,,,,8.8064,,ok,0.3208
70.4846,568,,,0.5732,,,,,,86.2762,r1_measured_03412,read,measured,,,,,14.8192,,ok,0.3388
66.5328,680,,,0.5973,,,,,,100.0975,r1_measured_03413,read,measured,,,,,32.5241,,ok,0.3736
60.7283,663,,,2.5083,,,,,,98.0419,r1_measured_03414,read,measured,,,,,34.2321,,ok,0.4886
26.9321,629,,,0.5715,,,,,,42.8155,r1_measured_03415,read,measured,,,,,14.8868,,ok,0.3543
24.6671,369,,,0.2429,,,,,,29.4372,r1_measured_03416,read,measured,,,,,4.1578,,ok,0.3211
25.8127,681,,,0.5996,,,,,,47.1581,r1_measured_03417,read,measured,,,,,20.2924,,ok,0.3849
21.4953,368,,,0.2427,,,,,,28.4421,r1_measured_03418,read,measured,,,,,6.2776,,ok,0.3656
19.7494,663,,,0.5758,,,,,,33.2255,r1_measured_03419,read,measured,,,,,12.4606,,ok,0.3753
28.5601,681,,,0.6871,,,,,,36.1748,r1_measured_03420,read,measured,,,,,6.4962,,ok,0.364
39.9584,680,,,0.5563,,,,,,53.8729,r1_measured_03421,read,measured,,,,,12.9235,,ok,0.3608
40.5785,681,,,1.0857,,,,,,57.4645,r1_measured_03422,read,measured,,,,,15.3369,,ok,0.3896
34.3343,675,,,3.772,,,,,,54.2223,r1_measured_03423,read,measured,,,,,15.7065,,ok,0.3352
33.0145,369,,,0.3047,,,,,,37.0599,r1_measured_03424,read,measured,,,,,3.2748,,ok,0.4063
24.2718,680,,,0.6594,,,,,,31.5896,r1_measured_03425,read,measured,,,,,6.2165,,ok,0.3699
22.696,680,,,1.5108,,,,,,41.3654,r1_measured_03426,read,measured,,,,,16.685,,ok,0.3564
620.6967,568,39.5065,57.3414,2.1694,275.6834,1,57.3397,1,128.9328,657.6696,r1_measured_03427,update,measured,71.5914,36.9729,1,31.0873,34.4146,145.4867,ok,0.3235
44.399,681,,,0.6424,,,,,,146.6734,r1_measured_03428,read,measured,,,,,21.8862,,ok,0.3855
51.7811,418,,,0.2489,,,,,,339.2447,r1_measured_03429,read,measured,,,,,2.9251,,ok,0.3295
41.2794,681,,,0.5118,,,,,,102.2641,r1_measured_03430,read,measured,,,,,60.0551,,ok,0.3417
51.2768,419,,,0.2829,,,,,,68.611,r1_measured_03431,read,measured,,,,,16.6287,,ok,0.3633
47.6625,679,,,0.6371,,,,,,423.3415,r1_measured_03432,read,measured,,,,,38.2914,,ok,0.4062
53.536,680,,,0.6325,,,,,,69.9707,r1_measured_03433,read,measured,,,,,15.3656,,ok,0.3608
43.8742,628,,,1.1933,,,,,,82.964,r1_measured_03434,read,measured,,,,,20.3414,,ok,0.3605
42.3769,509,,,0.7832,,,,,,63.9625,r1_measured_03435,read,measured,,,,,20.3656,,ok,0.3725
42.1912,663,,,0.5231,,,,,,93.9765,r1_measured_03436,read,measured,,,,,50.8465,,ok,0.3534
41.0259,680,,,1.0358,,,,,,74.5812,r1_measured_03437,read,measured,,,,,32.0763,,ok,0.3693
32.5945,679,,,0.5938,,,,,,58.1432,r1_measured_03438,read,measured,,,,,24.5452,,ok,0.3433
31.0835,674,,,1.6276,,,,,,73.1759,r1_measured_03439,read,measured,,,,,39.9856,,ok,0.4086
27.7394,680,,,2.1312,,,,,,59.6652,r1_measured_03440,read,measured,,,,,29.2972,,ok,0.406
54.6558,368,,,0.255,,,,,,61.9284,r1_measured_03441,read,measured,,,,,6.578,,ok,0.339
51.7343,679,,,0.6198,,,,,,78.0707,r1_measured_03442,read,measured,,,,,25.2908,,ok,0.3549
47.3794,680,,,1.4762,,,,,,273.7762,r1_measured_03443,read,measured,,,,,6.0713,,ok,0.3413
46.9946,509,,,0.4827,,,,,,79.2111,r1_measured_03444,read,measured,,,,,31.2845,,ok,0.3861
45.6173,681,,,0.5733,,,,,,52.6828,r1_measured_03445,read,measured,,,,,6.0608,,ok,0.3626
28.9669,628,,,0.5665,,,,,,41.3042,r1_measured_03446,read,measured,,,,,11.3202,,ok,0.3755
25.9201,680,,,0.7517,,,,,,37.4584,r1_measured_03447,read,measured,,,,,10.3504,,ok,0.36
23.0722,629,,,1.7405,,,,,,44.4862,r1_measured_03448,read,measured,,,,,19.2263,,ok,0.3637
22.5445,674,,,0.6687,,,,,,38.8,r1_measured_03449,read,measured,,,,,15.1335,,ok,0.3829
16.2895,663,,,0.9015,,,,,,35.6297,r1_measured_03450,read,measured,,,,,17.9363,,ok,0.3711
39.9106,674,,,1.5107,,,,,,50.7647,r1_measured_03451,read,measured,,,,,8.1153,,ok,1.1321
37.3976,679,,,0.6879,,,,,,317.2827,r1_measured_03452,read,measured,,,,,16.217,,ok,0.3455
37.6677,418,,,0.2811,,,,,,39.3829,r1_measured_03453,read,measured,,,,,1.0425,,ok,0.3367
34.5638,628,,,0.6665,,,,,,54.2058,r1_measured_03454,read,measured,,,,,18.4946,,ok,0.4046
32.2324,419,,,0.2887,,,,,,37.5478,r1_measured_03455,read,measured,,,,,4.6408,,ok,0.3364
30.0856,663,,,0.7076,,,,,,46.5671,r1_measured_03456,read,measured,,,,,15.2289,,ok,0.468
22.7629,681,,,0.7218,,,,,,44.9895,r1_measured_03457,read,measured,,,,,21.0005,,ok,0.4297
21.0013,419,,,0.2664,,,,,,25.6722,r1_measured_03458,read,measured,,,,,4.0081,,ok,0.3429
66.3261,509,,,0.901,,,,,,199.3828,r1_measured_03459,read,measured,,,,,131.6325,,ok,0.454
45.5211,679,,,2.6504,,,,,,315.0495,r1_measured_03460,read,measured,,,,,32.5321,,ok,0.3482
60.5016,680,,,0.878,,,,,,167.4956,r1_measured_03461,read,measured,,,,,105.6643,,ok,0.3803
42.6161,627,,,0.7353,,,,,,176.2536,r1_measured_03462,read,measured,,,,,132.5416,,ok,0.2922
40.793,418,,,0.2456,,,,,,161.2985,r1_measured_03463,read,measured,,,,,119.8406,,ok,0.3598
55.0578,509,,,0.7631,,,,,,173.5791,r1_measured_03464,read,measured,,,,,117.393,,ok,0.3011
52.8147,508,,,1.9702,,,,,,166.3625,r1_measured_03465,read,measured,,,,,111.2144,,ok,0.2972
52.2376,680,,,2.0594,,,,,,166.9846,r1_measured_03466,read,measured,,,,,112.2719,,ok,0.347
45.8427,675,,,7.6937,,,,,,360.3253,r1_measured_03467,read,measured,,,,,23.995,,ok,0.3549
42.1536,629,,,0.4307,,,,,,154.3506,r1_measured_03468,read,measured,,,,,111.3776,,ok,0.325
43.2154,629,,,1.2047,,,,,,159.9193,r1_measured_03469,read,measured,,,,,115.1034,,ok,0.3287
40.4279,509,,,2.527,,,,,,178.396,r1_measured_03470,read,measured,,,,,135.0461,,ok,0.3341
159.3205,674,,,0.5937,,,,,,179.8869,r1_measured_03471,read,measured,,,,,19.5185,,ok,0.3852
158.1861,629,,,1.2767,,,,,,182.0378,r1_measured_03472,read,measured,,,,,22.1535,,ok,0.3474
156.1304,508,,,1.2331,,,,,,174.2482,r1_measured_03473,read,measured,,,,,16.4888,,ok,0.3332
151.3967,681,,,1.3087,,,,,,168.0642,r1_measured_03474,read,measured,,,,,14.9452,,ok,0.3345
151.3509,675,,,1.922,,,,,,157.2602,r1_measured_03475,read,measured,,,,,3.5585,,ok,0.3489
147.864,628,,,0.5251,,,,,,161.6357,r1_measured_03476,read,measured,,,,,12.847,,ok,0.3331
24.5876,680,,,0.5628,,,,,,42.3015,r1_measured_03477,read,measured,,,,,16.6855,,ok,0.3875
21.8632,675,,,4.5526,,,,,,40.5914,r1_measured_03478,read,measured,,,,,13.7686,,ok,0.3372
21.0312,681,,,0.8522,,,,,,44.5452,r1_measured_03479,read,measured,,,,,22.2737,,ok,0.3228
46.605,627,,,1.8625,,,,,,63.1123,r1_measured_03480,read,measured,,,,,14.2508,,ok,0.329
42.4772,629,,,1.6164,,,,,,87.9372,r1_measured_03481,read,measured,,,,,43.4267,,ok,0.3529
40.1453,680,,,1.7398,,,,,,47.9932,r1_measured_03482,read,measured,,,,,5.6256,,ok,0.3808
38.973,674,,,0.4663,,,,,,56.9807,r1_measured_03483,read,measured,,,,,17.1392,,ok,0.3331
38.578,689,,,3.3946,,,,,,68.7068,r1_measured_03484,read,measured,,,,,26.3142,,ok,0.3507
39.0871,681,,,0.7282,,,,,,47.5238,r1_measured_03485,read,measured,,,,,7.3006,,ok,0.3422
37.151,508,,,0.5095,,,,,,47.3633,r1_measured_03486,read,measured,,,,,9.3191,,ok,0.3263
35.0242,663,,,0.5211,,,,,,53.6838,r1_measured_03487,read,measured,,,,,17.727,,ok,0.3483
24.5301,689,,,2.3884,,,,,,29.2221,r1_measured_03488,read,measured,,,,,1.7477,,ok,0.456
22.4755,689,,,0.598,,,,,,59.6812,r1_measured_03489,read,measured,,,,,36.1764,,ok,0.3621
42.494,418,,,0.2667,,,,,,50.7658,r1_measured_03490,read,measured,,,,,7.6188,,ok,0.331
43.9719,568,,,1.2964,,,,,,69.0406,r1_measured_03491,read,measured,,,,,23.3317,,ok,0.3759
41.3071,663,,,0.5511,,,,,,57.6691,r1_measured_03492,read,measured,,,,,15.3724,,ok,0.3535
38.8968,568,,,0.7914,,,,,,63.4722,r1_measured_03493,read,measured,,,,,23.3509,,ok,0.3663
37.5544,680,,,0.927,,,,,,59.3591,r1_measured_03494,read,measured,,,,,20.217,,ok,0.5859
37.5711,689,,,0.5857,,,,,,51.7863,r1_measured_03495,read,measured,,,,,13.2121,,ok,0.3452
35.3127,689,,,0.5939,,,,,,54.3358,r1_measured_03496,read,measured,,,,,18.011,,ok,0.3471
34.7862,509,,,1.6282,,,,,,60.0452,r1_measured_03497,read,measured,,,,,23.1891,,ok,0.3786
35.4137,418,,,0.2882,,,,,,37.6006,r1_measured_03498,read,measured,,,,,1.3702,,ok,0.4382
31.1058,369,,,0.4101,,,,,,39.4729,r1_measured_03499,read,measured,,,,,7.5534,,ok,0.3492
32.1736,681,,,9.059,,,,,,66.4448,r1_measured_03500,read,measured,,,,,24.7563,,ok,0.381
50.9361,627,,,2.3432,,,,,,67.2266,r1_measured_03501,read,measured,,,,,13.5149,,ok,0.359
52.5487,663,,,1.6646,,,,,,85.9695,r1_measured_03502,read,measured,,,,,31.2677,,ok,0.4204
51.4182,681,,,0.5934,,,,,,70.9774,r1_measured_03503,read,measured,,,,,18.5475,,ok,0.3456
47.233,663,,,2.2347,,,,,,82.8959,r1_measured_03504,read,measured,,,,,32.9973,,ok,0.3612
44.6275,566,,,0.4639,,,,,,59.268,r1_measured_03505,read,measured,,,,,13.7321,,ok,0.3777
42.9688,663,,,0.5641,,,,,,55.1993,r1_measured_03506,read,measured,,,,,11.0953,,ok,0.4852
43.4365,629,,,0.5316,,,,,,62.1406,r1_measured_03507,read,measured,,,,,17.7483,,ok,0.3505
40.6767,628,,,2.7013,,,,,,72.4052,r1_measured_03508,read,measured,,,,,28.5372,,ok,0.4123
39.4598,680,,,0.5142,,,,,,57.4182,r1_measured_03509,read,measured,,,,,17.0352,,ok,0.3359
1007.0869,663,36.8836,30.3544,0.4598,683.7687,1,30.3524,1,137.9907,1013.4138,r1_measured_03510,update,measured,107.6363,6.3269,1,48.3063,5.465,100.1376,ok,0.3393
26.7889,629,,,1.3155,,,,,,44.4,r1_measured_03511,read,measured,,,,,15.8713,,ok,0.3542
988.6792,675,21.5513,27.8468,2.0425,714.2602,1,27.845,1,130.2886,1032.549,r1_measured_03512,update,measured,102.4418,43.8698,1,36.0248,41.3253,86.5543,ok,0.429
26.0644,568,,,1.7009,,,,,,234.4655,r1_measured_03513,read,measured,,,,,11.5305,,ok,0.4648
54.4839,663,,,0.6621,,,,,,79.1904,r1_measured_03514,read,measured,,,,,23.5926,,ok,0.3654
47.3347,681,,,3.3684,,,,,,71.9414,r1_measured_03515,read,measured,,,,,20.7639,,ok,0.394
48.8621,689,,,0.9409,,,,,,64.4649,r1_measured_03516,read,measured,,,,,14.211,,ok,0.384
43.861,663,,,2.7285,,,,,,69.1009,r1_measured_03517,read,measured,,,,,22.0364,,ok,0.3963
43.2228,419,,,0.2976,,,,,,51.0408,r1_measured_03518,read,measured,,,,,7.1091,,ok,0.3583
41.445,675,,,1.6778,,,,,,60.4425,r1_measured_03519,read,measured,,,,,16.895,,ok,0.3534
39.4968,508,,,1.6507,,,,,,61.8967,r1_measured_03520,read,measured,,,,,20.2973,,ok,0.3893
37.814,369,,,0.3236,,,,,,52.8024,r1_measured_03521,read,measured,,,,,14.2714,,ok,0.3403
39.6254,675,,,4.1278,,,,,,63.5942,r1_measured_03522,read,measured,,,,,19.3136,,ok,0.4484
974.9703,675,25.9521,30.7021,1.4065,669.8,1,30.7003,1,171.7348,1006.3949,r1_measured_03523,update,measured,141.0327,31.4246,1,57.8076,29.5286,49.6758,ok,0.419
25.9431,663,,,1.4199,,,,,,34.6213,r1_measured_03524,read,measured,,,,,6.7642,,ok,0.409
58.6663,369,,,0.3257,,,,,,66.7121,r1_measured_03525,read,measured,,,,,7.2682,,ok,0.3925
56.7539,568,,,1.9554,,,,,,71.957,r1_measured_03526,read,measured,,,,,12.8288,,ok,0.3522
52.3135,688,,,2.0517,,,,,,72.2441,r1_measured_03527,read,measured,,,,,17.4403,,ok,0.3635
51.6543,675,,,0.6992,,,,,,65.9026,r1_measured_03528,read,measured,,,,,13.0946,,ok,0.3821
48.1198,688,,,0.6366,,,,,,57.3467,r1_measured_03529,read,measured,,,,,8.0983,,ok,0.4012
48.6361,627,,,3.6384,,,,,,76.3911,r1_measured_03530,read,measured,,,,,23.6152,,ok,0.4225
47.313,663,,,2.3594,,,,,,72.6719,r1_measured_03531,read,measured,,,,,22.4657,,ok,0.4341
45.4516,629,,,0.5581,,,,,,87.3362,r1_measured_03532,read,measured,,,,,40.8846,,ok,0.3756
37.7554,680,,,2.2188,,,,,,76.4172,r1_measured_03533,read,measured,,,,,36.0137,,ok,0.3577
31.3948,509,,,2.3022,,,,,,59.6962,r1_measured_03534,read,measured,,,,,25.555,,ok,0.3704
30.9571,680,,,1.5394,,,,,,53.7906,r1_measured_03535,read,measured,,,,,20.8276,,ok,0.387
28.7284,674,,,1.9257,,,,,,54.931,r1_measured_03536,read,measured,,,,,23.8256,,ok,0.3788
29.579,680,,,1.0606,,,,,,44.4771,r1_measured_03537,read,measured,,,,,13.3825,,ok,0.3828
28.8592,681,,,4.866,,,,,,61.7013,r1_measured_03538,read,measured,,,,,27.4725,,ok,0.4278
28.215,568,,,0.8178,,,,,,37.0771,r1_measured_03539,read,measured,,,,,7.5969,,ok,0.3804
25.8272,689,,,1.8095,,,,,,44.6697,r1_measured_03540,read,measured,,,,,16.5757,,ok,0.3856
59.4999,629,,,0.8556,,,,,,69.4689,r1_measured_03541,read,measured,,,,,8.6701,,ok,0.3789
54.3923,568,,,0.8843,,,,,,78.7248,r1_measured_03542,read,measured,,,,,22.9588,,ok,0.4123
53.2393,680,,,1.4058,,,,,,76.161,r1_measured_03543,read,measured,,,,,20.91,,ok,0.5178
53.27,663,,,0.5263,,,,,,60.4369,r1_measured_03544,read,measured,,,,,6.1697,,ok,0.3992
51.6132,567,,,0.5727,,,,,,71.3459,r1_measured_03545,read,measured,,,,,18.6014,,ok,0.4835
50.8531,629,,,0.5823,,,,,,65.3443,r1_measured_03546,read,measured,,,,,13.3849,,ok,0.4522
50.1102,568,,,0.5142,,,,,,62.8713,r1_measured_03547,read,measured,,,,,11.8333,,ok,0.3484
44.5259,680,,,1.3759,,,,,,64.7895,r1_measured_03548,read,measured,,,,,18.4135,,ok,0.3971
28.5011,675,,,0.9381,,,,,,47.1864,r1_measured_03549,read,measured,,,,,17.293,,ok,0.3806
1038.7529,681,30.0035,95.5296,1.6959,640.1782,1,95.528,1,257.0713,1051.8799,r1_measured_03550,update,measured,161.5417,13.127,1,48.4147,10.9002,63.0852,ok,0.4414
58.4662,681,,,9.6111,,,,,,116.6497,r1_measured_03551,read,measured,,,,,48.0712,,ok,0.4015
56.0798,508,,,1.348,,,,,,138.8345,r1_measured_03552,read,measured,,,,,80.9833,,ok,0.3545
53.9838,509,,,1.2458,,,,,,140.9361,r1_measured_03553,read,measured,,,,,85.3099,,ok,0.331
69.7346,679,,,0.6178,,,,,,113.4049,r1_measured_03554,read,measured,,,,,42.5804,,ok,0.3769
67.719,680,,,0.6078,,,,,,125.8255,r1_measured_03555,read,measured,,,,,56.9894,,ok,0.4265
975.4045,687,15.8509,85.8359,0.7433,681.9119,0,85.8341,1,230.1452,997.7177,r1_measured_03556,update,measured,144.3093,22.3132,1,0.006,21.1298,47.4905,ok,0.3688
66.0849,689,,,3.0958,,,,,,125.2038,r1_measured_03557,read,measured,,,,,55.4863,,ok,0.464
62.7085,509,,,0.9978,,,,,,155.8917,r1_measured_03558,read,measured,,,,,91.7609,,ok,0.3541
80.9183,674,,,1.4489,,,,,,122.0779,r1_measured_03559,read,measured,,,,,39.2596,,ok,0.3705
44.175,567,,,2.9743,,,,,,122.2788,r1_measured_03560,read,measured,,,,,74.6889,,ok,0.3662
43.4387,674,,,0.6547,,,,,,122.9014,r1_measured_03561,read,measured,,,,,78.3726,,ok,0.3561
53.6547,509,,,0.5485,,,,,,99.4201,r1_measured_03562,read,measured,,,,,44.756,,ok,0.3869
68.8055,674,,,4.8944,,,,,,126.3198,r1_measured_03563,read,measured,,,,,52.1013,,ok,0.4308
66.4814,689,,,2.7381,,,,,,115.4079,r1_measured_03564,read,measured,,,,,45.7643,,ok,0.3514
65.7239,680,,,2.6521,,,,,,114.2873,r1_measured_03565,read,measured,,,,,45.4904,,ok,0.3477
43.0976,689,,,1.584,,,,,,97.0909,r1_measured_03566,read,measured,,,,,51.9068,,ok,0.4228
78.1966,674,,,0.6965,,,,,,144.6431,r1_measured_03567,read,measured,,,,,65.2906,,ok,0.341
57.357,418,,,0.3056,,,,,,69.3672,r1_measured_03568,read,measured,,,,,11.2596,,ok,0.3799
65.0747,627,,,2.9812,,,,,,141.9329,r1_measured_03569,read,measured,,,,,73.4472,,ok,0.3431
63.2467,663,,,2.3562,,,,,,102.0949,r1_measured_03570,read,measured,,,,,36.0657,,ok,0.3578
108.944,663,,,1.7861,,,,,,155.2443,r1_measured_03571,read,measured,,,,,44.0831,,ok,0.3524
125.8766,509,,,2.7642,,,,,,141.8738,r1_measured_03572,read,measured,,,,,12.5971,,ok,0.5454
121.3204,369,,,0.2435,,,,,,131.1642,r1_measured_03573,read,measured,,,,,9.1992,,ok,0.3261
120.6237,568,,,1.792,,,,,,141.1534,r1_measured_03574,read,measured,,,,,18.3656,,ok,0.3121
117.8485,629,,,0.9916,,,,,,151.9159,r1_measured_03575,read,measured,,,,,32.6477,,ok,0.3591
45.7312,679,,,6.6403,,,,,,84.0586,r1_measured_03576,read,measured,,,,,31.2839,,ok,0.323
50.1696,662,,,2.9942,,,,,,70.6689,r1_measured_03577,read,measured,,,,,17.0852,,ok,0.3493
48.8988,567,,,3.1505,,,,,,77.3661,r1_measured_03578,read,measured,,,,,24.8573,,ok,0.3889
87.0584,681,,,2.225,,,,,,103.0281,r1_measured_03579,read,measured,,,,,13.3363,,ok,0.3414
79.8869,680,,,0.6157,,,,,,150.3647,r1_measured_03580,read,measured,,,,,69.4101,,ok,0.3773
81.6446,418,,,2.0528,,,,,,92.6248,r1_measured_03581,read,measured,,,,,8.5535,,ok,0.3227
80.3908,689,,,0.5929,,,,,,98.5484,r1_measured_03582,read,measured,,,,,17.1342,,ok,0.3416
74.5014,509,,,3.4118,,,,,,103.7502,r1_measured_03583,read,measured,,,,,25.3831,,ok,0.3852
73.7485,628,,,4.476,,,,,,134.1382,r1_measured_03584,read,measured,,,,,55.4075,,ok,0.4262
73.0176,681,,,1.5414,,,,,,136.6284,r1_measured_03585,read,measured,,,,,61.6314,,ok,0.3669
71.6561,675,,,0.8787,,,,,,97.1862,r1_measured_03586,read,measured,,,,,24.2541,,ok,0.3312
731.6993,369,95.2407,71.5172,0.2294,394.7493,0,71.5153,1,198.7645,738.2422,r1_measured_03587,update,measured,127.2473,6.5429,1,0.0053,5.8388,42.9395,ok,0.418
68.3686,675,,,0.4929,,,,,,748.4504,r1_measured_03588,read,measured,,,,,17.1701,,ok,0.3213
67.3007,663,,,7.5794,,,,,,125.9557,r1_measured_03589,read,measured,,,,,50.5757,,ok,0.4243
66.3281,663,,,0.4547,,,,,,82.4341,r1_measured_03590,read,measured,,,,,15.2468,,ok,0.3427
65.8072,680,,,0.7847,,,,,,71.0055,r1_measured_03591,read,measured,,,,,3.9775,,ok,0.3622
61.8403,629,,,2.6186,,,,,,115.0207,r1_measured_03592,read,measured,,,,,50.1199,,ok,0.3735
42.6038,687,,,0.5358,,,,,,59.9087,r1_measured_03593,read,measured,,,,,16.369,,ok,0.3363
35.2115,689,,,2.3513,,,,,,57.2356,r1_measured_03594,read,measured,,,,,18.4756,,ok,1.1274
31.8484,419,,,0.3408,,,,,,42.3805,r1_measured_03595,read,measured,,,,,9.749,,ok,0.3841
31.1928,678,,,0.6602,,,,,,107.9274,r1_measured_03596,read,measured,,,,,75.6101,,ok,0.3872
38.0439,674,,,1.1574,,,,,,87.3454,r1_measured_03597,read,measured,,,,,47.6572,,ok,0.4045
36.5361,679,,,0.7261,,,,,,77.2068,r1_measured_03598,read,measured,,,,,39.4943,,ok,0.3764
31.7117,627,,,0.6764,,,,,,89.3216,r1_measured_03599,read,measured,,,,,56.4738,,ok,0.3815
1115.9383,673,77.8167,66.4796,3.066,678.0835,1,66.4779,1,201.2953,1145.2997,r1_measured_03600,update,measured,134.8157,29.3614,1,102.3046,25.7024,56.4382,ok,0.511
64.8035,681,,,1.5976,,,,,,95.9027,r1_measured_03601,read,measured,,,,,29.0326,,ok,0.381
57.8023,680,,,0.6648,,,,,,85.5568,r1_measured_03602,read,measured,,,,,26.5751,,ok,0.4123
62.803,627,,,0.5365,,,,,,92.6214,r1_measured_03603,read,measured,,,,,28.8245,,ok,0.3868
55.0016,418,,,0.2875,,,,,,74.6664,r1_measured_03604,read,measured,,,,,18.9688,,ok,0.352
60.4723,419,,,0.2893,,,,,,74.6921,r1_measured_03605,read,measured,,,,,13.5014,,ok,0.3706
44.9783,673,,,0.9493,,,,,,68.5848,r1_measured_03606,read,measured,,,,,22.1721,,ok,0.3898
77.0101,417,,,0.3219,,,,,,105.3038,r1_measured_03607,read,measured,,,,,27.5264,,ok,0.3833
75.952,368,,,0.2549,,,,,,107.151,r1_measured_03608,read,measured,,,,,30.518,,ok,0.3643
1084.5486,675,69.1981,78.4257,1.9516,692.5421,1,78.4239,1,200.1951,1099.85,r1_measured_03609,update,measured,121.7694,15.3014,1,60.6824,12.8939,61.9309,ok,0.3814
72.4268,629,,,0.7132,,,,,,128.4257,r1_measured_03610,read,measured,,,,,54.8505,,ok,0.361
70.8209,675,,,1.8601,,,,,,142.2174,r1_measured_03611,read,measured,,,,,69.1209,,ok,0.3464
68.0981,680,,,2.0284,,,,,,131.7697,r1_measured_03612,read,measured,,,,,61.2273,,ok,0.3406
66.3677,567,,,0.4406,,,,,,123.4383,r1_measured_03613,read,measured,,,,,56.2143,,ok,0.3517
66.5194,688,,,0.8445,,,,,,133.7975,r1_measured_03614,read,measured,,,,,65.9948,,ok,0.3666
63.7749,678,,,1.5116,,,,,,133.1654,r1_measured_03615,read,measured,,,,,67.4809,,ok,0.3292
35.777,628,,,1.7677,,,,,,118.7091,r1_measured_03616,read,measured,,,,,80.671,,ok,0.4279
36.7044,369,,,1.7698,,,,,,65.4664,r1_measured_03617,read,measured,,,,,26.4716,,ok,0.4628
31.5203,568,,,1.4741,,,,,,95.3476,r1_measured_03618,read,measured,,,,,61.9396,,ok,0.3417
1038.5477,680,33.2452,30.107,1.2043,728.5135,0,30.1054,1,155.6636,1088.5228,r1_measured_03619,update,measured,125.5566,49.9751,1,33.2311,48.3471,87.8943,ok,0.3467
28.2985,662,,,4.0743,,,,,,85.5056,r1_measured_03620,read,measured,,,,,52.7265,,ok,0.3393
27.5251,680,,,15.744,,,,,,79.2392,r1_measured_03621,read,measured,,,,,35.3591,,ok,0.4974
28.4051,680,,,1.0139,,,,,,61.0632,r1_measured_03622,read,measured,,,,,31.1846,,ok,0.3788
25.7453,625,,,1.2038,,,,,,84.4299,r1_measured_03623,read,measured,,,,,57.0771,,ok,0.3368
41.242,663,,,0.8608,,,,,,96.2713,r1_measured_03624,read,measured,,,,,53.7457,,ok,0.346
21.6182,629,,,1.9797,,,,,,82.206,r1_measured_03625,read,measured,,,,,58.181,,ok,0.3555
19.8816,674,,,0.6687,,,,,,98.5355,r1_measured_03626,read,measured,,,,,77.5468,,ok,0.3678
54.1758,688,,,1.2547,,,,,,91.8856,r1_measured_03627,read,measured,,,,,36.0162,,ok,0.3635
63.0391,509,,,0.9397,,,,,,89.8656,r1_measured_03628,read,measured,,,,,25.469,,ok,0.3548
59.6516,568,,,0.6677,,,,,,89.6856,r1_measured_03629,read,measured,,,,,28.9606,,ok,0.3417
57.5399,674,,,2.5944,,,,,,91.7786,r1_measured_03630,read,measured,,,,,31.1672,,ok,0.3968
21.529,568,,,1.0001,,,,,,40.5209,r1_measured_03631,read,measured,,,,,17.5956,,ok,0.3316
61.486,568,,,1.482,,,,,,86.0037,r1_measured_03632,read,measured,,,,,22.5997,,ok,0.3691
58.443,679,,,1.8885,,,,,,77.6169,r1_measured_03633,read,measured,,,,,16.8363,,ok,0.3774
56.6052,567,,,1.6098,,,,,,69.5343,r1_measured_03634,read,measured,,,,,10.6468,,ok,0.605
38.0829,681,,,1.4498,,,,,,59.9837,r1_measured_03635,read,measured,,,,,20.0036,,ok,0.3628
1120.501,688,113.8396,35.2557,6.1452,504.893,1,35.2539,1,202.6105,1154.1068,r1_measured_03636,update,measured,167.3548,33.6058,1,167.5251,27.0726,131.6328,ok,0.3268
33.608,629,,,1.4878,,,,,,41.9296,r1_measured_03637,read,measured,,,,,6.3866,,ok,0.3819
34.0104,680,,,0.8607,,,,,,57.1839,r1_measured_03638,read,measured,,,,,21.85,,ok,0.3854
32.4658,681,,,0.5309,,,,,,42.4124,r1_measured_03639,read,measured,,,,,8.9712,,ok,0.3789
31.9656,689,,,1.1782,,,,,,46.0962,r1_measured_03640,read,measured,,,,,12.4549,,ok,0.424
29.4938,680,,,1.0328,,,,,,48.4105,r1_measured_03641,read,measured,,,,,17.4508,,ok,0.3646
26.6483,369,,,0.2892,,,,,,32.0038,r1_measured_03642,read,measured,,,,,4.6743,,ok,0.3403
741.9561,419,60.9954,23.7437,0.3593,271.9464,1,23.7418,1,189.4467,763.7197,r1_measured_03643,update,measured,165.703,21.7636,1,183.6102,20.9009,35.9574,ok,0.4395
23.6272,663,,,2.3578,,,,,,34.475,r1_measured_03644,read,measured,,,,,8.068,,ok,0.3566
20.5144,418,,,0.2552,,,,,,29.4641,r1_measured_03645,read,measured,,,,,8.3018,,ok,0.3406
21.6148,418,,,0.2761,,,,,,26.1547,r1_measured_03646,read,measured,,,,,3.8569,,ok,0.3502
52.8283,509,,,59.7728,,,,,,139.9614,r1_measured_03647,read,measured,,,,,26.8791,,ok,0.4004
46.7228,567,,,0.5463,,,,,,65.7628,r1_measured_03648,read,measured,,,,,18.0169,,ok,0.4051
46.1415,680,,,1.0218,,,,,,71.4117,r1_measured_03649,read,measured,,,,,23.4249,,ok,0.7097
44.856,674,,,0.7145,,,,,,57.8671,r1_measured_03650,read,measured,,,,,11.84,,ok,0.3833
969.5915,629,36.3566,44.4526,2.1421,447.8003,1,44.4509,1,359.6263,1005.929,r1_measured_03651,update,measured,315.1737,36.3375,1,56.0397,33.7215,69.7686,ok,0.3995
43.2574,681,,,2.0639,,,,,,60.5834,r1_measured_03652,read,measured,,,,,14.8038,,ok,0.3904
42.1666,629,,,0.8874,,,,,,47.9989,r1_measured_03653,read,measured,,,,,4.4638,,ok,0.4029
27.8558,681,,,1.257,,,,,,48.8835,r1_measured_03654,read,measured,,,,,18.9701,,ok,0.6964
25.6529,509,,,1.5883,,,,,,53.336,r1_measured_03655,read,measured,,,,,25.54,,ok,0.4772
1073.2368,689,148.4682,24.6104,3.4946,460.2798,1,24.6086,1,341.3578,1095.154,r1_measured_03656,update,measured,316.7474,21.9172,1,78.2162,18.0386,44.9148,ok,0.3145
1111.0155,681,131.2628,23.1114,1.8106,514.4979,1,23.1098,1,324.8914,1126.8311,r1_measured_03657,update,measured,301.78,15.8156,1,55.5226,13.5083,84.8408,ok,0.4216
21.4169,629,,,1.8149,,,,,,50.1142,r1_measured_03658,read,measured,,,,,26.3076,,ok,0.4924
20.5179,681,,,2.2336,,,,,,33.0256,r1_measured_03659,read,measured,,,,,9.8371,,ok,0.3669
19.3998,629,,,0.7029,,,,,,34.0239,r1_measured_03660,read,measured,,,,,12.9384,,ok,0.8977
50.367,673,,,0.9238,,,,,,138.5313,r1_measured_03661,read,measured,,,,,86.8391,,ok,0.3267
76.2719,568,,,0.7709,,,,,,129.3157,r1_measured_03662,read,measured,,,,,51.8313,,ok,0.3685
66.2664,681,,,0.8457,,,,,,136.7927,r1_measured_03663,read,measured,,,,,69.2452,,ok,0.3589
72.0728,627,,,2.311,,,,,,130.2313,r1_measured_03664,read,measured,,,,,55.4347,,ok,0.3352
62.1545,675,,,2.1462,,,,,,128.6965,r1_measured_03665,read,measured,,,,,63.945,,ok,0.3718
62.4908,509,,,0.9033,,,,,,118.6335,r1_measured_03666,read,measured,,,,,54.8217,,ok,0.3533
47.0896,628,,,1.0895,,,,,,110.9224,r1_measured_03667,read,measured,,,,,62.2586,,ok,0.4111
121.3807,663,,,5.8821,,,,,,328.2516,r1_measured_03668,read,measured,,,,,200.5149,,ok,0.4005
121.0797,687,,,0.5677,,,,,,543.4852,r1_measured_03669,read,measured,,,,,10.96,,ok,0.3879
116.2979,509,,,2.1672,,,,,,336.8905,r1_measured_03670,read,measured,,,,,218.0398,,ok,0.3251
114.4143,662,,,6.5111,,,,,,323.9489,r1_measured_03671,read,measured,,,,,202.6258,,ok,0.3297
113.6604,675,,,2.9115,,,,,,329.2816,r1_measured_03672,read,measured,,,,,212.2588,,ok,0.3774
111.3074,663,,,0.5416,,,,,,119.9012,r1_measured_03673,read,measured,,,,,7.6334,,ok,0.3545
108.3236,681,,,11.4162,,,,,,303.5636,r1_measured_03674,read,measured,,,,,183.2693,,ok,0.4609
107.1433,625,,,155.1475,,,,,,273.1897,r1_measured_03675,read,measured,,,,,10.459,,ok,0.3518
106.0053,674,,,0.5292,,,,,,115.1245,r1_measured_03676,read,measured,,,,,8.1009,,ok,0.417
43.434,418,,,0.3441,,,,,,46.877,r1_measured_03677,read,measured,,,,,2.6901,,ok,0.3558
24.2107,567,,,1.0667,,,,,,35.2384,r1_measured_03678,read,measured,,,,,9.4051,,ok,0.483
20.8649,629,,,16.2631,,,,,,296.7878,r1_measured_03679,read,measured,,,,,259.1651,,ok,0.422
182.6657,509,,,0.3817,,,,,,233.1514,r1_measured_03680,read,measured,,,,,49.7049,,ok,0.3322
179.741,663,,,5.7018,,,,,,237.2711,r1_measured_03681,read,measured,,,,,51.3933,,ok,0.3651
195.9234,418,,,0.2996,,,,,,213.5905,r1_measured_03682,read,measured,,,,,16.9465,,ok,0.3651
176.6002,625,,,0.9273,,,,,,315.7896,r1_measured_03683,read,measured,,,,,137.8459,,ok,0.3479
176.6018,663,,,0.5626,,,,,,336.8068,r1_measured_03684,read,measured,,,,,23.3183,,ok,0.3354
162.8139,629,,,2.184,,,,,,276.5623,r1_measured_03685,read,measured,,,,,110.8857,,ok,0.5775
215.2453,509,,,2.1592,,,,,,289.9849,r1_measured_03686,read,measured,,,,,72.0442,,ok,0.4658
212.8363,681,,,1.4445,,,,,,463.3838,r1_measured_03687,read,measured,,,,,22.3249,,ok,0.3728
240.4292,681,,,3.8484,,,,,,457.9151,r1_measured_03688,read,measured,,,,,11.2551,,ok,0.3926
71.2742,368,,,0.2787,,,,,,122.6642,r1_measured_03689,read,measured,,,,,50.6554,,ok,0.386
65.9217,509,,,0.4545,,,,,,116.0254,r1_measured_03690,read,measured,,,,,49.2673,,ok,0.3247
59.1667,674,,,1.4538,,,,,,118.3404,r1_measured_03691,read,measured,,,,,57.312,,ok,0.3308
45.7815,663,,,0.5867,,,,,,100.7272,r1_measured_03692,read,measured,,,,,53.9326,,ok,0.3567
108.7234,688,,,0.6023,,,,,,123.1927,r1_measured_03693,read,measured,,,,,13.4584,,ok,0.3403
99.8983,680,,,1.8473,,,,,,132.8213,r1_measured_03694,read,measured,,,,,30.6133,,ok,0.393
96.5885,629,,,0.7048,,,,,,131.3529,r1_measured_03695,read,measured,,,,,33.5733,,ok,0.4164
98.1441,418,,,0.2683,,,,,,100.9299,r1_measured_03696,read,measured,,,,,2.1348,,ok,0.3263
92.5407,509,,,0.3624,,,,,,112.0285,r1_measured_03697,read,measured,,,,,18.7483,,ok,0.3219
37.8325,418,,,0.256,,,,,,44.8475,r1_measured_03698,read,measured,,,,,6.3794,,ok,0.328
36.0415,568,,,0.4962,,,,,,46.4854,r1_measured_03699,read,measured,,,,,9.457,,ok,0.402
26.1745,568,,,0.4474,,,,,,54.6885,r1_measured_03700,read,measured,,,,,27.6516,,ok,0.3506
18.4198,687,,,0.5655,,,,,,128.4604,r1_measured_03701,read,measured,,,,,13.6958,,ok,0.377
19.6416,419,,,0.2919,,,,,,24.6725,r1_measured_03702,read,measured,,,,,4.3088,,ok,0.366
31.1094,629,,,0.6218,,,,,,45.9913,r1_measured_03703,read,measured,,,,,13.7409,,ok,0.4493
28.8496,679,,,2.2764,,,,,,58.6876,r1_measured_03704,read,measured,,,,,27.1506,,ok,0.3459
20.8883,675,,,0.5873,,,,,,32.6717,r1_measured_03705,read,measured,,,,,10.7415,,ok,0.3839
19.2826,688,,,0.6741,,,,,,505.6839,r1_measured_03706,read,measured,,,,,18.4565,,ok,0.3589
19.2321,689,,,4.2201,,,,,,43.4857,r1_measured_03707,read,measured,,,,,19.6161,,ok,0.3511
16.9343,419,,,0.2538,,,,,,19.5963,r1_measured_03708,read,measured,,,,,2.0416,,ok,0.3188
31.4228,680,,,0.5804,,,,,,47.21,r1_measured_03709,read,measured,,,,,14.7912,,ok,0.3425
31.21,687,,,0.5388,,,,,,52.9178,r1_measured_03710,read,measured,,,,,20.752,,ok,0.3466
29.8655,369,,,0.3043,,,,,,33.8385,r1_measured_03711,read,measured,,,,,3.1954,,ok,0.4088
27.5385,628,,,1.774,,,,,,52.5192,r1_measured_03712,read,measured,,,,,22.5626,,ok,0.5685
24.7779,680,,,0.6226,,,,,,42.1096,r1_measured_03713,read,measured,,,,,16.2908,,ok,0.3468
23.3767,629,,,2.7886,,,,,,47.3546,r1_measured_03714,read,measured,,,,,20.7794,,ok,0.3441
16.2515,679,,,3.2861,,,,,,28.2109,r1_measured_03715,read,measured,,,,,8.2588,,ok,0.3498
19.2622,568,,,1.6556,,,,,,40.284,r1_measured_03716,read,measured,,,,,18.967,,ok,0.3377
32.1387,681,,,0.5286,,,,,,52.9909,r1_measured_03717,read,measured,,,,,19.8886,,ok,0.3639
30.1791,689,,,2.854,,,,,,49.6667,r1_measured_03718,read,measured,,,,,16.0991,,ok,0.4544
28.3795,568,,,5.6564,,,,,,58.119,r1_measured_03719,read,measured,,,,,23.6577,,ok,0.3618
26.9995,680,,,2.0133,,,,,,44.4337,r1_measured_03720,read,measured,,,,,14.6566,,ok,0.6874
24.2697,418,,,0.2523,,,,,,32.1665,r1_measured_03721,read,measured,,,,,7.2586,,ok,0.3351
30.6904,625,,,2.7426,,,,,,44.8447,r1_measured_03722,read,measured,,,,,10.9754,,ok,0.3619
27.1201,681,,,0.5856,,,,,,462.7768,r1_measured_03723,read,measured,,,,,3.837,,ok,0.3848
24.1244,663,,,1.4074,,,,,,51.2771,r1_measured_03724,read,measured,,,,,25.2779,,ok,0.3932
795.4274,674,64.535,22.8801,15.6266,555.1782,1,22.8784,1,113.4861,844.9477,r1_measured_03725,update,measured,90.606,49.5203,1,24.4363,33.3126,37.7918,ok,0.4911
20.8114,509,,,2.5929,,,,,,39.2211,r1_measured_03726,read,measured,,,,,15.4109,,ok,0.3421
19.9405,681,,,3.3177,,,,,,32.9391,r1_measured_03727,read,measured,,,,,9.239,,ok,0.3635
20.2667,680,,,0.6891,,,,,,47.8239,r1_measured_03728,read,measured,,,,,26.3266,,ok,0.4571
34.9516,681,,,3.1276,,,,,,62.4042,r1_measured_03729,read,measured,,,,,23.842,,ok,0.4055
24.5359,681,,,0.8831,,,,,,61.9439,r1_measured_03730,read,measured,,,,,36.0929,,ok,0.3596
26.1811,675,,,5.4083,,,,,,52.7783,r1_measured_03731,read,measured,,,,,20.7389,,ok,0.3767
22.1937,688,,,1.761,,,,,,60.4211,r1_measured_03732,read,measured,,,,,36.0218,,ok,0.373
23.9132,680,,,0.6546,,,,,,51.9908,r1_measured_03733,read,measured,,,,,26.9937,,ok,0.3559
19.8908,675,,,2.724,,,,,,45.758,r1_measured_03734,read,measured,,,,,22.7137,,ok,0.3582
20.1808,663,,,0.7386,,,,,,45.4462,r1_measured_03735,read,measured,,,,,24.052,,ok,0.3754
883.7138,681,97.9673,20.8253,1.1318,487.8823,1,20.8236,1,125.6004,928.0416,r1_measured_03736,update,measured,104.7751,44.3278,1,100.891,42.4882,71.3728,ok,0.63
16.7638,680,,,0.7028,,,,,,33.9553,r1_measured_03737,read,measured,,,,,16.0485,,ok,0.3637
721.8716,568,36.5316,11.6952,1.8149,425.6395,1,11.6936,1,101.7152,735.5177,r1_measured_03738,update,measured,90.02,13.6461,1,47.7755,11.3916,110.2098,ok,0.3723
9.0211,627,,,1.5592,,,,,,37.8516,r1_measured_03739,read,measured,,,,,26.8267,,ok,0.3714
18.8756,663,,,0.5913,,,,,,38.6213,r1_measured_03740,read,measured,,,,,18.7074,,ok,0.3762
17.8739,419,,,0.306,,,,,,20.9491,r1_measured_03741,read,measured,,,,,2.2754,,ok,0.4243
33.7406,369,,,0.2833,,,,,,40.8681,r1_measured_03742,read,measured,,,,,6.3908,,ok,0.3931
32.0368,689,,,1.0269,,,,,,43.8666,r1_measured_03743,read,measured,,,,,10.3368,,ok,0.3901
30.546,628,,,0.6148,,,,,,63.2351,r1_measured_03744,read,measured,,,,,31.57,,ok,0.435
27.5885,689,,,0.9165,,,,,,392.2283,r1_measured_03745,read,measured,,,,,49.6514,,ok,0.41
23.266,625,,,0.9319,,,,,,37.4132,r1_measured_03746,read,measured,,,,,11.8355,,ok,1.3102
22.7814,663,,,0.5775,,,,,,38.0063,r1_measured_03747,read,measured,,,,,14.1873,,ok,0.3913
20.8873,369,,,0.5795,,,,,,24.8925,r1_measured_03748,read,measured,,,,,2.6848,,ok,0.6093
688.9682,509,39.2249,19.5092,1.5799,391.9279,1,19.5072,1,117.9122,718.3302,r1_measured_03749,update,measured,98.403,29.362,1,61.7113,27.2907,78.1919,ok,0.4195
17.9219,689,,,1.0263,,,,,,36.0522,r1_measured_03750,read,measured,,,,,16.6344,,ok,0.3947
759.3537,675,20.0402,16.8764,0.5311,484.676,1,16.8745,1,115.2999,814.0909,r1_measured_03751,update,measured,98.4235,54.7372,1,46.3736,53.7727,92.964,ok,0.3603
40.6851,627,,,2.1027,,,,,,57.7951,r1_measured_03752,read,measured,,,,,14.5635,,ok,0.3731
35.155,509,,,2.6757,,,,,,51.0109,r1_measured_03753,read,measured,,,,,12.7167,,ok,0.3979
34.081,568,,,0.8495,,,,,,45.5384,r1_measured_03754,read,measured,,,,,10.1419,,ok,0.3941
36.6918,689,,,0.5734,,,,,,52.6518,r1_measured_03755,read,measured,,,,,14.8772,,ok,0.4348
32.144,680,,,0.699,,,,,,54.201,r1_measured_03756,read,measured,,,,,20.9158,,ok,0.3699
29.586,418,,,0.2742,,,,,,35.1998,r1_measured_03757,read,measured,,,,,4.9228,,ok,0.3599
21.7761,681,,,0.8254,,,,,,37.5958,r1_measured_03758,read,measured,,,,,14.5348,,ok,0.3832
19.4778,369,,,0.2538,,,,,,21.3007,r1_measured_03759,read,measured,,,,,1.1463,,ok,0.3718
56.375,689,,,4.1338,,,,,,85.7244,r1_measured_03760,read,measured,,,,,24.7936,,ok,0.3519
37.9365,689,,,1.7637,,,,,,76.3463,r1_measured_03761,read,measured,,,,,36.2393,,ok,0.3377
53.345,628,,,0.789,,,,,,71.4487,r1_measured_03762,read,measured,,,,,16.9104,,ok,0.3363
51.6613,681,,,0.7239,,,,,,67.7983,r1_measured_03763,read,measured,,,,,15.0126,,ok,0.33
50.9793,675,,,0.7249,,,,,,63.3948,r1_measured_03764,read,measured,,,,,11.2739,,ok,0.3449
32.7202,368,,,0.3025,,,,,,51.2834,r1_measured_03765,read,measured,,,,,17.846,,ok,0.3509
40.2511,680,,,0.8249,,,,,,61.5307,r1_measured_03766,read,measured,,,,,20.0615,,ok,0.3296
39.3696,629,,,1.5405,,,,,,61.4203,r1_measured_03767,read,measured,,,,,20.0892,,ok,0.3371
35.7056,674,,,4.5081,,,,,,65.4376,r1_measured_03768,read,measured,,,,,24.7912,,ok,0.3642
64.1139,418,,,0.3876,,,,,,92.3821,r1_measured_03769,read,measured,,,,,27.369,,ok,0.4472
722.9614,568,61.7543,59.2501,1.0423,414.8185,0,59.2479,1,209.4565,754.5651,r1_measured_03770,update,measured,150.2064,31.6037,1,0.0059,30.0233,36.9262,ok,0.4705
58.3562,627,,,0.6905,,,,,,99.2265,r1_measured_03771,read,measured,,,,,39.7091,,ok,0.3952
56.6882,679,,,1.8928,,,,,,185.253,r1_measured_03772,read,measured,,,,,126.2708,,ok,0.3357
54.81,675,,,1.1493,,,,,,90.4355,r1_measured_03773,read,measured,,,,,33.9931,,ok,0.4077
63.8442,663,,,0.9566,,,,,,92.3892,r1_measured_03774,read,measured,,,,,27.0586,,ok,0.4295
52.4335,509,,,6.3247,,,,,,152.586,r1_measured_03775,read,measured,,,,,93.3369,,ok,0.4319
28.0573,679,,,1.6558,,,,,,122.8137,r1_measured_03776,read,measured,,,,,92.6214,,ok,0.4068
101.7648,419,,,0.3341,,,,,,123.253,r1_measured_03777,read,measured,,,,,20.7102,,ok,0.3736
100.8375,369,,,0.2453,,,,,,126.8177,r1_measured_03778,read,measured,,,,,25.336,,ok,0.3445
105.0128,689,,,0.9802,,,,,,138.6588,r1_measured_03779,read,measured,,,,,32.2496,,ok,0.3485
55.5355,418,,,0.3566,,,,,,119.005,r1_measured_03780,read,measured,,,,,62.6641,,ok,0.3792
54.4933,662,,,3.8576,,,,,,130.7558,r1_measured_03781,read,measured,,,,,71.9686,,ok,0.3583
93.0756,663,,,3.3877,,,,,,154.1604,r1_measured_03782,read,measured,,,,,57.1718,,ok,0.4508
48.2714,568,,,2.7827,,,,,,138.0306,r1_measured_03783,read,measured,,,,,86.5736,,ok,0.3418
62.738,509,,,1.531,,,,,,138.1612,r1_measured_03784,read,measured,,,,,73.463,,ok,0.3722
40.3469,663,,,4.1548,,,,,,108.0435,r1_measured_03785,read,measured,,,,,63.1274,,ok,0.3449
56.7421,369,,,0.2945,,,,,,81.4436,r1_measured_03786,read,measured,,,,,23.9406,,ok,0.4048
97.5314,680,,,1.0288,,,,,,108.4241,r1_measured_03787,read,measured,,,,,9.3788,,ok,0.4161
94.9222,681,,,0.9426,,,,,,127.5944,r1_measured_03788,read,measured,,,,,31.3134,,ok,0.3457
93.2616,368,,,0.2577,,,,,,101.1099,r1_measured_03789,read,measured,,,,,7.2124,,ok,0.3283
39.498,680,,,0.9138,,,,,,90.3973,r1_measured_03790,read,measured,,,,,49.4102,,ok,0.492
33.0062,418,,,0.2838,,,,,,37.5534,r1_measured_03791,read,measured,,,,,3.828,,ok,0.3549
654.2,627,60.5861,27.0218,1.6929,433.1047,0,27.0194,1,117.75,1261.8675,r1_measured_03792,update,measured,90.7282,607.6675,1,0.0055,13.9977,42.7537,ok,0.3808
24.8202,509,,,1.0615,,,,,,69.0218,r1_measured_03793,read,measured,,,,,41.796,,ok,1.2657
55.4397,663,,,0.811,,,,,,71.3864,r1_measured_03794,read,measured,,,,,14.4763,,ok,0.5756
81.4833,509,,,5.6874,,,,,,457.9824,r1_measured_03795,read,measured,,,,,29.4576,,ok,0.3982
71.2578,679,,,0.6386,,,,,,82.6755,r1_measured_03796,read,measured,,,,,10.2556,,ok,0.431
67.3487,689,,,1.6317,,,,,,90.6849,r1_measured_03797,read,measured,,,,,21.1726,,ok,0.4322
64.7352,369,,,0.2781,,,,,,73.5957,r1_measured_03798,read,measured,,,,,8.1101,,ok,0.4068
66.1832,689,,,1.1857,,,,,,123.5329,r1_measured_03799,read,measured,,,,,55.6426,,ok,0.425
30.4099,418,,,0.451,,,,,,37.0785,r1_measured_03800,read,measured,,,,,5.7903,,ok,0.3694
56.2152,689,,,1.2862,,,,,,121.2875,r1_measured_03801,read,measured,,,,,63.3598,,ok,0.348
55.5643,509,,,1.0352,,,,,,74.3544,r1_measured_03802,read,measured,,,,,17.3002,,ok,0.3863
53.4476,680,,,1.6413,,,,,,108.0464,r1_measured_03803,read,measured,,,,,52.5231,,ok,0.3553
55.3658,680,,,18.0588,,,,,,95.3348,r1_measured_03804,read,measured,,,,,21.4205,,ok,0.4063
51.0351,689,,,1.7088,,,,,,112.6422,r1_measured_03805,read,measured,,,,,59.475,,ok,0.3472
32.4972,629,,,3.0161,,,,,,53.6361,r1_measured_03806,read,measured,,,,,17.6295,,ok,0.4191
37.0897,663,,,0.9131,,,,,,88.7155,r1_measured_03807,read,measured,,,,,50.2872,,ok,0.3527
30.3478,369,,,0.2531,,,,,,40.3731,r1_measured_03808,read,measured,,,,,9.333,,ok,0.3752
58.241,681,,,1.5742,,,,,,80.9192,r1_measured_03809,read,measured,,,,,20.6371,,ok,0.3914
52.7435,678,,,1.587,,,,,,81.2904,r1_measured_03810,read,measured,,,,,26.4566,,ok,0.4235
38.1822,417,,,0.2695,,,,,,52.4265,r1_measured_03811,read,measured,,,,,13.4503,,ok,0.4609
32.826,509,,,0.5281,,,,,,64.31,r1_measured_03812,read,measured,,,,,30.543,,ok,0.3446
150.1708,689,,,1.8267,,,,,,155.2458,r1_measured_03813,read,measured,,,,,2.8669,,ok,0.3235
149.143,680,,,2.4789,,,,,,176.7979,r1_measured_03814,read,measured,,,,,24.8065,,ok,0.3069
769.1202,629,119.9422,146.455,6.5001,358.4217,1,146.4528,1,219.9153,817.5775,r1_measured_03815,update,measured,73.4603,48.4573,1,0.0067,41.4815,70.8343,ok,0.4011
144.0019,663,,,4.0617,,,,,,181.9177,r1_measured_03816,read,measured,,,,,33.4527,,ok,0.3339
146.3119,688,,,0.544,,,,,,170.109,r1_measured_03817,read,measured,,,,,22.8961,,ok,0.298
141.0561,367,,,0.2167,,,,,,142.8541,r1_measured_03818,read,measured,,,,,1.1664,,ok,0.3346
122.182,681,,,2.8339,,,,,,142.6645,r1_measured_03819,read,measured,,,,,17.2499,,ok,0.3286
112.8755,567,,,0.5137,,,,,,137.7342,r1_measured_03820,read,measured,,,,,23.9316,,ok,0.3414
113.6468,509,,,1.0135,,,,,,126.8873,r1_measured_03821,read,measured,,,,,11.801,,ok,0.364
110.6982,509,,,3.0001,,,,,,131.8546,r1_measured_03822,read,measured,,,,,17.7911,,ok,0.308
107.7888,681,,,2.3179,,,,,,136.2536,r1_measured_03823,read,measured,,,,,25.7926,,ok,0.2966
103.9096,675,,,2.0421,,,,,,124.4473,r1_measured_03824,read,measured,,,,,18.1235,,ok,0.305
102.9368,418,,,0.2343,,,,,,110.9162,r1_measured_03825,read,measured,,,,,7.3745,,ok,0.3212
102.0007,418,,,0.2814,,,,,,111.3804,r1_measured_03826,read,measured,,,,,8.7319,,ok,0.3091
101.0983,568,,,2.0398,,,,,,114.745,r1_measured_03827,read,measured,,,,,11.1302,,ok,0.4052
101.6133,674,,,4.8262,,,,,,131.4851,r1_measured_03828,read,measured,,,,,24.5451,,ok,0.4388
101.5866,629,,,0.4154,,,,,,120.6063,r1_measured_03829,read,measured,,,,,18.2305,,ok,0.3176
129.8328,418,,,0.5179,,,,,,136.9169,r1_measured_03830,read,measured,,,,,6.0122,,ok,0.4774
128.2218,567,,,2.9308,,,,,,136.2047,r1_measured_03831,read,measured,,,,,4.0516,,ok,0.8821
126.4828,568,,,0.9231,,,,,,288.8794,r1_measured_03832,read,measured,,,,,24.5501,,ok,0.3914
123.6057,674,,,2.354,,,,,,133.7934,r1_measured_03833,read,measured,,,,,7.3699,,ok,0.3873
30.4589,629,,,6.7186,,,,,,44.6361,r1_measured_03834,read,measured,,,,,6.9996,,ok,0.3848
29.5964,509,,,1.2826,,,,,,44.4064,r1_measured_03835,read,measured,,,,,13.0622,,ok,0.3986
27.3854,675,,,1.2548,,,,,,44.9,r1_measured_03836,read,measured,,,,,15.7774,,ok,0.4083
26.1317,369,,,0.2244,,,,,,29.6522,r1_measured_03837,read,measured,,,,,2.9153,,ok,0.3171
50.7144,680,,,1.1049,,,,,,128.4752,r1_measured_03838,read,measured,,,,,76.0277,,ok,0.5171
54.3287,369,,,0.2716,,,,,,83.8238,r1_measured_03839,read,measured,,,,,28.787,,ok,0.3801
48.4111,508,,,1.2148,,,,,,114.8479,r1_measured_03840,read,measured,,,,,64.8085,,ok,0.3507
44.5801,567,,,2.3706,,,,,,86.3902,r1_measured_03841,read,measured,,,,,38.9726,,ok,0.3806
43.8143,418,,,0.3152,,,,,,70.2475,r1_measured_03842,read,measured,,,,,25.6558,,ok,0.3959
43.385,679,,,1.0337,,,,,,93.1091,r1_measured_03843,read,measured,,,,,48.1725,,ok,0.4034
47.7977,675,,,6.647,,,,,,105.6988,r1_measured_03844,read,measured,,,,,50.8139,,ok,0.3488
40.7466,568,,,1.7221,,,,,,110.4273,r1_measured_03845,read,measured,,,,,67.5215,,ok,0.3688
38.6288,681,,,0.8838,,,,,,90.4881,r1_measured_03846,read,measured,,,,,50.2804,,ok,0.5987
39.0546,566,,,0.8257,,,,,,123.7691,r1_measured_03847,read,measured,,,,,83.1634,,ok,0.6368
38.0221,369,,,0.2654,,,,,,64.0491,r1_measured_03848,read,measured,,,,,25.3214,,ok,0.3826
34.1047,508,,,2.0584,,,,,,91.8508,r1_measured_03849,read,measured,,,,,55.2733,,ok,0.3501
29.6052,568,,,3.6281,,,,,,71.0065,r1_measured_03850,read,measured,,,,,37.3392,,ok,0.3497
33.5193,418,,,0.2884,,,,,,63.2293,r1_measured_03851,read,measured,,,,,28.9714,,ok,0.3829
26.8435,681,,,0.6852,,,,,,79.914,r1_measured_03852,read,measured,,,,,51.9266,,ok,0.378
27.1339,675,,,2.5836,,,,,,77.5608,r1_measured_03853,read,measured,,,,,47.3822,,ok,0.3669
25.6198,689,,,3.3786,,,,,,81.1523,r1_measured_03854,read,measured,,,,,51.7104,,ok,0.3562
21.9426,681,,,4.3497,,,,,,91.0831,r1_measured_03855,read,measured,,,,,64.2118,,ok,0.4824
18.5023,417,,,0.3143,,,,,,25.1895,r1_measured_03856,read,measured,,,,,5.8797,,ok,0.432
16.4577,509,,,3.085,,,,,,78.2018,r1_measured_03857,read,measured,,,,,58.2515,,ok,0.3403
21.5483,687,,,2.1657,,,,,,72.6518,r1_measured_03858,read,measured,,,,,48.4855,,ok,0.3547
48.2035,509,,,0.5374,,,,,,76.1554,r1_measured_03859,read,measured,,,,,27.0047,,ok,0.3397
36.6911,675,,,0.9059,,,,,,58.14,r1_measured_03860,read,measured,,,,,20.1079,,ok,0.3576
49.177,680,,,1.8047,,,,,,64.6335,r1_measured_03861,read,measured,,,,,13.1296,,ok,0.438
46.3203,687,,,9.9425,,,,,,76.1309,r1_measured_03862,read,measured,,,,,19.244,,ok,0.5024
39.5852,418,,,0.3778,,,,,,45.758,r1_measured_03863,read,measured,,,,,5.2771,,ok,0.4345
944.9271,675,24.1489,42.1832,0.6182,687.4657,1,42.1815,1,156.0173,970.3626,r1_measured_03864,update,measured,113.8341,25.4355,1,25.8675,24.3724,51.4277,ok,0.3719
32.7525,419,,,0.4008,,,,,,41.0404,r1_measured_03865,read,measured,,,,,7.378,,ok,0.426
32.1665,687,,,1.1499,,,,,,47.4668,r1_measured_03866,read,measured,,,,,13.5898,,ok,0.4086
52.6273,568,,,1.6264,,,,,,74.7923,r1_measured_03867,read,measured,,,,,20.0518,,ok,0.4121
47.3172,418,,,0.3464,,,,,,58.8449,r1_measured_03868,read,measured,,,,,10.7108,,ok,0.3999
45.0033,689,,,0.7495,,,,,,74.5856,r1_measured_03869,read,measured,,,,,27.8205,,ok,0.9039
44.621,681,,,0.8755,,,,,,65.6051,r1_measured_03870,read,measured,,,,,19.6186,,ok,0.4068
40.1746,418,,,0.5217,,,,,,54.4195,r1_measured_03871,read,measured,,,,,12.9132,,ok,0.72
39.8058,509,,,0.5836,,,,,,70.2319,r1_measured_03872,read,measured,,,,,29.399,,ok,0.3775
43.5979,567,,,1.0726,,,,,,84.9639,r1_measured_03873,read,measured,,,,,39.8201,,ok,0.3994
42.4583,509,,,3.0452,,,,,,64.0472,r1_measured_03874,read,measured,,,,,18.0823,,ok,0.3887
45.6524,627,,,2.0293,,,,,,73.502,r1_measured_03875,read,measured,,,,,25.3817,,ok,0.3672
35.9203,369,,,0.4049,,,,,,51.5461,r1_measured_03876,read,measured,,,,,14.4789,,ok,0.6695
34.7989,681,,,1.9912,,,,,,93.943,r1_measured_03877,read,measured,,,,,56.6787,,ok,0.3802
897.0831,627,42.2165,36.8739,0.6427,609.6113,1,36.8722,1,148.5219,950.9665,r1_measured_03878,update,measured,111.648,53.8834,1,66.6045,52.8078,30.1289,ok,0.3637
37.3066,627,,,2.2645,,,,,,55.6436,r1_measured_03879,read,measured,,,,,15.6059,,ok,0.3923
28.9235,680,,,1.2204,,,,,,76.1708,r1_measured_03880,read,measured,,,,,45.5834,,ok,0.3615
24.5632,679,,,1.2736,,,,,,78.0608,r1_measured_03881,read,measured,,,,,51.2496,,ok,0.8712
26.6718,567,,,1.2814,,,,,,78.3004,r1_measured_03882,read,measured,,,,,49.8993,,ok,0.3764
25.793,568,,,0.5556,,,,,,51.417,r1_measured_03883,read,measured,,,,,24.6348,,ok,0.3621
56.4752,369,,,0.2488,,,,,,65.5654,r1_measured_03884,read,measured,,,,,8.4079,,ok,0.3726
53.8123,687,,,0.9894,,,,,,81.8411,r1_measured_03885,read,measured,,,,,26.5053,,ok,0.456
53.1175,663,,,0.6853,,,,,,77.2024,r1_measured_03886,read,measured,,,,,22.9356,,ok,0.392
40.1175,566,,,1.6355,,,,,,58.5048,r1_measured_03887,read,measured,,,,,16.1067,,ok,0.5782
33.3843,629,,,0.6938,,,,,,52.4928,r1_measured_03888,read,measured,,,,,17.9363,,ok,0.4074
31.2461,689,,,0.8092,,,,,,51.5184,r1_measured_03889,read,measured,,,,,18.9965,,ok,0.3938
28.0885,663,,,1.6018,,,,,,33.7706,r1_measured_03890,read,measured,,,,,3.4729,,ok,0.4993
62.2772,566,,,0.5527,,,,,,129.6839,r1_measured_03891,read,measured,,,,,66.3651,,ok,0.4023
59.6381,568,,,2.0829,,,,,,127.7706,r1_measured_03892,read,measured,,,,,65.5638,,ok,0.4075
62.5366,418,,,0.3241,,,,,,75.7644,r1_measured_03893,read,measured,,,,,12.4595,,ok,0.3882
59.6074,418,,,0.2821,,,,,,68.5807,r1_measured_03894,read,measured,,,,,8.2844,,ok,0.3474
58.3349,369,,,0.2752,,,,,,68.0157,r1_measured_03895,read,measured,,,,,9.0086,,ok,0.3446
53.1887,566,,,0.6213,,,,,,74.8999,r1_measured_03896,read,measured,,,,,20.666,,ok,0.3589
52.8775,509,,,2.9293,,,,,,76.4886,r1_measured_03897,read,measured,,,,,20.2238,,ok,0.3878
53.8811,663,,,0.5609,,,,,,126.3817,r1_measured_03898,read,measured,,,,,71.4569,,ok,0.3989
47.3893,674,,,3.8691,,,,,,131.3002,r1_measured_03899,read,measured,,,,,79.5568,,ok,0.3797
44.5148,663,,,4.0565,,,,,,60.3113,r1_measured_03900,read,measured,,,,,11.3023,,ok,0.3699
38.2242,680,,,6.9138,,,,,,67.8568,r1_measured_03901,read,measured,,,,,22.0783,,ok,0.5457
37.8916,679,,,0.8147,,,,,,94.4014,r1_measured_03902,read,measured,,,,,55.1316,,ok,0.4675
34.9015,681,,,1.1999,,,,,,96.5668,r1_measured_03903,read,measured,,,,,59.8873,,ok,0.4748
36.979,681,,,0.9951,,,,,,57.2978,r1_measured_03904,read,measured,,,,,18.8602,,ok,0.388
33.7201,419,,,0.2982,,,,,,39.2072,r1_measured_03905,read,measured,,,,,4.7652,,ok,0.3678
35.1057,509,,,4.9701,,,,,,96.7571,r1_measured_03906,read,measured,,,,,56.192,,ok,0.4129
26.3559,369,,,0.2704,,,,,,31.7134,r1_measured_03907,read,measured,,,,,4.6596,,ok,0.3692
28.2756,629,,,18.399,,,,,,73.5362,r1_measured_03908,read,measured,,,,,26.237,,ok,0.5364
23.9156,680,,,2.0115,,,,,,86.2963,r1_measured_03909,read,measured,,,,,59.8715,,ok,0.405
23.9243,419,,,0.2817,,,,,,35.6927,r1_measured_03910,read,measured,,,,,11.0661,,ok,0.3624
50.8924,663,,,1.5942,,,,,,101.3793,r1_measured_03911,read,measured,,,,,48.2886,,ok,0.5224
67.1197,419,,,0.3173,,,,,,85.6086,r1_measured_03912,read,measured,,,,,17.6843,,ok,0.4192
46.1352,681,,,0.9725,,,,,,88.3875,r1_measured_03913,read,measured,,,,,40.7816,,ok,0.4172
44.614,689,,,2.1513,,,,,,90.6268,r1_measured_03914,read,measured,,,,,43.3875,,ok,0.3878
24.5098,679,,,1.2815,,,,,,83.4883,r1_measured_03915,read,measured,,,,,57.252,,ok,0.3695
21.7517,681,,,1.2846,,,,,,79.4392,r1_measured_03916,read,measured,,,,,55.9612,,ok,0.3667
942.2621,663,24.9422,20.4163,3.6561,663.5891,1,20.4146,1,170.5973,963.8852,r1_measured_03917,update,measured,150.181,21.6231,1,39.1965,17.5479,43.937,ok,0.3488
101.4388,419,,,0.295,,,,,,114.4286,r1_measured_03918,read,measured,,,,,12.2943,,ok,0.3394
107.5557,680,,,3.4602,,,,,,147.2984,r1_measured_03919,read,measured,,,,,35.8373,,ok,0.3683
97.4737,509,,,1.7834,,,,,,121.3699,r1_measured_03920,read,measured,,,,,21.7154,,ok,0.333
96.7402,689,,,2.5067,,,,,,148.21,r1_measured_03921,read,measured,,,,,48.5229,,ok,0.3593
94.5046,509,,,2.2736,,,,,,115.072,r1_measured_03922,read,measured,,,,,17.8952,,ok,0.342
74.4033,680,,,1.2931,,,,,,148.3461,r1_measured_03923,read,measured,,,,,72.2256,,ok,0.3488
73.0665,675,,,0.6833,,,,,,139.7465,r1_measured_03924,read,measured,,,,,65.5533,,ok,0.3655
82.2081,629,,,0.5236,,,,,,236.61,r1_measured_03925,read,measured,,,,,9.5667,,ok,0.3599
63.9613,509,,,1.0982,,,,,,83.1726,r1_measured_03926,read,measured,,,,,17.6715,,ok,0.3744
63.0161,662,,,0.8347,,,,,,105.1279,r1_measured_03927,read,measured,,,,,40.7006,,ok,0.5089
53.9716,567,,,1.4805,,,,,,91.681,r1_measured_03928,read,measured,,,,,35.8373,,ok,0.3268
50.7922,688,,,2.8893,,,,,,90.4416,r1_measured_03929,read,measured,,,,,36.3326,,ok,0.3534
1032.4062,674,82.0575,48.915,68.4786,681.1994,1,48.9123,1,152.2566,1141.6883,r1_measured_03930,update,measured,103.3416,109.2821,1,66.4807,40.3872,50.412,ok,0.3383
46.8218,509,,,0.4556,,,,,,76.6444,r1_measured_03931,read,measured,,,,,28.927,,ok,0.3736
916.8939,568,52.1766,45.9777,1.7179,598.0951,1,45.9755,1,151.0297,923.6223,r1_measured_03932,update,measured,105.052,6.7284,1,55.5931,4.5863,59.9994,ok,0.3556
44.8738,509,,,3.3525,,,,,,86.7543,r1_measured_03933,read,measured,,,,,38.1294,,ok,0.341
44.5839,675,,,0.5387,,,,,,65.3381,r1_measured_03934,read,measured,,,,,19.7778,,ok,0.3466
46.1812,681,,,0.4679,,,,,,66.6631,r1_measured_03935,read,measured,,,,,19.5954,,ok,0.3466
43.517,628,,,1.377,,,,,,61.377,r1_measured_03936,read,measured,,,,,16.0978,,ok,0.3208
43.2888,675,,,0.6215,,,,,,61.8948,r1_measured_03937,read,measured,,,,,17.5523,,ok,0.3604
69.5575,418,,,0.3068,,,,,,79.3174,r1_measured_03938,read,measured,,,,,9.0472,,ok,0.3442
66.1542,675,,,0.9388,,,,,,89.2277,r1_measured_03939,read,measured,,,,,21.71,,ok,0.3501
1011.6762,568,92.6253,67.1582,0.5883,551.3437,1,67.1563,1,198.1227,1047.6774,r1_measured_03940,update,measured,130.9645,36.0012,1,92.268,34.9695,77.3165,ok,0.3662
61.6007,689,,,0.5636,,,,,,83.8444,r1_measured_03941,read,measured,,,,,21.2033,,ok,0.3596
60.8071,419,,,0.2774,,,,,,68.0618,r1_measured_03942,read,measured,,,,,6.5875,,ok,0.3335
57.3474,681,,,0.5398,,,,,,78.4544,r1_measured_03943,read,measured,,,,,20.1342,,ok,0.3561
20.1403,627,,,3.7011,,,,,,635.3745,r1_measured_03944,read,measured,,,,,19.149,,ok,0.4472
15.8902,568,,,0.5324,,,,,,42.7111,r1_measured_03945,read,measured,,,,,25.8631,,ok,0.3622
47.8887,568,,,3.5072,,,,,,59.0089,r1_measured_03946,read,measured,,,,,7.1012,,ok,0.428
45.6311,629,,,0.4996,,,,,,73.6425,r1_measured_03947,read,measured,,,,,27.0628,,ok,0.3786
42.0846,675,,,0.7782,,,,,,63.0676,r1_measured_03948,read,measured,,,,,19.7214,,ok,0.4013
41.523,675,,,1.5777,,,,,,69.489,r1_measured_03949,read,measured,,,,,25.9257,,ok,0.3855
1063.6716,567,143.9066,39.4563,3.2295,609.5773,1,39.4543,1,206.6813,1101.7386,r1_measured_03950,update,measured,167.225,38.067,1,0.006,34.4262,103.5004,ok,0.3366
39.1136,663,,,1.8799,,,,,,56.5352,r1_measured_03951,read,measured,,,,,14.9652,,ok,0.4614
37.4738,679,,,2.1814,,,,,,64.232,r1_measured_03952,read,measured,,,,,24.1173,,ok,0.3841
30.7027,419,,,0.3469,,,,,,36.4278,r1_measured_03953,read,measured,,,,,4.873,,ok,0.4417
29.096,689,,,3.1233,,,,,,49.8383,r1_measured_03954,read,measured,,,,,17.164,,ok,0.3802
26.8105,674,,,1.0034,,,,,,50.83,r1_measured_03955,read,measured,,,,,22.5392,,ok,0.3994
27.1528,418,,,0.3347,,,,,,29.5917,r1_measured_03956,read,measured,,,,,1.5917,,ok,0.4481
875.1687,628,43.6335,30.4676,0.6361,545.0255,1,30.4657,1,201.6822,921.5831,r1_measured_03957,update,measured,171.2146,46.4144,1,0.0069,45.3381,84.8206,ok,0.3584
24.031,369,,,0.3151,,,,,,32.4084,r1_measured_03958,read,measured,,,,,7.5384,,ok,0.4501
27.0736,675,,,1.5991,,,,,,42.6179,r1_measured_03959,read,measured,,,,,13.4685,,ok,0.394
23.6561,419,,,0.4208,,,,,,31.2701,r1_measured_03960,read,measured,,,,,6.751,,ok,0.3753
50.2437,689,,,0.6946,,,,,,88.3275,r1_measured_03961,read,measured,,,,,36.9466,,ok,0.3639
52.8412,568,,,2.0809,,,,,,94.287,r1_measured_03962,read,measured,,,,,38.9452,,ok,0.3435
49.5551,418,,,0.3413,,,,,,73.5801,r1_measured_03963,read,measured,,,,,23.2263,,ok,0.3922
48.0716,418,,,0.3821,,,,,,67.7112,r1_measured_03964,read,measured,,,,,18.7779,,ok,0.4022
44.0749,689,,,0.698,,,,,,143.2289,r1_measured_03965,read,measured,,,,,97.9959,,ok,0.3773
43.5155,663,,,0.7022,,,,,,90.0271,r1_measured_03966,read,measured,,,,,45.3671,,ok,0.3656
42.2743,679,,,0.5728,,,,,,85.3583,r1_measured_03967,read,measured,,,,,41.9186,,ok,0.491
31.5946,680,,,0.9299,,,,,,66.278,r1_measured_03968,read,measured,,,,,33.1484,,ok,0.5209
1095.6784,680,55.5687,31.6629,0.7941,521.1262,1,31.6611,1,253.2224,1118.6679,r1_measured_03969,update,measured,221.5595,22.9895,1,28.7594,21.7639,237.0017,ok,0.3588
27.5458,369,,,0.3434,,,,,,57.0946,r1_measured_03970,read,measured,,,,,28.7482,,ok,0.3934
24.291,629,,,0.7156,,,,,,72.0414,r1_measured_03971,read,measured,,,,,46.5384,,ok,0.4196
22.9936,675,,,4.759,,,,,,62.9156,r1_measured_03972,read,measured,,,,,34.7392,,ok,0.3494
73.6563,680,,,1.22,,,,,,137.1915,r1_measured_03973,read,measured,,,,,61.8829,,ok,0.3615
95.5508,663,,,1.043,,,,,,116.5656,r1_measured_03974,read,measured,,,,,19.5001,,ok,0.3872
69.6103,663,,,47.8442,,,,,,187.3462,r1_measured_03975,read,measured,,,,,69.2977,,ok,0.5032
68.8895,681,,,0.856,,,,,,126.7776,r1_measured_03976,read,measured,,,,,56.5115,,ok,0.383
67.5137,689,,,5.7499,,,,,,119.0863,r1_measured_03977,read,measured,,,,,45.3229,,ok,0.3876
65.9898,680,,,0.8625,,,,,,132.541,r1_measured_03978,read,measured,,,,,65.2626,,ok,0.3594
64.4183,629,,,0.9492,,,,,,118.8327,r1_measured_03979,read,measured,,,,,53.0057,,ok,0.3771
62.8326,679,,,0.5509,,,,,,111.5567,r1_measured_03980,read,measured,,,,,47.7479,,ok,0.3576
69.9147,663,,,1.2952,,,,,,102.9438,r1_measured_03981,read,measured,,,,,31.2895,,ok,0.3686
66.5157,680,,,3.6996,,,,,,95.5859,r1_measured_03982,read,measured,,,,,24.9219,,ok,0.3556
24.7041,679,,,1.5589,,,,,,87.5751,r1_measured_03983,read,measured,,,,,60.8726,,ok,0.367
137.2892,680,,,1.0056,,,,,,174.295,r1_measured_03984,read,measured,,,,,35.4801,,ok,0.4381
119.9783,681,,,0.6314,,,,,,166.0072,r1_measured_03985,read,measured,,,,,44.9237,,ok,0.3971
154.1211,509,,,1.099,,,,,,196.5906,r1_measured_03986,read,measured,,,,,40.9655,,ok,0.338
87.1478,568,,,0.4545,,,,,,176.3794,r1_measured_03987,read,measured,,,,,88.2583,,ok,0.4523
133.5456,568,,,6.784,,,,,,188.6823,r1_measured_03988,read,measured,,,,,47.8153,,ok,0.4516
132.5025,689,,,0.5146,,,,,,169.2988,r1_measured_03989,read,measured,,,,,35.8505,,ok,0.3556
146.5281,369,,,0.2364,,,,,,158.2721,r1_measured_03990,read,measured,,,,,11.0756,,ok,0.3761
106.578,687,,,0.8724,,,,,,162.9677,r1_measured_03991,read,measured,,,,,55.0847,,ok,0.358
697.5316,419,18.3927,79.229,0.2624,270.6473,1,79.2271,1,348.6488,755.3486,r1_measured_03992,update,measured,269.4198,57.817,1,10.337,57.1635,49.5058,ok,0.3392
76.1471,509,,,0.5794,,,,,,130.1753,r1_measured_03993,read,measured,,,,,53.046,,ok,0.3392
73.304,663,,,1.8433,,,,,,105.2794,r1_measured_03994,read,measured,,,,,29.6943,,ok,0.3614
69.9066,681,,,2.6365,,,,,,121.3514,r1_measured_03995,read,measured,,,,,48.2115,,ok,0.5005
85.1363,628,,,0.7355,,,,,,106.5545,r1_measured_03996,read,measured,,,,,20.2715,,ok,0.343
110.0966,418,,,0.2508,,,,,,119.9128,r1_measured_03997,read,measured,,,,,9.2019,,ok,0.3147
103.7076,674,,,2.2795,,,,,,120.0579,r1_measured_03998,read,measured,,,,,13.6653,,ok,0.3387
104.148,568,,,0.5718,,,,,,125.6634,r1_measured_03999,read,measured,,,,,20.5285,,ok,0.3505
103.7437,680,,,1.4894,,,,,,120.5882,r1_measured_04000,read,measured,,,,,14.8234,,ok,0.446
99.562,681,,,1.8978,,,,,,117.0464,r1_measured_04001,read,measured,,,,,15.0362,,ok,0.4727
99.1759,627,,,0.7759,,,,,,119.0559,r1_measured_04002,read,measured,,,,,18.6724,,ok,0.3661
49.8109,418,,,0.2924,,,,,,54.8993,r1_measured_04003,read,measured,,,,,4.2776,,ok,0.4585
220.0149,680,,,1.306,,,,,,249.1184,r1_measured_04004,read,measured,,,,,27.2649,,ok,0.4179
45.9498,567,,,7.3087,,,,,,690.1292,r1_measured_04005,read,measured,,,,,44.2474,,ok,0.4532
58.4658,629,,,1.1522,,,,,,273.0325,r1_measured_04006,read,measured,,,,,212.8932,,ok,0.4322
54.9209,568,,,6.2788,,,,,,247.3114,r1_measured_04007,read,measured,,,,,185.559,,ok,0.47
41.4879,419,,,0.3979,,,,,,211.2129,r1_measured_04008,read,measured,,,,,168.8665,,ok,0.3864
52.1544,509,,,0.5321,,,,,,224.181,r1_measured_04009,read,measured,,,,,170.9082,,ok,0.5189
36.6782,681,,,2.3297,,,,,,284.9566,r1_measured_04010,read,measured,,,,,245.272,,ok,0.6032
209.6669,418,,,0.3016,,,,,,218.4762,r1_measured_04011,read,measured,,,,,8.0762,,ok,0.3653
45.1437,675,,,3.2207,,,,,,285.9001,r1_measured_04012,read,measured,,,,,237.0937,,ok,0.3621
194.1571,680,,,5.872,,,,,,276.0602,r1_measured_04013,read,measured,,,,,75.5064,,ok,0.4428
192.4996,675,,,1.74,,,,,,283.1727,r1_measured_04014,read,measured,,,,,88.4368,,ok,0.4144
32.7143,689,,,0.6301,,,,,,257.7169,r1_measured_04015,read,measured,,,,,223.9114,,ok,0.3866
32.2578,509,,,4.8878,,,,,,244.1736,r1_measured_04016,read,measured,,,,,206.4733,,ok,0.476
30.7623,568,,,1.7442,,,,,,526.98,r1_measured_04017,read,measured,,,,,41.2879,,ok,0.3756
208.0617,419,,,0.4682,,,,,,211.8555,r1_measured_04018,read,measured,,,,,2.7434,,ok,0.4902
206.8984,419,,,0.3667,,,,,,214.7669,r1_measured_04019,read,measured,,,,,7.0205,,ok,0.4129
205.8038,689,,,5.4242,,,,,,249.9795,r1_measured_04020,read,measured,,,,,38.2796,,ok,0.3843
202.9899,663,,,5.505,,,,,,261.2194,r1_measured_04021,read,measured,,,,,52.2243,,ok,0.4133
203.141,629,,,4.3917,,,,,,281.4797,r1_measured_04022,read,measured,,,,,73.5011,,ok,0.3737
201.1132,629,,,0.815,,,,,,246.7925,r1_measured_04023,read,measured,,,,,44.4036,,ok,0.3834
23.1148,674,,,0.7573,,,,,,74.4337,r1_measured_04024,read,measured,,,,,49.5545,,ok,0.9024
21.7434,418,,,0.3444,,,,,,50.7907,r1_measured_04025,read,measured,,,,,28.2608,,ok,0.3815
19.6476,627,,,4.6333,,,,,,76.9892,r1_measured_04026,read,measured,,,,,52.015,,ok,0.6104
21.2259,368,,,0.2565,,,,,,44.65,r1_measured_04027,read,measured,,,,,22.7488,,ok,0.3586
34.8159,629,,,0.8699,,,,,,63.9568,r1_measured_04028,read,measured,,,,,27.8323,,ok,0.3681
30.9852,509,,,1.1435,,,,,,64.6056,r1_measured_04029,read,measured,,,,,32.0221,,ok,0.3792
28.5457,689,,,3.8908,,,,,,65.3572,r1_measured_04030,read,measured,,,,,32.4945,,ok,0.3522
24.224,628,,,6.9751,,,,,,54.3424,r1_measured_04031,read,measured,,,,,22.6427,,ok,0.4167
23.142,688,,,1.2135,,,,,,41.0762,r1_measured_04032,read,measured,,,,,16.2647,,ok,0.3811
16.4552,419,,,1.4246,,,,,,25.1338,r1_measured_04033,read,measured,,,,,6.7352,,ok,0.4462
40.2912,681,,,0.6565,,,,,,65.4985,r1_measured_04034,read,measured,,,,,24.0724,,ok,0.3991
39.0904,680,,,1.6801,,,,,,54.4687,r1_measured_04035,read,measured,,,,,13.2087,,ok,0.4075
37.6118,568,,,4.6129,,,,,,55.8087,r1_measured_04036,read,measured,,,,,13.0419,,ok,0.4536
34.1744,567,,,3.8931,,,,,,46.4683,r1_measured_04037,read,measured,,,,,7.905,,ok,0.4118
32.054,663,,,1.0441,,,,,,42.0939,r1_measured_04038,read,measured,,,,,8.2507,,ok,0.6705
27.8671,681,,,2.7686,,,,,,46.6134,r1_measured_04039,read,measured,,,,,15.3332,,ok,0.5471
25.9759,418,,,0.3203,,,,,,30.6611,r1_measured_04040,read,measured,,,,,3.9267,,ok,0.3796
24.4979,568,,,0.6753,,,,,,45.9523,r1_measured_04041,read,measured,,,,,20.3159,,ok,0.3949
605.7592,675,72.073,24.2938,1.1886,360.0148,1,24.2921,1,110.3405,616.551,r1_measured_04042,update,measured,86.0467,10.7918,1,18.2789,9.193,45.052,ok,0.3415
55.6753,629,,,2.5291,,,,,,82.0033,r1_measured_04043,read,measured,,,,,23.3529,,ok,0.3763
52.9115,663,,,1.3447,,,,,,69.1184,r1_measured_04044,read,measured,,,,,14.3908,,ok,0.3949
49.0239,419,,,0.4199,,,,,,63.2396,r1_measured_04045,read,measured,,,,,13.2818,,ok,0.4421
50.3464,418,,,0.3175,,,,,,55.2162,r1_measured_04046,read,measured,,,,,4.0909,,ok,0.3986
45.1701,681,,,0.7379,,,,,,81.1163,r1_measured_04047,read,measured,,,,,34.7668,,ok,0.3645
42.7925,629,,,0.8405,,,,,,71.3564,r1_measured_04048,read,measured,,,,,27.257,,ok,0.3945
42.3258,663,,,0.5312,,,,,,79.2748,r1_measured_04049,read,measured,,,,,35.9765,,ok,0.3681
39.7107,680,,,0.5949,,,,,,507.8031,r1_measured_04050,read,measured,,,,,19.9569,,ok,0.4246
42.0058,689,,,0.6693,,,,,,64.7349,r1_measured_04051,read,measured,,,,,21.4625,,ok,0.5222
34.9475,663,,,0.6647,,,,,,74.8146,r1_measured_04052,read,measured,,,,,38.7224,,ok,0.3671
26.723,663,,,2.467,,,,,,58.8321,r1_measured_04053,read,measured,,,,,29.1851,,ok,0.3831
28.2635,509,,,0.7305,,,,,,63.564,r1_measured_04054,read,measured,,,,,34.1293,,ok,0.3719
747.6483,628,25.395,24.913,1.2294,513.2544,1,24.911,1,93.6067,770.4715,r1_measured_04055,update,measured,68.6937,22.8232,1,52.096,21.0626,63.2962,ok,0.4525
21.2688,509,,,0.6235,,,,,,40.0724,r1_measured_04056,read,measured,,,,,17.7405,,ok,0.3743
27.4032,509,,,1.4669,,,,,,43.6555,r1_measured_04057,read,measured,,,,,14.3173,,ok,0.399
18.1216,369,,,0.4831,,,,,,22.7317,r1_measured_04058,read,measured,,,,,3.6503,,ok,0.4162
18.6255,629,,,0.5129,,,,,,58.1962,r1_measured_04059,read,measured,,,,,38.6164,,ok,0.37
27.6764,418,,,0.5976,,,,,,33.0598,r1_measured_04060,read,measured,,,,,4.3208,,ok,0.4022
25.8316,369,,,0.2608,,,,,,34.2545,r1_measured_04061,read,measured,,,,,7.733,,ok,0.3734
8.6719,418,,,0.2926,,,,,,16.7089,r1_measured_04062,read,measured,,,,,7.3167,,ok,0.3665
625.2507,419,25.9802,7.4782,0.3503,397.9741,1,7.4761,1,140.5493,641.9697,r1_measured_04063,update,measured,133.0711,16.719,1,13.8192,15.9167,46.9279,ok,0.3914
36.4598,568,,,1.552,,,,,,99.632,r1_measured_04064,read,measured,,,,,61.1459,,ok,0.3691
32.6759,418,,,0.2954,,,,,,38.9976,r1_measured_04065,read,measured,,,,,5.5889,,ok,0.3664
31.3998,689,,,2.1648,,,,,,79.6339,r1_measured_04066,read,measured,,,,,45.5745,,ok,0.4132
30.1101,628,,,1.7263,,,,,,45.0742,r1_measured_04067,read,measured,,,,,12.793,,ok,0.3716
29.3349,679,,,3.0885,,,,,,91.4719,r1_measured_04068,read,measured,,,,,58.5258,,ok,0.4189
27.8633,675,,,1.6527,,,,,,75.514,r1_measured_04069,read,measured,,,,,45.5304,,ok,0.3835
31.5102,663,,,0.6528,,,,,,36.9546,r1_measured_04070,read,measured,,,,,4.3531,,ok,0.367
23.7766,675,,,3.5655,,,,,,72.7448,r1_measured_04071,read,measured,,,,,44.9219,,ok,0.3924
25.7273,689,,,2.5222,,,,,,76.8048,r1_measured_04072,read,measured,,,,,48.1136,,ok,0.3649
20.8903,369,,,0.253,,,,,,27.3796,r1_measured_04073,read,measured,,,,,5.8317,,ok,0.3503
18.3701,680,,,1.1814,,,,,,32.052,r1_measured_04074,read,measured,,,,,11.9622,,ok,0.4613
509.0806,679,43.7185,33.5055,0.8447,167.1726,1,33.5037,1,167.433,527.7122,r1_measured_04075,update,measured,133.9275,18.6316,1,55.7742,17.356,74.9823,ok,0.3637
49.4954,509,,,0.5265,,,,,,115.8796,r1_measured_04076,read,measured,,,,,65.3847,,ok,0.4008
30.3819,568,,,1.3201,,,,,,148.4211,r1_measured_04077,read,measured,,,,,31.2604,,ok,0.3761
28.3598,568,,,2.1433,,,,,,148.0848,r1_measured_04078,read,measured,,,,,31.9456,,ok,0.3719
26.8832,689,,,0.6134,,,,,,74.4266,r1_measured_04079,read,measured,,,,,46.4945,,ok,0.3658
809.3665,680,49.2824,25.407,0.7991,503.4515,0,25.4045,1,158.3386,842.2197,r1_measured_04080,update,measured,132.9316,32.8532,1,31.0233,31.5899,67.2707,ok,0.3931
31.4568,509,,,1.7577,,,,,,57.5395,r1_measured_04081,read,measured,,,,,23.8362,,ok,0.4035
38.7798,369,,,0.2597,,,,,,50.8444,r1_measured_04082,read,measured,,,,,11.3527,,ok,0.3885
27.1304,419,,,0.2966,,,,,,43.6233,r1_measured_04083,read,measured,,,,,15.7578,,ok,0.3752
75.0528,675,,,0.643,,,,,,117.8003,r1_measured_04084,read,measured,,,,,41.6076,,ok,0.4044
891.4465,675,72.677,80.0573,3.4248,528.7135,1,80.0558,1,168.3212,910.8809,r1_measured_04085,update,measured,88.2639,19.4344,1,72.9672,15.5597,48.7676,ok,0.3776
55.4838,418,,,0.3751,,,,,,80.7162,r1_measured_04086,read,measured,,,,,24.3375,,ok,0.4492
45.0328,568,,,1.0369,,,,,,83.9896,r1_measured_04087,read,measured,,,,,37.4256,,ok,0.4076
44.3892,680,,,0.5631,,,,,,57.4658,r1_measured_04088,read,measured,,,,,12.0297,,ok,0.3994
35.7713,509,,,4.7754,,,,,,91.6777,r1_measured_04089,read,measured,,,,,50.7033,,ok,0.365
34.4164,680,,,3.6828,,,,,,92.6416,r1_measured_04090,read,measured,,,,,54.1082,,ok,0.3639
29.9644,663,,,0.8914,,,,,,106.8437,r1_measured_04091,read,measured,,,,,75.3863,,ok,0.4973
28.9753,681,,,1.8868,,,,,,83.1156,r1_measured_04092,read,measured,,,,,51.5457,,ok,0.6308
48.7969,628,,,2.0845,,,,,,102.6095,r1_measured_04093,read,measured,,,,,26.5472,,ok,0.3611
59.4565,509,,,0.7943,,,,,,93.6347,r1_measured_04094,read,measured,,,,,32.9725,,ok,0.3488
46.8708,568,,,1.5604,,,,,,85.5493,r1_measured_04095,read,measured,,,,,36.6345,,ok,0.4134
44.3075,663,,,1.6931,,,,,,92.601,r1_measured_04096,read,measured,,,,,46.1808,,ok,0.3518
26.3003,663,,,0.9754,,,,,,51.8273,r1_measured_04097,read,measured,,,,,24.1321,,ok,0.3466
50.9703,663,,,0.5932,,,,,,63.7179,r1_measured_04098,read,measured,,,,,11.7204,,ok,0.3634
44.9641,679,,,1.8036,,,,,,65.3644,r1_measured_04099,read,measured,,,,,18.1851,,ok,0.344
22.8952,680,,,1.7287,,,,,,41.376,r1_measured_04100,read,measured,,,,,16.1935,,ok,0.4843
20.0508,568,,,1.0574,,,,,,37.3159,r1_measured_04101,read,measured,,,,,15.7963,,ok,0.3478
45.1028,689,,,2.2477,,,,,,148.6785,r1_measured_04102,read,measured,,,,,100.8693,,ok,0.3809
42.2084,662,,,5.2299,,,,,,116.5959,r1_measured_04103,read,measured,,,,,68.7003,,ok,0.3848
41.9879,675,,,1.9975,,,,,,107.9152,r1_measured_04104,read,measured,,,,,63.5204,,ok,0.3408
38.0026,369,,,0.2535,,,,,,75.4328,r1_measured_04105,read,measured,,,,,36.7422,,ok,0.3755
926.1599,689,151.2179,55.0585,0.6337,433.7806,1,55.0563,1,259.7583,949.0431,r1_measured_04106,update,measured,204.6998,22.8832,1,31.8937,21.8283,49.5094,ok,0.3472
37.003,568,,,0.5283,,,,,,134.8383,r1_measured_04107,read,measured,,,,,96.8776,,ok,0.3659
60.859,367,,,0.2812,,,,,,89.7001,r1_measured_04108,read,measured,,,,,28.1572,,ok,0.3458
52.3932,627,,,0.5605,,,,,,93.7617,r1_measured_04109,read,measured,,,,,40.3815,,ok,0.3504
50.4654,418,,,0.2962,,,,,,87.9649,r1_measured_04110,read,measured,,,,,36.7899,,ok,0.3553
43.5948,674,,,0.6817,,,,,,135.5181,r1_measured_04111,read,measured,,,,,90.7942,,ok,0.3722
22.0569,369,,,0.2315,,,,,,79.2046,r1_measured_04112,read,measured,,,,,56.5211,,ok,0.3421
39.1266,675,,,2.4946,,,,,,135.4065,r1_measured_04113,read,measured,,,,,93.2593,,ok,0.4224
37.3463,675,,,4.5688,,,,,,126.6838,r1_measured_04114,read,measured,,,,,84.2902,,ok,0.4027
34.4592,568,,,0.7,,,,,,86.9064,r1_measured_04115,read,measured,,,,,51.3412,,ok,0.3418
15.0373,509,,,18.1017,,,,,,106.5466,r1_measured_04116,read,measured,,,,,72.969,,ok,0.3776
101.7687,681,,,0.7563,,,,,,128.9047,r1_measured_04117,read,measured,,,,,25.9325,,ok,0.3636
83.9923,680,,,0.8882,,,,,,123.0588,r1_measured_04118,read,measured,,,,,37.6685,,ok,0.4118
83.0068,567,,,1.4732,,,,,,131.6734,r1_measured_04119,read,measured,,,,,46.7563,,ok,0.3686
36.0632,663,,,0.9151,,,,,,85.3853,r1_measured_04120,read,measured,,,,,47.9776,,ok,0.3584
135.6466,675,,,3.1364,,,,,,154.9696,r1_measured_04121,read,measured,,,,,15.8,,ok,0.3197
138.7276,628,,,1.1894,,,,,,152.8767,r1_measured_04122,read,measured,,,,,12.502,,ok,0.3912
138.0262,509,,,1.888,,,,,,150.8972,r1_measured_04123,read,measured,,,,,10.6042,,ok,0.3206
132.2978,419,,,0.791,,,,,,139.334,r1_measured_04124,read,measured,,,,,5.7327,,ok,0.4102
130.8032,568,,,0.8164,,,,,,153.4254,r1_measured_04125,read,measured,,,,,21.2673,,ok,0.4549
127.1532,689,,,3.9087,,,,,,144.7318,r1_measured_04126,read,measured,,,,,13.24,,ok,0.3541
126.7826,509,,,2.0336,,,,,,148.5807,r1_measured_04127,read,measured,,,,,19.3259,,ok,0.3718
120.0555,629,,,2.1926,,,,,,133.1381,r1_measured_04128,read,measured,,,,,10.2792,,ok,0.5258
119.7262,680,,,1.314,,,,,,166.8822,r1_measured_04129,read,measured,,,,,45.4007,,ok,0.3649
102.3677,663,,,1.5373,,,,,,110.0762,r1_measured_04130,read,measured,,,,,5.703,,ok,0.4024
95.5067,689,,,1.3071,,,,,,113.2964,r1_measured_04131,read,measured,,,,,15.9196,,ok,0.4716
882.5847,663,69.4141,89.5272,5.9357,519.2023,1,89.5252,1,212.4001,924.5326,r1_measured_04132,update,measured,122.8729,41.9479,1,29.6146,35.5004,51.9536,ok,0.4272
119.0672,663,,,3.7204,,,,,,124.5325,r1_measured_04133,read,measured,,,,,1.2571,,ok,0.4066
112.2632,419,,,0.2753,,,,,,119.4453,r1_measured_04134,read,measured,,,,,6.2043,,ok,0.6422
110.1639,689,,,1.5701,,,,,,169.1263,r1_measured_04135,read,measured,,,,,56.883,,ok,0.4198
107.7958,663,,,12.5996,,,,,,169.5542,r1_measured_04136,read,measured,,,,,48.6335,,ok,0.3885
108.2263,419,,,0.4623,,,,,,117.64,r1_measured_04137,read,measured,,,,,8.492,,ok,0.3914
105.1582,689,,,2.248,,,,,,120.3042,r1_measured_04138,read,measured,,,,,12.4657,,ok,0.3543
101.9943,568,,,1.0281,,,,,,120.5763,r1_measured_04139,read,measured,,,,,17.1417,,ok,0.3433
99.6338,679,,,6.5653,,,,,,130.5394,r1_measured_04140,read,measured,,,,,23.8277,,ok,0.4257
98.4004,689,,,0.8936,,,,,,119.6583,r1_measured_04141,read,measured,,,,,19.934,,ok,0.3597
29.183,689,,,0.531,,,,,,52.009,r1_measured_04142,read,measured,,,,,21.8827,,ok,0.3397
691.3375,509,139.2109,24.4372,0.4984,312.8764,1,24.4359,1,163.8841,707.0173,r1_measured_04143,update,measured,139.4469,15.6798,1,41.6297,14.7772,33.7364,ok,0.3415
66.8647,629,,,0.546,,,,,,105.2453,r1_measured_04144,read,measured,,,,,37.4384,,ok,0.3335
49.7068,680,,,0.5673,,,,,,374.9352,r1_measured_04145,read,measured,,,,,3.3238,,ok,0.3601
70.0696,680,,,0.5359,,,,,,83.5933,r1_measured_04146,read,measured,,,,,12.5312,,ok,0.3794
69.8374,663,,,0.6916,,,,,,93.3571,r1_measured_04147,read,measured,,,,,22.3715,,ok,0.3881
43.2464,674,,,0.6125,,,,,,87.8055,r1_measured_04148,read,measured,,,,,43.5312,,ok,0.3457
42.2144,680,,,0.6039,,,,,,78.9718,r1_measured_04149,read,measured,,,,,35.7151,,ok,0.3635
41.4192,663,,,0.9461,,,,,,87.302,r1_measured_04150,read,measured,,,,,44.5388,,ok,0.3293
675.0514,419,137.1157,39.5043,0.2788,276.0528,0,39.5025,1,185.9552,958.1699,r1_measured_04151,update,measured,146.4509,283.1185,1,45.168,1.8626,30.7597,ok,0.344
62.6914,681,,,0.4927,,,,,,90.0011,r1_measured_04152,read,measured,,,,,26.3924,,ok,0.3419
42.3767,681,,,0.7218,,,,,,76.4538,r1_measured_04153,read,measured,,,,,32.9551,,ok,0.3293
42.1926,688,,,0.8585,,,,,,66.7218,r1_measured_04154,read,measured,,,,,23.2568,,ok,0.3447
39.9827,689,,,1.3154,,,,,,70.3864,r1_measured_04155,read,measured,,,,,28.6773,,ok,0.339
39.3319,369,,,0.2696,,,,,,48.9846,r1_measured_04156,read,measured,,,,,8.9716,,ok,0.3558
77.0834,567,,,1.3898,,,,,,92.6667,r1_measured_04157,read,measured,,,,,13.7727,,ok,0.3513
76.7658,680,,,5.5102,,,,,,90.6355,r1_measured_04158,read,measured,,,,,7.9313,,ok,0.3626
71.8785,675,,,0.8217,,,,,,81.9998,r1_measured_04159,read,measured,,,,,8.8922,,ok,0.3345
71.218,689,,,5.1924,,,,,,99.7561,r1_measured_04160,read,measured,,,,,22.769,,ok,0.4962
856.825,568,31.2772,71.5818,1.5693,492.7654,1,71.5802,1,214.5746,905.2924,r1_measured_04161,update,measured,142.9928,48.4674,1,77.5958,46.4673,40.612,ok,0.3645
67.2725,675,,,1.4809,,,,,,87.5216,r1_measured_04162,read,measured,,,,,18.3471,,ok,0.3529
61.5634,418,,,0.4938,,,,,,66.308,r1_measured_04163,read,measured,,,,,3.6267,,ok,0.5528
33.3509,689,,,1.8856,,,,,,47.4983,r1_measured_04164,read,measured,,,,,11.8579,,ok,0.3356
32.7229,689,,,0.4925,,,,,,43.0192,r1_measured_04165,read,measured,,,,,9.401,,ok,0.3364
30.6318,689,,,0.5583,,,,,,51.2653,r1_measured_04166,read,measured,,,,,19.6198,,ok,0.3842
50.8272,689,,,1.9046,,,,,,89.6282,r1_measured_04167,read,measured,,,,,36.1665,,ok,0.6381
69.7075,689,,,6.5605,,,,,,110.2184,r1_measured_04168,read,measured,,,,,33.4998,,ok,0.3814
47.6872,663,,,1.403,,,,,,98.2899,r1_measured_04169,read,measured,,,,,48.7677,,ok,0.3562
45.9391,680,,,0.9654,,,,,,93.3297,r1_measured_04170,read,measured,,,,,45.9954,,ok,0.3478
44.3072,663,,,0.7652,,,,,,96.0408,r1_measured_04171,read,measured,,,,,50.5483,,ok,0.3434
61.4096,681,,,6.9915,,,,,,103.3427,r1_measured_04172,read,measured,,,,,34.5067,,ok,0.368
683.6185,369,78.3313,68.4981,0.2498,330.7257,1,68.4963,1,190.8234,897.5683,r1_measured_04173,update,measured,122.3253,213.9498,1,31.1551,6.7281,52.583,ok,0.3418
65.7982,674,,,0.8641,,,,,,88.5674,r1_measured_04174,read,measured,,,,,21.494,,ok,0.3394
932.42,419,67.8626,37.9236,0.2938,293.9023,1,37.9221,1,186.8142,961.7317,r1_measured_04175,update,measured,148.8906,29.3117,1,0.0061,28.6053,383.8348,ok,0.3522
61.4787,663,,,0.5476,,,,,,80.8959,r1_measured_04176,read,measured,,,,,18.4149,,ok,0.3707
53.2063,689,,,3.4002,,,,,,74.7273,r1_measured_04177,read,measured,,,,,17.6525,,ok,0.3763
48.5094,568,,,1.8463,,,,,,61.7151,r1_measured_04178,read,measured,,,,,10.918,,ok,0.373
914.1809,629,61.5118,80.0289,2.0295,531.6339,1,80.0273,1,200.2218,993.5472,r1_measured_04179,update,measured,120.1929,79.3663,1,64.5671,76.9081,56.2463,ok,0.3477
78.8529,675,,,2.4519,,,,,,107.0722,r1_measured_04180,read,measured,,,,,25.362,,ok,0.3347
88.3652,680,,,1.7512,,,,,,108.6438,r1_measured_04181,read,measured,,,,,18.1168,,ok,0.3298
87.2557,628,,,0.7285,,,,,,169.2251,r1_measured_04182,read,measured,,,,,26.7819,,ok,0.3868
70.9857,629,,,1.0962,,,,,,105.0803,r1_measured_04183,read,measured,,,,,32.5898,,ok,0.3403
70.2684,509,,,0.614,,,,,,108.2369,r1_measured_04184,read,measured,,,,,36.8527,,ok,0.436
83.4222,629,,,0.5338,,,,,,96.0044,r1_measured_04185,read,measured,,,,,11.6272,,ok,0.3491
67.8353,568,,,0.6844,,,,,,97.6179,r1_measured_04186,read,measured,,,,,28.6367,,ok,0.3916
66.5234,663,,,0.5558,,,,,,105.8566,r1_measured_04187,read,measured,,,,,38.3766,,ok,0.3368
75.219,509,,,1.2587,,,,,,95.1689,r1_measured_04188,read,measured,,,,,18.2414,,ok,0.3783
76.098,663,,,7.9138,,,,,,113.7617,r1_measured_04189,read,measured,,,,,29.2261,,ok,0.4359
63.7574,680,,,0.5322,,,,,,98.8661,r1_measured_04190,read,measured,,,,,34.1156,,ok,0.3855
62.8919,663,,,0.7471,,,,,,92.5573,r1_measured_04191,read,measured,,,,,28.4622,,ok,0.3796
71.3997,369,,,0.2545,,,,,,81.3969,r1_measured_04192,read,measured,,,,,9.3457,,ok,0.3439
56.0547,680,,,0.5517,,,,,,93.248,r1_measured_04193,read,measured,,,,,36.2137,,ok,0.3599
66.3066,680,,,1.0129,,,,,,87.2479,r1_measured_04194,read,measured,,,,,19.4506,,ok,0.4066
64.6149,629,,,1.0539,,,,,,79.1232,r1_measured_04195,read,measured,,,,,13.0118,,ok,0.3671
63.0714,369,,,0.2571,,,,,,72.7585,r1_measured_04196,read,measured,,,,,9.0116,,ok,0.3596
55.9451,369,,,1.314,,,,,,69.9677,r1_measured_04197,read,measured,,,,,12.3072,,ok,0.3451
55.7228,681,,,0.5568,,,,,,81.0432,r1_measured_04198,read,measured,,,,,24.3385,,ok,0.3605
38.4016,689,,,2.8887,,,,,,62.826,r1_measured_04199,read,measured,,,,,21.0721,,ok,0.3831
62.28,679,,,0.7614,,,,,,77.1051,r1_measured_04200,read,measured,,,,,13.6473,,ok,0.3469
60.0122,509,,,3.676,,,,,,91.3951,r1_measured_04201,read,measured,,,,,27.1912,,ok,0.4495
63.1906,508,,,2.353,,,,,,78.105,r1_measured_04202,read,measured,,,,,12.1356,,ok,0.3637
59.8798,663,,,0.6679,,,,,,65.9938,r1_measured_04203,read,measured,,,,,5.0262,,ok,0.3556
59.7194,568,,,0.4917,,,,,,75.7016,r1_measured_04204,read,measured,,,,,15.0464,,ok,0.3801
54.7418,419,,,0.2776,,,,,,65.4259,r1_measured_04205,read,measured,,,,,9.9738,,ok,0.3726
52.9429,627,,,1.1408,,,,,,69.6367,r1_measured_04206,read,measured,,,,,14.853,,ok,0.6243
51.2645,675,,,0.6679,,,,,,72.4088,r1_measured_04207,read,measured,,,,,19.9564,,ok,0.4448
25.4549,629,,,1.8791,,,,,,42.1,r1_measured_04208,read,measured,,,,,14.3265,,ok,0.3708
794.2981,629,63.7104,23.9291,1.9835,478.8192,0,23.9271,1,159.2132,1465.2968,r1_measured_04209,update,measured,135.2841,670.9987,1,40.1931,26.6048,52.3622,ok,0.3648
21.36,369,,,0.2323,,,,,,26.9629,r1_measured_04210,read,measured,,,,,4.9815,,ok,0.3355
22.2205,663,,,1.745,,,,,,44.3427,r1_measured_04211,read,measured,,,,,19.853,,ok,0.4457
47.4405,663,,,3.4286,,,,,,94.4391,r1_measured_04212,read,measured,,,,,43.0875,,ok,0.4029
68.6252,568,,,0.5228,,,,,,92.7767,r1_measured_04213,read,measured,,,,,23.2048,,ok,0.3545
51.8845,681,,,5.1822,,,,,,88.2621,r1_measured_04214,read,measured,,,,,30.6451,,ok,0.459
104.4382,681,,,1.2359,,,,,,156.3029,r1_measured_04215,read,measured,,,,,50.2118,,ok,0.3402
52.5153,509,,,0.5949,,,,,,81.8307,r1_measured_04216,read,measured,,,,,28.256,,ok,0.3898
112.0788,663,,,0.6273,,,,,,127.3971,r1_measured_04217,read,measured,,,,,14.2534,,ok,0.3564
52.9648,679,,,0.8801,,,,,,80.1078,r1_measured_04218,read,measured,,,,,25.8008,,ok,0.3802
97.3936,675,,,0.5298,,,,,,142.8592,r1_measured_04219,read,measured,,,,,44.3681,,ok,0.4964
87.6358,689,,,4.5532,,,,,,142.88,r1_measured_04220,read,measured,,,,,50.2441,,ok,0.3671
85.5679,680,,,0.5948,,,,,,132.9082,r1_measured_04221,read,measured,,,,,46.3214,,ok,0.3472
84.552,663,,,0.5604,,,,,,111.8056,r1_measured_04222,read,measured,,,,,26.2334,,ok,0.3835
81.2277,629,,,2.0429,,,,,,125.9089,r1_measured_04223,read,measured,,,,,42.2224,,ok,0.3421
78.7492,508,,,1.4299,,,,,,139.1664,r1_measured_04224,read,measured,,,,,58.5208,,ok,0.3901
84.2106,567,,,1.7532,,,,,,139.2219,r1_measured_04225,read,measured,,,,,52.7944,,ok,0.3913
85.8534,568,,,4.9756,,,,,,117.5702,r1_measured_04226,read,measured,,,,,26.303,,ok,0.3205
83.5874,509,,,0.8279,,,,,,149.8127,r1_measured_04227,read,measured,,,,,64.9743,,ok,0.3613
80.4606,629,,,1.4316,,,,,,145.4667,r1_measured_04228,read,measured,,,,,63.1206,,ok,0.3819
71.4378,628,,,2.3843,,,,,,136.3738,r1_measured_04229,read,measured,,,,,62.0397,,ok,0.4234
77.0392,688,,,0.7366,,,,,,108.8223,r1_measured_04230,read,measured,,,,,30.6201,,ok,0.356
73.2245,675,,,4.2609,,,,,,112.9747,r1_measured_04231,read,measured,,,,,35.0573,,ok,0.3537
30.4876,509,,,2.0688,,,,,,61.9007,r1_measured_04232,read,measured,,,,,28.8704,,ok,0.4047
54.7605,679,,,1.5969,,,,,,73.9677,r1_measured_04233,read,measured,,,,,17.157,,ok,0.3754
52.6992,509,,,0.8778,,,,,,88.0683,r1_measured_04234,read,measured,,,,,34.0314,,ok,0.394
51.9409,368,,,0.2378,,,,,,66.8699,r1_measured_04235,read,measured,,,,,14.3114,,ok,0.3281
48.4843,663,,,1.226,,,,,,70.6131,r1_measured_04236,read,measured,,,,,20.4506,,ok,0.3703
44.1835,629,,,1.4558,,,,,,83.523,r1_measured_04237,read,measured,,,,,37.4333,,ok,0.379
19.6363,509,,,0.7369,,,,,,39.1828,r1_measured_04238,read,measured,,,,,18.3228,,ok,0.4179
16.0877,419,,,0.2959,,,,,,20.6364,r1_measured_04239,read,measured,,,,,3.8665,,ok,0.3308
42.1726,675,,,0.8187,,,,,,78.5108,r1_measured_04240,read,measured,,,,,35.0639,,ok,0.3712
57.8026,679,,,1.5652,,,,,,86.9367,r1_measured_04241,read,measured,,,,,27.0241,,ok,0.4447
55.8125,509,,,2.2192,,,,,,86.9867,r1_measured_04242,read,measured,,,,,28.5023,,ok,0.3731
51.7,675,,,2.881,,,,,,84.3033,r1_measured_04243,read,measured,,,,,29.2651,,ok,0.3627
49.1982,509,,,2.0225,,,,,,98.0204,r1_measured_04244,read,measured,,,,,46.395,,ok,0.3347
50.3759,681,,,0.6464,,,,,,67.0226,r1_measured_04245,read,measured,,,,,15.5195,,ok,0.3932
46.6146,663,,,0.6825,,,,,,333.4032,r1_measured_04246,read,measured,,,,,53.2551,,ok,0.3771
44.5273,689,,,2.824,,,,,,92.6803,r1_measured_04247,read,measured,,,,,44.9107,,ok,0.341
44.384,689,,,2.6035,,,,,,70.2577,r1_measured_04248,read,measured,,,,,22.8108,,ok,0.3739
51.7788,663,,,0.5318,,,,,,70.6388,r1_measured_04249,read,measured,,,,,17.891,,ok,0.3575
42.1046,663,,,3.0928,,,,,,87.072,r1_measured_04250,read,measured,,,,,41.4326,,ok,0.3474
41.3176,680,,,1.8559,,,,,,76.679,r1_measured_04251,read,measured,,,,,33.0258,,ok,0.3962
54.4228,419,,,0.3015,,,,,,62.4079,r1_measured_04252,read,measured,,,,,7.1673,,ok,0.4446
52.3145,509,,,1.5609,,,,,,70.8623,r1_measured_04253,read,measured,,,,,16.4734,,ok,0.431
50.3051,568,,,0.7665,,,,,,73.0168,r1_measured_04254,read,measured,,,,,21.4518,,ok,0.4141
74.1263,675,,,0.5718,,,,,,89.4203,r1_measured_04255,read,measured,,,,,14.2554,,ok,0.3947
629.2771,419,30.7894,51.0629,0.2894,281.5694,0,51.0609,1,237.987,662.6684,r1_measured_04256,update,measured,186.9241,33.3913,1,40.0925,32.6796,38.8388,ok,0.3582
72.0875,663,,,1.1052,,,,,,83.4425,r1_measured_04257,read,measured,,,,,9.7729,,ok,0.4016
68.1308,674,,,2.0085,,,,,,86.4263,r1_measured_04258,read,measured,,,,,15.8178,,ok,0.3978
70.6506,663,,,0.8887,,,,,,93.8457,r1_measured_04259,read,measured,,,,,21.8198,,ok,0.4066
586.7106,369,58.0492,41.2257,0.2615,228.6795,1,41.224,1,233.2119,595.5842,r1_measured_04260,update,measured,191.9862,8.8736,1,26.4261,8.1014,40.3439,ok,0.4433
63.7555,680,,,1.7284,,,,,,85.6381,r1_measured_04261,read,measured,,,,,19.6318,,ok,0.4269
24.9254,568,,,1.1804,,,,,,33.9477,r1_measured_04262,read,measured,,,,,7.2897,,ok,0.4835
22.9522,663,,,4.114,,,,,,42.6162,r1_measured_04263,read,measured,,,,,15.0591,,ok,0.4078
1089.0364,688,66.4164,25.3038,0.6612,646.1371,0,25.3017,1,277.826,1124.6498,r1_measured_04264,update,measured,252.5222,35.6134,1,14.231,34.5279,84.4259,ok,0.3522
142.3632,681,,,10.1078,,,,,,183.6894,r1_measured_04265,read,measured,,,,,30.452,,ok,0.6747
140.7824,680,,,5.3669,,,,,,183.373,r1_measured_04266,read,measured,,,,,36.7256,,ok,0.4124
138.3125,509,,,6.6753,,,,,,163.1192,r1_measured_04267,read,measured,,,,,17.4864,,ok,0.5571
137.6956,663,,,4.3924,,,,,,159.323,r1_measured_04268,read,measured,,,,,16.6343,,ok,0.4936
137.202,629,,,1.934,,,,,,154.7152,r1_measured_04269,read,measured,,,,,15.0774,,ok,0.4133
136.2028,509,,,1.2177,,,,,,154.4236,r1_measured_04270,read,measured,,,,,16.5364,,ok,0.3909
135.5228,687,,,2.7695,,,,,,155.6463,r1_measured_04271,read,measured,,,,,16.8379,,ok,0.4104
132.7528,509,,,0.7625,,,,,,159.5726,r1_measured_04272,read,measured,,,,,25.577,,ok,0.4057
125.2874,679,,,2.6548,,,,,,153.9078,r1_measured_04273,read,measured,,,,,25.465,,ok,0.4137
123.3268,629,,,0.6234,,,,,,148.5932,r1_measured_04274,read,measured,,,,,24.1376,,ok,0.4287
124.113,663,,,0.8805,,,,,,133.001,r1_measured_04275,read,measured,,,,,7.3602,,ok,0.5434
153.0521,675,,,0.7432,,,,,,168.6424,r1_measured_04276,read,measured,,,,,14.3009,,ok,0.4634
152.1069,681,,,0.708,,,,,,160.9341,r1_measured_04277,read,measured,,,,,7.6557,,ok,0.3905
150.2995,629,,,0.5192,,,,,,173.1464,r1_measured_04278,read,measured,,,,,21.8377,,ok,0.4064
144.7106,509,,,1.3366,,,,,,163.4953,r1_measured_04279,read,measured,,,,,17.0368,,ok,0.347
147.6475,681,,,0.6955,,,,,,164.9646,r1_measured_04280,read,measured,,,,,16.1975,,ok,0.3546
142.562,681,,,0.7668,,,,,,155.1147,r1_measured_04281,read,measured,,,,,11.3364,,ok,0.3726
145.0992,628,,,1.3377,,,,,,160.4877,r1_measured_04282,read,measured,,,,,13.6275,,ok,0.3561
137.4736,680,,,0.9841,,,,,,144.7375,r1_measured_04283,read,measured,,,,,5.8245,,ok,0.3818
25.9339,689,,,1.1918,,,,,,96.2982,r1_measured_04284,read,measured,,,,,68.7431,,ok,0.3601
73.84,419,,,0.3388,,,,,,87.4992,r1_measured_04285,read,measured,,,,,12.9081,,ok,0.3536
57.3665,629,,,0.7239,,,,,,83.5308,r1_measured_04286,read,measured,,,,,24.9628,,ok,0.3874
45.8412,680,,,2.3175,,,,,,95.9947,r1_measured_04287,read,measured,,,,,47.4322,,ok,0.336
920.2295,680,216.8965,65.7989,1.0533,488.9614,1,65.7967,1,171.3191,939.1035,r1_measured_04288,update,measured,105.5202,18.874,1,0.0069,17.338,43.0456,ok,0.4037
43.3225,567,,,0.8537,,,,,,94.9167,r1_measured_04289,read,measured,,,,,50.3183,,ok,0.3576
41.4337,628,,,0.5801,,,,,,84.5831,r1_measured_04290,read,measured,,,,,42.1668,,ok,0.3419
39.6295,680,,,1.7387,,,,,,80.9943,r1_measured_04291,read,measured,,,,,39.1816,,ok,0.3769
853.0744,568,177.4421,36.98,0.4619,413.7702,1,36.9779,1,170.7604,888.0197,r1_measured_04292,update,measured,133.7804,34.9453,1,48.9479,34.0372,42.1538,ok,0.359
48.5697,679,,,1.5327,,,,,,73.9585,r1_measured_04293,read,measured,,,,,23.4406,,ok,0.347
46.2095,681,,,1.2592,,,,,,78.3917,r1_measured_04294,read,measured,,,,,30.5048,,ok,0.3507
32.2288,689,,,0.5972,,,,,,76.9103,r1_measured_04295,read,measured,,,,,43.6499,,ok,0.363
29.8318,680,,,1.0024,,,,,,65.4639,r1_measured_04296,read,measured,,,,,34.2129,,ok,0.3491
80.6119,509,,,1.5773,,,,,,115.9692,r1_measured_04297,read,measured,,,,,33.2674,,ok,0.4281
81.5982,629,,,1.0651,,,,,,89.5466,r1_measured_04298,read,measured,,,,,6.4565,,ok,0.36
79.2048,680,,,1.2518,,,,,,123.071,r1_measured_04299,read,measured,,,,,42.1558,,ok,0.3755
78.4128,681,,,0.614,,,,,,179.0631,r1_measured_04300,read,measured,,,,,99.62,,ok,0.3498
77.7755,681,,,2.9486,,,,,,121.1624,r1_measured_04301,read,measured,,,,,39.9927,,ok,0.3722
72.9663,681,,,1.7761,,,,,,131.7421,r1_measured_04302,read,measured,,,,,56.562,,ok,0.3605
74.3699,418,,,0.2923,,,,,,78.9525,r1_measured_04303,read,measured,,,,,3.8825,,ok,0.3529
71.2466,509,,,1.2915,,,,,,156.2491,r1_measured_04304,read,measured,,,,,83.2727,,ok,0.3733
30.647,689,,,1.4581,,,,,,38.4946,r1_measured_04305,read,measured,,,,,5.9602,,ok,0.3614
26.0162,675,,,1.0623,,,,,,78.6849,r1_measured_04306,read,measured,,,,,51.1538,,ok,0.3795
957.9803,629,18.7882,23.0698,1.6638,669.6208,1,23.0681,1,140.615,987.2758,r1_measured_04307,update,measured,117.5452,29.2955,1,56.1861,27.2037,72.7702,ok,0.3428
23.3474,679,,,1.5832,,,,,,75.7274,r1_measured_04308,read,measured,,,,,50.3409,,ok,0.3781
23.6298,675,,,0.7903,,,,,,69.0983,r1_measured_04309,read,measured,,,,,44.2245,,ok,0.3823
18.8819,689,,,2.0047,,,,,,116.2721,r1_measured_04310,read,measured,,,,,94.948,,ok,0.3641
21.8757,629,,,0.6107,,,,,,110.7067,r1_measured_04311,read,measured,,,,,87.776,,ok,0.3716
30.2094,568,,,2.0459,,,,,,104.4694,r1_measured_04312,read,measured,,,,,71.7949,,ok,0.3524
46.6773,680,,,1.1625,,,,,,70.8953,r1_measured_04313,read,measured,,,,,22.5823,,ok,0.3908
52.6814,509,,,0.5329,,,,,,106.8557,r1_measured_04314,read,measured,,,,,53.2299,,ok,0.3411
43.6013,509,,,8.7988,,,,,,81.7699,r1_measured_04315,read,measured,,,,,28.8748,,ok,0.419
41.9186,688,,,0.5525,,,,,,116.9367,r1_measured_04316,read,measured,,,,,5.0609,,ok,0.3649
54.1525,568,,,0.7535,,,,,,93.4564,r1_measured_04317,read,measured,,,,,38.1563,,ok,0.3287
51.7925,509,,,0.418,,,,,,94.8247,r1_measured_04318,read,measured,,,,,42.2227,,ok,0.3305
50.941,680,,,5.3719,,,,,,103.7282,r1_measured_04319,read,measured,,,,,46.992,,ok,0.3533
28.0524,419,,,0.2651,,,,,,54.0425,r1_measured_04320,read,measured,,,,,25.3008,,ok,0.3691
36.5877,681,,,0.553,,,,,,55.1213,r1_measured_04321,read,measured,,,,,17.5199,,ok,0.3787
34.0968,680,,,2.756,,,,,,91.3489,r1_measured_04322,read,measured,,,,,53.9,,ok,0.5032
25.0994,679,,,3.3131,,,,,,102.6958,r1_measured_04323,read,measured,,,,,73.7736,,ok,0.4316
97.4938,368,,,0.2525,,,,,,104.668,r1_measured_04324,read,measured,,,,,6.5015,,ok,0.3643
817.6226,419,32.7395,61.9304,0.3034,506.3007,0,61.9286,1,201.0108,821.9832,r1_measured_04325,update,measured,139.0804,4.3606,1,0.0058,3.6115,77.5658,ok,0.3871
60.9605,419,,,0.283,,,,,,91.7914,r1_measured_04326,read,measured,,,,,30.1156,,ok,0.3757
60.7123,689,,,1.0474,,,,,,106.9014,r1_measured_04327,read,measured,,,,,44.6373,,ok,0.373
57.2319,689,,,8.381,,,,,,89.4332,r1_measured_04328,read,measured,,,,,23.3653,,ok,0.3808
64.2861,568,,,1.5209,,,,,,89.7406,r1_measured_04329,read,measured,,,,,23.4857,,ok,0.3687
29.3477,629,,,3.9045,,,,,,85.7279,r1_measured_04330,read,measured,,,,,52.0309,,ok,0.3792
28.658,675,,,0.5136,,,,,,78.5768,r1_measured_04331,read,measured,,,,,48.9712,,ok,0.3611
27.2677,675,,,0.9448,,,,,,69.9779,r1_measured_04332,read,measured,,,,,41.2268,,ok,0.4704
22.402,680,,,2.5611,,,,,,721.6923,r1_measured_04333,read,measured,,,,,217.2952,,ok,0.353
21.1204,663,,,2.2087,,,,,,60.3001,r1_measured_04334,read,measured,,,,,36.5046,,ok,0.3931
19.2004,419,,,0.3019,,,,,,40.414,r1_measured_04335,read,measured,,,,,20.4614,,ok,0.394
19.4063,679,,,3.9685,,,,,,63.9816,r1_measured_04336,read,measured,,,,,40.1483,,ok,0.3595
72.6281,568,,,1.2961,,,,,,78.3616,r1_measured_04337,read,measured,,,,,3.8665,,ok,0.5057
911.9936,675,29.27,69.1618,1.7326,573.6394,1,69.1601,1,217.1173,923.8283,r1_measured_04338,update,measured,147.9555,11.8347,1,40.4331,9.6594,51.5338,ok,0.369
67.4939,568,,,0.7532,,,,,,87.6434,r1_measured_04339,read,measured,,,,,18.9319,,ok,0.4021
66.9679,675,,,2.0564,,,,,,73.274,r1_measured_04340,read,measured,,,,,3.8296,,ok,0.3517
58.8304,689,,,0.5922,,,,,,70.0938,r1_measured_04341,read,measured,,,,,10.2546,,ok,0.3475
36.4663,629,,,3.2396,,,,,,54.1038,r1_measured_04342,read,measured,,,,,13.9899,,ok,0.3419
36.5057,675,,,1.1238,,,,,,50.2773,r1_measured_04343,read,measured,,,,,12.2149,,ok,0.3576
926.6101,681,50.2029,29.2439,1.2153,610.5436,1,29.2422,1,152.3006,967.716,r1_measured_04344,update,measured,123.0567,41.1059,1,48.5728,39.4499,64.9902,ok,0.3667
863.6423,688,29.6581,26.2776,0.8797,639.0819,1,26.2761,1,150.8112,898.8906,r1_measured_04345,update,measured,124.5336,35.2483,1,0.0056,33.9288,44.0855,ok,0.3679
24.2788,688,,,0.5236,,,,,,45.4563,r1_measured_04346,read,measured,,,,,20.0849,,ok,0.4997
684.4584,369,59.2775,21.8461,0.6209,436.6143,0,21.8446,1,135.6654,691.5297,r1_measured_04347,update,measured,113.8193,7.0713,1,0.0052,6.0433,52.896,ok,0.3537
18.0133,680,,,0.8722,,,,,,28.104,r1_measured_04348,read,measured,,,,,8.7988,,ok,0.3539
42.0051,681,,,5.1181,,,,,,77.1279,r1_measured_04349,read,measured,,,,,29.5145,,ok,0.4025
39.5304,509,,,0.5551,,,,,,51.0624,r1_measured_04350,read,measured,,,,,10.5559,,ok,0.3574
36.54,509,,,0.932,,,,,,78.6929,r1_measured_04351,read,measured,,,,,40.7683,,ok,0.3822
35.1059,675,,,0.6074,,,,,,81.6475,r1_measured_04352,read,measured,,,,,45.4963,,ok,0.3648
33.6872,629,,,0.8944,,,,,,44.7511,r1_measured_04353,read,measured,,,,,9.549,,ok,0.5234
33.9789,419,,,0.5617,,,,,,38.1859,r1_measured_04354,read,measured,,,,,2.8655,,ok,0.6658
27.3446,680,,,0.6226,,,,,,66.3755,r1_measured_04355,read,measured,,,,,37.9344,,ok,0.3927
20.4805,663,,,0.6451,,,,,,34.2478,r1_measured_04356,read,measured,,,,,12.5976,,ok,0.4488
20.5236,663,,,3.0421,,,,,,62.624,r1_measured_04357,read,measured,,,,,38.5275,,ok,0.4567
68.6304,368,,,0.2494,,,,,,91.3093,r1_measured_04358,read,measured,,,,,22.0167,,ok,0.3577
68.4859,509,,,2.6546,,,,,,139.799,r1_measured_04359,read,measured,,,,,68.2475,,ok,0.3505
64.5314,675,,,0.6346,,,,,,153.4111,r1_measured_04360,read,measured,,,,,87.8378,,ok,0.3383
63.1721,628,,,3.1649,,,,,,139.4411,r1_measured_04361,read,measured,,,,,72.6779,,ok,0.3537
75.657,680,,,0.6903,,,,,,595.0848,r1_measured_04362,read,measured,,,,,37.4061,,ok,0.3635
60.3737,568,,,0.874,,,,,,93.6136,r1_measured_04363,read,measured,,,,,31.957,,ok,0.3277
71.173,663,,,1.6329,,,,,,143.5289,r1_measured_04364,read,measured,,,,,70.2959,,ok,0.3585
60.9455,629,,,1.4171,,,,,,131.6678,r1_measured_04365,read,measured,,,,,68.8776,,ok,0.3369
55.0197,689,,,2.0063,,,,,,113.6447,r1_measured_04366,read,measured,,,,,56.1589,,ok,0.3854
41.8174,568,,,1.645,,,,,,379.0312,r1_measured_04367,read,measured,,,,,12.3149,,ok,0.3705
65.1253,568,,,5.9938,,,,,,179.5672,r1_measured_04368,read,measured,,,,,107.981,,ok,0.398
64.8153,689,,,0.712,,,,,,184.4614,r1_measured_04369,read,measured,,,,,118.4951,,ok,0.3551
43.3161,629,,,0.5376,,,,,,102.5625,r1_measured_04370,read,measured,,,,,58.3091,,ok,0.3319
40.9421,629,,,1.3748,,,,,,84.2143,r1_measured_04371,read,measured,,,,,41.3131,,ok,0.5156
835.3262,629,30.4995,38.1779,1.1452,568.1071,0,38.1759,1,174.9561,856.5363,r1_measured_04372,update,measured,136.7782,21.2101,1,32.0887,19.5993,29.6748,ok,0.3861
68.6374,680,,,3.1323,,,,,,103.3035,r1_measured_04373,read,measured,,,,,31.1055,,ok,0.3542
51.7462,629,,,0.8078,,,,,,151.5873,r1_measured_04374,read,measured,,,,,98.5148,,ok,0.4194
50.6183,629,,,3.6452,,,,,,118.8064,r1_measured_04375,read,measured,,,,,63.988,,ok,0.3975
45.0452,680,,,1.2021,,,,,,515.2284,r1_measured_04376,read,measured,,,,,19.0946,,ok,0.3573
103.7861,675,,,0.5869,,,,,,121.4797,r1_measured_04377,read,measured,,,,,16.5778,,ok,0.4405
73.5279,419,,,0.2732,,,,,,104.8851,r1_measured_04378,read,measured,,,,,30.6578,,ok,0.3666
37.2152,689,,,0.7318,,,,,,100.8297,r1_measured_04379,read,measured,,,,,62.4311,,ok,0.3797
36.4964,680,,,0.9715,,,,,,104.6155,r1_measured_04380,read,measured,,,,,66.6839,,ok,0.3965
35.5538,689,,,1.5897,,,,,,94.7904,r1_measured_04381,read,measured,,,,,57.25,,ok,0.332
46.3752,629,,,0.7994,,,,,,92.6003,r1_measured_04382,read,measured,,,,,45.0019,,ok,0.3549
81.5238,567,,,3.0178,,,,,,101.4726,r1_measured_04383,read,measured,,,,,16.4921,,ok,0.3752
76.1767,509,,,2.364,,,,,,97.5438,r1_measured_04384,read,measured,,,,,18.5293,,ok,0.3979
74.3321,674,,,2.5199,,,,,,98.3468,r1_measured_04385,read,measured,,,,,20.7159,,ok,0.6457
71.8076,681,,,1.4202,,,,,,100.2208,r1_measured_04386,read,measured,,,,,26.5409,,ok,0.3758
69.7808,509,,,1.3867,,,,,,101.6223,r1_measured_04387,read,measured,,,,,30.0103,,ok,0.3836
68.0338,629,,,0.5387,,,,,,101.6259,r1_measured_04388,read,measured,,,,,32.619,,ok,0.3655
63.3457,419,,,0.264,,,,,,70.4229,r1_measured_04389,read,measured,,,,,6.4059,,ok,0.3543
18.8182,419,,,0.3016,,,,,,27.6934,r1_measured_04390,read,measured,,,,,8.1773,,ok,0.3454
18.1743,675,,,0.584,,,,,,33.8245,r1_measured_04391,read,measured,,,,,14.6181,,ok,0.3773
17.4263,629,,,4.5944,,,,,,553.848,r1_measured_04392,read,measured,,,,,20.1676,,ok,0.3733
13.2789,629,,,1.05,,,,,,42.6041,r1_measured_04393,read,measured,,,,,27.8306,,ok,0.377
16.0574,509,,,2.5649,,,,,,37.4543,r1_measured_04394,read,measured,,,,,18.3959,,ok,0.3739
10.4538,568,,,2.1429,,,,,,26.708,r1_measured_04395,read,measured,,,,,13.6578,,ok,0.3847
36.8284,663,,,0.9925,,,,,,62.2213,r1_measured_04396,read,measured,,,,,23.9568,,ok,0.3741
44.2637,663,,,1.8592,,,,,,92.9489,r1_measured_04397,read,measured,,,,,46.3582,,ok,0.3945
42.6696,418,,,3.2549,,,,,,56.4185,r1_measured_04398,read,measured,,,,,10.1087,,ok,0.332
32.1969,675,,,0.7055,,,,,,65.08,r1_measured_04399,read,measured,,,,,31.7634,,ok,0.3456
29.6727,680,,,1.4972,,,,,,72.1561,r1_measured_04400,read,measured,,,,,40.4789,,ok,0.4362
37.7024,689,,,1.4764,,,,,,54.3813,r1_measured_04401,read,measured,,,,,14.7639,,ok,0.3725
34.286,675,,,2.2027,,,,,,61.546,r1_measured_04402,read,measured,,,,,24.6758,,ok,0.3154
815.0425,680,120.1873,22.8374,1.2995,551.6846,1,22.8357,1,87.718,844.7626,r1_measured_04403,update,measured,64.8806,29.7201,1,6.483,28.0034,48.9696,ok,0.3489
21.5174,629,,,3.4639,,,,,,57.5501,r1_measured_04404,read,measured,,,,,32.1728,,ok,0.3326
20.6603,568,,,0.7039,,,,,,42.1446,r1_measured_04405,read,measured,,,,,20.3337,,ok,0.3828
47.4753,509,,,0.6255,,,,,,78.7963,r1_measured_04406,read,measured,,,,,30.1974,,ok,0.435
46.6824,369,,,0.2341,,,,,,51.1734,r1_measured_04407,read,measured,,,,,3.8907,,ok,0.3189
46.4503,689,,,0.9459,,,,,,54.8542,r1_measured_04408,read,measured,,,,,6.8792,,ok,0.498
44.1531,688,,,0.6289,,,,,,81.9193,r1_measured_04409,read,measured,,,,,36.684,,ok,0.3717
42.0841,567,,,0.5501,,,,,,56.4822,r1_measured_04410,read,measured,,,,,13.3844,,ok,0.3977
40.3926,675,,,3.3104,,,,,,63.6437,r1_measured_04411,read,measured,,,,,19.4631,,ok,0.404
28.0404,663,,,1.1176,,,,,,77.4485,r1_measured_04412,read,measured,,,,,47.7901,,ok,0.4106
28.0672,680,,,3.4995,,,,,,88.865,r1_measured_04413,read,measured,,,,,56.8176,,ok,0.3869
25.1584,509,,,5.0718,,,,,,80.9757,r1_measured_04414,read,measured,,,,,50.2353,,ok,0.4148
23.0476,369,,,0.2628,,,,,,28.0941,r1_measured_04415,read,measured,,,,,4.3822,,ok,0.3477
17.6652,419,,,0.2816,,,,,,23.7835,r1_measured_04416,read,measured,,,,,5.3998,,ok,0.3778
15.5999,663,,,2.5824,,,,,,74.4656,r1_measured_04417,read,measured,,,,,55.8064,,ok,0.3985
17.9143,568,,,2.1981,,,,,,28.5861,r1_measured_04418,read,measured,,,,,8.0353,,ok,0.3758
15.4794,509,,,0.6294,,,,,,76.9389,r1_measured_04419,read,measured,,,,,60.3584,,ok,0.4002
25.9826,689,,,1.1189,,,,,,63.1948,r1_measured_04420,read,measured,,,,,35.4569,,ok,0.559
790.4039,689,26.0923,23.6829,1.7152,438.0896,1,23.6809,1,86.3746,820.4229,r1_measured_04421,update,measured,62.6917,30.019,1,171.1722,27.8928,68.6752,ok,0.3476
20.2072,680,,,0.7641,,,,,,61.4029,r1_measured_04422,read,measured,,,,,39.7434,,ok,0.5957
11.8094,663,,,1.6738,,,,,,57.1124,r1_measured_04423,read,measured,,,,,43.1299,,ok,0.4146
9.6707,568,,,0.5287,,,,,,61.6371,r1_measured_04424,read,measured,,,,,50.9847,,ok,0.3826
13.422,568,,,0.6121,,,,,,57.9187,r1_measured_04425,read,measured,,,,,43.4332,,ok,0.3802
818.522,681,59.192,8.5899,0.8734,421.7923,1,8.5883,1,241.2396,863.7077,r1_measured_04426,update,measured,232.6497,45.1857,1,42.6688,43.8838,53.6293,ok,0.3576
34.3658,680,,,1.3916,,,,,,61.9188,r1_measured_04427,read,measured,,,,,25.684,,ok,0.3971
31.4786,675,,,0.7197,,,,,,55.5136,r1_measured_04428,read,measured,,,,,22.8547,,ok,0.3831
34.4759,509,,,4.7385,,,,,,58.4214,r1_measured_04429,read,measured,,,,,18.7315,,ok,0.4119
28.1882,688,,,1.3787,,,,,,43.6371,r1_measured_04430,read,measured,,,,,13.5686,,ok,0.4129
26.4453,509,,,3.9621,,,,,,195.2798,r1_measured_04431,read,measured,,,,,164.3307,,ok,0.4512
22.0666,629,,,1.5148,,,,,,503.9749,r1_measured_04432,read,measured,,,,,14.0139,,ok,0.4128
20.6199,369,,,0.2618,,,,,,24.0937,r1_measured_04433,read,measured,,,,,2.7826,,ok,0.3739
19.1164,629,,,0.8567,,,,,,26.8926,r1_measured_04434,read,measured,,,,,6.3932,,ok,0.4407
17.7491,509,,,0.7076,,,,,,28.7858,r1_measured_04435,read,measured,,,,,9.869,,ok,0.3793
16.3155,419,,,0.2958,,,,,,22.0518,r1_measured_04436,read,measured,,,,,4.9952,,ok,0.3862
185.9053,681,,,0.8,,,,,,217.0167,r1_measured_04437,read,measured,,,,,29.8525,,ok,0.3763
207.447,509,,,1.4114,,,,,,256.3352,r1_measured_04438,read,measured,,,,,47.0864,,ok,0.3286
206.4874,680,,,1.8885,,,,,,221.0119,r1_measured_04439,read,measured,,,,,12.2195,,ok,0.3413
178.6456,675,,,0.908,,,,,,250.8227,r1_measured_04440,read,measured,,,,,70.8416,,ok,0.3543
193.6355,509,,,0.4449,,,,,,238.0627,r1_measured_04441,read,measured,,,,,43.553,,ok,0.3639
171.8558,568,,,4.1143,,,,,,214.5316,r1_measured_04442,read,measured,,,,,38.1114,,ok,0.3824
184.2642,509,,,0.4614,,,,,,243.738,r1_measured_04443,read,measured,,,,,58.6111,,ok,0.336
697.1996,369,55.4759,182.9656,0.2736,302.8265,1,182.9637,1,283.4729,713.4941,r1_measured_04444,update,measured,100.5073,16.2945,1,20.5717,15.6148,34.8526,ok,0.3451
205.5922,688,,,1.0828,,,,,,410.6337,r1_measured_04445,read,measured,,,,,13.1636,,ok,0.817
220.194,681,,,0.9144,,,,,,253.0453,r1_measured_04446,read,measured,,,,,31.491,,ok,0.3689
202.6629,689,,,1.4875,,,,,,238.8392,r1_measured_04447,read,measured,,,,,34.2682,,ok,0.3427
209.0183,629,,,0.8817,,,,,,237.9655,r1_measured_04448,read,measured,,,,,27.4613,,ok,0.5226
53.4019,629,,,1.1062,,,,,,100.9795,r1_measured_04449,read,measured,,,,,45.7704,,ok,0.6262
54.4655,419,,,0.2844,,,,,,62.3536,r1_measured_04450,read,measured,,,,,7.2029,,ok,0.3464
53.317,689,,,2.0224,,,,,,67.9996,r1_measured_04451,read,measured,,,,,12.1776,,ok,0.409
51.5352,568,,,1.0986,,,,,,74.396,r1_measured_04452,read,measured,,,,,21.2833,,ok,0.4088
49.1465,679,,,1.0756,,,,,,66.0562,r1_measured_04453,read,measured,,,,,15.2289,,ok,0.4595
48.135,629,,,1.4534,,,,,,71.2624,r1_measured_04454,read,measured,,,,,21.2242,,ok,0.3817
44.6151,509,,,7.7156,,,,,,77.0864,r1_measured_04455,read,measured,,,,,24.2822,,ok,0.4118
25.8805,568,,,0.9949,,,,,,45.0588,r1_measured_04456,read,measured,,,,,17.6712,,ok,0.4459
24.5712,568,,,1.8373,,,,,,41.9328,r1_measured_04457,read,measured,,,,,14.9949,,ok,0.4571
45.732,680,,,15.6617,,,,,,78.4573,r1_measured_04458,read,measured,,,,,16.5762,,ok,0.3937
48.728,689,,,0.8341,,,,,,447.1579,r1_measured_04459,read,measured,,,,,10.413,,ok,0.3516
40.9817,689,,,10.0031,,,,,,72.8255,r1_measured_04460,read,measured,,,,,21.2763,,ok,0.4558
39.4383,629,,,0.7982,,,,,,255.5153,r1_measured_04461,read,measured,,,,,37.0914,,ok,0.3629
38.5901,629,,,1.2292,,,,,,51.159,r1_measured_04462,read,measured,,,,,10.8717,,ok,0.3926
36.1767,681,,,3.7034,,,,,,50.4158,r1_measured_04463,read,measured,,,,,10.0706,,ok,0.3868
29.1698,688,,,1.0936,,,,,,161.7668,r1_measured_04464,read,measured,,,,,17.5656,,ok,0.4038
25.7352,568,,,5.3079,,,,,,40.1274,r1_measured_04465,read,measured,,,,,8.6397,,ok,0.3729
26.1924,663,,,1.4977,,,,,,37.3291,r1_measured_04466,read,measured,,,,,9.1887,,ok,0.3781
24.4842,369,,,0.2974,,,,,,29.1343,r1_measured_04467,read,measured,,,,,3.9197,,ok,0.3788
38.3394,629,,,0.9391,,,,,,76.5103,r1_measured_04468,read,measured,,,,,36.786,,ok,0.3751
37.4843,629,,,0.541,,,,,,198.0112,r1_measured_04469,read,measured,,,,,1.5175,,ok,0.4604
47.6514,369,,,0.3183,,,,,,55.4653,r1_measured_04470,read,measured,,,,,7.0489,,ok,0.372
45.6703,568,,,1.0184,,,,,,59.9175,r1_measured_04471,read,measured,,,,,12.7991,,ok,0.3597
43.3303,680,,,0.6988,,,,,,66.2739,r1_measured_04472,read,measured,,,,,21.7845,,ok,0.3743
41.7286,629,,,3.5712,,,,,,75.8224,r1_measured_04473,read,measured,,,,,30.0794,,ok,0.373
44.8299,675,,,1.8843,,,,,,80.4662,r1_measured_04474,read,measured,,,,,33.2931,,ok,0.3796
34.9418,689,,,4.2939,,,,,,62.4884,r1_measured_04475,read,measured,,,,,22.7431,,ok,0.4193
28.3052,419,,,0.338,,,,,,34.8253,r1_measured_04476,read,measured,,,,,5.7344,,ok,0.3859
42.479,680,,,2.3581,,,,,,66.7452,r1_measured_04477,read,measured,,,,,21.4763,,ok,0.3591
37.7247,509,,,1.4785,,,,,,78.0323,r1_measured_04478,read,measured,,,,,38.3096,,ok,0.4502
36.9998,689,,,2.5943,,,,,,70.9246,r1_measured_04479,read,measured,,,,,30.8988,,ok,0.3605
38.7307,568,,,2.3532,,,,,,61.5987,r1_measured_04480,read,measured,,,,,20.0837,,ok,0.3625
35.4956,675,,,3.167,,,,,,77.9972,r1_measured_04481,read,measured,,,,,38.742,,ok,0.4975
21.2641,663,,,2.018,,,,,,60.5192,r1_measured_04482,read,measured,,,,,36.7119,,ok,0.4458
18.75,680,,,0.6091,,,,,,47.1291,r1_measured_04483,read,measured,,,,,27.3365,,ok,0.3604
24.7653,675,,,2.5521,,,,,,45.4868,r1_measured_04484,read,measured,,,,,17.7311,,ok,0.3619
24.6823,369,,,0.2327,,,,,,33.8176,r1_measured_04485,read,measured,,,,,8.5164,,ok,0.3353
18.1799,680,,,1.1165,,,,,,51.0461,r1_measured_04486,read,measured,,,,,31.2387,,ok,0.424
13.5547,663,,,0.9098,,,,,,28.0028,r1_measured_04487,read,measured,,,,,12.9783,,ok,0.4936
27.9507,629,,,1.5694,,,,,,45.8307,r1_measured_04488,read,measured,,,,,15.8531,,ok,0.378
22.6156,689,,,1.0317,,,,,,39.2853,r1_measured_04489,read,measured,,,,,15.0921,,ok,0.4643
20.1713,675,,,0.5789,,,,,,32.7168,r1_measured_04490,read,measured,,,,,11.4886,,ok,0.4043
41.1362,568,,,0.5561,,,,,,71.5089,r1_measured_04491,read,measured,,,,,29.3668,,ok,0.3798
39.9668,681,,,2.3373,,,,,,57.0727,r1_measured_04492,read,measured,,,,,14.3082,,ok,0.3802
36.5415,689,,,1.2588,,,,,,48.3387,r1_measured_04493,read,measured,,,,,10.075,,ok,0.386
39.8357,568,,,0.7803,,,,,,57.1676,r1_measured_04494,read,measured,,,,,16.0815,,ok,0.403
37.7013,369,,,0.2469,,,,,,41.2844,r1_measured_04495,read,measured,,,,,2.9144,,ok,0.366
32.9743,689,,,1.6261,,,,,,47.159,r1_measured_04496,read,measured,,,,,11.9203,,ok,0.4948
36.6796,680,,,0.6538,,,,,,69.6884,r1_measured_04497,read,measured,,,,,31.9183,,ok,0.3647
28.6227,419,,,0.2832,,,,,,36.5816,r1_measured_04498,read,measured,,,,,7.2455,,ok,0.3718
28.1956,568,,,1.5334,,,,,,51.7993,r1_measured_04499,read,measured,,,,,21.6245,,ok,0.3801
27.464,509,,,0.4617,,,,,,66.3999,r1_measured_04500,read,measured,,,,,38.0483,,ok,0.362
23.0895,568,,,3.7076,,,,,,67.7138,r1_measured_04501,read,measured,,,,,40.4978,,ok,0.3508
21.7402,680,,,54.6654,,,,,,224.0054,r1_measured_04502,read,measured,,,,,5.3564,,ok,0.373
19.7908,629,,,1.8021,,,,,,54.6416,r1_measured_04503,read,measured,,,,,32.62,,ok,0.3605
19.0159,568,,,2.4989,,,,,,30.9212,r1_measured_04504,read,measured,,,,,8.833,,ok,0.4786
42.2811,680,,,1.3365,,,,,,61.0751,r1_measured_04505,read,measured,,,,,16.9862,,ok,0.3808
41.5892,369,,,0.2471,,,,,,46.7932,r1_measured_04506,read,measured,,,,,4.5295,,ok,0.3701
38.0752,681,,,1.6224,,,,,,51.9802,r1_measured_04507,read,measured,,,,,11.833,,ok,0.3771
35.9951,568,,,5.9083,,,,,,61.7205,r1_measured_04508,read,measured,,,,,19.309,,ok,0.4309
22.7715,509,,,0.4743,,,,,,53.8553,r1_measured_04509,read,measured,,,,,30.1679,,ok,0.38
22.1214,681,,,6.2631,,,,,,47.2888,r1_measured_04510,read,measured,,,,,18.4493,,ok,0.3817
43.9836,675,,,1.0145,,,,,,62.0593,r1_measured_04511,read,measured,,,,,16.5346,,ok,0.4464
44.0094,689,,,1.2315,,,,,,278.6681,r1_measured_04512,read,measured,,,,,11.1548,,ok,0.3475
41.2786,509,,,2.1124,,,,,,55.9393,r1_measured_04513,read,measured,,,,,12.0922,,ok,0.3837
39.2954,509,,,1.2897,,,,,,65.6876,r1_measured_04514,read,measured,,,,,24.6822,,ok,0.359
37.5602,680,,,1.4511,,,,,,57.7842,r1_measured_04515,read,measured,,,,,18.2467,,ok,0.4517
36.4227,680,,,3.39,,,,,,58.4015,r1_measured_04516,read,measured,,,,,18.1231,,ok,0.388
429.5188,419,38.4379,33.7028,0.2732,161.5787,1,33.7011,1,189.0437,434.8847,r1_measured_04517,update,measured,155.3409,5.3659,1,0.0052,4.6989,40.4533,ok,0.3421
33.6671,689,,,0.9436,,,,,,42.4741,r1_measured_04518,read,measured,,,,,7.4185,,ok,0.374
23.8136,629,,,0.8634,,,,,,50.5814,r1_measured_04519,read,measured,,,,,25.4336,,ok,0.395
21.6118,369,,,0.2442,,,,,,27.2039,r1_measured_04520,read,measured,,,,,4.9363,,ok,0.3595
20.6277,689,,,2.8979,,,,,,42.1561,r1_measured_04521,read,measured,,,,,18.1217,,ok,0.4327
55.1118,509,,,1.0161,,,,,,70.8835,r1_measured_04522,read,measured,,,,,14.2608,,ok,0.4267
52.9276,629,,,2.7671,,,,,,71.4897,r1_measured_04523,read,measured,,,,,15.3471,,ok,0.375
48.0107,681,,,5.1249,,,,,,66.2192,r1_measured_04524,read,measured,,,,,12.6302,,ok,0.3786
47.1004,675,,,0.7892,,,,,,62.1916,r1_measured_04525,read,measured,,,,,12.8361,,ok,1.3921
48.0975,629,,,1.5129,,,,,,66.1391,r1_measured_04526,read,measured,,,,,16.0738,,ok,0.376
45.0089,689,,,1.5633,,,,,,88.4674,r1_measured_04527,read,measured,,,,,41.446,,ok,0.3758
36.4173,509,,,0.5225,,,,,,47.6495,r1_measured_04528,read,measured,,,,,10.2639,,ok,0.3798
39.2033,681,,,3.4758,,,,,,254.4664,r1_measured_04529,read,measured,,,,,15.3737,,ok,0.4479
31.1442,369,,,0.2974,,,,,,38.599,r1_measured_04530,read,measured,,,,,6.602,,ok,0.4915
31.5115,509,,,1.8088,,,,,,54.3805,r1_measured_04531,read,measured,,,,,20.6183,,ok,0.3752
30.191,663,,,0.8344,,,,,,61.2341,r1_measured_04532,read,measured,,,,,29.7584,,ok,0.3723
24.7461,419,,,0.2968,,,,,,29.8153,r1_measured_04533,read,measured,,,,,4.3287,,ok,0.381
51.4957,680,,,0.5272,,,,,,75.8311,r1_measured_04534,read,measured,,,,,23.3494,,ok,0.3803
52.7578,663,,,0.5319,,,,,,67.0297,r1_measured_04535,read,measured,,,,,13.3111,,ok,0.3578
48.6624,509,,,0.9842,,,,,,65.8814,r1_measured_04536,read,measured,,,,,15.8093,,ok,0.3636
45.7855,629,,,1.2818,,,,,,63.4163,r1_measured_04537,read,measured,,,,,15.8169,,ok,0.4307
577.5424,419,115.5134,43.0622,0.2599,149.9361,1,43.0604,1,226.7017,620.202,r1_measured_04538,update,measured,183.6395,42.6596,1,45.5837,41.9639,39.8075,ok,0.3686
42.9046,369,,,3.4664,,,,,,54.8876,r1_measured_04539,read,measured,,,,,8.1211,,ok,0.3432
41.0042,689,,,0.8412,,,,,,61.5623,r1_measured_04540,read,measured,,,,,19.2816,,ok,0.3657
38.5319,369,,,0.2617,,,,,,44.655,r1_measured_04541,read,measured,,,,,5.398,,ok,0.4064
38.9439,418,,,0.3348,,,,,,45.1658,r1_measured_04542,read,measured,,,,,5.3003,,ok,0.5182
25.4516,663,,,0.6137,,,,,,50.9759,r1_measured_04543,read,measured,,,,,24.4158,,ok,0.4
25.1796,419,,,0.2995,,,,,,34.2396,r1_measured_04544,read,measured,,,,,8.3642,,ok,0.3425
107.3195,675,,,3.9351,,,,,,139.5053,r1_measured_04545,read,measured,,,,,27.7098,,ok,0.4672
107.0163,509,,,5.0834,,,,,,140.6764,r1_measured_04546,read,measured,,,,,28.1304,,ok,0.3833
104.049,675,,,3.7389,,,,,,120.9045,r1_measured_04547,read,measured,,,,,12.7413,,ok,0.3082
113.0542,681,,,4.6566,,,,,,153.2807,r1_measured_04548,read,measured,,,,,35.1469,,ok,0.3588
100.6154,568,,,0.751,,,,,,140.2282,r1_measured_04549,read,measured,,,,,38.4175,,ok,0.3702
100.8189,509,,,5.3859,,,,,,132.4732,r1_measured_04550,read,measured,,,,,25.7924,,ok,0.4091
108.623,419,,,0.3025,,,,,,113.194,r1_measured_04551,read,measured,,,,,3.8787,,ok,0.3421
107.5438,681,,,2.7432,,,,,,111.2946,r1_measured_04552,read,measured,,,,,0.6028,,ok,0.3391
105.9128,568,,,3.3894,,,,,,158.9318,r1_measured_04553,read,measured,,,,,48.9047,,ok,0.6482
84.0349,663,,,1.8569,,,,,,129.8388,r1_measured_04554,read,measured,,,,,43.5359,,ok,0.3471
83.7741,675,,,1.3837,,,,,,128.9012,r1_measured_04555,read,measured,,,,,43.3061,,ok,0.3509
81.1726,568,,,1.1034,,,,,,123.2823,r1_measured_04556,read,measured,,,,,40.5394,,ok,0.3729
80.2375,675,,,1.2455,,,,,,108.772,r1_measured_04557,read,measured,,,,,26.4518,,ok,0.3594
78.7302,681,,,5.2109,,,,,,103.0688,r1_measured_04558,read,measured,,,,,18.6666,,ok,0.3938
75.8165,681,,,2.3656,,,,,,119.6386,r1_measured_04559,read,measured,,,,,41.0398,,ok,0.3492
85.6717,418,,,0.28,,,,,,106.9893,r1_measured_04560,read,measured,,,,,20.6392,,ok,0.3436
127.5965,680,,,1.9744,,,,,,144.8275,r1_measured_04561,read,measured,,,,,14.6824,,ok,0.4756
122.9091,681,,,1.483,,,,,,141.3037,r1_measured_04562,read,measured,,,,,16.3436,,ok,0.4678
122.1439,419,,,0.3049,,,,,,127.1613,r1_measured_04563,read,measured,,,,,4.3204,,ok,0.3401
120.5898,663,,,0.7688,,,,,,143.0653,r1_measured_04564,read,measured,,,,,21.1645,,ok,0.4687
118.0522,419,,,0.2959,,,,,,124.2195,r1_measured_04565,read,measured,,,,,5.504,,ok,0.3193
115.9523,419,,,0.2515,,,,,,119.0309,r1_measured_04566,read,measured,,,,,2.4655,,ok,0.3136
60.2745,629,,,1.6392,,,,,,79.9101,r1_measured_04567,read,measured,,,,,17.5523,,ok,0.3714
38.1678,419,,,0.2785,,,,,,200.2616,r1_measured_04568,read,measured,,,,,8.9375,,ok,0.3465
37.4343,680,,,6.5013,,,,,,50.7905,r1_measured_04569,read,measured,,,,,6.3142,,ok,0.4323
36.2573,689,,,2.0923,,,,,,48.1947,r1_measured_04570,read,measured,,,,,9.4318,,ok,0.3418
28.475,675,,,0.6735,,,,,,51.6959,r1_measured_04571,read,measured,,,,,22.034,,ok,0.4087
64.8819,568,,,2.2306,,,,,,72.5879,r1_measured_04572,read,measured,,,,,5.0787,,ok,0.3379
62.6557,419,,,0.2862,,,,,,70.2414,r1_measured_04573,read,measured,,,,,6.9054,,ok,0.3362
63.293,680,,,0.894,,,,,,93.9638,r1_measured_04574,read,measured,,,,,29.3733,,ok,0.3375
60.6548,629,,,0.9852,,,,,,82.4193,r1_measured_04575,read,measured,,,,,20.2709,,ok,0.4364
60.0696,681,,,1.3572,,,,,,92.9811,r1_measured_04576,read,measured,,,,,31.1569,,ok,0.3319
52.467,629,,,1.3099,,,,,,84.7304,r1_measured_04577,read,measured,,,,,30.5658,,ok,0.3233
50.8641,509,,,0.5456,,,,,,76.8517,r1_measured_04578,read,measured,,,,,25.0443,,ok,0.3405
50.8512,663,,,2.8572,,,,,,75.8025,r1_measured_04579,read,measured,,,,,21.6843,,ok,0.3423
47.312,681,,,1.7327,,,,,,65.7096,r1_measured_04580,read,measured,,,,,16.1899,,ok,0.3947
49.7098,568,,,1.9852,,,,,,71.0922,r1_measured_04581,read,measured,,,,,18.983,,ok,0.3521
41.1047,663,,,0.9076,,,,,,77.0356,r1_measured_04582,read,measured,,,,,34.6072,,ok,0.352
35.7174,509,,,2.3374,,,,,,53.5975,r1_measured_04583,read,measured,,,,,14.9605,,ok,0.4137
40.9073,419,,,0.372,,,,,,46.8655,r1_measured_04584,read,measured,,,,,5.1496,,ok,0.3717
34.0275,369,,,0.2682,,,,,,47.0202,r1_measured_04585,read,measured,,,,,12.3296,,ok,0.337
31.7421,629,,,0.8745,,,,,,48.2872,r1_measured_04586,read,measured,,,,,15.2024,,ok,0.3739
27.5883,675,,,1.1987,,,,,,63.8991,r1_measured_04587,read,measured,,,,,34.7135,,ok,0.3303
29.1442,663,,,0.8755,,,,,,55.3391,r1_measured_04588,read,measured,,,,,24.9235,,ok,0.3336
68.7785,369,,,0.3401,,,,,,88.6222,r1_measured_04589,read,measured,,,,,19.095,,ok,0.3557
64.8657,681,,,2.1942,,,,,,96.7924,r1_measured_04590,read,measured,,,,,29.2882,,ok,0.369
63.4241,509,,,0.4682,,,,,,94.6997,r1_measured_04591,read,measured,,,,,30.3542,,ok,0.3755
62.1338,568,,,0.4817,,,,,,106.0937,r1_measured_04592,read,measured,,,,,43.0563,,ok,0.357
60.1217,568,,,0.5127,,,,,,109.6024,r1_measured_04593,read,measured,,,,,48.4917,,ok,0.4068
60.1591,675,,,1.6002,,,,,,86.1454,r1_measured_04594,read,measured,,,,,23.9516,,ok,0.3638
56.361,369,,,0.3607,,,,,,70.717,r1_measured_04595,read,measured,,,,,13.5228,,ok,0.4081
57.1924,509,,,0.6534,,,,,,87.9654,r1_measured_04596,read,measured,,,,,29.627,,ok,0.3994
58.3754,689,,,0.6295,,,,,,78.0342,r1_measured_04597,read,measured,,,,,18.5623,,ok,0.3825
36.9811,675,,,0.6383,,,,,,72.9961,r1_measured_04598,read,measured,,,,,34.9013,,ok,0.3994
725.2772,680,36.2236,35.5063,2.7373,433.8519,0,35.5039,1,170.4074,756.5882,r1_measured_04599,update,measured,134.9011,31.311,1,23.4052,28.1196,61.3891,ok,0.3745
34.4376,679,,,1.482,,,,,,81.2313,r1_measured_04600,read,measured,,,,,44.8644,,ok,0.3761
43.0502,663,,,0.7148,,,,,,73.3164,r1_measured_04601,read,measured,,,,,29.0974,,ok,0.3812
40.0828,369,,,0.2458,,,,,,56.4386,r1_measured_04602,read,measured,,,,,15.7057,,ok,0.3452
29.2197,509,,,1.842,,,,,,74.4581,r1_measured_04603,read,measured,,,,,42.9718,,ok,0.3629
37.5893,680,,,0.9579,,,,,,61.8241,r1_measured_04604,read,measured,,,,,22.7163,,ok,0.4037
86.1415,419,,,0.3603,,,,,,87.4049,r1_measured_04605,read,measured,,,,,0.4865,,ok,0.3601
83.3268,508,,,1.1394,,,,,,107.0386,r1_measured_04606,read,measured,,,,,22.1442,,ok,0.3611
84.0996,568,,,8.234,,,,,,126.3855,r1_measured_04607,read,measured,,,,,33.6133,,ok,0.3716
82.1889,568,,,2.806,,,,,,97.8627,r1_measured_04608,read,measured,,,,,12.4017,,ok,0.3956
75.6924,680,,,1.895,,,,,,101.2695,r1_measured_04609,read,measured,,,,,23.2458,,ok,0.3589
72.4709,419,,,0.3257,,,,,,86.0263,r1_measured_04610,read,measured,,,,,12.8034,,ok,0.3628
72.0915,675,,,2.7229,,,,,,103.2543,r1_measured_04611,read,measured,,,,,28.0111,,ok,0.3501
71.0409,679,,,0.5536,,,,,,100.8465,r1_measured_04612,read,measured,,,,,28.7166,,ok,0.4668
888.7762,689,27.7437,68.8233,1.7164,468.6249,0,68.8217,1,169.9875,901.7076,r1_measured_04613,update,measured,101.1642,12.9314,1,149.784,10.8015,72.6361,ok,0.3471
68.9061,688,,,1.2686,,,,,,92.605,r1_measured_04614,read,measured,,,,,21.9828,,ok,0.3739
67.3858,629,,,0.7519,,,,,,106.8051,r1_measured_04615,read,measured,,,,,38.2522,,ok,0.3503
66.7696,509,,,4.596,,,,,,92.2576,r1_measured_04616,read,measured,,,,,20.4826,,ok,0.3487
46.2829,568,,,2.8494,,,,,,81.7636,r1_measured_04617,read,measured,,,,,32.219,,ok,0.3453
43.5247,681,,,0.4925,,,,,,69.8695,r1_measured_04618,read,measured,,,,,25.4363,,ok,0.3482
32.2386,369,,,0.4285,,,,,,45.5424,r1_measured_04619,read,measured,,,,,12.2856,,ok,0.535
31.4624,369,,,0.6622,,,,,,40.0813,r1_measured_04620,read,measured,,,,,7.5173,,ok,0.3786
31.0023,680,,,1.2885,,,,,,63.9256,r1_measured_04621,read,measured,,,,,31.2207,,ok,0.3432
28.4432,681,,,1.3178,,,,,,45.4291,r1_measured_04622,read,measured,,,,,15.2248,,ok,0.3695
30.5634,509,,,2.4454,,,,,,61.9436,r1_measured_04623,read,measured,,,,,28.5187,,ok,0.3535
29.1347,509,,,2.4993,,,,,,60.5162,r1_measured_04624,read,measured,,,,,28.4782,,ok,0.3432
27.9221,568,,,2.4719,,,,,,51.7145,r1_measured_04625,read,measured,,,,,20.9073,,ok,0.3491
62.8033,419,,,0.2697,,,,,,71.4326,r1_measured_04626,read,measured,,,,,7.9577,,ok,0.3422
61.2327,509,,,0.7461,,,,,,81.3453,r1_measured_04627,read,measured,,,,,18.9128,,ok,0.3627
59.8729,418,,,0.2845,,,,,,65.1196,r1_measured_04628,read,measured,,,,,4.5652,,ok,0.3393
63.6296,568,,,1.822,,,,,,72.2087,r1_measured_04629,read,measured,,,,,6.2398,,ok,0.4486
59.6975,568,,,1.148,,,,,,77.394,r1_measured_04630,read,measured,,,,,16.1273,,ok,0.3554
57.2171,629,,,0.6093,,,,,,77.9183,r1_measured_04631,read,measured,,,,,19.6663,,ok,0.3582
54.937,663,,,1.6774,,,,,,72.0951,r1_measured_04632,read,measured,,,,,15.0406,,ok,0.3696
40.9872,369,,,0.2473,,,,,,49.4884,r1_measured_04633,read,measured,,,,,7.8534,,ok,0.3391
39.0549,368,,,0.2479,,,,,,46.1942,r1_measured_04634,read,measured,,,,,6.521,,ok,0.3191
35.9167,629,,,1.1418,,,,,,49.6469,r1_measured_04635,read,measured,,,,,12.0505,,ok,0.462
32.0395,688,,,1.0968,,,,,,43.893,r1_measured_04636,read,measured,,,,,10.2874,,ok,0.3861
60.0215,675,,,0.588,,,,,,151.4119,r1_measured_04637,read,measured,,,,,90.3883,,ok,0.3445
66.7527,369,,,0.2583,,,,,,79.9775,r1_measured_04638,read,measured,,,,,12.5249,,ok,0.3842
65.8392,419,,,0.3279,,,,,,72.7952,r1_measured_04639,read,measured,,,,,6.1357,,ok,0.4233
54.7925,419,,,0.324,,,,,,74.6098,r1_measured_04640,read,measured,,,,,19.054,,ok,0.3763
50.6485,680,,,0.5538,,,,,,123.3308,r1_measured_04641,read,measured,,,,,71.7167,,ok,0.3319
49.1784,629,,,0.6068,,,,,,117.2874,r1_measured_04642,read,measured,,,,,67.0753,,ok,0.3451
48.9609,419,,,0.3126,,,,,,70.3445,r1_measured_04643,read,measured,,,,,20.6159,,ok,0.3891
46.6774,568,,,9.9688,,,,,,77.2844,r1_measured_04644,read,measured,,,,,19.8912,,ok,0.6701
58.7455,680,,,0.8072,,,,,,97.9845,r1_measured_04645,read,measured,,,,,37.9979,,ok,0.3602
45.341,680,,,3.9673,,,,,,124.4196,r1_measured_04646,read,measured,,,,,74.618,,ok,0.4007
43.6729,663,,,1.6834,,,,,,99.3395,r1_measured_04647,read,measured,,,,,53.5617,,ok,0.3432
51.7414,568,,,7.4145,,,,,,72.2557,r1_measured_04648,read,measured,,,,,12.6028,,ok,0.4123
52.8988,663,,,3.3929,,,,,,102.369,r1_measured_04649,read,measured,,,,,45.6126,,ok,0.3799
39.6142,629,,,1.5181,,,,,,121.3308,r1_measured_04650,read,measured,,,,,79.7506,,ok,0.3619
39.5165,629,,,0.4488,,,,,,111.4534,r1_measured_04651,read,measured,,,,,71.09,,ok,0.3257
37.6067,629,,,2.2,,,,,,126.3052,r1_measured_04652,read,measured,,,,,86.0699,,ok,0.3549
30.3611,680,,,1.2495,,,,,,104.312,r1_measured_04653,read,measured,,,,,72.1503,,ok,0.4635
38.2693,419,,,0.3586,,,,,,79.3931,r1_measured_04654,read,measured,,,,,40.3835,,ok,0.3287
36.0266,680,,,1.0498,,,,,,105.7575,r1_measured_04655,read,measured,,,,,68.1889,,ok,0.4089
33.8024,568,,,1.2504,,,,,,111.4213,r1_measured_04656,read,measured,,,,,75.7859,,ok,0.5133
30.3111,568,,,0.5939,,,,,,92.551,r1_measured_04657,read,measured,,,,,60.8469,,ok,0.7033
28.835,689,,,1.0458,,,,,,80.194,r1_measured_04658,read,measured,,,,,49.842,,ok,0.3828
29.0316,419,,,25.6139,,,,,,62.9512,r1_measured_04659,read,measured,,,,,7.8812,,ok,0.3476
25.7652,663,,,0.7496,,,,,,108.8993,r1_measured_04660,read,measured,,,,,81.8518,,ok,0.449
23.149,568,,,0.5105,,,,,,91.2843,r1_measured_04661,read,measured,,,,,67.2031,,ok,0.347
28.4628,629,,,1.0024,,,,,,97.4531,r1_measured_04662,read,measured,,,,,67.5303,,ok,0.3775
20.6731,509,,,3.3905,,,,,,89.5305,r1_measured_04663,read,measured,,,,,64.9925,,ok,0.4008
20.0751,675,,,0.7416,,,,,,75.4764,r1_measured_04664,read,measured,,,,,54.1559,,ok,0.3525
65.5627,663,,,1.6411,,,,,,94.1962,r1_measured_04665,read,measured,,,,,26.5865,,ok,0.3353
39.2993,680,,,1.7585,,,,,,71.7519,r1_measured_04666,read,measured,,,,,30.2914,,ok,0.3365
165.0584,688,,,1.0935,,,,,,210.5681,r1_measured_04667,read,measured,,,,,43.9556,,ok,0.3877
170.3031,509,,,1.2655,,,,,,223.828,r1_measured_04668,read,measured,,,,,51.8567,,ok,0.335
921.4918,680,154.2669,150.1056,0.7235,404.9029,1,150.1039,1,254.5701,963.4293,r1_measured_04669,update,measured,104.4645,41.9375,1,11.7975,40.8186,95.9544,ok,0.3338
163.6078,675,,,0.8002,,,,,,210.0369,r1_measured_04670,read,measured,,,,,45.2045,,ok,0.3515
136.9384,629,,,0.6998,,,,,,185.7928,r1_measured_04671,read,measured,,,,,47.7082,,ok,0.3636
147.1698,680,,,0.5788,,,,,,190.3788,r1_measured_04672,read,measured,,,,,42.226,,ok,0.3313
134.4602,509,,,0.4827,,,,,,162.2453,r1_measured_04673,read,measured,,,,,26.888,,ok,0.3493
614.7223,419,46.2963,133.3872,0.2795,239.6726,0,133.3855,1,224.5354,639.2607,r1_measured_04674,update,measured,91.1482,24.5384,1,46.4999,23.847,57.7181,ok,0.3567
132.4487,680,,,5.4545,,,,,,197.0214,r1_measured_04675,read,measured,,,,,58.7004,,ok,0.3529
128.0491,675,,,1.8594,,,,,,178.9132,r1_measured_04676,read,measured,,,,,48.5356,,ok,0.3887
132.2238,674,,,2.4834,,,,,,182.4829,r1_measured_04677,read,measured,,,,,47.3473,,ok,0.3538
108.6364,369,,,0.3494,,,,,,139.2638,r1_measured_04678,read,measured,,,,,29.8394,,ok,0.3742
102.1049,689,,,0.496,,,,,,155.0802,r1_measured_04679,read,measured,,,,,52.0271,,ok,0.3684
102.7046,675,,,0.6967,,,,,,149.7758,r1_measured_04680,read,measured,,,,,45.9291,,ok,0.348
113.2104,680,,,2.7577,,,,,,154.0891,r1_measured_04681,read,measured,,,,,37.7004,,ok,0.3409
99.4619,629,,,1.7228,,,,,,170.6564,r1_measured_04682,read,measured,,,,,68.992,,ok,0.4045
111.478,629,,,2.528,,,,,,160.2217,r1_measured_04683,read,measured,,,,,45.7908,,ok,0.3456
110.2413,675,,,3.5597,,,,,,155.3459,r1_measured_04684,read,measured,,,,,41.0608,,ok,0.4009
110.0452,568,,,1.3174,,,,,,163.1845,r1_measured_04685,read,measured,,,,,51.417,,ok,0.3435
108.4818,680,,,7.3814,,,,,,158.1424,r1_measured_04686,read,measured,,,,,41.849,,ok,0.3602
104.3443,567,,,3.3948,,,,,,146.0562,r1_measured_04687,read,measured,,,,,37.789,,ok,0.4218
111.3075,680,,,3.2254,,,,,,171.4835,r1_measured_04688,read,measured,,,,,56.5397,,ok,0.3494
107.3799,680,,,0.5218,,,,,,140.8342,r1_measured_04689,read,measured,,,,,32.3636,,ok,0.4957
101.3042,419,,,0.2804,,,,,,120.9976,r1_measured_04690,read,measured,,,,,19.0024,,ok,0.3482
105.1514,419,,,0.2833,,,,,,119.6379,r1_measured_04691,read,measured,,,,,13.7763,,ok,0.3658
96.6333,629,,,2.9232,,,,,,144.8248,r1_measured_04692,read,measured,,,,,44.8494,,ok,0.3519
620.3139,419,47.2045,102.9225,0.3299,285.375,1,102.9208,1,188.2898,626.3264,r1_measured_04693,update,measured,85.3673,6.0125,1,28.389,5.275,71.0556,ok,0.351
118.3412,675,,,4.863,,,,,,151.1737,r1_measured_04694,read,measured,,,,,27.5569,,ok,0.3462
119.421,629,,,2.3717,,,,,,161.4642,r1_measured_04695,read,measured,,,,,39.2681,,ok,0.3371
46.1241,419,,,0.2532,,,,,,52.033,r1_measured_04696,read,measured,,,,,5.2718,,ok,0.3288
44.2245,568,,,0.6918,,,,,,60.2632,r1_measured_04697,read,measured,,,,,14.7727,,ok,0.497
43.1977,688,,,0.6191,,,,,,60.5468,r1_measured_04698,read,measured,,,,,16.2539,,ok,0.4028
37.0408,419,,,0.3634,,,,,,43.4267,r1_measured_04699,read,measured,,,,,5.6361,,ok,0.3349
35.651,663,,,1.9004,,,,,,48.8356,r1_measured_04700,read,measured,,,,,10.8062,,ok,0.3917
34.0293,568,,,1.3537,,,,,,45.6902,r1_measured_04701,read,measured,,,,,9.7424,,ok,0.4883
31.5571,680,,,2.3766,,,,,,312.3323,r1_measured_04702,read,measured,,,,,9.6017,,ok,0.3547
58.1946,675,,,1.9805,,,,,,167.7428,r1_measured_04703,read,measured,,,,,107.1353,,ok,0.3604
54.527,629,,,2.2064,,,,,,149.3498,r1_measured_04704,read,measured,,,,,92.1449,,ok,0.3965
54.0067,509,,,3.9497,,,,,,150.412,r1_measured_04705,read,measured,,,,,92.0622,,ok,0.33
50.0625,663,,,0.9775,,,,,,159.0557,r1_measured_04706,read,measured,,,,,107.5687,,ok,0.3752
45.7242,680,,,0.7258,,,,,,118.6342,r1_measured_04707,read,measured,,,,,71.745,,ok,0.3637
44.3958,681,,,6.446,,,,,,136.0137,r1_measured_04708,read,measured,,,,,84.7101,,ok,0.355
44.4434,681,,,1.3452,,,,,,164.3635,r1_measured_04709,read,measured,,,,,118.1161,,ok,0.3736
44.1883,689,,,2.0478,,,,,,122.0291,r1_measured_04710,read,measured,,,,,75.4011,,ok,0.3243
49.2979,680,,,2.7805,,,,,,137.5684,r1_measured_04711,read,measured,,,,,85.0822,,ok,0.3386
41.7485,680,,,2.1148,,,,,,121.1499,r1_measured_04712,read,measured,,,,,76.8949,,ok,0.3232
45.2233,418,,,0.2917,,,,,,107.0087,r1_measured_04713,read,measured,,,,,61.0852,,ok,0.3496
44.3723,681,,,2.4342,,,,,,134.9496,r1_measured_04714,read,measured,,,,,87.7529,,ok,0.3172
42.31,680,,,0.7029,,,,,,139.0478,r1_measured_04715,read,measured,,,,,95.5902,,ok,0.3702
35.6614,680,,,3.1551,,,,,,118.167,r1_measured_04716,read,measured,,,,,78.9572,,ok,0.3211
40.6441,681,,,1.467,,,,,,127.3261,r1_measured_04717,read,measured,,,,,84.7866,,ok,0.3546
41.9012,680,,,2.344,,,,,,136.1904,r1_measured_04718,read,measured,,,,,91.4446,,ok,0.42
775.9442,629,34.8282,32.947,2.3643,505.6318,1,32.945,1,156.6861,809.6759,r1_measured_04719,update,measured,123.7391,33.7317,1,33.524,30.9794,45.2741,ok,0.3272
25.3127,369,,,28.6716,,,,,,65.4113,r1_measured_04720,read,measured,,,,,10.9421,,ok,0.4193
28.904,663,,,1.6312,,,,,,139.0192,r1_measured_04721,read,measured,,,,,108.055,,ok,0.3534
28.1448,629,,,0.5012,,,,,,134.0431,r1_measured_04722,read,measured,,,,,104.9528,,ok,0.372
28.0286,629,,,2.6807,,,,,,140.8529,r1_measured_04723,read,measured,,,,,109.7259,,ok,0.3486
25.6447,568,,,0.9343,,,,,,125.5683,r1_measured_04724,read,measured,,,,,98.593,,ok,0.3327
784.0013,509,37.7009,56.2975,4.3019,480.8977,1,56.2956,1,183.8889,799.6087,r1_measured_04725,update,measured,127.5914,15.6074,1,41.9546,10.8698,39.5592,ok,0.3748
54.2901,509,,,1.2317,,,,,,127.3404,r1_measured_04726,read,measured,,,,,71.3936,,ok,0.3578
80.054,629,,,3.036,,,,,,95.8092,r1_measured_04727,read,measured,,,,,12.3254,,ok,0.3265
78.0808,418,,,0.2622,,,,,,79.8497,r1_measured_04728,read,measured,,,,,1.1193,,ok,0.3297
44.3271,663,,,1.8073,,,,,,77.302,r1_measured_04729,read,measured,,,,,30.6907,,ok,0.4072
17.352,568,,,0.449,,,,,,38.739,r1_measured_04730,read,measured,,,,,20.5167,,ok,0.3568
17.5949,568,,,3.1559,,,,,,46.7347,r1_measured_04731,read,measured,,,,,25.3973,,ok,0.5169
667.7767,369,43.5901,17.1211,0.2377,386.8744,1,17.1195,1,138.6561,678.4367,r1_measured_04732,update,measured,121.535,10.66,1,56.0716,10.0077,42.5845,ok,0.3613
48.5957,663,,,3.2284,,,,,,67.9222,r1_measured_04733,read,measured,,,,,15.624,,ok,0.4035
43.8822,567,,,0.6238,,,,,,65.6165,r1_measured_04734,read,measured,,,,,20.6499,,ok,0.3885
42.477,568,,,1.0132,,,,,,65.8127,r1_measured_04735,read,measured,,,,,21.8769,,ok,0.3792
40.392,663,,,0.5581,,,,,,46.5491,r1_measured_04736,read,measured,,,,,5.156,,ok,0.3695
34.7859,369,,,0.2593,,,,,,38.5162,r1_measured_04737,read,measured,,,,,3.0695,,ok,0.3509
33.9316,419,,,0.2978,,,,,,39.1394,r1_measured_04738,read,measured,,,,,4.2736,,ok,0.5726
30.7533,663,,,0.5949,,,,,,57.3019,r1_measured_04739,read,measured,,,,,25.4834,,ok,0.3986
30.9819,568,,,5.616,,,,,,46.1186,r1_measured_04740,read,measured,,,,,9.0493,,ok,0.4028
29.0616,681,,,4.6844,,,,,,43.3218,r1_measured_04741,read,measured,,,,,9.0971,,ok,0.4018
28.2073,629,,,1.7091,,,,,,51.8604,r1_measured_04742,read,measured,,,,,21.4834,,ok,0.3894
38.5668,509,,,0.4934,,,,,,79.4989,r1_measured_04743,read,measured,,,,,40.007,,ok,0.3667
37.9164,369,,,0.2594,,,,,,41.1225,r1_measured_04744,read,measured,,,,,2.5168,,ok,0.3706
34.1859,509,,,0.6357,,,,,,79.2915,r1_measured_04745,read,measured,,,,,44.0135,,ok,0.3833
61.9524,663,,,3.0702,,,,,,92.6931,r1_measured_04746,read,measured,,,,,27.2219,,ok,0.3743
660.3043,419,37.9548,32.8938,0.3036,387.4803,1,32.8921,1,205.366,665.1218,r1_measured_04747,update,measured,172.4722,4.8175,1,0.005,3.9825,29.4982,ok,0.4766
839.3,681,56.9603,57.2693,0.9425,481.2173,1,57.2672,1,201.6359,878.855,r1_measured_04748,update,measured,144.3666,39.555,1,44.8266,38.0781,54.6599,ok,0.4468
63.0953,509,,,2.9281,,,,,,88.5243,r1_measured_04749,read,measured,,,,,22.0837,,ok,0.3537
54.0912,681,,,1.2212,,,,,,75.5328,r1_measured_04750,read,measured,,,,,19.7187,,ok,0.4204
43.0039,663,,,1.7869,,,,,,86.9903,r1_measured_04751,read,measured,,,,,41.7683,,ok,0.352
52.4795,663,,,1.4635,,,,,,79.6895,r1_measured_04752,read,measured,,,,,25.1829,,ok,0.4931
56.6533,567,,,0.5153,,,,,,73.2539,r1_measured_04753,read,measured,,,,,15.6007,,ok,0.4115
49.7489,681,,,0.8878,,,,,,74.976,r1_measured_04754,read,measured,,,,,23.8917,,ok,0.3733
47.8425,629,,,3.3225,,,,,,120.1474,r1_measured_04755,read,measured,,,,,32.5658,,ok,0.3686
38.4597,629,,,1.3783,,,,,,73.7013,r1_measured_04756,read,measured,,,,,33.3946,,ok,0.3777
43.2101,680,,,0.7231,,,,,,73.9122,r1_measured_04757,read,measured,,,,,29.5551,,ok,0.3608
42.9175,568,,,2.5788,,,,,,65.6981,r1_measured_04758,read,measured,,,,,19.6794,,ok,0.4511
69.4328,675,,,0.4827,,,,,,112.6661,r1_measured_04759,read,measured,,,,,42.2913,,ok,0.3733
81.8983,674,,,1.8482,,,,,,104.6955,r1_measured_04760,read,measured,,,,,20.5184,,ok,0.3531
80.8739,681,,,0.8301,,,,,,98.8447,r1_measured_04761,read,measured,,,,,16.6995,,ok,0.3541
77.8312,629,,,1.0675,,,,,,111.1793,r1_measured_04762,read,measured,,,,,31.8454,,ok,0.3612
77.1158,680,,,0.9953,,,,,,103.048,r1_measured_04763,read,measured,,,,,24.4176,,ok,0.4337
61.4355,419,,,0.3451,,,,,,83.6721,r1_measured_04764,read,measured,,,,,21.4499,,ok,0.3858
74.4858,369,,,0.2743,,,,,,83.9822,r1_measured_04765,read,measured,,,,,8.8156,,ok,0.3534
58.1218,419,,,0.2999,,,,,,83.0919,r1_measured_04766,read,measured,,,,,24.2592,,ok,0.3542
827.9573,681,69.0713,41.1077,0.4754,497.8212,1,41.1061,1,172.6385,866.2584,r1_measured_04767,update,measured,131.5308,38.3011,1,36.0867,37.4107,52.3396,ok,0.3481
38.7428,681,,,1.054,,,,,,61.437,r1_measured_04768,read,measured,,,,,21.2064,,ok,0.3544
34.0319,419,,,0.2727,,,,,,48.0823,r1_measured_04769,read,measured,,,,,13.3723,,ok,0.3443
40.3251,675,,,1.6618,,,,,,67.4166,r1_measured_04770,read,measured,,,,,25.0088,,ok,0.3468
70.4669,568,,,1.5297,,,,,,105.0233,r1_measured_04771,read,measured,,,,,32.5422,,ok,0.4017
81.2365,419,,,0.3046,,,,,,97.8315,r1_measured_04772,read,measured,,,,,15.8439,,ok,0.38
66.6833,689,,,2.2163,,,,,,109.6651,r1_measured_04773,read,measured,,,,,40.3207,,ok,0.3715
66.0057,419,,,0.3172,,,,,,93.9586,r1_measured_04774,read,measured,,,,,27.1679,,ok,0.3882
65.1739,419,,,0.409,,,,,,85.8297,r1_measured_04775,read,measured,,,,,19.7948,,ok,0.3807
64.0572,568,,,4.0989,,,,,,130.2306,r1_measured_04776,read,measured,,,,,61.6326,,ok,0.354
63.4747,419,,,0.4989,,,,,,87.9653,r1_measured_04777,read,measured,,,,,23.4715,,ok,0.4386
71.8866,675,,,0.6405,,,,,,97.2466,r1_measured_04778,read,measured,,,,,24.2825,,ok,0.3603
50.6103,675,,,0.6304,,,,,,71.1751,r1_measured_04779,read,measured,,,,,19.4806,,ok,0.3722
43.8137,689,,,1.7659,,,,,,72.435,r1_measured_04780,read,measured,,,,,26.3962,,ok,0.3828
47.2398,680,,,1.4386,,,,,,281.2672,r1_measured_04781,read,measured,,,,,2.7812,,ok,0.3527
40.7873,369,,,0.2546,,,,,,57.9586,r1_measured_04782,read,measured,,,,,16.5014,,ok,0.3602
43.7101,681,,,0.6676,,,,,,82.7265,r1_measured_04783,read,measured,,,,,37.8652,,ok,0.3831
41.2143,628,,,1.0379,,,,,,54.8876,r1_measured_04784,read,measured,,,,,12.1705,,ok,0.3888
36.3882,675,,,2.3078,,,,,,88.6033,r1_measured_04785,read,measured,,,,,48.761,,ok,1.0647
30.0135,628,,,3.6623,,,,,,92.5686,r1_measured_04786,read,measured,,,,,58.4463,,ok,0.3724
62.3054,369,,,0.2248,,,,,,454.651,r1_measured_04787,read,measured,,,,,7.3248,,ok,0.3033
59.2191,629,,,0.5622,,,,,,92.3585,r1_measured_04788,read,measured,,,,,32.1629,,ok,0.3525
58.8779,663,,,0.6042,,,,,,88.3526,r1_measured_04789,read,measured,,,,,28.4059,,ok,0.3963
55.8883,663,,,2.7583,,,,,,81.1772,r1_measured_04790,read,measured,,,,,22.0722,,ok,0.3837
54.3812,680,,,0.4834,,,,,,88.5802,r1_measured_04791,read,measured,,,,,33.3116,,ok,0.3373
27.3807,688,,,0.7966,,,,,,96.937,r1_measured_04792,read,measured,,,,,68.3083,,ok,0.3807
65.0568,568,,,5.1075,,,,,,141.0084,r1_measured_04793,read,measured,,,,,70.3684,,ok,0.4037
60.5629,689,,,5.6762,,,,,,142.2999,r1_measured_04794,read,measured,,,,,75.6354,,ok,0.3476
62.4217,663,,,10.2975,,,,,,139.1201,r1_measured_04795,read,measured,,,,,65.9799,,ok,0.3506
58.5104,568,,,0.4593,,,,,,130.0061,r1_measured_04796,read,measured,,,,,70.6015,,ok,0.3631
56.1384,689,,,0.8793,,,,,,88.7874,r1_measured_04797,read,measured,,,,,31.3351,,ok,0.3657
55.9021,675,,,1.2515,,,,,,124.8916,r1_measured_04798,read,measured,,,,,67.2042,,ok,0.4492
52.534,509,,,0.62,,,,,,139.5137,r1_measured_04799,read,measured,,,,,85.953,,ok,0.3465
53.2528,663,,,2.0767,,,,,,144.5139,r1_measured_04800,read,measured,,,,,88.7383,,ok,0.3782
48.147,509,,,1.8074,,,,,,441.1112,r1_measured_04801,read,measured,,,,,13.8261,,ok,0.4567
47.4765,681,,,3.225,,,,,,122.5092,r1_measured_04802,read,measured,,,,,71.3551,,ok,0.3808
47.1008,680,,,0.564,,,,,,109.8479,r1_measured_04803,read,measured,,,,,61.7228,,ok,0.3743
33.3852,568,,,13.0088,,,,,,76.5155,r1_measured_04804,read,measured,,,,,29.6276,,ok,0.4146
23.4302,663,,,1.1881,,,,,,81.3958,r1_measured_04805,read,measured,,,,,56.2677,,ok,0.4284
21.9869,689,,,2.2578,,,,,,110.2589,r1_measured_04806,read,measured,,,,,85.5999,,ok,0.3442
28.2041,675,,,1.1218,,,,,,82.6867,r1_measured_04807,read,measured,,,,,52.9088,,ok,0.3661
58.7389,629,,,1.0266,,,,,,106.9714,r1_measured_04808,read,measured,,,,,46.7896,,ok,0.3466
55.4155,568,,,1.8166,,,,,,106.8465,r1_measured_04809,read,measured,,,,,49.0974,,ok,0.4321
44.5762,681,,,1.7074,,,,,,90.7586,r1_measured_04810,read,measured,,,,,44.0568,,ok,0.3404
50.7805,689,,,0.821,,,,,,96.6663,r1_measured_04811,read,measured,,,,,44.6513,,ok,0.3442
51.3808,680,,,0.6457,,,,,,69.7446,r1_measured_04812,read,measured,,,,,17.2799,,ok,0.366
45.6445,663,,,1.7137,,,,,,80.6891,r1_measured_04813,read,measured,,,,,32.8911,,ok,0.3586
31.0129,418,,,0.2822,,,,,,40.6575,r1_measured_04814,read,measured,,,,,8.8821,,ok,0.4213
17.2943,568,,,0.6147,,,,,,41.7202,r1_measured_04815,read,measured,,,,,23.2846,,ok,0.4504
15.7869,369,,,0.2086,,,,,,297.5976,r1_measured_04816,read,measured,,,,,13.8111,,ok,0.3114
42.8717,629,,,0.4946,,,,,,52.5413,r1_measured_04817,read,measured,,,,,8.6597,,ok,0.438
41.1676,663,,,0.5768,,,,,,74.5629,r1_measured_04818,read,measured,,,,,32.4087,,ok,0.3411
38.0701,419,,,0.3106,,,,,,45.5222,r1_measured_04819,read,measured,,,,,6.6958,,ok,0.3861
37.0461,681,,,0.6213,,,,,,551.6915,r1_measured_04820,read,measured,,,,,35.1681,,ok,0.3528
32.3572,675,,,1.8923,,,,,,55.3572,r1_measured_04821,read,measured,,,,,20.6831,,ok,0.3527
31.1241,663,,,0.7435,,,,,,58.197,r1_measured_04822,read,measured,,,,,25.8695,,ok,0.3845
479.1527,568,48.5552,32.2562,1.4672,165.7689,1,32.2546,1,203.0143,506.6518,r1_measured_04823,update,measured,170.7581,27.4991,1,0.0076,25.5336,61.8067,ok,0.4326
515.9552,419,33.018,27.6232,0.3289,223.3774,0,27.6217,1,184.0628,539.957,r1_measured_04824,update,measured,156.4396,24.0018,1,0.012,23.2603,75.485,ok,0.3571
26.6869,369,,,0.235,,,,,,36.7862,r1_measured_04825,read,measured,,,,,9.4693,,ok,0.3469
28.0516,689,,,2.7356,,,,,,56.184,r1_measured_04826,read,measured,,,,,24.8959,,ok,0.4224
23.2863,568,,,0.4283,,,,,,36.4506,r1_measured_04827,read,measured,,,,,12.3255,,ok,0.3444
22.0373,629,,,0.5576,,,,,,37.8117,r1_measured_04828,read,measured,,,,,14.7886,,ok,0.3593
21.0578,568,,,3.2796,,,,,,48.6109,r1_measured_04829,read,measured,,,,,23.2504,,ok,0.9584
19.3801,680,,,0.8571,,,,,,52.6126,r1_measured_04830,read,measured,,,,,31.9517,,ok,0.3533
17.1539,689,,,2.3447,,,,,,46.4946,r1_measured_04831,read,measured,,,,,26.5721,,ok,0.3534
37.7889,509,,,1.2973,,,,,,51.1791,r1_measured_04832,read,measured,,,,,11.64,,ok,0.3906
33.8676,680,,,1.5971,,,,,,70.91,r1_measured_04833,read,measured,,,,,5.6905,,ok,0.4081
30.7646,681,,,1.6583,,,,,,45.7643,r1_measured_04834,read,measured,,,,,12.908,,ok,0.3577
28.9593,663,,,1.3051,,,,,,50.2387,r1_measured_04835,read,measured,,,,,19.5496,,ok,0.3542
16.8102,681,,,0.9913,,,,,,433.953,r1_measured_04836,read,measured,,,,,5.0982,,ok,0.4032
15.0258,629,,,1.8192,,,,,,36.9228,r1_measured_04837,read,measured,,,,,19.6576,,ok,0.3562
603.5778,675,42.865,15.0753,0.5209,309.114,1,15.0737,1,194.125,692.9777,r1_measured_04838,update,measured,179.0497,89.3999,1,3.6529,88.4861,53.8209,ok,0.3269
31.0228,369,,,0.2375,,,,,,34.7877,r1_measured_04839,read,measured,,,,,3.1513,,ok,0.324
25.5873,419,,,0.2844,,,,,,34.152,r1_measured_04840,read,measured,,,,,7.8713,,ok,0.357
24.9271,681,,,0.9891,,,,,,38.4652,r1_measured_04841,read,measured,,,,,12.1137,,ok,0.3678
23.641,680,,,1.1129,,,,,,40.1294,r1_measured_04842,read,measured,,,,,14.8847,,ok,0.4149
17.2285,419,,,0.2982,,,,,,23.6466,r1_measured_04843,read,measured,,,,,5.721,,ok,0.347
139.2641,681,,,0.8414,,,,,,432.6681,r1_measured_04844,read,measured,,,,,24.9419,,ok,0.3776
124.2635,663,,,1.3302,,,,,,210.7801,r1_measured_04845,read,measured,,,,,84.7766,,ok,0.3359
123.7133,675,,,2.4331,,,,,,202.6601,r1_measured_04846,read,measured,,,,,76.1274,,ok,0.3206
134.6546,629,,,2.6826,,,,,,215.5983,r1_measured_04847,read,measured,,,,,77.8734,,ok,0.3253
135.3509,629,,,2.0771,,,,,,203.6529,r1_measured_04848,read,measured,,,,,65.6382,,ok,0.5162
119.1995,419,,,0.264,,,,,,235.3985,r1_measured_04849,read,measured,,,,,1.2023,,ok,0.3441
118.9016,675,,,3.1602,,,,,,202.2656,r1_measured_04850,read,measured,,,,,79.7581,,ok,0.3725
117.6766,629,,,7.7479,,,,,,176.8332,r1_measured_04851,read,measured,,,,,50.8867,,ok,0.446
125.1439,689,,,1.8001,,,,,,196.8407,r1_measured_04852,read,measured,,,,,69.4959,,ok,0.3377
124.9785,680,,,0.7308,,,,,,152.3369,r1_measured_04853,read,measured,,,,,26.1776,,ok,0.3704
127.0451,675,,,8.1169,,,,,,169.1506,r1_measured_04854,read,measured,,,,,33.608,,ok,0.3194
121.5213,509,,,1.3648,,,,,,209.0386,r1_measured_04855,read,measured,,,,,85.6351,,ok,0.4556
119.5596,680,,,2.8051,,,,,,211.4857,r1_measured_04856,read,measured,,,,,88.5216,,ok,0.5183
149.1541,628,,,1.5246,,,,,,189.5431,r1_measured_04857,read,measured,,,,,38.4896,,ok,0.3116
150.2791,675,,,0.4517,,,,,,197.5035,r1_measured_04858,read,measured,,,,,46.3195,,ok,0.3811
146.1072,663,,,7.5599,,,,,,166.0305,r1_measured_04859,read,measured,,,,,11.9753,,ok,0.3191
145.3341,629,,,2.3079,,,,,,205.7408,r1_measured_04860,read,measured,,,,,57.6657,,ok,0.3624
32.3135,680,,,1.6059,,,,,,68.6799,r1_measured_04861,read,measured,,,,,34.3507,,ok,0.345
34.8174,681,,,0.6871,,,,,,53.4958,r1_measured_04862,read,measured,,,,,17.462,,ok,0.4398
35.506,629,,,3.9665,,,,,,42.7259,r1_measured_04863,read,measured,,,,,2.584,,ok,0.5906
26.7376,629,,,3.3232,,,,,,35.2845,r1_measured_04864,read,measured,,,,,4.7996,,ok,0.3587
47.3653,681,,,1.2967,,,,,,67.6026,r1_measured_04865,read,measured,,,,,18.5502,,ok,0.3261
40.7198,680,,,0.8769,,,,,,55.6503,r1_measured_04866,read,measured,,,,,13.6284,,ok,0.3542
40.7157,675,,,3.0583,,,,,,63.3835,r1_measured_04867,read,measured,,,,,19.2212,,ok,0.319
42.2167,568,,,0.5586,,,,,,76.9338,r1_measured_04868,read,measured,,,,,33.7258,,ok,0.3719
37.071,369,,,0.2838,,,,,,46.305,r1_measured_04869,read,measured,,,,,8.5919,,ok,0.3102
37.4516,663,,,0.9882,,,,,,58.0125,r1_measured_04870,read,measured,,,,,19.1643,,ok,0.3326
36.761,419,,,0.254,,,,,,46.1943,r1_measured_04871,read,measured,,,,,8.7537,,ok,0.3668
33.3693,689,,,5.0375,,,,,,61.8669,r1_measured_04872,read,measured,,,,,23.0225,,ok,0.3723
30.6743,663,,,0.9978,,,,,,65.6854,r1_measured_04873,read,measured,,,,,33.6181,,ok,0.3304
28.5207,629,,,3.0314,,,,,,44.4271,r1_measured_04874,read,measured,,,,,12.4634,,ok,0.3393
26.524,509,,,2.9156,,,,,,41.1949,r1_measured_04875,read,measured,,,,,11.3496,,ok,0.3432
24.3389,681,,,1.6295,,,,,,41.8234,r1_measured_04876,read,measured,,,,,15.463,,ok,0.3265
21.3696,680,,,0.9368,,,,,,38.9858,r1_measured_04877,read,measured,,,,,16.2688,,ok,0.3423
19.9961,369,,,0.2925,,,,,,25.7221,r1_measured_04878,read,measured,,,,,4.9795,,ok,0.4007
20.8491,681,,,4.4023,,,,,,206.3407,r1_measured_04879,read,measured,,,,,27.0111,,ok,0.4307
42.0641,663,,,1.6014,,,,,,65.2384,r1_measured_04880,read,measured,,,,,21.1386,,ok,0.3514
43.9806,681,,,4.5629,,,,,,58.2534,r1_measured_04881,read,measured,,,,,9.2347,,ok,0.409
39.0016,663,,,2.31,,,,,,88.1388,r1_measured_04882,read,measured,,,,,46.3024,,ok,0.4532
36.5387,681,,,1.8142,,,,,,59.9116,r1_measured_04883,read,measured,,,,,21.1324,,ok,0.3594
22.8086,419,,,0.2521,,,,,,29.9,r1_measured_04884,read,measured,,,,,6.4873,,ok,0.3046
22.9828,681,,,0.6406,,,,,,48.308,r1_measured_04885,read,measured,,,,,24.2674,,ok,0.3408
37.6699,680,,,0.8822,,,,,,62.6427,r1_measured_04886,read,measured,,,,,23.6857,,ok,0.338
37.1816,419,,,0.2607,,,,,,43.2917,r1_measured_04887,read,measured,,,,,5.478,,ok,0.3211
34.0226,675,,,1.8898,,,,,,56.0783,r1_measured_04888,read,measured,,,,,19.7422,,ok,0.3571
31.1706,675,,,2.0526,,,,,,62.0245,r1_measured_04889,read,measured,,,,,28.3486,,ok,0.3828
30.8075,568,,,0.6352,,,,,,49.3983,r1_measured_04890,read,measured,,,,,17.5478,,ok,0.3453
30.2036,663,,,2.0555,,,,,,52.618,r1_measured_04891,read,measured,,,,,19.952,,ok,0.3374
27.3985,509,,,0.5124,,,,,,54.4922,r1_measured_04892,read,measured,,,,,26.1924,,ok,0.3335
42.3939,663,,,2.1581,,,,,,80.5342,r1_measured_04893,read,measured,,,,,35.5195,,ok,0.3926
38.3859,681,,,2.2257,,,,,,82.1942,r1_measured_04894,read,measured,,,,,41.1479,,ok,0.3633
39.7828,629,,,0.5284,,,,,,73.9783,r1_measured_04895,read,measured,,,,,33.2466,,ok,0.3559
39.3102,369,,,0.2451,,,,,,45.9602,r1_measured_04896,read,measured,,,,,6.0252,,ok,0.3312
31.165,629,,,0.4633,,,,,,69.1024,r1_measured_04897,read,measured,,,,,37.0497,,ok,0.3592
29.3125,681,,,2.4441,,,,,,58.1326,r1_measured_04898,read,measured,,,,,25.9109,,ok,0.363
26.28,680,,,0.5141,,,,,,55.0324,r1_measured_04899,read,measured,,,,,27.8006,,ok,0.3701
25.4487,680,,,1.5861,,,,,,50.9547,r1_measured_04900,read,measured,,,,,23.4622,,ok,0.3887
23.7606,509,,,1.4337,,,,,,38.4541,r1_measured_04901,read,measured,,,,,12.7694,,ok,0.3968
23.0211,680,,,0.7414,,,,,,40.7989,r1_measured_04902,read,measured,,,,,16.5607,,ok,0.3986
38.6825,680,,,2.8887,,,,,,61.2407,r1_measured_04903,read,measured,,,,,19.2153,,ok,0.3689
40.4643,509,,,1.2796,,,,,,63.1009,r1_measured_04904,read,measured,,,,,20.8851,,ok,0.3741
32.4363,628,,,0.9768,,,,,,56.3475,r1_measured_04905,read,measured,,,,,22.4845,,ok,0.3775
426.3985,681,11.03,31.0629,0.616,211.2056,0,31.0609,1,114.9114,428.5207,r1_measured_04906,update,measured,83.8485,2.1222,1,46.2644,1.0017,42.9871,ok,0.4192
30.1122,419,,,0.3134,,,,,,138.9522,r1_measured_04907,read,measured,,,,,13.5807,,ok,0.3652
28.1794,629,,,1.7406,,,,,,47.7493,r1_measured_04908,read,measured,,,,,17.4005,,ok,0.3589
19.3191,369,,,0.2486,,,,,,27.7222,r1_measured_04909,read,measured,,,,,7.7676,,ok,0.3341
16.8955,675,,,0.6112,,,,,,28.1446,r1_measured_04910,read,measured,,,,,10.2214,,ok,0.3486
44.575,568,,,0.6328,,,,,,58.3488,r1_measured_04911,read,measured,,,,,12.6982,,ok,0.3725
44.9655,663,,,3.2404,,,,,,68.6317,r1_measured_04912,read,measured,,,,,19.9636,,ok,0.3902
44.1201,568,,,1.2055,,,,,,71.7691,r1_measured_04913,read,measured,,,,,26.0055,,ok,0.3719
40.7233,369,,,0.5978,,,,,,46.5899,r1_measured_04914,read,measured,,,,,4.4368,,ok,0.7499
41.3281,680,,,0.5551,,,,,,58.594,r1_measured_04915,read,measured,,,,,16.2867,,ok,0.355
40.1267,663,,,0.597,,,,,,55.7495,r1_measured_04916,read,measured,,,,,14.5836,,ok,0.3718
36.4188,681,,,0.6641,,,,,,51.6848,r1_measured_04917,read,measured,,,,,14.1576,,ok,0.3712
35.5324,681,,,0.6562,,,,,,69.4463,r1_measured_04918,read,measured,,,,,32.8264,,ok,0.3588
28.9928,681,,,0.6689,,,,,,38.4985,r1_measured_04919,read,measured,,,,,8.3681,,ok,0.394
25.4457,663,,,1.036,,,,,,55.8434,r1_measured_04920,read,measured,,,,,28.5667,,ok,0.7137
23.1381,509,,,0.6845,,,,,,31.9417,r1_measured_04921,read,measured,,,,,7.678,,ok,0.3767
22.8434,568,,,0.5133,,,,,,38.2231,r1_measured_04922,read,measured,,,,,14.4326,,ok,0.366
42.9764,628,,,0.5921,,,,,,58.6526,r1_measured_04923,read,measured,,,,,14.5832,,ok,0.4243
43.661,629,,,0.5622,,,,,,61.0902,r1_measured_04924,read,measured,,,,,16.3411,,ok,0.4463
396.401,680,22.7715,39.9028,1.4322,60.8471,0,39.9007,1,173.6883,400.8739,r1_measured_04925,update,measured,133.7855,4.4729,1,62.9361,2.5396,76.158,ok,0.3992
38.9428,629,,,3.2441,,,,,,73.1657,r1_measured_04926,read,measured,,,,,30.4955,,ok,0.4023
391.574,689,21.5948,35.7078,3.1281,62.0188,1,35.7059,1,169.2038,397.4091,r1_measured_04927,update,measured,133.496,5.8351,1,44.2915,2.3014,94.4651,ok,0.3333
390.8065,689,22.1725,34.6263,0.7591,53.9565,1,34.6243,1,165.3685,398.031,r1_measured_04928,update,measured,130.7422,7.2245,1,84.2904,6.0814,65.0186,ok,0.3167
34.3268,680,,,1.8791,,,,,,41.3901,r1_measured_04929,read,measured,,,,,4.7314,,ok,0.3796
31.9416,675,,,0.7519,,,,,,69.2083,r1_measured_04930,read,measured,,,,,36.0655,,ok,0.378
31.3409,663,,,2.9841,,,,,,47.1681,r1_measured_04931,read,measured,,,,,12.3759,,ok,0.3961
20.5206,663,,,11.258,,,,,,52.2062,r1_measured_04932,read,measured,,,,,19.9937,,ok,0.3662
47.2931,629,,,0.9434,,,,,,79.5871,r1_measured_04933,read,measured,,,,,30.9068,,ok,0.3739
41.0767,681,,,1.1475,,,,,,71.6209,r1_measured_04934,read,measured,,,,,28.942,,ok,0.381
39.7583,689,,,0.5151,,,,,,78.4283,r1_measured_04935,read,measured,,,,,37.7347,,ok,0.3505
37.1364,419,,,0.2896,,,,,,45.7648,r1_measured_04936,read,measured,,,,,7.9212,,ok,0.3618
36.5748,568,,,3.9167,,,,,,64.4379,r1_measured_04937,read,measured,,,,,23.5096,,ok,0.3608
35.5526,675,,,1.5634,,,,,,60.9636,r1_measured_04938,read,measured,,,,,23.3936,,ok,0.3826
33.9473,663,,,8.233,,,,,,59.9908,r1_measured_04939,read,measured,,,,,17.3237,,ok,0.4108
29.0656,419,,,0.5508,,,,,,41.4558,r1_measured_04940,read,measured,,,,,11.2864,,ok,0.4765
25.1154,689,,,5.0394,,,,,,45.9957,r1_measured_04941,read,measured,,,,,15.3725,,ok,0.3915
22.8431,680,,,1.411,,,,,,57.8657,r1_measured_04942,read,measured,,,,,33.1641,,ok,0.3729
23.7713,675,,,2.8422,,,,,,43.4059,r1_measured_04943,read,measured,,,,,16.3118,,ok,0.4046
20.0596,689,,,1.9644,,,,,,49.5954,r1_measured_04944,read,measured,,,,,27.1124,,ok,0.3867
57.0553,663,,,1.6948,,,,,,98.5533,r1_measured_04945,read,measured,,,,,39.3054,,ok,0.4217
54.3721,568,,,1.0493,,,,,,83.789,r1_measured_04946,read,measured,,,,,27.9349,,ok,0.3636
52.0558,680,,,0.6055,,,,,,100.6159,r1_measured_04947,read,measured,,,,,47.4944,,ok,0.3873
51.1892,568,,,3.9821,,,,,,83.5388,r1_measured_04948,read,measured,,,,,27.9343,,ok,0.3573
319.5514,629,17.736,38.6572,0.7201,12.0868,1,38.6553,1,241.9646,327.0272,r1_measured_04949,update,measured,203.3074,7.4758,1,15.624,6.2042,32.14,ok,0.4853
37.67,629,,,1.2473,,,,,,78.3176,r1_measured_04950,read,measured,,,,,38.8733,,ok,0.4373
37.5069,689,,,0.7533,,,,,,68.6104,r1_measured_04951,read,measured,,,,,29.8872,,ok,0.3774
50.5094,509,,,0.8074,,,,,,78.2445,r1_measured_04952,read,measured,,,,,26.4105,,ok,0.4385
33.1897,509,,,1.4993,,,,,,76.1111,r1_measured_04953,read,measured,,,,,40.9739,,ok,0.3819
28.5213,419,,,0.3219,,,,,,46.59,r1_measured_04954,read,measured,,,,,17.3195,,ok,0.3642
86.2577,369,,,0.2346,,,,,,102.2321,r1_measured_04955,read,measured,,,,,15.3458,,ok,0.3353
78.6318,689,,,1.0156,,,,,,88.9872,r1_measured_04956,read,measured,,,,,8.8555,,ok,0.4025
77.3892,369,,,0.2631,,,,,,92.9011,r1_measured_04957,read,measured,,,,,14.8397,,ok,0.3523
79.3419,629,,,2.0802,,,,,,110.6083,r1_measured_04958,read,measured,,,,,28.7676,,ok,0.3531
75.0473,419,,,0.3807,,,,,,82.8234,r1_measured_04959,read,measured,,,,,6.9116,,ok,0.4151
76.3826,629,,,1.7216,,,,,,107.9203,r1_measured_04960,read,measured,,,,,29.2799,,ok,0.4715
73.4748,419,,,0.3035,,,,,,86.6165,r1_measured_04961,read,measured,,,,,12.4169,,ok,0.36
71.6662,680,,,0.5649,,,,,,108.3853,r1_measured_04962,read,measured,,,,,35.7212,,ok,0.361
72.1796,663,,,1.0387,,,,,,95.6652,r1_measured_04963,read,measured,,,,,21.9809,,ok,0.3967
71.2698,681,,,0.6327,,,,,,97.8696,r1_measured_04964,read,measured,,,,,25.5336,,ok,0.355
66.5817,681,,,2.2923,,,,,,82.5894,r1_measured_04965,read,measured,,,,,12.8314,,ok,0.8139
68.1649,568,,,1.4962,,,,,,84.3878,r1_measured_04966,read,measured,,,,,14.168,,ok,0.3728
66.7859,419,,,0.3254,,,,,,74.1243,r1_measured_04967,read,measured,,,,,6.592,,ok,0.3608
41.2342,675,,,1.5142,,,,,,66.4109,r1_measured_04968,read,measured,,,,,23.261,,ok,0.3381
35.2785,629,,,0.8652,,,,,,52.3111,r1_measured_04969,read,measured,,,,,15.7231,,ok,0.3753
36.2349,681,,,3.4042,,,,,,59.379,r1_measured_04970,read,measured,,,,,19.3069,,ok,0.3598
33.7847,675,,,2.5235,,,,,,64.5543,r1_measured_04971,read,measured,,,,,27.8244,,ok,0.35
29.6733,675,,,4.6388,,,,,,45.5258,r1_measured_04972,read,measured,,,,,10.7743,,ok,0.3663
26.7559,680,,,0.6653,,,,,,54.6515,r1_measured_04973,read,measured,,,,,26.7549,,ok,0.4045
84.2607,689,,,6.7086,,,,,,205.1809,r1_measured_04974,read,measured,,,,,113.7536,,ok,0.3774
64.2271,629,,,1.0398,,,,,,177.1518,r1_measured_04975,read,measured,,,,,111.4842,,ok,0.3301
79.2587,629,,,0.7614,,,,,,98.77,r1_measured_04976,read,measured,,,,,18.2119,,ok,0.4503
80.3238,419,,,0.2845,,,,,,134.932,r1_measured_04977,read,measured,,,,,53.9302,,ok,0.334
60.5295,629,,,0.4901,,,,,,150.9427,r1_measured_04978,read,measured,,,,,89.5416,,ok,0.319
57.5473,568,,,3.2217,,,,,,157.5061,r1_measured_04979,read,measured,,,,,96.3638,,ok,0.309
56.8701,369,,,0.2268,,,,,,124.9989,r1_measured_04980,read,measured,,,,,67.5289,,ok,0.3227
54.0604,689,,,0.5253,,,,,,139.1859,r1_measured_04981,read,measured,,,,,84.2172,,ok,0.316
54.4287,509,,,1.2975,,,,,,175.6012,r1_measured_04982,read,measured,,,,,119.3669,,ok,0.4219
88.7992,689,,,1.0241,,,,,,133.1473,r1_measured_04983,read,measured,,,,,42.6855,,ok,0.5617
50.6199,568,,,0.4632,,,,,,138.78,r1_measured_04984,read,measured,,,,,87.2947,,ok,0.3402
91.8341,675,,,0.5917,,,,,,141.2272,r1_measured_04985,read,measured,,,,,48.3951,,ok,0.3355
47.4642,675,,,0.8182,,,,,,115.8118,r1_measured_04986,read,measured,,,,,67.1285,,ok,0.3319
61.3112,509,,,0.4362,,,,,,117.5332,r1_measured_04987,read,measured,,,,,55.3965,,ok,0.3182
45.7436,419,,,0.2986,,,,,,99.5826,r1_measured_04988,read,measured,,,,,53.0703,,ok,0.4051
42.4603,419,,,0.2696,,,,,,103.5429,r1_measured_04989,read,measured,,,,,60.4331,,ok,0.328
37.0447,680,,,0.4486,,,,,,124.5839,r1_measured_04990,read,measured,,,,,86.7199,,ok,0.3073
36.4352,509,,,1.6714,,,,,,120.5157,r1_measured_04991,read,measured,,,,,82.0324,,ok,0.318
37.2152,568,,,0.4268,,,,,,108.5827,r1_measured_04992,read,measured,,,,,70.5501,,ok,0.3316
34.2034,509,,,1.5735,,,,,,149.0928,r1_measured_04993,read,measured,,,,,112.7576,,ok,0.4708
112.2381,629,,,1.9637,,,,,,159.3588,r1_measured_04994,read,measured,,,,,44.7222,,ok,0.3655
107.7047,509,,,0.6757,,,,,,158.4413,r1_measured_04995,read,measured,,,,,49.6411,,ok,0.3587
107.9557,629,,,15.8851,,,,,,142.7491,r1_measured_04996,read,measured,,,,,18.4226,,ok,0.4187
106.1354,681,,,0.6609,,,,,,121.4237,r1_measured_04997,read,measured,,,,,14.2338,,ok,0.3301
104.6221,568,,,13.0362,,,,,,135.7719,r1_measured_04998,read,measured,,,,,17.5316,,ok,0.4618
103.0023,369,,,0.2339,,,,,,112.7719,r1_measured_04999,read,measured,,,,,9.1785,,ok,0.3053
