backend_ms,candidate_count,candidate_fetch_ms,commit_ms,dense_scoring_ms,dense_upsert_ms,fresh_hit_at_10,full_write_ack_call_ms,graph_projection_ok,graph_visible_ms,latency_ms,op_id,op_type,phase,projection_fetch_ms,ranking_ms,relation_candidate_ok,relation_check_ms,sparse_scoring_ms,sparse_upsert_ms,status,zscore_fusion_ms
37.9569,673,,,3.3539,,,,,,49.7293,r1_measured_00000,read,measured,,,,,7.9754,,ok,0.3659
197.0134,628,11.4326,31.6713,0.9954,29.4697,1,31.6697,1,53.0473,208.6283,r1_measured_00001,update,measured,21.376,11.6149,1,15.8523,10.168,87.2115,ok,0.3723
33.2477,628,,,3.1983,,,,,,38.3273,r1_measured_00002,read,measured,,,,,1.2441,,ok,0.576
32.7308,567,,,4.577,,,,,,41.4365,r1_measured_00003,read,measured,,,,,3.7722,,ok,0.2962
36.6497,628,,,1.2273,,,,,,45.7059,r1_measured_00004,read,measured,,,,,7.3918,,ok,0.3762
38.1383,628,,,0.5115,,,,,,43.2817,r1_measured_00005,read,measured,,,,,4.241,,ok,0.3205
37.7748,417,,,0.3897,,,,,,40.1482,r1_measured_00006,read,measured,,,,,1.5826,,ok,0.3469
35.9109,663,,,2.6924,,,,,,47.075,r1_measured_00007,read,measured,,,,,8.0291,,ok,0.3802
8.6294,680,,,2.1437,,,,,,14.0521,r1_measured_00008,read,measured,,,,,2.6979,,ok,0.458
10.2983,679,,,2.8839,,,,,,19.0547,r1_measured_00009,read,measured,,,,,5.3303,,ok,0.4613
9.2277,368,,,0.5648,,,,,,13.4416,r1_measured_00010,read,measured,,,,,2.9867,,ok,0.581
16.3144,417,,,0.3144,,,,,,18.6607,r1_measured_00011,read,measured,,,,,1.4962,,ok,0.4675
14.641,679,,,1.8784,,,,,,19.998,r1_measured_00012,read,measured,,,,,2.9329,,ok,0.4623
12.4746,628,,,1.1772,,,,,,20.3497,r1_measured_00013,read,measured,,,,,6.2155,,ok,0.4106
12.0521,418,,,0.3317,,,,,,15.991,r1_measured_00014,read,measured,,,,,3.0476,,ok,0.4871
37.708,681,,,1.9597,,,,,,95.8552,r1_measured_00015,read,measured,,,,,55.8306,,ok,0.2868
35.8433,567,,,0.6929,,,,,,91.4872,r1_measured_00016,read,measured,,,,,54.574,,ok,0.3157
30.4843,689,,,2.7617,,,,,,92.3552,r1_measured_00017,read,measured,,,,,58.4993,,ok,0.5442
20.5904,567,,,1.8641,,,,,,84.883,r1_measured_00018,read,measured,,,,,62.0751,,ok,0.2915
85.5671,680,,,1.8628,,,,,,88.5558,r1_measured_00019,read,measured,,,,,0.7518,,ok,0.315
84.784,419,,,0.3043,,,,,,89.2901,r1_measured_00020,read,measured,,,,,3.8477,,ok,0.3065
81.9975,677,,,1.1723,,,,,,86.0932,r1_measured_00021,read,measured,,,,,2.5606,,ok,0.302
10.9287,508,,,1.2213,,,,,,19.9491,r1_measured_00022,read,measured,,,,,7.4526,,ok,0.292
8.9678,509,,,0.6994,,,,,,13.3817,r1_measured_00023,read,measured,,,,,3.2997,,ok,0.3385
10.5662,678,,,1.4608,,,,,,13.726,r1_measured_00024,read,measured,,,,,1.2645,,ok,0.3683
5.4776,680,,,1.6905,,,,,,20.9719,r1_measured_00025,read,measured,,,,,13.3637,,ok,0.3753
9.715,680,,,0.8224,,,,,,14.8271,r1_measured_00026,read,measured,,,,,3.9354,,ok,0.2978
8.5881,365,,,0.2235,,,,,,10.0376,r1_measured_00027,read,measured,,,,,0.8784,,ok,0.2987
10.2678,678,,,0.5967,,,,,,21.4671,r1_measured_00028,read,measured,,,,,10.1882,,ok,0.3529
7.8578,661,,,0.7191,,,,,,14.617,r1_measured_00029,read,measured,,,,,5.6031,,ok,0.3646
7.9571,684,,,1.4519,,,,,,17.7634,r1_measured_00030,read,measured,,,,,7.9248,,ok,0.3562
9.0197,662,,,0.9582,,,,,,14.3001,r1_measured_00031,read,measured,,,,,3.8041,,ok,0.4438
19.6601,674,,,1.0235,,,,,,35.0605,r1_measured_00032,read,measured,,,,,13.9315,,ok,0.3791
13.0622,681,,,3.9163,,,,,,18.883,r1_measured_00033,read,measured,,,,,1.3752,,ok,0.4429
12.4063,688,,,0.9734,,,,,,20.557,r1_measured_00034,read,measured,,,,,6.6958,,ok,0.3907
9.9485,628,,,2.8966,,,,,,20.9035,r1_measured_00035,read,measured,,,,,7.5602,,ok,0.4238
9.0753,417,,,0.3829,,,,,,13.1415,r1_measured_00036,read,measured,,,,,3.2228,,ok,0.4
232.6302,660,13.5996,9.4148,1.8581,138.7142,1,9.4128,1,33.4745,242.0533,r1_measured_00037,update,measured,24.0597,9.4231,1,6.2601,7.137,40.5818,ok,0.3587
11.6847,628,,,1.5435,,,,,,22.7909,r1_measured_00038,read,measured,,,,,9.0783,,ok,0.4128
9.5745,369,,,0.4005,,,,,,11.2807,r1_measured_00039,read,measured,,,,,0.8878,,ok,0.366
9.5119,678,,,1.5661,,,,,,19.2148,r1_measured_00040,read,measured,,,,,7.7109,,ok,0.3604
10.6473,663,,,1.5338,,,,,,18.0115,r1_measured_00041,read,measured,,,,,5.3852,,ok,0.3701
6.9628,417,,,0.2677,,,,,,9.5273,r1_measured_00042,read,measured,,,,,1.8921,,ok,0.3524
13.4004,660,,,2.438,,,,,,46.3489,r1_measured_00043,read,measured,,,,,30.032,,ok,0.4039
10.824,369,,,0.3801,,,,,,13.6781,r1_measured_00044,read,measured,,,,,2.0807,,ok,0.3447
11.5867,671,,,4.1739,,,,,,45.0578,r1_measured_00045,read,measured,,,,,28.8255,,ok,0.3858
6.7815,417,,,0.3787,,,,,,10.8128,r1_measured_00046,read,measured,,,,,3.2469,,ok,0.352
9.8935,681,,,0.8954,,,,,,35.7154,r1_measured_00047,read,measured,,,,,24.3099,,ok,0.5464
141.3887,366,8.6992,9.1442,0.3353,56.64,1,9.1424,1,48.9231,142.5599,r1_measured_00048,update,measured,39.7789,1.1712,1,9.117,0.3467,18.0094,ok,0.4283
37.4221,680,,,2.083,,,,,,45.3472,r1_measured_00049,read,measured,,,,,5.3752,,ok,0.3929
34.2193,419,,,0.6059,,,,,,36.6395,r1_measured_00050,read,measured,,,,,1.3777,,ok,0.3796
32.2946,419,,,0.5752,,,,,,37.0277,r1_measured_00051,read,measured,,,,,3.7233,,ok,0.3771
13.4013,689,,,0.8951,,,,,,20.0413,r1_measured_00052,read,measured,,,,,5.2335,,ok,0.4158
12.9702,508,,,2.0288,,,,,,20.6107,r1_measured_00053,read,measured,,,,,5.1783,,ok,0.3694
10.0612,416,,,0.3208,,,,,,13.3629,r1_measured_00054,read,measured,,,,,2.5519,,ok,0.3713
9.3226,678,,,1.9189,,,,,,15.1705,r1_measured_00055,read,measured,,,,,3.497,,ok,0.3627
22.0,509,,,1.3024,,,,,,34.1276,r1_measured_00056,read,measured,,,,,10.4266,,ok,0.3418
23.2978,565,,,0.809,,,,,,33.0237,r1_measured_00057,read,measured,,,,,8.4027,,ok,0.4528
19.2206,689,,,1.049,,,,,,23.974,r1_measured_00058,read,measured,,,,,3.2774,,ok,0.3553
24.4124,686,,,1.1307,,,,,,28.4766,r1_measured_00059,read,measured,,,,,2.3663,,ok,0.5014
22.4904,686,,,2.2443,,,,,,31.0243,r1_measured_00060,read,measured,,,,,5.8516,,ok,0.3735
18.3923,567,,,1.4388,,,,,,26.2843,r1_measured_00061,read,measured,,,,,6.0357,,ok,0.3543
10.5986,676,,,2.0507,,,,,,18.2973,r1_measured_00062,read,measured,,,,,5.2261,,ok,0.3516
9.0314,678,,,0.617,,,,,,11.5265,r1_measured_00063,read,measured,,,,,1.447,,ok,0.3648
13.579,679,,,0.8332,,,,,,21.3829,r1_measured_00064,read,measured,,,,,6.5284,,ok,0.3763
11.5257,417,,,0.4343,,,,,,14.1268,r1_measured_00065,read,measured,,,,,1.7061,,ok,0.4042
10.0503,680,,,0.6872,,,,,,15.1438,r1_measured_00066,read,measured,,,,,3.9224,,ok,0.4131
3.6124,416,,,3.3477,,,,,,8.5036,r1_measured_00067,read,measured,,,,,1.1337,,ok,0.3478
10.3273,678,,,2.0636,,,,,,17.9807,r1_measured_00068,read,measured,,,,,5.1543,,ok,0.3717
7.1604,508,,,0.4971,,,,,,11.1017,r1_measured_00069,read,measured,,,,,3.0047,,ok,0.3816
12.4427,687,,,2.1254,,,,,,19.0035,r1_measured_00070,read,measured,,,,,3.9731,,ok,0.3898
11.1738,628,,,1.1096,,,,,,14.2749,r1_measured_00071,read,measured,,,,,1.5309,,ok,0.3951
7.8426,686,,,2.0664,,,,,,13.8379,r1_measured_00072,read,measured,,,,,3.4707,,ok,0.3864
144.3466,417,5.7809,8.5056,1.0191,43.7648,1,8.5032,1,33.1225,146.8783,r1_measured_00073,update,measured,24.6169,2.5317,1,33.4075,1.0494,28.2709,ok,0.4039
10.2543,508,,,0.8028,,,,,,13.4323,r1_measured_00074,read,measured,,,,,1.8643,,ok,0.4391
6.9532,508,,,0.7798,,,,,,13.9453,r1_measured_00075,read,measured,,,,,5.7666,,ok,0.383
12.7991,679,,,1.3111,,,,,,17.798,r1_measured_00076,read,measured,,,,,3.2288,,ok,0.3918
6.832,417,,,1.1558,,,,,,9.8035,r1_measured_00077,read,measured,,,,,1.3717,,ok,0.3809
9.151,662,,,0.8987,,,,,,11.4918,r1_measured_00078,read,measured,,,,,0.971,,ok,0.4021
11.3234,688,,,1.3059,,,,,,15.4653,r1_measured_00079,read,measured,,,,,2.368,,ok,0.3896
175.9863,663,10.5037,4.4664,2.2707,91.5375,1,4.4648,1,21.3174,181.6665,r1_measured_00080,update,measured,16.851,5.6802,1,0.0054,2.9703,52.6223,ok,0.374
6.6865,368,,,0.2632,,,,,,8.5148,r1_measured_00081,read,measured,,,,,1.1572,,ok,0.3571
7.8621,673,,,0.6023,,,,,,12.3788,r1_measured_00082,read,measured,,,,,3.4725,,ok,0.3732
6.0898,369,,,0.2951,,,,,,7.7198,r1_measured_00083,read,measured,,,,,0.9204,,ok,0.361
8.0257,680,,,1.87,,,,,,37.1564,r1_measured_00084,read,measured,,,,,26.8069,,ok,0.3738
26.659,508,,,0.9014,,,,,,53.9109,r1_measured_00085,read,measured,,,,,25.9111,,ok,0.3711
42.0732,567,,,2.5524,,,,,,59.5648,r1_measured_00086,read,measured,,,,,14.5217,,ok,0.3539
40.1482,661,,,0.6422,,,,,,60.0972,r1_measured_00087,read,measured,,,,,18.8861,,ok,0.354
44.3034,626,,,0.7607,,,,,,50.2829,r1_measured_00088,read,measured,,,,,4.7822,,ok,0.3689
20.0745,663,,,0.5666,,,,,,26.9863,r1_measured_00089,read,measured,,,,,5.9322,,ok,0.3461
12.0029,676,,,0.6825,,,,,,20.1135,r1_measured_00090,read,measured,,,,,7.0033,,ok,0.3561
12.2519,680,,,0.606,,,,,,22.028,r1_measured_00091,read,measured,,,,,8.7124,,ok,0.3828
7.0166,676,,,0.6139,,,,,,17.6756,r1_measured_00092,read,measured,,,,,9.619,,ok,0.354
5.5183,416,,,0.2969,,,,,,8.1036,r1_measured_00093,read,measured,,,,,1.8725,,ok,0.3615
7.5202,680,,,1.453,,,,,,11.6037,r1_measured_00094,read,measured,,,,,2.185,,ok,0.3786
5.769,417,,,0.4142,,,,,,40.2184,r1_measured_00095,read,measured,,,,,2.9353,,ok,0.4061
9.1279,566,,,1.7273,,,,,,13.448,r1_measured_00096,read,measured,,,,,2.1588,,ok,0.3725
6.447,680,,,1.2375,,,,,,11.9609,r1_measured_00097,read,measured,,,,,3.8162,,ok,0.3933
4.9928,567,,,0.785,,,,,,8.6352,r1_measured_00098,read,measured,,,,,2.3707,,ok,0.4141
10.6187,417,,,0.5306,,,,,,13.4112,r1_measured_00099,read,measured,,,,,1.3383,,ok,0.8598
9.2925,508,,,1.4922,,,,,,17.4151,r1_measured_00100,read,measured,,,,,6.1969,,ok,0.3766
8.032,686,,,1.5757,,,,,,12.939,r1_measured_00101,read,measured,,,,,2.8914,,ok,0.372
7.0072,417,,,1.9601,,,,,,12.3965,r1_measured_00102,read,measured,,,,,3.0144,,ok,0.36
7.0794,680,,,0.9404,,,,,,13.3944,r1_measured_00103,read,measured,,,,,4.9227,,ok,0.3856
9.2786,677,,,0.6224,,,,,,11.3664,r1_measured_00104,read,measured,,,,,1.0004,,ok,0.3942
6.6134,675,,,2.3397,,,,,,24.9025,r1_measured_00105,read,measured,,,,,15.4942,,ok,0.379
9.2349,686,,,1.4069,,,,,,22.2653,r1_measured_00106,read,measured,,,,,11.1606,,ok,0.3911
7.0894,680,,,1.9012,,,,,,16.5663,r1_measured_00107,read,measured,,,,,7.0796,,ok,0.4151
6.8509,678,,,1.8974,,,,,,20.5014,r1_measured_00108,read,measured,,,,,11.2918,,ok,0.3862
5.6884,629,,,0.9151,,,,,,27.2047,r1_measured_00109,read,measured,,,,,20.1599,,ok,0.3719
7.0452,677,,,0.5619,,,,,,15.7502,r1_measured_00110,read,measured,,,,,7.6314,,ok,0.4265
9.3928,679,,,1.0745,,,,,,19.6967,r1_measured_00111,read,measured,,,,,8.6666,,ok,0.4941
8.4188,677,,,1.7095,,,,,,19.5788,r1_measured_00112,read,measured,,,,,8.9845,,ok,0.3885
6.4139,568,,,0.7392,,,,,,24.3516,r1_measured_00113,read,measured,,,,,16.7623,,ok,0.3661
7.9458,508,,,1.2067,,,,,,24.2718,r1_measured_00114,read,measured,,,,,14.7069,,ok,0.3546
6.1337,662,,,0.6043,,,,,,18.9717,r1_measured_00115,read,measured,,,,,11.7902,,ok,0.3777
5.6913,628,,,0.9309,,,,,,12.3473,r1_measured_00116,read,measured,,,,,5.2807,,ok,0.3795
5.6123,509,,,0.8669,,,,,,19.6764,r1_measured_00117,read,measured,,,,,12.7435,,ok,0.3915
5.3184,628,,,0.6021,,,,,,9.1542,r1_measured_00118,read,measured,,,,,2.789,,ok,0.3786
132.5116,627,17.4128,2.1351,0.9461,50.3808,1,2.1334,1,27.3073,139.8195,r1_measured_00119,update,measured,25.1722,7.3079,1,6.515,5.9504,30.8957,ok,0.3519
8.9795,680,,,1.3907,,,,,,19.5681,r1_measured_00120,read,measured,,,,,8.6788,,ok,0.4012
5.6429,680,,,2.5505,,,,,,18.3072,r1_measured_00121,read,measured,,,,,9.6655,,ok,0.3677
9.5168,417,,,0.3078,,,,,,12.2535,r1_measured_00122,read,measured,,,,,1.9747,,ok,0.3949
7.1975,368,,,1.4211,,,,,,13.8203,r1_measured_00123,read,measured,,,,,4.7882,,ok,0.3565
8.3682,676,,,1.4511,,,,,,16.619,r1_measured_00124,read,measured,,,,,6.3526,,ok,0.3752
118.3416,368,18.7511,12.5069,0.2276,12.8334,1,12.5044,1,54.4251,119.6031,r1_measured_00125,update,measured,41.9182,1.2615,1,6.6316,0.6466,25.7004,ok,0.3347
7.2686,680,,,0.968,,,,,,39.9475,r1_measured_00126,read,measured,,,,,31.3074,,ok,0.3333
6.9155,625,,,0.8056,,,,,,35.7035,r1_measured_00127,read,measured,,,,,27.5647,,ok,0.3503
6.6375,417,,,0.3063,,,,,,29.4689,r1_measured_00128,read,measured,,,,,22.1056,,ok,0.3622
5.5547,417,,,0.4497,,,,,,7.8562,r1_measured_00129,read,measured,,,,,1.3447,,ok,0.4501
27.1162,678,,,1.3668,,,,,,34.0569,r1_measured_00130,read,measured,,,,,5.1461,,ok,0.3447
30.0248,369,,,0.3206,,,,,,33.674,r1_measured_00131,read,measured,,,,,2.9363,,ok,0.3465
28.9176,629,,,0.5171,,,,,,33.6574,r1_measured_00132,read,measured,,,,,3.8252,,ok,0.3379
9.8227,418,,,0.3373,,,,,,11.3155,r1_measured_00133,read,measured,,,,,0.7496,,ok,0.354
11.782,677,,,2.5431,,,,,,34.2074,r1_measured_00134,read,measured,,,,,19.4394,,ok,0.366
8.86,508,,,3.5706,,,,,,30.2933,r1_measured_00135,read,measured,,,,,17.4032,,ok,0.3986
8.268,681,,,1.2353,,,,,,12.6844,r1_measured_00136,read,measured,,,,,2.7454,,ok,0.3714
5.3977,674,,,1.0142,,,,,,8.6489,r1_measured_00137,read,measured,,,,,1.8329,,ok,0.3424
9.5197,628,,,0.6204,,,,,,29.7032,r1_measured_00138,read,measured,,,,,19.1426,,ok,0.3544
8.4427,688,,,0.9469,,,,,,30.3689,r1_measured_00139,read,measured,,,,,20.5375,,ok,0.3722
13.0042,680,,,0.7093,,,,,,33.6414,r1_measured_00140,read,measured,,,,,19.4148,,ok,0.4314
17.7732,686,,,0.7828,,,,,,27.4276,r1_measured_00141,read,measured,,,,,8.41,,ok,0.3872
8.5955,681,,,1.3589,,,,,,20.1424,r1_measured_00142,read,measured,,,,,9.7361,,ok,0.3767
6.1295,508,,,0.744,,,,,,11.1468,r1_measured_00143,read,measured,,,,,3.8626,,ok,0.3521
7.1429,509,,,1.0864,,,,,,14.0662,r1_measured_00144,read,measured,,,,,5.3909,,ok,0.3759
6.8667,628,,,0.5921,,,,,,14.6991,r1_measured_00145,read,measured,,,,,6.8089,,ok,0.3654
20.6084,689,,,1.9744,,,,,,24.3989,r1_measured_00146,read,measured,,,,,1.3914,,ok,0.3585
16.7702,568,,,1.2287,,,,,,22.7316,r1_measured_00147,read,measured,,,,,4.3112,,ok,0.3575
15.5809,416,,,0.2717,,,,,,17.7902,r1_measured_00148,read,measured,,,,,1.4454,,ok,0.4349
18.0571,679,,,0.8147,,,,,,20.1952,r1_measured_00149,read,measured,,,,,0.9077,,ok,0.35
16.8421,628,,,1.2644,,,,,,20.1111,r1_measured_00150,read,measured,,,,,1.5889,,ok,0.3478
20.3322,508,,,0.7779,,,,,,30.0456,r1_measured_00151,read,measured,,,,,8.5355,,ok,0.3452
11.7072,661,,,1.4439,,,,,,16.4268,r1_measured_00152,read,measured,,,,,2.8064,,ok,0.4073
10.1663,689,,,1.4879,,,,,,20.6499,r1_measured_00153,read,measured,,,,,8.4992,,ok,0.4303
9.8125,368,,,0.2506,,,,,,11.3718,r1_measured_00154,read,measured,,,,,0.9068,,ok,0.3506
153.2858,661,10.0751,11.7497,0.8177,6.8904,1,11.748,1,26.5769,185.6488,r1_measured_00155,update,measured,14.8272,32.363,1,0.0049,31.0955,109.7385,ok,0.3577
11.7238,416,,,0.2545,,,,,,13.0031,r1_measured_00156,read,measured,,,,,0.6366,,ok,0.3327
10.7982,688,,,0.7002,,,,,,19.9392,r1_measured_00157,read,measured,,,,,7.9945,,ok,0.3791
10.2845,567,,,0.9245,,,,,,18.3469,r1_measured_00158,read,measured,,,,,6.7016,,ok,0.3718
8.0447,507,,,1.9091,,,,,,112.8698,r1_measured_00159,read,measured,,,,,102.5213,,ok,0.3246
10.4704,509,,,0.9847,,,,,,114.7604,r1_measured_00160,read,measured,,,,,102.9196,,ok,0.3269
9.6153,678,,,0.9152,,,,,,119.7456,r1_measured_00161,read,measured,,,,,108.7332,,ok,0.4121
7.2609,628,,,2.3987,,,,,,107.4885,r1_measured_00162,read,measured,,,,,97.3609,,ok,0.3931
7.1485,418,,,0.4532,,,,,,30.5019,r1_measured_00163,read,measured,,,,,22.3847,,ok,0.4241
100.2509,681,,,0.6062,,,,,,115.0227,r1_measured_00164,read,measured,,,,,13.7525,,ok,0.3492
98.1031,568,,,1.3869,,,,,,109.0743,r1_measured_00165,read,measured,,,,,9.1337,,ok,0.3676
81.3586,417,,,0.2416,,,,,,86.1762,r1_measured_00166,read,measured,,,,,4.2004,,ok,0.3204
8.9302,663,,,0.6802,,,,,,16.6103,r1_measured_00167,read,measured,,,,,6.6075,,ok,0.3327
6.6418,368,,,0.3465,,,,,,11.7787,r1_measured_00168,read,measured,,,,,4.4317,,ok,0.3042
83.7025,687,16.462,4.33,0.6437,4.451,1,4.3283,1,28.259,102.8789,r1_measured_00169,update,measured,23.929,19.1764,1,0.006,18.075,34.5245,ok,0.3818
11.4252,663,,,5.2618,,,,,,50.6865,r1_measured_00170,read,measured,,,,,33.5173,,ok,0.3891
10.193,689,,,1.6536,,,,,,48.4931,r1_measured_00171,read,measured,,,,,36.196,,ok,0.3675
6.5041,686,,,1.1883,,,,,,12.4985,r1_measured_00172,read,measured,,,,,4.2834,,ok,0.4392
8.4908,505,,,5.2498,,,,,,16.1096,r1_measured_00173,read,measured,,,,,1.9241,,ok,0.3783
10.5062,678,,,0.6149,,,,,,49.646,r1_measured_00174,read,measured,,,,,38.0659,,ok,0.3762
12.3527,506,,,3.4282,,,,,,40.9748,r1_measured_00175,read,measured,,,,,24.7306,,ok,0.3834
28.1581,672,,,1.0381,,,,,,42.6181,r1_measured_00176,read,measured,,,,,12.9901,,ok,0.3562
18.7608,509,,,1.1945,,,,,,38.9937,r1_measured_00177,read,measured,,,,,18.6166,,ok,0.3589
28.0883,663,,,0.921,,,,,,31.9593,r1_measured_00178,read,measured,,,,,2.5052,,ok,0.3796
27.4239,567,,,1.5962,,,,,,42.246,r1_measured_00179,read,measured,,,,,12.7631,,ok,0.3933
25.9595,680,,,2.1384,,,,,,42.0144,r1_measured_00180,read,measured,,,,,13.4488,,ok,0.3854
22.4293,663,,,1.0184,,,,,,34.5263,r1_measured_00181,read,measured,,,,,10.5745,,ok,0.4173
14.5757,568,,,2.6149,,,,,,20.3015,r1_measured_00182,read,measured,,,,,2.6228,,ok,0.4236
18.7115,678,,,2.4992,,,,,,36.1368,r1_measured_00183,read,measured,,,,,14.4709,,ok,0.3774
11.3878,506,,,0.6006,,,,,,13.752,r1_measured_00184,read,measured,,,,,1.3182,,ok,0.3724
12.6267,673,,,0.9877,,,,,,26.4397,r1_measured_00185,read,measured,,,,,12.3549,,ok,0.3899
9.6431,417,,,1.5849,,,,,,13.4047,r1_measured_00186,read,measured,,,,,1.6645,,ok,0.4416
14.1468,678,,,1.5031,,,,,,19.3258,r1_measured_00187,read,measured,,,,,3.2199,,ok,0.3834
13.6874,679,,,1.7811,,,,,,31.986,r1_measured_00188,read,measured,,,,,16.0464,,ok,0.3965
13.3062,675,,,3.0601,,,,,,39.2749,r1_measured_00189,read,measured,,,,,22.4106,,ok,0.4208
11.0214,662,,,2.2249,,,,,,23.0293,r1_measured_00190,read,measured,,,,,9.3103,,ok,0.3957
9.5489,688,,,2.5609,,,,,,34.3383,r1_measured_00191,read,measured,,,,,21.8017,,ok,0.3583
8.3714,418,,,0.3842,,,,,,11.6021,r1_measured_00192,read,measured,,,,,2.4129,,ok,0.3765
6.5455,418,,,1.0555,,,,,,11.0479,r1_measured_00193,read,measured,,,,,3.0268,,ok,0.3556
9.1745,417,,,0.2991,,,,,,11.7907,r1_measured_00194,read,measured,,,,,1.7823,,ok,0.4688
9.2715,417,,,0.4239,,,,,,13.9151,r1_measured_00195,read,measured,,,,,3.7688,,ok,0.3921
6.9557,368,,,0.2495,,,,,,15.9024,r1_measured_00196,read,measured,,,,,8.2917,,ok,0.3528
8.9639,368,,,0.2496,,,,,,11.4289,r1_measured_00197,read,measured,,,,,1.7777,,ok,0.3691
6.3446,628,,,2.3188,,,,,,15.7494,r1_measured_00198,read,measured,,,,,6.5385,,ok,0.4724
10.6945,684,,,1.4252,,,,,,18.3806,r1_measured_00199,read,measured,,,,,5.7189,,ok,0.4556
8.6403,418,,,1.3067,,,,,,14.526,r1_measured_00200,read,measured,,,,,4.1727,,ok,0.3471
11.6703,416,,,0.3286,,,,,,14.4217,r1_measured_00201,read,measured,,,,,1.9221,,ok,0.4359
16.5245,623,,,1.3265,,,,,,28.8368,r1_measured_00202,read,measured,,,,,9.8699,,ok,0.9892
14.8133,674,,,1.4239,,,,,,20.1965,r1_measured_00203,read,measured,,,,,3.4577,,ok,0.4222
10.1782,689,,,1.7353,,,,,,16.2758,r1_measured_00204,read,measured,,,,,3.8843,,ok,0.3999
10.2805,509,,,0.7859,,,,,,26.7132,r1_measured_00205,read,measured,,,,,15.1911,,ok,0.3844
8.4089,627,,,1.6669,,,,,,16.548,r1_measured_00206,read,measured,,,,,5.9554,,ok,0.4353
8.6946,679,,,2.6494,,,,,,20.9721,r1_measured_00207,read,measured,,,,,9.1303,,ok,0.4216
13.2585,417,,,0.3831,,,,,,19.6099,r1_measured_00208,read,measured,,,,,5.5293,,ok,0.3796
12.2188,628,,,1.2796,,,,,,21.3797,r1_measured_00209,read,measured,,,,,7.4203,,ok,0.3908
17.7085,416,,,0.2834,,,,,,19.6368,r1_measured_00210,read,measured,,,,,1.2314,,ok,0.3606
15.3624,676,,,1.0316,,,,,,27.6881,r1_measured_00211,read,measured,,,,,10.831,,ok,0.3785
13.0293,674,,,0.8049,,,,,,21.0886,r1_measured_00212,read,measured,,,,,6.827,,ok,0.3581
9.3924,417,,,0.2777,,,,,,14.6748,r1_measured_00213,read,measured,,,,,4.5751,,ok,0.3742
8.2774,566,,,0.6367,,,,,,17.5203,r1_measured_00214,read,measured,,,,,8.1233,,ok,0.4158
7.2192,673,,,1.6425,,,,,,19.7204,r1_measured_00215,read,measured,,,,,10.3746,,ok,0.4073
8.4807,678,,,1.2235,,,,,,23.145,r1_measured_00216,read,measured,,,,,12.9498,,ok,0.4192
10.2812,508,,,2.5764,,,,,,23.1166,r1_measured_00217,read,measured,,,,,9.7857,,ok,0.4069
12.3179,677,,,0.7443,,,,,,34.769,r1_measured_00218,read,measured,,,,,21.1266,,ok,0.5046
10.2524,680,,,1.4533,,,,,,21.5271,r1_measured_00219,read,measured,,,,,9.3119,,ok,0.4209
6.9296,681,,,2.7819,,,,,,12.9328,r1_measured_00220,read,measured,,,,,2.6517,,ok,0.4818
13.5601,679,,,2.6078,,,,,,22.5935,r1_measured_00221,read,measured,,,,,5.9396,,ok,0.4084
10.6987,628,,,1.7246,,,,,,16.1368,r1_measured_00222,read,measured,,,,,3.2002,,ok,0.4252
9.7328,679,,,0.5792,,,,,,22.3285,r1_measured_00223,read,measured,,,,,11.5413,,ok,0.4001
14.3911,662,,,0.8827,,,,,,21.5615,r1_measured_00224,read,measured,,,,,5.585,,ok,0.6299
12.809,627,,,2.9793,,,,,,25.8389,r1_measured_00225,read,measured,,,,,9.5904,,ok,0.385
11.9781,567,,,1.5462,,,,,,20.3024,r1_measured_00226,read,measured,,,,,6.3255,,ok,0.387
17.0227,678,,,2.0361,,,,,,23.0314,r1_measured_00227,read,measured,,,,,3.2988,,ok,0.6011
15.5572,680,,,0.8974,,,,,,24.9954,r1_measured_00228,read,measured,,,,,8.0724,,ok,0.3974
12.0442,673,,,2.2515,,,,,,18.9652,r1_measured_00229,read,measured,,,,,4.2039,,ok,0.3896
13.2465,508,,,3.5601,,,,,,20.6459,r1_measured_00230,read,measured,,,,,3.3807,,ok,0.3946
133.7057,688,17.0187,8.6748,1.6469,24.5603,0,8.6733,1,34.6209,138.9421,r1_measured_00231,update,measured,25.9461,5.2364,1,0.0053,3.1913,57.5005,ok,0.3352
16.0173,679,,,1.9538,,,,,,20.5281,r1_measured_00232,read,measured,,,,,1.9145,,ok,0.5453
124.8629,679,12.188,7.3413,0.8709,19.3532,1,7.3397,1,26.938,134.1004,r1_measured_00233,update,measured,19.5967,9.2375,1,32.1637,7.9718,34.22,ok,0.3293
9.4231,628,,,2.1732,,,,,,23.6672,r1_measured_00234,read,measured,,,,,11.4754,,ok,0.4529
5.2349,680,,,1.9146,,,,,,14.1078,r1_measured_00235,read,measured,,,,,6.4449,,ok,0.4364
6.1216,418,,,0.3252,,,,,,8.4817,r1_measured_00236,read,measured,,,,,1.5883,,ok,0.3826
11.421,508,,,2.7019,,,,,,17.1222,r1_measured_00237,read,measured,,,,,2.472,,ok,0.457
8.6436,687,,,0.8142,,,,,,40.5333,r1_measured_00238,read,measured,,,,,30.5648,,ok,0.4256
28.1845,689,,,5.4109,,,,,,60.4568,r1_measured_00239,read,measured,,,,,26.3533,,ok,0.421
26.7329,680,,,0.9116,,,,,,63.5764,r1_measured_00240,read,measured,,,,,35.4858,,ok,0.3622
24.2965,672,,,1.3307,,,,,,68.3724,r1_measured_00241,read,measured,,,,,42.3378,,ok,0.342
45.1717,678,,,1.2866,,,,,,68.5131,r1_measured_00242,read,measured,,,,,21.6459,,ok,0.3443
43.4993,417,,,0.8793,,,,,,51.7363,r1_measured_00243,read,measured,,,,,6.9511,,ok,0.3503
25.4961,508,,,0.7963,,,,,,34.7358,r1_measured_00244,read,measured,,,,,8.0472,,ok,0.3432
8.7917,567,,,2.3919,,,,,,16.5092,r1_measured_00245,read,measured,,,,,4.9367,,ok,0.3304
5.8653,661,,,0.752,,,,,,13.6452,r1_measured_00246,read,measured,,,,,6.4181,,ok,0.5383
8.9023,663,,,0.4928,,,,,,23.9059,r1_measured_00247,read,measured,,,,,14.1187,,ok,0.3335
7.425,625,,,0.5514,,,,,,14.1972,r1_measured_00248,read,measured,,,,,5.8125,,ok,0.3478
6.5978,567,,,0.5212,,,,,,14.5139,r1_measured_00249,read,measured,,,,,7.003,,ok,0.3356
5.2058,680,,,0.5278,,,,,,14.3334,r1_measured_00250,read,measured,,,,,8.1942,,ok,0.3397
3.3063,417,,,0.2538,,,,,,7.5428,r1_measured_00251,read,measured,,,,,3.5975,,ok,0.3379
3.893,416,,,0.2756,,,,,,5.5005,r1_measured_00252,read,measured,,,,,0.9557,,ok,0.3298
16.4008,628,,,2.3067,,,,,,27.4908,r1_measured_00253,read,measured,,,,,8.3638,,ok,0.3531
15.9849,678,,,3.2302,,,,,,28.8065,r1_measured_00254,read,measured,,,,,9.1644,,ok,0.3554
9.9377,507,,,0.5624,,,,,,18.118,r1_measured_00255,read,measured,,,,,7.1254,,ok,0.35
8.2044,368,,,0.2482,,,,,,9.7381,r1_measured_00256,read,measured,,,,,0.8461,,ok,0.3751
11.5828,688,,,2.0068,,,,,,18.9028,r1_measured_00257,read,measured,,,,,4.8589,,ok,0.3835
12.2863,684,,,1.8837,,,,,,22.184,r1_measured_00258,read,measured,,,,,7.5979,,ok,0.3495
14.1425,676,,,2.031,,,,,,21.4183,r1_measured_00259,read,measured,,,,,4.8219,,ok,0.3533
14.5485,509,,,1.1202,,,,,,22.2567,r1_measured_00260,read,measured,,,,,6.2108,,ok,0.3258
11.3254,368,,,0.2919,,,,,,12.6966,r1_measured_00261,read,measured,,,,,0.6893,,ok,0.3366
10.556,678,,,2.1801,,,,,,18.6301,r1_measured_00262,read,measured,,,,,5.4728,,ok,0.3552
9.9152,677,,,0.7021,,,,,,13.2005,r1_measured_00263,read,measured,,,,,2.1808,,ok,0.3395
8.5638,419,,,0.259,,,,,,10.3722,r1_measured_00264,read,measured,,,,,1.1775,,ok,0.3242
14.4386,663,,,1.7657,,,,,,20.5692,r1_measured_00265,read,measured,,,,,3.7995,,ok,0.4866
12.9607,628,,,0.5985,,,,,,25.6781,r1_measured_00266,read,measured,,,,,11.6691,,ok,0.3833
12.1138,677,,,1.6271,,,,,,27.3226,r1_measured_00267,read,measured,,,,,13.1256,,ok,0.3873
10.7058,417,,,0.3165,,,,,,12.6661,r1_measured_00268,read,measured,,,,,1.2301,,ok,0.356
13.6622,368,,,0.3201,,,,,,21.1703,r1_measured_00269,read,measured,,,,,6.6952,,ok,0.4381
10.9172,417,,,0.3806,,,,,,13.3131,r1_measured_00270,read,measured,,,,,1.5676,,ok,0.388
14.0012,679,,,3.0742,,,,,,24.3889,r1_measured_00271,read,measured,,,,,6.7231,,ok,0.5066
10.4272,686,,,0.9885,,,,,,18.342,r1_measured_00272,read,measured,,,,,6.4503,,ok,0.4034
226.4973,629,14.4004,9.7244,1.7365,53.8855,1,9.7218,1,30.7338,252.5635,r1_measured_00273,update,measured,21.0094,26.0662,1,10.5276,23.931,116.95,ok,0.335
216.0243,564,14.4648,7.039,1.3804,44.6644,1,7.037,1,27.7155,222.4027,r1_measured_00274,update,measured,20.6765,6.3784,1,24.2841,4.5601,104.8955,ok,0.3728
12.012,673,,,0.8139,,,,,,17.166,r1_measured_00275,read,measured,,,,,3.865,,ok,0.3991
8.859,680,,,0.723,,,,,,16.2684,r1_measured_00276,read,measured,,,,,6.2068,,ok,0.407
8.8905,627,,,2.0053,,,,,,25.8266,r1_measured_00277,read,measured,,,,,14.4939,,ok,0.3689
7.6974,628,,,1.0695,,,,,,17.1723,r1_measured_00278,read,measured,,,,,7.9138,,ok,0.4135
12.0846,663,,,1.5433,,,,,,26.0643,r1_measured_00279,read,measured,,,,,11.9734,,ok,0.3814
9.8627,567,,,1.2277,,,,,,20.7765,r1_measured_00280,read,measured,,,,,9.2633,,ok,0.3571
9.8808,416,,,0.3084,,,,,,13.303,r1_measured_00281,read,measured,,,,,2.6884,,ok,0.3696
6.704,368,,,0.3828,,,,,,8.4649,r1_measured_00282,read,measured,,,,,0.9169,,ok,0.3985
24.974,688,,,0.7009,,,,,,126.6218,r1_measured_00283,read,measured,,,,,100.3228,,ok,0.5295
20.3921,686,,,1.0362,,,,,,120.0626,r1_measured_00284,read,measured,,,,,98.0981,,ok,0.4577
110.8074,628,,,3.0294,,,,,,131.2878,r1_measured_00285,read,measured,,,,,16.8923,,ok,0.4859
109.7464,674,,,1.2702,,,,,,121.7526,r1_measured_00286,read,measured,,,,,10.2537,,ok,0.4167
108.4687,508,,,1.5164,,,,,,124.7127,r1_measured_00287,read,measured,,,,,14.2072,,ok,0.4599
106.912,661,,,1.0203,,,,,,121.2023,r1_measured_00288,read,measured,,,,,12.7659,,ok,0.4275
13.7754,675,,,2.564,,,,,,26.9452,r1_measured_00289,read,measured,,,,,10.1151,,ok,0.4099
11.8672,417,,,0.9842,,,,,,15.2949,r1_measured_00290,read,measured,,,,,1.8307,,ok,0.5377
9.3152,567,,,0.6455,,,,,,18.2574,r1_measured_00291,read,measured,,,,,7.8111,,ok,0.4118
10.9748,674,,,1.9048,,,,,,23.1524,r1_measured_00292,read,measured,,,,,9.8047,,ok,0.3941
17.0708,661,,,0.6126,,,,,,24.4467,r1_measured_00293,read,measured,,,,,6.3085,,ok,0.3866
158.7875,678,13.2485,8.1499,5.5245,67.4672,1,8.148,1,17.8244,188.4908,r1_measured_00294,update,measured,9.6745,29.7033,1,10.6012,23.6351,49.6462,ok,0.4635
7.6965,567,,,0.5298,,,,,,17.1508,r1_measured_00295,read,measured,,,,,8.4341,,ok,0.4227
6.3963,508,,,0.4526,,,,,,12.627,r1_measured_00296,read,measured,,,,,5.3329,,ok,0.3846
137.2589,418,7.1441,3.0956,0.403,59.7568,1,3.0939,1,38.1195,139.7764,r1_measured_00297,update,measured,35.0239,2.5175,1,10.4232,1.3194,21.8153,ok,0.7184
8.0637,678,,,2.7205,,,,,,41.9399,r1_measured_00298,read,measured,,,,,30.6846,,ok,0.3786
7.9654,623,,,3.1456,,,,,,40.6205,r1_measured_00299,read,measured,,,,,29.0798,,ok,0.3597
6.8447,678,,,0.9385,,,,,,62.2796,r1_measured_00300,read,measured,,,,,53.9241,,ok,0.5061
22.0237,628,,,2.4672,,,,,,32.8665,r1_measured_00301,read,measured,,,,,7.8887,,ok,0.4098
25.5379,564,,,0.4994,,,,,,36.5412,r1_measured_00302,read,measured,,,,,10.0954,,ok,0.35
22.5624,674,,,1.7026,,,,,,30.6934,r1_measured_00303,read,measured,,,,,6.0286,,ok,0.3349
99.395,626,13.0502,20.4169,1.7083,6.7658,1,20.4146,1,36.8451,134.918,r1_measured_00304,update,measured,16.4282,35.523,1,6.5139,33.3712,36.22,ok,0.374
19.6336,623,,,1.2768,,,,,,26.9736,r1_measured_00305,read,measured,,,,,5.6458,,ok,0.3531
6.249,679,,,1.8464,,,,,,12.6757,r1_measured_00306,read,measured,,,,,4.1516,,ok,0.3636
5.4893,628,,,0.6151,,,,,,16.2467,r1_measured_00307,read,measured,,,,,9.6966,,ok,0.3767
6.7245,671,,,10.6768,,,,,,26.1702,r1_measured_00308,read,measured,,,,,8.2777,,ok,0.4206
6.7302,662,,,3.245,,,,,,46.593,r1_measured_00309,read,measured,,,,,36.123,,ok,0.4037
5.4606,417,,,0.3406,,,,,,7.2833,r1_measured_00310,read,measured,,,,,1.043,,ok,0.3742
17.6748,662,,,2.2388,,,,,,34.227,r1_measured_00311,read,measured,,,,,13.7526,,ok,0.4632
20.9555,686,,,0.8445,,,,,,40.7732,r1_measured_00312,read,measured,,,,,18.4969,,ok,0.4016
181.6404,685,29.9556,19.0446,2.0259,53.5936,1,19.0419,1,57.1771,194.6398,r1_measured_00313,update,measured,38.1325,12.9994,1,5.3573,10.5549,35.5568,ok,0.3517
15.6118,679,,,0.8203,,,,,,24.1898,r1_measured_00314,read,measured,,,,,7.2504,,ok,0.4203
27.3882,674,,,1.1933,,,,,,62.7698,r1_measured_00315,read,measured,,,,,33.7407,,ok,0.3726
15.2562,509,,,19.1741,,,,,,46.5723,r1_measured_00316,read,measured,,,,,11.669,,ok,0.4027
22.068,679,,,0.9586,,,,,,58.7281,r1_measured_00317,read,measured,,,,,35.2146,,ok,0.3997
18.3054,679,,,17.1496,,,,,,40.7595,r1_measured_00318,read,measured,,,,,4.832,,ok,0.388
130.7271,681,31.0008,7.7213,0.6687,5.1364,1,7.7195,1,51.1102,145.0714,r1_measured_00319,update,measured,43.3889,14.3443,1,4.7271,13.2294,38.7526,ok,0.3738
19.2658,417,,,0.2818,,,,,,22.6526,r1_measured_00320,read,measured,,,,,2.6859,,ok,0.363
18.7536,678,,,7.4012,,,,,,50.9037,r1_measured_00321,read,measured,,,,,24.1619,,ok,0.4945
11.3612,416,,,0.3469,,,,,,13.7869,r1_measured_00322,read,measured,,,,,1.6392,,ok,0.3811
6.0535,677,,,0.8478,,,,,,15.7453,r1_measured_00323,read,measured,,,,,8.3451,,ok,0.4206
10.1573,417,,,0.4938,,,,,,12.2365,r1_measured_00324,read,measured,,,,,1.1396,,ok,0.3901
112.481,629,8.1934,7.9305,1.6087,12.516,1,7.9284,1,46.8909,119.2825,r1_measured_00325,update,measured,38.9604,6.8015,1,12.1732,4.7679,32.7075,ok,0.3609
31.41,680,,,3.2404,,,,,,44.8296,r1_measured_00326,read,measured,,,,,9.7186,,ok,0.3818
22.5832,677,,,0.8242,,,,,,39.3182,r1_measured_00327,read,measured,,,,,15.4193,,ok,0.4137
30.7382,662,,,0.6872,,,,,,42.0011,r1_measured_00328,read,measured,,,,,10.1345,,ok,0.3702
31.1731,417,,,0.4205,,,,,,36.2592,r1_measured_00329,read,measured,,,,,4.2274,,ok,0.3823
7.1985,677,,,1.7269,,,,,,13.5564,r1_measured_00330,read,measured,,,,,4.182,,ok,0.3757
40.1606,674,,,1.266,,,,,,45.2295,r1_measured_00331,read,measured,,,,,3.3198,,ok,0.4045
25.2103,568,,,2.1972,,,,,,33.6161,r1_measured_00332,read,measured,,,,,5.6552,,ok,0.4754
35.6557,679,,,0.655,,,,,,44.1006,r1_measured_00333,read,measured,,,,,7.3353,,ok,0.3821
36.2832,677,,,2.4422,,,,,,49.4601,r1_measured_00334,read,measured,,,,,10.252,,ok,0.3722
33.3606,568,,,0.5647,,,,,,43.326,r1_measured_00335,read,measured,,,,,8.9544,,ok,0.375
9.6926,507,,,1.6314,,,,,,15.7084,r1_measured_00336,read,measured,,,,,3.9453,,ok,0.3792
20.6702,568,,,0.8633,,,,,,26.598,r1_measured_00337,read,measured,,,,,4.6222,,ok,0.3785
215.846,679,13.6125,11.6851,1.6212,129.9085,1,11.6833,1,37.2731,228.8701,r1_measured_00338,update,measured,25.588,13.0241,1,0.0051,10.9761,35.0468,ok,0.3605
12.3848,508,,,2.4329,,,,,,16.1181,r1_measured_00339,read,measured,,,,,0.8551,,ok,0.382
15.3254,675,,,1.4936,,,,,,23.8088,r1_measured_00340,read,measured,,,,,6.57,,ok,0.3539
12.7404,508,,,1.764,,,,,,21.6187,r1_measured_00341,read,measured,,,,,6.6732,,ok,0.3815
12.7269,418,,,0.3809,,,,,,14.9866,r1_measured_00342,read,measured,,,,,1.444,,ok,0.3658
11.0023,506,,,1.1402,,,,,,20.6913,r1_measured_00343,read,measured,,,,,8.1665,,ok,0.3297
13.5537,687,,,0.5928,,,,,,15.4786,r1_measured_00344,read,measured,,,,,0.9008,,ok,0.3634
15.8124,568,,,0.6216,,,,,,49.2236,r1_measured_00345,read,measured,,,,,32.3313,,ok,0.3874
12.0553,679,,,2.2076,,,,,,41.9831,r1_measured_00346,read,measured,,,,,27.2365,,ok,0.4077
168.0045,506,7.9104,6.2757,0.5424,69.984,1,6.2739,1,51.556,171.5343,r1_measured_00347,update,measured,45.2803,3.5298,1,5.0717,2.5564,33.4824,ok,0.3757
9.864,680,,,1.9805,,,,,,35.0303,r1_measured_00348,read,measured,,,,,22.7265,,ok,0.3828
8.4868,661,,,0.6331,,,,,,30.8596,r1_measured_00349,read,measured,,,,,21.259,,ok,0.4069
7.2331,629,,,0.8532,,,,,,39.3857,r1_measured_00350,read,measured,,,,,30.8149,,ok,0.4156
29.6387,418,,,0.3542,,,,,,31.9483,r1_measured_00351,read,measured,,,,,1.5161,,ok,0.3794
12.7479,629,,,3.2536,,,,,,19.5521,r1_measured_00352,read,measured,,,,,3.0555,,ok,0.4221
9.3511,369,,,0.4095,,,,,,11.9297,r1_measured_00353,read,measured,,,,,1.6926,,ok,0.4134
11.5601,673,,,7.412,,,,,,39.2196,r1_measured_00354,read,measured,,,,,19.7262,,ok,0.4213
10.2941,677,,,1.7516,,,,,,44.2855,r1_measured_00355,read,measured,,,,,31.7446,,ok,0.4163
9.1096,369,,,0.2672,,,,,,12.4308,r1_measured_00356,read,measured,,,,,2.5587,,ok,0.4368
8.5907,416,,,5.3871,,,,,,17.5464,r1_measured_00357,read,measured,,,,,3.115,,ok,0.3833
21.9733,629,,,1.3509,,,,,,43.2306,r1_measured_00358,read,measured,,,,,19.409,,ok,0.4185
26.3195,663,,,0.8554,,,,,,36.0135,r1_measured_00359,read,measured,,,,,8.3561,,ok,0.381
22.6898,663,,,1.5466,,,,,,37.5751,r1_measured_00360,read,measured,,,,,12.8747,,ok,0.3768
21.4799,678,,,0.7009,,,,,,33.8833,r1_measured_00361,read,measured,,,,,11.1507,,ok,0.4561
7.3664,681,,,0.5,,,,,,19.0112,r1_measured_00362,read,measured,,,,,10.6896,,ok,0.3815
8.5748,674,,,1.6513,,,,,,15.9199,r1_measured_00363,read,measured,,,,,5.258,,ok,0.3539
12.5178,676,,,0.6191,,,,,,18.6654,r1_measured_00364,read,measured,,,,,5.0927,,ok,0.3569
9.6113,568,,,0.8854,,,,,,13.9604,r1_measured_00365,read,measured,,,,,3.0163,,ok,0.3781
9.0647,688,,,0.5258,,,,,,17.3255,r1_measured_00366,read,measured,,,,,7.3,,ok,0.3605
8.1621,628,,,0.507,,,,,,16.7698,r1_measured_00367,read,measured,,,,,7.6689,,ok,0.3656
8.686,568,,,0.5743,,,,,,18.1134,r1_measured_00368,read,measured,,,,,8.4127,,ok,0.3717
126.5997,662,11.4242,3.3536,0.7558,60.2488,1,3.3513,1,16.1751,132.4223,r1_measured_00369,update,measured,12.8215,5.8226,1,3.5732,4.6427,35.1784,ok,0.3607
5.6497,678,,,1.6384,,,,,,43.3072,r1_measured_00370,read,measured,,,,,35.5875,,ok,0.3463
6.3377,679,,,0.7095,,,,,,12.5512,r1_measured_00371,read,measured,,,,,5.0511,,ok,0.3778
7.2839,506,,,1.4828,,,,,,37.8763,r1_measured_00372,read,measured,,,,,28.6934,,ok,0.3518
5.4065,663,,,1.306,,,,,,32.4891,r1_measured_00373,read,measured,,,,,25.345,,ok,0.3601
21.9278,623,,,0.5623,,,,,,36.3519,r1_measured_00374,read,measured,,,,,13.397,,ok,0.3761
24.3753,567,,,0.8146,,,,,,34.3494,r1_measured_00375,read,measured,,,,,8.622,,ok,0.4636
17.2356,674,,,0.6119,,,,,,24.4725,r1_measured_00376,read,measured,,,,,6.1898,,ok,0.3696
14.0944,675,,,0.6626,,,,,,25.4022,r1_measured_00377,read,measured,,,,,10.215,,ok,0.3628
13.3693,678,,,0.6567,,,,,,16.8583,r1_measured_00378,read,measured,,,,,2.3793,,ok,0.3777
10.033,627,,,3.198,,,,,,24.8695,r1_measured_00379,read,measured,,,,,11.1583,,ok,0.4095
4.3259,508,,,0.4362,,,,,,12.4142,r1_measured_00380,read,measured,,,,,7.2282,,ok,0.366
10.1905,679,,,1.4685,,,,,,15.3638,r1_measured_00381,read,measured,,,,,1.5969,,ok,0.4244
8.6833,565,,,0.7626,,,,,,12.9369,r1_measured_00382,read,measured,,,,,3.0243,,ok,0.3961
5.3272,677,,,1.2722,,,,,,16.7384,r1_measured_00383,read,measured,,,,,9.6025,,ok,0.4614
10.6443,679,,,1.6472,,,,,,16.125,r1_measured_00384,read,measured,,,,,3.388,,ok,0.3752
9.3979,369,,,0.3054,,,,,,10.829,r1_measured_00385,read,measured,,,,,0.6557,,ok,0.4132
13.0183,568,,,2.0093,,,,,,21.4855,r1_measured_00386,read,measured,,,,,5.9938,,ok,0.4031
10.7298,681,,,0.9826,,,,,,22.1929,r1_measured_00387,read,measured,,,,,9.9219,,ok,0.4852
10.0254,566,,,0.907,,,,,,13.8217,r1_measured_00388,read,measured,,,,,2.4521,,ok,0.376
6.762,565,,,1.3504,,,,,,11.681,r1_measured_00389,read,measured,,,,,3.1287,,ok,0.3771
11.1091,673,,,0.6857,,,,,,18.0345,r1_measured_00390,read,measured,,,,,5.7567,,ok,0.4106
11.4382,507,,,1.5827,,,,,,22.349,r1_measured_00391,read,measured,,,,,8.9112,,ok,0.3613
11.1549,663,,,0.7676,,,,,,20.649,r1_measured_00392,read,measured,,,,,8.2641,,ok,0.3932
10.5171,566,,,1.7393,,,,,,17.9091,r1_measured_00393,read,measured,,,,,5.2188,,ok,0.3773
7.6913,567,,,0.4393,,,,,,10.4198,r1_measured_00394,read,measured,,,,,1.8731,,ok,0.3578
8.6505,508,,,0.5136,,,,,,15.6353,r1_measured_00395,read,measured,,,,,6.0487,,ok,0.3643
9.3014,627,,,1.2422,,,,,,19.1231,r1_measured_00396,read,measured,,,,,8.1662,,ok,0.3549
8.0433,568,,,0.9355,,,,,,16.6155,r1_measured_00397,read,measured,,,,,7.1862,,ok,0.3799
9.6557,627,,,1.2466,,,,,,16.0054,r1_measured_00398,read,measured,,,,,4.6587,,ok,0.3805
9.2775,662,,,0.8849,,,,,,14.3482,r1_measured_00399,read,measured,,,,,3.7595,,ok,0.359
13.4894,567,,,1.2542,,,,,,17.7116,r1_measured_00400,read,measured,,,,,2.5456,,ok,0.364
11.3676,628,,,0.7756,,,,,,15.0207,r1_measured_00401,read,measured,,,,,2.4432,,ok,0.3706
9.9254,567,,,1.4256,,,,,,16.5448,r1_measured_00402,read,measured,,,,,4.7784,,ok,0.3559
78.9766,568,,,1.3986,,,,,,81.3543,r1_measured_00403,read,measured,,,,,0.5748,,ok,0.344
80.7187,678,,,1.9432,,,,,,85.5104,r1_measured_00404,read,measured,,,,,2.4839,,ok,0.3051
75.6758,568,,,2.6244,,,,,,80.0191,r1_measured_00405,read,measured,,,,,1.3637,,ok,0.2974
78.0235,689,,,0.7771,,,,,,81.0268,r1_measured_00406,read,measured,,,,,1.7643,,ok,0.4051
76.3507,626,,,2.9364,,,,,,81.3289,r1_measured_00407,read,measured,,,,,1.6682,,ok,0.3154
79.7182,686,,,2.5061,,,,,,89.1657,r1_measured_00408,read,measured,,,,,6.5635,,ok,0.3165
77.0599,679,,,0.9968,,,,,,95.7651,r1_measured_00409,read,measured,,,,,17.0378,,ok,0.5211
76.5973,567,,,1.1795,,,,,,88.2352,r1_measured_00410,read,measured,,,,,10.0949,,ok,0.3074
7.3824,689,,,1.5995,,,,,,21.0466,r1_measured_00411,read,measured,,,,,11.6904,,ok,0.3141
6.2368,676,,,1.1745,,,,,,21.3768,r1_measured_00412,read,measured,,,,,13.5987,,ok,0.3064
8.7482,662,,,0.8981,,,,,,12.3736,r1_measured_00413,read,measured,,,,,2.1305,,ok,0.527
7.7368,567,,,1.4244,,,,,,17.0997,r1_measured_00414,read,measured,,,,,7.5842,,ok,0.2957
9.1554,680,,,4.0595,,,,,,28.1406,r1_measured_00415,read,measured,,,,,14.2705,,ok,0.5757
8.1923,680,,,2.7369,,,,,,26.0745,r1_measured_00416,read,measured,,,,,14.6061,,ok,0.4541
7.0531,661,,,0.6854,,,,,,23.0207,r1_measured_00417,read,measured,,,,,14.4866,,ok,0.7193
118.1249,509,13.3469,8.2448,0.8199,41.0069,0,8.2434,1,32.2041,124.306,r1_measured_00418,update,measured,23.9593,6.1811,1,0.0059,4.9294,31.5611,ok,0.3677
10.067,671,,,1.262,,,,,,23.8605,r1_measured_00419,read,measured,,,,,11.9347,,ok,0.487
6.9866,368,,,1.0032,,,,,,11.4505,r1_measured_00420,read,measured,,,,,2.9241,,ok,0.4645
12.2455,680,,,3.4052,,,,,,28.7235,r1_measured_00421,read,measured,,,,,12.5088,,ok,0.4737
9.47,673,,,1.1258,,,,,,22.5534,r1_measured_00422,read,measured,,,,,11.2549,,ok,0.6041
12.01,688,,,16.3235,,,,,,32.9983,r1_measured_00423,read,measured,,,,,4.1675,,ok,0.4125
103.5986,689,15.7983,7.7784,2.1882,7.2165,1,7.7766,1,47.866,112.8046,r1_measured_00424,update,measured,40.0876,9.206,1,2.9531,6.5335,29.7647,ok,0.411
24.7285,417,,,0.3276,,,,,,31.641,r1_measured_00425,read,measured,,,,,6.1577,,ok,0.372
32.0758,672,,,0.5969,,,,,,45.1124,r1_measured_00426,read,measured,,,,,12.0007,,ok,0.373
29.3951,681,,,2.3353,,,,,,39.4594,r1_measured_00427,read,measured,,,,,7.3007,,ok,0.3632
29.4462,628,,,1.7508,,,,,,34.1688,r1_measured_00428,read,measured,,,,,2.4981,,ok,0.397
26.9201,506,,,15.0817,,,,,,51.2519,r1_measured_00429,read,measured,,,,,8.8273,,ok,0.3603
17.9844,662,,,0.5771,,,,,,52.7319,r1_measured_00430,read,measured,,,,,33.7823,,ok,0.3224
7.8028,568,,,0.8845,,,,,,42.1378,r1_measured_00431,read,measured,,,,,33.0247,,ok,0.3464
29.0216,628,,,0.4944,,,,,,38.9711,r1_measured_00432,read,measured,,,,,9.074,,ok,0.3221
27.4607,567,,,0.4585,,,,,,36.2242,r1_measured_00433,read,measured,,,,,7.9151,,ok,0.3312
25.2587,417,,,1.2244,,,,,,28.4252,r1_measured_00434,read,measured,,,,,1.5533,,ok,0.3302
9.7217,419,,,0.2891,,,,,,13.6917,r1_measured_00435,read,measured,,,,,3.291,,ok,0.3367
15.8261,680,,,1.2118,,,,,,20.7649,r1_measured_00436,read,measured,,,,,3.3092,,ok,0.3483
16.6004,680,,,1.077,,,,,,21.8173,r1_measured_00437,read,measured,,,,,3.7175,,ok,0.3589
15.1761,688,,,0.8789,,,,,,17.8278,r1_measured_00438,read,measured,,,,,1.361,,ok,0.3473
18.2068,366,,,0.2147,,,,,,19.8034,r1_measured_00439,read,measured,,,,,1.0172,,ok,0.3189
20.8481,689,,,1.5855,,,,,,26.2782,r1_measured_00440,read,measured,,,,,3.4313,,ok,0.3483
19.013,680,,,2.1061,,,,,,23.6727,r1_measured_00441,read,measured,,,,,2.1327,,ok,0.3535
15.8625,568,,,5.4594,,,,,,27.7668,r1_measured_00442,read,measured,,,,,5.9337,,ok,0.4427
15.5906,673,,,1.8654,,,,,,21.7796,r1_measured_00443,read,measured,,,,,3.8575,,ok,0.3941
13.9032,568,,,1.0338,,,,,,18.3105,r1_measured_00444,read,measured,,,,,2.917,,ok,0.3855
11.554,417,,,0.2986,,,,,,14.2176,r1_measured_00445,read,measured,,,,,1.927,,ok,0.3815
19.5629,663,,,2.394,,,,,,34.7326,r1_measured_00446,read,measured,,,,,12.3564,,ok,0.3463
16.9709,418,,,0.2759,,,,,,20.5081,r1_measured_00447,read,measured,,,,,2.8579,,ok,0.3528
16.2454,567,,,0.8281,,,,,,23.0644,r1_measured_00448,read,measured,,,,,5.5648,,ok,0.3661
12.2875,368,,,0.2438,,,,,,14.9703,r1_measured_00449,read,measured,,,,,2.0154,,ok,0.366
13.7055,369,,,0.3862,,,,,,17.9157,r1_measured_00450,read,measured,,,,,3.3981,,ok,0.3687
108.4914,627,15.8314,11.2321,1.5413,25.2065,1,11.2301,1,25.9105,126.0237,r1_measured_00451,update,measured,14.6784,17.5323,1,9.8555,15.5677,31.6875,ok,0.3586
11.916,506,,,0.5929,,,,,,23.5277,r1_measured_00452,read,measured,,,,,10.6069,,ok,0.3531
6.5522,680,,,0.9853,,,,,,21.325,r1_measured_00453,read,measured,,,,,13.3307,,ok,0.3852
8.2824,417,,,0.3115,,,,,,12.0094,r1_measured_00454,read,measured,,,,,2.9945,,ok,0.3626
6.6748,686,,,2.4453,,,,,,20.9462,r1_measured_00455,read,measured,,,,,11.3149,,ok,0.4372
4.5819,628,,,14.286,,,,,,35.7918,r1_measured_00456,read,measured,,,,,16.4221,,ok,0.4294
6.0942,681,,,1.9917,,,,,,13.8391,r1_measured_00457,read,measured,,,,,5.3157,,ok,0.3672
10.2232,681,,,1.4431,,,,,,39.9719,r1_measured_00458,read,measured,,,,,27.8733,,ok,0.3606
9.1276,369,,,0.2387,,,,,,11.6651,r1_measured_00459,read,measured,,,,,1.8948,,ok,0.3551
7.0282,419,,,0.289,,,,,,8.671,r1_measured_00460,read,measured,,,,,0.9381,,ok,0.362
31.8143,661,,,0.9438,,,,,,40.362,r1_measured_00461,read,measured,,,,,7.1587,,ok,0.3748
32.5748,681,,,0.5217,,,,,,41.7325,r1_measured_00462,read,measured,,,,,8.2079,,ok,0.3641
28.512,686,,,0.648,,,,,,42.5392,r1_measured_00463,read,measured,,,,,12.9455,,ok,0.3669
26.8103,628,,,0.9017,,,,,,42.1041,r1_measured_00464,read,measured,,,,,13.9754,,ok,0.3538
25.4625,418,,,0.2851,,,,,,28.6068,r1_measured_00465,read,measured,,,,,2.4655,,ok,0.3398
14.6389,506,,,1.7645,,,,,,27.1058,r1_measured_00466,read,measured,,,,,10.2635,,ok,0.3801
4.5288,688,,,1.2386,,,,,,16.7164,r1_measured_00467,read,measured,,,,,10.3918,,ok,0.4824
5.7466,509,,,0.5873,,,,,,18.4044,r1_measured_00468,read,measured,,,,,11.6534,,ok,0.3621
4.0849,674,,,1.5668,,,,,,20.9309,r1_measured_00469,read,measured,,,,,14.8113,,ok,0.3879
8.94,508,,,2.0946,,,,,,18.9687,r1_measured_00470,read,measured,,,,,7.4878,,ok,0.3823
6.8952,567,,,1.994,,,,,,12.741,r1_measured_00471,read,measured,,,,,3.4114,,ok,0.3774
4.597,673,,,3.1582,,,,,,12.5935,r1_measured_00472,read,measured,,,,,4.4109,,ok,0.3617
6.0361,368,,,0.237,,,,,,8.651,r1_measured_00473,read,measured,,,,,1.9732,,ok,0.3579
17.1381,662,,,1.4378,,,,,,21.2935,r1_measured_00474,read,measured,,,,,2.2978,,ok,0.3518
14.3483,565,,,0.7756,,,,,,16.5302,r1_measured_00475,read,measured,,,,,0.9664,,ok,0.3729
22.8173,678,,,1.2725,,,,,,35.8491,r1_measured_00476,read,measured,,,,,11.3151,,ok,0.3697
16.3325,369,,,0.5627,,,,,,18.3025,r1_measured_00477,read,measured,,,,,1.0036,,ok,0.3559
19.4076,689,,,1.9427,,,,,,36.6987,r1_measured_00478,read,measured,,,,,14.9008,,ok,0.3761
18.7714,673,,,0.5705,,,,,,27.5643,r1_measured_00479,read,measured,,,,,7.815,,ok,0.3407
14.1464,568,,,0.5296,,,,,,22.0286,r1_measured_00480,read,measured,,,,,6.9314,,ok,0.3617
12.3909,680,,,1.3175,,,,,,20.8462,r1_measured_00481,read,measured,,,,,6.7288,,ok,0.3429
11.0692,567,,,2.7187,,,,,,24.0106,r1_measured_00482,read,measured,,,,,9.7965,,ok,0.3596
8.1537,416,,,0.3372,,,,,,9.9779,r1_measured_00483,read,measured,,,,,1.0313,,ok,0.402
6.0864,679,,,0.6134,,,,,,23.8983,r1_measured_00484,read,measured,,,,,16.7956,,ok,0.3405
6.7696,678,,,0.7364,,,,,,18.9478,r1_measured_00485,read,measured,,,,,9.8924,,ok,1.4699
11.4585,678,,,0.7774,,,,,,23.6972,r1_measured_00486,read,measured,,,,,11.0287,,ok,0.3638
9.3633,677,,,2.7566,,,,,,26.5622,r1_measured_00487,read,measured,,,,,14.0127,,ok,0.3619
6.3071,368,,,0.5189,,,,,,9.3152,r1_measured_00488,read,measured,,,,,2.051,,ok,0.3761
6.0915,674,,,1.8476,,,,,,13.5036,r1_measured_00489,read,measured,,,,,5.052,,ok,0.4481
13.6129,674,,,0.7848,,,,,,18.3947,r1_measured_00490,read,measured,,,,,3.4765,,ok,0.4565
12.3121,416,,,1.2721,,,,,,15.3758,r1_measured_00491,read,measured,,,,,1.3866,,ok,0.3517
14.9398,506,,,1.9799,,,,,,21.9132,r1_measured_00492,read,measured,,,,,4.5314,,ok,0.3984
12.6913,677,,,1.5716,,,,,,19.9726,r1_measured_00493,read,measured,,,,,5.254,,ok,0.3861
10.1498,629,,,0.8937,,,,,,13.8614,r1_measured_00494,read,measured,,,,,2.3415,,ok,0.4035
9.508,678,,,1.8792,,,,,,14.4128,r1_measured_00495,read,measured,,,,,2.5252,,ok,0.4108
15.3527,679,,,0.9702,,,,,,19.699,r1_measured_00496,read,measured,,,,,2.7658,,ok,0.541
14.8078,680,,,1.3198,,,,,,23.6366,r1_measured_00497,read,measured,,,,,7.081,,ok,0.3613
13.1155,678,,,2.1717,,,,,,18.3575,r1_measured_00498,read,measured,,,,,2.6171,,ok,0.3811
11.5179,689,,,1.3992,,,,,,17.0271,r1_measured_00499,read,measured,,,,,3.6388,,ok,0.3939
15.2827,567,,,0.7851,,,,,,18.2436,r1_measured_00500,read,measured,,,,,1.7325,,ok,0.3824
184.263,566,15.6096,12.8195,1.2203,62.8596,0,12.8169,1,24.4615,196.2883,r1_measured_00501,update,measured,11.642,12.0253,1,0.0044,10.3704,81.3279,ok,0.3697
183.7857,663,15.9044,12.7871,0.5801,64.1279,1,12.7853,1,22.6032,186.0147,r1_measured_00502,update,measured,9.8161,2.229,1,22.8736,1.1873,58.2766,ok,0.3932
11.4776,509,,,2.0664,,,,,,17.2622,r1_measured_00503,read,measured,,,,,3.2944,,ok,0.3668
175.6984,678,12.9467,5.9657,2.5559,62.5619,0,5.9634,1,37.9065,183.8878,r1_measured_00504,update,measured,31.9408,8.1894,1,29.5027,5.1662,32.7806,ok,0.3976
9.6679,568,,,1.8774,,,,,,35.6641,r1_measured_00505,read,measured,,,,,23.6526,,ok,0.3955
8.9348,674,,,0.6099,,,,,,93.388,r1_measured_00506,read,measured,,,,,83.3592,,ok,0.3998
7.1322,629,,,21.2643,,,,,,52.6215,r1_measured_00507,read,measured,,,,,23.7862,,ok,0.3645
5.1008,627,,,7.7138,,,,,,54.7301,r1_measured_00508,read,measured,,,,,41.408,,ok,0.4303
26.5226,567,,,0.6508,,,,,,79.93,r1_measured_00509,read,measured,,,,,52.2803,,ok,0.3963
27.4117,676,,,0.8782,,,,,,67.773,r1_measured_00510,read,measured,,,,,39.0593,,ok,0.3539
31.0878,686,,,0.9523,,,,,,43.6752,r1_measured_00511,read,measured,,,,,11.2016,,ok,0.3584
26.5354,679,,,1.0741,,,,,,46.822,r1_measured_00512,read,measured,,,,,18.8029,,ok,0.3416
7.0513,509,,,0.5187,,,,,,11.682,r1_measured_00513,read,measured,,,,,3.6899,,ok,0.3631
8.0121,680,,,0.7329,,,,,,11.4162,r1_measured_00514,read,measured,,,,,2.2605,,ok,0.3473
5.3437,417,,,0.3071,,,,,,9.8329,r1_measured_00515,read,measured,,,,,3.7961,,ok,0.3373
7.0408,686,,,0.6742,,,,,,16.9057,r1_measured_00516,read,measured,,,,,8.7477,,ok,0.3739
6.7939,680,,,0.6177,,,,,,11.715,r1_measured_00517,read,measured,,,,,3.8847,,ok,0.356
5.5511,508,,,0.4797,,,,,,13.4442,r1_measured_00518,read,measured,,,,,7.0098,,ok,0.349
4.3639,627,,,1.5161,,,,,,15.7209,r1_measured_00519,read,measured,,,,,9.4398,,ok,0.3369
6.8768,568,,,0.8498,,,,,,13.1765,r1_measured_00520,read,measured,,,,,4.9993,,ok,0.3829
4.9378,679,,,0.7583,,,,,,12.6391,r1_measured_00521,read,measured,,,,,6.4313,,ok,0.4386
7.6964,566,,,0.5311,,,,,,13.7898,r1_measured_00522,read,measured,,,,,5.1408,,ok,0.353
5.9765,629,,,0.7682,,,,,,14.3951,r1_measured_00523,read,measured,,,,,7.2435,,ok,0.344
6.8313,627,,,1.2462,,,,,,11.9495,r1_measured_00524,read,measured,,,,,3.4607,,ok,0.3482
6.1258,679,,,0.8441,,,,,,15.5296,r1_measured_00525,read,measured,,,,,8.1426,,ok,0.3528
7.5096,677,,,0.5051,,,,,,9.5546,r1_measured_00526,read,measured,,,,,1.1349,,ok,0.3437
8.9202,676,,,1.2927,,,,,,19.2171,r1_measured_00527,read,measured,,,,,8.53,,ok,0.3997
5.7752,508,,,0.8314,,,,,,16.4567,r1_measured_00528,read,measured,,,,,9.4042,,ok,0.3871
6.5542,623,,,0.7522,,,,,,13.217,r1_measured_00529,read,measured,,,,,5.3042,,ok,0.5254
5.8632,679,,,0.8585,,,,,,15.7875,r1_measured_00530,read,measured,,,,,8.5759,,ok,0.4147
5.7004,627,,,1.3465,,,,,,14.9118,r1_measured_00531,read,measured,,,,,7.3883,,ok,0.3939
10.6136,416,,,0.3695,,,,,,12.8514,r1_measured_00532,read,measured,,,,,1.4128,,ok,0.3949
13.669,689,,,1.2773,,,,,,17.8352,r1_measured_00533,read,measured,,,,,2.3865,,ok,0.4262
12.4298,688,,,2.0957,,,,,,22.5334,r1_measured_00534,read,measured,,,,,7.5245,,ok,0.4091
10.8675,689,,,1.3352,,,,,,17.1193,r1_measured_00535,read,measured,,,,,4.4489,,ok,0.396
9.0027,629,,,2.0731,,,,,,15.2496,r1_measured_00536,read,measured,,,,,3.7085,,ok,0.3901
13.7066,676,,,0.8834,,,,,,28.3066,r1_measured_00537,read,measured,,,,,13.2834,,ok,0.3658
10.0662,628,,,0.8452,,,,,,28.6678,r1_measured_00538,read,measured,,,,,17.3066,,ok,0.377
13.2926,661,,,1.8823,,,,,,21.0634,r1_measured_00539,read,measured,,,,,5.4457,,ok,0.3703
10.9196,661,,,1.3832,,,,,,23.8386,r1_measured_00540,read,measured,,,,,11.0591,,ok,0.4043
9.3349,628,,,0.8216,,,,,,19.5549,r1_measured_00541,read,measured,,,,,8.9489,,ok,0.3802
7.1097,416,,,1.4936,,,,,,9.7931,r1_measured_00542,read,measured,,,,,0.728,,ok,0.4086
8.2623,663,,,2.747,,,,,,16.7451,r1_measured_00543,read,measured,,,,,5.2059,,ok,0.4523
284.9425,679,13.3242,8.6158,1.6219,132.2845,1,8.614,1,27.076,318.4548,r1_measured_00544,update,measured,18.4602,33.5123,1,79.527,31.4022,32.7308,ok,0.4124
12.6674,509,,,0.7207,,,,,,17.0366,r1_measured_00545,read,measured,,,,,3.2072,,ok,0.3805
10.3653,663,,,1.9274,,,,,,18.6508,r1_measured_00546,read,measured,,,,,5.925,,ok,0.3651
11.6808,662,,,2.6923,,,,,,126.6181,r1_measured_00547,read,measured,,,,,111.8556,,ok,0.3197
8.703,661,,,0.527,,,,,,19.2538,r1_measured_00548,read,measured,,,,,9.5973,,ok,0.3646
8.195,679,,,0.5866,,,,,,16.7232,r1_measured_00549,read,measured,,,,,7.4732,,ok,0.3936
9.7124,673,,,1.2,,,,,,19.9945,r1_measured_00550,read,measured,,,,,8.6197,,ok,0.3945
9.305,508,,,0.7196,,,,,,92.0917,r1_measured_00551,read,measured,,,,,81.5949,,ok,0.4092
5.3248,681,,,0.8678,,,,,,108.6269,r1_measured_00552,read,measured,,,,,102.0187,,ok,0.3371
7.5023,662,,,2.2895,,,,,,105.9564,r1_measured_00553,read,measured,,,,,95.7832,,ok,0.3103
255.1763,675,8.1642,6.0575,2.3205,72.1645,1,6.056,1,109.8361,259.0611,r1_measured_00554,update,measured,103.7786,3.8848,1,8.4351,1.1019,56.5764,ok,0.393
76.9763,678,,,2.633,,,,,,109.4391,r1_measured_00555,read,measured,,,,,29.4194,,ok,0.3313
97.4323,678,,,0.9284,,,,,,102.9434,r1_measured_00556,read,measured,,,,,4.1884,,ok,0.3331
20.254,508,,,1.862,,,,,,37.7457,r1_measured_00557,read,measured,,,,,15.145,,ok,0.4271
157.6497,689,12.0559,4.982,0.5872,69.5963,1,4.9801,1,40.0276,194.9353,r1_measured_00558,update,measured,35.0456,37.2856,1,4.0546,36.2627,31.9153,ok,0.3649
8.795,627,,,6.4448,,,,,,38.8318,r1_measured_00559,read,measured,,,,,23.0497,,ok,0.4704
5.007,416,,,0.275,,,,,,6.8068,r1_measured_00560,read,measured,,,,,1.0253,,ok,0.4417
6.0175,680,,,0.526,,,,,,67.8067,r1_measured_00561,read,measured,,,,,60.8655,,ok,0.3214
6.0647,662,,,2.1336,,,,,,63.3815,r1_measured_00562,read,measured,,,,,54.7638,,ok,0.3491
27.4363,628,,,0.718,,,,,,60.4178,r1_measured_00563,read,measured,,,,,31.8654,,ok,0.3314
50.3268,678,,,1.0719,,,,,,60.7352,r1_measured_00564,read,measured,,,,,8.9563,,ok,0.322
26.6301,678,,,1.2951,,,,,,38.2475,r1_measured_00565,read,measured,,,,,9.9575,,ok,0.3049
7.2799,662,,,0.5167,,,,,,11.4892,r1_measured_00566,read,measured,,,,,3.2938,,ok,0.3154
6.6752,567,,,0.6119,,,,,,9.078,r1_measured_00567,read,measured,,,,,1.3017,,ok,0.4187
9.8645,680,,,0.586,,,,,,12.7847,r1_measured_00568,read,measured,,,,,1.8653,,ok,0.4043
7.9498,628,,,0.4478,,,,,,11.7778,r1_measured_00569,read,measured,,,,,2.9516,,ok,0.3706
7.4828,663,,,0.5381,,,,,,15.0697,r1_measured_00570,read,measured,,,,,6.6331,,ok,0.3526
8.2004,662,,,0.6188,,,,,,15.6305,r1_measured_00571,read,measured,,,,,6.3604,,ok,0.39
7.0391,417,,,0.2579,,,,,,8.2238,r1_measured_00572,read,measured,,,,,0.5444,,ok,0.3355
7.7819,679,,,0.682,,,,,,14.6534,r1_measured_00573,read,measured,,,,,5.786,,ok,0.3384
4.9566,628,,,1.4012,,,,,,10.9625,r1_measured_00574,read,measured,,,,,4.1835,,ok,0.352
8.9109,679,,,0.5314,,,,,,17.1458,r1_measured_00575,read,measured,,,,,7.2931,,ok,0.3486
6.8802,680,,,0.7756,,,,,,17.1976,r1_measured_00576,read,measured,,,,,9.112,,ok,0.3677
5.8294,508,,,0.5557,,,,,,14.4493,r1_measured_00577,read,measured,,,,,7.6306,,ok,0.3771
4.2696,368,,,0.2265,,,,,,5.8208,r1_measured_00578,read,measured,,,,,0.9367,,ok,0.3405
4.2411,567,,,0.5472,,,,,,12.4913,r1_measured_00579,read,measured,,,,,7.1883,,ok,0.4397
5.28,417,,,0.2841,,,,,,7.4846,r1_measured_00580,read,measured,,,,,1.5145,,ok,0.3556
9.6756,679,,,0.6986,,,,,,12.9935,r1_measured_00581,read,measured,,,,,2.091,,ok,0.4507
6.4102,680,,,0.6242,,,,,,14.8021,r1_measured_00582,read,measured,,,,,7.2511,,ok,0.4297
6.0364,508,,,0.8321,,,,,,17.2734,r1_measured_00583,read,measured,,,,,9.9377,,ok,0.3572
10.1336,418,,,0.271,,,,,,13.0142,r1_measured_00584,read,measured,,,,,2.2102,,ok,0.3467
8.2509,688,,,1.2961,,,,,,15.2791,r1_measured_00585,read,measured,,,,,5.301,,ok,0.3627
5.6052,678,,,1.4166,,,,,,11.3029,r1_measured_00586,read,measured,,,,,3.8282,,ok,0.3623
8.1996,567,,,1.4788,,,,,,11.8786,r1_measured_00587,read,measured,,,,,1.7649,,ok,0.3759
6.8902,679,,,1.9061,,,,,,11.6613,r1_measured_00588,read,measured,,,,,2.4551,,ok,0.3445
9.014,680,,,0.5013,,,,,,12.984,r1_measured_00589,read,measured,,,,,3.0614,,ok,0.3469
91.821,626,21.9513,7.9432,1.4792,5.7763,0,7.9415,1,30.0253,102.3353,r1_measured_00590,update,measured,22.0821,10.5143,1,0.0049,8.6215,34.0632,ok,0.3465
5.9557,417,,,0.2587,,,,,,7.6748,r1_measured_00591,read,measured,,,,,1.0758,,ok,0.3311
9.692,418,,,0.2555,,,,,,10.9137,r1_measured_00592,read,measured,,,,,0.5423,,ok,0.3635
10.8566,509,,,0.9457,,,,,,13.6592,r1_measured_00593,read,measured,,,,,1.2353,,ok,0.5511
17.7625,689,,,1.2179,,,,,,49.948,r1_measured_00594,read,measured,,,,,30.4199,,ok,0.4651
15.7515,675,,,3.1973,,,,,,43.0878,r1_measured_00595,read,measured,,,,,23.5918,,ok,0.4543
10.634,567,,,0.728,,,,,,39.4186,r1_measured_00596,read,measured,,,,,27.5702,,ok,0.4127
27.0843,679,,,0.6244,,,,,,41.7927,r1_measured_00597,read,measured,,,,,13.6131,,ok,0.3917
23.4859,626,,,0.5502,,,,,,39.9323,r1_measured_00598,read,measured,,,,,1.2023,,ok,0.4314
18.7473,567,,,0.6084,,,,,,24.8128,r1_measured_00599,read,measured,,,,,4.9655,,ok,0.414
20.0491,679,,,1.7502,,,,,,27.4393,r1_measured_00600,read,measured,,,,,5.1975,,ok,0.3685
17.4729,508,,,0.8957,,,,,,22.8438,r1_measured_00601,read,measured,,,,,4.0445,,ok,0.3674
11.4304,507,,,0.5493,,,,,,19.8843,r1_measured_00602,read,measured,,,,,7.4439,,ok,0.386
10.1677,566,,,0.5752,,,,,,12.5887,r1_measured_00603,read,measured,,,,,1.3913,,ok,0.3883
12.7713,662,,,2.1905,,,,,,21.6841,r1_measured_00604,read,measured,,,,,6.2692,,ok,0.3809
24.2661,567,,,0.4743,,,,,,31.1401,r1_measured_00605,read,measured,,,,,5.9799,,ok,0.3587
10.8829,506,,,1.4767,,,,,,17.3719,r1_measured_00606,read,measured,,,,,4.593,,ok,0.3611
12.3577,661,,,1.6489,,,,,,19.2766,r1_measured_00607,read,measured,,,,,4.8091,,ok,0.3994
10.3858,417,,,0.3797,,,,,,13.0468,r1_measured_00608,read,measured,,,,,1.8817,,ok,0.3412
12.9389,680,,,1.2668,,,,,,21.0836,r1_measured_00609,read,measured,,,,,6.4686,,ok,0.3451
10.9814,627,,,0.7618,,,,,,16.3605,r1_measured_00610,read,measured,,,,,4.1827,,ok,0.3625
18.2193,627,,,0.8758,,,,,,20.344,r1_measured_00611,read,measured,,,,,0.8315,,ok,0.3568
161.8068,509,10.4701,8.246,2.2553,60.4086,1,8.2438,1,28.0404,165.8024,r1_measured_00612,update,measured,19.7944,3.9956,1,8.9858,1.3387,53.9019,ok,0.3404
9.9215,508,,,1.2447,,,,,,13.0893,r1_measured_00613,read,measured,,,,,1.5223,,ok,0.3476
11.4573,567,,,0.6789,,,,,,14.4671,r1_measured_00614,read,measured,,,,,1.8918,,ok,0.3798
10.3398,508,,,1.1441,,,,,,14.3756,r1_measured_00615,read,measured,,,,,2.4593,,ok,0.3719
8.2419,509,,,0.663,,,,,,14.373,r1_measured_00616,read,measured,,,,,5.0761,,ok,0.3363
7.6998,567,,,1.1878,,,,,,14.2158,r1_measured_00617,read,measured,,,,,4.8289,,ok,0.4232
16.5023,663,,,1.1843,,,,,,23.3188,r1_measured_00618,read,measured,,,,,5.2,,ok,0.3628
153.881,680,15.5734,9.7962,1.2743,51.6749,1,9.7947,1,48.3545,163.4274,r1_measured_00619,update,measured,38.5583,9.5464,1,7.6962,7.8502,30.582,ok,0.362
9.6378,623,,,0.5799,,,,,,11.401,r1_measured_00620,read,measured,,,,,0.7483,,ok,0.3681
10.6975,680,,,1.2769,,,,,,38.163,r1_measured_00621,read,measured,,,,,25.6184,,ok,0.4753
10.316,567,,,1.3712,,,,,,14.983,r1_measured_00622,read,measured,,,,,2.866,,ok,0.3658
6.1265,417,,,0.2864,,,,,,9.7706,r1_measured_00623,read,measured,,,,,2.9317,,ok,0.3636
9.0064,628,,,2.9503,,,,,,36.845,r1_measured_00624,read,measured,,,,,24.3558,,ok,0.453
10.964,629,,,0.9903,,,,,,41.6158,r1_measured_00625,read,measured,,,,,29.1862,,ok,0.4086
4.544,369,,,2.4676,,,,,,29.0871,r1_measured_00626,read,measured,,,,,21.6048,,ok,0.412
27.2354,567,,,0.7559,,,,,,57.2751,r1_measured_00627,read,measured,,,,,28.8401,,ok,0.3634
25.9525,368,,,0.2602,,,,,,30.1137,r1_measured_00628,read,measured,,,,,3.4849,,ok,0.3607
21.5706,689,,,0.5694,,,,,,49.4271,r1_measured_00629,read,measured,,,,,26.8973,,ok,0.3229
19.4574,674,,,0.6138,,,,,,42.6606,r1_measured_00630,read,measured,,,,,22.1844,,ok,0.3336
18.7063,567,,,0.6424,,,,,,37.3158,r1_measured_00631,read,measured,,,,,17.5416,,ok,0.3599
26.6022,673,,,0.6982,,,,,,35.5971,r1_measured_00632,read,measured,,,,,7.8978,,ok,0.3326
28.2699,662,,,1.1618,,,,,,37.9502,r1_measured_00633,read,measured,,,,,8.06,,ok,0.369
7.7567,508,,,0.8148,,,,,,19.1595,r1_measured_00634,read,measured,,,,,10.1435,,ok,0.3818
5.5716,679,,,0.5173,,,,,,15.0768,r1_measured_00635,read,measured,,,,,8.5892,,ok,0.3379
4.5496,567,,,1.219,,,,,,14.472,r1_measured_00636,read,measured,,,,,8.3232,,ok,0.3254
5.2093,689,,,1.2931,,,,,,22.7633,r1_measured_00637,read,measured,,,,,15.8342,,ok,0.3605
3.745,662,,,0.573,,,,,,11.8459,r1_measured_00638,read,measured,,,,,7.1219,,ok,0.3425
4.6056,506,,,0.7599,,,,,,12.1913,r1_measured_00639,read,measured,,,,,6.4169,,ok,0.3518
3.7978,679,,,3.1915,,,,,,17.3763,r1_measured_00640,read,measured,,,,,9.9644,,ok,0.3554
4.8396,418,,,0.2649,,,,,,7.7629,r1_measured_00641,read,measured,,,,,2.2715,,ok,0.339
4.6542,566,,,0.8781,,,,,,14.5543,r1_measured_00642,read,measured,,,,,8.6146,,ok,0.3474
4.8794,567,,,1.864,,,,,,14.3173,r1_measured_00643,read,measured,,,,,7.1822,,ok,0.3329
3.7315,689,,,1.1283,,,,,,13.3618,r1_measured_00644,read,measured,,,,,7.8098,,ok,0.5771
5.9731,689,,,0.8024,,,,,,17.8155,r1_measured_00645,read,measured,,,,,10.6261,,ok,0.3492
9.0363,662,,,0.8235,,,,,,17.5354,r1_measured_00646,read,measured,,,,,7.2591,,ok,0.3493
8.5568,508,,,0.5513,,,,,,18.1549,r1_measured_00647,read,measured,,,,,8.5845,,ok,0.4019
7.0585,674,,,0.8033,,,,,,18.0116,r1_measured_00648,read,measured,,,,,9.7409,,ok,0.3429
8.6835,508,,,0.4277,,,,,,13.1146,r1_measured_00649,read,measured,,,,,3.6016,,ok,0.342
8.4138,627,,,1.1615,,,,,,16.2344,r1_measured_00650,read,measured,,,,,6.1897,,ok,0.403
184.0055,679,77.6816,3.0068,2.6616,26.6772,1,3.0051,1,35.3215,190.4718,r1_measured_00651,update,measured,32.3147,6.4663,1,11.9281,3.4409,32.3971,ok,0.2943
24.59,688,,,0.5133,,,,,,37.5241,r1_measured_00652,read,measured,,,,,11.8955,,ok,0.4584
23.1662,679,,,0.6443,,,,,,25.6056,r1_measured_00653,read,measured,,,,,1.3952,,ok,0.338
14.9582,509,,,2.6622,,,,,,20.0643,r1_measured_00654,read,measured,,,,,2.0158,,ok,0.3694
18.8591,628,,,0.9053,,,,,,28.0009,r1_measured_00655,read,measured,,,,,7.8248,,ok,0.3482
18.2336,628,,,1.1769,,,,,,24.9514,r1_measured_00656,read,measured,,,,,5.1398,,ok,0.3351
6.9306,661,,,0.9222,,,,,,46.5683,r1_measured_00657,read,measured,,,,,38.1579,,ok,0.4904
5.9589,680,,,1.2556,,,,,,18.3555,r1_measured_00658,read,measured,,,,,10.7289,,ok,0.3503
8.4354,680,,,0.9051,,,,,,49.297,r1_measured_00659,read,measured,,,,,39.5264,,ok,0.3656
4.5701,629,,,16.0935,,,,,,28.3882,r1_measured_00660,read,measured,,,,,7.2088,,ok,0.4424
7.4837,686,,,3.1341,,,,,,48.3799,r1_measured_00661,read,measured,,,,,37.2299,,ok,0.447
6.2364,661,,,1.4776,,,,,,45.2203,r1_measured_00662,read,measured,,,,,37.0546,,ok,0.3633
5.515,662,,,5.4504,,,,,,34.9663,r1_measured_00663,read,measured,,,,,23.3674,,ok,0.5583
29.5918,564,,,2.6989,,,,,,43.5285,r1_measured_00664,read,measured,,,,,10.7562,,ok,0.4072
8.7282,673,,,1.4143,,,,,,20.8372,r1_measured_00665,read,measured,,,,,10.2688,,ok,0.3578
14.8795,568,,,2.8377,,,,,,21.4084,r1_measured_00666,read,measured,,,,,3.3067,,ok,0.3249
11.3976,662,,,2.4912,,,,,,17.4383,r1_measured_00667,read,measured,,,,,3.0568,,ok,0.4265
7.0246,673,,,0.8468,,,,,,18.7805,r1_measured_00668,read,measured,,,,,10.4984,,ok,0.3449
9.512,679,,,1.3453,,,,,,17.1501,r1_measured_00669,read,measured,,,,,5.8196,,ok,0.4007
10.7307,628,,,1.1037,,,,,,19.9438,r1_measured_00670,read,measured,,,,,7.7123,,ok,0.3362
10.732,680,,,0.8728,,,,,,16.6462,r1_measured_00671,read,measured,,,,,4.6226,,ok,0.3555
7.0877,679,,,1.6188,,,,,,13.9498,r1_measured_00672,read,measured,,,,,4.8409,,ok,0.3376
14.8711,680,,,1.4817,,,,,,18.2984,r1_measured_00673,read,measured,,,,,1.3102,,ok,0.5669
13.2273,628,,,0.7986,,,,,,16.2217,r1_measured_00674,read,measured,,,,,1.729,,ok,0.3991
84.0721,416,,,0.3718,,,,,,86.3921,r1_measured_00675,read,measured,,,,,1.5843,,ok,0.3077
82.5653,661,,,1.502,,,,,,88.5102,r1_measured_00676,read,measured,,,,,4.0363,,ok,0.3358
12.0346,508,,,66.1838,,,,,,80.6459,r1_measured_00677,read,measured,,,,,1.9758,,ok,0.3763
79.9095,628,,,1.2927,,,,,,86.3806,r1_measured_00678,read,measured,,,,,4.8157,,ok,0.3067
9.7499,419,,,0.2589,,,,,,11.6367,r1_measured_00679,read,measured,,,,,1.2528,,ok,0.3252
81.7555,679,,,1.3507,,,,,,97.8767,r1_measured_00680,read,measured,,,,,14.1807,,ok,0.5021
80.1557,689,,,0.5041,,,,,,84.6397,r1_measured_00681,read,measured,,,,,3.6245,,ok,0.2939
77.4143,627,,,1.2544,,,,,,86.124,r1_measured_00682,read,measured,,,,,7.0931,,ok,0.3062
10.1603,688,,,0.5175,,,,,,20.6671,r1_measured_00683,read,measured,,,,,9.5922,,ok,0.3333
7.6505,628,,,0.4238,,,,,,9.6236,r1_measured_00684,read,measured,,,,,1.1799,,ok,0.3147
9.3168,567,,,1.8423,,,,,,21.1354,r1_measured_00685,read,measured,,,,,9.3466,,ok,0.5525
9.014,678,,,1.7638,,,,,,31.3551,r1_measured_00686,read,measured,,,,,20.0645,,ok,0.4371
7.8957,567,,,0.9037,,,,,,15.5641,r1_measured_00687,read,measured,,,,,6.3481,,ok,0.359
5.5545,508,,,0.9019,,,,,,18.8344,r1_measured_00688,read,measured,,,,,11.8929,,ok,0.4227
8.0348,680,,,0.7384,,,,,,19.1822,r1_measured_00689,read,measured,,,,,9.9125,,ok,0.4254
10.3633,689,,,0.7291,,,,,,26.854,r1_measured_00690,read,measured,,,,,15.2791,,ok,0.4009
9.5609,674,,,0.926,,,,,,20.1655,r1_measured_00691,read,measured,,,,,9.1572,,ok,0.439
12.9346,628,,,1.1289,,,,,,27.0158,r1_measured_00692,read,measured,,,,,12.4741,,ok,0.4027
11.0969,678,,,1.421,,,,,,29.4098,r1_measured_00693,read,measured,,,,,16.418,,ok,0.3931
9.5027,417,,,0.3137,,,,,,16.6925,r1_measured_00694,read,measured,,,,,6.3738,,ok,0.4352
11.0132,506,,,1.0894,,,,,,22.9795,r1_measured_00695,read,measured,,,,,10.4222,,ok,0.3908
8.8698,416,,,0.4127,,,,,,13.8269,r1_measured_00696,read,measured,,,,,4.091,,ok,0.3915
10.9508,680,,,1.3799,,,,,,19.608,r1_measured_00697,read,measured,,,,,6.7915,,ok,0.4081
8.0704,368,,,0.2759,,,,,,11.5185,r1_measured_00698,read,measured,,,,,2.7152,,ok,0.4006
14.0896,663,,,1.3081,,,,,,17.6405,r1_measured_00699,read,measured,,,,,1.771,,ok,0.402
12.4339,663,,,0.8785,,,,,,14.7808,r1_measured_00700,read,measured,,,,,1.0147,,ok,0.3822
19.7665,688,,,4.3432,,,,,,26.2709,r1_measured_00701,read,measured,,,,,1.6291,,ok,0.4413
14.9114,680,,,1.1614,,,,,,19.2749,r1_measured_00702,read,measured,,,,,2.5541,,ok,0.569
21.9721,689,,,0.5492,,,,,,33.5443,r1_measured_00703,read,measured,,,,,10.4403,,ok,0.4999
19.6058,689,,,0.8458,,,,,,33.4585,r1_measured_00704,read,measured,,,,,12.4282,,ok,0.5114
18.2339,678,,,1.1713,,,,,,24.0535,r1_measured_00705,read,measured,,,,,4.173,,ok,0.3918
17.3949,663,,,0.5453,,,,,,23.9551,r1_measured_00706,read,measured,,,,,5.3329,,ok,0.6069
15.1874,687,,,1.6037,,,,,,28.2257,r1_measured_00707,read,measured,,,,,11.0066,,ok,0.3557
13.0089,689,,,2.2293,,,,,,21.2723,r1_measured_00708,read,measured,,,,,5.5803,,ok,0.379
10.026,509,,,0.5812,,,,,,23.6146,r1_measured_00709,read,measured,,,,,12.4971,,ok,0.4382
10.2419,509,,,1.0923,,,,,,28.4387,r1_measured_00710,read,measured,,,,,16.637,,ok,0.4021
10.7598,568,,,0.7552,,,,,,17.4245,r1_measured_00711,read,measured,,,,,5.4819,,ok,0.3595
8.9348,678,,,0.7419,,,,,,16.7456,r1_measured_00712,read,measured,,,,,6.639,,ok,0.3527
7.6431,568,,,0.6796,,,,,,18.1234,r1_measured_00713,read,measured,,,,,9.3878,,ok,0.3509
9.278,508,,,1.2277,,,,,,13.532,r1_measured_00714,read,measured,,,,,2.5885,,ok,0.3761
15.4545,680,,,3.3015,,,,,,23.5285,r1_measured_00715,read,measured,,,,,4.297,,ok,0.3955
14.712,679,,,1.0193,,,,,,19.5723,r1_measured_00716,read,measured,,,,,3.3941,,ok,0.3648
10.6135,417,,,0.4056,,,,,,12.9323,r1_measured_00717,read,measured,,,,,1.401,,ok,0.444
14.9624,678,,,1.8761,,,,,,24.2496,r1_measured_00718,read,measured,,,,,6.9805,,ok,0.3602
13.5405,680,,,1.6242,,,,,,23.7995,r1_measured_00719,read,measured,,,,,8.2136,,ok,0.347
15.5411,627,,,0.9106,,,,,,20.3166,r1_measured_00720,read,measured,,,,,3.4258,,ok,0.3699
10.563,509,,,1.2897,,,,,,22.2744,r1_measured_00721,read,measured,,,,,9.9967,,ok,0.3606
10.5018,565,,,0.6771,,,,,,15.4798,r1_measured_00722,read,measured,,,,,3.874,,ok,0.3643
18.6805,509,,,0.4005,,,,,,20.1483,r1_measured_00723,read,measured,,,,,0.6709,,ok,0.3406
18.5882,681,,,0.939,,,,,,22.0481,r1_measured_00724,read,measured,,,,,2.0951,,ok,0.3593
16.6894,662,,,4.7132,,,,,,23.375,r1_measured_00725,read,measured,,,,,1.5221,,ok,0.3832
16.1404,662,,,2.6037,,,,,,64.5228,r1_measured_00726,read,measured,,,,,45.3573,,ok,0.3491
203.2346,674,22.8848,8.165,1.8228,105.8229,0,8.1634,1,32.9772,210.4079,r1_measured_00727,update,measured,24.8122,7.1733,1,0.0039,4.9386,41.5458,ok,0.3507
12.0876,663,,,0.9254,,,,,,21.1768,r1_measured_00728,read,measured,,,,,7.7107,,ok,0.3842
10.6311,627,,,1.0152,,,,,,61.4377,r1_measured_00729,read,measured,,,,,49.3372,,ok,0.3842
144.9962,417,6.4932,4.6634,0.3164,68.4697,0,4.662,1,19.2121,147.1196,r1_measured_00730,update,measured,14.5487,2.1234,1,0.0056,1.3927,50.8156,ok,0.3601
7.5288,567,,,1.9376,,,,,,60.2129,r1_measured_00731,read,measured,,,,,50.3311,,ok,0.3519
6.0061,418,,,0.3255,,,,,,7.7211,r1_measured_00732,read,measured,,,,,0.9522,,ok,0.3739
4.7029,673,,,1.4896,,,,,,54.3934,r1_measured_00733,read,measured,,,,,47.7819,,ok,0.3487
44.3491,688,,,0.6724,,,,,,53.8195,r1_measured_00734,read,measured,,,,,8.3689,,ok,0.3554
47.1435,629,,,0.5014,,,,,,53.2988,r1_measured_00735,read,measured,,,,,5.2187,,ok,0.3697
7.8741,689,,,0.8918,,,,,,17.6801,r1_measured_00736,read,measured,,,,,8.4937,,ok,0.3512
9.2173,567,,,1.317,,,,,,16.6249,r1_measured_00737,read,measured,,,,,5.7049,,ok,0.3282
10.6405,673,,,0.5178,,,,,,19.5973,r1_measured_00738,read,measured,,,,,8.0376,,ok,0.3399
7.6761,506,,,0.4889,,,,,,14.3298,r1_measured_00739,read,measured,,,,,5.7742,,ok,0.3327
9.6076,689,,,0.5328,,,,,,16.7364,r1_measured_00740,read,measured,,,,,6.2054,,ok,0.3282
8.6958,680,,,0.5595,,,,,,15.7831,r1_measured_00741,read,measured,,,,,6.1178,,ok,0.3325
7.4434,508,,,9.2785,,,,,,42.1445,r1_measured_00742,read,measured,,,,,24.9659,,ok,0.3827
121.7458,680,15.0868,4.365,1.9239,56.5622,0,4.3632,1,15.1843,132.489,r1_measured_00743,update,measured,10.8193,10.7432,1,0.0048,8.4184,34.9077,ok,0.3383
6.3546,567,,,2.3044,,,,,,39.1274,r1_measured_00744,read,measured,,,,,30.0086,,ok,0.3885
6.1242,417,,,0.2586,,,,,,8.5823,r1_measured_00745,read,measured,,,,,1.8273,,ok,0.3256
4.747,508,,,0.5989,,,,,,41.2571,r1_measured_00746,read,measured,,,,,35.4945,,ok,0.3569
4.0183,416,,,0.337,,,,,,21.6687,r1_measured_00747,read,measured,,,,,16.8749,,ok,0.3853
25.6793,676,,,0.609,,,,,,33.4316,r1_measured_00748,read,measured,,,,,6.6957,,ok,0.3749
12.694,567,,,0.4765,,,,,,19.1637,r1_measured_00749,read,measured,,,,,5.5743,,ok,0.354
13.5275,663,,,0.6025,,,,,,18.3758,r1_measured_00750,read,measured,,,,,3.8085,,ok,0.3696
11.5018,567,,,0.5275,,,,,,14.7104,r1_measured_00751,read,measured,,,,,2.2173,,ok,0.3789
10.0374,509,,,0.5863,,,,,,13.227,r1_measured_00752,read,measured,,,,,2.1803,,ok,0.3629
73.2356,508,16.5746,12.0846,1.2616,7.1721,0,12.0826,1,25.351,84.9839,r1_measured_00753,update,measured,13.2664,11.7483,1,0.0056,9.9934,24.1323,ok,0.429
11.2913,417,,,0.3465,,,,,,14.5974,r1_measured_00754,read,measured,,,,,2.5333,,ok,0.3674
5.8638,416,,,0.424,,,,,,8.2558,r1_measured_00755,read,measured,,,,,1.543,,ok,0.3686
8.4257,416,,,1.0134,,,,,,13.1249,r1_measured_00756,read,measured,,,,,3.1566,,ok,0.4661
7.6207,676,,,0.8929,,,,,,36.5729,r1_measured_00757,read,measured,,,,,27.6405,,ok,0.3486
7.7356,566,,,0.7944,,,,,,36.1056,r1_measured_00758,read,measured,,,,,27.1619,,ok,0.3427
8.0455,368,,,0.8697,,,,,,28.8431,r1_measured_00759,read,measured,,,,,19.4059,,ok,0.4572
4.7395,627,,,1.1835,,,,,,32.1832,r1_measured_00760,read,measured,,,,,25.8567,,ok,0.3397
22.9172,681,,,0.5891,,,,,,31.1449,r1_measured_00761,read,measured,,,,,7.2407,,ok,0.3303
26.9015,680,,,0.6403,,,,,,43.7072,r1_measured_00762,read,measured,,,,,15.7263,,ok,0.3705
25.0662,677,,,1.7517,,,,,,36.0581,r1_measured_00763,read,measured,,,,,8.8513,,ok,0.3249
20.6228,663,,,0.5254,,,,,,25.3545,r1_measured_00764,read,measured,,,,,3.8007,,ok,0.3388
19.2733,679,,,1.9567,,,,,,28.6912,r1_measured_00765,read,measured,,,,,7.0528,,ok,0.3465
11.8794,628,,,3.9129,,,,,,17.3181,r1_measured_00766,read,measured,,,,,1.094,,ok,0.3663
6.6362,509,,,0.5383,,,,,,19.1835,r1_measured_00767,read,measured,,,,,11.5744,,ok,0.3754
9.8019,567,,,2.2278,,,,,,18.3857,r1_measured_00768,read,measured,,,,,5.9548,,ok,0.3347
7.2526,628,,,1.8971,,,,,,14.6523,r1_measured_00769,read,measured,,,,,5.078,,ok,0.3591
6.4867,628,,,1.2969,,,,,,12.4971,r1_measured_00770,read,measured,,,,,4.2774,,ok,0.3736
15.9527,680,,,1.2905,,,,,,27.7135,r1_measured_00771,read,measured,,,,,10.0649,,ok,0.3411
13.6459,568,,,1.2945,,,,,,30.1933,r1_measured_00772,read,measured,,,,,14.8053,,ok,0.3847
12.2489,509,,,0.7646,,,,,,24.5766,r1_measured_00773,read,measured,,,,,11.14,,ok,0.3688
8.5523,661,,,1.2424,,,,,,23.9125,r1_measured_00774,read,measured,,,,,13.654,,ok,0.397
7.4038,509,,,1.3766,,,,,,13.4831,r1_measured_00775,read,measured,,,,,4.2936,,ok,0.3531
112.652,680,7.1197,6.2593,1.1359,9.3381,1,6.2569,1,31.2162,143.2793,r1_measured_00776,update,measured,24.9569,30.6273,1,9.0703,29.0706,55.9077,ok,0.3557
9.7611,368,,,0.2827,,,,,,12.3534,r1_measured_00777,read,measured,,,,,1.9066,,ok,0.3533
9.204,417,,,0.2632,,,,,,12.6165,r1_measured_00778,read,measured,,,,,2.7485,,ok,0.351
7.395,689,,,0.6898,,,,,,12.2299,r1_measured_00779,read,measured,,,,,3.7143,,ok,0.3663
8.5494,416,,,0.515,,,,,,12.3384,r1_measured_00780,read,measured,,,,,2.8485,,ok,0.3682
9.9385,689,,,1.2866,,,,,,17.7967,r1_measured_00781,read,measured,,,,,6.0787,,ok,0.4181
96.9924,677,7.0341,8.2146,0.7295,4.7584,1,8.2128,1,49.427,125.2634,r1_measured_00782,update,measured,41.2124,28.271,1,4.8751,27.0651,30.8978,ok,0.407
10.5503,568,,,2.1767,,,,,,20.3212,r1_measured_00783,read,measured,,,,,7.1831,,ok,0.3418
8.0847,417,,,0.3269,,,,,,9.8262,r1_measured_00784,read,measured,,,,,0.9066,,ok,0.4474
6.6893,508,,,1.4488,,,,,,19.5452,r1_measured_00785,read,measured,,,,,10.9824,,ok,0.3661
10.6826,417,,,0.2817,,,,,,13.5272,r1_measured_00786,read,measured,,,,,2.132,,ok,0.3771
8.0941,680,,,15.3775,,,,,,58.9179,r1_measured_00787,read,measured,,,,,34.8759,,ok,0.4828
8.2695,662,,,1.2731,,,,,,65.6995,r1_measured_00788,read,measured,,,,,55.713,,ok,0.371
6.8342,628,,,0.6283,,,,,,32.2447,r1_measured_00789,read,measured,,,,,24.3312,,ok,0.3794
25.564,506,,,0.8633,,,,,,63.1212,r1_measured_00790,read,measured,,,,,36.281,,ok,0.3493
282.9798,629,19.6346,25.1467,2.1403,129.9051,1,25.145,1,70.306,289.4211,r1_measured_00791,update,measured,45.1593,6.4413,1,8.5912,3.8589,54.5429,ok,0.3647
27.2123,680,,,0.913,,,,,,57.1448,r1_measured_00792,read,measured,,,,,28.5829,,ok,0.3614
29.4171,566,,,1.092,,,,,,35.878,r1_measured_00793,read,measured,,,,,4.9481,,ok,0.3584
8.1321,686,,,0.695,,,,,,17.3319,r1_measured_00794,read,measured,,,,,8.0691,,ok,0.3655
19.1944,677,,,1.4389,,,,,,73.9013,r1_measured_00795,read,measured,,,,,52.8478,,ok,0.3438
222.2275,680,18.0275,10.5672,1.6826,121.9961,0,10.5649,1,39.3513,230.6907,r1_measured_00796,update,measured,28.7841,8.4632,1,6.9972,6.1216,35.8554,ok,0.5245
12.8642,629,,,9.2567,,,,,,52.4091,r1_measured_00797,read,measured,,,,,29.7731,,ok,0.4439
11.8025,508,,,14.3237,,,,,,30.0405,r1_measured_00798,read,measured,,,,,3.4679,,ok,0.3842
6.4504,366,,,0.3028,,,,,,8.0506,r1_measured_00799,read,measured,,,,,0.8872,,ok,0.3508
25.3692,678,,,1.7555,,,,,,58.0344,r1_measured_00800,read,measured,,,,,30.4019,,ok,0.4277
8.9161,688,,,1.2135,,,,,,46.3549,r1_measured_00801,read,measured,,,,,35.7522,,ok,0.4004
32.7304,678,,,0.8178,,,,,,41.2876,r1_measured_00802,read,measured,,,,,7.3026,,ok,0.368
27.5068,368,,,0.3463,,,,,,34.846,r1_measured_00803,read,measured,,,,,6.5813,,ok,0.3551
19.2265,566,,,0.5927,,,,,,28.8753,r1_measured_00804,read,measured,,,,,8.6492,,ok,0.3456
7.6834,508,,,1.1512,,,,,,15.3085,r1_measured_00805,read,measured,,,,,5.9738,,ok,0.4449
149.2709,507,17.2647,6.5531,1.2031,9.2554,1,6.5514,1,24.5849,161.7282,r1_measured_00806,update,measured,18.0318,12.4573,1,5.0931,10.8285,93.0728,ok,0.3659
12.5503,508,,,0.5251,,,,,,15.8632,r1_measured_00807,read,measured,,,,,2.359,,ok,0.362
7.8092,417,,,0.3194,,,,,,9.3307,r1_measured_00808,read,measured,,,,,0.7412,,ok,0.4011
8.9593,567,,,1.3534,,,,,,16.4764,r1_measured_00809,read,measured,,,,,5.738,,ok,0.3643
6.982,568,,,0.7434,,,,,,13.7557,r1_measured_00810,read,measured,,,,,5.6021,,ok,0.3655
6.6087,629,,,0.7256,,,,,,100.6013,r1_measured_00811,read,measured,,,,,92.8235,,ok,0.3694
6.1859,508,,,0.9201,,,,,,105.1384,r1_measured_00812,read,measured,,,,,97.6302,,ok,0.3298
5.827,680,,,1.157,,,,,,105.7074,r1_measured_00813,read,measured,,,,,98.3392,,ok,0.3148
92.292,677,,,0.9289,,,,,,101.2095,r1_measured_00814,read,measured,,,,,7.5985,,ok,0.3228
90.8062,674,,,1.319,,,,,,98.3926,r1_measured_00815,read,measured,,,,,5.8983,,ok,0.3054
6.6618,663,,,0.8568,,,,,,10.8307,r1_measured_00816,read,measured,,,,,2.8937,,ok,0.3514
25.8986,679,,,0.6375,,,,,,29.8613,r1_measured_00817,read,measured,,,,,2.8868,,ok,0.3694
24.7239,681,,,2.596,,,,,,37.8002,r1_measured_00818,read,measured,,,,,10.0363,,ok,0.3739
23.46,681,,,0.9425,,,,,,29.2038,r1_measured_00819,read,measured,,,,,4.3603,,ok,0.3712
15.3009,509,,,3.8877,,,,,,20.5584,r1_measured_00820,read,measured,,,,,0.9398,,ok,0.3659
20.555,677,,,3.0539,,,,,,35.2075,r1_measured_00821,read,measured,,,,,11.1503,,ok,0.3788
15.5762,416,,,0.259,,,,,,17.3932,r1_measured_00822,read,measured,,,,,1.1666,,ok,0.3412
11.3763,672,,,0.6017,,,,,,14.7045,r1_measured_00823,read,measured,,,,,2.2066,,ok,0.4276
18.1074,673,,,1.6329,,,,,,29.2846,r1_measured_00824,read,measured,,,,,9.1335,,ok,0.3454
11.7329,566,,,2.9398,,,,,,16.118,r1_measured_00825,read,measured,,,,,0.982,,ok,0.3986
15.2935,681,,,1.1733,,,,,,29.2043,r1_measured_00826,read,measured,,,,,12.3106,,ok,0.3603
13.6157,627,,,3.252,,,,,,22.1073,r1_measured_00827,read,measured,,,,,4.8007,,ok,0.3666
11.473,627,,,1.5808,,,,,,19.0004,r1_measured_00828,read,measured,,,,,5.5304,,ok,0.3537
10.2213,686,,,1.4198,,,,,,17.2623,r1_measured_00829,read,measured,,,,,5.0918,,ok,0.4572
7.97,366,,,0.2373,,,,,,10.2039,r1_measured_00830,read,measured,,,,,1.5643,,ok,0.3815
9.7798,685,,,1.2898,,,,,,17.8244,r1_measured_00831,read,measured,,,,,6.3245,,ok,0.3604
14.8508,629,,,1.1977,,,,,,17.8174,r1_measured_00832,read,measured,,,,,1.2547,,ok,0.4296
11.62,568,,,1.598,,,,,,15.9468,r1_measured_00833,read,measured,,,,,2.2968,,ok,0.3609
11.8108,567,,,1.6303,,,,,,19.7986,r1_measured_00834,read,measured,,,,,5.9402,,ok,0.3536
15.0307,680,,,2.2499,,,,,,35.039,r1_measured_00835,read,measured,,,,,17.2316,,ok,0.4348
11.5126,626,,,0.6699,,,,,,21.7729,r1_measured_00836,read,measured,,,,,9.1662,,ok,0.3582
9.9259,628,,,0.9372,,,,,,15.3717,r1_measured_00837,read,measured,,,,,3.9583,,ok,0.4779
11.8673,663,,,3.0638,,,,,,23.6888,r1_measured_00838,read,measured,,,,,8.3206,,ok,0.3692
10.1788,678,,,1.0636,,,,,,26.0858,r1_measured_00839,read,measured,,,,,14.3826,,ok,0.3902
11.2311,629,,,2.61,,,,,,24.6769,r1_measured_00840,read,measured,,,,,10.3613,,ok,0.4084
10.6372,689,,,1.3547,,,,,,18.0916,r1_measured_00841,read,measured,,,,,5.6695,,ok,0.3632
7.388,568,,,1.5141,,,,,,25.9149,r1_measured_00842,read,measured,,,,,16.5223,,ok,0.4035
6.7843,509,,,2.8623,,,,,,17.0733,r1_measured_00843,read,measured,,,,,6.9288,,ok,0.4157
6.4816,627,,,1.5991,,,,,,21.8083,r1_measured_00844,read,measured,,,,,13.2725,,ok,0.3819
94.052,369,8.9196,10.1352,0.2156,11.3052,0,10.1336,1,30.52,98.3781,r1_measured_00845,update,measured,20.3848,4.3261,1,0.0055,3.7635,43.3017,ok,0.3052
9.3503,680,,,0.9282,,,,,,18.6563,r1_measured_00846,read,measured,,,,,7.9267,,ok,0.3772
90.2732,566,7.3674,6.1563,1.9625,4.2884,1,6.1544,1,25.9107,97.2471,r1_measured_00847,update,measured,19.7544,6.9739,1,18.2982,4.6207,34.4085,ok,0.3366
5.3356,672,,,1.6694,,,,,,17.0756,r1_measured_00848,read,measured,,,,,9.6179,,ok,0.3802
5.2798,679,,,1.4148,,,,,,12.6738,r1_measured_00849,read,measured,,,,,5.4868,,ok,0.4176
4.7986,418,,,0.7242,,,,,,13.3324,r1_measured_00850,read,measured,,,,,7.3957,,ok,0.3579
7.6585,509,,,1.6899,,,,,,12.5577,r1_measured_00851,read,measured,,,,,2.7756,,ok,0.3678
12.4316,677,,,0.5611,,,,,,27.6786,r1_measured_00852,read,measured,,,,,14.2598,,ok,0.3576
10.0853,687,,,1.2377,,,,,,55.6252,r1_measured_00853,read,measured,,,,,43.8646,,ok,0.3669
8.8414,568,,,0.4792,,,,,,58.7335,r1_measured_00854,read,measured,,,,,48.9773,,ok,0.3612
3.0507,368,,,0.2807,,,,,,4.405,r1_measured_00855,read,measured,,,,,0.6476,,ok,0.3717
16.955,680,,,1.4285,,,,,,52.6465,r1_measured_00856,read,measured,,,,,33.8323,,ok,0.3608
21.7662,663,,,0.5601,,,,,,54.2732,r1_measured_00857,read,measured,,,,,31.5385,,ok,0.3404
34.1013,678,,,0.4777,,,,,,48.7174,r1_measured_00858,read,measured,,,,,13.7189,,ok,0.3532
19.9794,689,,,0.586,,,,,,37.0977,r1_measured_00859,read,measured,,,,,16.0846,,ok,0.3731
11.029,508,,,0.7074,,,,,,12.8263,r1_measured_00860,read,measured,,,,,0.6928,,ok,0.341
14.6272,509,,,0.8194,,,,,,23.8375,r1_measured_00861,read,measured,,,,,8.0096,,ok,0.3189
11.7231,509,,,0.4269,,,,,,27.5935,r1_measured_00862,read,measured,,,,,15.0583,,ok,0.327
10.9037,628,,,1.1178,,,,,,24.9811,r1_measured_00863,read,measured,,,,,12.5746,,ok,0.3268
9.6268,661,,,0.6893,,,,,,16.394,r1_measured_00864,read,measured,,,,,5.7067,,ok,0.3132
7.4387,418,,,0.3265,,,,,,9.9637,r1_measured_00865,read,measured,,,,,1.8071,,ok,0.3431
7.5522,680,,,0.8687,,,,,,15.4459,r1_measured_00866,read,measured,,,,,6.6266,,ok,0.3365
8.2377,508,,,0.7473,,,,,,18.5304,r1_measured_00867,read,measured,,,,,8.9163,,ok,0.552
11.2694,686,,,0.7537,,,,,,26.72,r1_measured_00868,read,measured,,,,,14.1623,,ok,0.444
8.479,680,,,0.7115,,,,,,16.2218,r1_measured_00869,read,measured,,,,,6.4857,,ok,0.4688
7.2188,568,,,2.6244,,,,,,15.7011,r1_measured_00870,read,measured,,,,,5.3138,,ok,0.455
7.3062,662,,,1.5648,,,,,,29.101,r1_measured_00871,read,measured,,,,,19.7351,,ok,0.4143
15.2229,508,,,1.0516,,,,,,26.1162,r1_measured_00872,read,measured,,,,,9.3412,,ok,0.4296
14.7883,416,,,0.3298,,,,,,17.0497,r1_measured_00873,read,measured,,,,,1.3837,,ok,0.4803
14.0823,674,,,2.8801,,,,,,30.157,r1_measured_00874,read,measured,,,,,12.697,,ok,0.4158
8.9183,688,,,1.1964,,,,,,23.4834,r1_measured_00875,read,measured,,,,,12.8575,,ok,0.4323
12.4089,629,,,0.6357,,,,,,24.661,r1_measured_00876,read,measured,,,,,11.1291,,ok,0.4127
9.9571,680,,,0.746,,,,,,32.17,r1_measured_00877,read,measured,,,,,20.9672,,ok,0.4184
6.0346,677,,,1.4875,,,,,,23.4198,r1_measured_00878,read,measured,,,,,15.4153,,ok,0.4082
8.9303,681,,,1.7902,,,,,,27.0096,r1_measured_00879,read,measured,,,,,15.7943,,ok,0.4156
193.7565,629,6.165,7.1878,0.8942,96.6878,1,7.1861,1,24.4699,276.3045,r1_measured_00880,update,measured,17.2821,82.548,1,8.1589,81.2277,58.2749,ok,0.3595
6.2416,628,,,1.1694,,,,,,12.8469,r1_measured_00881,read,measured,,,,,4.9342,,ok,0.4267
6.7639,629,,,1.6741,,,,,,19.4333,r1_measured_00882,read,measured,,,,,10.5299,,ok,0.396
190.818,678,7.0574,4.6227,1.5421,90.3581,1,4.621,1,37.5036,265.8313,r1_measured_00883,update,measured,32.8809,75.0133,1,18.0502,73.0118,37.8487,ok,0.3783
6.4107,418,,,0.3682,,,,,,10.6917,r1_measured_00884,read,measured,,,,,3.4509,,ok,0.4002
10.9359,671,,,1.3739,,,,,,64.6275,r1_measured_00885,read,measured,,,,,51.8585,,ok,0.3909
9.5632,369,,,0.2652,,,,,,11.5033,r1_measured_00886,read,measured,,,,,1.2536,,ok,0.3617
10.2699,685,,,1.0072,,,,,,34.3989,r1_measured_00887,read,measured,,,,,22.6574,,ok,0.3824
8.467,418,,,0.4634,,,,,,10.3836,r1_measured_00888,read,measured,,,,,1.0276,,ok,0.3716
7.8012,369,,,0.2422,,,,,,10.6714,r1_measured_00889,read,measured,,,,,2.2132,,ok,0.3649
30.2657,680,,,0.9635,,,,,,35.3766,r1_measured_00890,read,measured,,,,,3.694,,ok,0.3788
28.5509,663,,,1.4374,,,,,,34.0497,r1_measured_00891,read,measured,,,,,3.5999,,ok,0.3942
23.3945,663,,,0.8903,,,,,,62.2982,r1_measured_00892,read,measured,,,,,37.5574,,ok,0.3248
42.4603,567,,,0.5433,,,,,,57.4285,r1_measured_00893,read,measured,,,,,13.9948,,ok,0.3689
24.9758,661,,,0.5618,,,,,,45.6294,r1_measured_00894,read,measured,,,,,19.7005,,ok,0.3307
136.92,629,6.3613,25.9303,0.5944,56.2387,0,25.9286,1,41.1739,219.7342,r1_measured_00895,update,measured,15.2436,82.8142,1,0.012,81.8617,33.1341,ok,0.3006
24.599,685,,,1.3002,,,,,,33.2711,r1_measured_00896,read,measured,,,,,6.9785,,ok,0.3287
11.5804,661,,,0.8767,,,,,,18.3343,r1_measured_00897,read,measured,,,,,5.497,,ok,0.3203
5.3772,506,,,5.4332,,,,,,30.2125,r1_measured_00898,read,measured,,,,,18.8661,,ok,0.4636
6.8807,568,,,1.512,,,,,,37.8499,r1_measured_00899,read,measured,,,,,29.0071,,ok,0.3841
5.667,680,,,6.4221,,,,,,27.2369,r1_measured_00900,read,measured,,,,,14.6432,,ok,0.4216
25.5511,418,,,0.3136,,,,,,31.5151,r1_measured_00901,read,measured,,,,,5.2298,,ok,0.3622
23.8368,418,,,0.285,,,,,,27.6363,r1_measured_00902,read,measured,,,,,3.1037,,ok,0.3516
9.3433,689,,,1.1839,,,,,,16.3736,r1_measured_00903,read,measured,,,,,5.4188,,ok,0.3645
8.0986,663,,,0.788,,,,,,19.2724,r1_measured_00904,read,measured,,,,,9.8137,,ok,0.4722
5.9819,626,,,0.4698,,,,,,11.8594,r1_measured_00905,read,measured,,,,,4.9928,,ok,0.3553
4.1242,508,,,0.4452,,,,,,15.141,r1_measured_00906,read,measured,,,,,10.1596,,ok,0.3548
5.4368,627,,,1.2882,,,,,,10.4289,r1_measured_00907,read,measured,,,,,3.2285,,ok,0.3936
6.0545,674,,,0.5061,,,,,,9.1837,r1_measured_00908,read,measured,,,,,2.2116,,ok,0.3486
9.2195,566,,,0.5606,,,,,,13.0307,r1_measured_00909,read,measured,,,,,2.8298,,ok,0.363
6.0593,568,,,0.6939,,,,,,12.8226,r1_measured_00910,read,measured,,,,,5.6191,,ok,0.3873
5.5483,509,,,0.4347,,,,,,13.4073,r1_measured_00911,read,measured,,,,,6.9985,,ok,0.3697
8.6651,629,,,1.1256,,,,,,14.9077,r1_measured_00912,read,measured,,,,,4.7257,,ok,0.3312
3.9196,508,,,0.8131,,,,,,12.4964,r1_measured_00913,read,measured,,,,,7.3761,,ok,0.3307
4.9108,688,,,0.5628,,,,,,11.1983,r1_measured_00914,read,measured,,,,,5.2745,,ok,0.3791
6.6373,679,,,1.1438,,,,,,13.0921,r1_measured_00915,read,measured,,,,,4.782,,ok,0.4603
5.0587,678,,,0.5465,,,,,,113.2395,r1_measured_00916,read,measured,,,,,76.7566,,ok,0.3632
5.724,678,,,1.3277,,,,,,116.2778,r1_measured_00917,read,measured,,,,,81.5466,,ok,0.2956
4.6636,509,,,0.7173,,,,,,6.869,r1_measured_00918,read,measured,,,,,1.0871,,ok,0.3452
5.385,686,,,0.5378,,,,,,7.8431,r1_measured_00919,read,measured,,,,,1.4591,,ok,0.3933
5.467,417,,,0.2508,,,,,,7.1829,r1_measured_00920,read,measured,,,,,1.0949,,ok,0.3263
4.8997,629,,,0.5149,,,,,,9.0422,r1_measured_00921,read,measured,,,,,3.25,,ok,0.3223
3.7194,508,,,0.3762,,,,,,8.3966,r1_measured_00922,read,measured,,,,,3.9211,,ok,0.3289
3.9298,677,,,1.43,,,,,,6.4937,r1_measured_00923,read,measured,,,,,0.7308,,ok,0.3405
4.4056,689,,,0.4551,,,,,,6.7109,r1_measured_00924,read,measured,,,,,1.3857,,ok,0.3989
4.4235,366,,,0.2605,,,,,,6.3044,r1_measured_00925,read,measured,,,,,1.2517,,ok,0.3199
4.6039,629,,,0.661,,,,,,19.3989,r1_measured_00926,read,measured,,,,,7.0292,,ok,0.3761
3.6987,629,,,0.8282,,,,,,6.148,r1_measured_00927,read,measured,,,,,1.1736,,ok,0.3645
4.5944,629,,,1.7064,,,,,,86.2726,r1_measured_00928,read,measured,,,,,79.5464,,ok,0.3517
4.0114,417,,,0.2703,,,,,,6.597,r1_measured_00929,read,measured,,,,,1.9311,,ok,0.3352
71.2748,419,,,0.2431,,,,,,78.3108,r1_measured_00930,read,measured,,,,,6.4044,,ok,0.3343
71.4311,366,,,0.2209,,,,,,78.783,r1_measured_00931,read,measured,,,,,6.7575,,ok,0.3267
7.07,680,,,0.476,,,,,,12.845,r1_measured_00932,read,measured,,,,,4.8219,,ok,0.4114
11.9638,680,,,3.705,,,,,,24.8949,r1_measured_00933,read,measured,,,,,8.832,,ok,0.3236
11.3478,662,,,1.1661,,,,,,19.1972,r1_measured_00934,read,measured,,,,,6.2497,,ok,0.3556
10.5786,417,,,0.5264,,,,,,13.5483,r1_measured_00935,read,measured,,,,,1.9858,,ok,0.3811
10.0212,629,,,3.5604,,,,,,19.8747,r1_measured_00936,read,measured,,,,,5.8852,,ok,0.338
7.2855,626,,,3.4719,,,,,,20.688,r1_measured_00937,read,measured,,,,,9.5505,,ok,0.3133
7.8827,568,,,2.5118,,,,,,17.7298,r1_measured_00938,read,measured,,,,,6.9311,,ok,0.3425
202.3232,673,14.5393,7.8683,2.4846,117.1126,1,7.8669,1,26.724,234.035,r1_measured_00939,update,measured,18.8557,31.7118,1,4.2177,28.8178,39.7296,ok,0.3405
7.48,629,,,1.2158,,,,,,19.4868,r1_measured_00940,read,measured,,,,,10.3838,,ok,0.347
9.1541,628,,,3.9195,,,,,,17.0254,r1_measured_00941,read,measured,,,,,3.5326,,ok,0.3612
11.122,508,,,1.0077,,,,,,45.5316,r1_measured_00942,read,measured,,,,,32.9862,,ok,0.349
9.1376,680,,,13.0681,,,,,,27.1851,r1_measured_00943,read,measured,,,,,4.4083,,ok,0.476
7.5545,509,,,1.0364,,,,,,33.7831,r1_measured_00944,read,measured,,,,,24.7802,,ok,0.3523
6.5616,417,,,0.2534,,,,,,9.6917,r1_measured_00945,read,measured,,,,,2.5099,,ok,0.3194
5.9036,566,,,1.7574,,,,,,40.8348,r1_measured_00946,read,measured,,,,,32.7287,,ok,0.3709
8.2371,680,,,0.5468,,,,,,42.4831,r1_measured_00947,read,measured,,,,,33.2011,,ok,0.3893
5.7822,661,,,0.5637,,,,,,43.9594,r1_measured_00948,read,measured,,,,,37.2065,,ok,0.342
4.3334,678,,,1.2519,,,,,,24.181,r1_measured_00949,read,measured,,,,,18.17,,ok,0.3566
24.8312,677,,,0.8498,,,,,,39.2422,r1_measured_00950,read,measured,,,,,13.1247,,ok,0.3711
16.221,688,,,1.1959,,,,,,32.2727,r1_measured_00951,read,measured,,,,,14.4706,,ok,0.3232
15.082,567,,,2.7245,,,,,,24.4723,r1_measured_00952,read,measured,,,,,6.2415,,ok,0.3569
8.9431,627,,,0.7487,,,,,,15.2704,r1_measured_00953,read,measured,,,,,5.1579,,ok,0.3554
7.5427,681,,,0.9046,,,,,,19.0743,r1_measured_00954,read,measured,,,,,10.232,,ok,0.3344
6.1122,679,,,3.7931,,,,,,14.8637,r1_measured_00955,read,measured,,,,,4.5368,,ok,0.355
6.5831,678,,,2.1718,,,,,,10.6575,r1_measured_00956,read,measured,,,,,1.5092,,ok,0.3281
10.206,629,,,1.6257,,,,,,14.8091,r1_measured_00957,read,measured,,,,,2.5091,,ok,0.3928
8.1534,663,,,1.5096,,,,,,11.5898,r1_measured_00958,read,measured,,,,,1.2046,,ok,0.6328
12.7818,678,,,2.6383,,,,,,24.3953,r1_measured_00959,read,measured,,,,,8.516,,ok,0.391
12.5833,366,,,0.2404,,,,,,14.7532,r1_measured_00960,read,measured,,,,,1.3907,,ok,0.4718
12.1078,567,,,4.1083,,,,,,24.5443,r1_measured_00961,read,measured,,,,,7.8976,,ok,0.364
10.5745,678,,,1.7061,,,,,,23.6454,r1_measured_00962,read,measured,,,,,10.935,,ok,0.3554
8.859,663,,,2.4663,,,,,,18.4145,r1_measured_00963,read,measured,,,,,6.6822,,ok,0.3458
8.2339,627,,,3.7452,,,,,,23.2716,r1_measured_00964,read,measured,,,,,10.9118,,ok,0.3227
8.4633,627,,,0.9018,,,,,,10.6595,r1_measured_00965,read,measured,,,,,0.8784,,ok,0.3548
7.8249,680,,,0.7419,,,,,,15.5884,r1_measured_00966,read,measured,,,,,6.4772,,ok,0.4411
9.489,568,,,0.5778,,,,,,13.8254,r1_measured_00967,read,measured,,,,,3.3492,,ok,0.3496
9.9261,663,,,0.733,,,,,,14.4044,r1_measured_00968,read,measured,,,,,3.199,,ok,0.4773
6.9605,663,,,0.7554,,,,,,15.2485,r1_measured_00969,read,measured,,,,,7.1221,,ok,0.3498
9.042,568,,,0.6148,,,,,,18.6226,r1_measured_00970,read,measured,,,,,8.5501,,ok,0.3478
10.818,679,,,1.0879,,,,,,15.9564,r1_measured_00971,read,measured,,,,,3.641,,ok,0.3443
9.4685,508,,,2.6677,,,,,,20.3131,r1_measured_00972,read,measured,,,,,7.7958,,ok,0.3295
92.2787,627,13.9817,3.7408,0.8676,11.4314,1,3.7392,1,26.0221,123.2964,r1_measured_00973,update,measured,22.2813,31.0177,1,10.5645,29.6128,30.279,ok,0.4734
6.572,679,,,1.6448,,,,,,13.1004,r1_measured_00974,read,measured,,,,,4.3816,,ok,0.4245
9.2551,663,,,2.7286,,,,,,15.2635,r1_measured_00975,read,measured,,,,,2.8398,,ok,0.3775
6.9316,509,,,1.6061,,,,,,11.1699,r1_measured_00976,read,measured,,,,,2.1553,,ok,0.4132
11.2169,663,,,2.4035,,,,,,25.5742,r1_measured_00977,read,measured,,,,,11.5166,,ok,0.3653
8.8906,416,,,0.3286,,,,,,11.7343,r1_measured_00978,read,measured,,,,,1.8213,,ok,0.6153
6.5387,681,,,0.6851,,,,,,17.1894,r1_measured_00979,read,measured,,,,,9.4831,,ok,0.4135
8.0045,509,,,1.3442,,,,,,16.2704,r1_measured_00980,read,measured,,,,,6.4869,,ok,0.3632
10.1165,509,,,1.2682,,,,,,16.3138,r1_measured_00981,read,measured,,,,,4.5318,,ok,0.3369
8.9526,508,,,0.8876,,,,,,39.9374,r1_measured_00982,read,measured,,,,,29.6241,,ok,0.3974
6.0681,688,,,3.345,,,,,,38.841,r1_measured_00983,read,measured,,,,,28.77,,ok,0.5555
31.0211,627,,,3.8941,,,,,,40.7445,r1_measured_00984,read,measured,,,,,5.3961,,ok,0.3554
28.9314,627,,,0.8266,,,,,,32.8481,r1_measured_00985,read,measured,,,,,2.6465,,ok,0.362
28.4806,686,,,1.625,,,,,,36.8008,r1_measured_00986,read,measured,,,,,6.2332,,ok,0.3923
27.898,679,,,2.2588,,,,,,37.601,r1_measured_00987,read,measured,,,,,7.0228,,ok,0.3494
129.9551,568,7.2756,8.1467,1.2045,32.4622,1,8.144,1,33.3867,158.8691,r1_measured_00988,update,measured,25.24,28.914,1,2.088,27.2794,54.7426,ok,0.3683
7.2499,688,,,0.4997,,,,,,12.5254,r1_measured_00989,read,measured,,,,,4.3467,,ok,0.3628
125.5219,674,9.7535,3.1762,0.5566,25.9374,0,3.1742,1,47.4602,155.7016,r1_measured_00990,update,measured,44.284,30.1797,1,14.4432,29.2147,27.9276,ok,0.3355
15.3324,417,,,0.3533,,,,,,16.8232,r1_measured_00991,read,measured,,,,,0.7342,,ok,0.3352
20.0135,685,,,0.8069,,,,,,47.2567,r1_measured_00992,read,measured,,,,,26.0087,,ok,0.3596
17.9118,568,,,2.3335,,,,,,50.9895,r1_measured_00993,read,measured,,,,,30.3317,,ok,0.3429
17.9553,679,,,5.9585,,,,,,40.8605,r1_measured_00994,read,measured,,,,,16.5131,,ok,0.356
30.235,678,,,19.6893,,,,,,60.0864,r1_measured_00995,read,measured,,,,,9.6408,,ok,0.4432
10.2075,566,,,0.7587,,,,,,41.8834,r1_measured_00996,read,measured,,,,,30.505,,ok,0.3544
6.0358,418,,,0.3172,,,,,,7.9245,r1_measured_00997,read,measured,,,,,1.1777,,ok,0.3388
30.8604,679,,,1.441,,,,,,40.3774,r1_measured_00998,read,measured,,,,,7.6551,,ok,0.3452
30.4206,629,,,0.799,,,,,,42.5651,r1_measured_00999,read,measured,,,,,10.8183,,ok,0.4612
29.4311,628,,,0.9878,,,,,,37.7277,r1_measured_01000,read,measured,,,,,6.8775,,ok,0.3655
23.6958,567,,,0.6612,,,,,,32.1679,r1_measured_01001,read,measured,,,,,7.4086,,ok,0.3406
10.3573,673,,,0.5305,,,,,,19.0055,r1_measured_01002,read,measured,,,,,7.6072,,ok,0.4469
6.4822,568,,,0.5472,,,,,,14.498,r1_measured_01003,read,measured,,,,,7.075,,ok,0.3314
5.148,629,,,0.5175,,,,,,15.5655,r1_measured_01004,read,measured,,,,,9.5023,,ok,0.3366
7.2437,689,,,0.5516,,,,,,11.7571,r1_measured_01005,read,measured,,,,,3.5616,,ok,0.3385
5.9649,627,,,1.0852,,,,,,14.7116,r1_measured_01006,read,measured,,,,,7.2609,,ok,0.3424
4.3406,628,,,0.7055,,,,,,10.8263,r1_measured_01007,read,measured,,,,,5.371,,ok,0.3507
75.7673,687,13.145,3.0283,1.4677,5.348,0,3.0266,1,26.371,84.1228,r1_measured_01008,update,measured,23.3427,8.3555,1,0.0056,6.4595,30.8977,ok,0.364
8.6474,509,,,0.7421,,,,,,11.2702,r1_measured_01009,read,measured,,,,,1.4858,,ok,0.342
11.5769,628,,,1.7897,,,,,,16.9376,r1_measured_01010,read,measured,,,,,3.167,,ok,0.3433
10.1701,689,,,1.2221,,,,,,16.1198,r1_measured_01011,read,measured,,,,,4.324,,ok,0.3404
8.1944,508,,,0.8161,,,,,,49.6501,r1_measured_01012,read,measured,,,,,40.2246,,ok,0.3539
7.1824,419,,,0.2523,,,,,,9.9857,r1_measured_01013,read,measured,,,,,2.1608,,ok,0.3368
9.2042,678,,,1.5639,,,,,,37.4409,r1_measured_01014,read,measured,,,,,26.2438,,ok,0.3557
29.4929,663,,,0.5563,,,,,,36.638,r1_measured_01015,read,measured,,,,,6.1878,,ok,0.3417
25.924,417,,,0.2525,,,,,,29.2722,r1_measured_01016,read,measured,,,,,2.7112,,ok,0.3302
25.3635,661,,,1.2098,,,,,,35.9091,r1_measured_01017,read,measured,,,,,8.9177,,ok,0.3523
16.0732,689,,,3.7842,,,,,,21.2671,r1_measured_01018,read,measured,,,,,0.9545,,ok,0.3833
19.9962,508,,,0.5346,,,,,,25.3524,r1_measured_01019,read,measured,,,,,4.4038,,ok,0.3583
18.7904,508,,,0.4271,,,,,,26.8284,r1_measured_01020,read,measured,,,,,7.1986,,ok,0.3558
17.8459,680,,,1.9508,,,,,,30.2855,r1_measured_01021,read,measured,,,,,10.0613,,ok,0.3632
15.9241,680,,,2.3983,,,,,,24.9834,r1_measured_01022,read,measured,,,,,6.2387,,ok,0.3565
17.0562,680,,,1.3628,,,,,,27.3938,r1_measured_01023,read,measured,,,,,8.5533,,ok,0.3562
15.5822,680,,,1.5307,,,,,,30.6846,r1_measured_01024,read,measured,,,,,13.079,,ok,0.3974
10.3648,567,,,0.7959,,,,,,17.3893,r1_measured_01025,read,measured,,,,,5.7817,,ok,0.385
9.5078,568,,,2.0926,,,,,,16.0292,r1_measured_01026,read,measured,,,,,3.8984,,ok,0.4644
14.1887,676,,,1.528,,,,,,23.5057,r1_measured_01027,read,measured,,,,,7.3364,,ok,0.3763
12.3033,661,,,1.8748,,,,,,21.0403,r1_measured_01028,read,measured,,,,,6.2313,,ok,0.5535
10.9353,679,,,0.9799,,,,,,17.0687,r1_measured_01029,read,measured,,,,,4.5957,,ok,0.488
9.2345,368,,,0.2839,,,,,,11.3556,r1_measured_01030,read,measured,,,,,1.3741,,ok,0.3899
11.3509,676,,,3.186,,,,,,21.4579,r1_measured_01031,read,measured,,,,,6.4506,,ok,0.4031
17.0848,508,,,0.5229,,,,,,45.0946,r1_measured_01032,read,measured,,,,,27.0648,,ok,0.3611
16.3345,681,,,2.7714,,,,,,26.7627,r1_measured_01033,read,measured,,,,,7.2225,,ok,0.366
12.837,629,,,0.6226,,,,,,25.1096,r1_measured_01034,read,measured,,,,,11.2351,,ok,0.3513
9.3654,368,,,0.2405,,,,,,12.8153,r1_measured_01035,read,measured,,,,,2.8074,,ok,0.3503
9.3762,627,,,0.572,,,,,,19.3978,r1_measured_01036,read,measured,,,,,9.0328,,ok,0.345
9.6036,568,,,1.5699,,,,,,28.3713,r1_measured_01037,read,measured,,,,,16.7748,,ok,0.3616
9.3837,662,,,1.2471,,,,,,19.1663,r1_measured_01038,read,measured,,,,,8.1,,ok,0.3692
4.3011,417,,,0.2641,,,,,,8.3834,r1_measured_01039,read,measured,,,,,3.4084,,ok,0.3597
5.2708,628,,,0.6208,,,,,,15.3629,r1_measured_01040,read,measured,,,,,8.9372,,ok,0.4547
6.9789,662,,,2.2056,,,,,,21.393,r1_measured_01041,read,measured,,,,,11.7595,,ok,0.3767
134.7968,507,7.426,5.673,12.428,6.3432,1,5.6712,1,24.3644,181.9686,r1_measured_01042,update,measured,18.6914,47.1718,1,8.2471,34.0645,88.4161,ok,0.5848
7.1284,566,,,2.53,,,,,,19.5168,r1_measured_01043,read,measured,,,,,9.4323,,ok,0.3563
7.5679,369,,,0.2812,,,,,,9.6506,r1_measured_01044,read,measured,,,,,1.3439,,ok,0.3702
4.7506,417,,,0.2727,,,,,,9.8406,r1_measured_01045,read,measured,,,,,4.3733,,ok,0.3889
7.9972,368,,,0.2587,,,,,,11.8072,r1_measured_01046,read,measured,,,,,2.9365,,ok,0.5648
10.2076,674,,,1.6929,,,,,,16.4261,r1_measured_01047,read,measured,,,,,4.017,,ok,0.435
9.6278,677,,,1.65,,,,,,18.0891,r1_measured_01048,read,measured,,,,,6.3768,,ok,0.3653
8.6719,417,,,0.2637,,,,,,10.2137,r1_measured_01049,read,measured,,,,,0.8769,,ok,0.3537
6.6684,689,,,1.2769,,,,,,11.1596,r1_measured_01050,read,measured,,,,,2.7784,,ok,0.3702
12.902,675,,,1.2588,,,,,,103.5872,r1_measured_01051,read,measured,,,,,89.0437,,ok,0.3118
11.7647,679,,,0.9924,,,,,,101.8268,r1_measured_01052,read,measured,,,,,88.6721,,ok,0.3156
23.3445,661,,,0.4873,,,,,,95.6146,r1_measured_01053,read,measured,,,,,71.4053,,ok,0.2902
201.3807,679,6.4549,2.7811,8.4187,25.1057,1,2.7793,1,108.711,254.4097,r1_measured_01054,update,measured,105.9299,53.029,1,4.8135,44.1493,56.2956,ok,0.3882
86.2712,680,,,1.5268,,,,,,91.8498,r1_measured_01055,read,measured,,,,,3.6158,,ok,0.3527
83.2428,627,,,1.172,,,,,,89.6727,r1_measured_01056,read,measured,,,,,4.7534,,ok,0.4322
81.0519,567,,,0.4663,,,,,,92.5912,r1_measured_01057,read,measured,,,,,10.6354,,ok,0.3772
13.5926,566,,,16.5231,,,,,,39.9341,r1_measured_01058,read,measured,,,,,8.7123,,ok,0.9906
11.5242,419,,,0.3808,,,,,,13.6383,r1_measured_01059,read,measured,,,,,1.3557,,ok,0.3272
14.0302,673,,,30.9396,,,,,,49.9512,r1_measured_01060,read,measured,,,,,4.3241,,ok,0.567
8.6885,629,,,1.1725,,,,,,15.6844,r1_measured_01061,read,measured,,,,,5.4299,,ok,0.3303
237.0963,417,4.1248,3.8603,0.2714,124.9971,1,3.8586,1,67.0345,238.3927,r1_measured_01062,update,measured,63.1742,1.2964,1,12.7459,0.6064,28.194,ok,0.3673
10.0546,368,,,0.6388,,,,,,12.4243,r1_measured_01063,read,measured,,,,,1.3766,,ok,0.3071
56.913,623,,,0.8676,,,,,,66.5813,r1_measured_01064,read,measured,,,,,8.2956,,ok,0.4288
53.3606,567,,,0.7425,,,,,,57.7794,r1_measured_01065,read,measured,,,,,3.159,,ok,0.4398
275.0082,677,10.8846,52.0557,1.4591,109.4395,1,52.0542,1,92.8676,280.745,r1_measured_01066,update,measured,40.8119,5.7368,1,5.5611,3.7796,56.2554,ok,0.3899
33.9256,681,,,1.3094,,,,,,43.4925,r1_measured_01067,read,measured,,,,,7.7903,,ok,0.3877
220.6446,567,5.9325,21.6543,0.7743,93.3239,1,21.6522,1,60.4999,228.644,r1_measured_01068,update,measured,38.8456,7.9994,1,16.4915,6.7578,44.3968,ok,0.3601
8.8434,678,,,0.614,,,,,,15.1359,r1_measured_01069,read,measured,,,,,5.1846,,ok,0.4154
26.8098,508,,,1.2433,,,,,,33.1297,r1_measured_01070,read,measured,,,,,4.6394,,ok,0.3719
23.7837,677,,,1.0481,,,,,,36.0421,r1_measured_01071,read,measured,,,,,10.7412,,ok,0.3956
21.9658,663,,,1.9814,,,,,,35.3964,r1_measured_01072,read,measured,,,,,11.0069,,ok,0.371
20.4961,689,,,0.6825,,,,,,29.4971,r1_measured_01073,read,measured,,,,,7.8839,,ok,0.3618
7.1951,509,,,1.6182,,,,,,46.1942,r1_measured_01074,read,measured,,,,,36.9543,,ok,0.3646
16.7223,417,,,6.2951,,,,,,43.1401,r1_measured_01075,read,measured,,,,,19.6867,,ok,0.3585
39.8541,509,,,1.0884,,,,,,57.5865,r1_measured_01076,read,measured,,,,,16.2104,,ok,0.3699
160.8614,509,4.4466,44.0128,1.3705,65.8477,0,44.011,1,58.7496,175.335,r1_measured_01077,update,measured,14.7368,14.4736,1,5.5579,12.6767,26.2596,ok,0.3597
14.443,680,,,0.5427,,,,,,22.0003,r1_measured_01078,read,measured,,,,,6.6164,,ok,0.3373
10.7363,366,,,0.2322,,,,,,14.3416,r1_measured_01079,read,measured,,,,,2.97,,ok,0.3511
6.9584,680,,,0.8586,,,,,,13.1776,r1_measured_01080,read,measured,,,,,4.9671,,ok,0.3309
10.3147,680,,,0.6406,,,,,,32.5668,r1_measured_01081,read,measured,,,,,21.1402,,ok,0.3991
4.9007,662,,,1.1075,,,,,,7.7038,r1_measured_01082,read,measured,,,,,1.2821,,ok,0.3494
22.1222,368,,,0.3029,,,,,,25.8591,r1_measured_01083,read,measured,,,,,2.9958,,ok,0.381
20.9252,509,,,0.6794,,,,,,29.1683,r1_measured_01084,read,measured,,,,,7.1285,,ok,0.3726
23.4148,680,,,0.579,,,,,,30.9596,r1_measured_01085,read,measured,,,,,6.5452,,ok,0.3519
6.3452,417,,,0.2835,,,,,,7.845,r1_measured_01086,read,measured,,,,,0.7969,,ok,0.3665
6.8774,662,,,1.5618,,,,,,12.6156,r1_measured_01087,read,measured,,,,,3.7531,,ok,0.3589
6.3791,663,,,0.5905,,,,,,14.891,r1_measured_01088,read,measured,,,,,7.4582,,ok,0.3887
4.1019,418,,,0.2633,,,,,,5.7568,r1_measured_01089,read,measured,,,,,0.9945,,ok,0.3458
5.0286,688,,,0.7027,,,,,,7.7743,r1_measured_01090,read,measured,,,,,1.5666,,ok,0.397
7.9578,680,,,0.5913,,,,,,14.9944,r1_measured_01091,read,measured,,,,,5.9904,,ok,0.3824
6.7117,623,,,0.5919,,,,,,10.1164,r1_measured_01092,read,measured,,,,,2.3254,,ok,0.4135
7.6746,628,,,0.5654,,,,,,12.0323,r1_measured_01093,read,measured,,,,,3.3267,,ok,0.397
6.9482,687,,,0.6257,,,,,,13.2197,r1_measured_01094,read,measured,,,,,5.1857,,ok,0.3886
6.5517,680,,,0.5603,,,,,,10.4403,r1_measured_01095,read,measured,,,,,2.8748,,ok,0.3832
8.3994,627,,,0.603,,,,,,11.1257,r1_measured_01096,read,measured,,,,,1.6742,,ok,0.3816
6.1379,678,,,0.6661,,,,,,15.4416,r1_measured_01097,read,measured,,,,,8.1892,,ok,0.3753
10.3062,680,,,0.6944,,,,,,15.3656,r1_measured_01098,read,measured,,,,,3.9187,,ok,0.3781
8.5621,686,,,1.6413,,,,,,25.6745,r1_measured_01099,read,measured,,,,,15.0223,,ok,0.3763
6.907,509,,,0.5272,,,,,,12.4103,r1_measured_01100,read,measured,,,,,4.5373,,ok,0.3769
6.9894,627,,,0.992,,,,,,13.7982,r1_measured_01101,read,measured,,,,,5.2365,,ok,0.5112
4.9223,680,,,2.4851,,,,,,12.3844,r1_measured_01102,read,measured,,,,,4.4936,,ok,0.4009
4.6945,509,,,2.5374,,,,,,8.6535,r1_measured_01103,read,measured,,,,,0.9595,,ok,0.3918
7.4126,568,,,0.552,,,,,,10.9419,r1_measured_01104,read,measured,,,,,2.4977,,ok,0.4046
8.717,661,,,0.6691,,,,,,13.4583,r1_measured_01105,read,measured,,,,,3.6263,,ok,0.3679
10.2965,689,,,1.9627,,,,,,24.1843,r1_measured_01106,read,measured,,,,,11.3656,,ok,0.4925
8.817,686,,,0.5772,,,,,,16.2083,r1_measured_01107,read,measured,,,,,6.2746,,ok,0.465
3.8208,509,,,2.0131,,,,,,14.3144,r1_measured_01108,read,measured,,,,,8.0619,,ok,0.3561
8.9393,678,,,1.6325,,,,,,19.172,r1_measured_01109,read,measured,,,,,8.1713,,ok,0.3601
7.1873,674,,,1.9966,,,,,,18.7631,r1_measured_01110,read,measured,,,,,9.1304,,ok,0.3812
9.5192,678,,,1.5052,,,,,,13.0974,r1_measured_01111,read,measured,,,,,1.6347,,ok,0.3683
9.0238,674,,,3.0176,,,,,,14.9175,r1_measured_01112,read,measured,,,,,2.3443,,ok,0.4484
13.121,418,,,0.3101,,,,,,15.8935,r1_measured_01113,read,measured,,,,,2.015,,ok,0.3884
11.7488,566,,,0.5375,,,,,,19.5358,r1_measured_01114,read,measured,,,,,6.8197,,ok,0.3626
10.992,680,,,1.2504,,,,,,15.976,r1_measured_01115,read,measured,,,,,3.2674,,ok,0.3898
16.1033,662,,,1.5321,,,,,,24.4238,r1_measured_01116,read,measured,,,,,6.34,,ok,0.3786
15.3829,679,,,0.7181,,,,,,20.2982,r1_measured_01117,read,measured,,,,,3.7329,,ok,0.3938
13.2111,509,,,0.528,,,,,,16.9045,r1_measured_01118,read,measured,,,,,2.717,,ok,0.3863
13.0824,689,,,1.0697,,,,,,19.9683,r1_measured_01119,read,measured,,,,,5.2047,,ok,0.5437
8.7659,629,,,1.5442,,,,,,18.8238,r1_measured_01120,read,measured,,,,,8.0673,,ok,0.3776
16.1732,509,,,2.5529,,,,,,25.2628,r1_measured_01121,read,measured,,,,,6.0625,,ok,0.4095
15.314,680,,,1.0156,,,,,,19.7189,r1_measured_01122,read,measured,,,,,2.6971,,ok,0.6157
14.2104,680,,,1.6129,,,,,,19.2729,r1_measured_01123,read,measured,,,,,2.9958,,ok,0.3824
16.9215,628,,,1.4894,,,,,,30.8263,r1_measured_01124,read,measured,,,,,11.9697,,ok,0.3714
15.9966,681,,,1.1719,,,,,,32.2854,r1_measured_01125,read,measured,,,,,14.6387,,ok,0.4049
13.2497,627,,,1.8587,,,,,,20.2334,r1_measured_01126,read,measured,,,,,4.6749,,ok,0.3807
13.1597,679,,,0.6071,,,,,,23.2032,r1_measured_01127,read,measured,,,,,8.981,,ok,0.3855
10.126,680,,,0.7056,,,,,,13.7131,r1_measured_01128,read,measured,,,,,2.4022,,ok,0.4061
12.621,627,,,2.0151,,,,,,23.3237,r1_measured_01129,read,measured,,,,,8.2575,,ok,0.3636
12.7195,680,,,1.3058,,,,,,23.4287,r1_measured_01130,read,measured,,,,,8.8509,,ok,0.4653
7.76,679,,,0.6524,,,,,,23.5043,r1_measured_01131,read,measured,,,,,14.673,,ok,0.3517
10.4435,674,,,0.8064,,,,,,24.0553,r1_measured_01132,read,measured,,,,,12.3627,,ok,0.3712
6.7924,567,,,0.6743,,,,,,17.6715,r1_measured_01133,read,measured,,,,,9.7936,,ok,0.3489
9.6384,508,,,1.2083,,,,,,17.8186,r1_measured_01134,read,measured,,,,,6.5666,,ok,0.3445
7.2977,627,,,0.6069,,,,,,12.6397,r1_measured_01135,read,measured,,,,,4.2829,,ok,0.385
13.4537,678,,,1.5331,,,,,,18.7137,r1_measured_01136,read,measured,,,,,3.2596,,ok,0.3918
12.2004,663,,,1.1094,,,,,,16.0983,r1_measured_01137,read,measured,,,,,2.3062,,ok,0.4026
10.5832,418,,,0.3159,,,,,,12.6337,r1_measured_01138,read,measured,,,,,1.3001,,ok,0.3759
15.3204,688,,,1.56,,,,,,24.8019,r1_measured_01139,read,measured,,,,,7.4478,,ok,0.401
14.7267,679,,,1.0747,,,,,,27.1637,r1_measured_01140,read,measured,,,,,10.9185,,ok,0.3762
12.3953,508,,,1.3787,,,,,,17.9622,r1_measured_01141,read,measured,,,,,3.7156,,ok,0.4055
11.1559,627,,,1.3209,,,,,,31.864,r1_measured_01142,read,measured,,,,,18.9547,,ok,0.3675
11.1508,680,,,1.7162,,,,,,24.2142,r1_measured_01143,read,measured,,,,,10.894,,ok,0.3761
6.8336,417,,,0.2796,,,,,,9.5284,r1_measured_01144,read,measured,,,,,2.006,,ok,0.3563
10.2365,678,,,0.6583,,,,,,20.6596,r1_measured_01145,read,measured,,,,,9.3264,,ok,0.3705
8.8642,417,,,0.2938,,,,,,11.1945,r1_measured_01146,read,measured,,,,,1.5903,,ok,0.3899
7.1689,566,,,1.0282,,,,,,17.2574,r1_measured_01147,read,measured,,,,,8.6272,,ok,0.3729
5.4913,628,,,1.1909,,,,,,21.0614,r1_measured_01148,read,measured,,,,,13.3028,,ok,0.9551
9.331,680,,,0.826,,,,,,25.4728,r1_measured_01149,read,measured,,,,,14.8812,,ok,0.3667
8.8552,508,,,2.3082,,,,,,18.5775,r1_measured_01150,read,measured,,,,,6.9736,,ok,0.3742
10.1662,629,,,1.3421,,,,,,21.3276,r1_measured_01151,read,measured,,,,,9.3834,,ok,0.3673
8.7925,680,,,0.8037,,,,,,24.246,r1_measured_01152,read,measured,,,,,14.2054,,ok,0.3766
6.3344,368,,,0.319,,,,,,12.7094,r1_measured_01153,read,measured,,,,,5.6561,,ok,0.3478
11.0923,679,,,0.9477,,,,,,33.0127,r1_measured_01154,read,measured,,,,,20.511,,ok,0.3906
9.6929,688,,,0.5249,,,,,,19.4976,r1_measured_01155,read,measured,,,,,8.8467,,ok,0.362
10.1084,663,,,2.4335,,,,,,19.6727,r1_measured_01156,read,measured,,,,,6.6524,,ok,0.4082
8.6159,661,,,2.1123,,,,,,23.1307,r1_measured_01157,read,measured,,,,,11.9351,,ok,0.3925
8.3778,662,,,1.715,,,,,,20.6462,r1_measured_01158,read,measured,,,,,10.067,,ok,0.4001
8.5062,689,,,2.4731,,,,,,21.5964,r1_measured_01159,read,measured,,,,,10.1717,,ok,0.376
8.0899,418,,,0.2898,,,,,,10.0444,r1_measured_01160,read,measured,,,,,1.1614,,ok,0.437
8.0116,674,,,2.1205,,,,,,21.922,r1_measured_01161,read,measured,,,,,11.265,,ok,0.4422
10.4334,679,,,0.9458,,,,,,18.101,r1_measured_01162,read,measured,,,,,6.1688,,ok,0.4567
11.1589,679,,,2.5601,,,,,,20.8508,r1_measured_01163,read,measured,,,,,6.6758,,ok,0.3864
9.0454,679,,,1.6673,,,,,,15.1827,r1_measured_01164,read,measured,,,,,4.0174,,ok,0.3705
15.8973,680,,,1.3836,,,,,,22.278,r1_measured_01165,read,measured,,,,,4.5544,,ok,0.3713
15.6082,680,,,0.617,,,,,,18.2135,r1_measured_01166,read,measured,,,,,1.5376,,ok,0.3806
13.4693,678,,,0.9922,,,,,,22.1457,r1_measured_01167,read,measured,,,,,7.2472,,ok,0.3653
10.8719,568,,,2.1511,,,,,,18.0841,r1_measured_01168,read,measured,,,,,4.6243,,ok,0.3748
13.5595,629,,,1.3621,,,,,,17.5469,r1_measured_01169,read,measured,,,,,2.1158,,ok,0.4382
268.9471,567,37.8021,9.1229,0.9173,45.5345,1,9.1208,1,33.1759,274.1194,r1_measured_01170,update,measured,24.053,5.1723,1,93.0254,3.8067,59.4092,ok,0.3701
231.4436,418,9.2551,7.7906,0.3625,40.3958,1,7.7888,1,32.1105,232.8923,r1_measured_01171,update,measured,24.3199,1.4487,1,117.013,0.6755,32.6692,ok,0.3541
262.1917,689,35.6617,4.3157,1.5768,44.4366,1,4.3141,1,24.3306,270.2438,r1_measured_01172,update,measured,20.0149,8.0521,1,81.5634,6.0576,76.1994,ok,0.3469
8.8989,568,,,1.3398,,,,,,11.4987,r1_measured_01173,read,measured,,,,,0.7646,,ok,0.4298
8.5637,509,,,0.7723,,,,,,11.133,r1_measured_01174,read,measured,,,,,1.3761,,ok,0.3609
7.6848,674,,,1.2637,,,,,,11.0196,r1_measured_01175,read,measured,,,,,1.5407,,ok,0.4523
9.7794,417,,,0.2822,,,,,,11.4597,r1_measured_01176,read,measured,,,,,0.9871,,ok,0.3591
11.5046,680,,,0.8762,,,,,,14.2875,r1_measured_01177,read,measured,,,,,1.4522,,ok,0.3843
7.5333,679,,,1.7312,,,,,,12.8202,r1_measured_01178,read,measured,,,,,3.0736,,ok,0.4058
10.6801,677,,,0.9987,,,,,,15.351,r1_measured_01179,read,measured,,,,,3.2057,,ok,0.3866
9.9793,676,,,1.4837,,,,,,15.3097,r1_measured_01180,read,measured,,,,,3.3857,,ok,0.3797
8.8972,629,,,16.5277,,,,,,110.2875,r1_measured_01181,read,measured,,,,,84.3492,,ok,0.4242
105.1821,680,,,0.8797,,,,,,151.1635,r1_measured_01182,read,measured,,,,,44.6995,,ok,0.3326
102.0824,507,,,1.9589,,,,,,152.1484,r1_measured_01183,read,measured,,,,,47.7356,,ok,0.3084
111.9032,627,,,0.785,,,,,,151.8787,r1_measured_01184,read,measured,,,,,38.8093,,ok,0.3235
127.1531,663,,,0.4824,,,,,,145.1655,r1_measured_01185,read,measured,,,,,17.1305,,ok,0.325
34.6132,418,,,0.3341,,,,,,42.7904,r1_measured_01186,read,measured,,,,,7.4535,,ok,0.3309
7.0441,673,,,1.1738,,,,,,11.5376,r1_measured_01187,read,measured,,,,,2.8872,,ok,0.3671
6.3773,680,,,1.3113,,,,,,14.6584,r1_measured_01188,read,measured,,,,,6.5875,,ok,0.3163
7.521,629,,,0.8628,,,,,,10.8049,r1_measured_01189,read,measured,,,,,2.0506,,ok,0.3137
7.6643,679,,,0.5493,,,,,,12.2456,r1_measured_01190,read,measured,,,,,3.6493,,ok,0.3253
9.4349,663,,,0.7914,,,,,,13.425,r1_measured_01191,read,measured,,,,,2.7101,,ok,0.4081
8.162,688,,,0.8194,,,,,,15.9729,r1_measured_01192,read,measured,,,,,6.5538,,ok,0.3638
5.8023,663,,,1.3752,,,,,,12.7227,r1_measured_01193,read,measured,,,,,5.1354,,ok,0.3407
8.4614,623,,,0.545,,,,,,13.8977,r1_measured_01194,read,measured,,,,,4.4728,,ok,0.3571
13.8723,680,,,0.5693,,,,,,16.3356,r1_measured_01195,read,measured,,,,,1.3819,,ok,0.4389
7.9642,680,,,0.4984,,,,,,11.4775,r1_measured_01196,read,measured,,,,,2.6016,,ok,0.3468
213.1478,662,22.8212,8.4298,0.9522,117.324,1,8.4281,1,23.5814,216.9716,r1_measured_01197,update,measured,15.1516,3.8238,1,9.0259,2.3351,40.3953,ok,0.4783
9.8878,627,,,1.7952,,,,,,18.3807,r1_measured_01198,read,measured,,,,,6.0205,,ok,0.5993
8.3011,628,,,3.7162,,,,,,17.3087,r1_measured_01199,read,measured,,,,,4.8266,,ok,0.3803
6.6037,662,,,1.9571,,,,,,11.2194,r1_measured_01200,read,measured,,,,,2.1832,,ok,0.4022
4.933,629,,,0.8096,,,,,,14.5414,r1_measured_01201,read,measured,,,,,8.1905,,ok,0.536
11.9646,623,,,0.7519,,,,,,53.1946,r1_measured_01202,read,measured,,,,,40.0758,,ok,0.337
10.0256,509,,,17.4828,,,,,,30.8771,r1_measured_01203,read,measured,,,,,2.8928,,ok,0.4083
9.3695,507,,,2.5007,,,,,,44.1695,r1_measured_01204,read,measured,,,,,31.8983,,ok,0.3376
7.5376,508,,,2.4798,,,,,,38.5058,r1_measured_01205,read,measured,,,,,28.055,,ok,0.366
32.5685,417,,,0.334,,,,,,36.1398,r1_measured_01206,read,measured,,,,,2.833,,ok,0.3495
19.2486,509,,,1.8963,,,,,,28.5001,r1_measured_01207,read,measured,,,,,6.9556,,ok,0.343
9.1553,567,,,0.8991,,,,,,16.057,r1_measured_01208,read,measured,,,,,5.5833,,ok,0.3588
9.1812,509,,,1.9978,,,,,,24.0144,r1_measured_01209,read,measured,,,,,12.436,,ok,0.3437
7.8163,568,,,0.7054,,,,,,20.0299,r1_measured_01210,read,measured,,,,,11.1161,,ok,0.3358
7.6189,368,,,0.3019,,,,,,15.4827,r1_measured_01211,read,measured,,,,,7.1654,,ok,0.3383
9.3057,509,,,0.4281,,,,,,13.2411,r1_measured_01212,read,measured,,,,,3.1112,,ok,0.3414
4.8904,368,,,0.239,,,,,,8.7003,r1_measured_01213,read,measured,,,,,3.1744,,ok,0.3481
136.6674,679,20.5019,6.5599,1.8956,12.1861,0,6.5583,1,22.3031,148.1716,r1_measured_01214,update,measured,15.7432,11.5042,1,19.7312,9.1408,61.9451,ok,0.3998
6.9478,680,,,1.0148,,,,,,12.0632,r1_measured_01215,read,measured,,,,,3.6676,,ok,0.3687
133.0577,663,19.2082,3.7588,1.589,11.3703,1,3.7572,1,19.5503,146.5706,r1_measured_01216,update,measured,15.7915,13.5129,1,3.0883,11.4851,79.8406,ok,0.3696
131.8315,675,20.338,1.9051,0.9328,11.5008,1,1.9031,1,17.723,140.8929,r1_measured_01217,update,measured,15.8179,9.0614,1,51.8147,7.6827,30.455,ok,0.3831
3.8485,663,,,1.1933,,,,,,8.951,r1_measured_01218,read,measured,,,,,3.4628,,ok,0.3694
8.6183,509,,,0.8522,,,,,,12.0591,r1_measured_01219,read,measured,,,,,2.0613,,ok,0.4614
6.2056,688,,,1.3648,,,,,,10.0804,r1_measured_01220,read,measured,,,,,2.047,,ok,0.3887
7.9514,369,,,0.3185,,,,,,10.2899,r1_measured_01221,read,measured,,,,,1.6196,,ok,0.3464
7.3703,679,,,0.7071,,,,,,87.1901,r1_measured_01222,read,measured,,,,,78.7001,,ok,0.339
5.7161,369,,,0.27,,,,,,45.981,r1_measured_01223,read,measured,,,,,39.5629,,ok,0.3762
53.353,567,,,0.6552,,,,,,85.5782,r1_measured_01224,read,measured,,,,,31.187,,ok,0.319
42.9915,689,,,0.5846,,,,,,83.4141,r1_measured_01225,read,measured,,,,,39.4442,,ok,0.3238
29.219,673,,,0.4541,,,,,,37.772,r1_measured_01226,read,measured,,,,,7.7041,,ok,0.3293
28.25,685,,,1.992,,,,,,39.4952,r1_measured_01227,read,measured,,,,,8.8556,,ok,0.3279
25.5066,689,,,1.9433,,,,,,39.5346,r1_measured_01228,read,measured,,,,,11.6896,,ok,0.3258
11.2385,418,,,0.3012,,,,,,12.8426,r1_measured_01229,read,measured,,,,,0.9121,,ok,0.3306
20.2892,674,,,0.5697,,,,,,24.1616,r1_measured_01230,read,measured,,,,,2.9123,,ok,0.3258
16.7023,567,,,1.8383,,,,,,27.9232,r1_measured_01231,read,measured,,,,,8.8938,,ok,0.421
11.5163,663,,,1.5643,,,,,,20.6095,r1_measured_01232,read,measured,,,,,7.0875,,ok,0.3704
12.5456,678,,,0.7803,,,,,,16.9514,r1_measured_01233,read,measured,,,,,3.0262,,ok,0.5088
11.8218,687,,,1.3786,,,,,,16.5423,r1_measured_01234,read,measured,,,,,2.8606,,ok,0.4071
9.9869,368,,,0.2307,,,,,,11.8,r1_measured_01235,read,measured,,,,,1.1883,,ok,0.3423
14.6573,681,,,1.3868,,,,,,19.6662,r1_measured_01236,read,measured,,,,,2.3386,,ok,1.2102
13.7984,676,,,0.5037,,,,,,28.438,r1_measured_01237,read,measured,,,,,13.6955,,ok,0.3745
11.9517,662,,,3.3973,,,,,,18.8693,r1_measured_01238,read,measured,,,,,3.0835,,ok,0.3714
10.4052,567,,,0.551,,,,,,19.8596,r1_measured_01239,read,measured,,,,,8.467,,ok,0.3746
255.7773,624,73.8353,2.7743,1.4408,125.0526,1,2.7723,1,26.3879,262.3218,r1_measured_01240,update,measured,23.6136,6.5445,1,0.0052,4.7021,30.4963,ok,0.3372
6.1494,507,,,0.509,,,,,,16.6443,r1_measured_01241,read,measured,,,,,9.5604,,ok,0.368
10.4931,681,,,0.5535,,,,,,19.8497,r1_measured_01242,read,measured,,,,,8.3755,,ok,0.3599
8.4824,369,,,0.2383,,,,,,14.3935,r1_measured_01243,read,measured,,,,,5.2488,,ok,0.3604
8.0992,679,,,4.7216,,,,,,32.9262,r1_measured_01244,read,measured,,,,,19.6529,,ok,0.3752
10.7118,629,,,0.6861,,,,,,36.6618,r1_measured_01245,read,measured,,,,,24.8229,,ok,0.3643
8.9416,629,,,2.4741,,,,,,38.1517,r1_measured_01246,read,measured,,,,,26.3141,,ok,0.3604
28.1305,677,,,1.6668,,,,,,43.1126,r1_measured_01247,read,measured,,,,,12.8379,,ok,0.3972
27.6579,674,,,0.7735,,,,,,38.5411,r1_measured_01248,read,measured,,,,,9.6828,,ok,0.3598
30.9767,689,,,0.8636,,,,,,41.6159,r1_measured_01249,read,measured,,,,,8.7817,,ok,0.8878
29.1057,677,,,0.5457,,,,,,44.4248,r1_measured_01250,read,measured,,,,,14.3397,,ok,0.3671
8.3479,661,,,0.5575,,,,,,25.3217,r1_measured_01251,read,measured,,,,,15.9924,,ok,0.3537
4.7272,369,,,0.2284,,,,,,7.8335,r1_measured_01252,read,measured,,,,,2.4809,,ok,0.3489
5.6739,688,,,2.8767,,,,,,19.8497,r1_measured_01253,read,measured,,,,,10.8505,,ok,0.3827
7.8249,663,,,0.6012,,,,,,21.3208,r1_measured_01254,read,measured,,,,,12.4583,,ok,0.3665
7.2498,680,,,1.8793,,,,,,16.5717,r1_measured_01255,read,measured,,,,,6.9959,,ok,0.3704
11.7843,509,,,1.5849,,,,,,22.188,r1_measured_01256,read,measured,,,,,8.4104,,ok,0.3506
8.664,680,,,1.3508,,,,,,18.5212,r1_measured_01257,read,measured,,,,,8.0741,,ok,0.3638
251.102,689,20.7585,7.3179,0.9538,167.5918,1,7.316,1,23.4843,261.5052,r1_measured_01258,update,measured,16.1664,10.4032,1,3.6839,8.9978,35.5835,ok,0.3705
6.1824,673,,,0.756,,,,,,14.8549,r1_measured_01259,read,measured,,,,,7.4944,,ok,0.3541
6.82,663,,,0.7256,,,,,,12.7579,r1_measured_01260,read,measured,,,,,4.655,,ok,0.4934
5.3675,674,,,2.7383,,,,,,13.9775,r1_measured_01261,read,measured,,,,,5.4465,,ok,0.3576
10.4137,689,,,0.5018,,,,,,15.5012,r1_measured_01262,read,measured,,,,,4.1185,,ok,0.3843
6.0119,686,,,0.621,,,,,,44.1843,r1_measured_01263,read,measured,,,,,37.1191,,ok,0.3635
7.5761,663,,,0.8421,,,,,,36.4276,r1_measured_01264,read,measured,,,,,27.552,,ok,0.3873
6.1694,678,,,1.5119,,,,,,39.736,r1_measured_01265,read,measured,,,,,31.6047,,ok,0.3784
5.5669,674,,,2.7695,,,,,,36.8853,r1_measured_01266,read,measured,,,,,28.1025,,ok,0.376
27.5468,508,,,0.7323,,,,,,40.5074,r1_measured_01267,read,measured,,,,,10.9336,,ok,1.2127
24.2415,680,,,1.0175,,,,,,37.3538,r1_measured_01268,read,measured,,,,,11.6324,,ok,0.3791
14.4737,368,,,0.2988,,,,,,17.5878,r1_measured_01269,read,measured,,,,,2.4151,,ok,0.3437
10.7491,689,,,0.5416,,,,,,17.8779,r1_measured_01270,read,measured,,,,,6.1672,,ok,0.3587
9.9958,680,,,1.103,,,,,,19.0311,r1_measured_01271,read,measured,,,,,7.5151,,ok,0.348
7.5333,663,,,1.5214,,,,,,11.8761,r1_measured_01272,read,measured,,,,,2.4001,,ok,0.3551
9.9879,673,,,0.5585,,,,,,16.7855,r1_measured_01273,read,measured,,,,,5.8292,,ok,0.3443
8.1013,680,,,1.1424,,,,,,17.2079,r1_measured_01274,read,measured,,,,,7.5585,,ok,0.3404
6.5824,624,,,1.5812,,,,,,51.8599,r1_measured_01275,read,measured,,,,,6.2236,,ok,0.3591
6.4635,564,,,0.7411,,,,,,9.9442,r1_measured_01276,read,measured,,,,,2.3033,,ok,0.3718
8.836,689,,,1.332,,,,,,12.5973,r1_measured_01277,read,measured,,,,,2.013,,ok,0.3502
6.2768,678,,,0.7716,,,,,,9.5723,r1_measured_01278,read,measured,,,,,1.9863,,ok,0.472
8.9337,419,,,0.2643,,,,,,12.2467,r1_measured_01279,read,measured,,,,,2.5413,,ok,0.429
6.8652,368,,,1.0601,,,,,,9.2405,r1_measured_01280,read,measured,,,,,0.9053,,ok,0.3478
7.6256,509,,,0.4512,,,,,,11.2355,r1_measured_01281,read,measured,,,,,2.7468,,ok,0.3548
8.9038,681,,,1.3516,,,,,,12.1548,r1_measured_01282,read,measured,,,,,1.4358,,ok,0.386
7.7279,674,,,1.399,,,,,,12.2228,r1_measured_01283,read,measured,,,,,2.6742,,ok,0.3525
11.1313,680,,,0.5409,,,,,,13.4892,r1_measured_01284,read,measured,,,,,1.3883,,ok,0.3607
9.6174,681,,,2.381,,,,,,17.8464,r1_measured_01285,read,measured,,,,,5.4426,,ok,0.3407
7.8098,628,,,1.0119,,,,,,14.3498,r1_measured_01286,read,measured,,,,,5.1068,,ok,0.3559
6.1932,568,,,0.5213,,,,,,13.8073,r1_measured_01287,read,measured,,,,,6.6765,,ok,0.3548
6.2211,419,,,0.2767,,,,,,9.2696,r1_measured_01288,read,measured,,,,,2.2714,,ok,0.4502
6.3474,673,,,1.7793,,,,,,11.2794,r1_measured_01289,read,measured,,,,,2.6885,,ok,0.3991
6.6903,627,,,0.5563,,,,,,10.9556,r1_measured_01290,read,measured,,,,,3.2786,,ok,0.3666
7.9465,624,,,0.8965,,,,,,12.2514,r1_measured_01291,read,measured,,,,,2.981,,ok,0.3638
7.4345,679,,,1.3776,,,,,,13.7041,r1_measured_01292,read,measured,,,,,4.4821,,ok,0.3464
75.0476,662,,,0.9763,,,,,,80.8719,r1_measured_01293,read,measured,,,,,4.4332,,ok,0.3513
73.6573,663,,,0.7695,,,,,,76.1332,r1_measured_01294,read,measured,,,,,1.2872,,ok,0.3541
70.0844,689,,,0.7045,,,,,,85.0391,r1_measured_01295,read,measured,,,,,13.7745,,ok,0.3783
74.9511,674,,,0.8506,,,,,,79.0403,r1_measured_01296,read,measured,,,,,2.7863,,ok,0.363
74.0375,674,,,2.2037,,,,,,84.7541,r1_measured_01297,read,measured,,,,,8.0972,,ok,0.3431
73.2776,627,,,1.376,,,,,,86.9758,r1_measured_01298,read,measured,,,,,11.9,,ok,0.3621
9.9627,678,,,0.5449,,,,,,20.2593,r1_measured_01299,read,measured,,,,,9.3326,,ok,0.3539
11.8707,680,,,0.7277,,,,,,23.1824,r1_measured_01300,read,measured,,,,,10.1442,,ok,0.3738
8.1831,366,,,0.2694,,,,,,11.8041,r1_measured_01301,read,measured,,,,,2.9375,,ok,0.3561
8.0159,689,,,0.546,,,,,,41.0746,r1_measured_01302,read,measured,,,,,8.372,,ok,0.3479
5.5579,418,,,0.2713,,,,,,10.6942,r1_measured_01303,read,measured,,,,,4.4519,,ok,0.3583
8.3257,629,,,0.6897,,,,,,17.3073,r1_measured_01304,read,measured,,,,,7.8774,,ok,0.342
6.2134,628,,,0.5481,,,,,,10.8428,r1_measured_01305,read,measured,,,,,3.6555,,ok,0.3628
9.004,628,,,1.1287,,,,,,15.2028,r1_measured_01306,read,measured,,,,,4.6487,,ok,0.3587
7.3439,417,,,0.2615,,,,,,8.8875,r1_measured_01307,read,measured,,,,,0.8664,,ok,0.3639
6.9397,567,,,1.5104,,,,,,10.3227,r1_measured_01308,read,measured,,,,,1.4669,,ok,0.3475
10.2135,680,,,0.8098,,,,,,14.3378,r1_measured_01309,read,measured,,,,,2.7703,,ok,0.4601
9.1015,568,,,0.682,,,,,,14.942,r1_measured_01310,read,measured,,,,,4.7317,,ok,0.369
8.0784,567,,,0.659,,,,,,15.8234,r1_measured_01311,read,measured,,,,,6.6584,,ok,0.363
11.0132,674,,,0.8063,,,,,,15.274,r1_measured_01312,read,measured,,,,,3.0237,,ok,0.3621
9.5959,680,,,1.3538,,,,,,15.0708,r1_measured_01313,read,measured,,,,,3.6989,,ok,0.3539
138.2742,418,13.8203,9.3372,0.5809,46.2849,1,9.3357,1,34.1427,140.0221,r1_measured_01314,update,measured,24.8055,1.7479,1,18.3684,0.7946,25.6579,ok,0.3251
18.44,627,,,0.63,,,,,,20.2719,r1_measured_01315,read,measured,,,,,0.7832,,ok,0.3516
21.1505,674,,,2.1764,,,,,,31.2709,r1_measured_01316,read,measured,,,,,7.5159,,ok,0.3556
19.6135,680,,,1.7976,,,,,,29.1474,r1_measured_01317,read,measured,,,,,7.2801,,ok,0.3843
15.6008,368,,,0.2537,,,,,,18.5596,r1_measured_01318,read,measured,,,,,2.3119,,ok,0.3421
17.8851,662,,,0.7693,,,,,,28.5946,r1_measured_01319,read,measured,,,,,9.5114,,ok,0.3643
13.5128,675,,,1.5144,,,,,,25.4045,r1_measured_01320,read,measured,,,,,9.9184,,ok,0.3863
7.851,568,,,1.2903,,,,,,18.1417,r1_measured_01321,read,measured,,,,,8.6023,,ok,0.3385
105.5894,687,11.9306,2.5819,0.8762,8.576,1,2.5799,1,55.167,111.2464,r1_measured_01322,update,measured,52.5851,5.657,1,0.0053,4.1816,29.9105,ok,0.535
35.6473,568,,,0.8357,,,,,,43.6674,r1_measured_01323,read,measured,,,,,6.7625,,ok,0.3528
35.5175,663,,,1.2328,,,,,,42.9509,r1_measured_01324,read,measured,,,,,5.7642,,ok,0.3651
32.8786,507,,,2.9355,,,,,,42.3039,r1_measured_01325,read,measured,,,,,6.0611,,ok,0.3616
32.5409,627,,,1.5931,,,,,,45.2426,r1_measured_01326,read,measured,,,,,10.149,,ok,0.7863
29.5815,418,,,0.2908,,,,,,33.8946,r1_measured_01327,read,measured,,,,,3.5926,,ok,0.3704
28.3517,674,,,0.8355,,,,,,40.9249,r1_measured_01328,read,measured,,,,,11.2422,,ok,0.4167
32.1045,368,,,0.2495,,,,,,38.514,r1_measured_01329,read,measured,,,,,5.7171,,ok,0.3873
28.9803,627,,,0.6867,,,,,,41.2254,r1_measured_01330,read,measured,,,,,11.1666,,ok,0.3315
30.6616,568,,,1.0783,,,,,,38.5299,r1_measured_01331,read,measured,,,,,6.3105,,ok,0.4182
26.774,629,,,0.8572,,,,,,36.9002,r1_measured_01332,read,measured,,,,,8.8742,,ok,0.3309
27.2974,568,,,1.0448,,,,,,37.9795,r1_measured_01333,read,measured,,,,,9.2338,,ok,0.3478
23.0658,418,,,0.2899,,,,,,27.4111,r1_measured_01334,read,measured,,,,,3.6296,,ok,0.3718
23.4009,680,,,1.6131,,,,,,30.2854,r1_measured_01335,read,measured,,,,,4.8584,,ok,0.3411
21.582,677,,,0.8912,,,,,,30.8275,r1_measured_01336,read,measured,,,,,7.8917,,ok,0.3974
17.2994,629,,,1.6784,,,,,,27.9999,r1_measured_01337,read,measured,,,,,8.6303,,ok,0.3325
17.8613,680,,,0.818,,,,,,29.0627,r1_measured_01338,read,measured,,,,,10.0063,,ok,0.3179
15.7858,680,,,1.12,,,,,,28.0524,r1_measured_01339,read,measured,,,,,10.7142,,ok,0.3665
9.3822,509,,,2.9783,,,,,,13.6949,r1_measured_01340,read,measured,,,,,0.8921,,ok,0.382
17.3911,568,,,1.5038,,,,,,23.2621,r1_measured_01341,read,measured,,,,,3.9239,,ok,0.3806
136.2857,680,11.4874,7.3601,1.1266,37.7552,1,7.3582,1,36.9401,143.3015,r1_measured_01342,update,measured,29.58,7.0158,1,7.5406,5.4863,42.5624,ok,0.3387
11.1373,679,,,1.6677,,,,,,20.0933,r1_measured_01343,read,measured,,,,,6.67,,ok,0.5483
9.939,509,,,3.2143,,,,,,16.3809,r1_measured_01344,read,measured,,,,,2.785,,ok,0.3785
8.4036,568,,,1.002,,,,,,12.5942,r1_measured_01345,read,measured,,,,,2.7902,,ok,0.3409
16.1493,627,,,1.3639,,,,,,26.0809,r1_measured_01346,read,measured,,,,,8.1166,,ok,0.3807
14.9133,629,,,1.1985,,,,,,18.3355,r1_measured_01347,read,measured,,,,,1.7862,,ok,0.3627
13.7854,663,,,0.8861,,,,,,22.4056,r1_measured_01348,read,measured,,,,,7.2757,,ok,0.3879
7.7918,366,,,0.2528,,,,,,11.3773,r1_measured_01349,read,measured,,,,,2.9006,,ok,0.379
8.6528,567,,,1.717,,,,,,16.4025,r1_measured_01350,read,measured,,,,,5.5176,,ok,0.4489
16.0587,627,,,0.7836,,,,,,19.2819,r1_measured_01351,read,measured,,,,,1.8804,,ok,0.4821
13.0015,627,,,1.6535,,,,,,17.6918,r1_measured_01352,read,measured,,,,,2.608,,ok,0.362
9.6544,674,,,18.0251,,,,,,32.4666,r1_measured_01353,read,measured,,,,,4.2751,,ok,0.4261
14.0413,689,,,0.9219,,,,,,53.2543,r1_measured_01354,read,measured,,,,,37.6197,,ok,0.5987
11.2687,417,,,0.337,,,,,,30.7763,r1_measured_01355,read,measured,,,,,18.7049,,ok,0.4017
10.9956,675,,,0.9995,,,,,,44.523,r1_measured_01356,read,measured,,,,,32.0838,,ok,0.374
7.8464,417,,,0.3127,,,,,,33.2718,r1_measured_01357,read,measured,,,,,24.6801,,ok,0.3711
22.0909,567,,,0.788,,,,,,36.1201,r1_measured_01358,read,measured,,,,,12.7574,,ok,0.412
94.4009,509,11.1548,29.5042,0.4882,4.7094,1,29.5025,1,48.95,113.6321,r1_measured_01359,update,measured,19.4458,19.2312,1,0.0054,18.3044,29.5813,ok,0.3738
10.8195,663,,,1.4111,,,,,,18.8354,r1_measured_01360,read,measured,,,,,6.1548,,ok,0.3749
17.038,680,,,0.6074,,,,,,22.0336,r1_measured_01361,read,measured,,,,,3.9477,,ok,0.3653
11.214,674,,,2.016,,,,,,18.8666,r1_measured_01362,read,measured,,,,,5.1955,,ok,0.3694
12.8064,568,,,1.6313,,,,,,38.0665,r1_measured_01363,read,measured,,,,,23.1139,,ok,0.4468
9.4052,627,,,1.8021,,,,,,40.2737,r1_measured_01364,read,measured,,,,,28.6293,,ok,0.3664
9.5857,508,,,1.5847,,,,,,33.9232,r1_measured_01365,read,measured,,,,,22.2619,,ok,0.4229
25.1142,568,,,0.5359,,,,,,37.9322,r1_measured_01366,read,measured,,,,,11.8577,,ok,0.3603
22.5454,629,,,1.118,,,,,,31.608,r1_measured_01367,read,measured,,,,,7.4805,,ok,0.3893
19.7761,629,,,1.2355,,,,,,30.7626,r1_measured_01368,read,measured,,,,,9.2964,,ok,0.3741
22.8618,680,,,1.3513,,,,,,36.5005,r1_measured_01369,read,measured,,,,,11.74,,ok,0.4792
15.8296,368,,,0.2824,,,,,,18.8546,r1_measured_01370,read,measured,,,,,2.3546,,ok,0.3312
19.0187,419,,,0.2955,,,,,,21.4323,r1_measured_01371,read,measured,,,,,1.7213,,ok,0.3415
18.3508,679,,,1.3406,,,,,,30.0887,r1_measured_01372,read,measured,,,,,10.0252,,ok,0.3123
10.4617,417,,,0.394,,,,,,12.4685,r1_measured_01373,read,measured,,,,,0.9608,,ok,0.5791
13.7664,508,,,1.0057,,,,,,21.2092,r1_measured_01374,read,measured,,,,,6.0151,,ok,0.3498
8.8954,567,,,2.6686,,,,,,18.4774,r1_measured_01375,read,measured,,,,,6.505,,ok,0.3471
7.3476,418,,,0.2537,,,,,,12.8737,r1_measured_01376,read,measured,,,,,4.8728,,ok,0.3329
7.6758,677,,,1.723,,,,,,19.4317,r1_measured_01377,read,measured,,,,,9.6357,,ok,0.3367
9.3512,627,,,1.4467,,,,,,18.9094,r1_measured_01378,read,measured,,,,,7.6723,,ok,0.3683
8.1987,678,,,3.4398,,,,,,24.7441,r1_measured_01379,read,measured,,,,,12.6558,,ok,0.3813
6.7605,679,,,0.7958,,,,,,14.7659,r1_measured_01380,read,measured,,,,,6.6709,,ok,0.4762
9.6388,681,,,1.602,,,,,,18.6984,r1_measured_01381,read,measured,,,,,6.9757,,ok,0.4139
8.8768,567,,,1.7272,,,,,,16.4759,r1_measured_01382,read,measured,,,,,5.458,,ok,0.3521
6.8035,678,,,1.848,,,,,,25.6555,r1_measured_01383,read,measured,,,,,16.5539,,ok,0.3747
8.1717,369,,,1.3966,,,,,,14.5616,r1_measured_01384,read,measured,,,,,4.5614,,ok,0.3786
5.3697,680,,,1.5342,,,,,,17.0343,r1_measured_01385,read,measured,,,,,9.6876,,ok,0.3749
10.0273,680,,,3.8159,,,,,,16.1386,r1_measured_01386,read,measured,,,,,1.7769,,ok,0.4404
9.4452,662,,,1.8752,,,,,,18.1977,r1_measured_01387,read,measured,,,,,6.3608,,ok,0.3908
14.816,628,,,1.3923,,,,,,25.8662,r1_measured_01388,read,measured,,,,,9.2345,,ok,0.3574
13.3486,680,,,1.4036,,,,,,16.8329,r1_measured_01389,read,measured,,,,,1.5795,,ok,0.4327
11.6474,663,,,0.6323,,,,,,17.4475,r1_measured_01390,read,measured,,,,,4.7289,,ok,0.3712
10.8772,627,,,3.5675,,,,,,30.0536,r1_measured_01391,read,measured,,,,,15.1716,,ok,0.3668
7.9223,508,,,1.4682,,,,,,21.2737,r1_measured_01392,read,measured,,,,,11.438,,ok,0.3804
11.8188,568,,,1.9396,,,,,,21.414,r1_measured_01393,read,measured,,,,,7.1822,,ok,0.4094
10.4248,509,,,1.1454,,,,,,14.1391,r1_measured_01394,read,measured,,,,,2.1497,,ok,0.3613
7.6517,679,,,2.2472,,,,,,28.8217,r1_measured_01395,read,measured,,,,,18.4737,,ok,0.3828
9.4961,624,,,2.5934,,,,,,25.4785,r1_measured_01396,read,measured,,,,,12.9703,,ok,0.3531
8.0722,564,,,0.6288,,,,,,19.3412,r1_measured_01397,read,measured,,,,,10.2435,,ok,0.3379
8.7738,663,,,1.3039,,,,,,12.754,r1_measured_01398,read,measured,,,,,2.2317,,ok,0.3762
8.3613,509,,,0.7437,,,,,,10.9076,r1_measured_01399,read,measured,,,,,1.3764,,ok,0.3655
215.1692,680,12.2987,7.9509,0.764,51.9255,0,7.949,1,22.6673,248.22,r1_measured_01400,update,measured,14.7164,33.0508,1,7.4974,31.8129,120.7803,ok,0.3913
12.3098,624,,,1.3189,,,,,,19.2956,r1_measured_01401,read,measured,,,,,5.1934,,ok,0.4085
10.5201,624,,,1.0155,,,,,,16.2914,r1_measured_01402,read,measured,,,,,4.3345,,ok,0.3602
8.675,689,,,2.3822,,,,,,17.2442,r1_measured_01403,read,measured,,,,,5.7311,,ok,0.3917
7.9181,369,,,0.2604,,,,,,9.5182,r1_measured_01404,read,measured,,,,,0.9329,,ok,0.358
199.5487,369,6.9849,9.7574,0.2808,43.4913,1,9.7556,1,53.9895,201.0409,r1_measured_01405,update,measured,44.2321,1.4922,1,9.5515,0.7551,85.5315,ok,0.3974
10.0571,568,,,1.3563,,,,,,17.3574,r1_measured_01406,read,measured,,,,,5.429,,ok,0.4393
8.9843,509,,,0.4788,,,,,,14.2953,r1_measured_01407,read,measured,,,,,4.411,,ok,0.3637
5.8329,673,,,0.6088,,,,,,8.9942,r1_measured_01408,read,measured,,,,,2.1354,,ok,0.3533
10.4658,678,,,1.8538,,,,,,41.9355,r1_measured_01409,read,measured,,,,,29.1807,,ok,0.3608
15.7114,419,,,0.314,,,,,,32.7529,r1_measured_01410,read,measured,,,,,16.2754,,ok,0.3868
12.0151,418,,,0.3219,,,,,,23.15,r1_measured_01411,read,measured,,,,,10.3654,,ok,0.3785
28.2972,368,,,0.3217,,,,,,34.2676,r1_measured_01412,read,measured,,,,,5.2253,,ok,0.3666
27.0541,509,,,69.8688,,,,,,124.2791,r1_measured_01413,read,measured,,,,,26.9058,,ok,0.38
26.5102,417,,,0.4229,,,,,,34.6671,r1_measured_01414,read,measured,,,,,7.3213,,ok,0.3553
9.6987,508,,,0.9849,,,,,,21.3074,r1_measured_01415,read,measured,,,,,10.1511,,ok,0.3948
9.9924,689,,,1.8565,,,,,,18.0998,r1_measured_01416,read,measured,,,,,5.7415,,ok,0.4284
6.7419,674,,,1.1305,,,,,,99.8655,r1_measured_01417,read,measured,,,,,91.4857,,ok,0.4275
4.0255,417,,,0.3246,,,,,,8.7486,r1_measured_01418,read,measured,,,,,3.9704,,ok,0.3652
16.5527,663,,,1.372,,,,,,96.5516,r1_measured_01419,read,measured,,,,,78.2357,,ok,0.3249
87.7498,627,,,1.1106,,,,,,95.5987,r1_measured_01420,read,measured,,,,,6.3551,,ok,0.3172
84.7636,671,,,0.7367,,,,,,92.8847,r1_measured_01421,read,measured,,,,,6.9729,,ok,0.3466
84.0262,417,,,0.2673,,,,,,86.0843,r1_measured_01422,read,measured,,,,,1.4024,,ok,0.3344
13.2642,629,,,0.8096,,,,,,21.0089,r1_measured_01423,read,measured,,,,,6.5384,,ok,0.3308
9.6162,627,,,1.2396,,,,,,13.6331,r1_measured_01424,read,measured,,,,,2.353,,ok,0.3606
7.0304,687,,,1.2363,,,,,,13.5421,r1_measured_01425,read,measured,,,,,4.8776,,ok,0.3308
4.4796,566,,,0.8713,,,,,,9.1254,r1_measured_01426,read,measured,,,,,3.3518,,ok,0.3486
11.7586,508,,,1.1284,,,,,,15.4645,r1_measured_01427,read,measured,,,,,2.1805,,ok,0.3414
11.3567,680,,,0.7628,,,,,,13.9537,r1_measured_01428,read,measured,,,,,1.4273,,ok,0.3394
10.327,509,,,2.0983,,,,,,23.4738,r1_measured_01429,read,measured,,,,,10.5098,,ok,0.474
8.9193,628,,,0.7326,,,,,,12.803,r1_measured_01430,read,measured,,,,,2.7578,,ok,0.3311
7.3032,417,,,0.2465,,,,,,9.4063,r1_measured_01431,read,measured,,,,,1.484,,ok,0.3193
289.9301,681,10.1032,6.5843,3.5209,199.6287,0,6.5826,1,15.8188,306.4621,r1_measured_01432,update,measured,9.2345,16.532,1,27.3698,12.5733,37.0096,ok,0.365
6.5653,678,,,1.0485,,,,,,12.6066,r1_measured_01433,read,measured,,,,,4.5737,,ok,0.355
7.6623,680,,,0.6867,,,,,,14.0688,r1_measured_01434,read,measured,,,,,5.1565,,ok,0.4863
5.2086,567,,,0.7836,,,,,,14.5442,r1_measured_01435,read,measured,,,,,7.1551,,ok,1.3084
4.3922,509,,,0.697,,,,,,15.3457,r1_measured_01436,read,measured,,,,,9.6483,,ok,0.5261
22.8536,369,,,0.2965,,,,,,43.9076,r1_measured_01437,read,measured,,,,,20.2975,,ok,0.3947
23.1039,509,,,2.0462,,,,,,58.5885,r1_measured_01438,read,measured,,,,,33.032,,ok,0.3445
19.3765,629,,,1.2508,,,,,,58.5632,r1_measured_01439,read,measured,,,,,37.5064,,ok,0.3561
15.5565,418,,,0.3241,,,,,,18.0992,r1_measured_01440,read,measured,,,,,1.6787,,ok,0.4776
13.5439,689,,,3.1905,,,,,,50.8953,r1_measured_01441,read,measured,,,,,33.6626,,ok,0.4143
22.6904,366,,,0.2706,,,,,,25.5321,r1_measured_01442,read,measured,,,,,2.0703,,ok,0.4324
30.9528,686,,,1.2381,,,,,,41.1095,r1_measured_01443,read,measured,,,,,8.5021,,ok,0.3475
12.7815,680,,,0.62,,,,,,28.1965,r1_measured_01444,read,measured,,,,,14.3574,,ok,0.3688
10.0279,663,,,1.0849,,,,,,19.6,r1_measured_01445,read,measured,,,,,8.063,,ok,0.3531
10.0407,671,,,1.0018,,,,,,20.3212,r1_measured_01446,read,measured,,,,,8.828,,ok,0.3762
8.5022,568,,,1.4002,,,,,,19.4831,r1_measured_01447,read,measured,,,,,9.1414,,ok,0.3741
6.7457,369,,,0.2538,,,,,,9.5771,r1_measured_01448,read,measured,,,,,2.1172,,ok,0.397
6.6244,675,,,1.6311,,,,,,13.2076,r1_measured_01449,read,measured,,,,,4.5002,,ok,0.3697
10.9904,629,,,1.108,,,,,,17.9913,r1_measured_01450,read,measured,,,,,5.427,,ok,0.3969
9.6172,680,,,0.744,,,,,,26.1659,r1_measured_01451,read,measured,,,,,15.3044,,ok,0.4251
11.3341,417,,,0.3043,,,,,,13.7454,r1_measured_01452,read,measured,,,,,1.673,,ok,0.3747
205.637,688,11.0714,7.5357,0.8073,133.7327,0,7.534,1,23.8259,211.1628,r1_measured_01453,update,measured,16.2902,5.5258,1,0.0185,4.065,36.9885,ok,0.5806
6.3384,674,,,1.4585,,,,,,19.8121,r1_measured_01454,read,measured,,,,,11.5168,,ok,0.4165
7.4268,661,,,1.9252,,,,,,46.5128,r1_measured_01455,read,measured,,,,,36.7173,,ok,0.3674
8.0306,678,,,1.701,,,,,,16.6256,r1_measured_01456,read,measured,,,,,6.3981,,ok,0.4174
6.8807,629,,,6.5119,,,,,,35.6394,r1_measured_01457,read,measured,,,,,21.7857,,ok,0.3881
4.8269,680,,,0.5655,,,,,,39.6544,r1_measured_01458,read,measured,,,,,33.8244,,ok,0.366
26.9174,568,,,1.7403,,,,,,37.5719,r1_measured_01459,read,measured,,,,,8.4904,,ok,0.3616
33.6095,675,,,0.8767,,,,,,39.0929,r1_measured_01460,read,measured,,,,,4.1921,,ok,0.3477
30.5003,369,,,0.2912,,,,,,32.4277,r1_measured_01461,read,measured,,,,,1.2337,,ok,0.3475
8.1668,662,,,1.6066,,,,,,17.9701,r1_measured_01462,read,measured,,,,,7.7785,,ok,0.3537
6.6407,417,,,0.2796,,,,,,8.2452,r1_measured_01463,read,measured,,,,,0.934,,ok,0.3384
11.8627,663,,,1.386,,,,,,19.8075,r1_measured_01464,read,measured,,,,,6.0974,,ok,0.362
8.6017,628,,,0.9043,,,,,,13.6744,r1_measured_01465,read,measured,,,,,3.6826,,ok,0.4106
7.9412,689,,,0.6268,,,,,,10.1847,r1_measured_01466,read,measured,,,,,1.1879,,ok,0.3624
8.5833,663,,,1.4257,,,,,,17.5001,r1_measured_01467,read,measured,,,,,7.0664,,ok,0.3458
10.8626,678,,,2.0319,,,,,,18.7071,r1_measured_01468,read,measured,,,,,5.4133,,ok,0.3341
8.8409,688,,,1.0612,,,,,,12.2466,r1_measured_01469,read,measured,,,,,1.9122,,ok,0.3609
12.1302,679,,,1.8044,,,,,,21.542,r1_measured_01470,read,measured,,,,,7.1798,,ok,0.3629
10.8839,663,,,1.1313,,,,,,14.9717,r1_measured_01471,read,measured,,,,,2.5241,,ok,0.3705
8.5654,679,,,0.58,,,,,,21.0186,r1_measured_01472,read,measured,,,,,11.4589,,ok,0.3504
6.0199,509,,,0.9467,,,,,,19.7041,r1_measured_01473,read,measured,,,,,12.3236,,ok,0.3523
10.5441,679,,,1.3125,,,,,,21.9612,r1_measured_01474,read,measured,,,,,9.19,,ok,0.8425
4.4454,418,,,0.2641,,,,,,7.2959,r1_measured_01475,read,measured,,,,,2.1756,,ok,0.3526
5.0178,418,,,0.3376,,,,,,6.777,r1_measured_01476,read,measured,,,,,1.0088,,ok,0.3559
6.4044,679,,,1.338,,,,,,26.9536,r1_measured_01477,read,measured,,,,,18.7154,,ok,0.4257
7.4511,680,,,1.065,,,,,,20.2416,r1_measured_01478,read,measured,,,,,11.3046,,ok,0.356
9.618,680,,,0.6388,,,,,,15.6603,r1_measured_01479,read,measured,,,,,4.9272,,ok,0.3954
8.0582,369,,,0.2678,,,,,,10.876,r1_measured_01480,read,measured,,,,,2.1565,,ok,0.3372
4.6685,369,,,0.2763,,,,,,7.0263,r1_measured_01481,read,measured,,,,,1.6641,,ok,0.3625
5.9827,688,,,0.6418,,,,,,12.9884,r1_measured_01482,read,measured,,,,,5.9346,,ok,0.3604
6.1274,418,,,0.267,,,,,,12.4912,r1_measured_01483,read,measured,,,,,5.6922,,ok,0.3534
6.3433,627,,,0.6737,,,,,,15.4666,r1_measured_01484,read,measured,,,,,7.9966,,ok,0.3847
8.7802,629,,,0.7438,,,,,,14.924,r1_measured_01485,read,measured,,,,,4.9358,,ok,0.3965
7.057,509,,,1.4732,,,,,,20.1051,r1_measured_01486,read,measured,,,,,11.1032,,ok,0.4116
5.4725,675,,,0.8667,,,,,,15.9141,r1_measured_01487,read,measured,,,,,9.0356,,ok,0.4546
6.3952,629,,,0.8305,,,,,,11.2388,r1_measured_01488,read,measured,,,,,3.5375,,ok,0.4045
8.0103,509,,,0.9432,,,,,,16.9605,r1_measured_01489,read,measured,,,,,7.5499,,ok,0.3948
86.1598,369,12.0091,6.3604,2.2487,8.26,1,6.3587,1,18.9402,96.8289,r1_measured_01490,update,measured,12.5798,10.6691,1,18.2127,7.9693,28.7378,ok,0.396
85.2856,672,9.6586,2.9169,1.1707,11.0488,1,2.9147,1,15.0231,98.2506,r1_measured_01491,update,measured,12.1062,12.965,1,5.354,11.3119,44.2011,ok,0.409
6.8988,508,,,1.9901,,,,,,15.9649,r1_measured_01492,read,measured,,,,,6.6251,,ok,0.387
6.4391,680,,,0.7616,,,,,,9.8497,r1_measured_01493,read,measured,,,,,2.1821,,ok,0.3923
5.8174,627,,,6.0789,,,,,,45.7572,r1_measured_01494,read,measured,,,,,33.3508,,ok,0.425
6.9416,368,,,0.2765,,,,,,8.3868,r1_measured_01495,read,measured,,,,,0.7491,,ok,0.3635
37.5311,689,,,1.6289,,,,,,44.5625,r1_measured_01496,read,measured,,,,,4.9736,,ok,0.3582
42.5068,629,,,0.6338,,,,,,45.3117,r1_measured_01497,read,measured,,,,,1.7572,,ok,0.3472
40.9995,687,,,0.5136,,,,,,48.4576,r1_measured_01498,read,measured,,,,,6.5357,,ok,0.3455
8.1733,677,,,0.5124,,,,,,13.3004,r1_measured_01499,read,measured,,,,,4.1871,,ok,0.3621
14.2195,680,,,0.6995,,,,,,21.1072,r1_measured_01500,read,measured,,,,,5.7022,,ok,0.4116
15.3135,688,,,0.9288,,,,,,29.2902,r1_measured_01501,read,measured,,,,,12.584,,ok,0.3902
13.1014,568,,,1.6005,,,,,,23.6119,r1_measured_01502,read,measured,,,,,8.4796,,ok,0.3669
10.8333,686,,,0.6003,,,,,,18.6573,r1_measured_01503,read,measured,,,,,6.7728,,ok,0.3826
8.9192,508,,,0.7543,,,,,,15.5574,r1_measured_01504,read,measured,,,,,5.4653,,ok,0.3581
12.6898,688,,,1.4453,,,,,,17.582,r1_measured_01505,read,measured,,,,,2.9217,,ok,0.4532
10.3097,417,,,0.3133,,,,,,12.32,r1_measured_01506,read,measured,,,,,1.223,,ok,0.4089
155.118,662,10.4481,9.6228,0.668,75.3258,0,9.621,1,24.0995,180.2613,r1_measured_01507,update,measured,14.4767,25.1433,1,3.0657,24.0157,42.1789,ok,0.3892
11.5781,368,,,0.2365,,,,,,16.9186,r1_measured_01508,read,measured,,,,,4.6775,,ok,0.3682
16.1733,680,,,4.8893,,,,,,56.2883,r1_measured_01509,read,measured,,,,,34.711,,ok,0.4305
13.6316,663,,,12.5422,,,,,,34.2436,r1_measured_01510,read,measured,,,,,7.4284,,ok,0.5682
7.3793,369,,,0.2478,,,,,,9.3936,r1_measured_01511,read,measured,,,,,1.3518,,ok,0.3617
6.623,418,,,1.7489,,,,,,13.3924,r1_measured_01512,read,measured,,,,,4.5814,,ok,0.3773
10.6093,680,,,2.1601,,,,,,51.0736,r1_measured_01513,read,measured,,,,,37.7713,,ok,0.4385
9.6492,509,,,1.4792,,,,,,38.9294,r1_measured_01514,read,measured,,,,,27.1469,,ok,0.5669
8.4446,509,,,1.2765,,,,,,39.7897,r1_measured_01515,read,measured,,,,,29.5784,,ok,0.4203
5.0262,509,,,1.7006,,,,,,47.4777,r1_measured_01516,read,measured,,,,,40.2744,,ok,0.3965
24.1203,685,,,0.905,,,,,,48.5817,r1_measured_01517,read,measured,,,,,23.0861,,ok,0.3917
14.0424,687,,,1.0247,,,,,,27.0849,r1_measured_01518,read,measured,,,,,11.5083,,ok,0.4073
10.4051,568,,,0.6886,,,,,,21.5027,r1_measured_01519,read,measured,,,,,9.9455,,ok,0.39
15.4334,678,,,1.1698,,,,,,28.2342,r1_measured_01520,read,measured,,,,,11.0464,,ok,0.5137
11.7719,687,,,1.9528,,,,,,17.4537,r1_measured_01521,read,measured,,,,,3.2552,,ok,0.3963
9.8886,687,,,0.748,,,,,,17.8046,r1_measured_01522,read,measured,,,,,6.7118,,ok,0.3811
10.4042,661,,,1.4731,,,,,,18.8823,r1_measured_01523,read,measured,,,,,6.5565,,ok,0.3747
11.1564,368,,,0.2673,,,,,,14.275,r1_measured_01524,read,measured,,,,,2.45,,ok,0.3501
10.7709,678,,,2.1541,,,,,,22.602,r1_measured_01525,read,measured,,,,,9.2135,,ok,0.3824
11.9998,662,,,1.3761,,,,,,16.4657,r1_measured_01526,read,measured,,,,,2.4384,,ok,0.5759
9.2556,627,,,0.7999,,,,,,19.7906,r1_measured_01527,read,measured,,,,,9.2789,,ok,0.3848
74.2814,568,9.7208,7.981,0.9807,9.4399,1,7.9785,1,21.1465,91.5202,r1_measured_01528,update,measured,13.1655,17.2388,1,5.2729,15.5624,28.7013,ok,0.6063
6.0988,627,,,1.4657,,,,,,11.6139,r1_measured_01529,read,measured,,,,,3.5961,,ok,0.3758
10.6628,509,,,1.4286,,,,,,21.3179,r1_measured_01530,read,measured,,,,,8.7937,,ok,0.3613
10.0193,509,,,2.2413,,,,,,19.2499,r1_measured_01531,read,measured,,,,,6.5416,,ok,0.3863
8.5487,662,,,0.7161,,,,,,45.5366,r1_measured_01532,read,measured,,,,,35.8447,,ok,0.3537
8.1847,509,,,0.5281,,,,,,42.0815,r1_measured_01533,read,measured,,,,,32.9542,,ok,0.3534
7.6427,416,,,0.2659,,,,,,9.8973,r1_measured_01534,read,measured,,,,,1.5876,,ok,0.3464
7.0478,508,,,1.6021,,,,,,40.1855,r1_measured_01535,read,measured,,,,,31.1252,,ok,0.3527
26.9487,680,,,1.2183,,,,,,37.7505,r1_measured_01536,read,measured,,,,,9.1599,,ok,0.3517
26.3125,675,,,1.5981,,,,,,34.5811,r1_measured_01537,read,measured,,,,,6.2563,,ok,0.3401
25.5041,680,,,1.5953,,,,,,34.6044,r1_measured_01538,read,measured,,,,,7.1122,,ok,0.3262
19.2495,677,,,2.5871,,,,,,33.2809,r1_measured_01539,read,measured,,,,,10.7741,,ok,0.5829
18.1195,676,,,0.896,,,,,,24.0841,r1_measured_01540,read,measured,,,,,4.6417,,ok,0.3623
16.4418,629,,,0.6778,,,,,,19.7768,r1_measured_01541,read,measured,,,,,2.2261,,ok,0.3628
16.1522,678,,,2.0176,,,,,,27.2432,r1_measured_01542,read,measured,,,,,8.6313,,ok,0.3737
9.1106,417,,,0.2749,,,,,,10.4715,r1_measured_01543,read,measured,,,,,0.697,,ok,0.3342
12.3532,629,,,0.754,,,,,,21.2322,r1_measured_01544,read,measured,,,,,7.7235,,ok,0.3326
8.7853,663,,,2.1122,,,,,,26.1747,r1_measured_01545,read,measured,,,,,14.7713,,ok,0.4291
305.1683,679,15.3663,4.9603,1.0942,144.9717,1,4.9586,1,104.5795,325.3492,r1_measured_01546,update,measured,99.6192,20.1809,1,3.4487,18.6406,36.8021,ok,0.375
7.454,509,,,0.5543,,,,,,20.5029,r1_measured_01547,read,measured,,,,,12.0201,,ok,0.3973
6.3183,366,,,0.2735,,,,,,10.6404,r1_measured_01548,read,measured,,,,,3.5697,,ok,0.397
11.0593,417,,,0.29,,,,,,16.12,r1_measured_01549,read,measured,,,,,4.3234,,ok,0.3901
7.9174,627,,,77.5636,,,,,,93.6322,r1_measured_01550,read,measured,,,,,7.5626,,ok,0.4936
91.0239,627,,,0.6624,,,,,,126.5361,r1_measured_01551,read,measured,,,,,34.4186,,ok,0.3604
90.7312,680,,,2.1768,,,,,,121.6156,r1_measured_01552,read,measured,,,,,28.2548,,ok,0.3789
84.8873,508,,,0.9902,,,,,,88.0723,r1_measured_01553,read,measured,,,,,1.7615,,ok,0.3636
115.4446,685,,,1.5995,,,,,,120.8086,r1_measured_01554,read,measured,,,,,3.3108,,ok,0.3763
114.6407,509,,,1.6063,,,,,,122.971,r1_measured_01555,read,measured,,,,,6.2886,,ok,0.3706
112.4086,662,,,1.1436,,,,,,120.8662,r1_measured_01556,read,measured,,,,,6.8539,,ok,0.3858
202.8968,689,16.3595,19.9956,1.49,98.1663,0,19.9937,1,48.8425,209.1342,r1_measured_01557,update,measured,28.8469,6.2374,1,0.0056,4.279,39.5229,ok,0.3977
30.4704,418,,,0.2961,,,,,,34.5644,r1_measured_01558,read,measured,,,,,3.386,,ok,0.3585
13.0311,509,,,1.9553,,,,,,42.3926,r1_measured_01559,read,measured,,,,,26.9735,,ok,0.3691
9.2974,680,,,0.5781,,,,,,48.1439,r1_measured_01560,read,measured,,,,,37.8434,,ok,0.3502
5.8017,509,,,0.9665,,,,,,36.151,r1_measured_01561,read,measured,,,,,28.8482,,ok,0.4569
6.4143,507,,,3.0343,,,,,,39.2418,r1_measured_01562,read,measured,,,,,29.3327,,ok,0.3863
6.691,689,,,0.6933,,,,,,40.7615,r1_measured_01563,read,measured,,,,,32.9246,,ok,0.3768
4.3448,418,,,0.3019,,,,,,13.3682,r1_measured_01564,read,measured,,,,,8.2932,,ok,0.3708
23.4575,679,,,1.5713,,,,,,31.0522,r1_measured_01565,read,measured,,,,,5.5645,,ok,0.3808
13.0171,418,,,0.2831,,,,,,15.5202,r1_measured_01566,read,measured,,,,,1.8079,,ok,0.3566
12.3964,628,,,1.4283,,,,,,23.7563,r1_measured_01567,read,measured,,,,,9.4747,,ok,0.3837
9.3064,629,,,0.6434,,,,,,15.6069,r1_measured_01568,read,measured,,,,,5.2089,,ok,0.3832
9.4774,680,,,1.4977,,,,,,17.7149,r1_measured_01569,read,measured,,,,,6.2765,,ok,0.3897
6.8088,566,,,0.8524,,,,,,22.2283,r1_measured_01570,read,measured,,,,,14.1294,,ok,0.3718
5.2069,418,,,0.3993,,,,,,8.3294,r1_measured_01571,read,measured,,,,,2.258,,ok,0.3993
7.8042,675,,,0.7476,,,,,,15.0566,r1_measured_01572,read,measured,,,,,6.0359,,ok,0.3835
8.826,568,,,1.2645,,,,,,13.7649,r1_measured_01573,read,measured,,,,,3.2295,,ok,0.3736
6.6296,674,,,0.536,,,,,,17.6415,r1_measured_01574,read,measured,,,,,10.0393,,ok,0.3645
9.7223,567,,,0.6768,,,,,,12.3054,r1_measured_01575,read,measured,,,,,1.4613,,ok,0.3816
8.4151,679,,,0.8331,,,,,,16.3225,r1_measured_01576,read,measured,,,,,6.6126,,ok,0.3896
96.6661,677,14.3905,5.9139,1.0431,19.4323,1,5.9123,1,27.1823,107.6613,r1_measured_01577,update,measured,21.2684,10.9952,1,0.0062,9.4999,35.6548,ok,0.3806
8.8323,678,,,1.3524,,,,,,14.21,r1_measured_01578,read,measured,,,,,3.5661,,ok,0.3832
7.1756,629,,,1.2241,,,,,,12.3942,r1_measured_01579,read,measured,,,,,3.5399,,ok,0.3857
10.7352,417,,,0.2906,,,,,,12.8805,r1_measured_01580,read,measured,,,,,1.4187,,ok,0.38
9.7729,680,,,7.0728,,,,,,43.0196,r1_measured_01581,read,measured,,,,,25.6353,,ok,0.456
5.9347,418,,,0.492,,,,,,10.4546,r1_measured_01582,read,measured,,,,,3.0574,,ok,0.905
8.2875,417,,,0.3217,,,,,,10.7233,r1_measured_01583,read,measured,,,,,1.6181,,ok,0.4298
7.8595,681,,,0.654,,,,,,42.7123,r1_measured_01584,read,measured,,,,,33.7505,,ok,0.3731
6.6526,567,,,0.7054,,,,,,41.4366,r1_measured_01585,read,measured,,,,,33.6372,,ok,0.3713
29.6261,628,,,2.1203,,,,,,39.872,r1_measured_01586,read,measured,,,,,7.654,,ok,0.3977
26.2717,662,,,0.9247,,,,,,30.9674,r1_measured_01587,read,measured,,,,,3.2802,,ok,0.4132
13.3869,681,,,1.4638,,,,,,22.2147,r1_measured_01588,read,measured,,,,,6.9278,,ok,0.3672
8.2875,629,,,2.6396,,,,,,18.7178,r1_measured_01589,read,measured,,,,,7.2982,,ok,0.4248
6.0643,689,,,2.1649,,,,,,17.6743,r1_measured_01590,read,measured,,,,,9.0079,,ok,0.3625
6.6165,679,,,2.216,,,,,,13.6835,r1_measured_01591,read,measured,,,,,4.4186,,ok,0.3647
5.1165,680,,,0.6523,,,,,,8.3737,r1_measured_01592,read,measured,,,,,2.1005,,ok,0.4294
13.3521,567,,,1.8894,,,,,,16.7214,r1_measured_01593,read,measured,,,,,1.0001,,ok,0.4089
15.1217,680,,,0.9999,,,,,,25.5021,r1_measured_01594,read,measured,,,,,8.9169,,ok,0.3915
12.9642,679,,,1.4797,,,,,,17.844,r1_measured_01595,read,measured,,,,,2.9229,,ok,0.3987
12.6725,628,,,0.9483,,,,,,15.8942,r1_measured_01596,read,measured,,,,,1.8027,,ok,0.3963
10.8914,629,,,0.604,,,,,,24.3778,r1_measured_01597,read,measured,,,,,12.4415,,ok,0.369
9.6063,680,,,0.7319,,,,,,31.9405,r1_measured_01598,read,measured,,,,,21.1398,,ok,0.381
12.8467,679,,,0.8623,,,,,,20.8384,r1_measured_01599,read,measured,,,,,6.6831,,ok,0.3793
12.2211,627,,,3.0742,,,,,,20.6596,r1_measured_01600,read,measured,,,,,4.9194,,ok,0.376
7.2848,677,,,4.5388,,,,,,15.3648,r1_measured_01601,read,measured,,,,,3.0363,,ok,0.4274
147.2809,628,15.7402,7.3423,0.5543,59.0367,1,7.3404,1,27.989,153.5025,r1_measured_01602,update,measured,20.6467,6.2216,1,6.5294,5.2285,37.9856,ok,0.3681
7.0345,677,,,1.034,,,,,,17.4282,r1_measured_01603,read,measured,,,,,8.8985,,ok,0.3898
9.2597,628,,,1.3474,,,,,,14.858,r1_measured_01604,read,measured,,,,,3.8296,,ok,0.3558
11.9083,568,,,0.836,,,,,,15.7742,r1_measured_01605,read,measured,,,,,2.566,,ok,0.3927
11.4798,674,,,3.1525,,,,,,21.1812,r1_measured_01606,read,measured,,,,,6.0215,,ok,0.4508
11.0005,568,,,0.9056,,,,,,17.2404,r1_measured_01607,read,measured,,,,,4.9087,,ok,0.3651
8.4901,509,,,1.9364,,,,,,13.1614,r1_measured_01608,read,measured,,,,,2.2953,,ok,0.3736
16.0632,662,,,1.9449,,,,,,40.2075,r1_measured_01609,read,measured,,,,,21.6576,,ok,0.4572
13.337,663,,,1.4756,,,,,,49.8179,r1_measured_01610,read,measured,,,,,34.526,,ok,0.4028
12.1243,509,,,1.0667,,,,,,47.9458,r1_measured_01611,read,measured,,,,,34.3034,,ok,0.3847
28.8832,417,,,0.3368,,,,,,35.0285,r1_measured_01612,read,measured,,,,,5.2071,,ok,0.4844
27.7741,627,,,0.8553,,,,,,38.1755,r1_measured_01613,read,measured,,,,,8.9654,,ok,0.4785
33.8003,568,,,0.7942,,,,,,49.8406,r1_measured_01614,read,measured,,,,,14.8111,,ok,0.3706
31.1869,629,,,0.5766,,,,,,40.9299,r1_measured_01615,read,measured,,,,,8.7012,,ok,0.396
13.494,674,,,1.3969,,,,,,23.0599,r1_measured_01616,read,measured,,,,,7.7242,,ok,0.374
10.3767,681,,,0.6669,,,,,,22.0973,r1_measured_01617,read,measured,,,,,10.5943,,ok,0.385
9.2084,673,,,0.5447,,,,,,19.2284,r1_measured_01618,read,measured,,,,,9.0472,,ok,0.3578
8.9382,680,,,2.4312,,,,,,23.0661,r1_measured_01619,read,measured,,,,,11.2531,,ok,0.3641
7.5467,680,,,2.1194,,,,,,21.1857,r1_measured_01620,read,measured,,,,,11.0773,,ok,0.363
7.9069,680,,,1.6704,,,,,,16.3023,r1_measured_01621,read,measured,,,,,6.2424,,ok,0.4084
7.1765,564,,,1.3742,,,,,,18.1647,r1_measured_01622,read,measured,,,,,9.1873,,ok,0.3652
5.8127,508,,,2.0676,,,,,,21.5829,r1_measured_01623,read,measured,,,,,13.2757,,ok,0.3689
9.6299,417,,,0.2833,,,,,,11.3801,r1_measured_01624,read,measured,,,,,1.0392,,ok,0.3724
8.3208,681,,,0.8731,,,,,,20.6113,r1_measured_01625,read,measured,,,,,10.9712,,ok,0.3761
12.5157,689,,,1.5582,,,,,,20.489,r1_measured_01626,read,measured,,,,,5.9938,,ok,0.3554
11.9495,674,,,2.4365,,,,,,17.1009,r1_measured_01627,read,measured,,,,,2.2776,,ok,0.3737
5.0146,418,,,0.2894,,,,,,7.4283,r1_measured_01628,read,measured,,,,,1.7231,,ok,0.3486
8.1105,663,,,2.2591,,,,,,14.3151,r1_measured_01629,read,measured,,,,,3.5073,,ok,0.3683
11.6315,678,,,0.5499,,,,,,16.2814,r1_measured_01630,read,measured,,,,,3.6566,,ok,0.3648
12.3289,628,,,0.5695,,,,,,16.451,r1_measured_01631,read,measured,,,,,3.1213,,ok,0.3653
9.6658,629,,,0.6407,,,,,,18.7933,r1_measured_01632,read,measured,,,,,8.0104,,ok,0.4067
12.8989,679,,,1.0399,,,,,,20.6689,r1_measured_01633,read,measured,,,,,6.2399,,ok,0.3826
9.4085,673,,,1.7833,,,,,,16.0437,r1_measured_01634,read,measured,,,,,4.2998,,ok,0.4754
13.6104,681,,,1.4194,,,,,,18.413,r1_measured_01635,read,measured,,,,,2.8192,,ok,0.4752
6.5824,369,,,0.2534,,,,,,8.148,r1_measured_01636,read,measured,,,,,0.879,,ok,0.3741
21.4798,627,,,2.0102,,,,,,30.2197,r1_measured_01637,read,measured,,,,,6.3071,,ok,0.3571
20.2049,680,,,0.5775,,,,,,35.0636,r1_measured_01638,read,measured,,,,,13.8368,,ok,0.3686
17.5268,680,,,1.7008,,,,,,24.8473,r1_measured_01639,read,measured,,,,,5.1601,,ok,0.3879
9.7746,509,,,3.2031,,,,,,14.2712,r1_measured_01640,read,measured,,,,,0.7779,,ok,0.4515
12.3477,681,,,0.6573,,,,,,24.9132,r1_measured_01641,read,measured,,,,,11.4808,,ok,0.3586
9.9917,679,,,2.4829,,,,,,18.6223,r1_measured_01642,read,measured,,,,,5.7065,,ok,0.3628
9.1951,629,,,0.5604,,,,,,12.2669,r1_measured_01643,read,measured,,,,,2.0493,,ok,0.3877
11.4808,677,,,1.8363,,,,,,24.0413,r1_measured_01644,read,measured,,,,,10.1973,,ok,0.4234
15.0286,509,,,1.4086,,,,,,33.4566,r1_measured_01645,read,measured,,,,,16.4898,,ok,0.4614
12.2612,663,,,1.5178,,,,,,26.9079,r1_measured_01646,read,measured,,,,,12.6272,,ok,0.4274
10.2338,628,,,0.6007,,,,,,17.4638,r1_measured_01647,read,measured,,,,,6.1729,,ok,0.3859
10.0881,680,,,1.9045,,,,,,23.9997,r1_measured_01648,read,measured,,,,,11.4977,,ok,0.4244
10.699,417,,,0.2857,,,,,,13.9737,r1_measured_01649,read,measured,,,,,2.5683,,ok,0.3636
14.0498,674,,,0.9022,,,,,,21.7113,r1_measured_01650,read,measured,,,,,6.2819,,ok,0.403
12.4168,508,,,0.8901,,,,,,15.0594,r1_measured_01651,read,measured,,,,,1.2593,,ok,0.4288
15.5205,509,,,2.4089,,,,,,22.0447,r1_measured_01652,read,measured,,,,,3.6695,,ok,0.3743
13.4692,627,,,2.0171,,,,,,18.8725,r1_measured_01653,read,measured,,,,,2.9057,,ok,0.4088
12.6031,629,,,1.6689,,,,,,16.816,r1_measured_01654,read,measured,,,,,2.069,,ok,0.4009
16.2968,689,,,3.1791,,,,,,30.0872,r1_measured_01655,read,measured,,,,,10.0664,,ok,0.4655
14.4551,688,,,3.8491,,,,,,27.5349,r1_measured_01656,read,measured,,,,,8.764,,ok,0.3893
14.4909,678,,,1.3738,,,,,,18.9553,r1_measured_01657,read,measured,,,,,1.7724,,ok,1.0858
11.8896,689,,,1.3714,,,,,,21.1296,r1_measured_01658,read,measured,,,,,7.3657,,ok,0.4074
11.1634,680,,,2.8117,,,,,,17.1909,r1_measured_01659,read,measured,,,,,2.6532,,ok,0.467
18.2837,568,,,1.9255,,,,,,23.2522,r1_measured_01660,read,measured,,,,,2.5654,,ok,0.4131
17.694,681,,,0.941,,,,,,20.9241,r1_measured_01661,read,measured,,,,,1.8134,,ok,0.3941
17.1615,689,,,1.4037,,,,,,22.5318,r1_measured_01662,read,measured,,,,,3.5209,,ok,0.3757
17.4861,673,,,0.6947,,,,,,25.8339,r1_measured_01663,read,measured,,,,,7.2068,,ok,0.3736
15.6636,677,,,1.0023,,,,,,32.167,r1_measured_01664,read,measured,,,,,14.816,,ok,0.6016
13.5083,418,,,0.2791,,,,,,17.9612,r1_measured_01665,read,measured,,,,,3.7522,,ok,0.3656
9.2387,417,,,0.2854,,,,,,12.064,r1_measured_01666,read,measured,,,,,2.1099,,ok,0.3756
8.7432,662,,,1.2247,,,,,,33.6629,r1_measured_01667,read,measured,,,,,22.7109,,ok,0.8921
8.6779,680,,,2.7297,,,,,,23.2933,r1_measured_01668,read,measured,,,,,11.4285,,ok,0.3801
10.1961,663,,,0.5524,,,,,,13.9402,r1_measured_01669,read,measured,,,,,2.7427,,ok,0.3817
8.8857,689,,,0.5659,,,,,,16.5393,r1_measured_01670,read,measured,,,,,6.6192,,ok,0.3941
9.6299,688,,,4.4061,,,,,,19.6221,r1_measured_01671,read,measured,,,,,5.0313,,ok,0.4745
6.7269,624,,,3.0319,,,,,,15.9964,r1_measured_01672,read,measured,,,,,5.7275,,ok,0.4373
13.5221,662,,,0.9851,,,,,,18.3507,r1_measured_01673,read,measured,,,,,3.4062,,ok,0.3693
9.5172,508,,,58.1886,,,,,,77.467,r1_measured_01674,read,measured,,,,,9.2423,,ok,0.4256
75.1913,628,,,2.1619,,,,,,82.6707,r1_measured_01675,read,measured,,,,,4.9287,,ok,0.3269
73.2838,680,,,0.8509,,,,,,76.4953,r1_measured_01676,read,measured,,,,,1.9924,,ok,0.3084
8.819,417,,,0.3831,,,,,,10.3551,r1_measured_01677,read,measured,,,,,0.7201,,ok,0.3694
68.8416,689,,,1.8771,,,,,,76.9726,r1_measured_01678,read,measured,,,,,5.7922,,ok,0.3958
68.146,673,,,1.1754,,,,,,71.6314,r1_measured_01679,read,measured,,,,,1.9386,,ok,0.3108
71.8781,689,,,1.4629,,,,,,77.955,r1_measured_01680,read,measured,,,,,4.2381,,ok,0.3131
68.7401,674,,,0.982,,,,,,75.0371,r1_measured_01681,read,measured,,,,,4.9373,,ok,0.3183
68.3514,627,,,6.7913,,,,,,82.5446,r1_measured_01682,read,measured,,,,,6.7501,,ok,0.5746
88.9105,565,11.5364,8.0443,2.8201,6.4579,0,8.0429,1,36.7839,133.1614,r1_measured_01683,update,measured,28.7396,44.2509,1,0.006,40.9626,34.1263,ok,0.3961
6.2252,508,,,1.0257,,,,,,12.7104,r1_measured_01684,read,measured,,,,,4.3615,,ok,0.9893
17.8684,662,,,1.8201,,,,,,27.2642,r1_measured_01685,read,measured,,,,,7.0498,,ok,0.4433
15.1703,680,,,1.1332,,,,,,18.9155,r1_measured_01686,read,measured,,,,,2.0103,,ok,0.4965
14.24,679,,,0.7223,,,,,,19.9887,r1_measured_01687,read,measured,,,,,4.4989,,ok,0.4428
258.0906,567,9.1455,12.4542,1.54,126.133,1,12.4528,1,67.8455,266.836,r1_measured_01688,update,measured,55.3913,8.7454,1,8.9735,6.7567,45.9931,ok,0.3832
18.507,565,,,0.8914,,,,,,58.0505,r1_measured_01689,read,measured,,,,,38.0567,,ok,0.3617
15.56,368,,,0.3061,,,,,,18.1366,r1_measured_01690,read,measured,,,,,1.791,,ok,0.417
10.4772,565,,,0.721,,,,,,44.1034,r1_measured_01691,read,measured,,,,,32.4551,,ok,0.3769
36.4321,678,,,0.5969,,,,,,47.8236,r1_measured_01692,read,measured,,,,,10.2463,,ok,0.4684
34.3502,418,,,0.2786,,,,,,38.6291,r1_measured_01693,read,measured,,,,,3.5815,,ok,0.3608
30.8511,509,,,0.4833,,,,,,37.5701,r1_measured_01694,read,measured,,,,,5.7981,,ok,0.3721
29.0896,677,,,1.348,,,,,,38.149,r1_measured_01695,read,measured,,,,,7.279,,ok,0.352
22.092,629,,,4.3345,,,,,,57.3389,r1_measured_01696,read,measured,,,,,30.3855,,ok,0.4451
20.6441,680,,,0.8987,,,,,,63.0415,r1_measured_01697,read,measured,,,,,41.0281,,ok,0.3879
18.0915,679,,,2.5821,,,,,,53.1381,r1_measured_01698,read,measured,,,,,31.8959,,ok,0.4844
15.3293,663,,,0.6486,,,,,,56.1256,r1_measured_01699,read,measured,,,,,39.6485,,ok,0.4141
15.1664,661,,,0.7741,,,,,,53.303,r1_measured_01700,read,measured,,,,,36.7917,,ok,0.4653
8.9761,509,,,2.4655,,,,,,12.6742,r1_measured_01701,read,measured,,,,,0.7994,,ok,0.3614
30.7044,629,,,2.6402,,,,,,47.1575,r1_measured_01702,read,measured,,,,,13.3174,,ok,0.4131
12.1971,680,,,1.6526,,,,,,16.8367,r1_measured_01703,read,measured,,,,,2.5149,,ok,0.3963
10.7832,674,,,1.1013,,,,,,14.6948,r1_measured_01704,read,measured,,,,,2.2519,,ok,0.4742
16.5496,680,,,1.3791,,,,,,22.1874,r1_measured_01705,read,measured,,,,,3.811,,ok,0.3772
14.8251,680,,,1.3453,,,,,,22.5556,r1_measured_01706,read,measured,,,,,5.8544,,ok,0.4589
11.7197,679,,,0.6832,,,,,,14.9996,r1_measured_01707,read,measured,,,,,2.1517,,ok,0.3727
9.6068,508,,,0.9239,,,,,,20.3286,r1_measured_01708,read,measured,,,,,9.3153,,ok,0.4112
7.821,509,,,0.8046,,,,,,13.0211,r1_measured_01709,read,measured,,,,,3.9348,,ok,0.4004
12.8017,674,,,1.7187,,,,,,17.5356,r1_measured_01710,read,measured,,,,,2.5799,,ok,0.3671
12.0095,509,,,0.535,,,,,,24.0546,r1_measured_01711,read,measured,,,,,11.0682,,ok,0.3772
9.182,417,,,0.319,,,,,,11.8916,r1_measured_01712,read,measured,,,,,1.9666,,ok,0.3707
7.7694,417,,,0.4132,,,,,,12.6669,r1_measured_01713,read,measured,,,,,4.0292,,ok,0.3996
12.6957,628,,,0.6481,,,,,,18.5736,r1_measured_01714,read,measured,,,,,4.7743,,ok,0.3876
10.0082,508,,,0.7784,,,,,,21.0912,r1_measured_01715,read,measured,,,,,9.8821,,ok,0.3612
7.855,509,,,1.25,,,,,,20.182,r1_measured_01716,read,measured,,,,,10.656,,ok,0.3586
8.9007,674,,,0.9056,,,,,,19.3344,r1_measured_01717,read,measured,,,,,9.0924,,ok,0.3661
10.9131,679,,,1.2898,,,,,,20.2621,r1_measured_01718,read,measured,,,,,7.6157,,ok,0.3715
127.4371,369,10.0379,4.6297,0.2865,73.2876,1,4.6275,1,22.2582,134.441,r1_measured_01719,update,measured,17.6285,7.0039,1,0.0053,6.2645,21.8481,ok,0.3971
6.2333,687,,,1.7204,,,,,,37.6506,r1_measured_01720,read,measured,,,,,29.251,,ok,0.3667
7.1913,689,,,0.5764,,,,,,13.5552,r1_measured_01721,read,measured,,,,,5.3432,,ok,0.3641
6.2095,509,,,0.4225,,,,,,10.0372,r1_measured_01722,read,measured,,,,,2.9932,,ok,0.3567
5.5617,629,,,5.523,,,,,,24.906,r1_measured_01723,read,measured,,,,,13.2973,,ok,0.4358
21.0346,678,,,0.6561,,,,,,31.3075,r1_measured_01724,read,measured,,,,,9.199,,ok,0.3466
17.9784,568,,,0.5177,,,,,,25.7768,r1_measured_01725,read,measured,,,,,6.821,,ok,0.3815
24.4577,567,,,0.5347,,,,,,31.147,r1_measured_01726,read,measured,,,,,5.7254,,ok,0.365
27.1191,678,,,2.2602,,,,,,36.8846,r1_measured_01727,read,measured,,,,,7.0726,,ok,0.3591
11.0039,688,,,1.2697,,,,,,19.3762,r1_measured_01728,read,measured,,,,,6.6677,,ok,0.3674
7.0596,624,,,1.8246,,,,,,16.6649,r1_measured_01729,read,measured,,,,,7.3639,,ok,0.3519
6.229,366,,,0.2296,,,,,,9.0308,r1_measured_01730,read,measured,,,,,2.1883,,ok,0.3349
7.0357,679,,,0.5886,,,,,,16.492,r1_measured_01731,read,measured,,,,,8.4716,,ok,0.3338
8.2574,417,,,0.257,,,,,,9.8795,r1_measured_01732,read,measured,,,,,0.9781,,ok,0.3393
7.0215,672,,,1.1121,,,,,,15.7941,r1_measured_01733,read,measured,,,,,7.0241,,ok,0.5672
7.9944,679,,,1.5306,,,,,,17.7202,r1_measured_01734,read,measured,,,,,7.7421,,ok,0.3809
7.3534,689,,,1.1323,,,,,,15.8448,r1_measured_01735,read,measured,,,,,6.8926,,ok,0.3922
6.7595,680,,,1.6582,,,,,,10.7721,r1_measured_01736,read,measured,,,,,1.9234,,ok,0.3505
9.3628,679,,,0.5514,,,,,,15.7159,r1_measured_01737,read,measured,,,,,5.3802,,ok,0.3555
8.123,568,,,1.3109,,,,,,19.1136,r1_measured_01738,read,measured,,,,,9.2767,,ok,0.3424
9.8225,680,,,0.7091,,,,,,18.5608,r1_measured_01739,read,measured,,,,,7.085,,ok,0.8564
9.0642,628,,,0.9182,,,,,,11.8285,r1_measured_01740,read,measured,,,,,1.4405,,ok,0.3454
10.9901,661,,,1.7198,,,,,,17.2844,r1_measured_01741,read,measured,,,,,4.0591,,ok,0.4428
9.6988,368,,,0.2397,,,,,,13.5377,r1_measured_01742,read,measured,,,,,3.1886,,ok,0.361
6.8072,674,,,1.0408,,,,,,17.9005,r1_measured_01743,read,measured,,,,,9.589,,ok,0.3948
8.6533,629,,,1.415,,,,,,14.7175,r1_measured_01744,read,measured,,,,,4.2154,,ok,0.3702
7.5026,418,,,0.3054,,,,,,10.3939,r1_measured_01745,read,measured,,,,,2.132,,ok,0.3961
11.154,507,,,0.8977,,,,,,20.588,r1_measured_01746,read,measured,,,,,8.0785,,ok,0.3891
9.4345,628,,,1.3057,,,,,,17.4726,r1_measured_01747,read,measured,,,,,6.2814,,ok,0.384
7.4388,508,,,0.6881,,,,,,10.383,r1_measured_01748,read,measured,,,,,1.7735,,ok,0.4137
5.2762,629,,,1.4225,,,,,,15.9942,r1_measured_01749,read,measured,,,,,8.8472,,ok,0.3805
8.9399,627,,,1.9765,,,,,,20.7888,r1_measured_01750,read,measured,,,,,9.3741,,ok,0.4198
8.3721,509,,,0.8788,,,,,,15.874,r1_measured_01751,read,measured,,,,,6.1424,,ok,0.4164
10.8741,685,,,1.4267,,,,,,23.7926,r1_measured_01752,read,measured,,,,,11.0496,,ok,0.3699
5.0122,687,,,1.0907,,,,,,18.5351,r1_measured_01753,read,measured,,,,,11.9924,,ok,0.3691
8.5197,678,,,0.6395,,,,,,21.5866,r1_measured_01754,read,measured,,,,,11.9607,,ok,0.3818
10.2159,679,,,0.9738,,,,,,22.6436,r1_measured_01755,read,measured,,,,,10.8471,,ok,0.5385
8.0825,369,,,0.2544,,,,,,9.8702,r1_measured_01756,read,measured,,,,,1.1258,,ok,0.357
10.8764,674,,,1.0386,,,,,,24.9082,r1_measured_01757,read,measured,,,,,12.5394,,ok,0.3824
7.2691,680,,,2.3885,,,,,,13.2608,r1_measured_01758,read,measured,,,,,3.1271,,ok,0.4002
10.1691,680,,,1.015,,,,,,16.821,r1_measured_01759,read,measured,,,,,5.0381,,ok,0.5138
12.0153,663,,,1.5603,,,,,,17.7513,r1_measured_01760,read,measured,,,,,3.7284,,ok,0.3754
10.7106,662,,,1.8122,,,,,,19.823,r1_measured_01761,read,measured,,,,,6.8718,,ok,0.3606
15.9755,662,,,0.7294,,,,,,20.9526,r1_measured_01762,read,measured,,,,,3.8115,,ok,0.3726
14.1587,507,,,1.8693,,,,,,24.7507,r1_measured_01763,read,measured,,,,,8.3064,,ok,0.3568
12.6911,369,,,0.2836,,,,,,14.3069,r1_measured_01764,read,measured,,,,,0.9245,,ok,0.3581
11.6483,677,,,0.5465,,,,,,23.5319,r1_measured_01765,read,measured,,,,,10.9116,,ok,0.361
14.0455,673,,,1.6932,,,,,,26.1407,r1_measured_01766,read,measured,,,,,9.9673,,ok,0.3721
12.1088,680,,,1.4476,,,,,,21.1074,r1_measured_01767,read,measured,,,,,7.0962,,ok,0.3432
125.6389,629,11.421,7.2903,1.5527,54.4751,1,7.2883,1,29.732,201.5701,r1_measured_01768,update,measured,22.4417,75.9312,1,0.0055,74.0353,30.0053,ok,0.2811
7.2669,417,,,0.264,,,,,,10.2361,r1_measured_01769,read,measured,,,,,2.2907,,ok,0.3485
8.7561,663,,,0.6079,,,,,,20.2211,r1_measured_01770,read,measured,,,,,10.3346,,ok,0.4412
9.1827,417,,,0.2729,,,,,,10.9313,r1_measured_01771,read,measured,,,,,1.05,,ok,0.3706
9.6643,508,,,0.6896,,,,,,15.0912,r1_measured_01772,read,measured,,,,,4.2719,,ok,0.3965
9.2697,662,,,5.2525,,,,,,35.6954,r1_measured_01773,read,measured,,,,,20.7031,,ok,0.3957
7.5334,508,,,1.1981,,,,,,13.2134,r1_measured_01774,read,measured,,,,,4.0574,,ok,0.3631
30.7958,368,,,0.402,,,,,,35.3423,r1_measured_01775,read,measured,,,,,3.5165,,ok,0.5721
104.9224,678,10.1217,23.4105,1.2852,4.351,1,23.4087,1,48.1464,180.8572,r1_measured_01776,update,measured,24.7359,75.9348,1,6.9401,74.2853,35.3632,ok,0.2948
27.359,674,,,1.0077,,,,,,33.8305,r1_measured_01777,read,measured,,,,,5.0258,,ok,0.3628
33.6898,418,,,0.386,,,,,,36.5306,r1_measured_01778,read,measured,,,,,2.0287,,ok,0.3683
30.7462,677,,,0.8732,,,,,,36.8507,r1_measured_01779,read,measured,,,,,4.8058,,ok,0.3549
30.7001,629,,,0.5413,,,,,,40.7796,r1_measured_01780,read,measured,,,,,9.1012,,ok,0.373
9.0606,509,,,1.4606,,,,,,18.0298,r1_measured_01781,read,measured,,,,,7.0793,,ok,0.3688
9.6666,673,,,1.6413,,,,,,18.5654,r1_measured_01782,read,measured,,,,,6.8188,,ok,0.371
10.3117,689,,,1.196,,,,,,15.513,r1_measured_01783,read,measured,,,,,3.554,,ok,0.3841
20.7843,662,,,0.6478,,,,,,49.0685,r1_measured_01784,read,measured,,,,,27.2065,,ok,0.3443
9.3598,627,,,0.6893,,,,,,41.457,r1_measured_01785,read,measured,,,,,30.987,,ok,0.3517
7.0624,679,,,0.5325,,,,,,36.3862,r1_measured_01786,read,measured,,,,,28.3127,,ok,0.3957
27.7486,628,,,0.473,,,,,,38.1112,r1_measured_01787,read,measured,,,,,9.4336,,ok,0.3802
24.6614,677,,,0.5452,,,,,,37.3788,r1_measured_01788,read,measured,,,,,11.7487,,ok,0.3471
26.11,509,,,1.9524,,,,,,31.9551,r1_measured_01789,read,measured,,,,,3.4438,,ok,0.3784
17.9028,680,,,63.0296,,,,,,93.4948,r1_measured_01790,read,measured,,,,,12.1,,ok,0.3749
17.2936,680,,,1.203,,,,,,93.7919,r1_measured_01791,read,measured,,,,,11.0435,,ok,64.1445
12.6037,680,,,0.7169,,,,,,21.3793,r1_measured_01792,read,measured,,,,,7.6118,,ok,0.3674
13.7196,663,,,2.0678,,,,,,24.5802,r1_measured_01793,read,measured,,,,,8.3613,,ok,0.359
12.0405,679,,,0.8812,,,,,,22.0476,r1_measured_01794,read,measured,,,,,8.1562,,ok,0.9
5.8695,369,,,0.3331,,,,,,7.2109,r1_measured_01795,read,measured,,,,,0.5927,,ok,0.3617
6.6489,567,,,64.2609,,,,,,79.8884,r1_measured_01796,read,measured,,,,,8.6141,,ok,0.289
73.5951,680,,,0.5313,,,,,,75.1174,r1_measured_01797,read,measured,,,,,0.662,,ok,0.2745
83.8006,681,,,2.2047,,,,,,102.166,r1_measured_01798,read,measured,,,,,15.6599,,ok,0.4177
84.1295,689,,,0.7318,,,,,,89.8581,r1_measured_01799,read,measured,,,,,4.482,,ok,0.4298
17.4023,662,,,1.0874,,,,,,39.1016,r1_measured_01800,read,measured,,,,,19.9141,,ok,0.6131
17.4434,508,,,2.7242,,,,,,30.4099,r1_measured_01801,read,measured,,,,,9.731,,ok,0.4294
11.341,417,,,0.4702,,,,,,13.126,r1_measured_01802,read,measured,,,,,0.7702,,ok,0.4668
13.8121,568,,,1.563,,,,,,26.4153,r1_measured_01803,read,measured,,,,,10.2957,,ok,0.6531
14.6106,507,,,0.5306,,,,,,22.5044,r1_measured_01804,read,measured,,,,,6.8683,,ok,0.4173
137.7431,418,8.3212,12.4286,0.3867,67.7614,1,12.4273,1,25.8091,141.767,r1_measured_01805,update,measured,13.3805,4.0239,1,11.7655,3.2144,24.0859,ok,0.3685
7.2563,680,,,3.7334,,,,,,18.431,r1_measured_01806,read,measured,,,,,6.8995,,ok,0.4434
10.088,678,,,1.652,,,,,,18.0474,r1_measured_01807,read,measured,,,,,5.8252,,ok,0.403
10.092,567,,,1.6555,,,,,,13.6959,r1_measured_01808,read,measured,,,,,1.3998,,ok,0.4459
12.102,662,,,3.585,,,,,,33.0739,r1_measured_01809,read,measured,,,,,16.8584,,ok,0.4264
32.1676,681,,,6.484,,,,,,47.9533,r1_measured_01810,read,measured,,,,,8.874,,ok,0.3519
30.8887,680,,,0.9366,,,,,,44.2102,r1_measured_01811,read,measured,,,,,11.8574,,ok,0.4556
26.8813,689,,,0.5866,,,,,,35.3899,r1_measured_01812,read,measured,,,,,7.4562,,ok,0.3888
27.1729,673,,,0.5991,,,,,,42.0952,r1_measured_01813,read,measured,,,,,13.9076,,ok,0.3466
28.7103,674,,,0.5643,,,,,,34.2283,r1_measured_01814,read,measured,,,,,4.0299,,ok,0.855
26.5001,508,,,0.8221,,,,,,40.0155,r1_measured_01815,read,measured,,,,,12.2052,,ok,0.4111
6.3367,677,,,1.3952,,,,,,15.0939,r1_measured_01816,read,measured,,,,,6.874,,ok,0.4147
7.8609,567,,,1.1479,,,,,,12.1991,r1_measured_01817,read,measured,,,,,2.8033,,ok,0.3313
11.2082,663,,,0.5982,,,,,,22.0767,r1_measured_01818,read,measured,,,,,9.8591,,ok,0.3468
9.2757,680,,,0.6041,,,,,,13.6243,r1_measured_01819,read,measured,,,,,3.3024,,ok,0.3626
8.7066,680,,,0.7016,,,,,,11.0418,r1_measured_01820,read,measured,,,,,1.1446,,ok,0.4116
6.7638,679,,,0.6192,,,,,,13.2638,r1_measured_01821,read,measured,,,,,5.4706,,ok,0.3404
12.9333,674,,,0.5575,,,,,,23.4607,r1_measured_01822,read,measured,,,,,9.5583,,ok,0.3455
11.4108,687,,,0.7993,,,,,,15.826,r1_measured_01823,read,measured,,,,,3.1999,,ok,0.3481
10.1356,565,,,1.1948,,,,,,15.9011,r1_measured_01824,read,measured,,,,,4.1315,,ok,0.3731
12.19,507,,,0.5338,,,,,,22.4049,r1_measured_01825,read,measured,,,,,9.2812,,ok,0.3437
11.0188,681,,,0.6218,,,,,,19.0232,r1_measured_01826,read,measured,,,,,6.9578,,ok,0.3597
8.9493,418,,,0.2605,,,,,,10.7353,r1_measured_01827,read,measured,,,,,1.1207,,ok,0.3544
10.1791,568,,,2.073,,,,,,18.2816,r1_measured_01828,read,measured,,,,,5.5991,,ok,0.3692
8.1611,629,,,0.791,,,,,,17.9743,r1_measured_01829,read,measured,,,,,8.5884,,ok,0.3702
8.3536,681,,,0.8932,,,,,,13.4056,r1_measured_01830,read,measured,,,,,3.7365,,ok,0.3557
11.815,418,,,0.4057,,,,,,15.1155,r1_measured_01831,read,measured,,,,,2.4671,,ok,0.3709
11.1577,662,,,0.9017,,,,,,16.4015,r1_measured_01832,read,measured,,,,,3.8989,,ok,0.374
10.2539,417,,,0.2759,,,,,,12.5318,r1_measured_01833,read,measured,,,,,1.5875,,ok,0.3591
12.6236,628,,,1.477,,,,,,17.6415,r1_measured_01834,read,measured,,,,,3.0831,,ok,0.3841
11.9566,680,,,1.4634,,,,,,19.0272,r1_measured_01835,read,measured,,,,,5.1562,,ok,0.3685
9.7743,680,,,0.9668,,,,,,13.2229,r1_measured_01836,read,measured,,,,,2.0235,,ok,0.3842
7.4393,678,,,0.9802,,,,,,14.2506,r1_measured_01837,read,measured,,,,,5.37,,ok,0.3863
15.4205,629,,,0.757,,,,,,18.949,r1_measured_01838,read,measured,,,,,2.1678,,ok,0.49
12.9015,509,,,1.7993,,,,,,17.5011,r1_measured_01839,read,measured,,,,,2.269,,ok,0.4622
12.1284,678,,,1.3396,,,,,,17.3973,r1_measured_01840,read,measured,,,,,3.4884,,ok,0.3685
14.9927,369,,,0.2684,,,,,,17.5743,r1_measured_01841,read,measured,,,,,1.8941,,ok,0.3671
14.5309,674,,,1.5054,,,,,,22.9145,r1_measured_01842,read,measured,,,,,6.4263,,ok,0.3792
12.6942,678,,,1.5019,,,,,,24.0267,r1_measured_01843,read,measured,,,,,9.3765,,ok,0.3784
12.1072,679,,,2.5211,,,,,,57.9479,r1_measured_01844,read,measured,,,,,42.855,,ok,0.3853
11.7241,568,,,0.8563,,,,,,20.2516,r1_measured_01845,read,measured,,,,,7.2356,,ok,0.372
228.931,678,20.2402,9.7698,0.902,142.4156,1,9.7678,1,26.312,236.1757,r1_measured_01846,update,measured,16.5422,7.2447,1,0.0063,5.9397,39.9569,ok,0.3369
12.5439,627,,,0.8522,,,,,,23.2088,r1_measured_01847,read,measured,,,,,9.3406,,ok,0.3983
6.9443,568,,,1.8777,,,,,,18.6339,r1_measured_01848,read,measured,,,,,9.3287,,ok,0.4074
6.6179,679,,,2.3783,,,,,,13.5687,r1_measured_01849,read,measured,,,,,4.0609,,ok,0.4293
11.1079,628,,,2.2475,,,,,,44.8114,r1_measured_01850,read,measured,,,,,30.9847,,ok,0.3868
4.5543,673,,,4.0171,,,,,,43.9046,r1_measured_01851,read,measured,,,,,34.8537,,ok,0.3859
35.3884,679,,,2.2427,,,,,,40.1664,r1_measured_01852,read,measured,,,,,2.0743,,ok,0.3822
34.3213,674,,,0.9434,,,,,,50.1703,r1_measured_01853,read,measured,,,,,14.4646,,ok,0.3475
29.7501,680,,,1.2365,,,,,,41.6625,r1_measured_01854,read,measured,,,,,10.2322,,ok,0.37
27.9602,566,,,0.7999,,,,,,39.3113,r1_measured_01855,read,measured,,,,,10.118,,ok,0.3614
9.7633,417,,,0.275,,,,,,11.2871,r1_measured_01856,read,measured,,,,,0.8424,,ok,0.3499
9.5659,675,,,0.7444,,,,,,19.8234,r1_measured_01857,read,measured,,,,,9.0744,,ok,0.3753
8.8525,680,,,1.3784,,,,,,14.3933,r1_measured_01858,read,measured,,,,,3.7545,,ok,0.3411
7.7745,568,,,0.572,,,,,,10.1761,r1_measured_01859,read,measured,,,,,1.423,,ok,0.3422
12.7255,675,,,0.6031,,,,,,22.2227,r1_measured_01860,read,measured,,,,,8.4408,,ok,0.3877
10.0846,662,,,0.8008,,,,,,15.9228,r1_measured_01861,read,measured,,,,,4.4876,,ok,0.486
9.4084,567,,,1.4389,,,,,,15.9108,r1_measured_01862,read,measured,,,,,4.6403,,ok,0.3586
8.3082,680,,,1.1705,,,,,,17.533,r1_measured_01863,read,measured,,,,,7.5928,,ok,0.3842
10.9151,678,,,2.746,,,,,,17.9061,r1_measured_01864,read,measured,,,,,3.7832,,ok,0.3876
9.8128,678,,,0.5645,,,,,,159.6158,r1_measured_01865,read,measured,,,,,22.7488,,ok,0.3585
14.1054,675,,,1.2736,,,,,,26.8271,r1_measured_01866,read,measured,,,,,11.0112,,ok,0.3641
11.5212,688,,,1.4935,,,,,,16.0863,r1_measured_01867,read,measured,,,,,2.6227,,ok,0.3765
4.2096,368,,,0.2771,,,,,,7.617,r1_measured_01868,read,measured,,,,,2.6808,,ok,0.3933
7.6634,629,,,0.9969,,,,,,10.8526,r1_measured_01869,read,measured,,,,,1.7455,,ok,0.3801
10.3191,417,,,0.2853,,,,,,12.5777,r1_measured_01870,read,measured,,,,,1.5766,,ok,0.3423
9.5986,673,,,1.196,,,,,,19.8972,r1_measured_01871,read,measured,,,,,8.6616,,ok,0.3714
8.302,568,,,1.2536,,,,,,15.286,r1_measured_01872,read,measured,,,,,5.1812,,ok,0.485
6.235,680,,,15.5171,,,,,,32.0172,r1_measured_01873,read,measured,,,,,9.7436,,ok,0.4269
156.4084,566,12.1955,4.1897,0.5595,97.5233,1,4.1879,1,15.0814,163.179,r1_measured_01874,update,measured,10.8917,6.7706,1,0.0058,5.7808,31.6024,ok,0.3687
5.8627,674,,,16.9861,,,,,,28.1537,r1_measured_01875,read,measured,,,,,4.8369,,ok,0.3894
6.089,627,,,0.5611,,,,,,34.5955,r1_measured_01876,read,measured,,,,,27.5185,,ok,0.3624
147.9042,674,10.6558,3.6582,1.3319,44.0919,0,3.6565,1,38.6835,156.6897,r1_measured_01877,update,measured,35.0253,8.7855,1,8.6036,7.0645,45.8694,ok,0.3248
26.0621,680,,,1.7313,,,,,,33.2374,r1_measured_01878,read,measured,,,,,5.0161,,ok,0.3595
13.7484,688,,,1.0158,,,,,,20.8951,r1_measured_01879,read,measured,,,,,5.7161,,ok,0.3502
12.422,629,,,0.4713,,,,,,17.0872,r1_measured_01880,read,measured,,,,,3.7899,,ok,0.3436
7.4627,679,,,1.3965,,,,,,12.6566,r1_measured_01881,read,measured,,,,,3.3816,,ok,0.3521
107.3583,508,7.6148,1.7817,1.2317,38.1038,1,1.7802,1,27.476,124.0527,r1_measured_01882,update,measured,25.6943,16.6944,1,11.5968,15.0026,22.5669,ok,0.3977
5.0228,627,,,0.8993,,,,,,33.6821,r1_measured_01883,read,measured,,,,,27.3133,,ok,0.3797
12.1849,680,,,1.4299,,,,,,32.0818,r1_measured_01884,read,measured,,,,,17.9055,,ok,0.4522
101.0529,628,8.488,17.7556,0.4673,10.5561,1,17.754,1,55.1566,112.0845,r1_measured_01885,update,measured,37.401,11.0316,1,2.3508,10.1813,24.5014,ok,0.3204
22.4555,627,,,0.4616,,,,,,26.7784,r1_measured_01886,read,measured,,,,,3.4675,,ok,0.3331
20.9812,663,,,0.6963,,,,,,24.0487,r1_measured_01887,read,measured,,,,,1.9706,,ok,0.338
16.0112,661,,,1.3984,,,,,,32.1641,r1_measured_01888,read,measured,,,,,14.3566,,ok,0.3283
17.2049,662,,,0.4904,,,,,,32.0195,r1_measured_01889,read,measured,,,,,13.8492,,ok,0.3352
10.8743,509,,,0.9892,,,,,,15.5626,r1_measured_01890,read,measured,,,,,3.3009,,ok,0.3341
8.0082,674,,,0.8133,,,,,,14.585,r1_measured_01891,read,measured,,,,,5.3381,,ok,0.3604
8.6011,674,,,1.3443,,,,,,20.9554,r1_measured_01892,read,measured,,,,,10.6096,,ok,0.3367
8.9127,679,,,1.01,,,,,,18.654,r1_measured_01893,read,measured,,,,,8.3067,,ok,0.35
6.5256,509,,,0.6426,,,,,,16.9278,r1_measured_01894,read,measured,,,,,9.3704,,ok,0.3299
10.6509,369,,,1.0905,,,,,,16.4932,r1_measured_01895,read,measured,,,,,4.3861,,ok,0.3163
15.2313,679,,,2.0495,,,,,,26.9122,r1_measured_01896,read,measured,,,,,9.0741,,ok,0.4829
13.0496,689,,,0.6653,,,,,,19.9434,r1_measured_01897,read,measured,,,,,5.7892,,ok,0.3672
12.7099,662,,,0.9013,,,,,,22.2869,r1_measured_01898,read,measured,,,,,8.1679,,ok,0.4376
6.4356,509,,,1.5731,,,,,,9.3968,r1_measured_01899,read,measured,,,,,0.9894,,ok,0.3423
14.0583,678,,,0.9997,,,,,,25.3398,r1_measured_01900,read,measured,,,,,9.702,,ok,0.5088
7.6319,417,,,0.2449,,,,,,9.8826,r1_measured_01901,read,measured,,,,,1.6422,,ok,0.3171
10.4206,681,,,1.7222,,,,,,27.3676,r1_measured_01902,read,measured,,,,,14.7929,,ok,0.353
6.8356,628,,,2.7464,,,,,,19.0334,r1_measured_01903,read,measured,,,,,8.9511,,ok,0.432
7.7339,689,,,1.5343,,,,,,18.6501,r1_measured_01904,read,measured,,,,,8.8981,,ok,0.4093
11.3282,663,,,1.2175,,,,,,17.717,r1_measured_01905,read,measured,,,,,4.6301,,ok,0.4738
8.4867,663,,,2.1269,,,,,,16.8366,r1_measured_01906,read,measured,,,,,5.7566,,ok,0.394
21.8347,689,,,0.842,,,,,,24.7364,r1_measured_01907,read,measured,,,,,1.6224,,ok,0.3671
17.125,689,,,1.1972,,,,,,19.7772,r1_measured_01908,read,measured,,,,,1.0172,,ok,0.3685
18.2078,687,,,3.0392,,,,,,23.5116,r1_measured_01909,read,measured,,,,,1.8169,,ok,0.373
20.5161,567,,,1.7404,,,,,,28.1725,r1_measured_01910,read,measured,,,,,5.5001,,ok,0.3545
20.0768,678,,,1.1724,,,,,,27.9907,r1_measured_01911,read,measured,,,,,6.3173,,ok,0.3555
17.117,628,,,0.6099,,,,,,21.1284,r1_measured_01912,read,measured,,,,,2.9523,,ok,0.3826
16.8447,679,,,0.9183,,,,,,22.4967,r1_measured_01913,read,measured,,,,,4.2119,,ok,0.4463
16.2298,679,,,0.856,,,,,,25.9229,r1_measured_01914,read,measured,,,,,8.3881,,ok,0.3776
167.2649,663,12.495,15.7092,2.3251,5.8196,1,15.7074,1,95.526,172.0784,r1_measured_01915,update,measured,79.8168,4.8135,1,11.9898,2.074,41.4345,ok,0.3459
16.1164,673,,,0.5924,,,,,,17.8155,r1_measured_01916,read,measured,,,,,0.6552,,ok,0.3768
9.9143,418,,,0.3061,,,,,,12.2191,r1_measured_01917,read,measured,,,,,1.5725,,ok,0.3603
74.0794,663,,,2.593,,,,,,78.221,r1_measured_01918,read,measured,,,,,1.0181,,ok,0.4522
76.2227,509,,,3.3078,,,,,,87.0159,r1_measured_01919,read,measured,,,,,7.0975,,ok,0.3326
75.2953,680,,,0.7103,,,,,,79.9071,r1_measured_01920,read,measured,,,,,3.5024,,ok,0.3253
74.6906,680,,,1.2198,,,,,,82.0314,r1_measured_01921,read,measured,,,,,5.7058,,ok,0.3352
73.3951,629,,,2.9413,,,,,,84.9418,r1_measured_01922,read,measured,,,,,8.2161,,ok,0.3299
71.4634,627,,,1.8704,,,,,,82.224,r1_measured_01923,read,measured,,,,,8.4964,,ok,0.3299
70.4022,509,,,1.2451,,,,,,81.6773,r1_measured_01924,read,measured,,,,,9.5858,,ok,0.3708
5.7671,661,,,1.158,,,,,,16.8158,r1_measured_01925,read,measured,,,,,9.3355,,ok,0.4744
3.7797,568,,,0.7352,,,,,,10.7517,r1_measured_01926,read,measured,,,,,5.8507,,ok,0.3259
21.4991,680,,,0.9722,,,,,,45.6504,r1_measured_01927,read,measured,,,,,22.7396,,ok,0.3637
27.7082,685,,,0.5267,,,,,,45.2209,r1_measured_01928,read,measured,,,,,16.5405,,ok,0.3673
17.3318,689,,,1.4572,,,,,,42.9085,r1_measured_01929,read,measured,,,,,23.6686,,ok,0.3736
34.6133,680,,,0.6095,,,,,,44.9418,r1_measured_01930,read,measured,,,,,9.2829,,ok,0.3659
209.8406,663,16.675,14.6534,0.5172,78.3942,1,14.6512,1,56.9605,221.1642,r1_measured_01931,update,measured,42.3071,11.3236,1,12.4956,10.3575,45.3153,ok,0.3809
34.8803,680,,,0.7427,,,,,,44.1091,r1_measured_01932,read,measured,,,,,8.0576,,ok,0.3595
30.581,627,,,1.5507,,,,,,44.3975,r1_measured_01933,read,measured,,,,,11.7337,,ok,0.4433
16.48,629,,,1.1903,,,,,,22.9254,r1_measured_01934,read,measured,,,,,4.858,,ok,0.3357
15.2589,566,,,0.8238,,,,,,21.096,r1_measured_01935,read,measured,,,,,4.5865,,ok,0.3664
10.076,509,,,1.0798,,,,,,17.8796,r1_measured_01936,read,measured,,,,,6.3325,,ok,0.3354
8.3962,509,,,0.7867,,,,,,15.2142,r1_measured_01937,read,measured,,,,,5.6197,,ok,0.3526
9.7739,663,,,1.9307,,,,,,19.4892,r1_measured_01938,read,measured,,,,,7.3478,,ok,0.373
4.3584,368,,,0.2421,,,,,,7.0962,r1_measured_01939,read,measured,,,,,2.0885,,ok,0.3497
9.9294,686,,,0.894,,,,,,13.5357,r1_measured_01940,read,measured,,,,,1.9322,,ok,0.7106
27.2469,508,,,0.4891,,,,,,44.5141,r1_measured_01941,read,measured,,,,,16.3124,,ok,0.3906
38.0423,674,,,1.4168,,,,,,47.3827,r1_measured_01942,read,measured,,,,,7.4701,,ok,0.3763
35.5057,674,,,1.7699,,,,,,49.461,r1_measured_01943,read,measured,,,,,11.6077,,ok,0.5036
34.3901,508,,,1.2819,,,,,,50.8774,r1_measured_01944,read,measured,,,,,14.7486,,ok,0.3768
32.3821,680,,,1.1401,,,,,,44.3215,r1_measured_01945,read,measured,,,,,10.3373,,ok,0.3843
29.6656,418,,,0.312,,,,,,32.5639,r1_measured_01946,read,measured,,,,,1.9865,,ok,0.5277
32.3473,688,,,1.9655,,,,,,43.154,r1_measured_01947,read,measured,,,,,8.357,,ok,0.3954
7.9218,689,,,1.0947,,,,,,17.9726,r1_measured_01948,read,measured,,,,,8.4978,,ok,0.3851
11.2614,663,,,0.5411,,,,,,20.4534,r1_measured_01949,read,measured,,,,,8.1936,,ok,0.3638
7.9999,689,,,1.5226,,,,,,12.02,r1_measured_01950,read,measured,,,,,2.0368,,ok,0.385
12.7586,663,,,0.5195,,,,,,21.1264,r1_measured_01951,read,measured,,,,,7.4208,,ok,0.3555
98.9738,681,15.6258,8.7125,0.5423,13.6048,1,8.7109,1,25.169,102.3595,r1_measured_01952,update,measured,16.4565,3.3857,1,6.1261,2.4144,38.4481,ok,0.3622
9.5749,566,,,0.8328,,,,,,15.6429,r1_measured_01953,read,measured,,,,,4.8016,,ok,0.3698
11.1206,628,,,0.7217,,,,,,25.4189,r1_measured_01954,read,measured,,,,,13.1525,,ok,0.3582
7.3897,368,,,0.2305,,,,,,10.7741,r1_measured_01955,read,measured,,,,,2.7435,,ok,0.3578
7.6479,674,,,0.8866,,,,,,21.698,r1_measured_01956,read,measured,,,,,12.6147,,ok,0.4824
7.419,629,,,1.5095,,,,,,11.8772,r1_measured_01957,read,measured,,,,,2.5009,,ok,0.3804
5.4569,629,,,1.1259,,,,,,40.4789,r1_measured_01958,read,measured,,,,,33.2456,,ok,0.557
6.0338,689,,,1.6817,,,,,,13.1686,r1_measured_01959,read,measured,,,,,5.0107,,ok,0.3713
7.1175,661,,,0.8336,,,,,,47.4441,r1_measured_01960,read,measured,,,,,38.9502,,ok,0.4484
39.121,674,,,1.7795,,,,,,49.3131,r1_measured_01961,read,measured,,,,,7.8891,,ok,0.4353
34.9866,417,,,0.5034,,,,,,40.9777,r1_measured_01962,read,measured,,,,,4.9771,,ok,0.435
33.1778,674,,,0.7346,,,,,,47.4752,r1_measured_01963,read,measured,,,,,13.0738,,ok,0.4065
32.3966,628,,,1.2788,,,,,,41.904,r1_measured_01964,read,measured,,,,,7.6271,,ok,0.5063
17.7512,567,,,0.5624,,,,,,21.9218,r1_measured_01965,read,measured,,,,,3.121,,ok,0.4119
22.4419,679,,,2.5557,,,,,,31.0064,r1_measured_01966,read,measured,,,,,5.5475,,ok,0.3874
17.6093,568,,,2.7275,,,,,,21.7966,r1_measured_01967,read,measured,,,,,0.9829,,ok,0.4106
16.1693,627,,,1.4303,,,,,,21.4801,r1_measured_01968,read,measured,,,,,3.4251,,ok,0.385
14.6958,662,,,0.8431,,,,,,19.3209,r1_measured_01969,read,measured,,,,,3.2705,,ok,0.4353
20.8693,629,,,0.5635,,,,,,28.2982,r1_measured_01970,read,measured,,,,,6.416,,ok,0.3756
20.0231,627,,,1.404,,,,,,35.7469,r1_measured_01971,read,measured,,,,,13.8975,,ok,0.3562
8.7418,679,,,3.0426,,,,,,16.2442,r1_measured_01972,read,measured,,,,,3.9904,,ok,0.3951
10.421,678,,,0.6141,,,,,,26.1949,r1_measured_01973,read,measured,,,,,14.7396,,ok,0.3507
13.9342,688,,,1.1592,,,,,,35.0994,r1_measured_01974,read,measured,,,,,19.5833,,ok,0.3526
10.0145,662,,,0.5559,,,,,,13.6844,r1_measured_01975,read,measured,,,,,2.6911,,ok,0.3569
11.2054,509,,,1.03,,,,,,25.2469,r1_measured_01976,read,measured,,,,,12.6108,,ok,0.3419
8.2007,680,,,0.7768,,,,,,19.8084,r1_measured_01977,read,measured,,,,,10.4167,,ok,0.3406
9.9739,416,,,0.2599,,,,,,14.1719,r1_measured_01978,read,measured,,,,,3.537,,ok,0.3496
6.9131,672,,,3.7061,,,,,,18.7625,r1_measured_01979,read,measured,,,,,7.7236,,ok,0.3539
6.2255,509,,,0.6192,,,,,,15.13,r1_measured_01980,read,measured,,,,,7.8772,,ok,0.3481
6.6217,368,,,0.2268,,,,,,7.5499,r1_measured_01981,read,measured,,,,,0.3018,,ok,0.3507
14.4807,624,,,1.0065,,,,,,17.6855,r1_measured_01982,read,measured,,,,,1.7684,,ok,0.3589
11.837,508,,,2.3364,,,,,,17.4612,r1_measured_01983,read,measured,,,,,2.8515,,ok,0.3731
11.1093,566,,,2.1957,,,,,,16.3419,r1_measured_01984,read,measured,,,,,2.6092,,ok,0.362
16.1759,680,,,0.476,,,,,,25.525,r1_measured_01985,read,measured,,,,,8.4643,,ok,0.3426
14.5258,677,,,0.6886,,,,,,22.5753,r1_measured_01986,read,measured,,,,,6.9636,,ok,0.331
13.4954,416,,,0.2758,,,,,,16.3872,r1_measured_01987,read,measured,,,,,2.2243,,ok,0.3367
13.5657,681,,,0.6503,,,,,,24.7456,r1_measured_01988,read,measured,,,,,10.1282,,ok,0.3358
12.3159,680,,,1.7041,,,,,,33.1096,r1_measured_01989,read,measured,,,,,18.6614,,ok,0.3633
7.8601,419,,,0.2642,,,,,,9.6637,r1_measured_01990,read,measured,,,,,1.1437,,ok,0.3458
9.4998,508,,,1.4028,,,,,,21.2549,r1_measured_01991,read,measured,,,,,9.934,,ok,0.3592
9.417,509,,,0.4732,,,,,,15.8065,r1_measured_01992,read,measured,,,,,5.4367,,ok,0.4217
7.6321,368,,,0.3105,,,,,,14.7611,r1_measured_01993,read,measured,,,,,6.4082,,ok,0.3588
9.922,679,,,2.0016,,,,,,24.7485,r1_measured_01994,read,measured,,,,,12.3782,,ok,0.3754
7.1546,627,,,0.4459,,,,,,15.6662,r1_measured_01995,read,measured,,,,,7.6037,,ok,0.3858
5.3161,509,,,1.3748,,,,,,17.9323,r1_measured_01996,read,measured,,,,,10.8322,,ok,0.3478
8.1935,677,,,0.861,,,,,,14.4053,r1_measured_01997,read,measured,,,,,4.9348,,ok,0.3494
7.9585,674,,,2.5723,,,,,,18.1934,r1_measured_01998,read,measured,,,,,7.2435,,ok,0.3501
7.281,507,,,2.2653,,,,,,18.4079,r1_measured_01999,read,measured,,,,,8.4111,,ok,0.3929
13.7364,674,,,2.4252,,,,,,22.6236,r1_measured_02000,read,measured,,,,,6.0349,,ok,0.3615
9.3851,568,,,2.5254,,,,,,15.6479,r1_measured_02001,read,measured,,,,,3.2847,,ok,0.3772
12.2647,681,,,0.926,,,,,,23.5924,r1_measured_02002,read,measured,,,,,9.8835,,ok,0.4274
15.1188,509,,,0.4624,,,,,,29.3815,r1_measured_02003,read,measured,,,,,13.3473,,ok,0.3939
13.8226,689,,,1.3841,,,,,,24.5483,r1_measured_02004,read,measured,,,,,8.9048,,ok,0.3657
10.6001,629,,,0.8373,,,,,,20.7231,r1_measured_02005,read,measured,,,,,8.722,,ok,0.498
10.2018,417,,,0.2779,,,,,,12.7236,r1_measured_02006,read,measured,,,,,1.827,,ok,0.3633
8.9107,688,,,3.2251,,,,,,17.2209,r1_measured_02007,read,measured,,,,,4.6268,,ok,0.3873
10.625,681,,,0.8848,,,,,,22.0799,r1_measured_02008,read,measured,,,,,10.1543,,ok,0.3486
116.3924,367,7.0002,4.4643,0.2247,16.9447,1,4.4626,1,28.7999,119.4052,r1_measured_02009,update,measured,24.3356,3.0128,1,9.5727,2.3945,54.0749,ok,0.3481
9.6338,679,,,1.36,,,,,,15.545,r1_measured_02010,read,measured,,,,,4.0251,,ok,0.4593
7.0026,417,,,0.2729,,,,,,9.7243,r1_measured_02011,read,measured,,,,,2.0403,,ok,0.3565
10.8773,567,,,1.4139,,,,,,20.7798,r1_measured_02012,read,measured,,,,,8.0402,,ok,0.3806
10.3927,680,,,1.2524,,,,,,19.0453,r1_measured_02013,read,measured,,,,,6.9602,,ok,0.3684
9.7722,663,,,0.8339,,,,,,15.3417,r1_measured_02014,read,measured,,,,,4.2392,,ok,0.4208
9.1038,681,,,0.7794,,,,,,17.9693,r1_measured_02015,read,measured,,,,,7.6482,,ok,0.3647
196.8241,674,66.1655,6.0566,2.8287,44.2426,1,6.0548,1,34.2933,207.7225,r1_measured_02016,update,measured,28.2367,10.8984,1,17.1781,7.5775,34.9446,ok,0.4035
6.2361,629,,,1.5301,,,,,,17.3621,r1_measured_02017,read,measured,,,,,9.1606,,ok,0.36
98.0902,418,6.7901,5.7249,1.9383,8.6222,1,5.7233,1,32.5021,101.1269,r1_measured_02018,update,measured,26.7772,3.0367,1,4.7639,0.6085,45.4119,ok,0.422
7.1654,567,,,0.5738,,,,,,9.7125,r1_measured_02019,read,measured,,,,,1.5677,,ok,0.345
20.769,681,,,0.8265,,,,,,70.0172,r1_measured_02020,read,measured,,,,,48.0067,,ok,0.3459
19.6905,508,,,0.8179,,,,,,73.3935,r1_measured_02021,read,measured,,,,,52.4837,,ok,0.3485
18.2224,366,,,0.2524,,,,,,21.798,r1_measured_02022,read,measured,,,,,2.9163,,ok,0.3496
15.0471,568,,,11.5013,,,,,,31.8104,r1_measured_02023,read,measured,,,,,4.7903,,ok,0.3998
48.0201,663,,,0.6051,,,,,,61.0988,r1_measured_02024,read,measured,,,,,12.0423,,ok,0.3596
39.3157,627,,,1.277,,,,,,46.3285,r1_measured_02025,read,measured,,,,,5.2922,,ok,0.3675
28.7516,567,,,1.2247,,,,,,37.9706,r1_measured_02026,read,measured,,,,,7.6012,,ok,0.3333
11.125,689,,,0.683,,,,,,16.7039,r1_measured_02027,read,measured,,,,,4.4478,,ok,0.3624
12.1884,688,,,1.5199,,,,,,26.3568,r1_measured_02028,read,measured,,,,,12.1839,,ok,0.3922
11.5447,567,,,0.8723,,,,,,24.3834,r1_measured_02029,read,measured,,,,,11.4251,,ok,0.4237
7.7155,568,,,1.2269,,,,,,18.8937,r1_measured_02030,read,measured,,,,,9.5094,,ok,0.3768
7.6665,680,,,2.6035,,,,,,15.8186,r1_measured_02031,read,measured,,,,,5.1367,,ok,0.3426
7.4409,509,,,1.3354,,,,,,18.8516,r1_measured_02032,read,measured,,,,,9.6136,,ok,0.3955
8.6976,663,,,0.9139,,,,,,20.7982,r1_measured_02033,read,measured,,,,,10.7126,,ok,0.4021
8.0698,567,,,1.3443,,,,,,17.6242,r1_measured_02034,read,measured,,,,,7.7146,,ok,0.4268
9.1016,681,,,0.597,,,,,,14.3465,r1_measured_02035,read,measured,,,,,4.061,,ok,0.504
6.4807,629,,,0.9402,,,,,,9.5561,r1_measured_02036,read,measured,,,,,1.6579,,ok,0.407
12.5987,681,,,0.6972,,,,,,24.5199,r1_measured_02037,read,measured,,,,,10.7546,,ok,0.3924
12.2793,509,,,1.4067,,,,,,17.0545,r1_measured_02038,read,measured,,,,,2.9508,,ok,0.358
9.7153,680,,,2.0003,,,,,,85.7542,r1_measured_02039,read,measured,,,,,73.66,,ok,0.304
14.3453,686,,,1.6643,,,,,,87.9738,r1_measured_02040,read,measured,,,,,71.321,,ok,0.5449
11.6905,680,,,1.7316,,,,,,81.5466,r1_measured_02041,read,measured,,,,,67.7512,,ok,0.2999
8.9884,507,,,0.5808,,,,,,87.4833,r1_measured_02042,read,measured,,,,,77.4764,,ok,0.3739
7.3113,680,,,1.0332,,,,,,75.6767,r1_measured_02043,read,measured,,,,,66.9308,,ok,0.3225
69.5217,509,,,2.3332,,,,,,79.1365,r1_measured_02044,read,measured,,,,,6.7958,,ok,0.4162
67.6073,509,,,1.0506,,,,,,82.5993,r1_measured_02045,read,measured,,,,,13.5658,,ok,0.322
11.0426,689,,,4.9187,,,,,,17.6183,r1_measured_02046,read,measured,,,,,1.2621,,ok,0.3225
9.556,624,,,3.0453,,,,,,14.9055,r1_measured_02047,read,measured,,,,,1.9181,,ok,0.3242
17.3149,567,,,1.2885,,,,,,29.2745,r1_measured_02048,read,measured,,,,,10.2045,,ok,0.4021
13.9509,662,,,0.7971,,,,,,29.0274,r1_measured_02049,read,measured,,,,,13.8194,,ok,0.3911
12.6801,508,,,1.6337,,,,,,21.6201,r1_measured_02050,read,measured,,,,,6.8157,,ok,0.4241
12.3259,678,,,1.4592,,,,,,25.1242,r1_measured_02051,read,measured,,,,,10.8695,,ok,0.3978
11.2448,663,,,0.9676,,,,,,18.0117,r1_measured_02052,read,measured,,,,,5.1502,,ok,0.5457
9.0686,675,,,2.045,,,,,,28.0864,r1_measured_02053,read,measured,,,,,16.4563,,ok,0.4251
13.011,687,,,1.5875,,,,,,38.6562,r1_measured_02054,read,measured,,,,,23.5989,,ok,0.3807
13.0821,509,,,0.5795,,,,,,21.5793,r1_measured_02055,read,measured,,,,,7.4607,,ok,0.3836
9.3506,568,,,0.4984,,,,,,21.6227,r1_measured_02056,read,measured,,,,,11.3227,,ok,0.3823
7.9998,509,,,1.2031,,,,,,18.6919,r1_measured_02057,read,measured,,,,,8.9177,,ok,0.4939
9.7984,663,,,2.0851,,,,,,24.2205,r1_measured_02058,read,measured,,,,,11.8987,,ok,0.3609
9.3139,678,,,2.9926,,,,,,24.6149,r1_measured_02059,read,measured,,,,,11.8623,,ok,0.3629
7.7986,568,,,0.4845,,,,,,27.4438,r1_measured_02060,read,measured,,,,,18.435,,ok,0.3856
8.3952,674,,,1.4712,,,,,,33.0448,r1_measured_02061,read,measured,,,,,22.7115,,ok,0.3827
6.0784,686,,,0.6181,,,,,,16.4228,r1_measured_02062,read,measured,,,,,9.263,,ok,0.3916
4.9776,681,,,1.5034,,,,,,20.071,r1_measured_02063,read,measured,,,,,13.1354,,ok,0.3719
9.2211,567,,,2.9367,,,,,,17.2352,r1_measured_02064,read,measured,,,,,4.6384,,ok,0.3576
10.0867,679,,,0.9566,,,,,,19.0443,r1_measured_02065,read,measured,,,,,7.4967,,ok,0.4016
8.4924,680,,,1.087,,,,,,14.8395,r1_measured_02066,read,measured,,,,,4.7785,,ok,0.3927
6.7031,680,,,2.405,,,,,,20.1705,r1_measured_02067,read,measured,,,,,10.6164,,ok,0.3681
8.2012,679,,,1.8704,,,,,,15.2713,r1_measured_02068,read,measured,,,,,4.7745,,ok,0.3576
16.2419,678,,,0.4992,,,,,,21.405,r1_measured_02069,read,measured,,,,,4.2534,,ok,0.3451
11.9789,567,,,1.1748,,,,,,15.74,r1_measured_02070,read,measured,,,,,2.1608,,ok,0.3615
10.8026,507,,,0.6802,,,,,,13.9542,r1_measured_02071,read,measured,,,,,2.0744,,ok,0.3405
15.5404,680,,,1.4703,,,,,,39.0002,r1_measured_02072,read,measured,,,,,21.5337,,ok,0.3801
14.8775,509,,,0.5114,,,,,,21.3345,r1_measured_02073,read,measured,,,,,5.5321,,ok,0.3583
11.6369,369,,,0.2403,,,,,,14.3899,r1_measured_02074,read,measured,,,,,2.1294,,ok,0.335
10.5255,681,,,1.843,,,,,,25.5661,r1_measured_02075,read,measured,,,,,12.7343,,ok,0.3868
9.3217,663,,,1.2937,,,,,,18.8894,r1_measured_02076,read,measured,,,,,7.8534,,ok,0.3526
8.8522,509,,,1.466,,,,,,18.793,r1_measured_02077,read,measured,,,,,7.9944,,ok,0.3996
9.5902,568,,,1.3063,,,,,,15.3376,r1_measured_02078,read,measured,,,,,4.0186,,ok,0.3605
8.2763,680,,,0.9885,,,,,,23.7805,r1_measured_02079,read,measured,,,,,13.9188,,ok,0.5248
6.4769,680,,,2.1283,,,,,,20.3014,r1_measured_02080,read,measured,,,,,11.2114,,ok,0.4128
6.8147,366,,,0.9964,,,,,,11.811,r1_measured_02081,read,measured,,,,,3.5343,,ok,0.4024
6.2279,567,,,0.8341,,,,,,17.8095,r1_measured_02082,read,measured,,,,,10.2925,,ok,0.3825
14.2148,568,,,1.949,,,,,,20.916,r1_measured_02083,read,measured,,,,,4.2972,,ok,0.3867
12.709,680,,,1.2997,,,,,,19.4847,r1_measured_02084,read,measured,,,,,4.9681,,ok,0.4102
10.7373,678,,,0.8618,,,,,,15.7987,r1_measured_02085,read,measured,,,,,3.5597,,ok,0.5675
16.8819,689,,,1.1568,,,,,,22.0293,r1_measured_02086,read,measured,,,,,3.4041,,ok,0.495
14.9176,678,,,1.4643,,,,,,22.273,r1_measured_02087,read,measured,,,,,5.4174,,ok,0.3914
13.636,681,,,1.8866,,,,,,23.8002,r1_measured_02088,read,measured,,,,,7.6998,,ok,0.493
12.9343,679,,,2.0973,,,,,,18.6972,r1_measured_02089,read,measured,,,,,3.1947,,ok,0.3926
18.4947,417,,,0.4285,,,,,,21.318,r1_measured_02090,read,measured,,,,,1.93,,ok,0.3974
16.1911,419,,,0.5391,,,,,,20.4831,r1_measured_02091,read,measured,,,,,3.1466,,ok,0.5231
15.1544,681,,,0.8308,,,,,,22.0762,r1_measured_02092,read,measured,,,,,5.5895,,ok,0.4179
14.7669,663,,,0.6346,,,,,,25.6941,r1_measured_02093,read,measured,,,,,9.8146,,ok,0.3991
15.2128,663,,,1.3001,,,,,,27.7229,r1_measured_02094,read,measured,,,,,10.7635,,ok,0.3719
11.9845,688,,,0.6248,,,,,,18.7604,r1_measured_02095,read,measured,,,,,5.6617,,ok,0.4089
13.5178,661,,,1.6156,,,,,,32.282,r1_measured_02096,read,measured,,,,,16.7036,,ok,0.3699
10.151,674,,,1.1195,,,,,,28.2312,r1_measured_02097,read,measured,,,,,16.4808,,ok,0.4054
14.2781,566,,,1.0107,,,,,,18.2213,r1_measured_02098,read,measured,,,,,2.4659,,ok,0.3991
11.1729,418,,,0.2997,,,,,,14.0331,r1_measured_02099,read,measured,,,,,2.1111,,ok,0.3926
8.5304,568,,,0.6742,,,,,,17.7851,r1_measured_02100,read,measured,,,,,8.1245,,ok,0.3871
12.1892,679,,,3.0186,,,,,,21.5197,r1_measured_02101,read,measured,,,,,5.8137,,ok,0.4224
8.9443,680,,,0.8428,,,,,,16.517,r1_measured_02102,read,measured,,,,,6.2736,,ok,0.3832
15.8111,627,,,1.465,,,,,,19.9225,r1_measured_02103,read,measured,,,,,2.1729,,ok,0.393
12.7581,509,,,0.8832,,,,,,16.5097,r1_measured_02104,read,measured,,,,,2.2971,,ok,0.4913
12.713,680,,,0.9067,,,,,,18.9815,r1_measured_02105,read,measured,,,,,4.9039,,ok,0.3818
8.8757,628,,,1.4447,,,,,,16.6626,r1_measured_02106,read,measured,,,,,5.8815,,ok,0.3875
16.1698,680,,,2.5173,,,,,,25.8947,r1_measured_02107,read,measured,,,,,6.744,,ok,0.3943
14.6087,418,,,0.293,,,,,,17.261,r1_measured_02108,read,measured,,,,,1.9277,,ok,0.3741
13.5161,678,,,1.0574,,,,,,18.3077,r1_measured_02109,read,measured,,,,,3.0864,,ok,0.5729
10.3044,681,,,1.5948,,,,,,16.6211,r1_measured_02110,read,measured,,,,,4.2737,,ok,0.3742
17.295,689,,,0.6696,,,,,,30.0978,r1_measured_02111,read,measured,,,,,11.6912,,ok,0.3685
15.8082,568,,,0.8506,,,,,,24.1575,r1_measured_02112,read,measured,,,,,7.0775,,ok,0.3581
13.1651,418,,,0.3119,,,,,,16.0452,r1_measured_02113,read,measured,,,,,2.149,,ok,0.3628
12.6745,662,,,1.5109,,,,,,17.8495,r1_measured_02114,read,measured,,,,,3.199,,ok,0.3882
8.8148,369,,,0.247,,,,,,12.4635,r1_measured_02115,read,measured,,,,,2.9972,,ok,0.353
13.8601,567,,,0.7918,,,,,,25.5211,r1_measured_02116,read,measured,,,,,10.4311,,ok,0.3639
11.5646,419,,,0.2951,,,,,,14.1319,r1_measured_02117,read,measured,,,,,1.8336,,ok,0.3821
7.6468,508,,,1.4854,,,,,,18.5204,r1_measured_02118,read,measured,,,,,8.9257,,ok,0.3989
306.8436,675,11.1213,7.7848,0.9178,214.0981,1,7.7832,1,26.6783,321.9325,r1_measured_02119,update,measured,18.8935,15.0889,1,11.2969,13.6982,43.649,ok,0.3964
7.082,418,,,0.271,,,,,,9.9416,r1_measured_02120,read,measured,,,,,2.1455,,ok,0.3469
9.7717,680,,,1.1128,,,,,,20.1456,r1_measured_02121,read,measured,,,,,8.829,,ok,0.3608
9.9859,679,,,1.8667,,,,,,18.4414,r1_measured_02122,read,measured,,,,,6.1584,,ok,0.3559
8.6862,508,,,1.4423,,,,,,25.3266,r1_measured_02123,read,measured,,,,,14.7353,,ok,0.3982
8.1777,567,,,1.1229,,,,,,20.9379,r1_measured_02124,read,measured,,,,,11.2201,,ok,0.3544
10.3054,417,,,0.2874,,,,,,13.9395,r1_measured_02125,read,measured,,,,,2.9122,,ok,0.3775
7.6615,418,,,0.263,,,,,,12.6897,r1_measured_02126,read,measured,,,,,4.3586,,ok,0.3524
9.0523,568,,,0.7183,,,,,,17.7955,r1_measured_02127,read,measured,,,,,7.5899,,ok,0.3675
6.5766,418,,,0.2834,,,,,,11.0238,r1_measured_02128,read,measured,,,,,3.6682,,ok,0.4424
6.1244,508,,,1.138,,,,,,12.26,r1_measured_02129,read,measured,,,,,4.5797,,ok,0.3575
11.7735,628,,,0.8351,,,,,,41.9926,r1_measured_02130,read,measured,,,,,28.6898,,ok,0.6042
9.5608,678,,,3.3235,,,,,,52.2192,r1_measured_02131,read,measured,,,,,38.8366,,ok,0.4195
38.4734,567,,,1.4164,,,,,,47.8137,r1_measured_02132,read,measured,,,,,7.4425,,ok,0.4007
37.6254,417,,,0.3226,,,,,,40.5486,r1_measured_02133,read,measured,,,,,2.1131,,ok,0.4187
37.0938,627,,,1.7458,,,,,,49.5247,r1_measured_02134,read,measured,,,,,10.1722,,ok,0.4287
35.0835,369,,,0.43,,,,,,39.0043,r1_measured_02135,read,measured,,,,,2.9801,,ok,0.4467
35.0834,507,,,0.9288,,,,,,42.0616,r1_measured_02136,read,measured,,,,,5.54,,ok,0.4334
7.9918,508,,,0.9181,,,,,,20.8141,r1_measured_02137,read,measured,,,,,11.4377,,ok,0.3971
10.4368,417,,,0.3362,,,,,,12.6151,r1_measured_02138,read,measured,,,,,1.2844,,ok,0.48
9.5631,509,,,1.2606,,,,,,14.6553,r1_measured_02139,read,measured,,,,,3.4061,,ok,0.3605
13.9878,680,,,0.5863,,,,,,17.5631,r1_measured_02140,read,measured,,,,,2.5304,,ok,0.3874
12.7873,628,,,0.6086,,,,,,26.9591,r1_measured_02141,read,measured,,,,,13.1377,,ok,0.3601
12.3886,508,,,0.4521,,,,,,20.5857,r1_measured_02142,read,measured,,,,,7.3181,,ok,0.3615
8.409,509,,,1.4944,,,,,,15.0997,r1_measured_02143,read,measured,,,,,4.7489,,ok,0.3797
7.3054,680,,,0.5215,,,,,,16.9293,r1_measured_02144,read,measured,,,,,8.6819,,ok,0.3515
10.8564,674,,,0.5535,,,,,,23.9761,r1_measured_02145,read,measured,,,,,12.1387,,ok,0.3589
9.4785,681,,,1.2209,,,,,,19.1696,r1_measured_02146,read,measured,,,,,8.0572,,ok,0.3432
8.1467,509,,,2.0839,,,,,,22.9227,r1_measured_02147,read,measured,,,,,12.2708,,ok,0.36
5.8447,681,,,1.4101,,,,,,17.4082,r1_measured_02148,read,measured,,,,,9.6668,,ok,0.3901
8.1051,368,,,0.2479,,,,,,9.7516,r1_measured_02149,read,measured,,,,,0.9862,,ok,0.3582
5.8809,567,,,0.5278,,,,,,15.2755,r1_measured_02150,read,measured,,,,,8.4262,,ok,0.3749
8.2687,679,,,0.6758,,,,,,18.9435,r1_measured_02151,read,measured,,,,,9.483,,ok,0.4417
5.8744,689,,,0.5747,,,,,,20.5008,r1_measured_02152,read,measured,,,,,13.6064,,ok,0.3748
198.8723,688,8.5879,8.3746,1.9046,125.774,0,8.3729,1,22.8824,212.5848,r1_measured_02153,update,measured,14.5078,13.7125,1,0.0059,11.3386,41.6221,ok,0.3907
8.1855,674,,,0.8841,,,,,,20.2752,r1_measured_02154,read,measured,,,,,10.7829,,ok,0.3521
4.9637,568,,,0.6233,,,,,,7.2264,r1_measured_02155,read,measured,,,,,1.1934,,ok,0.3834
8.3451,567,,,2.5829,,,,,,34.8897,r1_measured_02156,read,measured,,,,,23.5206,,ok,0.3758
7.904,679,,,0.6319,,,,,,41.7311,r1_measured_02157,read,measured,,,,,32.751,,ok,0.369
7.6398,629,,,0.7484,,,,,,41.7315,r1_measured_02158,read,measured,,,,,32.8425,,ok,0.4155
6.2157,418,,,0.3117,,,,,,24.0916,r1_measured_02159,read,measured,,,,,17.1452,,ok,0.3588
13.3966,369,,,0.2988,,,,,,22.3071,r1_measured_02160,read,measured,,,,,8.131,,ok,0.425
24.7047,680,,,0.6731,,,,,,38.3173,r1_measured_02161,read,measured,,,,,12.5126,,ok,0.3579
9.4632,663,,,0.7551,,,,,,17.7453,r1_measured_02162,read,measured,,,,,7.0962,,ok,0.3615
13.947,369,,,0.2345,,,,,,18.0033,r1_measured_02163,read,measured,,,,,3.4338,,ok,0.3386
10.942,508,,,1.8524,,,,,,21.0437,r1_measured_02164,read,measured,,,,,7.7871,,ok,0.4056
7.4064,567,,,0.4552,,,,,,18.3415,r1_measured_02165,read,measured,,,,,10.027,,ok,0.3893
8.0115,662,,,1.0495,,,,,,18.3882,r1_measured_02166,read,measured,,,,,8.8865,,ok,0.3719
5.5311,662,,,0.8628,,,,,,8.8957,r1_measured_02167,read,measured,,,,,2.0738,,ok,0.3592
7.9579,627,,,2.3726,,,,,,14.9754,r1_measured_02168,read,measured,,,,,4.1562,,ok,0.4179
6.5934,568,,,1.8605,,,,,,18.6087,r1_measured_02169,read,measured,,,,,9.7457,,ok,0.3485
6.7357,680,,,0.5142,,,,,,14.7529,r1_measured_02170,read,measured,,,,,7.0063,,ok,0.4167
8.5261,689,,,1.2439,,,,,,16.076,r1_measured_02171,read,measured,,,,,5.8859,,ok,0.3506
7.7909,680,,,0.7721,,,,,,12.231,r1_measured_02172,read,measured,,,,,3.2444,,ok,0.3571
9.7777,628,,,0.7993,,,,,,13.339,r1_measured_02173,read,measured,,,,,2.364,,ok,0.3385
9.2504,677,,,1.2082,,,,,,13.2873,r1_measured_02174,read,measured,,,,,2.4044,,ok,0.3582
10.5434,681,,,0.7674,,,,,,14.6,r1_measured_02175,read,measured,,,,,2.7035,,ok,0.4975
9.9784,675,,,0.5901,,,,,,24.993,r1_measured_02176,read,measured,,,,,13.9039,,ok,0.433
8.8347,679,,,1.4161,,,,,,17.2545,r1_measured_02177,read,measured,,,,,6.5795,,ok,0.351
7.716,628,,,2.2392,,,,,,18.1493,r1_measured_02178,read,measured,,,,,7.745,,ok,0.3826
7.5679,689,,,1.38,,,,,,15.8607,r1_measured_02179,read,measured,,,,,6.4837,,ok,0.3581
8.2568,663,,,1.7035,,,,,,11.7897,r1_measured_02180,read,measured,,,,,1.3777,,ok,0.3782
8.1253,678,,,0.6299,,,,,,14.4536,r1_measured_02181,read,measured,,,,,5.2355,,ok,0.3796
7.1975,675,,,0.6954,,,,,,80.608,r1_measured_02182,read,measured,,,,,72.2256,,ok,0.4171
76.7128,680,,,0.9432,,,,,,81.9242,r1_measured_02183,read,measured,,,,,3.7741,,ok,0.4001
76.1867,673,,,0.4848,,,,,,83.2414,r1_measured_02184,read,measured,,,,,6.1716,,ok,0.3278
74.2116,680,,,1.4454,,,,,,79.5934,r1_measured_02185,read,measured,,,,,3.503,,ok,0.3597
82.5049,681,,,0.4995,,,,,,84.4771,r1_measured_02186,read,measured,,,,,1.0044,,ok,0.3945
76.33,568,,,0.6173,,,,,,78.4319,r1_measured_02187,read,measured,,,,,1.037,,ok,0.388
15.2841,627,,,0.8839,,,,,,28.7224,r1_measured_02188,read,measured,,,,,12.013,,ok,0.4583
13.3816,629,,,0.8185,,,,,,24.0325,r1_measured_02189,read,measured,,,,,9.2441,,ok,0.5101
9.8867,369,,,0.2464,,,,,,11.1858,r1_measured_02190,read,measured,,,,,0.6636,,ok,0.3347
12.8787,663,,,2.4591,,,,,,33.8542,r1_measured_02191,read,measured,,,,,18.0325,,ok,0.4107
10.6957,509,,,2.5385,,,,,,22.6902,r1_measured_02192,read,measured,,,,,8.8648,,ok,0.495
11.0878,678,,,1.1205,,,,,,26.2987,r1_measured_02193,read,measured,,,,,13.6058,,ok,0.4019
7.2069,417,,,0.4257,,,,,,9.3268,r1_measured_02194,read,measured,,,,,1.0953,,ok,0.527
14.8827,661,,,1.1578,,,,,,18.1172,r1_measured_02195,read,measured,,,,,1.4607,,ok,0.5368
12.5683,681,,,1.7175,,,,,,16.4442,r1_measured_02196,read,measured,,,,,1.6777,,ok,0.3907
17.1956,568,,,0.6323,,,,,,25.3693,r1_measured_02197,read,measured,,,,,7.1045,,ok,0.3669
15.8535,418,,,0.4469,,,,,,19.9421,r1_measured_02198,read,measured,,,,,3.2216,,ok,0.3632
12.4313,368,,,0.2532,,,,,,15.7338,r1_measured_02199,read,measured,,,,,2.552,,ok,0.4281
12.0186,680,,,1.5933,,,,,,25.8374,r1_measured_02200,read,measured,,,,,11.7379,,ok,0.3965
9.2077,679,,,1.984,,,,,,31.6901,r1_measured_02201,read,measured,,,,,20.0679,,ok,0.3588
8.4914,674,,,0.6867,,,,,,17.5059,r1_measured_02202,read,measured,,,,,7.8713,,ok,0.3844
10.2287,680,,,1.0718,,,,,,21.915,r1_measured_02203,read,measured,,,,,10.1026,,ok,0.4355
8.8836,687,,,1.9387,,,,,,22.3307,r1_measured_02204,read,measured,,,,,11.0591,,ok,0.366
10.0116,679,,,1.4663,,,,,,27.2803,r1_measured_02205,read,measured,,,,,15.3743,,ok,0.3547
8.2764,418,,,0.3327,,,,,,11.5876,r1_measured_02206,read,measured,,,,,2.5235,,ok,0.3822
14.3791,674,,,0.5281,,,,,,18.564,r1_measured_02207,read,measured,,,,,3.2307,,ok,0.3576
12.3957,679,,,1.8365,,,,,,23.6958,r1_measured_02208,read,measured,,,,,9.0272,,ok,0.3645
8.8608,679,,,0.5748,,,,,,18.6011,r1_measured_02209,read,measured,,,,,8.7338,,ok,0.3587
9.1649,674,,,0.6188,,,,,,23.6784,r1_measured_02210,read,measured,,,,,13.3532,,ok,0.4624
7.2143,674,,,0.5542,,,,,,19.2516,r1_measured_02211,read,measured,,,,,11.0149,,ok,0.3879
10.9191,681,,,0.5689,,,,,,32.6975,r1_measured_02212,read,measured,,,,,20.7799,,ok,0.3556
8.3423,688,,,1.6173,,,,,,20.2666,r1_measured_02213,read,measured,,,,,9.8402,,ok,0.3935
8.2719,688,,,1.1406,,,,,,28.275,r1_measured_02214,read,measured,,,,,18.4486,,ok,0.3471
5.5209,662,,,1.0604,,,,,,11.3543,r1_measured_02215,read,measured,,,,,4.326,,ok,0.3784
12.4517,661,,,1.0788,,,,,,16.4009,r1_measured_02216,read,measured,,,,,2.3534,,ok,0.383
10.9754,680,,,1.6675,,,,,,16.5421,r1_measured_02217,read,measured,,,,,3.4484,,ok,0.3716
7.2964,417,,,0.3248,,,,,,9.3602,r1_measured_02218,read,measured,,,,,1.2871,,ok,0.3875
14.7163,368,,,0.2426,,,,,,19.0946,r1_measured_02219,read,measured,,,,,3.6973,,ok,0.3872
237.4571,509,21.6514,9.7158,0.5693,139.8015,1,9.7143,1,36.7445,259.7283,r1_measured_02220,update,measured,27.0287,22.2712,1,5.148,16.452,34.1117,ok,0.359
11.3028,568,,,1.4693,,,,,,23.8229,r1_measured_02221,read,measured,,,,,10.6003,,ok,0.3653
7.7955,628,,,1.665,,,,,,13.0146,r1_measured_02222,read,measured,,,,,3.0699,,ok,0.4118
7.5888,566,,,1.8404,,,,,,16.0808,r1_measured_02223,read,measured,,,,,6.2363,,ok,0.3536
10.761,680,,,2.7389,,,,,,16.8499,r1_measured_02224,read,measured,,,,,2.9088,,ok,0.3651
9.3368,680,,,0.9415,,,,,,21.4856,r1_measured_02225,read,measured,,,,,10.7797,,ok,0.3585
6.6158,568,,,1.0195,,,,,,15.8825,r1_measured_02226,read,measured,,,,,7.5446,,ok,0.6338
10.1207,624,,,1.2269,,,,,,17.1017,r1_measured_02227,read,measured,,,,,5.3474,,ok,0.3429
8.7492,663,,,1.7955,,,,,,15.2003,r1_measured_02228,read,measured,,,,,4.2214,,ok,0.3669
277.1475,509,11.0598,5.9431,1.2809,47.9387,1,5.9415,1,53.8294,293.6812,r1_measured_02229,update,measured,47.8863,16.5337,1,6.6888,14.8186,157.6308,ok,0.3761
13.9692,566,,,2.7948,,,,,,43.6969,r1_measured_02230,read,measured,,,,,26.3907,,ok,0.4473
10.7226,508,,,13.1904,,,,,,28.6687,r1_measured_02231,read,measured,,,,,4.2454,,ok,0.442
9.6144,509,,,6.5206,,,,,,32.4211,r1_measured_02232,read,measured,,,,,15.7438,,ok,0.4609
32.1182,509,,,1.8211,,,,,,42.1948,r1_measured_02233,read,measured,,,,,7.7329,,ok,0.4509
31.1055,673,,,1.6424,,,,,,39.8677,r1_measured_02234,read,measured,,,,,6.4485,,ok,0.5909
30.5613,680,,,3.3968,,,,,,41.1196,r1_measured_02235,read,measured,,,,,6.6804,,ok,0.3908
23.0973,568,,,0.7905,,,,,,27.022,r1_measured_02236,read,measured,,,,,2.573,,ok,0.4773
15.8122,627,,,0.5305,,,,,,24.5522,r1_measured_02237,read,measured,,,,,7.7512,,ok,0.3869
9.6995,674,,,1.3925,,,,,,13.7588,r1_measured_02238,read,measured,,,,,2.1953,,ok,0.3971
11.0127,680,,,0.9767,,,,,,19.632,r1_measured_02239,read,measured,,,,,7.1951,,ok,0.3766
10.6591,680,,,1.3907,,,,,,19.6289,r1_measured_02240,read,measured,,,,,7.1274,,ok,0.376
9.2644,509,,,0.9064,,,,,,20.274,r1_measured_02241,read,measured,,,,,9.6441,,ok,0.3954
6.081,418,,,0.2882,,,,,,9.1937,r1_measured_02242,read,measured,,,,,2.3863,,ok,0.3805
6.3108,509,,,0.5495,,,,,,15.1198,r1_measured_02243,read,measured,,,,,7.8148,,ok,0.3809
9.1689,678,,,1.5495,,,,,,13.307,r1_measured_02244,read,measured,,,,,2.1279,,ok,0.3892
8.1675,689,,,1.4748,,,,,,18.3261,r1_measured_02245,read,measured,,,,,8.1845,,ok,0.4223
8.3992,418,,,0.2854,,,,,,11.2947,r1_measured_02246,read,measured,,,,,2.0875,,ok,0.4494
7.6783,674,,,0.7872,,,,,,18.2541,r1_measured_02247,read,measured,,,,,9.3354,,ok,0.3816
205.1497,680,12.2477,3.4295,1.2801,137.1986,0,3.4278,1,17.9642,218.8401,r1_measured_02248,update,measured,14.5347,13.6904,1,5.393,12.0196,32.3462,ok,0.3288
7.0715,680,,,0.9537,,,,,,19.471,r1_measured_02249,read,measured,,,,,11.0107,,ok,0.3623
7.1589,418,,,1.5816,,,,,,13.2374,r1_measured_02250,read,measured,,,,,4.081,,ok,0.3553
5.7246,663,,,1.902,,,,,,14.2774,r1_measured_02251,read,measured,,,,,6.2101,,ok,0.3682
5.7573,686,,,0.9853,,,,,,37.8605,r1_measured_02252,read,measured,,,,,30.6711,,ok,0.3676
6.4971,367,,,0.5507,,,,,,30.3123,r1_measured_02253,read,measured,,,,,22.8416,,ok,0.3653
186.62,417,15.8305,5.5563,0.2484,103.4542,1,5.554,1,42.1902,189.1606,r1_measured_02254,update,measured,36.6339,2.5406,1,1.9686,1.8434,23.1765,ok,0.3917
25.6839,686,,,1.1603,,,,,,33.255,r1_measured_02255,read,measured,,,,,5.4719,,ok,0.8515
28.566,661,,,1.783,,,,,,35.5658,r1_measured_02256,read,measured,,,,,4.8028,,ok,0.349
12.1651,369,,,0.2322,,,,,,14.5602,r1_measured_02257,read,measured,,,,,1.8082,,ok,0.3123
7.4484,663,,,1.2992,,,,,,36.6086,r1_measured_02258,read,measured,,,,,27.448,,ok,0.3514
5.3905,418,,,0.4883,,,,,,17.2297,r1_measured_02259,read,measured,,,,,10.6621,,ok,0.6179
146.1902,689,9.8686,13.67,0.5705,50.2191,1,13.6683,1,31.9911,157.3208,r1_measured_02260,update,measured,18.3211,11.1306,1,4.6939,10.1768,49.4175,ok,0.3223
21.7452,662,,,0.665,,,,,,28.8511,r1_measured_02261,read,measured,,,,,5.9946,,ok,0.3768
10.9444,628,,,0.8859,,,,,,15.104,r1_measured_02262,read,measured,,,,,2.7978,,ok,0.3978
4.4228,629,,,0.6709,,,,,,7.7316,r1_measured_02263,read,measured,,,,,2.1864,,ok,0.3843
4.6853,680,,,0.609,,,,,,30.1109,r1_measured_02264,read,measured,,,,,24.3934,,ok,0.3442
25.0862,417,,,0.5708,,,,,,43.1911,r1_measured_02265,read,measured,,,,,16.9827,,ok,0.4822
110.1166,369,11.3889,21.3429,0.2668,13.1661,1,21.3413,1,50.8579,113.9356,r1_measured_02266,update,measured,29.515,3.819,1,4.3344,3.0453,30.3693,ok,0.4468
23.4048,674,,,0.662,,,,,,31.3274,r1_measured_02267,read,measured,,,,,6.8047,,ok,0.3832
66.5801,369,6.8045,7.0859,0.223,11.5487,0,7.084,1,24.728,68.8866,r1_measured_02268,update,measured,17.6421,2.3065,1,7.3462,1.6232,16.1527,ok,0.4111
15.6664,508,,,0.5156,,,,,,33.9762,r1_measured_02269,read,measured,,,,,17.3445,,ok,0.3838
13.8639,629,,,0.5039,,,,,,21.5359,r1_measured_02270,read,measured,,,,,6.7393,,ok,0.3576
16.3335,368,,,0.2715,,,,,,17.9923,r1_measured_02271,read,measured,,,,,0.9377,,ok,0.3948
109.5086,567,22.1138,10.6543,1.1754,8.6607,1,10.6527,1,33.3329,112.6017,r1_measured_02272,update,measured,22.6786,3.0931,1,6.3149,1.5092,39.0863,ok,0.3501
12.0456,674,,,0.6833,,,,,,40.7381,r1_measured_02273,read,measured,,,,,27.5147,,ok,0.4075
10.1424,567,,,2.1235,,,,,,14.2375,r1_measured_02274,read,measured,,,,,1.5576,,ok,0.3504
12.2557,418,,,0.2463,,,,,,14.3468,r1_measured_02275,read,measured,,,,,1.4714,,ok,0.3255
10.5528,509,,,14.7067,,,,,,31.4877,r1_measured_02276,read,measured,,,,,5.7446,,ok,0.4227
8.2285,674,,,0.5236,,,,,,48.309,r1_measured_02277,read,measured,,,,,39.1316,,ok,0.3577
7.8046,681,,,1.7848,,,,,,37.1886,r1_measured_02278,read,measured,,,,,27.1927,,ok,0.3416
5.4273,509,,,0.5721,,,,,,40.9652,r1_measured_02279,read,measured,,,,,34.5593,,ok,0.3459
28.5685,678,,,1.0871,,,,,,31.47,r1_measured_02280,read,measured,,,,,1.2458,,ok,0.4888
28.2513,689,,,0.8857,,,,,,39.9165,r1_measured_02281,read,measured,,,,,10.2847,,ok,0.4134
16.8575,688,,,0.6746,,,,,,27.8457,r1_measured_02282,read,measured,,,,,9.9077,,ok,0.3393
15.4268,509,,,1.2561,,,,,,20.6484,r1_measured_02283,read,measured,,,,,3.5609,,ok,0.3345
12.8669,680,,,0.8126,,,,,,17.3892,r1_measured_02284,read,measured,,,,,3.0747,,ok,0.5707
12.0531,627,,,1.5048,,,,,,17.0911,r1_measured_02285,read,measured,,,,,3.1384,,ok,0.3357
13.9509,568,,,0.4996,,,,,,15.7689,r1_measured_02286,read,measured,,,,,0.8059,,ok,0.4392
24.3747,681,,,1.5355,,,,,,30.2785,r1_measured_02287,read,measured,,,,,3.9356,,ok,0.3141
25.4595,689,,,0.9199,,,,,,28.3803,r1_measured_02288,read,measured,,,,,1.5944,,ok,0.3345
24.4408,661,,,1.1696,,,,,,28.9407,r1_measured_02289,read,measured,,,,,2.9422,,ok,0.3228
26.1224,662,,,1.32,,,,,,33.743,r1_measured_02290,read,measured,,,,,5.8457,,ok,0.3937
23.9481,673,,,0.7928,,,,,,27.3868,r1_measured_02291,read,measured,,,,,2.2722,,ok,0.3151
262.6937,678,17.0872,17.3793,5.6807,160.9663,1,17.3778,1,45.8799,276.5678,r1_measured_02292,update,measured,28.5006,13.8741,1,7.8368,7.6612,30.9235,ok,0.4406
23.5305,663,,,1.0397,,,,,,30.6938,r1_measured_02293,read,measured,,,,,5.7302,,ok,0.3351
11.1974,418,,,0.2978,,,,,,13.1214,r1_measured_02294,read,measured,,,,,1.2368,,ok,0.3333
10.3263,628,,,0.5659,,,,,,19.4367,r1_measured_02295,read,measured,,,,,8.0663,,ok,0.4107
9.0024,568,,,1.8884,,,,,,16.4523,r1_measured_02296,read,measured,,,,,5.1425,,ok,0.3576
9.118,663,,,0.9361,,,,,,16.3272,r1_measured_02297,read,measured,,,,,5.709,,ok,0.501
10.0674,674,,,1.8397,,,,,,22.6049,r1_measured_02298,read,measured,,,,,10.2684,,ok,0.3645
6.7356,680,,,1.4634,,,,,,12.8441,r1_measured_02299,read,measured,,,,,4.2015,,ok,0.3737
13.3332,417,,,0.276,,,,,,15.6867,r1_measured_02300,read,measured,,,,,1.5979,,ok,0.3744
10.329,417,,,0.2711,,,,,,15.7022,r1_measured_02301,read,measured,,,,,4.7201,,ok,0.3287
7.5101,674,,,1.7137,,,,,,15.0307,r1_measured_02302,read,measured,,,,,5.401,,ok,0.3363
29.7309,688,,,0.57,,,,,,49.817,r1_measured_02303,read,measured,,,,,19.0867,,ok,0.3567
27.2467,680,,,0.85,,,,,,44.6421,r1_measured_02304,read,measured,,,,,16.096,,ok,0.3751
25.8589,681,,,0.9257,,,,,,41.8398,r1_measured_02305,read,measured,,,,,14.6101,,ok,0.3699
33.6131,628,,,0.6145,,,,,,43.0641,r1_measured_02306,read,measured,,,,,8.4073,,ok,0.3635
32.8931,679,,,0.6737,,,,,,44.0616,r1_measured_02307,read,measured,,,,,9.8322,,ok,0.5684
32.0604,662,,,0.7291,,,,,,44.6858,r1_measured_02308,read,measured,,,,,11.4573,,ok,0.3714
30.0432,418,,,0.2762,,,,,,35.1096,r1_measured_02309,read,measured,,,,,4.3214,,ok,0.4128
11.9959,418,,,0.3687,,,,,,16.2501,r1_measured_02310,read,measured,,,,,3.4602,,ok,0.3605
10.375,681,,,0.7039,,,,,,97.3615,r1_measured_02311,read,measured,,,,,85.8812,,ok,0.3283
175.9217,662,18.7239,6.0927,1.3559,9.2021,1,6.0912,1,102.9193,178.9894,r1_measured_02312,update,measured,96.8266,3.0677,1,8.5075,1.2063,36.5689,ok,0.4393
6.8449,680,,,0.8816,,,,,,96.1258,r1_measured_02313,read,measured,,,,,88.0067,,ok,0.3217
7.9326,674,,,1.7644,,,,,,95.8743,r1_measured_02314,read,measured,,,,,85.7889,,ok,0.3112
6.1883,680,,,1.596,,,,,,103.6948,r1_measured_02315,read,measured,,,,,95.3318,,ok,0.4854
86.612,663,,,0.7244,,,,,,95.5664,r1_measured_02316,read,measured,,,,,7.5811,,ok,0.5645
86.6514,628,,,0.7689,,,,,,97.7554,r1_measured_02317,read,measured,,,,,9.8248,,ok,0.4254
8.9937,629,,,2.1799,,,,,,48.8456,r1_measured_02318,read,measured,,,,,37.1111,,ok,0.4606
7.5182,628,,,1.2406,,,,,,45.8118,r1_measured_02319,read,measured,,,,,36.0507,,ok,0.9073
5.6477,369,,,0.2792,,,,,,8.6732,r1_measured_02320,read,measured,,,,,2.2766,,ok,0.4085
42.7856,663,,,1.0233,,,,,,48.7488,r1_measured_02321,read,measured,,,,,4.4504,,ok,0.4099
32.0268,509,,,0.8721,,,,,,41.0216,r1_measured_02322,read,measured,,,,,7.6583,,ok,0.3901
31.635,681,,,0.578,,,,,,44.894,r1_measured_02323,read,measured,,,,,12.2249,,ok,0.3732
29.3339,689,,,1.4925,,,,,,41.3792,r1_measured_02324,read,measured,,,,,10.0476,,ok,0.4215
23.9171,681,,,2.8392,,,,,,37.0707,r1_measured_02325,read,measured,,,,,9.8598,,ok,0.3786
23.1786,663,,,1.4578,,,,,,27.6214,r1_measured_02326,read,measured,,,,,2.4846,,ok,0.4236
16.1646,568,,,0.8266,,,,,,26.0499,r1_measured_02327,read,measured,,,,,8.6313,,ok,0.3574
13.2745,567,,,2.9384,,,,,,28.5866,r1_measured_02328,read,measured,,,,,11.9381,,ok,0.3675
15.0936,679,,,3.966,,,,,,30.2024,r1_measured_02329,read,measured,,,,,10.668,,ok,0.3902
14.5788,674,,,0.8963,,,,,,17.6375,r1_measured_02330,read,measured,,,,,1.7203,,ok,0.3744
16.5681,681,,,0.9037,,,,,,21.1059,r1_measured_02331,read,measured,,,,,3.0474,,ok,0.5102
15.9726,675,,,1.4614,,,,,,20.855,r1_measured_02332,read,measured,,,,,2.9857,,ok,0.3681
13.4134,417,,,0.2801,,,,,,15.2618,r1_measured_02333,read,measured,,,,,1.1519,,ok,0.3528
17.2593,508,,,3.0255,,,,,,34.1215,r1_measured_02334,read,measured,,,,,13.3849,,ok,0.3809
16.095,418,,,0.3072,,,,,,19.2291,r1_measured_02335,read,measured,,,,,2.3744,,ok,0.3882
16.0505,509,,,1.398,,,,,,31.5568,r1_measured_02336,read,measured,,,,,13.6768,,ok,0.3721
14.0888,628,,,0.6632,,,,,,19.4804,r1_measured_02337,read,measured,,,,,4.2495,,ok,0.402
9.2802,681,,,1.5698,,,,,,17.0969,r1_measured_02338,read,measured,,,,,5.7618,,ok,0.4087
7.1572,567,,,2.7341,,,,,,16.3152,r1_measured_02339,read,measured,,,,,5.9837,,ok,0.3722
12.5549,679,,,1.2924,,,,,,23.381,r1_measured_02340,read,measured,,,,,9.0482,,ok,0.3979
14.1881,674,,,0.7694,,,,,,17.8963,r1_measured_02341,read,measured,,,,,2.4864,,ok,0.38
8.8413,628,,,0.8013,,,,,,15.9424,r1_measured_02342,read,measured,,,,,5.8505,,ok,0.3636
16.619,689,,,1.0459,,,,,,20.7696,r1_measured_02343,read,measured,,,,,2.6364,,ok,0.3865
13.2765,628,,,1.4974,,,,,,18.7275,r1_measured_02344,read,measured,,,,,3.4995,,ok,0.3773
12.3607,680,,,2.3846,,,,,,20.6783,r1_measured_02345,read,measured,,,,,5.423,,ok,0.4321
16.8192,629,,,1.3499,,,,,,31.2318,r1_measured_02346,read,measured,,,,,12.6279,,ok,0.3686
16.1074,674,,,0.9688,,,,,,23.3184,r1_measured_02347,read,measured,,,,,5.802,,ok,0.371
14.5607,687,,,0.7763,,,,,,20.5204,r1_measured_02348,read,measured,,,,,4.7096,,ok,0.4027
12.926,418,,,0.3421,,,,,,15.8067,r1_measured_02349,read,measured,,,,,2.1153,,ok,0.3674
11.3869,566,,,1.3875,,,,,,20.5611,r1_measured_02350,read,measured,,,,,7.3467,,ok,0.3755
9.8194,509,,,0.7272,,,,,,17.5563,r1_measured_02351,read,measured,,,,,6.5766,,ok,0.372
14.0189,568,,,1.8063,,,,,,21.9741,r1_measured_02352,read,measured,,,,,5.7287,,ok,0.3588
10.779,568,,,1.706,,,,,,14.5211,r1_measured_02353,read,measured,,,,,1.5957,,ok,0.3764
15.0045,679,,,0.8497,,,,,,18.3105,r1_measured_02354,read,measured,,,,,1.9747,,ok,0.4074
12.4548,680,,,1.0716,,,,,,17.6648,r1_measured_02355,read,measured,,,,,3.6655,,ok,0.3985
10.9618,680,,,3.1793,,,,,,21.0351,r1_measured_02356,read,measured,,,,,6.3297,,ok,0.4909
9.7959,627,,,1.4851,,,,,,15.7007,r1_measured_02357,read,measured,,,,,3.9906,,ok,0.3619
17.2395,689,,,1.5037,,,,,,23.6555,r1_measured_02358,read,measured,,,,,4.4282,,ok,0.4046
15.5061,689,,,0.8729,,,,,,21.1555,r1_measured_02359,read,measured,,,,,4.2963,,ok,0.4009
15.2446,680,,,0.6799,,,,,,18.1069,r1_measured_02360,read,measured,,,,,1.6493,,ok,0.4499
11.2166,674,,,2.0609,,,,,,21.4249,r1_measured_02361,read,measured,,,,,7.5605,,ok,0.507
18.3697,629,,,1.3211,,,,,,23.7191,r1_measured_02362,read,measured,,,,,3.6013,,ok,0.3613
16.7432,680,,,2.0101,,,,,,24.8599,r1_measured_02363,read,measured,,,,,5.6405,,ok,0.3953
15.5457,624,,,0.8595,,,,,,19.7479,r1_measured_02364,read,measured,,,,,2.872,,ok,0.3959
10.5825,417,,,0.2929,,,,,,13.2274,r1_measured_02365,read,measured,,,,,1.9247,,ok,0.3709
15.6809,680,,,0.8147,,,,,,19.6635,r1_measured_02366,read,measured,,,,,2.7004,,ok,0.3947
13.7975,678,,,1.3617,,,,,,18.4541,r1_measured_02367,read,measured,,,,,2.8369,,ok,0.3836
13.2138,680,,,0.949,,,,,,19.6807,r1_measured_02368,read,measured,,,,,5.0405,,ok,0.4021
9.833,663,,,1.4211,,,,,,17.5026,r1_measured_02369,read,measured,,,,,5.8051,,ok,0.3701
16.9818,568,,,0.9271,,,,,,22.3696,r1_measured_02370,read,measured,,,,,4.0074,,ok,0.38
15.4541,679,,,1.5945,,,,,,25.7397,r1_measured_02371,read,measured,,,,,8.2164,,ok,0.402
14.8173,628,,,1.7963,,,,,,25.9933,r1_measured_02372,read,measured,,,,,8.9339,,ok,0.3761
10.9872,419,,,0.3259,,,,,,13.44,r1_measured_02373,read,measured,,,,,1.6616,,ok,0.3838
15.4881,629,,,1.2489,,,,,,24.9902,r1_measured_02374,read,measured,,,,,7.8142,,ok,0.372
14.8023,679,,,0.8572,,,,,,21.8201,r1_measured_02375,read,measured,,,,,5.6881,,ok,0.384
13.1233,680,,,1.7679,,,,,,20.8589,r1_measured_02376,read,measured,,,,,5.4979,,ok,0.3975
7.8914,418,,,0.2722,,,,,,9.1036,r1_measured_02377,read,measured,,,,,0.5409,,ok,0.3451
10.5196,689,,,1.9547,,,,,,18.7101,r1_measured_02378,read,measured,,,,,5.7617,,ok,0.4023
16.2686,629,,,0.6501,,,,,,20.0984,r1_measured_02379,read,measured,,,,,2.656,,ok,0.4502
15.6482,679,,,3.0467,,,,,,26.0372,r1_measured_02380,read,measured,,,,,6.8314,,ok,0.4321
11.0699,628,,,3.4964,,,,,,19.3609,r1_measured_02381,read,measured,,,,,4.3108,,ok,0.415
10.2191,674,,,0.6022,,,,,,16.7525,r1_measured_02382,read,measured,,,,,4.5642,,ok,1.284
17.086,627,,,0.4982,,,,,,23.997,r1_measured_02383,read,measured,,,,,5.973,,ok,0.3713
15.4241,418,,,0.3001,,,,,,18.0107,r1_measured_02384,read,measured,,,,,1.8655,,ok,0.3653
15.8375,680,,,2.4284,,,,,,25.1904,r1_measured_02385,read,measured,,,,,6.4797,,ok,0.3741
12.2302,663,,,0.6287,,,,,,17.1036,r1_measured_02386,read,measured,,,,,3.7359,,ok,0.4321
19.9233,681,,,0.5656,,,,,,31.6998,r1_measured_02387,read,measured,,,,,10.7817,,ok,0.3556
16.2247,662,,,0.5748,,,,,,19.6274,r1_measured_02388,read,measured,,,,,2.3767,,ok,0.3819
13.6363,568,,,0.9141,,,,,,21.4481,r1_measured_02389,read,measured,,,,,6.4504,,ok,0.379
11.2591,673,,,0.5412,,,,,,16.9804,r1_measured_02390,read,measured,,,,,4.7364,,ok,0.3738
8.7931,680,,,1.391,,,,,,17.0524,r1_measured_02391,read,measured,,,,,6.4394,,ok,0.3627
15.7532,679,,,1.348,,,,,,26.3229,r1_measured_02392,read,measured,,,,,8.7399,,ok,0.3987
14.7473,627,,,0.5141,,,,,,31.2107,r1_measured_02393,read,measured,,,,,15.5052,,ok,0.3642
11.0499,673,,,1.4856,,,,,,22.24,r1_measured_02394,read,measured,,,,,9.2456,,ok,0.378
12.5339,674,,,1.3758,,,,,,21.2361,r1_measured_02395,read,measured,,,,,6.8779,,ok,0.3773
11.7142,678,,,2.003,,,,,,47.6422,r1_measured_02396,read,measured,,,,,33.4454,,ok,0.3927
145.9402,418,6.5339,5.8094,0.3461,78.2509,1,5.8076,1,21.0733,148.7658,r1_measured_02397,update,measured,15.2639,2.8256,1,1.8622,2.0332,38.2199,ok,0.3813
6.4276,508,,,0.5388,,,,,,21.3504,r1_measured_02398,read,measured,,,,,13.959,,ok,0.3572
6.1694,679,,,2.9633,,,,,,38.8406,r1_measured_02399,read,measured,,,,,29.191,,ok,0.4353
3.6745,509,,,5.6853,,,,,,29.3866,r1_measured_02400,read,measured,,,,,18.8857,,ok,1.0403
6.5546,680,,,1.5205,,,,,,34.165,r1_measured_02401,read,measured,,,,,25.5649,,ok,0.4462
199.2782,674,76.6157,15.246,0.7499,38.0177,1,15.2445,1,42.8959,214.1493,r1_measured_02402,update,measured,27.6499,14.8711,1,10.6301,13.7303,31.1188,ok,0.3154
28.8029,418,,,0.3803,,,,,,30.8896,r1_measured_02403,read,measured,,,,,1.1537,,ok,0.4569
26.5601,368,,,0.2725,,,,,,31.4702,r1_measured_02404,read,measured,,,,,4.0778,,ok,0.4818
14.9414,624,,,2.8211,,,,,,25.3701,r1_measured_02405,read,measured,,,,,7.1705,,ok,0.3715
12.8354,663,,,1.9257,,,,,,22.3948,r1_measured_02406,read,measured,,,,,7.1657,,ok,0.3953
10.6935,567,,,1.238,,,,,,23.1048,r1_measured_02407,read,measured,,,,,10.713,,ok,0.39
8.5034,678,,,1.6279,,,,,,17.3822,r1_measured_02408,read,measured,,,,,6.7848,,ok,0.3921
8.4415,677,,,1.3185,,,,,,20.5683,r1_measured_02409,read,measured,,,,,10.353,,ok,0.3809
5.812,678,,,0.6893,,,,,,9.2185,r1_measured_02410,read,measured,,,,,2.2239,,ok,0.4182
16.9499,567,,,0.6703,,,,,,40.3163,r1_measured_02411,read,measured,,,,,22.269,,ok,0.3536
31.0513,680,,,0.924,,,,,,44.4868,r1_measured_02412,read,measured,,,,,12.023,,ok,0.3993
29.6732,680,,,0.5779,,,,,,39.3049,r1_measured_02413,read,measured,,,,,8.634,,ok,0.3513
29.1823,663,,,0.6813,,,,,,45.2298,r1_measured_02414,read,measured,,,,,14.92,,ok,0.3721
27.2044,629,,,0.6328,,,,,,32.0114,r1_measured_02415,read,measured,,,,,3.7099,,ok,0.3864
30.3589,566,,,1.5049,,,,,,40.0403,r1_measured_02416,read,measured,,,,,7.7407,,ok,0.3633
3.6217,368,,,0.2319,,,,,,6.3069,r1_measured_02417,read,measured,,,,,2.0568,,ok,0.3461
4.9895,680,,,1.7017,,,,,,16.0585,r1_measured_02418,read,measured,,,,,8.9297,,ok,0.3696
8.6856,628,,,0.506,,,,,,15.5084,r1_measured_02419,read,measured,,,,,5.8999,,ok,0.3508
7.1692,418,,,0.2883,,,,,,8.9778,r1_measured_02420,read,measured,,,,,1.1216,,ok,0.3446
7.156,663,,,0.7072,,,,,,13.466,r1_measured_02421,read,measured,,,,,5.1763,,ok,0.3565
13.6318,508,,,0.7137,,,,,,24.7165,r1_measured_02422,read,measured,,,,,9.9467,,ok,0.3614
12.0554,678,,,1.3384,,,,,,20.5063,r1_measured_02423,read,measured,,,,,6.6346,,ok,0.367
11.0814,568,,,1.1351,,,,,,21.7346,r1_measured_02424,read,measured,,,,,9.0893,,ok,0.3659
8.2875,629,,,2.0586,,,,,,13.3668,r1_measured_02425,read,measured,,,,,2.5683,,ok,0.3786
7.9275,568,,,1.455,,,,,,15.6156,r1_measured_02426,read,measured,,,,,5.7943,,ok,0.3676
5.3765,369,,,0.246,,,,,,7.4949,r1_measured_02427,read,measured,,,,,1.456,,ok,0.3619
88.9033,663,,,0.7933,,,,,,95.057,r1_measured_02428,read,measured,,,,,4.9247,,ok,0.3723
86.2293,689,,,4.4262,,,,,,96.6083,r1_measured_02429,read,measured,,,,,5.593,,ok,0.2995
83.7448,629,,,0.6282,,,,,,90.0799,r1_measured_02430,read,measured,,,,,5.3245,,ok,0.3184
11.0725,629,,,1.047,,,,,,85.1893,r1_measured_02431,read,measured,,,,,72.6763,,ok,0.3248
82.7696,678,,,2.4236,,,,,,89.8569,r1_measured_02432,read,measured,,,,,4.2954,,ok,0.3023
81.279,568,,,2.4769,,,,,,90.422,r1_measured_02433,read,measured,,,,,6.31,,ok,0.2954
80.7857,681,,,2.0008,,,,,,84.8162,r1_measured_02434,read,measured,,,,,1.6448,,ok,0.3109
7.3679,568,,,1.3633,,,,,,13.1144,r1_measured_02435,read,measured,,,,,3.9756,,ok,0.346
13.0927,508,,,0.6161,,,,,,18.8919,r1_measured_02436,read,measured,,,,,4.5411,,ok,0.553
10.8981,418,,,0.3631,,,,,,14.4015,r1_measured_02437,read,measured,,,,,2.5475,,ok,0.5138
11.0159,627,,,1.6464,,,,,,28.2512,r1_measured_02438,read,measured,,,,,15.0858,,ok,0.4177
10.3465,568,,,0.8087,,,,,,24.202,r1_measured_02439,read,measured,,,,,12.6149,,ok,0.3597
8.1877,663,,,2.3115,,,,,,16.9184,r1_measured_02440,read,measured,,,,,5.9308,,ok,0.4044
96.2046,680,11.7549,12.4429,1.8696,6.804,1,12.4413,1,32.7642,100.504,r1_measured_02441,update,measured,20.3213,4.2994,1,3.3208,1.9232,41.5607,ok,0.4338
11.1351,419,,,0.3195,,,,,,13.974,r1_measured_02442,read,measured,,,,,2.1111,,ok,0.3495
10.7059,418,,,0.3075,,,,,,16.391,r1_measured_02443,read,measured,,,,,4.9466,,ok,0.3729
8.125,680,,,0.573,,,,,,17.7541,r1_measured_02444,read,measured,,,,,8.6024,,ok,0.3837
8.8366,674,,,0.6057,,,,,,23.0458,r1_measured_02445,read,measured,,,,,13.1491,,ok,0.3781
9.5082,508,,,0.4323,,,,,,13.5232,r1_measured_02446,read,measured,,,,,3.1477,,ok,0.3706
6.6829,568,,,14.5326,,,,,,34.2754,r1_measured_02447,read,measured,,,,,12.5112,,ok,0.4638
10.5463,418,,,0.28,,,,,,13.2033,r1_measured_02448,read,measured,,,,,1.9317,,ok,0.39
8.4389,662,,,0.5645,,,,,,56.417,r1_measured_02449,read,measured,,,,,46.9864,,ok,0.3582
7.066,681,,,6.7659,,,,,,38.6987,r1_measured_02450,read,measured,,,,,24.3929,,ok,0.3888
9.4818,419,,,0.3254,,,,,,36.8674,r1_measured_02451,read,measured,,,,,26.6226,,ok,0.3748
20.7773,680,,,0.5638,,,,,,46.1077,r1_measured_02452,read,measured,,,,,24.3215,,ok,0.3627
33.1295,681,,,0.5498,,,,,,43.4911,r1_measured_02453,read,measured,,,,,9.3645,,ok,0.3775
30.9537,418,,,0.3528,,,,,,32.8218,r1_measured_02454,read,measured,,,,,1.0559,,ok,0.3942
21.48,629,,,1.1441,,,,,,31.79,r1_measured_02455,read,measured,,,,,8.7364,,ok,0.3667
136.0603,663,25.9262,9.206,0.7648,4.2598,0,9.2043,1,37.683,149.6398,r1_measured_02456,update,measured,28.477,13.5795,1,5.3634,12.3385,62.8279,ok,0.3996
8.4101,689,,,0.5907,,,,,,16.0629,r1_measured_02457,read,measured,,,,,6.625,,ok,0.3648
133.0896,680,27.2804,4.411,1.6442,4.0414,1,4.4096,1,32.9867,155.8436,r1_measured_02458,update,measured,28.5757,22.754,1,32.5826,20.5991,36.1985,ok,0.4238
13.4433,689,,,1.3057,,,,,,16.8895,r1_measured_02459,read,measured,,,,,1.7037,,ok,0.3643
11.7152,624,,,1.9725,,,,,,18.9724,r1_measured_02460,read,measured,,,,,4.8377,,ok,0.384
7.0842,624,,,1.507,,,,,,9.9808,r1_measured_02461,read,measured,,,,,0.9576,,ok,0.3683
8.2188,628,,,2.0922,,,,,,16.6364,r1_measured_02462,read,measured,,,,,5.912,,ok,0.3549
9.3803,418,,,0.2676,,,,,,11.3799,r1_measured_02463,read,measured,,,,,1.3457,,ok,0.3361
9.5549,663,,,0.748,,,,,,11.9814,r1_measured_02464,read,measured,,,,,1.2402,,ok,0.3733
12.0703,679,,,0.6736,,,,,,70.8062,r1_measured_02465,read,measured,,,,,57.6427,,ok,0.3521
193.3329,679,29.4652,6.4137,1.8501,34.0639,1,6.4119,1,80.8318,209.9873,r1_measured_02466,update,measured,74.4181,16.6544,1,9.7458,14.2862,39.2262,ok,0.4159
8.2539,509,,,0.4325,,,,,,71.5391,r1_measured_02467,read,measured,,,,,62.468,,ok,0.3264
7.2954,689,,,0.9169,,,,,,67.6578,r1_measured_02468,read,measured,,,,,59.05,,ok,0.3292
51.0309,663,,,0.4987,,,,,,68.368,r1_measured_02469,read,measured,,,,,16.4288,,ok,0.3386
4.1381,689,,,1.2201,,,,,,63.9084,r1_measured_02470,read,measured,,,,,58.127,,ok,0.3524
21.4062,675,,,1.0572,,,,,,53.1463,r1_measured_02471,read,measured,,,,,30.2014,,ok,0.3988
13.5883,688,,,0.9739,,,,,,57.5261,r1_measured_02472,read,measured,,,,,42.4318,,ok,0.447
34.3872,680,,,1.6255,,,,,,51.3377,r1_measured_02473,read,measured,,,,,14.7909,,ok,0.4292
32.6543,689,,,0.615,,,,,,51.6194,r1_measured_02474,read,measured,,,,,17.8857,,ok,0.3743
16.0774,678,,,0.5279,,,,,,51.7175,r1_measured_02475,read,measured,,,,,34.6885,,ok,0.3507
14.2542,628,,,0.4759,,,,,,21.3282,r1_measured_02476,read,measured,,,,,6.1904,,ok,0.345
10.2946,508,,,0.5035,,,,,,19.9177,r1_measured_02477,read,measured,,,,,8.6791,,ok,0.3836
9.4881,680,,,0.5342,,,,,,13.5581,r1_measured_02478,read,measured,,,,,3.1057,,ok,0.362
8.1008,672,,,1.2541,,,,,,19.5389,r1_measured_02479,read,measured,,,,,9.6973,,ok,0.4151
7.2456,567,,,0.5145,,,,,,12.1278,r1_measured_02480,read,measured,,,,,3.9494,,ok,0.3607
203.6952,680,8.3253,6.0604,0.8071,114.574,1,6.0585,1,22.2354,221.7402,r1_measured_02481,update,measured,16.175,18.045,1,18.3452,16.8193,40.2153,ok,0.3545
10.7956,689,,,1.4909,,,,,,23.4663,r1_measured_02482,read,measured,,,,,10.717,,ok,0.387
7.9449,680,,,1.3612,,,,,,19.9349,r1_measured_02483,read,measured,,,,,10.1951,,ok,0.3617
8.367,689,,,1.265,,,,,,21.0855,r1_measured_02484,read,measured,,,,,10.9643,,ok,0.3782
6.0689,679,,,0.9353,,,,,,18.2725,r1_measured_02485,read,measured,,,,,10.8401,,ok,0.3584
6.0806,680,,,1.4665,,,,,,10.1252,r1_measured_02486,read,measured,,,,,2.1127,,ok,0.3894
4.9704,678,,,0.9041,,,,,,11.3975,r1_measured_02487,read,measured,,,,,5.0476,,ok,0.4011
9.9247,369,,,0.2412,,,,,,11.6023,r1_measured_02488,read,measured,,,,,1.0406,,ok,0.3429
13.4098,674,,,1.8675,,,,,,55.5821,r1_measured_02489,read,measured,,,,,39.8452,,ok,0.3872
11.1353,663,,,2.2482,,,,,,44.7551,r1_measured_02490,read,measured,,,,,30.8638,,ok,0.4292
9.1545,418,,,0.3532,,,,,,12.1469,r1_measured_02491,read,measured,,,,,2.1704,,ok,0.4066
7.5752,663,,,1.0058,,,,,,54.4692,r1_measured_02492,read,measured,,,,,45.1983,,ok,0.6198
6.8591,417,,,0.6215,,,,,,25.8692,r1_measured_02493,read,measured,,,,,17.8057,,ok,0.4934
30.1748,689,,,0.6078,,,,,,40.0093,r1_measured_02494,read,measured,,,,,8.7526,,ok,0.3917
31.9459,567,,,1.9227,,,,,,38.5572,r1_measured_02495,read,measured,,,,,4.2236,,ok,0.3888
15.6334,662,,,0.9931,,,,,,20.4846,r1_measured_02496,read,measured,,,,,3.3911,,ok,0.393
10.9459,509,,,0.6812,,,,,,14.1944,r1_measured_02497,read,measured,,,,,2.049,,ok,0.4521
12.9145,679,,,1.3129,,,,,,27.2805,r1_measured_02498,read,measured,,,,,12.6146,,ok,0.3674
11.1301,629,,,0.5182,,,,,,22.3341,r1_measured_02499,read,measured,,,,,10.2625,,ok,0.3592
9.9519,418,,,0.3286,,,,,,11.4988,r1_measured_02500,read,measured,,,,,0.7598,,ok,0.3876
124.1374,628,8.7927,4.9817,1.4221,39.4246,0,4.9802,1,22.4045,135.8269,r1_measured_02501,update,measured,17.4228,11.6895,1,2.6971,9.8156,50.8185,ok,0.388
8.9334,418,,,0.3238,,,,,,12.1917,r1_measured_02502,read,measured,,,,,2.4748,,ok,0.3849
8.1059,369,,,0.2412,,,,,,12.8262,r1_measured_02503,read,measured,,,,,4.0177,,ok,0.4043
9.3881,568,,,0.4884,,,,,,18.1111,r1_measured_02504,read,measured,,,,,7.8223,,ok,0.3495
109.0743,418,5.3408,3.9004,0.2643,30.0026,0,3.8985,1,27.9394,110.3889,r1_measured_02505,update,measured,24.039,1.3146,1,11.8454,0.6553,33.9461,ok,0.3236
4.1808,689,,,0.6858,,,,,,55.8481,r1_measured_02506,read,measured,,,,,50.3916,,ok,0.4951
21.2274,567,,,1.5307,,,,,,57.6212,r1_measured_02507,read,measured,,,,,34.3819,,ok,0.4101
19.0999,627,,,0.6146,,,,,,27.1655,r1_measured_02508,read,measured,,,,,6.9941,,ok,0.3837
22.3473,673,,,2.4407,,,,,,51.3379,r1_measured_02509,read,measured,,,,,26.0505,,ok,0.4168
25.5524,369,,,0.3647,,,,,,37.2512,r1_measured_02510,read,measured,,,,,10.7665,,ok,0.5066
20.4178,685,,,1.5421,,,,,,34.4078,r1_measured_02511,read,measured,,,,,11.9661,,ok,0.396
6.0999,628,,,0.6986,,,,,,16.9034,r1_measured_02512,read,measured,,,,,9.6445,,ok,0.3897
6.6155,568,,,0.6137,,,,,,15.7553,r1_measured_02513,read,measured,,,,,8.0943,,ok,0.3645
8.1085,417,,,0.301,,,,,,9.8798,r1_measured_02514,read,measured,,,,,1.0382,,ok,0.3737
6.6212,509,,,1.1426,,,,,,20.6777,r1_measured_02515,read,measured,,,,,12.4905,,ok,0.363
8.0816,369,,,0.2431,,,,,,9.9575,r1_measured_02516,read,measured,,,,,1.2123,,ok,0.3677
5.6664,508,,,0.7967,,,,,,13.5093,r1_measured_02517,read,measured,,,,,6.6541,,ok,0.3367
5.64,418,,,0.5519,,,,,,8.2774,r1_measured_02518,read,measured,,,,,1.6699,,ok,0.3618
4.9727,689,,,1.2206,,,,,,12.3828,r1_measured_02519,read,measured,,,,,5.7722,,ok,0.3505
4.6219,686,,,0.5074,,,,,,11.1914,r1_measured_02520,read,measured,,,,,5.6497,,ok,0.3474
5.217,680,,,0.6614,,,,,,25.491,r1_measured_02521,read,measured,,,,,0.7027,,ok,0.3577
6.7037,663,,,0.5267,,,,,,17.4553,r1_measured_02522,read,measured,,,,,9.8097,,ok,0.3491
7.3922,689,,,0.6045,,,,,,15.0657,r1_measured_02523,read,measured,,,,,6.6394,,ok,0.3607
5.3588,680,,,0.9428,,,,,,10.1879,r1_measured_02524,read,measured,,,,,3.362,,ok,0.4609
4.6954,688,,,1.4419,,,,,,9.4358,r1_measured_02525,read,measured,,,,,2.7888,,ok,0.4355
15.9092,678,,,2.0779,,,,,,31.7317,r1_measured_02526,read,measured,,,,,13.3292,,ok,0.3436
14.1391,628,,,0.8111,,,,,,26.0008,r1_measured_02527,read,measured,,,,,10.4801,,ok,0.5075
13.0924,662,,,0.6008,,,,,,22.1141,r1_measured_02528,read,measured,,,,,7.9454,,ok,0.402
14.3122,689,,,2.0712,,,,,,26.8131,r1_measured_02529,read,measured,,,,,10.0107,,ok,0.3472
13.1448,679,,,0.9018,,,,,,20.7669,r1_measured_02530,read,measured,,,,,6.3026,,ok,0.3474
9.2444,662,,,1.2461,,,,,,21.757,r1_measured_02531,read,measured,,,,,10.7872,,ok,0.4041
24.4678,679,,,1.6126,,,,,,38.384,r1_measured_02532,read,measured,,,,,11.7579,,ok,0.4671
21.7411,678,,,2.5555,,,,,,31.5005,r1_measured_02533,read,measured,,,,,6.7475,,ok,0.3874
20.4961,417,,,0.3509,,,,,,23.5975,r1_measured_02534,read,measured,,,,,2.3494,,ok,0.34
18.7823,689,,,1.0493,,,,,,31.7885,r1_measured_02535,read,measured,,,,,11.4113,,ok,0.4696
17.0533,675,,,1.5446,,,,,,25.9271,r1_measured_02536,read,measured,,,,,6.5086,,ok,0.7576
17.5956,681,,,2.3386,,,,,,25.875,r1_measured_02537,read,measured,,,,,5.5517,,ok,0.3262
9.6831,568,,,2.9199,,,,,,14.2452,r1_measured_02538,read,measured,,,,,1.1753,,ok,0.3753
13.8439,678,,,0.6433,,,,,,19.0336,r1_measured_02539,read,measured,,,,,4.115,,ok,0.3672
12.0498,419,,,0.3204,,,,,,21.0463,r1_measured_02540,read,measured,,,,,8.2286,,ok,0.3902
7.9804,567,,,0.4803,,,,,,29.8966,r1_measured_02541,read,measured,,,,,21.0143,,ok,0.3615
11.7721,689,,,1.2459,,,,,,21.9403,r1_measured_02542,read,measured,,,,,8.2616,,ok,0.5816
7.9444,417,,,0.2892,,,,,,10.6515,r1_measured_02543,read,measured,,,,,1.966,,ok,0.3877
8.6426,567,,,1.8628,,,,,,24.9017,r1_measured_02544,read,measured,,,,,13.8873,,ok,0.4301
12.6273,663,,,2.7496,,,,,,18.9311,r1_measured_02545,read,measured,,,,,3.089,,ok,0.3872
9.7784,674,,,1.3796,,,,,,23.2996,r1_measured_02546,read,measured,,,,,11.6927,,ok,0.375
8.3218,508,,,0.8092,,,,,,21.216,r1_measured_02547,read,measured,,,,,11.555,,ok,0.4613
10.5037,677,,,2.1047,,,,,,20.9797,r1_measured_02548,read,measured,,,,,7.9264,,ok,0.3724
8.9299,418,,,0.2836,,,,,,10.8177,r1_measured_02549,read,measured,,,,,1.1471,,ok,0.3978
272.1019,681,17.6535,6.2384,2.0515,106.602,1,6.2367,1,93.582,275.5139,r1_measured_02550,update,measured,87.3436,3.412,1,0.0047,0.9088,54.2597,ok,0.3872
11.2898,675,,,8.5345,,,,,,100.1481,r1_measured_02551,read,measured,,,,,79.4673,,ok,0.7652
7.8677,663,,,1.4915,,,,,,85.0104,r1_measured_02552,read,measured,,,,,75.1921,,ok,0.3852
7.5602,509,,,1.5946,,,,,,80.0672,r1_measured_02553,read,measured,,,,,70.5116,,ok,0.3103
7.7881,369,,,0.2549,,,,,,78.0101,r1_measured_02554,read,measured,,,,,69.5769,,ok,0.3385
74.2325,508,,,1.9298,,,,,,81.1587,r1_measured_02555,read,measured,,,,,4.6395,,ok,0.2903
76.6183,663,,,0.7778,,,,,,109.1735,r1_measured_02556,read,measured,,,,,31.3813,,ok,0.3242
77.2167,509,,,0.6264,,,,,,103.4717,r1_measured_02557,read,measured,,,,,25.1445,,ok,0.4091
6.8182,679,,,6.6621,,,,,,24.8643,r1_measured_02558,read,measured,,,,,10.9736,,ok,0.3332
5.6115,567,,,0.9267,,,,,,41.588,r1_measured_02559,read,measured,,,,,34.4362,,ok,0.4826
28.0242,672,,,1.1099,,,,,,42.9293,r1_measured_02560,read,measured,,,,,13.292,,ok,0.4135
185.8017,680,21.1077,28.0147,1.5641,88.9502,1,28.0133,1,44.6714,198.9758,r1_measured_02561,update,measured,16.6567,13.1741,1,0.0055,11.1542,31.0669,ok,0.3806
21.9327,689,,,1.7761,,,,,,31.2075,r1_measured_02562,read,measured,,,,,7.0565,,ok,0.3533
15.3576,628,,,1.4472,,,,,,53.8851,r1_measured_02563,read,measured,,,,,36.6847,,ok,0.316
8.2303,675,,,4.6556,,,,,,39.0216,r1_measured_02564,read,measured,,,,,25.6677,,ok,0.3928
9.9434,674,,,13.0724,,,,,,28.4572,r1_measured_02565,read,measured,,,,,4.9749,,ok,0.3901
20.2611,629,,,0.9626,,,,,,35.2666,r1_measured_02566,read,measured,,,,,13.6114,,ok,0.3567
18.5596,509,,,2.255,,,,,,39.1337,r1_measured_02567,read,measured,,,,,17.8795,,ok,0.382
23.7453,689,,,0.8828,,,,,,33.23,r1_measured_02568,read,measured,,,,,8.2061,,ok,0.3206
11.9786,567,,,1.988,,,,,,22.2456,r1_measured_02569,read,measured,,,,,7.7922,,ok,0.4218
5.415,687,,,1.6177,,,,,,16.6108,r1_measured_02570,read,measured,,,,,9.1433,,ok,0.3676
7.3223,674,,,1.0839,,,,,,13.2332,r1_measured_02571,read,measured,,,,,4.3864,,ok,0.3714
4.9085,689,,,0.7424,,,,,,18.4998,r1_measured_02572,read,measured,,,,,12.4347,,ok,0.351
6.7918,680,,,1.3237,,,,,,10.6181,r1_measured_02573,read,measured,,,,,1.9807,,ok,0.4456
9.4405,629,,,1.4869,,,,,,17.0914,r1_measured_02574,read,measured,,,,,5.7621,,ok,0.339
7.5077,568,,,2.1061,,,,,,18.4419,r1_measured_02575,read,measured,,,,,8.4106,,ok,0.3568
7.2267,369,,,0.2353,,,,,,8.5385,r1_measured_02576,read,measured,,,,,0.6951,,ok,0.3328
7.3628,567,,,0.5172,,,,,,15.0086,r1_measured_02577,read,measured,,,,,6.7228,,ok,0.3437
6.7328,418,,,0.272,,,,,,8.707,r1_measured_02578,read,measured,,,,,1.3119,,ok,0.338
8.0706,663,,,2.1089,,,,,,19.3397,r1_measured_02579,read,measured,,,,,8.6954,,ok,0.3946
6.0829,508,,,2.4146,,,,,,18.5081,r1_measured_02580,read,measured,,,,,9.5648,,ok,0.3819
7.3841,369,,,0.283,,,,,,9.271,r1_measured_02581,read,measured,,,,,1.1965,,ok,0.3518
6.8287,418,,,0.3222,,,,,,10.1244,r1_measured_02582,read,measured,,,,,2.5635,,ok,0.3475
11.3,681,,,0.5681,,,,,,17.7779,r1_measured_02583,read,measured,,,,,5.3833,,ok,0.4533
88.1054,675,24.1062,4.386,0.5434,4.7505,1,4.3844,1,19.4448,101.687,r1_measured_02584,update,measured,15.0588,13.5816,1,8.2711,12.5175,31.5328,ok,0.4328
6.2681,369,,,0.317,,,,,,7.8285,r1_measured_02585,read,measured,,,,,0.8028,,ok,0.3888
6.9347,418,,,0.3231,,,,,,8.9017,r1_measured_02586,read,measured,,,,,1.1962,,ok,0.3775
9.5362,681,,,0.6308,,,,,,13.3518,r1_measured_02587,read,measured,,,,,2.7174,,ok,0.3859
8.3671,508,,,0.4732,,,,,,15.5049,r1_measured_02588,read,measured,,,,,6.2527,,ok,0.3534
5.9746,663,,,0.5111,,,,,,14.9626,r1_measured_02589,read,measured,,,,,8.0492,,ok,0.3601
8.942,681,,,3.5312,,,,,,40.6999,r1_measured_02590,read,measured,,,,,27.7985,,ok,0.3436
7.0823,680,,,0.5721,,,,,,49.1296,r1_measured_02591,read,measured,,,,,0.9377,,ok,0.3718
20.7638,687,,,0.526,,,,,,34.5052,r1_measured_02592,read,measured,,,,,12.7984,,ok,0.3411
24.2779,568,,,0.4952,,,,,,33.6372,r1_measured_02593,read,measured,,,,,8.4182,,ok,0.3749
23.8803,418,,,0.4029,,,,,,25.9559,r1_measured_02594,read,measured,,,,,1.2317,,ok,0.361
17.9041,418,,,0.3366,,,,,,19.4625,r1_measured_02595,read,measured,,,,,0.8199,,ok,0.3456
15.02,418,,,0.277,,,,,,17.9758,r1_measured_02596,read,measured,,,,,2.2957,,ok,0.3287
19.4488,674,,,1.1463,,,,,,22.8365,r1_measured_02597,read,measured,,,,,1.8271,,ok,0.3138
17.6669,674,,,0.7849,,,,,,19.9739,r1_measured_02598,read,measured,,,,,1.1022,,ok,0.3512
19.583,681,,,0.8291,,,,,,24.399,r1_measured_02599,read,measured,,,,,3.5445,,ok,0.3659
12.5565,680,,,0.9933,,,,,,24.5208,r1_measured_02600,read,measured,,,,,10.3568,,ok,0.5442
12.0082,678,,,0.7871,,,,,,20.5808,r1_measured_02601,read,measured,,,,,7.2086,,ok,0.476
10.11,681,,,1.3922,,,,,,29.95,r1_measured_02602,read,measured,,,,,17.9473,,ok,0.4252
11.9435,672,,,1.3159,,,,,,25.0721,r1_measured_02603,read,measured,,,,,11.3066,,ok,0.4213
7.7357,678,,,0.9062,,,,,,23.5381,r1_measured_02604,read,measured,,,,,14.4365,,ok,0.3837
9.376,679,,,1.6305,,,,,,15.9299,r1_measured_02605,read,measured,,,,,4.4294,,ok,0.407
16.5964,509,,,0.806,,,,,,20.6052,r1_measured_02606,read,measured,,,,,2.7561,,ok,0.3815
14.2784,568,,,1.2486,,,,,,18.7178,r1_measured_02607,read,measured,,,,,2.7238,,ok,0.3909
12.35,419,,,0.3338,,,,,,14.621,r1_measured_02608,read,measured,,,,,1.4663,,ok,0.4069
16.433,679,,,2.3015,,,,,,25.5853,r1_measured_02609,read,measured,,,,,6.3839,,ok,0.3868
13.3114,629,,,0.8946,,,,,,19.2322,r1_measured_02610,read,measured,,,,,4.523,,ok,0.4136
12.9542,689,,,2.1103,,,,,,22.8944,r1_measured_02611,read,measured,,,,,7.3652,,ok,0.3869
10.7611,417,,,0.3023,,,,,,13.5516,r1_measured_02612,read,measured,,,,,2.046,,ok,0.3794
10.263,688,,,0.6176,,,,,,23.8196,r1_measured_02613,read,measured,,,,,12.4786,,ok,0.3856
6.896,675,,,3.4314,,,,,,25.3731,r1_measured_02614,read,measured,,,,,14.5541,,ok,0.4127
11.7488,689,,,1.0473,,,,,,26.7021,r1_measured_02615,read,measured,,,,,13.4129,,ok,0.4138
12.2624,674,,,0.9197,,,,,,29.4022,r1_measured_02616,read,measured,,,,,15.7716,,ok,0.3703
9.1233,628,,,0.5857,,,,,,27.7066,r1_measured_02617,read,measured,,,,,17.5504,,ok,0.3802
12.2083,679,,,2.1212,,,,,,22.6257,r1_measured_02618,read,measured,,,,,7.8416,,ok,0.379
177.2996,509,13.2719,3.3769,0.7494,102.915,1,3.3753,1,22.2357,183.703,r1_measured_02619,update,measured,18.8588,6.4034,1,7.5932,5.1992,31.2838,ok,0.3892
7.9041,568,,,0.5754,,,,,,23.9622,r1_measured_02620,read,measured,,,,,14.9814,,ok,0.4247
10.0734,568,,,2.3181,,,,,,21.7965,r1_measured_02621,read,measured,,,,,8.3547,,ok,0.9556
9.0396,674,,,3.2997,,,,,,43.8951,r1_measured_02622,read,measured,,,,,31.0856,,ok,0.383
9.1742,675,,,4.8913,,,,,,41.362,r1_measured_02623,read,measured,,,,,26.8338,,ok,0.3783
23.9057,680,,,2.3482,,,,,,47.046,r1_measured_02624,read,measured,,,,,20.3021,,ok,0.4123
10.4366,663,,,0.6322,,,,,,37.804,r1_measured_02625,read,measured,,,,,26.2473,,ok,0.4098
20.0803,680,,,0.6601,,,,,,39.1178,r1_measured_02626,read,measured,,,,,17.939,,ok,0.3566
26.2395,662,,,1.6687,,,,,,42.2913,r1_measured_02627,read,measured,,,,,13.9139,,ok,0.4002
162.054,419,16.8949,24.7485,0.2629,47.585,1,24.7459,1,41.0425,163.4679,r1_measured_02628,update,measured,16.294,1.4139,1,25.466,0.7442,31.0656,ok,0.356
9.3002,509,,,0.8027,,,,,,17.3273,r1_measured_02629,read,measured,,,,,6.7883,,ok,0.3788
7.6959,418,,,0.2593,,,,,,11.1687,r1_measured_02630,read,measured,,,,,2.806,,ok,0.3522
131.3097,687,11.184,2.22,1.0521,48.7678,1,2.2179,1,14.7938,144.4943,r1_measured_02631,update,measured,12.5738,13.1846,1,7.0163,11.7106,49.5478,ok,0.3558
8.4853,674,,,0.6903,,,,,,44.4761,r1_measured_02632,read,measured,,,,,34.8481,,ok,0.3765
5.0158,681,,,1.1284,,,,,,50.83,r1_measured_02633,read,measured,,,,,44.2214,,ok,0.3822
6.6099,367,,,0.5463,,,,,,8.8776,r1_measured_02634,read,measured,,,,,1.2346,,ok,0.42
5.8233,417,,,0.4194,,,,,,9.205,r1_measured_02635,read,measured,,,,,2.4848,,ok,0.4089
6.6258,680,,,0.6763,,,,,,53.803,r1_measured_02636,read,measured,,,,,46.0878,,ok,0.3423
41.1654,681,,,0.6593,,,,,,45.2699,r1_measured_02637,read,measured,,,,,3.0263,,ok,0.3536
40.0629,629,,,2.4738,,,,,,47.0506,r1_measured_02638,read,measured,,,,,4.1134,,ok,0.3366
21.3682,568,,,1.1979,,,,,,30.1481,r1_measured_02639,read,measured,,,,,7.1877,,ok,0.3374
11.4767,680,,,0.8599,,,,,,19.221,r1_measured_02640,read,measured,,,,,6.4846,,ok,0.3395
9.4972,689,,,0.5225,,,,,,16.806,r1_measured_02641,read,measured,,,,,6.3779,,ok,0.3481
5.313,367,,,0.3283,,,,,,8.6983,r1_measured_02642,read,measured,,,,,2.6711,,ok,0.3393
5.6432,624,,,0.5055,,,,,,14.7587,r1_measured_02643,read,measured,,,,,8.1281,,ok,0.4116
5.6691,662,,,1.9953,,,,,,11.5166,r1_measured_02644,read,measured,,,,,3.2441,,ok,0.5256
8.001,508,,,0.5816,,,,,,15.4616,r1_measured_02645,read,measured,,,,,6.3833,,ok,0.4178
11.2215,629,,,0.5099,,,,,,17.7556,r1_measured_02646,read,measured,,,,,5.5506,,ok,0.395
9.6839,677,,,0.6172,,,,,,14.2745,r1_measured_02647,read,measured,,,,,3.5028,,ok,0.3887
13.937,688,,,0.6477,,,,,,16.6071,r1_measured_02648,read,measured,,,,,1.4564,,ok,0.4539
13.5998,681,,,0.5512,,,,,,16.3428,r1_measured_02649,read,measured,,,,,1.7272,,ok,0.3912
12.7616,679,,,1.3677,,,,,,17.1199,r1_measured_02650,read,measured,,,,,2.4933,,ok,0.4172
10.8827,679,,,0.7152,,,,,,18.671,r1_measured_02651,read,measured,,,,,6.6201,,ok,0.3828
9.09,627,,,0.9069,,,,,,13.0351,r1_measured_02652,read,measured,,,,,2.5828,,ok,0.3862
12.5741,689,,,1.1448,,,,,,16.8133,r1_measured_02653,read,measured,,,,,2.5104,,ok,0.5108
8.1327,674,,,1.5013,,,,,,14.1343,r1_measured_02654,read,measured,,,,,4.0348,,ok,0.3919
13.727,628,,,0.4924,,,,,,29.5653,r1_measured_02655,read,measured,,,,,14.9238,,ok,0.356
12.9829,567,,,1.3143,,,,,,17.3854,r1_measured_02656,read,measured,,,,,2.6614,,ok,0.3609
10.2588,663,,,1.7709,,,,,,17.3549,r1_measured_02657,read,measured,,,,,4.8878,,ok,0.3705
14.8418,681,,,0.867,,,,,,20.6628,r1_measured_02658,read,measured,,,,,4.3876,,ok,0.4914
13.2755,418,,,0.2634,,,,,,17.1305,r1_measured_02659,read,measured,,,,,3.1823,,ok,0.3493
9.2979,509,,,1.2344,,,,,,22.5843,r1_measured_02660,read,measured,,,,,11.6296,,ok,0.3617
12.2878,689,,,1.6223,,,,,,21.0051,r1_measured_02661,read,measured,,,,,6.6002,,ok,0.4214
9.3894,368,,,0.2583,,,,,,10.8295,r1_measured_02662,read,measured,,,,,0.7733,,ok,0.3553
9.5692,678,,,0.8523,,,,,,13.7882,r1_measured_02663,read,measured,,,,,2.9284,,ok,0.3715
8.7595,688,,,1.1972,,,,,,16.8074,r1_measured_02664,read,measured,,,,,6.3581,,ok,0.4129
14.5149,627,,,0.5411,,,,,,16.3476,r1_measured_02665,read,measured,,,,,0.7194,,ok,0.4896
16.8961,627,,,0.8591,,,,,,32.2099,r1_measured_02666,read,measured,,,,,14.0103,,ok,0.3738
15.5695,689,,,1.364,,,,,,27.0717,r1_measured_02667,read,measured,,,,,9.635,,ok,0.4102
12.9135,567,,,0.9918,,,,,,21.7457,r1_measured_02668,read,measured,,,,,7.4065,,ok,0.3721
13.5408,679,,,0.843,,,,,,26.3551,r1_measured_02669,read,measured,,,,,11.5461,,ok,0.3537
11.5134,418,,,0.3325,,,,,,14.8225,r1_measured_02670,read,measured,,,,,2.5456,,ok,0.3755
11.2664,662,,,1.1879,,,,,,25.136,r1_measured_02671,read,measured,,,,,12.2557,,ok,0.3604
8.7776,680,,,1.7658,,,,,,16.0987,r1_measured_02672,read,measured,,,,,5.1395,,ok,0.3509
8.1339,509,,,1.2314,,,,,,18.1324,r1_measured_02673,read,measured,,,,,8.3422,,ok,0.3649
13.2222,678,,,1.2866,,,,,,17.2717,r1_measured_02674,read,measured,,,,,2.3478,,ok,0.3505
10.6346,678,,,1.0165,,,,,,20.8226,r1_measured_02675,read,measured,,,,,8.7337,,ok,0.3703
8.7406,675,,,0.7983,,,,,,12.1724,r1_measured_02676,read,measured,,,,,2.1453,,ok,0.4195
7.5086,628,,,0.4444,,,,,,13.8919,r1_measured_02677,read,measured,,,,,5.5251,,ok,0.3503
13.897,509,,,0.4983,,,,,,18.6319,r1_measured_02678,read,measured,,,,,3.7651,,ok,0.4081
14.2519,662,,,2.405,,,,,,100.206,r1_measured_02679,read,measured,,,,,83.1829,,ok,0.3022
11.3923,674,,,0.7889,,,,,,91.0562,r1_measured_02680,read,measured,,,,,78.4835,,ok,0.3191
10.0705,628,,,0.6924,,,,,,93.156,r1_measured_02681,read,measured,,,,,82.0042,,ok,0.3207
83.8661,689,,,0.9429,,,,,,90.3449,r1_measured_02682,read,measured,,,,,5.0586,,ok,0.4164
87.2244,662,,,1.3836,,,,,,96.1112,r1_measured_02683,read,measured,,,,,7.1345,,ok,0.3098
84.1424,417,,,0.2276,,,,,,88.6716,r1_measured_02684,read,measured,,,,,3.8285,,ok,0.4011
79.8429,509,,,2.3907,,,,,,90.3546,r1_measured_02685,read,measured,,,,,7.7801,,ok,0.2918
83.7934,680,,,2.2594,,,,,,91.1885,r1_measured_02686,read,measured,,,,,4.7172,,ok,0.348
8.2739,663,,,1.0932,,,,,,11.266,r1_measured_02687,read,measured,,,,,1.3524,,ok,0.4893
13.4141,628,,,0.9997,,,,,,17.8279,r1_measured_02688,read,measured,,,,,2.6901,,ok,0.6342
11.1302,681,,,1.5411,,,,,,17.7935,r1_measured_02689,read,measured,,,,,4.633,,ok,0.412
10.5923,662,,,1.6921,,,,,,20.5363,r1_measured_02690,read,measured,,,,,7.7845,,ok,0.4044
9.5603,679,,,2.1098,,,,,,14.8987,r1_measured_02691,read,measured,,,,,2.7003,,ok,0.4318
18.022,628,,,0.9414,,,,,,20.9583,r1_measured_02692,read,measured,,,,,1.5189,,ok,0.376
12.0538,369,,,0.2736,,,,,,13.9735,r1_measured_02693,read,measured,,,,,1.1656,,ok,0.4198
16.9015,663,,,0.977,,,,,,22.5011,r1_measured_02694,read,measured,,,,,4.1861,,ok,0.3695
13.7629,675,,,1.3958,,,,,,17.2604,r1_measured_02695,read,measured,,,,,1.5855,,ok,0.439
18.6043,568,,,1.8385,,,,,,23.1754,r1_measured_02696,read,measured,,,,,2.2032,,ok,0.4612
13.3088,680,,,0.6005,,,,,,18.8428,r1_measured_02697,read,measured,,,,,4.4619,,ok,0.4
20.8701,689,,,2.7772,,,,,,30.6897,r1_measured_02698,read,measured,,,,,6.5381,,ok,0.4232
10.5381,568,,,0.9825,,,,,,12.9255,r1_measured_02699,read,measured,,,,,0.9591,,ok,0.3793
17.4109,681,,,0.6328,,,,,,22.9633,r1_measured_02700,read,measured,,,,,4.4615,,ok,0.3825
12.5178,418,,,0.2899,,,,,,14.9552,r1_measured_02701,read,measured,,,,,1.724,,ok,0.3693
11.6831,680,,,1.0615,,,,,,23.3363,r1_measured_02702,read,measured,,,,,10.1354,,ok,0.3781
128.2099,629,27.5276,9.4103,0.4847,33.9973,1,9.4087,1,31.617,138.2455,r1_measured_02703,update,measured,22.2067,10.0356,1,0.0079,9.1356,35.0601,ok,0.349
15.602,418,,,0.6974,,,,,,19.5603,r1_measured_02704,read,measured,,,,,2.8304,,ok,0.3727
14.5061,567,,,1.3771,,,,,,20.8031,r1_measured_02705,read,measured,,,,,4.4806,,ok,0.3723
10.2384,508,,,1.1855,,,,,,15.4726,r1_measured_02706,read,measured,,,,,3.576,,ok,0.4104
14.8388,680,,,0.9527,,,,,,41.6564,r1_measured_02707,read,measured,,,,,25.3884,,ok,0.388
12.4227,663,,,0.8369,,,,,,15.823,r1_measured_02708,read,measured,,,,,2.0371,,ok,0.4429
10.6551,509,,,1.1126,,,,,,41.6732,r1_measured_02709,read,measured,,,,,29.4608,,ok,0.3691
9.31,689,,,1.7208,,,,,,33.4115,r1_measured_02710,read,measured,,,,,21.9292,,ok,0.3633
36.1402,680,,,0.5486,,,,,,40.9985,r1_measured_02711,read,measured,,,,,3.892,,ok,0.3541
34.8016,509,,,1.3197,,,,,,46.4291,r1_measured_02712,read,measured,,,,,9.6746,,ok,0.5754
32.6196,419,,,0.2715,,,,,,35.488,r1_measured_02713,read,measured,,,,,2.1782,,ok,0.3612
30.0104,663,,,1.1375,,,,,,39.0234,r1_measured_02714,read,measured,,,,,7.446,,ok,0.3649
98.9148,368,10.6886,8.9497,0.2609,13.1632,1,8.9478,1,24.4716,101.7196,r1_measured_02715,update,measured,15.5219,2.8048,1,8.4988,1.9848,42.0926,ok,0.4968
103.6519,625,15.7838,7.9199,1.3496,7.7635,1,7.9182,1,24.114,110.7679,r1_measured_02716,update,measured,16.1941,7.116,1,22.9863,5.2852,33.0043,ok,0.4182
4.8968,689,,,1.3753,,,,,,12.8175,r1_measured_02717,read,measured,,,,,6.1359,,ok,0.343
4.145,680,,,0.7876,,,,,,10.2344,r1_measured_02718,read,measured,,,,,4.7516,,ok,0.4873
9.8069,689,,,0.753,,,,,,18.8538,r1_measured_02719,read,measured,,,,,7.8756,,ok,0.3526
5.7802,629,,,1.2069,,,,,,14.4125,r1_measured_02720,read,measured,,,,,7.0048,,ok,0.3556
7.6778,688,,,0.6179,,,,,,15.1186,r1_measured_02721,read,measured,,,,,6.4019,,ok,0.3548
6.1398,369,,,0.2327,,,,,,9.1071,r1_measured_02722,read,measured,,,,,2.3304,,ok,0.3548
4.6174,369,,,0.2847,,,,,,6.9985,r1_measured_02723,read,measured,,,,,1.6962,,ok,0.3528
21.3409,680,,,0.7581,,,,,,46.6438,r1_measured_02724,read,measured,,,,,24.0734,,ok,0.3715
19.3221,629,,,0.4925,,,,,,58.4167,r1_measured_02725,read,measured,,,,,38.1516,,ok,0.3872
17.8657,673,,,1.5385,,,,,,49.0501,r1_measured_02726,read,measured,,,,,29.2036,,ok,0.3696
17.3076,663,,,0.5453,,,,,,52.5308,r1_measured_02727,read,measured,,,,,34.2618,,ok,0.3491
34.5558,680,,,1.8252,,,,,,47.4257,r1_measured_02728,read,measured,,,,,10.5621,,ok,0.402
6.4332,418,,,0.2656,,,,,,7.709,r1_measured_02729,read,measured,,,,,0.6021,,ok,0.3552
26.6751,680,,,3.5363,,,,,,34.9973,r1_measured_02730,read,measured,,,,,4.3542,,ok,0.3678
25.1037,680,,,1.2903,,,,,,36.9827,r1_measured_02731,read,measured,,,,,10.1584,,ok,0.3631
18.1983,509,,,5.0117,,,,,,25.1043,r1_measured_02732,read,measured,,,,,1.4509,,ok,0.3837
21.2281,629,,,0.8847,,,,,,40.6565,r1_measured_02733,read,measured,,,,,18.0123,,ok,0.4504
20.4655,568,,,0.5582,,,,,,24.3816,r1_measured_02734,read,measured,,,,,2.954,,ok,0.3407
18.139,677,,,2.3758,,,,,,29.3607,r1_measured_02735,read,measured,,,,,8.4116,,ok,0.3535
11.9957,678,,,2.5299,,,,,,32.5405,r1_measured_02736,read,measured,,,,,17.5707,,ok,0.3762
6.1467,628,,,1.3554,,,,,,18.3289,r1_measured_02737,read,measured,,,,,10.4172,,ok,0.3461
12.4143,681,,,0.5955,,,,,,21.5448,r1_measured_02738,read,measured,,,,,8.0506,,ok,0.4095
8.7478,369,,,0.2352,,,,,,13.6672,r1_measured_02739,read,measured,,,,,4.2794,,ok,0.3487
7.4901,678,,,0.6944,,,,,,24.0871,r1_measured_02740,read,measured,,,,,15.491,,ok,0.3446
11.6538,685,,,1.3058,,,,,,25.1755,r1_measured_02741,read,measured,,,,,11.7898,,ok,0.3574
11.0103,369,,,0.2487,,,,,,15.7795,r1_measured_02742,read,measured,,,,,4.1312,,ok,0.342
4.911,369,,,0.2362,,,,,,9.7655,r1_measured_02743,read,measured,,,,,4.2227,,ok,0.3467
11.5593,679,,,1.0639,,,,,,15.5087,r1_measured_02744,read,measured,,,,,2.4633,,ok,0.3541
9.7532,663,,,1.8722,,,,,,17.9042,r1_measured_02745,read,measured,,,,,5.8726,,ok,0.3405
14.4755,689,,,2.1342,,,,,,21.5541,r1_measured_02746,read,measured,,,,,4.4415,,ok,0.4354
11.7749,568,,,0.7115,,,,,,14.6869,r1_measured_02747,read,measured,,,,,1.7845,,ok,0.357
10.4508,509,,,1.4745,,,,,,14.7953,r1_measured_02748,read,measured,,,,,2.4705,,ok,0.3447
10.1782,674,,,1.0665,,,,,,14.5788,r1_measured_02749,read,measured,,,,,2.9479,,ok,0.3256
14.5484,369,,,0.2385,,,,,,16.9874,r1_measured_02750,read,measured,,,,,1.7192,,ok,0.4253
12.5513,509,,,0.7479,,,,,,17.7666,r1_measured_02751,read,measured,,,,,4.0326,,ok,0.3749
11.9226,419,,,0.3235,,,,,,15.1458,r1_measured_02752,read,measured,,,,,2.4742,,ok,0.3706
9.3077,567,,,1.2146,,,,,,14.9823,r1_measured_02753,read,measured,,,,,4.0054,,ok,0.3938
13.1269,417,,,0.3068,,,,,,18.0267,r1_measured_02754,read,measured,,,,,4.171,,ok,0.363
12.4319,680,,,2.2221,,,,,,20.9684,r1_measured_02755,read,measured,,,,,5.8681,,ok,0.3794
11.9141,628,,,1.552,,,,,,17.032,r1_measured_02756,read,measured,,,,,3.1191,,ok,0.3778
8.2506,418,,,0.3411,,,,,,11.1651,r1_measured_02757,read,measured,,,,,2.1118,,ok,0.402
15.3108,679,,,0.9796,,,,,,18.6781,r1_measured_02758,read,measured,,,,,1.96,,ok,0.3594
14.3027,680,,,1.4843,,,,,,22.7476,r1_measured_02759,read,measured,,,,,6.5427,,ok,0.3532
11.6116,681,,,1.3963,,,,,,16.5701,r1_measured_02760,read,measured,,,,,3.1376,,ok,0.3534
11.03,680,,,3.5257,,,,,,24.8056,r1_measured_02761,read,measured,,,,,9.8282,,ok,0.3551
13.6559,567,,,2.4292,,,,,,29.4537,r1_measured_02762,read,measured,,,,,12.9543,,ok,0.3555
12.1625,629,,,0.9178,,,,,,24.3812,r1_measured_02763,read,measured,,,,,10.8568,,ok,0.3796
11.8328,369,,,0.2899,,,,,,14.6862,r1_measured_02764,read,measured,,,,,2.1615,,ok,0.3494
8.3838,681,,,0.8941,,,,,,25.7272,r1_measured_02765,read,measured,,,,,16.0144,,ok,0.3631
8.7683,629,,,2.609,,,,,,18.1408,r1_measured_02766,read,measured,,,,,6.3261,,ok,0.3725
10.4295,680,,,1.2549,,,,,,21.4199,r1_measured_02767,read,measured,,,,,9.3245,,ok,0.342
6.3233,419,,,0.2761,,,,,,8.5051,r1_measured_02768,read,measured,,,,,1.3569,,ok,0.4322
12.245,418,,,0.3439,,,,,,16.282,r1_measured_02769,read,measured,,,,,3.2759,,ok,0.3606
8.429,681,,,1.674,,,,,,16.47,r1_measured_02770,read,measured,,,,,5.896,,ok,0.3992
271.799,663,32.9016,11.8038,1.3887,83.8263,1,11.8021,1,40.8292,285.4074,r1_measured_02771,update,measured,29.0254,13.6084,1,9.5455,11.744,104.6964,ok,0.3919
10.7147,675,,,0.6187,,,,,,13.3362,r1_measured_02772,read,measured,,,,,1.5536,,ok,0.3773
8.9064,627,,,1.7721,,,,,,13.9041,r1_measured_02773,read,measured,,,,,2.7852,,ok,0.3662
12.891,689,,,0.8976,,,,,,18.6968,r1_measured_02774,read,measured,,,,,4.3239,,ok,0.5192
11.0046,418,,,0.6269,,,,,,13.1308,r1_measured_02775,read,measured,,,,,1.0821,,ok,0.3642
10.6307,680,,,1.3939,,,,,,16.6156,r1_measured_02776,read,measured,,,,,4.1296,,ok,0.3904
9.1969,419,,,0.2687,,,,,,12.3186,r1_measured_02777,read,measured,,,,,2.4384,,ok,0.3645
15.0274,689,,,0.7695,,,,,,24.9495,r1_measured_02778,read,measured,,,,,8.5719,,ok,0.5101
12.4693,567,,,0.5058,,,,,,16.3026,r1_measured_02779,read,measured,,,,,2.8934,,ok,0.3704
10.5052,678,,,0.9132,,,,,,16.2916,r1_measured_02780,read,measured,,,,,4.3475,,ok,0.4527
7.7008,567,,,1.3643,,,,,,17.6858,r1_measured_02781,read,measured,,,,,8.2099,,ok,0.3484
6.1964,509,,,1.5194,,,,,,13.3606,r1_measured_02782,read,measured,,,,,5.2049,,ok,0.3811
16.3796,689,,,0.8699,,,,,,23.4506,r1_measured_02783,read,measured,,,,,5.7356,,ok,0.3907
15.2131,629,,,0.7092,,,,,,20.5467,r1_measured_02784,read,measured,,,,,4.1399,,ok,0.4012
9.1071,366,,,0.2757,,,,,,11.2265,r1_measured_02785,read,measured,,,,,1.3899,,ok,0.3892
6.654,509,,,11.4932,,,,,,27.2219,r1_measured_02786,read,measured,,,,,8.6134,,ok,0.3962
5.9716,568,,,1.6655,,,,,,44.8655,r1_measured_02787,read,measured,,,,,36.7949,,ok,0.3684
12.309,662,,,1.3942,,,,,,43.6422,r1_measured_02788,read,measured,,,,,29.494,,ok,0.3699
23.5281,681,,,1.9391,,,,,,109.4309,r1_measured_02789,read,measured,,,,,83.5567,,ok,0.326
17.5545,508,,,0.4732,,,,,,39.914,r1_measured_02790,read,measured,,,,,21.4573,,ok,0.3589
32.6739,663,,,1.3777,,,,,,103.2825,r1_measured_02791,read,measured,,,,,68.784,,ok,0.3679
31.1404,688,,,2.0604,,,,,,98.7955,r1_measured_02792,read,measured,,,,,65.1942,,ok,0.3242
83.2473,508,,,0.8282,,,,,,95.7184,r1_measured_02793,read,measured,,,,,11.2885,,ok,0.3022
70.6682,685,,,0.732,,,,,,74.369,r1_measured_02794,read,measured,,,,,2.5859,,ok,0.3136
69.8581,418,,,0.2305,,,,,,74.5787,r1_measured_02795,read,measured,,,,,4.1586,,ok,0.2893
67.6814,680,,,0.6443,,,,,,82.8442,r1_measured_02796,read,measured,,,,,14.1303,,ok,0.3316
7.2211,689,,,0.4602,,,,,,14.1942,r1_measured_02797,read,measured,,,,,6.1349,,ok,0.3201
5.1825,628,,,0.3944,,,,,,10.9863,r1_measured_02798,read,measured,,,,,5.0436,,ok,0.3123
8.7099,689,,,0.9982,,,,,,13.5109,r1_measured_02799,read,measured,,,,,3.4302,,ok,0.316
7.9738,681,,,3.591,,,,,,20.5707,r1_measured_02800,read,measured,,,,,8.3532,,ok,0.5746
8.2537,629,,,0.7846,,,,,,11.8225,r1_measured_02801,read,measured,,,,,2.338,,ok,0.3815
6.379,689,,,1.5565,,,,,,11.5511,r1_measured_02802,read,measured,,,,,3.0124,,ok,0.5184
127.4395,678,15.8982,2.8684,1.7854,39.1197,1,2.8668,1,28.9913,131.8797,r1_measured_02803,update,measured,26.1229,4.4402,1,7.887,2.1852,35.5433,ok,0.3823
14.8153,663,,,1.212,,,,,,23.0874,r1_measured_02804,read,measured,,,,,6.3076,,ok,0.6563
10.8851,680,,,1.5976,,,,,,24.0654,r1_measured_02805,read,measured,,,,,11.0232,,ok,0.4444
14.5499,629,,,1.5836,,,,,,27.4717,r1_measured_02806,read,measured,,,,,10.8118,,ok,0.4424
12.3016,567,,,0.8671,,,,,,24.3828,r1_measured_02807,read,measured,,,,,10.7018,,ok,0.4329
10.639,663,,,2.366,,,,,,16.363,r1_measured_02808,read,measured,,,,,2.7947,,ok,0.4783
12.3768,418,,,0.3338,,,,,,14.4206,r1_measured_02809,read,measured,,,,,1.1884,,ok,0.4564
11.3305,681,,,1.0971,,,,,,40.2489,r1_measured_02810,read,measured,,,,,27.3395,,ok,0.3993
25.7862,568,,,2.4794,,,,,,43.6714,r1_measured_02811,read,measured,,,,,14.967,,ok,0.3643
8.8518,628,,,2.022,,,,,,41.5839,r1_measured_02812,read,measured,,,,,30.2484,,ok,0.3844
241.1851,629,29.7095,5.9538,1.7077,112.3277,0,5.9523,1,48.8348,291.5703,r1_measured_02813,update,measured,42.881,50.3852,1,9.7824,47.6447,40.5307,ok,0.9305
30.715,663,,,0.5488,,,,,,38.4461,r1_measured_02814,read,measured,,,,,6.7024,,ok,0.4041
28.4565,509,,,1.5745,,,,,,33.8372,r1_measured_02815,read,measured,,,,,3.3271,,ok,0.4098
12.7974,689,,,1.4204,,,,,,19.6128,r1_measured_02816,read,measured,,,,,4.9364,,ok,0.3743
6.5635,567,,,1.1903,,,,,,12.7884,r1_measured_02817,read,measured,,,,,4.5914,,ok,0.3759
10.9427,627,,,0.7761,,,,,,19.207,r1_measured_02818,read,measured,,,,,6.9114,,ok,0.4901
7.1858,675,,,0.6229,,,,,,16.3089,r1_measured_02819,read,measured,,,,,8.0439,,ok,0.3845
5.4268,689,,,0.9643,,,,,,12.1056,r1_measured_02820,read,measured,,,,,5.2258,,ok,0.4058
30.704,418,,,0.3979,,,,,,35.9185,r1_measured_02821,read,measured,,,,,4.2975,,ok,0.444
28.7005,680,,,0.9782,,,,,,41.6047,r1_measured_02822,read,measured,,,,,11.4731,,ok,0.3721
27.3928,672,,,0.6088,,,,,,38.199,r1_measured_02823,read,measured,,,,,9.698,,ok,0.4045
26.5478,508,,,0.713,,,,,,32.3701,r1_measured_02824,read,measured,,,,,4.4643,,ok,0.5648
26.8568,674,,,1.2306,,,,,,42.4216,r1_measured_02825,read,measured,,,,,13.7889,,ok,0.45
17.8266,629,,,3.2884,,,,,,30.5797,r1_measured_02826,read,measured,,,,,9.0058,,ok,0.3891
15.3807,629,,,1.3654,,,,,,29.7403,r1_measured_02827,read,measured,,,,,12.4623,,ok,0.4453
11.034,508,,,0.6047,,,,,,20.3486,r1_measured_02828,read,measured,,,,,8.2901,,ok,0.3577
9.1779,687,,,0.6219,,,,,,15.2543,r1_measured_02829,read,measured,,,,,5.0102,,ok,0.3703
8.5793,368,,,0.2596,,,,,,11.0589,r1_measured_02830,read,measured,,,,,1.7951,,ok,0.37
7.9239,663,,,1.6493,,,,,,23.0109,r1_measured_02831,read,measured,,,,,12.987,,ok,0.3724
9.8746,419,,,0.2775,,,,,,12.921,r1_measured_02832,read,measured,,,,,2.35,,ok,0.3654
8.1736,679,,,0.9129,,,,,,15.2581,r1_measured_02833,read,measured,,,,,5.5523,,ok,0.5433
8.1909,418,,,0.3208,,,,,,9.6884,r1_measured_02834,read,measured,,,,,0.7297,,ok,0.3814
12.7044,674,,,0.7782,,,,,,23.2484,r1_measured_02835,read,measured,,,,,9.3115,,ok,0.3791
10.5503,568,,,1.0548,,,,,,14.3542,r1_measured_02836,read,measured,,,,,2.2492,,ok,0.4159
8.1485,688,,,1.9903,,,,,,13.1743,r1_measured_02837,read,measured,,,,,2.5932,,ok,0.3684
14.4171,509,,,0.7688,,,,,,23.4466,r1_measured_02838,read,measured,,,,,7.8101,,ok,0.3862
12.6164,629,,,11.0796,,,,,,106.0459,r1_measured_02839,read,measured,,,,,2.5124,,ok,0.4131
10.8964,509,,,0.5001,,,,,,15.23,r1_measured_02840,read,measured,,,,,3.3203,,ok,0.3847
9.5021,629,,,1.3127,,,,,,19.1781,r1_measured_02841,read,measured,,,,,7.8939,,ok,0.3975
10.518,662,,,0.6401,,,,,,22.8765,r1_measured_02842,read,measured,,,,,11.2762,,ok,0.3706
8.5798,508,,,0.6285,,,,,,16.6508,r1_measured_02843,read,measured,,,,,6.9488,,ok,0.4251
8.194,418,,,0.3141,,,,,,12.0477,r1_measured_02844,read,measured,,,,,3.1116,,ok,0.3674
6.1347,417,,,0.2814,,,,,,7.8038,r1_measured_02845,read,measured,,,,,0.9351,,ok,0.3929
7.9951,663,,,1.0495,,,,,,12.8947,r1_measured_02846,read,measured,,,,,3.199,,ok,0.5644
6.7257,567,,,1.6464,,,,,,12.8573,r1_measured_02847,read,measured,,,,,4.0243,,ok,0.383
12.3941,674,,,1.0022,,,,,,22.8207,r1_measured_02848,read,measured,,,,,8.3911,,ok,0.9227
10.229,568,,,1.4073,,,,,,15.2565,r1_measured_02849,read,measured,,,,,3.1691,,ok,0.372
9.3545,680,,,0.918,,,,,,13.0961,r1_measured_02850,read,measured,,,,,2.3597,,ok,0.379
12.6424,681,,,1.2582,,,,,,24.9943,r1_measured_02851,read,measured,,,,,10.6362,,ok,0.3861
10.4538,688,,,0.9128,,,,,,19.4532,r1_measured_02852,read,measured,,,,,7.5673,,ok,0.4269
9.2168,368,,,2.157,,,,,,13.7352,r1_measured_02853,read,measured,,,,,1.9171,,ok,0.383
9.6053,688,,,0.8457,,,,,,19.7612,r1_measured_02854,read,measured,,,,,8.8222,,ok,0.4121
9.3231,679,,,1.7509,,,,,,26.6411,r1_measured_02855,read,measured,,,,,14.9386,,ok,0.5475
8.8621,418,,,0.3367,,,,,,10.7048,r1_measured_02856,read,measured,,,,,1.0565,,ok,0.3884
7.5747,508,,,1.3679,,,,,,12.6935,r1_measured_02857,read,measured,,,,,3.2699,,ok,0.4121
9.663,566,,,1.2051,,,,,,13.6329,r1_measured_02858,read,measured,,,,,2.2304,,ok,0.446
6.7195,629,,,1.386,,,,,,14.7292,r1_measured_02859,read,measured,,,,,6.1095,,ok,0.4337
253.8362,568,8.249,6.2782,1.4851,126.6293,1,6.2763,1,28.8753,259.6427,r1_measured_02860,update,measured,22.5971,5.8065,1,33.9122,3.8589,56.1704,ok,0.3966
10.9741,418,,,0.341,,,,,,12.5389,r1_measured_02861,read,measured,,,,,0.7323,,ok,0.4196
9.6451,628,,,2.4475,,,,,,16.0425,r1_measured_02862,read,measured,,,,,3.4487,,ok,0.4212
8.6935,369,,,0.2874,,,,,,13.1276,r1_measured_02863,read,measured,,,,,3.6966,,ok,0.3912
12.1687,662,,,0.9238,,,,,,15.5875,r1_measured_02864,read,measured,,,,,2.005,,ok,0.4162
5.3331,418,,,0.2997,,,,,,10.8641,r1_measured_02865,read,measured,,,,,4.7711,,ok,0.3986
266.4926,679,11.2086,3.4493,0.7162,152.851,1,3.4474,1,21.0841,414.4374,r1_measured_02866,update,measured,17.6348,147.9448,1,0.0053,146.8535,81.3436,ok,0.3028
209.3932,419,4.7781,6.9787,0.3169,97.6853,0,6.9768,1,70.9653,212.534,r1_measured_02867,update,measured,63.9866,3.1408,1,5.1336,2.3472,30.8309,ok,0.4037
5.1492,568,,,0.5103,,,,,,9.477,r1_measured_02868,read,measured,,,,,3.3709,,ok,0.3774
5.3086,689,,,1.9565,,,,,,8.984,r1_measured_02869,read,measured,,,,,1.2453,,ok,0.3966
8.2311,628,,,10.0901,,,,,,20.4158,r1_measured_02870,read,measured,,,,,1.1977,,ok,0.8115
30.8453,679,,,1.5028,,,,,,98.5129,r1_measured_02871,read,measured,,,,,8.7528,,ok,0.3815
29.5322,680,,,3.6248,,,,,,82.9224,r1_measured_02872,read,measured,,,,,49.2752,,ok,0.4057
43.49,679,,,1.1146,,,,,,76.8457,r1_measured_02873,read,measured,,,,,31.7536,,ok,0.3879
42.7588,369,,,0.2782,,,,,,47.1039,r1_measured_02874,read,measured,,,,,3.5753,,ok,0.4014
22.0351,417,,,0.2787,,,,,,24.1821,r1_measured_02875,read,measured,,,,,1.4435,,ok,0.3696
8.4246,629,,,1.0196,,,,,,15.8492,r1_measured_02876,read,measured,,,,,5.9422,,ok,0.3863
6.4856,418,,,0.3039,,,,,,9.0,r1_measured_02877,read,measured,,,,,1.7768,,ok,0.3751
7.0524,567,,,0.5001,,,,,,16.9327,r1_measured_02878,read,measured,,,,,8.9357,,ok,0.3786
8.2612,368,,,0.2373,,,,,,9.9895,r1_measured_02879,read,measured,,,,,1.0784,,ok,0.3629
7.2455,674,,,1.1624,,,,,,17.3545,r1_measured_02880,read,measured,,,,,8.4465,,ok,0.4162
4.7008,369,,,0.245,,,,,,9.2025,r1_measured_02881,read,measured,,,,,3.8682,,ok,0.3418
6.2554,568,,,0.6313,,,,,,16.4816,r1_measured_02882,read,measured,,,,,9.1298,,ok,0.3984
4.0852,369,,,0.2528,,,,,,6.6063,r1_measured_02883,read,measured,,,,,1.8604,,ok,0.3574
6.6818,568,,,1.2454,,,,,,13.5147,r1_measured_02884,read,measured,,,,,5.1459,,ok,0.3775
4.8095,418,,,0.3332,,,,,,6.3647,r1_measured_02885,read,measured,,,,,0.7782,,ok,0.3833
9.5057,680,,,0.7111,,,,,,17.2947,r1_measured_02886,read,measured,,,,,6.6106,,ok,0.3997
7.6399,509,,,0.5231,,,,,,10.3058,r1_measured_02887,read,measured,,,,,1.7091,,ok,0.3739
8.2739,680,,,0.6189,,,,,,18.976,r1_measured_02888,read,measured,,,,,9.6138,,ok,0.3985
8.2731,419,,,0.287,,,,,,11.5498,r1_measured_02889,read,measured,,,,,2.5249,,ok,0.4038
5.4732,688,,,0.6448,,,,,,12.3905,r1_measured_02890,read,measured,,,,,5.8143,,ok,0.3848
6.9835,679,,,1.1005,,,,,,16.8791,r1_measured_02891,read,measured,,,,,8.3203,,ok,0.3967
8.623,662,,,1.5881,,,,,,13.1611,r1_measured_02892,read,measured,,,,,2.4882,,ok,0.3878
7.871,663,,,0.6277,,,,,,15.377,r1_measured_02893,read,measured,,,,,6.444,,ok,0.3648
10.4336,678,,,1.7425,,,,,,18.8153,r1_measured_02894,read,measured,,,,,6.1738,,ok,0.3924
7.8468,629,,,2.668,,,,,,18.0202,r1_measured_02895,read,measured,,,,,7.0531,,ok,0.3794
5.295,419,,,0.3287,,,,,,6.8091,r1_measured_02896,read,measured,,,,,0.7376,,ok,0.3818
7.0561,567,,,1.0704,,,,,,20.2709,r1_measured_02897,read,measured,,,,,11.6685,,ok,0.3759
7.0365,568,,,0.5507,,,,,,11.0425,r1_measured_02898,read,measured,,,,,3.0116,,ok,0.3775
6.7086,627,,,1.4508,,,,,,15.48,r1_measured_02899,read,measured,,,,,6.8548,,ok,0.3931
7.8437,674,,,1.0712,,,,,,15.9551,r1_measured_02900,read,measured,,,,,6.5607,,ok,0.4018
3.8785,418,,,0.3178,,,,,,5.5532,r1_measured_02901,read,measured,,,,,0.8636,,ok,0.4357
8.2696,675,,,1.4315,,,,,,12.6294,r1_measured_02902,read,measured,,,,,2.4688,,ok,0.3844
5.8462,663,,,0.9225,,,,,,13.2305,r1_measured_02903,read,measured,,,,,6.0114,,ok,0.3771
8.0949,680,,,0.5268,,,,,,11.7698,r1_measured_02904,read,measured,,,,,2.6824,,ok,0.3945
8.0168,689,,,0.9295,,,,,,24.5201,r1_measured_02905,read,measured,,,,,15.0883,,ok,0.4081
8.073,689,,,1.1285,,,,,,12.4135,r1_measured_02906,read,measured,,,,,2.7265,,ok,0.4095
6.7917,417,,,0.2851,,,,,,8.9828,r1_measured_02907,read,measured,,,,,1.4258,,ok,0.4176
8.4271,419,,,0.328,,,,,,10.2161,r1_measured_02908,read,measured,,,,,1.0057,,ok,0.3919
10.4375,689,,,2.2827,,,,,,19.93,r1_measured_02909,read,measured,,,,,6.715,,ok,0.4142
6.0174,629,,,0.876,,,,,,11.7027,r1_measured_02910,read,measured,,,,,4.2803,,ok,0.4562
5.0909,689,,,1.0629,,,,,,11.9617,r1_measured_02911,read,measured,,,,,5.087,,ok,0.6417
7.4584,419,,,0.3078,,,,,,16.8689,r1_measured_02912,read,measured,,,,,2.0963,,ok,0.3998
6.4352,509,,,0.7766,,,,,,19.3893,r1_measured_02913,read,measured,,,,,11.6313,,ok,0.4744
7.2512,680,,,1.9833,,,,,,15.1265,r1_measured_02914,read,measured,,,,,5.419,,ok,0.3977
3.8408,369,,,0.2518,,,,,,9.1599,r1_measured_02915,read,measured,,,,,4.6233,,ok,0.386
4.1006,568,,,0.5969,,,,,,14.8658,r1_measured_02916,read,measured,,,,,9.684,,ok,0.4093
6.5906,568,,,1.4593,,,,,,22.9307,r1_measured_02917,read,measured,,,,,14.35,,ok,0.4536
8.9771,419,,,0.4932,,,,,,13.5746,r1_measured_02918,read,measured,,,,,3.5137,,ok,0.5072
7.2847,680,,,0.6359,,,,,,20.5378,r1_measured_02919,read,measured,,,,,12.1449,,ok,0.3893
7.6867,369,,,0.3258,,,,,,12.1036,r1_measured_02920,read,measured,,,,,3.6438,,ok,0.3831
6.0927,680,,,0.8881,,,,,,14.1674,r1_measured_02921,read,measured,,,,,6.7089,,ok,0.3983
10.0507,628,,,0.8903,,,,,,27.612,r1_measured_02922,read,measured,,,,,16.212,,ok,0.3888
11.5811,689,,,0.8916,,,,,,15.4561,r1_measured_02923,read,measured,,,,,2.5185,,ok,0.3903
9.1327,674,,,0.5965,,,,,,17.4323,r1_measured_02924,read,measured,,,,,7.2368,,ok,0.3915
11.2752,680,,,0.6303,,,,,,18.4576,r1_measured_02925,read,measured,,,,,6.0972,,ok,0.3829
260.7646,679,14.4149,5.4495,0.556,62.0216,0,5.4476,1,26.9834,271.374,r1_measured_02926,update,measured,21.5339,10.6094,1,15.14,9.6281,142.2047,ok,0.3578
258.405,686,13.5643,3.4333,2.9914,65.9729,0,3.4316,1,25.3149,277.8356,r1_measured_02927,update,measured,21.8816,19.4306,1,28.7866,16.0192,124.7663,ok,0.3476
6.9751,675,,,1.1544,,,,,,13.2668,r1_measured_02928,read,measured,,,,,4.6843,,ok,0.3743
247.5749,680,10.9371,6.0902,0.5652,63.3973,1,6.0887,1,23.62,258.6854,r1_measured_02929,update,measured,17.5298,11.1105,1,0.0055,10.1216,149.615,ok,0.352
6.6799,680,,,1.4442,,,,,,13.1728,r1_measured_02930,read,measured,,,,,4.5288,,ok,0.4266
7.6465,689,,,1.0178,,,,,,10.1179,r1_measured_02931,read,measured,,,,,0.9776,,ok,0.3947
9.9186,680,,,1.5858,,,,,,13.0519,r1_measured_02932,read,measured,,,,,1.0022,,ok,0.4579
9.4268,663,,,1.9575,,,,,,160.8031,r1_measured_02933,read,measured,,,,,149.0513,,ok,0.2963
46.6972,675,,,0.6362,,,,,,157.2906,r1_measured_02934,read,measured,,,,,109.525,,ok,0.3412
30.4853,689,,,0.669,,,,,,158.8116,r1_measured_02935,read,measured,,,,,127.2844,,ok,0.3043
143.1916,509,,,0.6284,,,,,,155.255,r1_measured_02936,read,measured,,,,,11.0189,,ok,0.3462
12.9852,679,,,0.4477,,,,,,18.1903,r1_measured_02937,read,measured,,,,,4.3656,,ok,0.3297
78.9799,679,12.666,5.8143,0.5567,7.6964,1,5.8123,1,17.0231,88.253,r1_measured_02938,update,measured,11.2088,9.2731,1,2.7208,8.2971,38.8736,ok,0.3504
7.1745,509,,,0.4514,,,,,,12.786,r1_measured_02939,read,measured,,,,,4.7751,,ok,0.3196
7.182,689,,,0.5924,,,,,,14.2529,r1_measured_02940,read,measured,,,,,6.0884,,ok,0.3185
7.0058,681,,,0.8231,,,,,,49.6864,r1_measured_02941,read,measured,,,,,41.3515,,ok,0.4247
3.9862,369,,,0.2431,,,,,,5.294,r1_measured_02942,read,measured,,,,,0.7169,,ok,0.3043
26.9001,681,,,0.5385,,,,,,45.7261,r1_measured_02943,read,measured,,,,,17.8416,,ok,0.3632
24.9928,663,,,0.8912,,,,,,42.7478,r1_measured_02944,read,measured,,,,,16.378,,ok,0.4013
22.5134,368,,,0.3289,,,,,,32.5162,r1_measured_02945,read,measured,,,,,9.1755,,ok,0.4302
20.1075,688,,,1.7114,,,,,,24.9767,r1_measured_02946,read,measured,,,,,2.7223,,ok,0.3617
17.1444,418,,,0.3045,,,,,,19.512,r1_measured_02947,read,measured,,,,,1.6662,,ok,0.3437
7.4355,366,,,0.2405,,,,,,8.635,r1_measured_02948,read,measured,,,,,0.5782,,ok,0.3317
10.2087,680,,,1.2212,,,,,,22.2167,r1_measured_02949,read,measured,,,,,10.3607,,ok,0.3593
8.4362,368,,,0.3852,,,,,,12.715,r1_measured_02950,read,measured,,,,,3.4555,,ok,0.3676
10.6972,509,,,1.3547,,,,,,23.7008,r1_measured_02951,read,measured,,,,,11.2584,,ok,0.3361
7.9914,679,,,0.8721,,,,,,19.9327,r1_measured_02952,read,measured,,,,,10.6281,,ok,0.3717
12.2548,689,,,2.4204,,,,,,26.0567,r1_measured_02953,read,measured,,,,,10.9603,,ok,0.3547
10.1449,663,,,2.3949,,,,,,28.8125,r1_measured_02954,read,measured,,,,,15.7942,,ok,0.4025
13.2678,418,,,0.269,,,,,,15.0449,r1_measured_02955,read,measured,,,,,1.1057,,ok,0.3497
11.3162,368,,,0.6894,,,,,,16.5189,r1_measured_02956,read,measured,,,,,4.108,,ok,0.3484
10.1738,567,,,2.818,,,,,,23.1885,r1_measured_02957,read,measured,,,,,9.7004,,ok,0.428
6.1267,418,,,0.2539,,,,,,9.7497,r1_measured_02958,read,measured,,,,,2.9679,,ok,0.3357
16.163,675,,,1.3546,,,,,,23.9344,r1_measured_02959,read,measured,,,,,5.9777,,ok,0.3663
6.7947,417,,,0.2697,,,,,,10.2661,r1_measured_02960,read,measured,,,,,2.7673,,ok,0.375
12.0313,680,,,2.4135,,,,,,24.5188,r1_measured_02961,read,measured,,,,,9.6141,,ok,0.3886
9.108,674,,,0.9562,,,,,,15.3074,r1_measured_02962,read,measured,,,,,4.7981,,ok,0.3732
9.6229,675,,,0.6462,,,,,,16.6342,r1_measured_02963,read,measured,,,,,5.8966,,ok,0.3616
9.0318,418,,,0.2815,,,,,,10.6658,r1_measured_02964,read,measured,,,,,0.9465,,ok,0.3515
17.9104,681,,,1.2802,,,,,,25.8569,r1_measured_02965,read,measured,,,,,6.2428,,ok,0.3545
14.5714,629,,,1.462,,,,,,19.5566,r1_measured_02966,read,measured,,,,,3.0858,,ok,0.3681
14.2456,689,,,1.1342,,,,,,17.5679,r1_measured_02967,read,measured,,,,,1.7297,,ok,0.3885
9.3232,663,,,0.8242,,,,,,15.8179,r1_measured_02968,read,measured,,,,,5.1887,,ok,0.4139
15.7071,679,,,0.7145,,,,,,19.611,r1_measured_02969,read,measured,,,,,2.6604,,ok,0.4531
15.0182,678,,,0.8511,,,,,,23.47,r1_measured_02970,read,measured,,,,,7.112,,ok,0.4117
12.7996,418,,,0.2887,,,,,,14.9496,r1_measured_02971,read,measured,,,,,1.4358,,ok,0.3723
231.8149,680,31.6741,3.2224,0.5489,136.2901,1,3.2208,1,26.2302,245.3269,r1_measured_02972,update,measured,23.0078,13.512,1,0.0127,12.5755,37.6078,ok,0.3181
10.6402,568,,,0.5058,,,,,,21.2927,r1_measured_02973,read,measured,,,,,9.7075,,ok,0.371
9.907,419,,,0.3308,,,,,,14.3503,r1_measured_02974,read,measured,,,,,3.6828,,ok,0.3729
9.8951,678,,,0.6233,,,,,,17.1229,r1_measured_02975,read,measured,,,,,6.1507,,ok,0.3798
14.0396,688,,,1.7848,,,,,,51.5151,r1_measured_02976,read,measured,,,,,35.2041,,ok,0.4063
11.0431,663,,,1.04,,,,,,42.7206,r1_measured_02977,read,measured,,,,,30.1455,,ok,0.41
8.3298,678,,,1.1484,,,,,,44.9833,r1_measured_02978,read,measured,,,,,35.014,,ok,0.408
36.1914,628,,,0.5273,,,,,,46.879,r1_measured_02979,read,measured,,,,,9.7152,,ok,0.3708
33.1253,680,,,2.4587,,,,,,46.3009,r1_measured_02980,read,measured,,,,,10.2621,,ok,0.3711
31.5504,628,,,0.7003,,,,,,45.0359,r1_measured_02981,read,measured,,,,,12.3346,,ok,0.3805
35.9583,687,,,1.5103,,,,,,46.5736,r1_measured_02982,read,measured,,,,,8.6608,,ok,0.37
7.0869,686,,,1.0033,,,,,,17.0972,r1_measured_02983,read,measured,,,,,8.5569,,ok,0.3781
9.057,663,,,0.5742,,,,,,17.8041,r1_measured_02984,read,measured,,,,,7.7451,,ok,0.3607
8.8617,663,,,1.1479,,,,,,19.1812,r1_measured_02985,read,measured,,,,,8.7336,,ok,0.3688
9.0038,663,,,0.6414,,,,,,18.9231,r1_measured_02986,read,measured,,,,,8.8163,,ok,0.3783
7.809,568,,,0.7675,,,,,,11.803,r1_measured_02987,read,measured,,,,,2.8039,,ok,0.3607
11.8138,663,,,1.0831,,,,,,23.3848,r1_measured_02988,read,measured,,,,,10.0463,,ok,0.3709
9.6279,567,,,0.5954,,,,,,14.4126,r1_measured_02989,read,measured,,,,,3.7393,,ok,0.3761
7.2725,567,,,1.3012,,,,,,21.3539,r1_measured_02990,read,measured,,,,,12.3539,,ok,0.3621
10.7754,419,,,0.2854,,,,,,13.6162,r1_measured_02991,read,measured,,,,,2.119,,ok,0.3763
8.817,568,,,0.8039,,,,,,19.9628,r1_measured_02992,read,measured,,,,,9.9137,,ok,0.3635
11.3639,689,,,1.3247,,,,,,24.4881,r1_measured_02993,read,measured,,,,,11.3489,,ok,0.3798
11.2062,678,,,0.5235,,,,,,23.6031,r1_measured_02994,read,measured,,,,,11.459,,ok,0.3485
10.1853,625,,,1.6679,,,,,,16.5763,r1_measured_02995,read,measured,,,,,4.2892,,ok,0.3678
5.7041,509,,,1.1708,,,,,,8.7525,r1_measured_02996,read,measured,,,,,1.449,,ok,0.3689
7.5904,509,,,0.4693,,,,,,16.365,r1_measured_02997,read,measured,,,,,7.8844,,ok,0.3595
7.1527,672,,,0.6309,,,,,,18.9188,r1_measured_02998,read,measured,,,,,10.6593,,ok,0.3987
6.4595,663,,,0.6065,,,,,,18.6802,r1_measured_02999,read,measured,,,,,11.1483,,ok,0.392
6.9516,663,,,1.2901,,,,,,23.337,r1_measured_03000,read,measured,,,,,14.3441,,ok,0.676
8.6184,662,,,1.9972,,,,,,20.8018,r1_measured_03001,read,measured,,,,,9.594,,ok,0.493
6.6375,629,,,0.5312,,,,,,11.0058,r1_measured_03002,read,measured,,,,,3.3793,,ok,0.3869
7.1812,417,,,0.3033,,,,,,10.3518,r1_measured_03003,read,measured,,,,,2.4424,,ok,0.3674
9.8512,568,,,0.5766,,,,,,18.7156,r1_measured_03004,read,measured,,,,,7.8483,,ok,0.3678
13.5834,679,,,0.5202,,,,,,22.6681,r1_measured_03005,read,measured,,,,,8.0162,,ok,0.4445
12.6974,418,,,0.2722,,,,,,14.8375,r1_measured_03006,read,measured,,,,,1.457,,ok,0.3544
9.844,680,,,0.8098,,,,,,89.7227,r1_measured_03007,read,measured,,,,,4.9924,,ok,0.3612
7.7799,417,,,0.2655,,,,,,13.121,r1_measured_03008,read,measured,,,,,4.679,,ok,0.3414
10.6782,663,,,0.5033,,,,,,14.8832,r1_measured_03009,read,measured,,,,,3.2739,,ok,0.3601
8.2061,369,,,0.2377,,,,,,9.3239,r1_measured_03010,read,measured,,,,,0.4655,,ok,0.3581
10.5169,675,,,1.3592,,,,,,16.412,r1_measured_03011,read,measured,,,,,4.1126,,ok,0.3546
113.9365,629,32.5978,6.2335,0.5366,16.9207,1,6.2315,1,23.2666,118.0803,r1_measured_03012,update,measured,17.0331,4.1438,1,9.847,3.2214,31.3044,ok,0.3238
6.8546,566,,,0.5424,,,,,,20.4915,r1_measured_03013,read,measured,,,,,12.6812,,ok,0.3489
6.1349,417,,,0.2853,,,,,,7.7518,r1_measured_03014,read,measured,,,,,0.9272,,ok,0.3511
6.7215,679,,,1.3071,,,,,,13.8885,r1_measured_03015,read,measured,,,,,5.382,,ok,0.3853
6.4723,675,,,0.9627,,,,,,17.544,r1_measured_03016,read,measured,,,,,9.6531,,ok,0.3763
5.4487,681,,,1.0737,,,,,,7.9424,r1_measured_03017,read,measured,,,,,0.984,,ok,0.3664
5.8903,689,,,1.3682,,,,,,11.021,r1_measured_03018,read,measured,,,,,3.3314,,ok,0.3582
10.054,675,,,1.4658,,,,,,36.1476,r1_measured_03019,read,measured,,,,,24.0876,,ok,0.4473
8.3618,689,,,0.6406,,,,,,12.9701,r1_measured_03020,read,measured,,,,,3.5518,,ok,0.3463
6.0692,681,,,0.5808,,,,,,8.6914,r1_measured_03021,read,measured,,,,,1.6158,,ok,0.3548
22.6753,509,,,0.7485,,,,,,38.1189,r1_measured_03022,read,measured,,,,,14.1717,,ok,0.4483
27.2185,629,,,0.5155,,,,,,39.7327,r1_measured_03023,read,measured,,,,,11.5427,,ok,0.3855
27.4429,417,,,0.3012,,,,,,29.2078,r1_measured_03024,read,measured,,,,,1.0243,,ok,0.3753
28.7414,680,,,0.5577,,,,,,34.6712,r1_measured_03025,read,measured,,,,,4.9265,,ok,0.3752
94.2368,509,16.1641,8.5306,0.8787,14.5329,1,8.5285,1,35.3234,96.3363,r1_measured_03026,update,measured,26.7928,2.0995,1,0.0057,0.7584,28.2107,ok,0.4001
8.4443,418,,,0.318,,,,,,9.8868,r1_measured_03027,read,measured,,,,,0.7039,,ok,0.366
9.6474,689,,,1.2704,,,,,,14.5436,r1_measured_03028,read,measured,,,,,3.1873,,ok,0.3688
6.9422,417,,,0.2625,,,,,,8.9841,r1_measured_03029,read,measured,,,,,1.3832,,ok,0.3472
4.9419,679,,,0.5159,,,,,,11.809,r1_measured_03030,read,measured,,,,,5.9406,,ok,0.3446
18.3077,689,,,1.7548,,,,,,41.31,r1_measured_03031,read,measured,,,,,20.8241,,ok,0.3409
39.1427,508,,,2.3142,,,,,,49.8,r1_measured_03032,read,measured,,,,,7.9414,,ok,0.3444
36.3038,689,,,1.4121,,,,,,44.3527,r1_measured_03033,read,measured,,,,,6.2191,,ok,0.3471
12.298,417,,,0.2678,,,,,,30.242,r1_measured_03034,read,measured,,,,,17.0838,,ok,0.5364
34.2028,663,,,0.7744,,,,,,41.0141,r1_measured_03035,read,measured,,,,,5.605,,ok,0.3564
15.1013,509,,,0.5123,,,,,,18.3431,r1_measured_03036,read,measured,,,,,2.3052,,ok,0.3643
11.9235,568,,,0.7818,,,,,,16.64,r1_measured_03037,read,measured,,,,,3.5338,,ok,0.3404
7.8543,687,,,1.1265,,,,,,13.1419,r1_measured_03038,read,measured,,,,,3.7565,,ok,0.3378
11.785,508,,,0.4699,,,,,,13.3808,r1_measured_03039,read,measured,,,,,0.723,,ok,0.3458
14.9191,662,,,2.7046,,,,,,25.6743,r1_measured_03040,read,measured,,,,,7.57,,ok,0.4031
13.622,674,,,3.6675,,,,,,23.7164,r1_measured_03041,read,measured,,,,,5.9199,,ok,0.4333
11.0301,680,,,1.0833,,,,,,17.2816,r1_measured_03042,read,measured,,,,,4.6566,,ok,0.438
11.0579,568,,,1.122,,,,,,17.5056,r1_measured_03043,read,measured,,,,,4.8253,,ok,0.4323
9.5445,680,,,1.6437,,,,,,20.8811,r1_measured_03044,read,measured,,,,,9.2034,,ok,0.4101
9.0703,567,,,1.282,,,,,,19.1508,r1_measured_03045,read,measured,,,,,8.3384,,ok,0.3909
20.2856,663,,,0.6189,,,,,,22.3671,r1_measured_03046,read,measured,,,,,0.7916,,ok,0.5766
20.4483,509,,,0.5477,,,,,,26.762,r1_measured_03047,read,measured,,,,,5.3097,,ok,0.3895
275.3545,509,20.7159,12.5211,0.4448,94.2012,1,12.5195,1,95.1476,292.0166,r1_measured_03048,update,measured,82.6265,16.6621,1,7.5091,15.7293,57.7807,ok,0.4022
16.9382,681,,,2.4178,,,,,,97.681,r1_measured_03049,read,measured,,,,,77.9467,,ok,0.3072
11.2937,369,,,0.3781,,,,,,12.9434,r1_measured_03050,read,measured,,,,,0.8313,,ok,0.3747
12.8936,680,,,0.6226,,,,,,90.0567,r1_measured_03051,read,measured,,,,,76.1015,,ok,0.3372
12.4873,419,,,0.2852,,,,,,14.6799,r1_measured_03052,read,measured,,,,,1.4987,,ok,0.3545
13.8215,680,,,65.8209,,,,,,84.1414,r1_measured_03053,read,measured,,,,,4.0064,,ok,0.4115
294.8321,681,7.9458,7.7059,15.3968,127.8302,1,7.704,1,92.767,325.2354,r1_measured_03054,update,measured,85.0611,30.4033,1,30.3492,14.5148,35.9399,ok,0.4232
77.3798,689,,,1.3591,,,,,,82.2818,r1_measured_03055,read,measured,,,,,3.1636,,ok,0.3116
72.8123,681,,,1.1328,,,,,,78.2366,r1_measured_03056,read,measured,,,,,3.9054,,ok,0.3264
75.1284,418,,,0.2547,,,,,,77.0333,r1_measured_03057,read,measured,,,,,1.2662,,ok,0.3323
8.4161,680,,,5.2951,,,,,,32.1143,r1_measured_03058,read,measured,,,,,17.9125,,ok,0.4029
6.0671,568,,,7.3081,,,,,,61.3348,r1_measured_03059,read,measured,,,,,47.281,,ok,0.597
30.9785,629,,,1.1348,,,,,,66.8121,r1_measured_03060,read,measured,,,,,34.1924,,ok,0.4347
29.64,508,,,22.3932,,,,,,56.2439,r1_measured_03061,read,measured,,,,,3.4982,,ok,0.6064
28.6033,566,,,1.5568,,,,,,33.9363,r1_measured_03062,read,measured,,,,,3.323,,ok,0.3828
27.1208,688,,,1.5015,,,,,,63.4294,r1_measured_03063,read,measured,,,,,34.3268,,ok,0.4063
23.9959,419,,,0.9149,,,,,,37.7109,r1_measured_03064,read,measured,,,,,12.2573,,ok,0.4736
34.877,663,,,2.8462,,,,,,43.4828,r1_measured_03065,read,measured,,,,,5.2407,,ok,0.4354
12.9369,689,,,0.6786,,,,,,17.2172,r1_measured_03066,read,measured,,,,,3.1023,,ok,0.4187
12.3609,680,,,2.5413,,,,,,19.6126,r1_measured_03067,read,measured,,,,,4.2237,,ok,0.4048
14.9376,674,,,1.6938,,,,,,27.7212,r1_measured_03068,read,measured,,,,,10.6621,,ok,0.3596
13.0162,663,,,1.5775,,,,,,17.7331,r1_measured_03069,read,measured,,,,,2.6831,,ok,0.3831
11.6485,680,,,1.1882,,,,,,15.7479,r1_measured_03070,read,measured,,,,,2.3383,,ok,0.4829
13.7088,418,,,0.281,,,,,,16.8044,r1_measured_03071,read,measured,,,,,2.3061,,ok,0.4491
10.7508,674,,,0.5406,,,,,,23.9375,r1_measured_03072,read,measured,,,,,12.219,,ok,0.3583
9.4431,629,,,0.6433,,,,,,21.0937,r1_measured_03073,read,measured,,,,,10.5851,,ok,0.3594
9.9678,679,,,1.981,,,,,,14.9657,r1_measured_03074,read,measured,,,,,2.6163,,ok,0.338
8.7314,419,,,0.2739,,,,,,10.6783,r1_measured_03075,read,measured,,,,,1.2583,,ok,0.3595
6.0073,680,,,2.1482,,,,,,24.5182,r1_measured_03076,read,measured,,,,,15.9359,,ok,0.3489
7.168,688,,,1.5458,,,,,,15.1505,r1_measured_03077,read,measured,,,,,5.9823,,ok,0.3822
7.3274,675,,,0.9503,,,,,,10.7334,r1_measured_03078,read,measured,,,,,1.9176,,ok,0.4755
5.084,680,,,2.4946,,,,,,16.1026,r1_measured_03079,read,measured,,,,,7.9603,,ok,0.4937
8.4856,628,,,0.5681,,,,,,18.5829,r1_measured_03080,read,measured,,,,,9.1234,,ok,0.3401
6.3939,663,,,0.5067,,,,,,8.9263,r1_measured_03081,read,measured,,,,,1.2853,,ok,0.6666
7.2814,675,,,2.8707,,,,,,21.0517,r1_measured_03082,read,measured,,,,,8.4221,,ok,2.4028
6.4752,509,,,1.5445,,,,,,27.1151,r1_measured_03083,read,measured,,,,,18.7025,,ok,0.334
6.0004,509,,,5.1638,,,,,,17.042,r1_measured_03084,read,measured,,,,,5.4411,,ok,0.3803
6.053,568,,,1.1892,,,,,,17.0879,r1_measured_03085,read,measured,,,,,9.4477,,ok,0.3383
4.9001,568,,,0.433,,,,,,19.8629,r1_measured_03086,read,measured,,,,,14.1449,,ok,0.3266
10.0749,417,,,0.7671,,,,,,12.3603,r1_measured_03087,read,measured,,,,,1.1122,,ok,0.351
6.0389,369,,,0.2232,,,,,,9.5684,r1_measured_03088,read,measured,,,,,2.9391,,ok,0.3214
5.5296,681,,,0.6971,,,,,,10.7756,r1_measured_03089,read,measured,,,,,4.1652,,ok,0.3226
9.6361,679,,,2.325,,,,,,17.5658,r1_measured_03090,read,measured,,,,,5.1969,,ok,0.3414
7.0316,567,,,0.5474,,,,,,13.4453,r1_measured_03091,read,measured,,,,,5.4161,,ok,0.3791
6.6517,628,,,2.6787,,,,,,15.6769,r1_measured_03092,read,measured,,,,,5.824,,ok,0.4437
75.8579,663,9.9149,5.968,3.5124,4.4724,0,5.9664,1,22.835,104.8001,r1_measured_03093,update,measured,16.867,28.9422,1,1.4909,24.9919,37.1447,ok,0.3625
4.452,674,,,0.9899,,,,,,11.0596,r1_measured_03094,read,measured,,,,,5.1626,,ok,0.3858
4.8177,629,,,0.7729,,,,,,13.5718,r1_measured_03095,read,measured,,,,,7.4092,,ok,0.4934
10.2823,628,,,7.4193,,,,,,41.6004,r1_measured_03096,read,measured,,,,,23.4323,,ok,0.3889
8.4544,686,,,0.5406,,,,,,45.4573,r1_measured_03097,read,measured,,,,,36.0522,,ok,0.3342
7.3265,568,,,1.5315,,,,,,39.3758,r1_measured_03098,read,measured,,,,,30.0907,,ok,0.3453
6.5471,679,,,0.6053,,,,,,46.4944,r1_measured_03099,read,measured,,,,,38.8935,,ok,0.3647
5.8089,508,,,0.5476,,,,,,39.4735,r1_measured_03100,read,measured,,,,,32.7038,,ok,0.347
246.4327,679,7.4359,13.1029,1.2619,168.2866,0,13.1012,1,28.9126,328.1556,r1_measured_03101,update,measured,15.8097,81.7229,1,6.1407,79.7963,35.6569,ok,0.5753
17.1427,663,,,0.8966,,,,,,24.4423,r1_measured_03102,read,measured,,,,,6.0059,,ok,0.3364
9.8969,680,,,1.9041,,,,,,13.2005,r1_measured_03103,read,measured,,,,,0.9579,,ok,0.3668
12.4576,675,,,1.1804,,,,,,25.0163,r1_measured_03104,read,measured,,,,,10.9419,,ok,0.354
10.5463,681,,,0.9417,,,,,,19.5147,r1_measured_03105,read,measured,,,,,7.6218,,ok,0.3439
9.5335,680,,,0.7559,,,,,,13.3071,r1_measured_03106,read,measured,,,,,2.577,,ok,0.3592
9.6609,689,,,0.539,,,,,,15.1351,r1_measured_03107,read,measured,,,,,4.5263,,ok,0.3459
8.7194,369,,,0.2434,,,,,,29.5381,r1_measured_03108,read,measured,,,,,20.093,,ok,0.4229
25.5277,679,,,2.0904,,,,,,40.7904,r1_measured_03109,read,measured,,,,,12.7538,,ok,0.3466
6.8824,568,,,0.5508,,,,,,35.8642,r1_measured_03110,read,measured,,,,,27.9823,,ok,0.3764
18.2464,663,,,0.5395,,,,,,34.062,r1_measured_03111,read,measured,,,,,14.8583,,ok,0.3464
34.7044,662,,,0.5425,,,,,,39.9705,r1_measured_03112,read,measured,,,,,4.315,,ok,0.3371
17.9564,627,,,2.7434,,,,,,27.3704,r1_measured_03113,read,measured,,,,,6.2466,,ok,0.3537
16.0553,663,,,0.7276,,,,,,19.1288,r1_measured_03114,read,measured,,,,,1.9492,,ok,0.3298
14.7696,689,,,0.6051,,,,,,23.8847,r1_measured_03115,read,measured,,,,,8.0445,,ok,0.3964
12.5009,689,,,0.572,,,,,,26.2403,r1_measured_03116,read,measured,,,,,12.7588,,ok,0.342
9.7871,629,,,1.1877,,,,,,17.8715,r1_measured_03117,read,measured,,,,,6.4694,,ok,0.3567
9.1776,629,,,1.7067,,,,,,21.74,r1_measured_03118,read,measured,,,,,10.4585,,ok,0.3361
8.5692,568,,,0.6593,,,,,,10.8243,r1_measured_03119,read,measured,,,,,1.1932,,ok,0.3429
6.6579,674,,,0.9775,,,,,,20.822,r1_measured_03120,read,measured,,,,,12.7048,,ok,0.403
7.1589,567,,,0.5427,,,,,,9.8677,r1_measured_03121,read,measured,,,,,1.7362,,ok,0.3619
6.7676,629,,,1.5831,,,,,,16.8305,r1_measured_03122,read,measured,,,,,8.0593,,ok,0.3548
9.2461,674,,,1.651,,,,,,16.4436,r1_measured_03123,read,measured,,,,,5.0679,,ok,0.4089
7.8196,508,,,0.5378,,,,,,17.8607,r1_measured_03124,read,measured,,,,,9.0803,,ok,0.3599
11.7763,663,,,1.9256,,,,,,21.955,r1_measured_03125,read,measured,,,,,7.8203,,ok,0.362
9.6274,679,,,1.5193,,,,,,22.1663,r1_measured_03126,read,measured,,,,,10.5911,,ok,0.3527
6.4342,509,,,1.3696,,,,,,14.3456,r1_measured_03127,read,measured,,,,,6.0377,,ok,0.4371
10.263,680,,,2.7404,,,,,,25.3254,r1_measured_03128,read,measured,,,,,11.9023,,ok,0.3523
8.9652,418,,,0.2619,,,,,,11.2099,r1_measured_03129,read,measured,,,,,1.5841,,ok,0.3466
5.6926,369,,,0.2712,,,,,,9.0314,r1_measured_03130,read,measured,,,,,2.6559,,ok,0.3584
10.1024,663,,,0.7173,,,,,,20.0744,r1_measured_03131,read,measured,,,,,8.8255,,ok,0.3631
7.7096,663,,,0.5516,,,,,,9.8533,r1_measured_03132,read,measured,,,,,1.1734,,ok,0.3542
8.8151,689,,,0.9401,,,,,,23.7358,r1_measured_03133,read,measured,,,,,13.2489,,ok,0.657
6.9219,369,,,0.2439,,,,,,9.3395,r1_measured_03134,read,measured,,,,,1.7029,,ok,0.3998
10.3189,509,,,1.7726,,,,,,21.7784,r1_measured_03135,read,measured,,,,,9.2344,,ok,0.3855
10.0281,689,,,0.7362,,,,,,15.6977,r1_measured_03136,read,measured,,,,,4.4431,,ok,0.4162
8.9242,680,,,2.0784,,,,,,34.6481,r1_measured_03137,read,measured,,,,,23.2124,,ok,0.3651
6.7628,688,,,0.7668,,,,,,18.9566,r1_measured_03138,read,measured,,,,,10.973,,ok,0.381
8.241,629,,,0.8337,,,,,,34.2788,r1_measured_03139,read,measured,,,,,24.7561,,ok,0.358
5.9212,627,,,0.5308,,,,,,12.9758,r1_measured_03140,read,measured,,,,,6.0669,,ok,0.3842
6.6581,689,,,0.7288,,,,,,17.209,r1_measured_03141,read,measured,,,,,9.3823,,ok,0.3672
7.3044,680,,,2.7946,,,,,,19.5338,r1_measured_03142,read,measured,,,,,8.9853,,ok,0.3734
6.0923,369,,,0.238,,,,,,8.3416,r1_measured_03143,read,measured,,,,,1.5913,,ok,0.3662
10.226,629,,,1.7538,,,,,,23.0677,r1_measured_03144,read,measured,,,,,10.6291,,ok,0.3893
8.0363,663,,,1.6941,,,,,,11.3357,r1_measured_03145,read,measured,,,,,1.0563,,ok,0.4771
266.556,675,7.2614,9.3414,0.5094,184.5194,1,9.3396,1,27.6081,277.515,r1_measured_03146,update,measured,18.2667,10.959,1,10.7556,10.011,36.4115,ok,0.3651
7.5888,689,,,2.2478,,,,,,15.092,r1_measured_03147,read,measured,,,,,4.7905,,ok,0.3861
11.3269,629,,,0.7841,,,,,,14.2344,r1_measured_03148,read,measured,,,,,1.6083,,ok,0.4368
6.0329,625,,,0.5964,,,,,,16.0191,r1_measured_03149,read,measured,,,,,8.9649,,ok,0.3594
8.9317,627,,,2.6368,,,,,,18.3837,r1_measured_03150,read,measured,,,,,6.3494,,ok,0.3947
9.0689,629,,,0.6133,,,,,,16.2655,r1_measured_03151,read,measured,,,,,6.0755,,ok,0.4183
9.029,627,,,1.5525,,,,,,51.0734,r1_measured_03152,read,measured,,,,,40.0619,,ok,0.3612
8.3795,675,,,0.5702,,,,,,18.0689,r1_measured_03153,read,measured,,,,,8.6705,,ok,0.3772
8.8957,369,,,0.2465,,,,,,11.4305,r1_measured_03154,read,measured,,,,,1.8737,,ok,0.363
7.5423,679,,,0.7423,,,,,,38.3992,r1_measured_03155,read,measured,,,,,29.6455,,ok,0.3926
6.3903,675,,,0.7028,,,,,,42.2103,r1_measured_03156,read,measured,,,,,34.686,,ok,0.3605
7.4706,689,,,1.1585,,,,,,49.3098,r1_measured_03157,read,measured,,,,,40.1961,,ok,0.4093
27.6606,674,,,0.635,,,,,,40.2791,r1_measured_03158,read,measured,,,,,11.5366,,ok,0.3732
29.1309,418,,,0.2762,,,,,,31.0964,r1_measured_03159,read,measured,,,,,1.2541,,ok,0.3786
8.3616,663,,,0.5222,,,,,,12.7666,r1_measured_03160,read,measured,,,,,3.4549,,ok,0.3582
10.5555,419,,,0.273,,,,,,12.9989,r1_measured_03161,read,measured,,,,,1.7721,,ok,0.3434
9.3392,688,,,1.3631,,,,,,16.7202,r1_measured_03162,read,measured,,,,,5.5012,,ok,0.4243
6.8109,369,,,0.2399,,,,,,11.4491,r1_measured_03163,read,measured,,,,,4.0003,,ok,0.3475
9.078,674,,,0.7336,,,,,,13.2722,r1_measured_03164,read,measured,,,,,3.0276,,ok,0.3625
13.8744,680,,,0.9522,,,,,,17.9767,r1_measured_03165,read,measured,,,,,2.5015,,ok,0.5719
11.0307,681,,,1.5632,,,,,,15.3342,r1_measured_03166,read,measured,,,,,2.2978,,ok,0.3682
3.5716,366,,,0.257,,,,,,7.3695,r1_measured_03167,read,measured,,,,,3.1457,,ok,0.3428
8.1582,679,,,0.4924,,,,,,14.3054,r1_measured_03168,read,measured,,,,,5.2253,,ok,0.3587
12.6684,568,,,1.2947,,,,,,17.0874,r1_measured_03169,read,measured,,,,,2.6849,,ok,0.3744
11.2867,680,,,0.9944,,,,,,14.531,r1_measured_03170,read,measured,,,,,1.7857,,ok,0.3909
9.6604,508,,,4.1413,,,,,,19.6594,r1_measured_03171,read,measured,,,,,5.3469,,ok,0.448
11.8267,687,,,0.8927,,,,,,104.5772,r1_measured_03172,read,measured,,,,,91.3644,,ok,0.4047
11.4753,674,,,2.4236,,,,,,99.9167,r1_measured_03173,read,measured,,,,,85.5045,,ok,0.4199
9.7834,675,,,5.3936,,,,,,93.9744,r1_measured_03174,read,measured,,,,,78.1008,,ok,0.5801
80.1991,369,,,0.325,,,,,,81.7608,r1_measured_03175,read,measured,,,,,0.7021,,ok,0.4496
84.1036,509,,,1.8565,,,,,,97.3386,r1_measured_03176,read,measured,,,,,10.8919,,ok,0.4033
82.7094,689,,,1.3522,,,,,,93.0529,r1_measured_03177,read,measured,,,,,8.4967,,ok,0.4074
10.2132,368,,,0.2645,,,,,,12.8283,r1_measured_03178,read,measured,,,,,1.8988,,ok,0.3909
4.55,629,,,1.4384,,,,,,14.8188,r1_measured_03179,read,measured,,,,,8.3357,,ok,0.4086
11.9427,680,,,0.7028,,,,,,15.1457,r1_measured_03180,read,measured,,,,,1.9868,,ok,0.4175
11.4901,369,,,0.3009,,,,,,13.31,r1_measured_03181,read,measured,,,,,1.0199,,ok,0.4347
14.2345,568,,,1.4907,,,,,,25.4639,r1_measured_03182,read,measured,,,,,9.2426,,ok,0.4026
12.3099,674,,,1.8259,,,,,,24.2724,r1_measured_03183,read,measured,,,,,9.6696,,ok,0.3816
11.4576,509,,,0.8078,,,,,,17.0331,r1_measured_03184,read,measured,,,,,4.3134,,ok,0.3872
10.1977,368,,,0.2796,,,,,,12.9943,r1_measured_03185,read,measured,,,,,2.07,,ok,0.3833
8.3032,627,,,1.2724,,,,,,14.498,r1_measured_03186,read,measured,,,,,4.4471,,ok,0.3922
9.3706,417,,,2.4623,,,,,,18.3412,r1_measured_03187,read,measured,,,,,6.0352,,ok,0.3887
10.5132,568,,,0.5226,,,,,,18.3793,r1_measured_03188,read,measured,,,,,6.8902,,ok,0.3754
13.8113,679,,,2.3192,,,,,,18.3641,r1_measured_03189,read,measured,,,,,1.7737,,ok,0.3816
11.1267,675,,,2.3249,,,,,,16.2946,r1_measured_03190,read,measured,,,,,2.3703,,ok,0.385
6.9203,568,,,0.8236,,,,,,13.5126,r1_measured_03191,read,measured,,,,,5.1726,,ok,0.5259
13.1663,629,,,3.2106,,,,,,23.4446,r1_measured_03192,read,measured,,,,,6.6211,,ok,0.3782
12.6444,369,,,0.2642,,,,,,14.7499,r1_measured_03193,read,measured,,,,,1.3575,,ok,0.4272
12.0398,675,,,3.368,,,,,,20.2502,r1_measured_03194,read,measured,,,,,4.3454,,ok,0.424
8.6404,680,,,0.695,,,,,,21.8855,r1_measured_03195,read,measured,,,,,11.9915,,ok,0.4504
7.338,419,,,0.8292,,,,,,9.6926,r1_measured_03196,read,measured,,,,,1.0221,,ok,0.4351
13.1183,674,,,1.7158,,,,,,22.8913,r1_measured_03197,read,measured,,,,,7.605,,ok,0.3738
11.0504,679,,,0.6181,,,,,,17.4994,r1_measured_03198,read,measured,,,,,5.3737,,ok,0.3698
8.8182,509,,,0.9126,,,,,,16.2754,r1_measured_03199,read,measured,,,,,6.0673,,ok,0.4012
16.5524,679,,,1.5142,,,,,,22.4256,r1_measured_03200,read,measured,,,,,3.8695,,ok,0.3976
7.6242,509,,,1.2549,,,,,,11.9435,r1_measured_03201,read,measured,,,,,2.6063,,ok,0.3864
12.1038,678,,,1.0942,,,,,,23.2971,r1_measured_03202,read,measured,,,,,9.5003,,ok,0.5261
12.0135,680,,,2.8501,,,,,,22.2254,r1_measured_03203,read,measured,,,,,6.8917,,ok,0.3828
9.3511,625,,,1.7564,,,,,,29.5782,r1_measured_03204,read,measured,,,,,18.0304,,ok,0.3683
10.1489,663,,,0.5902,,,,,,20.2396,r1_measured_03205,read,measured,,,,,9.0334,,ok,0.3706
8.5258,417,,,0.3421,,,,,,14.4405,r1_measured_03206,read,measured,,,,,5.1389,,ok,0.3762
9.7851,674,,,0.6125,,,,,,19.6495,r1_measured_03207,read,measured,,,,,8.8098,,ok,0.3676
8.6439,629,,,0.8991,,,,,,19.1617,r1_measured_03208,read,measured,,,,,9.1929,,ok,0.3549
12.2941,680,,,2.2239,,,,,,18.6621,r1_measured_03209,read,measured,,,,,3.6827,,ok,0.3803
12.1752,629,,,1.5216,,,,,,16.5475,r1_measured_03210,read,measured,,,,,2.1333,,ok,0.6388
9.8729,689,,,4.5734,,,,,,19.5194,r1_measured_03211,read,measured,,,,,4.5547,,ok,0.3831
16.3193,678,,,0.9771,,,,,,24.0009,r1_measured_03212,read,measured,,,,,6.1978,,ok,0.4173
15.0353,566,,,0.5737,,,,,,27.1529,r1_measured_03213,read,measured,,,,,11.0976,,ok,0.375
13.7568,509,,,0.5557,,,,,,18.4524,r1_measured_03214,read,measured,,,,,3.676,,ok,0.3961
11.2945,681,,,1.6065,,,,,,18.8868,r1_measured_03215,read,measured,,,,,5.5117,,ok,0.395
8.4731,369,,,0.2912,,,,,,10.8734,r1_measured_03216,read,measured,,,,,1.7092,,ok,0.3466
14.7859,679,,,2.0728,,,,,,26.7744,r1_measured_03217,read,measured,,,,,9.2224,,ok,0.618
14.0824,689,,,0.9427,,,,,,22.3511,r1_measured_03218,read,measured,,,,,6.8454,,ok,0.4012
12.8658,680,,,1.8355,,,,,,23.9323,r1_measured_03219,read,measured,,,,,8.7856,,ok,0.3696
11.9723,678,,,0.8774,,,,,,22.3325,r1_measured_03220,read,measured,,,,,9.0519,,ok,0.3576
11.0911,418,,,0.2912,,,,,,15.6462,r1_measured_03221,read,measured,,,,,3.8171,,ok,0.3857
135.451,418,13.153,9.024,0.2879,40.9124,1,9.0224,1,31.1242,139.4899,r1_measured_03222,update,measured,22.1002,4.0389,1,23.2434,3.3665,27.018,ok,0.3341
134.6174,418,13.1198,7.2573,0.2608,40.6954,1,7.2558,1,29.7228,137.2068,r1_measured_03223,update,measured,22.4655,2.5894,1,4.4104,1.9514,46.669,ok,0.3289
5.4382,567,,,1.211,,,,,,13.9266,r1_measured_03224,read,measured,,,,,6.8331,,ok,0.3771
10.5383,679,,,5.7978,,,,,,42.4622,r1_measured_03225,read,measured,,,,,25.5868,,ok,0.44
8.159,680,,,0.6482,,,,,,16.9045,r1_measured_03226,read,measured,,,,,7.6452,,ok,0.375
6.8306,689,,,9.2782,,,,,,30.0582,r1_measured_03227,read,measured,,,,,13.4474,,ok,0.4224
6.1881,508,,,2.0485,,,,,,12.3975,r1_measured_03228,read,measured,,,,,3.6988,,ok,0.3867
6.5887,681,,,0.9672,,,,,,15.1152,r1_measured_03229,read,measured,,,,,7.1047,,ok,0.3793
5.4569,418,,,0.784,,,,,,8.1386,r1_measured_03230,read,measured,,,,,1.4333,,ok,0.3969
6.462,686,,,0.6632,,,,,,47.8649,r1_measured_03231,read,measured,,,,,40.2618,,ok,0.3995
6.1659,663,,,0.5258,,,,,,52.6295,r1_measured_03232,read,measured,,,,,45.5134,,ok,0.3534
22.6493,567,,,0.663,,,,,,46.2603,r1_measured_03233,read,measured,,,,,22.5159,,ok,0.3697
21.1815,567,,,0.6653,,,,,,45.9706,r1_measured_03234,read,measured,,,,,23.6963,,ok,0.3637
90.9924,509,13.0373,25.1421,1.5281,7.2751,1,25.1404,1,44.1183,110.2658,r1_measured_03235,update,measured,18.9762,19.2734,1,0.0051,17.198,26.5566,ok,0.4782
17.7716,679,,,2.3482,,,,,,34.9856,r1_measured_03236,read,measured,,,,,14.4418,,ok,0.3543
7.3306,418,,,0.2632,,,,,,8.6476,r1_measured_03237,read,measured,,,,,0.6531,,ok,0.3503
7.8518,688,,,0.7347,,,,,,34.9697,r1_measured_03238,read,measured,,,,,25.9413,,ok,0.3682
26.927,662,,,0.499,,,,,,38.151,r1_measured_03239,read,measured,,,,,10.3242,,ok,0.3356
4.3487,418,,,0.3215,,,,,,6.1848,r1_measured_03240,read,measured,,,,,1.0886,,ok,0.368
22.0219,509,,,0.4568,,,,,,30.1278,r1_measured_03241,read,measured,,,,,7.2351,,ok,0.3521
19.8979,629,,,0.5067,,,,,,28.0436,r1_measured_03242,read,measured,,,,,7.1561,,ok,0.411
21.43,509,,,0.42,,,,,,29.5668,r1_measured_03243,read,measured,,,,,7.3062,,ok,0.3516
15.9045,509,,,4.1126,,,,,,23.5911,r1_measured_03244,read,measured,,,,,3.1281,,ok,0.3811
21.64,689,,,1.7232,,,,,,29.1161,r1_measured_03245,read,measured,,,,,5.3448,,ok,0.3442
12.4313,418,,,0.3383,,,,,,14.5779,r1_measured_03246,read,measured,,,,,1.4079,,ok,0.3466
19.0502,662,,,0.4749,,,,,,30.9536,r1_measured_03247,read,measured,,,,,10.9689,,ok,0.39
17.8729,674,,,0.7292,,,,,,25.7235,r1_measured_03248,read,measured,,,,,6.7175,,ok,0.3416
13.3314,681,,,1.2715,,,,,,20.6237,r1_measured_03249,read,measured,,,,,5.5913,,ok,0.3501
6.5945,680,,,0.9968,,,,,,17.6622,r1_measured_03250,read,measured,,,,,9.5375,,ok,0.4592
7.6694,688,,,2.0412,,,,,,24.1292,r1_measured_03251,read,measured,,,,,13.9782,,ok,0.3736
6.0101,629,,,1.9598,,,,,,17.1656,r1_measured_03252,read,measured,,,,,8.7355,,ok,0.3947
8.7589,689,,,1.6165,,,,,,23.3657,r1_measured_03253,read,measured,,,,,12.529,,ok,0.383
9.2925,508,,,2.0956,,,,,,17.4047,r1_measured_03254,read,measured,,,,,5.5523,,ok,0.3913
9.8498,680,,,2.2518,,,,,,15.3537,r1_measured_03255,read,measured,,,,,2.8038,,ok,0.3692
15.654,418,,,0.3063,,,,,,19.2467,r1_measured_03256,read,measured,,,,,2.7908,,ok,0.4373
13.8242,509,,,2.6451,,,,,,21.9274,r1_measured_03257,read,measured,,,,,5.013,,ok,0.3864
207.1202,419,9.282,4.9038,0.294,134.327,1,4.9019,1,30.7926,209.1374,r1_measured_03258,update,measured,25.8888,2.0172,1,7.4252,1.2944,25.2934,ok,0.3623
10.016,679,,,1.5819,,,,,,13.9736,r1_measured_03259,read,measured,,,,,1.9163,,ok,0.3901
13.2296,675,,,0.5824,,,,,,18.5136,r1_measured_03260,read,measured,,,,,4.2766,,ok,0.3594
12.644,418,,,0.3572,,,,,,15.1374,r1_measured_03261,read,measured,,,,,1.7159,,ok,0.3608
12.209,629,,,0.6997,,,,,,19.231,r1_measured_03262,read,measured,,,,,5.8892,,ok,0.3678
9.386,509,,,0.8268,,,,,,19.1602,r1_measured_03263,read,measured,,,,,8.5253,,ok,0.3598
11.8345,674,,,1.5498,,,,,,19.2808,r1_measured_03264,read,measured,,,,,5.466,,ok,0.3571
201.5787,680,13.1437,7.7125,1.2657,43.3561,1,7.7108,1,45.884,214.986,r1_measured_03265,update,measured,38.1715,13.4073,1,10.6304,11.7205,88.5645,ok,0.3461
8.2234,680,,,11.7089,,,,,,30.3246,r1_measured_03266,read,measured,,,,,9.9204,,ok,0.4015
6.5457,678,,,1.1781,,,,,,10.552,r1_measured_03267,read,measured,,,,,2.3485,,ok,0.401
11.32,629,,,1.9934,,,,,,37.721,r1_measured_03268,read,measured,,,,,23.8405,,ok,0.4707
8.2405,663,,,0.5757,,,,,,32.1862,r1_measured_03269,read,measured,,,,,22.8972,,ok,0.3918
6.0237,680,,,0.7033,,,,,,25.5786,r1_measured_03270,read,measured,,,,,18.3591,,ok,0.3965
24.7341,679,,,1.7936,,,,,,33.4389,r1_measured_03271,read,measured,,,,,6.3821,,ok,0.4507
188.8872,628,18.2915,19.9444,1.6086,14.6406,1,19.9423,1,59.87,195.6402,r1_measured_03272,update,measured,39.9256,6.753,1,68.6533,4.7416,27.4318,ok,0.341
16.9905,689,,,1.6894,,,,,,21.2172,r1_measured_03273,read,measured,,,,,1.855,,ok,0.6064
11.4454,419,,,0.3435,,,,,,144.3921,r1_measured_03274,read,measured,,,,,1.0568,,ok,0.4295
7.4609,629,,,1.7827,,,,,,12.1853,r1_measured_03275,read,measured,,,,,2.4882,,ok,0.3835
30.8133,509,,,0.4337,,,,,,97.0084,r1_measured_03276,read,measured,,,,,65.3804,,ok,0.3207
26.143,681,,,3.342,,,,,,121.1374,r1_measured_03277,read,measured,,,,,91.1326,,ok,0.4328
22.0289,567,,,7.921,,,,,,105.9009,r1_measured_03278,read,measured,,,,,75.4965,,ok,0.3804
21.4154,680,,,0.6249,,,,,,90.4343,r1_measured_03279,read,measured,,,,,68.0173,,ok,0.3078
23.175,568,,,0.5123,,,,,,34.9225,r1_measured_03280,read,measured,,,,,10.7966,,ok,0.3757
19.7984,689,,,0.5775,,,,,,29.1598,r1_measured_03281,read,measured,,,,,8.364,,ok,0.355
7.1639,567,,,0.5853,,,,,,16.3209,r1_measured_03282,read,measured,,,,,8.1181,,ok,0.3705
25.385,675,,,3.6586,,,,,,34.358,r1_measured_03283,read,measured,,,,,4.8047,,ok,0.4323
15.9806,418,,,0.2766,,,,,,18.9822,r1_measured_03284,read,measured,,,,,2.3079,,ok,0.3591
19.3323,680,,,0.5341,,,,,,33.1833,r1_measured_03285,read,measured,,,,,12.7187,,ok,0.5267
17.5978,418,,,0.3082,,,,,,20.7253,r1_measured_03286,read,measured,,,,,2.4193,,ok,0.3457
12.8064,679,,,1.7408,,,,,,16.2394,r1_measured_03287,read,measured,,,,,1.2527,,ok,0.372
13.1232,678,,,0.8345,,,,,,19.0463,r1_measured_03288,read,measured,,,,,4.6433,,ok,0.3718
11.7024,417,,,0.2751,,,,,,13.7191,r1_measured_03289,read,measured,,,,,1.3343,,ok,0.3562
16.696,680,,,0.905,,,,,,21.7167,r1_measured_03290,read,measured,,,,,3.6356,,ok,0.3915
17.841,681,,,1.7899,,,,,,25.0222,r1_measured_03291,read,measured,,,,,4.8972,,ok,0.413
10.6402,509,,,0.7763,,,,,,17.6853,r1_measured_03292,read,measured,,,,,5.8526,,ok,0.3536
8.1802,509,,,1.3481,,,,,,13.771,r1_measured_03293,read,measured,,,,,3.824,,ok,0.3541
15.1484,689,,,2.0343,,,,,,21.9931,r1_measured_03294,read,measured,,,,,4.3142,,ok,0.3978
15.5451,675,,,1.1842,,,,,,18.6712,r1_measured_03295,read,measured,,,,,1.3451,,ok,0.5297
13.6651,681,,,1.49,,,,,,19.803,r1_measured_03296,read,measured,,,,,4.2185,,ok,0.3559
13.0394,681,,,2.9484,,,,,,22.7846,r1_measured_03297,read,measured,,,,,6.3428,,ok,0.3841
15.0115,673,,,0.7122,,,,,,28.7097,r1_measured_03298,read,measured,,,,,12.484,,ok,0.4152
15.842,509,,,0.5104,,,,,,29.506,r1_measured_03299,read,measured,,,,,12.7007,,ok,0.3903
12.6775,419,,,0.2721,,,,,,16.0726,r1_measured_03300,read,measured,,,,,2.7279,,ok,0.3432
12.3192,568,,,0.7749,,,,,,16.7572,r1_measured_03301,read,measured,,,,,3.2421,,ok,0.3579
9.9453,681,,,1.6717,,,,,,13.9279,r1_measured_03302,read,measured,,,,,1.7683,,ok,0.4681
257.2816,680,31.8511,8.0701,0.652,152.8976,1,8.068,1,24.5758,282.0609,r1_measured_03303,update,measured,16.5057,24.7793,1,6.5952,23.7178,41.3619,ok,0.3182
12.1963,568,,,0.5854,,,,,,29.3358,r1_measured_03304,read,measured,,,,,16.1147,,ok,0.3735
7.7948,663,,,1.5129,,,,,,16.8183,r1_measured_03305,read,measured,,,,,7.0593,,ok,0.3779
7.4869,663,,,0.8272,,,,,,16.9931,r1_measured_03306,read,measured,,,,,8.2089,,ok,0.3815
5.6543,681,,,0.7909,,,,,,16.8325,r1_measured_03307,read,measured,,,,,9.8895,,ok,0.4068
8.157,509,,,0.6583,,,,,,56.9512,r1_measured_03308,read,measured,,,,,47.7022,,ok,0.3575
11.1877,663,,,0.6328,,,,,,31.6572,r1_measured_03309,read,measured,,,,,19.3759,,ok,0.3863
9.3006,689,,,0.9326,,,,,,40.4032,r1_measured_03310,read,measured,,,,,29.7141,,ok,0.3791
6.2571,680,,,1.4466,,,,,,38.65,r1_measured_03311,read,measured,,,,,30.5087,,ok,0.3601
32.2589,678,,,0.6393,,,,,,41.7537,r1_measured_03312,read,measured,,,,,8.4654,,ok,0.3261
30.6125,675,,,0.7367,,,,,,41.3103,r1_measured_03313,read,measured,,,,,9.544,,ok,0.3463
220.7232,418,31.2653,26.5132,0.2548,105.0682,0,26.5116,1,50.1175,249.4354,r1_measured_03314,update,measured,23.6043,28.7122,1,3.2896,28.0644,30.9826,ok,0.3297
14.474,689,,,1.9572,,,,,,22.0651,r1_measured_03315,read,measured,,,,,5.2043,,ok,0.3486
12.0803,627,,,0.5572,,,,,,17.2655,r1_measured_03316,read,measured,,,,,4.2196,,ok,0.3455
10.9078,508,,,0.7706,,,,,,14.54,r1_measured_03317,read,measured,,,,,2.4542,,ok,0.3495
9.0197,508,,,1.7752,,,,,,13.4159,r1_measured_03318,read,measured,,,,,2.185,,ok,0.3717
12.8815,689,,,1.2918,,,,,,39.7761,r1_measured_03319,read,measured,,,,,25.0064,,ok,0.5097
10.6767,689,,,2.8563,,,,,,40.2834,r1_measured_03320,read,measured,,,,,26.0665,,ok,0.5922
8.6159,680,,,5.5739,,,,,,33.4356,r1_measured_03321,read,measured,,,,,18.5901,,ok,0.5651
6.7197,689,,,13.4526,,,,,,22.4167,r1_measured_03322,read,measured,,,,,1.5227,,ok,0.5983
33.2783,508,,,0.5525,,,,,,40.6247,r1_measured_03323,read,measured,,,,,6.2843,,ok,0.4328
30.898,567,,,0.7966,,,,,,36.179,r1_measured_03324,read,measured,,,,,3.8962,,ok,0.4947
22.7272,509,,,0.6373,,,,,,34.0779,r1_measured_03325,read,measured,,,,,10.1688,,ok,0.411
15.8804,681,,,1.6953,,,,,,22.1802,r1_measured_03326,read,measured,,,,,4.1247,,ok,0.4022
13.4404,629,,,1.377,,,,,,20.2067,r1_measured_03327,read,measured,,,,,4.921,,ok,0.3947
9.8488,509,,,0.5647,,,,,,14.2766,r1_measured_03328,read,measured,,,,,3.3683,,ok,0.4219
12.2819,678,,,1.5562,,,,,,22.0476,r1_measured_03329,read,measured,,,,,7.7754,,ok,0.3617
11.5063,680,,,1.7887,,,,,,19.4237,r1_measured_03330,read,measured,,,,,5.6938,,ok,0.3658
8.2731,568,,,0.9572,,,,,,16.5079,r1_measured_03331,read,measured,,,,,6.8161,,ok,0.3905
7.9434,629,,,0.4936,,,,,,18.7801,r1_measured_03332,read,measured,,,,,9.9175,,ok,0.3577
7.2995,681,,,0.92,,,,,,21.6814,r1_measured_03333,read,measured,,,,,12.9196,,ok,0.4508
7.8103,418,,,0.2751,,,,,,10.3535,r1_measured_03334,read,measured,,,,,1.8304,,ok,0.3846
6.6587,680,,,0.5632,,,,,,10.409,r1_measured_03335,read,measured,,,,,2.7734,,ok,0.3501
5.4345,663,,,1.4215,,,,,,12.5404,r1_measured_03336,read,measured,,,,,5.2547,,ok,0.3543
10.9106,680,,,1.1654,,,,,,15.5171,r1_measured_03337,read,measured,,,,,3.0095,,ok,0.3611
10.0766,663,,,1.8139,,,,,,17.5821,r1_measured_03338,read,measured,,,,,5.2686,,ok,0.3571
10.7511,686,,,0.5676,,,,,,16.2201,r1_measured_03339,read,measured,,,,,4.4632,,ok,0.3737
146.6312,369,6.5027,5.8914,0.2139,88.7382,0,5.8897,1,24.8464,149.561,r1_measured_03340,update,measured,18.955,2.9298,1,4.5734,2.2872,21.9705,ok,0.3824
8.7079,628,,,0.5545,,,,,,15.6418,r1_measured_03341,read,measured,,,,,5.9588,,ok,0.3537
8.1167,629,,,0.5457,,,,,,24.8553,r1_measured_03342,read,measured,,,,,15.7268,,ok,0.3921
6.8322,568,,,0.469,,,,,,11.9301,r1_measured_03343,read,measured,,,,,4.1048,,ok,0.4559
3.7863,366,,,0.2314,,,,,,6.6433,r1_measured_03344,read,measured,,,,,2.2114,,ok,0.3659
6.8796,418,,,0.3134,,,,,,8.2582,r1_measured_03345,read,measured,,,,,0.6383,,ok,0.3698
7.1876,681,,,1.4157,,,,,,30.4605,r1_measured_03346,read,measured,,,,,21.4373,,ok,0.35
6.4873,627,,,0.51,,,,,,27.0876,r1_measured_03347,read,measured,,,,,19.6091,,ok,0.4143
5.4633,568,,,2.4215,,,,,,26.5836,r1_measured_03348,read,measured,,,,,18.2999,,ok,0.3386
6.3338,567,,,0.6193,,,,,,27.5824,r1_measured_03349,read,measured,,,,,20.0809,,ok,0.4708
15.6955,509,,,0.4485,,,,,,25.6082,r1_measured_03350,read,measured,,,,,9.0809,,ok,0.3271
237.0357,681,68.7891,4.9268,0.6987,76.0986,1,4.925,1,27.9899,240.6414,r1_measured_03351,update,measured,23.0631,3.6057,1,30.1123,2.4169,34.0458,ok,0.3999
4.5276,509,,,0.6307,,,,,,9.2558,r1_measured_03352,read,measured,,,,,3.6934,,ok,0.3322
157.368,679,34.049,2.6435,0.6777,34.8826,1,2.6413,1,20.3184,165.2626,r1_measured_03353,update,measured,17.6749,7.8946,1,10.9591,6.7973,57.1589,ok,0.3501
98.0183,367,5.6201,1.7596,0.213,66.1532,0,1.7581,1,9.7868,100.9549,r1_measured_03354,update,measured,8.0272,2.9366,1,0.0053,2.3706,16.4529,ok,0.3057
4.0862,680,,,0.7583,,,,,,6.514,r1_measured_03355,read,measured,,,,,1.2563,,ok,0.3512
15.1981,419,,,0.3047,,,,,,17.0366,r1_measured_03356,read,measured,,,,,1.109,,ok,0.3625
17.4645,418,,,0.2609,,,,,,19.3616,r1_measured_03357,read,measured,,,,,1.2443,,ok,0.3391
35.1525,663,,,0.8791,,,,,,53.7127,r1_measured_03358,read,measured,,,,,17.2152,,ok,0.3775
48.3191,680,,,0.8255,,,,,,58.1076,r1_measured_03359,read,measured,,,,,8.5617,,ok,0.3256
15.5535,369,,,0.2203,,,,,,17.8308,r1_measured_03360,read,measured,,,,,1.694,,ok,0.3175
12.9175,674,,,0.5796,,,,,,22.4937,r1_measured_03361,read,measured,,,,,8.6197,,ok,0.318
8.4674,367,,,0.2051,,,,,,12.8202,r1_measured_03362,read,measured,,,,,3.8158,,ok,0.2892
8.1709,689,,,1.3824,,,,,,14.6507,r1_measured_03363,read,measured,,,,,4.7059,,ok,0.3263
8.356,672,,,0.7799,,,,,,11.6889,r1_measured_03364,read,measured,,,,,2.1751,,ok,0.3193
5.6055,629,,,0.5958,,,,,,10.9441,r1_measured_03365,read,measured,,,,,4.2607,,ok,0.4167
283.0695,675,5.3601,3.8481,0.7447,216.0333,0,3.846,1,19.2076,291.5953,r1_measured_03366,update,measured,15.3595,8.5258,1,8.9769,7.3472,33.4916,ok,0.3651
9.0747,628,,,0.487,,,,,,14.7985,r1_measured_03367,read,measured,,,,,4.8048,,ok,0.3606
8.5561,629,,,3.3793,,,,,,22.078,r1_measured_03368,read,measured,,,,,9.5858,,ok,0.479
6.0996,663,,,1.3751,,,,,,13.5801,r1_measured_03369,read,measured,,,,,5.6035,,ok,0.3932
7.2406,509,,,0.7817,,,,,,14.2026,r1_measured_03370,read,measured,,,,,5.7124,,ok,0.4034
9.0316,568,,,0.8539,,,,,,42.516,r1_measured_03371,read,measured,,,,,32.1574,,ok,0.3952
6.7163,368,,,0.2482,,,,,,10.2396,r1_measured_03372,read,measured,,,,,2.8589,,ok,0.3614
4.6082,509,,,0.541,,,,,,40.8037,r1_measured_03373,read,measured,,,,,35.2366,,ok,0.3512
6.2084,567,,,0.9137,,,,,,36.5501,r1_measured_03374,read,measured,,,,,28.975,,ok,0.3735
30.6494,688,,,1.3418,,,,,,46.317,r1_measured_03375,read,measured,,,,,13.6485,,ok,0.5838
30.0813,663,,,0.8818,,,,,,40.1055,r1_measured_03376,read,measured,,,,,8.7434,,ok,0.3389
9.5422,678,,,0.5119,,,,,,17.046,r1_measured_03377,read,measured,,,,,6.6011,,ok,0.3288
7.6905,629,,,60.6613,,,,,,74.8664,r1_measured_03378,read,measured,,,,,5.8519,,ok,0.5713
6.2658,368,,,0.2292,,,,,,10.1219,r1_measured_03379,read,measured,,,,,3.2391,,ok,0.3384
69.6233,568,,,0.5752,,,,,,74.6938,r1_measured_03380,read,measured,,,,,4.0855,,ok,0.3443
67.6336,687,,,0.6795,,,,,,73.5843,r1_measured_03381,read,measured,,,,,4.7433,,ok,0.4384
73.637,681,,,1.4733,,,,,,85.8593,r1_measured_03382,read,measured,,,,,10.3251,,ok,0.3506
71.9168,663,,,0.9022,,,,,,79.851,r1_measured_03383,read,measured,,,,,6.6139,,ok,0.3527
230.7492,418,11.1353,67.8065,0.2582,94.3224,0,67.805,1,89.6436,233.7179,r1_measured_03384,update,measured,21.8371,2.9687,1,5.4686,2.3154,30.1793,ok,0.3411
9.4787,680,,,1.0368,,,,,,20.4252,r1_measured_03385,read,measured,,,,,9.4713,,ok,0.3523
7.3285,680,,,0.6043,,,,,,14.2748,r1_measured_03386,read,measured,,,,,5.9207,,ok,0.3536
5.9326,663,,,1.2912,,,,,,9.1754,r1_measured_03387,read,measured,,,,,1.525,,ok,0.3581
6.358,689,,,1.4868,,,,,,17.634,r1_measured_03388,read,measured,,,,,9.1489,,ok,0.5548
7.2509,629,,,3.2497,,,,,,12.5919,r1_measured_03389,read,measured,,,,,1.6206,,ok,0.395
13.4883,681,,,1.1975,,,,,,42.3142,r1_measured_03390,read,measured,,,,,27.1247,,ok,0.4149
12.433,681,,,1.1412,,,,,,43.9655,r1_measured_03391,read,measured,,,,,29.9003,,ok,0.4137
9.5446,681,,,1.0867,,,,,,31.2675,r1_measured_03392,read,measured,,,,,20.0634,,ok,0.478
9.1367,418,,,0.2778,,,,,,11.3356,r1_measured_03393,read,measured,,,,,1.5136,,ok,0.3515
22.9444,674,,,1.2579,,,,,,40.3055,r1_measured_03394,read,measured,,,,,15.6274,,ok,0.3931
21.2689,678,,,1.6191,,,,,,39.0072,r1_measured_03395,read,measured,,,,,15.643,,ok,0.3927
20.1322,680,,,1.5686,,,,,,27.4311,r1_measured_03396,read,measured,,,,,5.2414,,ok,0.3963
10.9231,629,,,2.3129,,,,,,18.5633,r1_measured_03397,read,measured,,,,,4.8195,,ok,0.439
9.6479,568,,,0.6957,,,,,,18.3219,r1_measured_03398,read,measured,,,,,7.5247,,ok,0.3878
8.8701,680,,,0.6467,,,,,,15.6591,r1_measured_03399,read,measured,,,,,5.6991,,ok,0.3673
113.1442,681,11.426,6.2979,1.5157,36.9385,1,6.2964,1,26.267,122.0269,r1_measured_03400,update,measured,19.9691,8.8827,1,3.2952,6.9107,35.2175,ok,0.3693
6.5189,680,,,1.9368,,,,,,17.8669,r1_measured_03401,read,measured,,,,,8.9621,,ok,0.3823
5.8273,689,,,1.5614,,,,,,13.797,r1_measured_03402,read,measured,,,,,5.9687,,ok,0.3708
7.3407,418,,,0.2714,,,,,,9.1063,r1_measured_03403,read,measured,,,,,1.0923,,ok,0.3452
7.7145,675,,,1.1641,,,,,,12.3465,r1_measured_03404,read,measured,,,,,3.0097,,ok,0.3738
4.9364,629,,,0.7412,,,,,,13.0069,r1_measured_03405,read,measured,,,,,6.8955,,ok,0.3657
5.7575,663,,,2.2765,,,,,,40.1059,r1_measured_03406,read,measured,,,,,31.569,,ok,0.3969
5.3935,680,,,0.901,,,,,,35.0553,r1_measured_03407,read,measured,,,,,28.2473,,ok,0.4135
8.1832,674,,,1.2116,,,,,,46.4521,r1_measured_03408,read,measured,,,,,36.6346,,ok,0.3464
16.3334,369,,,5.4803,,,,,,25.1059,r1_measured_03409,read,measured,,,,,2.8805,,ok,0.3554
25.5822,663,,,0.6322,,,,,,31.9726,r1_measured_03410,read,measured,,,,,5.317,,ok,0.356
10.2863,418,,,0.2901,,,,,,13.414,r1_measured_03411,read,measured,,,,,2.4333,,ok,0.3429
8.513,568,,,0.8061,,,,,,13.5846,r1_measured_03412,read,measured,,,,,3.87,,ok,0.3356
5.3636,680,,,0.604,,,,,,13.6402,r1_measured_03413,read,measured,,,,,7.25,,ok,0.3464
8.2477,663,,,2.3916,,,,,,14.1271,r1_measured_03414,read,measured,,,,,3.0731,,ok,0.3525
8.7557,629,,,1.0087,,,,,,15.6368,r1_measured_03415,read,measured,,,,,5.3588,,ok,0.4465
6.3025,369,,,0.226,,,,,,10.0986,r1_measured_03416,read,measured,,,,,3.2013,,ok,0.3231
5.9101,681,,,1.0088,,,,,,14.4092,r1_measured_03417,read,measured,,,,,7.0741,,ok,0.3493
4.4059,368,,,0.2207,,,,,,6.8219,r1_measured_03418,read,measured,,,,,1.8242,,ok,0.3244
6.5992,663,,,0.5166,,,,,,9.5659,r1_measured_03419,read,measured,,,,,2.0467,,ok,0.342
8.6386,681,,,2.872,,,,,,15.0244,r1_measured_03420,read,measured,,,,,3.0512,,ok,0.3908
6.8617,680,,,0.6024,,,,,,16.1972,r1_measured_03421,read,measured,,,,,8.281,,ok,0.3766
7.7816,681,,,1.3841,,,,,,19.3187,r1_measured_03422,read,measured,,,,,9.7153,,ok,0.3669
5.3977,675,,,0.8157,,,,,,16.6135,r1_measured_03423,read,measured,,,,,9.8034,,ok,0.5314
5.3043,369,,,0.306,,,,,,6.8561,r1_measured_03424,read,measured,,,,,0.7814,,ok,0.4014
22.0877,680,,,0.5791,,,,,,26.2721,r1_measured_03425,read,measured,,,,,3.1508,,ok,0.3834
21.5276,680,,,1.7463,,,,,,34.3385,r1_measured_03426,read,measured,,,,,10.6282,,ok,0.3656
203.0978,568,10.6689,10.6125,0.8384,114.4673,1,10.6105,1,35.2148,207.3145,r1_measured_03427,update,measured,24.6023,4.2167,1,10.0658,2.9669,32.681,ok,0.3513
15.9747,681,,,1.2964,,,,,,24.6497,r1_measured_03428,read,measured,,,,,6.8962,,ok,0.4054
8.1,418,,,0.3061,,,,,,9.7523,r1_measured_03429,read,measured,,,,,0.9143,,ok,0.3756
13.1262,681,,,0.9147,,,,,,28.879,r1_measured_03430,read,measured,,,,,14.3631,,ok,0.4077
9.5717,419,,,0.2978,,,,,,15.0344,r1_measured_03431,read,measured,,,,,4.7436,,ok,0.365
16.8754,679,,,2.18,,,,,,23.4554,r1_measured_03432,read,measured,,,,,3.9585,,ok,0.37
10.1752,680,,,1.0111,,,,,,14.1509,r1_measured_03433,read,measured,,,,,2.5151,,ok,0.372
12.153,628,,,6.1113,,,,,,40.2915,r1_measured_03434,read,measured,,,,,21.4051,,ok,0.4389
11.3675,509,,,0.573,,,,,,16.523,r1_measured_03435,read,measured,,,,,4.1575,,ok,0.3642
13.3981,663,,,0.5539,,,,,,49.9432,r1_measured_03436,read,measured,,,,,35.5745,,ok,0.3456
10.8735,680,,,0.5511,,,,,,44.0396,r1_measured_03437,read,measured,,,,,32.2194,,ok,0.3279
8.212,679,,,1.5997,,,,,,40.4768,r1_measured_03438,read,measured,,,,,30.2697,,ok,0.3303
33.9541,674,,,0.486,,,,,,45.0758,r1_measured_03439,read,measured,,,,,10.2381,,ok,0.3351
31.8956,680,,,0.5003,,,,,,41.7146,r1_measured_03440,read,measured,,,,,8.9234,,ok,0.3321
26.7392,368,,,0.2305,,,,,,29.199,r1_measured_03441,read,measured,,,,,1.8475,,ok,0.3322
9.9441,679,,,0.5337,,,,,,16.3927,r1_measured_03442,read,measured,,,,,5.4416,,ok,0.4006
11.1979,680,,,0.8788,,,,,,16.1425,r1_measured_03443,read,measured,,,,,3.6334,,ok,0.3672
10.8417,509,,,1.197,,,,,,15.9233,r1_measured_03444,read,measured,,,,,3.4735,,ok,0.3539
9.0758,681,,,0.6262,,,,,,11.5515,r1_measured_03445,read,measured,,,,,1.4083,,ok,0.373
14.0807,628,,,0.5743,,,,,,21.2034,r1_measured_03446,read,measured,,,,,6.0835,,ok,0.3909
12.4409,680,,,0.5195,,,,,,15.4387,r1_measured_03447,read,measured,,,,,1.9517,,ok,0.4327
10.3126,629,,,0.6198,,,,,,19.9727,r1_measured_03448,read,measured,,,,,8.5166,,ok,0.4492
9.1537,674,,,2.1623,,,,,,21.8579,r1_measured_03449,read,measured,,,,,9.9707,,ok,0.4908
9.7701,663,,,0.8237,,,,,,22.5452,r1_measured_03450,read,measured,,,,,11.4989,,ok,0.3794
16.0974,674,,,1.656,,,,,,23.1919,r1_measured_03451,read,measured,,,,,4.9934,,ok,0.3773
8.1329,679,,,0.7382,,,,,,26.0657,r1_measured_03452,read,measured,,,,,16.6364,,ok,0.4815
9.6967,418,,,0.286,,,,,,11.395,r1_measured_03453,read,measured,,,,,0.9806,,ok,0.3742
14.0755,628,,,0.864,,,,,,20.7072,r1_measured_03454,read,measured,,,,,5.3121,,ok,0.3877
6.9056,419,,,0.2796,,,,,,9.9573,r1_measured_03455,read,measured,,,,,2.3628,,ok,0.3603
9.4247,663,,,0.5658,,,,,,13.6832,r1_measured_03456,read,measured,,,,,3.2577,,ok,0.3698
8.1591,681,,,2.3124,,,,,,15.6794,r1_measured_03457,read,measured,,,,,4.6878,,ok,0.4472
13.3456,419,,,0.2875,,,,,,16.8642,r1_measured_03458,read,measured,,,,,2.8056,,ok,0.3704
11.1599,509,,,0.505,,,,,,25.8229,r1_measured_03459,read,measured,,,,,13.7253,,ok,0.3695
12.0966,679,,,0.5982,,,,,,30.9588,r1_measured_03460,read,measured,,,,,17.8124,,ok,0.3783
8.7911,680,,,1.3547,,,,,,14.5204,r1_measured_03461,read,measured,,,,,3.8787,,ok,0.4167
9.2579,627,,,2.1133,,,,,,22.5168,r1_measured_03462,read,measured,,,,,10.653,,ok,0.4201
10.6684,418,,,0.3298,,,,,,12.2714,r1_measured_03463,read,measured,,,,,0.8249,,ok,0.3893
8.3429,509,,,1.0951,,,,,,24.0638,r1_measured_03464,read,measured,,,,,14.0949,,ok,0.433
7.3126,508,,,3.405,,,,,,15.3573,r1_measured_03465,read,measured,,,,,4.2078,,ok,0.3677
4.9175,680,,,0.5982,,,,,,20.1279,r1_measured_03466,read,measured,,,,,14.1717,,ok,0.371
7.0571,675,,,1.6249,,,,,,20.7389,r1_measured_03467,read,measured,,,,,11.6225,,ok,0.3631
8.1558,629,,,1.0012,,,,,,18.6635,r1_measured_03468,read,measured,,,,,8.9279,,ok,0.5106
5.846,629,,,0.474,,,,,,18.342,r1_measured_03469,read,measured,,,,,11.5966,,ok,0.3594
6.31,509,,,0.5475,,,,,,24.6138,r1_measured_03470,read,measured,,,,,17.1952,,ok,0.4826
5.1015,674,,,1.6584,,,,,,13.5009,r1_measured_03471,read,measured,,,,,6.321,,ok,0.355
5.9506,629,,,0.8239,,,,,,14.734,r1_measured_03472,read,measured,,,,,7.5414,,ok,0.3528
6.7289,508,,,1.1381,,,,,,11.3227,r1_measured_03473,read,measured,,,,,3.0349,,ok,0.3637
10.8947,681,,,0.6293,,,,,,15.1026,r1_measured_03474,read,measured,,,,,3.0934,,ok,0.4068
7.7772,675,,,0.6203,,,,,,18.507,r1_measured_03475,read,measured,,,,,9.6806,,ok,0.3564
7.2461,628,,,2.2394,,,,,,14.9984,r1_measured_03476,read,measured,,,,,5.071,,ok,0.3694
13.3772,680,,,0.6608,,,,,,16.9188,r1_measured_03477,read,measured,,,,,2.4574,,ok,0.3582
10.8557,675,,,0.4704,,,,,,16.5162,r1_measured_03478,read,measured,,,,,4.7684,,ok,0.3534
10.3519,681,,,0.6281,,,,,,24.4673,r1_measured_03479,read,measured,,,,,13.0861,,ok,0.3364
13.0308,627,,,0.5543,,,,,,15.9841,r1_measured_03480,read,measured,,,,,1.9909,,ok,0.3462
10.5744,629,,,0.7503,,,,,,23.7549,r1_measured_03481,read,measured,,,,,11.9982,,ok,0.3666
7.8916,680,,,1.1875,,,,,,18.0145,r1_measured_03482,read,measured,,,,,8.5161,,ok,0.3558
9.8051,674,,,0.8446,,,,,,20.881,r1_measured_03483,read,measured,,,,,9.7913,,ok,0.3631
8.5551,689,,,1.9243,,,,,,22.1728,r1_measured_03484,read,measured,,,,,11.2482,,ok,0.3741
6.7328,681,,,1.2837,,,,,,13.0457,r1_measured_03485,read,measured,,,,,4.5941,,ok,0.3632
5.2,508,,,1.9105,,,,,,14.4608,r1_measured_03486,read,measured,,,,,6.8801,,ok,0.4064
6.6414,663,,,1.3583,,,,,,12.8208,r1_measured_03487,read,measured,,,,,4.3976,,ok,0.3576
12.5398,689,,,2.3937,,,,,,78.1772,r1_measured_03488,read,measured,,,,,62.7894,,ok,0.3593
11.073,689,,,58.4298,,,,,,73.7169,r1_measured_03489,read,measured,,,,,3.716,,ok,0.4045
9.1449,418,,,0.2834,,,,,,11.733,r1_measured_03490,read,measured,,,,,1.9063,,ok,0.3436
72.9376,568,,,2.1858,,,,,,85.4116,r1_measured_03491,read,measured,,,,,9.7136,,ok,0.5085
72.9723,663,,,1.766,,,,,,77.4628,r1_measured_03492,read,measured,,,,,2.3534,,ok,0.3061
71.1658,568,,,2.9246,,,,,,78.2237,r1_measured_03493,read,measured,,,,,3.648,,ok,0.4174
70.8855,680,,,2.0227,,,,,,76.022,r1_measured_03494,read,measured,,,,,2.6075,,ok,0.4306
66.5469,689,,,1.2956,,,,,,73.4658,r1_measured_03495,read,measured,,,,,5.1626,,ok,0.3866
73.2359,689,,,1.2704,,,,,,78.3704,r1_measured_03496,read,measured,,,,,3.3552,,ok,0.4375
14.922,509,,,1.6467,,,,,,20.9985,r1_measured_03497,read,measured,,,,,4.05,,ok,0.3231
11.1141,418,,,0.2887,,,,,,14.5265,r1_measured_03498,read,measured,,,,,2.7384,,ok,0.3338
11.3571,369,,,0.2217,,,,,,12.4655,r1_measured_03499,read,measured,,,,,0.519,,ok,0.3147
13.8417,681,,,1.435,,,,,,18.9262,r1_measured_03500,read,measured,,,,,3.1177,,ok,0.4509
13.171,627,,,2.6203,,,,,,25.827,r1_measured_03501,read,measured,,,,,9.5326,,ok,0.431
11.8882,663,,,1.2214,,,,,,23.6356,r1_measured_03502,read,measured,,,,,9.3271,,ok,1.0916
9.3482,681,,,1.0738,,,,,,12.4738,r1_measured_03503,read,measured,,,,,1.6112,,ok,0.3681
14.8471,663,,,1.1543,,,,,,27.6026,r1_measured_03504,read,measured,,,,,11.1536,,ok,0.375
11.8732,566,,,0.8125,,,,,,19.8745,r1_measured_03505,read,measured,,,,,6.7435,,ok,0.3712
10.8347,663,,,2.6228,,,,,,21.4479,r1_measured_03506,read,measured,,,,,7.5449,,ok,0.3754
10.1535,629,,,1.8113,,,,,,24.6858,r1_measured_03507,read,measured,,,,,12.2903,,ok,0.358
12.7077,628,,,0.5248,,,,,,27.4099,r1_measured_03508,read,measured,,,,,13.7683,,ok,0.3464
13.0763,680,,,0.6586,,,,,,24.7266,r1_measured_03509,read,measured,,,,,10.5651,,ok,0.355
253.9114,663,37.8906,6.8047,0.8461,107.2884,1,6.8026,1,36.0164,260.4747,r1_measured_03510,update,measured,29.2117,6.5633,1,6.4846,5.1675,66.2314,ok,0.4558
10.8086,629,,,1.2249,,,,,,22.2034,r1_measured_03511,read,measured,,,,,9.7556,,ok,0.347
249.7694,675,36.9126,5.5759,1.6576,109.2783,1,5.5741,1,29.5552,290.5716,r1_measured_03512,update,measured,23.9793,40.8022,1,25.7226,38.6323,48.3007,ok,0.4187
8.2007,568,,,0.4822,,,,,,14.984,r1_measured_03513,read,measured,,,,,5.8044,,ok,0.4144
6.4485,663,,,0.4852,,,,,,15.8366,r1_measured_03514,read,measured,,,,,8.4855,,ok,0.3481
4.5667,681,,,0.8646,,,,,,12.364,r1_measured_03515,read,measured,,,,,6.524,,ok,0.3416
23.7978,689,,,1.3014,,,,,,81.0805,r1_measured_03516,read,measured,,,,,55.4696,,ok,0.4244
21.4994,663,,,1.042,,,,,,70.8671,r1_measured_03517,read,measured,,,,,47.6935,,ok,0.5444
16.0437,419,,,0.3148,,,,,,18.4732,r1_measured_03518,read,measured,,,,,1.7216,,ok,0.3353
18.4927,675,,,0.8215,,,,,,81.6309,r1_measured_03519,read,measured,,,,,61.836,,ok,0.409
17.89,508,,,1.2226,,,,,,77.6471,r1_measured_03520,read,measured,,,,,58.0532,,ok,0.415
11.3886,369,,,0.2924,,,,,,13.2408,r1_measured_03521,read,measured,,,,,1.1098,,ok,0.3917
50.7011,675,,,1.6909,,,,,,64.263,r1_measured_03522,read,measured,,,,,11.2684,,ok,0.5002
214.3565,675,36.9159,48.3597,1.4011,60.448,1,48.3582,1,77.892,257.3538,r1_measured_03523,update,measured,29.5323,42.9973,1,5.3869,41.1174,33.7137,ok,0.3985
15.134,663,,,0.965,,,,,,18.055,r1_measured_03524,read,measured,,,,,1.3026,,ok,0.5551
10.8128,369,,,0.2707,,,,,,12.536,r1_measured_03525,read,measured,,,,,0.9718,,ok,0.4209
12.667,568,,,0.701,,,,,,15.3035,r1_measured_03526,read,measured,,,,,1.4739,,ok,0.3947
11.1073,688,,,0.9419,,,,,,19.83,r1_measured_03527,read,measured,,,,,7.2855,,ok,0.4182
8.8336,675,,,1.5459,,,,,,14.681,r1_measured_03528,read,measured,,,,,3.8182,,ok,0.4103
10.8568,688,,,6.1232,,,,,,38.7043,r1_measured_03529,read,measured,,,,,21.2051,,ok,0.4377
9.5023,627,,,0.5996,,,,,,42.3614,r1_measured_03530,read,measured,,,,,31.7287,,ok,0.4517
29.2568,663,,,0.7642,,,,,,38.9702,r1_measured_03531,read,measured,,,,,8.523,,ok,0.3531
26.4088,629,,,0.5556,,,,,,43.0487,r1_measured_03532,read,measured,,,,,15.6577,,ok,0.3542
26.1635,680,,,0.682,,,,,,38.0275,r1_measured_03533,read,measured,,,,,10.7633,,ok,0.3376
4.6241,509,,,0.444,,,,,,10.9275,r1_measured_03534,read,measured,,,,,5.4581,,ok,0.3442
5.5599,680,,,0.6617,,,,,,12.1661,r1_measured_03535,read,measured,,,,,5.529,,ok,0.3492
8.2848,674,,,1.537,,,,,,13.1614,r1_measured_03536,read,measured,,,,,2.911,,ok,0.3527
6.1369,680,,,0.5773,,,,,,12.1006,r1_measured_03537,read,measured,,,,,4.9677,,ok,0.3517
11.1732,681,,,0.5449,,,,,,17.7367,r1_measured_03538,read,measured,,,,,5.6065,,ok,0.3481
9.1507,568,,,0.5689,,,,,,11.5654,r1_measured_03539,read,measured,,,,,1.3673,,ok,0.4155
8.5063,689,,,1.5168,,,,,,15.3197,r1_measured_03540,read,measured,,,,,4.8814,,ok,0.3438
7.4785,629,,,0.7977,,,,,,11.6426,r1_measured_03541,read,measured,,,,,2.8157,,ok,0.4888
6.1821,568,,,0.4726,,,,,,13.8039,r1_measured_03542,read,measured,,,,,6.6668,,ok,0.4162
8.3383,680,,,0.5059,,,,,,12.4899,r1_measured_03543,read,measured,,,,,3.2455,,ok,0.3357
8.8279,663,,,0.4863,,,,,,12.9899,r1_measured_03544,read,measured,,,,,3.2552,,ok,0.3572
8.2318,567,,,1.4312,,,,,,15.6254,r1_measured_03545,read,measured,,,,,5.5343,,ok,0.359
8.0808,629,,,0.5182,,,,,,16.1907,r1_measured_03546,read,measured,,,,,7.1141,,ok,0.4067
4.9773,568,,,1.0087,,,,,,10.8874,r1_measured_03547,read,measured,,,,,4.4724,,ok,0.3637
6.0865,680,,,0.6617,,,,,,14.3122,r1_measured_03548,read,measured,,,,,7.1303,,ok,0.3668
7.4229,675,,,0.5199,,,,,,11.6133,r1_measured_03549,read,measured,,,,,3.2473,,ok,0.3541
218.2773,681,10.0345,5.9797,0.552,138.3144,1,5.9778,1,24.2677,287.7168,r1_measured_03550,update,measured,18.288,69.4395,1,4.0352,68.5165,41.6255,ok,0.3063
8.8272,681,,,0.642,,,,,,12.469,r1_measured_03551,read,measured,,,,,2.5605,,ok,0.3697
5.8506,508,,,1.3389,,,,,,14.1225,r1_measured_03552,read,measured,,,,,6.5209,,ok,0.3483
5.1518,509,,,0.4565,,,,,,12.6325,r1_measured_03553,read,measured,,,,,6.6116,,ok,0.3499
4.8133,679,,,0.818,,,,,,8.051,r1_measured_03554,read,measured,,,,,1.984,,ok,0.3692
12.4723,680,,,1.0457,,,,,,41.2317,r1_measured_03555,read,measured,,,,,27.1078,,ok,0.5268
202.1534,687,9.0909,8.5395,7.1558,105.3691,0,8.5375,1,54.7551,304.3164,r1_measured_03556,update,measured,46.2156,102.163,1,0.0058,94.4994,32.9325,ok,0.423
9.5727,689,,,15.8376,,,,,,27.3977,r1_measured_03557,read,measured,,,,,1.3313,,ok,0.5195
7.4059,509,,,1.6645,,,,,,37.5765,r1_measured_03558,read,measured,,,,,27.9471,,ok,0.4889
23.4613,674,,,2.5522,,,,,,61.0119,r1_measured_03559,read,measured,,,,,34.5719,,ok,0.3438
12.3698,567,,,2.2906,,,,,,48.3886,r1_measured_03560,read,measured,,,,,33.2712,,ok,0.3784
14.4411,674,,,0.9019,,,,,,42.0907,r1_measured_03561,read,measured,,,,,26.2394,,ok,0.4233
21.7854,509,,,3.1212,,,,,,38.6062,r1_measured_03562,read,measured,,,,,13.2931,,ok,0.3349
8.2773,674,,,0.9329,,,,,,16.9201,r1_measured_03563,read,measured,,,,,7.1798,,ok,0.4649
7.9945,689,,,1.3786,,,,,,16.4469,r1_measured_03564,read,measured,,,,,6.6661,,ok,0.3396
6.7823,680,,,2.0082,,,,,,17.7174,r1_measured_03565,read,measured,,,,,8.3089,,ok,0.5232
7.4449,689,,,1.2956,,,,,,14.9448,r1_measured_03566,read,measured,,,,,5.7896,,ok,0.3425
7.5954,674,,,1.2474,,,,,,18.5994,r1_measured_03567,read,measured,,,,,9.2233,,ok,0.4554
5.0548,418,,,0.2764,,,,,,6.3964,r1_measured_03568,read,measured,,,,,0.6821,,ok,0.331
6.5857,627,,,1.3083,,,,,,19.2221,r1_measured_03569,read,measured,,,,,10.7713,,ok,0.4918
8.2671,663,,,1.8788,,,,,,17.0758,r1_measured_03570,read,measured,,,,,6.4951,,ok,0.3637
9.4498,663,,,0.9537,,,,,,19.1873,r1_measured_03571,read,measured,,,,,8.2506,,ok,0.4501
6.8573,509,,,2.3456,,,,,,14.7065,r1_measured_03572,read,measured,,,,,5.0173,,ok,0.4042
5.1703,369,,,0.2497,,,,,,7.3621,r1_measured_03573,read,measured,,,,,1.5086,,ok,0.3803
5.0865,568,,,1.1022,,,,,,14.6071,r1_measured_03574,read,measured,,,,,7.9901,,ok,0.363
8.3197,629,,,1.517,,,,,,11.7096,r1_measured_03575,read,measured,,,,,1.4193,,ok,0.3788
10.2004,679,,,1.4144,,,,,,16.8178,r1_measured_03576,read,measured,,,,,4.7434,,ok,0.3568
9.8489,662,,,0.5348,,,,,,19.9935,r1_measured_03577,read,measured,,,,,9.1909,,ok,0.3552
8.6139,567,,,0.5213,,,,,,12.0409,r1_measured_03578,read,measured,,,,,2.4664,,ok,0.3724
7.2197,681,,,0.9344,,,,,,11.8581,r1_measured_03579,read,measured,,,,,3.2698,,ok,0.3626
11.1465,680,,,0.5085,,,,,,19.2851,r1_measured_03580,read,measured,,,,,7.1754,,ok,0.3565
10.4462,418,,,0.2604,,,,,,11.9351,r1_measured_03581,read,measured,,,,,0.8369,,ok,0.3402
9.3938,689,,,0.929,,,,,,13.8983,r1_measured_03582,read,measured,,,,,3.1518,,ok,0.3573
7.2341,509,,,0.9889,,,,,,17.4917,r1_measured_03583,read,measured,,,,,8.8198,,ok,0.3901
5.9621,628,,,0.7298,,,,,,13.9707,r1_measured_03584,read,measured,,,,,6.8487,,ok,0.3652
9.4517,681,,,0.6975,,,,,,16.9883,r1_measured_03585,read,measured,,,,,6.315,,ok,0.4397
8.7553,675,,,1.3674,,,,,,23.9238,r1_measured_03586,read,measured,,,,,13.3292,,ok,0.3989
57.581,369,6.8032,5.6566,0.2374,8.6423,0,5.6545,1,24.1301,58.8588,r1_measured_03587,update,measured,18.4735,1.2778,1,0.0054,0.6543,18.0,ok,0.3366
5.8366,675,,,1.6048,,,,,,13.3479,r1_measured_03588,read,measured,,,,,5.3972,,ok,0.4233
3.9747,663,,,0.8791,,,,,,16.1205,r1_measured_03589,read,measured,,,,,10.8659,,ok,0.3364
4.4154,663,,,1.9891,,,,,,8.8089,r1_measured_03590,read,measured,,,,,1.9455,,ok,0.3653
7.2182,680,,,1.1769,,,,,,11.1432,r1_measured_03591,read,measured,,,,,2.3102,,ok,0.3691
7.9972,629,,,2.3685,,,,,,31.1041,r1_measured_03592,read,measured,,,,,20.3123,,ok,0.3566
7.2849,687,,,2.5437,,,,,,29.2896,r1_measured_03593,read,measured,,,,,19.0607,,ok,0.332
17.6738,689,,,0.835,,,,,,25.6193,r1_measured_03594,read,measured,,,,,6.4865,,ok,0.545
16.2075,419,,,0.3842,,,,,,17.8019,r1_measured_03595,read,measured,,,,,0.8072,,ok,0.3498
15.072,678,,,0.5113,,,,,,26.5567,r1_measured_03596,read,measured,,,,,10.5857,,ok,0.3231
14.0337,674,,,1.9323,,,,,,17.3816,r1_measured_03597,read,measured,,,,,0.9854,,ok,0.3449
11.7343,679,,,1.3806,,,,,,83.6418,r1_measured_03598,read,measured,,,,,70.1634,,ok,0.2992
11.0655,627,,,0.7043,,,,,,81.7783,r1_measured_03599,read,measured,,,,,69.5377,,ok,0.4037
241.8356,673,7.2424,5.1356,0.6337,93.2186,1,5.1339,1,82.8497,250.5645,r1_measured_03600,update,measured,77.7141,8.7289,1,5.1678,7.6844,53.3571,ok,0.3451
8.467,681,,,61.2964,,,,,,76.2953,r1_measured_03601,read,measured,,,,,6.0504,,ok,0.4034
72.4094,680,,,0.9997,,,,,,109.2877,r1_measured_03602,read,measured,,,,,35.3613,,ok,0.426
66.7173,627,,,1.059,,,,,,119.7195,r1_measured_03603,read,measured,,,,,51.2636,,ok,0.5752
8.5549,418,,,0.3065,,,,,,42.8146,r1_measured_03604,read,measured,,,,,33.5082,,ok,0.3892
4.3773,419,,,0.2438,,,,,,5.6817,r1_measured_03605,read,measured,,,,,0.6994,,ok,0.3104
5.9254,673,,,0.7035,,,,,,54.2003,r1_measured_03606,read,measured,,,,,47.0936,,ok,0.4006
24.9775,417,,,0.3056,,,,,,38.3108,r1_measured_03607,read,measured,,,,,12.555,,ok,0.4037
33.2047,368,,,0.2684,,,,,,40.5768,r1_measured_03608,read,measured,,,,,6.6474,,ok,0.3966
130.0473,675,11.9417,10.4757,0.6843,48.8215,1,10.474,1,23.0403,144.8039,r1_measured_03609,update,measured,12.5646,14.7566,1,6.0221,13.5928,40.2217,ok,0.411
8.9719,629,,,3.5316,,,,,,24.7235,r1_measured_03610,read,measured,,,,,11.7648,,ok,0.3836
8.5437,675,,,1.4878,,,,,,19.9309,r1_measured_03611,read,measured,,,,,9.2669,,ok,0.536
8.0799,680,,,2.7455,,,,,,22.4114,r1_measured_03612,read,measured,,,,,11.1119,,ok,0.3998
6.7087,567,,,0.5729,,,,,,34.8691,r1_measured_03613,read,measured,,,,,27.1587,,ok,0.3581
5.9091,688,,,5.0409,,,,,,36.027,r1_measured_03614,read,measured,,,,,24.5771,,ok,0.4114
7.954,678,,,0.9098,,,,,,40.8154,r1_measured_03615,read,measured,,,,,31.5473,,ok,0.3351
29.1997,628,,,0.6125,,,,,,73.6134,r1_measured_03616,read,measured,,,,,43.366,,ok,0.3706
26.8226,369,,,0.2664,,,,,,28.2314,r1_measured_03617,read,measured,,,,,0.7241,,ok,0.362
24.7956,568,,,0.8069,,,,,,34.0616,r1_measured_03618,read,measured,,,,,8.0426,,ok,0.355
85.3522,680,12.1054,10.2719,0.7654,16.4894,0,10.2701,1,19.8572,102.693,r1_measured_03619,update,measured,9.5853,17.3408,1,4.5747,16.1216,32.3255,ok,0.3809
7.6973,662,,,0.6698,,,,,,17.6213,r1_measured_03620,read,measured,,,,,8.8258,,ok,0.3631
6.1077,680,,,0.8024,,,,,,10.7394,r1_measured_03621,read,measured,,,,,3.407,,ok,0.3568
4.8532,680,,,5.8936,,,,,,31.4151,r1_measured_03622,read,measured,,,,,20.1586,,ok,0.4317
4.6561,625,,,1.2739,,,,,,38.5681,r1_measured_03623,read,measured,,,,,32.2255,,ok,0.3477
26.8329,663,,,1.1333,,,,,,38.4535,r1_measured_03624,read,measured,,,,,10.0714,,ok,0.3498
30.469,629,,,0.4686,,,,,,37.4078,r1_measured_03625,read,measured,,,,,6.0534,,ok,0.3459
8.2949,674,,,0.5108,,,,,,16.6651,r1_measured_03626,read,measured,,,,,7.4496,,ok,0.3426
6.7927,688,,,0.5255,,,,,,11.719,r1_measured_03627,read,measured,,,,,3.9855,,ok,0.351
9.2377,509,,,0.4315,,,,,,11.0,r1_measured_03628,read,measured,,,,,0.9263,,ok,0.3451
14.8246,568,,,0.5769,,,,,,19.0305,r1_measured_03629,read,measured,,,,,3.1578,,ok,0.4061
14.94,674,,,1.0987,,,,,,20.6235,r1_measured_03630,read,measured,,,,,4.1562,,ok,0.3587
12.934,568,,,1.3484,,,,,,19.9588,r1_measured_03631,read,measured,,,,,5.1507,,ok,0.4582
12.0443,568,,,0.825,,,,,,26.505,r1_measured_03632,read,measured,,,,,13.234,,ok,0.3446
13.7602,679,,,0.6077,,,,,,20.1922,r1_measured_03633,read,measured,,,,,5.4052,,ok,0.3513
6.8528,567,,,0.8203,,,,,,14.2364,r1_measured_03634,read,measured,,,,,6.1532,,ok,0.3507
9.5549,681,,,2.6585,,,,,,27.8708,r1_measured_03635,read,measured,,,,,15.1849,,ok,0.3987
192.2669,688,35.3092,5.8504,0.9172,82.768,1,5.8489,1,27.026,200.5031,r1_measured_03636,update,measured,21.1756,8.2362,1,8.123,6.9002,39.0407,ok,0.3504
7.9437,629,,,0.9012,,,,,,10.9306,r1_measured_03637,read,measured,,,,,1.5173,,ok,0.4836
5.8127,680,,,1.661,,,,,,22.3424,r1_measured_03638,read,measured,,,,,14.4011,,ok,0.3848
9.6385,681,,,1.4634,,,,,,14.6864,r1_measured_03639,read,measured,,,,,3.1023,,ok,0.3997
13.3028,689,,,1.6497,,,,,,21.2265,r1_measured_03640,read,measured,,,,,5.7905,,ok,0.4094
16.0002,680,,,7.7791,,,,,,45.6054,r1_measured_03641,read,measured,,,,,21.2723,,ok,0.469
14.6175,369,,,0.2565,,,,,,16.7058,r1_measured_03642,read,measured,,,,,1.3994,,ok,0.3795
171.9146,419,48.5604,11.3243,0.28,39.842,1,11.3222,1,52.5157,174.1401,r1_measured_03643,update,measured,41.1914,2.2255,1,3.7659,1.531,27.2306,ok,0.3609
9.2001,663,,,14.5512,,,,,,26.7521,r1_measured_03644,read,measured,,,,,2.4892,,ok,0.4314
34.0109,418,,,1.2682,,,,,,40.9844,r1_measured_03645,read,measured,,,,,5.2222,,ok,0.4201
33.122,418,,,0.2689,,,,,,41.065,r1_measured_03646,read,measured,,,,,7.2454,,ok,0.3712
30.524,509,,,12.1083,,,,,,57.3829,r1_measured_03647,read,measured,,,,,14.2672,,ok,0.4066
28.0691,567,,,1.0707,,,,,,38.1237,r1_measured_03648,read,measured,,,,,8.5479,,ok,0.3731
17.4002,680,,,1.8493,,,,,,40.1653,r1_measured_03649,read,measured,,,,,20.4125,,ok,0.4064
11.5531,674,,,0.8326,,,,,,34.9533,r1_measured_03650,read,measured,,,,,22.1386,,ok,0.3584
129.3638,629,13.6422,4.9473,1.2913,43.9625,1,4.9451,1,36.6952,139.2056,r1_measured_03651,update,measured,31.7479,9.8418,1,3.3696,8.1341,31.6943,ok,0.3541
6.015,681,,,1.2921,,,,,,33.3116,r1_measured_03652,read,measured,,,,,25.5592,,ok,0.3695
22.9884,629,,,1.0854,,,,,,28.2168,r1_measured_03653,read,measured,,,,,3.7068,,ok,0.3633
14.3286,681,,,15.1642,,,,,,35.2422,r1_measured_03654,read,measured,,,,,5.2374,,ok,0.435
13.2089,509,,,0.777,,,,,,16.8949,r1_measured_03655,read,measured,,,,,2.4991,,ok,0.3518
314.7064,689,75.8318,7.3862,2.4456,138.7829,1,7.3845,1,38.5671,326.8653,r1_measured_03656,update,measured,31.1809,12.1589,1,24.9768,9.2223,36.5478,ok,0.3947
305.863,681,74.2701,4.9736,0.5882,136.114,1,4.9722,1,34.5085,310.179,r1_measured_03657,update,measured,29.5349,4.316,1,10.3872,3.3115,50.5832,ok,0.3478
19.5934,629,,,0.9246,,,,,,34.1628,r1_measured_03658,read,measured,,,,,13.1335,,ok,0.4348
22.9995,681,,,0.5677,,,,,,32.6387,r1_measured_03659,read,measured,,,,,8.4887,,ok,0.5031
9.3183,629,,,1.3016,,,,,,13.9648,r1_measured_03660,read,measured,,,,,2.8995,,ok,0.3749
54.7954,673,,,0.991,,,,,,66.8214,r1_measured_03661,read,measured,,,,,10.6191,,ok,0.3477
53.6512,568,,,1.5202,,,,,,60.6986,r1_measured_03662,read,measured,,,,,5.1057,,ok,0.3584
52.452,681,,,1.4037,,,,,,62.3168,r1_measured_03663,read,measured,,,,,8.057,,ok,0.3382
9.4155,627,,,0.7985,,,,,,12.0286,r1_measured_03664,read,measured,,,,,1.2729,,ok,0.479
11.1681,675,,,0.6937,,,,,,16.1592,r1_measured_03665,read,measured,,,,,3.4024,,ok,0.8028
9.015,509,,,0.4187,,,,,,11.6736,r1_measured_03666,read,measured,,,,,1.8389,,ok,0.3427
8.6846,628,,,0.5304,,,,,,16.0716,r1_measured_03667,read,measured,,,,,6.4335,,ok,0.3538
6.5589,663,,,0.6158,,,,,,19.1403,r1_measured_03668,read,measured,,,,,11.5534,,ok,0.3454
9.1724,687,,,0.5771,,,,,,13.0676,r1_measured_03669,read,measured,,,,,2.8982,,ok,0.3504
8.5117,509,,,0.4472,,,,,,17.1844,r1_measured_03670,read,measured,,,,,7.8097,,ok,0.359
8.6319,662,,,0.4681,,,,,,17.9161,r1_measured_03671,read,measured,,,,,8.2889,,ok,0.4612
6.1703,675,,,1.5435,,,,,,13.925,r1_measured_03672,read,measured,,,,,5.8005,,ok,0.3444
7.7078,663,,,1.7931,,,,,,13.3487,r1_measured_03673,read,measured,,,,,3.452,,ok,0.3326
7.8344,681,,,0.837,,,,,,15.5059,r1_measured_03674,read,measured,,,,,6.4168,,ok,0.3469
9.8614,625,,,0.6701,,,,,,17.6941,r1_measured_03675,read,measured,,,,,6.7334,,ok,0.3607
7.6434,674,,,1.41,,,,,,11.512,r1_measured_03676,read,measured,,,,,2.0097,,ok,0.3808
9.7624,418,,,0.2824,,,,,,13.1128,r1_measured_03677,read,measured,,,,,2.638,,ok,0.375
8.1494,567,,,0.541,,,,,,14.3685,r1_measured_03678,read,measured,,,,,5.2437,,ok,0.3747
6.8516,629,,,3.1542,,,,,,23.9826,r1_measured_03679,read,measured,,,,,13.5226,,ok,0.3773
8.2335,509,,,2.3546,,,,,,18.433,r1_measured_03680,read,measured,,,,,7.3321,,ok,0.4473
6.8716,663,,,0.9601,,,,,,16.3861,r1_measured_03681,read,measured,,,,,8.0916,,ok,0.3733
5.4254,418,,,0.2805,,,,,,7.8346,r1_measured_03682,read,measured,,,,,1.7297,,ok,0.3475
5.2596,625,,,1.2916,,,,,,16.8935,r1_measured_03683,read,measured,,,,,9.7183,,ok,0.5582
4.5991,663,,,1.7949,,,,,,14.5648,r1_measured_03684,read,measured,,,,,7.7515,,ok,0.3526
7.2,629,,,2.4754,,,,,,12.0976,r1_measured_03685,read,measured,,,,,2.0051,,ok,0.3487
9.1727,509,,,1.4421,,,,,,12.8681,r1_measured_03686,read,measured,,,,,1.8334,,ok,0.3606
8.7218,681,,,0.5592,,,,,,15.4831,r1_measured_03687,read,measured,,,,,5.7757,,ok,0.3538
6.7555,681,,,0.5182,,,,,,15.5773,r1_measured_03688,read,measured,,,,,7.8359,,ok,0.3986
5.8266,368,,,0.2338,,,,,,13.3124,r1_measured_03689,read,measured,,,,,6.8502,,ok,0.3475
7.6283,509,,,0.4354,,,,,,16.8366,r1_measured_03690,read,measured,,,,,8.3678,,ok,0.349
6.8285,674,,,0.5445,,,,,,14.2264,r1_measured_03691,read,measured,,,,,6.4435,,ok,0.3446
7.4361,663,,,0.5578,,,,,,14.5676,r1_measured_03692,read,measured,,,,,6.1509,,ok,0.3542
9.2413,688,,,1.2769,,,,,,13.9715,r1_measured_03693,read,measured,,,,,3.0139,,ok,0.3753
7.1729,680,,,0.9083,,,,,,18.7983,r1_measured_03694,read,measured,,,,,10.285,,ok,0.3589
5.8116,629,,,1.2821,,,,,,18.5458,r1_measured_03695,read,measured,,,,,11.0271,,ok,0.3575
8.4301,418,,,0.3008,,,,,,9.9943,r1_measured_03696,read,measured,,,,,0.8107,,ok,0.3939
7.1496,509,,,1.1806,,,,,,16.518,r1_measured_03697,read,measured,,,,,7.7643,,ok,0.3633
5.6643,418,,,0.2787,,,,,,7.3753,r1_measured_03698,read,measured,,,,,1.0151,,ok,0.3583
10.246,568,,,0.5217,,,,,,12.0601,r1_measured_03699,read,measured,,,,,0.8815,,ok,0.3478
8.2064,568,,,0.7143,,,,,,19.1115,r1_measured_03700,read,measured,,,,,9.6609,,ok,0.4575
8.8082,687,,,3.6254,,,,,,23.0373,r1_measured_03701,read,measured,,,,,10.0612,,ok,0.4616
6.8974,419,,,0.2939,,,,,,8.5913,r1_measured_03702,read,measured,,,,,0.9842,,ok,0.3573
9.8727,629,,,1.9865,,,,,,17.0527,r1_measured_03703,read,measured,,,,,4.6153,,ok,0.4907
7.0166,679,,,0.6515,,,,,,19.8563,r1_measured_03704,read,measured,,,,,11.7034,,ok,0.4018
6.4052,675,,,2.4522,,,,,,13.476,r1_measured_03705,read,measured,,,,,4.1194,,ok,0.4145
11.1001,688,,,0.8889,,,,,,16.5777,r1_measured_03706,read,measured,,,,,4.1049,,ok,0.4054
13.1279,689,,,0.9726,,,,,,25.8691,r1_measured_03707,read,measured,,,,,11.317,,ok,0.3726
7.4756,419,,,0.6705,,,,,,11.6768,r1_measured_03708,read,measured,,,,,3.044,,ok,0.4179
9.0602,680,,,0.9953,,,,,,16.8627,r1_measured_03709,read,measured,,,,,6.336,,ok,0.3964
6.9149,687,,,0.6238,,,,,,17.2268,r1_measured_03710,read,measured,,,,,9.2259,,ok,0.3841
7.7752,369,,,0.2909,,,,,,9.384,r1_measured_03711,read,measured,,,,,0.8754,,ok,0.3844
8.2195,628,,,0.8147,,,,,,17.7744,r1_measured_03712,read,measured,,,,,8.297,,ok,0.3723
6.4235,680,,,63.0086,,,,,,79.4764,r1_measured_03713,read,measured,,,,,9.4642,,ok,0.481
8.0192,629,,,0.6552,,,,,,12.2161,r1_measured_03714,read,measured,,,,,2.9927,,ok,0.4652
73.5654,679,,,1.1445,,,,,,78.0419,r1_measured_03715,read,measured,,,,,2.8733,,ok,0.3773
69.905,568,,,0.6356,,,,,,73.6603,r1_measured_03716,read,measured,,,,,2.5501,,ok,0.4855
69.684,681,,,1.4886,,,,,,74.5982,r1_measured_03717,read,measured,,,,,2.9602,,ok,0.3871
75.6368,689,,,0.8046,,,,,,84.9277,r1_measured_03718,read,measured,,,,,7.951,,ok,0.4281
70.7576,568,,,1.6602,,,,,,84.5529,r1_measured_03719,read,measured,,,,,11.5127,,ok,0.5276
9.7468,680,,,0.6442,,,,,,16.8779,r1_measured_03720,read,measured,,,,,6.064,,ok,0.3504
7.3714,418,,,0.2607,,,,,,10.4749,r1_measured_03721,read,measured,,,,,2.4602,,ok,0.3281
9.7431,625,,,0.7912,,,,,,18.0131,r1_measured_03722,read,measured,,,,,6.9882,,ok,0.406
9.3856,681,,,1.404,,,,,,21.1141,r1_measured_03723,read,measured,,,,,9.75,,ok,0.4896
15.3277,663,,,0.7728,,,,,,26.8067,r1_measured_03724,read,measured,,,,,10.1483,,ok,0.4728
159.4265,674,11.1147,9.8637,0.7647,77.1562,1,9.862,1,32.6131,163.0272,r1_measured_03725,update,measured,22.7494,3.6007,1,2.5328,2.4163,36.0097,ok,0.3538
10.3537,509,,,0.587,,,,,,15.4838,r1_measured_03726,read,measured,,,,,4.0814,,ok,0.3815
11.0707,681,,,0.9097,,,,,,17.6328,r1_measured_03727,read,measured,,,,,5.1806,,ok,0.3926
9.4764,680,,,0.602,,,,,,21.3073,r1_measured_03728,read,measured,,,,,10.7471,,ok,0.3978
11.5963,681,,,0.7222,,,,,,21.8092,r1_measured_03729,read,measured,,,,,9.0305,,ok,0.3793
11.1567,681,,,0.535,,,,,,54.1232,r1_measured_03730,read,measured,,,,,41.9902,,ok,0.3577
7.3037,675,,,1.0801,,,,,,38.5274,r1_measured_03731,read,measured,,,,,29.6742,,ok,0.3818
7.2152,688,,,6.9072,,,,,,39.3784,r1_measured_03732,read,measured,,,,,24.774,,ok,0.4052
5.9925,680,,,2.4559,,,,,,40.1581,r1_measured_03733,read,measured,,,,,31.2679,,ok,0.3563
7.4805,675,,,0.8305,,,,,,41.5051,r1_measured_03734,read,measured,,,,,32.7425,,ok,0.3563
5.9571,663,,,1.7788,,,,,,39.8991,r1_measured_03735,read,measured,,,,,31.7334,,ok,0.3543
128.1186,681,10.9485,3.4772,1.9857,8.5352,1,3.4754,1,46.5649,138.0302,r1_measured_03736,update,measured,43.0877,9.9116,1,7.7488,7.4962,54.3212,ok,0.3609
16.2075,680,,,0.8941,,,,,,18.5819,r1_measured_03737,read,measured,,,,,1.0478,,ok,0.3579
101.6461,568,12.4757,4.9591,1.3568,5.757,1,4.9575,1,22.1471,105.3,r1_measured_03738,update,measured,17.188,3.6539,1,30.5533,1.886,30.713,ok,0.3517
9.9908,627,,,5.2481,,,,,,42.3855,r1_measured_03739,read,measured,,,,,26.6266,,ok,0.4318
11.1763,663,,,1.2018,,,,,,19.2369,r1_measured_03740,read,measured,,,,,6.4046,,ok,0.3837
6.9165,419,,,0.3239,,,,,,11.0152,r1_measured_03741,read,measured,,,,,3.3671,,ok,0.3483
4.7398,369,,,0.284,,,,,,6.8582,r1_measured_03742,read,measured,,,,,1.4264,,ok,0.3429
8.1964,689,,,1.39,,,,,,14.4234,r1_measured_03743,read,measured,,,,,4.3966,,ok,0.3696
4.9676,628,,,3.0216,,,,,,62.111,r1_measured_03744,read,measured,,,,,53.7055,,ok,0.3432
5.0012,689,,,1.188,,,,,,56.8681,r1_measured_03745,read,measured,,,,,50.2327,,ok,0.3591
26.2286,625,,,0.7994,,,,,,54.8737,r1_measured_03746,read,measured,,,,,27.4255,,ok,0.352
24.8964,663,,,0.9335,,,,,,55.8479,r1_measured_03747,read,measured,,,,,29.5705,,ok,0.3712
24.8835,369,,,0.252,,,,,,26.5229,r1_measured_03748,read,measured,,,,,0.9652,,ok,0.363
159.7163,509,25.4547,16.466,0.5681,32.2084,1,16.4642,1,37.5469,177.5058,r1_measured_03749,update,measured,21.0809,17.7895,1,22.7499,16.7931,41.7564,ok,0.3699
24.0672,689,,,0.7277,,,,,,30.9264,r1_measured_03750,read,measured,,,,,5.7212,,ok,0.347
155.9382,675,25.766,11.7802,1.3798,30.6157,1,11.7785,1,32.877,168.6929,r1_measured_03751,update,measured,21.0968,12.7547,1,7.2771,10.9391,59.4024,ok,0.3603
19.918,627,,,0.776,,,,,,28.6624,r1_measured_03752,read,measured,,,,,7.548,,ok,0.3559
12.4906,509,,,3.7217,,,,,,17.5076,r1_measured_03753,read,measured,,,,,0.8303,,ok,0.3899
11.1478,568,,,2.0873,,,,,,17.2629,r1_measured_03754,read,measured,,,,,3.5878,,ok,0.3726
9.1572,689,,,1.8525,,,,,,56.9691,r1_measured_03755,read,measured,,,,,45.5054,,ok,0.3734
7.892,680,,,0.6058,,,,,,59.619,r1_measured_03756,read,measured,,,,,50.6931,,ok,0.3607
6.9281,418,,,0.3292,,,,,,9.2192,r1_measured_03757,read,measured,,,,,1.4865,,ok,0.4109
23.1063,681,,,0.6455,,,,,,62.5756,r1_measured_03758,read,measured,,,,,38.3667,,ok,0.3724
21.7655,369,,,0.2898,,,,,,43.2475,r1_measured_03759,read,measured,,,,,20.7336,,ok,0.399
45.4001,689,,,1.1491,,,,,,64.188,r1_measured_03760,read,measured,,,,,17.0553,,ok,0.5165
43.1205,689,,,3.0998,,,,,,65.7224,r1_measured_03761,read,measured,,,,,19.0247,,ok,0.4037
14.8071,628,,,0.4915,,,,,,21.2608,r1_measured_03762,read,measured,,,,,5.5045,,ok,0.3838
7.3395,681,,,2.4565,,,,,,15.322,r1_measured_03763,read,measured,,,,,5.0742,,ok,0.3735
8.9558,675,,,1.3939,,,,,,18.8932,r1_measured_03764,read,measured,,,,,8.1135,,ok,0.355
5.7566,368,,,0.329,,,,,,9.7028,r1_measured_03765,read,measured,,,,,3.2177,,ok,0.3474
9.6309,680,,,0.8742,,,,,,12.6839,r1_measured_03766,read,measured,,,,,1.7583,,ok,0.3538
8.7031,629,,,1.3551,,,,,,12.4158,r1_measured_03767,read,measured,,,,,1.9172,,ok,0.371
10.9627,674,,,1.3337,,,,,,18.8794,r1_measured_03768,read,measured,,,,,6.1675,,ok,0.3483
9.2191,418,,,0.2838,,,,,,11.5233,r1_measured_03769,read,measured,,,,,1.6234,,ok,0.3443
175.2874,568,9.3609,6.3132,1.2064,106.5062,0,6.3108,1,26.8577,181.0817,r1_measured_03770,update,measured,20.5445,5.7943,1,0.0071,4.1347,32.5555,ok,0.3886
7.1012,627,,,0.993,,,,,,14.4687,r1_measured_03771,read,measured,,,,,5.9502,,ok,0.3613
6.18,679,,,0.5253,,,,,,17.3563,r1_measured_03772,read,measured,,,,,10.2297,,ok,0.354
6.4665,675,,,0.8206,,,,,,13.8713,r1_measured_03773,read,measured,,,,,6.1609,,ok,0.3555
7.6003,663,,,1.3171,,,,,,10.854,r1_measured_03774,read,measured,,,,,1.5205,,ok,0.3499
33.7774,509,,,1.0879,,,,,,46.2941,r1_measured_03775,read,measured,,,,,11.0455,,ok,0.3273
33.0759,679,,,0.6912,,,,,,44.6128,r1_measured_03776,read,measured,,,,,10.442,,ok,0.3364
31.1393,419,,,0.2735,,,,,,34.9099,r1_measured_03777,read,measured,,,,,3.0935,,ok,0.3452
28.7153,369,,,0.2406,,,,,,35.0756,r1_measured_03778,read,measured,,,,,5.6869,,ok,0.3734
27.388,689,,,0.5374,,,,,,35.5097,r1_measured_03779,read,measured,,,,,7.1479,,ok,0.3594
10.4237,418,,,0.2822,,,,,,11.8232,r1_measured_03780,read,measured,,,,,0.6714,,ok,0.389
8.5441,662,,,0.524,,,,,,14.0161,r1_measured_03781,read,measured,,,,,4.4767,,ok,0.3976
6.8121,663,,,0.5917,,,,,,16.0173,r1_measured_03782,read,measured,,,,,8.1991,,ok,0.3478
10.5117,568,,,0.787,,,,,,16.4925,r1_measured_03783,read,measured,,,,,4.7658,,ok,0.3655
10.3014,509,,,1.1545,,,,,,16.5402,r1_measured_03784,read,measured,,,,,4.6816,,ok,0.3447
7.4107,663,,,0.5234,,,,,,11.3849,r1_measured_03785,read,measured,,,,,3.0041,,ok,0.3757
12.6926,369,,,0.236,,,,,,14.8677,r1_measured_03786,read,measured,,,,,1.5487,,ok,0.3425
11.3753,680,,,0.5502,,,,,,15.1873,r1_measured_03787,read,measured,,,,,2.8427,,ok,0.3534
9.9421,681,,,1.9027,,,,,,16.4697,r1_measured_03788,read,measured,,,,,4.2081,,ok,0.3466
13.1822,368,,,0.2296,,,,,,17.0876,r1_measured_03789,read,measured,,,,,3.292,,ok,0.3356
11.1841,680,,,0.9715,,,,,,43.7835,r1_measured_03790,read,measured,,,,,31.1756,,ok,0.3818
9.2233,418,,,0.2587,,,,,,12.194,r1_measured_03791,read,measured,,,,,2.3127,,ok,0.3479
193.5887,626,84.6383,3.778,0.9743,54.0267,0,3.7764,1,16.769,206.4563,r1_measured_03792,update,measured,12.991,12.8676,1,0.0053,11.4227,38.1494,ok,0.399
6.4581,509,,,1.9837,,,,,,30.7041,r1_measured_03793,read,measured,,,,,21.8275,,ok,0.3721
9.2318,663,,,1.5134,,,,,,36.9667,r1_measured_03794,read,measured,,,,,25.7771,,ok,0.377
5.9873,509,,,0.6047,,,,,,37.7911,r1_measured_03795,read,measured,,,,,30.7651,,ok,0.3719
4.1969,679,,,5.8069,,,,,,27.8875,r1_measured_03796,read,measured,,,,,17.3945,,ok,0.4106
20.2248,689,,,0.6546,,,,,,34.8269,r1_measured_03797,read,measured,,,,,13.4964,,ok,0.372
14.6271,369,,,0.2468,,,,,,17.7143,r1_measured_03798,read,measured,,,,,2.4051,,ok,0.3777
14.1526,689,,,0.8453,,,,,,19.8099,r1_measured_03799,read,measured,,,,,4.2515,,ok,0.4898
7.7147,418,,,0.2915,,,,,,9.4993,r1_measured_03800,read,measured,,,,,1.0543,,ok,0.3818
11.509,689,,,1.4237,,,,,,17.7037,r1_measured_03801,read,measured,,,,,4.3464,,ok,0.3503
9.5801,509,,,3.1706,,,,,,14.6898,r1_measured_03802,read,measured,,,,,1.4981,,ok,0.3717
13.7806,680,,,1.5954,,,,,,21.5575,r1_measured_03803,read,measured,,,,,5.7588,,ok,0.3524
12.591,680,,,0.5897,,,,,,15.5348,r1_measured_03804,read,measured,,,,,1.8956,,ok,0.3872
11.2777,689,,,0.8913,,,,,,16.2662,r1_measured_03805,read,measured,,,,,3.6653,,ok,0.361
12.6467,629,,,1.2854,,,,,,16.4557,r1_measured_03806,read,measured,,,,,2.0709,,ok,0.3862
12.0157,663,,,0.8436,,,,,,14.6506,r1_measured_03807,read,measured,,,,,1.3457,,ok,0.3793
8.7445,369,,,0.2402,,,,,,10.087,r1_measured_03808,read,measured,,,,,0.7215,,ok,0.3342
15.6539,681,,,0.5364,,,,,,17.4189,r1_measured_03809,read,measured,,,,,0.7919,,ok,0.3673
12.0336,678,,,0.5925,,,,,,17.1106,r1_measured_03810,read,measured,,,,,4.0514,,ok,0.3643
6.8186,417,,,0.2671,,,,,,9.182,r1_measured_03811,read,measured,,,,,1.6685,,ok,0.3662
6.0615,509,,,0.686,,,,,,10.1962,r1_measured_03812,read,measured,,,,,3.0349,,ok,0.3589
13.1806,689,,,0.7119,,,,,,15.3377,r1_measured_03813,read,measured,,,,,0.8992,,ok,0.4654
11.4519,680,,,0.6393,,,,,,16.1341,r1_measured_03814,read,measured,,,,,3.5813,,ok,0.3797
151.1995,629,17.3466,10.3273,2.1701,7.9416,1,10.3257,1,32.7945,161.5169,r1_measured_03815,update,measured,22.4672,10.3174,1,0.0066,7.7176,93.1102,ok,0.3642
12.9322,663,,,1.2833,,,,,,19.2764,r1_measured_03816,read,measured,,,,,4.6109,,ok,0.3781
9.7666,688,,,0.7365,,,,,,21.6801,r1_measured_03817,read,measured,,,,,10.6847,,ok,0.4204
9.0053,367,,,0.2397,,,,,,10.2588,r1_measured_03818,read,measured,,,,,0.5987,,ok,0.3627
10.55,681,,,1.2647,,,,,,19.7426,r1_measured_03819,read,measured,,,,,7.4735,,ok,0.3814
9.6913,567,,,1.7033,,,,,,18.8761,r1_measured_03820,read,measured,,,,,7.0483,,ok,0.3687
8.1536,509,,,0.5438,,,,,,12.0659,r1_measured_03821,read,measured,,,,,2.9168,,ok,0.3881
25.4544,509,,,1.1087,,,,,,87.7824,r1_measured_03822,read,measured,,,,,60.4796,,ok,0.6569
83.7664,681,,,1.3796,,,,,,101.1076,r1_measured_03823,read,measured,,,,,15.4722,,ok,0.3617
79.6453,675,,,1.1834,,,,,,95.0882,r1_measured_03824,read,measured,,,,,13.791,,ok,0.3846
85.6302,418,,,2.7741,,,,,,90.7333,r1_measured_03825,read,measured,,,,,1.8557,,ok,0.4015
84.2327,418,,,0.309,,,,,,87.0941,r1_measured_03826,read,measured,,,,,2.0994,,ok,0.3847
86.5427,568,,,1.3172,,,,,,92.3276,r1_measured_03827,read,measured,,,,,4.0082,,ok,0.3772
13.2469,674,,,1.368,,,,,,19.2437,r1_measured_03828,read,measured,,,,,4.1258,,ok,0.4301
11.2932,629,,,0.5061,,,,,,13.1645,r1_measured_03829,read,measured,,,,,0.9282,,ok,0.3681
15.4825,418,,,0.2812,,,,,,16.8581,r1_measured_03830,read,measured,,,,,0.6799,,ok,0.3578
16.5207,567,,,0.9004,,,,,,19.2168,r1_measured_03831,read,measured,,,,,1.3324,,ok,0.3867
22.6541,568,,,0.5789,,,,,,33.2928,r1_measured_03832,read,measured,,,,,9.6291,,ok,0.3659
26.0848,674,,,1.7844,,,,,,35.2914,r1_measured_03833,read,measured,,,,,6.9963,,ok,0.3583
20.1902,629,,,2.0126,,,,,,27.4101,r1_measured_03834,read,measured,,,,,4.761,,ok,0.3749
10.4206,509,,,1.2257,,,,,,13.1865,r1_measured_03835,read,measured,,,,,1.0831,,ok,0.3769
20.1932,675,,,2.6388,,,,,,33.9017,r1_measured_03836,read,measured,,,,,10.6566,,ok,0.3451
15.2692,369,,,0.2503,,,,,,17.7955,r1_measured_03837,read,measured,,,,,1.8849,,ok,0.3436
15.614,680,,,1.2712,,,,,,30.0364,r1_measured_03838,read,measured,,,,,12.6507,,ok,0.4233
13.4654,369,,,0.2562,,,,,,17.7626,r1_measured_03839,read,measured,,,,,3.6213,,ok,0.3685
9.2304,508,,,0.7969,,,,,,15.8163,r1_measured_03840,read,measured,,,,,5.3384,,ok,0.3873
8.8774,567,,,0.5128,,,,,,13.1326,r1_measured_03841,read,measured,,,,,3.3204,,ok,0.3595
6.2519,418,,,0.2759,,,,,,9.1152,r1_measured_03842,read,measured,,,,,2.1862,,ok,0.3475
13.3553,679,,,2.2214,,,,,,19.6653,r1_measured_03843,read,measured,,,,,3.6406,,ok,0.3725
12.8706,675,,,1.4696,,,,,,19.8183,r1_measured_03844,read,measured,,,,,5.0308,,ok,0.3712
12.8351,568,,,2.8496,,,,,,22.8686,r1_measured_03845,read,measured,,,,,6.7132,,ok,0.4067
8.6346,681,,,1.0515,,,,,,12.5729,r1_measured_03846,read,measured,,,,,2.1251,,ok,0.6837
18.5237,566,,,0.5211,,,,,,35.8717,r1_measured_03847,read,measured,,,,,16.4055,,ok,0.3595
16.1041,369,,,0.248,,,,,,20.2002,r1_measured_03848,read,measured,,,,,3.4357,,ok,0.3529
14.5539,508,,,1.7626,,,,,,24.4565,r1_measured_03849,read,measured,,,,,7.6231,,ok,0.4529
13.8489,568,,,1.0312,,,,,,22.0157,r1_measured_03850,read,measured,,,,,6.709,,ok,0.3625
7.5437,418,,,0.2707,,,,,,9.678,r1_measured_03851,read,measured,,,,,1.4406,,ok,0.3668
10.6503,681,,,1.392,,,,,,20.7899,r1_measured_03852,read,measured,,,,,8.2034,,ok,0.4697
9.3523,675,,,0.6615,,,,,,16.1766,r1_measured_03853,read,measured,,,,,5.7195,,ok,0.3744
16.0892,689,,,1.1323,,,,,,20.5688,r1_measured_03854,read,measured,,,,,2.9058,,ok,0.3705
13.1231,681,,,0.6743,,,,,,20.5756,r1_measured_03855,read,measured,,,,,6.224,,ok,0.4636
6.3189,417,,,0.2809,,,,,,9.0456,r1_measured_03856,read,measured,,,,,2.0224,,ok,0.369
11.8721,509,,,1.1851,,,,,,18.144,r1_measured_03857,read,measured,,,,,4.6788,,ok,0.347
20.0291,687,,,1.7647,,,,,,28.2047,r1_measured_03858,read,measured,,,,,5.9688,,ok,0.3691
9.2593,509,,,0.8828,,,,,,13.9328,r1_measured_03859,read,measured,,,,,3.3455,,ok,0.3773
17.3734,675,,,0.6218,,,,,,22.4835,r1_measured_03860,read,measured,,,,,4.043,,ok,0.375
15.0513,680,,,0.902,,,,,,27.0853,r1_measured_03861,read,measured,,,,,10.6992,,ok,0.3649
12.8906,687,,,1.0315,,,,,,26.852,r1_measured_03862,read,measured,,,,,12.4879,,ok,0.3709
10.8437,418,,,0.2916,,,,,,12.8758,r1_measured_03863,read,measured,,,,,1.3233,,ok,0.3607
262.4104,675,8.9818,9.9875,0.8659,169.9266,1,9.9853,1,37.4512,271.6841,r1_measured_03864,update,measured,27.4637,9.2737,1,6.3943,7.9468,39.6565,ok,0.3915
11.3829,419,,,0.2754,,,,,,14.9498,r1_measured_03865,read,measured,,,,,2.8626,,ok,0.3738
11.729,687,,,1.3658,,,,,,22.0238,r1_measured_03866,read,measured,,,,,8.5324,,ok,0.3319
6.3881,568,,,0.4851,,,,,,13.3202,r1_measured_03867,read,measured,,,,,6.0492,,ok,0.3382
9.5613,418,,,0.2596,,,,,,12.4555,r1_measured_03868,read,measured,,,,,2.2393,,ok,0.3441
11.5088,689,,,1.6829,,,,,,16.6694,r1_measured_03869,read,measured,,,,,2.9291,,ok,0.4636
9.1465,681,,,0.6447,,,,,,11.0887,r1_measured_03870,read,measured,,,,,0.8307,,ok,0.3909
11.1112,418,,,0.4815,,,,,,14.0185,r1_measured_03871,read,measured,,,,,1.7485,,ok,0.596
15.2501,509,,,0.9296,,,,,,40.562,r1_measured_03872,read,measured,,,,,23.84,,ok,0.4535
13.9763,567,,,1.5968,,,,,,47.8646,r1_measured_03873,read,measured,,,,,31.7474,,ok,0.4596
12.7924,509,,,0.6522,,,,,,18.7451,r1_measured_03874,read,measured,,,,,4.8293,,ok,0.4053
12.6346,627,,,1.5688,,,,,,46.6363,r1_measured_03875,read,measured,,,,,31.9427,,ok,0.3928
9.7698,369,,,0.2876,,,,,,13.0382,r1_measured_03876,read,measured,,,,,2.526,,ok,0.3944
8.7196,681,,,1.5879,,,,,,50.6917,r1_measured_03877,read,measured,,,,,39.9406,,ok,0.3616
240.9846,627,4.5152,26.5941,1.0951,135.1716,1,26.5921,1,51.8246,361.773,r1_measured_03878,update,measured,25.2305,120.7884,1,9.0339,119.3348,40.4393,ok,0.2966
33.953,627,,,0.6844,,,,,,37.4738,r1_measured_03879,read,measured,,,,,2.3169,,ok,0.4419
32.5369,680,,,0.5419,,,,,,42.6851,r1_measured_03880,read,measured,,,,,9.1824,,ok,0.354
20.6573,679,,,1.2101,,,,,,31.7796,r1_measured_03881,read,measured,,,,,9.4821,,ok,0.3609
11.4398,567,,,0.7865,,,,,,21.974,r1_measured_03882,read,measured,,,,,9.322,,ok,0.3618
10.9283,568,,,1.0409,,,,,,16.9143,r1_measured_03883,read,measured,,,,,4.529,,ok,0.3536
7.6549,369,,,0.2384,,,,,,11.4852,r1_measured_03884,read,measured,,,,,3.1848,,ok,0.3553
6.8926,687,,,2.5238,,,,,,37.2159,r1_measured_03885,read,measured,,,,,27.2608,,ok,0.436
36.851,663,,,1.387,,,,,,52.0898,r1_measured_03886,read,measured,,,,,13.4062,,ok,0.37
34.2126,566,,,1.0051,,,,,,41.4824,r1_measured_03887,read,measured,,,,,5.7968,,ok,0.3932
31.0275,629,,,1.8574,,,,,,41.2602,r1_measured_03888,read,measured,,,,,7.9029,,ok,0.392
29.0011,689,,,1.4658,,,,,,39.9603,r1_measured_03889,read,measured,,,,,9.0191,,ok,0.387
30.9394,663,,,0.6257,,,,,,33.3052,r1_measured_03890,read,measured,,,,,1.2213,,ok,0.4214
8.8604,566,,,0.9094,,,,,,17.644,r1_measured_03891,read,measured,,,,,7.4096,,ok,0.3932
6.9768,568,,,1.7079,,,,,,13.854,r1_measured_03892,read,measured,,,,,4.7238,,ok,0.3769
11.5635,418,,,0.2765,,,,,,17.2029,r1_measured_03893,read,measured,,,,,4.9562,,ok,0.3531
9.7723,418,,,0.2791,,,,,,14.7484,r1_measured_03894,read,measured,,,,,4.3004,,ok,0.3412
8.2485,369,,,0.2492,,,,,,12.3632,r1_measured_03895,read,measured,,,,,1.4759,,ok,2.3367
11.9817,566,,,0.5903,,,,,,19.1012,r1_measured_03896,read,measured,,,,,6.1274,,ok,0.3388
11.276,509,,,0.4883,,,,,,14.1654,r1_measured_03897,read,measured,,,,,1.9802,,ok,0.3624
8.6224,663,,,0.7055,,,,,,13.6324,r1_measured_03898,read,measured,,,,,3.8822,,ok,0.3512
8.4292,674,,,1.7368,,,,,,18.4214,r1_measured_03899,read,measured,,,,,7.8241,,ok,0.3569
11.0721,663,,,1.2689,,,,,,15.9947,r1_measured_03900,read,measured,,,,,3.0386,,ok,0.5451
10.6162,680,,,1.8171,,,,,,20.7573,r1_measured_03901,read,measured,,,,,7.906,,ok,0.3472
5.665,679,,,0.9645,,,,,,14.8036,r1_measured_03902,read,measured,,,,,7.7326,,ok,0.367
4.8423,681,,,1.2926,,,,,,14.6519,r1_measured_03903,read,measured,,,,,8.1001,,ok,0.3507
8.3795,681,,,0.8998,,,,,,22.11,r1_measured_03904,read,measured,,,,,12.3263,,ok,0.4293
7.6274,419,,,0.2765,,,,,,9.526,r1_measured_03905,read,measured,,,,,1.2235,,ok,0.3465
6.9816,509,,,0.6572,,,,,,17.3961,r1_measured_03906,read,measured,,,,,9.3491,,ok,0.3508
6.349,369,,,0.2311,,,,,,8.8134,r1_measured_03907,read,measured,,,,,1.8404,,ok,0.3422
6.5288,629,,,1.6602,,,,,,19.3618,r1_measured_03908,read,measured,,,,,10.6915,,ok,0.4084
6.8405,680,,,0.7314,,,,,,15.8549,r1_measured_03909,read,measured,,,,,7.6437,,ok,0.5652
6.4929,419,,,0.2834,,,,,,10.1367,r1_measured_03910,read,measured,,,,,2.8526,,ok,0.4534
4.2733,663,,,0.7771,,,,,,14.622,r1_measured_03911,read,measured,,,,,9.1398,,ok,0.3626
5.6487,419,,,0.274,,,,,,8.4745,r1_measured_03912,read,measured,,,,,2.1303,,ok,0.3659
8.3756,681,,,1.0063,,,,,,12.7514,r1_measured_03913,read,measured,,,,,2.7126,,ok,0.581
8.3932,689,,,1.5552,,,,,,12.5151,r1_measured_03914,read,measured,,,,,2.0814,,ok,0.4079
11.989,679,,,2.2054,,,,,,23.9999,r1_measured_03915,read,measured,,,,,9.3271,,ok,0.4021
10.0131,681,,,0.8888,,,,,,18.207,r1_measured_03916,read,measured,,,,,6.8177,,ok,0.4038
236.6892,663,22.5109,3.9754,0.8927,150.7151,1,3.9737,1,24.199,240.1959,r1_measured_03917,update,measured,20.2236,3.5067,1,2.9977,2.1069,36.2665,ok,0.4209
6.025,419,,,0.3831,,,,,,9.4567,r1_measured_03918,read,measured,,,,,2.5395,,ok,0.4392
8.49,680,,,0.597,,,,,,17.5099,r1_measured_03919,read,measured,,,,,7.967,,ok,0.3794
6.5086,509,,,0.9874,,,,,,12.4265,r1_measured_03920,read,measured,,,,,4.4676,,ok,0.3906
9.3957,689,,,1.3187,,,,,,35.1625,r1_measured_03921,read,measured,,,,,23.935,,ok,0.4241
8.0852,509,,,0.6621,,,,,,42.3304,r1_measured_03922,read,measured,,,,,33.0674,,ok,0.4198
25.2525,680,,,1.0561,,,,,,42.5763,r1_measured_03923,read,measured,,,,,15.811,,ok,0.3767
19.6176,675,,,0.5582,,,,,,43.7995,r1_measured_03924,read,measured,,,,,23.1889,,ok,0.3648
24.0516,629,,,0.8211,,,,,,34.3335,r1_measured_03925,read,measured,,,,,8.9569,,ok,0.4277
14.8624,509,,,1.5235,,,,,,20.9563,r1_measured_03926,read,measured,,,,,4.1619,,ok,0.3505
10.5669,662,,,0.4871,,,,,,18.6462,r1_measured_03927,read,measured,,,,,7.1401,,ok,0.3876
9.6188,567,,,0.7753,,,,,,12.7656,r1_measured_03928,read,measured,,,,,1.9649,,ok,0.3437
6.8197,688,,,1.236,,,,,,11.2035,r1_measured_03929,read,measured,,,,,2.7394,,ok,0.3446
171.7879,674,21.2758,5.276,2.142,6.6361,1,5.274,1,24.711,183.635,r1_measured_03930,update,measured,19.435,11.8471,1,1.9196,9.2592,117.2454,ok,0.3561
6.0622,509,,,0.6654,,,,,,10.8682,r1_measured_03931,read,measured,,,,,3.6639,,ok,0.4128
161.7675,568,20.4983,4.9081,1.4261,5.2375,1,4.9061,1,17.3277,168.7588,r1_measured_03932,update,measured,12.4196,6.9913,1,12.951,5.0654,105.753,ok,0.4222
6.8289,509,,,0.7624,,,,,,17.4339,r1_measured_03933,read,measured,,,,,9.4211,,ok,0.3591
6.2473,675,,,0.5696,,,,,,12.1575,r1_measured_03934,read,measured,,,,,4.9081,,ok,0.3624
6.2287,681,,,64.5472,,,,,,121.2265,r1_measured_03935,read,measured,,,,,50.0262,,ok,0.3368
18.3682,628,,,0.7252,,,,,,122.3582,r1_measured_03936,read,measured,,,,,102.8808,,ok,0.3196
45.5523,675,,,0.6322,,,,,,115.9969,r1_measured_03937,read,measured,,,,,69.3528,,ok,0.387
43.9161,418,,,0.2989,,,,,,112.3956,r1_measured_03938,read,measured,,,,,67.7936,,ok,0.3246
22.8425,675,,,1.0753,,,,,,27.1155,r1_measured_03939,read,measured,,,,,2.5428,,ok,0.5948
130.3527,568,34.2049,20.3448,5.3526,2.0296,1,20.3426,1,50.695,169.6144,r1_measured_03940,update,measured,30.3502,39.2617,1,7.8525,33.4473,35.5707,ok,0.3836
23.1002,689,,,2.3369,,,,,,29.1503,r1_measured_03941,read,measured,,,,,3.1835,,ok,0.4433
13.6066,419,,,0.2732,,,,,,15.0097,r1_measured_03942,read,measured,,,,,0.7144,,ok,0.3144
15.6315,681,,,2.7184,,,,,,22.9,r1_measured_03943,read,measured,,,,,3.519,,ok,0.9069
15.9832,627,,,2.0469,,,,,,28.8513,r1_measured_03944,read,measured,,,,,10.3195,,ok,0.4271
16.7167,568,,,1.2797,,,,,,25.7949,r1_measured_03945,read,measured,,,,,7.4072,,ok,0.3242
13.0797,568,,,1.1231,,,,,,16.9528,r1_measured_03946,read,measured,,,,,2.3108,,ok,0.3602
9.9709,629,,,1.2509,,,,,,17.1388,r1_measured_03947,read,measured,,,,,5.5384,,ok,0.3117
13.3719,675,,,1.4409,,,,,,17.9932,r1_measured_03948,read,measured,,,,,2.6601,,ok,0.4315
12.7518,675,,,1.4259,,,,,,17.804,r1_measured_03949,read,measured,,,,,3.2308,,ok,0.3277
154.0427,567,5.0243,13.506,2.583,22.9215,1,13.5042,1,59.6994,158.1224,r1_measured_03950,update,measured,46.1934,4.0797,1,0.0051,0.983,66.3924,ok,0.4472
23.5536,663,,,1.3333,,,,,,45.4326,r1_measured_03951,read,measured,,,,,20.1028,,ok,0.3624
11.0637,679,,,0.5773,,,,,,46.4227,r1_measured_03952,read,measured,,,,,34.3629,,ok,0.346
9.7474,419,,,0.3385,,,,,,33.2109,r1_measured_03953,read,measured,,,,,22.6937,,ok,0.3676
7.7177,689,,,2.4594,,,,,,38.4413,r1_measured_03954,read,measured,,,,,27.8071,,ok,0.3657
27.8711,674,,,1.3621,,,,,,37.0848,r1_measured_03955,read,measured,,,,,7.3967,,ok,0.3781
26.7664,418,,,0.3567,,,,,,29.1871,r1_measured_03956,read,measured,,,,,1.6572,,ok,0.3465
121.2148,628,9.0342,4.0474,1.4841,9.2546,1,4.045,1,66.876,126.4168,r1_measured_03957,update,measured,62.8286,5.202,1,0.0062,3.2905,36.0438,ok,0.3629
44.6609,369,,,0.2814,,,,,,52.9447,r1_measured_03958,read,measured,,,,,7.5176,,ok,0.4207
42.0967,675,,,23.5792,,,,,,82.9843,r1_measured_03959,read,measured,,,,,16.7473,,ok,0.4668
39.8759,419,,,0.3152,,,,,,44.6374,r1_measured_03960,read,measured,,,,,3.9712,,ok,0.4123
38.4126,689,,,0.7628,,,,,,52.2522,r1_measured_03961,read,measured,,,,,12.5409,,ok,0.4375
36.4162,568,,,0.8342,,,,,,47.0943,r1_measured_03962,read,measured,,,,,9.3523,,ok,0.4097
5.8758,418,,,0.5336,,,,,,10.1519,r1_measured_03963,read,measured,,,,,3.2362,,ok,0.4297
9.673,418,,,0.2819,,,,,,35.6139,r1_measured_03964,read,measured,,,,,25.0664,,ok,0.5293
31.3941,689,,,0.5695,,,,,,49.167,r1_measured_03965,read,measured,,,,,16.7625,,ok,0.3655
33.4046,663,,,0.5179,,,,,,41.9758,r1_measured_03966,read,measured,,,,,7.6106,,ok,0.3708
32.1447,679,,,0.7124,,,,,,38.9885,r1_measured_03967,read,measured,,,,,5.6914,,ok,0.3597
10.8946,680,,,0.588,,,,,,18.484,r1_measured_03968,read,measured,,,,,6.542,,ok,0.3752
212.1525,680,12.0664,6.7867,0.9008,125.5647,1,6.7849,1,31.4296,215.611,r1_measured_03969,update,measured,24.6429,3.4585,1,8.7607,2.1092,34.3311,ok,0.3719
6.2332,369,,,0.3247,,,,,,8.8762,r1_measured_03970,read,measured,,,,,1.8805,,ok,0.3787
21.3409,629,,,8.3028,,,,,,54.7966,r1_measured_03971,read,measured,,,,,24.7267,,ok,0.3496
18.6397,675,,,0.5492,,,,,,24.4949,r1_measured_03972,read,measured,,,,,4.8504,,ok,0.3822
16.2474,680,,,0.6909,,,,,,25.2634,r1_measured_03973,read,measured,,,,,7.8865,,ok,0.3663
14.7832,663,,,0.8515,,,,,,18.551,r1_measured_03974,read,measured,,,,,2.2696,,ok,0.5791
13.5169,663,,,0.9672,,,,,,39.6196,r1_measured_03975,read,measured,,,,,24.6449,,ok,0.4133
37.8434,681,,,2.6653,,,,,,47.8192,r1_measured_03976,read,measured,,,,,6.8945,,ok,0.3464
32.7171,689,,,0.7856,,,,,,37.035,r1_measured_03977,read,measured,,,,,3.0716,,ok,0.3648
32.0985,680,,,0.4931,,,,,,44.6185,r1_measured_03978,read,measured,,,,,11.6157,,ok,0.3444
31.0216,629,,,0.5847,,,,,,36.2712,r1_measured_03979,read,measured,,,,,4.2246,,ok,0.3615
36.8921,679,,,0.8015,,,,,,42.2672,r1_measured_03980,read,measured,,,,,4.1563,,ok,0.3476
19.3321,663,,,1.6524,,,,,,29.0568,r1_measured_03981,read,measured,,,,,7.6607,,ok,0.3464
11.7571,680,,,1.2296,,,,,,17.4606,r1_measured_03982,read,measured,,,,,4.0521,,ok,0.3541
11.9123,679,,,0.8529,,,,,,24.955,r1_measured_03983,read,measured,,,,,11.752,,ok,0.371
12.9597,680,,,1.0434,,,,,,20.3676,r1_measured_03984,read,measured,,,,,5.946,,ok,0.3525
7.7126,681,,,0.9384,,,,,,12.538,r1_measured_03985,read,measured,,,,,3.4599,,ok,0.36
8.4556,509,,,1.3255,,,,,,19.2168,r1_measured_03986,read,measured,,,,,9.0063,,ok,0.3675
7.7307,568,,,0.5732,,,,,,18.9395,r1_measured_03987,read,measured,,,,,10.1996,,ok,0.3691
6.6253,568,,,0.8826,,,,,,15.8014,r1_measured_03988,read,measured,,,,,7.8498,,ok,0.3807
6.4547,689,,,1.6994,,,,,,19.9851,r1_measured_03989,read,measured,,,,,11.3875,,ok,0.3721
5.0792,369,,,0.2922,,,,,,12.4829,r1_measured_03990,read,measured,,,,,6.6722,,ok,0.3853
7.6286,687,,,1.1172,,,,,,11.3152,r1_measured_03991,read,measured,,,,,1.9392,,ok,0.5442
148.3774,419,11.432,4.8803,0.2883,77.3992,1,4.8785,1,29.8329,149.8763,r1_measured_03992,update,measured,24.9526,1.4989,1,4.1977,0.7714,25.5156,ok,0.3776
10.8065,509,,,0.8155,,,,,,17.9466,r1_measured_03993,read,measured,,,,,5.8276,,ok,0.4279
9.716,663,,,0.5782,,,,,,12.9216,r1_measured_03994,read,measured,,,,,2.1877,,ok,0.3684
7.6652,681,,,2.0997,,,,,,17.3587,r1_measured_03995,read,measured,,,,,7.1574,,ok,0.363
7.8256,628,,,0.5715,,,,,,11.7277,r1_measured_03996,read,measured,,,,,2.8801,,ok,0.3848
12.939,418,,,0.2838,,,,,,14.4748,r1_measured_03997,read,measured,,,,,0.8178,,ok,0.3763
14.7844,674,,,0.7556,,,,,,17.3615,r1_measured_03998,read,measured,,,,,1.3809,,ok,0.3608
8.6648,568,,,1.1598,,,,,,12.3255,r1_measured_03999,read,measured,,,,,2.068,,ok,0.3691
11.2333,680,,,0.6955,,,,,,39.1084,r1_measured_04000,read,measured,,,,,26.6936,,ok,0.4038
12.0124,681,,,0.9172,,,,,,30.2548,r1_measured_04001,read,measured,,,,,16.8723,,ok,0.3802
8.0829,627,,,2.9781,,,,,,31.0637,r1_measured_04002,read,measured,,,,,19.5519,,ok,0.376
8.27,418,,,0.293,,,,,,10.2558,r1_measured_04003,read,measured,,,,,1.2616,,ok,0.3776
27.6389,680,,,2.3637,,,,,,35.742,r1_measured_04004,read,measured,,,,,5.3462,,ok,0.3312
26.0033,567,,,0.4286,,,,,,36.3653,r1_measured_04005,read,measured,,,,,9.5466,,ok,0.33
20.7385,629,,,0.8102,,,,,,33.5645,r1_measured_04006,read,measured,,,,,11.6061,,ok,0.3455
8.7128,568,,,0.7773,,,,,,20.4704,r1_measured_04007,read,measured,,,,,10.4047,,ok,0.5089
6.4419,419,,,0.2608,,,,,,8.5545,r1_measured_04008,read,measured,,,,,1.4597,,ok,0.3416
4.8721,509,,,1.3416,,,,,,10.7813,r1_measured_04009,read,measured,,,,,4.1498,,ok,0.3595
4.1838,681,,,0.5833,,,,,,13.9859,r1_measured_04010,read,measured,,,,,8.776,,ok,0.3654
6.4112,418,,,0.2921,,,,,,9.9391,r1_measured_04011,read,measured,,,,,2.5148,,ok,0.6546
7.0009,675,,,2.6509,,,,,,14.8552,r1_measured_04012,read,measured,,,,,4.7743,,ok,0.3603
12.8872,680,,,0.5826,,,,,,26.5613,r1_measured_04013,read,measured,,,,,12.6367,,ok,0.3868
9.9914,675,,,1.1992,,,,,,22.8505,r1_measured_04014,read,measured,,,,,11.2096,,ok,0.3797
9.0625,689,,,1.527,,,,,,17.8313,r1_measured_04015,read,measured,,,,,6.8194,,ok,0.3549
5.3618,509,,,0.4451,,,,,,10.6414,r1_measured_04016,read,measured,,,,,4.4069,,ok,0.3653
6.3172,568,,,0.6512,,,,,,10.8309,r1_measured_04017,read,measured,,,,,3.4532,,ok,0.3481
5.842,419,,,0.2786,,,,,,8.3445,r1_measured_04018,read,measured,,,,,1.8474,,ok,0.3276
6.2313,419,,,0.2918,,,,,,8.4021,r1_measured_04019,read,measured,,,,,1.4532,,ok,0.3711
9.2577,689,,,1.319,,,,,,13.2612,r1_measured_04020,read,measured,,,,,2.2407,,ok,0.3709
7.4293,663,,,0.9077,,,,,,10.7875,r1_measured_04021,read,measured,,,,,2.0064,,ok,0.3743
7.1083,629,,,1.0711,,,,,,20.9623,r1_measured_04022,read,measured,,,,,12.3296,,ok,0.3823
11.6722,629,,,1.7097,,,,,,21.5218,r1_measured_04023,read,measured,,,,,7.712,,ok,0.3615
9.4712,674,,,0.7315,,,,,,13.4408,r1_measured_04024,read,measured,,,,,2.781,,ok,0.3791
8.2703,418,,,1.3448,,,,,,12.6968,r1_measured_04025,read,measured,,,,,2.6305,,ok,0.3801
9.9347,627,,,1.4646,,,,,,21.1248,r1_measured_04026,read,measured,,,,,9.3042,,ok,0.3548
8.729,368,,,0.3271,,,,,,12.1463,r1_measured_04027,read,measured,,,,,2.5808,,ok,0.4503
9.3521,629,,,1.3217,,,,,,16.7243,r1_measured_04028,read,measured,,,,,5.6302,,ok,0.3525
8.1473,509,,,0.8483,,,,,,19.986,r1_measured_04029,read,measured,,,,,10.5677,,ok,0.3622
6.1747,689,,,0.6997,,,,,,14.6542,r1_measured_04030,read,measured,,,,,7.3185,,ok,0.3786
11.5807,628,,,0.5279,,,,,,18.1288,r1_measured_04031,read,measured,,,,,5.588,,ok,0.3608
9.9806,688,,,1.1845,,,,,,14.8803,r1_measured_04032,read,measured,,,,,3.2702,,ok,0.3703
9.4331,419,,,0.2667,,,,,,12.0762,r1_measured_04033,read,measured,,,,,1.9526,,ok,0.3701
13.2798,681,,,0.8377,,,,,,23.5478,r1_measured_04034,read,measured,,,,,8.7661,,ok,0.5935
10.9639,680,,,1.7327,,,,,,16.646,r1_measured_04035,read,measured,,,,,3.5094,,ok,0.3725
8.4352,568,,,0.4583,,,,,,11.7405,r1_measured_04036,read,measured,,,,,2.365,,ok,0.4128
13.2074,567,,,0.5121,,,,,,21.3802,r1_measured_04037,read,measured,,,,,7.2005,,ok,0.3953
11.8987,663,,,2.9075,,,,,,16.7873,r1_measured_04038,read,measured,,,,,1.5066,,ok,0.3929
15.4848,681,,,0.9024,,,,,,22.5157,r1_measured_04039,read,measured,,,,,5.6751,,ok,0.38
11.093,418,,,0.2888,,,,,,15.614,r1_measured_04040,read,measured,,,,,3.7923,,ok,0.3787
16.4656,568,,,0.5226,,,,,,18.1416,r1_measured_04041,read,measured,,,,,0.7118,,ok,0.3759
242.0342,675,11.6684,9.7949,1.1128,75.6687,1,9.7927,1,103.0766,250.9464,r1_measured_04042,update,measured,93.2817,8.9122,1,7.2824,7.3622,44.3381,ok,0.3666
12.3181,629,,,0.6671,,,,,,14.4502,r1_measured_04043,read,measured,,,,,0.9947,,ok,0.3801
23.6803,663,,,0.8586,,,,,,26.6501,r1_measured_04044,read,measured,,,,,1.6721,,ok,0.3724
15.1039,419,,,0.2767,,,,,,16.398,r1_measured_04045,read,measured,,,,,0.611,,ok,0.3518
15.5142,418,,,0.2749,,,,,,16.8214,r1_measured_04046,read,measured,,,,,0.6045,,ok,0.3679
18.8637,681,,,63.8163,,,,,,86.6035,r1_measured_04047,read,measured,,,,,3.4639,,ok,0.3791
14.6847,629,,,1.2763,,,,,,19.5223,r1_measured_04048,read,measured,,,,,3.0879,,ok,0.4032
83.2613,663,,,1.4157,,,,,,91.2862,r1_measured_04049,read,measured,,,,,6.0752,,ok,0.4523
79.3363,680,,,3.6138,,,,,,121.0851,r1_measured_04050,read,measured,,,,,37.5936,,ok,0.44
75.4059,689,,,0.837,,,,,,85.4784,r1_measured_04051,read,measured,,,,,8.7429,,ok,0.4151
73.8565,663,,,1.1236,,,,,,78.2649,r1_measured_04052,read,measured,,,,,2.8697,,ok,0.334
74.817,663,,,2.8807,,,,,,102.5075,r1_measured_04053,read,measured,,,,,24.2936,,ok,0.4067
74.3678,509,,,0.703,,,,,,113.6282,r1_measured_04054,read,measured,,,,,37.9342,,ok,0.5204
144.0352,628,11.7717,6.901,0.8517,38.8244,1,6.8995,1,51.1725,156.9182,r1_measured_04055,update,measured,44.2715,12.883,1,9.4586,11.5483,32.808,ok,0.4033
28.5525,509,,,0.8655,,,,,,39.2844,r1_measured_04056,read,measured,,,,,9.2828,,ok,0.5005
26.798,509,,,1.5596,,,,,,37.9131,r1_measured_04057,read,measured,,,,,9.0195,,ok,0.4597
23.4663,369,,,0.2898,,,,,,31.5147,r1_measured_04058,read,measured,,,,,7.2986,,ok,0.3967
15.685,629,,,0.5906,,,,,,56.347,r1_measured_04059,read,measured,,,,,39.5531,,ok,0.3913
9.3049,418,,,0.4963,,,,,,13.0869,r1_measured_04060,read,measured,,,,,2.6601,,ok,0.5466
8.5492,369,,,0.2843,,,,,,13.097,r1_measured_04061,read,measured,,,,,3.7989,,ok,0.3998
7.5023,418,,,0.3023,,,,,,14.6281,r1_measured_04062,read,measured,,,,,6.3371,,ok,0.4165
89.4691,419,4.997,5.5302,0.3089,11.0891,1,5.5281,1,43.3333,93.4536,r1_measured_04063,update,measured,37.8031,3.9845,1,6.9041,3.2301,23.1456,ok,0.3776
10.1661,568,,,0.6097,,,,,,47.4875,r1_measured_04064,read,measured,,,,,36.249,,ok,0.3927
23.0157,418,,,0.303,,,,,,32.9652,r1_measured_04065,read,measured,,,,,9.1804,,ok,0.3997
21.5195,689,,,0.7779,,,,,,34.7144,r1_measured_04066,read,measured,,,,,11.936,,ok,0.3857
24.5756,628,,,1.1225,,,,,,58.4161,r1_measured_04067,read,measured,,,,,23.0889,,ok,0.4077
6.0537,679,,,1.1159,,,,,,33.973,r1_measured_04068,read,measured,,,,,26.3387,,ok,0.3902
26.1991,675,,,0.9091,,,,,,34.1457,r1_measured_04069,read,measured,,,,,6.5885,,ok,0.3749
26.0338,663,,,1.3373,,,,,,30.0562,r1_measured_04070,read,measured,,,,,2.2303,,ok,0.3817
21.2649,675,,,1.4689,,,,,,30.0351,r1_measured_04071,read,measured,,,,,6.8394,,ok,0.3883
25.8565,689,,,0.6318,,,,,,31.1266,r1_measured_04072,read,measured,,,,,4.1999,,ok,0.3626
21.2376,369,,,0.4371,,,,,,25.7519,r1_measured_04073,read,measured,,,,,3.6757,,ok,0.3486
21.6848,680,,,1.6582,,,,,,31.2829,r1_measured_04074,read,measured,,,,,7.4812,,ok,0.3771
180.7209,679,9.3089,9.9994,1.5788,84.896,1,9.9977,1,39.6186,185.4946,r1_measured_04075,update,measured,29.6192,4.7737,1,6.001,2.7207,40.8964,ok,0.3774
17.4206,509,,,1.4609,,,,,,31.6027,r1_measured_04076,read,measured,,,,,12.2953,,ok,0.3589
10.526,568,,,3.6017,,,,,,22.1709,r1_measured_04077,read,measured,,,,,7.5848,,ok,0.3883
14.6616,568,,,0.7692,,,,,,17.7284,r1_measured_04078,read,measured,,,,,1.8052,,ok,0.4085
13.1295,689,,,2.0198,,,,,,19.0132,r1_measured_04079,read,measured,,,,,3.3839,,ok,0.4011
185.2716,680,11.0231,10.6592,0.7338,54.318,0,10.6574,1,57.5451,219.1469,r1_measured_04080,update,measured,46.8859,33.8753,1,5.2368,32.665,57.1486,ok,0.3937
15.0415,509,,,0.5915,,,,,,52.0144,r1_measured_04081,read,measured,,,,,35.8383,,ok,0.4584
13.4635,369,,,0.3151,,,,,,40.9799,r1_measured_04082,read,measured,,,,,26.7384,,ok,0.4028
11.1539,419,,,0.3583,,,,,,32.2658,r1_measured_04083,read,measured,,,,,20.228,,ok,0.4497
7.3475,675,,,0.7062,,,,,,45.8574,r1_measured_04084,read,measured,,,,,37.2073,,ok,0.5013
164.2762,675,12.6495,23.0947,2.1146,43.5749,1,23.0928,1,50.2455,169.1131,r1_measured_04085,update,measured,27.1508,4.8369,1,22.6003,2.2297,35.206,ok,0.4122
30.4159,418,,,0.3514,,,,,,34.2542,r1_measured_04086,read,measured,,,,,2.973,,ok,0.435
20.7992,568,,,2.2525,,,,,,74.3479,r1_measured_04087,read,measured,,,,,50.7953,,ok,0.413
13.3308,680,,,9.3909,,,,,,27.1212,r1_measured_04088,read,measured,,,,,3.8737,,ok,0.4466
7.3628,509,,,0.609,,,,,,63.1504,r1_measured_04089,read,measured,,,,,54.7396,,ok,0.3688
7.568,680,,,0.6458,,,,,,61.4717,r1_measured_04090,read,measured,,,,,52.791,,ok,0.3859
5.3178,663,,,0.5763,,,,,,61.5098,r1_measured_04091,read,measured,,,,,55.1694,,ok,0.3663
33.0375,681,,,0.6445,,,,,,47.0259,r1_measured_04092,read,measured,,,,,12.8601,,ok,0.3945
13.8739,628,,,1.3759,,,,,,23.8682,r1_measured_04093,read,measured,,,,,8.2125,,ok,0.3392
11.2384,509,,,0.9139,,,,,,18.3949,r1_measured_04094,read,measured,,,,,5.8067,,ok,0.3716
9.9171,568,,,0.5467,,,,,,14.8787,r1_measured_04095,read,measured,,,,,3.944,,ok,0.4011
10.4873,663,,,0.9565,,,,,,17.7754,r1_measured_04096,read,measured,,,,,5.8752,,ok,0.3869
7.7083,663,,,1.2655,,,,,,13.4073,r1_measured_04097,read,measured,,,,,4.0096,,ok,0.3548
7.4599,663,,,0.575,,,,,,9.8359,r1_measured_04098,read,measured,,,,,1.3564,,ok,0.3731
10.4458,679,,,1.5662,,,,,,19.3388,r1_measured_04099,read,measured,,,,,6.868,,ok,0.3805
10.5396,680,,,0.5951,,,,,,15.4656,r1_measured_04100,read,measured,,,,,3.9009,,ok,0.3588
7.2863,568,,,1.3784,,,,,,22.1415,r1_measured_04101,read,measured,,,,,12.9953,,ok,0.4082
7.1822,689,,,0.8613,,,,,,14.4294,r1_measured_04102,read,measured,,,,,5.9361,,ok,0.37
5.9663,662,,,1.5941,,,,,,14.4075,r1_measured_04103,read,measured,,,,,6.3795,,ok,0.3901
11.3608,675,,,1.7178,,,,,,20.1529,r1_measured_04104,read,measured,,,,,6.568,,ok,0.4257
9.7827,369,,,0.3022,,,,,,11.7821,r1_measured_04105,read,measured,,,,,1.2522,,ok,0.3908
175.8482,689,12.5605,8.2133,0.545,79.4623,1,8.2118,1,31.0119,190.305,r1_measured_04106,update,measured,22.7986,14.4568,1,6.4571,13.4811,46.3564,ok,0.3637
6.1622,568,,,0.5542,,,,,,15.7504,r1_measured_04107,read,measured,,,,,8.5986,,ok,0.3735
6.805,367,,,0.2462,,,,,,8.7237,r1_measured_04108,read,measured,,,,,1.2602,,ok,0.3597
9.1742,627,,,1.9375,,,,,,15.0901,r1_measured_04109,read,measured,,,,,3.5343,,ok,0.378
9.6627,418,,,0.2786,,,,,,12.4371,r1_measured_04110,read,measured,,,,,2.0514,,ok,0.3887
11.1949,674,,,1.7664,,,,,,15.2799,r1_measured_04111,read,measured,,,,,1.8093,,ok,0.4224
3.3608,369,,,0.2684,,,,,,7.3381,r1_measured_04112,read,measured,,,,,3.2586,,ok,0.3968
14.6957,675,,,0.643,,,,,,55.0774,r1_measured_04113,read,measured,,,,,39.2967,,ok,0.3684
12.3503,675,,,6.3861,,,,,,40.021,r1_measured_04114,read,measured,,,,,20.7511,,ok,0.4302
10.7192,568,,,6.5839,,,,,,20.9694,r1_measured_04115,read,measured,,,,,3.1791,,ok,0.4121
10.198,509,,,0.52,,,,,,47.7182,r1_measured_04116,read,measured,,,,,36.5558,,ok,0.3748
36.1757,681,,,0.7432,,,,,,49.2503,r1_measured_04117,read,measured,,,,,11.3767,,ok,0.8561
32.7828,680,,,1.1272,,,,,,45.2181,r1_measured_04118,read,measured,,,,,10.8387,,ok,0.3927
25.2964,567,,,1.4742,,,,,,42.923,r1_measured_04119,read,measured,,,,,15.7291,,ok,0.3564
8.8855,663,,,0.8891,,,,,,24.0306,r1_measured_04120,read,measured,,,,,13.8057,,ok,0.3756
7.9709,675,,,2.1685,,,,,,21.9362,r1_measured_04121,read,measured,,,,,11.3623,,ok,0.3667
10.499,628,,,0.7989,,,,,,16.3838,r1_measured_04122,read,measured,,,,,4.6536,,ok,0.3654
8.5661,509,,,0.7411,,,,,,19.1442,r1_measured_04123,read,measured,,,,,9.3986,,ok,0.3813
3.7768,419,,,0.2816,,,,,,5.1386,r1_measured_04124,read,measured,,,,,0.6626,,ok,0.3639
11.7786,568,,,1.0838,,,,,,14.8229,r1_measured_04125,read,measured,,,,,1.5337,,ok,0.3648
9.372,689,,,0.5357,,,,,,84.1845,r1_measured_04126,read,measured,,,,,1.0595,,ok,0.3752
9.3571,509,,,1.322,,,,,,15.7076,r1_measured_04127,read,measured,,,,,4.6008,,ok,0.368
8.8275,629,,,0.9207,,,,,,13.7629,r1_measured_04128,read,measured,,,,,3.5536,,ok,0.3861
6.8843,680,,,0.9146,,,,,,17.099,r1_measured_04129,read,measured,,,,,8.8689,,ok,0.3567
6.4656,663,,,1.7576,,,,,,16.6647,r1_measured_04130,read,measured,,,,,8.0156,,ok,0.3581
10.2428,689,,,0.6577,,,,,,20.5025,r1_measured_04131,read,measured,,,,,9.1752,,ok,0.3601
82.7263,663,12.7042,4.1115,0.9251,8.7751,1,4.11,1,20.2803,87.5533,r1_measured_04132,update,measured,16.1688,4.827,1,5.8172,3.452,35.1495,ok,0.3713
7.6637,663,,,0.499,,,,,,17.396,r1_measured_04133,read,measured,,,,,8.8042,,ok,0.3605
7.089,419,,,0.2727,,,,,,9.282,r1_measured_04134,read,measured,,,,,1.5104,,ok,0.3564
5.397,689,,,6.2575,,,,,,39.5898,r1_measured_04135,read,measured,,,,,27.4307,,ok,0.427
6.6121,663,,,17.7271,,,,,,30.8238,r1_measured_04136,read,measured,,,,,5.971,,ok,0.4311
4.0206,419,,,0.3552,,,,,,5.6894,r1_measured_04137,read,measured,,,,,0.9024,,ok,0.3576
5.6087,689,,,0.7758,,,,,,42.3919,r1_measured_04138,read,measured,,,,,35.5712,,ok,0.3642
29.8069,568,,,0.4757,,,,,,37.3503,r1_measured_04139,read,measured,,,,,6.6489,,ok,0.3536
28.648,679,,,0.8826,,,,,,39.7844,r1_measured_04140,read,measured,,,,,9.8234,,ok,0.3588
14.0511,689,,,1.2787,,,,,,20.8845,r1_measured_04141,read,measured,,,,,5.1224,,ok,0.3586
6.081,689,,,0.5411,,,,,,14.9979,r1_measured_04142,read,measured,,,,,7.9566,,ok,0.3505
250.4275,509,8.9104,16.1175,1.4924,171.3325,1,16.1158,1,33.8315,254.4336,r1_measured_04143,update,measured,17.714,4.0061,1,4.8644,2.0827,31.4887,ok,0.3518
15.8037,629,,,4.1747,,,,,,21.6887,r1_measured_04144,read,measured,,,,,1.276,,ok,0.3577
18.2872,680,,,0.5162,,,,,,28.8479,r1_measured_04145,read,measured,,,,,9.6225,,ok,0.3554
17.2016,680,,,0.4917,,,,,,26.4354,r1_measured_04146,read,measured,,,,,8.3296,,ok,0.345
15.1016,663,,,0.481,,,,,,22.4716,r1_measured_04147,read,measured,,,,,6.4714,,ok,0.35
11.3639,674,,,0.6378,,,,,,23.3319,r1_measured_04148,read,measured,,,,,10.9075,,ok,0.3555
6.2492,680,,,4.9573,,,,,,33.749,r1_measured_04149,read,measured,,,,,22.0027,,ok,0.4675
10.5384,663,,,0.5567,,,,,,39.756,r1_measured_04150,read,measured,,,,,28.238,,ok,0.3509
221.0412,418,9.3096,4.4165,0.4029,134.4467,0,4.4149,1,36.5146,223.249,r1_measured_04151,update,measured,32.0981,2.2078,1,5.4198,1.2875,35.3505,ok,0.455
7.0034,681,,,1.3334,,,,,,38.2031,r1_measured_04152,read,measured,,,,,29.4383,,ok,0.36
25.3446,681,,,2.432,,,,,,57.9695,r1_measured_04153,read,measured,,,,,29.5802,,ok,0.5071
30.0563,688,,,1.8236,,,,,,62.3444,r1_measured_04154,read,measured,,,,,29.8726,,ok,0.5095
28.7273,689,,,4.9115,,,,,,55.8494,r1_measured_04155,read,measured,,,,,21.6314,,ok,0.4872
4.379,369,,,0.2483,,,,,,5.8778,r1_measured_04156,read,measured,,,,,0.8283,,ok,0.3601
6.5128,567,,,1.604,,,,,,36.515,r1_measured_04157,read,measured,,,,,27.8697,,ok,0.4532
28.3119,680,,,2.9595,,,,,,38.177,r1_measured_04158,read,measured,,,,,6.3182,,ok,0.4962
24.4112,675,,,1.6269,,,,,,31.4775,r1_measured_04159,read,measured,,,,,4.9072,,ok,0.4442
12.9048,689,,,0.5883,,,,,,31.2004,r1_measured_04160,read,measured,,,,,17.2178,,ok,0.4051
163.1298,568,13.3544,5.8711,1.7153,16.0841,1,5.8691,1,20.7849,170.1299,r1_measured_04161,update,measured,14.9138,7.0001,1,12.2514,4.8607,100.655,ok,0.3606
6.9903,675,,,1.717,,,,,,19.5356,r1_measured_04162,read,measured,,,,,10.2401,,ok,0.496
8.2563,418,,,0.3235,,,,,,10.2995,r1_measured_04163,read,measured,,,,,1.1994,,ok,0.4533
6.7202,689,,,1.3114,,,,,,14.495,r1_measured_04164,read,measured,,,,,5.9258,,ok,0.4483
6.667,689,,,0.7669,,,,,,14.7213,r1_measured_04165,read,measured,,,,,6.7522,,ok,0.4514
7.437,689,,,0.6789,,,,,,13.8503,r1_measured_04166,read,measured,,,,,5.2263,,ok,0.4279
19.1422,689,,,0.6988,,,,,,106.1754,r1_measured_04167,read,measured,,,,,85.9023,,ok,0.3446
24.7275,689,,,4.1465,,,,,,115.5955,r1_measured_04168,read,measured,,,,,86.0477,,ok,0.5946
98.4939,663,,,3.0056,,,,,,110.4471,r1_measured_04169,read,measured,,,,,8.1176,,ok,0.7209
98.6894,680,,,5.0488,,,,,,111.5115,r1_measured_04170,read,measured,,,,,7.2843,,ok,0.4096
100.5614,663,,,0.5722,,,,,,112.0804,r1_measured_04171,read,measured,,,,,10.378,,ok,0.4968
10.747,681,,,0.5708,,,,,,16.4215,r1_measured_04172,read,measured,,,,,4.6265,,ok,0.3992
103.5441,368,14.833,17.35,0.2995,8.0033,1,17.3481,1,47.6379,117.3523,r1_measured_04173,update,measured,30.2879,13.8082,1,11.9447,13.0679,21.1252,ok,0.378
22.8256,674,,,2.2807,,,,,,31.0397,r1_measured_04174,read,measured,,,,,5.5257,,ok,0.3356
125.9118,419,39.8239,14.6441,0.2561,9.8557,1,14.6425,1,34.2683,128.0793,r1_measured_04175,update,measured,19.6242,2.1675,1,0.005,1.5242,41.9589,ok,0.3378
20.9643,663,,,1.3348,,,,,,25.4536,r1_measured_04176,read,measured,,,,,2.7099,,ok,0.3787
16.669,689,,,0.5438,,,,,,21.081,r1_measured_04177,read,measured,,,,,3.444,,ok,0.357
12.4284,568,,,0.5361,,,,,,14.3325,r1_measured_04178,read,measured,,,,,0.6282,,ok,0.6511
226.3739,629,9.0927,9.9343,1.6973,113.899,1,9.9324,1,51.556,236.713,r1_measured_04179,update,measured,41.6217,10.3391,1,18.5762,8.2428,33.25,ok,0.3358
30.5767,675,,,0.8182,,,,,,49.6732,r1_measured_04180,read,measured,,,,,17.7464,,ok,0.445
27.9372,680,,,0.5566,,,,,,52.5014,r1_measured_04181,read,measured,,,,,23.4655,,ok,0.4536
26.7088,628,,,0.9269,,,,,,49.876,r1_measured_04182,read,measured,,,,,21.7005,,ok,0.4549
25.582,629,,,0.7173,,,,,,52.599,r1_measured_04183,read,measured,,,,,25.836,,ok,0.387
35.9318,509,,,1.2505,,,,,,50.2336,r1_measured_04184,read,measured,,,,,12.6053,,ok,0.3746
43.5215,629,,,0.5711,,,,,,48.6865,r1_measured_04185,read,measured,,,,,4.099,,ok,0.4152
39.8355,568,,,0.5417,,,,,,43.4037,r1_measured_04186,read,measured,,,,,2.5148,,ok,0.4434
38.5881,663,,,0.8806,,,,,,52.8963,r1_measured_04187,read,measured,,,,,13.0377,,ok,0.3295
36.0592,509,,,1.2068,,,,,,49.0946,r1_measured_04188,read,measured,,,,,11.3273,,ok,0.4371
36.1072,663,,,1.6547,,,,,,45.941,r1_measured_04189,read,measured,,,,,7.7724,,ok,0.3392
11.0851,680,,,1.4274,,,,,,21.8082,r1_measured_04190,read,measured,,,,,8.8961,,ok,0.3238
9.3434,663,,,0.8892,,,,,,13.2199,r1_measured_04191,read,measured,,,,,2.4748,,ok,0.4545
8.3906,369,,,0.218,,,,,,13.211,r1_measured_04192,read,measured,,,,,4.2317,,ok,0.3257
11.203,680,,,1.5742,,,,,,23.5495,r1_measured_04193,read,measured,,,,,10.3695,,ok,0.3372
9.7691,680,,,1.3173,,,,,,21.5378,r1_measured_04194,read,measured,,,,,9.9791,,ok,0.3994
7.2267,629,,,0.535,,,,,,11.7647,r1_measured_04195,read,measured,,,,,3.5762,,ok,0.345
5.7112,369,,,0.2126,,,,,,7.3436,r1_measured_04196,read,measured,,,,,0.9942,,ok,0.376
6.0791,369,,,0.2782,,,,,,9.0359,r1_measured_04197,read,measured,,,,,2.2668,,ok,0.3588
10.8993,681,,,1.0439,,,,,,19.5493,r1_measured_04198,read,measured,,,,,7.207,,ok,0.3307
9.5888,689,,,1.8305,,,,,,19.792,r1_measured_04199,read,measured,,,,,7.986,,ok,0.3176
6.7523,679,,,1.4576,,,,,,17.4105,r1_measured_04200,read,measured,,,,,8.7948,,ok,0.3249
9.9061,509,,,1.2708,,,,,,20.1695,r1_measured_04201,read,measured,,,,,8.5748,,ok,0.3598
8.263,508,,,1.0944,,,,,,14.4146,r1_measured_04202,read,measured,,,,,4.6138,,ok,0.3411
9.3685,663,,,0.8461,,,,,,11.8124,r1_measured_04203,read,measured,,,,,1.212,,ok,0.326
8.5945,568,,,1.9199,,,,,,14.6697,r1_measured_04204,read,measured,,,,,3.7345,,ok,0.359
11.8209,419,,,0.2584,,,,,,14.6423,r1_measured_04205,read,measured,,,,,2.0755,,ok,0.4285
9.4785,627,,,1.6767,,,,,,17.9436,r1_measured_04206,read,measured,,,,,6.3715,,ok,0.3477
9.1158,675,,,1.3309,,,,,,22.1019,r1_measured_04207,read,measured,,,,,11.247,,ok,0.341
7.9521,629,,,1.1738,,,,,,18.1427,r1_measured_04208,read,measured,,,,,8.6158,,ok,0.3372
86.2406,628,10.0678,5.9448,1.4307,7.036,0,5.9432,1,28.6742,91.7396,r1_measured_04209,update,measured,22.7294,5.499,1,6.5861,3.6577,33.8765,ok,0.3402
5.8835,369,,,0.2658,,,,,,10.6991,r1_measured_04210,read,measured,,,,,4.1592,,ok,0.3363
5.4846,663,,,0.8898,,,,,,15.9113,r1_measured_04211,read,measured,,,,,9.1206,,ok,0.3502
6.8539,663,,,1.2778,,,,,,12.6143,r1_measured_04212,read,measured,,,,,4.0785,,ok,0.3379
11.3693,568,,,1.1168,,,,,,16.3692,r1_measured_04213,read,measured,,,,,3.4834,,ok,0.34
9.7352,681,,,0.5063,,,,,,13.0185,r1_measured_04214,read,measured,,,,,2.3312,,ok,0.3677
8.9031,681,,,0.7106,,,,,,12.6081,r1_measured_04215,read,measured,,,,,2.6,,ok,0.3265
11.0389,509,,,0.4132,,,,,,12.6213,r1_measured_04216,read,measured,,,,,0.783,,ok,0.3323
11.6923,663,,,0.7118,,,,,,14.3722,r1_measured_04217,read,measured,,,,,1.5736,,ok,0.3334
11.0753,679,,,1.1027,,,,,,14.2802,r1_measured_04218,read,measured,,,,,1.7069,,ok,0.3325
26.7002,675,,,1.0334,,,,,,46.007,r1_measured_04219,read,measured,,,,,17.6873,,ok,0.5139
31.0292,689,,,0.6021,,,,,,39.4303,r1_measured_04220,read,measured,,,,,7.3326,,ok,0.3772
29.6432,680,,,1.4654,,,,,,44.4803,r1_measured_04221,read,measured,,,,,12.919,,ok,0.3792
22.15,663,,,0.5973,,,,,,34.5846,r1_measured_04222,read,measured,,,,,11.3641,,ok,0.3917
25.6242,629,,,0.6838,,,,,,34.4504,r1_measured_04223,read,measured,,,,,7.6888,,ok,0.3806
28.0306,508,,,0.4922,,,,,,38.7814,r1_measured_04224,read,measured,,,,,9.8515,,ok,0.3362
19.2959,567,,,0.8951,,,,,,28.755,r1_measured_04225,read,measured,,,,,8.1544,,ok,0.338
13.9371,568,,,0.8028,,,,,,21.2889,r1_measured_04226,read,measured,,,,,6.1421,,ok,0.3422
10.996,509,,,1.2756,,,,,,27.2581,r1_measured_04227,read,measured,,,,,14.5973,,ok,0.3308
12.0465,629,,,0.6297,,,,,,25.7761,r1_measured_04228,read,measured,,,,,12.6546,,ok,0.3695
11.4534,628,,,0.5956,,,,,,27.154,r1_measured_04229,read,measured,,,,,14.6138,,ok,0.4105
11.4281,688,,,0.8179,,,,,,17.0932,r1_measured_04230,read,measured,,,,,4.3548,,ok,0.4193
12.7537,675,,,2.1205,,,,,,19.4375,r1_measured_04231,read,measured,,,,,4.1458,,ok,0.3493
7.1735,509,,,1.257,,,,,,13.3764,r1_measured_04232,read,measured,,,,,4.474,,ok,0.406
9.2008,679,,,0.7556,,,,,,11.4663,r1_measured_04233,read,measured,,,,,1.0862,,ok,0.3549
13.765,509,,,2.3312,,,,,,23.9552,r1_measured_04234,read,measured,,,,,7.4307,,ok,0.3717
12.5985,368,,,0.2285,,,,,,15.369,r1_measured_04235,read,measured,,,,,2.1494,,ok,0.3435
12.1717,663,,,4.6163,,,,,,21.0611,r1_measured_04236,read,measured,,,,,3.85,,ok,0.3527
11.5274,629,,,2.0644,,,,,,25.4289,r1_measured_04237,read,measured,,,,,11.3412,,ok,0.4151
8.737,509,,,0.9695,,,,,,13.047,r1_measured_04238,read,measured,,,,,2.9234,,ok,0.3601
12.4659,419,,,0.3441,,,,,,15.9807,r1_measured_04239,read,measured,,,,,2.7348,,ok,0.3751
10.9217,675,,,0.5966,,,,,,24.3263,r1_measured_04240,read,measured,,,,,12.3531,,ok,0.3827
8.0504,679,,,1.4738,,,,,,24.4815,r1_measured_04241,read,measured,,,,,14.5048,,ok,0.381
11.1407,509,,,0.487,,,,,,23.1022,r1_measured_04242,read,measured,,,,,11.0007,,ok,0.4009
10.3123,675,,,0.5403,,,,,,25.2358,r1_measured_04243,read,measured,,,,,13.9264,,ok,0.3785
7.1916,509,,,0.8078,,,,,,18.5699,r1_measured_04244,read,measured,,,,,10.0358,,ok,0.4592
8.6712,681,,,1.2606,,,,,,13.201,r1_measured_04245,read,measured,,,,,2.7975,,ok,0.392
6.6913,663,,,1.3765,,,,,,17.165,r1_measured_04246,read,measured,,,,,8.6532,,ok,0.3689
19.9592,689,,,1.1414,,,,,,30.6353,r1_measured_04247,read,measured,,,,,8.8243,,ok,0.6334
19.0701,689,,,1.3168,,,,,,30.13,r1_measured_04248,read,measured,,,,,9.2998,,ok,0.3744
16.1542,663,,,1.5752,,,,,,28.6361,r1_measured_04249,read,measured,,,,,10.4504,,ok,0.3833
15.4976,663,,,1.6348,,,,,,31.7852,r1_measured_04250,read,measured,,,,,14.2205,,ok,0.3647
14.1838,680,,,1.4467,,,,,,22.3608,r1_measured_04251,read,measured,,,,,6.2913,,ok,0.3656
13.5269,419,,,0.3146,,,,,,15.4429,r1_measured_04252,read,measured,,,,,1.1559,,ok,0.3749
10.3729,509,,,2.4075,,,,,,18.58,r1_measured_04253,read,measured,,,,,5.3639,,ok,0.3727
10.5924,568,,,0.4973,,,,,,23.2141,r1_measured_04254,read,measured,,,,,11.6826,,ok,0.3729
12.8386,675,,,1.3054,,,,,,17.9452,r1_measured_04255,read,measured,,,,,3.3714,,ok,0.3625
259.2466,419,36.7333,4.2757,0.3521,153.9936,0,4.2736,1,22.5339,263.8859,r1_measured_04256,update,measured,18.2582,4.6393,1,4.9101,3.7994,41.0757,ok,0.4174
9.0488,663,,,1.0137,,,,,,12.9724,r1_measured_04257,read,measured,,,,,2.4735,,ok,0.3661
8.3377,674,,,1.9354,,,,,,15.9275,r1_measured_04258,read,measured,,,,,5.2298,,ok,0.358
13.5805,663,,,1.8405,,,,,,43.0382,r1_measured_04259,read,measured,,,,,27.1316,,ok,0.4147
213.1208,369,4.7067,6.5393,0.2545,148.082,1,6.5373,1,32.4705,214.6718,r1_measured_04260,update,measured,25.9312,1.551,1,9.8274,0.8517,18.0342,ok,0.386
11.642,680,,,1.4033,,,,,,18.6767,r1_measured_04261,read,measured,,,,,5.1664,,ok,0.3894
8.8547,568,,,0.8601,,,,,,11.9983,r1_measured_04262,read,measured,,,,,1.8145,,ok,0.4011
9.1832,663,,,1.0116,,,,,,32.3496,r1_measured_04263,read,measured,,,,,21.6657,,ok,0.4142
243.9857,688,35.2302,6.8547,1.434,62.4386,0,6.8532,1,50.0091,256.1016,r1_measured_04264,update,measured,43.1544,12.1159,1,5.8536,10.2396,90.4542,ok,0.3688
8.0469,681,,,0.6063,,,,,,51.8229,r1_measured_04265,read,measured,,,,,42.7193,,ok,0.3679
22.4787,680,,,81.0757,,,,,,130.4238,r1_measured_04266,read,measured,,,,,26.4001,,ok,0.3882
37.0471,509,,,64.9223,,,,,,125.3157,r1_measured_04267,read,measured,,,,,22.8995,,ok,0.3684
20.474,663,,,2.1253,,,,,,111.6039,r1_measured_04268,read,measured,,,,,88.5928,,ok,0.324
20.3871,629,,,1.557,,,,,,114.3591,r1_measured_04269,read,measured,,,,,91.9981,,ok,0.3254
85.1634,509,,,0.6941,,,,,,90.9994,r1_measured_04270,read,measured,,,,,4.7658,,ok,0.3089
12.1358,687,,,1.5304,,,,,,17.1763,r1_measured_04271,read,measured,,,,,2.5705,,ok,0.8615
11.5171,509,,,1.0513,,,,,,14.5717,r1_measured_04272,read,measured,,,,,1.5617,,ok,0.3614
11.98,679,,,1.4657,,,,,,17.6292,r1_measured_04273,read,measured,,,,,3.7475,,ok,0.3651
9.8827,629,,,1.5602,,,,,,18.9045,r1_measured_04274,read,measured,,,,,6.986,,ok,0.4049
8.2754,663,,,0.5784,,,,,,11.04,r1_measured_04275,read,measured,,,,,1.6708,,ok,0.4404
9.4811,675,,,0.6669,,,,,,17.0497,r1_measured_04276,read,measured,,,,,6.2669,,ok,0.5411
7.4853,681,,,0.8647,,,,,,10.3974,r1_measured_04277,read,measured,,,,,1.4075,,ok,0.5146
8.6589,629,,,1.6687,,,,,,17.5001,r1_measured_04278,read,measured,,,,,6.7199,,ok,0.3805
8.4169,509,,,0.6475,,,,,,12.3559,r1_measured_04279,read,measured,,,,,2.8175,,ok,0.3934
7.1537,681,,,1.4459,,,,,,15.8697,r1_measured_04280,read,measured,,,,,6.7055,,ok,0.4621
9.9864,681,,,1.0554,,,,,,13.9088,r1_measured_04281,read,measured,,,,,2.4159,,ok,0.3773
7.4316,628,,,1.7946,,,,,,16.9068,r1_measured_04282,read,measured,,,,,7.0977,,ok,0.4936
8.3224,680,,,1.2191,,,,,,11.3319,r1_measured_04283,read,measured,,,,,1.2885,,ok,0.4068
6.1775,689,,,1.4037,,,,,,21.9602,r1_measured_04284,read,measured,,,,,13.9063,,ok,0.3842
8.8926,419,,,0.2924,,,,,,12.4186,r1_measured_04285,read,measured,,,,,2.8142,,ok,0.3638
7.437,629,,,0.7054,,,,,,10.2509,r1_measured_04286,read,measured,,,,,1.6478,,ok,0.3903
7.7706,680,,,0.8849,,,,,,10.6416,r1_measured_04287,read,measured,,,,,1.5307,,ok,0.3805
129.5271,680,12.5106,6.2268,1.1676,53.3505,1,6.2247,1,28.4286,134.5768,r1_measured_04288,update,measured,22.2018,5.0497,1,0.0066,3.2061,35.2308,ok,0.6061
8.0984,567,,,1.6697,,,,,,12.9346,r1_measured_04289,read,measured,,,,,2.6983,,ok,0.392
7.2126,628,,,0.9042,,,,,,10.6281,r1_measured_04290,read,measured,,,,,1.9464,,ok,0.4841
36.0416,680,,,1.1497,,,,,,51.8797,r1_measured_04291,read,measured,,,,,14.1697,,ok,0.4194
118.2881,568,13.555,6.2439,0.4896,7.6137,1,6.2424,1,54.8759,125.109,r1_measured_04292,update,measured,48.632,6.8209,1,7.4641,5.9126,34.7794,ok,0.3557
12.096,679,,,0.6382,,,,,,50.2383,r1_measured_04293,read,measured,,,,,37.0478,,ok,0.3728
27.5695,681,,,0.9198,,,,,,47.4683,r1_measured_04294,read,measured,,,,,18.4954,,ok,0.3928
38.0086,689,,,0.9987,,,,,,49.7364,r1_measured_04295,read,measured,,,,,10.2825,,ok,0.3756
11.3805,680,,,0.5061,,,,,,44.1992,r1_measured_04296,read,measured,,,,,31.8761,,ok,0.3526
10.7295,509,,,1.2018,,,,,,45.2346,r1_measured_04297,read,measured,,,,,32.9056,,ok,0.3363
7.6533,629,,,1.0232,,,,,,38.2552,r1_measured_04298,read,measured,,,,,28.9676,,ok,0.4998
6.6048,680,,,1.6091,,,,,,37.6758,r1_measured_04299,read,measured,,,,,29.0204,,ok,0.3499
27.8344,681,,,0.5303,,,,,,41.2466,r1_measured_04300,read,measured,,,,,12.4627,,ok,0.3476
29.5543,681,,,0.7725,,,,,,36.7252,r1_measured_04301,read,measured,,,,,5.9639,,ok,0.3545
17.3801,681,,,0.604,,,,,,28.9874,r1_measured_04302,read,measured,,,,,10.5939,,ok,0.3366
8.6489,418,,,0.2561,,,,,,9.924,r1_measured_04303,read,measured,,,,,0.6354,,ok,0.3302
10.0203,509,,,2.2044,,,,,,14.6876,r1_measured_04304,read,measured,,,,,2.0037,,ok,0.3817
11.9448,689,,,0.5452,,,,,,18.9488,r1_measured_04305,read,measured,,,,,6.046,,ok,0.3397
12.6441,675,,,2.1625,,,,,,21.3625,r1_measured_04306,read,measured,,,,,6.1415,,ok,0.3464
174.0766,629,26.5966,8.5832,1.1918,72.4973,1,8.5808,1,31.1739,204.4076,r1_measured_04307,update,measured,22.5907,30.331,1,7.2131,28.7308,36.5957,ok,0.3319
7.8163,679,,,0.6163,,,,,,10.5461,r1_measured_04308,read,measured,,,,,1.6897,,ok,0.34
9.6776,675,,,1.8881,,,,,,15.5554,r1_measured_04309,read,measured,,,,,3.4769,,ok,0.4347
15.1682,689,,,1.2461,,,,,,23.5874,r1_measured_04310,read,measured,,,,,6.7559,,ok,0.3503
12.9805,629,,,2.5949,,,,,,58.6254,r1_measured_04311,read,measured,,,,,42.6154,,ok,0.3629
9.5166,568,,,0.9415,,,,,,17.8614,r1_measured_04312,read,measured,,,,,6.9222,,ok,0.4107
7.4588,680,,,0.9426,,,,,,10.7845,r1_measured_04313,read,measured,,,,,1.9616,,ok,0.3553
9.9231,509,,,1.2957,,,,,,46.2841,r1_measured_04314,read,measured,,,,,34.6355,,ok,0.3658
9.3988,509,,,2.0809,,,,,,38.8036,r1_measured_04315,read,measured,,,,,26.8829,,ok,0.379
7.2626,688,,,0.8302,,,,,,29.0938,r1_measured_04316,read,measured,,,,,20.5122,,ok,0.3981
21.0297,568,,,0.8613,,,,,,37.4115,r1_measured_04317,read,measured,,,,,15.0964,,ok,0.3506
25.9824,509,,,0.7254,,,,,,40.2851,r1_measured_04318,read,measured,,,,,13.1784,,ok,0.3378
25.3661,680,,,1.1556,,,,,,40.3155,r1_measured_04319,read,measured,,,,,13.3455,,ok,0.3562
11.5439,419,,,0.31,,,,,,17.58,r1_measured_04320,read,measured,,,,,5.2947,,ok,0.3734
7.8878,681,,,0.6942,,,,,,15.6027,r1_measured_04321,read,measured,,,,,6.5431,,ok,0.3944
10.8835,680,,,0.6023,,,,,,13.0818,r1_measured_04322,read,measured,,,,,1.1385,,ok,0.3755
15.3967,679,,,5.2068,,,,,,45.8686,r1_measured_04323,read,measured,,,,,24.7717,,ok,0.4202
10.7186,368,,,0.3571,,,,,,12.3407,r1_measured_04324,read,measured,,,,,0.8374,,ok,0.3662
140.6136,419,5.9785,9.6198,0.3066,76.6681,0,9.6179,1,25.8343,142.2727,r1_measured_04325,update,measured,16.2145,1.6591,1,0.0054,0.8551,32.1273,ok,0.4335
11.1553,419,,,0.2819,,,,,,14.1026,r1_measured_04326,read,measured,,,,,2.2385,,ok,0.3632
10.9426,689,,,0.5444,,,,,,19.2163,r1_measured_04327,read,measured,,,,,7.3153,,ok,0.3436
8.7444,689,,,2.098,,,,,,12.3206,r1_measured_04328,read,measured,,,,,1.0376,,ok,0.3635
9.5337,568,,,0.5231,,,,,,12.7109,r1_measured_04329,read,measured,,,,,2.2374,,ok,0.3535
7.6031,629,,,11.2802,,,,,,25.8861,r1_measured_04330,read,measured,,,,,6.5839,,ok,0.3501
7.231,675,,,1.6305,,,,,,35.9585,r1_measured_04331,read,measured,,,,,26.689,,ok,0.3401
6.7114,675,,,0.8594,,,,,,30.8915,r1_measured_04332,read,measured,,,,,22.8767,,ok,0.3726
22.4723,680,,,0.9,,,,,,42.4883,r1_measured_04333,read,measured,,,,,18.6894,,ok,0.3566
21.1742,663,,,2.0362,,,,,,28.85,r1_measured_04334,read,measured,,,,,5.1798,,ok,0.3864
10.1842,419,,,0.2716,,,,,,16.632,r1_measured_04335,read,measured,,,,,5.777,,ok,0.341
7.9785,679,,,0.6109,,,,,,19.7801,r1_measured_04336,read,measured,,,,,10.7258,,ok,0.3492
6.3388,568,,,1.1482,,,,,,17.6686,r1_measured_04337,read,measured,,,,,9.7603,,ok,0.3607
110.1166,675,24.9598,5.4914,0.7801,10.4765,1,5.4897,1,17.8254,125.3184,r1_measured_04338,update,measured,12.334,15.2018,1,3.9631,13.9642,52.8918,ok,0.3819
6.1913,568,,,0.6958,,,,,,12.6423,r1_measured_04339,read,measured,,,,,5.3466,,ok,0.346
5.6004,675,,,1.4727,,,,,,14.7977,r1_measured_04340,read,measured,,,,,7.3008,,ok,0.3546
5.9151,689,,,1.3829,,,,,,10.5708,r1_measured_04341,read,measured,,,,,2.8212,,ok,0.3816
9.2878,629,,,0.6867,,,,,,60.1466,r1_measured_04342,read,measured,,,,,49.7202,,ok,0.3722
24.4338,675,,,1.1713,,,,,,64.0283,r1_measured_04343,read,measured,,,,,38.0104,,ok,0.3378
136.4511,681,17.4467,5.1151,2.4405,5.1005,1,5.1137,1,56.5861,155.949,r1_measured_04344,update,measured,51.471,19.4979,1,25.9602,16.6529,31.3576,ok,0.3414
93.3811,688,24.9583,1.3187,1.2382,8.8887,1,1.3169,1,32.4789,113.6364,r1_measured_04345,update,measured,31.1602,20.2553,1,0.0056,18.6051,27.0496,ok,0.3481
27.8272,688,,,0.5186,,,,,,59.7449,r1_measured_04346,read,measured,,,,,30.9871,,ok,0.3398
143.9217,369,7.7982,15.067,0.2316,45.0833,0,15.0653,1,69.1568,145.1563,r1_measured_04347,update,measured,54.0898,1.2346,1,0.0123,0.6058,21.8711,ok,0.3456
19.1436,680,,,2.0176,,,,,,52.0569,r1_measured_04348,read,measured,,,,,30.4628,,ok,0.3644
30.8149,681,,,1.6904,,,,,,44.7182,r1_measured_04349,read,measured,,,,,11.7861,,ok,0.3601
16.1174,509,,,0.4241,,,,,,42.0383,r1_measured_04350,read,measured,,,,,25.0514,,ok,0.3844
27.0662,509,,,0.9152,,,,,,37.5554,r1_measured_04351,read,measured,,,,,9.1356,,ok,0.3692
18.5319,675,,,1.1121,,,,,,38.7901,r1_measured_04352,read,measured,,,,,18.7107,,ok,0.3568
11.9801,629,,,2.212,,,,,,16.8363,r1_measured_04353,read,measured,,,,,2.2012,,ok,0.37
9.676,419,,,0.2918,,,,,,11.5668,r1_measured_04354,read,measured,,,,,1.1834,,ok,0.3603
12.2567,680,,,1.6111,,,,,,37.8727,r1_measured_04355,read,measured,,,,,23.5808,,ok,0.3503
16.9679,663,,,1.3582,,,,,,32.4959,r1_measured_04356,read,measured,,,,,13.6947,,ok,0.3983
10.0718,663,,,1.2497,,,,,,36.1608,r1_measured_04357,read,measured,,,,,24.402,,ok,0.3688
18.1497,368,,,0.2579,,,,,,21.3681,r1_measured_04358,read,measured,,,,,2.532,,ok,0.3696
14.6362,509,,,0.6976,,,,,,24.4395,r1_measured_04359,read,measured,,,,,8.6974,,ok,0.3504
11.2561,675,,,0.5885,,,,,,22.5492,r1_measured_04360,read,measured,,,,,10.2773,,ok,0.3606
7.7139,628,,,0.5598,,,,,,17.9422,r1_measured_04361,read,measured,,,,,9.2476,,ok,0.3566
7.0137,680,,,0.4943,,,,,,11.5353,r1_measured_04362,read,measured,,,,,3.6165,,ok,0.3454
7.5202,568,,,1.5738,,,,,,12.0106,r1_measured_04363,read,measured,,,,,2.4904,,ok,0.3618
10.8614,663,,,0.5337,,,,,,21.8351,r1_measured_04364,read,measured,,,,,10.0157,,ok,0.3558
10.2638,629,,,0.5464,,,,,,15.7049,r1_measured_04365,read,measured,,,,,4.4792,,ok,0.351
7.0986,689,,,0.5931,,,,,,15.584,r1_measured_04366,read,measured,,,,,7.4748,,ok,0.3489
10.5545,568,,,1.6472,,,,,,16.8852,r1_measured_04367,read,measured,,,,,4.2293,,ok,0.3843
7.2648,568,,,0.8404,,,,,,16.6754,r1_measured_04368,read,measured,,,,,8.0912,,ok,0.4113
11.7143,689,,,0.5642,,,,,,19.6868,r1_measured_04369,read,measured,,,,,6.986,,ok,0.3485
10.681,629,,,1.3895,,,,,,16.4632,r1_measured_04370,read,measured,,,,,3.9842,,ok,0.3435
8.7482,629,,,0.7989,,,,,,13.9475,r1_measured_04371,read,measured,,,,,3.808,,ok,0.5249
209.5252,629,11.5652,8.0938,1.8837,51.2166,0,8.092,1,107.7568,215.4643,r1_measured_04372,update,measured,99.663,5.9391,1,4.5548,3.596,34.4318,ok,0.3816
13.0461,680,,,0.9517,,,,,,16.6446,r1_measured_04373,read,measured,,,,,2.1651,,ok,0.3991
9.8344,629,,,0.4998,,,,,,16.0608,r1_measured_04374,read,measured,,,,,5.3063,,ok,0.3517
7.8116,629,,,1.2952,,,,,,11.9823,r1_measured_04375,read,measured,,,,,2.4098,,ok,0.3899
17.2477,680,,,0.4962,,,,,,22.2398,r1_measured_04376,read,measured,,,,,4.0649,,ok,0.3654
15.2862,675,,,0.8562,,,,,,18.4396,r1_measured_04377,read,measured,,,,,1.874,,ok,0.3561
8.885,419,,,0.298,,,,,,10.4838,r1_measured_04378,read,measured,,,,,0.8808,,ok,0.3657
88.8393,689,,,2.3744,,,,,,124.9224,r1_measured_04379,read,measured,,,,,33.2671,,ok,0.3686
87.7012,680,,,1.4839,,,,,,114.7258,r1_measured_04380,read,measured,,,,,25.0688,,ok,0.3969
19.5311,689,,,0.9129,,,,,,105.4706,r1_measured_04381,read,measured,,,,,84.5744,,ok,0.37
82.6107,629,,,0.89,,,,,,87.8812,r1_measured_04382,read,measured,,,,,3.8417,,ok,0.4678
81.7099,567,,,1.4498,,,,,,109.5455,r1_measured_04383,read,measured,,,,,25.9546,,ok,0.3685
80.7329,509,,,0.7778,,,,,,107.022,r1_measured_04384,read,measured,,,,,25.0727,,ok,0.3708
77.3407,674,,,1.294,,,,,,108.8055,r1_measured_04385,read,measured,,,,,29.733,,ok,0.3718
21.6803,681,,,0.5485,,,,,,34.7358,r1_measured_04386,read,measured,,,,,12.0937,,ok,0.3461
17.3468,509,,,0.6462,,,,,,21.2816,r1_measured_04387,read,measured,,,,,2.8516,,ok,0.36
10.0401,629,,,0.542,,,,,,15.6585,r1_measured_04388,read,measured,,,,,1.1033,,ok,0.368
12.9627,419,,,0.2968,,,,,,16.9504,r1_measured_04389,read,measured,,,,,3.2991,,ok,0.3393
11.4826,419,,,0.2672,,,,,,13.1531,r1_measured_04390,read,measured,,,,,1.0103,,ok,0.339
11.9735,675,,,0.8294,,,,,,15.854,r1_measured_04391,read,measured,,,,,2.5686,,ok,0.4038
10.3756,629,,,1.3315,,,,,,14.8879,r1_measured_04392,read,measured,,,,,2.7613,,ok,0.3427
14.6809,629,,,1.6376,,,,,,26.6692,r1_measured_04393,read,measured,,,,,9.818,,ok,0.4409
14.4631,509,,,1.1071,,,,,,23.9897,r1_measured_04394,read,measured,,,,,7.9642,,ok,0.3848
11.2263,568,,,1.3854,,,,,,16.6796,r1_measured_04395,read,measured,,,,,3.6149,,ok,0.3816
8.9655,663,,,0.8529,,,,,,12.996,r1_measured_04396,read,measured,,,,,2.7133,,ok,0.3864
5.9724,663,,,3.1637,,,,,,23.5984,r1_measured_04397,read,measured,,,,,13.8863,,ok,0.4934
5.8201,418,,,0.2819,,,,,,11.3239,r1_measured_04398,read,measured,,,,,4.721,,ok,0.4415
9.1738,675,,,0.6281,,,,,,16.1704,r1_measured_04399,read,measured,,,,,5.7873,,ok,0.4969
11.4498,680,,,1.1357,,,,,,18.9579,r1_measured_04400,read,measured,,,,,5.8819,,ok,0.4
10.8326,689,,,0.5895,,,,,,14.9804,r1_measured_04401,read,measured,,,,,3.1219,,ok,0.3593
8.7997,675,,,1.529,,,,,,16.5811,r1_measured_04402,read,measured,,,,,5.8304,,ok,0.3443
167.0813,680,32.9191,8.0212,0.4914,54.6049,1,8.0194,1,37.5686,180.6733,r1_measured_04403,update,measured,29.5474,13.592,1,8.3023,12.6748,33.6864,ok,0.3533
13.9615,629,,,1.1629,,,,,,24.891,r1_measured_04404,read,measured,,,,,9.1572,,ok,0.5409
11.9041,568,,,0.4859,,,,,,14.6859,r1_measured_04405,read,measured,,,,,1.8455,,ok,0.3833
3.3275,509,,,0.4097,,,,,,12.62,r1_measured_04406,read,measured,,,,,8.4543,,ok,0.3649
8.5482,369,,,1.8469,,,,,,12.5895,r1_measured_04407,read,measured,,,,,1.787,,ok,0.3472
9.7468,689,,,1.9966,,,,,,14.4464,r1_measured_04408,read,measured,,,,,2.2554,,ok,0.3718
9.1541,688,,,0.8315,,,,,,16.605,r1_measured_04409,read,measured,,,,,6.0503,,ok,0.4961
10.4546,567,,,1.3726,,,,,,13.6123,r1_measured_04410,read,measured,,,,,1.3454,,ok,0.3709
12.3257,675,,,1.1315,,,,,,15.3149,r1_measured_04411,read,measured,,,,,1.3377,,ok,0.4242
10.0629,663,,,1.5755,,,,,,13.9022,r1_measured_04412,read,measured,,,,,1.7234,,ok,0.4369
13.3247,680,,,5.9842,,,,,,40.9882,r1_measured_04413,read,measured,,,,,21.1048,,ok,0.4564
10.3323,509,,,2.0582,,,,,,41.069,r1_measured_04414,read,measured,,,,,28.2054,,ok,0.3979
10.2722,369,,,0.2667,,,,,,12.5345,r1_measured_04415,read,measured,,,,,1.5874,,ok,0.3563
10.5364,419,,,0.2805,,,,,,14.2997,r1_measured_04416,read,measured,,,,,3.0365,,ok,0.3844
37.9068,663,,,1.5553,,,,,,52.9195,r1_measured_04417,read,measured,,,,,12.8516,,ok,0.5232
36.4653,568,,,0.5368,,,,,,40.7167,r1_measured_04418,read,measured,,,,,3.2504,,ok,0.3934
30.4615,509,,,0.4325,,,,,,40.2278,r1_measured_04419,read,measured,,,,,8.8841,,ok,0.3862
28.2442,689,,,0.5423,,,,,,37.7658,r1_measured_04420,read,measured,,,,,8.503,,ok,0.3801
220.6699,689,8.0094,27.11,0.5247,135.9421,1,27.1077,1,39.8805,235.1091,r1_measured_04421,update,measured,12.7705,14.4392,1,6.7827,13.447,30.0552,ok,0.3916
11.8559,680,,,1.5141,,,,,,22.0963,r1_measured_04422,read,measured,,,,,8.2029,,ok,0.4446
10.0726,663,,,3.0014,,,,,,21.5847,r1_measured_04423,read,measured,,,,,8.0714,,ok,0.3682
6.9088,568,,,1.0488,,,,,,14.9524,r1_measured_04424,read,measured,,,,,6.5231,,ok,0.4112
25.5646,568,,,0.5323,,,,,,38.8356,r1_measured_04425,read,measured,,,,,12.3348,,ok,0.3418
236.5528,681,13.1164,2.9461,1.1206,133.5933,1,2.9448,1,49.1245,243.8167,r1_measured_04426,update,measured,46.1784,7.2639,1,5.4417,5.7117,35.2769,ok,0.3645
26.0162,680,,,1.9785,,,,,,37.7626,r1_measured_04427,read,measured,,,,,9.3599,,ok,0.3383
25.6516,675,,,0.7392,,,,,,35.2523,r1_measured_04428,read,measured,,,,,8.3418,,ok,0.4547
24.5162,509,,,2.0598,,,,,,35.0801,r1_measured_04429,read,measured,,,,,8.1133,,ok,0.328
26.7525,688,,,1.7604,,,,,,37.2276,r1_measured_04430,read,measured,,,,,8.2095,,ok,0.4095
10.7516,509,,,2.8813,,,,,,16.3138,r1_measured_04431,read,measured,,,,,2.2321,,ok,0.384
7.397,629,,,2.1535,,,,,,42.2471,r1_measured_04432,read,measured,,,,,32.1178,,ok,0.4811
6.0202,369,,,1.1804,,,,,,11.0044,r1_measured_04433,read,measured,,,,,3.3898,,ok,0.3557
6.1436,629,,,5.1942,,,,,,33.8911,r1_measured_04434,read,measured,,,,,22.1096,,ok,0.373
6.0047,509,,,1.8919,,,,,,33.7053,r1_measured_04435,read,measured,,,,,25.3921,,ok,0.3552
29.4895,419,,,0.3386,,,,,,33.9821,r1_measured_04436,read,measured,,,,,3.7181,,ok,0.3705
28.3405,681,,,0.555,,,,,,37.4621,r1_measured_04437,read,measured,,,,,8.1371,,ok,0.3565
9.0548,509,,,0.8975,,,,,,18.1526,r1_measured_04438,read,measured,,,,,7.7459,,ok,0.3825
9.1037,680,,,1.1855,,,,,,15.8287,r1_measured_04439,read,measured,,,,,5.1271,,ok,0.3431
5.692,675,,,0.549,,,,,,16.7562,r1_measured_04440,read,measured,,,,,9.961,,ok,0.4759
5.6343,509,,,0.5811,,,,,,14.9871,r1_measured_04441,read,measured,,,,,8.3612,,ok,0.3538
6.9765,568,,,0.5458,,,,,,13.8714,r1_measured_04442,read,measured,,,,,5.9427,,ok,0.3445
8.9637,509,,,0.41,,,,,,18.3759,r1_measured_04443,read,measured,,,,,8.5967,,ok,0.3481
86.8839,369,4.2796,5.5598,0.2409,41.1525,1,5.5577,1,15.4883,97.2683,r1_measured_04444,update,measured,9.9285,10.3844,1,8.4204,9.7377,17.5431,ok,0.3472
5.7017,688,,,0.7327,,,,,,11.2759,r1_measured_04445,read,measured,,,,,4.4064,,ok,0.3632
6.4684,681,,,0.7387,,,,,,19.0017,r1_measured_04446,read,measured,,,,,11.3514,,ok,0.3686
5.0506,689,,,2.1291,,,,,,14.3276,r1_measured_04447,read,measured,,,,,6.6676,,ok,0.391
4.6448,629,,,1.7878,,,,,,12.1612,r1_measured_04448,read,measured,,,,,5.2813,,ok,0.3677
6.4551,629,,,0.5899,,,,,,35.5506,r1_measured_04449,read,measured,,,,,28.0948,,ok,0.3471
20.3094,419,,,0.2653,,,,,,22.0332,r1_measured_04450,read,measured,,,,,1.0622,,ok,0.3419
16.8943,689,,,0.8269,,,,,,22.7173,r1_measured_04451,read,measured,,,,,4.5965,,ok,0.3315
15.5923,568,,,1.1825,,,,,,22.4794,r1_measured_04452,read,measured,,,,,5.275,,ok,0.367
17.3409,679,,,0.5416,,,,,,23.6067,r1_measured_04453,read,measured,,,,,5.246,,ok,0.411
5.6088,629,,,0.4326,,,,,,12.028,r1_measured_04454,read,measured,,,,,5.6233,,ok,0.3064
6.4804,509,,,0.4348,,,,,,13.7645,r1_measured_04455,read,measured,,,,,6.4559,,ok,0.3365
5.3587,568,,,0.708,,,,,,11.2095,r1_measured_04456,read,measured,,,,,4.7315,,ok,0.346
5.8812,568,,,1.4865,,,,,,13.7428,r1_measured_04457,read,measured,,,,,5.8385,,ok,0.4621
4.6731,680,,,0.981,,,,,,11.3415,r1_measured_04458,read,measured,,,,,5.18,,ok,0.4295
7.5472,689,,,0.9968,,,,,,40.0224,r1_measured_04459,read,measured,,,,,9.9382,,ok,0.3742
6.7844,689,,,0.6112,,,,,,10.5812,r1_measured_04460,read,measured,,,,,2.6524,,ok,0.4519
6.1374,629,,,1.9563,,,,,,17.4763,r1_measured_04461,read,measured,,,,,8.9386,,ok,0.3776
7.7905,629,,,0.9709,,,,,,11.5129,r1_measured_04462,read,measured,,,,,2.298,,ok,0.3848
7.1764,681,,,2.0473,,,,,,12.0925,r1_measured_04463,read,measured,,,,,2.4119,,ok,0.3841
8.8298,688,,,0.7761,,,,,,11.3859,r1_measured_04464,read,measured,,,,,1.2572,,ok,0.4532
7.8429,568,,,0.5492,,,,,,13.5609,r1_measured_04465,read,measured,,,,,4.7269,,ok,0.3779
6.8801,663,,,0.9666,,,,,,16.2706,r1_measured_04466,read,measured,,,,,7.9657,,ok,0.3853
5.0274,369,,,0.2455,,,,,,7.205,r1_measured_04467,read,measured,,,,,1.5311,,ok,0.3501
6.1788,629,,,0.6478,,,,,,18.4869,r1_measured_04468,read,measured,,,,,11.2502,,ok,0.3459
6.2645,629,,,1.4509,,,,,,10.8271,r1_measured_04469,read,measured,,,,,2.5768,,ok,0.4535
8.786,369,,,0.2748,,,,,,13.2885,r1_measured_04470,read,measured,,,,,3.8074,,ok,0.3644
4.8275,568,,,0.5002,,,,,,14.1455,r1_measured_04471,read,measured,,,,,8.3127,,ok,0.4228
8.1655,680,,,0.5271,,,,,,17.7562,r1_measured_04472,read,measured,,,,,8.6222,,ok,0.3668
7.3918,629,,,0.9744,,,,,,19.0713,r1_measured_04473,read,measured,,,,,10.2097,,ok,0.4216
10.6671,675,,,0.5819,,,,,,23.6232,r1_measured_04474,read,measured,,,,,11.9276,,ok,0.3635
8.4148,689,,,1.5119,,,,,,20.4968,r1_measured_04475,read,measured,,,,,10.1333,,ok,0.3637
8.8001,419,,,0.4669,,,,,,14.9363,r1_measured_04476,read,measured,,,,,5.2648,,ok,0.3517
5.021,680,,,0.8803,,,,,,15.0313,r1_measured_04477,read,measured,,,,,8.6203,,ok,0.4429
8.4716,509,,,0.5998,,,,,,18.9804,r1_measured_04478,read,measured,,,,,9.3928,,ok,0.4368
4.9381,689,,,1.2648,,,,,,16.1132,r1_measured_04479,read,measured,,,,,9.3358,,ok,0.5029
9.1397,568,,,1.4853,,,,,,14.6732,r1_measured_04480,read,measured,,,,,3.6044,,ok,0.3796
7.1739,675,,,0.8558,,,,,,15.1562,r1_measured_04481,read,measured,,,,,6.6858,,ok,0.3669
13.2657,663,,,3.0536,,,,,,22.6975,r1_measured_04482,read,measured,,,,,5.935,,ok,0.3753
12.564,680,,,1.9589,,,,,,18.9589,r1_measured_04483,read,measured,,,,,4.0143,,ok,0.3519
11.5414,675,,,0.9449,,,,,,15.8317,r1_measured_04484,read,measured,,,,,2.7829,,ok,0.4972
8.1102,369,,,0.2546,,,,,,10.2024,r1_measured_04485,read,measured,,,,,1.4478,,ok,0.3394
14.2117,680,,,2.715,,,,,,24.6595,r1_measured_04486,read,measured,,,,,7.2737,,ok,0.3843
13.6047,663,,,0.6213,,,,,,16.7267,r1_measured_04487,read,measured,,,,,2.0649,,ok,0.3648
11.8702,629,,,0.6841,,,,,,17.3986,r1_measured_04488,read,measured,,,,,4.251,,ok,0.5217
18.4618,689,,,72.1124,,,,,,106.1729,r1_measured_04489,read,measured,,,,,15.1694,,ok,0.3467
15.196,675,,,0.7022,,,,,,25.6011,r1_measured_04490,read,measured,,,,,9.1791,,ok,0.4366
7.3263,568,,,1.4121,,,,,,18.1284,r1_measured_04491,read,measured,,,,,8.833,,ok,0.4781
11.3024,681,,,2.0122,,,,,,24.5609,r1_measured_04492,read,measured,,,,,10.7814,,ok,0.3815
10.6078,689,,,0.5242,,,,,,20.0158,r1_measured_04493,read,measured,,,,,8.2795,,ok,0.5278
11.6603,568,,,69.9632,,,,,,91.748,r1_measured_04494,read,measured,,,,,9.6765,,ok,0.3677
8.6878,369,,,0.4987,,,,,,11.0233,r1_measured_04495,read,measured,,,,,1.3753,,ok,0.3984
7.0975,689,,,0.8138,,,,,,87.8268,r1_measured_04496,read,measured,,,,,9.5926,,ok,70.2318
10.3007,680,,,1.0355,,,,,,87.2212,r1_measured_04497,read,measured,,,,,75.4819,,ok,0.3309
82.1356,419,,,0.2434,,,,,,84.4348,r1_measured_04498,read,measured,,,,,1.7127,,ok,0.2933
81.5299,568,,,1.3107,,,,,,86.3388,r1_measured_04499,read,measured,,,,,3.0896,,ok,0.3425
77.6476,509,,,0.8122,,,,,,83.2116,r1_measured_04500,read,measured,,,,,4.2414,,ok,0.4525
76.9809,568,,,0.5046,,,,,,88.3634,r1_measured_04501,read,measured,,,,,10.514,,ok,0.3028
6.9654,680,,,3.0116,,,,,,22.4867,r1_measured_04502,read,measured,,,,,12.0396,,ok,0.392
11.4588,629,,,4.0464,,,,,,23.86,r1_measured_04503,read,measured,,,,,7.9202,,ok,0.3636
11.0041,568,,,1.0806,,,,,,15.76,r1_measured_04504,read,measured,,,,,2.9486,,ok,0.6288
7.0733,680,,,1.9359,,,,,,13.7426,r1_measured_04505,read,measured,,,,,4.1895,,ok,0.4606
5.3745,369,,,0.2054,,,,,,7.2384,r1_measured_04506,read,measured,,,,,1.3094,,ok,0.3027
13.9968,681,,,2.244,,,,,,19.7852,r1_measured_04507,read,measured,,,,,3.1052,,ok,0.3597
13.3836,568,,,2.6156,,,,,,19.6797,r1_measured_04508,read,measured,,,,,3.2553,,ok,0.3532
10.0859,509,,,1.1412,,,,,,14.3852,r1_measured_04509,read,measured,,,,,2.1671,,ok,0.9025
26.7023,681,,,3.6952,,,,,,37.3579,r1_measured_04510,read,measured,,,,,6.5015,,ok,0.3691
19.0984,675,,,2.6032,,,,,,23.5698,r1_measured_04511,read,measured,,,,,1.3857,,ok,0.3925
23.5546,689,,,1.1961,,,,,,32.9942,r1_measured_04512,read,measured,,,,,7.7628,,ok,0.4031
18.2364,509,,,0.8534,,,,,,26.3471,r1_measured_04513,read,measured,,,,,6.7614,,ok,0.4097
5.7668,509,,,0.4775,,,,,,7.4119,r1_measured_04514,read,measured,,,,,0.6884,,ok,0.4111
14.5772,680,,,1.0313,,,,,,19.4401,r1_measured_04515,read,measured,,,,,3.1792,,ok,0.5787
13.9873,680,,,3.5843,,,,,,25.6402,r1_measured_04516,read,measured,,,,,7.6029,,ok,0.359
119.9942,419,12.3682,11.7116,0.3387,30.7815,1,11.7101,1,49.3479,134.2013,r1_measured_04517,update,measured,37.6363,14.2071,1,0.0049,13.4136,27.4917,ok,0.3902
9.5718,689,,,6.7216,,,,,,21.5243,r1_measured_04518,read,measured,,,,,4.7141,,ok,0.4155
15.194,629,,,0.7411,,,,,,24.1183,r1_measured_04519,read,measured,,,,,7.6251,,ok,0.4709
10.3833,369,,,0.2703,,,,,,11.8054,r1_measured_04520,read,measured,,,,,0.7103,,ok,0.3789
8.2224,689,,,0.6255,,,,,,14.0467,r1_measured_04521,read,measured,,,,,4.739,,ok,0.3768
8.5428,509,,,1.3634,,,,,,14.3681,r1_measured_04522,read,measured,,,,,3.9812,,ok,0.4144
8.5061,629,,,1.7159,,,,,,16.1558,r1_measured_04523,read,measured,,,,,5.4954,,ok,0.3647
15.9886,681,,,0.8727,,,,,,19.798,r1_measured_04524,read,measured,,,,,2.4907,,ok,0.3668
14.3202,675,,,1.3281,,,,,,19.6697,r1_measured_04525,read,measured,,,,,3.576,,ok,0.3651
10.067,629,,,1.2834,,,,,,17.2895,r1_measured_04526,read,measured,,,,,5.4941,,ok,0.3693
14.1943,689,,,0.7604,,,,,,29.0492,r1_measured_04527,read,measured,,,,,13.6238,,ok,0.3799
6.2137,509,,,1.6762,,,,,,12.2449,r1_measured_04528,read,measured,,,,,3.9004,,ok,0.3832
24.413,681,,,1.543,,,,,,45.3606,r1_measured_04529,read,measured,,,,,18.952,,ok,0.3672
22.6032,369,,,0.2563,,,,,,31.5302,r1_measured_04530,read,measured,,,,,8.2138,,ok,0.3951
29.5359,509,,,1.0307,,,,,,36.9803,r1_measured_04531,read,measured,,,,,5.9664,,ok,0.3751
28.1388,663,,,1.6852,,,,,,47.958,r1_measured_04532,read,measured,,,,,17.6751,,ok,0.3702
25.6092,419,,,0.2897,,,,,,28.3363,r1_measured_04533,read,measured,,,,,2.006,,ok,0.3693
25.2983,680,,,0.6124,,,,,,35.6843,r1_measured_04534,read,measured,,,,,9.307,,ok,0.3843
15.5643,663,,,0.8091,,,,,,23.5757,r1_measured_04535,read,measured,,,,,6.7313,,ok,0.3906
7.4375,509,,,1.4101,,,,,,16.7278,r1_measured_04536,read,measured,,,,,7.4215,,ok,0.3859
8.8746,629,,,1.0441,,,,,,23.7511,r1_measured_04537,read,measured,,,,,13.3748,,ok,0.3851
176.6256,419,11.2087,7.083,0.3316,96.8771,1,7.0813,1,32.3444,182.0961,r1_measured_04538,update,measured,25.2614,5.4705,1,9.4979,4.6639,26.6975,ok,0.4097
7.0397,369,,,0.3133,,,,,,9.7635,r1_measured_04539,read,measured,,,,,1.9926,,ok,0.3616
5.6841,689,,,2.7406,,,,,,17.9024,r1_measured_04540,read,measured,,,,,9.0116,,ok,0.3679
7.4301,369,,,0.2554,,,,,,10.5378,r1_measured_04541,read,measured,,,,,2.4212,,ok,0.3748
6.8421,418,,,0.3083,,,,,,8.475,r1_measured_04542,read,measured,,,,,0.9063,,ok,0.3608
9.9773,663,,,1.0432,,,,,,14.8894,r1_measured_04543,read,measured,,,,,3.0529,,ok,0.7039
9.1549,419,,,0.2843,,,,,,10.4313,r1_measured_04544,read,measured,,,,,0.5924,,ok,0.3486
15.7427,675,,,0.9922,,,,,,20.0569,r1_measured_04545,read,measured,,,,,2.8653,,ok,0.3794
10.9223,509,,,1.9653,,,,,,14.172,r1_measured_04546,read,measured,,,,,0.8411,,ok,0.3796
13.3498,675,,,1.5426,,,,,,17.9284,r1_measured_04547,read,measured,,,,,2.5806,,ok,0.3739
10.5379,681,,,0.7116,,,,,,39.8276,r1_measured_04548,read,measured,,,,,28.0492,,ok,0.447
8.2891,568,,,1.4355,,,,,,16.4275,r1_measured_04549,read,measured,,,,,6.1863,,ok,0.4358
13.8931,509,,,0.7456,,,,,,43.5996,r1_measured_04550,read,measured,,,,,28.5128,,ok,0.3834
8.5669,419,,,0.3318,,,,,,10.6661,r1_measured_04551,read,measured,,,,,1.3186,,ok,0.3838
30.501,681,,,1.014,,,,,,38.7388,r1_measured_04552,read,measured,,,,,6.5278,,ok,0.6144
30.7014,568,,,0.8327,,,,,,48.754,r1_measured_04553,read,measured,,,,,16.7989,,ok,0.3548
27.8387,663,,,1.7609,,,,,,36.2999,r1_measured_04554,read,measured,,,,,6.2141,,ok,0.4043
25.1804,675,,,0.8637,,,,,,36.1023,r1_measured_04555,read,measured,,,,,9.5892,,ok,0.3861
12.3736,568,,,1.244,,,,,,32.3491,r1_measured_04556,read,measured,,,,,18.2272,,ok,0.4338
11.0935,675,,,0.9201,,,,,,19.329,r1_measured_04557,read,measured,,,,,6.7807,,ok,0.3837
9.1814,681,,,1.3387,,,,,,21.3077,r1_measured_04558,read,measured,,,,,10.3328,,ok,0.3754
7.1914,681,,,2.0634,,,,,,24.4756,r1_measured_04559,read,measured,,,,,14.7627,,ok,0.3832
5.8315,418,,,0.2969,,,,,,7.9793,r1_measured_04560,read,measured,,,,,1.4377,,ok,0.3575
10.229,680,,,1.6925,,,,,,14.4376,r1_measured_04561,read,measured,,,,,1.9743,,ok,0.464
7.3753,681,,,2.3744,,,,,,19.533,r1_measured_04562,read,measured,,,,,9.3332,,ok,0.3795
10.1279,419,,,0.2816,,,,,,14.4798,r1_measured_04563,read,measured,,,,,3.6364,,ok,0.3788
8.7541,663,,,0.673,,,,,,25.6562,r1_measured_04564,read,measured,,,,,15.7599,,ok,0.3912
7.4748,419,,,0.2819,,,,,,9.1882,r1_measured_04565,read,measured,,,,,1.0172,,ok,0.3573
10.6157,419,,,0.2745,,,,,,12.8775,r1_measured_04566,read,measured,,,,,1.5783,,ok,0.3548
9.8437,629,,,1.5191,,,,,,16.3206,r1_measured_04567,read,measured,,,,,4.4697,,ok,0.4131
6.5532,419,,,0.276,,,,,,9.5596,r1_measured_04568,read,measured,,,,,2.3346,,ok,0.3424
8.6044,680,,,0.9344,,,,,,23.0605,r1_measured_04569,read,measured,,,,,13.0859,,ok,0.3563
9.7929,689,,,1.3782,,,,,,23.1339,r1_measured_04570,read,measured,,,,,11.5225,,ok,0.3599
14.0699,675,,,1.2788,,,,,,25.5496,r1_measured_04571,read,measured,,,,,9.7807,,ok,0.346
8.6258,568,,,0.5208,,,,,,13.58,r1_measured_04572,read,measured,,,,,3.9727,,ok,0.3895
7.9296,419,,,0.3014,,,,,,10.5784,r1_measured_04573,read,measured,,,,,1.9012,,ok,0.3835
5.6593,680,,,0.9173,,,,,,16.0631,r1_measured_04574,read,measured,,,,,9.0398,,ok,0.3744
7.5172,629,,,0.6833,,,,,,18.0475,r1_measured_04575,read,measured,,,,,9.3629,,ok,0.401
10.9627,681,,,3.9037,,,,,,21.02,r1_measured_04576,read,measured,,,,,5.5368,,ok,0.4992
8.8769,629,,,1.2162,,,,,,14.0292,r1_measured_04577,read,measured,,,,,3.5046,,ok,0.3627
9.5564,509,,,1.1021,,,,,,23.8444,r1_measured_04578,read,measured,,,,,12.7572,,ok,0.3658
12.8904,663,,,1.0537,,,,,,27.7066,r1_measured_04579,read,measured,,,,,13.3424,,ok,0.35
10.7017,681,,,0.6738,,,,,,14.7594,r1_measured_04580,read,measured,,,,,2.8194,,ok,0.4676
9.3019,568,,,0.8182,,,,,,17.6405,r1_measured_04581,read,measured,,,,,7.052,,ok,0.3998
11.9217,663,,,0.5322,,,,,,29.4186,r1_measured_04582,read,measured,,,,,16.5349,,ok,0.3581
10.2362,509,,,0.4179,,,,,,16.0417,r1_measured_04583,read,measured,,,,,4.9646,,ok,0.3628
4.558,419,,,0.3249,,,,,,30.5608,r1_measured_04584,read,measured,,,,,0.612,,ok,0.4521
5.8339,369,,,0.2335,,,,,,7.2031,r1_measured_04585,read,measured,,,,,0.7504,,ok,0.3346
7.0258,629,,,1.4436,,,,,,13.0062,r1_measured_04586,read,measured,,,,,4.0737,,ok,0.3903
6.9297,675,,,0.846,,,,,,19.8911,r1_measured_04587,read,measured,,,,,11.6074,,ok,0.4328
5.8394,663,,,1.7856,,,,,,16.0686,r1_measured_04588,read,measured,,,,,7.7111,,ok,0.6298
5.8108,369,,,0.2502,,,,,,9.3775,r1_measured_04589,read,measured,,,,,2.9221,,ok,0.3397
5.0856,681,,,0.9969,,,,,,11.4115,r1_measured_04590,read,measured,,,,,4.7003,,ok,0.5526
22.5679,509,,,0.5449,,,,,,28.5656,r1_measured_04591,read,measured,,,,,4.9616,,ok,0.4226
22.0773,568,,,0.5107,,,,,,39.2822,r1_measured_04592,read,measured,,,,,16.2325,,ok,0.3916
20.2519,568,,,1.8436,,,,,,42.4195,r1_measured_04593,read,measured,,,,,19.7918,,ok,0.4536
18.2123,675,,,1.8502,,,,,,28.7909,r1_measured_04594,read,measured,,,,,8.2586,,ok,0.3928
8.8624,369,,,0.3341,,,,,,10.5038,r1_measured_04595,read,measured,,,,,0.7713,,ok,0.4494
12.4394,509,,,0.8895,,,,,,23.6201,r1_measured_04596,read,measured,,,,,9.81,,ok,0.4079
12.2777,689,,,0.5696,,,,,,24.4944,r1_measured_04597,read,measured,,,,,11.1642,,ok,0.4044
13.0266,675,,,1.5797,,,,,,21.3578,r1_measured_04598,read,measured,,,,,6.2654,,ok,0.4104
137.7109,680,9.771,3.3097,1.0416,3.9308,0,3.3074,1,20.1418,142.9627,r1_measured_04599,update,measured,16.8321,5.2518,1,5.7286,3.7973,98.1387,ok,0.3422
8.8386,679,,,1.4611,,,,,,23.2444,r1_measured_04600,read,measured,,,,,12.441,,ok,0.4144
9.2795,663,,,0.7926,,,,,,111.7597,r1_measured_04601,read,measured,,,,,101.2333,,ok,0.3698
7.4095,369,,,0.3055,,,,,,9.8665,r1_measured_04602,read,measured,,,,,1.7258,,ok,0.3714
10.9945,509,,,0.5585,,,,,,106.5449,r1_measured_04603,read,measured,,,,,94.5243,,ok,0.3852
8.6435,680,,,0.5991,,,,,,108.9003,r1_measured_04604,read,measured,,,,,99.2341,,ok,0.3383
7.3099,419,,,0.3044,,,,,,8.7236,r1_measured_04605,read,measured,,,,,0.6677,,ok,0.3811
8.2035,508,,,1.299,,,,,,101.2722,r1_measured_04606,read,measured,,,,,91.3377,,ok,0.3525
24.0735,568,,,1.2453,,,,,,105.2083,r1_measured_04607,read,measured,,,,,79.446,,ok,0.3552
88.8862,568,,,0.5382,,,,,,102.9335,r1_measured_04608,read,measured,,,,,13.0939,,ok,0.3391
85.5768,680,,,0.7265,,,,,,97.4433,r1_measured_04609,read,measured,,,,,10.7107,,ok,0.3421
21.2935,419,,,0.2506,,,,,,24.1738,r1_measured_04610,read,measured,,,,,2.259,,ok,0.3198
20.6978,675,,,1.1571,,,,,,28.595,r1_measured_04611,read,measured,,,,,6.3381,,ok,0.3391
20.1808,679,,,1.5514,,,,,,25.38,r1_measured_04612,read,measured,,,,,3.2491,,ok,0.333
275.8678,689,8.1028,8.1968,0.6641,178.3271,0,8.1953,1,38.8537,284.221,r1_measured_04613,update,measured,30.6569,8.3532,1,7.8913,7.1262,42.6929,ok,0.4832
14.7512,688,,,0.9005,,,,,,25.4457,r1_measured_04614,read,measured,,,,,9.3813,,ok,0.3445
14.3283,629,,,0.7111,,,,,,21.7881,r1_measured_04615,read,measured,,,,,6.3659,,ok,0.3229
6.6878,509,,,3.4234,,,,,,11.5155,r1_measured_04616,read,measured,,,,,0.9897,,ok,0.3536
11.3993,568,,,1.3159,,,,,,13.9304,r1_measured_04617,read,measured,,,,,0.7933,,ok,0.3562
11.4168,681,,,0.6075,,,,,,24.5869,r1_measured_04618,read,measured,,,,,12.0983,,ok,0.391
8.0117,369,,,0.3099,,,,,,14.9137,r1_measured_04619,read,measured,,,,,6.1161,,ok,0.4099
7.7467,369,,,0.2282,,,,,,9.1813,r1_measured_04620,read,measured,,,,,0.7981,,ok,0.3582
11.2537,680,,,3.0308,,,,,,51.3259,r1_measured_04621,read,measured,,,,,36.5521,,ok,0.3844
12.0143,681,,,2.0923,,,,,,19.3271,r1_measured_04622,read,measured,,,,,4.7499,,ok,0.3854
13.0338,509,,,0.7115,,,,,,47.4837,r1_measured_04623,read,measured,,,,,33.1684,,ok,0.485
10.667,509,,,0.5702,,,,,,55.481,r1_measured_04624,read,measured,,,,,43.8127,,ok,0.363
13.6,568,,,0.8799,,,,,,51.0159,r1_measured_04625,read,measured,,,,,36.0995,,ok,0.3645
9.0338,419,,,0.3637,,,,,,26.4171,r1_measured_04626,read,measured,,,,,16.4547,,ok,0.4306
28.9313,509,,,2.6054,,,,,,45.1578,r1_measured_04627,read,measured,,,,,13.1826,,ok,0.3643
28.9268,418,,,0.2829,,,,,,35.889,r1_measured_04628,read,measured,,,,,6.1589,,ok,0.4507
17.2575,568,,,1.2773,,,,,,20.5694,r1_measured_04629,read,measured,,,,,1.602,,ok,0.3626
12.6845,568,,,0.7857,,,,,,17.461,r1_measured_04630,read,measured,,,,,3.5052,,ok,0.4191
11.8378,629,,,1.2119,,,,,,17.1812,r1_measured_04631,read,measured,,,,,3.712,,ok,0.353
7.435,663,,,1.9979,,,,,,15.3466,r1_measured_04632,read,measured,,,,,5.5012,,ok,0.3469
13.8332,369,,,0.2477,,,,,,15.2846,r1_measured_04633,read,measured,,,,,0.7874,,ok,0.3562
12.6149,368,,,0.2351,,,,,,15.7774,r1_measured_04634,read,measured,,,,,2.5338,,ok,0.3435
10.6406,629,,,1.9868,,,,,,18.8674,r1_measured_04635,read,measured,,,,,5.7521,,ok,0.3978
7.5637,688,,,0.5514,,,,,,12.4474,r1_measured_04636,read,measured,,,,,3.9068,,ok,0.3578
12.366,675,,,0.7969,,,,,,37.9384,r1_measured_04637,read,measured,,,,,24.3247,,ok,0.3681
11.8376,369,,,0.2583,,,,,,16.2735,r1_measured_04638,read,measured,,,,,3.785,,ok,0.3396
9.1869,419,,,0.2997,,,,,,11.3914,r1_measured_04639,read,measured,,,,,1.4894,,ok,0.3622
6.8022,419,,,1.5196,,,,,,9.6419,r1_measured_04640,read,measured,,,,,0.929,,ok,0.3368
12.1923,680,,,1.3501,,,,,,21.6631,r1_measured_04641,read,measured,,,,,7.7056,,ok,0.3457
9.9653,629,,,0.5749,,,,,,21.6807,r1_measured_04642,read,measured,,,,,10.7419,,ok,0.3343
6.6842,419,,,0.2606,,,,,,9.7353,r1_measured_04643,read,measured,,,,,2.4054,,ok,0.3331
5.2455,568,,,0.497,,,,,,10.0477,r1_measured_04644,read,measured,,,,,3.8906,,ok,0.355
7.0281,680,,,0.6601,,,,,,11.0198,r1_measured_04645,read,measured,,,,,2.9082,,ok,0.3582
6.1264,680,,,0.9658,,,,,,15.7681,r1_measured_04646,read,measured,,,,,8.1489,,ok,0.4671
6.4029,663,,,1.5984,,,,,,12.1156,r1_measured_04647,read,measured,,,,,3.6989,,ok,0.3529
10.9743,568,,,2.1947,,,,,,17.9442,r1_measured_04648,read,measured,,,,,4.19,,ok,0.5086
8.8672,663,,,1.9698,,,,,,14.4613,r1_measured_04649,read,measured,,,,,3.0572,,ok,0.4903
7.6065,629,,,0.6166,,,,,,23.4737,r1_measured_04650,read,measured,,,,,14.7753,,ok,0.4068
10.8901,629,,,1.4078,,,,,,28.6345,r1_measured_04651,read,measured,,,,,15.8781,,ok,0.3821
12.6473,629,,,1.0168,,,,,,25.5774,r1_measured_04652,read,measured,,,,,11.4113,,ok,0.4261
12.4152,680,,,0.6336,,,,,,20.685,r1_measured_04653,read,measured,,,,,7.1787,,ok,0.3832
7.9213,419,,,0.3535,,,,,,10.4234,r1_measured_04654,read,measured,,,,,1.6582,,ok,0.4233
9.5537,680,,,1.0635,,,,,,21.877,r1_measured_04655,read,measured,,,,,10.8017,,ok,0.3838
7.3623,568,,,0.9118,,,,,,25.582,r1_measured_04656,read,measured,,,,,16.8627,,ok,0.3756
7.1905,568,,,1.3204,,,,,,15.834,r1_measured_04657,read,measured,,,,,6.8708,,ok,0.3848
8.0449,689,,,2.0254,,,,,,17.5549,r1_measured_04658,read,measured,,,,,7.0396,,ok,0.3706
6.4627,419,,,0.3317,,,,,,10.7583,r1_measured_04659,read,measured,,,,,3.5448,,ok,0.3614
10.4532,663,,,0.5665,,,,,,29.1063,r1_measured_04660,read,measured,,,,,17.6629,,ok,0.3549
7.417,568,,,0.6019,,,,,,16.9338,r1_measured_04661,read,measured,,,,,8.4941,,ok,0.357
8.6529,629,,,1.0746,,,,,,17.4905,r1_measured_04662,read,measured,,,,,7.2806,,ok,0.4063
9.9747,509,,,1.1103,,,,,,20.545,r1_measured_04663,read,measured,,,,,8.9658,,ok,0.4217
8.4556,675,,,1.9137,,,,,,16.8607,r1_measured_04664,read,measured,,,,,6.0103,,ok,0.4046
5.7158,663,,,4.1977,,,,,,17.3348,r1_measured_04665,read,measured,,,,,6.9992,,ok,0.3508
7.386,680,,,0.6108,,,,,,21.2318,r1_measured_04666,read,measured,,,,,12.7947,,ok,0.3681
8.6074,688,,,0.5271,,,,,,17.9196,r1_measured_04667,read,measured,,,,,8.3318,,ok,0.383
7.5285,509,,,0.5857,,,,,,16.7196,r1_measured_04668,read,measured,,,,,8.1823,,ok,0.3622
175.4914,680,12.9288,6.3186,2.5015,81.446,1,6.3166,1,23.1243,188.7298,r1_measured_04669,update,measured,16.8057,13.2384,1,7.7667,10.2167,50.2256,ok,0.4472
5.091,675,,,0.6911,,,,,,14.5316,r1_measured_04670,read,measured,,,,,8.299,,ok,0.3774
8.8764,629,,,0.8142,,,,,,15.2541,r1_measured_04671,read,measured,,,,,5.1082,,ok,0.3839
7.1139,680,,,0.6647,,,,,,17.005,r1_measured_04672,read,measured,,,,,8.7824,,ok,0.3741
4.5227,509,,,1.205,,,,,,10.543,r1_measured_04673,read,measured,,,,,4.3901,,ok,0.3636
98.9481,419,4.5127,5.1343,0.2625,24.5468,0,5.1326,1,44.1299,101.7036,r1_measured_04674,update,measured,38.9956,2.7555,1,3.9316,2.1052,21.8271,ok,0.3342
5.3321,680,,,14.4037,,,,,,29.777,r1_measured_04675,read,measured,,,,,9.5647,,ok,0.3967
7.4274,675,,,16.7581,,,,,,30.9569,r1_measured_04676,read,measured,,,,,6.3085,,ok,0.387
7.7239,674,,,10.7668,,,,,,51.6754,r1_measured_04677,read,measured,,,,,32.7169,,ok,0.3886
7.2125,369,,,0.3561,,,,,,9.0767,r1_measured_04678,read,measured,,,,,1.0472,,ok,0.4035
4.1565,689,,,6.899,,,,,,33.556,r1_measured_04679,read,measured,,,,,22.0698,,ok,0.3515
27.3402,675,,,3.2957,,,,,,46.1565,r1_measured_04680,read,measured,,,,,14.9858,,ok,0.4618
33.5178,680,,,1.3852,,,,,,40.757,r1_measured_04681,read,measured,,,,,5.4672,,ok,0.322
31.4486,629,,,0.4727,,,,,,40.141,r1_measured_04682,read,measured,,,,,7.7391,,ok,0.4128
23.1287,629,,,1.7676,,,,,,28.9513,r1_measured_04683,read,measured,,,,,3.6482,,ok,0.3428
15.4632,675,,,0.4868,,,,,,18.7758,r1_measured_04684,read,measured,,,,,2.4352,,ok,0.3292
9.8726,568,,,0.4587,,,,,,15.9942,r1_measured_04685,read,measured,,,,,5.2627,,ok,0.3396
10.6949,680,,,1.668,,,,,,19.4359,r1_measured_04686,read,measured,,,,,6.6288,,ok,0.3745
7.5028,567,,,0.9874,,,,,,12.5692,r1_measured_04687,read,measured,,,,,3.6462,,ok,0.3683
7.159,680,,,0.7007,,,,,,76.3931,r1_measured_04688,read,measured,,,,,0.6522,,ok,0.3573
6.3077,680,,,1.4135,,,,,,9.9656,r1_measured_04689,read,measured,,,,,1.7809,,ok,0.3706
9.6559,419,,,0.2879,,,,,,12.1183,r1_measured_04690,read,measured,,,,,1.6856,,ok,0.4287
7.0696,419,,,0.2854,,,,,,9.3398,r1_measured_04691,read,measured,,,,,1.5442,,ok,0.3854
6.4543,629,,,0.8588,,,,,,17.7656,r1_measured_04692,read,measured,,,,,10.0126,,ok,0.3707
68.3975,419,7.9827,7.9584,0.2446,16.3004,1,7.9567,1,20.3967,69.5107,r1_measured_04693,update,measured,12.4383,1.1132,1,2.4308,0.4975,21.2869,ok,0.3214
7.0992,675,,,1.2132,,,,,,17.2966,r1_measured_04694,read,measured,,,,,8.5524,,ok,0.3631
4.4883,629,,,0.8407,,,,,,12.9249,r1_measured_04695,read,measured,,,,,7.1577,,ok,0.3722
6.6284,419,,,0.2592,,,,,,9.1725,r1_measured_04696,read,measured,,,,,1.8871,,ok,0.3474
9.3274,568,,,0.4715,,,,,,34.921,r1_measured_04697,read,measured,,,,,24.7295,,ok,0.3318
6.0911,688,,,2.3658,,,,,,29.0522,r1_measured_04698,read,measured,,,,,20.1473,,ok,0.3561
5.0783,419,,,0.5044,,,,,,6.7562,r1_measured_04699,read,measured,,,,,0.7409,,ok,0.3759
23.9265,663,,,0.4944,,,,,,30.8606,r1_measured_04700,read,measured,,,,,5.9828,,ok,0.3865
23.3909,568,,,1.259,,,,,,32.6413,r1_measured_04701,read,measured,,,,,7.6061,,ok,0.3293
24.1086,680,,,0.8204,,,,,,27.9008,r1_measured_04702,read,measured,,,,,2.4771,,ok,0.4325
9.5069,675,,,1.1553,,,,,,12.9354,r1_measured_04703,read,measured,,,,,1.8853,,ok,0.3238
6.9301,629,,,0.861,,,,,,9.833,r1_measured_04704,read,measured,,,,,1.6389,,ok,0.3414
8.6548,509,,,0.5952,,,,,,10.5048,r1_measured_04705,read,measured,,,,,0.7845,,ok,0.355
12.5012,663,,,0.7711,,,,,,15.1114,r1_measured_04706,read,measured,,,,,1.4364,,ok,0.3363
12.1296,680,,,1.1516,,,,,,15.1118,r1_measured_04707,read,measured,,,,,1.4416,,ok,0.3213
11.7725,681,,,2.2167,,,,,,17.8776,r1_measured_04708,read,measured,,,,,3.4083,,ok,0.4004
11.3115,681,,,1.7892,,,,,,21.788,r1_measured_04709,read,measured,,,,,8.1007,,ok,0.4875
14.5241,689,,,1.1571,,,,,,17.6153,r1_measured_04710,read,measured,,,,,1.5143,,ok,0.3514
10.7052,680,,,2.5042,,,,,,18.6728,r1_measured_04711,read,measured,,,,,4.9049,,ok,0.4755
20.4529,680,,,0.9524,,,,,,93.8576,r1_measured_04712,read,measured,,,,,71.8262,,ok,0.5364
12.4996,418,,,0.3235,,,,,,15.4218,r1_measured_04713,read,measured,,,,,2.0258,,ok,0.5002
16.5287,681,,,0.937,,,,,,84.9233,r1_measured_04714,read,measured,,,,,66.903,,ok,0.4698
13.5917,680,,,2.4243,,,,,,83.1419,r1_measured_04715,read,measured,,,,,66.7468,,ok,0.305
75.6871,680,,,0.5915,,,,,,88.8609,r1_measured_04716,read,measured,,,,,12.1935,,ok,0.3192
80.0501,681,,,1.3718,,,,,,90.2305,r1_measured_04717,read,measured,,,,,8.3404,,ok,0.4021
76.7799,680,,,0.5941,,,,,,90.4181,r1_measured_04718,read,measured,,,,,12.6592,,ok,0.318
211.8334,629,9.9564,74.9132,0.497,77.9011,1,74.9109,1,87.9713,219.4552,r1_measured_04719,update,measured,13.0581,7.6218,1,2.158,6.7305,33.8466,ok,0.332
70.9406,369,,,0.2772,,,,,,76.0203,r1_measured_04720,read,measured,,,,,4.4063,,ok,0.3434
7.4899,663,,,1.6033,,,,,,38.2626,r1_measured_04721,read,measured,,,,,28.7249,,ok,0.3605
6.8806,629,,,0.6665,,,,,,46.3586,r1_measured_04722,read,measured,,,,,38.3847,,ok,0.3573
9.4388,629,,,13.6975,,,,,,26.3813,r1_measured_04723,read,measured,,,,,2.8564,,ok,0.3255
6.6835,568,,,0.6085,,,,,,42.6989,r1_measured_04724,read,measured,,,,,34.9936,,ok,0.345
128.2056,509,10.7413,4.2269,0.8399,46.0698,1,4.2253,1,39.7236,132.5582,r1_measured_04725,update,measured,35.4967,4.3526,1,4.7098,3.1006,26.9611,ok,0.3524
24.9713,509,,,1.2261,,,,,,39.852,r1_measured_04726,read,measured,,,,,13.2581,,ok,0.3395
23.0708,629,,,0.5544,,,,,,30.3793,r1_measured_04727,read,measured,,,,,6.3172,,ok,0.3607
11.8853,418,,,0.4019,,,,,,13.7891,r1_measured_04728,read,measured,,,,,1.106,,ok,0.3377
4.9115,663,,,0.8407,,,,,,14.4434,r1_measured_04729,read,measured,,,,,8.2247,,ok,0.393
19.4428,568,,,0.5411,,,,,,35.7381,r1_measured_04730,read,measured,,,,,15.2938,,ok,0.3885
21.9892,568,,,1.6729,,,,,,41.2689,r1_measured_04731,read,measured,,,,,17.1433,,ok,0.3944
90.3885,369,10.6914,3.7125,0.2988,13.1021,1,3.7109,1,33.105,93.2104,r1_measured_04732,update,measured,29.3925,2.8219,1,7.6438,2.0213,25.8462,ok,0.4367
14.9119,663,,,0.8082,,,,,,35.2021,r1_measured_04733,read,measured,,,,,19.0439,,ok,0.3713
17.2042,567,,,0.7632,,,,,,30.3656,r1_measured_04734,read,measured,,,,,11.9819,,ok,0.3479
16.1708,568,,,1.5696,,,,,,32.6677,r1_measured_04735,read,measured,,,,,14.5339,,ok,0.3336
7.1201,663,,,5.9918,,,,,,14.4828,r1_measured_04736,read,measured,,,,,0.8842,,ok,0.4186
20.2602,369,,,0.3199,,,,,,22.6142,r1_measured_04737,read,measured,,,,,1.5887,,ok,0.3868
19.285,419,,,0.3437,,,,,,25.318,r1_measured_04738,read,measured,,,,,5.2482,,ok,0.375
17.5839,663,,,1.4664,,,,,,32.0038,r1_measured_04739,read,measured,,,,,12.4653,,ok,0.4199
16.474,568,,,1.6629,,,,,,25.8904,r1_measured_04740,read,measured,,,,,7.1778,,ok,0.4881
15.5152,681,,,1.3835,,,,,,28.9089,r1_measured_04741,read,measured,,,,,11.609,,ok,0.3356
6.556,629,,,0.6211,,,,,,15.5701,r1_measured_04742,read,measured,,,,,7.832,,ok,0.4963
4.9798,509,,,0.7966,,,,,,12.6135,r1_measured_04743,read,measured,,,,,6.4075,,ok,0.3706
3.4446,369,,,0.227,,,,,,6.0722,r1_measured_04744,read,measured,,,,,2.0169,,ok,0.3361
14.2649,509,,,0.6881,,,,,,17.0054,r1_measured_04745,read,measured,,,,,1.6163,,ok,0.377
18.4585,663,,,1.6916,,,,,,25.1872,r1_measured_04746,read,measured,,,,,4.6088,,ok,0.3607
120.0801,419,10.985,7.8009,0.2881,28.071,1,7.7992,1,28.7116,124.49,r1_measured_04747,update,measured,20.9107,4.4099,1,0.0065,3.6944,52.306,ok,0.3708
118.0487,681,9.6177,6.2335,1.8304,22.2812,1,6.2319,1,32.9952,126.8463,r1_measured_04748,update,measured,26.7617,8.7976,1,20.5611,6.5157,32.5935,ok,0.3809
9.1559,509,,,1.026,,,,,,11.9046,r1_measured_04749,read,measured,,,,,1.2623,,ok,0.3992
12.4562,681,,,13.5431,,,,,,28.0733,r1_measured_04750,read,measured,,,,,1.4901,,ok,0.5054
11.9695,663,,,5.6967,,,,,,19.8072,r1_measured_04751,read,measured,,,,,1.6189,,ok,0.4499
24.8961,663,,,1.3044,,,,,,60.2967,r1_measured_04752,read,measured,,,,,33.6944,,ok,0.3338
22.425,567,,,5.4263,,,,,,53.5617,r1_measured_04753,read,measured,,,,,25.2306,,ok,0.4046
21.4269,681,,,3.2579,,,,,,30.965,r1_measured_04754,read,measured,,,,,5.8078,,ok,0.3886
20.0914,629,,,0.8009,,,,,,54.3729,r1_measured_04755,read,measured,,,,,33.0595,,ok,0.3541
20.2047,629,,,0.5451,,,,,,50.8939,r1_measured_04756,read,measured,,,,,29.7493,,ok,0.328
13.0018,680,,,0.7827,,,,,,41.8138,r1_measured_04757,read,measured,,,,,27.5523,,ok,0.4067
27.2744,568,,,0.5474,,,,,,32.7455,r1_measured_04758,read,measured,,,,,4.5061,,ok,0.3548
14.1996,675,,,0.7116,,,,,,24.3159,r1_measured_04759,read,measured,,,,,8.8645,,ok,0.4661
11.4013,674,,,0.5657,,,,,,15.502,r1_measured_04760,read,measured,,,,,3.0963,,ok,0.3702
9.7287,681,,,0.6216,,,,,,12.5125,r1_measured_04761,read,measured,,,,,1.7151,,ok,0.3774
6.7055,629,,,0.4566,,,,,,17.6609,r1_measured_04762,read,measured,,,,,10.08,,ok,0.3574
11.0325,680,,,0.5034,,,,,,17.5481,r1_measured_04763,read,measured,,,,,5.5758,,ok,0.3658
9.5334,419,,,0.2652,,,,,,11.0398,r1_measured_04764,read,measured,,,,,0.8382,,ok,0.3486
10.8516,369,,,0.2322,,,,,,13.8223,r1_measured_04765,read,measured,,,,,2.2718,,ok,0.4124
9.0366,419,,,0.262,,,,,,10.5765,r1_measured_04766,read,measured,,,,,0.8801,,ok,0.3459
110.421,681,15.3183,8.8714,2.1517,5.353,1,8.8696,1,33.761,129.645,r1_measured_04767,update,measured,24.8896,19.224,1,12.858,16.5462,43.1307,ok,0.4458
12.8609,681,,,2.0353,,,,,,16.4816,r1_measured_04768,read,measured,,,,,1.0049,,ok,0.4868
15.3515,419,,,0.3302,,,,,,19.9932,r1_measured_04769,read,measured,,,,,3.8798,,ok,0.3672
14.1982,675,,,1.5003,,,,,,26.6408,r1_measured_04770,read,measured,,,,,10.4711,,ok,0.3933
12.0376,568,,,1.0133,,,,,,21.3913,r1_measured_04771,read,measured,,,,,7.8678,,ok,0.4022
10.6691,419,,,0.2881,,,,,,15.9024,r1_measured_04772,read,measured,,,,,4.5119,,ok,0.3753
13.6613,689,,,1.8593,,,,,,21.8861,r1_measured_04773,read,measured,,,,,5.9143,,ok,0.3797
10.9065,419,,,0.2773,,,,,,13.8834,r1_measured_04774,read,measured,,,,,2.1993,,ok,0.4409
8.9298,419,,,0.2937,,,,,,11.0857,r1_measured_04775,read,measured,,,,,1.4466,,ok,0.3585
7.5712,568,,,0.4771,,,,,,12.9863,r1_measured_04776,read,measured,,,,,4.4956,,ok,0.3785
39.8912,419,,,0.3727,,,,,,44.4257,r1_measured_04777,read,measured,,,,,3.5339,,ok,0.5424
39.1943,675,,,3.2905,,,,,,54.4932,r1_measured_04778,read,measured,,,,,11.4308,,ok,0.4846
38.0026,675,,,2.2236,,,,,,55.0456,r1_measured_04779,read,measured,,,,,14.3447,,ok,0.3907
34.153,689,,,1.4576,,,,,,51.745,r1_measured_04780,read,measured,,,,,15.6679,,ok,0.3772
33.1481,680,,,1.6391,,,,,,44.9736,r1_measured_04781,read,measured,,,,,9.717,,ok,0.3921
31.2056,369,,,0.289,,,,,,38.8056,r1_measured_04782,read,measured,,,,,6.8361,,ok,0.4061
28.8571,681,,,2.1512,,,,,,42.8225,r1_measured_04783,read,measured,,,,,11.3428,,ok,0.3841
14.9002,628,,,0.7735,,,,,,17.2791,r1_measured_04784,read,measured,,,,,1.1413,,ok,0.3828
29.6028,675,,,1.0697,,,,,,41.4466,r1_measured_04785,read,measured,,,,,10.3315,,ok,0.3704
25.3384,628,,,0.5741,,,,,,34.603,r1_measured_04786,read,measured,,,,,8.2516,,ok,0.3718
10.0412,369,,,0.3211,,,,,,11.5278,r1_measured_04787,read,measured,,,,,0.5557,,ok,0.5416
13.4699,629,,,0.59,,,,,,15.2343,r1_measured_04788,read,measured,,,,,0.6887,,ok,0.3995
21.6151,663,,,0.708,,,,,,26.958,r1_measured_04789,read,measured,,,,,4.1888,,ok,0.371
16.9634,663,,,1.63,,,,,,19.8217,r1_measured_04790,read,measured,,,,,0.7711,,ok,0.3842
20.5431,680,,,0.649,,,,,,30.776,r1_measured_04791,read,measured,,,,,9.1251,,ok,0.3666
16.0839,688,,,1.5369,,,,,,33.2196,r1_measured_04792,read,measured,,,,,15.1757,,ok,0.3514
14.1378,568,,,1.6853,,,,,,28.511,r1_measured_04793,read,measured,,,,,12.2668,,ok,0.3608
11.1988,689,,,1.4416,,,,,,26.5926,r1_measured_04794,read,measured,,,,,13.4881,,ok,0.3877
11.8508,663,,,0.8536,,,,,,19.5123,r1_measured_04795,read,measured,,,,,6.2415,,ok,0.4967
13.8156,568,,,0.5111,,,,,,18.6169,r1_measured_04796,read,measured,,,,,3.8335,,ok,0.3933
25.5319,689,,,0.575,,,,,,30.5301,r1_measured_04797,read,measured,,,,,3.9828,,ok,0.367
23.4105,675,,,0.6529,,,,,,32.4278,r1_measured_04798,read,measured,,,,,7.9169,,ok,0.3753
10.7676,509,,,0.7735,,,,,,13.7966,r1_measured_04799,read,measured,,,,,1.8144,,ok,0.3768
17.0541,663,,,0.8808,,,,,,31.4355,r1_measured_04800,read,measured,,,,,13.0408,,ok,0.3947
9.8445,509,,,1.1944,,,,,,12.7503,r1_measured_04801,read,measured,,,,,1.2768,,ok,0.3688
13.3743,681,,,0.9919,,,,,,24.0764,r1_measured_04802,read,measured,,,,,8.5428,,ok,1.0968
11.5947,680,,,2.1366,,,,,,24.0592,r1_measured_04803,read,measured,,,,,9.8884,,ok,0.3653
10.6176,568,,,0.5647,,,,,,13.2924,r1_measured_04804,read,measured,,,,,1.6777,,ok,0.3725
12.4059,663,,,1.2668,,,,,,19.2679,r1_measured_04805,read,measured,,,,,5.1714,,ok,0.3586
9.656,689,,,0.9013,,,,,,23.0208,r1_measured_04806,read,measured,,,,,12.0231,,ok,0.3682
13.6898,675,,,0.867,,,,,,19.5451,r1_measured_04807,read,measured,,,,,4.5742,,ok,0.3494
11.9179,629,,,1.3253,,,,,,16.2996,r1_measured_04808,read,measured,,,,,2.5275,,ok,0.4548
14.5143,568,,,1.814,,,,,,17.7508,r1_measured_04809,read,measured,,,,,1.0008,,ok,0.3582
14.849,681,,,1.678,,,,,,25.0144,r1_measured_04810,read,measured,,,,,8.0087,,ok,0.4007
14.4514,689,,,2.897,,,,,,26.3377,r1_measured_04811,read,measured,,,,,8.5182,,ok,0.392
12.516,680,,,0.6757,,,,,,30.0987,r1_measured_04812,read,measured,,,,,16.3798,,ok,0.4465
11.1622,663,,,2.2442,,,,,,34.0727,r1_measured_04813,read,measured,,,,,20.222,,ok,0.3754
9.4938,418,,,0.2627,,,,,,11.8803,r1_measured_04814,read,measured,,,,,1.6688,,ok,0.3971
7.7298,568,,,0.6432,,,,,,19.4177,r1_measured_04815,read,measured,,,,,10.5942,,ok,0.3818
6.2192,369,,,0.2304,,,,,,8.0863,r1_measured_04816,read,measured,,,,,1.2424,,ok,0.3438
7.0739,629,,,2.2009,,,,,,11.4137,r1_measured_04817,read,measured,,,,,1.6291,,ok,0.4379
11.4315,663,,,0.6086,,,,,,21.1038,r1_measured_04818,read,measured,,,,,8.5732,,ok,0.41
10.0238,419,,,0.2893,,,,,,14.0137,r1_measured_04819,read,measured,,,,,3.2596,,ok,0.38
11.9849,681,,,0.8314,,,,,,28.693,r1_measured_04820,read,measured,,,,,15.4365,,ok,0.3682
12.1951,675,,,0.9047,,,,,,17.129,r1_measured_04821,read,measured,,,,,3.5088,,ok,0.4367
11.2393,663,,,1.7988,,,,,,21.9953,r1_measured_04822,read,measured,,,,,8.5036,,ok,0.3778
164.1706,568,13.0135,9.2472,0.5599,12.6131,1,9.2457,1,26.7149,174.8422,r1_measured_04823,update,measured,17.4677,10.6716,1,0.0067,9.5323,111.8224,ok,0.489
159.1277,419,12.806,7.7314,0.5088,9.5351,0,7.7292,1,37.6185,163.3914,r1_measured_04824,update,measured,29.8871,4.2637,1,0.0057,3.0422,99.1624,ok,0.631
10.6718,369,,,0.2599,,,,,,13.7875,r1_measured_04825,read,measured,,,,,2.4002,,ok,0.3984
6.7382,689,,,27.0536,,,,,,44.0211,r1_measured_04826,read,measured,,,,,9.7658,,ok,0.3852
5.9177,568,,,4.4876,,,,,,112.7563,r1_measured_04827,read,measured,,,,,101.9507,,ok,0.3312
7.8357,629,,,0.5282,,,,,,119.219,r1_measured_04828,read,measured,,,,,110.4603,,ok,0.3103
4.4051,568,,,0.4262,,,,,,111.1418,r1_measured_04829,read,measured,,,,,105.9091,,ok,0.3341
21.2502,680,,,1.215,,,,,,124.9404,r1_measured_04830,read,measured,,,,,102.0792,,ok,0.3294
102.5923,689,,,0.5293,,,,,,117.8482,r1_measured_04831,read,measured,,,,,14.2574,,ok,0.3375
72.6034,509,,,0.4743,,,,,,81.9465,r1_measured_04832,read,measured,,,,,8.4724,,ok,0.3328
7.7991,680,,,0.9814,,,,,,16.1482,r1_measured_04833,read,measured,,,,,6.9766,,ok,0.324
5.8876,681,,,0.8437,,,,,,14.0039,r1_measured_04834,read,measured,,,,,6.8516,,ok,0.3498
4.0293,663,,,1.244,,,,,,14.5298,r1_measured_04835,read,measured,,,,,8.8596,,ok,0.3339
5.5637,681,,,0.7804,,,,,,12.0026,r1_measured_04836,read,measured,,,,,5.2606,,ok,0.338
19.2287,629,,,2.1923,,,,,,35.3981,r1_measured_04837,read,measured,,,,,13.5122,,ok,0.3952
138.5057,675,19.5794,10.6608,1.2886,36.3388,1,10.659,1,38.6982,151.2763,r1_measured_04838,update,measured,28.0374,12.7706,1,4.9645,11.003,38.9248,ok,0.407
11.1406,369,,,0.2547,,,,,,12.5616,r1_measured_04839,read,measured,,,,,0.684,,ok,0.4085
14.1026,419,,,0.3151,,,,,,17.9077,r1_measured_04840,read,measured,,,,,2.9928,,ok,0.4377
13.0556,681,,,0.6957,,,,,,37.6172,r1_measured_04841,read,measured,,,,,23.3667,,ok,0.425
11.8545,680,,,2.3488,,,,,,37.8467,r1_measured_04842,read,measured,,,,,23.1495,,ok,0.4133
11.2475,419,,,0.6484,,,,,,14.1715,r1_measured_04843,read,measured,,,,,1.2834,,ok,0.7748
18.4058,681,,,2.4353,,,,,,51.8946,r1_measured_04844,read,measured,,,,,30.5531,,ok,0.4196
14.1531,663,,,1.3785,,,,,,56.9698,r1_measured_04845,read,measured,,,,,40.9669,,ok,0.3866
9.6979,675,,,1.8846,,,,,,49.1212,r1_measured_04846,read,measured,,,,,37.084,,ok,0.3755
36.0702,629,,,0.5972,,,,,,52.2045,r1_measured_04847,read,measured,,,,,15.0931,,ok,0.3762
35.7911,629,,,0.5453,,,,,,46.2566,r1_measured_04848,read,measured,,,,,9.483,,ok,0.3642
32.3137,419,,,0.2778,,,,,,34.7291,r1_measured_04849,read,measured,,,,,1.723,,ok,0.3565
31.5208,675,,,1.3848,,,,,,43.8423,r1_measured_04850,read,measured,,,,,10.5189,,ok,0.3516
8.4574,629,,,0.8265,,,,,,13.73,r1_measured_04851,read,measured,,,,,3.9166,,ok,0.4576
13.0417,689,,,1.2455,,,,,,23.7931,r1_measured_04852,read,measured,,,,,9.0458,,ok,0.3879
11.1672,680,,,0.7073,,,,,,14.7039,r1_measured_04853,read,measured,,,,,2.359,,ok,0.3915
9.7871,675,,,2.9488,,,,,,17.1225,r1_measured_04854,read,measured,,,,,3.8636,,ok,0.4456
7.4608,509,,,0.7183,,,,,,17.5919,r1_measured_04855,read,measured,,,,,8.9852,,ok,0.3643
12.3614,680,,,0.6044,,,,,,26.7338,r1_measured_04856,read,measured,,,,,13.2654,,ok,0.4289
10.8801,628,,,1.2836,,,,,,18.325,r1_measured_04857,read,measured,,,,,5.5941,,ok,0.5042
10.2359,675,,,1.8276,,,,,,18.2954,r1_measured_04858,read,measured,,,,,5.785,,ok,0.3741
9.2903,663,,,2.3104,,,,,,13.8614,r1_measured_04859,read,measured,,,,,1.7993,,ok,0.3879
12.1355,629,,,0.5473,,,,,,16.765,r1_measured_04860,read,measured,,,,,3.6259,,ok,0.3843
9.4659,680,,,0.9491,,,,,,15.9153,r1_measured_04861,read,measured,,,,,5.0348,,ok,0.3869
7.8047,681,,,1.3366,,,,,,15.8529,r1_measured_04862,read,measured,,,,,6.2553,,ok,0.3801
28.8224,629,,,1.8615,,,,,,39.9935,r1_measured_04863,read,measured,,,,,8.8874,,ok,0.3526
23.6728,629,,,0.6422,,,,,,25.8708,r1_measured_04864,read,measured,,,,,1.0956,,ok,0.3835
22.4038,681,,,1.1635,,,,,,28.4797,r1_measured_04865,read,measured,,,,,4.4432,,ok,0.3858
23.8792,680,,,0.6524,,,,,,30.0182,r1_measured_04866,read,measured,,,,,5.0352,,ok,0.3782
20.3139,675,,,1.0531,,,,,,29.814,r1_measured_04867,read,measured,,,,,7.9525,,ok,0.4205
24.6548,568,,,1.9146,,,,,,38.653,r1_measured_04868,read,measured,,,,,11.6709,,ok,0.3517
21.5188,369,,,0.2409,,,,,,23.077,r1_measured_04869,read,measured,,,,,0.934,,ok,0.3334
13.4817,663,,,0.9065,,,,,,18.9956,r1_measured_04870,read,measured,,,,,4.1657,,ok,0.3719
10.9421,419,,,0.2662,,,,,,12.24,r1_measured_04871,read,measured,,,,,0.5871,,ok,0.3889
15.9016,689,,,2.5853,,,,,,27.1611,r1_measured_04872,read,measured,,,,,8.1952,,ok,0.4077
14.5564,663,,,1.9879,,,,,,19.9843,r1_measured_04873,read,measured,,,,,2.9904,,ok,0.3782
12.0284,629,,,0.5553,,,,,,14.7759,r1_measured_04874,read,measured,,,,,1.7278,,ok,0.3805
3.6503,509,,,2.2887,,,,,,10.4833,r1_measured_04875,read,measured,,,,,4.1254,,ok,0.3605
13.0888,681,,,1.6313,,,,,,25.0243,r1_measured_04876,read,measured,,,,,9.8518,,ok,0.3598
16.998,680,,,3.2953,,,,,,26.1578,r1_measured_04877,read,measured,,,,,5.4348,,ok,0.3662
10.0518,369,,,0.2452,,,,,,11.8725,r1_measured_04878,read,measured,,,,,1.1649,,ok,0.3577
12.688,681,,,1.8758,,,,,,26.719,r1_measured_04879,read,measured,,,,,11.7056,,ok,0.3578
12.5005,663,,,1.7312,,,,,,24.8264,r1_measured_04880,read,measured,,,,,10.0669,,ok,0.4594
9.8998,681,,,0.9278,,,,,,13.1335,r1_measured_04881,read,measured,,,,,1.6944,,ok,0.5465
15.4743,663,,,0.5257,,,,,,37.3793,r1_measured_04882,read,measured,,,,,20.9404,,ok,0.3687
10.9383,681,,,0.6643,,,,,,27.3762,r1_measured_04883,read,measured,,,,,15.2675,,ok,0.4276
7.6844,419,,,0.264,,,,,,8.843,r1_measured_04884,read,measured,,,,,0.5139,,ok,0.3296
7.7009,681,,,1.7894,,,,,,16.3396,r1_measured_04885,read,measured,,,,,6.2915,,ok,0.4825
10.7467,680,,,1.2176,,,,,,21.0356,r1_measured_04886,read,measured,,,,,8.4965,,ok,0.4568
7.8998,419,,,0.3044,,,,,,10.6025,r1_measured_04887,read,measured,,,,,1.9416,,ok,0.3988
6.7502,675,,,0.6237,,,,,,18.7663,r1_measured_04888,read,measured,,,,,10.9466,,ok,0.3719
8.6121,675,,,4.3802,,,,,,24.7674,r1_measured_04889,read,measured,,,,,11.3118,,ok,0.3918
12.4513,568,,,2.104,,,,,,24.4675,r1_measured_04890,read,measured,,,,,9.4875,,ok,0.3525
10.5734,663,,,2.5744,,,,,,17.5389,r1_measured_04891,read,measured,,,,,3.9454,,ok,0.3753
9.0205,509,,,0.8111,,,,,,15.0476,r1_measured_04892,read,measured,,,,,3.8085,,ok,1.3427
16.2145,663,,,0.9494,,,,,,20.4192,r1_measured_04893,read,measured,,,,,2.8002,,ok,0.3859
13.9244,681,,,2.4311,,,,,,22.2097,r1_measured_04894,read,measured,,,,,5.3969,,ok,0.378
12.1262,629,,,1.336,,,,,,16.6985,r1_measured_04895,read,measured,,,,,2.7958,,ok,0.3712
16.9704,369,,,0.2447,,,,,,19.998,r1_measured_04896,read,measured,,,,,2.3549,,ok,0.3696
13.6369,629,,,1.3576,,,,,,31.2949,r1_measured_04897,read,measured,,,,,15.8565,,ok,0.3707
12.8394,681,,,0.9021,,,,,,19.4872,r1_measured_04898,read,measured,,,,,5.2388,,ok,0.4296
11.2117,680,,,0.5579,,,,,,22.6636,r1_measured_04899,read,measured,,,,,10.3588,,ok,0.4591
10.9556,680,,,0.5999,,,,,,19.4658,r1_measured_04900,read,measured,,,,,7.4556,,ok,0.3795
8.717,509,,,0.6022,,,,,,18.94,r1_measured_04901,read,measured,,,,,9.081,,ok,0.4692
13.3499,680,,,0.9438,,,,,,20.9847,r1_measured_04902,read,measured,,,,,6.2343,,ok,0.381
6.6349,680,,,0.6343,,,,,,25.0261,r1_measured_04903,read,measured,,,,,17.299,,ok,0.3748
9.5161,509,,,0.5865,,,,,,18.9811,r1_measured_04904,read,measured,,,,,8.4234,,ok,0.3873
12.5979,628,,,1.2856,,,,,,21.2778,r1_measured_04905,read,measured,,,,,6.9269,,ok,0.3935
198.5215,681,13.444,5.8126,2.551,102.2127,0,5.8096,1,31.8703,202.5417,r1_measured_04906,update,measured,26.0577,4.0202,1,6.655,0.8634,44.3395,ok,0.5224
9.3481,419,,,0.2864,,,,,,14.3528,r1_measured_04907,read,measured,,,,,4.2455,,ok,0.4091
8.6788,629,,,0.9214,,,,,,13.6459,r1_measured_04908,read,measured,,,,,3.6122,,ok,0.3628
13.1517,369,,,0.2523,,,,,,15.8838,r1_measured_04909,read,measured,,,,,2.0169,,ok,0.4054
12.8225,675,,,1.6387,,,,,,18.1064,r1_measured_04910,read,measured,,,,,3.1435,,ok,0.4239
8.818,568,,,1.1527,,,,,,13.2944,r1_measured_04911,read,measured,,,,,2.8701,,ok,0.3882
13.5359,663,,,2.9001,,,,,,48.7967,r1_measured_04912,read,measured,,,,,31.7539,,ok,0.508
12.8474,568,,,0.5176,,,,,,55.4491,r1_measured_04913,read,measured,,,,,41.6174,,ok,0.3812
10.5928,369,,,0.3174,,,,,,16.2575,r1_measured_04914,read,measured,,,,,4.8857,,ok,0.3918
10.2388,680,,,2.4534,,,,,,46.1844,r1_measured_04915,read,measured,,,,,32.9606,,ok,0.4135
7.5466,663,,,6.4069,,,,,,37.7837,r1_measured_04916,read,measured,,,,,23.314,,ok,0.4225
7.4712,681,,,0.7886,,,,,,12.3509,r1_measured_04917,read,measured,,,,,3.615,,ok,0.3923
6.7161,681,,,1.9739,,,,,,51.5498,r1_measured_04918,read,measured,,,,,42.4066,,ok,0.3745
24.554,681,,,1.0255,,,,,,40.5448,r1_measured_04919,read,measured,,,,,14.5098,,ok,0.3769
24.7025,663,,,0.6789,,,,,,41.9677,r1_measured_04920,read,measured,,,,,16.1474,,ok,0.3628
9.0114,509,,,2.0912,,,,,,15.3472,r1_measured_04921,read,measured,,,,,3.805,,ok,0.3725
5.9354,568,,,0.492,,,,,,18.1666,r1_measured_04922,read,measured,,,,,11.3007,,ok,0.3706
7.2697,628,,,0.791,,,,,,20.847,r1_measured_04923,read,measured,,,,,12.3374,,ok,0.3708
7.1158,629,,,1.1763,,,,,,17.0629,r1_measured_04924,read,measured,,,,,8.3243,,ok,0.3779
132.3172,680,13.4985,5.608,69.9126,18.2709,0,5.6053,1,16.8511,218.789,r1_measured_04925,update,measured,11.2431,86.4718,1,35.7392,16.1174,47.9575,ok,0.3728
9.8628,629,,,4.9585,,,,,,84.1238,r1_measured_04926,read,measured,,,,,68.4645,,ok,0.7369
129.552,689,13.1556,4.6392,0.8009,22.9532,1,4.6377,1,16.3351,144.5366,r1_measured_04927,update,measured,11.6959,14.9846,1,1.3016,13.6756,75.8065,ok,0.4356
128.0773,689,13.678,3.0874,1.9262,23.0858,1,3.0859,1,14.4894,223.9405,r1_measured_04928,update,measured,11.402,95.8632,1,8.9966,93.5549,67.8275,ok,0.3174
5.8524,680,,,0.8559,,,,,,9.1073,r1_measured_04929,read,measured,,,,,1.9284,,ok,0.3978
7.4114,675,,,1.1717,,,,,,87.8073,r1_measured_04930,read,measured,,,,,78.8192,,ok,0.3313
4.4808,663,,,0.6956,,,,,,80.6226,r1_measured_04931,read,measured,,,,,75.0446,,ok,0.3357
49.1744,663,,,0.7953,,,,,,82.042,r1_measured_04932,read,measured,,,,,31.6757,,ok,0.3319
14.2744,629,,,0.4981,,,,,,16.9408,r1_measured_04933,read,measured,,,,,1.788,,ok,0.3198
16.5667,681,,,0.6747,,,,,,19.7797,r1_measured_04934,read,measured,,,,,2.1348,,ok,0.3392
12.5472,689,,,0.6733,,,,,,17.7777,r1_measured_04935,read,measured,,,,,4.1183,,ok,0.3747
8.5659,419,,,0.2744,,,,,,10.1138,r1_measured_04936,read,measured,,,,,0.9006,,ok,0.3213
9.8606,568,,,1.0812,,,,,,13.9243,r1_measured_04937,read,measured,,,,,2.6373,,ok,0.2928
11.2537,675,,,0.5724,,,,,,13.0711,r1_measured_04938,read,measured,,,,,0.8202,,ok,0.3537
18.8801,663,,,0.8139,,,,,,106.8468,r1_measured_04939,read,measured,,,,,86.7113,,ok,0.3724
12.4075,419,,,0.2578,,,,,,14.0377,r1_measured_04940,read,measured,,,,,0.9834,,ok,0.3364
16.9176,689,,,0.9913,,,,,,22.5723,r1_measured_04941,read,measured,,,,,4.2438,,ok,0.3539
11.0907,680,,,1.1638,,,,,,101.0083,r1_measured_04942,read,measured,,,,,88.3644,,ok,0.314
10.8764,675,,,0.9861,,,,,,18.1496,r1_measured_04943,read,measured,,,,,5.4856,,ok,0.7081
10.7063,689,,,1.7674,,,,,,92.4245,r1_measured_04944,read,measured,,,,,79.4831,,ok,0.34
78.4826,663,,,0.8705,,,,,,88.1099,r1_measured_04945,read,measured,,,,,8.2239,,ok,0.4681
78.9907,568,,,1.1852,,,,,,84.136,r1_measured_04946,read,measured,,,,,3.6002,,ok,0.3031
76.9399,680,,,1.9625,,,,,,84.8413,r1_measured_04947,read,measured,,,,,5.5189,,ok,0.3531
13.8052,568,,,0.818,,,,,,21.9148,r1_measured_04948,read,measured,,,,,6.8576,,ok,0.3635
182.3058,629,19.4538,6.5372,0.6301,95.524,1,6.5352,1,23.2216,184.1756,r1_measured_04949,update,measured,16.6844,1.8698,1,10.7053,0.7603,33.4011,ok,0.3882
10.6439,628,,,1.6821,,,,,,31.1456,r1_measured_04950,read,measured,,,,,18.3884,,ok,0.3631
10.1094,689,,,1.6496,,,,,,20.7995,r1_measured_04951,read,measured,,,,,8.6297,,ok,0.3442
6.2794,509,,,0.6187,,,,,,21.2556,r1_measured_04952,read,measured,,,,,13.9516,,ok,0.3456
7.0558,509,,,1.8691,,,,,,18.1424,r1_measured_04953,read,measured,,,,,8.7924,,ok,0.3615
6.7622,419,,,0.3016,,,,,,9.042,r1_measured_04954,read,measured,,,,,1.5507,,ok,0.3652
7.1837,369,,,0.2287,,,,,,10.5653,r1_measured_04955,read,measured,,,,,2.7689,,ok,0.3329
8.6313,689,,,1.3526,,,,,,12.4883,r1_measured_04956,read,measured,,,,,2.0145,,ok,0.4189
6.9226,369,,,0.2292,,,,,,9.2773,r1_measured_04957,read,measured,,,,,1.7534,,ok,0.3242
10.5927,629,,,1.944,,,,,,48.6693,r1_measured_04958,read,measured,,,,,35.3265,,ok,0.4601
9.9284,419,,,0.3505,,,,,,34.6893,r1_measured_04959,read,measured,,,,,23.9444,,ok,0.4091
7.409,629,,,0.6014,,,,,,46.4951,r1_measured_04960,read,measured,,,,,37.9833,,ok,0.3837
6.1375,419,,,0.3942,,,,,,22.9164,r1_measured_04961,read,measured,,,,,15.8863,,ok,0.4283
34.8043,680,,,1.7807,,,,,,56.2039,r1_measured_04962,read,measured,,,,,19.1631,,ok,0.3759
34.8014,663,,,0.5672,,,,,,44.0637,r1_measured_04963,read,measured,,,,,8.1491,,ok,0.4556
31.6499,681,,,1.0272,,,,,,44.5784,r1_measured_04964,read,measured,,,,,11.4258,,ok,0.3984
14.0114,681,,,1.4018,,,,,,18.8622,r1_measured_04965,read,measured,,,,,2.6767,,ok,0.6878
8.3765,568,,,1.4011,,,,,,20.3932,r1_measured_04966,read,measured,,,,,10.1588,,ok,0.3884
5.5816,419,,,0.2829,,,,,,10.1947,r1_measured_04967,read,measured,,,,,3.9098,,ok,0.3618
11.0658,675,,,0.5537,,,,,,23.1474,r1_measured_04968,read,measured,,,,,11.0462,,ok,0.4074
8.9554,629,,,1.0345,,,,,,11.9172,r1_measured_04969,read,measured,,,,,1.074,,ok,0.75
6.9843,681,,,3.6912,,,,,,16.4915,r1_measured_04970,read,measured,,,,,5.3454,,ok,0.3926
11.5456,675,,,0.6089,,,,,,26.4977,r1_measured_04971,read,measured,,,,,13.8787,,ok,0.3831
11.1471,675,,,0.6075,,,,,,17.6133,r1_measured_04972,read,measured,,,,,5.4117,,ok,0.3759
9.397,680,,,0.5924,,,,,,20.6182,r1_measured_04973,read,measured,,,,,10.1013,,ok,0.4393
7.9907,689,,,0.9441,,,,,,31.4938,r1_measured_04974,read,measured,,,,,22.0549,,ok,0.4302
6.7718,629,,,1.6678,,,,,,22.1068,r1_measured_04975,read,measured,,,,,13.2373,,ok,0.3614
5.8383,629,,,0.7105,,,,,,7.9034,r1_measured_04976,read,measured,,,,,0.8054,,ok,0.4678
7.9678,419,,,0.286,,,,,,14.8374,r1_measured_04977,read,measured,,,,,6.1818,,ok,0.3446
5.7857,629,,,0.5372,,,,,,17.9557,r1_measured_04978,read,measured,,,,,11.2077,,ok,0.3427
7.4686,568,,,0.8834,,,,,,20.7666,r1_measured_04979,read,measured,,,,,11.9648,,ok,0.3839
6.0566,369,,,0.2729,,,,,,10.2562,r1_measured_04980,read,measured,,,,,3.5116,,ok,0.3572
7.0419,689,,,1.3199,,,,,,16.4928,r1_measured_04981,read,measured,,,,,7.7009,,ok,0.3591
4.4516,509,,,0.4721,,,,,,17.0555,r1_measured_04982,read,measured,,,,,11.6772,,ok,0.3767
8.3502,689,,,1.8243,,,,,,20.4507,r1_measured_04983,read,measured,,,,,9.8432,,ok,0.3569
5.8979,568,,,0.6379,,,,,,22.3886,r1_measured_04984,read,measured,,,,,15.4359,,ok,0.3511
9.1796,675,,,1.7526,,,,,,23.4892,r1_measured_04985,read,measured,,,,,12.1109,,ok,0.3764
6.6829,675,,,1.0752,,,,,,12.3465,r1_measured_04986,read,measured,,,,,4.0199,,ok,0.5008
6.1635,509,,,0.512,,,,,,19.8574,r1_measured_04987,read,measured,,,,,12.7416,,ok,0.3772
6.9626,419,,,0.2714,,,,,,11.0572,r1_measured_04988,read,measured,,,,,3.4031,,ok,0.364
5.6488,419,,,0.3079,,,,,,9.721,r1_measured_04989,read,measured,,,,,3.3671,,ok,0.3428
9.3563,680,,,0.9007,,,,,,14.6412,r1_measured_04990,read,measured,,,,,3.9513,,ok,0.3642
6.8324,509,,,1.3349,,,,,,14.4503,r1_measured_04991,read,measured,,,,,5.8711,,ok,0.3508
8.8461,568,,,0.5252,,,,,,17.275,r1_measured_04992,read,measured,,,,,7.468,,ok,0.3716
8.1495,509,,,0.4731,,,,,,17.0434,r1_measured_04993,read,measured,,,,,7.987,,ok,0.3686
11.0606,629,,,1.5599,,,,,,21.4235,r1_measured_04994,read,measured,,,,,8.3507,,ok,0.3772
8.9717,509,,,1.3185,,,,,,22.3935,r1_measured_04995,read,measured,,,,,11.6575,,ok,0.3709
6.4074,629,,,0.5955,,,,,,13.9216,r1_measured_04996,read,measured,,,,,6.506,,ok,0.3491
8.2096,681,,,0.6449,,,,,,14.3451,r1_measured_04997,read,measured,,,,,4.9986,,ok,0.4089
7.5939,568,,,0.5277,,,,,,17.2983,r1_measured_04998,read,measured,,,,,8.5933,,ok,0.5103
7.7279,369,,,0.245,,,,,,10.3825,r1_measured_04999,read,measured,,,,,2.0063,,ok,0.3532
