backend_ms,candidate_count,candidate_fetch_ms,commit_ms,dense_scoring_ms,dense_upsert_ms,fresh_hit_at_10,full_write_ack_call_ms,graph_projection_ok,graph_visible_ms,latency_ms,op_id,op_type,phase,projection_fetch_ms,ranking_ms,relation_candidate_ok,relation_check_ms,sparse_scoring_ms,sparse_upsert_ms,status,zscore_fusion_ms
87.9197,418,,,0.3041,,,,,,89.1183,r2_measured_00000,read,measured,,,,,0.5204,,ok,0.3206
18.8069,628,,,0.8033,,,,,,21.1962,r2_measured_00001,read,measured,,,,,0.9093,,ok,0.5668
12.057,369,,,0.2921,,,,,,13.4127,r2_measured_00002,read,measured,,,,,0.5533,,ok,0.4176
14.8759,681,,,0.7617,,,,,,17.1842,r2_measured_00003,read,measured,,,,,0.9152,,ok,0.4766
14.6134,628,,,0.6774,,,,,,16.6498,r2_measured_00004,read,measured,,,,,0.7889,,ok,0.4541
11.3319,659,,,0.6885,,,,,,13.3639,r2_measured_00005,read,measured,,,,,0.7766,,ok,0.4816
14.0422,679,,,0.5786,,,,,,15.8913,r2_measured_00006,read,measured,,,,,0.8368,,ok,0.3567
11.0319,568,,,0.4717,,,,,,12.4639,r2_measured_00007,read,measured,,,,,0.5921,,ok,0.3116
17.9147,689,,,0.7245,,,,,,19.9193,r2_measured_00008,read,measured,,,,,0.7887,,ok,0.4073
10.9116,677,,,0.5596,,,,,,12.6639,r2_measured_00009,read,measured,,,,,0.7193,,ok,0.3937
14.0571,679,,,0.6145,,,,,,15.8517,r2_measured_00010,read,measured,,,,,0.6771,,ok,0.372
12.5181,567,,,0.5519,,,,,,14.127,r2_measured_00011,read,measured,,,,,0.6236,,ok,0.3673
14.2319,418,,,0.3352,,,,,,15.6557,r2_measured_00012,read,measured,,,,,0.6465,,ok,0.3776
17.1812,674,,,0.5161,,,,,,18.7094,r2_measured_00013,read,measured,,,,,0.6127,,ok,0.3257
9.8246,506,,,0.4241,,,,,,11.1941,r2_measured_00014,read,measured,,,,,0.5358,,ok,0.352
15.8348,663,,,0.5511,,,,,,17.4536,r2_measured_00015,read,measured,,,,,0.6368,,ok,0.3577
14.1587,624,,,0.6034,,,,,,15.8342,r2_measured_00016,read,measured,,,,,0.6594,,ok,0.3405
12.8848,673,,,0.5523,,,,,,14.4782,r2_measured_00017,read,measured,,,,,0.6488,,ok,0.3268
14.1431,628,,,0.7136,,,,,,16.1946,r2_measured_00018,read,measured,,,,,0.809,,ok,0.4359
24.9436,679,,,0.6971,,,,,,27.0499,r2_measured_00019,read,measured,,,,,0.7868,,ok,0.4749
15.8363,627,,,0.6856,,,,,,17.6389,r2_measured_00020,read,measured,,,,,0.6802,,ok,0.3625
13.5276,678,,,0.6195,,,,,,15.3845,r2_measured_00021,read,measured,,,,,0.7558,,ok,0.4053
14.9096,687,,,0.6766,,,,,,16.8888,r2_measured_00022,read,measured,,,,,0.7821,,ok,0.4358
11.2412,419,,,0.3328,,,,,,12.6626,r2_measured_00023,read,measured,,,,,0.5932,,ok,0.4322
16.0835,689,,,0.6251,,,,,,18.0462,r2_measured_00024,read,measured,,,,,0.9179,,ok,0.3424
12.6574,628,,,0.51,,,,,,14.2353,r2_measured_00025,read,measured,,,,,0.6519,,ok,0.3441
14.1966,507,,,0.5744,,,,,,15.9867,r2_measured_00026,read,measured,,,,,0.7289,,ok,0.3978
13.7191,674,,,0.5487,,,,,,15.4644,r2_measured_00027,read,measured,,,,,0.7272,,ok,0.3983
13.9631,628,,,0.4681,,,,,,15.4371,r2_measured_00028,read,measured,,,,,0.6297,,ok,0.3152
12.6384,417,,,0.2869,,,,,,13.8501,r2_measured_00029,read,measured,,,,,0.5269,,ok,0.339
14.3699,689,,,0.5373,,,,,,15.9902,r2_measured_00030,read,measured,,,,,0.6857,,ok,0.3187
15.7697,566,,,0.4876,,,,,,17.226,r2_measured_00031,read,measured,,,,,0.5821,,ok,0.3258
11.3008,628,,,0.5613,,,,,,12.8806,r2_measured_00032,read,measured,,,,,0.6091,,ok,0.3477
16.636,679,,,0.6266,,,,,,18.5061,r2_measured_00033,read,measured,,,,,0.7569,,ok,0.4021
12.9631,688,,,0.5647,,,,,,14.7437,r2_measured_00034,read,measured,,,,,0.7273,,ok,0.4123
13.9921,673,,,0.6942,,,,,,15.9856,r2_measured_00035,read,measured,,,,,0.755,,ok,0.4497
12.3621,677,,,0.6852,,,,,,14.3037,r2_measured_00036,read,measured,,,,,0.6994,,ok,0.4775
13.0654,628,,,0.6872,,,,,,15.1631,r2_measured_00037,read,measured,,,,,0.8889,,ok,0.4354
20.1766,663,,,0.6993,,,,,,22.1467,r2_measured_00038,read,measured,,,,,0.7684,,ok,0.4244
9.0945,680,,,0.5966,,,,,,10.9612,r2_measured_00039,read,measured,,,,,0.8442,,ok,0.3443
12.8924,678,,,0.5343,,,,,,14.4421,r2_measured_00040,read,measured,,,,,0.6175,,ok,0.335
13.0455,689,,,0.8058,,,,,,14.9967,r2_measured_00041,read,measured,,,,,0.604,,ok,0.459
12.6458,507,,,0.8323,,,,,,15.1342,r2_measured_00042,read,measured,,,,,0.9306,,ok,0.6267
14.0552,628,,,0.5631,,,,,,15.7659,r2_measured_00043,read,measured,,,,,0.685,,ok,0.381
10.986,368,,,0.3067,,,,,,12.4328,r2_measured_00044,read,measured,,,,,0.6297,,ok,0.4461
14.067,661,,,0.6394,,,,,,15.7426,r2_measured_00045,read,measured,,,,,0.6222,,ok,0.3481
14.0938,680,,,0.6972,,,,,,16.0892,r2_measured_00046,read,measured,,,,,0.8359,,ok,0.3805
12.1729,627,,,0.5418,,,,,,13.7311,r2_measured_00047,read,measured,,,,,0.5529,,ok,0.4024
17.3442,627,,,0.7689,,,,,,19.6412,r2_measured_00048,read,measured,,,,,0.9534,,ok,0.4669
9.8284,418,,,0.2555,,,,,,10.905,r2_measured_00049,read,measured,,,,,0.4528,,ok,0.3192
109.1024,566,12.5595,13.5614,0.5086,1.7869,1,13.5592,1,59.8327,110.5912,r2_measured_00050,update,measured,46.2713,1.4888,1,15.4003,0.5841,19.523,ok,0.3341
14.3915,675,,,0.4603,,,,,,15.8676,r2_measured_00051,read,measured,,,,,0.6182,,ok,0.3303
12.3887,624,,,0.5338,,,,,,13.9351,r2_measured_00052,read,measured,,,,,0.5179,,ok,0.4341
15.977,675,,,0.5239,,,,,,17.4556,r2_measured_00053,read,measured,,,,,0.5878,,ok,0.3031
11.4504,508,,,0.3982,,,,,,12.7307,r2_measured_00054,read,measured,,,,,0.5069,,ok,0.3202
16.2174,677,,,0.5381,,,,,,17.7561,r2_measured_00055,read,measured,,,,,0.6279,,ok,0.3089
16.0055,679,,,0.6965,,,,,,18.0599,r2_measured_00056,read,measured,,,,,0.8352,,ok,0.4402
11.7125,627,,,0.6253,,,,,,13.6979,r2_measured_00057,read,measured,,,,,0.8212,,ok,0.4283
13.5841,689,,,0.6301,,,,,,15.3794,r2_measured_00058,read,measured,,,,,0.6441,,ok,0.441
13.244,419,,,0.4142,,,,,,14.9842,r2_measured_00059,read,measured,,,,,0.6936,,ok,0.5409
14.4952,567,,,0.7292,,,,,,16.7608,r2_measured_00060,read,measured,,,,,0.9185,,ok,0.521
13.9772,663,,,0.7319,,,,,,16.1627,r2_measured_00061,read,measured,,,,,0.9425,,ok,0.424
11.3169,627,,,0.4523,,,,,,12.7401,r2_measured_00062,read,measured,,,,,0.5901,,ok,0.3223
14.8681,688,,,0.5846,,,,,,16.6554,r2_measured_00063,read,measured,,,,,0.6851,,ok,0.3997
13.4153,627,,,0.5035,,,,,,14.9896,r2_measured_00064,read,measured,,,,,0.5968,,ok,0.4114
13.7546,662,,,0.5241,,,,,,15.2369,r2_measured_00065,read,measured,,,,,0.5712,,ok,0.3201
14.3376,674,,,0.5132,,,,,,15.7778,r2_measured_00066,read,measured,,,,,0.5571,,ok,0.3063
14.4274,679,,,0.4896,,,,,,15.9652,r2_measured_00067,read,measured,,,,,0.6511,,ok,0.3291
13.0039,673,,,0.5034,,,,,,14.5396,r2_measured_00068,read,measured,,,,,0.6506,,ok,0.3146
106.0397,626,8.2324,12.6494,0.4824,2.2374,0,12.6479,1,58.7996,107.4397,r2_measured_00069,update,measured,46.1502,1.4,1,14.4152,0.5385,22.3551,ok,0.3199
11.8187,369,,,0.2083,,,,,,12.8242,r2_measured_00070,read,measured,,,,,0.4281,,ok,0.3253
14.805,418,,,0.2954,,,,,,16.2706,r2_measured_00071,read,measured,,,,,0.5825,,ok,0.5209
13.7126,416,,,0.3606,,,,,,15.2954,r2_measured_00072,read,measured,,,,,0.688,,ok,0.4719
15.0847,418,,,0.3573,,,,,,16.7077,r2_measured_00073,read,measured,,,,,0.6932,,ok,0.494
13.8233,677,,,0.6575,,,,,,16.0315,r2_measured_00074,read,measured,,,,,1.0375,,ok,0.4187
24.7567,680,,,0.6408,,,,,,26.6237,r2_measured_00075,read,measured,,,,,0.7403,,ok,0.4111
23.0869,686,,,0.7244,,,,,,25.2081,r2_measured_00076,read,measured,,,,,0.8661,,ok,0.4431
6.8226,507,,,0.5467,,,,,,8.3772,r2_measured_00077,read,measured,,,,,0.5621,,ok,0.3817
17.7656,509,,,0.4378,,,,,,19.1573,r2_measured_00078,read,measured,,,,,0.5799,,ok,0.3179
10.3854,416,,,0.2453,,,,,,11.5063,r2_measured_00079,read,measured,,,,,0.528,,ok,0.2976
13.8839,507,,,0.4866,,,,,,15.397,r2_measured_00080,read,measured,,,,,0.5462,,ok,0.4065
14.1369,417,,,0.2375,,,,,,15.2038,r2_measured_00081,read,measured,,,,,0.4843,,ok,0.2948
15.5824,689,,,0.6836,,,,,,17.5824,r2_measured_00082,read,measured,,,,,0.8666,,ok,0.3744
11.2656,675,,,0.529,,,,,,12.8389,r2_measured_00083,read,measured,,,,,0.6366,,ok,0.342
13.7374,679,,,0.5384,,,,,,15.284,r2_measured_00084,read,measured,,,,,0.5453,,ok,0.3959
12.9776,417,,,0.289,,,,,,14.1829,r2_measured_00085,read,measured,,,,,0.5468,,ok,0.3188
15.0856,628,,,0.478,,,,,,16.6549,r2_measured_00086,read,measured,,,,,0.6179,,ok,0.3902
13.5942,679,,,0.5593,,,,,,15.2242,r2_measured_00087,read,measured,,,,,0.6673,,ok,0.3336
14.6979,659,,,0.5542,,,,,,16.375,r2_measured_00088,read,measured,,,,,0.6989,,ok,0.3547
13.8893,507,,,0.5486,,,,,,15.6706,r2_measured_00089,read,measured,,,,,0.7095,,ok,0.4443
12.5679,672,,,0.4473,,,,,,14.0013,r2_measured_00090,read,measured,,,,,0.6256,,ok,0.2997
14.6732,566,,,0.6453,,,,,,16.6146,r2_measured_00091,read,measured,,,,,0.7917,,ok,0.4076
13.2811,628,,,0.5762,,,,,,14.9832,r2_measured_00092,read,measured,,,,,0.6504,,ok,0.4057
20.0193,679,,,0.6421,,,,,,21.9174,r2_measured_00093,read,measured,,,,,0.7893,,ok,0.3842
9.1914,677,,,0.493,,,,,,10.6538,r2_measured_00094,read,measured,,,,,0.6105,,ok,0.3006
11.7256,627,,,0.5083,,,,,,13.419,r2_measured_00095,read,measured,,,,,0.6492,,ok,0.4632
14.3071,508,,,0.4536,,,,,,15.7293,r2_measured_00096,read,measured,,,,,0.5897,,ok,0.3209
17.3433,628,,,0.6472,,,,,,19.2633,r2_measured_00097,read,measured,,,,,0.7293,,ok,0.4592
15.123,662,,,0.6548,,,,,,16.9781,r2_measured_00098,read,measured,,,,,0.7149,,ok,0.4031
13.4338,681,,,0.8632,,,,,,16.0089,r2_measured_00099,read,measured,,,,,0.9586,,ok,0.5666
8.993,568,,,0.6213,,,,,,10.8558,r2_measured_00100,read,measured,,,,,0.7406,,ok,0.4245
15.2155,680,,,0.8097,,,,,,17.6791,r2_measured_00101,read,measured,,,,,0.9873,,ok,0.562
11.1669,566,,,0.5159,,,,,,12.7534,r2_measured_00102,read,measured,,,,,0.6359,,ok,0.3638
12.0132,418,,,0.3201,,,,,,13.3979,r2_measured_00103,read,measured,,,,,0.5582,,ok,0.4446
107.5086,508,7.659,14.9771,0.4279,1.5823,1,14.9755,1,61.7026,108.787,r2_measured_00104,update,measured,46.7255,1.2784,1,15.9098,0.4913,20.6549,ok,0.3069
16.1291,674,,,0.5287,,,,,,17.6991,r2_measured_00105,read,measured,,,,,0.6272,,ok,0.3451
12.8359,680,,,0.6588,,,,,,14.7543,r2_measured_00106,read,measured,,,,,0.7509,,ok,0.4274
16.0062,566,,,0.5678,,,,,,17.806,r2_measured_00107,read,measured,,,,,0.7525,,ok,0.4025
68.6457,508,,,0.4581,,,,,,70.0523,r2_measured_00108,read,measured,,,,,0.5615,,ok,0.3161
17.4772,680,,,0.5798,,,,,,19.32,r2_measured_00109,read,measured,,,,,0.6898,,ok,0.4398
12.9554,678,,,0.5071,,,,,,14.6044,r2_measured_00110,read,measured,,,,,0.6959,,ok,0.3722
14.5007,680,,,0.7205,,,,,,16.4616,r2_measured_00111,read,measured,,,,,0.7425,,ok,0.4097
13.8429,679,,,0.6426,,,,,,15.7174,r2_measured_00112,read,measured,,,,,0.72,,ok,0.4326
12.8826,508,,,0.5689,,,,,,14.5095,r2_measured_00113,read,measured,,,,,0.6016,,ok,0.3884
12.9965,368,,,0.259,,,,,,14.2471,r2_measured_00114,read,measured,,,,,0.5509,,ok,0.3684
15.5126,661,,,0.7723,,,,,,17.5944,r2_measured_00115,read,measured,,,,,0.7399,,ok,0.4628
13.6538,680,,,0.6442,,,,,,16.665,r2_measured_00116,read,measured,,,,,1.77,,ok,0.5061
11.9969,508,,,0.6488,,,,,,13.9808,r2_measured_00117,read,measured,,,,,0.8131,,ok,0.4459
15.5871,627,,,0.5984,,,,,,17.3046,r2_measured_00118,read,measured,,,,,0.6653,,ok,0.3804
11.0377,660,,,0.51,,,,,,12.6,r2_measured_00119,read,measured,,,,,0.6117,,ok,0.3633
15.1191,679,,,0.6013,,,,,,16.8341,r2_measured_00120,read,measured,,,,,0.709,,ok,0.3348
10.512,417,,,0.3126,,,,,,11.8041,r2_measured_00121,read,measured,,,,,0.5763,,ok,0.3494
15.3868,509,,,0.5731,,,,,,17.3152,r2_measured_00122,read,measured,,,,,0.6873,,ok,0.5663
13.3651,679,,,0.5992,,,,,,15.1137,r2_measured_00123,read,measured,,,,,0.7265,,ok,0.352
16.0355,418,,,0.2625,,,,,,17.1881,r2_measured_00124,read,measured,,,,,0.499,,ok,0.336
13.3174,623,,,0.5618,,,,,,14.8272,r2_measured_00125,read,measured,,,,,0.566,,ok,0.3201
14.4617,661,,,0.6187,,,,,,16.1566,r2_measured_00126,read,measured,,,,,0.6399,,ok,0.3645
14.8052,678,,,0.5296,,,,,,16.3772,r2_measured_00127,read,measured,,,,,0.6418,,ok,0.3276
13.6283,680,,,0.6268,,,,,,15.5459,r2_measured_00128,read,measured,,,,,0.7697,,ok,0.4172
11.1329,688,,,0.6089,,,,,,12.9725,r2_measured_00129,read,measured,,,,,0.7204,,ok,0.4275
26.5711,679,,,0.6197,,,,,,28.3403,r2_measured_00130,read,measured,,,,,0.6894,,ok,0.3909
15.5382,507,,,0.5848,,,,,,17.0804,r2_measured_00131,read,measured,,,,,0.5529,,ok,0.3408
14.0176,678,,,0.5978,,,,,,15.7178,r2_measured_00132,read,measured,,,,,0.6635,,ok,0.3653
12.9169,418,,,0.2677,,,,,,14.1042,r2_measured_00133,read,measured,,,,,0.5405,,ok,0.3275
15.2813,566,,,0.5254,,,,,,16.8678,r2_measured_00134,read,measured,,,,,0.6524,,ok,0.3384
13.585,674,,,0.5425,,,,,,15.1984,r2_measured_00135,read,measured,,,,,0.6537,,ok,0.3452
15.9549,680,,,0.6832,,,,,,17.8521,r2_measured_00136,read,measured,,,,,0.7155,,ok,0.4147
12.184,688,,,0.5921,,,,,,13.9256,r2_measured_00137,read,measured,,,,,0.6835,,ok,0.3957
13.7797,565,,,0.6806,,,,,,15.4883,r2_measured_00138,read,measured,,,,,0.581,,ok,0.3756
14.4158,566,,,0.5587,,,,,,16.1399,r2_measured_00139,read,measured,,,,,0.6907,,ok,0.4028
13.3287,673,,,0.53,,,,,,14.8848,r2_measured_00140,read,measured,,,,,0.6229,,ok,0.3344
14.0123,507,,,0.4193,,,,,,15.4077,r2_measured_00141,read,measured,,,,,0.5603,,ok,0.3552
106.5938,628,3.6752,11.9069,0.5081,2.0041,1,11.9054,1,58.8622,107.999,r2_measured_00142,update,measured,46.9553,1.4052,1,19.0821,0.5266,22.9702,ok,0.3095
14.8062,566,,,0.5781,,,,,,16.5368,r2_measured_00143,read,measured,,,,,0.6592,,ok,0.415
13.5429,680,,,0.5043,,,,,,15.1193,r2_measured_00144,read,measured,,,,,0.6819,,ok,0.3251
24.6565,678,,,0.6049,,,,,,26.552,r2_measured_00145,read,measured,,,,,0.8152,,ok,0.394
21.9072,680,,,0.8729,,,,,,24.4335,r2_measured_00146,read,measured,,,,,0.9972,,ok,0.5421
92.8741,679,13.341,8.0368,0.5104,2.1354,0,8.0344,1,52.7379,94.4611,r2_measured_00147,update,measured,44.7011,1.587,1,0.0077,0.6558,24.6521,ok,0.3543
8.1823,416,,,0.3189,,,,,,9.5151,r2_measured_00148,read,measured,,,,,0.5313,,ok,0.418
13.0513,369,,,0.343,,,,,,14.5034,r2_measured_00149,read,measured,,,,,0.5663,,ok,0.4772
18.1428,679,,,0.664,,,,,,20.1693,r2_measured_00150,read,measured,,,,,0.8152,,ok,0.4525
9.8916,626,,,0.6316,,,,,,11.7964,r2_measured_00151,read,measured,,,,,0.6673,,ok,0.5264
15.6564,680,,,0.8425,,,,,,18.0467,r2_measured_00152,read,measured,,,,,0.9097,,ok,0.5418
12.0543,367,,,0.3127,,,,,,13.4832,r2_measured_00153,read,measured,,,,,0.5906,,ok,0.4584
15.2539,419,,,0.3698,,,,,,16.8898,r2_measured_00154,read,measured,,,,,0.7081,,ok,0.4814
12.5403,661,,,0.5761,,,,,,14.1871,r2_measured_00155,read,measured,,,,,0.6846,,ok,0.3163
12.4076,417,,,0.322,,,,,,13.9352,r2_measured_00156,read,measured,,,,,0.6406,,ok,0.4478
14.792,679,,,0.5837,,,,,,16.6139,r2_measured_00157,read,measured,,,,,0.7595,,ok,0.3953
12.6069,417,,,0.3606,,,,,,14.2185,r2_measured_00158,read,measured,,,,,0.6625,,ok,0.5179
17.2666,675,,,0.7291,,,,,,19.3041,r2_measured_00159,read,measured,,,,,0.7572,,ok,0.4591
17.319,508,,,0.7282,,,,,,19.5634,r2_measured_00160,read,measured,,,,,0.8903,,ok,0.5355
10.1176,680,,,0.6682,,,,,,12.1488,r2_measured_00161,read,measured,,,,,0.8227,,ok,0.4477
9.3542,504,,,0.5219,,,,,,11.0933,r2_measured_00162,read,measured,,,,,0.7252,,ok,0.4237
18.7513,672,,,0.552,,,,,,20.3082,r2_measured_00163,read,measured,,,,,0.6115,,ok,0.3234
8.8945,679,,,0.5094,,,,,,10.4251,r2_measured_00164,read,measured,,,,,0.595,,ok,0.3653
89.6129,679,8.4526,16.3365,0.5552,2.6244,1,16.3347,1,56.2856,91.304,r2_measured_00165,update,measured,39.9491,1.6911,1,0.0054,0.6948,22.2449,ok,0.356
105.4261,509,13.0499,16.7812,0.4367,2.0646,1,16.7792,1,58.5671,106.8692,r2_measured_00166,update,measured,41.7859,1.4431,1,15.1471,0.5472,16.5974,ok,0.3844
12.822,418,,,0.2844,,,,,,14.0823,r2_measured_00167,read,measured,,,,,0.581,,ok,0.3377
16.1149,627,,,0.6217,,,,,,18.2301,r2_measured_00168,read,measured,,,,,0.9433,,ok,0.4728
13.9339,661,,,0.7096,,,,,,15.9619,r2_measured_00169,read,measured,,,,,0.7932,,ok,0.4339
14.5936,674,,,0.5519,,,,,,16.2313,r2_measured_00170,read,measured,,,,,0.6457,,ok,0.3692
16.8279,681,,,0.6585,,,,,,18.8228,r2_measured_00171,read,measured,,,,,0.8273,,ok,0.4137
8.9681,567,,,0.4561,,,,,,10.3461,r2_measured_00172,read,measured,,,,,0.5424,,ok,0.322
125.426,686,21.8096,11.0772,0.4887,2.3107,0,11.0757,1,58.1963,126.967,r2_measured_00173,update,measured,47.1191,1.541,1,19.9208,0.5886,23.1886,ok,0.3243
8.0805,369,,,0.2367,,,,,,9.0832,r2_measured_00174,read,measured,,,,,0.4183,,ok,0.3013
17.1071,678,,,0.5814,,,,,,18.8141,r2_measured_00175,read,measured,,,,,0.7088,,ok,0.3456
19.2367,628,,,0.4346,,,,,,20.6378,r2_measured_00176,read,measured,,,,,0.5917,,ok,0.3152
8.3364,660,,,0.5263,,,,,,10.0362,r2_measured_00177,read,measured,,,,,0.7671,,ok,0.3273
14.1227,681,,,0.5608,,,,,,15.7836,r2_measured_00178,read,measured,,,,,0.7154,,ok,0.3229
14.2702,367,,,0.2352,,,,,,15.3859,r2_measured_00179,read,measured,,,,,0.4815,,ok,0.345
15.3806,674,,,0.5273,,,,,,16.9254,r2_measured_00180,read,measured,,,,,0.6206,,ok,0.3129
12.184,688,,,0.5073,,,,,,13.7201,r2_measured_00181,read,measured,,,,,0.6432,,ok,0.3235
112.5415,661,10.1414,13.1676,0.5386,2.0558,1,13.1661,1,61.0111,114.083,r2_measured_00182,update,measured,47.8435,1.5415,1,14.9747,0.6177,24.3585,ok,0.319
11.2889,507,,,0.5327,,,,,,12.695,r2_measured_00183,read,measured,,,,,0.5039,,ok,0.3152
10.9653,367,,,0.2428,,,,,,12.1049,r2_measured_00184,read,measured,,,,,0.5076,,ok,0.3386
17.5232,568,,,0.7502,,,,,,19.7009,r2_measured_00185,read,measured,,,,,0.8113,,ok,0.5265
11.3656,507,,,0.6083,,,,,,13.2854,r2_measured_00186,read,measured,,,,,0.7749,,ok,0.4481
14.2592,568,,,0.5791,,,,,,16.0301,r2_measured_00187,read,measured,,,,,0.7233,,ok,0.3959
13.1418,628,,,0.6269,,,,,,14.8392,r2_measured_00188,read,measured,,,,,0.6208,,ok,0.3782
13.5494,675,,,0.4982,,,,,,15.059,r2_measured_00189,read,measured,,,,,0.6285,,ok,0.315
13.1816,418,,,0.2787,,,,,,14.3585,r2_measured_00190,read,measured,,,,,0.4829,,ok,0.3625
15.7121,679,,,0.6452,,,,,,17.5647,r2_measured_00191,read,measured,,,,,0.7215,,ok,0.4049
19.6015,689,,,0.7179,,,,,,21.762,r2_measured_00192,read,measured,,,,,0.8164,,ok,0.5253
8.3808,679,,,0.6796,,,,,,10.3493,r2_measured_00193,read,measured,,,,,0.753,,ok,0.4524
11.8645,677,,,0.6553,,,,,,13.8121,r2_measured_00194,read,measured,,,,,0.7758,,ok,0.4382
15.7337,661,,,0.6946,,,,,,17.8867,r2_measured_00195,read,measured,,,,,0.9428,,ok,0.4216
10.4768,661,,,0.7088,,,,,,12.659,r2_measured_00196,read,measured,,,,,0.9223,,ok,0.4634
14.3763,566,,,0.7216,,,,,,16.5317,r2_measured_00197,read,measured,,,,,0.8563,,ok,0.4852
12.4818,678,,,0.739,,,,,,14.4899,r2_measured_00198,read,measured,,,,,0.7408,,ok,0.449
12.8146,662,,,0.5941,,,,,,14.6222,r2_measured_00199,read,measured,,,,,0.7325,,ok,0.3992
15.1904,674,,,0.5595,,,,,,16.9799,r2_measured_00200,read,measured,,,,,0.7554,,ok,0.4057
12.7337,674,,,0.7033,,,,,,14.791,r2_measured_00201,read,measured,,,,,0.7207,,ok,0.5381
13.1528,680,,,0.5989,,,,,,15.0399,r2_measured_00202,read,measured,,,,,0.7139,,ok,0.4864
12.71,628,,,0.6657,,,,,,14.6992,r2_measured_00203,read,measured,,,,,0.7402,,ok,0.5004
15.0369,674,,,0.5826,,,,,,16.8543,r2_measured_00204,read,measured,,,,,0.7802,,ok,0.3759
12.5019,568,,,0.5323,,,,,,14.2559,r2_measured_00205,read,measured,,,,,0.763,,ok,0.3872
16.689,628,,,0.6596,,,,,,18.8755,r2_measured_00206,read,measured,,,,,0.8594,,ok,0.5702
12.0684,417,,,0.333,,,,,,13.6662,r2_measured_00207,read,measured,,,,,0.6331,,ok,0.5578
12.529,687,,,0.7381,,,,,,14.5432,r2_measured_00208,read,measured,,,,,0.7653,,ok,0.4259
14.134,679,,,0.8631,,,,,,16.4381,r2_measured_00209,read,measured,,,,,0.8427,,ok,0.5021
12.7029,687,,,0.7217,,,,,,14.9526,r2_measured_00210,read,measured,,,,,0.9977,,ok,0.4387
12.5143,680,,,0.6602,,,,,,14.6053,r2_measured_00211,read,measured,,,,,0.7765,,ok,0.5444
15.2812,628,,,0.6806,,,,,,17.2109,r2_measured_00212,read,measured,,,,,0.7151,,ok,0.4481
10.2978,369,,,0.2687,,,,,,11.4727,r2_measured_00213,read,measured,,,,,0.5069,,ok,0.3455
14.0165,416,,,0.3806,,,,,,15.5883,r2_measured_00214,read,measured,,,,,0.6642,,ok,0.4569
14.4686,624,,,0.5824,,,,,,16.2155,r2_measured_00215,read,measured,,,,,0.6847,,ok,0.4018
107.9174,629,11.1262,10.6064,0.641,2.775,0,10.6046,1,61.9378,109.849,r2_measured_00216,update,measured,51.3314,1.9316,1,0.0094,0.7889,32.069,ok,0.4261
11.0813,628,,,0.5299,,,,,,12.7227,r2_measured_00217,read,measured,,,,,0.7014,,ok,0.3417
13.2486,509,,,0.5646,,,,,,15.0003,r2_measured_00218,read,measured,,,,,0.6796,,ok,0.4383
25.3435,678,,,0.7296,,,,,,27.6611,r2_measured_00219,read,measured,,,,,1.0283,,ok,0.471
25.4481,624,,,1.0403,,,,,,28.808,r2_measured_00220,read,measured,,,,,1.4476,,ok,0.729
9.3426,681,,,0.8261,,,,,,11.9385,r2_measured_00221,read,measured,,,,,1.1247,,ok,0.544
7.4121,680,,,0.6502,,,,,,9.3711,r2_measured_00222,read,measured,,,,,0.7695,,ok,0.4541
13.9998,679,,,0.745,,,,,,16.1477,r2_measured_00223,read,measured,,,,,0.8965,,ok,0.4019
15.7906,567,,,0.4849,,,,,,17.2247,r2_measured_00224,read,measured,,,,,0.5528,,ok,0.3389
14.9785,679,,,0.5867,,,,,,16.7379,r2_measured_00225,read,measured,,,,,0.6993,,ok,0.3973
11.1039,679,,,0.6465,,,,,,12.9901,r2_measured_00226,read,measured,,,,,0.7426,,ok,0.4156
15.3062,415,,,0.2702,,,,,,16.4678,r2_measured_00227,read,measured,,,,,0.5304,,ok,0.3082
9.957,672,,,0.4864,,,,,,11.3977,r2_measured_00228,read,measured,,,,,0.5851,,ok,0.3067
15.1369,567,,,0.6883,,,,,,17.3811,r2_measured_00229,read,measured,,,,,0.8816,,ok,0.5745
12.6578,508,,,0.8214,,,,,,14.491,r2_measured_00230,read,measured,,,,,0.5877,,ok,0.3607
12.6106,628,,,0.5638,,,,,,14.2473,r2_measured_00231,read,measured,,,,,0.6384,,ok,0.3597
13.8711,673,,,0.6065,,,,,,15.5885,r2_measured_00232,read,measured,,,,,0.699,,ok,0.3456
13.9199,673,,,0.4804,,,,,,15.3421,r2_measured_00233,read,measured,,,,,0.5785,,ok,0.3049
15.6201,369,,,0.2879,,,,,,16.9286,r2_measured_00234,read,measured,,,,,0.549,,ok,0.4112
12.9041,687,,,0.6136,,,,,,14.6634,r2_measured_00235,read,measured,,,,,0.7125,,ok,0.362
13.1765,568,,,0.5498,,,,,,14.8475,r2_measured_00236,read,measured,,,,,0.6542,,ok,0.3942
123.8992,672,19.7383,12.4346,0.8625,2.2791,1,12.4326,1,58.8992,126.5258,r2_measured_00237,update,measured,46.4646,2.6266,1,13.9341,1.1071,29.0485,ok,0.5513
12.1648,674,,,0.7387,,,,,,14.6033,r2_measured_00238,read,measured,,,,,0.9286,,ok,0.6477
12.4083,629,,,0.766,,,,,,14.7468,r2_measured_00239,read,measured,,,,,1.0139,,ok,0.4644
11.7789,417,,,0.3082,,,,,,12.9784,r2_measured_00240,read,measured,,,,,0.5161,,ok,0.3216
14.0309,680,,,0.5279,,,,,,15.5174,r2_measured_00241,read,measured,,,,,0.5635,,ok,0.3328
15.3567,369,,,0.2534,,,,,,16.523,r2_measured_00242,read,measured,,,,,0.5149,,ok,0.3446
12.9482,680,,,0.7862,,,,,,14.9976,r2_measured_00243,read,measured,,,,,0.7557,,ok,0.4164
14.0095,567,,,0.5433,,,,,,15.7259,r2_measured_00244,read,measured,,,,,0.6587,,ok,0.4418
12.725,509,,,0.6619,,,,,,14.6738,r2_measured_00245,read,measured,,,,,0.6576,,ok,0.5489
14.706,673,,,0.6716,,,,,,16.7127,r2_measured_00246,read,measured,,,,,0.7984,,ok,0.452
107.3066,680,12.7948,10.4562,0.5184,2.7233,1,10.4546,1,57.1648,108.9447,r2_measured_00247,update,measured,46.7086,1.6381,1,15.1679,0.6818,19.4558,ok,0.3702
13.0924,661,,,0.4279,,,,,,14.3875,r2_measured_00248,read,measured,,,,,0.4929,,ok,0.3146
13.8096,679,,,0.4773,,,,,,15.2485,r2_measured_00249,read,measured,,,,,0.5726,,ok,0.3246
15.4304,681,,,0.5286,,,,,,17.0163,r2_measured_00250,read,measured,,,,,0.612,,ok,0.3762
11.9686,568,,,0.5003,,,,,,13.5102,r2_measured_00251,read,measured,,,,,0.6376,,ok,0.3397
15.3937,624,,,0.6687,,,,,,17.3721,r2_measured_00252,read,measured,,,,,0.7548,,ok,0.4652
15.3343,627,,,0.6341,,,,,,17.2487,r2_measured_00253,read,measured,,,,,0.7888,,ok,0.4124
10.7632,509,,,0.3686,,,,,,11.9774,r2_measured_00254,read,measured,,,,,0.4541,,ok,0.3387
17.0157,369,,,0.4113,,,,,,18.7458,r2_measured_00255,read,measured,,,,,0.6872,,ok,0.5573
76.654,565,,,0.6394,,,,,,78.2908,r2_measured_00256,read,measured,,,,,0.5823,,ok,0.358
9.3222,567,,,0.5099,,,,,,10.7509,r2_measured_00257,read,measured,,,,,0.5516,,ok,0.3057
14.0181,677,,,0.5413,,,,,,15.6756,r2_measured_00258,read,measured,,,,,0.724,,ok,0.3207
15.1445,627,,,0.6125,,,,,,16.8237,r2_measured_00259,read,measured,,,,,0.6259,,ok,0.3709
12.6683,675,,,0.5238,,,,,,14.302,r2_measured_00260,read,measured,,,,,0.6266,,ok,0.4039
11.7657,418,,,0.3001,,,,,,12.9906,r2_measured_00261,read,measured,,,,,0.5017,,ok,0.364
15.1057,417,,,0.2753,,,,,,16.3184,r2_measured_00262,read,measured,,,,,0.5657,,ok,0.3175
14.3172,674,,,0.6114,,,,,,16.1889,r2_measured_00263,read,measured,,,,,0.7949,,ok,0.3883
13.0203,368,,,0.2713,,,,,,14.1604,r2_measured_00264,read,measured,,,,,0.5105,,ok,0.3043
15.8677,508,,,0.608,,,,,,17.9212,r2_measured_00265,read,measured,,,,,0.7321,,ok,0.6263
14.2026,506,,,0.7979,,,,,,16.4944,r2_measured_00266,read,measured,,,,,0.8495,,ok,0.5524
13.3084,507,,,0.4774,,,,,,14.7658,r2_measured_00267,read,measured,,,,,0.5518,,ok,0.3662
13.5973,418,,,0.3253,,,,,,14.7979,r2_measured_00268,read,measured,,,,,0.4993,,ok,0.3253
15.0813,369,,,0.3201,,,,,,16.5542,r2_measured_00269,read,measured,,,,,0.6259,,ok,0.4572
104.3513,509,9.777,9.9846,0.6043,1.7263,1,9.9826,1,55.7014,106.0978,r2_measured_00270,update,measured,45.7168,1.7465,1,15.862,0.6306,21.2846,ok,0.4375
16.6855,628,,,0.6777,,,,,,18.6953,r2_measured_00271,read,measured,,,,,0.7745,,ok,0.4688
10.226,416,,,0.2341,,,,,,11.2292,r2_measured_00272,read,measured,,,,,0.4327,,ok,0.2903
14.8401,568,,,0.5319,,,,,,16.4144,r2_measured_00273,read,measured,,,,,0.6331,,ok,0.3417
14.2868,674,,,0.5771,,,,,,16.1423,r2_measured_00274,read,measured,,,,,0.8389,,ok,0.3705
18.7525,504,,,0.6403,,,,,,20.9014,r2_measured_00275,read,measured,,,,,0.8826,,ok,0.5334
9.1012,508,,,0.5283,,,,,,10.6645,r2_measured_00276,read,measured,,,,,0.5565,,ok,0.4119
21.7226,628,,,0.5827,,,,,,23.2532,r2_measured_00277,read,measured,,,,,0.5604,,ok,0.3196
84.2953,624,14.1783,3.9502,0.6337,2.4398,0,3.9487,1,48.8163,85.9869,r2_measured_00278,update,measured,44.8661,1.6916,1,0.005,0.6127,18.8559,ok,0.3775
12.828,678,,,0.5727,,,,,,14.591,r2_measured_00279,read,measured,,,,,0.7296,,ok,0.3856
125.205,662,21.7382,10.9368,0.8805,2.3739,1,10.935,1,59.4548,127.8163,r2_measured_00280,update,measured,48.518,2.6113,1,16.304,1.0622,25.3341,ok,0.561
10.2885,417,,,0.3677,,,,,,11.923,r2_measured_00281,read,measured,,,,,0.6783,,ok,0.5121
15.0006,509,,,0.7428,,,,,,17.3067,r2_measured_00282,read,measured,,,,,0.901,,ok,0.5692
11.2055,628,,,0.5428,,,,,,12.765,r2_measured_00283,read,measured,,,,,0.6239,,ok,0.3302
13.2721,624,,,0.5493,,,,,,14.8839,r2_measured_00284,read,measured,,,,,0.6221,,ok,0.3728
12.7947,418,,,0.3794,,,,,,14.1448,r2_measured_00285,read,measured,,,,,0.5616,,ok,0.3575
15.1753,507,,,0.4925,,,,,,16.586,r2_measured_00286,read,measured,,,,,0.5394,,ok,0.3268
13.7004,509,,,0.4715,,,,,,15.2146,r2_measured_00287,read,measured,,,,,0.6264,,ok,0.355
13.5915,417,,,0.3077,,,,,,14.9411,r2_measured_00288,read,measured,,,,,0.5692,,ok,0.3963
16.1782,628,,,0.5666,,,,,,18.2015,r2_measured_00289,read,measured,,,,,0.9009,,ok,0.4715
12.4562,679,,,0.5876,,,,,,14.2343,r2_measured_00290,read,measured,,,,,0.7525,,ok,0.3667
16.919,628,,,0.5736,,,,,,18.6737,r2_measured_00291,read,measured,,,,,0.6766,,ok,0.4046
13.7365,507,,,0.4979,,,,,,15.267,r2_measured_00292,read,measured,,,,,0.6024,,ok,0.366
15.421,689,,,0.7164,,,,,,17.5826,r2_measured_00293,read,measured,,,,,0.8028,,ok,0.4932
19.3229,678,,,1.0923,,,,,,22.2451,r2_measured_00294,read,measured,,,,,1.1233,,ok,0.5935
19.0916,662,,,0.7524,,,,,,21.4999,r2_measured_00295,read,measured,,,,,1.0282,,ok,0.5236
11.1562,509,,,0.6248,,,,,,13.1943,r2_measured_00296,read,measured,,,,,0.8233,,ok,0.5041
14.6954,679,,,0.71,,,,,,16.8395,r2_measured_00297,read,measured,,,,,0.8522,,ok,0.4813
12.5972,627,,,0.7038,,,,,,14.6771,r2_measured_00298,read,measured,,,,,0.8248,,ok,0.46
12.8694,627,,,0.7346,,,,,,15.1168,r2_measured_00299,read,measured,,,,,0.8852,,ok,0.532
12.1907,681,,,0.7052,,,,,,14.2031,r2_measured_00300,read,measured,,,,,0.7738,,ok,0.4492
13.0603,418,,,0.3254,,,,,,14.6159,r2_measured_00301,read,measured,,,,,0.7205,,ok,0.4372
14.1257,679,,,0.7576,,,,,,16.2011,r2_measured_00302,read,measured,,,,,0.7675,,ok,0.4667
14.2316,566,,,0.6847,,,,,,16.2343,r2_measured_00303,read,measured,,,,,0.8021,,ok,0.4313
14.1228,567,,,0.6357,,,,,,16.0315,r2_measured_00304,read,measured,,,,,0.7662,,ok,0.4294
12.5064,509,,,0.6822,,,,,,14.462,r2_measured_00305,read,measured,,,,,0.7299,,ok,0.465
15.7123,568,,,0.6179,,,,,,17.6504,r2_measured_00306,read,measured,,,,,0.7603,,ok,0.4756
10.8141,509,,,0.5394,,,,,,12.3423,r2_measured_00307,read,measured,,,,,0.5492,,ok,0.3643
15.1133,626,,,0.6198,,,,,,17.0751,r2_measured_00308,read,measured,,,,,0.7608,,ok,0.4879
12.7946,507,,,0.6366,,,,,,14.6761,r2_measured_00309,read,measured,,,,,0.705,,ok,0.465
16.662,679,,,0.7242,,,,,,18.6991,r2_measured_00310,read,measured,,,,,0.7737,,ok,0.4261
10.614,662,,,0.5908,,,,,,12.3598,r2_measured_00311,read,measured,,,,,0.6944,,ok,0.3847
14.1453,679,,,0.5575,,,,,,15.829,r2_measured_00312,read,measured,,,,,0.7009,,ok,0.3543
11.6658,418,,,0.2904,,,,,,12.9011,r2_measured_00313,read,measured,,,,,0.5129,,ok,0.3742
16.4848,659,,,0.7463,,,,,,18.6749,r2_measured_00314,read,measured,,,,,0.891,,ok,0.4593
12.6799,680,,,0.82,,,,,,14.9272,r2_measured_00315,read,measured,,,,,0.8246,,ok,0.5082
13.3308,417,,,0.4528,,,,,,15.1699,r2_measured_00316,read,measured,,,,,0.7419,,ok,0.563
14.8399,680,,,0.7325,,,,,,16.9608,r2_measured_00317,read,measured,,,,,0.8498,,ok,0.4524
14.0682,680,,,0.541,,,,,,15.8456,r2_measured_00318,read,measured,,,,,0.8066,,ok,0.3572
11.5624,419,,,0.3086,,,,,,12.8423,r2_measured_00319,read,measured,,,,,0.5307,,ok,0.3808
15.9318,689,,,0.6461,,,,,,18.8731,r2_measured_00320,read,measured,,,,,1.7688,,ok,0.3876
10.9751,624,,,0.5216,,,,,,12.5338,r2_measured_00321,read,measured,,,,,0.6351,,ok,0.3387
15.1137,686,,,0.6813,,,,,,16.994,r2_measured_00322,read,measured,,,,,0.783,,ok,0.3317
13.242,419,,,0.3134,,,,,,14.5936,r2_measured_00323,read,measured,,,,,0.5759,,ok,0.3992
14.3836,509,,,0.4966,,,,,,15.8819,r2_measured_00324,read,measured,,,,,0.5999,,ok,0.3351
16.2951,675,,,0.8617,,,,,,18.5066,r2_measured_00325,read,measured,,,,,0.8098,,ok,0.4484
11.9381,688,,,0.5333,,,,,,13.4796,r2_measured_00326,read,measured,,,,,0.5601,,ok,0.3831
14.7731,681,,,0.6305,,,,,,16.6821,r2_measured_00327,read,measured,,,,,0.7715,,ok,0.4248
13.9463,679,,,0.7301,,,,,,16.2258,r2_measured_00328,read,measured,,,,,0.8516,,ok,0.4635
141.7023,674,23.467,11.4641,0.9665,2.8005,1,11.4623,1,58.3975,144.7295,r2_measured_00329,update,measured,46.9334,3.0272,1,29.3146,1.2637,27.7227,ok,0.6694
9.1502,679,,,0.5134,,,,,,10.6957,r2_measured_00330,read,measured,,,,,0.6269,,ok,0.3376
12.3401,418,,,0.507,,,,,,14.7099,r2_measured_00331,read,measured,,,,,0.8941,,ok,0.8807
14.3038,507,,,0.4796,,,,,,15.7771,r2_measured_00332,read,measured,,,,,0.5588,,ok,0.3704
15.789,681,,,0.7707,,,,,,18.014,r2_measured_00333,read,measured,,,,,0.8401,,ok,0.51
11.3868,417,,,0.2555,,,,,,12.5367,r2_measured_00334,read,measured,,,,,0.522,,ok,0.3259
13.854,369,,,0.2134,,,,,,14.8382,r2_measured_00335,read,measured,,,,,0.4155,,ok,0.3038
15.5503,567,,,0.6149,,,,,,17.4103,r2_measured_00336,read,measured,,,,,0.672,,ok,0.4961
14.3219,659,,,0.8785,,,,,,16.6948,r2_measured_00337,read,measured,,,,,0.8531,,ok,0.5251
107.6897,418,17.2828,11.0094,0.3652,1.5642,1,11.0072,1,57.6412,109.3213,r2_measured_00338,update,measured,46.6318,1.6316,1,15.8863,0.723,15.3152,ok,0.4659
11.2643,624,,,0.6171,,,,,,13.0541,r2_measured_00339,read,measured,,,,,0.6772,,ok,0.417
17.5464,661,,,0.7056,,,,,,19.7293,r2_measured_00340,read,measured,,,,,0.9217,,ok,0.4641
120.4669,679,14.0063,8.3099,0.578,2.4946,1,8.3079,1,54.9027,122.1698,r2_measured_00341,update,measured,46.5928,1.7029,1,30.6001,0.6744,18.4632,ok,0.3783
104.7367,681,16.8902,11.5651,0.5423,2.2237,1,11.563,1,57.3908,106.2164,r2_measured_00342,update,measured,45.8257,1.4797,1,0.0091,0.5428,28.2229,ok,0.3299
12.4696,369,,,0.2123,,,,,,13.4553,r2_measured_00343,read,measured,,,,,0.4359,,ok,0.2892
14.6948,504,,,0.421,,,,,,15.9884,r2_measured_00344,read,measured,,,,,0.4937,,ok,0.3245
18.1882,688,,,0.762,,,,,,20.4565,r2_measured_00345,read,measured,,,,,0.8752,,ok,0.5282
10.6375,679,,,0.572,,,,,,12.3082,r2_measured_00346,read,measured,,,,,0.6131,,ok,0.3971
15.4269,624,,,0.7714,,,,,,17.8088,r2_measured_00347,read,measured,,,,,0.9398,,ok,0.571
11.8569,369,,,0.3482,,,,,,13.6281,r2_measured_00348,read,measured,,,,,0.7133,,ok,0.6159
15.4448,565,,,0.4987,,,,,,16.9661,r2_measured_00349,read,measured,,,,,0.6558,,ok,0.3039
10.0463,418,,,0.235,,,,,,11.0943,r2_measured_00350,read,measured,,,,,0.4582,,ok,0.3064
17.6077,566,,,0.6449,,,,,,19.4942,r2_measured_00351,read,measured,,,,,0.7579,,ok,0.4116
11.1694,663,,,0.4994,,,,,,12.596,r2_measured_00352,read,measured,,,,,0.5584,,ok,0.3132
15.3349,418,,,0.3073,,,,,,16.5537,r2_measured_00353,read,measured,,,,,0.5153,,ok,0.3397
13.9558,688,,,0.5402,,,,,,15.606,r2_measured_00354,read,measured,,,,,0.6823,,ok,0.3587
12.6883,687,,,0.5888,,,,,,14.4857,r2_measured_00355,read,measured,,,,,0.7549,,ok,0.3756
13.5978,678,,,0.5286,,,,,,15.0914,r2_measured_00356,read,measured,,,,,0.5941,,ok,0.3092
12.8999,627,,,0.5469,,,,,,14.515,r2_measured_00357,read,measured,,,,,0.6281,,ok,0.3165
14.2787,674,,,0.5442,,,,,,15.8846,r2_measured_00358,read,measured,,,,,0.6635,,ok,0.3234
13.0333,509,,,0.4647,,,,,,14.3959,r2_measured_00359,read,measured,,,,,0.512,,ok,0.3215
14.2244,369,,,0.2297,,,,,,15.2986,r2_measured_00360,read,measured,,,,,0.5004,,ok,0.2953
13.1607,674,,,0.5161,,,,,,14.5887,r2_measured_00361,read,measured,,,,,0.559,,ok,0.2938
14.533,689,,,0.5584,,,,,,16.1626,r2_measured_00362,read,measured,,,,,0.6525,,ok,0.3463
13.2567,663,,,0.4969,,,,,,14.753,r2_measured_00363,read,measured,,,,,0.5782,,ok,0.3514
14.1702,675,,,0.529,,,,,,15.801,r2_measured_00364,read,measured,,,,,0.6988,,ok,0.3284
13.694,679,,,0.4705,,,,,,15.1238,r2_measured_00365,read,measured,,,,,0.5839,,ok,0.3138
16.1339,679,,,0.5237,,,,,,17.6935,r2_measured_00366,read,measured,,,,,0.6237,,ok,0.3301
13.2155,417,,,0.2623,,,,,,14.3168,r2_measured_00367,read,measured,,,,,0.4674,,ok,0.3233
126.5614,675,9.0469,11.7399,0.5914,2.6441,1,11.7378,1,60.7469,128.2995,r2_measured_00368,update,measured,49.007,1.7381,1,32.1773,0.6852,21.9462,ok,0.3841
10.5554,679,,,0.6351,,,,,,12.2609,r2_measured_00369,read,measured,,,,,0.615,,ok,0.3851
18.3755,680,,,0.5194,,,,,,20.0546,r2_measured_00370,read,measured,,,,,0.7286,,ok,0.3559
9.8855,674,,,0.5336,,,,,,11.4751,r2_measured_00371,read,measured,,,,,0.6323,,ok,0.3542
18.0614,624,,,0.4594,,,,,,19.5503,r2_measured_00372,read,measured,,,,,0.636,,ok,0.3254
7.8847,628,,,0.4673,,,,,,9.3745,r2_measured_00373,read,measured,,,,,0.6067,,ok,0.3519
24.3733,678,,,0.5944,,,,,,26.1161,r2_measured_00374,read,measured,,,,,0.6503,,ok,0.4207
6.083,662,,,0.5182,,,,,,7.6836,r2_measured_00375,read,measured,,,,,0.6806,,ok,0.3333
12.9167,662,,,0.5838,,,,,,14.6034,r2_measured_00376,read,measured,,,,,0.6494,,ok,0.3788
13.5508,688,,,0.5544,,,,,,15.2096,r2_measured_00377,read,measured,,,,,0.6846,,ok,0.3495
14.6616,507,,,0.526,,,,,,16.2104,r2_measured_00378,read,measured,,,,,0.5848,,ok,0.3712
14.4678,685,,,0.5733,,,,,,16.0717,r2_measured_00379,read,measured,,,,,0.6304,,ok,0.3342
12.2371,679,,,0.4903,,,,,,13.7248,r2_measured_00380,read,measured,,,,,0.5905,,ok,0.3425
16.5287,627,,,0.5008,,,,,,18.0174,r2_measured_00381,read,measured,,,,,0.5931,,ok,0.3271
15.0208,685,,,0.5039,,,,,,16.5116,r2_measured_00382,read,measured,,,,,0.5847,,ok,0.3348
11.0579,566,,,0.4679,,,,,,12.6093,r2_measured_00383,read,measured,,,,,0.6791,,ok,0.3391
14.4834,680,,,0.5724,,,,,,16.1996,r2_measured_00384,read,measured,,,,,0.6566,,ok,0.4086
13.7152,505,,,0.5159,,,,,,15.3909,r2_measured_00385,read,measured,,,,,0.7375,,ok,0.3536
14.0164,418,,,0.3082,,,,,,15.4084,r2_measured_00386,read,measured,,,,,0.6142,,ok,0.4054
14.6676,567,,,0.6188,,,,,,16.8398,r2_measured_00387,read,measured,,,,,0.855,,ok,0.587
13.8757,680,,,0.6765,,,,,,15.8037,r2_measured_00388,read,measured,,,,,0.7509,,ok,0.4137
12.2458,369,,,0.249,,,,,,13.443,r2_measured_00389,read,measured,,,,,0.5757,,ok,0.3195
19.0603,566,,,0.494,,,,,,20.5038,r2_measured_00390,read,measured,,,,,0.5586,,ok,0.3293
13.7054,687,,,0.5082,,,,,,15.2176,r2_measured_00391,read,measured,,,,,0.6,,ok,0.3304
10.3059,505,,,0.4514,,,,,,11.7163,r2_measured_00392,read,measured,,,,,0.5487,,ok,0.3529
14.3572,679,,,0.6238,,,,,,15.9517,r2_measured_00393,read,measured,,,,,0.5761,,ok,0.3275
13.4312,679,,,0.5102,,,,,,14.9976,r2_measured_00394,read,measured,,,,,0.6709,,ok,0.3203
16.2503,567,,,0.5164,,,,,,17.8413,r2_measured_00395,read,measured,,,,,0.6111,,ok,0.3911
9.9043,418,,,0.2925,,,,,,11.1022,r2_measured_00396,read,measured,,,,,0.5335,,ok,0.3175
15.0297,418,,,0.3671,,,,,,16.7616,r2_measured_00397,read,measured,,,,,0.7541,,ok,0.5327
15.4079,680,,,0.699,,,,,,17.5587,r2_measured_00398,read,measured,,,,,0.9129,,ok,0.451
11.919,509,,,0.6071,,,,,,13.9528,r2_measured_00399,read,measured,,,,,0.7838,,ok,0.5555
16.6689,566,,,0.7441,,,,,,18.9537,r2_measured_00400,read,measured,,,,,0.9335,,ok,0.509
9.509,415,,,0.3327,,,,,,11.0183,r2_measured_00401,read,measured,,,,,0.7083,,ok,0.4025
15.7847,567,,,1.7612,,,,,,19.1175,r2_measured_00402,read,measured,,,,,0.9737,,ok,0.5
11.3583,680,,,0.6385,,,,,,13.3188,r2_measured_00403,read,measured,,,,,0.8249,,ok,0.4157
13.3059,417,,,0.4245,,,,,,15.1483,r2_measured_00404,read,measured,,,,,0.7363,,ok,0.5878
13.3559,418,,,0.3166,,,,,,14.9612,r2_measured_00405,read,measured,,,,,0.6331,,ok,0.5761
15.8278,674,,,0.6308,,,,,,17.7905,r2_measured_00406,read,measured,,,,,0.8058,,ok,0.4197
12.4146,415,,,0.352,,,,,,13.8537,r2_measured_00407,read,measured,,,,,0.6118,,ok,0.4125
14.942,688,,,0.6765,,,,,,17.0627,r2_measured_00408,read,measured,,,,,0.9166,,ok,0.4416
13.9393,689,,,0.5515,,,,,,15.5977,r2_measured_00409,read,measured,,,,,0.6491,,ok,0.3872
13.905,679,,,0.6497,,,,,,15.8256,r2_measured_00410,read,measured,,,,,0.6753,,ok,0.5084
15.202,686,,,0.6242,,,,,,17.0254,r2_measured_00411,read,measured,,,,,0.7478,,ok,0.3732
10.6131,567,,,0.6653,,,,,,12.4414,r2_measured_00412,read,measured,,,,,0.6478,,ok,0.4395
13.6003,418,,,0.4813,,,,,,15.4907,r2_measured_00413,read,measured,,,,,0.7944,,ok,0.531
14.6428,567,,,0.6381,,,,,,16.8329,r2_measured_00414,read,measured,,,,,0.9424,,ok,0.5264
13.2574,369,,,0.2615,,,,,,16.5575,r2_measured_00415,read,measured,,,,,2.5125,,ok,0.4256
12.6865,679,,,0.5836,,,,,,14.4519,r2_measured_00416,read,measured,,,,,0.7085,,ok,0.3981
15.0341,674,,,0.9481,,,,,,17.2651,r2_measured_00417,read,measured,,,,,0.8054,,ok,0.3775
18.1087,369,,,0.2766,,,,,,19.3612,r2_measured_00418,read,measured,,,,,0.5531,,ok,0.3553
7.2215,675,,,0.7286,,,,,,8.9828,r2_measured_00419,read,measured,,,,,0.5868,,ok,0.3686
79.9025,679,,,0.5484,,,,,,81.6023,r2_measured_00420,read,measured,,,,,0.7029,,ok,0.3567
9.3413,628,,,0.5554,,,,,,10.8324,r2_measured_00421,read,measured,,,,,0.5607,,ok,0.3158
12.9961,681,,,0.5276,,,,,,14.619,r2_measured_00422,read,measured,,,,,0.7251,,ok,0.3046
14.0451,678,,,0.6698,,,,,,15.9246,r2_measured_00423,read,measured,,,,,0.7483,,ok,0.3858
15.1571,681,,,0.6529,,,,,,19.0687,r2_measured_00424,read,measured,,,,,2.7353,,ok,0.4359
10.3025,417,,,0.2922,,,,,,11.6412,r2_measured_00425,read,measured,,,,,0.5082,,ok,0.4683
15.6208,673,,,0.5483,,,,,,17.1738,r2_measured_00426,read,measured,,,,,0.6057,,ok,0.3268
108.4568,507,7.359,12.0306,0.5342,2.0463,1,12.0289,1,60.9808,110.1816,r2_measured_00427,update,measured,48.9502,1.7248,1,13.5063,0.71,24.5644,ok,0.4084
15.5415,506,,,0.6069,,,,,,17.5836,r2_measured_00428,read,measured,,,,,0.855,,ok,0.4963
11.0878,369,,,0.2853,,,,,,12.5516,r2_measured_00429,read,measured,,,,,0.6731,,ok,0.443
15.7949,688,,,0.6634,,,,,,17.7769,r2_measured_00430,read,measured,,,,,0.7376,,ok,0.4888
12.7057,416,,,0.3624,,,,,,14.218,r2_measured_00431,read,measured,,,,,0.6216,,ok,0.4658
15.2705,677,,,0.6023,,,,,,17.0647,r2_measured_00432,read,measured,,,,,0.7227,,ok,0.3968
12.9921,624,,,0.5164,,,,,,14.553,r2_measured_00433,read,measured,,,,,0.6065,,ok,0.3732
13.96,416,,,0.2764,,,,,,15.1761,r2_measured_00434,read,measured,,,,,0.5172,,ok,0.3675
15.2518,680,,,0.6764,,,,,,17.1284,r2_measured_00435,read,measured,,,,,0.7306,,ok,0.3932
11.1511,418,,,0.2591,,,,,,12.4146,r2_measured_00436,read,measured,,,,,0.4673,,ok,0.4766
14.7615,369,,,0.3215,,,,,,16.2517,r2_measured_00437,read,measured,,,,,0.6994,,ok,0.4096
14.4279,688,,,0.6582,,,,,,16.3552,r2_measured_00438,read,measured,,,,,0.7484,,ok,0.4369
16.6432,567,,,0.5619,,,,,,18.389,r2_measured_00439,read,measured,,,,,0.6867,,ok,0.424
9.932,508,,,0.5237,,,,,,11.6486,r2_measured_00440,read,measured,,,,,0.6687,,ok,0.4565
16.4746,678,,,0.7954,,,,,,18.5722,r2_measured_00441,read,measured,,,,,0.7804,,ok,0.4311
12.381,678,,,0.6436,,,,,,14.2581,r2_measured_00442,read,measured,,,,,0.745,,ok,0.4128
14.3108,627,,,0.5955,,,,,,16.0683,r2_measured_00443,read,measured,,,,,0.6791,,ok,0.4037
11.9712,688,,,0.5356,,,,,,13.6768,r2_measured_00444,read,measured,,,,,0.7337,,ok,0.3609
14.089,662,,,0.7231,,,,,,15.9665,r2_measured_00445,read,measured,,,,,0.6984,,ok,0.3787
13.6917,678,,,0.4886,,,,,,15.2653,r2_measured_00446,read,measured,,,,,0.6386,,ok,0.3828
13.848,679,,,0.5792,,,,,,15.5922,r2_measured_00447,read,measured,,,,,0.7065,,ok,0.3731
14.0068,688,,,0.6375,,,,,,15.847,r2_measured_00448,read,measured,,,,,0.6992,,ok,0.4261
14.5987,680,,,0.6448,,,,,,16.4043,r2_measured_00449,read,measured,,,,,0.6525,,ok,0.4335
12.7891,369,,,0.2654,,,,,,14.0582,r2_measured_00450,read,measured,,,,,0.5841,,ok,0.3607
13.2593,628,,,0.4586,,,,,,14.6916,r2_measured_00451,read,measured,,,,,0.5671,,ok,0.3438
13.2738,418,,,0.2985,,,,,,14.5849,r2_measured_00452,read,measured,,,,,0.5432,,ok,0.4068
14.374,689,,,0.5342,,,,,,15.969,r2_measured_00453,read,measured,,,,,0.6714,,ok,0.3271
14.4207,505,,,0.5505,,,,,,16.1508,r2_measured_00454,read,measured,,,,,0.6738,,ok,0.3738
13.0306,369,,,0.2621,,,,,,14.2808,r2_measured_00455,read,measured,,,,,0.5821,,ok,0.345
13.6314,565,,,0.6447,,,,,,15.5321,r2_measured_00456,read,measured,,,,,0.697,,ok,0.4198
13.1161,679,,,0.4702,,,,,,14.6511,r2_measured_00457,read,measured,,,,,0.6438,,ok,0.3553
13.9997,679,,,0.538,,,,,,15.5455,r2_measured_00458,read,measured,,,,,0.6226,,ok,0.3227
14.0232,418,,,0.2907,,,,,,15.431,r2_measured_00459,read,measured,,,,,0.6683,,ok,0.3639
14.0652,629,,,0.5465,,,,,,15.6198,r2_measured_00460,read,measured,,,,,0.5986,,ok,0.3478
14.2124,627,,,0.497,,,,,,15.7521,r2_measured_00461,read,measured,,,,,0.6581,,ok,0.3241
14.5114,416,,,0.2284,,,,,,15.5243,r2_measured_00462,read,measured,,,,,0.4467,,ok,0.293
16.1835,680,,,0.5627,,,,,,17.7154,r2_measured_00463,read,measured,,,,,0.5911,,ok,0.3124
12.2875,674,,,0.4906,,,,,,13.716,r2_measured_00464,read,measured,,,,,0.5742,,ok,0.3061
20.6899,567,,,0.5359,,,,,,22.4378,r2_measured_00465,read,measured,,,,,0.7251,,ok,0.4022
9.0254,628,,,0.4834,,,,,,10.5116,r2_measured_00466,read,measured,,,,,0.6089,,ok,0.3283
14.6881,663,,,0.4807,,,,,,16.1836,r2_measured_00467,read,measured,,,,,0.6146,,ok,0.332
11.689,679,,,0.4806,,,,,,13.1744,r2_measured_00468,read,measured,,,,,0.6087,,ok,0.3296
12.5614,689,,,0.5929,,,,,,14.3148,r2_measured_00469,read,measured,,,,,0.775,,ok,0.3145
14.412,628,,,0.5842,,,,,,16.2391,r2_measured_00470,read,measured,,,,,0.7757,,ok,0.3915
13.5053,661,,,0.616,,,,,,15.2927,r2_measured_00471,read,measured,,,,,0.6798,,ok,0.3812
14.0386,369,,,0.2424,,,,,,15.1111,r2_measured_00472,read,measured,,,,,0.4669,,ok,0.3114
14.6644,679,,,0.5511,,,,,,16.3601,r2_measured_00473,read,measured,,,,,0.7139,,ok,0.3598
13.3786,509,,,0.579,,,,,,15.2032,r2_measured_00474,read,measured,,,,,0.7301,,ok,0.4288
15.2003,663,,,0.649,,,,,,17.2835,r2_measured_00475,read,measured,,,,,0.812,,ok,0.5226
18.0379,661,,,0.7168,,,,,,20.1491,r2_measured_00476,read,measured,,,,,0.8316,,ok,0.4699
9.8034,624,,,0.6711,,,,,,12.0125,r2_measured_00477,read,measured,,,,,0.8598,,ok,0.5862
8.98,417,,,0.3353,,,,,,10.4111,r2_measured_00478,read,measured,,,,,0.6232,,ok,0.4107
93.9473,418,15.4427,11.9129,0.403,1.7412,0,11.9113,1,58.5828,95.878,r2_measured_00479,update,measured,46.6699,1.9307,1,0.0067,0.8944,18.1739,ok,0.5505
14.4705,681,,,0.6942,,,,,,16.5233,r2_measured_00480,read,measured,,,,,0.7855,,ok,0.439
11.842,507,,,0.5478,,,,,,13.7789,r2_measured_00481,read,measured,,,,,0.8368,,ok,0.472
15.2505,628,,,0.7152,,,,,,17.4806,r2_measured_00482,read,measured,,,,,0.9423,,ok,0.4856
12.4765,686,,,0.6772,,,,,,14.6993,r2_measured_00483,read,measured,,,,,0.8284,,ok,0.6222
13.2224,568,,,0.5379,,,,,,14.994,r2_measured_00484,read,measured,,,,,0.7097,,ok,0.3875
13.2322,627,,,0.5002,,,,,,14.7917,r2_measured_00485,read,measured,,,,,0.6283,,ok,0.3642
13.5581,689,,,0.5198,,,,,,15.1089,r2_measured_00486,read,measured,,,,,0.6381,,ok,0.331
14.2778,624,,,0.5333,,,,,,15.8887,r2_measured_00487,read,measured,,,,,0.6348,,ok,0.373
16.1481,681,,,0.5616,,,,,,17.9003,r2_measured_00488,read,measured,,,,,0.6633,,ok,0.4534
11.0482,565,,,0.5915,,,,,,12.69,r2_measured_00489,read,measured,,,,,0.6029,,ok,0.3878
19.6513,509,,,0.528,,,,,,21.1787,r2_measured_00490,read,measured,,,,,0.5852,,ok,0.351
7.1413,417,,,0.2831,,,,,,8.3447,r2_measured_00491,read,measured,,,,,0.4901,,ok,0.3728
16.3492,662,,,0.7717,,,,,,18.605,r2_measured_00492,read,measured,,,,,0.8998,,ok,0.4876
14.1884,662,,,0.7672,,,,,,16.4707,r2_measured_00493,read,measured,,,,,0.9092,,ok,0.5072
13.6066,628,,,0.767,,,,,,15.8728,r2_measured_00494,read,measured,,,,,0.8004,,ok,0.581
11.4337,675,,,0.492,,,,,,13.0346,r2_measured_00495,read,measured,,,,,0.7077,,ok,0.3246
15.1958,626,,,0.5448,,,,,,16.7658,r2_measured_00496,read,measured,,,,,0.609,,ok,0.352
12.9593,662,,,0.518,,,,,,14.6037,r2_measured_00497,read,measured,,,,,0.7315,,ok,0.3307
13.063,628,,,0.5699,,,,,,14.7903,r2_measured_00498,read,measured,,,,,0.7131,,ok,0.3773
18.6739,566,,,0.5502,,,,,,20.308,r2_measured_00499,read,measured,,,,,0.6317,,ok,0.3827
7.8944,672,,,0.5043,,,,,,9.3217,r2_measured_00500,read,measured,,,,,0.5442,,ok,0.3094
16.1261,679,,,0.5732,,,,,,17.8395,r2_measured_00501,read,measured,,,,,0.6932,,ok,0.3597
20.8441,663,,,0.6882,,,,,,22.9133,r2_measured_00502,read,measured,,,,,0.8915,,ok,0.41
5.0747,566,,,0.6235,,,,,,6.9545,r2_measured_00503,read,measured,,,,,0.7422,,ok,0.4345
11.7583,688,,,0.5836,,,,,,13.6199,r2_measured_00504,read,measured,,,,,0.7823,,ok,0.4215
19.7792,624,,,0.6911,,,,,,21.684,r2_measured_00505,read,measured,,,,,0.7468,,ok,0.3913
9.9163,418,,,0.2514,,,,,,11.0533,r2_measured_00506,read,measured,,,,,0.4745,,ok,0.3381
17.4327,679,,,0.6054,,,,,,19.116,r2_measured_00507,read,measured,,,,,0.6483,,ok,0.3572
11.6569,509,,,0.4513,,,,,,13.04,r2_measured_00508,read,measured,,,,,0.5641,,ok,0.3151
14.7104,679,,,0.5648,,,,,,16.4015,r2_measured_00509,read,measured,,,,,0.6699,,ok,0.3846
10.0864,688,,,0.5401,,,,,,11.6334,r2_measured_00510,read,measured,,,,,0.606,,ok,0.3252
15.6831,681,,,0.5268,,,,,,17.1844,r2_measured_00511,read,measured,,,,,0.616,,ok,0.3052
20.017,681,,,0.5355,,,,,,21.6215,r2_measured_00512,read,measured,,,,,0.6842,,ok,0.3127
8.6014,567,,,0.6025,,,,,,10.3323,r2_measured_00513,read,measured,,,,,0.6571,,ok,0.3826
18.2507,675,,,0.7114,,,,,,20.4203,r2_measured_00514,read,measured,,,,,0.9097,,ok,0.4609
11.9195,369,,,0.2355,,,,,,12.9525,r2_measured_00515,read,measured,,,,,0.4456,,ok,0.3047
8.3956,626,,,0.475,,,,,,9.9048,r2_measured_00516,read,measured,,,,,0.6419,,ok,0.3293
18.061,679,,,0.6309,,,,,,19.7931,r2_measured_00517,read,measured,,,,,0.6084,,ok,0.4215
16.5409,687,,,0.559,,,,,,18.2427,r2_measured_00518,read,measured,,,,,0.6717,,ok,0.3976
113.8402,369,18.0767,10.3624,0.2271,1.4227,1,10.3605,1,56.1488,114.8296,r2_measured_00519,update,measured,45.7864,0.9894,1,26.3225,0.4084,11.8695,ok,0.3089
22.3708,565,,,0.4501,,,,,,23.9057,r2_measured_00520,read,measured,,,,,0.5971,,ok,0.4134
15.7164,680,,,0.5564,,,,,,17.3472,r2_measured_00521,read,measured,,,,,0.661,,ok,0.3283
11.2423,679,,,0.5464,,,,,,12.8215,r2_measured_00522,read,measured,,,,,0.6456,,ok,0.3203
11.3765,675,,,0.5817,,,,,,13.099,r2_measured_00523,read,measured,,,,,0.6523,,ok,0.3912
12.9445,674,,,0.5393,,,,,,14.566,r2_measured_00524,read,measured,,,,,0.6886,,ok,0.3219
12.5627,661,,,0.541,,,,,,14.0751,r2_measured_00525,read,measured,,,,,0.5976,,ok,0.3103
15.1088,509,,,0.513,,,,,,16.6102,r2_measured_00526,read,measured,,,,,0.6196,,ok,0.3085
18.4106,419,,,0.3154,,,,,,19.6902,r2_measured_00527,read,measured,,,,,0.5387,,ok,0.3668
9.8658,672,,,0.5475,,,,,,11.4521,r2_measured_00528,read,measured,,,,,0.6509,,ok,0.3181
11.3704,624,,,0.5243,,,,,,12.8264,r2_measured_00529,read,measured,,,,,0.5399,,ok,0.329
17.2053,624,,,0.5047,,,,,,18.7319,r2_measured_00530,read,measured,,,,,0.6099,,ok,0.3315
12.4094,686,,,0.6583,,,,,,14.2922,r2_measured_00531,read,measured,,,,,0.7288,,ok,0.4136
12.1949,663,,,0.6416,,,,,,13.9869,r2_measured_00532,read,measured,,,,,0.6581,,ok,0.3869
11.8731,660,,,0.6707,,,,,,13.7492,r2_measured_00533,read,measured,,,,,0.7108,,ok,0.4136
124.7322,674,16.7976,10.6328,0.6151,4.8289,1,10.6308,1,57.7416,126.5977,r2_measured_00534,update,measured,47.1088,1.8655,1,14.0967,0.7336,31.2674,ok,0.4335
10.5542,509,,,0.467,,,,,,12.0737,r2_measured_00535,read,measured,,,,,0.6149,,ok,0.3635
14.3851,688,,,0.491,,,,,,16.0126,r2_measured_00536,read,measured,,,,,0.6922,,ok,0.314
12.9609,624,,,0.5613,,,,,,14.4848,r2_measured_00537,read,measured,,,,,0.5975,,ok,0.3038
13.3619,506,,,0.4731,,,,,,14.6912,r2_measured_00538,read,measured,,,,,0.5019,,ok,0.3022
16.4757,507,,,0.5183,,,,,,18.1735,r2_measured_00539,read,measured,,,,,0.6972,,ok,0.4091
12.3758,680,,,0.4639,,,,,,13.875,r2_measured_00540,read,measured,,,,,0.6586,,ok,0.302
14.1895,686,,,0.4767,,,,,,15.7588,r2_measured_00541,read,measured,,,,,0.7143,,ok,0.3125
12.3098,629,,,0.4771,,,,,,13.798,r2_measured_00542,read,measured,,,,,0.6403,,ok,0.3144
25.2201,680,,,0.6052,,,,,,26.8718,r2_measured_00543,read,measured,,,,,0.6373,,ok,0.3393
5.0649,507,,,0.3685,,,,,,6.353,r2_measured_00544,read,measured,,,,,0.4733,,ok,0.3929
12.3382,417,,,0.3381,,,,,,13.7555,r2_measured_00545,read,measured,,,,,0.6188,,ok,0.3933
14.0206,628,,,0.5588,,,,,,15.6238,r2_measured_00546,read,measured,,,,,0.6425,,ok,0.3341
14.9658,509,,,0.5015,,,,,,16.712,r2_measured_00547,read,measured,,,,,0.8089,,ok,0.3435
13.1454,567,,,0.486,,,,,,14.5966,r2_measured_00548,read,measured,,,,,0.5599,,ok,0.3241
111.986,688,13.4501,17.6028,0.5667,2.4764,1,17.6013,1,57.9251,113.5788,r2_measured_00549,update,measured,40.3223,1.5928,1,15.5066,0.6275,22.6278,ok,0.3332
9.1119,627,,,0.5255,,,,,,10.6199,r2_measured_00550,read,measured,,,,,0.5898,,ok,0.3265
15.5057,679,,,0.4751,,,,,,16.9845,r2_measured_00551,read,measured,,,,,0.6253,,ok,0.3168
19.802,624,,,0.5017,,,,,,21.2713,r2_measured_00552,read,measured,,,,,0.5859,,ok,0.3195
17.872,663,,,0.522,,,,,,19.4963,r2_measured_00553,read,measured,,,,,0.6962,,ok,0.3018
20.3504,688,,,0.4935,,,,,,21.835,r2_measured_00554,read,measured,,,,,0.6041,,ok,0.3161
15.1913,663,,,0.5289,,,,,,16.8604,r2_measured_00555,read,measured,,,,,0.7486,,ok,0.3262
11.0054,628,,,0.4756,,,,,,12.4125,r2_measured_00556,read,measured,,,,,0.5653,,ok,0.3088
12.2687,662,,,0.486,,,,,,13.6983,r2_measured_00557,read,measured,,,,,0.5537,,ok,0.3199
21.796,677,,,0.694,,,,,,23.7115,r2_measured_00558,read,measured,,,,,0.6993,,ok,0.4341
10.6965,568,,,0.7078,,,,,,12.8541,r2_measured_00559,read,measured,,,,,0.8077,,ok,0.5475
99.8046,508,5.8597,10.2917,0.5261,1.6885,0,10.2897,1,52.5879,101.2875,r2_measured_00560,update,measured,42.2962,1.4829,1,22.1917,0.5602,17.4768,ok,0.3285
14.121,679,,,0.543,,,,,,15.6505,r2_measured_00561,read,measured,,,,,0.5772,,ok,0.3381
17.5481,662,,,0.659,,,,,,19.3685,r2_measured_00562,read,measured,,,,,0.7316,,ok,0.3505
9.5566,678,,,0.5171,,,,,,11.1361,r2_measured_00563,read,measured,,,,,0.6165,,ok,0.377
16.5538,419,,,0.2945,,,,,,17.9415,r2_measured_00564,read,measured,,,,,0.6513,,ok,0.3758
10.9186,566,,,0.528,,,,,,12.446,r2_measured_00565,read,measured,,,,,0.6094,,ok,0.3303
19.0634,418,,,0.3201,,,,,,20.2912,r2_measured_00566,read,measured,,,,,0.5332,,ok,0.3199
20.5117,662,,,0.527,,,,,,22.0658,r2_measured_00567,read,measured,,,,,0.6614,,ok,0.3059
23.9002,663,,,0.5795,,,,,,25.4989,r2_measured_00568,read,measured,,,,,0.6179,,ok,0.3364
10.7495,680,,,0.4742,,,,,,12.2732,r2_measured_00569,read,measured,,,,,0.6741,,ok,0.3096
11.725,369,,,0.2208,,,,,,12.7935,r2_measured_00570,read,measured,,,,,0.4909,,ok,0.3037
17.2643,504,,,0.4644,,,,,,18.6342,r2_measured_00571,read,measured,,,,,0.5456,,ok,0.3053
181.8241,680,17.8394,8.1743,0.5119,2.5497,1,8.1729,1,52.4007,183.3507,r2_measured_00572,update,measured,44.2264,1.5266,1,17.2966,0.63,91.7377,ok,0.3115
11.9301,369,,,0.2878,,,,,,13.2494,r2_measured_00573,read,measured,,,,,0.6038,,ok,0.3727
18.1174,624,,,0.4591,,,,,,19.5188,r2_measured_00574,read,measured,,,,,0.5582,,ok,0.3208
10.9635,679,,,0.5558,,,,,,12.689,r2_measured_00575,read,measured,,,,,0.7227,,ok,0.3756
15.5956,679,,,0.5692,,,,,,17.3458,r2_measured_00576,read,measured,,,,,0.6853,,ok,0.4131
14.014,567,,,0.6813,,,,,,15.8578,r2_measured_00577,read,measured,,,,,0.663,,ok,0.4192
14.7178,675,,,0.5882,,,,,,16.4888,r2_measured_00578,read,measured,,,,,0.7482,,ok,0.3537
8.1695,677,,,0.5307,,,,,,9.7114,r2_measured_00579,read,measured,,,,,0.6342,,ok,0.314
15.5321,566,,,0.5741,,,,,,17.422,r2_measured_00580,read,measured,,,,,0.7258,,ok,0.5063
15.4362,661,,,0.6458,,,,,,17.4138,r2_measured_00581,read,measured,,,,,0.8279,,ok,0.4281
13.3382,681,,,0.6213,,,,,,15.2016,r2_measured_00582,read,measured,,,,,0.7405,,ok,0.4196
11.8943,679,,,0.5015,,,,,,13.4791,r2_measured_00583,read,measured,,,,,0.6404,,ok,0.3705
12.324,418,,,0.2802,,,,,,13.6307,r2_measured_00584,read,measured,,,,,0.5954,,ok,0.3699
14.0503,418,,,0.3031,,,,,,15.325,r2_measured_00585,read,measured,,,,,0.5438,,ok,0.3684
13.6585,568,,,0.504,,,,,,15.2737,r2_measured_00586,read,measured,,,,,0.7226,,ok,0.3114
14.0396,678,,,0.6002,,,,,,15.7261,r2_measured_00587,read,measured,,,,,0.6068,,ok,0.4001
94.1821,625,13.9865,11.2494,0.6616,2.0935,0,11.2473,1,59.6897,96.1321,r2_measured_00588,update,measured,48.4403,1.95,1,0.0054,0.7665,18.407,ok,0.4398
13.5859,628,,,0.6015,,,,,,15.413,r2_measured_00589,read,measured,,,,,0.7946,,ok,0.3557
11.5524,627,,,0.531,,,,,,13.0502,r2_measured_00590,read,measured,,,,,0.5836,,ok,0.3196
14.5585,568,,,0.4869,,,,,,16.0477,r2_measured_00591,read,measured,,,,,0.5435,,ok,0.395
15.4636,680,,,0.6748,,,,,,17.4028,r2_measured_00592,read,measured,,,,,0.7544,,ok,0.4266
11.5014,679,,,0.744,,,,,,13.5886,r2_measured_00593,read,measured,,,,,0.7917,,ok,0.4611
15.2617,681,,,0.6959,,,,,,17.305,r2_measured_00594,read,measured,,,,,0.7298,,ok,0.5252
16.5617,688,,,0.5529,,,,,,18.1174,r2_measured_00595,read,measured,,,,,0.6149,,ok,0.3193
6.6841,418,,,0.2314,,,,,,7.7042,r2_measured_00596,read,measured,,,,,0.4452,,ok,0.2954
17.0091,681,,,0.5759,,,,,,18.6714,r2_measured_00597,read,measured,,,,,0.6948,,ok,0.3189
12.5634,368,,,0.2537,,,,,,13.6286,r2_measured_00598,read,measured,,,,,0.4639,,ok,0.3019
15.705,627,,,0.9524,,,,,,18.3793,r2_measured_00599,read,measured,,,,,0.9746,,ok,0.6306
10.4477,659,,,0.4953,,,,,,11.9981,r2_measured_00600,read,measured,,,,,0.6456,,ok,0.3391
14.2822,674,,,0.5097,,,,,,15.833,r2_measured_00601,read,measured,,,,,0.6474,,ok,0.3204
14.1484,568,,,0.4799,,,,,,15.7707,r2_measured_00602,read,measured,,,,,0.6779,,ok,0.3951
15.6343,679,,,0.6672,,,,,,17.6604,r2_measured_00603,read,measured,,,,,0.7804,,ok,0.4999
11.4776,679,,,0.561,,,,,,13.0698,r2_measured_00604,read,measured,,,,,0.6279,,ok,0.336
15.3107,627,,,0.446,,,,,,16.7289,r2_measured_00605,read,measured,,,,,0.5942,,ok,0.3191
14.8415,417,,,0.3206,,,,,,16.2622,r2_measured_00606,read,measured,,,,,0.6506,,ok,0.384
10.7057,504,,,0.4472,,,,,,12.0182,r2_measured_00607,read,measured,,,,,0.4929,,ok,0.3157
108.8472,673,9.0211,13.6293,0.8523,3.3629,1,13.6272,1,63.1133,111.0911,r2_measured_00608,update,measured,49.484,2.2439,1,10.7657,0.7688,22.5842,ok,0.5162
12.6783,419,,,0.3228,,,,,,14.1234,r2_measured_00609,read,measured,,,,,0.6325,,ok,0.4194
12.1917,627,,,0.5507,,,,,,13.836,r2_measured_00610,read,measured,,,,,0.6356,,ok,0.391
20.5107,663,,,0.6813,,,,,,22.3425,r2_measured_00611,read,measured,,,,,0.6425,,ok,0.428
5.7301,568,,,0.5261,,,,,,7.4471,r2_measured_00612,read,measured,,,,,0.6416,,ok,0.4772
16.2382,679,,,0.5991,,,,,,17.8448,r2_measured_00613,read,measured,,,,,0.6067,,ok,0.3321
10.377,662,,,0.5135,,,,,,11.8739,r2_measured_00614,read,measured,,,,,0.5864,,ok,0.3306
14.2524,624,,,0.4939,,,,,,15.7553,r2_measured_00615,read,measured,,,,,0.6194,,ok,0.321
13.3767,675,,,0.4972,,,,,,14.8972,r2_measured_00616,read,measured,,,,,0.6148,,ok,0.3426
13.9796,417,,,0.3115,,,,,,15.2214,r2_measured_00617,read,measured,,,,,0.5331,,ok,0.3348
15.4713,678,,,0.5349,,,,,,17.0309,r2_measured_00618,read,measured,,,,,0.6087,,ok,0.3429
13.0321,568,,,0.4951,,,,,,14.469,r2_measured_00619,read,measured,,,,,0.5706,,ok,0.3126
14.4966,679,,,0.5666,,,,,,16.1037,r2_measured_00620,read,measured,,,,,0.6121,,ok,0.3614
13.3751,508,,,0.4623,,,,,,14.7707,r2_measured_00621,read,measured,,,,,0.5428,,ok,0.3341
15.7547,679,,,0.5901,,,,,,17.4397,r2_measured_00622,read,measured,,,,,0.6835,,ok,0.3424
14.2333,662,,,0.697,,,,,,16.3222,r2_measured_00623,read,measured,,,,,0.8351,,ok,0.4673
13.2685,624,,,0.4931,,,,,,14.7403,r2_measured_00624,read,measured,,,,,0.6045,,ok,0.3125
13.716,677,,,0.6228,,,,,,15.4993,r2_measured_00625,read,measured,,,,,0.7069,,ok,0.3752
21.0154,368,,,0.3246,,,,,,22.7171,r2_measured_00626,read,measured,,,,,0.7857,,ok,0.5213
9.2543,566,,,0.6249,,,,,,11.158,r2_measured_00627,read,measured,,,,,0.7257,,ok,0.4587
15.2837,679,,,0.6002,,,,,,17.0517,r2_measured_00628,read,measured,,,,,0.713,,ok,0.3744
10.5185,567,,,0.5005,,,,,,12.1254,r2_measured_00629,read,measured,,,,,0.6322,,ok,0.406
14.4649,418,,,0.327,,,,,,15.8855,r2_measured_00630,read,measured,,,,,0.6256,,ok,0.3996
14.6855,509,,,0.5655,,,,,,16.444,r2_measured_00631,read,measured,,,,,0.7167,,ok,0.3978
17.125,628,,,0.503,,,,,,18.7294,r2_measured_00632,read,measured,,,,,0.6184,,ok,0.4101
7.4304,688,,,0.474,,,,,,8.9136,r2_measured_00633,read,measured,,,,,0.5684,,ok,0.3774
17.11,419,,,0.3374,,,,,,18.4978,r2_measured_00634,read,measured,,,,,0.6242,,ok,0.3625
12.2898,509,,,0.5152,,,,,,13.8736,r2_measured_00635,read,measured,,,,,0.6216,,ok,0.3776
14.3115,627,,,0.6587,,,,,,16.2758,r2_measured_00636,read,measured,,,,,0.7138,,ok,0.5069
15.456,628,,,0.6272,,,,,,17.2808,r2_measured_00637,read,measured,,,,,0.7025,,ok,0.413
10.8954,418,,,0.2357,,,,,,11.9312,r2_measured_00638,read,measured,,,,,0.454,,ok,0.3021
16.6967,674,,,0.709,,,,,,18.6132,r2_measured_00639,read,measured,,,,,0.7486,,ok,0.3708
17.3518,509,,,0.4396,,,,,,18.8444,r2_measured_00640,read,measured,,,,,0.6726,,ok,0.3135
10.3953,674,,,0.5817,,,,,,12.0473,r2_measured_00641,read,measured,,,,,0.6806,,ok,0.3244
12.117,678,,,0.4976,,,,,,13.6408,r2_measured_00642,read,measured,,,,,0.6519,,ok,0.3138
14.6092,661,,,0.5068,,,,,,16.1885,r2_measured_00643,read,measured,,,,,0.6801,,ok,0.3258
92.7184,419,15.2479,10.4986,0.3425,1.5474,1,10.4967,1,59.0443,93.9931,r2_measured_00644,update,measured,48.5457,1.2747,1,0.0102,0.5178,16.8686,ok,0.3542
13.8473,672,,,0.5751,,,,,,15.4693,r2_measured_00645,read,measured,,,,,0.6415,,ok,0.339
13.3492,673,,,0.5401,,,,,,14.9623,r2_measured_00646,read,measured,,,,,0.647,,ok,0.3529
11.9244,567,,,0.5327,,,,,,13.5139,r2_measured_00647,read,measured,,,,,0.6377,,ok,0.3551
14.8419,627,,,0.6208,,,,,,16.6038,r2_measured_00648,read,measured,,,,,0.688,,ok,0.382
13.7257,509,,,0.6254,,,,,,15.4317,r2_measured_00649,read,measured,,,,,0.6178,,ok,0.3939
12.3579,419,,,0.2892,,,,,,13.638,r2_measured_00650,read,measured,,,,,0.5755,,ok,0.3572
14.2159,369,,,0.243,,,,,,15.4274,r2_measured_00651,read,measured,,,,,0.539,,ok,0.3751
110.4966,625,9.3734,13.3183,0.6037,2.5028,0,13.3164,1,61.7913,112.337,r2_measured_00652,update,measured,48.473,1.8404,1,14.2709,0.7384,22.5582,ok,0.4242
11.8496,689,,,0.6054,,,,,,13.5976,r2_measured_00653,read,measured,,,,,0.6762,,ok,0.3821
17.7367,679,,,0.5933,,,,,,19.3859,r2_measured_00654,read,measured,,,,,0.6166,,ok,0.3687
10.2718,678,,,0.5934,,,,,,11.9825,r2_measured_00655,read,measured,,,,,0.6995,,ok,0.3507
15.9544,417,,,0.2782,,,,,,17.1482,r2_measured_00656,read,measured,,,,,0.5282,,ok,0.3323
12.4532,626,,,0.5235,,,,,,13.9926,r2_measured_00657,read,measured,,,,,0.6143,,ok,0.3372
17.954,624,,,0.5119,,,,,,19.4277,r2_measured_00658,read,measured,,,,,0.5859,,ok,0.3139
12.512,679,,,0.5582,,,,,,14.0973,r2_measured_00659,read,measured,,,,,0.5868,,ok,0.3762
16.996,369,,,0.2959,,,,,,18.3413,r2_measured_00660,read,measured,,,,,0.5395,,ok,0.4482
10.1453,689,,,0.636,,,,,,12.0148,r2_measured_00661,read,measured,,,,,0.6814,,ok,0.4787
13.0541,688,,,0.4854,,,,,,14.6208,r2_measured_00662,read,measured,,,,,0.6645,,ok,0.3379
11.9257,418,,,0.2497,,,,,,13.0288,r2_measured_00663,read,measured,,,,,0.4793,,ok,0.3252
26.5944,678,,,0.527,,,,,,28.1615,r2_measured_00664,read,measured,,,,,0.6385,,ok,0.3188
26.5446,679,,,0.5531,,,,,,28.1093,r2_measured_00665,read,measured,,,,,0.6028,,ok,0.3234
4.4679,681,,,0.5158,,,,,,6.0089,r2_measured_00666,read,measured,,,,,0.6409,,ok,0.3206
22.9871,680,,,0.6567,,,,,,25.0106,r2_measured_00667,read,measured,,,,,0.7687,,ok,0.505
5.7195,661,,,0.5258,,,,,,7.3753,r2_measured_00668,read,measured,,,,,0.5817,,ok,0.4768
20.0296,663,,,0.7859,,,,,,22.3758,r2_measured_00669,read,measured,,,,,0.9676,,ok,0.4911
5.9061,566,,,0.5212,,,,,,7.4792,r2_measured_00670,read,measured,,,,,0.6141,,ok,0.3702
91.2381,689,10.1326,10.6406,0.7186,2.4954,0,10.6385,1,58.0297,93.1906,r2_measured_00671,update,measured,47.3891,1.9525,1,0.0064,0.7078,20.574,ok,0.437
18.8683,677,,,0.781,,,,,,21.0712,r2_measured_00672,read,measured,,,,,0.8316,,ok,0.4962
6.1993,627,,,0.5805,,,,,,7.8317,r2_measured_00673,read,measured,,,,,0.6507,,ok,0.3325
16.5158,628,,,0.7078,,,,,,18.4737,r2_measured_00674,read,measured,,,,,0.7675,,ok,0.4042
14.5768,568,,,0.6335,,,,,,16.5476,r2_measured_00675,read,measured,,,,,0.8108,,ok,0.4478
14.2093,507,,,0.5369,,,,,,15.9131,r2_measured_00676,read,measured,,,,,0.6995,,ok,0.4015
9.4574,418,,,0.2463,,,,,,10.5196,r2_measured_00677,read,measured,,,,,0.4665,,ok,0.3013
15.51,628,,,0.5357,,,,,,16.9649,r2_measured_00678,read,measured,,,,,0.5355,,ok,0.3229
13.4529,679,,,0.5708,,,,,,14.9723,r2_measured_00679,read,measured,,,,,0.5797,,ok,0.3099
15.4856,509,,,0.5329,,,,,,17.2256,r2_measured_00680,read,measured,,,,,0.656,,ok,0.4764
10.9843,568,,,0.4466,,,,,,12.3365,r2_measured_00681,read,measured,,,,,0.5454,,ok,0.3071
15.6997,417,,,0.291,,,,,,16.986,r2_measured_00682,read,measured,,,,,0.5327,,ok,0.3974
16.6375,678,,,0.5678,,,,,,18.2756,r2_measured_00683,read,measured,,,,,0.6686,,ok,0.3361
13.4338,624,,,0.4709,,,,,,14.889,r2_measured_00684,read,measured,,,,,0.5466,,ok,0.3589
18.168,687,,,0.5598,,,,,,19.7163,r2_measured_00685,read,measured,,,,,0.6061,,ok,0.3199
4.374,678,,,0.5339,,,,,,5.8736,r2_measured_00686,read,measured,,,,,0.5864,,ok,0.3158
32.7161,679,,,0.5936,,,,,,34.3703,r2_measured_00687,read,measured,,,,,0.6495,,ok,0.3418
13.2989,416,,,0.2505,,,,,,14.3797,r2_measured_00688,read,measured,,,,,0.4776,,ok,0.2986
19.7969,688,,,0.5321,,,,,,21.388,r2_measured_00689,read,measured,,,,,0.6565,,ok,0.3264
6.1232,680,,,0.529,,,,,,7.7741,r2_measured_00690,read,measured,,,,,0.68,,ok,0.3633
14.8384,417,,,0.2661,,,,,,15.9989,r2_measured_00691,read,measured,,,,,0.4985,,ok,0.3437
15.117,629,,,0.5304,,,,,,16.7,r2_measured_00692,read,measured,,,,,0.6492,,ok,0.3396
12.8586,418,,,0.2742,,,,,,14.0279,r2_measured_00693,read,measured,,,,,0.4971,,ok,0.3418
25.9212,628,,,0.6436,,,,,,28.0334,r2_measured_00694,read,measured,,,,,0.8915,,ok,0.4727
24.602,673,,,0.8086,,,,,,27.0726,r2_measured_00695,read,measured,,,,,1.0076,,ok,0.5494
7.7622,368,,,0.2245,,,,,,8.8668,r2_measured_00696,read,measured,,,,,0.5195,,ok,0.312
15.4385,674,,,0.5921,,,,,,17.0541,r2_measured_00697,read,measured,,,,,0.6296,,ok,0.326
15.2984,628,,,0.8544,,,,,,17.9095,r2_measured_00698,read,measured,,,,,1.063,,ok,0.5896
9.6501,681,,,0.677,,,,,,11.6899,r2_measured_00699,read,measured,,,,,0.8524,,ok,0.4194
11.2536,504,,,0.487,,,,,,12.7629,r2_measured_00700,read,measured,,,,,0.6278,,ok,0.3337
14.1694,687,,,0.5023,,,,,,15.7291,r2_measured_00701,read,measured,,,,,0.6331,,ok,0.356
14.7536,679,,,0.5447,,,,,,16.3548,r2_measured_00702,read,measured,,,,,0.643,,ok,0.3463
10.8817,418,,,0.2373,,,,,,11.9447,r2_measured_00703,read,measured,,,,,0.4722,,ok,0.3044
16.7319,680,,,0.5134,,,,,,18.2796,r2_measured_00704,read,measured,,,,,0.6385,,ok,0.3264
11.9822,674,,,0.5134,,,,,,13.4443,r2_measured_00705,read,measured,,,,,0.5589,,ok,0.3301
14.6045,680,,,0.5135,,,,,,16.0977,r2_measured_00706,read,measured,,,,,0.5772,,ok,0.333
21.9711,568,,,0.5776,,,,,,23.6294,r2_measured_00707,read,measured,,,,,0.6495,,ok,0.3655
8.2503,678,,,0.5464,,,,,,9.7698,r2_measured_00708,read,measured,,,,,0.5793,,ok,0.3248
17.3469,675,,,0.5041,,,,,,18.8554,r2_measured_00709,read,measured,,,,,0.6167,,ok,0.3209
21.29,628,,,0.5369,,,,,,22.8039,r2_measured_00710,read,measured,,,,,0.5836,,ok,0.3308
13.8679,624,,,0.5024,,,,,,15.2993,r2_measured_00711,read,measured,,,,,0.5497,,ok,0.3187
19.3274,565,,,0.6159,,,,,,21.1078,r2_measured_00712,read,measured,,,,,0.6679,,ok,0.4117
8.4498,418,,,0.2647,,,,,,9.5472,r2_measured_00713,read,measured,,,,,0.4695,,ok,0.3106
26.7483,680,,,0.6712,,,,,,28.8963,r2_measured_00714,read,measured,,,,,0.9491,,ok,0.4337
25.8228,674,,,0.5505,,,,,,27.4291,r2_measured_00715,read,measured,,,,,0.6608,,ok,0.3275
6.1452,662,,,0.5957,,,,,,7.817,r2_measured_00716,read,measured,,,,,0.6308,,ok,0.3674
16.454,681,,,0.8639,,,,,,19.0099,r2_measured_00717,read,measured,,,,,0.9605,,ok,0.6221
12.1964,661,,,0.6824,,,,,,14.1128,r2_measured_00718,read,measured,,,,,0.7396,,ok,0.4167
10.2292,679,,,0.6649,,,,,,12.1828,r2_measured_00719,read,measured,,,,,0.7671,,ok,0.4332
15.6959,661,,,0.6139,,,,,,17.6033,r2_measured_00720,read,measured,,,,,0.7944,,ok,0.4209
13.2978,628,,,0.6408,,,,,,15.162,r2_measured_00721,read,measured,,,,,0.7102,,ok,0.4254
12.7493,567,,,0.5362,,,,,,14.5235,r2_measured_00722,read,measured,,,,,0.7804,,ok,0.385
10.7506,565,,,0.45,,,,,,12.1202,r2_measured_00723,read,measured,,,,,0.5366,,ok,0.3246
13.8193,679,,,0.5478,,,,,,15.3491,r2_measured_00724,read,measured,,,,,0.6012,,ok,0.3154
18.1704,416,,,0.3421,,,,,,19.5995,r2_measured_00725,read,measured,,,,,0.5776,,ok,0.4419
14.6298,687,,,0.4866,,,,,,16.143,r2_measured_00726,read,measured,,,,,0.6372,,ok,0.3253
11.7868,687,,,0.4842,,,,,,13.2978,r2_measured_00727,read,measured,,,,,0.6517,,ok,0.3128
105.9703,660,11.5412,10.7585,0.5541,2.2979,1,10.757,1,57.2838,107.6351,r2_measured_00728,update,measured,46.5253,1.6648,1,12.4869,0.6802,22.3605,ok,0.3558
8.8638,677,,,0.4998,,,,,,10.3632,r2_measured_00729,read,measured,,,,,0.5964,,ok,0.3367
170.039,628,16.5563,11.9749,0.5517,2.8005,0,11.9733,1,64.5159,171.5301,r2_measured_00730,update,measured,52.541,1.4911,1,0.0052,0.5615,86.1611,ok,0.3177
17.0831,627,,,0.5331,,,,,,18.5474,r2_measured_00731,read,measured,,,,,0.5544,,ok,0.3138
9.3742,628,,,0.4363,,,,,,10.7318,r2_measured_00732,read,measured,,,,,0.5491,,ok,0.3127
16.7846,678,,,0.7817,,,,,,18.9579,r2_measured_00733,read,measured,,,,,0.8232,,ok,0.4809
15.26,680,,,0.5103,,,,,,16.7656,r2_measured_00734,read,measured,,,,,0.5815,,ok,0.3496
9.0797,418,,,0.2325,,,,,,10.1332,r2_measured_00735,read,measured,,,,,0.4664,,ok,0.3046
16.0759,688,,,0.559,,,,,,17.662,r2_measured_00736,read,measured,,,,,0.6457,,ok,0.3127
11.3675,628,,,0.4724,,,,,,12.8127,r2_measured_00737,read,measured,,,,,0.5876,,ok,0.3246
16.3947,685,,,0.6013,,,,,,18.0152,r2_measured_00738,read,measured,,,,,0.6201,,ok,0.3293
10.9546,679,,,0.5076,,,,,,12.4486,r2_measured_00739,read,measured,,,,,0.6027,,ok,0.322
14.4423,626,,,0.585,,,,,,16.0953,r2_measured_00740,read,measured,,,,,0.6233,,ok,0.3787
14.6253,673,,,0.6092,,,,,,16.4671,r2_measured_00741,read,measured,,,,,0.736,,ok,0.4136
13.5756,628,,,0.6426,,,,,,15.4268,r2_measured_00742,read,measured,,,,,0.7169,,ok,0.4134
12.4595,417,,,0.2602,,,,,,13.6313,r2_measured_00743,read,measured,,,,,0.5376,,ok,0.3231
20.6124,419,,,0.293,,,,,,21.8079,r2_measured_00744,read,measured,,,,,0.5383,,ok,0.3113
13.6129,509,,,0.4413,,,,,,14.9063,r2_measured_00745,read,measured,,,,,0.4809,,ok,0.3182
13.5819,680,,,0.5628,,,,,,15.1493,r2_measured_00746,read,measured,,,,,0.6133,,ok,0.3273
14.8814,662,,,0.496,,,,,,16.4912,r2_measured_00747,read,measured,,,,,0.619,,ok,0.4221
15.3113,689,,,0.7106,,,,,,17.4103,r2_measured_00748,read,measured,,,,,0.842,,ok,0.4578
16.5188,679,,,0.5547,,,,,,18.1253,r2_measured_00749,read,measured,,,,,0.6453,,ok,0.3275
18.7281,681,,,0.5691,,,,,,20.3582,r2_measured_00750,read,measured,,,,,0.6777,,ok,0.3122
25.2525,688,,,0.5233,,,,,,26.9169,r2_measured_00751,read,measured,,,,,0.7507,,ok,0.3224
4.453,679,,,0.5657,,,,,,5.9865,r2_measured_00752,read,measured,,,,,0.594,,ok,0.3111
12.5323,679,,,0.5374,,,,,,14.0755,r2_measured_00753,read,measured,,,,,0.59,,ok,0.3496
13.9017,418,,,0.3987,,,,,,15.5063,r2_measured_00754,read,measured,,,,,0.7522,,ok,0.3814
17.3265,566,,,0.5172,,,,,,18.7702,r2_measured_00755,read,measured,,,,,0.5539,,ok,0.3178
10.5548,568,,,0.5402,,,,,,12.0412,r2_measured_00756,read,measured,,,,,0.5337,,ok,0.3478
15.5354,677,,,0.5198,,,,,,17.0871,r2_measured_00757,read,measured,,,,,0.6261,,ok,0.3442
12.5179,629,,,0.5336,,,,,,14.0498,r2_measured_00758,read,measured,,,,,0.6478,,ok,0.2959
13.1676,506,,,0.436,,,,,,14.5091,r2_measured_00759,read,measured,,,,,0.5407,,ok,0.3113
17.189,673,,,0.5703,,,,,,18.6909,r2_measured_00760,read,measured,,,,,0.5704,,ok,0.3007
15.9773,416,,,0.2535,,,,,,17.0783,r2_measured_00761,read,measured,,,,,0.4775,,ok,0.3061
11.8891,507,,,0.4305,,,,,,13.1999,r2_measured_00762,read,measured,,,,,0.5181,,ok,0.3054
18.644,662,,,0.523,,,,,,20.0956,r2_measured_00763,read,measured,,,,,0.5473,,ok,0.3167
103.7947,680,9.9618,5.7129,0.5194,2.2083,1,5.7114,1,53.215,105.2541,r2_measured_00764,update,measured,47.5021,1.4594,1,13.7435,0.5719,24.6661,ok,0.3073
14.0508,679,,,0.7088,,,,,,15.9358,r2_measured_00765,read,measured,,,,,0.707,,ok,0.387
9.5229,566,,,0.4703,,,,,,10.9903,r2_measured_00766,read,measured,,,,,0.6139,,ok,0.3219
13.4948,675,,,0.6067,,,,,,15.3863,r2_measured_00767,read,measured,,,,,0.7994,,ok,0.4095
13.1044,679,,,0.5778,,,,,,14.7152,r2_measured_00768,read,measured,,,,,0.6247,,ok,0.3407
13.2863,661,,,0.5662,,,,,,14.9729,r2_measured_00769,read,measured,,,,,0.6746,,ok,0.3753
14.8564,509,,,0.5589,,,,,,16.5819,r2_measured_00770,read,measured,,,,,0.6893,,ok,0.4031
12.8937,678,,,0.7012,,,,,,14.924,r2_measured_00771,read,measured,,,,,0.7904,,ok,0.456
12.0852,418,,,0.4267,,,,,,13.8544,r2_measured_00772,read,measured,,,,,0.8168,,ok,0.4369
13.8474,567,,,0.6349,,,,,,15.7353,r2_measured_00773,read,measured,,,,,0.7293,,ok,0.449
13.7227,680,,,0.7107,,,,,,15.9748,r2_measured_00774,read,measured,,,,,0.9422,,ok,0.5026
13.7126,674,,,0.6533,,,,,,15.6056,r2_measured_00775,read,measured,,,,,0.7334,,ok,0.4276
11.1093,681,,,0.4951,,,,,,12.531,r2_measured_00776,read,measured,,,,,0.5609,,ok,0.3067
15.1724,678,,,0.5383,,,,,,16.8429,r2_measured_00777,read,measured,,,,,0.7295,,ok,0.3354
12.1402,663,,,0.4631,,,,,,13.6247,r2_measured_00778,read,measured,,,,,0.6266,,ok,0.3316
21.4493,688,,,0.7066,,,,,,23.6394,r2_measured_00779,read,measured,,,,,0.8873,,ok,0.502
5.1526,418,,,0.3382,,,,,,6.6154,r2_measured_00780,read,measured,,,,,0.6294,,ok,0.4316
16.2808,418,,,0.3958,,,,,,18.1541,r2_measured_00781,read,measured,,,,,0.8026,,ok,0.5937
15.0634,629,,,0.8284,,,,,,17.6322,r2_measured_00782,read,measured,,,,,1.0791,,ok,0.5664
118.1087,663,15.7766,7.8627,0.4976,2.5753,1,7.8604,1,55.5978,119.6229,r2_measured_00783,update,measured,47.7351,1.5142,1,15.0921,0.6258,29.0669,ok,0.3272
15.6335,672,,,0.5292,,,,,,17.1949,r2_measured_00784,read,measured,,,,,0.6194,,ok,0.344
11.8249,680,,,0.4893,,,,,,13.2451,r2_measured_00785,read,measured,,,,,0.5586,,ok,0.3108
13.7378,369,,,0.2523,,,,,,14.8983,r2_measured_00786,read,measured,,,,,0.4928,,ok,0.3655
22.0225,626,,,0.7491,,,,,,24.0715,r2_measured_00787,read,measured,,,,,0.7442,,ok,0.4706
7.2143,416,,,0.2991,,,,,,8.6458,r2_measured_00788,read,measured,,,,,0.576,,ok,0.4879
13.873,507,,,0.5809,,,,,,15.7138,r2_measured_00789,read,measured,,,,,0.7583,,ok,0.423
13.8486,680,,,0.5026,,,,,,15.4956,r2_measured_00790,read,measured,,,,,0.7121,,ok,0.3585
14.556,680,,,0.6471,,,,,,16.5398,r2_measured_00791,read,measured,,,,,0.7989,,ok,0.4476
11.28,681,,,0.5285,,,,,,12.8093,r2_measured_00792,read,measured,,,,,0.5573,,ok,0.3719
14.3876,417,,,0.4123,,,,,,15.8875,r2_measured_00793,read,measured,,,,,0.6477,,ok,0.37
16.3206,686,,,0.5765,,,,,,18.0145,r2_measured_00794,read,measured,,,,,0.6801,,ok,0.3662
11.5187,507,,,0.5393,,,,,,13.1882,r2_measured_00795,read,measured,,,,,0.6301,,ok,0.4323
14.9685,662,,,0.7034,,,,,,17.0102,r2_measured_00796,read,measured,,,,,0.7395,,ok,0.5121
12.5055,369,,,0.3774,,,,,,14.2264,r2_measured_00797,read,measured,,,,,0.7307,,ok,0.5389
15.5946,628,,,0.6711,,,,,,17.5032,r2_measured_00798,read,measured,,,,,0.7233,,ok,0.4317
12.4381,680,,,0.6891,,,,,,14.4728,r2_measured_00799,read,measured,,,,,0.7456,,ok,0.5098
11.8215,368,,,0.4461,,,,,,13.5058,r2_measured_00800,read,measured,,,,,0.6937,,ok,0.4717
14.4803,507,,,0.7201,,,,,,16.6494,r2_measured_00801,read,measured,,,,,0.8037,,ok,0.5542
14.4886,680,,,0.703,,,,,,16.6005,r2_measured_00802,read,measured,,,,,0.8452,,ok,0.4695
10.7066,417,,,0.3369,,,,,,12.1397,r2_measured_00803,read,measured,,,,,0.5951,,ok,0.4339
16.8455,506,,,0.7196,,,,,,19.1204,r2_measured_00804,read,measured,,,,,0.8865,,ok,0.5598
11.2436,628,,,0.7354,,,,,,13.3814,r2_measured_00805,read,measured,,,,,0.8078,,ok,0.5092
15.1916,624,,,1.0074,,,,,,17.9508,r2_measured_00806,read,measured,,,,,0.6745,,ok,1.0036
10.048,567,,,0.447,,,,,,11.3691,r2_measured_00807,read,measured,,,,,0.5162,,ok,0.3017
15.5979,678,,,0.8034,,,,,,17.9885,r2_measured_00808,read,measured,,,,,0.956,,ok,0.5207
13.5327,661,,,0.6876,,,,,,15.7051,r2_measured_00809,read,measured,,,,,0.9115,,ok,0.4859
10.5172,673,,,0.6584,,,,,,12.4881,r2_measured_00810,read,measured,,,,,0.8154,,ok,0.4159
13.7374,678,,,0.5486,,,,,,15.259,r2_measured_00811,read,measured,,,,,0.596,,ok,0.3129
13.6608,679,,,0.65,,,,,,15.5891,r2_measured_00812,read,measured,,,,,0.7468,,ok,0.4505
15.1819,628,,,0.5324,,,,,,16.8342,r2_measured_00813,read,measured,,,,,0.6798,,ok,0.3667
12.8541,419,,,0.3101,,,,,,14.2995,r2_measured_00814,read,measured,,,,,0.6419,,ok,0.4268
17.2407,673,,,0.848,,,,,,19.6127,r2_measured_00815,read,measured,,,,,0.8595,,ok,0.5583
10.4472,416,,,0.3665,,,,,,12.1009,r2_measured_00816,read,measured,,,,,0.6861,,ok,0.5109
14.8209,418,,,0.311,,,,,,16.3051,r2_measured_00817,read,measured,,,,,0.6435,,ok,0.4592
12.0681,628,,,0.6235,,,,,,13.767,r2_measured_00818,read,measured,,,,,0.6435,,ok,0.3637
14.0794,679,,,0.5299,,,,,,15.6724,r2_measured_00819,read,measured,,,,,0.6251,,ok,0.3556
12.3224,367,,,0.2743,,,,,,13.6634,r2_measured_00820,read,measured,,,,,0.584,,ok,0.4197
14.6474,680,,,0.5427,,,,,,16.2374,r2_measured_00821,read,measured,,,,,0.653,,ok,0.3252
19.0054,680,,,0.5689,,,,,,20.7833,r2_measured_00822,read,measured,,,,,0.7272,,ok,0.407
8.0653,679,,,0.4657,,,,,,9.4469,r2_measured_00823,read,measured,,,,,0.5201,,ok,0.3269
15.3212,688,,,0.6166,,,,,,17.2098,r2_measured_00824,read,measured,,,,,0.721,,ok,0.4634
16.2778,681,,,0.5948,,,,,,17.9266,r2_measured_00825,read,measured,,,,,0.6307,,ok,0.3387
15.0501,679,,,0.5344,,,,,,16.5589,r2_measured_00826,read,measured,,,,,0.6041,,ok,0.3087
16.5402,660,,,0.5705,,,,,,18.2254,r2_measured_00827,read,measured,,,,,0.7262,,ok,0.3138
10.7117,565,,,0.6256,,,,,,12.4808,r2_measured_00828,read,measured,,,,,0.6061,,ok,0.4671
9.4022,680,,,0.6364,,,,,,11.3956,r2_measured_00829,read,measured,,,,,0.7338,,ok,0.5361
14.1386,628,,,0.5608,,,,,,15.9335,r2_measured_00830,read,measured,,,,,0.695,,ok,0.4408
10.4278,566,,,0.565,,,,,,12.096,r2_measured_00831,read,measured,,,,,0.6543,,ok,0.3846
13.2133,679,,,0.6427,,,,,,15.0968,r2_measured_00832,read,measured,,,,,0.7447,,ok,0.4012
13.6863,679,,,0.5769,,,,,,15.4253,r2_measured_00833,read,measured,,,,,0.7139,,ok,0.3797
13.8792,567,,,0.6279,,,,,,15.6069,r2_measured_00834,read,measured,,,,,0.6258,,ok,0.3997
14.4849,628,,,0.5878,,,,,,16.139,r2_measured_00835,read,measured,,,,,0.6154,,ok,0.379
13.0503,418,,,0.2802,,,,,,14.3053,r2_measured_00836,read,measured,,,,,0.5253,,ok,0.3913
14.9223,681,,,0.6126,,,,,,16.7502,r2_measured_00837,read,measured,,,,,0.7314,,ok,0.4072
12.7499,566,,,0.5807,,,,,,14.4157,r2_measured_00838,read,measured,,,,,0.6392,,ok,0.3787
14.3997,509,,,0.5089,,,,,,16.0064,r2_measured_00839,read,measured,,,,,0.6425,,ok,0.3847
16.3531,566,,,0.6387,,,,,,18.3565,r2_measured_00840,read,measured,,,,,0.7629,,ok,0.5166
12.3076,419,,,0.2632,,,,,,13.4362,r2_measured_00841,read,measured,,,,,0.4986,,ok,0.3113
14.0848,679,,,0.7722,,,,,,16.1634,r2_measured_00842,read,measured,,,,,0.7572,,ok,0.4741
16.9592,678,,,0.6487,,,,,,18.9157,r2_measured_00843,read,measured,,,,,0.7866,,ok,0.4357
101.2116,567,10.4124,9.1986,0.5056,2.0721,1,9.1967,1,55.6164,102.8241,r2_measured_00844,update,measured,46.4178,1.6125,1,13.634,0.666,19.4767,ok,0.3733
13.2741,678,,,0.4666,,,,,,14.732,r2_measured_00845,read,measured,,,,,0.5493,,ok,0.3809
13.6963,369,,,0.2286,,,,,,14.7585,r2_measured_00846,read,measured,,,,,0.4906,,ok,0.2941
92.6339,567,6.2397,12.0589,0.5261,1.9112,1,12.0571,1,62.1413,94.1517,r2_measured_00847,update,measured,50.0824,1.5178,1,0.0089,0.5684,22.3328,ok,0.3539
13.9721,680,,,0.5768,,,,,,15.7814,r2_measured_00848,read,measured,,,,,0.7583,,ok,0.3849
13.3828,369,,,0.2498,,,,,,14.6425,r2_measured_00849,read,measured,,,,,0.595,,ok,0.3539
14.9134,688,,,0.6518,,,,,,16.7639,r2_measured_00850,read,measured,,,,,0.7137,,ok,0.411
11.5137,368,,,0.2391,,,,,,12.5304,r2_measured_00851,read,measured,,,,,0.4288,,ok,0.2894
14.334,509,,,0.4662,,,,,,15.7827,r2_measured_00852,read,measured,,,,,0.529,,ok,0.3901
13.3942,509,,,0.4397,,,,,,14.8306,r2_measured_00853,read,measured,,,,,0.6318,,ok,0.3125
140.1957,662,20.1001,12.3889,0.7139,2.5739,1,12.3875,1,58.8725,142.4125,r2_measured_00854,update,measured,46.4836,2.2168,1,31.7838,0.943,26.8654,ok,0.4617
11.6021,679,,,0.6124,,,,,,13.5125,r2_measured_00855,read,measured,,,,,0.7727,,ok,0.4408
12.0652,368,,,0.2133,,,,,,13.0576,r2_measured_00856,read,measured,,,,,0.4264,,ok,0.3057
16.123,680,,,0.5257,,,,,,17.6199,r2_measured_00857,read,measured,,,,,0.5824,,ok,0.3248
14.1663,677,,,0.5101,,,,,,15.659,r2_measured_00858,read,measured,,,,,0.5951,,ok,0.3257
14.0489,680,,,2.376,,,,,,17.5053,r2_measured_00859,read,measured,,,,,0.6172,,ok,0.3834
10.8884,418,,,0.2732,,,,,,12.118,r2_measured_00860,read,measured,,,,,0.5227,,ok,0.3772
15.7674,680,,,0.5386,,,,,,17.5249,r2_measured_00861,read,measured,,,,,0.7742,,ok,0.3511
12.9893,566,,,0.5502,,,,,,14.6349,r2_measured_00862,read,measured,,,,,0.6385,,ok,0.3891
17.1257,508,,,0.535,,,,,,19.0703,r2_measured_00863,read,measured,,,,,0.939,,ok,0.4015
9.6545,368,,,0.2288,,,,,,10.7545,r2_measured_00864,read,measured,,,,,0.5076,,ok,0.3148
21.1437,508,,,0.4809,,,,,,22.5341,r2_measured_00865,read,measured,,,,,0.5341,,ok,0.3176
9.1207,624,,,0.702,,,,,,11.1044,r2_measured_00866,read,measured,,,,,0.7545,,ok,0.4332
13.3769,687,,,0.7119,,,,,,15.6091,r2_measured_00867,read,measured,,,,,1.0159,,ok,0.4146
107.1408,688,8.8382,10.6699,0.4788,2.5417,1,10.6678,1,57.2631,108.5633,r2_measured_00868,update,measured,46.5932,1.4225,1,16.237,0.5709,22.2608,ok,0.31
12.8924,417,,,0.2959,,,,,,14.204,r2_measured_00869,read,measured,,,,,0.5427,,ok,0.4102
15.3211,679,,,0.6268,,,,,,17.3317,r2_measured_00870,read,measured,,,,,0.8149,,ok,0.4806
12.3754,415,,,0.3078,,,,,,13.8137,r2_measured_00871,read,measured,,,,,0.6575,,ok,0.4107
15.0294,628,,,0.6256,,,,,,16.8847,r2_measured_00872,read,measured,,,,,0.7636,,ok,0.3892
12.4589,689,,,0.6216,,,,,,14.3306,r2_measured_00873,read,measured,,,,,0.7558,,ok,0.4176
14.0837,624,,,0.6137,,,,,,15.958,r2_measured_00874,read,measured,,,,,0.7457,,ok,0.4348
13.2406,674,,,0.6233,,,,,,15.2384,r2_measured_00875,read,measured,,,,,0.7903,,ok,0.5012
13.2701,688,,,0.6389,,,,,,15.1899,r2_measured_00876,read,measured,,,,,0.7722,,ok,0.4243
12.2546,368,,,0.2219,,,,,,13.3396,r2_measured_00877,read,measured,,,,,0.5002,,ok,0.3169
14.0829,507,,,0.5115,,,,,,15.5761,r2_measured_00878,read,measured,,,,,0.5106,,ok,0.4116
15.6003,680,,,0.6019,,,,,,17.6254,r2_measured_00879,read,measured,,,,,0.7732,,ok,0.5349
13.5583,567,,,0.4591,,,,,,15.127,r2_measured_00880,read,measured,,,,,0.5751,,ok,0.4645
13.9063,368,,,0.3265,,,,,,15.2992,r2_measured_00881,read,measured,,,,,0.5426,,ok,0.4592
16.1599,567,,,0.5005,,,,,,17.6634,r2_measured_00882,read,measured,,,,,0.5552,,ok,0.3843
15.4481,679,,,0.6021,,,,,,17.2151,r2_measured_00883,read,measured,,,,,0.7071,,ok,0.3797
10.1173,663,,,0.4962,,,,,,11.7409,r2_measured_00884,read,measured,,,,,0.6347,,ok,0.4262
18.5528,673,,,0.5992,,,,,,20.3109,r2_measured_00885,read,measured,,,,,0.71,,ok,0.3719
14.8392,417,,,0.2766,,,,,,16.0914,r2_measured_00886,read,measured,,,,,0.5447,,ok,0.3739
8.6868,680,,,0.6471,,,,,,10.5927,r2_measured_00887,read,measured,,,,,0.8201,,ok,0.362
12.6765,565,,,0.5706,,,,,,14.4296,r2_measured_00888,read,measured,,,,,0.6789,,ok,0.4317
15.3917,369,,,0.3126,,,,,,16.9598,r2_measured_00889,read,measured,,,,,0.5747,,ok,0.5994
11.1874,418,,,0.3201,,,,,,12.5527,r2_measured_00890,read,measured,,,,,0.5856,,ok,0.4006
15.08,627,,,0.6837,,,,,,17.1358,r2_measured_00891,read,measured,,,,,0.887,,ok,0.4
12.9976,678,,,0.4869,,,,,,14.6224,r2_measured_00892,read,measured,,,,,0.7469,,ok,0.3247
15.1904,663,,,0.6567,,,,,,17.0464,r2_measured_00893,read,measured,,,,,0.7153,,ok,0.405
76.7576,662,,,0.6071,,,,,,78.3704,r2_measured_00894,read,measured,,,,,0.607,,ok,0.3322
12.2101,678,,,0.5236,,,,,,13.7523,r2_measured_00895,read,measured,,,,,0.6522,,ok,0.3006
13.9781,418,,,0.3207,,,,,,15.2377,r2_measured_00896,read,measured,,,,,0.5357,,ok,0.3433
123.4353,566,16.8756,11.479,0.5638,2.4698,1,11.4775,1,58.9941,125.1675,r2_measured_00897,update,measured,47.5151,1.7322,1,15.7989,0.605,29.2969,ok,0.4798
16.0948,689,,,0.6058,,,,,,17.8767,r2_measured_00898,read,measured,,,,,0.7193,,ok,0.3818
11.9893,674,,,0.5733,,,,,,13.6891,r2_measured_00899,read,measured,,,,,0.5819,,ok,0.459
12.2011,419,,,0.2679,,,,,,13.3337,r2_measured_00900,read,measured,,,,,0.507,,ok,0.3074
14.0992,368,,,0.2651,,,,,,15.1227,r2_measured_00901,read,measured,,,,,0.408,,ok,0.3061
15.1513,674,,,0.5597,,,,,,16.9614,r2_measured_00902,read,measured,,,,,0.8115,,ok,0.3645
13.5438,680,,,0.6698,,,,,,15.6745,r2_measured_00903,read,measured,,,,,0.777,,ok,0.5896
13.1439,415,,,0.3132,,,,,,14.548,r2_measured_00904,read,measured,,,,,0.609,,ok,0.4168
13.4834,626,,,0.6363,,,,,,15.2473,r2_measured_00905,read,measured,,,,,0.6927,,ok,0.3665
14.8424,418,,,0.3615,,,,,,16.3146,r2_measured_00906,read,measured,,,,,0.6538,,ok,0.388
13.1908,568,,,0.4671,,,,,,14.6255,r2_measured_00907,read,measured,,,,,0.5849,,ok,0.3251
16.8574,507,,,0.4582,,,,,,18.403,r2_measured_00908,read,measured,,,,,0.6159,,ok,0.4008
13.6347,417,,,0.2259,,,,,,14.7339,r2_measured_00909,read,measured,,,,,0.5352,,ok,0.2918
12.4524,628,,,0.5722,,,,,,14.117,r2_measured_00910,read,measured,,,,,0.664,,ok,0.354
14.4711,687,,,0.5449,,,,,,16.0337,r2_measured_00911,read,measured,,,,,0.6156,,ok,0.3389
13.8031,662,,,0.5258,,,,,,15.3226,r2_measured_00912,read,measured,,,,,0.5739,,ok,0.3497
14.3832,566,,,0.4512,,,,,,16.0005,r2_measured_00913,read,measured,,,,,0.7806,,ok,0.3221
107.2488,418,14.1792,14.7326,0.2625,1.767,0,14.7306,1,59.7719,108.3762,r2_measured_00914,update,measured,45.0393,1.1274,1,14.9664,0.4828,16.5643,ok,0.3297
14.215,680,,,0.5583,,,,,,15.8196,r2_measured_00915,read,measured,,,,,0.6256,,ok,0.3501
13.3343,626,,,0.4903,,,,,,14.881,r2_measured_00916,read,measured,,,,,0.6499,,ok,0.341
14.5506,673,,,0.6103,,,,,,16.2973,r2_measured_00917,read,measured,,,,,0.7,,ok,0.3617
13.2321,626,,,0.5499,,,,,,14.764,r2_measured_00918,read,measured,,,,,0.5709,,ok,0.3461
13.9128,627,,,0.5885,,,,,,15.5187,r2_measured_00919,read,measured,,,,,0.6201,,ok,0.3264
14.1279,567,,,0.5201,,,,,,15.725,r2_measured_00920,read,measured,,,,,0.6027,,ok,0.4017
13.8763,625,,,0.5616,,,,,,15.5127,r2_measured_00921,read,measured,,,,,0.6262,,ok,0.3768
13.9265,679,,,0.5569,,,,,,15.6677,r2_measured_00922,read,measured,,,,,0.7417,,ok,0.3695
14.4685,419,,,0.2583,,,,,,15.5948,r2_measured_00923,read,measured,,,,,0.4852,,ok,0.3288
12.9245,628,,,0.4882,,,,,,14.3698,r2_measured_00924,read,measured,,,,,0.5591,,ok,0.3338
13.379,625,,,0.4832,,,,,,14.7863,r2_measured_00925,read,measured,,,,,0.5533,,ok,0.3121
15.9264,675,,,0.5663,,,,,,17.5939,r2_measured_00926,read,measured,,,,,0.657,,ok,0.3756
13.0898,627,,,0.457,,,,,,14.431,r2_measured_00927,read,measured,,,,,0.5226,,ok,0.3034
13.4696,567,,,0.5103,,,,,,15.1097,r2_measured_00928,read,measured,,,,,0.6953,,ok,0.3653
14.1401,679,,,0.5784,,,,,,15.7661,r2_measured_00929,read,measured,,,,,0.6054,,ok,0.3708
13.8351,508,,,0.539,,,,,,15.4029,r2_measured_00930,read,measured,,,,,0.5954,,ok,0.3618
16.6597,680,,,0.5637,,,,,,18.347,r2_measured_00931,read,measured,,,,,0.7105,,ok,0.3443
12.596,624,,,0.651,,,,,,14.38,r2_measured_00932,read,measured,,,,,0.6621,,ok,0.3949
11.74,628,,,0.5146,,,,,,13.4004,r2_measured_00933,read,measured,,,,,0.5965,,ok,0.4824
92.4648,681,9.7415,11.0305,0.5549,2.5156,1,11.029,1,58.595,94.0117,r2_measured_00934,update,measured,47.5645,1.5469,1,0.0071,0.6065,21.6056,ok,0.3174
12.0681,660,,,0.5872,,,,,,13.7872,r2_measured_00935,read,measured,,,,,0.6881,,ok,0.3751
16.1301,417,,,0.2483,,,,,,17.2749,r2_measured_00936,read,measured,,,,,0.5376,,ok,0.3061
14.84,368,,,0.2487,,,,,,16.0291,r2_measured_00937,read,measured,,,,,0.5158,,ok,0.3714
13.0147,624,,,0.6299,,,,,,14.975,r2_measured_00938,read,measured,,,,,0.8355,,ok,0.4117
10.7938,624,,,0.491,,,,,,12.3589,r2_measured_00939,read,measured,,,,,0.6463,,ok,0.3595
20.5349,677,,,0.6038,,,,,,22.2252,r2_measured_00940,read,measured,,,,,0.6349,,ok,0.3737
9.8211,673,,,0.5246,,,,,,11.3336,r2_measured_00941,read,measured,,,,,0.5851,,ok,0.3354
14.3046,418,,,0.3011,,,,,,15.6639,r2_measured_00942,read,measured,,,,,0.5956,,ok,0.3907
14.753,675,,,0.5566,,,,,,16.5604,r2_measured_00943,read,measured,,,,,0.7969,,ok,0.3828
16.9068,506,,,0.4565,,,,,,18.36,r2_measured_00944,read,measured,,,,,0.5583,,ok,0.3769
14.1196,672,,,0.502,,,,,,15.6304,r2_measured_00945,read,measured,,,,,0.6106,,ok,0.3367
9.6989,368,,,0.2861,,,,,,10.8657,r2_measured_00946,read,measured,,,,,0.5246,,ok,0.3051
12.6707,418,,,0.2711,,,,,,13.7992,r2_measured_00947,read,measured,,,,,0.505,,ok,0.3013
16.9325,418,,,0.241,,,,,,18.0083,r2_measured_00948,read,measured,,,,,0.486,,ok,0.2994
11.8373,567,,,0.5135,,,,,,13.2758,r2_measured_00949,read,measured,,,,,0.5362,,ok,0.3265
12.6716,688,,,0.4986,,,,,,14.1396,r2_measured_00950,read,measured,,,,,0.5819,,ok,0.3257
14.7323,628,,,0.5057,,,,,,16.29,r2_measured_00951,read,measured,,,,,0.6439,,ok,0.3393
12.0806,672,,,0.4706,,,,,,13.5402,r2_measured_00952,read,measured,,,,,0.6094,,ok,0.3174
13.7251,368,,,0.3625,,,,,,15.4605,r2_measured_00953,read,measured,,,,,0.8986,,ok,0.4012
93.3412,419,16.4102,12.3996,0.363,1.6482,0,12.3966,1,59.3753,95.0961,r2_measured_00954,update,measured,46.9757,1.7549,1,0.0065,0.7311,15.901,ok,0.5692
13.3428,567,,,0.5276,,,,,,15.0933,r2_measured_00955,read,measured,,,,,0.7551,,ok,0.3892
12.4778,508,,,0.4554,,,,,,13.8187,r2_measured_00956,read,measured,,,,,0.5077,,ok,0.3218
17.1331,675,,,0.5598,,,,,,18.6888,r2_measured_00957,read,measured,,,,,0.6066,,ok,0.3174
10.0238,566,,,0.4691,,,,,,11.4809,r2_measured_00958,read,measured,,,,,0.5706,,ok,0.3574
14.987,628,,,0.5364,,,,,,16.637,r2_measured_00959,read,measured,,,,,0.6708,,ok,0.3558
13.5119,566,,,0.4076,,,,,,14.7936,r2_measured_00960,read,measured,,,,,0.5104,,ok,0.3057
15.1531,565,,,0.503,,,,,,16.7248,r2_measured_00961,read,measured,,,,,0.6813,,ok,0.3154
12.8017,566,,,0.4492,,,,,,14.2214,r2_measured_00962,read,measured,,,,,0.6022,,ok,0.3054
13.9547,679,,,0.6056,,,,,,15.7744,r2_measured_00963,read,measured,,,,,0.7254,,ok,0.3746
14.2813,509,,,0.5053,,,,,,15.886,r2_measured_00964,read,measured,,,,,0.6377,,ok,0.3914
18.4412,626,,,0.5494,,,,,,20.0629,r2_measured_00965,read,measured,,,,,0.6564,,ok,0.3351
9.7403,688,,,0.5595,,,,,,11.3363,r2_measured_00966,read,measured,,,,,0.6424,,ok,0.3202
14.5112,681,,,0.5467,,,,,,16.1083,r2_measured_00967,read,measured,,,,,0.6268,,ok,0.3525
14.1428,680,,,0.6401,,,,,,15.9996,r2_measured_00968,read,measured,,,,,0.7341,,ok,0.3979
17.0656,624,,,0.6012,,,,,,18.7952,r2_measured_00969,read,measured,,,,,0.6674,,ok,0.3821
10.4238,628,,,0.5863,,,,,,12.0836,r2_measured_00970,read,measured,,,,,0.5982,,ok,0.4011
14.1873,679,,,0.6894,,,,,,16.1332,r2_measured_00971,read,measured,,,,,0.7355,,ok,0.4327
15.6325,369,,,0.3283,,,,,,16.9895,r2_measured_00972,read,measured,,,,,0.5583,,ok,0.4044
12.4184,624,,,0.6248,,,,,,14.397,r2_measured_00973,read,measured,,,,,0.8169,,ok,0.4549
14.1992,679,,,0.8406,,,,,,16.5435,r2_measured_00974,read,measured,,,,,0.9668,,ok,0.4426
10.1355,369,,,0.2518,,,,,,11.3663,r2_measured_00975,read,measured,,,,,0.5472,,ok,0.3741
15.4534,681,,,0.7136,,,,,,17.4936,r2_measured_00976,read,measured,,,,,0.8074,,ok,0.4276
12.0994,417,,,0.3141,,,,,,13.3722,r2_measured_00977,read,measured,,,,,0.5151,,ok,0.3824
14.8246,369,,,0.4454,,,,,,16.8696,r2_measured_00978,read,measured,,,,,0.9262,,ok,0.5595
14.2138,679,,,0.7135,,,,,,16.0844,r2_measured_00979,read,measured,,,,,0.7055,,ok,0.3732
12.7338,679,,,0.607,,,,,,14.7724,r2_measured_00980,read,measured,,,,,0.9025,,ok,0.431
13.9143,417,,,0.3561,,,,,,15.393,r2_measured_00981,read,measured,,,,,0.6228,,ok,0.4324
15.3278,625,,,0.5537,,,,,,17.0684,r2_measured_00982,read,measured,,,,,0.7553,,ok,0.3566
12.6857,368,,,0.2822,,,,,,13.9889,r2_measured_00983,read,measured,,,,,0.5774,,ok,0.3852
16.2321,677,,,0.6601,,,,,,18.1488,r2_measured_00984,read,measured,,,,,0.7317,,ok,0.4413
12.5194,567,,,0.5284,,,,,,14.3027,r2_measured_00985,read,measured,,,,,0.8068,,ok,0.3781
13.3653,628,,,0.6,,,,,,15.1704,r2_measured_00986,read,measured,,,,,0.6625,,ok,0.4526
13.5761,566,,,0.6047,,,,,,15.6621,r2_measured_00987,read,measured,,,,,0.9446,,ok,0.4497
13.3622,679,,,0.6316,,,,,,15.2301,r2_measured_00988,read,measured,,,,,0.6949,,ok,0.4564
15.2756,568,,,0.5837,,,,,,16.9259,r2_measured_00989,read,measured,,,,,0.642,,ok,0.3496
10.5547,689,,,0.5173,,,,,,12.1187,r2_measured_00990,read,measured,,,,,0.6439,,ok,0.3372
16.3955,681,,,0.8517,,,,,,18.9072,r2_measured_00991,read,measured,,,,,1.0296,,ok,0.519
10.77,568,,,0.535,,,,,,12.4572,r2_measured_00992,read,measured,,,,,0.6706,,ok,0.412
19.3257,418,,,0.321,,,,,,20.6057,r2_measured_00993,read,measured,,,,,0.5842,,ok,0.3131
9.4412,628,,,0.7492,,,,,,11.6628,r2_measured_00994,read,measured,,,,,0.8802,,ok,0.4985
13.7441,689,,,0.7647,,,,,,15.9921,r2_measured_00995,read,measured,,,,,0.8885,,ok,0.4792
12.6877,689,,,0.7358,,,,,,14.811,r2_measured_00996,read,measured,,,,,0.8393,,ok,0.4532
13.5551,675,,,0.6904,,,,,,15.6681,r2_measured_00997,read,measured,,,,,0.8934,,ok,0.4459
12.3286,419,,,0.3215,,,,,,13.851,r2_measured_00998,read,measured,,,,,0.6127,,ok,0.5037
17.8274,568,,,0.6742,,,,,,19.8338,r2_measured_00999,read,measured,,,,,0.7537,,ok,0.4907
15.1106,689,,,1.1736,,,,,,18.0945,r2_measured_01000,read,measured,,,,,0.7839,,ok,0.9263
7.7905,509,,,0.5667,,,,,,9.534,r2_measured_01001,read,measured,,,,,0.7377,,ok,0.3702
13.8589,663,,,0.5047,,,,,,15.4122,r2_measured_01002,read,measured,,,,,0.6207,,ok,0.348
14.6576,662,,,0.5202,,,,,,16.1499,r2_measured_01003,read,measured,,,,,0.5659,,ok,0.3373
14.0096,674,,,0.5805,,,,,,15.668,r2_measured_01004,read,measured,,,,,0.6613,,ok,0.3316
18.792,628,,,0.5597,,,,,,20.4465,r2_measured_01005,read,measured,,,,,0.6711,,ok,0.3528
10.7562,566,,,0.5082,,,,,,12.2167,r2_measured_01006,read,measured,,,,,0.5699,,ok,0.3206
10.246,680,,,0.5085,,,,,,11.6862,r2_measured_01007,read,measured,,,,,0.5674,,ok,0.3002
15.5786,628,,,0.5483,,,,,,17.4387,r2_measured_01008,read,measured,,,,,0.8842,,ok,0.3522
12.1412,369,,,0.2394,,,,,,13.3602,r2_measured_01009,read,measured,,,,,0.4927,,ok,0.4292
15.575,567,,,0.7024,,,,,,17.6559,r2_measured_01010,read,measured,,,,,0.7874,,ok,0.5078
13.7466,679,,,0.8118,,,,,,15.9028,r2_measured_01011,read,measured,,,,,0.7867,,ok,0.4592
13.6645,566,,,0.6452,,,,,,15.6256,r2_measured_01012,read,measured,,,,,0.7515,,ok,0.4811
13.3414,628,,,0.6581,,,,,,15.3574,r2_measured_01013,read,measured,,,,,0.8329,,ok,0.4376
13.56,688,,,0.6739,,,,,,15.6636,r2_measured_01014,read,measured,,,,,0.9299,,ok,0.4147
13.3577,675,,,0.571,,,,,,14.9949,r2_measured_01015,read,measured,,,,,0.6565,,ok,0.3418
91.6568,629,9.5312,11.1352,0.536,2.8557,1,11.1336,1,59.3627,93.3647,r2_measured_01016,update,measured,48.2275,1.7079,1,0.0087,0.7273,19.8985,ok,0.3667
13.4321,679,,,0.5681,,,,,,15.0972,r2_measured_01017,read,measured,,,,,0.6497,,ok,0.3643
17.1186,416,,,0.3214,,,,,,18.5497,r2_measured_01018,read,measured,,,,,0.6196,,ok,0.4178
106.436,368,18.2365,9.022,0.3339,1.3257,1,9.0197,1,68.0813,108.0347,r2_measured_01019,update,measured,59.0593,1.5987,1,5.2862,0.6455,13.5063,ok,0.5448
12.7025,625,,,0.7026,,,,,,14.7888,r2_measured_01020,read,measured,,,,,0.7629,,ok,0.5251
14.5713,662,,,0.6742,,,,,,16.6472,r2_measured_01021,read,measured,,,,,0.7876,,ok,0.522
12.178,565,,,0.5112,,,,,,13.8147,r2_measured_01022,read,measured,,,,,0.6492,,ok,0.4086
14.9982,688,,,0.5536,,,,,,16.5883,r2_measured_01023,read,measured,,,,,0.6394,,ok,0.3325
13.3452,678,,,0.7074,,,,,,15.4622,r2_measured_01024,read,measured,,,,,0.8294,,ok,0.4888
12.6495,662,,,0.6099,,,,,,14.4213,r2_measured_01025,read,measured,,,,,0.7154,,ok,0.3658
13.9795,674,,,0.5297,,,,,,15.6452,r2_measured_01026,read,measured,,,,,0.7063,,ok,0.3199
11.9306,677,,,0.5555,,,,,,13.5752,r2_measured_01027,read,measured,,,,,0.6144,,ok,0.3921
14.8529,662,,,0.5258,,,,,,16.4233,r2_measured_01028,read,measured,,,,,0.6263,,ok,0.347
11.9661,679,,,0.5672,,,,,,13.5458,r2_measured_01029,read,measured,,,,,0.616,,ok,0.3296
15.0805,625,,,0.5575,,,,,,16.822,r2_measured_01030,read,measured,,,,,0.7144,,ok,0.3894
79.5919,416,,,0.2934,,,,,,80.744,r2_measured_01031,read,measured,,,,,0.4944,,ok,0.3118
9.2077,624,,,0.6561,,,,,,11.2638,r2_measured_01032,read,measured,,,,,0.8435,,ok,0.4384
14.1593,662,,,0.7057,,,,,,16.3824,r2_measured_01033,read,measured,,,,,0.9493,,ok,0.4766
14.3033,418,,,0.3809,,,,,,15.8992,r2_measured_01034,read,measured,,,,,0.6872,,ok,0.44
12.08,507,,,0.5476,,,,,,13.897,r2_measured_01035,read,measured,,,,,0.7893,,ok,0.4021
14.0497,628,,,0.821,,,,,,16.3061,r2_measured_01036,read,measured,,,,,0.8624,,ok,0.4533
13.2382,675,,,0.6661,,,,,,15.3667,r2_measured_01037,read,measured,,,,,0.9001,,ok,0.4702
21.2288,417,,,0.5541,,,,,,23.4061,r2_measured_01038,read,measured,,,,,0.9472,,ok,0.553
4.4567,369,,,0.2731,,,,,,5.7472,r2_measured_01039,read,measured,,,,,0.5498,,ok,0.4026
14.6322,626,,,0.6054,,,,,,16.6255,r2_measured_01040,read,measured,,,,,0.8475,,ok,0.4552
14.2961,686,,,0.5739,,,,,,16.2745,r2_measured_01041,read,measured,,,,,0.8202,,ok,0.5011
14.2598,679,,,0.6131,,,,,,16.1349,r2_measured_01042,read,measured,,,,,0.7898,,ok,0.3827
14.7931,689,,,0.5676,,,,,,16.5531,r2_measured_01043,read,measured,,,,,0.7144,,ok,0.37
11.7636,680,,,0.7226,,,,,,13.8156,r2_measured_01044,read,measured,,,,,0.7838,,ok,0.4541
14.8588,678,,,0.7204,,,,,,17.066,r2_measured_01045,read,measured,,,,,0.9598,,ok,0.4238
11.637,674,,,0.5029,,,,,,13.1124,r2_measured_01046,read,measured,,,,,0.5857,,ok,0.3197
17.8661,628,,,0.4797,,,,,,19.4602,r2_measured_01047,read,measured,,,,,0.6998,,ok,0.331
9.6855,681,,,0.5044,,,,,,11.1296,r2_measured_01048,read,measured,,,,,0.5522,,ok,0.3237
15.1498,567,,,0.676,,,,,,17.2632,r2_measured_01049,read,measured,,,,,0.8332,,ok,0.5014
14.6065,688,,,0.6142,,,,,,16.4197,r2_measured_01050,read,measured,,,,,0.7642,,ok,0.358
12.036,679,,,0.5953,,,,,,13.7855,r2_measured_01051,read,measured,,,,,0.6307,,ok,0.4348
23.2687,680,,,0.5837,,,,,,24.9839,r2_measured_01052,read,measured,,,,,0.7127,,ok,0.3477
6.7451,661,,,0.5429,,,,,,8.4253,r2_measured_01053,read,measured,,,,,0.7149,,ok,0.3416
13.641,689,,,0.5537,,,,,,15.2648,r2_measured_01054,read,measured,,,,,0.6601,,ok,0.3297
13.4638,680,,,0.4921,,,,,,14.9917,r2_measured_01055,read,measured,,,,,0.6191,,ok,0.3433
13.8824,418,,,0.2908,,,,,,15.0902,r2_measured_01056,read,measured,,,,,0.5251,,ok,0.3058
12.6166,369,,,0.2464,,,,,,13.7896,r2_measured_01057,read,measured,,,,,0.5091,,ok,0.3628
15.9561,565,,,0.6938,,,,,,17.8517,r2_measured_01058,read,measured,,,,,0.6761,,ok,0.4437
13.2357,628,,,0.7166,,,,,,15.3959,r2_measured_01059,read,measured,,,,,0.8288,,ok,0.5159
13.598,679,,,0.6672,,,,,,15.5705,r2_measured_01060,read,measured,,,,,0.79,,ok,0.424
14.4141,661,,,0.779,,,,,,16.5881,r2_measured_01061,read,measured,,,,,0.8178,,ok,0.4817
19.1668,369,,,0.2854,,,,,,20.3575,r2_measured_01062,read,measured,,,,,0.4766,,ok,0.3689
9.3838,627,,,0.5136,,,,,,10.8527,r2_measured_01063,read,measured,,,,,0.5417,,ok,0.3484
16.1904,685,,,0.7443,,,,,,18.2064,r2_measured_01064,read,measured,,,,,0.7464,,ok,0.4342
13.4053,566,,,0.4324,,,,,,14.7833,r2_measured_01065,read,measured,,,,,0.5659,,ok,0.3181
10.7906,369,,,0.2917,,,,,,12.0657,r2_measured_01066,read,measured,,,,,0.5432,,ok,0.374
13.6256,418,,,0.2769,,,,,,14.8087,r2_measured_01067,read,measured,,,,,0.4974,,ok,0.3472
13.8497,567,,,0.5374,,,,,,15.378,r2_measured_01068,read,measured,,,,,0.6107,,ok,0.3199
16.6568,567,,,0.5123,,,,,,18.1636,r2_measured_01069,read,measured,,,,,0.6128,,ok,0.3154
10.0351,680,,,0.5257,,,,,,11.5387,r2_measured_01070,read,measured,,,,,0.5827,,ok,0.3266
13.8868,663,,,0.5352,,,,,,15.5068,r2_measured_01071,read,measured,,,,,0.6482,,ok,0.3647
19.1344,369,,,0.2266,,,,,,20.1591,r2_measured_01072,read,measured,,,,,0.4352,,ok,0.3153
9.341,689,,,0.6438,,,,,,11.0913,r2_measured_01073,read,measured,,,,,0.6929,,ok,0.339
14.1279,680,,,0.516,,,,,,15.7518,r2_measured_01074,read,measured,,,,,0.6306,,ok,0.4021
13.874,660,,,0.5253,,,,,,15.4519,r2_measured_01075,read,measured,,,,,0.6422,,ok,0.3382
108.8663,681,8.5998,9.9944,0.5069,2.2669,1,9.9929,1,58.5757,110.4212,r2_measured_01076,update,measured,48.5813,1.5549,1,16.0727,0.5594,23.3512,ok,0.417
13.163,566,,,0.6164,,,,,,14.9323,r2_measured_01077,read,measured,,,,,0.662,,ok,0.4194
13.6383,679,,,0.525,,,,,,15.4928,r2_measured_01078,read,measured,,,,,0.8817,,ok,0.3425
11.5546,509,,,0.4155,,,,,,12.862,r2_measured_01079,read,measured,,,,,0.5231,,ok,0.3165
16.215,685,,,0.6522,,,,,,18.0177,r2_measured_01080,read,measured,,,,,0.728,,ok,0.3495
10.7366,418,,,0.2652,,,,,,11.9563,r2_measured_01081,read,measured,,,,,0.5152,,ok,0.3384
17.1778,686,,,0.71,,,,,,19.278,r2_measured_01082,read,measured,,,,,0.8673,,ok,0.428
14.3448,689,,,0.612,,,,,,16.0743,r2_measured_01083,read,measured,,,,,0.6913,,ok,0.3523
11.1993,624,,,0.588,,,,,,12.9792,r2_measured_01084,read,measured,,,,,0.7234,,ok,0.3903
12.8859,663,,,0.5406,,,,,,14.6016,r2_measured_01085,read,measured,,,,,0.7166,,ok,0.358
14.0678,507,,,0.5418,,,,,,15.8887,r2_measured_01086,read,measured,,,,,0.6947,,ok,0.4281
13.9238,368,,,0.3198,,,,,,15.3256,r2_measured_01087,read,measured,,,,,0.6168,,ok,0.4015
16.0057,680,,,0.6704,,,,,,17.9282,r2_measured_01088,read,measured,,,,,0.7643,,ok,0.3963
14.7018,568,,,0.5975,,,,,,16.6918,r2_measured_01089,read,measured,,,,,0.7695,,ok,0.5362
12.3497,672,,,0.7123,,,,,,14.4791,r2_measured_01090,read,measured,,,,,0.8194,,ok,0.5033
13.7483,629,,,0.6498,,,,,,15.8111,r2_measured_01091,read,measured,,,,,0.8909,,ok,0.4358
13.225,624,,,0.5587,,,,,,14.8443,r2_measured_01092,read,measured,,,,,0.6391,,ok,0.3523
12.3214,418,,,0.2498,,,,,,13.4469,r2_measured_01093,read,measured,,,,,0.5217,,ok,0.2967
15.0821,681,,,0.5463,,,,,,16.7772,r2_measured_01094,read,measured,,,,,0.6993,,ok,0.3724
16.7241,680,,,0.67,,,,,,18.7271,r2_measured_01095,read,measured,,,,,0.814,,ok,0.4381
10.7402,679,,,0.5765,,,,,,12.3598,r2_measured_01096,read,measured,,,,,0.61,,ok,0.3649
12.7304,508,,,0.7516,,,,,,14.9003,r2_measured_01097,read,measured,,,,,0.827,,ok,0.5016
13.3356,673,,,0.6865,,,,,,15.3754,r2_measured_01098,read,measured,,,,,0.8314,,ok,0.44
14.2915,679,,,0.8792,,,,,,16.7672,r2_measured_01099,read,measured,,,,,0.935,,ok,0.5611
12.6228,663,,,0.5644,,,,,,14.338,r2_measured_01100,read,measured,,,,,0.6983,,ok,0.3795
22.587,661,,,0.6574,,,,,,24.5306,r2_measured_01101,read,measured,,,,,0.7863,,ok,0.4092
7.5651,678,,,0.6589,,,,,,9.182,r2_measured_01102,read,measured,,,,,0.4871,,ok,0.4016
10.2391,629,,,0.7034,,,,,,12.3467,r2_measured_01103,read,measured,,,,,0.8386,,ok,0.4775
110.0969,508,14.9389,12.1699,0.603,1.7757,1,12.1682,1,59.914,111.8929,r2_measured_01104,update,measured,47.7441,1.796,1,16.6406,0.6536,16.8277,ok,0.4644
13.6305,418,,,0.4553,,,,,,15.2703,r2_measured_01105,read,measured,,,,,0.5972,,ok,0.5128
14.3544,686,,,0.6806,,,,,,16.287,r2_measured_01106,read,measured,,,,,0.7344,,ok,0.4337
13.4691,624,,,0.4745,,,,,,15.0439,r2_measured_01107,read,measured,,,,,0.6888,,ok,0.3459
102.9539,568,5.672,12.8568,0.4951,1.7834,1,12.855,1,56.0952,104.4074,r2_measured_01108,update,measured,43.2384,1.4535,1,16.1823,0.5404,23.221,ok,0.3522
15.4264,507,,,0.4486,,,,,,16.9182,r2_measured_01109,read,measured,,,,,0.6653,,ok,0.3179
11.9754,507,,,0.5176,,,,,,13.6408,r2_measured_01110,read,measured,,,,,0.6104,,ok,0.4605
15.1906,680,,,0.6329,,,,,,17.035,r2_measured_01111,read,measured,,,,,0.7499,,ok,0.386
13.4396,626,,,0.5734,,,,,,15.2804,r2_measured_01112,read,measured,,,,,0.7603,,ok,0.4306
15.0834,679,,,0.7016,,,,,,17.3402,r2_measured_01113,read,measured,,,,,0.8795,,ok,0.5704
11.6219,688,,,0.6672,,,,,,13.4841,r2_measured_01114,read,measured,,,,,0.7093,,ok,0.4076
14.3389,567,,,0.6046,,,,,,16.282,r2_measured_01115,read,measured,,,,,0.8201,,ok,0.4342
12.6018,688,,,0.7729,,,,,,14.6811,r2_measured_01116,read,measured,,,,,0.7565,,ok,0.4637
12.794,681,,,0.7504,,,,,,14.9746,r2_measured_01117,read,measured,,,,,0.8962,,ok,0.4331
11.4128,508,,,0.5529,,,,,,13.0857,r2_measured_01118,read,measured,,,,,0.6144,,ok,0.4377
14.4168,677,,,0.6893,,,,,,16.3097,r2_measured_01119,read,measured,,,,,0.7427,,ok,0.3824
14.1454,628,,,0.4411,,,,,,15.6054,r2_measured_01120,read,measured,,,,,0.6415,,ok,0.3158
11.8537,678,,,0.4742,,,,,,13.2707,r2_measured_01121,read,measured,,,,,0.5657,,ok,0.3024
15.3506,680,,,0.5618,,,,,,17.0048,r2_measured_01122,read,measured,,,,,0.704,,ok,0.3194
13.7651,567,,,0.558,,,,,,15.3489,r2_measured_01123,read,measured,,,,,0.6064,,ok,0.3546
13.9358,680,,,0.521,,,,,,15.5199,r2_measured_01124,read,measured,,,,,0.6827,,ok,0.3138
13.1153,566,,,0.472,,,,,,14.4987,r2_measured_01125,read,measured,,,,,0.5344,,ok,0.319
17.3201,419,,,0.3304,,,,,,18.7012,r2_measured_01126,read,measured,,,,,0.5749,,ok,0.4098
10.67,369,,,0.2459,,,,,,11.9933,r2_measured_01127,read,measured,,,,,0.5907,,ok,0.4269
16.6405,679,,,0.71,,,,,,18.7782,r2_measured_01128,read,measured,,,,,0.7983,,ok,0.4746
17.0726,507,,,0.503,,,,,,18.5622,r2_measured_01129,read,measured,,,,,0.5609,,ok,0.3632
16.1287,628,,,0.606,,,,,,18.0667,r2_measured_01130,read,measured,,,,,0.842,,ok,0.4107
7.0088,508,,,0.5233,,,,,,8.6232,r2_measured_01131,read,measured,,,,,0.6327,,ok,0.3904
22.994,627,,,0.7526,,,,,,25.2821,r2_measured_01132,read,measured,,,,,0.8688,,ok,0.5712
9.3579,680,,,0.4999,,,,,,10.8384,r2_measured_01133,read,measured,,,,,0.6075,,ok,0.3085
11.4564,369,,,0.2812,,,,,,12.7206,r2_measured_01134,read,measured,,,,,0.479,,ok,0.4445
9.1495,369,,,0.2676,,,,,,10.4331,r2_measured_01135,read,measured,,,,,0.5631,,ok,0.3978
15.0857,418,,,0.3495,,,,,,16.5008,r2_measured_01136,read,measured,,,,,0.6937,,ok,0.3045
17.9753,566,,,0.4453,,,,,,19.5043,r2_measured_01137,read,measured,,,,,0.6996,,ok,0.3198
13.7324,662,,,0.5665,,,,,,15.3844,r2_measured_01138,read,measured,,,,,0.6196,,ok,0.3954
10.6121,506,,,0.512,,,,,,12.1254,r2_measured_01139,read,measured,,,,,0.6059,,ok,0.3354
13.778,624,,,0.7575,,,,,,15.7464,r2_measured_01140,read,measured,,,,,0.7114,,ok,0.4238
14.6476,679,,,0.8223,,,,,,16.9775,r2_measured_01141,read,measured,,,,,0.9889,,ok,0.4287
12.6243,418,,,0.277,,,,,,13.8053,r2_measured_01142,read,measured,,,,,0.4866,,ok,0.3599
14.6336,678,,,0.8372,,,,,,16.7369,r2_measured_01143,read,measured,,,,,0.7757,,ok,0.4012
12.2556,628,,,0.5522,,,,,,14.034,r2_measured_01144,read,measured,,,,,0.7635,,ok,0.3872
12.9096,368,,,0.3068,,,,,,14.1834,r2_measured_01145,read,measured,,,,,0.5496,,ok,0.358
15.0139,626,,,0.6322,,,,,,17.0145,r2_measured_01146,read,measured,,,,,0.8589,,ok,0.4329
14.5714,674,,,0.7909,,,,,,16.874,r2_measured_01147,read,measured,,,,,0.9152,,ok,0.4906
11.8255,662,,,0.5319,,,,,,13.4101,r2_measured_01148,read,measured,,,,,0.6743,,ok,0.3128
13.0262,675,,,0.6844,,,,,,14.79,r2_measured_01149,read,measured,,,,,0.6275,,ok,0.3787
15.1356,629,,,0.6188,,,,,,16.8993,r2_measured_01150,read,measured,,,,,0.6964,,ok,0.3656
13.1704,628,,,0.5405,,,,,,14.8672,r2_measured_01151,read,measured,,,,,0.6227,,ok,0.4557
16.0188,567,,,0.4877,,,,,,17.5748,r2_measured_01152,read,measured,,,,,0.6544,,ok,0.3474
13.4407,418,,,0.2756,,,,,,14.5488,r2_measured_01153,read,measured,,,,,0.4624,,ok,0.3238
16.9569,681,,,0.6452,,,,,,18.9283,r2_measured_01154,read,measured,,,,,0.8287,,ok,0.4137
9.1996,688,,,0.5041,,,,,,10.9098,r2_measured_01155,read,measured,,,,,0.7831,,ok,0.3525
14.8826,677,,,0.5626,,,,,,16.9028,r2_measured_01156,read,measured,,,,,1.0134,,ok,0.361
11.727,624,,,0.5197,,,,,,13.2211,r2_measured_01157,read,measured,,,,,0.5765,,ok,0.3328
13.4025,368,,,0.2402,,,,,,14.4942,r2_measured_01158,read,measured,,,,,0.4779,,ok,0.3173
14.826,628,,,0.4968,,,,,,16.4425,r2_measured_01159,read,measured,,,,,0.6537,,ok,0.3925
13.3287,689,,,0.6071,,,,,,15.2297,r2_measured_01160,read,measured,,,,,0.804,,ok,0.4082
13.6211,417,,,0.284,,,,,,14.9839,r2_measured_01161,read,measured,,,,,0.5303,,ok,0.4802
14.7598,628,,,0.6061,,,,,,16.5748,r2_measured_01162,read,measured,,,,,0.7687,,ok,0.3697
12.98,568,,,0.499,,,,,,14.4617,r2_measured_01163,read,measured,,,,,0.5808,,ok,0.3356
13.7045,509,,,0.3646,,,,,,15.0527,r2_measured_01164,read,measured,,,,,0.6112,,ok,0.3148
15.1463,675,,,0.5167,,,,,,16.9719,r2_measured_01165,read,measured,,,,,0.6841,,ok,0.5305
12.5806,566,,,0.466,,,,,,13.9112,r2_measured_01166,read,measured,,,,,0.4914,,ok,0.3168
22.2111,662,,,0.6156,,,,,,24.0071,r2_measured_01167,read,measured,,,,,0.6454,,ok,0.4568
8.696,673,,,0.565,,,,,,10.5294,r2_measured_01168,read,measured,,,,,0.7511,,ok,0.4372
12.8302,628,,,0.6151,,,,,,14.4621,r2_measured_01169,read,measured,,,,,0.6226,,ok,0.326
13.3053,680,,,0.5377,,,,,,14.842,r2_measured_01170,read,measured,,,,,0.5982,,ok,0.3288
15.032,509,,,0.5938,,,,,,16.6339,r2_measured_01171,read,measured,,,,,0.5817,,ok,0.3545
14.5996,688,,,0.5407,,,,,,16.1214,r2_measured_01172,read,measured,,,,,0.5867,,ok,0.3262
12.7742,661,,,0.5525,,,,,,14.3716,r2_measured_01173,read,measured,,,,,0.6061,,ok,0.3632
73.6779,688,,,0.6794,,,,,,75.3964,r2_measured_01174,read,measured,,,,,0.634,,ok,0.3374
12.8168,418,,,0.2476,,,,,,14.1617,r2_measured_01175,read,measured,,,,,0.552,,ok,0.4547
16.8138,507,,,0.4805,,,,,,18.2221,r2_measured_01176,read,measured,,,,,0.5141,,ok,0.3516
11.4888,679,,,0.5386,,,,,,13.1335,r2_measured_01177,read,measured,,,,,0.7163,,ok,0.3225
14.2464,628,,,0.5799,,,,,,15.9252,r2_measured_01178,read,measured,,,,,0.681,,ok,0.3432
14.286,624,,,0.5916,,,,,,15.9979,r2_measured_01179,read,measured,,,,,0.6448,,ok,0.4053
15.3231,565,,,0.6601,,,,,,17.4232,r2_measured_01180,read,measured,,,,,0.8211,,ok,0.5248
13.6919,627,,,0.7017,,,,,,15.7488,r2_measured_01181,read,measured,,,,,0.7897,,ok,0.4733
13.66,626,,,0.7671,,,,,,15.8315,r2_measured_01182,read,measured,,,,,0.8159,,ok,0.4713
12.0723,417,,,0.2701,,,,,,13.2183,r2_measured_01183,read,measured,,,,,0.5234,,ok,0.3006
13.8753,368,,,0.3608,,,,,,15.1492,r2_measured_01184,read,measured,,,,,0.4856,,ok,0.3673
143.7035,419,9.1725,12.9451,0.2635,1.916,1,12.9433,1,79.4451,144.9624,r2_measured_01185,update,measured,66.5,1.2589,1,34.0977,0.5883,19.0722,ok,0.3498
11.866,681,,,0.501,,,,,,13.4143,r2_measured_01186,read,measured,,,,,0.6214,,ok,0.3605
15.9011,628,,,0.6266,,,,,,17.8524,r2_measured_01187,read,measured,,,,,0.8075,,ok,0.4339
10.9258,416,,,0.3805,,,,,,12.46,r2_measured_01188,read,measured,,,,,0.6493,,ok,0.4352
17.5543,688,,,0.6976,,,,,,19.5812,r2_measured_01189,read,measured,,,,,0.8222,,ok,0.4166
103.0455,567,6.232,11.3034,0.4249,2.0269,1,11.3016,1,52.6454,104.417,r2_measured_01190,update,measured,41.342,1.3715,1,18.1812,0.5736,23.96,ok,0.314
13.1886,680,,,0.5098,,,,,,14.7888,r2_measured_01191,read,measured,,,,,0.6926,,ok,0.3298
16.6644,628,,,0.5065,,,,,,18.3709,r2_measured_01192,read,measured,,,,,0.6911,,ok,0.4431
22.1534,687,,,0.7484,,,,,,24.0554,r2_measured_01193,read,measured,,,,,0.7208,,ok,0.3528
17.5,368,,,0.2169,,,,,,18.6966,r2_measured_01194,read,measured,,,,,0.5069,,ok,0.4176
15.8453,505,,,0.4633,,,,,,17.2027,r2_measured_01195,read,measured,,,,,0.5182,,ok,0.3165
15.4726,629,,,0.5895,,,,,,17.2335,r2_measured_01196,read,measured,,,,,0.6956,,ok,0.3971
14.5396,679,,,0.5471,,,,,,16.2224,r2_measured_01197,read,measured,,,,,0.6843,,ok,0.3698
10.2555,418,,,0.2664,,,,,,11.4288,r2_measured_01198,read,measured,,,,,0.4961,,ok,0.3558
13.0323,419,,,0.2695,,,,,,14.1632,r2_measured_01199,read,measured,,,,,0.4857,,ok,0.3238
16.9621,679,,,0.5299,,,,,,18.5811,r2_measured_01200,read,measured,,,,,0.6846,,ok,0.3378
11.4384,507,,,0.4654,,,,,,12.9309,r2_measured_01201,read,measured,,,,,0.6103,,ok,0.3593
14.4728,509,,,0.5205,,,,,,16.1786,r2_measured_01202,read,measured,,,,,0.653,,ok,0.4393
14.3818,509,,,0.5053,,,,,,15.9741,r2_measured_01203,read,measured,,,,,0.598,,ok,0.4193
14.1513,674,,,0.6411,,,,,,15.9389,r2_measured_01204,read,measured,,,,,0.6929,,ok,0.3591
12.9238,680,,,0.4985,,,,,,14.5422,r2_measured_01205,read,measured,,,,,0.7186,,ok,0.3367
14.6336,567,,,0.6947,,,,,,16.2833,r2_measured_01206,read,measured,,,,,0.5657,,ok,0.3246
13.4822,504,,,0.5258,,,,,,15.5012,r2_measured_01207,read,measured,,,,,0.9345,,ok,0.4778
13.4129,565,,,0.5722,,,,,,15.4127,r2_measured_01208,read,measured,,,,,0.7431,,ok,0.584
12.126,418,,,0.2868,,,,,,13.4195,r2_measured_01209,read,measured,,,,,0.585,,ok,0.3647
17.1671,418,,,0.3065,,,,,,18.5062,r2_measured_01210,read,measured,,,,,0.6213,,ok,0.3515
10.6444,567,,,0.4551,,,,,,12.0031,r2_measured_01211,read,measured,,,,,0.5248,,ok,0.3187
18.5115,627,,,0.4929,,,,,,20.015,r2_measured_01212,read,measured,,,,,0.6244,,ok,0.3175
11.56,674,,,0.5006,,,,,,13.0403,r2_measured_01213,read,measured,,,,,0.586,,ok,0.3296
12.8637,686,,,0.5489,,,,,,14.5193,r2_measured_01214,read,measured,,,,,0.5658,,ok,0.4706
13.8768,567,,,0.5447,,,,,,15.4812,r2_measured_01215,read,measured,,,,,0.6475,,ok,0.3462
14.3309,681,,,0.5399,,,,,,15.9009,r2_measured_01216,read,measured,,,,,0.6002,,ok,0.3623
106.8023,628,9.3743,12.5185,0.5073,2.2047,1,12.517,1,57.0258,108.4094,r2_measured_01217,update,measured,44.5073,1.6071,1,18.2647,0.7114,19.9328,ok,0.3205
11.9051,679,,,0.5607,,,,,,13.4327,r2_measured_01218,read,measured,,,,,0.5745,,ok,0.3258
16.1744,675,,,0.6485,,,,,,18.3001,r2_measured_01219,read,measured,,,,,0.9669,,ok,0.4143
12.9696,681,,,0.4735,,,,,,14.566,r2_measured_01220,read,measured,,,,,0.5802,,ok,0.4705
13.3969,662,,,0.6851,,,,,,15.3913,r2_measured_01221,read,measured,,,,,0.7217,,ok,0.4955
14.4585,679,,,0.677,,,,,,16.2614,r2_measured_01222,read,measured,,,,,0.6817,,ok,0.3685
12.6165,688,,,0.6546,,,,,,14.5212,r2_measured_01223,read,measured,,,,,0.7701,,ok,0.398
14.0045,568,,,0.5478,,,,,,15.5792,r2_measured_01224,read,measured,,,,,0.5983,,ok,0.3661
13.6465,628,,,0.5391,,,,,,15.1762,r2_measured_01225,read,measured,,,,,0.5946,,ok,0.3377
15.4048,681,,,0.7305,,,,,,17.4434,r2_measured_01226,read,measured,,,,,0.7814,,ok,0.4375
11.0185,680,,,0.465,,,,,,12.4497,r2_measured_01227,read,measured,,,,,0.5677,,ok,0.339
15.2953,508,,,0.5919,,,,,,17.129,r2_measured_01228,read,measured,,,,,0.6979,,ok,0.4652
13.9452,568,,,0.5356,,,,,,15.6477,r2_measured_01229,read,measured,,,,,0.6449,,ok,0.4473
14.9318,568,,,0.5468,,,,,,16.7522,r2_measured_01230,read,measured,,,,,0.7278,,ok,0.4554
11.7189,417,,,0.3187,,,,,,13.0498,r2_measured_01231,read,measured,,,,,0.538,,ok,0.4129
117.921,679,16.2044,12.512,0.543,2.4918,1,12.5103,1,59.9805,119.6004,r2_measured_01232,update,measured,47.4685,1.6794,1,14.3397,0.7183,24.9046,ok,0.3437
23.0525,679,,,0.6259,,,,,,24.7406,r2_measured_01233,read,measured,,,,,0.6472,,ok,0.3382
8.7414,369,,,0.2177,,,,,,9.7578,r2_measured_01234,read,measured,,,,,0.4573,,ok,0.2933
13.4466,680,,,0.6462,,,,,,15.2927,r2_measured_01235,read,measured,,,,,0.7003,,ok,0.4217
13.1824,419,,,0.3807,,,,,,14.6695,r2_measured_01236,read,measured,,,,,0.6272,,ok,0.4101
15.2651,681,,,0.6589,,,,,,17.1871,r2_measured_01237,read,measured,,,,,0.7589,,ok,0.4107
120.3712,568,23.6473,10.1495,0.4421,2.2497,1,10.1471,1,56.2719,121.7274,r2_measured_01238,update,measured,46.1224,1.3562,1,15.246,0.5255,22.9563,ok,0.3253
17.0903,626,,,1.0301,,,,,,20.2183,r2_measured_01239,read,measured,,,,,1.2961,,ok,0.6656
11.094,681,,,0.7409,,,,,,13.4338,r2_measured_01240,read,measured,,,,,0.9838,,ok,0.5083
12.2158,679,,,0.64,,,,,,14.2033,r2_measured_01241,read,measured,,,,,0.7122,,ok,0.5428
13.5044,679,,,0.6997,,,,,,15.7102,r2_measured_01242,read,measured,,,,,0.9082,,ok,0.5012
11.4349,681,,,0.6458,,,,,,13.3954,r2_measured_01243,read,measured,,,,,0.7604,,ok,0.4675
13.8133,508,,,0.5875,,,,,,15.7294,r2_measured_01244,read,measured,,,,,0.8331,,ok,0.4222
13.7273,681,,,0.788,,,,,,15.9202,r2_measured_01245,read,measured,,,,,0.8196,,ok,0.4899
11.9348,509,,,0.4675,,,,,,13.3986,r2_measured_01246,read,measured,,,,,0.5747,,ok,0.3548
18.0776,663,,,0.5667,,,,,,19.6644,r2_measured_01247,read,measured,,,,,0.5999,,ok,0.3505
11.3994,566,,,0.5245,,,,,,12.8905,r2_measured_01248,read,measured,,,,,0.55,,ok,0.352
10.8592,509,,,0.4509,,,,,,12.495,r2_measured_01249,read,measured,,,,,0.7158,,ok,0.4049
14.8725,679,,,0.615,,,,,,16.6761,r2_measured_01250,read,measured,,,,,0.6896,,ok,0.4192
13.0399,419,,,0.3994,,,,,,14.4646,r2_measured_01251,read,measured,,,,,0.6305,,ok,0.3427
14.3421,688,,,0.4941,,,,,,15.8467,r2_measured_01252,read,measured,,,,,0.595,,ok,0.3537
13.9502,689,,,0.5075,,,,,,15.5144,r2_measured_01253,read,measured,,,,,0.6414,,ok,0.3217
13.2199,626,,,0.5782,,,,,,14.9953,r2_measured_01254,read,measured,,,,,0.6982,,ok,0.3938
13.4915,509,,,0.5569,,,,,,15.067,r2_measured_01255,read,measured,,,,,0.5969,,ok,0.3495
14.3217,680,,,0.4941,,,,,,15.9883,r2_measured_01256,read,measured,,,,,0.704,,ok,0.3937
13.7679,679,,,0.5474,,,,,,15.4595,r2_measured_01257,read,measured,,,,,0.6992,,ok,0.3664
13.0956,509,,,0.4599,,,,,,14.5529,r2_measured_01258,read,measured,,,,,0.5629,,ok,0.3723
16.472,663,,,0.5993,,,,,,18.6323,r2_measured_01259,read,measured,,,,,1.0696,,ok,0.4043
12.119,674,,,0.5291,,,,,,13.6651,r2_measured_01260,read,measured,,,,,0.616,,ok,0.3343
12.0132,568,,,0.4372,,,,,,13.4818,r2_measured_01261,read,measured,,,,,0.6027,,ok,0.3649
17.2725,567,,,0.4551,,,,,,18.667,r2_measured_01262,read,measured,,,,,0.5523,,ok,0.3264
13.1761,681,,,0.5313,,,,,,14.8503,r2_measured_01263,read,measured,,,,,0.6941,,ok,0.3781
12.298,627,,,0.5968,,,,,,14.1533,r2_measured_01264,read,measured,,,,,0.6951,,ok,0.4758
18.4128,679,,,0.5548,,,,,,19.9759,r2_measured_01265,read,measured,,,,,0.5931,,ok,0.3481
8.6821,628,,,0.4832,,,,,,10.1704,r2_measured_01266,read,measured,,,,,0.5934,,ok,0.3355
12.8669,368,,,0.2182,,,,,,13.8793,r2_measured_01267,read,measured,,,,,0.4573,,ok,0.2897
14.4053,677,,,0.5772,,,,,,16.0371,r2_measured_01268,read,measured,,,,,0.6322,,ok,0.3523
107.2169,675,10.162,13.3965,0.477,2.658,1,13.3942,1,73.0664,108.7027,r2_measured_01269,update,measured,59.6699,1.4858,1,0.0073,0.6159,21.3232,ok,0.3215
26.2262,679,,,0.6224,,,,,,27.8604,r2_measured_01270,read,measured,,,,,0.5742,,ok,0.3728
17.163,679,,,0.4851,,,,,,18.6288,r2_measured_01271,read,measured,,,,,0.6101,,ok,0.3042
12.9879,567,,,0.4728,,,,,,14.4853,r2_measured_01272,read,measured,,,,,0.636,,ok,0.3244
13.7537,509,,,0.4468,,,,,,15.2011,r2_measured_01273,read,measured,,,,,0.5601,,ok,0.3794
16.718,689,,,0.658,,,,,,18.5861,r2_measured_01274,read,measured,,,,,0.7288,,ok,0.3964
10.9197,660,,,0.5131,,,,,,12.5582,r2_measured_01275,read,measured,,,,,0.6278,,ok,0.4216
15.0711,662,,,0.5847,,,,,,16.7193,r2_measured_01276,read,measured,,,,,0.6851,,ok,0.314
14.7277,628,,,0.4856,,,,,,16.2214,r2_measured_01277,read,measured,,,,,0.6144,,ok,0.3223
18.768,673,,,0.9838,,,,,,21.815,r2_measured_01278,read,measured,,,,,1.2827,,ok,0.6405
7.0015,419,,,0.4126,,,,,,8.9347,r2_measured_01279,read,measured,,,,,0.7589,,ok,0.665
13.5483,662,,,0.7589,,,,,,15.8159,r2_measured_01280,read,measured,,,,,0.8619,,ok,0.5396
12.2583,629,,,0.5508,,,,,,14.0032,r2_measured_01281,read,measured,,,,,0.7332,,ok,0.3875
12.4335,567,,,0.4013,,,,,,13.722,r2_measured_01282,read,measured,,,,,0.5111,,ok,0.3208
14.7702,627,,,0.6179,,,,,,16.5153,r2_measured_01283,read,measured,,,,,0.6201,,ok,0.4263
13.2772,509,,,0.541,,,,,,14.9431,r2_measured_01284,read,measured,,,,,0.6499,,ok,0.4088
14.1419,419,,,0.293,,,,,,15.4559,r2_measured_01285,read,measured,,,,,0.5799,,ok,0.3834
28.8133,628,,,0.7887,,,,,,31.0858,r2_measured_01286,read,measured,,,,,0.9198,,ok,0.4728
17.1771,624,,,0.6822,,,,,,19.2877,r2_measured_01287,read,measured,,,,,0.8173,,ok,0.5149
14.4689,626,,,0.6055,,,,,,16.2538,r2_measured_01288,read,measured,,,,,0.6496,,ok,0.4498
13.1598,625,,,0.6408,,,,,,15.1626,r2_measured_01289,read,measured,,,,,0.8091,,ok,0.4623
14.4194,628,,,0.5818,,,,,,16.0607,r2_measured_01290,read,measured,,,,,0.6221,,ok,0.3557
12.3304,662,,,0.5433,,,,,,14.0121,r2_measured_01291,read,measured,,,,,0.6941,,ok,0.3705
15.4565,681,,,0.5679,,,,,,17.2316,r2_measured_01292,read,measured,,,,,0.7789,,ok,0.3503
8.6304,628,,,0.5029,,,,,,10.135,r2_measured_01293,read,measured,,,,,0.6095,,ok,0.329
17.6223,681,,,0.5966,,,,,,19.4585,r2_measured_01294,read,measured,,,,,0.6907,,ok,0.4613
10.8458,509,,,0.3728,,,,,,12.1303,r2_measured_01295,read,measured,,,,,0.5525,,ok,0.3055
13.9811,681,,,0.5512,,,,,,15.7094,r2_measured_01296,read,measured,,,,,0.6511,,ok,0.4371
13.1803,663,,,0.5488,,,,,,14.76,r2_measured_01297,read,measured,,,,,0.6288,,ok,0.3365
17.1592,662,,,0.5735,,,,,,18.8011,r2_measured_01298,read,measured,,,,,0.6693,,ok,0.3343
14.3543,419,,,0.3034,,,,,,15.577,r2_measured_01299,read,measured,,,,,0.5375,,ok,0.3279
73.6318,567,,,0.5252,,,,,,75.0881,r2_measured_01300,read,measured,,,,,0.5618,,ok,0.3088
12.341,625,,,0.6174,,,,,,14.1465,r2_measured_01301,read,measured,,,,,0.7131,,ok,0.3875
13.8184,626,,,0.6989,,,,,,15.7542,r2_measured_01302,read,measured,,,,,0.7514,,ok,0.4022
14.4638,416,,,0.3273,,,,,,16.07,r2_measured_01303,read,measured,,,,,0.7024,,ok,0.4928
12.695,624,,,0.6429,,,,,,14.7306,r2_measured_01304,read,measured,,,,,0.816,,ok,0.4706
12.7072,663,,,0.6526,,,,,,14.6307,r2_measured_01305,read,measured,,,,,0.7763,,ok,0.4072
14.4236,509,,,0.5689,,,,,,16.2189,r2_measured_01306,read,measured,,,,,0.7067,,ok,0.4379
12.617,508,,,0.5847,,,,,,14.4122,r2_measured_01307,read,measured,,,,,0.6474,,ok,0.4752
15.4145,679,,,0.5867,,,,,,17.2489,r2_measured_01308,read,measured,,,,,0.7681,,ok,0.3926
12.2583,689,,,0.6069,,,,,,14.0216,r2_measured_01309,read,measured,,,,,0.7161,,ok,0.3579
19.6341,662,,,0.5714,,,,,,21.3435,r2_measured_01310,read,measured,,,,,0.721,,ok,0.3428
8.3978,679,,,0.5314,,,,,,9.9987,r2_measured_01311,read,measured,,,,,0.6475,,ok,0.3561
93.1965,673,8.2682,11.6959,0.4848,2.4405,0,11.6941,1,58.1763,94.6465,r2_measured_01312,update,measured,46.4804,1.45,1,0.0076,0.5866,24.3039,ok,0.3146
16.3275,566,,,0.4832,,,,,,17.8434,r2_measured_01313,read,measured,,,,,0.6551,,ok,0.3142
15.5201,677,,,0.5045,,,,,,17.0254,r2_measured_01314,read,measured,,,,,0.5918,,ok,0.3364
101.2853,568,9.2215,8.2738,0.4625,1.8344,1,8.2721,1,54.1456,102.6779,r2_measured_01315,update,measured,45.8718,1.3926,1,14.4674,0.5439,21.6164,ok,0.3285
15.7292,628,,,0.5924,,,,,,17.6223,r2_measured_01316,read,measured,,,,,0.7985,,ok,0.4189
13.5659,507,,,0.508,,,,,,15.1269,r2_measured_01317,read,measured,,,,,0.6078,,ok,0.38
24.6991,674,,,0.5642,,,,,,26.406,r2_measured_01318,read,measured,,,,,0.7024,,ok,0.3634
17.0552,418,,,0.3465,,,,,,18.4088,r2_measured_01319,read,measured,,,,,0.5623,,ok,0.3855
15.2425,679,,,0.5966,,,,,,17.0207,r2_measured_01320,read,measured,,,,,0.6705,,ok,0.417
11.6,419,,,0.3639,,,,,,13.1316,r2_measured_01321,read,measured,,,,,0.6503,,ok,0.4458
15.4689,567,,,0.5573,,,,,,17.1765,r2_measured_01322,read,measured,,,,,0.6895,,ok,0.3868
13.5284,624,,,0.6199,,,,,,15.3651,r2_measured_01323,read,measured,,,,,0.7043,,ok,0.4348
13.6504,675,,,0.5876,,,,,,15.3685,r2_measured_01324,read,measured,,,,,0.6877,,ok,0.3667
14.1849,688,,,0.5826,,,,,,15.9207,r2_measured_01325,read,measured,,,,,0.6902,,ok,0.389
13.0617,566,,,0.5344,,,,,,14.7756,r2_measured_01326,read,measured,,,,,0.7089,,ok,0.3945
13.4543,661,,,0.731,,,,,,15.6766,r2_measured_01327,read,measured,,,,,0.8806,,ok,0.4965
14.4366,629,,,0.8468,,,,,,16.8692,r2_measured_01328,read,measured,,,,,1.02,,ok,0.4708
14.6918,679,,,0.6332,,,,,,16.6559,r2_measured_01329,read,measured,,,,,0.7782,,ok,0.4712
13.5607,677,,,0.7072,,,,,,15.7892,r2_measured_01330,read,measured,,,,,0.9742,,ok,0.4536
11.5506,625,,,0.6179,,,,,,13.5131,r2_measured_01331,read,measured,,,,,0.8286,,ok,0.4371
88.7226,628,6.1764,11.7341,0.5026,2.3193,1,11.7323,1,56.9305,90.2128,r2_measured_01332,update,measured,45.1964,1.4902,1,0.0087,0.5951,23.2877,ok,0.3296
14.0372,661,,,0.5526,,,,,,15.6996,r2_measured_01333,read,measured,,,,,0.6471,,ok,0.3913
13.5614,507,,,0.4787,,,,,,15.1921,r2_measured_01334,read,measured,,,,,0.6414,,ok,0.4073
12.4014,568,,,0.6736,,,,,,14.5048,r2_measured_01335,read,measured,,,,,0.8836,,ok,0.4631
105.6032,416,8.2781,11.8232,0.283,1.8908,1,11.8213,1,58.3553,106.9713,r2_measured_01336,update,measured,46.5321,1.3681,1,15.3962,0.4976,21.6828,ok,0.5242
16.4608,509,,,0.6198,,,,,,18.312,r2_measured_01337,read,measured,,,,,0.7289,,ok,0.4315
12.3777,688,,,0.7107,,,,,,14.588,r2_measured_01338,read,measured,,,,,0.8904,,ok,0.5167
12.7186,566,,,0.5751,,,,,,14.4751,r2_measured_01339,read,measured,,,,,0.6955,,ok,0.4099
16.9366,625,,,0.6068,,,,,,18.903,r2_measured_01340,read,measured,,,,,0.8129,,ok,0.4658
15.7074,567,,,0.5291,,,,,,17.3434,r2_measured_01341,read,measured,,,,,0.6629,,ok,0.373
6.7536,419,,,0.3568,,,,,,8.1968,r2_measured_01342,read,measured,,,,,0.5744,,ok,0.4465
16.7064,675,,,0.9137,,,,,,19.1526,r2_measured_01343,read,measured,,,,,1.0203,,ok,0.423
11.5837,567,,,0.5331,,,,,,13.2168,r2_measured_01344,read,measured,,,,,0.6229,,ok,0.4069
13.8423,568,,,0.5356,,,,,,15.6308,r2_measured_01345,read,measured,,,,,0.7898,,ok,0.3779
13.7025,689,,,0.5698,,,,,,15.6297,r2_measured_01346,read,measured,,,,,0.841,,ok,0.4395
12.5793,369,,,0.2323,,,,,,13.7366,r2_measured_01347,read,measured,,,,,0.4567,,ok,0.4105
15.5072,663,,,0.5518,,,,,,17.3171,r2_measured_01348,read,measured,,,,,0.7456,,ok,0.429
14.3382,679,,,0.5723,,,,,,16.1609,r2_measured_01349,read,measured,,,,,0.6902,,ok,0.4604
12.3924,688,,,0.6459,,,,,,14.1863,r2_measured_01350,read,measured,,,,,0.6378,,ok,0.4357
13.6899,663,,,0.5228,,,,,,15.2475,r2_measured_01351,read,measured,,,,,0.6433,,ok,0.327
14.0415,679,,,0.5428,,,,,,15.6709,r2_measured_01352,read,measured,,,,,0.6919,,ok,0.3299
13.2841,566,,,0.5042,,,,,,14.9397,r2_measured_01353,read,measured,,,,,0.5599,,ok,0.5243
18.1585,673,,,0.5213,,,,,,19.6684,r2_measured_01354,read,measured,,,,,0.6241,,ok,0.2955
12.7919,679,,,0.5444,,,,,,14.3235,r2_measured_01355,read,measured,,,,,0.5592,,ok,0.3572
12.838,368,,,0.2876,,,,,,13.9633,r2_measured_01356,read,measured,,,,,0.4755,,ok,0.31
12.2648,675,,,0.7719,,,,,,14.3912,r2_measured_01357,read,measured,,,,,0.6798,,ok,0.5875
17.8054,686,,,0.7557,,,,,,20.3072,r2_measured_01358,read,measured,,,,,1.1406,,ok,0.4995
11.1113,509,,,0.5238,,,,,,12.7693,r2_measured_01359,read,measured,,,,,0.6488,,ok,0.4136
22.5331,419,,,0.3175,,,,,,23.9082,r2_measured_01360,read,measured,,,,,0.5942,,ok,0.3956
36.8874,674,,,0.7204,,,,,,38.9336,r2_measured_01361,read,measured,,,,,0.8049,,ok,0.4357
120.7895,661,19.6369,13.7303,0.7459,2.3346,1,13.7282,1,57.1606,123.1655,r2_measured_01362,update,measured,43.4303,2.376,1,14.37,0.8672,27.2874,ok,0.6359
12.6056,628,,,0.6877,,,,,,14.8147,r2_measured_01363,read,measured,,,,,0.8027,,ok,0.5925
13.5668,688,,,0.6621,,,,,,15.5202,r2_measured_01364,read,measured,,,,,0.7402,,ok,0.4632
12.116,509,,,0.4541,,,,,,13.452,r2_measured_01365,read,measured,,,,,0.5015,,ok,0.32
23.0805,662,,,0.4672,,,,,,24.6582,r2_measured_01366,read,measured,,,,,0.6296,,ok,0.3983
4.4593,679,,,0.4301,,,,,,5.874,r2_measured_01367,read,measured,,,,,0.6126,,ok,0.3093
13.0334,369,,,0.2133,,,,,,14.0803,r2_measured_01368,read,measured,,,,,0.3918,,ok,0.389
16.3669,680,,,0.6168,,,,,,18.2661,r2_measured_01369,read,measured,,,,,0.8067,,ok,0.3986
15.7633,508,,,0.6289,,,,,,17.7008,r2_measured_01370,read,measured,,,,,0.7394,,ok,0.4906
10.9014,681,,,0.6297,,,,,,12.8072,r2_measured_01371,read,measured,,,,,0.7765,,ok,0.4178
13.2652,417,,,0.3995,,,,,,15.2334,r2_measured_01372,read,measured,,,,,0.7458,,ok,0.7274
14.1396,567,,,0.6897,,,,,,16.2087,r2_measured_01373,read,measured,,,,,0.8136,,ok,0.472
12.4663,628,,,0.6361,,,,,,14.5746,r2_measured_01374,read,measured,,,,,0.929,,ok,0.4602
14.9164,628,,,0.6224,,,,,,16.8962,r2_measured_01375,read,measured,,,,,0.8295,,ok,0.4381
15.2469,681,,,0.7399,,,,,,17.4469,r2_measured_01376,read,measured,,,,,0.8494,,ok,0.5176
8.7622,369,,,0.2874,,,,,,10.0935,r2_measured_01377,read,measured,,,,,0.574,,ok,0.403
14.6851,418,,,0.3253,,,,,,16.1292,r2_measured_01378,read,measured,,,,,0.6222,,ok,0.4344
13.7503,567,,,0.6518,,,,,,15.5644,r2_measured_01379,read,measured,,,,,0.7024,,ok,0.3851
18.4187,416,,,0.3103,,,,,,19.7875,r2_measured_01380,read,measured,,,,,0.5734,,ok,0.423
10.9663,624,,,0.7083,,,,,,13.1816,r2_measured_01381,read,measured,,,,,0.8774,,ok,0.5308
13.0215,661,,,0.6071,,,,,,14.8949,r2_measured_01382,read,measured,,,,,0.7564,,ok,0.4309
13.4482,678,,,0.6308,,,,,,15.4706,r2_measured_01383,read,measured,,,,,0.7864,,ok,0.5179
13.5239,628,,,0.6412,,,,,,15.4843,r2_measured_01384,read,measured,,,,,0.7373,,ok,0.4945
14.3923,661,,,0.6444,,,,,,16.6075,r2_measured_01385,read,measured,,,,,0.8876,,ok,0.5852
13.362,673,,,0.8101,,,,,,15.5852,r2_measured_01386,read,measured,,,,,0.8374,,ok,0.4745
12.2279,628,,,0.6051,,,,,,14.164,r2_measured_01387,read,measured,,,,,0.8121,,ok,0.4356
15.5374,673,,,0.7518,,,,,,17.8273,r2_measured_01388,read,measured,,,,,0.9106,,ok,0.5246
10.0684,369,,,0.2786,,,,,,11.3713,r2_measured_01389,read,measured,,,,,0.551,,ok,0.4116
18.1247,662,,,0.8343,,,,,,20.5712,r2_measured_01390,read,measured,,,,,0.9491,,ok,0.5499
11.2165,505,,,0.6369,,,,,,13.0953,r2_measured_01391,read,measured,,,,,0.6333,,ok,0.5268
12.7899,688,,,0.8665,,,,,,15.2751,r2_measured_01392,read,measured,,,,,0.9843,,ok,0.5183
14.5992,508,,,0.5918,,,,,,16.5184,r2_measured_01393,read,measured,,,,,0.8196,,ok,0.432
10.1312,628,,,0.7118,,,,,,12.2487,r2_measured_01394,read,measured,,,,,0.8626,,ok,0.4605
14.3539,687,,,0.5426,,,,,,16.128,r2_measured_01395,read,measured,,,,,0.6815,,ok,0.4431
11.2616,568,,,0.5297,,,,,,12.8895,r2_measured_01396,read,measured,,,,,0.6417,,ok,0.3901
14.2221,629,,,0.6189,,,,,,15.9985,r2_measured_01397,read,measured,,,,,0.712,,ok,0.3741
13.5911,628,,,0.5179,,,,,,15.111,r2_measured_01398,read,measured,,,,,0.5789,,ok,0.3573
14.0429,629,,,0.5143,,,,,,15.6095,r2_measured_01399,read,measured,,,,,0.6531,,ok,0.3354
13.1866,626,,,0.5153,,,,,,14.6377,r2_measured_01400,read,measured,,,,,0.5584,,ok,0.3175
15.8634,688,,,0.5882,,,,,,17.4687,r2_measured_01401,read,measured,,,,,0.6103,,ok,0.3347
12.2535,628,,,0.5191,,,,,,13.9651,r2_measured_01402,read,measured,,,,,0.7287,,ok,0.395
14.4861,629,,,0.645,,,,,,16.391,r2_measured_01403,read,measured,,,,,0.748,,ok,0.4214
11.8815,507,,,0.5386,,,,,,13.624,r2_measured_01404,read,measured,,,,,0.6861,,ok,0.4428
14.1231,679,,,0.6432,,,,,,16.2757,r2_measured_01405,read,measured,,,,,0.9952,,ok,0.4288
13.2762,689,,,0.709,,,,,,15.2581,r2_measured_01406,read,measured,,,,,0.7677,,ok,0.4239
13.3679,628,,,0.5903,,,,,,15.1342,r2_measured_01407,read,measured,,,,,0.7038,,ok,0.3814
12.6427,416,,,0.2505,,,,,,13.8001,r2_measured_01408,read,measured,,,,,0.485,,ok,0.3612
14.806,679,,,0.6202,,,,,,16.6789,r2_measured_01409,read,measured,,,,,0.7668,,ok,0.4053
12.5437,417,,,0.2805,,,,,,13.8241,r2_measured_01410,read,measured,,,,,0.5996,,ok,0.3386
16.6425,688,,,0.8373,,,,,,18.9312,r2_measured_01411,read,measured,,,,,0.8769,,ok,0.4643
13.3644,662,,,0.6291,,,,,,15.2907,r2_measured_01412,read,measured,,,,,0.7361,,ok,0.451
11.4397,628,,,0.5498,,,,,,13.2628,r2_measured_01413,read,measured,,,,,0.7968,,ok,0.3977
14.2325,419,,,0.3656,,,,,,15.9326,r2_measured_01414,read,measured,,,,,0.7382,,ok,0.5186
15.5975,681,,,0.8706,,,,,,17.9827,r2_measured_01415,read,measured,,,,,0.9133,,ok,0.4966
11.1757,679,,,0.5536,,,,,,12.8391,r2_measured_01416,read,measured,,,,,0.6899,,ok,0.3388
13.372,568,,,0.4631,,,,,,14.7943,r2_measured_01417,read,measured,,,,,0.582,,ok,0.3152
15.7189,681,,,0.5815,,,,,,17.3204,r2_measured_01418,read,measured,,,,,0.609,,ok,0.3336
13.982,680,,,0.531,,,,,,15.5404,r2_measured_01419,read,measured,,,,,0.6191,,ok,0.3378
9.6668,675,,,0.4989,,,,,,11.1178,r2_measured_01420,read,measured,,,,,0.5746,,ok,0.3154
14.6272,506,,,0.482,,,,,,16.0439,r2_measured_01421,read,measured,,,,,0.5682,,ok,0.3066
13.7114,681,,,0.5118,,,,,,15.2542,r2_measured_01422,read,measured,,,,,0.6592,,ok,0.3078
123.7627,419,9.7241,12.6792,0.2595,1.4068,1,12.6766,1,62.1057,124.8936,r2_measured_01423,update,measured,49.4265,1.1309,1,31.1839,0.487,19.3422,ok,0.3294
21.7327,677,,,0.5977,,,,,,23.584,r2_measured_01424,read,measured,,,,,0.734,,ok,0.4332
5.7871,416,,,0.298,,,,,,7.2124,r2_measured_01425,read,measured,,,,,0.6618,,ok,0.4033
14.3002,567,,,0.4482,,,,,,15.715,r2_measured_01426,read,measured,,,,,0.5569,,ok,0.3406
14.2079,688,,,0.5394,,,,,,15.8987,r2_measured_01427,read,measured,,,,,0.6881,,ok,0.3639
15.4409,663,,,0.7138,,,,,,17.3846,r2_measured_01428,read,measured,,,,,0.6934,,ok,0.4471
11.1147,689,,,0.5413,,,,,,12.7488,r2_measured_01429,read,measured,,,,,0.6759,,ok,0.3447
14.4803,679,,,0.4502,,,,,,15.8432,r2_measured_01430,read,measured,,,,,0.5273,,ok,0.3264
15.1348,418,,,0.3333,,,,,,16.5885,r2_measured_01431,read,measured,,,,,0.62,,ok,0.4289
12.9771,681,,,0.7226,,,,,,15.3166,r2_measured_01432,read,measured,,,,,1.0198,,ok,0.5002
12.7404,678,,,0.6359,,,,,,14.6479,r2_measured_01433,read,measured,,,,,0.7506,,ok,0.436
10.2957,679,,,0.4826,,,,,,11.7935,r2_measured_01434,read,measured,,,,,0.6115,,ok,0.3438
15.5141,688,,,0.6836,,,,,,17.6622,r2_measured_01435,read,measured,,,,,0.9092,,ok,0.4569
15.0477,660,,,0.6483,,,,,,16.9779,r2_measured_01436,read,measured,,,,,0.7372,,ok,0.4617
9.9251,369,,,0.2689,,,,,,11.2665,r2_measured_01437,read,measured,,,,,0.581,,ok,0.429
17.927,628,,,0.7694,,,,,,20.3534,r2_measured_01438,read,measured,,,,,0.9388,,ok,0.6126
10.5217,507,,,0.6326,,,,,,12.5579,r2_measured_01439,read,measured,,,,,0.7558,,ok,0.5602
12.7453,672,,,0.6457,,,,,,14.5787,r2_measured_01440,read,measured,,,,,0.7039,,ok,0.4008
12.6791,419,,,0.2865,,,,,,13.9268,r2_measured_01441,read,measured,,,,,0.5908,,ok,0.3147
14.1554,507,,,0.5546,,,,,,15.8634,r2_measured_01442,read,measured,,,,,0.6749,,ok,0.3783
14.6206,679,,,0.6759,,,,,,16.581,r2_measured_01443,read,measured,,,,,0.7383,,ok,0.4665
14.1,418,,,0.3266,,,,,,15.6194,r2_measured_01444,read,measured,,,,,0.6694,,ok,0.4378
15.6327,679,,,0.831,,,,,,17.9469,r2_measured_01445,read,measured,,,,,0.9008,,ok,0.4902
88.7104,418,,,0.2546,,,,,,89.879,r2_measured_01446,read,measured,,,,,0.501,,ok,0.3624
15.7779,689,,,0.6623,,,,,,17.6249,r2_measured_01447,read,measured,,,,,0.6644,,ok,0.4361
11.3349,688,,,0.5515,,,,,,13.0232,r2_measured_01448,read,measured,,,,,0.7022,,ok,0.3591
14.5679,567,,,0.4797,,,,,,16.1276,r2_measured_01449,read,measured,,,,,0.6314,,ok,0.3764
12.3401,369,,,0.2937,,,,,,13.4774,r2_measured_01450,read,measured,,,,,0.4604,,ok,0.3254
13.7019,417,,,0.2382,,,,,,14.7294,r2_measured_01451,read,measured,,,,,0.4396,,ok,0.3012
17.5997,662,,,0.5664,,,,,,19.2244,r2_measured_01452,read,measured,,,,,0.6007,,ok,0.3733
11.7053,662,,,0.8912,,,,,,14.4607,r2_measured_01453,read,measured,,,,,1.1822,,ok,0.5801
127.3491,680,19.9892,10.5718,0.7297,2.8704,1,10.5695,1,57.0088,129.4633,r2_measured_01454,update,measured,46.437,2.1142,1,15.0462,0.8511,32.4345,ok,0.4421
14.1598,679,,,0.6977,,,,,,16.2131,r2_measured_01455,read,measured,,,,,0.8558,,ok,0.4115
7.0939,661,,,0.5455,,,,,,8.5928,r2_measured_01456,read,measured,,,,,0.5416,,ok,0.3423
10.4552,509,,,0.4733,,,,,,12.0779,r2_measured_01457,read,measured,,,,,0.6886,,ok,0.3967
19.6292,680,,,0.8632,,,,,,21.709,r2_measured_01458,read,measured,,,,,0.7045,,ok,0.428
7.9725,679,,,0.5871,,,,,,9.5976,r2_measured_01459,read,measured,,,,,0.6444,,ok,0.3283
20.0637,673,,,0.4871,,,,,,21.8484,r2_measured_01460,read,measured,,,,,0.9214,,ok,0.3101
6.5062,568,,,0.4156,,,,,,7.7969,r2_measured_01461,read,measured,,,,,0.5027,,ok,0.3142
15.4469,680,,,0.694,,,,,,17.2195,r2_measured_01462,read,measured,,,,,0.6484,,ok,0.352
15.6835,674,,,0.6248,,,,,,17.3256,r2_measured_01463,read,measured,,,,,0.5967,,ok,0.35
13.0857,419,,,0.3147,,,,,,14.3539,r2_measured_01464,read,measured,,,,,0.549,,ok,0.3473
10.5991,674,,,0.5364,,,,,,12.1487,r2_measured_01465,read,measured,,,,,0.6002,,ok,0.3425
14.9844,686,,,0.5072,,,,,,16.5155,r2_measured_01466,read,measured,,,,,0.6135,,ok,0.3432
20.1661,678,,,0.5782,,,,,,21.8768,r2_measured_01467,read,measured,,,,,0.7145,,ok,0.3453
7.4955,508,,,0.5118,,,,,,8.9571,r2_measured_01468,read,measured,,,,,0.5575,,ok,0.3367
11.2533,368,,,0.2859,,,,,,12.5306,r2_measured_01469,read,measured,,,,,0.5897,,ok,0.3443
13.8675,624,,,0.5541,,,,,,15.4941,r2_measured_01470,read,measured,,,,,0.6312,,ok,0.37
14.2878,568,,,0.5341,,,,,,15.9372,r2_measured_01471,read,measured,,,,,0.6562,,ok,0.3813
14.1759,681,,,0.555,,,,,,15.7903,r2_measured_01472,read,measured,,,,,0.6584,,ok,0.3323
14.7804,568,,,0.5779,,,,,,16.5629,r2_measured_01473,read,measured,,,,,0.7478,,ok,0.3755
12.3796,368,,,0.2465,,,,,,13.5517,r2_measured_01474,read,measured,,,,,0.5146,,ok,0.351
14.9778,508,,,0.5129,,,,,,16.5898,r2_measured_01475,read,measured,,,,,0.6636,,ok,0.3664
13.4365,369,,,0.2995,,,,,,14.6583,r2_measured_01476,read,measured,,,,,0.51,,ok,0.3552
14.9424,568,,,0.5311,,,,,,16.5002,r2_measured_01477,read,measured,,,,,0.6088,,ok,0.3497
12.3956,679,,,0.5586,,,,,,14.0003,r2_measured_01478,read,measured,,,,,0.656,,ok,0.3236
12.6442,566,,,0.5005,,,,,,14.0827,r2_measured_01479,read,measured,,,,,0.5501,,ok,0.3291
14.466,568,,,0.4905,,,,,,16.0184,r2_measured_01480,read,measured,,,,,0.6815,,ok,0.318
14.4438,419,,,0.2707,,,,,,15.7161,r2_measured_01481,read,measured,,,,,0.5661,,ok,0.378
14.1624,661,,,0.5415,,,,,,15.7563,r2_measured_01482,read,measured,,,,,0.6248,,ok,0.3526
12.8636,418,,,0.242,,,,,,13.9611,r2_measured_01483,read,measured,,,,,0.4986,,ok,0.3042
16.1354,678,,,0.56,,,,,,17.856,r2_measured_01484,read,measured,,,,,0.7248,,ok,0.3582
12.1551,368,,,0.2939,,,,,,13.4741,r2_measured_01485,read,measured,,,,,0.5808,,ok,0.3869
15.949,567,,,0.6807,,,,,,18.014,r2_measured_01486,read,measured,,,,,0.8199,,ok,0.4589
13.8922,679,,,0.7445,,,,,,16.0582,r2_measured_01487,read,measured,,,,,0.8363,,ok,0.4816
14.6279,681,,,0.8635,,,,,,17.1779,r2_measured_01488,read,measured,,,,,1.0496,,ok,0.5244
12.6947,679,,,0.6863,,,,,,14.773,r2_measured_01489,read,measured,,,,,0.8039,,ok,0.4955
12.0823,416,,,0.2888,,,,,,13.3056,r2_measured_01490,read,measured,,,,,0.5513,,ok,0.3211
14.7205,625,,,0.607,,,,,,16.6075,r2_measured_01491,read,measured,,,,,0.7866,,ok,0.4155
11.972,568,,,0.6441,,,,,,13.8353,r2_measured_01492,read,measured,,,,,0.7082,,ok,0.4321
14.6237,673,,,0.6521,,,,,,16.5842,r2_measured_01493,read,measured,,,,,0.807,,ok,0.4128
14.2132,680,,,0.6316,,,,,,16.1607,r2_measured_01494,read,measured,,,,,0.8193,,ok,0.4163
13.9007,663,,,0.6693,,,,,,15.9025,r2_measured_01495,read,measured,,,,,0.809,,ok,0.4335
16.3303,662,,,0.7796,,,,,,18.7218,r2_measured_01496,read,measured,,,,,0.9306,,ok,0.5746
9.5872,418,,,0.3079,,,,,,10.9595,r2_measured_01497,read,measured,,,,,0.6272,,ok,0.373
14.4947,624,,,0.6813,,,,,,16.612,r2_measured_01498,read,measured,,,,,0.8914,,ok,0.4579
14.2466,688,,,0.7272,,,,,,16.3988,r2_measured_01499,read,measured,,,,,0.8619,,ok,0.4656
11.3579,628,,,0.5777,,,,,,13.1076,r2_measured_01500,read,measured,,,,,0.7054,,ok,0.388
15.6361,680,,,0.9121,,,,,,17.9505,r2_measured_01501,read,measured,,,,,0.8489,,ok,0.4519
11.1549,419,,,0.289,,,,,,12.4162,r2_measured_01502,read,measured,,,,,0.556,,ok,0.3594
13.341,508,,,0.5702,,,,,,14.841,r2_measured_01503,read,measured,,,,,0.4957,,ok,0.3681
16.5592,679,,,0.7056,,,,,,18.5946,r2_measured_01504,read,measured,,,,,0.8332,,ok,0.4082
15.205,679,,,0.7051,,,,,,17.4016,r2_measured_01505,read,measured,,,,,0.9476,,ok,0.4477
10.0267,628,,,0.5132,,,,,,11.6614,r2_measured_01506,read,measured,,,,,0.6791,,ok,0.3719
14.5104,688,,,0.587,,,,,,16.2535,r2_measured_01507,read,measured,,,,,0.6842,,ok,0.3938
13.1571,508,,,0.5585,,,,,,14.9231,r2_measured_01508,read,measured,,,,,0.6723,,ok,0.439
14.6431,661,,,0.6988,,,,,,16.6017,r2_measured_01509,read,measured,,,,,0.7202,,ok,0.4531
15.9221,688,,,0.5782,,,,,,17.769,r2_measured_01510,read,measured,,,,,0.7587,,ok,0.4268
10.3716,567,,,0.5391,,,,,,12.0597,r2_measured_01511,read,measured,,,,,0.6677,,ok,0.407
16.2734,417,,,0.4356,,,,,,18.1702,r2_measured_01512,read,measured,,,,,0.8088,,ok,0.5684
13.4335,673,,,0.8426,,,,,,15.7929,r2_measured_01513,read,measured,,,,,0.8886,,ok,0.5319
14.548,689,,,0.8079,,,,,,16.8624,r2_measured_01514,read,measured,,,,,0.9509,,ok,0.4579
10.1312,509,,,0.4325,,,,,,11.4377,r2_measured_01515,read,measured,,,,,0.5068,,ok,0.3135
108.0459,508,12.9777,13.036,0.4561,1.8497,1,13.0343,1,59.133,109.3806,r2_measured_01516,update,measured,46.097,1.3347,1,17.3243,0.4961,16.7612,ok,0.323
14.814,625,,,0.4934,,,,,,16.3983,r2_measured_01517,read,measured,,,,,0.6757,,ok,0.3481
12.7323,679,,,0.6442,,,,,,14.5268,r2_measured_01518,read,measured,,,,,0.6788,,ok,0.39
14.5862,509,,,0.5117,,,,,,16.1289,r2_measured_01519,read,measured,,,,,0.5562,,ok,0.4038
12.16,627,,,0.5794,,,,,,13.9394,r2_measured_01520,read,measured,,,,,0.7,,ok,0.4233
16.1587,568,,,0.6728,,,,,,18.09,r2_measured_01521,read,measured,,,,,0.7526,,ok,0.4259
11.811,628,,,0.6443,,,,,,13.6499,r2_measured_01522,read,measured,,,,,0.6837,,ok,0.4327
13.2566,687,,,0.6818,,,,,,15.2992,r2_measured_01523,read,measured,,,,,0.7885,,ok,0.4867
17.0168,689,,,0.5554,,,,,,18.7083,r2_measured_01524,read,measured,,,,,0.6633,,ok,0.4
15.3466,416,,,0.2782,,,,,,16.6028,r2_measured_01525,read,measured,,,,,0.5628,,ok,0.3529
9.1143,566,,,0.5685,,,,,,10.8079,r2_measured_01526,read,measured,,,,,0.6549,,ok,0.3995
14.8717,688,,,0.6556,,,,,,16.8679,r2_measured_01527,read,measured,,,,,0.8176,,ok,0.4358
12.1648,628,,,0.5589,,,,,,13.9317,r2_measured_01528,read,measured,,,,,0.7734,,ok,0.3629
11.758,418,,,0.3219,,,,,,13.1443,r2_measured_01529,read,measured,,,,,0.5889,,ok,0.4127
15.7055,679,,,0.539,,,,,,17.3951,r2_measured_01530,read,measured,,,,,0.7494,,ok,0.3334
12.7566,688,,,0.527,,,,,,14.34,r2_measured_01531,read,measured,,,,,0.6419,,ok,0.3454
13.7448,368,,,0.2392,,,,,,14.9692,r2_measured_01532,read,measured,,,,,0.6193,,ok,0.3143
13.9888,419,,,0.2675,,,,,,15.2507,r2_measured_01533,read,measured,,,,,0.5576,,ok,0.3822
16.0394,662,,,0.6635,,,,,,17.9832,r2_measured_01534,read,measured,,,,,0.8017,,ok,0.3943
13.6057,507,,,0.5325,,,,,,15.4605,r2_measured_01535,read,measured,,,,,0.8068,,ok,0.4447
13.6334,567,,,0.686,,,,,,15.7692,r2_measured_01536,read,measured,,,,,0.8778,,ok,0.489
11.4853,678,,,0.6934,,,,,,13.5323,r2_measured_01537,read,measured,,,,,0.7921,,ok,0.477
13.8634,565,,,0.695,,,,,,15.9023,r2_measured_01538,read,measured,,,,,0.7766,,ok,0.4756
12.6934,567,,,0.5281,,,,,,14.4636,r2_measured_01539,read,measured,,,,,0.7419,,ok,0.4139
12.5693,419,,,0.4046,,,,,,14.1474,r2_measured_01540,read,measured,,,,,0.5712,,ok,0.5366
16.378,624,,,0.6391,,,,,,18.1655,r2_measured_01541,read,measured,,,,,0.7057,,ok,0.3664
13.3503,675,,,0.6719,,,,,,15.3093,r2_measured_01542,read,measured,,,,,0.7486,,ok,0.4597
13.9653,687,,,0.643,,,,,,15.9311,r2_measured_01543,read,measured,,,,,0.7449,,ok,0.4877
13.1728,672,,,0.7178,,,,,,15.312,r2_measured_01544,read,measured,,,,,0.8359,,ok,0.4948
13.2874,681,,,0.6468,,,,,,15.3428,r2_measured_01545,read,measured,,,,,0.7639,,ok,0.5555
13.9891,679,,,0.7242,,,,,,16.0757,r2_measured_01546,read,measured,,,,,0.8122,,ok,0.4638
88.4512,627,11.1046,9.805,0.5385,2.3332,0,9.8027,1,55.0104,89.972,r2_measured_01547,update,measured,45.2054,1.5208,1,0.0054,0.5809,19.9976,ok,0.3401
12.8221,369,,,0.3061,,,,,,14.1246,r2_measured_01548,read,measured,,,,,0.4797,,ok,0.452
16.9573,416,,,0.3426,,,,,,18.6211,r2_measured_01549,read,measured,,,,,0.7647,,ok,0.4709
11.9729,368,,,0.2893,,,,,,13.3797,r2_measured_01550,read,measured,,,,,0.5932,,ok,0.4598
14.999,680,,,0.673,,,,,,16.9171,r2_measured_01551,read,measured,,,,,0.7247,,ok,0.4364
15.5662,679,,,0.6219,,,,,,17.5378,r2_measured_01552,read,measured,,,,,0.7474,,ok,0.5053
118.0512,680,16.3992,13.8933,0.8406,2.5771,1,13.8913,1,54.3779,120.3066,r2_measured_01553,update,measured,40.4846,2.2554,1,16.1943,0.8512,28.5027,ok,0.4674
12.3423,626,,,0.5446,,,,,,13.8834,r2_measured_01554,read,measured,,,,,0.5978,,ok,0.3299
16.556,506,,,0.4728,,,,,,18.0417,r2_measured_01555,read,measured,,,,,0.5928,,ok,0.3592
11.4996,661,,,0.4817,,,,,,13.045,r2_measured_01556,read,measured,,,,,0.573,,ok,0.4207
13.8956,661,,,0.5569,,,,,,15.5189,r2_measured_01557,read,measured,,,,,0.6669,,ok,0.3332
105.6346,626,5.8938,11.2493,0.474,1.9397,1,11.2474,1,57.6614,107.0117,r2_measured_01558,update,measured,46.4121,1.3771,1,15.2938,0.5304,24.8459,ok,0.3143
12.797,688,,,0.5156,,,,,,14.3919,r2_measured_01559,read,measured,,,,,0.6596,,ok,0.343
13.5867,626,,,0.6704,,,,,,15.5272,r2_measured_01560,read,measured,,,,,0.721,,ok,0.4704
13.1163,368,,,0.3265,,,,,,14.465,r2_measured_01561,read,measured,,,,,0.5281,,ok,0.4413
16.3527,660,,,0.7188,,,,,,18.3461,r2_measured_01562,read,measured,,,,,0.7263,,ok,0.4575
91.3578,369,18.4331,9.7102,0.4164,3.3817,0,9.7076,1,56.8131,93.3207,r2_measured_01563,update,measured,47.1029,1.9629,1,0.0056,0.7802,12.7243,ok,0.6366
12.582,629,,,0.7138,,,,,,14.7927,r2_measured_01564,read,measured,,,,,0.9124,,ok,0.4863
13.0206,689,,,0.6258,,,,,,14.9999,r2_measured_01565,read,measured,,,,,0.8397,,ok,0.4332
11.5816,567,,,0.4769,,,,,,13.0819,r2_measured_01566,read,measured,,,,,0.6164,,ok,0.3425
14.5933,680,,,0.602,,,,,,16.3464,r2_measured_01567,read,measured,,,,,0.7046,,ok,0.3641
14.1832,418,,,0.2787,,,,,,15.3627,r2_measured_01568,read,measured,,,,,0.4773,,ok,0.3514
16.7821,679,,,0.6089,,,,,,18.448,r2_measured_01569,read,measured,,,,,0.6475,,ok,0.3391
9.6242,679,,,0.5327,,,,,,11.266,r2_measured_01570,read,measured,,,,,0.7092,,ok,0.3333
13.5152,681,,,0.4665,,,,,,14.9764,r2_measured_01571,read,measured,,,,,0.5906,,ok,0.3429
13.7549,677,,,0.5333,,,,,,15.4495,r2_measured_01572,read,measured,,,,,0.7565,,ok,0.3385
13.7122,679,,,0.5406,,,,,,15.2739,r2_measured_01573,read,measured,,,,,0.6369,,ok,0.3126
14.1208,688,,,0.5379,,,,,,15.6627,r2_measured_01574,read,measured,,,,,0.6079,,ok,0.3227
14.2629,679,,,0.5853,,,,,,16.1126,r2_measured_01575,read,measured,,,,,0.7427,,ok,0.4354
13.8077,680,,,0.6066,,,,,,15.5975,r2_measured_01576,read,measured,,,,,0.7271,,ok,0.3785
16.0185,368,,,0.395,,,,,,17.5529,r2_measured_01577,read,measured,,,,,0.6438,,ok,0.4267
13.4653,679,,,0.706,,,,,,15.5123,r2_measured_01578,read,measured,,,,,0.8081,,ok,0.4431
11.4162,681,,,0.6292,,,,,,13.2789,r2_measured_01579,read,measured,,,,,0.7256,,ok,0.4046
15.0027,680,,,0.8279,,,,,,17.4414,r2_measured_01580,read,measured,,,,,0.9468,,ok,0.551
13.3982,687,,,0.7288,,,,,,15.5934,r2_measured_01581,read,measured,,,,,0.9237,,ok,0.4501
14.8129,509,,,0.7152,,,,,,17.0004,r2_measured_01582,read,measured,,,,,0.8814,,ok,0.5003
9.1418,509,,,0.6455,,,,,,10.9699,r2_measured_01583,read,measured,,,,,0.6598,,ok,0.4475
13.4664,504,,,0.4939,,,,,,15.0697,r2_measured_01584,read,measured,,,,,0.5877,,ok,0.4467
13.3947,419,,,0.3179,,,,,,14.7576,r2_measured_01585,read,measured,,,,,0.5743,,ok,0.4079
15.0116,661,,,0.7071,,,,,,17.1322,r2_measured_01586,read,measured,,,,,0.8594,,ok,0.464
13.0889,689,,,0.5452,,,,,,14.696,r2_measured_01587,read,measured,,,,,0.6446,,ok,0.3453
15.4778,681,,,0.8937,,,,,,17.9437,r2_measured_01588,read,measured,,,,,0.9486,,ok,0.5215
11.7754,679,,,0.5871,,,,,,13.551,r2_measured_01589,read,measured,,,,,0.6932,,ok,0.4158
15.7976,678,,,0.6049,,,,,,17.7066,r2_measured_01590,read,measured,,,,,0.8017,,ok,0.4207
185.9562,674,21.7965,9.5249,0.5415,2.9447,1,9.5231,1,56.195,187.5728,r2_measured_01591,update,measured,46.6701,1.6166,1,15.6123,0.6011,89.4077,ok,0.4033
10.4416,628,,,0.5001,,,,,,12.0192,r2_measured_01592,read,measured,,,,,0.6659,,ok,0.3483
15.2114,688,,,0.6668,,,,,,17.0987,r2_measured_01593,read,measured,,,,,0.7748,,ok,0.3673
13.6078,626,,,0.547,,,,,,15.3503,r2_measured_01594,read,measured,,,,,0.7166,,ok,0.4024
14.0519,662,,,0.615,,,,,,15.899,r2_measured_01595,read,measured,,,,,0.789,,ok,0.3629
12.9471,680,,,0.6837,,,,,,14.8485,r2_measured_01596,read,measured,,,,,0.7114,,ok,0.427
13.4163,507,,,0.6121,,,,,,15.3289,r2_measured_01597,read,measured,,,,,0.7217,,ok,0.4955
13.9627,679,,,0.7182,,,,,,16.166,r2_measured_01598,read,measured,,,,,0.9441,,ok,0.4337
13.5989,628,,,0.7335,,,,,,15.8367,r2_measured_01599,read,measured,,,,,0.8976,,ok,0.5119
12.6605,681,,,0.6682,,,,,,14.6939,r2_measured_01600,read,measured,,,,,0.7935,,ok,0.4835
13.2343,628,,,0.771,,,,,,15.315,r2_measured_01601,read,measured,,,,,0.7616,,ok,0.463
14.0616,509,,,0.5681,,,,,,15.9686,r2_measured_01602,read,measured,,,,,0.8135,,ok,0.4453
15.3541,681,,,0.7705,,,,,,17.465,r2_measured_01603,read,measured,,,,,0.799,,ok,0.4404
17.1359,679,,,0.707,,,,,,19.3352,r2_measured_01604,read,measured,,,,,0.9344,,ok,0.4669
7.5107,661,,,0.653,,,,,,9.4826,r2_measured_01605,read,measured,,,,,0.6964,,ok,0.5301
13.2575,661,,,0.6079,,,,,,15.2,r2_measured_01606,read,measured,,,,,0.807,,ok,0.4238
13.0209,662,,,0.7215,,,,,,15.1365,r2_measured_01607,read,measured,,,,,0.7752,,ok,0.5262
13.5975,661,,,0.6688,,,,,,17.6386,r2_measured_01608,read,measured,,,,,2.8391,,ok,0.4445
12.3958,673,,,0.6546,,,,,,14.5562,r2_measured_01609,read,measured,,,,,0.9223,,ok,0.4958
8.5111,369,,,0.3333,,,,,,10.004,r2_measured_01610,read,measured,,,,,0.6008,,ok,0.4866
16.3013,675,,,0.6808,,,,,,18.2622,r2_measured_01611,read,measured,,,,,0.7409,,ok,0.4535
11.3095,688,,,0.5455,,,,,,12.9839,r2_measured_01612,read,measured,,,,,0.7018,,ok,0.332
13.0787,661,,,0.5164,,,,,,14.6207,r2_measured_01613,read,measured,,,,,0.6373,,ok,0.3246
12.3112,419,,,0.227,,,,,,13.329,r2_measured_01614,read,measured,,,,,0.4474,,ok,0.2962
15.6066,680,,,0.5576,,,,,,17.1961,r2_measured_01615,read,measured,,,,,0.6459,,ok,0.3206
14.4144,678,,,0.466,,,,,,15.8161,r2_measured_01616,read,measured,,,,,0.5725,,ok,0.304
13.3513,675,,,0.5255,,,,,,14.9032,r2_measured_01617,read,measured,,,,,0.6289,,ok,0.3323
13.2552,506,,,0.4948,,,,,,14.6469,r2_measured_01618,read,measured,,,,,0.5402,,ok,0.3034
15.618,674,,,0.5588,,,,,,17.1892,r2_measured_01619,read,measured,,,,,0.6038,,ok,0.3405
13.2543,679,,,0.626,,,,,,15.0922,r2_measured_01620,read,measured,,,,,0.7096,,ok,0.4036
14.3606,688,,,0.5245,,,,,,15.9366,r2_measured_01621,read,measured,,,,,0.659,,ok,0.3215
13.3461,674,,,0.5126,,,,,,14.8432,r2_measured_01622,read,measured,,,,,0.5834,,ok,0.3363
14.6937,680,,,0.5992,,,,,,16.4554,r2_measured_01623,read,measured,,,,,0.7262,,ok,0.3574
12.9314,565,,,0.469,,,,,,14.2856,r2_measured_01624,read,measured,,,,,0.5049,,ok,0.3227
13.1337,509,,,0.4701,,,,,,14.5302,r2_measured_01625,read,measured,,,,,0.5157,,ok,0.3469
108.9945,419,13.008,12.9044,0.4321,3.1781,1,12.9024,1,58.433,110.9287,r2_measured_01626,update,measured,45.5286,1.9342,1,15.8796,0.8216,18.4958,ok,0.5841
13.7704,680,,,0.7861,,,,,,15.9709,r2_measured_01627,read,measured,,,,,0.8457,,ok,0.4678
11.208,508,,,0.5675,,,,,,12.8922,r2_measured_01628,read,measured,,,,,0.6173,,ok,0.4266
13.9347,681,,,0.5388,,,,,,15.4591,r2_measured_01629,read,measured,,,,,0.6119,,ok,0.3118
14.9238,688,,,0.5826,,,,,,16.543,r2_measured_01630,read,measured,,,,,0.6156,,ok,0.3424
13.5319,681,,,0.5277,,,,,,15.1182,r2_measured_01631,read,measured,,,,,0.6856,,ok,0.3076
13.7853,509,,,0.5764,,,,,,15.4153,r2_measured_01632,read,measured,,,,,0.5742,,ok,0.4077
14.7349,672,,,0.5597,,,,,,16.259,r2_measured_01633,read,measured,,,,,0.5805,,ok,0.3201
13.5098,662,,,0.5964,,,,,,15.1652,r2_measured_01634,read,measured,,,,,0.6518,,ok,0.3394
12.554,417,,,0.2551,,,,,,13.6569,r2_measured_01635,read,measured,,,,,0.4893,,ok,0.3083
13.9954,680,,,0.6262,,,,,,15.6181,r2_measured_01636,read,measured,,,,,0.604,,ok,0.3293
14.8635,566,,,0.5395,,,,,,16.3917,r2_measured_01637,read,measured,,,,,0.6189,,ok,0.3099
13.8298,661,,,0.5019,,,,,,15.2845,r2_measured_01638,read,measured,,,,,0.5773,,ok,0.3167
16.5514,681,,,0.5516,,,,,,18.2157,r2_measured_01639,read,measured,,,,,0.6519,,ok,0.3778
104.3412,674,9.8538,8.2292,0.546,2.719,1,8.2274,1,55.0526,105.9353,r2_measured_01640,update,measured,46.8234,1.5941,1,14.7573,0.617,21.9585,ok,0.3599
13.4367,678,,,0.5384,,,,,,15.0671,r2_measured_01641,read,measured,,,,,0.6512,,ok,0.3679
13.0306,368,,,0.3926,,,,,,14.4296,r2_measured_01642,read,measured,,,,,0.571,,ok,0.3813
125.8157,626,14.8506,12.918,0.7002,4.0217,0,12.9162,1,59.1516,127.9984,r2_measured_01643,update,measured,46.2336,2.1827,1,0.0055,0.8871,47.7863,ok,0.4975
11.0062,674,,,0.6973,,,,,,13.0149,r2_measured_01644,read,measured,,,,,0.7705,,ok,0.4557
12.8097,508,,,0.5046,,,,,,14.4304,r2_measured_01645,read,measured,,,,,0.6745,,ok,0.3694
13.3149,568,,,0.504,,,,,,14.7836,r2_measured_01646,read,measured,,,,,0.5614,,ok,0.343
13.6297,679,,,0.5573,,,,,,15.2803,r2_measured_01647,read,measured,,,,,0.6859,,ok,0.3342
14.0432,628,,,0.4819,,,,,,15.5263,r2_measured_01648,read,measured,,,,,0.575,,ok,0.3596
93.3461,419,16.5694,11.5685,0.2882,1.5548,1,11.567,1,59.6833,94.7423,r2_measured_01649,update,measured,48.1148,1.3962,1,0.0057,0.5542,15.5329,ok,0.4943
13.2757,566,,,0.5499,,,,,,14.7893,r2_measured_01650,read,measured,,,,,0.5772,,ok,0.3298
14.1916,508,,,0.4158,,,,,,15.4834,r2_measured_01651,read,measured,,,,,0.4971,,ok,0.3213
14.4892,416,,,0.2865,,,,,,15.6906,r2_measured_01652,read,measured,,,,,0.5594,,ok,0.3075
14.8436,679,,,0.5311,,,,,,16.4123,r2_measured_01653,read,measured,,,,,0.6001,,ok,0.3716
13.1264,628,,,0.5266,,,,,,14.7072,r2_measured_01654,read,measured,,,,,0.6314,,ok,0.3569
14.1215,508,,,0.5427,,,,,,15.7071,r2_measured_01655,read,measured,,,,,0.5621,,ok,0.4056
13.9882,626,,,0.5011,,,,,,15.4284,r2_measured_01656,read,measured,,,,,0.558,,ok,0.3196
12.6207,416,,,0.3108,,,,,,13.9407,r2_measured_01657,read,measured,,,,,0.6436,,ok,0.3115
15.4625,679,,,0.5842,,,,,,17.104,r2_measured_01658,read,measured,,,,,0.6632,,ok,0.3248
13.9913,629,,,0.6022,,,,,,15.6166,r2_measured_01659,read,measured,,,,,0.6058,,ok,0.3478
13.3669,674,,,0.5259,,,,,,14.8991,r2_measured_01660,read,measured,,,,,0.6222,,ok,0.3225
12.5712,418,,,0.2452,,,,,,13.64,r2_measured_01661,read,measured,,,,,0.4863,,ok,0.2926
15.5158,419,,,0.2744,,,,,,16.732,r2_measured_01662,read,measured,,,,,0.5405,,ok,0.3457
16.174,660,,,0.519,,,,,,17.7553,r2_measured_01663,read,measured,,,,,0.6518,,ok,0.3428
12.7555,507,,,0.4804,,,,,,14.2998,r2_measured_01664,read,measured,,,,,0.6194,,ok,0.3782
12.7288,369,,,0.2333,,,,,,13.8216,r2_measured_01665,read,measured,,,,,0.4953,,ok,0.3158
15.1598,508,,,0.4039,,,,,,16.5187,r2_measured_01666,read,measured,,,,,0.5882,,ok,0.3078
14.7364,508,,,0.4395,,,,,,16.1223,r2_measured_01667,read,measured,,,,,0.5931,,ok,0.298
13.8759,504,,,0.3933,,,,,,15.2045,r2_measured_01668,read,measured,,,,,0.567,,ok,0.3038
14.3697,679,,,0.4676,,,,,,15.8139,r2_measured_01669,read,measured,,,,,0.5993,,ok,0.3146
14.9634,680,,,0.5471,,,,,,16.559,r2_measured_01670,read,measured,,,,,0.6563,,ok,0.3215
13.0449,509,,,0.4417,,,,,,14.3792,r2_measured_01671,read,measured,,,,,0.5054,,ok,0.3303
15.7126,680,,,0.7218,,,,,,17.5387,r2_measured_01672,read,measured,,,,,0.6921,,ok,0.3344
12.9613,663,,,0.5094,,,,,,14.4398,r2_measured_01673,read,measured,,,,,0.5688,,ok,0.3324
12.9363,419,,,0.4295,,,,,,14.4552,r2_measured_01674,read,measured,,,,,0.5155,,ok,0.4986
14.7538,419,,,0.2583,,,,,,15.9382,r2_measured_01675,read,measured,,,,,0.4893,,ok,0.3772
16.5403,675,,,0.5887,,,,,,18.223,r2_measured_01676,read,measured,,,,,0.6854,,ok,0.3355
31.6793,628,,,1.5266,,,,,,36.1304,r2_measured_01677,read,measured,,,,,1.8418,,ok,0.8924
86.2143,663,6.3999,7.1641,0.5808,2.3864,1,7.1606,1,52.3638,87.8683,r2_measured_01678,update,measured,45.1997,1.654,1,0.0067,0.649,25.0575,ok,0.3516
13.8457,680,,,0.5391,,,,,,15.4532,r2_measured_01679,read,measured,,,,,0.6397,,ok,0.3559
109.0895,663,8.0865,11.3127,0.7883,2.8968,1,11.3112,1,57.7535,111.154,r2_measured_01680,update,measured,46.4408,2.0645,1,15.8487,0.7307,24.504,ok,0.4593
10.8769,417,,,0.2743,,,,,,12.1028,r2_measured_01681,read,measured,,,,,0.5201,,ok,0.3709
15.2738,679,,,0.5438,,,,,,16.9039,r2_measured_01682,read,measured,,,,,0.6678,,ok,0.3512
13.6332,661,,,0.4753,,,,,,15.1996,r2_measured_01683,read,measured,,,,,0.6848,,ok,0.3295
14.0345,680,,,0.5785,,,,,,15.6871,r2_measured_01684,read,measured,,,,,0.6374,,ok,0.3691
13.525,679,,,0.5254,,,,,,15.1369,r2_measured_01685,read,measured,,,,,0.6834,,ok,0.3373
13.8238,681,,,0.5495,,,,,,15.3795,r2_measured_01686,read,measured,,,,,0.6094,,ok,0.3288
12.6915,369,,,0.2355,,,,,,13.8221,r2_measured_01687,read,measured,,,,,0.4837,,ok,0.3576
15.8082,678,,,0.5402,,,,,,17.4356,r2_measured_01688,read,measured,,,,,0.6542,,ok,0.3589
106.768,627,10.7886,11.2255,0.535,2.147,1,11.2231,1,58.9705,108.241,r2_measured_01689,update,measured,47.745,1.473,1,14.9351,0.5688,19.9268,ok,0.3083
13.0665,419,,,0.2496,,,,,,14.1552,r2_measured_01690,read,measured,,,,,0.479,,ok,0.3086
15.9609,679,,,0.5607,,,,,,17.7734,r2_measured_01691,read,measured,,,,,0.8473,,ok,0.3309
12.0535,679,,,0.5031,,,,,,13.5012,r2_measured_01692,read,measured,,,,,0.5605,,ok,0.3237
15.0752,677,,,0.5459,,,,,,16.6032,r2_measured_01693,read,measured,,,,,0.5747,,ok,0.3373
12.9471,661,,,0.4949,,,,,,14.485,r2_measured_01694,read,measured,,,,,0.6239,,ok,0.3546
14.7764,677,,,0.5316,,,,,,16.3162,r2_measured_01695,read,measured,,,,,0.6004,,ok,0.3392
13.8123,662,,,0.6285,,,,,,15.6592,r2_measured_01696,read,measured,,,,,0.7234,,ok,0.4146
13.5613,674,,,0.5614,,,,,,15.2873,r2_measured_01697,read,measured,,,,,0.6959,,ok,0.3878
12.5117,416,,,0.2594,,,,,,13.6859,r2_measured_01698,read,measured,,,,,0.5017,,ok,0.3603
16.9027,678,,,0.5948,,,,,,18.6832,r2_measured_01699,read,measured,,,,,0.7653,,ok,0.3409
11.7541,677,,,0.521,,,,,,13.2876,r2_measured_01700,read,measured,,,,,0.6432,,ok,0.3074
13.3272,675,,,0.5599,,,,,,14.8364,r2_measured_01701,read,measured,,,,,0.553,,ok,0.3356
14.6324,628,,,0.5008,,,,,,16.193,r2_measured_01702,read,measured,,,,,0.6363,,ok,0.3553
14.7194,508,,,0.4857,,,,,,16.3004,r2_measured_01703,read,measured,,,,,0.6759,,ok,0.3576
19.0805,681,,,0.7045,,,,,,21.0881,r2_measured_01704,read,measured,,,,,0.8049,,ok,0.4145
102.7162,509,10.9957,13.8138,0.4974,1.796,0,13.8116,1,53.6406,104.2273,r2_measured_01705,update,measured,39.8268,1.5111,1,15.5001,0.5939,20.7838,ok,0.3592
14.9369,680,,,0.6934,,,,,,16.9442,r2_measured_01706,read,measured,,,,,0.8122,,ok,0.4149
12.6877,661,,,0.6002,,,,,,14.465,r2_measured_01707,read,measured,,,,,0.6675,,ok,0.4333
14.0624,627,,,0.6041,,,,,,15.9276,r2_measured_01708,read,measured,,,,,0.8044,,ok,0.3723
12.2929,661,,,0.4947,,,,,,13.8928,r2_measured_01709,read,measured,,,,,0.7092,,ok,0.3323
24.6505,628,,,0.5352,,,,,,26.2078,r2_measured_01710,read,measured,,,,,0.6341,,ok,0.3264
23.9642,678,,,0.735,,,,,,26.1374,r2_measured_01711,read,measured,,,,,0.8937,,ok,0.4519
102.688,680,10.2126,9.1043,0.5608,2.4882,1,9.102,1,51.9721,104.4029,r2_measured_01712,update,measured,42.8678,1.7149,1,15.3239,0.7048,22.6912,ok,0.3723
10.9376,568,,,0.4003,,,,,,12.2273,r2_measured_01713,read,measured,,,,,0.5259,,ok,0.3092
15.729,681,,,0.5299,,,,,,17.4347,r2_measured_01714,read,measured,,,,,0.7806,,ok,0.3267
11.6351,680,,,0.5106,,,,,,13.0647,r2_measured_01715,read,measured,,,,,0.5308,,ok,0.3116
14.2403,416,,,0.2714,,,,,,15.4221,r2_measured_01716,read,measured,,,,,0.5244,,ok,0.3294
14.2172,507,,,0.421,,,,,,15.6075,r2_measured_01717,read,measured,,,,,0.5888,,ok,0.3228
14.7334,689,,,0.5698,,,,,,16.3641,r2_measured_01718,read,measured,,,,,0.6444,,ok,0.345
14.8722,674,,,0.5765,,,,,,16.6353,r2_measured_01719,read,measured,,,,,0.7476,,ok,0.3637
13.0088,509,,,0.4815,,,,,,14.5594,r2_measured_01720,read,measured,,,,,0.6021,,ok,0.3977
14.062,567,,,0.5625,,,,,,15.6429,r2_measured_01721,read,measured,,,,,0.5841,,ok,0.3667
13.5169,675,,,0.5755,,,,,,15.1725,r2_measured_01722,read,measured,,,,,0.6446,,ok,0.3618
13.9965,663,,,0.5361,,,,,,15.6629,r2_measured_01723,read,measured,,,,,0.7167,,ok,0.345
94.8843,680,9.2056,11.4293,0.6004,2.9179,1,11.4272,1,57.9959,96.6689,r2_measured_01724,update,measured,46.5666,1.7846,1,0.0059,0.7117,24.759,ok,0.3877
9.7183,567,,,0.4972,,,,,,11.2269,r2_measured_01725,read,measured,,,,,0.5869,,ok,0.3567
13.7013,419,,,0.2753,,,,,,14.9417,r2_measured_01726,read,measured,,,,,0.5651,,ok,0.3424
16.295,509,,,0.4656,,,,,,17.7266,r2_measured_01727,read,measured,,,,,0.5637,,ok,0.3414
12.1926,509,,,0.4403,,,,,,13.636,r2_measured_01728,read,measured,,,,,0.5766,,ok,0.3636
15.1028,677,,,0.5344,,,,,,16.7057,r2_measured_01729,read,measured,,,,,0.6591,,ok,0.3309
12.5544,418,,,0.2453,,,,,,13.628,r2_measured_01730,read,measured,,,,,0.4636,,ok,0.3119
15.3341,681,,,0.4921,,,,,,16.8588,r2_measured_01731,read,measured,,,,,0.6431,,ok,0.322
12.8388,680,,,0.5637,,,,,,14.4478,r2_measured_01732,read,measured,,,,,0.5925,,ok,0.3847
14.1099,416,,,0.2502,,,,,,15.2414,r2_measured_01733,read,measured,,,,,0.5165,,ok,0.3113
14.3101,627,,,0.4457,,,,,,15.7153,r2_measured_01734,read,measured,,,,,0.5883,,ok,0.3124
14.387,505,,,0.4365,,,,,,15.8202,r2_measured_01735,read,measured,,,,,0.5713,,ok,0.3598
14.7288,508,,,0.544,,,,,,16.3585,r2_measured_01736,read,measured,,,,,0.6676,,ok,0.3566
17.3981,419,,,0.298,,,,,,18.6767,r2_measured_01737,read,measured,,,,,0.5522,,ok,0.3547
76.0427,509,,,0.4711,,,,,,77.5397,r2_measured_01738,read,measured,,,,,0.6132,,ok,0.3505
7.8252,369,,,0.2627,,,,,,9.0131,r2_measured_01739,read,measured,,,,,0.5491,,ok,0.3239
15.3996,679,,,0.5204,,,,,,16.9955,r2_measured_01740,read,measured,,,,,0.6835,,ok,0.3244
12.8507,419,,,0.327,,,,,,14.0388,r2_measured_01741,read,measured,,,,,0.4325,,ok,0.377
16.5538,663,,,0.6056,,,,,,18.3454,r2_measured_01742,read,measured,,,,,0.6172,,ok,0.4923
12.9579,509,,,0.5447,,,,,,14.6324,r2_measured_01743,read,measured,,,,,0.6861,,ok,0.3759
14.6053,567,,,0.5937,,,,,,16.4027,r2_measured_01744,read,measured,,,,,0.7125,,ok,0.409
13.8046,628,,,0.5651,,,,,,15.6287,r2_measured_01745,read,measured,,,,,0.79,,ok,0.3955
14.1112,688,,,0.5606,,,,,,16.1697,r2_measured_01746,read,measured,,,,,1.0417,,ok,0.3739
13.032,689,,,0.6496,,,,,,14.896,r2_measured_01747,read,measured,,,,,0.7259,,ok,0.3958
15.4584,567,,,0.5893,,,,,,17.3438,r2_measured_01748,read,measured,,,,,0.8653,,ok,0.3572
105.1291,417,11.2892,10.1046,0.3095,1.8763,1,10.1029,1,56.7525,106.5873,r2_measured_01749,update,measured,46.6479,1.4582,1,16.2232,0.6704,18.9879,ok,0.4177
15.0555,628,,,0.6101,,,,,,16.9592,r2_measured_01750,read,measured,,,,,0.7778,,ok,0.4322
12.705,628,,,0.6245,,,,,,14.6732,r2_measured_01751,read,measured,,,,,0.7932,,ok,0.4673
13.0886,663,,,0.5678,,,,,,14.8046,r2_measured_01752,read,measured,,,,,0.6908,,ok,0.3851
14.1839,661,,,0.6092,,,,,,15.9803,r2_measured_01753,read,measured,,,,,0.7149,,ok,0.3924
23.0451,568,,,0.5806,,,,,,24.5974,r2_measured_01754,read,measured,,,,,0.5904,,ok,0.3159
5.049,568,,,0.442,,,,,,6.5025,r2_measured_01755,read,measured,,,,,0.6001,,ok,0.3528
12.4748,568,,,0.5043,,,,,,13.8486,r2_measured_01756,read,measured,,,,,0.5107,,ok,0.3048
16.3652,673,,,0.5386,,,,,,17.953,r2_measured_01757,read,measured,,,,,0.6006,,ok,0.346
14.5058,679,,,0.4768,,,,,,15.9522,r2_measured_01758,read,measured,,,,,0.5948,,ok,0.3129
30.7097,662,,,0.5618,,,,,,32.4851,r2_measured_01759,read,measured,,,,,0.7562,,ok,0.384
12.3132,680,,,0.8416,,,,,,14.8533,r2_measured_01760,read,measured,,,,,1.0434,,ok,0.5438
11.635,417,,,0.3634,,,,,,13.1436,r2_measured_01761,read,measured,,,,,0.6422,,ok,0.4337
14.1247,681,,,0.5698,,,,,,15.8731,r2_measured_01762,read,measured,,,,,0.745,,ok,0.3627
13.2431,509,,,0.485,,,,,,14.7406,r2_measured_01763,read,measured,,,,,0.6046,,ok,0.343
14.5313,660,,,0.4705,,,,,,15.958,r2_measured_01764,read,measured,,,,,0.5699,,ok,0.3261
13.1407,369,,,0.2303,,,,,,14.1911,r2_measured_01765,read,measured,,,,,0.4808,,ok,0.2916
108.6736,680,4.6424,13.3729,0.5501,2.1443,1,13.3713,1,61.3841,110.1441,r2_measured_01766,update,measured,48.0112,1.4705,1,13.4416,0.5477,27.0612,ok,0.311
14.2206,417,,,0.2955,,,,,,15.5055,r2_measured_01767,read,measured,,,,,0.552,,ok,0.3742
16.4162,688,,,0.6932,,,,,,18.5639,r2_measured_01768,read,measured,,,,,0.9119,,ok,0.4544
11.7591,419,,,0.4324,,,,,,13.487,r2_measured_01769,read,measured,,,,,0.7335,,ok,0.4868
14.8143,688,,,0.629,,,,,,16.6924,r2_measured_01770,read,measured,,,,,0.7775,,ok,0.3975
16.4973,417,,,0.2634,,,,,,17.6345,r2_measured_01771,read,measured,,,,,0.5105,,ok,0.3085
8.8011,663,,,0.5852,,,,,,10.4701,r2_measured_01772,read,measured,,,,,0.6629,,ok,0.354
14.2528,629,,,0.5662,,,,,,15.9779,r2_measured_01773,read,measured,,,,,0.663,,ok,0.4223
23.8486,504,,,0.635,,,,,,25.8583,r2_measured_01774,read,measured,,,,,0.7621,,ok,0.5303
4.8918,678,,,0.6648,,,,,,6.9891,r2_measured_01775,read,measured,,,,,0.7589,,ok,0.5546
14.4697,509,,,0.5082,,,,,,16.1439,r2_measured_01776,read,measured,,,,,0.7115,,ok,0.3874
12.005,679,,,0.6335,,,,,,13.8905,r2_measured_01777,read,measured,,,,,0.7194,,ok,0.4116
14.2793,689,,,0.5981,,,,,,16.0627,r2_measured_01778,read,measured,,,,,0.7356,,ok,0.3684
12.9833,674,,,0.5686,,,,,,14.6916,r2_measured_01779,read,measured,,,,,0.6752,,ok,0.3913
15.6218,568,,,0.7507,,,,,,17.74,r2_measured_01780,read,measured,,,,,0.8022,,ok,0.4767
14.5721,661,,,0.9665,,,,,,17.0093,r2_measured_01781,read,measured,,,,,0.8993,,ok,0.4829
11.3452,678,,,0.6858,,,,,,13.2597,r2_measured_01782,read,measured,,,,,0.7419,,ok,0.401
11.7374,369,,,0.2418,,,,,,12.9181,r2_measured_01783,read,measured,,,,,0.5368,,ok,0.3463
16.3499,568,,,0.5713,,,,,,18.0642,r2_measured_01784,read,measured,,,,,0.7015,,ok,0.3709
11.7553,679,,,0.5113,,,,,,13.411,r2_measured_01785,read,measured,,,,,0.6644,,ok,0.4095
93.1138,678,11.3009,12.3006,0.5386,2.2328,1,12.2989,1,58.8924,94.652,r2_measured_01786,update,measured,46.5918,1.5382,1,0.0065,0.5971,20.6812,ok,0.3367
14.5133,680,,,0.4929,,,,,,15.9935,r2_measured_01787,read,measured,,,,,0.5862,,ok,0.3351
11.127,368,,,0.2831,,,,,,12.4702,r2_measured_01788,read,measured,,,,,0.5084,,ok,0.4871
14.9049,679,,,0.4934,,,,,,16.3198,r2_measured_01789,read,measured,,,,,0.5347,,ok,0.3271
14.6828,628,,,0.6013,,,,,,16.3952,r2_measured_01790,read,measured,,,,,0.6599,,ok,0.3749
15.1787,679,,,0.6301,,,,,,16.9761,r2_measured_01791,read,measured,,,,,0.7303,,ok,0.3671
11.62,662,,,0.5341,,,,,,13.3305,r2_measured_01792,read,measured,,,,,0.7285,,ok,0.3745
14.181,626,,,0.5553,,,,,,15.7917,r2_measured_01793,read,measured,,,,,0.6584,,ok,0.3308
12.8838,568,,,0.4762,,,,,,14.3103,r2_measured_01794,read,measured,,,,,0.5612,,ok,0.3308
14.5003,679,,,0.5983,,,,,,16.2886,r2_measured_01795,read,measured,,,,,0.7615,,ok,0.3532
12.9114,673,,,0.55,,,,,,14.5977,r2_measured_01796,read,measured,,,,,0.6674,,ok,0.3972
106.6552,419,7.9493,11.7619,0.3394,1.7513,1,11.7603,1,57.9054,108.128,r2_measured_01797,update,measured,46.1435,1.4728,1,16.394,0.6571,22.6552,ok,0.4056
13.9984,504,,,0.6444,,,,,,16.1081,r2_measured_01798,read,measured,,,,,0.886,,ok,0.4881
13.0988,369,,,0.2402,,,,,,14.1778,r2_measured_01799,read,measured,,,,,0.4637,,ok,0.3136
14.1628,680,,,0.5255,,,,,,15.6958,r2_measured_01800,read,measured,,,,,0.611,,ok,0.3334
23.3358,628,,,0.5319,,,,,,24.8816,r2_measured_01801,read,measured,,,,,0.5935,,ok,0.3562
6.661,509,,,0.4432,,,,,,7.9916,r2_measured_01802,read,measured,,,,,0.5155,,ok,0.3184
13.2523,568,,,0.4966,,,,,,14.6941,r2_measured_01803,read,measured,,,,,0.5665,,ok,0.3194
107.7954,507,12.9846,16.8539,1.6777,2.0749,1,16.8518,1,58.3063,110.8695,r2_measured_01804,update,measured,41.4524,3.0741,1,15.4629,0.8096,18.9667,ok,0.4984
120.0232,662,18.1528,8.2,0.6766,2.6717,0,8.1978,1,58.3461,122.0052,r2_measured_01805,update,measured,50.1461,1.982,1,12.7244,0.7946,28.1282,ok,0.4283
13.0991,627,,,0.4982,,,,,,15.6525,r2_measured_01806,read,measured,,,,,1.587,,ok,0.355
14.6282,673,,,0.6065,,,,,,16.3943,r2_measured_01807,read,measured,,,,,0.6991,,ok,0.389
17.1876,663,,,0.5984,,,,,,18.8173,r2_measured_01808,read,measured,,,,,0.6179,,ok,0.3451
11.8816,566,,,0.5153,,,,,,13.5036,r2_measured_01809,read,measured,,,,,0.6588,,ok,0.3802
12.9336,417,,,0.2529,,,,,,14.0231,r2_measured_01810,read,measured,,,,,0.4837,,ok,0.299
10.5073,688,,,0.5293,,,,,,12.0204,r2_measured_01811,read,measured,,,,,0.6032,,ok,0.3196
16.1448,679,,,0.6013,,,,,,17.8179,r2_measured_01812,read,measured,,,,,0.6582,,ok,0.3332
12.7066,680,,,0.6141,,,,,,14.2655,r2_measured_01813,read,measured,,,,,0.5602,,ok,0.3216
13.8213,567,,,0.5193,,,,,,15.3927,r2_measured_01814,read,measured,,,,,0.6703,,ok,0.3174
106.0589,508,7.596,12.4092,0.4635,1.8997,1,12.4077,1,58.6622,107.459,r2_measured_01815,update,measured,46.253,1.4001,1,16.9145,0.545,20.9865,ok,0.3335
14.91,567,,,0.5487,,,,,,16.5689,r2_measured_01816,read,measured,,,,,0.6906,,ok,0.3582
14.3879,680,,,0.6332,,,,,,16.1613,r2_measured_01817,read,measured,,,,,0.7019,,ok,0.3648
12.8936,675,,,0.5421,,,,,,14.5685,r2_measured_01818,read,measured,,,,,0.7419,,ok,0.3264
13.8655,663,,,1.1215,,,,,,16.0359,r2_measured_01819,read,measured,,,,,0.625,,ok,0.3405
14.493,674,,,0.5189,,,,,,15.9944,r2_measured_01820,read,measured,,,,,0.5864,,ok,0.3346
12.0793,662,,,0.5042,,,,,,13.6477,r2_measured_01821,read,measured,,,,,0.6655,,ok,0.331
14.0156,629,,,0.4791,,,,,,15.5259,r2_measured_01822,read,measured,,,,,0.6387,,ok,0.3296
14.0261,680,,,0.5521,,,,,,15.6808,r2_measured_01823,read,measured,,,,,0.6655,,ok,0.3587
106.0695,675,7.6743,11.0377,0.5499,2.3456,1,11.0358,1,56.8714,107.6069,r2_measured_01824,update,measured,45.8337,1.5374,1,15.8828,0.6004,23.2954,ok,0.3191
12.6023,566,,,0.5151,,,,,,14.1292,r2_measured_01825,read,measured,,,,,0.5542,,ok,0.3943
16.2448,680,,,0.8176,,,,,,18.7444,r2_measured_01826,read,measured,,,,,1.0223,,ok,0.5549
11.6856,687,,,0.5444,,,,,,13.2755,r2_measured_01827,read,measured,,,,,0.6222,,ok,0.3607
14.3763,509,,,0.5154,,,,,,16.1187,r2_measured_01828,read,measured,,,,,0.7386,,ok,0.4159
11.6874,681,,,0.4924,,,,,,13.2628,r2_measured_01829,read,measured,,,,,0.7013,,ok,0.3188
13.8275,568,,,0.4311,,,,,,15.2748,r2_measured_01830,read,measured,,,,,0.5828,,ok,0.3663
14.4958,627,,,0.5177,,,,,,15.9862,r2_measured_01831,read,measured,,,,,0.5747,,ok,0.3379
14.3434,677,,,0.5508,,,,,,16.1623,r2_measured_01832,read,measured,,,,,0.7688,,ok,0.4051
13.5677,624,,,0.4843,,,,,,15.1317,r2_measured_01833,read,measured,,,,,0.68,,ok,0.3296
13.7449,663,,,0.6317,,,,,,15.6432,r2_measured_01834,read,measured,,,,,0.7597,,ok,0.4267
14.9978,685,,,0.7125,,,,,,17.0481,r2_measured_01835,read,measured,,,,,0.8127,,ok,0.4277
11.6116,509,,,0.4674,,,,,,13.2354,r2_measured_01836,read,measured,,,,,0.6801,,ok,0.4103
117.8751,680,16.3105,13.5516,0.6288,2.2292,1,13.5499,1,60.9251,119.7489,r2_measured_01837,update,measured,47.3735,1.8738,1,15.1416,0.7553,23.2687,ok,0.4063
17.436,416,,,0.4493,,,,,,19.3238,r2_measured_01838,read,measured,,,,,0.8061,,ok,0.5489
14.5134,663,,,0.7265,,,,,,16.7832,r2_measured_01839,read,measured,,,,,1.0041,,ok,0.4508
10.6292,417,,,0.248,,,,,,11.916,r2_measured_01840,read,measured,,,,,0.5239,,ok,0.462
14.2983,568,,,0.5097,,,,,,15.7993,r2_measured_01841,read,measured,,,,,0.5971,,ok,0.3303
17.0435,663,,,0.5351,,,,,,18.5856,r2_measured_01842,read,measured,,,,,0.5995,,ok,0.3429
11.296,369,,,0.3474,,,,,,12.6565,r2_measured_01843,read,measured,,,,,0.5614,,ok,0.3932
14.8092,629,,,0.6656,,,,,,16.8508,r2_measured_01844,read,measured,,,,,0.7806,,ok,0.4742
12.4033,417,,,0.2503,,,,,,13.5448,r2_measured_01845,read,measured,,,,,0.5102,,ok,0.327
109.6499,509,13.2099,13.0247,0.6654,2.0976,1,13.0232,1,59.6288,111.7948,r2_measured_01846,update,measured,46.6041,2.1449,1,17.1191,0.8607,17.5945,ok,0.5245
14.4771,680,,,0.7797,,,,,,16.8427,r2_measured_01847,read,measured,,,,,0.9572,,ok,0.5102
11.3911,419,,,0.3172,,,,,,12.8757,r2_measured_01848,read,measured,,,,,0.6352,,ok,0.4581
15.2378,567,,,0.8359,,,,,,17.8572,r2_measured_01849,read,measured,,,,,1.1954,,ok,0.4987
15.8915,688,,,0.6468,,,,,,17.7946,r2_measured_01850,read,measured,,,,,0.7342,,ok,0.4386
11.1785,679,,,0.567,,,,,,12.9964,r2_measured_01851,read,measured,,,,,0.7903,,ok,0.3882
12.8297,369,,,0.3675,,,,,,14.6495,r2_measured_01852,read,measured,,,,,0.7417,,ok,0.6338
14.8023,663,,,0.6573,,,,,,16.8884,r2_measured_01853,read,measured,,,,,0.9015,,ok,0.443
13.9798,661,,,0.7134,,,,,,16.0946,r2_measured_01854,read,measured,,,,,0.8264,,ok,0.4719
11.4103,679,,,0.5289,,,,,,12.9994,r2_measured_01855,read,measured,,,,,0.6012,,ok,0.3919
15.0001,509,,,0.6124,,,,,,17.06,r2_measured_01856,read,measured,,,,,0.9083,,ok,0.4543
17.2079,680,,,0.6447,,,,,,19.1012,r2_measured_01857,read,measured,,,,,0.7357,,ok,0.4332
9.7765,685,,,0.6106,,,,,,11.5883,r2_measured_01858,read,measured,,,,,0.7194,,ok,0.3998
14.736,661,,,0.6611,,,,,,16.684,r2_measured_01859,read,measured,,,,,0.778,,ok,0.427
13.8257,679,,,0.614,,,,,,15.7211,r2_measured_01860,read,measured,,,,,0.7474,,ok,0.445
13.4794,680,,,0.6497,,,,,,15.3262,r2_measured_01861,read,measured,,,,,0.7027,,ok,0.4153
12.8114,628,,,0.6468,,,,,,14.6331,r2_measured_01862,read,measured,,,,,0.5838,,ok,0.5097
14.0748,674,,,0.5129,,,,,,15.5694,r2_measured_01863,read,measured,,,,,0.5887,,ok,0.3298
12.4533,680,,,0.7195,,,,,,14.5634,r2_measured_01864,read,measured,,,,,0.8591,,ok,0.4403
15.019,419,,,0.4102,,,,,,16.6877,r2_measured_01865,read,measured,,,,,0.6672,,ok,0.5138
16.3428,660,,,0.6477,,,,,,18.189,r2_measured_01866,read,measured,,,,,0.6852,,ok,0.4337
12.5886,679,,,0.6628,,,,,,14.4895,r2_measured_01867,read,measured,,,,,0.7006,,ok,0.4529
11.2399,568,,,0.6025,,,,,,13.229,r2_measured_01868,read,measured,,,,,0.7475,,ok,0.5498
14.168,627,,,0.6771,,,,,,16.1946,r2_measured_01869,read,measured,,,,,0.7725,,ok,0.4936
12.8747,689,,,0.6543,,,,,,14.8408,r2_measured_01870,read,measured,,,,,0.8113,,ok,0.4123
13.0998,419,,,0.3352,,,,,,14.7516,r2_measured_01871,read,measured,,,,,0.642,,ok,0.5948
14.3571,627,,,0.6837,,,,,,16.3696,r2_measured_01872,read,measured,,,,,0.7872,,ok,0.4565
14.5818,679,,,0.5652,,,,,,16.159,r2_measured_01873,read,measured,,,,,0.5998,,ok,0.3377
11.243,680,,,0.4671,,,,,,12.7784,r2_measured_01874,read,measured,,,,,0.6642,,ok,0.3409
13.7348,627,,,0.4552,,,,,,15.0797,r2_measured_01875,read,measured,,,,,0.5269,,ok,0.305
15.3069,689,,,0.6249,,,,,,16.9693,r2_measured_01876,read,measured,,,,,0.609,,ok,0.3593
12.0606,688,,,0.6343,,,,,,13.9302,r2_measured_01877,read,measured,,,,,0.7657,,ok,0.3931
13.9361,504,,,0.4978,,,,,,15.5013,r2_measured_01878,read,measured,,,,,0.6362,,ok,0.3669
13.1903,681,,,0.6322,,,,,,15.2203,r2_measured_01879,read,measured,,,,,0.8383,,ok,0.4734
17.2943,686,,,0.6187,,,,,,19.2371,r2_measured_01880,read,measured,,,,,0.8381,,ok,0.4039
13.5502,568,,,0.6073,,,,,,15.3933,r2_measured_01881,read,measured,,,,,0.7014,,ok,0.459
10.0055,368,,,0.2913,,,,,,11.5055,r2_measured_01882,read,measured,,,,,0.6904,,ok,0.4509
91.1049,679,8.0835,10.3603,0.5881,2.98,1,10.3581,1,58.1958,92.7171,r2_measured_01883,update,measured,47.8355,1.6122,1,0.0061,0.5873,21.8395,ok,0.3486
11.3059,662,,,0.5177,,,,,,12.8312,r2_measured_01884,read,measured,,,,,0.6114,,ok,0.3308
15.1115,566,,,0.4395,,,,,,16.473,r2_measured_01885,read,measured,,,,,0.5393,,ok,0.3259
12.9738,419,,,0.2903,,,,,,14.2015,r2_measured_01886,read,measured,,,,,0.5473,,ok,0.3363
15.2499,675,,,0.7969,,,,,,17.5896,r2_measured_01887,read,measured,,,,,0.9362,,ok,0.517
15.5105,679,,,0.7602,,,,,,17.8832,r2_measured_01888,read,measured,,,,,1.0649,,ok,0.4536
11.1605,680,,,0.5706,,,,,,12.9044,r2_measured_01889,read,measured,,,,,0.6942,,ok,0.4031
16.3768,369,,,0.3526,,,,,,17.7995,r2_measured_01890,read,measured,,,,,0.5477,,ok,0.4521
15.1734,679,,,0.7449,,,,,,17.3751,r2_measured_01891,read,measured,,,,,0.8836,,ok,0.4776
17.8195,680,,,0.7684,,,,,,20.1374,r2_measured_01892,read,measured,,,,,0.9009,,ok,0.548
5.2911,509,,,0.5886,,,,,,7.2851,r2_measured_01893,read,measured,,,,,0.8294,,ok,0.4939
15.3337,568,,,0.7545,,,,,,17.5612,r2_measured_01894,read,measured,,,,,0.8334,,ok,0.5388
9.1461,627,,,0.6432,,,,,,11.1169,r2_measured_01895,read,measured,,,,,0.7735,,ok,0.4723
12.1981,567,,,0.6003,,,,,,14.0308,r2_measured_01896,read,measured,,,,,0.7477,,ok,0.4124
13.7382,679,,,0.5671,,,,,,15.3995,r2_measured_01897,read,measured,,,,,0.6636,,ok,0.3556
13.0141,675,,,0.604,,,,,,14.729,r2_measured_01898,read,measured,,,,,0.6452,,ok,0.3907
14.5979,628,,,0.5306,,,,,,16.2604,r2_measured_01899,read,measured,,,,,0.6471,,ok,0.4031
12.8839,663,,,0.5003,,,,,,14.4392,r2_measured_01900,read,measured,,,,,0.6488,,ok,0.3418
15.0148,662,,,0.4739,,,,,,16.4955,r2_measured_01901,read,measured,,,,,0.6132,,ok,0.3287
14.0858,661,,,0.5694,,,,,,15.9072,r2_measured_01902,read,measured,,,,,0.7716,,ok,0.3914
15.148,680,,,0.6146,,,,,,17.047,r2_measured_01903,read,measured,,,,,0.8084,,ok,0.3923
14.26,686,,,1.2308,,,,,,16.9453,r2_measured_01904,read,measured,,,,,0.923,,ok,0.4468
80.8958,689,,,0.5224,,,,,,82.4911,r2_measured_01905,read,measured,,,,,0.6611,,ok,0.3434
8.8953,680,,,0.5137,,,,,,10.4736,r2_measured_01906,read,measured,,,,,0.6495,,ok,0.3428
14.7457,509,,,0.5147,,,,,,16.2175,r2_measured_01907,read,measured,,,,,0.5486,,ok,0.3416
12.8734,418,,,0.2583,,,,,,13.9886,r2_measured_01908,read,measured,,,,,0.4854,,ok,0.3136
17.7668,681,,,0.6094,,,,,,19.8082,r2_measured_01909,read,measured,,,,,0.8222,,ok,0.3668
11.1799,419,,,0.2635,,,,,,12.4207,r2_measured_01910,read,measured,,,,,0.4872,,ok,0.4293
11.757,368,,,0.2667,,,,,,13.0748,r2_measured_01911,read,measured,,,,,0.5747,,ok,0.4167
15.5307,368,,,0.3116,,,,,,17.1504,r2_measured_01912,read,measured,,,,,0.7082,,ok,0.5231
15.7246,679,,,0.8327,,,,,,18.0892,r2_measured_01913,read,measured,,,,,0.8018,,ok,0.5954
11.7336,628,,,0.5635,,,,,,13.6176,r2_measured_01914,read,measured,,,,,0.7482,,ok,0.4807
12.8635,688,,,0.608,,,,,,14.7202,r2_measured_01915,read,measured,,,,,0.7504,,ok,0.4174
16.9071,662,,,0.6567,,,,,,19.0661,r2_measured_01916,read,measured,,,,,0.9731,,ok,0.4429
8.3734,369,,,0.3098,,,,,,9.7593,r2_measured_01917,read,measured,,,,,0.6074,,ok,0.4095
15.6582,504,,,0.684,,,,,,17.7519,r2_measured_01918,read,measured,,,,,0.8055,,ok,0.5149
14.4033,689,,,0.6729,,,,,,16.7946,r2_measured_01919,read,measured,,,,,1.0405,,ok,0.5576
16.3403,677,,,0.8138,,,,,,19.2001,r2_measured_01920,read,measured,,,,,1.2741,,ok,0.621
7.8283,686,,,0.5888,,,,,,9.5915,r2_measured_01921,read,measured,,,,,0.7305,,ok,0.3697
14.1563,663,,,0.6541,,,,,,15.9073,r2_measured_01922,read,measured,,,,,0.679,,ok,0.3393
12.8204,508,,,0.5741,,,,,,14.4158,r2_measured_01923,read,measured,,,,,0.6098,,ok,0.3517
14.7712,628,,,0.5184,,,,,,16.2252,r2_measured_01924,read,measured,,,,,0.529,,ok,0.3422
14.7428,678,,,0.6144,,,,,,16.7378,r2_measured_01925,read,measured,,,,,0.7213,,ok,0.5692
14.585,661,,,0.7683,,,,,,17.0198,r2_measured_01926,read,measured,,,,,0.9401,,ok,0.611
11.9966,681,,,0.5484,,,,,,13.6276,r2_measured_01927,read,measured,,,,,0.6407,,ok,0.3562
14.8008,567,,,0.4379,,,,,,16.1425,r2_measured_01928,read,measured,,,,,0.5123,,ok,0.3325
16.0987,663,,,0.6058,,,,,,17.7837,r2_measured_01929,read,measured,,,,,0.6652,,ok,0.3321
9.8204,509,,,0.4494,,,,,,11.1721,r2_measured_01930,read,measured,,,,,0.5444,,ok,0.3032
15.0181,629,,,0.6806,,,,,,17.1056,r2_measured_01931,read,measured,,,,,0.8373,,ok,0.4768
10.8312,568,,,0.4781,,,,,,12.2561,r2_measured_01932,read,measured,,,,,0.5606,,ok,0.3267
16.634,627,,,0.8559,,,,,,19.2855,r2_measured_01933,read,measured,,,,,1.153,,ok,0.5432
10.0142,679,,,0.6778,,,,,,12.1081,r2_measured_01934,read,measured,,,,,0.8655,,ok,0.4371
14.4019,509,,,0.5231,,,,,,16.0842,r2_measured_01935,read,measured,,,,,0.6782,,ok,0.4019
11.4762,566,,,0.5884,,,,,,13.2384,r2_measured_01936,read,measured,,,,,0.6676,,ok,0.4169
12.6221,369,,,0.2841,,,,,,14.0708,r2_measured_01937,read,measured,,,,,0.5968,,ok,0.4947
16.0927,681,,,0.6321,,,,,,17.9805,r2_measured_01938,read,measured,,,,,0.7617,,ok,0.4107
12.8797,688,,,0.7388,,,,,,15.1989,r2_measured_01939,read,measured,,,,,0.9616,,ok,0.5245
14.0554,419,,,0.4178,,,,,,15.906,r2_measured_01940,read,measured,,,,,0.7978,,ok,0.5245
12.0838,628,,,0.6212,,,,,,13.8704,r2_measured_01941,read,measured,,,,,0.6929,,ok,0.3758
14.465,419,,,0.286,,,,,,15.6461,r2_measured_01942,read,measured,,,,,0.5384,,ok,0.3013
17.7428,567,,,0.5347,,,,,,19.4195,r2_measured_01943,read,measured,,,,,0.6784,,ok,0.3943
10.4771,689,,,0.5554,,,,,,12.1051,r2_measured_01944,read,measured,,,,,0.6623,,ok,0.3333
13.1626,674,,,0.6361,,,,,,15.2473,r2_measured_01945,read,measured,,,,,0.8068,,ok,0.5431
13.1967,568,,,0.5979,,,,,,15.1159,r2_measured_01946,read,measured,,,,,0.7833,,ok,0.45
13.4551,662,,,0.6036,,,,,,15.5106,r2_measured_01947,read,measured,,,,,0.9955,,ok,0.3786
13.341,680,,,0.5529,,,,,,14.9178,r2_measured_01948,read,measured,,,,,0.6133,,ok,0.3376
13.2856,679,,,0.4912,,,,,,14.7763,r2_measured_01949,read,measured,,,,,0.6192,,ok,0.3165
13.9694,568,,,0.4876,,,,,,15.6289,r2_measured_01950,read,measured,,,,,0.6803,,ok,0.4118
14.2382,679,,,0.5323,,,,,,15.9412,r2_measured_01951,read,measured,,,,,0.775,,ok,0.3283
14.7242,663,,,0.6626,,,,,,16.6389,r2_measured_01952,read,measured,,,,,0.743,,ok,0.4052
14.2857,660,,,0.7139,,,,,,16.3612,r2_measured_01953,read,measured,,,,,0.8504,,ok,0.4183
12.9162,679,,,0.6432,,,,,,14.8662,r2_measured_01954,read,measured,,,,,0.7723,,ok,0.4433
12.0088,418,,,0.3332,,,,,,13.323,r2_measured_01955,read,measured,,,,,0.5573,,ok,0.362
14.0841,679,,,0.505,,,,,,15.6021,r2_measured_01956,read,measured,,,,,0.6192,,ok,0.3266
13.8785,509,,,0.7238,,,,,,15.7134,r2_measured_01957,read,measured,,,,,0.6366,,ok,0.3963
14.6202,507,,,0.5996,,,,,,16.374,r2_measured_01958,read,measured,,,,,0.6505,,ok,0.4267
13.8128,679,,,0.7672,,,,,,16.0756,r2_measured_01959,read,measured,,,,,0.8788,,ok,0.5096
13.517,680,,,0.6374,,,,,,15.4066,r2_measured_01960,read,measured,,,,,0.6944,,ok,0.4647
13.3597,627,,,0.7745,,,,,,15.3656,r2_measured_01961,read,measured,,,,,0.7685,,ok,0.3614
13.4394,416,,,0.2659,,,,,,14.6378,r2_measured_01962,read,measured,,,,,0.5763,,ok,0.3063
25.4265,680,,,0.6984,,,,,,27.3527,r2_measured_01963,read,measured,,,,,0.7705,,ok,0.3775
18.8695,662,,,0.9057,,,,,,21.5455,r2_measured_01964,read,measured,,,,,1.1459,,ok,0.5101
10.2869,628,,,0.6119,,,,,,12.2365,r2_measured_01965,read,measured,,,,,0.7555,,ok,0.4689
14.6261,417,,,0.3656,,,,,,16.6246,r2_measured_01966,read,measured,,,,,0.853,,ok,0.6735
12.2823,566,,,0.6538,,,,,,14.0884,r2_measured_01967,read,measured,,,,,0.7151,,ok,0.3604
15.016,681,,,0.6172,,,,,,17.0537,r2_measured_01968,read,measured,,,,,0.7588,,ok,0.5719
13.8865,419,,,0.5882,,,,,,15.8804,r2_measured_01969,read,measured,,,,,0.7132,,ok,0.6117
14.7363,509,,,0.6359,,,,,,16.8003,r2_measured_01970,read,measured,,,,,0.8498,,ok,0.4958
11.0061,624,,,0.5991,,,,,,12.8428,r2_measured_01971,read,measured,,,,,0.7224,,ok,0.4305
13.3184,662,,,0.6042,,,,,,15.207,r2_measured_01972,read,measured,,,,,0.8058,,ok,0.3954
12.2371,509,,,0.7053,,,,,,14.5127,r2_measured_01973,read,measured,,,,,0.7752,,ok,0.6879
17.2432,679,,,0.7126,,,,,,19.4604,r2_measured_01974,read,measured,,,,,0.9321,,ok,0.4793
9.0215,675,,,0.7207,,,,,,11.0731,r2_measured_01975,read,measured,,,,,0.7604,,ok,0.4821
13.1457,508,,,0.5487,,,,,,14.8235,r2_measured_01976,read,measured,,,,,0.6766,,ok,0.3748
13.9235,629,,,0.6314,,,,,,15.7802,r2_measured_01977,read,measured,,,,,0.6971,,ok,0.4484
19.5517,628,,,0.8347,,,,,,21.9491,r2_measured_01978,read,measured,,,,,0.8965,,ok,0.5657
13.9669,419,,,0.3689,,,,,,15.5942,r2_measured_01979,read,measured,,,,,0.6822,,ok,0.5027
10.5803,675,,,0.657,,,,,,12.4852,r2_measured_01980,read,measured,,,,,0.7826,,ok,0.3795
17.0237,567,,,0.4761,,,,,,18.4348,r2_measured_01981,read,measured,,,,,0.5284,,ok,0.3443
6.9098,507,,,0.4925,,,,,,8.4001,r2_measured_01982,read,measured,,,,,0.6086,,ok,0.3251
15.3788,681,,,0.7032,,,,,,17.6215,r2_measured_01983,read,measured,,,,,0.8154,,ok,0.6303
11.1126,568,,,0.5569,,,,,,12.8923,r2_measured_01984,read,measured,,,,,0.8126,,ok,0.3256
21.1442,674,,,0.522,,,,,,22.8009,r2_measured_01985,read,measured,,,,,0.6537,,ok,0.3918
7.2275,679,,,0.5642,,,,,,8.9171,r2_measured_01986,read,measured,,,,,0.6876,,ok,0.36
15.3712,663,,,0.5538,,,,,,16.9922,r2_measured_01987,read,measured,,,,,0.6124,,ok,0.3818
12.4469,679,,,0.6944,,,,,,14.3413,r2_measured_01988,read,measured,,,,,0.6992,,ok,0.4194
17.6882,629,,,0.5622,,,,,,19.4109,r2_measured_01989,read,measured,,,,,0.686,,ok,0.4034
11.8785,661,,,0.6292,,,,,,13.787,r2_measured_01990,read,measured,,,,,0.8396,,ok,0.3604
10.042,628,,,0.5599,,,,,,11.696,r2_measured_01991,read,measured,,,,,0.668,,ok,0.3565
12.1878,417,,,0.2657,,,,,,13.3503,r2_measured_01992,read,measured,,,,,0.5143,,ok,0.3293
15.444,662,,,0.5055,,,,,,17.0492,r2_measured_01993,read,measured,,,,,0.6574,,ok,0.3699
14.1833,662,,,0.4924,,,,,,15.6753,r2_measured_01994,read,measured,,,,,0.627,,ok,0.3054
13.8399,680,,,0.7585,,,,,,15.9712,r2_measured_01995,read,measured,,,,,0.8166,,ok,0.4612
12.0419,567,,,0.567,,,,,,13.7172,r2_measured_01996,read,measured,,,,,0.6653,,ok,0.3702
13.5757,369,,,0.2972,,,,,,14.8781,r2_measured_01997,read,measured,,,,,0.5735,,ok,0.3701
14.2826,681,,,0.5583,,,,,,15.9659,r2_measured_01998,read,measured,,,,,0.6757,,ok,0.3741
14.6444,626,,,0.5813,,,,,,16.3024,r2_measured_01999,read,measured,,,,,0.6197,,ok,0.3764
14.1133,629,,,0.5871,,,,,,15.9951,r2_measured_02000,read,measured,,,,,0.7465,,ok,0.4553
11.9738,567,,,0.5204,,,,,,13.5988,r2_measured_02001,read,measured,,,,,0.655,,ok,0.3793
13.3741,680,,,0.6086,,,,,,15.203,r2_measured_02002,read,measured,,,,,0.7382,,ok,0.4047
13.6221,568,,,0.5102,,,,,,15.1529,r2_measured_02003,read,measured,,,,,0.6104,,ok,0.3469
14.337,679,,,0.5185,,,,,,15.9116,r2_measured_02004,read,measured,,,,,0.6651,,ok,0.3218
13.6189,675,,,0.4893,,,,,,15.1155,r2_measured_02005,read,measured,,,,,0.5995,,ok,0.3215
16.3915,661,,,0.6552,,,,,,18.324,r2_measured_02006,read,measured,,,,,0.7923,,ok,0.3971
12.7796,674,,,0.6868,,,,,,14.7818,r2_measured_02007,read,measured,,,,,0.8011,,ok,0.4285
15.4117,674,,,0.5626,,,,,,17.0218,r2_measured_02008,read,measured,,,,,0.6546,,ok,0.3149
12.2368,680,,,0.6752,,,,,,14.1162,r2_measured_02009,read,measured,,,,,0.7036,,ok,0.421
10.3634,663,,,0.6158,,,,,,12.0146,r2_measured_02010,read,measured,,,,,0.6086,,ok,0.3551
13.3677,368,,,0.225,,,,,,14.4267,r2_measured_02011,read,measured,,,,,0.4649,,ok,0.3163
16.7432,679,,,0.8261,,,,,,18.9754,r2_measured_02012,read,measured,,,,,0.86,,ok,0.4486
11.7117,568,,,0.5939,,,,,,13.5052,r2_measured_02013,read,measured,,,,,0.6972,,ok,0.426
12.42,681,,,0.6286,,,,,,14.2238,r2_measured_02014,read,measured,,,,,0.7216,,ok,0.3805
14.0309,663,,,0.5502,,,,,,15.9204,r2_measured_02015,read,measured,,,,,0.7157,,ok,0.5431
11.8103,672,,,0.5432,,,,,,13.3216,r2_measured_02016,read,measured,,,,,0.5651,,ok,0.339
14.0565,419,,,0.2963,,,,,,15.4107,r2_measured_02017,read,measured,,,,,0.6125,,ok,0.3783
13.4509,416,,,0.2795,,,,,,14.6602,r2_measured_02018,read,measured,,,,,0.503,,ok,0.3701
15.2652,509,,,0.5606,,,,,,16.9682,r2_measured_02019,read,measured,,,,,0.662,,ok,0.4016
14.673,680,,,0.5679,,,,,,16.4169,r2_measured_02020,read,measured,,,,,0.717,,ok,0.3805
13.1381,629,,,0.664,,,,,,14.9622,r2_measured_02021,read,measured,,,,,0.6922,,ok,0.3632
13.603,628,,,0.8698,,,,,,15.7747,r2_measured_02022,read,measured,,,,,0.6693,,ok,0.5563
13.1915,681,,,0.5875,,,,,,15.0482,r2_measured_02023,read,measured,,,,,0.7939,,ok,0.3846
12.5689,417,,,0.3172,,,,,,13.906,r2_measured_02024,read,measured,,,,,0.61,,ok,0.3514
13.6697,508,,,0.4743,,,,,,15.1915,r2_measured_02025,read,measured,,,,,0.6176,,ok,0.3677
14.0652,688,,,0.6761,,,,,,15.876,r2_measured_02026,read,measured,,,,,0.7011,,ok,0.3585
12.5693,507,,,0.5044,,,,,,13.9555,r2_measured_02027,read,measured,,,,,0.4966,,ok,0.3295
15.9597,688,,,0.5504,,,,,,17.5738,r2_measured_02028,read,measured,,,,,0.66,,ok,0.3347
13.5707,628,,,0.4593,,,,,,15.0068,r2_measured_02029,read,measured,,,,,0.6167,,ok,0.303
15.8034,417,,,0.2557,,,,,,16.8928,r2_measured_02030,read,measured,,,,,0.4694,,ok,0.3129
12.6569,681,,,0.5307,,,,,,14.19,r2_measured_02031,read,measured,,,,,0.6189,,ok,0.3163
14.5809,663,,,0.5788,,,,,,16.3691,r2_measured_02032,read,measured,,,,,0.8143,,ok,0.3185
12.5857,509,,,0.3986,,,,,,13.8337,r2_measured_02033,read,measured,,,,,0.4876,,ok,0.3097
15.4014,680,,,0.5816,,,,,,17.1208,r2_measured_02034,read,measured,,,,,0.6247,,ok,0.4307
16.3742,568,,,0.4973,,,,,,17.8832,r2_measured_02035,read,measured,,,,,0.5903,,ok,0.3586
11.2785,628,,,0.7142,,,,,,13.3359,r2_measured_02036,read,measured,,,,,0.792,,ok,0.4412
15.0988,680,,,0.694,,,,,,17.1227,r2_measured_02037,read,measured,,,,,0.7756,,ok,0.463
11.3563,568,,,0.6341,,,,,,13.2629,r2_measured_02038,read,measured,,,,,0.7412,,ok,0.449
13.4769,419,,,0.3375,,,,,,15.0461,r2_measured_02039,read,measured,,,,,0.7243,,ok,0.4375
13.2623,566,,,0.6427,,,,,,15.1709,r2_measured_02040,read,measured,,,,,0.7192,,ok,0.4666
14.5033,681,,,0.6546,,,,,,16.5076,r2_measured_02041,read,measured,,,,,0.7939,,ok,0.4715
12.2149,628,,,0.7054,,,,,,14.5102,r2_measured_02042,read,measured,,,,,0.8101,,ok,0.6897
13.7799,509,,,0.5476,,,,,,15.6216,r2_measured_02043,read,measured,,,,,0.7456,,ok,0.4669
168.3932,678,5.4348,11.3316,0.5224,2.5669,1,11.3297,1,59.5705,169.9081,r2_measured_02044,update,measured,48.2389,1.5149,1,16.7063,0.6067,84.1147,ok,0.3209
11.9775,628,,,0.477,,,,,,13.3717,r2_measured_02045,read,measured,,,,,0.5389,,ok,0.32
14.5944,681,,,0.6016,,,,,,16.2847,r2_measured_02046,read,measured,,,,,0.6867,,ok,0.3292
12.62,369,,,0.2795,,,,,,13.8899,r2_measured_02047,read,measured,,,,,0.5423,,ok,0.3906
22.5519,369,,,0.3021,,,,,,23.9136,r2_measured_02048,read,measured,,,,,0.5879,,ok,0.4101
15.7854,678,,,0.6725,,,,,,18.0342,r2_measured_02049,read,measured,,,,,0.8705,,ok,0.6108
4.6463,680,,,0.7326,,,,,,6.7456,r2_measured_02050,read,measured,,,,,0.841,,ok,0.3941
20.2422,509,,,0.4942,,,,,,21.8575,r2_measured_02051,read,measured,,,,,0.6465,,ok,0.3809
6.8816,660,,,0.6273,,,,,,8.8432,r2_measured_02052,read,measured,,,,,0.7605,,ok,0.479
15.0087,628,,,0.5898,,,,,,16.727,r2_measured_02053,read,measured,,,,,0.6275,,ok,0.4164
11.0521,567,,,0.3764,,,,,,12.3634,r2_measured_02054,read,measured,,,,,0.5744,,ok,0.3065
16.113,688,,,0.613,,,,,,17.7636,r2_measured_02055,read,measured,,,,,0.6483,,ok,0.3222
10.4759,509,,,0.4246,,,,,,11.794,r2_measured_02056,read,measured,,,,,0.4924,,ok,0.3414
17.9634,680,,,0.5774,,,,,,19.5507,r2_measured_02057,read,measured,,,,,0.6111,,ok,0.323
8.9949,416,,,0.257,,,,,,10.1238,r2_measured_02058,read,measured,,,,,0.5201,,ok,0.3005
16.3678,628,,,0.6286,,,,,,18.1716,r2_measured_02059,read,measured,,,,,0.6376,,ok,0.4532
13.1284,679,,,0.5605,,,,,,14.795,r2_measured_02060,read,measured,,,,,0.6803,,ok,0.3559
14.098,663,,,0.5537,,,,,,15.8157,r2_measured_02061,read,measured,,,,,0.6989,,ok,0.3851
13.4121,628,,,0.4797,,,,,,14.915,r2_measured_02062,read,measured,,,,,0.5991,,ok,0.3466
12.8043,662,,,0.5912,,,,,,14.5078,r2_measured_02063,read,measured,,,,,0.6416,,ok,0.4004
14.512,689,,,0.49,,,,,,16.0352,r2_measured_02064,read,measured,,,,,0.6565,,ok,0.314
14.5285,507,,,0.4708,,,,,,16.0164,r2_measured_02065,read,measured,,,,,0.6027,,ok,0.352
12.9233,507,,,0.451,,,,,,14.2932,r2_measured_02066,read,measured,,,,,0.5248,,ok,0.3353
14.0445,565,,,0.4692,,,,,,15.3899,r2_measured_02067,read,measured,,,,,0.508,,ok,0.3135
13.4506,627,,,0.5463,,,,,,14.9782,r2_measured_02068,read,measured,,,,,0.5918,,ok,0.3239
13.2833,680,,,0.5543,,,,,,15.0701,r2_measured_02069,read,measured,,,,,0.7262,,ok,0.4255
13.725,680,,,0.503,,,,,,15.3258,r2_measured_02070,read,measured,,,,,0.6287,,ok,0.3983
12.9876,567,,,0.5472,,,,,,14.7098,r2_measured_02071,read,measured,,,,,0.6813,,ok,0.425
17.0655,369,,,0.2322,,,,,,18.1513,r2_measured_02072,read,measured,,,,,0.4778,,ok,0.3217
16.0646,568,,,0.5649,,,,,,18.0431,r2_measured_02073,read,measured,,,,,0.8401,,ok,0.501
10.0889,675,,,0.5824,,,,,,11.8388,r2_measured_02074,read,measured,,,,,0.7537,,ok,0.3393
14.0395,688,,,0.5799,,,,,,15.6946,r2_measured_02075,read,measured,,,,,0.6186,,ok,0.3851
14.6194,628,,,0.5846,,,,,,16.4166,r2_measured_02076,read,measured,,,,,0.7418,,ok,0.3891
15.6116,369,,,0.2991,,,,,,16.9609,r2_measured_02077,read,measured,,,,,0.5036,,ok,0.4843
11.1938,681,,,0.5827,,,,,,12.9592,r2_measured_02078,read,measured,,,,,0.7662,,ok,0.3459
10.4662,508,,,0.5113,,,,,,11.9184,r2_measured_02079,read,measured,,,,,0.5162,,ok,0.3629
13.9266,679,,,0.5717,,,,,,15.7262,r2_measured_02080,read,measured,,,,,0.6632,,ok,0.3736
14.742,627,,,0.6202,,,,,,16.469,r2_measured_02081,read,measured,,,,,0.6312,,ok,0.4011
15.4396,628,,,0.5153,,,,,,17.1115,r2_measured_02082,read,measured,,,,,0.6818,,ok,0.4058
11.3866,509,,,0.5345,,,,,,12.9635,r2_measured_02083,read,measured,,,,,0.6295,,ok,0.3456
13.4548,675,,,0.5508,,,,,,15.1712,r2_measured_02084,read,measured,,,,,0.7208,,ok,0.3735
14.1925,673,,,0.6209,,,,,,16.1217,r2_measured_02085,read,measured,,,,,0.8015,,ok,0.4146
11.5364,509,,,0.5351,,,,,,13.2519,r2_measured_02086,read,measured,,,,,0.7309,,ok,0.3843
15.0421,627,,,0.6702,,,,,,17.0695,r2_measured_02087,read,measured,,,,,0.7903,,ok,0.4652
105.7188,509,12.27,11.174,0.6366,1.8125,1,11.1718,1,57.0426,107.3751,r2_measured_02088,update,measured,45.8686,1.6563,1,17.0544,0.5811,17.5393,ok,0.3723
15.2972,680,,,0.5594,,,,,,16.9499,r2_measured_02089,read,measured,,,,,0.624,,ok,0.3964
12.3492,418,,,0.2944,,,,,,13.5732,r2_measured_02090,read,measured,,,,,0.527,,ok,0.3463
14.7458,680,,,0.5263,,,,,,16.4836,r2_measured_02091,read,measured,,,,,0.6894,,ok,0.4467
14.7343,661,,,0.5787,,,,,,16.4953,r2_measured_02092,read,measured,,,,,0.7521,,ok,0.3606
90.4318,680,7.4313,10.4402,0.5674,2.2038,0,10.4385,1,57.3724,91.9155,r2_measured_02093,update,measured,46.9322,1.4837,1,0.0085,0.5009,23.4158,ok,0.3446
14.4559,674,,,0.4788,,,,,,16.0667,r2_measured_02094,read,measured,,,,,0.6683,,ok,0.3979
13.1048,627,,,0.4625,,,,,,14.5601,r2_measured_02095,read,measured,,,,,0.6139,,ok,0.3217
14.1192,417,,,0.2482,,,,,,15.2456,r2_measured_02096,read,measured,,,,,0.506,,ok,0.3203
17.0705,681,,,0.4877,,,,,,18.5339,r2_measured_02097,read,measured,,,,,0.5863,,ok,0.3167
11.3556,368,,,0.2223,,,,,,12.3878,r2_measured_02098,read,measured,,,,,0.4658,,ok,0.2946
13.9641,417,,,0.2885,,,,,,15.2361,r2_measured_02099,read,measured,,,,,0.5751,,ok,0.3529
16.183,689,,,0.5687,,,,,,17.9055,r2_measured_02100,read,measured,,,,,0.727,,ok,0.3562
105.6582,686,9.442,10.4313,0.5624,3.3744,1,10.4288,1,56.326,107.2431,r2_measured_02101,update,measured,45.8947,1.5849,1,16.4207,0.628,20.0951,ok,0.3279
14.0381,674,,,0.5117,,,,,,15.6183,r2_measured_02102,read,measured,,,,,0.6456,,ok,0.3503
13.8872,507,,,0.4282,,,,,,15.297,r2_measured_02103,read,measured,,,,,0.584,,ok,0.3362
14.1386,689,,,0.5744,,,,,,15.7832,r2_measured_02104,read,measured,,,,,0.61,,ok,0.3947
14.0734,416,,,0.2601,,,,,,15.2368,r2_measured_02105,read,measured,,,,,0.5356,,ok,0.3132
16.9807,568,,,0.479,,,,,,18.4232,r2_measured_02106,read,measured,,,,,0.5643,,ok,0.3371
12.4494,369,,,0.2267,,,,,,13.5289,r2_measured_02107,read,measured,,,,,0.4885,,ok,0.3127
13.9233,566,,,0.5221,,,,,,15.4648,r2_measured_02108,read,measured,,,,,0.5918,,ok,0.3602
123.7128,679,18.3265,11.9473,0.6771,3.0575,1,11.9456,1,59.0192,125.6476,r2_measured_02109,update,measured,47.0719,1.9348,1,15.5048,0.773,27.8048,ok,0.4046
11.749,369,,,0.2471,,,,,,12.9207,r2_measured_02110,read,measured,,,,,0.474,,ok,0.3949
17.3766,661,,,0.4951,,,,,,18.8679,r2_measured_02111,read,measured,,,,,0.594,,ok,0.3364
14.8797,565,,,0.6259,,,,,,16.7935,r2_measured_02112,read,measured,,,,,0.7499,,ok,0.4532
12.668,688,,,0.6126,,,,,,14.4172,r2_measured_02113,read,measured,,,,,0.707,,ok,0.3563
13.8726,568,,,0.5292,,,,,,15.4471,r2_measured_02114,read,measured,,,,,0.594,,ok,0.3844
13.4331,369,,,0.2457,,,,,,14.6432,r2_measured_02115,read,measured,,,,,0.5371,,ok,0.372
13.8512,628,,,0.4804,,,,,,15.2485,r2_measured_02116,read,measured,,,,,0.5421,,ok,0.3152
14.0013,417,,,0.281,,,,,,15.2754,r2_measured_02117,read,measured,,,,,0.5713,,ok,0.3612
13.9626,509,,,0.4208,,,,,,15.2521,r2_measured_02118,read,measured,,,,,0.4891,,ok,0.3245
15.4294,629,,,0.6227,,,,,,17.3646,r2_measured_02119,read,measured,,,,,0.8004,,ok,0.4248
12.9569,679,,,0.6908,,,,,,15.0509,r2_measured_02120,read,measured,,,,,0.851,,ok,0.4577
13.7472,680,,,0.6151,,,,,,15.6046,r2_measured_02121,read,measured,,,,,0.7164,,ok,0.4366
12.9099,418,,,0.2579,,,,,,14.0758,r2_measured_02122,read,measured,,,,,0.4997,,ok,0.3509
14.3209,568,,,0.6822,,,,,,16.3989,r2_measured_02123,read,measured,,,,,0.7935,,ok,0.5023
17.1588,689,,,0.8622,,,,,,19.7522,r2_measured_02124,read,measured,,,,,1.0765,,ok,0.5476
8.8147,505,,,0.5946,,,,,,10.673,r2_measured_02125,read,measured,,,,,0.6954,,ok,0.4869
14.8329,629,,,0.6804,,,,,,17.047,r2_measured_02126,read,measured,,,,,0.9485,,ok,0.4925
11.8797,681,,,0.5953,,,,,,13.6977,r2_measured_02127,read,measured,,,,,0.7233,,ok,0.4184
13.8038,681,,,0.4979,,,,,,15.3536,r2_measured_02128,read,measured,,,,,0.6744,,ok,0.3121
12.7063,679,,,0.4827,,,,,,14.1332,r2_measured_02129,read,measured,,,,,0.547,,ok,0.3354
15.1094,681,,,0.5559,,,,,,16.6903,r2_measured_02130,read,measured,,,,,0.6488,,ok,0.3066
17.4105,679,,,0.5386,,,,,,18.9295,r2_measured_02131,read,measured,,,,,0.5987,,ok,0.3175
20.201,369,,,0.2344,,,,,,21.2641,r2_measured_02132,read,measured,,,,,0.4779,,ok,0.3018
8.313,663,,,0.5179,,,,,,9.785,r2_measured_02133,read,measured,,,,,0.539,,ok,0.3495
12.4766,369,,,0.2302,,,,,,13.5815,r2_measured_02134,read,measured,,,,,0.5014,,ok,0.3205
16.7249,672,,,0.5705,,,,,,18.2741,r2_measured_02135,read,measured,,,,,0.6026,,ok,0.309
11.0205,681,,,0.4939,,,,,,12.5564,r2_measured_02136,read,measured,,,,,0.6626,,ok,0.3123
11.672,680,,,0.5329,,,,,,13.2281,r2_measured_02137,read,measured,,,,,0.5828,,ok,0.3759
14.7454,624,,,0.5341,,,,,,16.261,r2_measured_02138,read,measured,,,,,0.5642,,ok,0.3466
15.58,679,,,0.5704,,,,,,17.2781,r2_measured_02139,read,measured,,,,,0.6584,,ok,0.3912
120.7462,419,16.0399,11.8992,0.298,1.5421,1,11.8972,1,56.6161,122.1643,r2_measured_02140,update,measured,44.7169,1.4181,1,30.7855,0.652,15.7626,ok,0.4019
13.2784,681,,,0.6376,,,,,,15.1985,r2_measured_02141,read,measured,,,,,0.7382,,ok,0.4592
13.9628,689,,,0.5766,,,,,,15.713,r2_measured_02142,read,measured,,,,,0.7225,,ok,0.3482
12.1361,417,,,0.2901,,,,,,13.3876,r2_measured_02143,read,measured,,,,,0.572,,ok,0.3386
17.189,689,,,0.6659,,,,,,19.3025,r2_measured_02144,read,measured,,,,,0.8055,,ok,0.5463
11.469,565,,,0.5596,,,,,,13.1668,r2_measured_02145,read,measured,,,,,0.6492,,ok,0.4195
15.1601,686,,,0.7289,,,,,,17.367,r2_measured_02146,read,measured,,,,,0.8206,,ok,0.5503
12.3823,508,,,0.4772,,,,,,13.8492,r2_measured_02147,read,measured,,,,,0.5966,,ok,0.3349
13.5677,418,,,0.3011,,,,,,14.8744,r2_measured_02148,read,measured,,,,,0.5732,,ok,0.3744
15.8721,661,,,0.6729,,,,,,18.054,r2_measured_02149,read,measured,,,,,0.9097,,ok,0.5126
13.7812,675,,,0.6561,,,,,,15.7061,r2_measured_02150,read,measured,,,,,0.7076,,ok,0.4758
12.8448,681,,,0.7378,,,,,,14.9359,r2_measured_02151,read,measured,,,,,0.8959,,ok,0.3792
11.2914,627,,,0.4627,,,,,,12.7494,r2_measured_02152,read,measured,,,,,0.6081,,ok,0.3264
14.838,567,,,0.5436,,,,,,16.4545,r2_measured_02153,read,measured,,,,,0.642,,ok,0.3535
13.762,689,,,0.6127,,,,,,15.4206,r2_measured_02154,read,measured,,,,,0.6513,,ok,0.3211
13.1355,509,,,0.4288,,,,,,14.5759,r2_measured_02155,read,measured,,,,,0.6295,,ok,0.3175
110.0331,627,14.9515,11.7655,0.5777,2.2916,1,11.7637,1,71.5923,111.6231,r2_measured_02156,update,measured,59.8268,1.59,1,3.0262,0.6115,18.1715,ok,0.3294
12.9229,628,,,0.6903,,,,,,14.7404,r2_measured_02157,read,measured,,,,,0.6542,,ok,0.3901
90.854,417,17.9171,9.3025,0.3088,1.7549,1,9.3005,1,55.5228,92.2499,r2_measured_02158,update,measured,46.2203,1.3959,1,0.0047,0.5315,15.6545,ok,0.4899
15.9566,626,,,0.5481,,,,,,17.5349,r2_measured_02159,read,measured,,,,,0.6076,,ok,0.3534
14.7334,419,,,0.2213,,,,,,15.7617,r2_measured_02160,read,measured,,,,,0.471,,ok,0.2882
25.4424,688,,,0.5645,,,,,,27.0769,r2_measured_02161,read,measured,,,,,0.6707,,ok,0.3338
15.9314,628,,,0.6215,,,,,,17.9356,r2_measured_02162,read,measured,,,,,0.8394,,ok,0.4519
11.5736,419,,,0.278,,,,,,12.913,r2_measured_02163,read,measured,,,,,0.5973,,ok,0.4048
14.431,628,,,0.7915,,,,,,16.5899,r2_measured_02164,read,measured,,,,,0.7854,,ok,0.485
106.7124,418,16.2164,11.0117,0.5088,3.108,1,11.0088,1,56.4701,109.078,r2_measured_02165,update,measured,45.4584,2.3656,1,15.3709,0.9379,15.547,ok,0.7919
13.3123,680,,,0.8111,,,,,,15.5469,r2_measured_02166,read,measured,,,,,0.8351,,ok,0.4849
13.0225,628,,,0.6387,,,,,,14.9042,r2_measured_02167,read,measured,,,,,0.7709,,ok,0.3847
9.99,628,,,0.51,,,,,,11.5557,r2_measured_02168,read,measured,,,,,0.6258,,ok,0.3645
13.2239,567,,,0.5567,,,,,,14.8656,r2_measured_02169,read,measured,,,,,0.5937,,ok,0.4097
14.2001,417,,,0.3244,,,,,,15.6456,r2_measured_02170,read,measured,,,,,0.644,,ok,0.412
108.5867,509,9.1163,12.664,0.5141,1.8026,0,12.6622,1,60.3041,110.1624,r2_measured_02171,update,measured,47.6401,1.5757,1,15.3421,0.5391,22.0216,ok,0.3117
13.6951,689,,,0.5301,,,,,,15.2712,r2_measured_02172,read,measured,,,,,0.6435,,ok,0.329
13.5919,689,,,0.5468,,,,,,15.2427,r2_measured_02173,read,measured,,,,,0.7108,,ok,0.3294
14.6374,680,,,0.5381,,,,,,16.241,r2_measured_02174,read,measured,,,,,0.66,,ok,0.336
12.3051,689,,,0.5668,,,,,,13.9589,r2_measured_02175,read,measured,,,,,0.6127,,ok,0.4034
13.7048,678,,,0.6631,,,,,,15.7523,r2_measured_02176,read,measured,,,,,0.8631,,ok,0.4318
14.0315,679,,,0.6386,,,,,,16.0202,r2_measured_02177,read,measured,,,,,0.7759,,ok,0.4842
13.2167,663,,,0.5279,,,,,,14.8513,r2_measured_02178,read,measured,,,,,0.6651,,ok,0.3683
13.3704,679,,,0.5748,,,,,,15.1132,r2_measured_02179,read,measured,,,,,0.7229,,ok,0.3598
154.7012,369,15.5343,11.0921,0.2594,1.3161,1,11.0902,1,59.0546,155.905,r2_measured_02180,update,measured,47.9625,1.2038,1,0.0076,0.479,78.7886,ok,0.4058
12.449,680,,,0.5955,,,,,,14.2106,r2_measured_02181,read,measured,,,,,0.6702,,ok,0.4222
122.4441,675,17.4749,10.9933,0.5799,2.5167,1,10.9915,1,58.3364,124.2011,r2_measured_02182,update,measured,47.3431,1.757,1,19.4396,0.684,24.6765,ok,0.4091
13.1324,680,,,0.5412,,,,,,14.7717,r2_measured_02183,read,measured,,,,,0.6359,,ok,0.3903
14.2409,509,,,0.5178,,,,,,15.9266,r2_measured_02184,read,measured,,,,,0.674,,ok,0.4219
14.0205,681,,,0.6601,,,,,,16.0703,r2_measured_02185,read,measured,,,,,0.7522,,ok,0.5128
15.8451,509,,,0.5304,,,,,,17.5036,r2_measured_02186,read,measured,,,,,0.7216,,ok,0.3404
10.4846,368,,,0.2671,,,,,,11.6454,r2_measured_02187,read,measured,,,,,0.4781,,ok,0.3651
16.5699,681,,,0.6998,,,,,,18.647,r2_measured_02188,read,measured,,,,,0.8688,,ok,0.403
11.7316,566,,,0.6543,,,,,,13.533,r2_measured_02189,read,measured,,,,,0.6743,,ok,0.3975
106.7149,417,9.9247,12.808,0.2688,1.4665,1,12.8064,1,57.6094,107.9754,r2_measured_02190,update,measured,44.8014,1.2605,1,17.6443,0.5303,20.07,ok,0.3944
16.0844,679,,,0.6705,,,,,,18.1664,r2_measured_02191,read,measured,,,,,0.8139,,ok,0.4992
11.1302,419,,,0.2674,,,,,,12.3215,r2_measured_02192,read,measured,,,,,0.51,,ok,0.3581
15.0504,687,,,0.658,,,,,,17.1551,r2_measured_02193,read,measured,,,,,0.9319,,ok,0.4277
12.6757,628,,,0.6529,,,,,,14.6183,r2_measured_02194,read,measured,,,,,0.7633,,ok,0.4448
14.4137,628,,,0.7669,,,,,,16.4969,r2_measured_02195,read,measured,,,,,0.7561,,ok,0.4688
13.5281,509,,,0.5572,,,,,,15.4518,r2_measured_02196,read,measured,,,,,0.761,,ok,0.5269
11.4397,509,,,0.5324,,,,,,13.1576,r2_measured_02197,read,measured,,,,,0.6193,,ok,0.476
21.3073,627,,,0.5543,,,,,,22.8154,r2_measured_02198,read,measured,,,,,0.5794,,ok,0.3122
9.8313,509,,,0.4903,,,,,,11.3561,r2_measured_02199,read,measured,,,,,0.5483,,ok,0.4216
11.2294,567,,,0.473,,,,,,12.6498,r2_measured_02200,read,measured,,,,,0.5615,,ok,0.3245
15.26,688,,,0.7377,,,,,,17.3075,r2_measured_02201,read,measured,,,,,0.7988,,ok,0.4286
120.216,418,9.5524,10.8414,0.2964,1.6372,0,10.8394,1,58.7043,121.4818,r2_measured_02202,update,measured,47.8629,1.2658,1,30.0807,0.536,20.2414,ok,0.3753
16.1135,369,,,0.3655,,,,,,17.9092,r2_measured_02203,read,measured,,,,,0.6861,,ok,0.6509
12.7343,680,,,0.5306,,,,,,14.3283,r2_measured_02204,read,measured,,,,,0.664,,ok,0.321
15.8306,681,,,0.5334,,,,,,17.5219,r2_measured_02205,read,measured,,,,,0.7057,,ok,0.3607
11.0282,419,,,0.3191,,,,,,12.4282,r2_measured_02206,read,measured,,,,,0.5544,,ok,0.4614
14.7275,688,,,0.6697,,,,,,16.5185,r2_measured_02207,read,measured,,,,,0.6924,,ok,0.3553
13.1875,681,,,0.6087,,,,,,14.9009,r2_measured_02208,read,measured,,,,,0.7047,,ok,0.324
13.9281,680,,,0.621,,,,,,15.7431,r2_measured_02209,read,measured,,,,,0.7201,,ok,0.393
13.4103,567,,,0.4896,,,,,,14.9491,r2_measured_02210,read,measured,,,,,0.6567,,ok,0.3239
14.1078,662,,,0.6116,,,,,,15.9363,r2_measured_02211,read,measured,,,,,0.7201,,ok,0.4138
15.4364,686,,,0.6305,,,,,,17.3427,r2_measured_02212,read,measured,,,,,0.7427,,ok,0.4369
13.139,675,,,0.5946,,,,,,14.9148,r2_measured_02213,read,measured,,,,,0.7202,,ok,0.3856
12.2494,369,,,0.2441,,,,,,13.3611,r2_measured_02214,read,measured,,,,,0.4821,,ok,0.3252
15.5307,507,,,0.5936,,,,,,17.2848,r2_measured_02215,read,measured,,,,,0.6921,,ok,0.393
16.1338,661,,,0.6958,,,,,,18.3975,r2_measured_02216,read,measured,,,,,1.0218,,ok,0.4456
16.9971,369,,,0.3103,,,,,,18.3478,r2_measured_02217,read,measured,,,,,0.5737,,ok,0.4072
14.7297,680,,,0.593,,,,,,16.3401,r2_measured_02218,read,measured,,,,,0.6206,,ok,0.3191
11.7222,680,,,0.4949,,,,,,13.2027,r2_measured_02219,read,measured,,,,,0.6045,,ok,0.3147
11.1975,688,,,0.8521,,,,,,13.5934,r2_measured_02220,read,measured,,,,,0.8948,,ok,0.5343
15.0949,680,,,0.761,,,,,,17.5198,r2_measured_02221,read,measured,,,,,0.9599,,ok,0.556
11.6034,680,,,0.6966,,,,,,13.6527,r2_measured_02222,read,measured,,,,,0.7746,,ok,0.4718
13.5521,568,,,0.6793,,,,,,15.5492,r2_measured_02223,read,measured,,,,,0.7707,,ok,0.452
12.8892,681,,,0.5079,,,,,,14.4139,r2_measured_02224,read,measured,,,,,0.6262,,ok,0.3201
14.9963,624,,,0.6432,,,,,,17.0044,r2_measured_02225,read,measured,,,,,0.8464,,ok,0.4362
12.5036,418,,,0.371,,,,,,14.1913,r2_measured_02226,read,measured,,,,,0.6847,,ok,0.5555
13.9415,628,,,0.5179,,,,,,15.4809,r2_measured_02227,read,measured,,,,,0.6204,,ok,0.3262
12.9274,689,,,0.5539,,,,,,14.5386,r2_measured_02228,read,measured,,,,,0.6627,,ok,0.3235
14.4988,675,,,0.5528,,,,,,16.1294,r2_measured_02229,read,measured,,,,,0.67,,ok,0.322
108.7695,566,11.128,11.6226,0.4452,2.0977,1,11.6201,1,59.117,110.1386,r2_measured_02230,update,measured,47.4944,1.3691,1,14.267,0.542,22.1598,ok,0.3255
11.9652,680,,,0.6014,,,,,,13.6265,r2_measured_02231,read,measured,,,,,0.6402,,ok,0.3534
12.5159,680,,,0.5588,,,,,,14.2361,r2_measured_02232,read,measured,,,,,0.69,,ok,0.3983
13.7553,681,,,0.6989,,,,,,15.5558,r2_measured_02233,read,measured,,,,,0.6757,,ok,0.353
22.1649,675,,,1.0482,,,,,,24.7692,r2_measured_02234,read,measured,,,,,0.5989,,ok,0.8882
5.5042,686,,,0.4747,,,,,,6.9417,r2_measured_02235,read,measured,,,,,0.5938,,ok,0.3117
14.1875,688,,,0.6041,,,,,,15.9316,r2_measured_02236,read,measured,,,,,0.7189,,ok,0.3527
13.5375,419,,,0.2846,,,,,,14.9118,r2_measured_02237,read,measured,,,,,0.5959,,ok,0.3675
12.8134,509,,,0.6013,,,,,,14.5085,r2_measured_02238,read,measured,,,,,0.6596,,ok,0.3627
13.8797,628,,,0.5414,,,,,,15.5955,r2_measured_02239,read,measured,,,,,0.7011,,ok,0.397
13.582,567,,,0.5085,,,,,,15.1128,r2_measured_02240,read,measured,,,,,0.6063,,ok,0.3381
13.4115,675,,,0.6129,,,,,,15.1428,r2_measured_02241,read,measured,,,,,0.5957,,ok,0.4445
14.2281,675,,,0.5648,,,,,,15.8807,r2_measured_02242,read,measured,,,,,0.6647,,ok,0.3442
13.6618,368,,,0.2758,,,,,,14.7481,r2_measured_02243,read,measured,,,,,0.3919,,ok,0.3634
13.1624,369,,,0.2385,,,,,,14.3144,r2_measured_02244,read,measured,,,,,0.5223,,ok,0.3413
20.1914,628,,,0.5276,,,,,,21.7712,r2_measured_02245,read,measured,,,,,0.6379,,ok,0.344
14.9887,627,,,0.604,,,,,,16.7831,r2_measured_02246,read,measured,,,,,0.7086,,ok,0.4059
9.5616,568,,,0.5384,,,,,,11.1105,r2_measured_02247,read,measured,,,,,0.5903,,ok,0.3562
16.413,627,,,0.5858,,,,,,18.2782,r2_measured_02248,read,measured,,,,,0.8124,,ok,0.3944
14.0043,626,,,0.533,,,,,,15.5915,r2_measured_02249,read,measured,,,,,0.6332,,ok,0.3525
13.4097,628,,,0.5797,,,,,,15.0631,r2_measured_02250,read,measured,,,,,0.6299,,ok,0.3726
10.7941,628,,,0.5546,,,,,,12.4348,r2_measured_02251,read,measured,,,,,0.6577,,ok,0.3553
14.6705,509,,,0.4573,,,,,,16.2403,r2_measured_02252,read,measured,,,,,0.7281,,ok,0.3231
13.3634,680,,,0.6057,,,,,,15.0767,r2_measured_02253,read,measured,,,,,0.6579,,ok,0.3731
12.6697,509,,,0.607,,,,,,14.4955,r2_measured_02254,read,measured,,,,,0.6854,,ok,0.4533
12.3665,419,,,0.3284,,,,,,13.7983,r2_measured_02255,read,measured,,,,,0.6359,,ok,0.3994
14.8296,369,,,0.2518,,,,,,15.9814,r2_measured_02256,read,measured,,,,,0.4912,,ok,0.3535
15.1722,662,,,0.5988,,,,,,16.8097,r2_measured_02257,read,measured,,,,,0.6371,,ok,0.3359
12.89,419,,,0.2747,,,,,,14.0698,r2_measured_02258,read,measured,,,,,0.5578,,ok,0.2964
15.365,689,,,0.521,,,,,,16.8211,r2_measured_02259,read,measured,,,,,0.5517,,ok,0.3202
13.7744,418,,,0.3565,,,,,,15.3889,r2_measured_02260,read,measured,,,,,0.7126,,ok,0.473
15.0525,507,,,0.6577,,,,,,17.1454,r2_measured_02261,read,measured,,,,,0.8197,,ok,0.5237
13.5754,672,,,0.6704,,,,,,15.7153,r2_measured_02262,read,measured,,,,,0.9489,,ok,0.4297
11.7051,568,,,0.6836,,,,,,13.855,r2_measured_02263,read,measured,,,,,0.8717,,ok,0.5025
16.5698,681,,,0.7467,,,,,,18.9297,r2_measured_02264,read,measured,,,,,0.9894,,ok,0.509
12.2585,679,,,0.8147,,,,,,14.5648,r2_measured_02265,read,measured,,,,,0.9238,,ok,0.4789
14.2078,687,,,0.7585,,,,,,16.4229,r2_measured_02266,read,measured,,,,,0.8598,,ok,0.4976
10.5578,681,,,0.645,,,,,,12.4684,r2_measured_02267,read,measured,,,,,0.7735,,ok,0.4056
13.5827,567,,,0.87,,,,,,16.2927,r2_measured_02268,read,measured,,,,,1.0936,,ok,0.6335
11.856,567,,,0.5685,,,,,,13.6911,r2_measured_02269,read,measured,,,,,0.721,,ok,0.4643
11.9914,681,,,0.7644,,,,,,14.241,r2_measured_02270,read,measured,,,,,0.9215,,ok,0.4713
13.7895,509,,,0.6237,,,,,,15.7768,r2_measured_02271,read,measured,,,,,0.7578,,ok,0.5218
12.7356,417,,,0.3151,,,,,,14.2272,r2_measured_02272,read,measured,,,,,0.6499,,ok,0.4552
12.5058,568,,,0.4929,,,,,,16.0305,r2_measured_02273,read,measured,,,,,0.6295,,ok,2.3329
12.7705,688,,,0.4998,,,,,,14.4385,r2_measured_02274,read,measured,,,,,0.7616,,ok,0.3159
13.4457,628,,,0.6143,,,,,,15.3515,r2_measured_02275,read,measured,,,,,0.7499,,ok,0.4548
13.2546,369,,,0.3048,,,,,,14.6838,r2_measured_02276,read,measured,,,,,0.6159,,ok,0.4435
15.7724,679,,,0.755,,,,,,17.9407,r2_measured_02277,read,measured,,,,,0.7698,,ok,0.5226
12.748,675,,,0.6725,,,,,,14.7321,r2_measured_02278,read,measured,,,,,0.7858,,ok,0.4381
15.1174,566,,,0.6779,,,,,,17.3433,r2_measured_02279,read,measured,,,,,0.869,,ok,0.5731
12.6914,663,,,0.6727,,,,,,14.736,r2_measured_02280,read,measured,,,,,0.7764,,ok,0.4998
11.8657,678,,,0.7931,,,,,,14.2277,r2_measured_02281,read,measured,,,,,0.9603,,ok,0.4966
11.2944,369,,,0.2838,,,,,,12.729,r2_measured_02282,read,measured,,,,,0.6346,,ok,0.4458
15.8706,681,,,0.8306,,,,,,18.2823,r2_measured_02283,read,measured,,,,,0.9892,,ok,0.4876
11.1769,627,,,0.6375,,,,,,13.1073,r2_measured_02284,read,measured,,,,,0.7662,,ok,0.4457
12.9067,509,,,0.6481,,,,,,14.8798,r2_measured_02285,read,measured,,,,,0.7623,,ok,0.4824
13.7812,687,,,0.5814,,,,,,15.5277,r2_measured_02286,read,measured,,,,,0.7388,,ok,0.3482
12.8744,674,,,0.5872,,,,,,14.6361,r2_measured_02287,read,measured,,,,,0.7402,,ok,0.3648
16.6569,660,,,0.6549,,,,,,18.7846,r2_measured_02288,read,measured,,,,,0.9649,,ok,0.4058
9.5297,418,,,0.3326,,,,,,10.9518,r2_measured_02289,read,measured,,,,,0.5938,,ok,0.4295
17.7697,680,,,0.7509,,,,,,20.1306,r2_measured_02290,read,measured,,,,,1.0274,,ok,0.4767
9.9688,681,,,0.6435,,,,,,11.8201,r2_measured_02291,read,measured,,,,,0.7291,,ok,0.3811
15.1109,675,,,0.948,,,,,,17.9212,r2_measured_02292,read,measured,,,,,1.1383,,ok,0.6065
102.8292,628,10.6096,9.2544,0.5103,1.9234,0,9.252,1,70.5477,104.392,r2_measured_02293,update,measured,61.2933,1.5628,1,0.0079,0.5949,19.7406,ok,0.3746
12.7063,509,,,0.441,,,,,,14.0033,r2_measured_02294,read,measured,,,,,0.4861,,ok,0.3132
14.8276,417,,,0.2977,,,,,,16.2058,r2_measured_02295,read,measured,,,,,0.6116,,ok,0.4041
14.2374,680,,,0.7269,,,,,,16.3372,r2_measured_02296,read,measured,,,,,0.8239,,ok,0.4595
13.9105,566,,,0.7515,,,,,,16.1066,r2_measured_02297,read,measured,,,,,0.8182,,ok,0.5304
12.6333,674,,,0.4758,,,,,,14.0615,r2_measured_02298,read,measured,,,,,0.5653,,ok,0.325
15.1511,674,,,0.6495,,,,,,17.1551,r2_measured_02299,read,measured,,,,,0.758,,ok,0.5047
14.7598,629,,,0.5838,,,,,,16.613,r2_measured_02300,read,measured,,,,,0.7195,,ok,0.4682
10.1594,368,,,0.2178,,,,,,11.2657,r2_measured_02301,read,measured,,,,,0.4886,,ok,0.3534
17.4007,681,,,0.6263,,,,,,19.3039,r2_measured_02302,read,measured,,,,,0.7532,,ok,0.4423
12.31,509,,,0.5252,,,,,,13.9054,r2_measured_02303,read,measured,,,,,0.5512,,ok,0.4488
16.6991,627,,,0.7874,,,,,,18.918,r2_measured_02304,read,measured,,,,,0.8304,,ok,0.5088
13.9842,681,,,0.7358,,,,,,16.2809,r2_measured_02305,read,measured,,,,,0.9607,,ok,0.4626
12.0253,568,,,0.7008,,,,,,14.1257,r2_measured_02306,read,measured,,,,,0.8323,,ok,0.4774
14.8402,679,,,0.7416,,,,,,17.0914,r2_measured_02307,read,measured,,,,,0.8647,,ok,0.5395
11.8983,419,,,0.3343,,,,,,13.4213,r2_measured_02308,read,measured,,,,,0.6463,,ok,0.4671
15.5739,419,,,0.4267,,,,,,17.2905,r2_measured_02309,read,measured,,,,,0.7537,,ok,0.4635
12.2694,686,,,0.875,,,,,,14.7855,r2_measured_02310,read,measured,,,,,1.0266,,ok,0.5068
12.781,681,,,0.7191,,,,,,14.9479,r2_measured_02311,read,measured,,,,,0.8537,,ok,0.4946
12.4703,689,,,0.644,,,,,,14.5569,r2_measured_02312,read,measured,,,,,0.8469,,ok,0.502
18.0707,567,,,0.5632,,,,,,19.8402,r2_measured_02313,read,measured,,,,,0.7065,,ok,0.4239
10.7937,686,,,0.5799,,,,,,12.6167,r2_measured_02314,read,measured,,,,,0.7703,,ok,0.3849
10.6617,678,,,0.4749,,,,,,12.281,r2_measured_02315,read,measured,,,,,0.7442,,ok,0.3353
13.6423,567,,,0.5437,,,,,,15.3909,r2_measured_02316,read,measured,,,,,0.7042,,ok,0.42
13.5635,419,,,0.2751,,,,,,14.8063,r2_measured_02317,read,measured,,,,,0.5829,,ok,0.3306
14.6654,662,,,0.5276,,,,,,16.2495,r2_measured_02318,read,measured,,,,,0.5717,,ok,0.4131
15.5706,368,,,0.2696,,,,,,16.7667,r2_measured_02319,read,measured,,,,,0.5333,,ok,0.3392
11.9858,628,,,0.602,,,,,,13.7878,r2_measured_02320,read,measured,,,,,0.7014,,ok,0.4238
18.0699,688,,,0.636,,,,,,20.0309,r2_measured_02321,read,measured,,,,,0.795,,ok,0.4432
9.835,688,,,0.7134,,,,,,11.9221,r2_measured_02322,read,measured,,,,,0.8063,,ok,0.4563
14.2496,661,,,0.7245,,,,,,16.4425,r2_measured_02323,read,measured,,,,,0.92,,ok,0.457
105.1464,625,5.7455,9.1594,0.4791,2.0579,1,9.1575,1,57.5188,106.5574,r2_measured_02324,update,measured,48.3594,1.411,1,14.7927,0.533,25.0315,ok,0.3364
12.535,417,,,0.2358,,,,,,13.6393,r2_measured_02325,read,measured,,,,,0.4806,,ok,0.3392
15.5098,628,,,0.6346,,,,,,17.3097,r2_measured_02326,read,measured,,,,,0.6994,,ok,0.3867
75.4052,369,,,0.2623,,,,,,76.6151,r2_measured_02327,read,measured,,,,,0.5208,,ok,0.3709
16.8308,627,,,0.5432,,,,,,18.3719,r2_measured_02328,read,measured,,,,,0.5687,,ok,0.3594
15.5915,509,,,0.5675,,,,,,17.4802,r2_measured_02329,read,measured,,,,,0.7188,,ok,0.5047
14.065,663,,,0.6342,,,,,,16.1168,r2_measured_02330,read,measured,,,,,0.8383,,ok,0.4582
108.4495,568,8.486,10.2759,0.4602,1.8253,0,10.2742,1,58.2224,109.9142,r2_measured_02331,update,measured,47.9465,1.4647,1,15.5588,0.5889,24.357,ok,0.351
12.0299,629,,,0.5522,,,,,,13.6473,r2_measured_02332,read,measured,,,,,0.6517,,ok,0.333
12.6427,680,,,0.4666,,,,,,14.1034,r2_measured_02333,read,measured,,,,,0.6057,,ok,0.3233
12.8696,680,,,0.5423,,,,,,14.4196,r2_measured_02334,read,measured,,,,,0.6002,,ok,0.3436
15.3884,689,,,0.6224,,,,,,17.3169,r2_measured_02335,read,measured,,,,,0.7911,,ok,0.4166
13.6566,625,,,0.6287,,,,,,15.6244,r2_measured_02336,read,measured,,,,,0.8538,,ok,0.4105
13.9006,369,,,0.3212,,,,,,15.3502,r2_measured_02337,read,measured,,,,,0.644,,ok,0.419
13.2561,680,,,0.7063,,,,,,15.1781,r2_measured_02338,read,measured,,,,,0.7285,,ok,0.4045
14.982,688,,,0.646,,,,,,16.8942,r2_measured_02339,read,measured,,,,,0.7989,,ok,0.3766
13.5771,629,,,0.507,,,,,,15.059,r2_measured_02340,read,measured,,,,,0.5859,,ok,0.3184
106.5748,687,8.2031,9.3404,0.6198,2.3627,1,9.3386,1,55.6125,108.4427,r2_measured_02341,update,measured,46.2721,1.8679,1,15.954,0.7318,24.4425,ok,0.4291
12.3673,567,,,0.5667,,,,,,14.2409,r2_measured_02342,read,measured,,,,,0.7957,,ok,0.4132
12.6356,369,,,0.2834,,,,,,14.0183,r2_measured_02343,read,measured,,,,,0.6166,,ok,0.4196
15.8694,628,,,0.6044,,,,,,17.753,r2_measured_02344,read,measured,,,,,0.7796,,ok,0.4181
12.3435,680,,,0.6017,,,,,,14.2357,r2_measured_02345,read,measured,,,,,0.7851,,ok,0.4289
14.4905,663,,,0.5753,,,,,,16.3614,r2_measured_02346,read,measured,,,,,0.8149,,ok,0.3977
12.6996,679,,,0.6075,,,,,,14.553,r2_measured_02347,read,measured,,,,,0.7564,,ok,0.4043
122.6657,687,18.2276,10.5558,0.7756,2.2107,1,10.554,1,58.6325,124.7118,r2_measured_02348,update,measured,48.0767,2.0461,1,15.9171,0.764,27.6778,ok,0.425
13.2665,419,,,0.3155,,,,,,14.7053,r2_measured_02349,read,measured,,,,,0.5698,,ok,0.4854
14.5262,662,,,0.5818,,,,,,16.3844,r2_measured_02350,read,measured,,,,,0.7955,,ok,0.4024
17.0578,663,,,0.7742,,,,,,19.4736,r2_measured_02351,read,measured,,,,,1.0551,,ok,0.491
7.595,507,,,0.543,,,,,,9.2108,r2_measured_02352,read,measured,,,,,0.6328,,ok,0.3754
12.6881,679,,,0.6222,,,,,,14.6133,r2_measured_02353,read,measured,,,,,0.7671,,ok,0.4431
14.146,418,,,0.3605,,,,,,15.6995,r2_measured_02354,read,measured,,,,,0.6781,,ok,0.4459
13.7261,672,,,0.7065,,,,,,15.7774,r2_measured_02355,read,measured,,,,,0.8051,,ok,0.4518
15.1453,628,,,0.6316,,,,,,17.124,r2_measured_02356,read,measured,,,,,0.8424,,ok,0.4197
10.9371,674,,,0.5291,,,,,,12.4082,r2_measured_02357,read,measured,,,,,0.5481,,ok,0.3302
14.7497,629,,,0.509,,,,,,16.471,r2_measured_02358,read,measured,,,,,0.8077,,ok,0.3341
14.0819,628,,,0.4791,,,,,,15.5956,r2_measured_02359,read,measured,,,,,0.6511,,ok,0.3245
14.5801,566,,,0.5355,,,,,,16.1384,r2_measured_02360,read,measured,,,,,0.6288,,ok,0.3302
12.7934,505,,,0.4151,,,,,,14.189,r2_measured_02361,read,measured,,,,,0.5544,,ok,0.365
15.9738,509,,,0.452,,,,,,17.4212,r2_measured_02362,read,measured,,,,,0.5405,,ok,0.3886
30.9835,681,,,0.7753,,,,,,33.0208,r2_measured_02363,read,measured,,,,,0.7817,,ok,0.3989
13.0145,417,,,0.4449,,,,,,14.9207,r2_measured_02364,read,measured,,,,,0.8397,,ok,0.5356
13.422,675,,,0.9723,,,,,,16.1646,r2_measured_02365,read,measured,,,,,1.0325,,ok,0.6366
12.3742,681,,,0.7721,,,,,,14.6242,r2_measured_02366,read,measured,,,,,0.9046,,ok,0.4792
14.9368,679,,,0.7155,,,,,,16.9561,r2_measured_02367,read,measured,,,,,0.7868,,ok,0.4322
10.6337,689,,,0.6321,,,,,,12.7988,r2_measured_02368,read,measured,,,,,1.0455,,ok,0.4023
11.803,689,,,0.4875,,,,,,13.2564,r2_measured_02369,read,measured,,,,,0.5866,,ok,0.3143
14.4213,680,,,0.839,,,,,,16.6598,r2_measured_02370,read,measured,,,,,0.8404,,ok,0.4651
12.6915,680,,,0.6131,,,,,,14.6179,r2_measured_02371,read,measured,,,,,0.7603,,ok,0.4674
18.8046,687,,,0.7457,,,,,,21.0122,r2_measured_02372,read,measured,,,,,0.9767,,ok,0.4031
7.7454,689,,,0.5618,,,,,,9.2853,r2_measured_02373,read,measured,,,,,0.5946,,ok,0.3174
13.1421,417,,,0.2678,,,,,,14.3333,r2_measured_02374,read,measured,,,,,0.5273,,ok,0.345
15.4603,628,,,0.6269,,,,,,17.3002,r2_measured_02375,read,measured,,,,,0.719,,ok,0.4024
13.9967,567,,,0.7052,,,,,,16.0263,r2_measured_02376,read,measured,,,,,0.778,,ok,0.4608
13.9504,679,,,0.7251,,,,,,16.0934,r2_measured_02377,read,measured,,,,,0.8323,,ok,0.4941
105.9797,689,6.148,11.3214,0.5937,2.2647,1,11.3195,1,58.2074,107.6115,r2_measured_02378,update,measured,46.886,1.6318,1,14.0005,0.5974,25.3591,ok,0.3655
13.5608,681,,,0.5399,,,,,,15.163,r2_measured_02379,read,measured,,,,,0.6804,,ok,0.3162
11.0973,509,,,0.4151,,,,,,12.399,r2_measured_02380,read,measured,,,,,0.4884,,ok,0.3442
15.3722,680,,,0.54,,,,,,16.984,r2_measured_02381,read,measured,,,,,0.6428,,ok,0.3641
13.0473,627,,,0.4403,,,,,,14.5398,r2_measured_02382,read,measured,,,,,0.6849,,ok,0.3096
14.902,688,,,0.5863,,,,,,16.7784,r2_measured_02383,read,measured,,,,,0.8028,,ok,0.4109
123.9429,662,6.3005,15.4471,0.6034,2.7354,1,15.4453,1,65.7284,125.6684,r2_measured_02384,update,measured,50.2813,1.7255,1,26.2496,0.6641,22.929,ok,0.3871
22.1729,509,,,0.5055,,,,,,23.6165,r2_measured_02385,read,measured,,,,,0.532,,ok,0.3477
4.3828,568,,,0.4577,,,,,,5.7258,r2_measured_02386,read,measured,,,,,0.5279,,ok,0.3053
20.0972,419,,,0.261,,,,,,21.3346,r2_measured_02387,read,measured,,,,,0.4915,,ok,0.4261
7.4115,687,,,0.5459,,,,,,8.9668,r2_measured_02388,read,measured,,,,,0.6184,,ok,0.3248
13.3514,689,,,0.5048,,,,,,14.8734,r2_measured_02389,read,measured,,,,,0.6122,,ok,0.344
15.1892,688,,,0.5882,,,,,,16.9682,r2_measured_02390,read,measured,,,,,0.7045,,ok,0.4126
13.4433,689,,,0.4845,,,,,,14.8763,r2_measured_02391,read,measured,,,,,0.5555,,ok,0.3295
13.0451,418,,,0.2523,,,,,,14.1956,r2_measured_02392,read,measured,,,,,0.5049,,ok,0.3389
14.3747,626,,,0.5101,,,,,,15.9274,r2_measured_02393,read,measured,,,,,0.6292,,ok,0.3475
15.117,689,,,0.5314,,,,,,16.7491,r2_measured_02394,read,measured,,,,,0.6737,,ok,0.3157
13.6649,663,,,0.4505,,,,,,15.0634,r2_measured_02395,read,measured,,,,,0.5609,,ok,0.3264
14.8564,663,,,0.5168,,,,,,16.391,r2_measured_02396,read,measured,,,,,0.6074,,ok,0.3453
13.5816,674,,,0.6764,,,,,,15.5874,r2_measured_02397,read,measured,,,,,0.7655,,ok,0.4793
13.1875,419,,,0.287,,,,,,14.4675,r2_measured_02398,read,measured,,,,,0.5688,,ok,0.3617
14.8874,688,,,0.7518,,,,,,17.1269,r2_measured_02399,read,measured,,,,,0.883,,ok,0.5125
15.3806,627,,,0.8924,,,,,,18.0081,r2_measured_02400,read,measured,,,,,1.0339,,ok,0.5878
12.0808,419,,,0.2972,,,,,,13.4445,r2_measured_02401,read,measured,,,,,0.598,,ok,0.3949
25.8173,568,,,0.5841,,,,,,27.4884,r2_measured_02402,read,measured,,,,,0.6083,,ok,0.4133
18.8932,566,,,0.9041,,,,,,21.6102,r2_measured_02403,read,measured,,,,,1.0913,,ok,0.6044
14.9183,681,,,0.8654,,,,,,17.531,r2_measured_02404,read,measured,,,,,1.0871,,ok,0.5381
12.9567,675,,,0.5908,,,,,,14.5117,r2_measured_02405,read,measured,,,,,0.5829,,ok,0.3175
10.4212,628,,,0.64,,,,,,12.5286,r2_measured_02406,read,measured,,,,,0.8477,,ok,0.5248
12.4244,663,,,0.7536,,,,,,14.6259,r2_measured_02407,read,measured,,,,,0.8008,,ok,0.5479
13.0859,419,,,0.3376,,,,,,14.6291,r2_measured_02408,read,measured,,,,,0.6513,,ok,0.4642
106.2672,568,5.0427,10.6753,0.4787,2.0737,1,10.6729,1,62.4249,107.6333,r2_measured_02409,update,measured,51.7496,1.3661,1,0.0106,0.5231,36.7153,ok,0.3083
14.4581,628,,,0.5797,,,,,,16.0475,r2_measured_02410,read,measured,,,,,0.5682,,ok,0.3707
14.8946,680,,,0.5852,,,,,,16.687,r2_measured_02411,read,measured,,,,,0.7694,,ok,0.3631
107.9407,689,13.1806,11.2515,0.4975,2.5497,1,11.2497,1,57.1509,109.4429,r2_measured_02412,update,measured,45.8994,1.5022,1,14.8206,0.6278,20.2389,ok,0.3079
16.1641,628,,,0.4682,,,,,,17.6312,r2_measured_02413,read,measured,,,,,0.605,,ok,0.3283
8.8235,687,,,0.5476,,,,,,10.3971,r2_measured_02414,read,measured,,,,,0.6377,,ok,0.3249
15.6501,680,,,0.8185,,,,,,17.9361,r2_measured_02415,read,measured,,,,,0.8656,,ok,0.5038
13.1444,680,,,0.6412,,,,,,15.0485,r2_measured_02416,read,measured,,,,,0.7315,,ok,0.4482
13.4043,419,,,0.4057,,,,,,15.2024,r2_measured_02417,read,measured,,,,,0.7354,,ok,0.5453
14.9398,681,,,0.705,,,,,,16.9646,r2_measured_02418,read,measured,,,,,0.7799,,ok,0.4536
12.9157,687,,,0.6352,,,,,,15.0042,r2_measured_02419,read,measured,,,,,0.8162,,ok,0.5487
11.8279,629,,,0.5688,,,,,,13.5591,r2_measured_02420,read,measured,,,,,0.6551,,ok,0.3975
12.6657,417,,,0.2772,,,,,,13.9103,r2_measured_02421,read,measured,,,,,0.5456,,ok,0.3669
16.1238,689,,,0.6545,,,,,,17.9955,r2_measured_02422,read,measured,,,,,0.7413,,ok,0.3983
12.5407,509,,,0.5813,,,,,,14.3836,r2_measured_02423,read,measured,,,,,0.7248,,ok,0.4678
17.4138,681,,,0.7188,,,,,,19.6059,r2_measured_02424,read,measured,,,,,0.7896,,ok,0.5894
11.0104,508,,,0.5743,,,,,,12.7994,r2_measured_02425,read,measured,,,,,0.7029,,ok,0.4386
16.6886,680,,,0.7616,,,,,,18.7896,r2_measured_02426,read,measured,,,,,0.8074,,ok,0.4462
11.3262,680,,,0.6287,,,,,,13.2204,r2_measured_02427,read,measured,,,,,0.7567,,ok,0.4256
14.3282,628,,,0.721,,,,,,16.4515,r2_measured_02428,read,measured,,,,,0.7928,,ok,0.5057
12.8514,567,,,0.6413,,,,,,14.8104,r2_measured_02429,read,measured,,,,,0.7581,,ok,0.4737
17.2897,509,,,0.915,,,,,,20.0142,r2_measured_02430,read,measured,,,,,1.0285,,ok,0.6548
8.894,627,,,0.6857,,,,,,11.0993,r2_measured_02431,read,measured,,,,,0.8908,,ok,0.5349
15.5567,662,,,0.8167,,,,,,17.9066,r2_measured_02432,read,measured,,,,,0.8846,,ok,0.539
12.57,680,,,0.5522,,,,,,14.3293,r2_measured_02433,read,measured,,,,,0.7228,,ok,0.4104
10.7588,419,,,0.3589,,,,,,12.2244,r2_measured_02434,read,measured,,,,,0.5941,,ok,0.4434
14.3738,679,,,0.5886,,,,,,16.1329,r2_measured_02435,read,measured,,,,,0.7364,,ok,0.3654
15.1475,368,,,0.2404,,,,,,16.3142,r2_measured_02436,read,measured,,,,,0.5093,,ok,0.3641
13.4519,673,,,0.5467,,,,,,15.0586,r2_measured_02437,read,measured,,,,,0.6108,,ok,0.3795
14.3632,680,,,0.6211,,,,,,16.2212,r2_measured_02438,read,measured,,,,,0.7443,,ok,0.4172
17.7161,419,,,0.2588,,,,,,18.8436,r2_measured_02439,read,measured,,,,,0.5102,,ok,0.3049
11.8297,369,,,0.2076,,,,,,12.804,r2_measured_02440,read,measured,,,,,0.4376,,ok,0.2869
12.3892,628,,,0.5858,,,,,,14.0021,r2_measured_02441,read,measured,,,,,0.6357,,ok,0.3256
16.6663,419,,,0.2706,,,,,,17.9697,r2_measured_02442,read,measured,,,,,0.5468,,ok,0.4264
13.2368,678,,,0.6586,,,,,,15.2658,r2_measured_02443,read,measured,,,,,0.779,,ok,0.4934
11.2966,419,,,0.2728,,,,,,12.4981,r2_measured_02444,read,measured,,,,,0.5325,,ok,0.3386
12.99,369,,,0.4062,,,,,,14.4469,r2_measured_02445,read,measured,,,,,0.6636,,ok,0.3261
19.4578,687,,,0.6777,,,,,,21.3471,r2_measured_02446,read,measured,,,,,0.7474,,ok,0.3849
11.4309,687,,,0.7418,,,,,,13.5191,r2_measured_02447,read,measured,,,,,0.8261,,ok,0.4285
9.6402,680,,,0.5421,,,,,,11.1106,r2_measured_02448,read,measured,,,,,0.4611,,ok,0.4009
15.9955,628,,,0.6435,,,,,,17.7522,r2_measured_02449,read,measured,,,,,0.6468,,ok,0.3902
16.6616,679,,,0.7287,,,,,,18.7894,r2_measured_02450,read,measured,,,,,0.8222,,ok,0.4844
13.0846,369,,,0.2382,,,,,,14.2617,r2_measured_02451,read,measured,,,,,0.5757,,ok,0.3129
9.1388,369,,,0.3067,,,,,,10.3565,r2_measured_02452,read,measured,,,,,0.5084,,ok,0.3483
16.091,417,,,0.3916,,,,,,17.8456,r2_measured_02453,read,measured,,,,,0.7808,,ok,0.5007
12.7548,368,,,0.3273,,,,,,14.3003,r2_measured_02454,read,measured,,,,,0.6551,,ok,0.4908
83.2698,674,,,0.6079,,,,,,85.0236,r2_measured_02455,read,measured,,,,,0.716,,ok,0.348
17.5656,679,,,0.545,,,,,,19.2722,r2_measured_02456,read,measured,,,,,0.7538,,ok,0.3293
22.4605,662,,,0.7203,,,,,,24.4724,r2_measured_02457,read,measured,,,,,0.7046,,ok,0.4853
9.5561,419,,,0.2969,,,,,,11.0397,r2_measured_02458,read,measured,,,,,0.6873,,ok,0.4334
17.0561,679,,,0.6962,,,,,,19.0662,r2_measured_02459,read,measured,,,,,0.8159,,ok,0.4061
10.3666,509,,,0.4552,,,,,,11.8462,r2_measured_02460,read,measured,,,,,0.647,,ok,0.3214
13.4366,679,,,0.6123,,,,,,15.3216,r2_measured_02461,read,measured,,,,,0.76,,ok,0.4243
18.5086,417,,,0.3879,,,,,,20.1661,r2_measured_02462,read,measured,,,,,0.7268,,ok,0.4638
9.9238,679,,,0.5467,,,,,,11.532,r2_measured_02463,read,measured,,,,,0.6549,,ok,0.3361
9.8413,419,,,0.2942,,,,,,11.0256,r2_measured_02464,read,measured,,,,,0.5197,,ok,0.3119
14.7495,567,,,0.6147,,,,,,16.6524,r2_measured_02465,read,measured,,,,,0.7485,,ok,0.4606
15.4274,628,,,0.6703,,,,,,17.3199,r2_measured_02466,read,measured,,,,,0.7426,,ok,0.3957
12.7513,686,,,0.807,,,,,,15.038,r2_measured_02467,read,measured,,,,,0.8598,,ok,0.5201
14.2578,681,,,0.771,,,,,,16.6934,r2_measured_02468,read,measured,,,,,1.0383,,ok,0.5062
12.0576,628,,,0.7386,,,,,,14.2446,r2_measured_02469,read,measured,,,,,0.8567,,ok,0.4981
15.5848,628,,,0.7316,,,,,,17.7934,r2_measured_02470,read,measured,,,,,0.895,,ok,0.4854
9.4887,567,,,0.5471,,,,,,11.0644,r2_measured_02471,read,measured,,,,,0.6291,,ok,0.3328
20.0454,681,,,0.782,,,,,,22.1806,r2_measured_02472,read,measured,,,,,0.8341,,ok,0.4141
7.9355,628,,,0.5512,,,,,,9.4459,r2_measured_02473,read,measured,,,,,0.5804,,ok,0.3132
13.2477,680,,,0.64,,,,,,15.2346,r2_measured_02474,read,measured,,,,,0.8324,,ok,0.4331
15.138,663,,,0.6935,,,,,,17.0823,r2_measured_02475,read,measured,,,,,0.7508,,ok,0.4117
14.3404,679,,,0.7026,,,,,,16.3558,r2_measured_02476,read,measured,,,,,0.7809,,ok,0.4466
12.4662,689,,,0.7365,,,,,,14.8473,r2_measured_02477,read,measured,,,,,1.037,,ok,0.5038
12.5458,662,,,0.7167,,,,,,14.8821,r2_measured_02478,read,measured,,,,,0.8831,,ok,0.63
13.3338,628,,,0.7691,,,,,,15.7411,r2_measured_02479,read,measured,,,,,0.9435,,ok,0.5763
106.1551,568,7.3525,9.4528,0.4558,2.1881,1,9.4507,1,57.4468,107.5624,r2_measured_02480,update,measured,47.994,1.4073,1,14.4389,0.5736,24.7288,ok,0.3212
15.3147,568,,,0.5401,,,,,,16.937,r2_measured_02481,read,measured,,,,,0.6293,,ok,0.3858
11.1502,369,,,0.2418,,,,,,12.2934,r2_measured_02482,read,measured,,,,,0.5436,,ok,0.3064
15.2285,662,,,0.6496,,,,,,17.1668,r2_measured_02483,read,measured,,,,,0.7901,,ok,0.4144
21.0628,675,,,0.6744,,,,,,23.2668,r2_measured_02484,read,measured,,,,,0.8989,,ok,0.5352
9.8196,627,,,0.5684,,,,,,11.6625,r2_measured_02485,read,measured,,,,,0.768,,ok,0.4297
13.8816,663,,,0.6381,,,,,,16.1493,r2_measured_02486,read,measured,,,,,0.8474,,ok,0.6847
11.0884,509,,,0.5604,,,,,,12.7624,r2_measured_02487,read,measured,,,,,0.6938,,ok,0.3543
13.2033,675,,,0.6651,,,,,,15.176,r2_measured_02488,read,measured,,,,,0.7646,,ok,0.4538
13.0796,624,,,0.6164,,,,,,14.904,r2_measured_02489,read,measured,,,,,0.7203,,ok,0.4106
13.9848,628,,,0.6815,,,,,,16.0695,r2_measured_02490,read,measured,,,,,0.8326,,ok,0.4409
11.4612,688,,,0.5045,,,,,,12.9521,r2_measured_02491,read,measured,,,,,0.57,,ok,0.3466
120.2361,663,18.067,12.176,0.5357,4.565,1,12.1744,1,60.5132,121.9318,r2_measured_02492,update,measured,48.3372,1.6957,1,12.3344,0.7219,24.7565,ok,0.3673
12.1023,417,,,0.2914,,,,,,13.3197,r2_measured_02493,read,measured,,,,,0.5358,,ok,0.3366
16.2776,680,,,0.7326,,,,,,18.3589,r2_measured_02494,read,measured,,,,,0.7781,,ok,0.4818
13.3484,369,,,0.3887,,,,,,15.0082,r2_measured_02495,read,measured,,,,,0.6669,,ok,0.5354
15.0867,679,,,0.9645,,,,,,17.9129,r2_measured_02496,read,measured,,,,,1.1497,,ok,0.5927
12.7196,680,,,0.7662,,,,,,15.0701,r2_measured_02497,read,measured,,,,,0.9393,,ok,0.5526
10.4874,509,,,0.5949,,,,,,12.2543,r2_measured_02498,read,measured,,,,,0.6503,,ok,0.4493
15.0134,568,,,0.5744,,,,,,16.9091,r2_measured_02499,read,measured,,,,,0.7389,,ok,0.5018
13.9253,681,,,0.6194,,,,,,15.7465,r2_measured_02500,read,measured,,,,,0.7263,,ok,0.3963
13.2661,509,,,0.5065,,,,,,14.7559,r2_measured_02501,read,measured,,,,,0.5622,,ok,0.3568
14.1562,681,,,0.5181,,,,,,15.7556,r2_measured_02502,read,measured,,,,,0.5941,,ok,0.4175
13.3898,663,,,0.4836,,,,,,14.9089,r2_measured_02503,read,measured,,,,,0.6351,,ok,0.3329
16.7182,680,,,0.5828,,,,,,18.3368,r2_measured_02504,read,measured,,,,,0.6181,,ok,0.3385
11.6505,674,,,0.5191,,,,,,13.2499,r2_measured_02505,read,measured,,,,,0.6768,,ok,0.3326
14.5798,507,,,0.4659,,,,,,15.993,r2_measured_02506,read,measured,,,,,0.5631,,ok,0.3243
13.6688,567,,,0.5384,,,,,,15.2881,r2_measured_02507,read,measured,,,,,0.6492,,ok,0.3581
12.682,680,,,0.556,,,,,,14.3088,r2_measured_02508,read,measured,,,,,0.6429,,ok,0.359
14.3179,689,,,0.5692,,,,,,16.0186,r2_measured_02509,read,measured,,,,,0.6943,,ok,0.362
13.4051,627,,,0.534,,,,,,15.0508,r2_measured_02510,read,measured,,,,,0.6631,,ok,0.3771
13.7812,679,,,0.6246,,,,,,15.5665,r2_measured_02511,read,measured,,,,,0.6923,,ok,0.3876
12.9225,419,,,0.2855,,,,,,14.2118,r2_measured_02512,read,measured,,,,,0.5918,,ok,0.3552
14.2221,680,,,0.5875,,,,,,15.7996,r2_measured_02513,read,measured,,,,,0.5685,,ok,0.3534
14.8174,680,,,0.6294,,,,,,16.8096,r2_measured_02514,read,measured,,,,,0.7757,,ok,0.5004
13.8003,663,,,0.5054,,,,,,15.401,r2_measured_02515,read,measured,,,,,0.6324,,ok,0.3936
12.5969,509,,,0.4716,,,,,,14.0495,r2_measured_02516,read,measured,,,,,0.575,,ok,0.3396
123.7304,662,6.8003,13.6617,0.5476,2.2887,1,13.6596,1,59.8862,125.3941,r2_measured_02517,update,measured,46.2245,1.6637,1,29.2163,0.668,25.5389,ok,0.3707
13.1621,688,,,0.5317,,,,,,14.819,r2_measured_02518,read,measured,,,,,0.7078,,ok,0.351
11.4495,369,,,0.3017,,,,,,12.8275,r2_measured_02519,read,measured,,,,,0.5827,,ok,0.4336
14.936,679,,,0.6856,,,,,,16.8367,r2_measured_02520,read,measured,,,,,0.7542,,ok,0.3839
13.3752,674,,,0.6681,,,,,,15.4181,r2_measured_02521,read,measured,,,,,0.7963,,ok,0.4697
20.1127,566,,,0.6122,,,,,,22.0124,r2_measured_02522,read,measured,,,,,0.7556,,ok,0.45
12.5172,674,,,0.6813,,,,,,14.3716,r2_measured_02523,read,measured,,,,,0.7799,,ok,0.318
9.5346,687,,,0.5793,,,,,,11.243,r2_measured_02524,read,measured,,,,,0.7024,,ok,0.3506
13.3914,675,,,0.6428,,,,,,15.2789,r2_measured_02525,read,measured,,,,,0.7512,,ok,0.4133
13.9019,628,,,0.546,,,,,,15.4765,r2_measured_02526,read,measured,,,,,0.6157,,ok,0.3443
11.3104,663,,,0.5544,,,,,,13.0606,r2_measured_02527,read,measured,,,,,0.7011,,ok,0.4162
13.3931,418,,,0.2639,,,,,,14.5275,r2_measured_02528,read,measured,,,,,0.5065,,ok,0.3091
14.8996,681,,,0.5161,,,,,,16.3974,r2_measured_02529,read,measured,,,,,0.572,,ok,0.3441
13.8478,568,,,0.6314,,,,,,15.6834,r2_measured_02530,read,measured,,,,,0.7259,,ok,0.407
12.3687,688,,,0.5865,,,,,,14.0305,r2_measured_02531,read,measured,,,,,0.6328,,ok,0.3705
13.5457,675,,,0.5746,,,,,,15.388,r2_measured_02532,read,measured,,,,,0.8382,,ok,0.3494
13.6473,680,,,0.6223,,,,,,15.3539,r2_measured_02533,read,measured,,,,,0.5872,,ok,0.4244
13.2215,681,,,0.5453,,,,,,14.7973,r2_measured_02534,read,measured,,,,,0.6254,,ok,0.3412
14.2236,687,,,0.5516,,,,,,15.8588,r2_measured_02535,read,measured,,,,,0.6951,,ok,0.3194
12.9275,675,,,0.5174,,,,,,14.3869,r2_measured_02536,read,measured,,,,,0.5769,,ok,0.3061
15.675,680,,,0.7128,,,,,,17.6392,r2_measured_02537,read,measured,,,,,0.7638,,ok,0.4009
11.9234,368,,,0.3385,,,,,,13.4514,r2_measured_02538,read,measured,,,,,0.6504,,ok,0.4723
15.0611,568,,,0.5733,,,,,,16.7414,r2_measured_02539,read,measured,,,,,0.6588,,ok,0.3724
13.8551,509,,,0.4665,,,,,,15.5049,r2_measured_02540,read,measured,,,,,0.6713,,ok,0.4446
13.2157,663,,,0.5379,,,,,,14.7567,r2_measured_02541,read,measured,,,,,0.6166,,ok,0.3196
13.095,419,,,0.261,,,,,,14.2405,r2_measured_02542,read,measured,,,,,0.4999,,ok,0.334
14.2184,509,,,0.5172,,,,,,15.8255,r2_measured_02543,read,measured,,,,,0.6586,,ok,0.3677
14.4024,419,,,0.309,,,,,,15.7139,r2_measured_02544,read,measured,,,,,0.5756,,ok,0.3673
14.7939,661,,,0.6817,,,,,,16.9214,r2_measured_02545,read,measured,,,,,0.9012,,ok,0.4576
13.0629,675,,,0.6585,,,,,,15.0851,r2_measured_02546,read,measured,,,,,0.8472,,ok,0.4317
103.7296,629,10.7483,13.3094,0.5476,2.2652,1,13.3073,1,55.8907,105.1846,r2_measured_02547,update,measured,42.5813,1.455,1,14.7809,0.5455,20.0445,ok,0.3006
15.0041,688,,,0.5578,,,,,,16.6955,r2_measured_02548,read,measured,,,,,0.6783,,ok,0.3742
12.4237,688,,,0.5198,,,,,,14.0306,r2_measured_02549,read,measured,,,,,0.6901,,ok,0.3308
13.7132,629,,,0.5888,,,,,,15.3947,r2_measured_02550,read,measured,,,,,0.6505,,ok,0.3733
13.5346,679,,,0.5203,,,,,,15.0518,r2_measured_02551,read,measured,,,,,0.6066,,ok,0.324
14.1964,627,,,0.5355,,,,,,15.8556,r2_measured_02552,read,measured,,,,,0.651,,ok,0.4021
15.0404,689,,,0.6256,,,,,,16.8227,r2_measured_02553,read,measured,,,,,0.6674,,ok,0.4092
12.582,419,,,0.3083,,,,,,13.9527,r2_measured_02554,read,measured,,,,,0.5668,,ok,0.428
14.5596,417,,,0.345,,,,,,16.1084,r2_measured_02555,read,measured,,,,,0.637,,ok,0.4869
137.07,629,5.0115,11.542,0.4956,2.0265,0,11.5398,1,72.6852,138.4589,r2_measured_02556,update,measured,61.1432,1.3889,1,36.4605,0.522,20.8863,ok,0.3143
14.9058,661,,,0.4641,,,,,,16.3186,r2_measured_02557,read,measured,,,,,0.5888,,ok,0.3026
11.6109,509,,,0.4593,,,,,,13.0435,r2_measured_02558,read,measured,,,,,0.5955,,ok,0.3226
15.972,675,,,0.7132,,,,,,18.1124,r2_measured_02559,read,measured,,,,,0.8513,,ok,0.4865
12.8624,679,,,0.6075,,,,,,14.7383,r2_measured_02560,read,measured,,,,,0.7573,,ok,0.4346
11.3119,368,,,0.2754,,,,,,12.6556,r2_measured_02561,read,measured,,,,,0.5832,,ok,0.4231
17.0106,688,,,0.7324,,,,,,19.2364,r2_measured_02562,read,measured,,,,,0.9267,,ok,0.4689
10.3383,504,,,0.4543,,,,,,11.6919,r2_measured_02563,read,measured,,,,,0.5278,,ok,0.3194
14.7873,567,,,0.6749,,,,,,16.5456,r2_measured_02564,read,measured,,,,,0.6023,,ok,0.3967
12.9175,660,,,0.483,,,,,,14.3177,r2_measured_02565,read,measured,,,,,0.5364,,ok,0.3225
13.2436,369,,,0.2656,,,,,,14.4987,r2_measured_02566,read,measured,,,,,0.5189,,ok,0.4084
15.0736,675,,,0.5098,,,,,,16.7081,r2_measured_02567,read,measured,,,,,0.7256,,ok,0.3325
110.4618,680,10.0868,12.093,0.5893,2.2294,1,12.091,1,64.0332,112.4858,r2_measured_02568,update,measured,51.9402,2.024,1,9.9628,1.0056,24.1496,ok,0.3499
10.1923,628,,,0.4744,,,,,,11.6864,r2_measured_02569,read,measured,,,,,0.5637,,ok,0.386
14.3183,509,,,0.4583,,,,,,15.6906,r2_measured_02570,read,measured,,,,,0.5103,,ok,0.3459
13.1805,681,,,0.5626,,,,,,14.833,r2_measured_02571,read,measured,,,,,0.687,,ok,0.3362
12.5888,509,,,0.4429,,,,,,13.9486,r2_measured_02572,read,measured,,,,,0.5399,,ok,0.3213
15.5969,368,,,0.3221,,,,,,17.0509,r2_measured_02573,read,measured,,,,,0.6262,,ok,0.434
12.7921,675,,,0.5651,,,,,,14.5437,r2_measured_02574,read,measured,,,,,0.6927,,ok,0.4143
122.5592,679,13.538,11.0504,0.4713,2.4314,1,11.0489,1,58.56,124.0808,r2_measured_02575,update,measured,47.5096,1.5216,1,27.403,0.6574,20.6268,ok,0.3265
16.8282,369,,,0.2414,,,,,,18.0523,r2_measured_02576,read,measured,,,,,0.5589,,ok,0.3714
17.6118,509,,,0.4951,,,,,,19.133,r2_measured_02577,read,measured,,,,,0.6184,,ok,0.3441
9.0339,505,,,0.5313,,,,,,10.748,r2_measured_02578,read,measured,,,,,0.6555,,ok,0.4573
21.8983,688,,,0.5456,,,,,,23.5977,r2_measured_02579,read,measured,,,,,0.7072,,ok,0.3714
6.3224,509,,,0.4492,,,,,,7.8676,r2_measured_02580,read,measured,,,,,0.7193,,ok,0.3126
11.675,627,,,0.4803,,,,,,13.1992,r2_measured_02581,read,measured,,,,,0.6275,,ok,0.3526
106.2481,688,6.0213,13.5368,0.4967,2.4581,1,13.5347,1,56.8679,107.7344,r2_measured_02582,update,measured,43.3311,1.4863,1,16.8219,0.5932,24.0789,ok,0.3247
14.5381,508,,,0.4643,,,,,,15.8907,r2_measured_02583,read,measured,,,,,0.5217,,ok,0.3131
13.2367,509,,,0.4721,,,,,,14.7059,r2_measured_02584,read,measured,,,,,0.5943,,ok,0.3295
13.1984,688,,,0.5189,,,,,,14.7296,r2_measured_02585,read,measured,,,,,0.6027,,ok,0.3457
15.471,661,,,0.6584,,,,,,17.5586,r2_measured_02586,read,measured,,,,,0.8267,,ok,0.5088
12.5418,509,,,0.5044,,,,,,14.1735,r2_measured_02587,read,measured,,,,,0.6633,,ok,0.3955
15.319,568,,,0.5733,,,,,,17.0491,r2_measured_02588,read,measured,,,,,0.6968,,ok,0.3841
11.7351,369,,,0.242,,,,,,12.8982,r2_measured_02589,read,measured,,,,,0.5135,,ok,0.3578
16.1384,687,,,0.9461,,,,,,18.7308,r2_measured_02590,read,measured,,,,,1.0066,,ok,0.5301
11.8047,509,,,0.6095,,,,,,13.8649,r2_measured_02591,read,measured,,,,,0.8541,,ok,0.5171
13.6289,568,,,0.6991,,,,,,15.847,r2_measured_02592,read,measured,,,,,0.8597,,ok,0.563
12.5436,369,,,0.3022,,,,,,14.0439,r2_measured_02593,read,measured,,,,,0.7258,,ok,0.407
11.467,369,,,0.2271,,,,,,12.6241,r2_measured_02594,read,measured,,,,,0.5058,,ok,0.3703
16.8435,661,,,0.5562,,,,,,18.6416,r2_measured_02595,read,measured,,,,,0.8384,,ok,0.3202
11.0868,661,,,0.5194,,,,,,12.5942,r2_measured_02596,read,measured,,,,,0.5686,,ok,0.3584
16.4636,566,,,0.7853,,,,,,18.6569,r2_measured_02597,read,measured,,,,,0.7956,,ok,0.522
81.1152,680,,,0.9904,,,,,,83.2431,r2_measured_02598,read,measured,,,,,0.7294,,ok,0.343
8.3211,624,,,0.603,,,,,,9.9042,r2_measured_02599,read,measured,,,,,0.5833,,ok,0.3267
10.7539,679,,,0.5298,,,,,,12.3404,r2_measured_02600,read,measured,,,,,0.6497,,ok,0.3357
11.2916,689,,,0.59,,,,,,12.883,r2_measured_02601,read,measured,,,,,0.617,,ok,0.3196
15.1352,417,,,0.2687,,,,,,16.3175,r2_measured_02602,read,measured,,,,,0.537,,ok,0.3174
19.4777,509,,,0.6138,,,,,,21.2755,r2_measured_02603,read,measured,,,,,0.6858,,ok,0.4174
16.5965,568,,,0.5131,,,,,,18.1134,r2_measured_02604,read,measured,,,,,0.5838,,ok,0.3413
6.0542,663,,,0.4785,,,,,,7.5543,r2_measured_02605,read,measured,,,,,0.6006,,ok,0.3614
13.5579,678,,,0.7627,,,,,,15.8586,r2_measured_02606,read,measured,,,,,0.9862,,ok,0.4488
11.0375,417,,,0.3473,,,,,,12.6502,r2_measured_02607,read,measured,,,,,0.6381,,ok,0.5533
12.9464,417,,,0.3189,,,,,,14.3661,r2_measured_02608,read,measured,,,,,0.5968,,ok,0.4362
16.7072,681,,,0.8527,,,,,,19.1207,r2_measured_02609,read,measured,,,,,0.957,,ok,0.4818
12.2777,663,,,0.6922,,,,,,14.3782,r2_measured_02610,read,measured,,,,,0.8284,,ok,0.4739
13.7566,674,,,0.7122,,,,,,16.0743,r2_measured_02611,read,measured,,,,,1.0523,,ok,0.4619
12.6844,568,,,0.6328,,,,,,14.6779,r2_measured_02612,read,measured,,,,,0.8091,,ok,0.4679
14.3614,675,,,0.7244,,,,,,16.3653,r2_measured_02613,read,measured,,,,,0.7474,,ok,0.4201
13.1089,663,,,0.6697,,,,,,15.1265,r2_measured_02614,read,measured,,,,,0.8271,,ok,0.438
14.0844,509,,,0.4935,,,,,,15.7806,r2_measured_02615,read,measured,,,,,0.7561,,ok,0.3758
12.3078,568,,,0.6668,,,,,,14.2192,r2_measured_02616,read,measured,,,,,0.7081,,ok,0.4573
14.1801,689,,,0.6516,,,,,,16.2356,r2_measured_02617,read,measured,,,,,0.868,,ok,0.4492
15.7858,418,,,0.2535,,,,,,17.0686,r2_measured_02618,read,measured,,,,,0.5284,,ok,0.4375
10.8977,662,,,0.7487,,,,,,13.0665,r2_measured_02619,read,measured,,,,,0.8316,,ok,0.489
105.8533,505,12.5905,10.7393,0.4227,1.596,1,10.7372,1,57.8426,107.2147,r2_measured_02620,update,measured,47.1033,1.3614,1,16.6692,0.5593,17.155,ok,0.3145
17.272,688,,,0.5894,,,,,,19.0734,r2_measured_02621,read,measured,,,,,0.7435,,ok,0.394
15.0391,369,,,0.2943,,,,,,16.4438,r2_measured_02622,read,measured,,,,,0.6534,,ok,0.3965
18.3695,675,,,0.5641,,,,,,20.0166,r2_measured_02623,read,measured,,,,,0.652,,ok,0.3494
7.396,663,,,0.4743,,,,,,8.9424,r2_measured_02624,read,measured,,,,,0.5993,,ok,0.3992
13.0508,680,,,0.5425,,,,,,14.7249,r2_measured_02625,read,measured,,,,,0.6682,,ok,0.389
12.4094,419,,,0.3091,,,,,,13.7145,r2_measured_02626,read,measured,,,,,0.5988,,ok,0.3359
13.7291,629,,,0.5514,,,,,,15.2906,r2_measured_02627,read,measured,,,,,0.5419,,ok,0.4035
15.4191,509,,,0.549,,,,,,16.9504,r2_measured_02628,read,measured,,,,,0.618,,ok,0.3068
15.9583,689,,,0.4846,,,,,,17.5458,r2_measured_02629,read,measured,,,,,0.667,,ok,0.359
10.7124,662,,,0.5335,,,,,,12.3554,r2_measured_02630,read,measured,,,,,0.7014,,ok,0.3345
15.6791,689,,,0.8126,,,,,,18.283,r2_measured_02631,read,measured,,,,,0.8805,,ok,0.8101
13.2541,369,,,0.3006,,,,,,14.5125,r2_measured_02632,read,measured,,,,,0.5311,,ok,0.3693
11.9463,568,,,0.4747,,,,,,13.4724,r2_measured_02633,read,measured,,,,,0.6421,,ok,0.3429
13.2234,661,,,0.5841,,,,,,14.8541,r2_measured_02634,read,measured,,,,,0.5785,,ok,0.3929
13.3393,688,,,0.5255,,,,,,14.9159,r2_measured_02635,read,measured,,,,,0.6632,,ok,0.3145
12.6436,662,,,0.4558,,,,,,14.0627,r2_measured_02636,read,measured,,,,,0.5967,,ok,0.3093
15.3968,679,,,0.5607,,,,,,16.9825,r2_measured_02637,read,measured,,,,,0.6062,,ok,0.35
11.5993,628,,,0.4605,,,,,,13.0777,r2_measured_02638,read,measured,,,,,0.643,,ok,0.3165
13.0708,679,,,0.5853,,,,,,14.9041,r2_measured_02639,read,measured,,,,,0.7562,,ok,0.4018
14.6559,568,,,0.5515,,,,,,16.4512,r2_measured_02640,read,measured,,,,,0.7292,,ok,0.4004
14.6705,417,,,0.2985,,,,,,16.0162,r2_measured_02641,read,measured,,,,,0.5833,,ok,0.3634
15.9117,628,,,0.6264,,,,,,17.7614,r2_measured_02642,read,measured,,,,,0.7232,,ok,0.4236
12.0455,681,,,0.7393,,,,,,14.1542,r2_measured_02643,read,measured,,,,,0.7784,,ok,0.4928
14.2955,660,,,0.6741,,,,,,16.4583,r2_measured_02644,read,measured,,,,,0.8818,,ok,0.5167
11.7802,680,,,0.6028,,,,,,13.5458,r2_measured_02645,read,measured,,,,,0.6901,,ok,0.3943
15.2015,628,,,0.4573,,,,,,16.7179,r2_measured_02646,read,measured,,,,,0.68,,ok,0.3168
11.8259,662,,,0.5032,,,,,,13.3336,r2_measured_02647,read,measured,,,,,0.6142,,ok,0.3269
14.5125,680,,,0.6133,,,,,,16.1869,r2_measured_02648,read,measured,,,,,0.6759,,ok,0.3157
12.3763,628,,,0.4817,,,,,,13.8969,r2_measured_02649,read,measured,,,,,0.5895,,ok,0.3855
14.4287,675,,,0.4982,,,,,,15.9813,r2_measured_02650,read,measured,,,,,0.6627,,ok,0.3181
19.5788,680,,,0.5031,,,,,,21.1153,r2_measured_02651,read,measured,,,,,0.6338,,ok,0.3335
9.3096,568,,,0.5424,,,,,,10.9253,r2_measured_02652,read,measured,,,,,0.6391,,ok,0.3641
12.2635,368,,,0.2386,,,,,,13.407,r2_measured_02653,read,measured,,,,,0.5154,,ok,0.3398
16.9865,681,,,0.6356,,,,,,18.687,r2_measured_02654,read,measured,,,,,0.6464,,ok,0.3461
12.8811,628,,,0.6195,,,,,,14.6119,r2_measured_02655,read,measured,,,,,0.6594,,ok,0.3823
14.736,626,,,0.6648,,,,,,16.6855,r2_measured_02656,read,measured,,,,,0.7777,,ok,0.4184
12.2548,509,,,0.5532,,,,,,13.9963,r2_measured_02657,read,measured,,,,,0.7225,,ok,0.3946
14.3443,680,,,0.6292,,,,,,16.2876,r2_measured_02658,read,measured,,,,,0.8126,,ok,0.4188
14.1628,417,,,0.2949,,,,,,15.4859,r2_measured_02659,read,measured,,,,,0.5912,,ok,0.3758
14.2782,662,,,0.7067,,,,,,16.2473,r2_measured_02660,read,measured,,,,,0.7826,,ok,0.3946
107.2161,675,7.4819,10.5373,0.6016,2.4867,1,10.5356,1,57.2792,108.9004,r2_measured_02661,update,measured,46.7419,1.6843,1,16.2206,0.6779,23.7477,ok,0.3297
12.4442,689,,,0.5049,,,,,,13.9127,r2_measured_02662,read,measured,,,,,0.5706,,ok,0.3316
13.7999,509,,,0.4806,,,,,,15.5337,r2_measured_02663,read,measured,,,,,0.6534,,ok,0.528
14.7707,663,,,0.597,,,,,,16.5918,r2_measured_02664,read,measured,,,,,0.6852,,ok,0.4556
126.4385,661,18.1525,10.7084,0.9366,2.7811,1,10.7062,1,58.8528,129.0384,r2_measured_02665,update,measured,48.1444,2.5999,1,15.8231,0.9862,30.829,ok,0.571
9.8807,566,,,0.7245,,,,,,11.9805,r2_measured_02666,read,measured,,,,,0.8487,,ok,0.4485
14.1695,629,,,0.6211,,,,,,16.1059,r2_measured_02667,read,measured,,,,,0.8084,,ok,0.4211
11.4557,674,,,0.5157,,,,,,13.0445,r2_measured_02668,read,measured,,,,,0.6602,,ok,0.3461
15.9932,628,,,0.5315,,,,,,17.5602,r2_measured_02669,read,measured,,,,,0.6105,,ok,0.3547
16.9137,662,,,0.4969,,,,,,18.4646,r2_measured_02670,read,measured,,,,,0.6482,,ok,0.3386
13.8333,627,,,0.5053,,,,,,15.2736,r2_measured_02671,read,measured,,,,,0.5434,,ok,0.3263
12.6056,689,,,0.501,,,,,,14.1234,r2_measured_02672,read,measured,,,,,0.6268,,ok,0.3257
12.3152,368,,,0.2546,,,,,,13.4334,r2_measured_02673,read,measured,,,,,0.4938,,ok,0.3166
20.6099,681,,,0.5023,,,,,,22.1143,r2_measured_02674,read,measured,,,,,0.5955,,ok,0.3416
5.9376,418,,,0.2734,,,,,,7.0554,r2_measured_02675,read,measured,,,,,0.4135,,ok,0.3832
107.5717,567,9.147,13.6335,0.5339,2.158,1,13.632,1,61.6495,109.0233,r2_measured_02676,update,measured,48.016,1.4516,1,14.6201,0.554,19.9971,ok,0.3036
13.9093,680,,,0.4957,,,,,,15.4267,r2_measured_02677,read,measured,,,,,0.6298,,ok,0.3292
14.7214,680,,,0.5424,,,,,,16.3256,r2_measured_02678,read,measured,,,,,0.6547,,ok,0.3389
13.4845,675,,,0.5107,,,,,,15.1043,r2_measured_02679,read,measured,,,,,0.6962,,ok,0.3485
13.3324,628,,,0.5259,,,,,,14.9068,r2_measured_02680,read,measured,,,,,0.6546,,ok,0.33
15.3331,663,,,0.6673,,,,,,17.2356,r2_measured_02681,read,measured,,,,,0.6693,,ok,0.488
13.357,505,,,0.5905,,,,,,15.1094,r2_measured_02682,read,measured,,,,,0.6423,,ok,0.4446
14.4158,568,,,0.51,,,,,,16.072,r2_measured_02683,read,measured,,,,,0.7213,,ok,0.3603
12.3319,680,,,0.6734,,,,,,14.3369,r2_measured_02684,read,measured,,,,,0.7224,,ok,0.5241
12.9204,368,,,0.2484,,,,,,14.0981,r2_measured_02685,read,measured,,,,,0.5183,,ok,0.3583
14.7681,628,,,0.6071,,,,,,16.6644,r2_measured_02686,read,measured,,,,,0.77,,ok,0.4415
12.9805,419,,,0.32,,,,,,14.3209,r2_measured_02687,read,measured,,,,,0.5732,,ok,0.3869
14.7396,568,,,0.5623,,,,,,16.5907,r2_measured_02688,read,measured,,,,,0.6184,,ok,0.5951
14.8694,628,,,0.5854,,,,,,16.6378,r2_measured_02689,read,measured,,,,,0.7142,,ok,0.3891
12.1998,662,,,0.6767,,,,,,14.2383,r2_measured_02690,read,measured,,,,,0.8013,,ok,0.4779
104.3676,369,17.7028,11.2201,0.3405,1.392,1,11.2179,1,56.3146,106.2531,r2_measured_02691,update,measured,45.0945,1.8855,1,14.9234,0.7687,14.0348,ok,0.6672
19.622,675,,,0.6469,,,,,,21.6899,r2_measured_02692,read,measured,,,,,0.8126,,ok,0.5187
7.0617,680,,,0.5074,,,,,,8.5033,r2_measured_02693,read,measured,,,,,0.5458,,ok,0.3278
14.7628,626,,,0.6566,,,,,,16.7281,r2_measured_02694,read,measured,,,,,0.7554,,ok,0.4639
12.5901,417,,,0.3202,,,,,,13.993,r2_measured_02695,read,measured,,,,,0.6175,,ok,0.4025
14.8072,680,,,0.5128,,,,,,16.3882,r2_measured_02696,read,measured,,,,,0.7018,,ok,0.3047
12.869,680,,,0.548,,,,,,14.5796,r2_measured_02697,read,measured,,,,,0.7379,,ok,0.3572
27.9691,507,,,0.7088,,,,,,30.1907,r2_measured_02698,read,measured,,,,,0.8681,,ok,0.5464
16.7024,681,,,0.8401,,,,,,19.0844,r2_measured_02699,read,measured,,,,,0.9144,,ok,0.502
12.7319,688,,,0.6148,,,,,,14.6152,r2_measured_02700,read,measured,,,,,0.7593,,ok,0.4209
13.3935,688,,,0.7985,,,,,,15.9858,r2_measured_02701,read,measured,,,,,1.138,,ok,0.5271
13.0837,568,,,0.5219,,,,,,14.6692,r2_measured_02702,read,measured,,,,,0.6335,,ok,0.3644
11.1119,688,,,0.564,,,,,,12.7913,r2_measured_02703,read,measured,,,,,0.6975,,ok,0.3439
14.2229,663,,,0.5088,,,,,,15.8116,r2_measured_02704,read,measured,,,,,0.6505,,ok,0.3663
12.5596,689,,,0.4784,,,,,,13.952,r2_measured_02705,read,measured,,,,,0.5504,,ok,0.3038
14.8973,679,,,0.5446,,,,,,16.5322,r2_measured_02706,read,measured,,,,,0.6627,,ok,0.3547
13.1242,509,,,0.4543,,,,,,14.4711,r2_measured_02707,read,measured,,,,,0.529,,ok,0.3119
14.3274,688,,,0.5363,,,,,,15.9697,r2_measured_02708,read,measured,,,,,0.7087,,ok,0.3262
14.483,418,,,0.2543,,,,,,15.668,r2_measured_02709,read,measured,,,,,0.5323,,ok,0.3448
12.6084,369,,,0.2805,,,,,,13.9088,r2_measured_02710,read,measured,,,,,0.5962,,ok,0.3635
14.8138,507,,,0.6434,,,,,,16.6536,r2_measured_02711,read,measured,,,,,0.647,,ok,0.425
13.1389,679,,,0.7684,,,,,,15.53,r2_measured_02712,read,measured,,,,,1.1064,,ok,0.41
13.7608,680,,,0.5796,,,,,,15.4409,r2_measured_02713,read,measured,,,,,0.6536,,ok,0.3771
14.0804,568,,,0.6106,,,,,,15.9625,r2_measured_02714,read,measured,,,,,0.7835,,ok,0.412
13.0614,567,,,0.5017,,,,,,14.6124,r2_measured_02715,read,measured,,,,,0.6221,,ok,0.3599
13.5802,509,,,0.4525,,,,,,15.0284,r2_measured_02716,read,measured,,,,,0.5794,,ok,0.3554
15.1768,568,,,0.5986,,,,,,16.9553,r2_measured_02717,read,measured,,,,,0.7025,,ok,0.4052
13.0025,568,,,0.5114,,,,,,14.6694,r2_measured_02718,read,measured,,,,,0.7097,,ok,0.3766
15.4086,568,,,0.4849,,,,,,16.8768,r2_measured_02719,read,measured,,,,,0.6083,,ok,0.3147
15.3839,419,,,0.2755,,,,,,16.5495,r2_measured_02720,read,measured,,,,,0.5266,,ok,0.3142
14.2937,509,,,0.5997,,,,,,15.8858,r2_measured_02721,read,measured,,,,,0.5784,,ok,0.3481
10.1104,509,,,0.4009,,,,,,11.4304,r2_measured_02722,read,measured,,,,,0.5429,,ok,0.3206
15.0123,680,,,0.6764,,,,,,17.018,r2_measured_02723,read,measured,,,,,0.7888,,ok,0.4415
11.1331,419,,,0.3188,,,,,,12.4905,r2_measured_02724,read,measured,,,,,0.5586,,ok,0.4224
15.8023,680,,,0.8925,,,,,,18.1648,r2_measured_02725,read,measured,,,,,0.836,,ok,0.5336
13.9039,417,,,0.282,,,,,,15.1798,r2_measured_02726,read,measured,,,,,0.5189,,ok,0.4101
13.2009,568,,,0.6897,,,,,,15.4098,r2_measured_02727,read,measured,,,,,0.809,,ok,0.6068
13.3081,673,,,0.6808,,,,,,15.3732,r2_measured_02728,read,measured,,,,,0.8303,,ok,0.4653
13.5821,661,,,0.5985,,,,,,15.3775,r2_measured_02729,read,measured,,,,,0.7434,,ok,0.3814
11.8491,679,,,0.6031,,,,,,13.7804,r2_measured_02730,read,measured,,,,,0.8124,,ok,0.4227
12.6877,417,,,0.3126,,,,,,13.9665,r2_measured_02731,read,measured,,,,,0.5687,,ok,0.3415
15.0617,369,,,0.2954,,,,,,16.3654,r2_measured_02732,read,measured,,,,,0.552,,ok,0.3911
14.7221,680,,,0.5573,,,,,,16.2735,r2_measured_02733,read,measured,,,,,0.5953,,ok,0.3319
14.6572,679,,,0.5076,,,,,,16.256,r2_measured_02734,read,measured,,,,,0.7086,,ok,0.3132
11.386,369,,,0.3301,,,,,,12.7397,r2_measured_02735,read,measured,,,,,0.5754,,ok,0.3921
21.1228,680,,,0.6043,,,,,,22.9055,r2_measured_02736,read,measured,,,,,0.7452,,ok,0.3621
7.0077,628,,,0.7129,,,,,,8.7213,r2_measured_02737,read,measured,,,,,0.5944,,ok,0.3425
16.181,680,,,0.5434,,,,,,17.7408,r2_measured_02738,read,measured,,,,,0.6203,,ok,0.3161
11.7397,689,,,0.527,,,,,,13.294,r2_measured_02739,read,measured,,,,,0.6277,,ok,0.339
13.0743,680,,,0.6067,,,,,,14.7161,r2_measured_02740,read,measured,,,,,0.5487,,ok,0.3962
17.5224,567,,,0.4484,,,,,,19.0079,r2_measured_02741,read,measured,,,,,0.6415,,ok,0.3258
71.5064,679,,,0.7642,,,,,,73.4314,r2_measured_02742,read,measured,,,,,0.7683,,ok,0.3325
14.2265,507,,,0.4617,,,,,,15.7127,r2_measured_02743,read,measured,,,,,0.5868,,ok,0.369
14.8725,688,,,0.583,,,,,,16.8233,r2_measured_02744,read,measured,,,,,0.7845,,ok,0.4934
14.0679,369,,,0.3576,,,,,,15.7314,r2_measured_02745,read,measured,,,,,0.7147,,ok,0.518
11.9046,369,,,0.4884,,,,,,13.837,r2_measured_02746,read,measured,,,,,0.7951,,ok,0.5703
16.196,568,,,0.75,,,,,,18.3656,r2_measured_02747,read,measured,,,,,0.8173,,ok,0.5022
14.4817,419,,,0.306,,,,,,15.8342,r2_measured_02748,read,measured,,,,,0.5759,,ok,0.4106
11.3745,417,,,0.3104,,,,,,12.7914,r2_measured_02749,read,measured,,,,,0.5354,,ok,0.4939
14.0655,505,,,0.4422,,,,,,15.5016,r2_measured_02750,read,measured,,,,,0.5731,,ok,0.3239
13.2655,673,,,0.6037,,,,,,15.0214,r2_measured_02751,read,measured,,,,,0.7071,,ok,0.3713
12.9744,675,,,0.5869,,,,,,14.5567,r2_measured_02752,read,measured,,,,,0.5948,,ok,0.3285
13.873,680,,,0.5746,,,,,,15.687,r2_measured_02753,read,measured,,,,,0.7752,,ok,0.3908
12.3205,369,,,0.2787,,,,,,13.736,r2_measured_02754,read,measured,,,,,0.7022,,ok,0.3729
15.6636,662,,,0.6193,,,,,,17.6252,r2_measured_02755,read,measured,,,,,0.8134,,ok,0.4451
16.5987,675,,,0.6951,,,,,,18.5463,r2_measured_02756,read,measured,,,,,0.7817,,ok,0.3899
7.5731,567,,,0.5533,,,,,,9.1867,r2_measured_02757,read,measured,,,,,0.6273,,ok,0.368
14.9572,566,,,0.6344,,,,,,16.9486,r2_measured_02758,read,measured,,,,,0.7837,,ok,0.4372
14.3578,509,,,0.491,,,,,,15.8369,r2_measured_02759,read,measured,,,,,0.5807,,ok,0.3479
11.9926,663,,,0.6102,,,,,,13.8456,r2_measured_02760,read,measured,,,,,0.774,,ok,0.3765
127.24,509,18.2875,11.5973,0.5344,1.7932,1,11.5953,1,58.4544,128.8473,r2_measured_02761,update,measured,46.8571,1.6073,1,27.3396,0.6044,21.3653,ok,0.3973
87.0204,369,6.2389,6.5866,0.2278,1.3728,1,6.5847,1,54.6548,88.119,r2_measured_02762,update,measured,48.0682,1.0986,1,12.9008,0.4614,11.8531,ok,0.3526
13.5229,369,,,0.2776,,,,,,14.7464,r2_measured_02763,read,measured,,,,,0.5307,,ok,0.3665
14.0266,628,,,0.4944,,,,,,15.4589,r2_measured_02764,read,measured,,,,,0.545,,ok,0.3306
14.0886,679,,,0.531,,,,,,15.679,r2_measured_02765,read,measured,,,,,0.6438,,ok,0.3523
17.6155,661,,,0.5705,,,,,,19.3405,r2_measured_02766,read,measured,,,,,0.6723,,ok,0.3901
12.7698,419,,,0.2793,,,,,,14.0136,r2_measured_02767,read,measured,,,,,0.5676,,ok,0.3418
12.1763,663,,,0.5363,,,,,,13.7686,r2_measured_02768,read,measured,,,,,0.6387,,ok,0.3486
15.6795,680,,,0.5741,,,,,,17.3072,r2_measured_02769,read,measured,,,,,0.6196,,ok,0.366
11.8048,675,,,0.6186,,,,,,13.4617,r2_measured_02770,read,measured,,,,,0.606,,ok,0.3428
12.6369,673,,,0.5179,,,,,,14.3878,r2_measured_02771,read,measured,,,,,0.8329,,ok,0.3353
15.4173,688,,,0.6069,,,,,,17.1771,r2_measured_02772,read,measured,,,,,0.7003,,ok,0.3747
12.8231,679,,,0.5163,,,,,,14.4047,r2_measured_02773,read,measured,,,,,0.6342,,ok,0.3562
13.3368,568,,,0.5101,,,,,,14.8822,r2_measured_02774,read,measured,,,,,0.6163,,ok,0.3445
12.0321,369,,,0.2401,,,,,,13.2215,r2_measured_02775,read,measured,,,,,0.5604,,ok,0.3378
16.7137,662,,,0.5884,,,,,,18.4881,r2_measured_02776,read,measured,,,,,0.7082,,ok,0.3877
13.8986,674,,,0.6159,,,,,,15.6687,r2_measured_02777,read,measured,,,,,0.6967,,ok,0.3848
12.8192,369,,,0.2417,,,,,,13.9331,r2_measured_02778,read,measured,,,,,0.4891,,ok,0.3306
13.8943,568,,,0.4716,,,,,,15.4276,r2_measured_02779,read,measured,,,,,0.6491,,ok,0.3422
16.0661,661,,,0.5259,,,,,,17.6333,r2_measured_02780,read,measured,,,,,0.6139,,ok,0.3602
13.7416,680,,,0.5536,,,,,,15.3005,r2_measured_02781,read,measured,,,,,0.6252,,ok,0.3156
13.7663,417,,,0.2662,,,,,,14.9289,r2_measured_02782,read,measured,,,,,0.5018,,ok,0.348
17.0642,628,,,0.5696,,,,,,18.6828,r2_measured_02783,read,measured,,,,,0.6392,,ok,0.3441
12.6641,568,,,0.4396,,,,,,14.0042,r2_measured_02784,read,measured,,,,,0.5302,,ok,0.3155
12.2794,679,,,0.542,,,,,,13.8402,r2_measured_02785,read,measured,,,,,0.6237,,ok,0.3288
12.6577,679,,,0.5077,,,,,,14.1345,r2_measured_02786,read,measured,,,,,0.5894,,ok,0.3182
19.5597,680,,,0.5533,,,,,,21.1553,r2_measured_02787,read,measured,,,,,0.6252,,ok,0.3471
8.7369,680,,,0.557,,,,,,10.4224,r2_measured_02788,read,measured,,,,,0.6903,,ok,0.3695
102.9028,663,6.3212,7.7886,0.6379,2.7723,1,7.7859,1,58.0157,104.8087,r2_measured_02789,update,measured,50.2271,1.9059,1,12.1389,0.8067,23.6547,ok,0.3859
14.3026,679,,,0.6463,,,,,,16.1711,r2_measured_02790,read,measured,,,,,0.733,,ok,0.4115
11.9987,624,,,0.5701,,,,,,13.8761,r2_measured_02791,read,measured,,,,,0.8013,,ok,0.3994
12.9645,568,,,0.6538,,,,,,14.9189,r2_measured_02792,read,measured,,,,,0.7193,,ok,0.4418
13.1478,679,,,0.5919,,,,,,14.8617,r2_measured_02793,read,measured,,,,,0.6706,,ok,0.3786
127.2667,663,11.3105,11.408,0.5562,2.7067,1,11.4058,1,65.8558,128.9411,r2_measured_02794,update,measured,54.4478,1.6744,1,25.7442,0.692,21.6495,ok,0.3522
10.1676,507,,,0.4391,,,,,,11.5785,r2_measured_02795,read,measured,,,,,0.5269,,ok,0.3898
13.8453,675,,,0.5422,,,,,,15.4143,r2_measured_02796,read,measured,,,,,0.6353,,ok,0.3216
11.6262,628,,,0.467,,,,,,13.0713,r2_measured_02797,read,measured,,,,,0.5989,,ok,0.3189
14.8298,662,,,0.8131,,,,,,16.7273,r2_measured_02798,read,measured,,,,,0.6392,,ok,0.3613
92.0896,689,6.7546,13.394,0.6053,2.5091,0,13.3912,1,60.0493,93.7336,r2_measured_02799,update,measured,46.6553,1.644,1,0.0057,0.6129,22.7709,ok,0.3543
10.9867,369,,,0.2298,,,,,,12.1028,r2_measured_02800,read,measured,,,,,0.4861,,ok,0.348
15.1544,568,,,0.6005,,,,,,16.947,r2_measured_02801,read,measured,,,,,0.6914,,ok,0.3991
14.0221,509,,,0.5089,,,,,,15.6869,r2_measured_02802,read,measured,,,,,0.6696,,ok,0.398
13.7757,681,,,0.6207,,,,,,15.6997,r2_measured_02803,read,measured,,,,,0.7775,,ok,0.446
14.3559,663,,,0.6878,,,,,,16.3504,r2_measured_02804,read,measured,,,,,0.7788,,ok,0.4447
12.5711,689,,,0.6306,,,,,,14.4096,r2_measured_02805,read,measured,,,,,0.7404,,ok,0.3668
13.8889,680,,,0.6006,,,,,,15.6948,r2_measured_02806,read,measured,,,,,0.7475,,ok,0.3796
12.9652,509,,,0.5488,,,,,,14.7114,r2_measured_02807,read,measured,,,,,0.695,,ok,0.4188
16.279,629,,,0.55,,,,,,18.0622,r2_measured_02808,read,measured,,,,,0.7584,,ok,0.4009
15.1012,628,,,0.4454,,,,,,16.6229,r2_measured_02809,read,measured,,,,,0.6825,,ok,0.331
11.0678,419,,,0.3622,,,,,,12.6751,r2_measured_02810,read,measured,,,,,0.7115,,ok,0.4597
15.1518,689,,,0.7094,,,,,,17.4183,r2_measured_02811,read,measured,,,,,0.9282,,ok,0.5307
12.2807,628,,,0.7095,,,,,,14.0021,r2_measured_02812,read,measured,,,,,0.5694,,ok,0.3731
11.494,681,,,0.5396,,,,,,13.0701,r2_measured_02813,read,measured,,,,,0.6519,,ok,0.3208
106.7803,628,5.2642,12.6934,0.4665,2.0018,1,12.6913,1,60.0514,108.1831,r2_measured_02814,update,measured,47.358,1.4028,1,14.1785,0.546,25.2844,ok,0.3278
12.8846,679,,,0.5193,,,,,,14.4597,r2_measured_02815,read,measured,,,,,0.6584,,ok,0.3318
16.6756,628,,,0.4471,,,,,,18.0872,r2_measured_02816,read,measured,,,,,0.5918,,ok,0.3101
10.9886,509,,,0.5587,,,,,,12.6826,r2_measured_02817,read,measured,,,,,0.6206,,ok,0.4476
14.66,568,,,0.4733,,,,,,16.1889,r2_measured_02818,read,measured,,,,,0.6383,,ok,0.3524
13.6656,627,,,0.5876,,,,,,15.4451,r2_measured_02819,read,measured,,,,,0.6887,,ok,0.4219
14.0693,629,,,0.6848,,,,,,15.9897,r2_measured_02820,read,measured,,,,,0.7353,,ok,0.4167
23.5577,675,,,0.7684,,,,,,26.1104,r2_measured_02821,read,measured,,,,,1.1577,,ok,0.5161
22.6277,568,,,0.8664,,,,,,25.3042,r2_measured_02822,read,measured,,,,,1.0759,,ok,0.6214
9.4795,567,,,0.6819,,,,,,11.7522,r2_measured_02823,read,measured,,,,,0.9803,,ok,0.5042
11.8391,679,,,0.7355,,,,,,14.074,r2_measured_02824,read,measured,,,,,0.9167,,ok,0.4738
13.0278,679,,,0.5516,,,,,,14.6721,r2_measured_02825,read,measured,,,,,0.6819,,ok,0.3263
14.2719,628,,,0.4863,,,,,,15.7848,r2_measured_02826,read,measured,,,,,0.5875,,ok,0.3756
16.6298,680,,,0.7298,,,,,,18.9758,r2_measured_02827,read,measured,,,,,1.0305,,ok,0.4903
11.9663,568,,,0.593,,,,,,13.7913,r2_measured_02828,read,measured,,,,,0.7411,,ok,0.416
13.8554,675,,,0.6769,,,,,,15.8377,r2_measured_02829,read,measured,,,,,0.8019,,ok,0.4126
12.7479,663,,,0.551,,,,,,14.3215,r2_measured_02830,read,measured,,,,,0.6223,,ok,0.3365
13.9593,505,,,0.537,,,,,,15.6513,r2_measured_02831,read,measured,,,,,0.6488,,ok,0.4291
20.6803,419,,,0.3811,,,,,,22.3975,r2_measured_02832,read,measured,,,,,0.7309,,ok,0.5223
12.2254,680,,,0.7959,,,,,,14.1309,r2_measured_02833,read,measured,,,,,0.6356,,ok,0.3955
8.6966,675,,,0.6872,,,,,,10.7,r2_measured_02834,read,measured,,,,,0.8315,,ok,0.4042
13.2455,505,,,0.6883,,,,,,15.4602,r2_measured_02835,read,measured,,,,,0.9241,,ok,0.4581
13.4842,629,,,0.8606,,,,,,15.6538,r2_measured_02836,read,measured,,,,,0.7847,,ok,0.4397
11.7276,629,,,0.6024,,,,,,13.5755,r2_measured_02837,read,measured,,,,,0.6951,,ok,0.4661
15.0561,680,,,0.6042,,,,,,16.9521,r2_measured_02838,read,measured,,,,,0.8095,,ok,0.386
12.0489,680,,,0.597,,,,,,13.8983,r2_measured_02839,read,measured,,,,,0.7563,,ok,0.4201
15.3907,680,,,0.5723,,,,,,17.2266,r2_measured_02840,read,measured,,,,,0.8188,,ok,0.3691
10.8797,509,,,0.4793,,,,,,12.3835,r2_measured_02841,read,measured,,,,,0.5688,,ok,0.3925
15.4624,688,,,0.6788,,,,,,17.5347,r2_measured_02842,read,measured,,,,,0.8754,,ok,0.4199
12.49,509,,,0.5337,,,,,,14.201,r2_measured_02843,read,measured,,,,,0.6741,,ok,0.4294
14.6929,509,,,0.5971,,,,,,16.4569,r2_measured_02844,read,measured,,,,,0.688,,ok,0.4052
13.0059,661,,,0.5439,,,,,,14.5365,r2_measured_02845,read,measured,,,,,0.6118,,ok,0.3104
13.0896,626,,,0.5241,,,,,,14.7078,r2_measured_02846,read,measured,,,,,0.6535,,ok,0.3714
14.1493,687,,,0.6447,,,,,,15.9824,r2_measured_02847,read,measured,,,,,0.732,,ok,0.3799
13.1746,566,,,0.671,,,,,,15.3556,r2_measured_02848,read,measured,,,,,0.8494,,ok,0.575
14.6584,681,,,0.6664,,,,,,16.812,r2_measured_02849,read,measured,,,,,0.981,,ok,0.4227
14.4536,674,,,0.6495,,,,,,16.4233,r2_measured_02850,read,measured,,,,,0.7721,,ok,0.4554
13.1902,505,,,0.4883,,,,,,14.6206,r2_measured_02851,read,measured,,,,,0.5616,,ok,0.3192
11.7047,509,,,0.6349,,,,,,13.8012,r2_measured_02852,read,measured,,,,,0.888,,ok,0.4899
13.9727,419,,,0.3536,,,,,,15.5262,r2_measured_02853,read,measured,,,,,0.6979,,ok,0.4285
21.5898,681,,,0.6998,,,,,,23.7291,r2_measured_02854,read,measured,,,,,0.7665,,ok,0.5797
8.1725,680,,,0.7211,,,,,,10.3101,r2_measured_02855,read,measured,,,,,0.8769,,ok,0.4481
10.0303,509,,,0.5203,,,,,,11.5928,r2_measured_02856,read,measured,,,,,0.6151,,ok,0.3554
13.0566,507,,,0.6958,,,,,,15.0172,r2_measured_02857,read,measured,,,,,0.7262,,ok,0.453
14.4916,417,,,0.3614,,,,,,16.1459,r2_measured_02858,read,measured,,,,,0.7115,,ok,0.5049
14.9561,678,,,0.5853,,,,,,16.763,r2_measured_02859,read,measured,,,,,0.7074,,ok,0.423
10.9114,419,,,0.2617,,,,,,12.0409,r2_measured_02860,read,measured,,,,,0.4879,,ok,0.3237
14.9165,675,,,0.4967,,,,,,16.3856,r2_measured_02861,read,measured,,,,,0.6029,,ok,0.3061
14.858,627,,,0.5529,,,,,,16.3385,r2_measured_02862,read,measured,,,,,0.5662,,ok,0.302
12.9122,507,,,0.4918,,,,,,14.3931,r2_measured_02863,read,measured,,,,,0.5726,,ok,0.3573
14.8886,369,,,0.3161,,,,,,16.3217,r2_measured_02864,read,measured,,,,,0.6212,,ok,0.4313
13.4321,369,,,0.3206,,,,,,15.07,r2_measured_02865,read,measured,,,,,0.7301,,ok,0.5161
14.7289,418,,,0.3912,,,,,,16.4924,r2_measured_02866,read,measured,,,,,0.8115,,ok,0.4808
13.6766,417,,,0.2907,,,,,,15.0656,r2_measured_02867,read,measured,,,,,0.5842,,ok,0.4503
13.4285,419,,,0.3619,,,,,,15.0121,r2_measured_02868,read,measured,,,,,0.674,,ok,0.4779
14.7903,680,,,0.5787,,,,,,16.5965,r2_measured_02869,read,measured,,,,,0.8044,,ok,0.3398
14.6493,566,,,0.4987,,,,,,16.1569,r2_measured_02870,read,measured,,,,,0.6065,,ok,0.3418
16.8352,688,,,0.5261,,,,,,18.3171,r2_measured_02871,read,measured,,,,,0.5679,,ok,0.3269
10.0542,568,,,0.5939,,,,,,11.8763,r2_measured_02872,read,measured,,,,,0.697,,ok,0.4406
13.2851,418,,,0.3329,,,,,,14.9274,r2_measured_02873,read,measured,,,,,0.7986,,ok,0.4414
14.7325,505,,,0.6422,,,,,,16.7245,r2_measured_02874,read,measured,,,,,0.7852,,ok,0.4848
72.6955,568,,,0.4337,,,,,,74.2504,r2_measured_02875,read,measured,,,,,0.6855,,ok,0.3649
17.5987,568,,,0.8678,,,,,,20.0303,r2_measured_02876,read,measured,,,,,0.9105,,ok,0.5355
14.9948,663,,,0.7459,,,,,,17.1848,r2_measured_02877,read,measured,,,,,0.8638,,ok,0.4916
13.2256,674,,,0.6545,,,,,,15.2197,r2_measured_02878,read,measured,,,,,0.8002,,ok,0.4525
11.7758,681,,,0.7408,,,,,,13.9476,r2_measured_02879,read,measured,,,,,0.8552,,ok,0.481
13.1853,679,,,0.7063,,,,,,15.2367,r2_measured_02880,read,measured,,,,,0.7765,,ok,0.4788
12.1709,663,,,0.7213,,,,,,14.4495,r2_measured_02881,read,measured,,,,,0.925,,ok,0.5107
107.9782,689,8.553,11.6094,0.5006,2.4193,1,11.6065,1,58.5916,109.4576,r2_measured_02882,update,measured,46.9822,1.4794,1,16.7325,0.5918,21.6818,ok,0.3203
12.2664,419,,,0.2407,,,,,,13.3384,r2_measured_02883,read,measured,,,,,0.4761,,ok,0.305
14.2455,419,,,0.2433,,,,,,15.317,r2_measured_02884,read,measured,,,,,0.476,,ok,0.3001
15.5549,681,,,0.5324,,,,,,17.2581,r2_measured_02885,read,measured,,,,,0.7244,,ok,0.3732
16.5266,628,,,0.5167,,,,,,18.1478,r2_measured_02886,read,measured,,,,,0.6842,,ok,0.3543
13.1744,568,,,0.4251,,,,,,14.5812,r2_measured_02887,read,measured,,,,,0.5803,,ok,0.3245
13.6395,680,,,0.5385,,,,,,15.2354,r2_measured_02888,read,measured,,,,,0.6421,,ok,0.3435
11.1063,679,,,0.4939,,,,,,12.5913,r2_measured_02889,read,measured,,,,,0.6072,,ok,0.3218
12.638,369,,,0.2883,,,,,,13.9852,r2_measured_02890,read,measured,,,,,0.616,,ok,0.3829
15.6332,681,,,0.5621,,,,,,17.3413,r2_measured_02891,read,measured,,,,,0.7222,,ok,0.3552
13.8738,679,,,0.604,,,,,,15.6467,r2_measured_02892,read,measured,,,,,0.6681,,ok,0.4218
17.3132,627,,,0.4707,,,,,,18.7541,r2_measured_02893,read,measured,,,,,0.5966,,ok,0.3127
12.0168,678,,,0.6104,,,,,,13.6954,r2_measured_02894,read,measured,,,,,0.6164,,ok,0.3804
13.245,688,,,0.5025,,,,,,14.8117,r2_measured_02895,read,measured,,,,,0.64,,ok,0.3489
15.0028,509,,,0.4509,,,,,,16.3778,r2_measured_02896,read,measured,,,,,0.5537,,ok,0.3169
9.8667,566,,,0.4835,,,,,,11.2885,r2_measured_02897,read,measured,,,,,0.5595,,ok,0.3198
13.7819,662,,,0.5135,,,,,,15.2175,r2_measured_02898,read,measured,,,,,0.5348,,ok,0.3274
17.0803,418,,,0.2479,,,,,,18.189,r2_measured_02899,read,measured,,,,,0.509,,ok,0.3009
11.0666,662,,,0.511,,,,,,12.6591,r2_measured_02900,read,measured,,,,,0.7023,,ok,0.3179
14.9747,679,,,0.7569,,,,,,17.2225,r2_measured_02901,read,measured,,,,,0.9637,,ok,0.4428
12.2147,568,,,0.5245,,,,,,13.7573,r2_measured_02902,read,measured,,,,,0.5803,,ok,0.3741
13.7157,369,,,0.2348,,,,,,14.8387,r2_measured_02903,read,measured,,,,,0.466,,ok,0.3647
15.1851,687,,,0.5333,,,,,,16.7709,r2_measured_02904,read,measured,,,,,0.6379,,ok,0.3493
11.8254,628,,,0.5581,,,,,,13.657,r2_measured_02905,read,measured,,,,,0.8089,,ok,0.3911
14.3938,567,,,0.5079,,,,,,16.0097,r2_measured_02906,read,measured,,,,,0.682,,ok,0.3563
15.0951,566,,,0.6107,,,,,,16.8971,r2_measured_02907,read,measured,,,,,0.7069,,ok,0.4106
13.861,680,,,0.6227,,,,,,15.6576,r2_measured_02908,read,measured,,,,,0.7165,,ok,0.3841
13.1272,681,,,0.6833,,,,,,15.1584,r2_measured_02909,read,measured,,,,,0.8536,,ok,0.4151
22.2057,689,,,0.531,,,,,,23.7434,r2_measured_02910,read,measured,,,,,0.607,,ok,0.3262
8.1246,663,,,0.5043,,,,,,9.6371,r2_measured_02911,read,measured,,,,,0.616,,ok,0.3243
13.1948,681,,,0.5119,,,,,,14.6958,r2_measured_02912,read,measured,,,,,0.5699,,ok,0.347
11.9542,509,,,0.4027,,,,,,13.2568,r2_measured_02913,read,measured,,,,,0.5234,,ok,0.3168
22.5074,663,,,0.5878,,,,,,24.1221,r2_measured_02914,read,measured,,,,,0.6272,,ok,0.3324
3.7424,566,,,0.5111,,,,,,5.1403,r2_measured_02915,read,measured,,,,,0.5181,,ok,0.312
14.6889,678,,,0.6821,,,,,,16.7432,r2_measured_02916,read,measured,,,,,0.7941,,ok,0.4901
14.2779,680,,,0.5511,,,,,,16.001,r2_measured_02917,read,measured,,,,,0.7272,,ok,0.3687
13.1474,680,,,0.5704,,,,,,14.8998,r2_measured_02918,read,measured,,,,,0.7059,,ok,0.4011
14.1439,663,,,0.5979,,,,,,16.0624,r2_measured_02919,read,measured,,,,,0.7008,,ok,0.5366
12.9143,419,,,0.2913,,,,,,14.3294,r2_measured_02920,read,measured,,,,,0.6573,,ok,0.4051
16.0679,689,,,0.6738,,,,,,18.0724,r2_measured_02921,read,measured,,,,,0.8198,,ok,0.42
11.8632,674,,,0.5751,,,,,,13.5758,r2_measured_02922,read,measured,,,,,0.7105,,ok,0.3518
13.9342,509,,,0.5282,,,,,,15.67,r2_measured_02923,read,measured,,,,,0.6702,,ok,0.4361
13.6169,509,,,0.678,,,,,,15.656,r2_measured_02924,read,measured,,,,,0.7352,,ok,0.5407
12.5234,419,,,0.4252,,,,,,14.2593,r2_measured_02925,read,measured,,,,,0.7868,,ok,0.4304
14.7278,689,,,0.7682,,,,,,17.0542,r2_measured_02926,read,measured,,,,,1.0525,,ok,0.4254
13.6975,680,,,0.812,,,,,,15.914,r2_measured_02927,read,measured,,,,,0.8847,,ok,0.4366
19.8589,369,,,0.4377,,,,,,21.44,r2_measured_02928,read,measured,,,,,0.5941,,ok,0.4761
18.8591,662,,,0.8333,,,,,,21.2348,r2_measured_02929,read,measured,,,,,0.9411,,ok,0.5011
17.7358,567,,,0.7829,,,,,,20.2021,r2_measured_02930,read,measured,,,,,0.9018,,ok,0.669
11.0774,419,,,0.3187,,,,,,12.4415,r2_measured_02931,read,measured,,,,,0.5768,,ok,0.4032
26.7584,687,,,0.8744,,,,,,29.48,r2_measured_02932,read,measured,,,,,1.0776,,ok,0.5514
16.8209,568,,,0.7676,,,,,,19.3129,r2_measured_02933,read,measured,,,,,1.0289,,ok,0.5914
13.9958,663,,,0.7474,,,,,,16.3678,r2_measured_02934,read,measured,,,,,1.0483,,ok,0.477
12.631,680,,,0.6668,,,,,,14.5353,r2_measured_02935,read,measured,,,,,0.6972,,ok,0.4557
13.5572,678,,,0.6012,,,,,,15.048,r2_measured_02936,read,measured,,,,,0.4834,,ok,0.3383
10.0717,628,,,0.4823,,,,,,11.5281,r2_measured_02937,read,measured,,,,,0.6031,,ok,0.3098
14.8804,661,,,0.6044,,,,,,16.5035,r2_measured_02938,read,measured,,,,,0.6062,,ok,0.3351
12.3802,419,,,0.2615,,,,,,13.5357,r2_measured_02939,read,measured,,,,,0.4938,,ok,0.3475
16.3218,689,,,0.7594,,,,,,18.281,r2_measured_02940,read,measured,,,,,0.702,,ok,0.3962
13.7238,689,,,0.8131,,,,,,15.9524,r2_measured_02941,read,measured,,,,,0.8425,,ok,0.4826
12.7493,509,,,0.4813,,,,,,14.2783,r2_measured_02942,read,measured,,,,,0.5282,,ok,0.3362
14.8244,628,,,0.5317,,,,,,16.4148,r2_measured_02943,read,measured,,,,,0.6173,,ok,0.3738
13.2777,681,,,0.5609,,,,,,14.7583,r2_measured_02944,read,measured,,,,,0.5376,,ok,0.321
122.9365,680,19.6323,12.7388,0.6687,2.5688,1,12.7373,1,58.1215,125.0004,r2_measured_02945,update,measured,45.3827,2.0639,1,19.1383,0.8547,23.4756,ok,0.4515
12.7153,661,,,0.9271,,,,,,15.2163,r2_measured_02946,read,measured,,,,,0.9975,,ok,0.4768
13.6357,679,,,0.6978,,,,,,15.7652,r2_measured_02947,read,measured,,,,,0.8893,,ok,0.4543
14.7145,675,,,0.5426,,,,,,16.3478,r2_measured_02948,read,measured,,,,,0.6936,,ok,0.3282
10.8647,369,,,0.2103,,,,,,11.9063,r2_measured_02949,read,measured,,,,,0.4528,,ok,0.3301
15.7514,661,,,0.6314,,,,,,17.4781,r2_measured_02950,read,measured,,,,,0.654,,ok,0.3685
13.3675,509,,,0.5125,,,,,,14.9223,r2_measured_02951,read,measured,,,,,0.6296,,ok,0.3443
13.8461,675,,,0.7431,,,,,,16.0424,r2_measured_02952,read,measured,,,,,0.8908,,ok,0.4563
13.3852,689,,,0.6431,,,,,,15.2054,r2_measured_02953,read,measured,,,,,0.6813,,ok,0.4132
14.0768,417,,,0.2932,,,,,,15.435,r2_measured_02954,read,measured,,,,,0.6176,,ok,0.3854
16.3159,628,,,0.7096,,,,,,18.1271,r2_measured_02955,read,measured,,,,,0.5977,,ok,0.4327
9.237,566,,,0.5692,,,,,,10.9814,r2_measured_02956,read,measured,,,,,0.699,,ok,0.404
16.1613,680,,,0.8092,,,,,,18.639,r2_measured_02957,read,measured,,,,,1.0163,,ok,0.5487
11.4616,568,,,0.6478,,,,,,13.5405,r2_measured_02958,read,measured,,,,,0.8426,,ok,0.5007
13.7514,680,,,0.7789,,,,,,16.286,r2_measured_02959,read,measured,,,,,1.0504,,ok,0.5762
10.7585,680,,,0.5131,,,,,,12.2798,r2_measured_02960,read,measured,,,,,0.6165,,ok,0.3266
14.33,628,,,0.6641,,,,,,16.2758,r2_measured_02961,read,measured,,,,,0.8023,,ok,0.3894
13.4303,681,,,0.5072,,,,,,14.9627,r2_measured_02962,read,measured,,,,,0.6212,,ok,0.341
11.8216,418,,,0.3375,,,,,,13.2163,r2_measured_02963,read,measured,,,,,0.5932,,ok,0.4033
18.2007,417,,,0.2902,,,,,,19.4781,r2_measured_02964,read,measured,,,,,0.5684,,ok,0.3506
19.5025,628,,,0.8419,,,,,,21.8755,r2_measured_02965,read,measured,,,,,0.8781,,ok,0.5172
6.1629,568,,,0.5018,,,,,,7.7795,r2_measured_02966,read,measured,,,,,0.637,,ok,0.4074
15.8101,689,,,0.7465,,,,,,18.2073,r2_measured_02967,read,measured,,,,,1.0414,,ok,0.5072
16.4664,679,,,0.6618,,,,,,18.5279,r2_measured_02968,read,measured,,,,,0.8268,,ok,0.4837
9.9312,419,,,0.3809,,,,,,11.5168,r2_measured_02969,read,measured,,,,,0.5765,,ok,0.5528
14.0994,679,,,0.6778,,,,,,16.0959,r2_measured_02970,read,measured,,,,,0.7952,,ok,0.4358
13.6793,417,,,0.2799,,,,,,14.7612,r2_measured_02971,read,measured,,,,,0.4338,,ok,0.3147
14.2861,688,,,0.5648,,,,,,15.9288,r2_measured_02972,read,measured,,,,,0.6407,,ok,0.3676
12.0245,663,,,0.5239,,,,,,13.7576,r2_measured_02973,read,measured,,,,,0.8209,,ok,0.3261
13.3016,509,,,0.4848,,,,,,14.774,r2_measured_02974,read,measured,,,,,0.6091,,ok,0.3187
13.572,675,,,0.4927,,,,,,15.157,r2_measured_02975,read,measured,,,,,0.638,,ok,0.3836
12.9043,505,,,0.458,,,,,,14.2025,r2_measured_02976,read,measured,,,,,0.4826,,ok,0.3051
108.0506,680,11.2104,13.468,0.5055,2.1269,1,13.466,1,59.6148,109.5569,r2_measured_02977,update,measured,46.1468,1.5063,1,15.1346,0.603,19.9639,ok,0.3196
12.3704,417,,,0.2462,,,,,,13.3842,r2_measured_02978,read,measured,,,,,0.421,,ok,0.2996
14.7747,418,,,0.3379,,,,,,16.2187,r2_measured_02979,read,measured,,,,,0.6703,,ok,0.3745
14.8766,567,,,0.5514,,,,,,16.4395,r2_measured_02980,read,measured,,,,,0.5724,,ok,0.3729
14.7601,680,,,0.674,,,,,,16.6364,r2_measured_02981,read,measured,,,,,0.7133,,ok,0.4104
13.3717,661,,,0.5977,,,,,,15.3509,r2_measured_02982,read,measured,,,,,0.9298,,ok,0.3738
12.1536,568,,,0.4974,,,,,,13.6081,r2_measured_02983,read,measured,,,,,0.5477,,ok,0.3442
16.8336,689,,,0.552,,,,,,18.4806,r2_measured_02984,read,measured,,,,,0.6854,,ok,0.34
12.5979,680,,,0.7001,,,,,,14.455,r2_measured_02985,read,measured,,,,,0.6725,,ok,0.4072
13.4568,662,,,0.6236,,,,,,15.3116,r2_measured_02986,read,measured,,,,,0.7373,,ok,0.4155
12.568,629,,,0.5779,,,,,,14.2733,r2_measured_02987,read,measured,,,,,0.6542,,ok,0.3984
13.5344,419,,,0.2634,,,,,,14.8078,r2_measured_02988,read,measured,,,,,0.5123,,ok,0.4343
18.9417,675,,,0.6715,,,,,,20.9586,r2_measured_02989,read,measured,,,,,0.8036,,ok,0.4616
9.0469,675,,,0.5758,,,,,,10.7724,r2_measured_02990,read,measured,,,,,0.6908,,ok,0.3806
11.6843,687,,,0.4949,,,,,,13.1685,r2_measured_02991,read,measured,,,,,0.5859,,ok,0.3417
15.859,688,,,0.6231,,,,,,17.6559,r2_measured_02992,read,measured,,,,,0.7232,,ok,0.373
185.1918,680,7.4634,10.3441,0.5061,3.8591,1,10.3423,1,58.062,186.6911,r2_measured_02993,update,measured,47.7179,1.4993,1,15.0894,0.6199,100.7179,ok,0.3128
13.9892,629,,,0.4916,,,,,,15.6015,r2_measured_02994,read,measured,,,,,0.7386,,ok,0.3198
11.5453,626,,,0.409,,,,,,12.8855,r2_measured_02995,read,measured,,,,,0.5785,,ok,0.2971
93.8193,629,10.9278,13.0064,0.4879,2.4699,0,13.0048,1,59.6141,95.3095,r2_measured_02996,update,measured,46.6077,1.4902,1,0.007,0.6304,20.8005,ok,0.3099
11.9251,663,,,0.4992,,,,,,13.4993,r2_measured_02997,read,measured,,,,,0.6304,,ok,0.3773
12.9026,419,,,0.292,,,,,,14.1313,r2_measured_02998,read,measured,,,,,0.5346,,ok,0.3376
14.8693,369,,,0.2633,,,,,,16.0135,r2_measured_02999,read,measured,,,,,0.4736,,ok,0.3498
24.2084,678,,,0.6932,,,,,,26.1646,r2_measured_03000,read,measured,,,,,0.6746,,ok,0.4885
5.8084,680,,,0.5188,,,,,,7.2367,r2_measured_03001,read,measured,,,,,0.5443,,ok,0.3087
13.7389,687,,,0.5821,,,,,,15.4451,r2_measured_03002,read,measured,,,,,0.6787,,ok,0.3716
14.8666,418,,,0.3316,,,,,,16.2574,r2_measured_03003,read,measured,,,,,0.6552,,ok,0.3497
15.6309,689,,,0.5416,,,,,,17.3414,r2_measured_03004,read,measured,,,,,0.7812,,ok,0.3212
8.974,680,,,0.4894,,,,,,10.4391,r2_measured_03005,read,measured,,,,,0.5958,,ok,0.316
22.8321,688,,,0.6206,,,,,,24.7134,r2_measured_03006,read,measured,,,,,0.7768,,ok,0.3981
99.3171,663,11.8258,2.0733,3.5895,2.739,0,2.0714,1,56.1956,104.2447,r2_measured_03007,update,measured,54.1223,4.9276,1,0.0077,0.8604,28.549,ok,0.3979
9.0359,369,,,0.2377,,,,,,10.1558,r2_measured_03008,read,measured,,,,,0.4717,,ok,0.3581
14.8649,568,,,0.4863,,,,,,16.341,r2_measured_03009,read,measured,,,,,0.6095,,ok,0.318
9.6558,419,,,0.2313,,,,,,10.7025,r2_measured_03010,read,measured,,,,,0.4759,,ok,0.289
18.7609,629,,,0.5469,,,,,,20.2552,r2_measured_03011,read,measured,,,,,0.568,,ok,0.3179
14.3641,674,,,0.479,,,,,,15.8011,r2_measured_03012,read,measured,,,,,0.5669,,ok,0.3296
18.0825,628,,,0.5588,,,,,,19.7497,r2_measured_03013,read,measured,,,,,0.6646,,ok,0.3657
6.3318,418,,,0.2383,,,,,,7.3722,r2_measured_03014,read,measured,,,,,0.4548,,ok,0.3012
13.6884,624,,,0.5803,,,,,,15.5921,r2_measured_03015,read,measured,,,,,0.8432,,ok,0.4001
14.6903,663,,,0.7651,,,,,,16.7119,r2_measured_03016,read,measured,,,,,0.7482,,ok,0.4272
17.4239,674,,,0.5847,,,,,,19.0328,r2_measured_03017,read,measured,,,,,0.6196,,ok,0.3348
10.2505,509,,,0.471,,,,,,11.6229,r2_measured_03018,read,measured,,,,,0.4989,,ok,0.3451
12.416,419,,,0.2551,,,,,,13.4852,r2_measured_03019,read,measured,,,,,0.4735,,ok,0.2926
107.4155,418,8.3109,13.5525,0.3143,2.0759,1,13.5509,1,58.0724,108.8827,r2_measured_03020,update,measured,44.5199,1.4672,1,15.7432,0.6625,23.2131,ok,0.4216
12.6345,369,,,0.2684,,,,,,13.8623,r2_measured_03021,read,measured,,,,,0.5754,,ok,0.3328
17.7825,628,,,0.6185,,,,,,19.7929,r2_measured_03022,read,measured,,,,,0.9043,,ok,0.4072
16.1988,507,,,0.5339,,,,,,17.9913,r2_measured_03023,read,measured,,,,,0.7268,,ok,0.4569
10.5374,680,,,0.7088,,,,,,12.5375,r2_measured_03024,read,measured,,,,,0.7792,,ok,0.4272
10.6846,567,,,0.5412,,,,,,12.3034,r2_measured_03025,read,measured,,,,,0.6558,,ok,0.3584
12.6837,568,,,0.4647,,,,,,14.183,r2_measured_03026,read,measured,,,,,0.6084,,ok,0.367
14.3437,681,,,0.5065,,,,,,15.9974,r2_measured_03027,read,measured,,,,,0.7615,,ok,0.3176
13.4099,689,,,0.5125,,,,,,14.9012,r2_measured_03028,read,measured,,,,,0.5939,,ok,0.3194
15.1536,680,,,0.5681,,,,,,16.8858,r2_measured_03029,read,measured,,,,,0.742,,ok,0.3511
12.8814,673,,,0.5516,,,,,,14.5963,r2_measured_03030,read,measured,,,,,0.73,,ok,0.3671
14.1425,419,,,0.3221,,,,,,15.4726,r2_measured_03031,read,measured,,,,,0.5984,,ok,0.3471
20.8738,681,,,0.634,,,,,,22.6319,r2_measured_03032,read,measured,,,,,0.6888,,ok,0.3618
101.6513,567,9.0698,9.2883,0.5548,2.3864,0,9.2865,1,50.7174,103.3774,r2_measured_03033,update,measured,41.4291,1.7261,1,15.7343,0.6881,23.7434,ok,0.409
11.541,680,,,0.5925,,,,,,13.2572,r2_measured_03034,read,measured,,,,,0.6926,,ok,0.3573
14.0935,689,,,0.8985,,,,,,16.0615,r2_measured_03035,read,measured,,,,,0.6622,,ok,0.3389
13.494,689,,,0.5744,,,,,,15.2547,r2_measured_03036,read,measured,,,,,0.7519,,ok,0.3595
12.1034,628,,,0.478,,,,,,13.7144,r2_measured_03037,read,measured,,,,,0.6345,,ok,0.4311
15.0348,680,,,0.5351,,,,,,16.7571,r2_measured_03038,read,measured,,,,,0.7009,,ok,0.4081
13.0707,681,,,0.547,,,,,,14.663,r2_measured_03039,read,measured,,,,,0.6315,,ok,0.3457
11.9583,419,,,0.2893,,,,,,13.2963,r2_measured_03040,read,measured,,,,,0.601,,ok,0.3858
15.5128,663,,,0.5087,,,,,,17.1494,r2_measured_03041,read,measured,,,,,0.6686,,ok,0.3393
12.7858,507,,,0.5107,,,,,,14.2176,r2_measured_03042,read,measured,,,,,0.5298,,ok,0.3335
14.571,628,,,0.4749,,,,,,15.9979,r2_measured_03043,read,measured,,,,,0.571,,ok,0.3178
15.8222,629,,,0.6358,,,,,,17.7919,r2_measured_03044,read,measured,,,,,0.784,,ok,0.4677
14.4771,689,,,0.5964,,,,,,16.2096,r2_measured_03045,read,measured,,,,,0.6953,,ok,0.3666
11.6598,680,,,0.6079,,,,,,13.3251,r2_measured_03046,read,measured,,,,,0.6414,,ok,0.3505
13.448,509,,,0.513,,,,,,14.9352,r2_measured_03047,read,measured,,,,,0.577,,ok,0.3358
15.2284,675,,,0.5652,,,,,,16.7903,r2_measured_03048,read,measured,,,,,0.5899,,ok,0.3415
14.1926,679,,,0.5894,,,,,,15.8394,r2_measured_03049,read,measured,,,,,0.6449,,ok,0.3485
13.9703,568,,,0.4938,,,,,,15.5124,r2_measured_03050,read,measured,,,,,0.6041,,ok,0.3832
14.4366,509,,,0.4792,,,,,,15.8559,r2_measured_03051,read,measured,,,,,0.5629,,ok,0.3182
14.0656,663,,,0.6771,,,,,,16.0933,r2_measured_03052,read,measured,,,,,0.7994,,ok,0.468
12.8278,663,,,0.6557,,,,,,14.6702,r2_measured_03053,read,measured,,,,,0.7042,,ok,0.4043
104.9496,506,9.3516,9.4562,0.4902,1.7711,1,9.4545,1,57.8914,106.4228,r2_measured_03054,update,measured,48.4352,1.4732,1,14.3614,0.5086,21.5741,ok,0.4133
18.0185,680,,,0.4605,,,,,,19.4924,r2_measured_03055,read,measured,,,,,0.624,,ok,0.3234
10.2251,419,,,0.2573,,,,,,11.3324,r2_measured_03056,read,measured,,,,,0.4818,,ok,0.3179
20.1858,680,,,0.7332,,,,,,21.9602,r2_measured_03057,read,measured,,,,,0.6065,,ok,0.366
7.9608,689,,,0.4733,,,,,,9.4542,r2_measured_03058,read,measured,,,,,0.6346,,ok,0.3144
13.9377,629,,,0.6862,,,,,,16.0277,r2_measured_03059,read,measured,,,,,0.8324,,ok,0.4907
15.4864,680,,,0.6599,,,,,,17.5254,r2_measured_03060,read,measured,,,,,0.825,,ok,0.4647
11.5292,689,,,0.6151,,,,,,13.3895,r2_measured_03061,read,measured,,,,,0.7269,,ok,0.4406
15.289,509,,,0.6058,,,,,,17.0579,r2_measured_03062,read,measured,,,,,0.6622,,ok,0.4224
19.6463,628,,,0.5405,,,,,,21.3573,r2_measured_03063,read,measured,,,,,0.6844,,ok,0.4055
10.9568,681,,,0.6733,,,,,,12.9407,r2_measured_03064,read,measured,,,,,0.8158,,ok,0.411
9.4641,663,,,0.73,,,,,,11.2664,r2_measured_03065,read,measured,,,,,0.6293,,ok,0.3747
13.6107,629,,,0.8822,,,,,,15.8516,r2_measured_03066,read,measured,,,,,0.78,,ok,0.4823
13.0936,369,,,0.2441,,,,,,14.3281,r2_measured_03067,read,measured,,,,,0.5963,,ok,0.3399
14.6623,679,,,0.6022,,,,,,16.3427,r2_measured_03068,read,measured,,,,,0.6385,,ok,0.3706
12.8662,674,,,0.4976,,,,,,14.3836,r2_measured_03069,read,measured,,,,,0.6168,,ok,0.3357
13.0459,628,,,0.5597,,,,,,14.7588,r2_measured_03070,read,measured,,,,,0.6884,,ok,0.3942
15.4132,629,,,0.614,,,,,,17.4234,r2_measured_03071,read,measured,,,,,0.8559,,ok,0.4315
13.1667,663,,,0.6529,,,,,,14.87,r2_measured_03072,read,measured,,,,,0.6442,,ok,0.342
12.6607,567,,,0.4835,,,,,,14.3134,r2_measured_03073,read,measured,,,,,0.7569,,ok,0.35
13.4474,689,,,0.6813,,,,,,15.2845,r2_measured_03074,read,measured,,,,,0.7037,,ok,0.3802
14.9573,626,,,0.6514,,,,,,17.0059,r2_measured_03075,read,measured,,,,,0.9106,,ok,0.406
12.0376,680,,,0.4891,,,,,,13.6361,r2_measured_03076,read,measured,,,,,0.7094,,ok,0.3307
13.6778,674,,,0.5324,,,,,,15.3833,r2_measured_03077,read,measured,,,,,0.7544,,ok,0.3211
12.9625,680,,,0.4817,,,,,,14.4678,r2_measured_03078,read,measured,,,,,0.637,,ok,0.3246
15.8967,679,,,0.6403,,,,,,17.7035,r2_measured_03079,read,measured,,,,,0.7361,,ok,0.3531
13.9679,628,,,0.4867,,,,,,15.4509,r2_measured_03080,read,measured,,,,,0.6146,,ok,0.3207
11.6634,663,,,0.5525,,,,,,13.2268,r2_measured_03081,read,measured,,,,,0.6034,,ok,0.3436
13.409,662,,,0.6179,,,,,,15.1879,r2_measured_03082,read,measured,,,,,0.7433,,ok,0.3488
13.0049,689,,,0.6164,,,,,,14.8696,r2_measured_03083,read,measured,,,,,0.7565,,ok,0.4155
14.6131,662,,,0.5615,,,,,,16.2876,r2_measured_03084,read,measured,,,,,0.6716,,ok,0.3488
123.8685,663,18.1575,11.1192,0.7299,2.7674,1,11.1172,1,58.2856,126.2297,r2_measured_03085,update,measured,47.1664,2.3612,1,19.6894,0.9199,24.9686,ok,0.5517
11.6973,567,,,0.5845,,,,,,13.3627,r2_measured_03086,read,measured,,,,,0.6331,,ok,0.3798
14.2845,419,,,0.3792,,,,,,15.8058,r2_measured_03087,read,measured,,,,,0.6539,,ok,0.4221
15.3149,628,,,0.5246,,,,,,16.9985,r2_measured_03088,read,measured,,,,,0.686,,ok,0.3952
26.5406,675,,,0.6099,,,,,,28.1945,r2_measured_03089,read,measured,,,,,0.6571,,ok,0.3188
14.9333,628,,,0.5507,,,,,,16.5881,r2_measured_03090,read,measured,,,,,0.6434,,ok,0.3977
14.5651,627,,,0.4745,,,,,,16.1161,r2_measured_03091,read,measured,,,,,0.6613,,ok,0.3526
12.7432,567,,,0.4532,,,,,,14.1051,r2_measured_03092,read,measured,,,,,0.5404,,ok,0.3126
19.6004,681,,,0.5417,,,,,,21.0993,r2_measured_03093,read,measured,,,,,0.5666,,ok,0.3255
6.0745,509,,,0.41,,,,,,7.3721,r2_measured_03094,read,measured,,,,,0.5267,,ok,0.3098
14.8649,627,,,0.4988,,,,,,16.3492,r2_measured_03095,read,measured,,,,,0.5875,,ok,0.3318
18.9398,679,,,0.4947,,,,,,20.4158,r2_measured_03096,read,measured,,,,,0.6133,,ok,0.3057
13.0658,419,,,0.2967,,,,,,14.3913,r2_measured_03097,read,measured,,,,,0.5216,,ok,0.4432
10.7883,679,,,0.5265,,,,,,12.2662,r2_measured_03098,read,measured,,,,,0.5775,,ok,0.3107
95.1029,629,10.3755,12.663,0.587,3.2758,1,12.6611,1,59.6369,96.8961,r2_measured_03099,update,measured,46.9739,1.7932,1,0.0062,0.7659,21.8085,ok,0.3692
13.4486,661,,,0.527,,,,,,14.9036,r2_measured_03100,read,measured,,,,,0.5475,,ok,0.3224
10.7854,680,,,0.4814,,,,,,12.3184,r2_measured_03101,read,measured,,,,,0.6568,,ok,0.3265
14.9003,629,,,0.5108,,,,,,16.3457,r2_measured_03102,read,measured,,,,,0.5727,,ok,0.3038
14.1433,680,,,0.5876,,,,,,15.8897,r2_measured_03103,read,measured,,,,,0.7246,,ok,0.3592
13.2257,672,,,0.6281,,,,,,14.8901,r2_measured_03104,read,measured,,,,,0.5753,,ok,0.3905
12.545,369,,,0.2543,,,,,,13.78,r2_measured_03105,read,measured,,,,,0.5544,,ok,0.3689
18.1846,661,,,0.4838,,,,,,19.7286,r2_measured_03106,read,measured,,,,,0.6872,,ok,0.3099
13.3978,687,,,0.4958,,,,,,14.9319,r2_measured_03107,read,measured,,,,,0.6524,,ok,0.3183
18.3534,628,,,0.5406,,,,,,19.9216,r2_measured_03108,read,measured,,,,,0.5637,,ok,0.401
9.0582,419,,,0.4001,,,,,,10.4022,r2_measured_03109,read,measured,,,,,0.5084,,ok,0.3813
21.1202,509,,,0.4464,,,,,,22.563,r2_measured_03110,read,measured,,,,,0.5789,,ok,0.3577
164.0547,626,13.265,3.9136,0.5751,2.0324,1,3.9118,1,49.5359,165.588,r2_measured_03111,update,measured,45.6223,1.5333,1,15.6168,0.572,83.6046,ok,0.3185
8.5967,628,,,0.5033,,,,,,10.2902,r2_measured_03112,read,measured,,,,,0.6526,,ok,0.4764
13.7266,680,,,0.5603,,,,,,15.4552,r2_measured_03113,read,measured,,,,,0.7166,,ok,0.3745
14.0047,568,,,0.4872,,,,,,15.5183,r2_measured_03114,read,measured,,,,,0.6296,,ok,0.336
17.3481,681,,,0.5591,,,,,,18.967,r2_measured_03115,read,measured,,,,,0.6247,,ok,0.3563
16.0728,681,,,0.5026,,,,,,17.5072,r2_measured_03116,read,measured,,,,,0.5522,,ok,0.3179
8.9899,567,,,0.4868,,,,,,10.3954,r2_measured_03117,read,measured,,,,,0.5326,,ok,0.3268
12.8678,681,,,0.5077,,,,,,14.4955,r2_measured_03118,read,measured,,,,,0.7152,,ok,0.3398
15.0839,628,,,0.6012,,,,,,16.9221,r2_measured_03119,read,measured,,,,,0.6973,,ok,0.4568
13.4875,674,,,0.5693,,,,,,15.2532,r2_measured_03120,read,measured,,,,,0.6887,,ok,0.402
15.5824,629,,,0.64,,,,,,17.5382,r2_measured_03121,read,measured,,,,,0.82,,ok,0.4172
11.6589,681,,,0.5324,,,,,,13.1878,r2_measured_03122,read,measured,,,,,0.6099,,ok,0.3207
16.558,568,,,0.4652,,,,,,17.9895,r2_measured_03123,read,measured,,,,,0.5806,,ok,0.3215
11.4875,681,,,0.5985,,,,,,13.0192,r2_measured_03124,read,measured,,,,,0.5535,,ok,0.3181
15.2467,681,,,0.5411,,,,,,16.8144,r2_measured_03125,read,measured,,,,,0.6141,,ok,0.3427
13.7132,663,,,0.6491,,,,,,15.6216,r2_measured_03126,read,measured,,,,,0.7869,,ok,0.3971
12.7817,681,,,0.51,,,,,,14.3977,r2_measured_03127,read,measured,,,,,0.6705,,ok,0.3652
110.5976,629,13.2321,11.8649,2.5267,2.5914,1,11.8633,1,61.0245,114.2824,r2_measured_03128,update,measured,49.1596,3.6848,1,14.2889,0.721,19.4607,ok,0.3686
8.5068,680,,,0.5425,,,,,,10.0282,r2_measured_03129,read,measured,,,,,0.584,,ok,0.3312
15.2011,661,,,0.5626,,,,,,16.856,r2_measured_03130,read,measured,,,,,0.6409,,ok,0.3795
12.4959,509,,,0.4531,,,,,,13.8593,r2_measured_03131,read,measured,,,,,0.5193,,ok,0.3021
15.4867,509,,,0.5854,,,,,,17.1663,r2_measured_03132,read,measured,,,,,0.6249,,ok,0.3973
13.3259,661,,,0.5836,,,,,,15.1088,r2_measured_03133,read,measured,,,,,0.7159,,ok,0.3939
13.7835,689,,,0.6893,,,,,,15.8567,r2_measured_03134,read,measured,,,,,0.7578,,ok,0.5329
12.9688,663,,,0.4794,,,,,,14.4991,r2_measured_03135,read,measured,,,,,0.6708,,ok,0.3206
14.3034,681,,,0.5178,,,,,,15.8534,r2_measured_03136,read,measured,,,,,0.6192,,ok,0.3473
15.3663,509,,,0.4497,,,,,,16.8001,r2_measured_03137,read,measured,,,,,0.548,,ok,0.3732
12.4403,680,,,0.5001,,,,,,13.9193,r2_measured_03138,read,measured,,,,,0.6018,,ok,0.3158
14.6036,675,,,0.58,,,,,,16.3603,r2_measured_03139,read,measured,,,,,0.6581,,ok,0.4348
13.8855,663,,,0.5303,,,,,,15.4779,r2_measured_03140,read,measured,,,,,0.6257,,ok,0.3723
13.3495,673,,,0.5524,,,,,,14.9864,r2_measured_03141,read,measured,,,,,0.6461,,ok,0.367
11.9781,369,,,0.2605,,,,,,13.0324,r2_measured_03142,read,measured,,,,,0.4442,,ok,0.3029
16.8527,626,,,0.5023,,,,,,18.4427,r2_measured_03143,read,measured,,,,,0.6185,,ok,0.3986
14.4424,663,,,0.4345,,,,,,15.7768,r2_measured_03144,read,measured,,,,,0.5508,,ok,0.2957
14.3063,509,,,0.5486,,,,,,16.1806,r2_measured_03145,read,measured,,,,,0.7618,,ok,0.4877
15.0565,687,,,0.6039,,,,,,16.8106,r2_measured_03146,read,measured,,,,,0.7105,,ok,0.3506
12.3042,626,,,0.6401,,,,,,14.2086,r2_measured_03147,read,measured,,,,,0.7471,,ok,0.4356
13.6636,681,,,0.4936,,,,,,15.3703,r2_measured_03148,read,measured,,,,,0.7068,,ok,0.3667
13.9203,509,,,0.6154,,,,,,15.7804,r2_measured_03149,read,measured,,,,,0.7162,,ok,0.4479
13.9757,626,,,0.5099,,,,,,15.4466,r2_measured_03150,read,measured,,,,,0.5871,,ok,0.3151
13.7079,681,,,0.6552,,,,,,15.5123,r2_measured_03151,read,measured,,,,,0.7454,,ok,0.3347
91.2346,688,7.043,16.3168,0.5509,2.5721,0,16.3148,1,59.1035,92.7272,r2_measured_03152,update,measured,42.7867,1.4926,1,0.0092,0.5433,22.5068,ok,0.3349
14.0143,689,,,0.5986,,,,,,15.6812,r2_measured_03153,read,measured,,,,,0.6566,,ok,0.3371
13.9516,419,,,0.3083,,,,,,15.141,r2_measured_03154,read,measured,,,,,0.4684,,ok,0.3599
15.7182,628,,,0.4836,,,,,,19.2665,r2_measured_03155,read,measured,,,,,2.6436,,ok,0.3525
10.7128,567,,,0.4859,,,,,,12.1546,r2_measured_03156,read,measured,,,,,0.5694,,ok,0.3283
15.2314,679,,,0.7108,,,,,,17.3891,r2_measured_03157,read,measured,,,,,0.9346,,ok,0.4243
12.0538,629,,,0.5542,,,,,,13.6094,r2_measured_03158,read,measured,,,,,0.5992,,ok,0.3388
11.6609,417,,,0.3097,,,,,,12.9119,r2_measured_03159,read,measured,,,,,0.5571,,ok,0.3292
15.3836,663,,,0.522,,,,,,17.1526,r2_measured_03160,read,measured,,,,,0.6269,,ok,0.5513
13.761,624,,,0.4503,,,,,,15.182,r2_measured_03161,read,measured,,,,,0.5847,,ok,0.3257
17.026,663,,,0.5056,,,,,,18.5371,r2_measured_03162,read,measured,,,,,0.6125,,ok,0.3294
11.5897,681,,,0.5071,,,,,,13.148,r2_measured_03163,read,measured,,,,,0.6625,,ok,0.3322
14.6663,680,,,0.5543,,,,,,16.2233,r2_measured_03164,read,measured,,,,,0.6143,,ok,0.3249
13.7439,675,,,0.5379,,,,,,15.2693,r2_measured_03165,read,measured,,,,,0.6106,,ok,0.3159
91.337,418,5.8321,13.5541,0.2393,1.5291,0,13.5526,1,59.5994,92.4126,r2_measured_03166,update,measured,46.0453,1.0756,1,0.0125,0.4875,24.3639,ok,0.2983
17.012,679,,,0.6049,,,,,,18.6584,r2_measured_03167,read,measured,,,,,0.6424,,ok,0.326
12.2654,674,,,0.567,,,,,,13.8618,r2_measured_03168,read,measured,,,,,0.6248,,ok,0.3433
14.0362,629,,,0.6148,,,,,,15.8249,r2_measured_03169,read,measured,,,,,0.6815,,ok,0.4124
13.3505,689,,,0.5752,,,,,,15.1744,r2_measured_03170,read,measured,,,,,0.7979,,ok,0.3788
12.7313,507,,,0.5165,,,,,,14.18,r2_measured_03171,read,measured,,,,,0.562,,ok,0.3126
14.1269,680,,,0.5487,,,,,,15.8774,r2_measured_03172,read,measured,,,,,0.7664,,ok,0.3634
13.2034,680,,,0.6017,,,,,,14.8641,r2_measured_03173,read,measured,,,,,0.624,,ok,0.362
14.0686,679,,,0.5523,,,,,,15.6601,r2_measured_03174,read,measured,,,,,0.6404,,ok,0.3265
12.9215,679,,,0.6079,,,,,,14.6372,r2_measured_03175,read,measured,,,,,0.6463,,ok,0.3863
14.3947,680,,,0.5685,,,,,,15.9988,r2_measured_03176,read,measured,,,,,0.6403,,ok,0.3253
14.5252,663,,,0.5615,,,,,,16.297,r2_measured_03177,read,measured,,,,,0.7701,,ok,0.3715
14.89,509,,,0.4966,,,,,,16.6052,r2_measured_03178,read,measured,,,,,0.7728,,ok,0.376
11.5265,680,,,0.4921,,,,,,13.0565,r2_measured_03179,read,measured,,,,,0.6397,,ok,0.3374
15.6335,567,,,0.4794,,,,,,17.1876,r2_measured_03180,read,measured,,,,,0.6708,,ok,0.3345
14.1437,680,,,0.5598,,,,,,15.928,r2_measured_03181,read,measured,,,,,0.7703,,ok,0.3818
15.8828,679,,,0.9803,,,,,,18.0365,r2_measured_03182,read,measured,,,,,0.7591,,ok,0.3467
11.2723,689,,,0.5306,,,,,,12.9298,r2_measured_03183,read,measured,,,,,0.5829,,ok,0.4784
13.8131,419,,,0.2984,,,,,,15.3035,r2_measured_03184,read,measured,,,,,0.6244,,ok,0.4917
13.7147,368,,,0.2391,,,,,,14.888,r2_measured_03185,read,measured,,,,,0.5691,,ok,0.3151
15.2402,673,,,0.7451,,,,,,17.1118,r2_measured_03186,read,measured,,,,,0.648,,ok,0.3946
14.2038,679,,,0.5373,,,,,,15.8556,r2_measured_03187,read,measured,,,,,0.7256,,ok,0.3198
12.5568,418,,,0.3632,,,,,,14.063,r2_measured_03188,read,measured,,,,,0.6286,,ok,0.4478
14.9104,674,,,0.5491,,,,,,16.6125,r2_measured_03189,read,measured,,,,,0.7265,,ok,0.3288
13.3289,688,,,0.4919,,,,,,14.912,r2_measured_03190,read,measured,,,,,0.6923,,ok,0.3339
109.0827,628,12.9367,11.5593,0.5909,2.1192,1,11.5577,1,58.1454,110.8464,r2_measured_03191,update,measured,46.5861,1.7637,1,16.7185,0.6554,19.1629,ok,0.4472
14.6716,661,,,0.4726,,,,,,16.2102,r2_measured_03192,read,measured,,,,,0.6924,,ok,0.312
11.5645,566,,,0.4747,,,,,,13.0227,r2_measured_03193,read,measured,,,,,0.5947,,ok,0.3189
13.2707,681,,,0.5113,,,,,,14.8025,r2_measured_03194,read,measured,,,,,0.644,,ok,0.3147
13.386,688,,,0.5553,,,,,,15.0486,r2_measured_03195,read,measured,,,,,0.6807,,ok,0.3326
13.134,672,,,0.5132,,,,,,14.6205,r2_measured_03196,read,measured,,,,,0.5996,,ok,0.3102
12.8844,417,,,0.2749,,,,,,14.0925,r2_measured_03197,read,measured,,,,,0.5291,,ok,0.3495
15.8642,674,,,1.6598,,,,,,18.7897,r2_measured_03198,read,measured,,,,,0.7404,,ok,0.4402
11.9743,680,,,0.6513,,,,,,13.8217,r2_measured_03199,read,measured,,,,,0.7164,,ok,0.4029
14.0244,681,,,0.6043,,,,,,15.9204,r2_measured_03200,read,measured,,,,,0.8242,,ok,0.3944
13.0828,629,,,0.6366,,,,,,14.9778,r2_measured_03201,read,measured,,,,,0.7333,,ok,0.4478
15.7594,663,,,0.5964,,,,,,17.7143,r2_measured_03202,read,measured,,,,,0.8911,,ok,0.3874
15.9378,662,,,0.5554,,,,,,17.5425,r2_measured_03203,read,measured,,,,,0.6306,,ok,0.3562
11.603,369,,,0.2449,,,,,,12.931,r2_measured_03204,read,measured,,,,,0.5421,,ok,0.4778
106.9531,662,11.8409,9.1816,0.5902,2.3645,1,9.1797,1,57.7587,108.5668,r2_measured_03205,update,measured,48.5771,1.6137,1,12.348,0.6214,22.641,ok,0.3364
8.2131,418,,,0.3046,,,,,,9.4762,r2_measured_03206,read,measured,,,,,0.5099,,ok,0.3799
19.1078,628,,,0.544,,,,,,20.8436,r2_measured_03207,read,measured,,,,,0.6555,,ok,0.46
12.0023,679,,,0.5594,,,,,,13.8427,r2_measured_03208,read,measured,,,,,0.7537,,ok,0.448
14.743,678,,,0.5423,,,,,,16.4053,r2_measured_03209,read,measured,,,,,0.6795,,ok,0.3659
11.5234,687,,,0.5118,,,,,,12.9783,r2_measured_03210,read,measured,,,,,0.5528,,ok,0.3284
13.243,663,,,0.5823,,,,,,14.8696,r2_measured_03211,read,measured,,,,,0.6616,,ok,0.3166
15.8829,663,,,0.5102,,,,,,17.5224,r2_measured_03212,read,measured,,,,,0.7133,,ok,0.3495
13.063,680,,,0.553,,,,,,14.8522,r2_measured_03213,read,measured,,,,,0.6853,,ok,0.4661
13.3574,679,,,0.5765,,,,,,15.0243,r2_measured_03214,read,measured,,,,,0.6619,,ok,0.3581
13.0511,689,,,0.4963,,,,,,14.53,r2_measured_03215,read,measured,,,,,0.6073,,ok,0.3142
13.3924,509,,,0.5784,,,,,,15.2703,r2_measured_03216,read,measured,,,,,0.7816,,ok,0.4428
13.9576,661,,,0.6415,,,,,,15.8389,r2_measured_03217,read,measured,,,,,0.6668,,ok,0.4905
15.5882,663,,,0.636,,,,,,17.4748,r2_measured_03218,read,measured,,,,,0.7075,,ok,0.4209
11.0911,688,,,0.4542,,,,,,12.4696,r2_measured_03219,read,measured,,,,,0.5344,,ok,0.3139
16.1643,689,,,0.5135,,,,,,17.6999,r2_measured_03220,read,measured,,,,,0.6375,,ok,0.3159
14.4018,419,,,0.2634,,,,,,15.4761,r2_measured_03221,read,measured,,,,,0.4452,,ok,0.317
12.1276,507,,,0.4889,,,,,,13.5778,r2_measured_03222,read,measured,,,,,0.5683,,ok,0.3311
14.4329,663,,,0.5194,,,,,,16.1343,r2_measured_03223,read,measured,,,,,0.6533,,ok,0.4542
15.3147,567,,,0.6177,,,,,,17.3223,r2_measured_03224,read,measured,,,,,0.7748,,ok,0.5249
11.5315,369,,,0.2774,,,,,,12.8759,r2_measured_03225,read,measured,,,,,0.5329,,ok,0.4718
13.2831,568,,,0.5778,,,,,,15.0533,r2_measured_03226,read,measured,,,,,0.7137,,ok,0.4039
13.5695,626,,,0.579,,,,,,15.3327,r2_measured_03227,read,measured,,,,,0.741,,ok,0.3725
12.1622,418,,,0.2598,,,,,,13.2416,r2_measured_03228,read,measured,,,,,0.4338,,ok,0.292
15.2239,680,,,0.5626,,,,,,16.9095,r2_measured_03229,read,measured,,,,,0.6635,,ok,0.3876
13.1133,568,,,0.5302,,,,,,14.7751,r2_measured_03230,read,measured,,,,,0.6831,,ok,0.3832
14.6597,680,,,1.0257,,,,,,16.9384,r2_measured_03231,read,measured,,,,,0.8105,,ok,0.3431
13.5632,507,,,0.5471,,,,,,15.0631,r2_measured_03232,read,measured,,,,,0.5773,,ok,0.321
109.3821,689,8.1547,12.2922,0.5525,2.1131,1,12.2903,1,58.1465,111.007,r2_measured_03233,update,measured,45.8543,1.6249,1,16.3514,0.6769,24.6164,ok,0.3236
11.3274,629,,,0.5096,,,,,,12.8408,r2_measured_03234,read,measured,,,,,0.5724,,ok,0.3683
14.7383,679,,,0.6073,,,,,,16.5347,r2_measured_03235,read,measured,,,,,0.5977,,ok,0.505
14.2597,673,,,0.514,,,,,,15.7876,r2_measured_03236,read,measured,,,,,0.611,,ok,0.3367
13.5026,568,,,0.5899,,,,,,15.3846,r2_measured_03237,read,measured,,,,,0.769,,ok,0.4464
15.4211,627,,,0.6203,,,,,,17.4865,r2_measured_03238,read,measured,,,,,0.8987,,ok,0.4648
11.1629,663,,,0.5653,,,,,,12.9583,r2_measured_03239,read,measured,,,,,0.7502,,ok,0.4086
15.5573,688,,,0.616,,,,,,17.3399,r2_measured_03240,read,measured,,,,,0.7146,,ok,0.3802
12.3262,507,,,0.5126,,,,,,14.2002,r2_measured_03241,read,measured,,,,,0.7696,,ok,0.5092
14.1402,568,,,0.5724,,,,,,15.8923,r2_measured_03242,read,measured,,,,,0.6883,,ok,0.3787
12.8111,680,,,0.4727,,,,,,14.3051,r2_measured_03243,read,measured,,,,,0.5837,,ok,0.3749
15.3032,680,,,0.6873,,,,,,17.6924,r2_measured_03244,read,measured,,,,,1.1394,,ok,0.4653
19.3304,567,,,0.6614,,,,,,21.2025,r2_measured_03245,read,measured,,,,,0.6913,,ok,0.443
10.9189,689,,,0.507,,,,,,12.4602,r2_measured_03246,read,measured,,,,,0.6388,,ok,0.3139
8.4124,674,,,0.5395,,,,,,10.1261,r2_measured_03247,read,measured,,,,,0.7362,,ok,0.3557
14.8793,681,,,0.7277,,,,,,16.9514,r2_measured_03248,read,measured,,,,,0.7979,,ok,0.4567
15.022,507,,,0.6355,,,,,,16.9034,r2_measured_03249,read,measured,,,,,0.6871,,ok,0.4801
72.3888,628,,,0.8008,,,,,,74.4063,r2_measured_03250,read,measured,,,,,0.6887,,ok,0.4673
14.0839,627,,,0.5875,,,,,,16.9869,r2_measured_03251,read,measured,,,,,1.7458,,ok,0.3879
9.8477,681,,,0.5936,,,,,,11.4722,r2_measured_03252,read,measured,,,,,0.6029,,ok,0.3563
14.9433,624,,,0.5773,,,,,,16.8312,r2_measured_03253,read,measured,,,,,0.6948,,ok,0.5149
11.5672,688,,,0.5157,,,,,,13.0896,r2_measured_03254,read,measured,,,,,0.6247,,ok,0.3179
14.4192,663,,,0.6,,,,,,16.2765,r2_measured_03255,read,measured,,,,,0.7495,,ok,0.4284
13.6309,680,,,0.6997,,,,,,15.694,r2_measured_03256,read,measured,,,,,0.7421,,ok,0.529
108.7355,680,9.4208,11.7714,0.5383,2.149,1,11.7698,1,57.9703,110.2171,r2_measured_03257,update,measured,46.1989,1.4816,1,15.5574,0.5822,23.638,ok,0.302
13.8619,663,,,0.5206,,,,,,15.395,r2_measured_03258,read,measured,,,,,0.6227,,ok,0.3121
10.6883,418,,,0.2479,,,,,,11.7597,r2_measured_03259,read,measured,,,,,0.479,,ok,0.2992
15.3909,680,,,0.5492,,,,,,16.99,r2_measured_03260,read,measured,,,,,0.648,,ok,0.332
13.3488,568,,,0.4375,,,,,,14.7895,r2_measured_03261,read,measured,,,,,0.5589,,ok,0.3884
15.1708,680,,,0.7211,,,,,,16.9255,r2_measured_03262,read,measured,,,,,0.5905,,ok,0.3685
12.4423,419,,,0.2503,,,,,,13.5889,r2_measured_03263,read,measured,,,,,0.4863,,ok,0.3468
14.3536,689,,,0.6269,,,,,,16.0663,r2_measured_03264,read,measured,,,,,0.6543,,ok,0.3563
16.0478,680,,,0.6125,,,,,,17.8419,r2_measured_03265,read,measured,,,,,0.6793,,ok,0.4117
12.2673,567,,,0.4466,,,,,,13.7231,r2_measured_03266,read,measured,,,,,0.6152,,ok,0.3345
13.5076,680,,,0.5343,,,,,,15.0132,r2_measured_03267,read,measured,,,,,0.5917,,ok,0.3165
14.1999,679,,,0.5798,,,,,,16.0097,r2_measured_03268,read,measured,,,,,0.7289,,ok,0.4237
13.81,626,,,0.4865,,,,,,15.2667,r2_measured_03269,read,measured,,,,,0.5776,,ok,0.329
14.9349,629,,,0.4162,,,,,,16.2781,r2_measured_03270,read,measured,,,,,0.5614,,ok,0.3089
17.2559,680,,,0.6087,,,,,,18.9094,r2_measured_03271,read,measured,,,,,0.6583,,ok,0.3227
8.3751,680,,,0.4368,,,,,,9.707,r2_measured_03272,read,measured,,,,,0.5396,,ok,0.2987
18.5836,628,,,0.5026,,,,,,20.0449,r2_measured_03273,read,measured,,,,,0.5824,,ok,0.3158
17.3687,628,,,0.6096,,,,,,19.1304,r2_measured_03274,read,measured,,,,,0.718,,ok,0.3631
8.0101,680,,,0.5855,,,,,,9.6448,r2_measured_03275,read,measured,,,,,0.6409,,ok,0.3379
13.2175,568,,,0.5491,,,,,,15.0004,r2_measured_03276,read,measured,,,,,0.714,,ok,0.4442
13.1882,680,,,0.6572,,,,,,15.3332,r2_measured_03277,read,measured,,,,,0.9603,,ok,0.4408
14.5192,689,,,0.6474,,,,,,16.5299,r2_measured_03278,read,measured,,,,,0.8101,,ok,0.4625
12.7589,688,,,0.7366,,,,,,14.8578,r2_measured_03279,read,measured,,,,,0.8299,,ok,0.452
14.2541,369,,,0.2717,,,,,,15.4634,r2_measured_03280,read,measured,,,,,0.5067,,ok,0.3769
107.1848,507,14.3068,11.1931,0.4553,2.0978,1,11.1914,1,59.0382,108.4831,r2_measured_03281,update,measured,47.8451,1.2983,1,14.2942,0.4848,17.4478,ok,0.3062
13.6236,568,,,0.4878,,,,,,15.164,r2_measured_03282,read,measured,,,,,0.6511,,ok,0.3365
13.4009,419,,,0.2278,,,,,,14.4914,r2_measured_03283,read,measured,,,,,0.5101,,ok,0.301
14.1634,369,,,0.2455,,,,,,15.3942,r2_measured_03284,read,measured,,,,,0.5968,,ok,0.3343
110.0085,508,13.2476,13.1845,0.4861,1.8402,1,13.1828,1,60.1939,111.5832,r2_measured_03285,update,measured,47.0094,1.5747,1,16.5094,0.5759,18.2174,ok,0.4298
107.8019,681,8.6192,12.1517,0.5908,2.4067,0,12.1502,1,74.6052,109.6817,r2_measured_03286,update,measured,62.4535,1.8798,1,0.0053,0.6492,22.1655,ok,0.5634
14.9125,688,,,0.5526,,,,,,16.508,r2_measured_03287,read,measured,,,,,0.6462,,ok,0.3257
11.3909,369,,,0.2159,,,,,,12.4883,r2_measured_03288,read,measured,,,,,0.4948,,ok,0.3403
15.0854,681,,,0.5433,,,,,,16.6698,r2_measured_03289,read,measured,,,,,0.6305,,ok,0.3342
12.2195,369,,,0.2711,,,,,,13.468,r2_measured_03290,read,measured,,,,,0.5284,,ok,0.3897
17.7705,418,,,0.3106,,,,,,19.0023,r2_measured_03291,read,measured,,,,,0.5287,,ok,0.3357
104.5098,680,7.8664,10.9401,0.5075,2.4662,1,10.938,1,55.9546,106.0661,r2_measured_03292,update,measured,45.0145,1.5563,1,16.1467,0.6427,22.0759,ok,0.3334
12.3828,509,,,0.43,,,,,,13.8202,r2_measured_03293,read,measured,,,,,0.5171,,ok,0.3149
15.2142,680,,,0.5234,,,,,,16.7656,r2_measured_03294,read,measured,,,,,0.6178,,ok,0.3384
13.9018,509,,,0.5106,,,,,,15.4451,r2_measured_03295,read,measured,,,,,0.6288,,ok,0.3329
13.8519,568,,,0.5029,,,,,,15.4464,r2_measured_03296,read,measured,,,,,0.6838,,ok,0.3456
16.2696,568,,,0.4837,,,,,,17.8536,r2_measured_03297,read,measured,,,,,0.6928,,ok,0.3454
13.2538,626,,,0.4922,,,,,,14.8372,r2_measured_03298,read,measured,,,,,0.6843,,ok,0.3382
11.6598,680,,,0.5193,,,,,,13.2389,r2_measured_03299,read,measured,,,,,0.6671,,ok,0.3283
12.353,369,,,0.2244,,,,,,13.423,r2_measured_03300,read,measured,,,,,0.4743,,ok,0.3229
16.4886,629,,,0.5786,,,,,,18.2167,r2_measured_03301,read,measured,,,,,0.7093,,ok,0.37
19.7951,680,,,0.7705,,,,,,21.7244,r2_measured_03302,read,measured,,,,,0.7258,,ok,0.357
9.3118,679,,,0.6112,,,,,,10.9797,r2_measured_03303,read,measured,,,,,0.6331,,ok,0.3551
11.1411,678,,,0.4876,,,,,,12.6269,r2_measured_03304,read,measured,,,,,0.6043,,ok,0.3323
14.3989,419,,,0.2718,,,,,,15.5119,r2_measured_03305,read,measured,,,,,0.4791,,ok,0.3111
14.5911,419,,,0.2409,,,,,,15.6323,r2_measured_03306,read,measured,,,,,0.4401,,ok,0.3127
17.3849,509,,,0.5115,,,,,,18.9398,r2_measured_03307,read,measured,,,,,0.6346,,ok,0.3423
13.8607,689,,,0.5363,,,,,,15.4283,r2_measured_03308,read,measured,,,,,0.5864,,ok,0.3795
12.0731,674,,,0.5634,,,,,,13.7116,r2_measured_03309,read,measured,,,,,0.6717,,ok,0.3359
13.0246,419,,,0.2466,,,,,,14.1251,r2_measured_03310,read,measured,,,,,0.4685,,ok,0.3368
13.9132,628,,,0.5393,,,,,,15.4176,r2_measured_03311,read,measured,,,,,0.5702,,ok,0.3294
13.832,509,,,0.466,,,,,,15.2948,r2_measured_03312,read,measured,,,,,0.634,,ok,0.3042
14.2295,368,,,0.2702,,,,,,15.4486,r2_measured_03313,read,measured,,,,,0.4895,,ok,0.3995
16.1826,369,,,0.255,,,,,,17.4347,r2_measured_03314,read,measured,,,,,0.5427,,ok,0.3951
13.2802,568,,,0.6547,,,,,,15.0536,r2_measured_03315,read,measured,,,,,0.644,,ok,0.4023
12.7247,567,,,0.4691,,,,,,14.188,r2_measured_03316,read,measured,,,,,0.5958,,ok,0.3305
14.527,689,,,0.5881,,,,,,16.3022,r2_measured_03317,read,measured,,,,,0.7044,,ok,0.4078
13.3663,568,,,0.6048,,,,,,15.0778,r2_measured_03318,read,measured,,,,,0.6289,,ok,0.3875
12.5538,419,,,0.2288,,,,,,13.6036,r2_measured_03319,read,measured,,,,,0.4564,,ok,0.3175
14.3935,418,,,0.2714,,,,,,15.5571,r2_measured_03320,read,measured,,,,,0.5272,,ok,0.3142
14.6439,673,,,0.4791,,,,,,16.0899,r2_measured_03321,read,measured,,,,,0.594,,ok,0.313
15.7879,663,,,0.4872,,,,,,17.2656,r2_measured_03322,read,measured,,,,,0.6222,,ok,0.3063
12.9268,568,,,0.4599,,,,,,14.276,r2_measured_03323,read,measured,,,,,0.5195,,ok,0.3143
14.1556,369,,,0.2653,,,,,,15.3986,r2_measured_03324,read,measured,,,,,0.6067,,ok,0.3136
126.8512,681,11.042,13.7632,0.5803,2.7287,1,13.7604,1,60.0009,128.5126,r2_measured_03325,update,measured,46.2377,1.6614,1,32.5206,0.6681,20.559,ok,0.3433
11.1177,369,,,0.2273,,,,,,12.2884,r2_measured_03326,read,measured,,,,,0.5624,,ok,0.3312
15.0436,679,,,0.6064,,,,,,16.7879,r2_measured_03327,read,measured,,,,,0.6739,,ok,0.392
13.7097,418,,,0.277,,,,,,14.993,r2_measured_03328,read,measured,,,,,0.5764,,ok,0.3751
13.8553,679,,,0.5469,,,,,,15.3691,r2_measured_03329,read,measured,,,,,0.5872,,ok,0.3151
15.2527,663,,,0.4814,,,,,,16.7945,r2_measured_03330,read,measured,,,,,0.6861,,ok,0.3108
12.7277,662,,,0.4711,,,,,,14.1961,r2_measured_03331,read,measured,,,,,0.5656,,ok,0.3711
14.3206,419,,,0.36,,,,,,15.8613,r2_measured_03332,read,measured,,,,,0.7861,,ok,0.3403
13.5021,419,,,0.2347,,,,,,14.5496,r2_measured_03333,read,measured,,,,,0.4725,,ok,0.2927
16.5433,681,,,0.6181,,,,,,18.264,r2_measured_03334,read,measured,,,,,0.663,,ok,0.3645
13.097,507,,,0.412,,,,,,14.5334,r2_measured_03335,read,measured,,,,,0.6087,,ok,0.3582
14.3051,508,,,0.5226,,,,,,15.8986,r2_measured_03336,read,measured,,,,,0.5795,,ok,0.424
108.6851,625,9.5257,12.7056,0.6071,2.7177,0,12.7036,1,58.6677,110.4973,r2_measured_03337,update,measured,45.9621,1.8122,1,16.24,0.7671,21.534,ok,0.3694
11.411,626,,,0.5631,,,,,,12.9776,r2_measured_03338,read,measured,,,,,0.5845,,ok,0.3479
15.3838,680,,,0.5104,,,,,,16.9522,r2_measured_03339,read,measured,,,,,0.6728,,ok,0.3109
11.8833,681,,,0.5189,,,,,,13.3254,r2_measured_03340,read,measured,,,,,0.5374,,ok,0.3261
16.3256,566,,,0.5112,,,,,,17.9157,r2_measured_03341,read,measured,,,,,0.649,,ok,0.3624
122.0734,679,14.8946,8.7303,0.7176,2.1927,1,8.728,1,55.8629,124.1057,r2_measured_03342,update,measured,47.1326,2.0323,1,29.7657,0.7971,19.3575,ok,0.4349
11.0335,680,,,0.659,,,,,,12.7853,r2_measured_03343,read,measured,,,,,0.6735,,ok,0.3383
12.4479,674,,,0.5343,,,,,,14.0132,r2_measured_03344,read,measured,,,,,0.6482,,ok,0.3215
13.2374,369,,,0.2979,,,,,,14.5907,r2_measured_03345,read,measured,,,,,0.5116,,ok,0.4846
14.3936,418,,,0.3322,,,,,,15.8112,r2_measured_03346,read,measured,,,,,0.5512,,ok,0.4631
17.4889,368,,,0.2532,,,,,,18.7831,r2_measured_03347,read,measured,,,,,0.5585,,ok,0.4212
26.6828,627,,,0.5975,,,,,,28.4643,r2_measured_03348,read,measured,,,,,0.7174,,ok,0.3895
113.6946,663,10.0768,19.1738,0.5856,2.6269,1,19.172,1,64.1224,115.3776,r2_measured_03349,update,measured,44.9486,1.683,1,15.1709,0.6846,21.6976,ok,0.3468
7.9799,566,,,0.4785,,,,,,9.4164,r2_measured_03350,read,measured,,,,,0.5735,,ok,0.3288
15.2364,509,,,0.4472,,,,,,16.6018,r2_measured_03351,read,measured,,,,,0.5439,,ok,0.3179
12.0058,629,,,0.4541,,,,,,13.4012,r2_measured_03352,read,measured,,,,,0.5755,,ok,0.3079
15.94,681,,,0.5672,,,,,,17.634,r2_measured_03353,read,measured,,,,,0.6956,,ok,0.3545
10.7728,680,,,0.5157,,,,,,12.2617,r2_measured_03354,read,measured,,,,,0.6027,,ok,0.312
14.6006,663,,,0.5144,,,,,,16.3648,r2_measured_03355,read,measured,,,,,0.6681,,ok,0.5053
13.0339,629,,,0.6236,,,,,,15.0279,r2_measured_03356,read,measured,,,,,0.6658,,ok,0.6233
13.756,688,,,0.6153,,,,,,15.5453,r2_measured_03357,read,measured,,,,,0.7279,,ok,0.368
17.7355,680,,,0.4931,,,,,,19.2723,r2_measured_03358,read,measured,,,,,0.6236,,ok,0.354
10.6668,419,,,0.3903,,,,,,12.4722,r2_measured_03359,read,measured,,,,,0.6689,,ok,0.6766
14.7633,679,,,0.6292,,,,,,16.705,r2_measured_03360,read,measured,,,,,0.8401,,ok,0.3968
106.8056,509,12.7764,11.7104,0.4245,1.8598,1,11.7087,1,57.8312,108.1443,r2_measured_03361,update,measured,46.1208,1.3387,1,16.1785,0.5312,18.1597,ok,0.3266
15.3377,663,,,0.5864,,,,,,17.116,r2_measured_03362,read,measured,,,,,0.7273,,ok,0.3898
14.0675,678,,,0.6378,,,,,,15.9605,r2_measured_03363,read,measured,,,,,0.7605,,ok,0.4146
12.8363,509,,,0.5648,,,,,,14.6425,r2_measured_03364,read,measured,,,,,0.7259,,ok,0.4339
13.8913,679,,,0.6298,,,,,,15.8087,r2_measured_03365,read,measured,,,,,0.7662,,ok,0.4067
14.2267,681,,,0.6281,,,,,,16.1604,r2_measured_03366,read,measured,,,,,0.8049,,ok,0.4169
12.1256,663,,,0.5684,,,,,,13.9204,r2_measured_03367,read,measured,,,,,0.7552,,ok,0.3822
12.8157,661,,,0.5923,,,,,,14.5221,r2_measured_03368,read,measured,,,,,0.6234,,ok,0.4186
13.9992,509,,,0.4771,,,,,,15.5072,r2_measured_03369,read,measured,,,,,0.6123,,ok,0.357
92.1013,508,12.0075,12.1585,0.5768,1.6263,0,12.1567,1,59.4325,93.6916,r2_measured_03370,update,measured,47.274,1.5903,1,0.0154,0.5856,19.0196,ok,0.3645
13.396,368,,,0.2838,,,,,,14.6649,r2_measured_03371,read,measured,,,,,0.5505,,ok,0.3793
16.1996,626,,,0.5234,,,,,,17.8965,r2_measured_03372,read,measured,,,,,0.7397,,ok,0.347
11.3368,628,,,0.5177,,,,,,13.3439,r2_measured_03373,read,measured,,,,,0.9621,,ok,0.4346
18.5752,680,,,0.4908,,,,,,20.1757,r2_measured_03374,read,measured,,,,,0.7521,,ok,0.2967
8.7728,418,,,0.2322,,,,,,9.815,r2_measured_03375,read,measured,,,,,0.4418,,ok,0.3207
198.7029,679,27.9147,15.1412,0.5932,2.3887,1,15.139,1,71.0583,200.393,r2_measured_03376,update,measured,55.9171,1.6901,1,8.5002,0.6876,88.841,ok,0.3301
19.3445,688,,,0.5039,,,,,,20.8925,r2_measured_03377,read,measured,,,,,0.6733,,ok,0.3087
13.2401,568,,,0.4184,,,,,,14.5959,r2_measured_03378,read,measured,,,,,0.5313,,ok,0.3513
13.5663,626,,,0.5025,,,,,,15.1784,r2_measured_03379,read,measured,,,,,0.734,,ok,0.3132
13.67,418,,,0.2511,,,,,,14.8256,r2_measured_03380,read,measured,,,,,0.5647,,ok,0.2921
14.7747,418,,,0.2815,,,,,,16.2597,r2_measured_03381,read,measured,,,,,0.5467,,ok,0.5934
13.4544,681,,,0.8345,,,,,,15.5213,r2_measured_03382,read,measured,,,,,0.7602,,ok,0.3999
12.978,663,,,0.57,,,,,,14.6042,r2_measured_03383,read,measured,,,,,0.6336,,ok,0.3552
13.6363,689,,,0.5221,,,,,,15.1625,r2_measured_03384,read,measured,,,,,0.6227,,ok,0.3153
14.648,688,,,0.5684,,,,,,16.319,r2_measured_03385,read,measured,,,,,0.6504,,ok,0.3772
13.1028,419,,,0.3228,,,,,,14.4139,r2_measured_03386,read,measured,,,,,0.5197,,ok,0.3887
22.0539,663,,,0.6848,,,,,,23.8663,r2_measured_03387,read,measured,,,,,0.6723,,ok,0.3793
6.2103,680,,,0.5026,,,,,,7.7473,r2_measured_03388,read,measured,,,,,0.6427,,ok,0.3277
13.8361,680,,,0.626,,,,,,15.647,r2_measured_03389,read,measured,,,,,0.7332,,ok,0.3797
14.0382,417,,,0.3058,,,,,,15.3942,r2_measured_03390,read,measured,,,,,0.5858,,ok,0.4005
12.8924,628,,,0.4921,,,,,,14.3579,r2_measured_03391,read,measured,,,,,0.5942,,ok,0.3227
18.3504,568,,,0.578,,,,,,20.1016,r2_measured_03392,read,measured,,,,,0.7345,,ok,0.3689
9.576,688,,,0.5003,,,,,,11.0135,r2_measured_03393,read,measured,,,,,0.5344,,ok,0.3413
14.9277,629,,,0.7251,,,,,,17.0399,r2_measured_03394,read,measured,,,,,0.8413,,ok,0.4069
15.8454,663,,,0.5541,,,,,,17.6723,r2_measured_03395,read,measured,,,,,0.7617,,ok,0.4408
10.5275,675,,,0.5414,,,,,,12.1013,r2_measured_03396,read,measured,,,,,0.652,,ok,0.3142
14.6266,509,,,0.511,,,,,,16.2495,r2_measured_03397,read,measured,,,,,0.6721,,ok,0.3743
106.9397,662,4.2396,12.5301,0.7022,2.6266,1,12.5286,1,58.6234,108.6697,r2_measured_03398,update,measured,46.0933,1.73,1,15.2951,0.6143,26.155,ok,0.3453
13.1791,689,,,0.533,,,,,,14.8732,r2_measured_03399,read,measured,,,,,0.7724,,ok,0.3209
22.659,674,,,0.4646,,,,,,24.1038,r2_measured_03400,read,measured,,,,,0.6045,,ok,0.3114
8.8826,369,,,0.2268,,,,,,9.925,r2_measured_03401,read,measured,,,,,0.4458,,ok,0.3201
13.8753,509,,,0.4659,,,,,,15.169,r2_measured_03402,read,measured,,,,,0.4793,,ok,0.2967
28.0721,689,,,0.655,,,,,,30.0788,r2_measured_03403,read,measured,,,,,0.8438,,ok,0.4271
13.0708,369,,,0.3271,,,,,,14.4114,r2_measured_03404,read,measured,,,,,0.5285,,ok,0.4308
121.3518,687,16.9502,13.3733,0.6046,3.4265,1,13.3716,1,57.2977,123.1195,r2_measured_03405,update,measured,43.9244,1.7677,1,21.808,0.7131,21.8694,ok,0.3801
12.6684,681,,,0.5933,,,,,,14.3894,r2_measured_03406,read,measured,,,,,0.6874,,ok,0.3641
17.3363,628,,,0.504,,,,,,18.8048,r2_measured_03407,read,measured,,,,,0.585,,ok,0.3187
12.4501,568,,,0.4733,,,,,,13.8976,r2_measured_03408,read,measured,,,,,0.5888,,ok,0.3229
13.0466,680,,,0.492,,,,,,14.5699,r2_measured_03409,read,measured,,,,,0.6567,,ok,0.3117
11.6443,419,,,0.2253,,,,,,12.6393,r2_measured_03410,read,measured,,,,,0.429,,ok,0.2963
16.5854,626,,,0.5106,,,,,,18.0759,r2_measured_03411,read,measured,,,,,0.5966,,ok,0.3221
11.7896,509,,,0.5234,,,,,,13.2568,r2_measured_03412,read,measured,,,,,0.5357,,ok,0.3496
15.7455,675,,,0.5476,,,,,,17.4448,r2_measured_03413,read,measured,,,,,0.7392,,ok,0.347
11.2009,568,,,0.4297,,,,,,12.5151,r2_measured_03414,read,measured,,,,,0.5179,,ok,0.3101
15.3223,679,,,0.523,,,,,,16.8958,r2_measured_03415,read,measured,,,,,0.6692,,ok,0.3136
12.1302,419,,,0.2342,,,,,,13.3136,r2_measured_03416,read,measured,,,,,0.4473,,ok,0.454
16.4868,675,,,0.5478,,,,,,18.0782,r2_measured_03417,read,measured,,,,,0.6265,,ok,0.3451
12.0487,675,,,0.5019,,,,,,13.4654,r2_measured_03418,read,measured,,,,,0.5429,,ok,0.314
15.4253,628,,,0.552,,,,,,17.1468,r2_measured_03419,read,measured,,,,,0.7551,,ok,0.3421
13.385,674,,,0.6966,,,,,,15.1944,r2_measured_03420,read,measured,,,,,0.6605,,ok,0.3816
13.7969,680,,,0.5773,,,,,,15.538,r2_measured_03421,read,measured,,,,,0.7334,,ok,0.353
12.9752,663,,,0.4946,,,,,,14.4421,r2_measured_03422,read,measured,,,,,0.5865,,ok,0.324
14.4271,568,,,0.4123,,,,,,15.7975,r2_measured_03423,read,measured,,,,,0.5092,,ok,0.3857
14.2189,674,,,0.6508,,,,,,16.4075,r2_measured_03424,read,measured,,,,,1.0256,,ok,0.423
12.6623,675,,,0.5748,,,,,,14.444,r2_measured_03425,read,measured,,,,,0.7807,,ok,0.355
12.6188,369,,,0.274,,,,,,14.1149,r2_measured_03426,read,measured,,,,,0.6033,,ok,0.5569
15.0103,689,,,0.5638,,,,,,16.7119,r2_measured_03427,read,measured,,,,,0.7355,,ok,0.3361
13.6822,509,,,0.4362,,,,,,15.1471,r2_measured_03428,read,measured,,,,,0.5957,,ok,0.371
14.1902,661,,,0.5694,,,,,,15.8996,r2_measured_03429,read,measured,,,,,0.6828,,ok,0.3875
16.5414,628,,,0.5709,,,,,,18.2247,r2_measured_03430,read,measured,,,,,0.6638,,ok,0.3813
21.7406,681,,,0.7848,,,,,,24.0976,r2_measured_03431,read,measured,,,,,1.0147,,ok,0.4227
5.2502,629,,,0.4771,,,,,,6.7207,r2_measured_03432,read,measured,,,,,0.586,,ok,0.3234
11.1596,629,,,0.4546,,,,,,12.5744,r2_measured_03433,read,measured,,,,,0.5713,,ok,0.3303
15.09,675,,,0.529,,,,,,16.6516,r2_measured_03434,read,measured,,,,,0.6181,,ok,0.3394
13.9068,566,,,0.5858,,,,,,15.4474,r2_measured_03435,read,measured,,,,,0.5427,,ok,0.3467
14.8424,566,,,0.5081,,,,,,16.5249,r2_measured_03436,read,measured,,,,,0.7383,,ok,0.3697
13.1905,680,,,0.6064,,,,,,14.8963,r2_measured_03437,read,measured,,,,,0.6629,,ok,0.3683
14.8357,672,,,0.6322,,,,,,16.717,r2_measured_03438,read,measured,,,,,0.7566,,ok,0.4083
13.1806,689,,,0.5788,,,,,,14.93,r2_measured_03439,read,measured,,,,,0.7208,,ok,0.372
13.6916,680,,,0.5615,,,,,,15.3728,r2_measured_03440,read,measured,,,,,0.6995,,ok,0.3496
12.9988,568,,,0.4675,,,,,,14.4388,r2_measured_03441,read,measured,,,,,0.5733,,ok,0.3364
14.0393,680,,,0.581,,,,,,15.7777,r2_measured_03442,read,measured,,,,,0.731,,ok,0.3496
13.474,681,,,0.5118,,,,,,15.9604,r2_measured_03443,read,measured,,,,,1.5867,,ok,0.3198
12.4443,629,,,0.487,,,,,,14.0232,r2_measured_03444,read,measured,,,,,0.6065,,ok,0.4149
13.6922,675,,,0.5139,,,,,,15.4479,r2_measured_03445,read,measured,,,,,0.7694,,ok,0.395
13.5342,568,,,0.4806,,,,,,14.9275,r2_measured_03446,read,measured,,,,,0.5597,,ok,0.2982
14.6803,679,,,0.5136,,,,,,16.3055,r2_measured_03447,read,measured,,,,,0.7114,,ok,0.3272
12.903,509,,,0.428,,,,,,14.2748,r2_measured_03448,read,measured,,,,,0.5584,,ok,0.3262
15.2491,680,,,0.5344,,,,,,16.9243,r2_measured_03449,read,measured,,,,,0.6876,,ok,0.3847
14.8112,663,,,0.5417,,,,,,16.3661,r2_measured_03450,read,measured,,,,,0.6165,,ok,0.3342
12.0972,568,,,0.4714,,,,,,13.6231,r2_measured_03451,read,measured,,,,,0.5623,,ok,0.4162
13.8451,680,,,0.5972,,,,,,15.6376,r2_measured_03452,read,measured,,,,,0.7158,,ok,0.4051
13.1569,663,,,0.6473,,,,,,15.1479,r2_measured_03453,read,measured,,,,,0.8303,,ok,0.4361
15.4547,680,,,0.6072,,,,,,17.3,r2_measured_03454,read,measured,,,,,0.7604,,ok,0.3818
10.9081,663,,,0.5611,,,,,,12.7676,r2_measured_03455,read,measured,,,,,0.8106,,ok,0.3992
16.0757,688,,,0.8836,,,,,,18.2174,r2_measured_03456,read,measured,,,,,0.7885,,ok,0.3878
10.1356,626,,,0.4712,,,,,,11.6738,r2_measured_03457,read,measured,,,,,0.6752,,ok,0.3299
14.367,628,,,0.6332,,,,,,16.3491,r2_measured_03458,read,measured,,,,,0.8523,,ok,0.4146
13.568,662,,,0.6436,,,,,,15.5649,r2_measured_03459,read,measured,,,,,0.8495,,ok,0.4249
14.2628,679,,,0.7501,,,,,,16.7232,r2_measured_03460,read,measured,,,,,1.0656,,ok,0.5091
12.4517,679,,,0.5338,,,,,,14.0708,r2_measured_03461,read,measured,,,,,0.6077,,ok,0.406
12.7852,418,,,0.337,,,,,,14.2028,r2_measured_03462,read,measured,,,,,0.6041,,ok,0.4141
16.9965,626,,,0.5076,,,,,,18.602,r2_measured_03463,read,measured,,,,,0.6311,,ok,0.3942
16.1534,662,,,0.5629,,,,,,17.7621,r2_measured_03464,read,measured,,,,,0.627,,ok,0.3283
10.6226,628,,,0.4441,,,,,,12.0393,r2_measured_03465,read,measured,,,,,0.5896,,ok,0.3227
15.3929,662,,,0.6918,,,,,,17.4063,r2_measured_03466,read,measured,,,,,0.7491,,ok,0.4824
11.7466,419,,,0.289,,,,,,12.9736,r2_measured_03467,read,measured,,,,,0.5479,,ok,0.3315
13.6213,509,,,0.456,,,,,,15.2459,r2_measured_03468,read,measured,,,,,0.7029,,ok,0.4008
15.8384,419,,,0.2664,,,,,,17.0111,r2_measured_03469,read,measured,,,,,0.5397,,ok,0.3096
12.2944,626,,,0.5345,,,,,,13.8435,r2_measured_03470,read,measured,,,,,0.6175,,ok,0.3352
15.3907,629,,,0.7183,,,,,,17.4921,r2_measured_03471,read,measured,,,,,0.822,,ok,0.473
12.8765,568,,,0.6024,,,,,,14.6259,r2_measured_03472,read,measured,,,,,0.6361,,ok,0.4358
17.355,680,,,0.6971,,,,,,19.4871,r2_measured_03473,read,measured,,,,,0.89,,ok,0.4513
12.8592,675,,,0.5397,,,,,,14.5583,r2_measured_03474,read,measured,,,,,0.7336,,ok,0.3507
10.8188,369,,,0.242,,,,,,11.9295,r2_measured_03475,read,measured,,,,,0.4868,,ok,0.3246
15.1969,567,,,0.5296,,,,,,16.6882,r2_measured_03476,read,measured,,,,,0.5612,,ok,0.3364
13.4666,369,,,0.2625,,,,,,15.0586,r2_measured_03477,read,measured,,,,,0.8753,,ok,0.3853
14.427,419,,,0.3376,,,,,,15.6204,r2_measured_03478,read,measured,,,,,0.4781,,ok,0.3215
105.2843,369,13.3711,11.111,0.2059,1.3302,1,11.1092,1,59.3323,106.207,r2_measured_03479,update,measured,48.2213,0.9227,1,17.1111,0.3861,14.1396,ok,0.2883
14.6799,662,,,0.5296,,,,,,16.1781,r2_measured_03480,read,measured,,,,,0.5691,,ok,0.3306
13.0922,628,,,0.5372,,,,,,14.7997,r2_measured_03481,read,measured,,,,,0.7436,,ok,0.3606
17.1312,661,,,0.5569,,,,,,18.733,r2_measured_03482,read,measured,,,,,0.599,,ok,0.3512
15.2696,419,,,0.2533,,,,,,16.4471,r2_measured_03483,read,measured,,,,,0.5177,,ok,0.3556
10.2665,681,,,0.5902,,,,,,11.9237,r2_measured_03484,read,measured,,,,,0.6654,,ok,0.3271
13.4493,687,,,0.5595,,,,,,15.0624,r2_measured_03485,read,measured,,,,,0.6467,,ok,0.341
13.406,626,,,0.4883,,,,,,14.9051,r2_measured_03486,read,measured,,,,,0.6304,,ok,0.3186
13.3082,507,,,0.4313,,,,,,14.7272,r2_measured_03487,read,measured,,,,,0.5399,,ok,0.3841
13.4726,629,,,0.5781,,,,,,15.689,r2_measured_03488,read,measured,,,,,0.8641,,ok,0.663
13.3613,663,,,0.5757,,,,,,15.0886,r2_measured_03489,read,measured,,,,,0.64,,ok,0.4314
12.7603,627,,,0.5255,,,,,,14.2819,r2_measured_03490,read,measured,,,,,0.5751,,ok,0.3572
14.3397,680,,,0.5485,,,,,,16.0269,r2_measured_03491,read,measured,,,,,0.7123,,ok,0.3478
22.5847,680,,,0.5039,,,,,,24.144,r2_measured_03492,read,measured,,,,,0.6296,,ok,0.3603
8.7724,509,,,0.3964,,,,,,10.0957,r2_measured_03493,read,measured,,,,,0.5614,,ok,0.3081
12.4152,680,,,0.6361,,,,,,13.9937,r2_measured_03494,read,measured,,,,,0.5661,,ok,0.3158
11.6228,568,,,0.575,,,,,,13.3134,r2_measured_03495,read,measured,,,,,0.6724,,ok,0.3694
14.5855,507,,,0.5089,,,,,,16.1521,r2_measured_03496,read,measured,,,,,0.6108,,ok,0.3652
12.737,369,,,0.3023,,,,,,13.983,r2_measured_03497,read,measured,,,,,0.5229,,ok,0.3482
108.0812,626,11.1545,12.2213,0.5174,2.031,1,12.2194,1,59.0122,109.6428,r2_measured_03498,update,measured,46.7909,1.5616,1,17.0604,0.5831,18.8231,ok,0.39
15.6227,628,,,0.4408,,,,,,17.1133,r2_measured_03499,read,measured,,,,,0.6785,,ok,0.3116
10.6805,418,,,0.3282,,,,,,12.0322,r2_measured_03500,read,measured,,,,,0.5716,,ok,0.3897
187.5088,675,19.2299,12.2718,0.4974,2.7611,1,12.2703,1,62.571,189.0074,r2_measured_03501,update,measured,50.2992,1.4986,1,20.0746,0.5798,82.8722,ok,0.3363
13.657,688,,,0.5159,,,,,,15.2397,r2_measured_03502,read,measured,,,,,0.6742,,ok,0.3259
107.975,419,15.7317,9.9347,0.2442,1.517,1,9.9323,1,61.6238,109.0769,r2_measured_03503,update,measured,51.6891,1.1019,1,11.779,0.4815,17.3235,ok,0.3242
14.3904,663,,,0.5272,,,,,,15.9328,r2_measured_03504,read,measured,,,,,0.6087,,ok,0.3352
10.6321,681,,,0.5899,,,,,,12.2508,r2_measured_03505,read,measured,,,,,0.6291,,ok,0.3355
14.2432,626,,,0.5749,,,,,,15.7267,r2_measured_03506,read,measured,,,,,0.533,,ok,0.3171
12.8186,419,,,0.2477,,,,,,13.9957,r2_measured_03507,read,measured,,,,,0.5309,,ok,0.3424
14.2035,418,,,0.2712,,,,,,15.5985,r2_measured_03508,read,measured,,,,,0.5578,,ok,0.4922
15.4974,663,,,0.5779,,,,,,17.2021,r2_measured_03509,read,measured,,,,,0.6773,,ok,0.3751
14.4687,688,,,0.6651,,,,,,16.4076,r2_measured_03510,read,measured,,,,,0.7855,,ok,0.4119
12.5416,369,,,0.2778,,,,,,13.8715,r2_measured_03511,read,measured,,,,,0.6308,,ok,0.3575
14.2485,689,,,0.5005,,,,,,15.9266,r2_measured_03512,read,measured,,,,,0.7997,,ok,0.3134
14.1915,508,,,0.5167,,,,,,15.7746,r2_measured_03513,read,measured,,,,,0.6668,,ok,0.3386
92.1739,419,14.9888,11.5166,0.3355,1.4662,1,11.5152,1,59.1143,93.6359,r2_measured_03514,update,measured,47.5977,1.462,1,0.0051,0.5467,16.5995,ok,0.5134
16.5196,567,,,0.588,,,,,,18.4339,r2_measured_03515,read,measured,,,,,0.8134,,ok,0.434
10.5795,369,,,0.231,,,,,,11.7549,r2_measured_03516,read,measured,,,,,0.4717,,ok,0.4198
15.8947,679,,,0.5464,,,,,,17.397,r2_measured_03517,read,measured,,,,,0.568,,ok,0.3194
13.069,568,,,0.4881,,,,,,14.5034,r2_measured_03518,read,measured,,,,,0.557,,ok,0.3213
20.6657,509,,,0.4764,,,,,,22.0641,r2_measured_03519,read,measured,,,,,0.5349,,ok,0.3286
6.0098,368,,,0.1974,,,,,,6.9403,r2_measured_03520,read,measured,,,,,0.4148,,ok,0.2766
15.1618,568,,,0.546,,,,,,16.7495,r2_measured_03521,read,measured,,,,,0.6187,,ok,0.3207
16.3583,662,,,0.4855,,,,,,17.8495,r2_measured_03522,read,measured,,,,,0.6189,,ok,0.3235
11.4104,688,,,0.5844,,,,,,13.0156,r2_measured_03523,read,measured,,,,,0.6214,,ok,0.3302
14.5099,629,,,0.485,,,,,,16.0421,r2_measured_03524,read,measured,,,,,0.6684,,ok,0.3218
14.2543,681,,,0.5227,,,,,,15.8819,r2_measured_03525,read,measured,,,,,0.7188,,ok,0.3139
13.1629,680,,,0.5348,,,,,,14.6878,r2_measured_03526,read,measured,,,,,0.6171,,ok,0.3099
13.3087,369,,,0.2634,,,,,,14.4755,r2_measured_03527,read,measured,,,,,0.4763,,ok,0.3685
17.8775,662,,,0.6277,,,,,,19.693,r2_measured_03528,read,measured,,,,,0.7588,,ok,0.3562
12.5505,674,,,0.538,,,,,,14.1314,r2_measured_03529,read,measured,,,,,0.6228,,ok,0.3428
26.5886,663,,,0.5018,,,,,,28.0811,r2_measured_03530,read,measured,,,,,0.6037,,ok,0.3138
21.0975,688,,,0.5417,,,,,,22.6866,r2_measured_03531,read,measured,,,,,0.6519,,ok,0.3288
9.7867,369,,,0.2487,,,,,,10.9145,r2_measured_03532,read,measured,,,,,0.4995,,ok,0.3266
15.2037,681,,,0.5549,,,,,,16.8056,r2_measured_03533,read,measured,,,,,0.6245,,ok,0.3409
10.1968,509,,,0.394,,,,,,11.4559,r2_measured_03534,read,measured,,,,,0.5078,,ok,0.3034
17.0786,689,,,0.626,,,,,,18.7259,r2_measured_03535,read,measured,,,,,0.6032,,ok,0.3492
13.0229,628,,,0.5028,,,,,,14.4223,r2_measured_03536,read,measured,,,,,0.5236,,ok,0.3138
16.0908,419,,,0.2609,,,,,,17.2839,r2_measured_03537,read,measured,,,,,0.5591,,ok,0.3211
9.9591,508,,,0.4031,,,,,,11.2987,r2_measured_03538,read,measured,,,,,0.5036,,ok,0.3744
17.5059,680,,,0.5053,,,,,,19.0975,r2_measured_03539,read,measured,,,,,0.6769,,ok,0.3189
14.6314,689,,,0.5911,,,,,,16.3215,r2_measured_03540,read,measured,,,,,0.6993,,ok,0.3318
102.6331,663,13.9451,7.5177,0.5832,2.5667,0,7.5162,1,54.2189,104.3933,r2_measured_03541,update,measured,46.7012,1.7602,1,0.006,0.6954,31.8964,ok,0.4032
13.9663,674,,,0.5902,,,,,,15.6703,r2_measured_03542,read,measured,,,,,0.6554,,ok,0.3855
12.8527,675,,,0.5442,,,,,,14.481,r2_measured_03543,read,measured,,,,,0.6774,,ok,0.3401
15.0554,675,,,0.6068,,,,,,16.8559,r2_measured_03544,read,measured,,,,,0.7603,,ok,0.3512
11.8862,566,,,0.4165,,,,,,13.3024,r2_measured_03545,read,measured,,,,,0.6199,,ok,0.3213
15.8034,566,,,0.5537,,,,,,17.4001,r2_measured_03546,read,measured,,,,,0.6006,,ok,0.3759
15.7979,681,,,0.5624,,,,,,17.3963,r2_measured_03547,read,measured,,,,,0.637,,ok,0.3316
10.8039,687,,,0.5348,,,,,,12.3534,r2_measured_03548,read,measured,,,,,0.5761,,ok,0.3657
15.1951,681,,,0.5782,,,,,,17.0078,r2_measured_03549,read,measured,,,,,0.74,,ok,0.419
13.0611,419,,,0.2663,,,,,,14.2279,r2_measured_03550,read,measured,,,,,0.4986,,ok,0.3487
15.9736,419,,,0.2629,,,,,,17.1598,r2_measured_03551,read,measured,,,,,0.4989,,ok,0.3577
13.1116,509,,,0.4213,,,,,,14.5252,r2_measured_03552,read,measured,,,,,0.6013,,ok,0.3261
15.4487,663,,,0.4916,,,,,,16.9521,r2_measured_03553,read,measured,,,,,0.6181,,ok,0.3266
11.2675,418,,,0.2483,,,,,,12.3203,r2_measured_03554,read,measured,,,,,0.4335,,ok,0.3213
17.7511,680,,,0.5496,,,,,,19.3161,r2_measured_03555,read,measured,,,,,0.6291,,ok,0.3189
9.2466,507,,,0.4052,,,,,,10.516,r2_measured_03556,read,measured,,,,,0.5003,,ok,0.312
15.1011,663,,,0.5516,,,,,,16.7688,r2_measured_03557,read,measured,,,,,0.7164,,ok,0.3304
107.0681,508,11.9474,11.8903,0.4564,2.0267,1,11.8884,1,58.4453,108.5498,r2_measured_03558,update,measured,46.555,1.4817,1,17.0078,0.6472,17.6409,ok,0.3211
14.8566,675,,,0.617,,,,,,16.5755,r2_measured_03559,read,measured,,,,,0.6997,,ok,0.3341
12.5418,509,,,0.48,,,,,,14.0533,r2_measured_03560,read,measured,,,,,0.5344,,ok,0.431
19.3737,509,,,0.4695,,,,,,20.8255,r2_measured_03561,read,measured,,,,,0.5866,,ok,0.3263
11.3875,661,,,0.517,,,,,,12.9545,r2_measured_03562,read,measured,,,,,0.5908,,ok,0.3812
11.1726,509,,,0.4555,,,,,,12.573,r2_measured_03563,read,measured,,,,,0.5523,,ok,0.3355
15.8387,419,,,0.2946,,,,,,17.1468,r2_measured_03564,read,measured,,,,,0.5742,,ok,0.3782
14.0097,679,,,0.624,,,,,,15.9163,r2_measured_03565,read,measured,,,,,0.7319,,ok,0.4672
14.2608,673,,,0.5565,,,,,,16.0796,r2_measured_03566,read,measured,,,,,0.8381,,ok,0.3477
12.9637,689,,,0.5476,,,,,,14.6774,r2_measured_03567,read,measured,,,,,0.6823,,ok,0.4108
13.6174,508,,,0.5644,,,,,,15.3821,r2_measured_03568,read,measured,,,,,0.6761,,ok,0.4328
13.3096,629,,,0.5618,,,,,,15.063,r2_measured_03569,read,measured,,,,,0.683,,ok,0.3851
15.936,675,,,0.6877,,,,,,17.912,r2_measured_03570,read,measured,,,,,0.7506,,ok,0.4418
11.6807,419,,,0.2915,,,,,,12.9125,r2_measured_03571,read,measured,,,,,0.5546,,ok,0.3303
15.7661,419,,,0.3164,,,,,,17.2197,r2_measured_03572,read,measured,,,,,0.6133,,ok,0.4535
11.7863,627,,,0.5457,,,,,,13.4569,r2_measured_03573,read,measured,,,,,0.6051,,ok,0.4354
14.4145,419,,,0.3063,,,,,,15.8727,r2_measured_03574,read,measured,,,,,0.5745,,ok,0.5073
15.2765,689,,,0.6025,,,,,,17.2321,r2_measured_03575,read,measured,,,,,0.8614,,ok,0.4098
12.5541,689,,,0.5048,,,,,,14.0812,r2_measured_03576,read,measured,,,,,0.6426,,ok,0.316
16.4743,628,,,0.6398,,,,,,18.4413,r2_measured_03577,read,measured,,,,,0.7389,,ok,0.4679
10.3426,663,,,0.5999,,,,,,12.167,r2_measured_03578,read,measured,,,,,0.6998,,ok,0.447
20.916,568,,,0.7524,,,,,,23.1491,r2_measured_03579,read,measured,,,,,0.7342,,ok,0.6573
11.8296,681,,,0.6885,,,,,,13.9573,r2_measured_03580,read,measured,,,,,0.8955,,ok,0.4528
6.8104,507,,,0.7361,,,,,,8.8265,r2_measured_03581,read,measured,,,,,0.7817,,ok,0.4162
12.6166,663,,,0.5313,,,,,,14.266,r2_measured_03582,read,measured,,,,,0.6413,,ok,0.4056
15.3766,675,,,0.7195,,,,,,17.5423,r2_measured_03583,read,measured,,,,,0.8895,,ok,0.463
13.9974,688,,,0.5397,,,,,,15.7488,r2_measured_03584,read,measured,,,,,0.716,,ok,0.4169
89.1687,627,11.6825,9.7969,0.513,1.9672,0,9.795,1,57.7713,90.6454,r2_measured_03585,update,measured,47.9744,1.4767,1,0.0058,0.5878,17.7419,ok,0.314
14.6191,681,,,0.4904,,,,,,16.0859,r2_measured_03586,read,measured,,,,,0.5993,,ok,0.3148
14.2514,680,,,0.5065,,,,,,15.8846,r2_measured_03587,read,measured,,,,,0.6527,,ok,0.4012
12.3069,509,,,0.4252,,,,,,13.6125,r2_measured_03588,read,measured,,,,,0.5305,,ok,0.2965
19.391,688,,,0.551,,,,,,21.1443,r2_measured_03589,read,measured,,,,,0.738,,ok,0.3842
15.2437,689,,,0.5366,,,,,,16.8314,r2_measured_03590,read,measured,,,,,0.6444,,ok,0.3418
8.3059,687,,,0.4958,,,,,,9.8555,r2_measured_03591,read,measured,,,,,0.5792,,ok,0.3993
12.9357,567,,,0.4401,,,,,,14.2898,r2_measured_03592,read,measured,,,,,0.5295,,ok,0.3283
13.9663,689,,,0.4943,,,,,,15.6999,r2_measured_03593,read,measured,,,,,0.7311,,ok,0.4286
14.0273,680,,,0.5344,,,,,,15.672,r2_measured_03594,read,measured,,,,,0.7186,,ok,0.3244
12.5837,628,,,0.4818,,,,,,14.0407,r2_measured_03595,read,measured,,,,,0.5908,,ok,0.3241
14.9937,689,,,0.5521,,,,,,16.5276,r2_measured_03596,read,measured,,,,,0.6057,,ok,0.3145
14.8864,628,,,0.543,,,,,,16.4121,r2_measured_03597,read,measured,,,,,0.6214,,ok,0.3029
12.5558,369,,,0.2218,,,,,,13.6328,r2_measured_03598,read,measured,,,,,0.4941,,ok,0.3097
14.1504,626,,,0.5116,,,,,,15.79,r2_measured_03599,read,measured,,,,,0.7156,,ok,0.3454
14.8474,628,,,0.5222,,,,,,16.4202,r2_measured_03600,read,measured,,,,,0.6514,,ok,0.3366
18.4933,568,,,0.537,,,,,,20.0535,r2_measured_03601,read,measured,,,,,0.6084,,ok,0.3484
7.5889,675,,,0.5931,,,,,,9.3387,r2_measured_03602,read,measured,,,,,0.6806,,ok,0.3986
13.0328,567,,,0.4889,,,,,,14.5136,r2_measured_03603,read,measured,,,,,0.5461,,ok,0.3833
13.9645,681,,,0.6333,,,,,,15.7328,r2_measured_03604,read,measured,,,,,0.6834,,ok,0.3751
13.324,419,,,0.2672,,,,,,14.4818,r2_measured_03605,read,measured,,,,,0.5246,,ok,0.3119
15.1517,675,,,0.5793,,,,,,17.0113,r2_measured_03606,read,measured,,,,,0.7924,,ok,0.4035
13.0809,627,,,0.5845,,,,,,15.064,r2_measured_03607,read,measured,,,,,0.7199,,ok,0.5527
108.8378,662,6.8842,11.2956,0.5801,2.6109,1,11.2938,1,60.0773,110.532,r2_measured_03608,update,measured,48.7817,1.6942,1,14.3234,0.6849,24.942,ok,0.3586
12.0977,369,,,0.2762,,,,,,13.3541,r2_measured_03609,read,measured,,,,,0.5782,,ok,0.3433
19.5857,628,,,0.5257,,,,,,21.1083,r2_measured_03610,read,measured,,,,,0.6115,,ok,0.3249
10.1583,680,,,0.6627,,,,,,11.987,r2_measured_03611,read,measured,,,,,0.7449,,ok,0.3423
12.8608,662,,,0.5319,,,,,,14.5286,r2_measured_03612,read,measured,,,,,0.718,,ok,0.3489
15.8447,680,,,0.7386,,,,,,17.8964,r2_measured_03613,read,measured,,,,,0.8095,,ok,0.4113
12.5314,674,,,0.5696,,,,,,14.2452,r2_measured_03614,read,measured,,,,,0.6869,,ok,0.371
14.5033,568,,,0.6588,,,,,,16.8369,r2_measured_03615,read,measured,,,,,1.1133,,ok,0.4584
13.446,663,,,0.6504,,,,,,15.38,r2_measured_03616,read,measured,,,,,0.7826,,ok,0.4235
13.707,680,,,0.604,,,,,,15.4457,r2_measured_03617,read,measured,,,,,0.6549,,ok,0.3964
12.0127,369,,,0.2097,,,,,,13.1919,r2_measured_03618,read,measured,,,,,0.5363,,ok,0.3568
17.1867,663,,,0.4479,,,,,,18.7185,r2_measured_03619,read,measured,,,,,0.6313,,ok,0.3776
16.3955,675,,,0.496,,,,,,17.9422,r2_measured_03620,read,measured,,,,,0.5941,,ok,0.3777
9.2551,680,,,0.4788,,,,,,10.7051,r2_measured_03621,read,measured,,,,,0.6011,,ok,0.3053
14.6141,568,,,0.4835,,,,,,16.175,r2_measured_03622,read,measured,,,,,0.5981,,ok,0.4143
15.3404,368,,,0.2037,,,,,,16.3344,r2_measured_03623,read,measured,,,,,0.4488,,ok,0.2964
13.5164,419,,,1.2688,,,,,,15.6376,r2_measured_03624,read,measured,,,,,0.4832,,ok,0.3158
14.2385,369,,,0.2086,,,,,,15.2892,r2_measured_03625,read,measured,,,,,0.4088,,ok,0.3846
13.6098,508,,,0.5001,,,,,,15.156,r2_measured_03626,read,measured,,,,,0.662,,ok,0.3253
14.6575,567,,,0.5673,,,,,,16.2353,r2_measured_03627,read,measured,,,,,0.6198,,ok,0.3311
75.5996,663,,,0.6082,,,,,,77.5492,r2_measured_03628,read,measured,,,,,0.9272,,ok,0.3407
16.3778,680,,,0.9558,,,,,,18.9738,r2_measured_03629,read,measured,,,,,1.0131,,ok,0.5108
10.7145,626,,,0.6431,,,,,,12.6604,r2_measured_03630,read,measured,,,,,0.743,,ok,0.4655
13.6042,680,,,0.7276,,,,,,15.6812,r2_measured_03631,read,measured,,,,,0.8058,,ok,0.4533
121.2992,675,19.967,10.7575,0.5571,2.4126,0,10.7556,1,56.787,122.925,r2_measured_03632,update,measured,46.0295,1.6258,1,16.13,0.6272,26.0026,ok,0.366
11.2091,675,,,0.5266,,,,,,12.7202,r2_measured_03633,read,measured,,,,,0.6099,,ok,0.3107
14.6916,680,,,0.5613,,,,,,16.5921,r2_measured_03634,read,measured,,,,,0.7942,,ok,0.4185
13.487,629,,,0.5491,,,,,,15.135,r2_measured_03635,read,measured,,,,,0.6533,,ok,0.3502
12.3584,419,,,0.2293,,,,,,13.4329,r2_measured_03636,read,measured,,,,,0.4776,,ok,0.3194
15.3663,629,,,0.4736,,,,,,16.8541,r2_measured_03637,read,measured,,,,,0.6584,,ok,0.2963
13.4301,675,,,0.6218,,,,,,15.2534,r2_measured_03638,read,measured,,,,,0.7356,,ok,0.4025
20.2307,689,,,0.5426,,,,,,21.7952,r2_measured_03639,read,measured,,,,,0.6313,,ok,0.3233
10.5382,681,,,0.5556,,,,,,12.3862,r2_measured_03640,read,measured,,,,,0.6448,,ok,0.5781
14.7385,681,,,0.5433,,,,,,16.2918,r2_measured_03641,read,measured,,,,,0.6091,,ok,0.3304
8.1198,568,,,0.4178,,,,,,9.4745,r2_measured_03642,read,measured,,,,,0.5432,,ok,0.2963
15.2333,662,,,0.5226,,,,,,16.8327,r2_measured_03643,read,measured,,,,,0.6593,,ok,0.3487
12.0612,680,,,0.5491,,,,,,13.6596,r2_measured_03644,read,measured,,,,,0.6091,,ok,0.3725
14.9983,689,,,0.6754,,,,,,16.956,r2_measured_03645,read,measured,,,,,0.7781,,ok,0.3949
12.6076,369,,,0.2504,,,,,,13.7151,r2_measured_03646,read,measured,,,,,0.4568,,ok,0.3445
17.6805,688,,,0.7227,,,,,,19.7856,r2_measured_03647,read,measured,,,,,0.8879,,ok,0.3968
10.7444,689,,,2.5152,,,,,,14.4964,r2_measured_03648,read,measured,,,,,0.7217,,ok,0.4333
11.3481,505,,,0.5117,,,,,,13.0581,r2_measured_03649,read,measured,,,,,0.704,,ok,0.418
18.8386,628,,,0.6487,,,,,,20.8138,r2_measured_03650,read,measured,,,,,0.7446,,ok,0.4986
16.6309,662,,,0.7197,,,,,,18.8514,r2_measured_03651,read,measured,,,,,0.9338,,ok,0.4712
5.6306,568,,,0.4964,,,,,,7.2609,r2_measured_03652,read,measured,,,,,0.7078,,ok,0.3586
12.8436,419,,,0.3205,,,,,,14.3112,r2_measured_03653,read,measured,,,,,0.6684,,ok,0.4137
22.789,567,,,0.5976,,,,,,24.4076,r2_measured_03654,read,measured,,,,,0.6433,,ok,0.3148
8.3478,681,,,0.5423,,,,,,9.8692,r2_measured_03655,read,measured,,,,,0.5906,,ok,0.3235
12.0308,419,,,0.2833,,,,,,13.2302,r2_measured_03656,read,measured,,,,,0.5453,,ok,0.3127
19.2906,568,,,0.5771,,,,,,20.9463,r2_measured_03657,read,measured,,,,,0.6145,,ok,0.3948
13.8292,662,,,2.6676,,,,,,17.928,r2_measured_03658,read,measured,,,,,0.8833,,ok,0.4529
6.3883,629,,,0.5811,,,,,,8.1694,r2_measured_03659,read,measured,,,,,0.6873,,ok,0.4402
14.1545,663,,,0.8064,,,,,,16.4008,r2_measured_03660,read,measured,,,,,0.8166,,ok,0.5239
12.7897,663,,,0.5909,,,,,,14.4794,r2_measured_03661,read,measured,,,,,0.6876,,ok,0.3444
13.731,675,,,0.6939,,,,,,15.7735,r2_measured_03662,read,measured,,,,,0.7856,,ok,0.4424
13.3508,663,,,0.7532,,,,,,15.3511,r2_measured_03663,read,measured,,,,,0.7117,,ok,0.4561
15.6221,663,,,0.6367,,,,,,17.737,r2_measured_03664,read,measured,,,,,0.9441,,ok,0.4412
19.4698,689,,,0.8241,,,,,,21.7421,r2_measured_03665,read,measured,,,,,0.8744,,ok,0.4783
14.648,680,,,0.7387,,,,,,16.8995,r2_measured_03666,read,measured,,,,,0.9105,,ok,0.4869
4.1392,418,,,0.2934,,,,,,5.6319,r2_measured_03667,read,measured,,,,,0.5966,,ok,0.5296
14.3704,629,,,0.781,,,,,,16.6274,r2_measured_03668,read,measured,,,,,0.854,,ok,0.5258
13.6256,509,,,0.7889,,,,,,15.8429,r2_measured_03669,read,measured,,,,,0.8863,,ok,0.4594
12.642,680,,,0.7076,,,,,,14.8642,r2_measured_03670,read,measured,,,,,0.8992,,ok,0.5176
14.918,675,,,0.9169,,,,,,17.3162,r2_measured_03671,read,measured,,,,,0.9218,,ok,0.4585
11.2028,679,,,0.639,,,,,,13.1442,r2_measured_03672,read,measured,,,,,0.731,,ok,0.4605
12.7445,369,,,0.439,,,,,,14.8002,r2_measured_03673,read,measured,,,,,1.0451,,ok,0.4522
24.696,680,,,0.6917,,,,,,26.5016,r2_measured_03674,read,measured,,,,,0.6461,,ok,0.3841
18.1326,419,,,0.3696,,,,,,19.9539,r2_measured_03675,read,measured,,,,,0.9084,,ok,0.4637
92.905,673,8.9788,13.6374,0.5228,2.0376,1,13.6354,1,60.0457,94.4227,r2_measured_03676,update,measured,46.4083,1.5177,1,0.0083,0.5997,21.8346,ok,0.3252
13.2033,627,,,0.5115,,,,,,14.6714,r2_measured_03677,read,measured,,,,,0.5573,,ok,0.338
14.8995,628,,,0.5045,,,,,,16.4633,r2_measured_03678,read,measured,,,,,0.5998,,ok,0.3877
13.3508,675,,,0.4902,,,,,,14.8026,r2_measured_03679,read,measured,,,,,0.5899,,ok,0.3103
15.2716,681,,,0.756,,,,,,17.4115,r2_measured_03680,read,measured,,,,,0.8129,,ok,0.474
12.6666,419,,,0.3356,,,,,,14.3496,r2_measured_03681,read,measured,,,,,0.6635,,ok,0.6119
19.9898,419,,,0.3226,,,,,,21.3698,r2_measured_03682,read,measured,,,,,0.5917,,ok,0.3884
19.6815,689,,,0.5192,,,,,,21.5252,r2_measured_03683,read,measured,,,,,0.8638,,ok,0.3896
18.6955,509,,,0.8314,,,,,,21.0285,r2_measured_03684,read,measured,,,,,0.8545,,ok,0.553
11.4679,419,,,0.3156,,,,,,12.81,r2_measured_03685,read,measured,,,,,0.5779,,ok,0.3879
13.5474,417,,,0.2868,,,,,,14.773,r2_measured_03686,read,measured,,,,,0.5349,,ok,0.3467
15.4031,681,,,0.7195,,,,,,17.4304,r2_measured_03687,read,measured,,,,,0.7507,,ok,0.469
15.704,675,,,0.7321,,,,,,17.8462,r2_measured_03688,read,measured,,,,,0.8699,,ok,0.4407
11.4181,507,,,0.6585,,,,,,13.4988,r2_measured_03689,read,measured,,,,,0.8746,,ok,0.4629
109.3295,688,11.244,12.6134,0.6778,2.1306,1,12.6117,1,59.1131,111.0704,r2_measured_03690,update,measured,46.4997,1.7409,1,16.4962,0.6525,20.3456,ok,0.332
16.3258,567,,,0.4494,,,,,,17.7029,r2_measured_03691,read,measured,,,,,0.5405,,ok,0.3257
10.0468,567,,,0.5651,,,,,,11.6215,r2_measured_03692,read,measured,,,,,0.5676,,ok,0.3689
16.8425,675,,,0.615,,,,,,18.4038,r2_measured_03693,read,measured,,,,,0.5562,,ok,0.3235
10.6543,663,,,0.5056,,,,,,12.0892,r2_measured_03694,read,measured,,,,,0.5623,,ok,0.309
31.8302,680,,,0.5938,,,,,,33.4696,r2_measured_03695,read,measured,,,,,0.6132,,ok,0.3577
13.5449,568,,,0.484,,,,,,15.0201,r2_measured_03696,read,measured,,,,,0.5845,,ok,0.345
14.4504,628,,,0.4802,,,,,,15.8773,r2_measured_03697,read,measured,,,,,0.5607,,ok,0.3201
14.0972,662,,,0.5138,,,,,,15.7365,r2_measured_03698,read,measured,,,,,0.698,,ok,0.3569
15.2773,681,,,0.5142,,,,,,16.8934,r2_measured_03699,read,measured,,,,,0.6769,,ok,0.3586
123.1838,663,16.8759,13.1911,0.705,3.7423,1,13.1893,1,57.0526,125.2149,r2_measured_03700,update,measured,43.8615,2.0311,1,15.3477,0.7613,30.1653,ok,0.4773
12.2207,688,,,0.5768,,,,,,14.0793,r2_measured_03701,read,measured,,,,,0.7505,,ok,0.4377
14.8308,680,,,0.4936,,,,,,16.442,r2_measured_03702,read,measured,,,,,0.6827,,ok,0.3633
10.9858,680,,,0.478,,,,,,12.4294,r2_measured_03703,read,measured,,,,,0.5834,,ok,0.3215
17.6089,675,,,0.5336,,,,,,19.1899,r2_measured_03704,read,measured,,,,,0.6531,,ok,0.3264
103.1332,628,10.3731,12.9223,0.4912,2.1581,1,12.9201,1,57.3769,104.5372,r2_measured_03705,update,measured,44.4546,1.404,1,15.1357,0.5423,18.0894,ok,0.3079
25.1251,680,,,0.6501,,,,,,26.8789,r2_measured_03706,read,measured,,,,,0.6152,,ok,0.4135
22.3734,681,,,0.5354,,,,,,23.9811,r2_measured_03707,read,measured,,,,,0.6484,,ok,0.3576
11.1114,662,,,0.5106,,,,,,12.628,r2_measured_03708,read,measured,,,,,0.6234,,ok,0.3197
16.1204,368,,,0.2873,,,,,,17.6655,r2_measured_03709,read,measured,,,,,0.6624,,ok,0.5135
11.0082,679,,,0.5613,,,,,,12.5348,r2_measured_03710,read,measured,,,,,0.5863,,ok,0.3172
14.4315,663,,,0.4771,,,,,,15.8739,r2_measured_03711,read,measured,,,,,0.5858,,ok,0.3184
20.289,681,,,0.4951,,,,,,21.8076,r2_measured_03712,read,measured,,,,,0.6452,,ok,0.3135
13.8836,679,,,0.5189,,,,,,15.4056,r2_measured_03713,read,measured,,,,,0.6329,,ok,0.3053
10.833,419,,,0.2714,,,,,,11.9529,r2_measured_03714,read,measured,,,,,0.4918,,ok,0.3052
16.0835,419,,,0.2686,,,,,,17.2423,r2_measured_03715,read,measured,,,,,0.5256,,ok,0.3104
7.9684,680,,,0.5173,,,,,,9.5594,r2_measured_03716,read,measured,,,,,0.6797,,ok,0.3314
11.6882,679,,,0.5331,,,,,,13.2303,r2_measured_03717,read,measured,,,,,0.6319,,ok,0.313
14.9576,663,,,0.5942,,,,,,16.7273,r2_measured_03718,read,measured,,,,,0.7376,,ok,0.3598
13.2482,508,,,0.5497,,,,,,15.1183,r2_measured_03719,read,measured,,,,,0.801,,ok,0.4448
15.285,509,,,0.6781,,,,,,17.2938,r2_measured_03720,read,measured,,,,,0.7643,,ok,0.4794
12.3164,629,,,0.67,,,,,,14.1394,r2_measured_03721,read,measured,,,,,0.6934,,ok,0.3878
11.6468,663,,,0.5214,,,,,,13.1709,r2_measured_03722,read,measured,,,,,0.6256,,ok,0.3172
13.5849,369,,,0.2166,,,,,,14.6493,r2_measured_03723,read,measured,,,,,0.4887,,ok,0.3064
14.1957,681,,,0.542,,,,,,15.7344,r2_measured_03724,read,measured,,,,,0.5759,,ok,0.3506
13.4947,509,,,0.4865,,,,,,14.9588,r2_measured_03725,read,measured,,,,,0.5749,,ok,0.3405
14.1851,689,,,0.5433,,,,,,15.7308,r2_measured_03726,read,measured,,,,,0.6134,,ok,0.3221
13.8242,681,,,0.475,,,,,,15.3433,r2_measured_03727,read,measured,,,,,0.6599,,ok,0.3189
13.7707,509,,,0.4227,,,,,,15.1911,r2_measured_03728,read,measured,,,,,0.5718,,ok,0.3564
13.5613,509,,,0.5072,,,,,,15.0424,r2_measured_03729,read,measured,,,,,0.578,,ok,0.3298
14.2437,679,,,0.5209,,,,,,15.8233,r2_measured_03730,read,measured,,,,,0.6713,,ok,0.3181
13.254,419,,,0.2676,,,,,,14.4688,r2_measured_03731,read,measured,,,,,0.5783,,ok,0.3055
15.0357,629,,,0.5636,,,,,,16.6122,r2_measured_03732,read,measured,,,,,0.6137,,ok,0.3374
14.7807,681,,,0.6919,,,,,,16.5978,r2_measured_03733,read,measured,,,,,0.6814,,ok,0.3669
12.8527,418,,,0.3363,,,,,,14.0448,r2_measured_03734,read,measured,,,,,0.489,,ok,0.3131
17.1691,681,,,0.5358,,,,,,18.7847,r2_measured_03735,read,measured,,,,,0.6941,,ok,0.3153
17.3865,680,,,0.7543,,,,,,19.4047,r2_measured_03736,read,measured,,,,,0.763,,ok,0.423
8.2489,681,,,0.5523,,,,,,9.8536,r2_measured_03737,read,measured,,,,,0.6366,,ok,0.3523
12.5813,628,,,0.4772,,,,,,14.0454,r2_measured_03738,read,measured,,,,,0.6044,,ok,0.3178
14.3855,663,,,0.4371,,,,,,15.7747,r2_measured_03739,read,measured,,,,,0.5861,,ok,0.3049
14.6265,369,,,0.2518,,,,,,15.7533,r2_measured_03740,read,measured,,,,,0.4917,,ok,0.3185
14.7016,628,,,0.5614,,,,,,16.4259,r2_measured_03741,read,measured,,,,,0.7063,,ok,0.3744
15.0195,681,,,0.6736,,,,,,17.0605,r2_measured_03742,read,measured,,,,,0.8563,,ok,0.4143
11.4715,419,,,0.2808,,,,,,12.6929,r2_measured_03743,read,measured,,,,,0.5817,,ok,0.3034
157.6499,689,7.8476,12.3686,0.5403,2.4631,1,12.3669,1,59.7388,159.4164,r2_measured_03744,update,measured,47.3702,1.7665,1,0.0065,0.8536,87.5939,ok,0.31
12.2237,681,,,0.5337,,,,,,13.7939,r2_measured_03745,read,measured,,,,,0.6476,,ok,0.3257
14.4552,509,,,0.4218,,,,,,15.9407,r2_measured_03746,read,measured,,,,,0.5863,,ok,0.4102
12.3862,675,,,0.6763,,,,,,14.199,r2_measured_03747,read,measured,,,,,0.6995,,ok,0.3644
14.6249,628,,,0.6428,,,,,,16.6781,r2_measured_03748,read,measured,,,,,0.7692,,ok,0.5508
12.6774,419,,,0.2424,,,,,,13.7672,r2_measured_03749,read,measured,,,,,0.4869,,ok,0.3066
14.6529,680,,,0.5766,,,,,,16.2952,r2_measured_03750,read,measured,,,,,0.6645,,ok,0.3272
12.2841,679,,,0.4854,,,,,,13.7886,r2_measured_03751,read,measured,,,,,0.6193,,ok,0.335
18.5786,681,,,0.598,,,,,,20.346,r2_measured_03752,read,measured,,,,,0.6841,,ok,0.4045
8.8914,680,,,0.5915,,,,,,10.5154,r2_measured_03753,read,measured,,,,,0.6328,,ok,0.333
13.9528,681,,,0.5707,,,,,,15.4913,r2_measured_03754,read,measured,,,,,0.5857,,ok,0.3123
14.1998,688,,,0.5953,,,,,,15.9734,r2_measured_03755,read,measured,,,,,0.697,,ok,0.4013
14.6346,673,,,0.6988,,,,,,16.6199,r2_measured_03756,read,measured,,,,,0.7479,,ok,0.4569
13.392,568,,,0.4858,,,,,,14.865,r2_measured_03757,read,measured,,,,,0.6005,,ok,0.3293
13.2317,680,,,0.5851,,,,,,14.9451,r2_measured_03758,read,measured,,,,,0.6876,,ok,0.3629
13.3445,681,,,0.5078,,,,,,14.9576,r2_measured_03759,read,measured,,,,,0.6972,,ok,0.3372
14.0039,419,,,0.234,,,,,,15.0832,r2_measured_03760,read,measured,,,,,0.5054,,ok,0.2928
14.8835,567,,,0.519,,,,,,16.3199,r2_measured_03761,read,measured,,,,,0.5556,,ok,0.3041
14.7081,568,,,0.4946,,,,,,16.1537,r2_measured_03762,read,measured,,,,,0.5778,,ok,0.3131
13.0745,509,,,0.5247,,,,,,14.6118,r2_measured_03763,read,measured,,,,,0.6115,,ok,0.3344
15.4069,679,,,0.5189,,,,,,17.0664,r2_measured_03764,read,measured,,,,,0.697,,ok,0.3738
13.209,680,,,0.6762,,,,,,15.0395,r2_measured_03765,read,measured,,,,,0.6873,,ok,0.3834
89.8058,680,10.931,11.9473,0.5167,2.1248,1,11.9454,1,57.2464,91.3147,r2_measured_03766,update,measured,45.2991,1.5089,1,0.0054,0.5987,19.4982,ok,0.3297
121.5573,506,6.0695,11.4587,0.7683,2.9042,1,11.457,1,57.0741,123.8062,r2_measured_03767,update,measured,45.6154,2.2489,1,30.2484,0.8546,25.2611,ok,0.5355
103.9309,507,13.3747,9.0433,0.4813,1.6685,1,9.0413,1,56.3287,105.3413,r2_measured_03768,update,measured,47.2854,1.4104,1,14.8939,0.5509,17.6651,ok,0.3173
15.8953,680,,,0.5049,,,,,,18.6094,r2_measured_03769,read,measured,,,,,1.8297,,ok,0.3124
12.6558,509,,,0.3971,,,,,,13.9564,r2_measured_03770,read,measured,,,,,0.5383,,ok,0.3095
13.8215,680,,,2.4865,,,,,,17.3512,r2_measured_03771,read,measured,,,,,0.645,,ok,0.3242
13.6174,663,,,0.4989,,,,,,15.1269,r2_measured_03772,read,measured,,,,,0.6098,,ok,0.335
13.1884,663,,,0.663,,,,,,15.0533,r2_measured_03773,read,measured,,,,,0.7604,,ok,0.3548
12.532,568,,,0.4705,,,,,,13.977,r2_measured_03774,read,measured,,,,,0.6033,,ok,0.3125
14.7875,566,,,0.6176,,,,,,16.6377,r2_measured_03775,read,measured,,,,,0.7523,,ok,0.3937
14.003,680,,,0.5561,,,,,,15.585,r2_measured_03776,read,measured,,,,,0.6294,,ok,0.3311
14.1807,681,,,0.5253,,,,,,15.7717,r2_measured_03777,read,measured,,,,,0.6496,,ok,0.3396
13.2802,680,,,0.5723,,,,,,14.874,r2_measured_03778,read,measured,,,,,0.6229,,ok,0.3284
14.9582,675,,,0.6204,,,,,,16.7654,r2_measured_03779,read,measured,,,,,0.7471,,ok,0.3652
13.2857,681,,,0.5934,,,,,,14.9985,r2_measured_03780,read,measured,,,,,0.6635,,ok,0.3725
14.7428,680,,,0.6636,,,,,,16.7925,r2_measured_03781,read,measured,,,,,0.8675,,ok,0.4217
104.9203,568,10.2916,9.0015,0.6269,2.5054,0,8.9994,1,56.8467,106.7964,r2_measured_03782,update,measured,47.8452,1.8761,1,14.7892,0.6841,20.4874,ok,0.4806
12.5378,681,,,0.4886,,,,,,14.2127,r2_measured_03783,read,measured,,,,,0.7272,,ok,0.3462
15.9223,680,,,0.6245,,,,,,17.7029,r2_measured_03784,read,measured,,,,,0.7099,,ok,0.361
11.511,509,,,0.4159,,,,,,12.9647,r2_measured_03785,read,measured,,,,,0.6297,,ok,0.3491
15.1897,663,,,0.508,,,,,,16.9051,r2_measured_03786,read,measured,,,,,0.7043,,ok,0.4214
13.916,681,,,0.5509,,,,,,15.6347,r2_measured_03787,read,measured,,,,,0.7405,,ok,0.3518
13.6177,628,,,0.5017,,,,,,15.1199,r2_measured_03788,read,measured,,,,,0.6238,,ok,0.3111
18.2759,680,,,0.6575,,,,,,20.2282,r2_measured_03789,read,measured,,,,,0.7897,,ok,0.4184
11.1321,680,,,0.52,,,,,,12.5918,r2_measured_03790,read,measured,,,,,0.5742,,ok,0.3065
13.7281,508,,,0.5956,,,,,,15.5844,r2_measured_03791,read,measured,,,,,0.7616,,ok,0.4269
12.2001,368,,,0.2705,,,,,,13.5514,r2_measured_03792,read,measured,,,,,0.6305,,ok,0.3912
14.3996,680,,,0.5036,,,,,,16.0265,r2_measured_03793,read,measured,,,,,0.6108,,ok,0.4295
13.7196,680,,,0.6261,,,,,,15.5216,r2_measured_03794,read,measured,,,,,0.6979,,ok,0.3976
14.9243,419,,,0.2492,,,,,,16.042,r2_measured_03795,read,measured,,,,,0.5101,,ok,0.3049
14.5341,689,,,0.7657,,,,,,16.7068,r2_measured_03796,read,measured,,,,,0.8465,,ok,0.4709
13.6006,419,,,0.3063,,,,,,14.8282,r2_measured_03797,read,measured,,,,,0.5206,,ok,0.3376
12.8689,680,,,0.5215,,,,,,14.3874,r2_measured_03798,read,measured,,,,,0.6169,,ok,0.3173
14.9031,568,,,0.5607,,,,,,16.632,r2_measured_03799,read,measured,,,,,0.6801,,ok,0.4058
12.8032,680,,,0.5784,,,,,,14.5912,r2_measured_03800,read,measured,,,,,0.6914,,ok,0.4343
12.3286,509,,,0.5441,,,,,,13.9148,r2_measured_03801,read,measured,,,,,0.5996,,ok,0.3756
15.1916,679,,,0.6188,,,,,,16.971,r2_measured_03802,read,measured,,,,,0.7084,,ok,0.3742
12.8675,508,,,0.5429,,,,,,14.4637,r2_measured_03803,read,measured,,,,,0.6278,,ok,0.3596
14.7955,689,,,0.5668,,,,,,16.46,r2_measured_03804,read,measured,,,,,0.6699,,ok,0.3547
12.9141,568,,,0.5338,,,,,,14.4497,r2_measured_03805,read,measured,,,,,0.5712,,ok,0.3617
14.7976,567,,,0.514,,,,,,16.3668,r2_measured_03806,read,measured,,,,,0.6193,,ok,0.3638
13.2355,509,,,0.4818,,,,,,14.6682,r2_measured_03807,read,measured,,,,,0.5442,,ok,0.3442
16.5157,675,,,0.6192,,,,,,18.221,r2_measured_03808,read,measured,,,,,0.6359,,ok,0.3778
12.2719,687,,,0.5527,,,,,,13.9406,r2_measured_03809,read,measured,,,,,0.7109,,ok,0.3362
14.9214,568,,,0.4972,,,,,,16.3988,r2_measured_03810,read,measured,,,,,0.5617,,ok,0.3497
13.5764,689,,,0.6182,,,,,,15.4012,r2_measured_03811,read,measured,,,,,0.7592,,ok,0.3722
12.8642,369,,,0.3216,,,,,,14.0576,r2_measured_03812,read,measured,,,,,0.4177,,ok,0.3913
15.582,689,,,0.5644,,,,,,17.2926,r2_measured_03813,read,measured,,,,,0.673,,ok,0.395
12.2019,680,,,0.5337,,,,,,13.8579,r2_measured_03814,read,measured,,,,,0.6884,,ok,0.3551
14.7173,680,,,0.5769,,,,,,16.3276,r2_measured_03815,read,measured,,,,,0.6218,,ok,0.3345
13.0679,674,,,0.4804,,,,,,14.4753,r2_measured_03816,read,measured,,,,,0.5473,,ok,0.3167
14.0498,628,,,0.5442,,,,,,15.6404,r2_measured_03817,read,measured,,,,,0.6172,,ok,0.3618
13.2547,689,,,0.5162,,,,,,14.7425,r2_measured_03818,read,measured,,,,,0.5901,,ok,0.3202
14.7376,681,,,0.5902,,,,,,16.374,r2_measured_03819,read,measured,,,,,0.6109,,ok,0.3373
12.8399,626,,,0.5207,,,,,,14.5508,r2_measured_03820,read,measured,,,,,0.7527,,ok,0.3605
14.4735,689,,,0.4926,,,,,,16.0211,r2_measured_03821,read,measured,,,,,0.6276,,ok,0.3543
15.024,681,,,0.4897,,,,,,16.5236,r2_measured_03822,read,measured,,,,,0.6248,,ok,0.3213
108.3061,567,19.1265,10.1137,0.6731,3.2995,1,10.1119,1,58.0706,110.319,r2_measured_03823,update,measured,47.9569,2.0129,1,0.0056,0.777,27.8039,ok,0.4696
13.7971,509,,,0.5397,,,,,,15.4952,r2_measured_03824,read,measured,,,,,0.6713,,ok,0.4112
104.8537,675,8.5611,9.5221,0.6391,2.6732,0,9.52,1,56.2099,106.7248,r2_measured_03825,update,measured,46.6878,1.8711,1,14.328,0.6874,23.0815,ok,0.4416
13.4332,663,,,0.5123,,,,,,15.0937,r2_measured_03826,read,measured,,,,,0.657,,ok,0.4185
13.1173,509,,,0.4176,,,,,,14.4762,r2_measured_03827,read,measured,,,,,0.5663,,ok,0.3176
14.5169,566,,,0.512,,,,,,16.109,r2_measured_03828,read,measured,,,,,0.6622,,ok,0.3493
14.8657,419,,,0.2401,,,,,,15.9552,r2_measured_03829,read,measured,,,,,0.4974,,ok,0.3029
16.3258,680,,,0.5753,,,,,,17.9526,r2_measured_03830,read,measured,,,,,0.648,,ok,0.3262
12.8301,419,,,0.2461,,,,,,13.9034,r2_measured_03831,read,measured,,,,,0.4759,,ok,0.3012
14.3761,418,,,0.2646,,,,,,15.5045,r2_measured_03832,read,measured,,,,,0.4929,,ok,0.3157
14.7187,679,,,0.4982,,,,,,16.2979,r2_measured_03833,read,measured,,,,,0.664,,ok,0.3476
15.748,681,,,0.7057,,,,,,17.5231,r2_measured_03834,read,measured,,,,,0.6658,,ok,0.3265
12.4246,680,,,0.5392,,,,,,14.039,r2_measured_03835,read,measured,,,,,0.6489,,ok,0.3546
16.9353,663,,,0.6001,,,,,,18.6973,r2_measured_03836,read,measured,,,,,0.7326,,ok,0.3532
13.7375,675,,,0.5836,,,,,,15.4377,r2_measured_03837,read,measured,,,,,0.6919,,ok,0.3523
10.2577,628,,,0.5885,,,,,,12.0604,r2_measured_03838,read,measured,,,,,0.707,,ok,0.4279
13.2156,680,,,0.5344,,,,,,14.8958,r2_measured_03839,read,measured,,,,,0.7154,,ok,0.3578
14.3459,629,,,0.4853,,,,,,15.8166,r2_measured_03840,read,measured,,,,,0.6061,,ok,0.3111
12.6568,626,,,0.5176,,,,,,14.2176,r2_measured_03841,read,measured,,,,,0.6262,,ok,0.3454
15.1325,663,,,0.5259,,,,,,16.6137,r2_measured_03842,read,measured,,,,,0.5844,,ok,0.2966
12.941,681,,,0.5422,,,,,,14.5684,r2_measured_03843,read,measured,,,,,0.6645,,ok,0.3519
12.7986,679,,,0.5337,,,,,,14.3026,r2_measured_03844,read,measured,,,,,0.6053,,ok,0.305
14.5687,567,,,0.5288,,,,,,16.1472,r2_measured_03845,read,measured,,,,,0.6292,,ok,0.3507
14.445,689,,,0.5428,,,,,,16.0647,r2_measured_03846,read,measured,,,,,0.647,,ok,0.3641
13.0015,509,,,0.4669,,,,,,14.4192,r2_measured_03847,read,measured,,,,,0.564,,ok,0.3251
14.1227,689,,,0.5041,,,,,,15.6429,r2_measured_03848,read,measured,,,,,0.6123,,ok,0.3232
14.1266,419,,,0.2482,,,,,,15.2231,r2_measured_03849,read,measured,,,,,0.4965,,ok,0.3026
15.0035,508,,,0.5798,,,,,,16.5159,r2_measured_03850,read,measured,,,,,0.5504,,ok,0.3174
13.8281,629,,,0.4824,,,,,,15.3106,r2_measured_03851,read,measured,,,,,0.5902,,ok,0.3469
14.4744,419,,,0.2764,,,,,,15.667,r2_measured_03852,read,measured,,,,,0.5512,,ok,0.313
14.7329,567,,,0.5056,,,,,,16.1922,r2_measured_03853,read,measured,,,,,0.5645,,ok,0.3284
13.0219,509,,,0.4241,,,,,,14.3624,r2_measured_03854,read,measured,,,,,0.5417,,ok,0.3194
15.0291,680,,,0.5135,,,,,,16.4858,r2_measured_03855,read,measured,,,,,0.5668,,ok,0.3154
72.8923,681,,,0.5396,,,,,,74.5028,r2_measured_03856,read,measured,,,,,0.6857,,ok,0.3159
111.32,509,9.444,16.2245,0.6398,2.5231,0,16.2227,1,63.0956,113.2037,r2_measured_03857,update,measured,46.8711,1.8837,1,15.4733,0.7192,20.784,ok,0.4463
16.1414,689,,,0.6433,,,,,,18.0453,r2_measured_03858,read,measured,,,,,0.7818,,ok,0.396
10.9437,680,,,0.5306,,,,,,12.6132,r2_measured_03859,read,measured,,,,,0.6847,,ok,0.3746
13.0828,663,,,0.5518,,,,,,14.6915,r2_measured_03860,read,measured,,,,,0.59,,ok,0.3473
15.6199,507,,,0.4519,,,,,,16.996,r2_measured_03861,read,measured,,,,,0.5486,,ok,0.3152
12.8322,628,,,0.4663,,,,,,14.299,r2_measured_03862,read,measured,,,,,0.6396,,ok,0.2973
15.151,680,,,0.4988,,,,,,16.7705,r2_measured_03863,read,measured,,,,,0.6632,,ok,0.3855
11.4484,680,,,0.5725,,,,,,13.0612,r2_measured_03864,read,measured,,,,,0.6486,,ok,0.328
14.8996,680,,,1.2231,,,,,,17.7794,r2_measured_03865,read,measured,,,,,0.6193,,ok,0.9571
104.3577,628,10.0358,9.6262,0.7832,2.3232,1,9.6242,1,55.3429,106.6866,r2_measured_03866,update,measured,45.7167,2.3289,1,16.7036,0.6335,19.9522,ok,0.8285
13.0436,567,,,0.4029,,,,,,14.4418,r2_measured_03867,read,measured,,,,,0.4845,,ok,0.4521
14.1965,509,,,0.5085,,,,,,15.7677,r2_measured_03868,read,measured,,,,,0.5812,,ok,0.4131
12.8509,418,,,0.2617,,,,,,14.0731,r2_measured_03869,read,measured,,,,,0.5457,,ok,0.3588
15.8575,689,,,0.6729,,,,,,17.7813,r2_measured_03870,read,measured,,,,,0.788,,ok,0.373
12.5924,680,,,0.5339,,,,,,14.1713,r2_measured_03871,read,measured,,,,,0.6581,,ok,0.3222
14.1264,566,,,0.4736,,,,,,15.6856,r2_measured_03872,read,measured,,,,,0.6125,,ok,0.4012
12.9427,568,,,0.455,,,,,,14.3521,r2_measured_03873,read,measured,,,,,0.5803,,ok,0.3161
13.6186,509,,,0.4281,,,,,,14.9929,r2_measured_03874,read,measured,,,,,0.5642,,ok,0.3229
16.1731,628,,,0.6205,,,,,,17.9769,r2_measured_03875,read,measured,,,,,0.6884,,ok,0.4193
12.9904,419,,,0.2555,,,,,,14.085,r2_measured_03876,read,measured,,,,,0.469,,ok,0.322
14.6091,369,,,0.2254,,,,,,15.6639,r2_measured_03877,read,measured,,,,,0.4836,,ok,0.2972
16.7962,679,,,0.7001,,,,,,18.9008,r2_measured_03878,read,measured,,,,,0.8869,,ok,0.4298
15.6072,680,,,0.6807,,,,,,17.6581,r2_measured_03879,read,measured,,,,,0.8008,,ok,0.4693
11.6993,663,,,0.7438,,,,,,13.7193,r2_measured_03880,read,measured,,,,,0.782,,ok,0.4059
12.831,509,,,0.56,,,,,,14.6377,r2_measured_03881,read,measured,,,,,0.7432,,ok,0.4253
12.3892,628,,,0.5997,,,,,,14.2719,r2_measured_03882,read,measured,,,,,0.7039,,ok,0.4909
15.0676,674,,,0.6485,,,,,,17.0836,r2_measured_03883,read,measured,,,,,0.8517,,ok,0.4227
13.3069,663,,,0.6349,,,,,,15.1916,r2_measured_03884,read,measured,,,,,0.7294,,ok,0.4412
15.7872,680,,,0.5513,,,,,,17.5095,r2_measured_03885,read,measured,,,,,0.7327,,ok,0.36
9.9294,369,,,0.225,,,,,,10.9659,r2_measured_03886,read,measured,,,,,0.4702,,ok,0.2942
16.1819,679,,,0.6462,,,,,,17.9983,r2_measured_03887,read,measured,,,,,0.7244,,ok,0.369
13.2514,675,,,0.5284,,,,,,14.9096,r2_measured_03888,read,measured,,,,,0.7159,,ok,0.3444
11.6937,689,,,0.4526,,,,,,13.0858,r2_measured_03889,read,measured,,,,,0.5494,,ok,0.3218
92.5354,680,8.5044,13.5896,0.5764,2.1977,0,13.5878,1,59.482,94.1335,r2_measured_03890,update,measured,45.8924,1.5981,1,0.0063,0.6348,22.345,ok,0.325
14.2776,680,,,0.5302,,,,,,15.8094,r2_measured_03891,read,measured,,,,,0.6026,,ok,0.3267
138.1061,663,17.366,10.3884,0.6314,3.1144,1,10.3862,1,58.8459,139.9989,r2_measured_03892,update,measured,48.4575,1.8928,1,31.3401,0.7531,27.4397,ok,0.4241
11.437,681,,,0.6786,,,,,,13.5447,r2_measured_03893,read,measured,,,,,0.8139,,ok,0.5199
13.5868,663,,,0.5406,,,,,,15.3738,r2_measured_03894,read,measured,,,,,0.6943,,ok,0.4794
12.5101,680,,,0.5439,,,,,,14.0888,r2_measured_03895,read,measured,,,,,0.63,,ok,0.3403
14.6157,680,,,0.4988,,,,,,16.0662,r2_measured_03896,read,measured,,,,,0.5759,,ok,0.3103
13.2626,419,,,0.2451,,,,,,14.3832,r2_measured_03897,read,measured,,,,,0.5003,,ok,0.3233
16.3138,681,,,0.6532,,,,,,18.1531,r2_measured_03898,read,measured,,,,,0.7182,,ok,0.3786
13.4605,628,,,0.5417,,,,,,15.064,r2_measured_03899,read,measured,,,,,0.6328,,ok,0.3593
15.0311,663,,,1.3153,,,,,,17.8626,r2_measured_03900,read,measured,,,,,0.6853,,ok,0.7493
11.5502,628,,,0.5208,,,,,,13.0672,r2_measured_03901,read,measured,,,,,0.6109,,ok,0.3213
12.0497,369,,,0.2389,,,,,,13.2068,r2_measured_03902,read,measured,,,,,0.5312,,ok,0.3339
16.7334,629,,,0.5198,,,,,,18.2644,r2_measured_03903,read,measured,,,,,0.6111,,ok,0.335
13.3829,681,,,0.6115,,,,,,15.0407,r2_measured_03904,read,measured,,,,,0.6384,,ok,0.3326
13.2592,509,,,0.4084,,,,,,14.6359,r2_measured_03905,read,measured,,,,,0.57,,ok,0.3309
17.088,663,,,0.6274,,,,,,18.9292,r2_measured_03906,read,measured,,,,,0.7651,,ok,0.355
14.4804,663,,,0.4946,,,,,,16.1143,r2_measured_03907,read,measured,,,,,0.6815,,ok,0.3878
9.7231,417,,,0.2637,,,,,,10.9246,r2_measured_03908,read,measured,,,,,0.541,,ok,0.3404
15.0814,568,,,0.53,,,,,,16.6379,r2_measured_03909,read,measured,,,,,0.5631,,ok,0.3935
12.9883,675,,,0.5717,,,,,,14.541,r2_measured_03910,read,measured,,,,,0.5922,,ok,0.3235
15.0714,663,,,0.5069,,,,,,16.6073,r2_measured_03911,read,measured,,,,,0.628,,ok,0.3327
13.9591,688,,,0.5238,,,,,,15.4701,r2_measured_03912,read,measured,,,,,0.5877,,ok,0.3322
14.5033,680,,,0.5501,,,,,,16.0918,r2_measured_03913,read,measured,,,,,0.6476,,ok,0.3205
13.1214,417,,,0.2491,,,,,,14.3771,r2_measured_03914,read,measured,,,,,0.5123,,ok,0.4339
15.4279,663,,,0.5301,,,,,,17.132,r2_measured_03915,read,measured,,,,,0.7656,,ok,0.331
13.1844,418,,,0.3304,,,,,,14.3885,r2_measured_03916,read,measured,,,,,0.4902,,ok,0.3309
15.6397,689,,,0.5475,,,,,,17.3326,r2_measured_03917,read,measured,,,,,0.7503,,ok,0.326
13.7464,568,,,0.4318,,,,,,15.1062,r2_measured_03918,read,measured,,,,,0.5507,,ok,0.3119
14.8297,680,,,0.5051,,,,,,16.3731,r2_measured_03919,read,measured,,,,,0.6253,,ok,0.3402
14.3437,689,,,0.5571,,,,,,15.9576,r2_measured_03920,read,measured,,,,,0.6765,,ok,0.3157
12.7171,507,,,0.4586,,,,,,14.1169,r2_measured_03921,read,measured,,,,,0.5482,,ok,0.3318
14.0932,369,,,0.2392,,,,,,15.1408,r2_measured_03922,read,measured,,,,,0.4695,,ok,0.2905
15.4789,663,,,0.4931,,,,,,16.9957,r2_measured_03923,read,measured,,,,,0.625,,ok,0.337
15.829,680,,,0.5556,,,,,,17.4308,r2_measured_03924,read,measured,,,,,0.6519,,ok,0.3263
11.379,673,,,0.4676,,,,,,12.8504,r2_measured_03925,read,measured,,,,,0.6146,,ok,0.3246
15.0881,687,,,2.5122,,,,,,18.8708,r2_measured_03926,read,measured,,,,,0.7746,,ok,0.4153
12.0915,689,,,0.4872,,,,,,13.5785,r2_measured_03927,read,measured,,,,,0.6156,,ok,0.3224
13.5444,680,,,0.5883,,,,,,15.1517,r2_measured_03928,read,measured,,,,,0.6224,,ok,0.328
12.8332,689,,,0.4898,,,,,,14.2583,r2_measured_03929,read,measured,,,,,0.5635,,ok,0.312
13.7287,629,,,0.5789,,,,,,15.3686,r2_measured_03930,read,measured,,,,,0.6516,,ok,0.3411
12.9298,681,,,0.6607,,,,,,14.6303,r2_measured_03931,read,measured,,,,,0.576,,ok,0.3939
15.4146,689,,,0.5397,,,,,,17.0841,r2_measured_03932,read,measured,,,,,0.7327,,ok,0.324
17.3489,567,,,0.4751,,,,,,18.8027,r2_measured_03933,read,measured,,,,,0.5493,,ok,0.3626
9.4972,629,,,0.5214,,,,,,11.1706,r2_measured_03934,read,measured,,,,,0.7291,,ok,0.3444
13.002,568,,,0.5282,,,,,,14.48,r2_measured_03935,read,measured,,,,,0.5854,,ok,0.304
14.3569,628,,,0.4515,,,,,,15.7475,r2_measured_03936,read,measured,,,,,0.5506,,ok,0.3317
18.8762,419,,,0.3086,,,,,,20.0859,r2_measured_03937,read,measured,,,,,0.4948,,ok,0.3472
8.5285,688,,,0.6204,,,,,,10.2478,r2_measured_03938,read,measured,,,,,0.6762,,ok,0.3489
13.6864,508,,,0.4691,,,,,,15.2025,r2_measured_03939,read,measured,,,,,0.6344,,ok,0.3471
13.0797,369,,,0.2318,,,,,,14.2007,r2_measured_03940,read,measured,,,,,0.504,,ok,0.3337
16.137,369,,,0.2842,,,,,,17.441,r2_measured_03941,read,measured,,,,,0.5941,,ok,0.3692
13.6757,628,,,0.6091,,,,,,15.506,r2_measured_03942,read,measured,,,,,0.6731,,ok,0.4622
16.1716,369,,,0.3184,,,,,,17.7242,r2_measured_03943,read,measured,,,,,0.7413,,ok,0.4206
10.7302,629,,,0.7331,,,,,,12.6675,r2_measured_03944,read,measured,,,,,0.6904,,ok,0.4377
13.4562,369,,,0.2547,,,,,,14.7114,r2_measured_03945,read,measured,,,,,0.594,,ok,0.3391
14.2597,675,,,0.5512,,,,,,15.9093,r2_measured_03946,read,measured,,,,,0.6848,,ok,0.3422
12.689,689,,,0.5209,,,,,,14.2988,r2_measured_03947,read,measured,,,,,0.6118,,ok,0.4066
13.4309,508,,,0.5543,,,,,,15.0474,r2_measured_03948,read,measured,,,,,0.598,,ok,0.4
14.1419,568,,,0.4448,,,,,,15.5417,r2_measured_03949,read,measured,,,,,0.573,,ok,0.3241
15.5494,689,,,0.5255,,,,,,17.1442,r2_measured_03950,read,measured,,,,,0.6646,,ok,0.3398
12.6871,626,,,0.5672,,,,,,14.3123,r2_measured_03951,read,measured,,,,,0.6527,,ok,0.3387
14.5567,568,,,0.5033,,,,,,16.2012,r2_measured_03952,read,measured,,,,,0.7167,,ok,0.3582
14.5163,568,,,0.5161,,,,,,16.2573,r2_measured_03953,read,measured,,,,,0.7601,,ok,0.396
14.1825,679,,,0.6413,,,,,,18.0857,r2_measured_03954,read,measured,,,,,2.7606,,ok,0.4146
9.7322,369,,,0.2259,,,,,,10.7798,r2_measured_03955,read,measured,,,,,0.4391,,ok,0.3327
18.585,689,,,0.6594,,,,,,20.5099,r2_measured_03956,read,measured,,,,,0.7886,,ok,0.394
10.6209,568,,,0.5159,,,,,,12.1576,r2_measured_03957,read,measured,,,,,0.6162,,ok,0.3427
14.746,663,,,0.542,,,,,,16.4209,r2_measured_03958,read,measured,,,,,0.7387,,ok,0.3273
12.9996,508,,,0.3966,,,,,,14.3361,r2_measured_03959,read,measured,,,,,0.5619,,ok,0.3213
14.5718,689,,,0.7859,,,,,,16.5898,r2_measured_03960,read,measured,,,,,0.7979,,ok,0.3557
13.1447,418,,,0.3113,,,,,,14.4879,r2_measured_03961,read,measured,,,,,0.5732,,ok,0.3962
12.6184,419,,,0.2891,,,,,,14.0087,r2_measured_03962,read,measured,,,,,0.5925,,ok,0.4412
14.8663,419,,,0.3387,,,,,,16.391,r2_measured_03963,read,measured,,,,,0.6762,,ok,0.4404
15.484,629,,,0.7313,,,,,,17.5142,r2_measured_03964,read,measured,,,,,0.7762,,ok,0.4329
13.4941,628,,,0.6202,,,,,,15.1972,r2_measured_03965,read,measured,,,,,0.6978,,ok,0.3228
12.5711,688,,,0.5567,,,,,,14.1063,r2_measured_03966,read,measured,,,,,0.5892,,ok,0.3253
18.5635,419,,,0.3992,,,,,,20.2588,r2_measured_03967,read,measured,,,,,0.6813,,ok,0.5165
10.8147,509,,,0.6212,,,,,,12.8232,r2_measured_03968,read,measured,,,,,0.8128,,ok,0.4906
12.8773,663,,,0.6564,,,,,,15.0437,r2_measured_03969,read,measured,,,,,0.9435,,ok,0.4726
11.4137,663,,,0.6117,,,,,,13.2101,r2_measured_03970,read,measured,,,,,0.7002,,ok,0.4041
13.7262,689,,,0.6141,,,,,,15.5046,r2_measured_03971,read,measured,,,,,0.7295,,ok,0.357
12.1278,663,,,0.5095,,,,,,13.5848,r2_measured_03972,read,measured,,,,,0.5522,,ok,0.3332
14.8893,568,,,0.59,,,,,,16.6973,r2_measured_03973,read,measured,,,,,0.7225,,ok,0.4098
68.6661,507,,,0.5578,,,,,,70.2774,r2_measured_03974,read,measured,,,,,0.6034,,ok,0.3576
4.0781,663,,,0.4894,,,,,,5.5707,r2_measured_03975,read,measured,,,,,0.6216,,ok,0.3221
15.2012,681,,,0.5164,,,,,,16.6909,r2_measured_03976,read,measured,,,,,0.5785,,ok,0.3309
12.9192,675,,,0.6164,,,,,,14.66,r2_measured_03977,read,measured,,,,,0.6927,,ok,0.3498
13.899,509,,,0.5357,,,,,,15.3686,r2_measured_03978,read,measured,,,,,0.5453,,ok,0.3248
13.6778,629,,,0.5058,,,,,,15.2162,r2_measured_03979,read,measured,,,,,0.6232,,ok,0.3396
12.5845,675,,,0.5977,,,,,,14.2816,r2_measured_03980,read,measured,,,,,0.6462,,ok,0.3807
15.2938,687,,,0.6096,,,,,,17.2354,r2_measured_03981,read,measured,,,,,0.7752,,ok,0.4634
11.5525,689,,,0.5441,,,,,,13.1795,r2_measured_03982,read,measured,,,,,0.6192,,ok,0.3954
14.8289,675,,,0.5972,,,,,,16.6054,r2_measured_03983,read,measured,,,,,0.7482,,ok,0.3518
12.7903,369,,,0.276,,,,,,13.9708,r2_measured_03984,read,measured,,,,,0.4963,,ok,0.3516
16.2695,663,,,0.6414,,,,,,18.3761,r2_measured_03985,read,measured,,,,,0.8372,,ok,0.5414
19.5449,663,,,0.5224,,,,,,21.0837,r2_measured_03986,read,measured,,,,,0.6141,,ok,0.3311
6.8617,567,,,0.4542,,,,,,8.2731,r2_measured_03987,read,measured,,,,,0.5662,,ok,0.3317
15.5652,680,,,0.5438,,,,,,17.234,r2_measured_03988,read,measured,,,,,0.6451,,ok,0.4004
11.6764,568,,,0.6243,,,,,,13.6059,r2_measured_03989,read,measured,,,,,0.6422,,ok,0.5729
13.3545,509,,,0.5136,,,,,,14.8398,r2_measured_03990,read,measured,,,,,0.5783,,ok,0.3306
12.4502,568,,,0.5157,,,,,,13.9324,r2_measured_03991,read,measured,,,,,0.5575,,ok,0.3432
14.3812,628,,,0.5677,,,,,,16.0966,r2_measured_03992,read,measured,,,,,0.7516,,ok,0.3258
122.2367,567,17.7608,10.8257,0.5787,2.1308,1,10.824,1,56.9679,123.7858,r2_measured_03993,update,measured,46.1422,1.5491,1,16.7136,0.5693,28.6636,ok,0.3345
14.4492,419,,,0.2887,,,,,,15.6319,r2_measured_03994,read,measured,,,,,0.5189,,ok,0.3203
12.4693,629,,,0.522,,,,,,14.0199,r2_measured_03995,read,measured,,,,,0.6104,,ok,0.3582
17.864,509,,,0.5125,,,,,,19.3331,r2_measured_03996,read,measured,,,,,0.563,,ok,0.3357
10.8152,628,,,0.5113,,,,,,12.3297,r2_measured_03997,read,measured,,,,,0.601,,ok,0.3398
13.3919,568,,,0.4992,,,,,,15.0091,r2_measured_03998,read,measured,,,,,0.6279,,ok,0.4155
12.5061,417,,,0.2605,,,,,,13.5937,r2_measured_03999,read,measured,,,,,0.4801,,ok,0.299
19.4709,681,,,0.6032,,,,,,21.2006,r2_measured_04000,read,measured,,,,,0.6919,,ok,0.3587
17.0527,675,,,0.6449,,,,,,18.8225,r2_measured_04001,read,measured,,,,,0.6649,,ok,0.3821
8.5344,628,,,0.5403,,,,,,10.1073,r2_measured_04002,read,measured,,,,,0.6193,,ok,0.3407
14.0288,629,,,0.4939,,,,,,15.5158,r2_measured_04003,read,measured,,,,,0.6099,,ok,0.3217
11.2528,629,,,0.4941,,,,,,12.6509,r2_measured_04004,read,measured,,,,,0.5392,,ok,0.3083
14.6724,689,,,0.5385,,,,,,16.2323,r2_measured_04005,read,measured,,,,,0.608,,ok,0.3451
14.6895,681,,,0.5178,,,,,,16.245,r2_measured_04006,read,measured,,,,,0.6591,,ok,0.3161
12.644,662,,,0.6081,,,,,,14.374,r2_measured_04007,read,measured,,,,,0.632,,ok,0.3996
104.1217,568,7.2232,8.8216,0.5667,2.0589,1,8.8197,1,55.122,105.8008,r2_measured_04008,update,measured,46.3004,1.6791,1,15.1437,0.6129,24.5739,ok,0.381
16.5742,675,,,0.6778,,,,,,18.7094,r2_measured_04009,read,measured,,,,,0.8744,,ok,0.4791
12.2437,568,,,0.6053,,,,,,13.9113,r2_measured_04010,read,measured,,,,,0.6113,,ok,0.3803
11.3052,680,,,0.6006,,,,,,13.2896,r2_measured_04011,read,measured,,,,,0.7836,,ok,0.5115
13.066,689,,,0.6241,,,,,,15.0272,r2_measured_04012,read,measured,,,,,0.8854,,ok,0.3658
12.5125,680,,,0.5651,,,,,,14.2901,r2_measured_04013,read,measured,,,,,0.7085,,ok,0.4183
14.8304,628,,,0.5938,,,,,,16.7737,r2_measured_04014,read,measured,,,,,0.779,,ok,0.486
11.543,418,,,0.2563,,,,,,12.6741,r2_measured_04015,read,measured,,,,,0.4819,,ok,0.3413
16.2555,680,,,0.6064,,,,,,18.3226,r2_measured_04016,read,measured,,,,,0.8858,,ok,0.4425
14.227,568,,,0.5935,,,,,,16.0205,r2_measured_04017,read,measured,,,,,0.6781,,ok,0.4406
15.5199,628,,,0.7553,,,,,,18.0208,r2_measured_04018,read,measured,,,,,1.0672,,ok,0.5681
10.8888,628,,,0.7301,,,,,,13.078,r2_measured_04019,read,measured,,,,,0.8892,,ok,0.4811
17.2006,674,,,1.0223,,,,,,20.0525,r2_measured_04020,read,measured,,,,,1.0795,,ok,0.6286
9.7543,689,,,0.4788,,,,,,11.3485,r2_measured_04021,read,measured,,,,,0.7234,,ok,0.3229
11.3592,688,,,0.6971,,,,,,13.0719,r2_measured_04022,read,measured,,,,,0.6051,,ok,0.3383
14.3048,568,,,0.5695,,,,,,15.9693,r2_measured_04023,read,measured,,,,,0.691,,ok,0.3454
13.1737,509,,,0.4568,,,,,,14.4986,r2_measured_04024,read,measured,,,,,0.4771,,ok,0.3381
14.9376,681,,,0.503,,,,,,16.4845,r2_measured_04025,read,measured,,,,,0.6549,,ok,0.323
13.9292,679,,,0.5889,,,,,,15.6808,r2_measured_04026,read,measured,,,,,0.7076,,ok,0.3737
14.4759,568,,,0.4992,,,,,,16.0756,r2_measured_04027,read,measured,,,,,0.686,,ok,0.3462
12.9172,509,,,0.5603,,,,,,14.6226,r2_measured_04028,read,measured,,,,,0.6426,,ok,0.43
107.0897,418,15.2416,13.4265,0.315,1.4227,0,13.4249,1,57.7169,108.3365,r2_measured_04029,update,measured,44.2904,1.2468,1,14.9208,0.5391,17.7877,ok,0.3347
12.2507,419,,,0.2718,,,,,,13.5495,r2_measured_04030,read,measured,,,,,0.5594,,ok,0.4063
15.6905,663,,,0.7056,,,,,,17.802,r2_measured_04031,read,measured,,,,,0.8488,,ok,0.4658
11.7077,681,,,0.4884,,,,,,13.2499,r2_measured_04032,read,measured,,,,,0.6658,,ok,0.3271
12.6069,507,,,0.5186,,,,,,14.2086,r2_measured_04033,read,measured,,,,,0.6418,,ok,0.3815
15.4279,568,,,0.6437,,,,,,17.2954,r2_measured_04034,read,measured,,,,,0.7062,,ok,0.4365
106.4161,674,5.0835,10.1293,0.6376,2.6429,1,10.1273,1,58.5025,108.2568,r2_measured_04035,update,measured,48.3732,1.8407,1,15.3515,0.7058,24.8357,ok,0.4156
13.1755,681,,,0.5984,,,,,,14.9377,r2_measured_04036,read,measured,,,,,0.6448,,ok,0.4337
12.4948,419,,,0.4088,,,,,,13.9152,r2_measured_04037,read,measured,,,,,0.5154,,ok,0.4357
16.5902,663,,,0.704,,,,,,18.681,r2_measured_04038,read,measured,,,,,0.8049,,ok,0.4764
14.312,628,,,0.5837,,,,,,16.1055,r2_measured_04039,read,measured,,,,,0.6562,,ok,0.4752
18.5683,680,,,0.6146,,,,,,20.4068,r2_measured_04040,read,measured,,,,,0.7461,,ok,0.3862
6.2054,568,,,0.4227,,,,,,7.6142,r2_measured_04041,read,measured,,,,,0.5957,,ok,0.3328
12.9815,369,,,0.2826,,,,,,14.2886,r2_measured_04042,read,measured,,,,,0.5644,,ok,0.3999
15.1342,680,,,0.5722,,,,,,16.6943,r2_measured_04043,read,measured,,,,,0.5918,,ok,0.325
23.4374,568,,,0.528,,,,,,25.0951,r2_measured_04044,read,measured,,,,,0.6801,,ok,0.3725
5.1832,681,,,1.0638,,,,,,7.5111,r2_measured_04045,read,measured,,,,,0.6291,,ok,0.5657
13.4498,681,,,0.5027,,,,,,14.9471,r2_measured_04046,read,measured,,,,,0.5989,,ok,0.3293
15.3944,689,,,0.5679,,,,,,17.236,r2_measured_04047,read,measured,,,,,0.7892,,ok,0.3981
11.2405,681,,,0.4606,,,,,,12.6591,r2_measured_04048,read,measured,,,,,0.5717,,ok,0.3186
13.1788,688,,,0.5607,,,,,,14.8342,r2_measured_04049,read,measured,,,,,0.6947,,ok,0.3286
13.229,629,,,0.4803,,,,,,14.7247,r2_measured_04050,read,measured,,,,,0.616,,ok,0.3228
16.0337,688,,,0.7472,,,,,,18.2566,r2_measured_04051,read,measured,,,,,0.8605,,ok,0.4931
12.1346,628,,,0.5714,,,,,,13.7838,r2_measured_04052,read,measured,,,,,0.6689,,ok,0.3458
14.4729,679,,,0.5419,,,,,,16.0173,r2_measured_04053,read,measured,,,,,0.5782,,ok,0.3596
15.0043,509,,,0.5484,,,,,,16.5113,r2_measured_04054,read,measured,,,,,0.5865,,ok,0.3139
91.9432,681,6.2708,10.914,0.602,3.7387,1,10.9123,1,60.1339,93.7228,r2_measured_04055,update,measured,49.2199,1.7796,1,0.0064,0.6689,21.7934,ok,0.4122
11.4826,568,,,0.501,,,,,,12.8607,r2_measured_04056,read,measured,,,,,0.5136,,ok,0.3062
106.8147,689,3.5503,12.504,0.5336,2.3601,1,12.502,1,63.392,108.3167,r2_measured_04057,update,measured,50.888,1.502,1,11.8376,0.5844,25.6747,ok,0.3226
13.5711,681,,,0.5016,,,,,,15.1282,r2_measured_04058,read,measured,,,,,0.6722,,ok,0.3227
13.168,680,,,0.5684,,,,,,14.9633,r2_measured_04059,read,measured,,,,,0.631,,ok,0.5248
13.2008,509,,,0.5239,,,,,,14.8492,r2_measured_04060,read,measured,,,,,0.6588,,ok,0.396
12.936,663,,,0.5742,,,,,,14.5896,r2_measured_04061,read,measured,,,,,0.6783,,ok,0.3355
14.6578,509,,,0.4703,,,,,,16.1299,r2_measured_04062,read,measured,,,,,0.5994,,ok,0.3374
17.8999,419,,,0.2338,,,,,,18.9594,r2_measured_04063,read,measured,,,,,0.4808,,ok,0.2967
11.828,568,,,0.5109,,,,,,13.3868,r2_measured_04064,read,measured,,,,,0.6235,,ok,0.3524
15.8384,689,,,0.5848,,,,,,17.4274,r2_measured_04065,read,measured,,,,,0.5942,,ok,0.3423
10.0372,369,,,0.2615,,,,,,11.2984,r2_measured_04066,read,measured,,,,,0.5239,,ok,0.417
14.284,663,,,0.5642,,,,,,15.9414,r2_measured_04067,read,measured,,,,,0.6874,,ok,0.3354
12.2671,689,,,0.5567,,,,,,13.8619,r2_measured_04068,read,measured,,,,,0.658,,ok,0.3149
15.7283,663,,,0.6465,,,,,,17.8353,r2_measured_04069,read,measured,,,,,0.9253,,ok,0.4448
12.0498,689,,,0.6292,,,,,,14.0001,r2_measured_04070,read,measured,,,,,0.8164,,ok,0.4235
14.1985,663,,,0.559,,,,,,15.9434,r2_measured_04071,read,measured,,,,,0.7211,,ok,0.3777
14.2581,675,,,0.5493,,,,,,15.9223,r2_measured_04072,read,measured,,,,,0.6918,,ok,0.3553
12.7198,680,,,0.5159,,,,,,14.2318,r2_measured_04073,read,measured,,,,,0.5914,,ok,0.3341
12.6745,418,,,0.2696,,,,,,13.8484,r2_measured_04074,read,measured,,,,,0.5208,,ok,0.3294
17.7662,663,,,0.6762,,,,,,19.6287,r2_measured_04075,read,measured,,,,,0.705,,ok,0.4043
11.0393,680,,,0.609,,,,,,12.8091,r2_measured_04076,read,measured,,,,,0.6966,,ok,0.3891
22.0152,568,,,0.5263,,,,,,23.5779,r2_measured_04077,read,measured,,,,,0.6109,,ok,0.3549
4.448,673,,,0.505,,,,,,6.0061,r2_measured_04078,read,measured,,,,,0.6081,,ok,0.3783
15.0353,688,,,0.6435,,,,,,16.864,r2_measured_04079,read,measured,,,,,0.7189,,ok,0.3852
12.6658,689,,,0.5911,,,,,,14.3811,r2_measured_04080,read,measured,,,,,0.6933,,ok,0.3584
13.4278,509,,,0.5,,,,,,15.0088,r2_measured_04081,read,measured,,,,,0.6439,,ok,0.3761
14.3636,568,,,0.5403,,,,,,15.9543,r2_measured_04082,read,measured,,,,,0.6049,,ok,0.3759
123.2845,629,19.1475,11.6982,0.5618,2.3828,1,11.6967,1,69.4567,125.0026,r2_measured_04083,update,measured,57.7585,1.7181,1,8.9274,0.7162,23.3701,ok,0.3247
10.3654,681,,,0.5545,,,,,,12.0276,r2_measured_04084,read,measured,,,,,0.6676,,ok,0.3729
14.9751,675,,,0.7499,,,,,,17.1274,r2_measured_04085,read,measured,,,,,0.8239,,ok,0.4882
14.7145,675,,,0.6273,,,,,,16.5844,r2_measured_04086,read,measured,,,,,0.7602,,ok,0.3985
15.7484,626,,,0.6564,,,,,,17.7399,r2_measured_04087,read,measured,,,,,0.8394,,ok,0.4015
71.4325,680,,,0.4852,,,,,,72.9793,r2_measured_04088,read,measured,,,,,0.6464,,ok,0.347
10.8164,568,,,0.4494,,,,,,12.324,r2_measured_04089,read,measured,,,,,0.5734,,ok,0.4101
13.1532,680,,,0.5504,,,,,,14.7355,r2_measured_04090,read,measured,,,,,0.6277,,ok,0.3305
14.2934,568,,,0.5216,,,,,,15.8081,r2_measured_04091,read,measured,,,,,0.5997,,ok,0.3276
13.3179,419,,,0.2518,,,,,,14.3702,r2_measured_04092,read,measured,,,,,0.4478,,ok,0.3006
15.4551,628,,,0.5539,,,,,,17.1531,r2_measured_04093,read,measured,,,,,0.6698,,ok,0.3931
14.3097,688,,,0.5558,,,,,,16.1133,r2_measured_04094,read,measured,,,,,0.7911,,ok,0.3803
12.6725,662,,,0.552,,,,,,14.4856,r2_measured_04095,read,measured,,,,,0.7821,,ok,0.4063
13.0688,680,,,0.5141,,,,,,14.7505,r2_measured_04096,read,measured,,,,,0.7526,,ok,0.3432
14.6501,629,,,0.7389,,,,,,16.7211,r2_measured_04097,read,measured,,,,,0.7949,,ok,0.4448
12.8603,675,,,0.6106,,,,,,14.662,r2_measured_04098,read,measured,,,,,0.7187,,ok,0.3856
14.4099,663,,,0.5908,,,,,,16.1445,r2_measured_04099,read,measured,,,,,0.6997,,ok,0.3643
12.2915,663,,,0.498,,,,,,13.8207,r2_measured_04100,read,measured,,,,,0.6221,,ok,0.3418
15.6211,509,,,0.8088,,,,,,17.9976,r2_measured_04101,read,measured,,,,,0.9419,,ok,0.5331
13.2117,689,,,0.6246,,,,,,15.1452,r2_measured_04102,read,measured,,,,,0.8228,,ok,0.4047
13.1797,689,,,0.7478,,,,,,15.242,r2_measured_04103,read,measured,,,,,0.7983,,ok,0.4202
14.0157,628,,,0.6004,,,,,,15.759,r2_measured_04104,read,measured,,,,,0.7191,,ok,0.35
12.1308,680,,,0.5972,,,,,,13.7304,r2_measured_04105,read,measured,,,,,0.5938,,ok,0.3329
15.1586,628,,,0.4812,,,,,,16.7495,r2_measured_04106,read,measured,,,,,0.692,,ok,0.3323
13.5895,681,,,0.5667,,,,,,15.2789,r2_measured_04107,read,measured,,,,,0.699,,ok,0.3397
14.1064,568,,,0.4727,,,,,,15.6169,r2_measured_04108,read,measured,,,,,0.5737,,ok,0.3942
13.6164,626,,,0.6779,,,,,,15.5271,r2_measured_04109,read,measured,,,,,0.7537,,ok,0.4097
13.1462,675,,,1.4272,,,,,,15.7251,r2_measured_04110,read,measured,,,,,0.7667,,ok,0.3189
109.5627,663,7.7953,11.3073,0.6339,2.6873,1,11.3057,1,61.1431,111.2245,r2_measured_04111,update,measured,49.8358,1.6618,1,12.8775,0.6238,25.0595,ok,0.3376
10.9803,629,,,0.4876,,,,,,12.4784,r2_measured_04112,read,measured,,,,,0.6118,,ok,0.3279
13.9662,680,,,0.6627,,,,,,15.855,r2_measured_04113,read,measured,,,,,0.7489,,ok,0.3988
120.7252,689,8.1689,11.7502,0.6151,2.6663,1,11.7481,1,57.9656,122.3821,r2_measured_04114,update,measured,46.2154,1.6569,1,15.4229,0.6224,36.5015,ok,0.3465
11.9946,419,,,0.2327,,,,,,13.0111,r2_measured_04115,read,measured,,,,,0.433,,ok,0.3033
16.1958,680,,,0.555,,,,,,17.8609,r2_measured_04116,read,measured,,,,,0.6712,,ok,0.3708
13.1748,675,,,0.5553,,,,,,14.7402,r2_measured_04117,read,measured,,,,,0.6126,,ok,0.3368
13.8578,567,,,0.5394,,,,,,15.3671,r2_measured_04118,read,measured,,,,,0.581,,ok,0.3282
91.9181,627,8.464,11.5262,0.6116,2.5468,1,11.524,1,58.478,93.8359,r2_measured_04119,update,measured,46.9518,1.9178,1,0.0118,0.8022,22.4175,ok,0.4249
12.5733,629,,,0.604,,,,,,14.3324,r2_measured_04120,read,measured,,,,,0.6818,,ok,0.3961
121.1016,629,14.9599,11.8856,0.6153,2.2299,1,11.8839,1,57.2277,122.8074,r2_measured_04121,update,measured,45.3421,1.7058,1,23.7737,0.6418,22.9104,ok,0.3766
14.2514,689,,,0.6005,,,,,,16.0687,r2_measured_04122,read,measured,,,,,0.7755,,ok,0.3719
12.7349,680,,,0.5338,,,,,,14.3382,r2_measured_04123,read,measured,,,,,0.6489,,ok,0.3529
14.4356,679,,,0.5912,,,,,,16.1589,r2_measured_04124,read,measured,,,,,0.6214,,ok,0.4013
11.8722,663,,,0.5621,,,,,,13.4777,r2_measured_04125,read,measured,,,,,0.6331,,ok,0.3455
13.631,568,,,0.4679,,,,,,15.1094,r2_measured_04126,read,measured,,,,,0.6135,,ok,0.3317
97.3611,629,10.8006,10.8386,0.474,2.0948,0,10.837,1,60.2482,98.8228,r2_measured_04127,update,measured,49.4096,1.4617,1,0.0113,0.6018,24.2062,ok,0.3176
11.1711,629,,,0.5081,,,,,,12.6912,r2_measured_04128,read,measured,,,,,0.6237,,ok,0.3281
10.0463,681,,,0.6483,,,,,,11.8897,r2_measured_04129,read,measured,,,,,0.6903,,ok,0.4282
13.1738,663,,,0.5744,,,,,,15.017,r2_measured_04130,read,measured,,,,,0.7978,,ok,0.381
13.4947,629,,,0.6226,,,,,,15.414,r2_measured_04131,read,measured,,,,,0.7718,,ok,0.4477
13.2559,629,,,0.5146,,,,,,14.9086,r2_measured_04132,read,measured,,,,,0.7249,,ok,0.3465
15.3625,663,,,0.5313,,,,,,16.8113,r2_measured_04133,read,measured,,,,,0.5342,,ok,0.3205
17.453,674,,,0.6177,,,,,,19.297,r2_measured_04134,read,measured,,,,,0.7802,,ok,0.3732
15.3722,689,,,0.6543,,,,,,17.2988,r2_measured_04135,read,measured,,,,,0.7515,,ok,0.4404
11.9102,663,,,0.5288,,,,,,13.5466,r2_measured_04136,read,measured,,,,,0.6818,,ok,0.3528
9.7007,509,,,0.4201,,,,,,11.0981,r2_measured_04137,read,measured,,,,,0.5723,,ok,0.3491
13.5078,689,,,0.6018,,,,,,15.3494,r2_measured_04138,read,measured,,,,,0.7603,,ok,0.3929
12.8897,681,,,0.5424,,,,,,14.4506,r2_measured_04139,read,measured,,,,,0.5577,,ok,0.3924
103.3373,369,15.8771,11.1752,0.2102,1.3554,1,11.1736,1,57.2441,104.3747,r2_measured_04140,update,measured,46.0689,1.0374,1,15.4316,0.4505,13.4291,ok,0.3297
15.0217,629,,,0.5412,,,,,,16.5572,r2_measured_04141,read,measured,,,,,0.6103,,ok,0.3181
13.3181,689,,,0.5316,,,,,,14.8668,r2_measured_04142,read,measured,,,,,0.627,,ok,0.3304
90.6104,674,9.2062,12.1114,0.5102,3.509,0,12.1099,1,58.5873,92.0533,r2_measured_04143,update,measured,46.4759,1.4429,1,0.0057,0.5578,19.3022,ok,0.3127
13.1712,689,,,0.5133,,,,,,14.6406,r2_measured_04144,read,measured,,,,,0.5901,,ok,0.3055
14.9313,675,,,0.5734,,,,,,16.7196,r2_measured_04145,read,measured,,,,,0.7907,,ok,0.3563
17.9449,629,,,0.5657,,,,,,19.5822,r2_measured_04146,read,measured,,,,,0.6017,,ok,0.399
9.5475,680,,,0.5888,,,,,,11.2004,r2_measured_04147,read,measured,,,,,0.6279,,ok,0.3504
13.3282,675,,,0.4994,,,,,,14.8407,r2_measured_04148,read,measured,,,,,0.6479,,ok,0.3042
12.7795,369,,,0.2603,,,,,,13.9929,r2_measured_04149,read,measured,,,,,0.5437,,ok,0.3521
21.3684,629,,,0.5333,,,,,,22.9897,r2_measured_04150,read,measured,,,,,0.6388,,ok,0.3793
9.464,418,,,0.2907,,,,,,10.7038,r2_measured_04151,read,measured,,,,,0.5097,,ok,0.3785
14.1099,680,,,0.6175,,,,,,15.8239,r2_measured_04152,read,measured,,,,,0.6495,,ok,0.3754
12.4159,675,,,0.6775,,,,,,14.4762,r2_measured_04153,read,measured,,,,,0.8717,,ok,0.3905
12.6525,675,,,0.5507,,,,,,14.2537,r2_measured_04154,read,measured,,,,,0.6259,,ok,0.3567
12.6643,679,,,0.512,,,,,,14.1526,r2_measured_04155,read,measured,,,,,0.5948,,ok,0.321
14.1112,418,,,0.2835,,,,,,15.4072,r2_measured_04156,read,measured,,,,,0.6098,,ok,0.3455
14.9367,674,,,0.6705,,,,,,16.847,r2_measured_04157,read,measured,,,,,0.7338,,ok,0.4284
13.318,568,,,0.5494,,,,,,14.8267,r2_measured_04158,read,measured,,,,,0.5923,,ok,0.31
14.4111,663,,,0.5375,,,,,,16.0729,r2_measured_04159,read,measured,,,,,0.6785,,ok,0.3764
14.6592,681,,,0.5229,,,,,,16.4544,r2_measured_04160,read,measured,,,,,0.8157,,ok,0.3812
12.8143,680,,,0.5305,,,,,,14.4285,r2_measured_04161,read,measured,,,,,0.6954,,ok,0.321
14.3967,369,,,0.3036,,,,,,15.6888,r2_measured_04162,read,measured,,,,,0.5738,,ok,0.3561
13.4948,663,,,0.6101,,,,,,15.4377,r2_measured_04163,read,measured,,,,,0.7573,,ok,0.4918
15.6451,419,,,0.3575,,,,,,17.3012,r2_measured_04164,read,measured,,,,,0.6534,,ok,0.572
13.341,680,,,0.5726,,,,,,15.0404,r2_measured_04165,read,measured,,,,,0.7057,,ok,0.3505
14.0066,568,,,0.6027,,,,,,15.7784,r2_measured_04166,read,measured,,,,,0.7099,,ok,0.3884
12.5013,663,,,0.6031,,,,,,14.3611,r2_measured_04167,read,measured,,,,,0.7555,,ok,0.414
12.6665,568,,,0.7171,,,,,,14.4621,r2_measured_04168,read,measured,,,,,0.6416,,ok,0.3667
14.4372,681,,,0.6496,,,,,,16.1213,r2_measured_04169,read,measured,,,,,0.6157,,ok,0.3475
13.8226,509,,,0.4766,,,,,,15.3858,r2_measured_04170,read,measured,,,,,0.6093,,ok,0.4114
13.7015,674,,,0.5465,,,,,,15.2645,r2_measured_04171,read,measured,,,,,0.6395,,ok,0.3143
105.911,688,10.8613,12.1066,0.4956,2.3868,1,12.1048,1,56.3522,107.5267,r2_measured_04172,update,measured,44.2456,1.6157,1,15.8696,0.64,20.4411,ok,0.4124
12.6131,675,,,0.6149,,,,,,14.4671,r2_measured_04173,read,measured,,,,,0.7143,,ok,0.4395
13.2247,507,,,0.4614,,,,,,14.7135,r2_measured_04174,read,measured,,,,,0.5782,,ok,0.3858
106.9513,675,6.2627,12.217,0.5653,2.5136,0,12.2152,1,58.0487,108.5179,r2_measured_04175,update,measured,45.8317,1.5666,1,15.4549,0.5786,24.6714,ok,0.3524
13.0972,663,,,0.4799,,,,,,14.7093,r2_measured_04176,read,measured,,,,,0.7578,,ok,0.3105
12.9721,680,,,0.5083,,,,,,14.4265,r2_measured_04177,read,measured,,,,,0.5651,,ok,0.3186
16.4263,509,,,0.4241,,,,,,17.9297,r2_measured_04178,read,measured,,,,,0.699,,ok,0.321
20.3672,688,,,0.4834,,,,,,21.977,r2_measured_04179,read,measured,,,,,0.6754,,ok,0.3653
6.2698,675,,,0.5774,,,,,,7.8576,r2_measured_04180,read,measured,,,,,0.5968,,ok,0.3439
13.3583,629,,,0.5081,,,,,,14.8354,r2_measured_04181,read,measured,,,,,0.5858,,ok,0.3237
14.0763,680,,,0.6045,,,,,,16.0422,r2_measured_04182,read,measured,,,,,0.919,,ok,0.3686
12.6086,509,,,0.4651,,,,,,14.0363,r2_measured_04183,read,measured,,,,,0.5727,,ok,0.3313
13.7895,567,,,0.4522,,,,,,15.1785,r2_measured_04184,read,measured,,,,,0.5595,,ok,0.3162
14.0904,663,,,0.5686,,,,,,15.6558,r2_measured_04185,read,measured,,,,,0.6038,,ok,0.3249
14.3403,675,,,0.5558,,,,,,15.8777,r2_measured_04186,read,measured,,,,,0.5978,,ok,0.3227
13.2374,509,,,0.4656,,,,,,14.6573,r2_measured_04187,read,measured,,,,,0.5743,,ok,0.3185
15.1841,681,,,0.5001,,,,,,16.6516,r2_measured_04188,read,measured,,,,,0.5921,,ok,0.3111
12.9553,675,,,0.5236,,,,,,14.486,r2_measured_04189,read,measured,,,,,0.6226,,ok,0.3156
13.2773,675,,,0.535,,,,,,14.8756,r2_measured_04190,read,measured,,,,,0.5799,,ok,0.4099
13.9048,689,,,0.574,,,,,,15.5304,r2_measured_04191,read,measured,,,,,0.6576,,ok,0.3245
15.6212,629,,,0.5001,,,,,,17.2916,r2_measured_04192,read,measured,,,,,0.7109,,ok,0.3928
32.6684,663,,,0.5269,,,,,,34.1786,r2_measured_04193,read,measured,,,,,0.5959,,ok,0.3248
8.5043,629,,,0.5064,,,,,,10.0374,r2_measured_04194,read,measured,,,,,0.571,,ok,0.3909
15.4041,680,,,0.5295,,,,,,16.9679,r2_measured_04195,read,measured,,,,,0.6263,,ok,0.3416
11.3568,419,,,0.2605,,,,,,12.5429,r2_measured_04196,read,measured,,,,,0.4862,,ok,0.3826
15.0781,689,,,0.5122,,,,,,16.7693,r2_measured_04197,read,measured,,,,,0.7526,,ok,0.3122
13.8928,663,,,0.4868,,,,,,15.43,r2_measured_04198,read,measured,,,,,0.6515,,ok,0.3377
14.7899,675,,,2.5108,,,,,,18.4605,r2_measured_04199,read,measured,,,,,0.7521,,ok,0.3384
11.2194,663,,,0.4502,,,,,,12.5679,r2_measured_04200,read,measured,,,,,0.5295,,ok,0.3105
16.7236,680,,,0.5398,,,,,,18.2653,r2_measured_04201,read,measured,,,,,0.6165,,ok,0.3155
10.328,418,,,0.2356,,,,,,11.3755,r2_measured_04202,read,measured,,,,,0.4214,,ok,0.3435
17.0764,689,,,0.4851,,,,,,18.8619,r2_measured_04203,read,measured,,,,,0.8749,,ok,0.329
13.0039,508,,,0.3863,,,,,,14.4263,r2_measured_04204,read,measured,,,,,0.629,,ok,0.3335
15.4474,369,,,0.3007,,,,,,17.0384,r2_measured_04205,read,measured,,,,,0.8082,,ok,0.4082
69.6775,369,,,0.2745,,,,,,70.8821,r2_measured_04206,read,measured,,,,,0.5229,,ok,0.337
5.2688,680,,,0.5622,,,,,,7.1084,r2_measured_04207,read,measured,,,,,0.8968,,ok,0.3149
12.4734,629,,,0.4728,,,,,,14.0474,r2_measured_04208,read,measured,,,,,0.7291,,ok,0.31
14.1417,680,,,0.5468,,,,,,15.844,r2_measured_04209,read,measured,,,,,0.7657,,ok,0.3228
13.6694,568,,,0.511,,,,,,15.0895,r2_measured_04210,read,measured,,,,,0.5288,,ok,0.3191
13.7689,663,,,0.6247,,,,,,15.4432,r2_measured_04211,read,measured,,,,,0.6573,,ok,0.3256
13.1394,629,,,0.4914,,,,,,14.6954,r2_measured_04212,read,measured,,,,,0.6403,,ok,0.3616
13.7168,419,,,0.2768,,,,,,14.9627,r2_measured_04213,read,measured,,,,,0.6086,,ok,0.3065
14.46,681,,,0.4949,,,,,,15.9467,r2_measured_04214,read,measured,,,,,0.5807,,ok,0.3284
14.4826,628,,,0.681,,,,,,16.3554,r2_measured_04215,read,measured,,,,,0.7701,,ok,0.3354
13.2129,418,,,0.3763,,,,,,14.4724,r2_measured_04216,read,measured,,,,,0.5133,,ok,0.319
14.7109,689,,,0.6396,,,,,,16.6303,r2_measured_04217,read,measured,,,,,0.822,,ok,0.3853
13.0082,680,,,0.5055,,,,,,14.6542,r2_measured_04218,read,measured,,,,,0.6338,,ok,0.4343
27.2501,369,,,0.2776,,,,,,28.5535,r2_measured_04219,read,measured,,,,,0.5402,,ok,0.4228
19.7855,663,,,0.9394,,,,,,22.7046,r2_measured_04220,read,measured,,,,,1.2382,,ok,0.6282
119.0359,627,9.5605,8.9993,0.5494,2.3527,1,8.9972,1,54.103,120.6406,r2_measured_04221,update,measured,45.1037,1.6047,1,32.1964,0.6237,20.8233,ok,0.356
12.8338,680,,,0.6051,,,,,,14.5308,r2_measured_04222,read,measured,,,,,0.6603,,ok,0.3539
13.7882,688,,,0.5469,,,,,,15.5505,r2_measured_04223,read,measured,,,,,0.7529,,ok,0.3888
13.8927,663,,,0.8211,,,,,,16.0248,r2_measured_04224,read,measured,,,,,0.8096,,ok,0.4108
12.9979,680,,,0.5583,,,,,,14.7881,r2_measured_04225,read,measured,,,,,0.7983,,ok,0.358
13.5625,629,,,0.6322,,,,,,15.4861,r2_measured_04226,read,measured,,,,,0.7865,,ok,0.419
13.7689,688,,,0.8032,,,,,,15.7832,r2_measured_04227,read,measured,,,,,0.7877,,ok,0.3486
11.5733,369,,,0.261,,,,,,12.8802,r2_measured_04228,read,measured,,,,,0.5907,,ok,0.4001
15.8038,628,,,0.5164,,,,,,17.4208,r2_measured_04229,read,measured,,,,,0.6935,,ok,0.337
12.3866,369,,,0.2248,,,,,,13.5042,r2_measured_04230,read,measured,,,,,0.4597,,ok,0.3786
15.6511,679,,,0.611,,,,,,17.6721,r2_measured_04231,read,measured,,,,,0.9035,,ok,0.4286
26.5533,369,,,0.2588,,,,,,27.6997,r2_measured_04232,read,measured,,,,,0.54,,ok,0.2981
108.4015,675,8.1069,17.8496,0.4926,2.2697,1,17.8471,1,59.7518,109.8935,r2_measured_04233,update,measured,41.9022,1.492,1,16.0378,0.6235,22.2353,ok,0.3106
12.6214,419,,,0.2524,,,,,,13.7678,r2_measured_04234,read,measured,,,,,0.5202,,ok,0.3235
122.7897,419,13.2024,13.4316,0.2743,1.8971,0,13.4302,1,58.8671,123.9949,r2_measured_04235,update,measured,45.4355,1.2052,1,30.5648,0.5222,18.2583,ok,0.3527
20.1788,418,,,0.3334,,,,,,21.6557,r2_measured_04236,read,measured,,,,,0.6224,,ok,0.4459
14.8958,419,,,0.2607,,,,,,16.0157,r2_measured_04237,read,measured,,,,,0.4727,,ok,0.3339
7.9866,663,,,0.7789,,,,,,10.1629,r2_measured_04238,read,measured,,,,,0.8464,,ok,0.4559
10.9624,568,,,0.4583,,,,,,12.453,r2_measured_04239,read,measured,,,,,0.639,,ok,0.3319
14.8548,508,,,0.465,,,,,,16.3649,r2_measured_04240,read,measured,,,,,0.6341,,ok,0.3516
13.9919,679,,,0.5121,,,,,,15.6484,r2_measured_04241,read,measured,,,,,0.746,,ok,0.3327
13.3807,663,,,0.5627,,,,,,15.3226,r2_measured_04242,read,measured,,,,,0.8164,,ok,0.4781
14.0568,663,,,0.7664,,,,,,16.4124,r2_measured_04243,read,measured,,,,,0.953,,ok,0.5219
13.4449,663,,,0.6443,,,,,,15.5228,r2_measured_04244,read,measured,,,,,0.8351,,ok,0.508
12.8685,419,,,0.4277,,,,,,14.5707,r2_measured_04245,read,measured,,,,,0.7162,,ok,0.482
14.3368,509,,,0.5808,,,,,,16.1659,r2_measured_04246,read,measured,,,,,0.6886,,ok,0.4843
14.7343,663,,,0.7015,,,,,,16.9077,r2_measured_04247,read,measured,,,,,0.9748,,ok,0.4147
13.4456,629,,,0.5024,,,,,,14.8872,r2_measured_04248,read,measured,,,,,0.55,,ok,0.3302
11.5118,663,,,0.6033,,,,,,13.2461,r2_measured_04249,read,measured,,,,,0.6603,,ok,0.3826
15.524,680,,,0.6062,,,,,,17.4063,r2_measured_04250,read,measured,,,,,0.7885,,ok,0.4048
12.4544,680,,,0.7551,,,,,,14.6042,r2_measured_04251,read,measured,,,,,0.8233,,ok,0.4566
14.1079,689,,,0.7972,,,,,,16.3672,r2_measured_04252,read,measured,,,,,0.8757,,ok,0.4936
13.145,680,,,0.5729,,,,,,14.9955,r2_measured_04253,read,measured,,,,,0.8035,,ok,0.3945
14.0504,419,,,0.2722,,,,,,15.2506,r2_measured_04254,read,measured,,,,,0.5067,,ok,0.3043
15.014,675,,,0.5255,,,,,,16.5149,r2_measured_04255,read,measured,,,,,0.5765,,ok,0.3336
106.7153,681,4.7471,10.9904,0.4958,2.5414,1,10.9886,1,57.9751,108.2153,r2_measured_04256,update,measured,46.9847,1.5,1,16.5347,0.6101,24.917,ok,0.3176
12.0442,680,,,0.4877,,,,,,13.6247,r2_measured_04257,read,measured,,,,,0.6875,,ok,0.3437
17.9713,628,,,0.6533,,,,,,19.8068,r2_measured_04258,read,measured,,,,,0.7414,,ok,0.3673
15.844,675,,,0.5786,,,,,,17.7051,r2_measured_04259,read,measured,,,,,0.7837,,ok,0.4171
8.5168,568,,,0.647,,,,,,10.5554,r2_measured_04260,read,measured,,,,,0.7974,,ok,0.5007
13.3298,680,,,0.6759,,,,,,15.4147,r2_measured_04261,read,measured,,,,,0.9209,,ok,0.4041
12.5738,509,,,0.589,,,,,,14.4921,r2_measured_04262,read,measured,,,,,0.7377,,ok,0.5029
12.5267,419,,,0.3593,,,,,,14.4285,r2_measured_04263,read,measured,,,,,0.9563,,ok,0.5087
14.8485,509,,,0.7109,,,,,,16.996,r2_measured_04264,read,measured,,,,,0.79,,ok,0.5588
124.377,629,16.9014,11.5327,0.5337,2.5153,0,11.5305,1,59.0666,125.8779,r2_measured_04265,update,measured,47.5339,1.5009,1,16.5473,0.5939,29.3464,ok,0.3107
12.8768,568,,,0.5656,,,,,,14.7247,r2_measured_04266,read,measured,,,,,0.8159,,ok,0.3886
15.7296,680,,,0.5454,,,,,,17.3713,r2_measured_04267,read,measured,,,,,0.6758,,ok,0.3477
12.5166,509,,,0.6157,,,,,,14.3121,r2_measured_04268,read,measured,,,,,0.7124,,ok,0.3947
15.377,680,,,0.791,,,,,,17.6254,r2_measured_04269,read,measured,,,,,0.889,,ok,0.4749
10.8597,675,,,0.5932,,,,,,12.6709,r2_measured_04270,read,measured,,,,,0.716,,ok,0.4283
14.9111,681,,,0.6334,,,,,,16.9295,r2_measured_04271,read,measured,,,,,0.8633,,ok,0.439
109.8677,419,20.5063,9.1904,0.2402,1.6199,1,9.1887,1,56.9673,110.9149,r2_measured_04272,update,measured,47.7769,1.0472,1,14.229,0.4527,16.5452,ok,0.3033
13.615,568,,,0.5553,,,,,,15.3593,r2_measured_04273,read,measured,,,,,0.6862,,ok,0.4239
13.3947,628,,,0.6217,,,,,,15.2464,r2_measured_04274,read,measured,,,,,0.7784,,ok,0.3763
12.7943,509,,,0.4423,,,,,,14.2289,r2_measured_04275,read,measured,,,,,0.5934,,ok,0.3328
10.717,629,,,0.6127,,,,,,12.6237,r2_measured_04276,read,measured,,,,,0.7766,,ok,0.4327
138.2713,629,18.3024,12.1479,0.5324,2.4673,1,12.1461,1,62.5529,139.788,r2_measured_04277,update,measured,50.405,1.5167,1,30.2146,0.5971,24.7341,ok,0.324
17.9847,681,,,0.5222,,,,,,19.5299,r2_measured_04278,read,measured,,,,,0.6273,,ok,0.3276
9.5944,675,,,0.4605,,,,,,11.0794,r2_measured_04279,read,measured,,,,,0.6229,,ok,0.3376
15.5187,675,,,0.553,,,,,,17.073,r2_measured_04280,read,measured,,,,,0.6168,,ok,0.3128
11.3879,679,,,0.4506,,,,,,12.7873,r2_measured_04281,read,measured,,,,,0.5749,,ok,0.3135
13.7397,418,,,0.2985,,,,,,15.0009,r2_measured_04282,read,measured,,,,,0.5036,,ok,0.3907
32.8605,689,,,0.7741,,,,,,35.224,r2_measured_04283,read,measured,,,,,1.0066,,ok,0.4823
13.5912,681,,,0.8379,,,,,,16.0657,r2_measured_04284,read,measured,,,,,0.9766,,ok,0.5458
9.9617,419,,,0.3779,,,,,,11.4769,r2_measured_04285,read,measured,,,,,0.5865,,ok,0.4858
15.0831,663,,,0.5989,,,,,,16.9171,r2_measured_04286,read,measured,,,,,0.6275,,ok,0.5214
12.8021,680,,,0.4715,,,,,,14.2513,r2_measured_04287,read,measured,,,,,0.6108,,ok,0.3064
16.1058,675,,,0.5821,,,,,,17.9557,r2_measured_04288,read,measured,,,,,0.7214,,ok,0.4684
10.9175,675,,,0.5711,,,,,,12.5679,r2_measured_04289,read,measured,,,,,0.6591,,ok,0.3513
15.3658,629,,,0.6052,,,,,,17.1868,r2_measured_04290,read,measured,,,,,0.7458,,ok,0.3929
15.3622,675,,,0.5341,,,,,,16.9031,r2_measured_04291,read,measured,,,,,0.5766,,ok,0.3604
12.0702,418,,,0.2927,,,,,,13.3792,r2_measured_04292,read,measured,,,,,0.5823,,ok,0.3698
17.913,568,,,0.5102,,,,,,19.4709,r2_measured_04293,read,measured,,,,,0.6303,,ok,0.3517
8.7581,509,,,0.441,,,,,,10.1773,r2_measured_04294,read,measured,,,,,0.5596,,ok,0.3362
14.821,663,,,0.5587,,,,,,16.3898,r2_measured_04295,read,measured,,,,,0.6002,,ok,0.3454
13.4165,689,,,0.6583,,,,,,15.1782,r2_measured_04296,read,measured,,,,,0.6295,,ok,0.3969
13.8788,680,,,0.6202,,,,,,15.6757,r2_measured_04297,read,measured,,,,,0.6699,,ok,0.4314
14.127,681,,,0.5222,,,,,,15.6618,r2_measured_04298,read,measured,,,,,0.6143,,ok,0.3333
128.611,629,18.1656,17.1166,0.6196,2.2279,0,17.1147,1,60.0243,130.377,r2_measured_04299,update,measured,42.9077,1.766,1,29.3697,0.6977,18.8235,ok,0.3762
8.7712,689,,,0.5988,,,,,,10.5274,r2_measured_04300,read,measured,,,,,0.6988,,ok,0.3838
11.1765,508,,,0.4998,,,,,,12.7119,r2_measured_04301,read,measured,,,,,0.6051,,ok,0.367
17.8679,629,,,0.5204,,,,,,19.4712,r2_measured_04302,read,measured,,,,,0.656,,ok,0.3542
8.6138,568,,,0.862,,,,,,10.5225,r2_measured_04303,read,measured,,,,,0.5841,,ok,0.3989
14.0027,418,,,0.3065,,,,,,15.2405,r2_measured_04304,read,measured,,,,,0.5367,,ok,0.3396
14.1077,679,,,0.523,,,,,,15.6982,r2_measured_04305,read,measured,,,,,0.6402,,ok,0.3577
12.7978,419,,,0.2646,,,,,,13.956,r2_measured_04306,read,measured,,,,,0.4936,,ok,0.3468
15.5633,679,,,0.5495,,,,,,17.2426,r2_measured_04307,read,measured,,,,,0.7225,,ok,0.3396
12.567,419,,,0.2428,,,,,,13.6685,r2_measured_04308,read,measured,,,,,0.5019,,ok,0.3079
16.1261,675,,,0.5401,,,,,,17.7623,r2_measured_04309,read,measured,,,,,0.6852,,ok,0.3278
14.7338,680,,,0.5372,,,,,,16.4114,r2_measured_04310,read,measured,,,,,0.6596,,ok,0.4112
13.048,629,,,0.5776,,,,,,14.916,r2_measured_04311,read,measured,,,,,0.7144,,ok,0.4852
12.9053,663,,,0.5096,,,,,,14.4304,r2_measured_04312,read,measured,,,,,0.6015,,ok,0.3491
15.1671,681,,,0.6777,,,,,,16.9567,r2_measured_04313,read,measured,,,,,0.6901,,ok,0.3466
14.9908,675,,,0.6303,,,,,,16.9448,r2_measured_04314,read,measured,,,,,0.8636,,ok,0.386
11.8749,568,,,0.7079,,,,,,13.8349,r2_measured_04315,read,measured,,,,,0.7198,,ok,0.4521
13.6636,629,,,0.587,,,,,,15.5619,r2_measured_04316,read,measured,,,,,0.8628,,ok,0.3718
13.672,509,,,0.7173,,,,,,15.7539,r2_measured_04317,read,measured,,,,,0.7513,,ok,0.5265
14.6188,681,,,0.6604,,,,,,16.581,r2_measured_04318,read,measured,,,,,0.7808,,ok,0.4328
13.5716,663,,,0.7559,,,,,,15.8318,r2_measured_04319,read,measured,,,,,0.8783,,ok,0.5229
12.7629,675,,,0.6494,,,,,,14.5758,r2_measured_04320,read,measured,,,,,0.6832,,ok,0.367
11.6903,567,,,0.4338,,,,,,12.9866,r2_measured_04321,read,measured,,,,,0.4929,,ok,0.3134
16.8225,568,,,0.5957,,,,,,18.7335,r2_measured_04322,read,measured,,,,,0.6953,,ok,0.5354
11.2539,680,,,0.6702,,,,,,13.141,r2_measured_04323,read,measured,,,,,0.6477,,ok,0.4875
21.9344,567,,,0.4928,,,,,,23.3784,r2_measured_04324,read,measured,,,,,0.5564,,ok,0.3291
6.3175,680,,,0.4616,,,,,,7.751,r2_measured_04325,read,measured,,,,,0.5794,,ok,0.3237
15.5808,681,,,0.5263,,,,,,17.0988,r2_measured_04326,read,measured,,,,,0.604,,ok,0.3182
14.5446,689,,,0.4857,,,,,,16.0012,r2_measured_04327,read,measured,,,,,0.6121,,ok,0.2976
9.791,680,,,0.6646,,,,,,11.7742,r2_measured_04328,read,measured,,,,,0.7757,,ok,0.4482
12.4801,567,,,0.5116,,,,,,13.967,r2_measured_04329,read,measured,,,,,0.589,,ok,0.3257
14.603,663,,,0.6039,,,,,,16.273,r2_measured_04330,read,measured,,,,,0.612,,ok,0.3832
16.86,689,,,0.6131,,,,,,18.6943,r2_measured_04331,read,measured,,,,,0.7218,,ok,0.4145
10.9963,663,,,0.576,,,,,,12.7166,r2_measured_04332,read,measured,,,,,0.6585,,ok,0.4089
13.7626,680,,,0.6987,,,,,,15.8097,r2_measured_04333,read,measured,,,,,0.7655,,ok,0.4955
14.414,568,,,0.5594,,,,,,16.0833,r2_measured_04334,read,measured,,,,,0.6302,,ok,0.396
12.0428,369,,,0.3025,,,,,,13.3642,r2_measured_04335,read,measured,,,,,0.5349,,ok,0.4215
85.227,663,,,0.545,,,,,,86.8253,r2_measured_04336,read,measured,,,,,0.6401,,ok,0.3455
7.043,680,,,0.6428,,,,,,8.805,r2_measured_04337,read,measured,,,,,0.7374,,ok,0.3089
12.6469,675,,,0.5119,,,,,,14.1058,r2_measured_04338,read,measured,,,,,0.5542,,ok,0.3266
14.9539,419,,,0.2825,,,,,,16.3153,r2_measured_04339,read,measured,,,,,0.6169,,ok,0.3399
14.0633,568,,,0.5607,,,,,,15.683,r2_measured_04340,read,measured,,,,,0.6321,,ok,0.3598
14.8259,628,,,0.7698,,,,,,17.0934,r2_measured_04341,read,measured,,,,,0.9927,,ok,0.4117
13.8212,681,,,0.617,,,,,,15.6403,r2_measured_04342,read,measured,,,,,0.7613,,ok,0.3616
12.9792,509,,,0.5126,,,,,,14.6382,r2_measured_04343,read,measured,,,,,0.6492,,ok,0.4259
13.7923,663,,,0.5504,,,,,,15.4845,r2_measured_04344,read,measured,,,,,0.7023,,ok,0.3606
14.5298,688,,,0.5831,,,,,,16.4216,r2_measured_04345,read,measured,,,,,0.8757,,ok,0.341
13.4391,369,,,0.2231,,,,,,14.5322,r2_measured_04346,read,measured,,,,,0.4928,,ok,0.3249
14.0052,689,,,0.6436,,,,,,15.8249,r2_measured_04347,read,measured,,,,,0.6665,,ok,0.424
13.9495,629,,,0.5351,,,,,,15.5317,r2_measured_04348,read,measured,,,,,0.6603,,ok,0.3144
12.4762,509,,,0.4352,,,,,,13.8818,r2_measured_04349,read,measured,,,,,0.5579,,ok,0.3526
15.0734,509,,,0.5853,,,,,,16.901,r2_measured_04350,read,measured,,,,,0.7001,,ok,0.4647
12.9839,675,,,0.6066,,,,,,14.8478,r2_measured_04351,read,measured,,,,,0.7502,,ok,0.4239
13.514,681,,,0.6274,,,,,,15.4687,r2_measured_04352,read,measured,,,,,0.7832,,ok,0.4471
13.0685,629,,,0.5934,,,,,,14.7948,r2_measured_04353,read,measured,,,,,0.6785,,ok,0.3799
14.6826,419,,,0.3347,,,,,,16.1996,r2_measured_04354,read,measured,,,,,0.7273,,ok,0.384
13.3637,369,,,0.2711,,,,,,14.6842,r2_measured_04355,read,measured,,,,,0.5831,,ok,0.4009
16.8702,567,,,0.6564,,,,,,18.8148,r2_measured_04356,read,measured,,,,,0.7442,,ok,0.4556
11.2512,663,,,0.5801,,,,,,12.9869,r2_measured_04357,read,measured,,,,,0.724,,ok,0.3589
15.5463,629,,,0.5317,,,,,,17.1271,r2_measured_04358,read,measured,,,,,0.655,,ok,0.3275
14.6795,369,,,0.3118,,,,,,15.8498,r2_measured_04359,read,measured,,,,,0.4878,,ok,0.3115
14.4541,419,,,0.3169,,,,,,15.9762,r2_measured_04360,read,measured,,,,,0.685,,ok,0.4503
10.8596,629,,,0.6077,,,,,,12.7044,r2_measured_04361,read,measured,,,,,0.7886,,ok,0.3665
12.5973,568,,,0.5687,,,,,,14.4305,r2_measured_04362,read,measured,,,,,0.7759,,ok,0.3935
14.7387,688,,,0.6362,,,,,,16.6657,r2_measured_04363,read,measured,,,,,0.7915,,ok,0.4063
12.2927,679,,,0.6634,,,,,,14.3334,r2_measured_04364,read,measured,,,,,0.7517,,ok,0.5337
13.1868,568,,,0.6131,,,,,,14.8794,r2_measured_04365,read,measured,,,,,0.6816,,ok,0.3271
12.7379,567,,,0.4706,,,,,,14.247,r2_measured_04366,read,measured,,,,,0.6274,,ok,0.3444
14.8025,419,,,0.3464,,,,,,16.27,r2_measured_04367,read,measured,,,,,0.68,,ok,0.3759
13.4779,675,,,0.6353,,,,,,15.2041,r2_measured_04368,read,measured,,,,,0.6477,,ok,0.3624
12.98,418,,,0.3438,,,,,,14.4208,r2_measured_04369,read,measured,,,,,0.5284,,ok,0.4816
15.2716,663,,,0.7066,,,,,,17.4493,r2_measured_04370,read,measured,,,,,0.8804,,ok,0.4991
12.2952,568,,,0.5558,,,,,,13.9839,r2_measured_04371,read,measured,,,,,0.6614,,ok,0.3995
13.6923,680,,,0.6627,,,,,,15.4864,r2_measured_04372,read,measured,,,,,0.6797,,ok,0.3611
13.8117,679,,,0.504,,,,,,15.3076,r2_measured_04373,read,measured,,,,,0.5918,,ok,0.3338
13.5157,629,,,0.5647,,,,,,15.2002,r2_measured_04374,read,measured,,,,,0.6503,,ok,0.3712
13.361,680,,,0.605,,,,,,15.0809,r2_measured_04375,read,measured,,,,,0.6425,,ok,0.3958
13.9839,568,,,0.55,,,,,,15.7896,r2_measured_04376,read,measured,,,,,0.7787,,ok,0.397
13.3241,419,,,0.3119,,,,,,14.725,r2_measured_04377,read,measured,,,,,0.6182,,ok,0.4055
14.4779,663,,,0.559,,,,,,16.3407,r2_measured_04378,read,measured,,,,,0.6748,,ok,0.5265
139.4095,629,16.1733,10.8827,0.5607,2.9326,1,10.8809,1,57.589,141.0226,r2_measured_04379,update,measured,46.7063,1.6131,1,32.2771,0.6222,30.4375,ok,0.3606
12.735,509,,,0.4328,,,,,,14.027,r2_measured_04380,read,measured,,,,,0.5042,,ok,0.3002
14.3505,681,,,0.5637,,,,,,16.0235,r2_measured_04381,read,measured,,,,,0.6631,,ok,0.3708
12.9174,680,,,0.7187,,,,,,14.9665,r2_measured_04382,read,measured,,,,,0.768,,ok,0.4756
14.3069,675,,,0.6505,,,,,,16.2975,r2_measured_04383,read,measured,,,,,0.8282,,ok,0.4282
11.2858,567,,,0.5239,,,,,,12.8836,r2_measured_04384,read,measured,,,,,0.599,,ok,0.406
14.8582,663,,,0.5734,,,,,,16.456,r2_measured_04385,read,measured,,,,,0.6354,,ok,0.3179
12.2452,679,,,0.4906,,,,,,13.7575,r2_measured_04386,read,measured,,,,,0.627,,ok,0.3277
13.915,663,,,0.6077,,,,,,15.8386,r2_measured_04387,read,measured,,,,,0.8966,,ok,0.3489
13.0719,663,,,0.5673,,,,,,14.6664,r2_measured_04388,read,measured,,,,,0.5491,,ok,0.4095
15.9389,509,,,0.4846,,,,,,17.4904,r2_measured_04389,read,measured,,,,,0.6704,,ok,0.3326
107.3413,508,12.7987,9.6702,0.417,1.6288,1,9.668,1,57.0552,108.7043,r2_measured_04390,update,measured,47.385,1.363,1,15.5975,0.5701,20.2611,ok,0.3162
13.8472,689,,,0.5095,,,,,,15.3709,r2_measured_04391,read,measured,,,,,0.6486,,ok,0.3047
10.9952,675,,,0.5677,,,,,,12.5859,r2_measured_04392,read,measured,,,,,0.6107,,ok,0.3416
14.4139,681,,,0.5606,,,,,,16.0667,r2_measured_04393,read,measured,,,,,0.6921,,ok,0.3371
13.094,680,,,0.5803,,,,,,14.689,r2_measured_04394,read,measured,,,,,0.6194,,ok,0.3286
14.8339,680,,,0.5596,,,,,,16.4248,r2_measured_04395,read,measured,,,,,0.643,,ok,0.3249
13.5439,509,,,0.4348,,,,,,14.9672,r2_measured_04396,read,measured,,,,,0.5449,,ok,0.3893
15.3644,688,,,0.513,,,,,,16.9136,r2_measured_04397,read,measured,,,,,0.654,,ok,0.3155
15.2403,419,,,0.5779,,,,,,17.0412,r2_measured_04398,read,measured,,,,,0.6295,,ok,0.5097
10.374,567,,,0.5673,,,,,,12.1309,r2_measured_04399,read,measured,,,,,0.7189,,ok,0.3984
13.1177,629,,,0.6288,,,,,,14.8243,r2_measured_04400,read,measured,,,,,0.6503,,ok,0.3597
27.1774,680,,,0.6395,,,,,,29.3001,r2_measured_04401,read,measured,,,,,0.8184,,ok,0.5667
15.4924,369,,,0.3083,,,,,,16.8392,r2_measured_04402,read,measured,,,,,0.578,,ok,0.4024
17.1801,689,,,0.5256,,,,,,18.6981,r2_measured_04403,read,measured,,,,,0.6079,,ok,0.3208
11.666,509,,,0.5328,,,,,,13.1963,r2_measured_04404,read,measured,,,,,0.6136,,ok,0.3224
13.3611,680,,,0.4634,,,,,,14.7006,r2_measured_04405,read,measured,,,,,0.5028,,ok,0.3063
15.5167,681,,,0.6144,,,,,,17.1843,r2_measured_04406,read,measured,,,,,0.6463,,ok,0.3269
13.0191,663,,,0.5247,,,,,,14.5407,r2_measured_04407,read,measured,,,,,0.6277,,ok,0.3079
14.151,663,,,0.5338,,,,,,15.7699,r2_measured_04408,read,measured,,,,,0.6851,,ok,0.3298
12.7064,509,,,0.4852,,,,,,14.2273,r2_measured_04409,read,measured,,,,,0.5829,,ok,0.3877
17.2511,509,,,0.3861,,,,,,18.6214,r2_measured_04410,read,measured,,,,,0.5913,,ok,0.3298
105.8149,681,18.5362,14.0363,0.5726,2.1212,1,14.0339,1,59.6883,107.4937,r2_measured_04411,update,measured,45.652,1.6788,1,0.0193,0.66,25.4499,ok,0.3754
18.9313,663,,,0.5229,,,,,,20.4699,r2_measured_04412,read,measured,,,,,0.6256,,ok,0.3264
13.6936,568,,,0.4917,,,,,,15.1537,r2_measured_04413,read,measured,,,,,0.5694,,ok,0.3392
12.7531,509,,,0.4305,,,,,,14.0506,r2_measured_04414,read,measured,,,,,0.4972,,ok,0.3136
9.901,673,,,0.5764,,,,,,11.6849,r2_measured_04415,read,measured,,,,,0.7326,,ok,0.4043
14.2017,680,,,0.5105,,,,,,15.7668,r2_measured_04416,read,measured,,,,,0.601,,ok,0.3857
11.4327,509,,,0.3855,,,,,,12.6766,r2_measured_04417,read,measured,,,,,0.4919,,ok,0.3135
18.2241,681,,,0.5609,,,,,,19.8144,r2_measured_04418,read,measured,,,,,0.6428,,ok,0.3187
13.9281,680,,,0.4891,,,,,,15.366,r2_measured_04419,read,measured,,,,,0.5688,,ok,0.3178
19.4927,629,,,0.558,,,,,,21.2516,r2_measured_04420,read,measured,,,,,0.7473,,ok,0.3815
8.0223,419,,,0.2373,,,,,,9.065,r2_measured_04421,read,measured,,,,,0.4591,,ok,0.2992
15.4946,419,,,0.3725,,,,,,16.8613,r2_measured_04422,read,measured,,,,,0.5338,,ok,0.3911
16.3091,568,,,0.5186,,,,,,17.7419,r2_measured_04423,read,measured,,,,,0.5494,,ok,0.3078
12.861,509,,,0.5396,,,,,,14.4912,r2_measured_04424,read,measured,,,,,0.6175,,ok,0.4028
10.1004,509,,,0.4095,,,,,,11.4007,r2_measured_04425,read,measured,,,,,0.5253,,ok,0.3117
18.0607,681,,,0.6583,,,,,,20.0265,r2_measured_04426,read,measured,,,,,0.7868,,ok,0.4306
9.7576,568,,,0.5096,,,,,,11.3341,r2_measured_04427,read,measured,,,,,0.6391,,ok,0.361
13.8182,681,,,0.5653,,,,,,15.6174,r2_measured_04428,read,measured,,,,,0.691,,ok,0.4436
12.8708,509,,,0.5871,,,,,,14.5301,r2_measured_04429,read,measured,,,,,0.6035,,ok,0.4061
12.853,419,,,0.2672,,,,,,14.0397,r2_measured_04430,read,measured,,,,,0.5181,,ok,0.3455
17.9889,663,,,0.582,,,,,,19.6321,r2_measured_04431,read,measured,,,,,0.6159,,ok,0.3703
10.1183,689,,,0.6079,,,,,,11.7681,r2_measured_04432,read,measured,,,,,0.5886,,ok,0.3876
17.8874,680,,,0.5399,,,,,,19.4785,r2_measured_04433,read,measured,,,,,0.6446,,ok,0.3356
13.8847,680,,,0.5949,,,,,,15.6685,r2_measured_04434,read,measured,,,,,0.7139,,ok,0.3921
11.4721,680,,,0.7939,,,,,,13.8692,r2_measured_04435,read,measured,,,,,0.6732,,ok,0.8291
9.9228,419,,,0.2637,,,,,,11.1141,r2_measured_04436,read,measured,,,,,0.5464,,ok,0.3284
108.4891,628,7.5066,14.2062,0.7309,2.6343,1,14.204,1,59.7737,110.5218,r2_measured_04437,update,measured,45.5675,2.0327,1,15.8788,0.7617,22.6957,ok,0.4465
13.32,629,,,0.5569,,,,,,15.0549,r2_measured_04438,read,measured,,,,,0.712,,ok,0.3909
12.7141,629,,,0.4394,,,,,,14.0905,r2_measured_04439,read,measured,,,,,0.551,,ok,0.3266
14.1262,689,,,0.5704,,,,,,15.7764,r2_measured_04440,read,measured,,,,,0.6715,,ok,0.3358
17.1666,509,,,0.4911,,,,,,18.7564,r2_measured_04441,read,measured,,,,,0.6615,,ok,0.3675
13.8336,509,,,0.4172,,,,,,15.134,r2_measured_04442,read,measured,,,,,0.5139,,ok,0.3148
13.0178,680,,,0.4555,,,,,,14.4293,r2_measured_04443,read,measured,,,,,0.5795,,ok,0.3129
14.8523,629,,,0.5159,,,,,,16.3457,r2_measured_04444,read,measured,,,,,0.5969,,ok,0.3172
24.1441,675,,,0.596,,,,,,25.7604,r2_measured_04445,read,measured,,,,,0.6178,,ok,0.3314
15.9103,629,,,0.54,,,,,,17.3731,r2_measured_04446,read,measured,,,,,0.5378,,ok,0.325
14.4143,509,,,0.4612,,,,,,15.8421,r2_measured_04447,read,measured,,,,,0.5827,,ok,0.3233
15.3584,675,,,0.4991,,,,,,16.9235,r2_measured_04448,read,measured,,,,,0.6749,,ok,0.3249
11.7435,663,,,0.5405,,,,,,13.3633,r2_measured_04449,read,measured,,,,,0.6937,,ok,0.3189
22.8496,681,,,0.6659,,,,,,24.9106,r2_measured_04450,read,measured,,,,,0.77,,ok,0.5276
16.0175,675,,,0.5157,,,,,,17.5351,r2_measured_04451,read,measured,,,,,0.6023,,ok,0.335
20.5034,509,,,0.8996,,,,,,22.9518,r2_measured_04452,read,measured,,,,,1.0227,,ok,0.4277
11.3082,568,,,0.5056,,,,,,12.7753,r2_measured_04453,read,measured,,,,,0.5501,,ok,0.3488
12.3498,681,,,0.7116,,,,,,14.4975,r2_measured_04454,read,measured,,,,,0.7989,,ok,0.5515
11.0326,419,,,0.3082,,,,,,12.2918,r2_measured_04455,read,measured,,,,,0.5287,,ok,0.3624
25.4404,629,,,0.6715,,,,,,27.2765,r2_measured_04456,read,measured,,,,,0.6886,,ok,0.4031
3.7894,568,,,0.5404,,,,,,5.3401,r2_measured_04457,read,measured,,,,,0.618,,ok,0.3273
13.3661,629,,,0.495,,,,,,14.7854,r2_measured_04458,read,measured,,,,,0.5439,,ok,0.3176
14.0254,680,,,0.5186,,,,,,15.5875,r2_measured_04459,read,measured,,,,,0.6523,,ok,0.3177
23.7772,509,,,0.4896,,,,,,25.3564,r2_measured_04460,read,measured,,,,,0.6126,,ok,0.4092
9.7173,680,,,0.6137,,,,,,11.6876,r2_measured_04461,read,measured,,,,,0.7998,,ok,0.4667
10.7173,663,,,0.4644,,,,,,12.2041,r2_measured_04462,read,measured,,,,,0.642,,ok,0.3162
16.3272,509,,,0.4769,,,,,,17.8239,r2_measured_04463,read,measured,,,,,0.6036,,ok,0.3501
9.4207,419,,,0.2454,,,,,,12.4946,r2_measured_04464,read,measured,,,,,0.4914,,ok,2.2814
13.476,663,,,0.5046,,,,,,14.9715,r2_measured_04465,read,measured,,,,,0.5647,,ok,0.3615
14.93,568,,,0.472,,,,,,16.3642,r2_measured_04466,read,measured,,,,,0.5776,,ok,0.3194
12.5695,567,,,0.4868,,,,,,14.0067,r2_measured_04467,read,measured,,,,,0.5566,,ok,0.3326
17.5248,419,,,0.2554,,,,,,18.6287,r2_measured_04468,read,measured,,,,,0.487,,ok,0.3078
8.2305,369,,,0.2112,,,,,,9.2057,r2_measured_04469,read,measured,,,,,0.437,,ok,0.2843
17.7616,629,,,0.5639,,,,,,19.3795,r2_measured_04470,read,measured,,,,,0.6299,,ok,0.3549
72.9215,663,,,0.6659,,,,,,74.7537,r2_measured_04471,read,measured,,,,,0.7289,,ok,0.3713
16.0222,629,,,0.561,,,,,,17.6888,r2_measured_04472,read,measured,,,,,0.6712,,ok,0.3497
14.6889,675,,,0.5244,,,,,,16.2696,r2_measured_04473,read,measured,,,,,0.6562,,ok,0.3307
9.8269,688,,,0.5629,,,,,,11.5122,r2_measured_04474,read,measured,,,,,0.6666,,ok,0.38
14.0733,680,,,0.6988,,,,,,15.9247,r2_measured_04475,read,measured,,,,,0.7518,,ok,0.3296
27.6849,688,,,0.6696,,,,,,29.6986,r2_measured_04476,read,measured,,,,,0.8324,,ok,0.419
16.9737,629,,,0.4727,,,,,,18.4961,r2_measured_04477,read,measured,,,,,0.6404,,ok,0.3389
107.1833,675,22.7531,11.7817,0.6574,2.5791,1,11.7803,1,55.7098,109.0234,r2_measured_04478,update,measured,43.9281,1.8401,1,0.0058,0.7359,26.1355,ok,0.3672
9.9246,681,,,0.5709,,,,,,11.5814,r2_measured_04479,read,measured,,,,,0.6789,,ok,0.3382
22.7942,629,,,0.5438,,,,,,24.4366,r2_measured_04480,read,measured,,,,,0.6802,,ok,0.3266
5.9822,369,,,0.2252,,,,,,7.0401,r2_measured_04481,read,measured,,,,,0.4443,,ok,0.3367
17.8408,675,,,0.5875,,,,,,19.495,r2_measured_04482,read,measured,,,,,0.6573,,ok,0.342
10.6068,663,,,0.6069,,,,,,12.4154,r2_measured_04483,read,measured,,,,,0.7415,,ok,0.387
12.9387,680,,,0.5019,,,,,,14.5061,r2_measured_04484,read,measured,,,,,0.6684,,ok,0.3335
13.2418,417,,,0.2582,,,,,,14.4028,r2_measured_04485,read,measured,,,,,0.5248,,ok,0.3205
14.1865,629,,,0.4665,,,,,,15.5474,r2_measured_04486,read,measured,,,,,0.5278,,ok,0.3073
13.6004,509,,,0.5451,,,,,,15.2432,r2_measured_04487,read,measured,,,,,0.6899,,ok,0.3373
13.9062,509,,,0.5377,,,,,,15.8665,r2_measured_04488,read,measured,,,,,0.8433,,ok,0.4983
21.5704,680,,,0.5692,,,,,,23.1758,r2_measured_04489,read,measured,,,,,0.6183,,ok,0.3455
13.3599,681,,,0.5043,,,,,,14.876,r2_measured_04490,read,measured,,,,,0.6203,,ok,0.3243
5.3931,509,,,0.4661,,,,,,6.7546,r2_measured_04491,read,measured,,,,,0.5082,,ok,0.3303
14.1747,419,,,0.2813,,,,,,15.4358,r2_measured_04492,read,measured,,,,,0.5702,,ok,0.3502
16.0557,509,,,0.4888,,,,,,17.4517,r2_measured_04493,read,measured,,,,,0.5312,,ok,0.3202
13.7119,675,,,0.5063,,,,,,15.2387,r2_measured_04494,read,measured,,,,,0.6251,,ok,0.33
15.5829,673,,,0.5121,,,,,,17.067,r2_measured_04495,read,measured,,,,,0.5892,,ok,0.317
13.9555,509,,,0.5393,,,,,,15.4672,r2_measured_04496,read,measured,,,,,0.5296,,ok,0.3836
12.3981,689,,,0.5562,,,,,,13.9549,r2_measured_04497,read,measured,,,,,0.6064,,ok,0.332
14.6728,663,,,0.5956,,,,,,16.4172,r2_measured_04498,read,measured,,,,,0.6548,,ok,0.4203
11.6754,369,,,0.2149,,,,,,12.6633,r2_measured_04499,read,measured,,,,,0.4248,,ok,0.3034
17.1556,418,,,0.2671,,,,,,18.2855,r2_measured_04500,read,measured,,,,,0.4931,,ok,0.3158
11.5683,419,,,0.2771,,,,,,12.7702,r2_measured_04501,read,measured,,,,,0.5248,,ok,0.3435
17.4761,675,,,0.57,,,,,,19.1802,r2_measured_04502,read,measured,,,,,0.6894,,ok,0.3726
11.1346,417,,,0.3139,,,,,,12.327,r2_measured_04503,read,measured,,,,,0.4861,,ok,0.3412
14.203,567,,,0.5745,,,,,,15.9683,r2_measured_04504,read,measured,,,,,0.6912,,ok,0.418
15.1136,629,,,0.483,,,,,,16.6356,r2_measured_04505,read,measured,,,,,0.6194,,ok,0.3488
13.3987,369,,,0.2859,,,,,,14.7241,r2_measured_04506,read,measured,,,,,0.5903,,ok,0.3888
15.2682,681,,,0.6233,,,,,,17.1454,r2_measured_04507,read,measured,,,,,0.7439,,ok,0.4231
12.4682,509,,,0.4537,,,,,,13.8819,r2_measured_04508,read,measured,,,,,0.5644,,ok,0.3386
15.6673,689,,,0.5375,,,,,,17.2663,r2_measured_04509,read,measured,,,,,0.6714,,ok,0.3203
10.5996,419,,,0.2829,,,,,,11.8791,r2_measured_04510,read,measured,,,,,0.574,,ok,0.3542
15.0684,629,,,0.7109,,,,,,17.1227,r2_measured_04511,read,measured,,,,,0.7839,,ok,0.4648
13.4646,681,,,0.7063,,,,,,15.4846,r2_measured_04512,read,measured,,,,,0.7562,,ok,0.4683
14.0187,689,,,0.6696,,,,,,16.098,r2_measured_04513,read,measured,,,,,0.9639,,ok,0.3644
12.4408,509,,,0.4437,,,,,,13.8924,r2_measured_04514,read,measured,,,,,0.5858,,ok,0.3603
15.1218,680,,,0.5572,,,,,,16.8349,r2_measured_04515,read,measured,,,,,0.7388,,ok,0.3411
13.6739,679,,,0.5364,,,,,,15.3357,r2_measured_04516,read,measured,,,,,0.7106,,ok,0.3437
15.2517,629,,,0.5879,,,,,,17.0496,r2_measured_04517,read,measured,,,,,0.7294,,ok,0.3999
12.1431,679,,,0.5193,,,,,,13.6632,r2_measured_04518,read,measured,,,,,0.6169,,ok,0.3216
12.7484,629,,,0.4608,,,,,,14.1396,r2_measured_04519,read,measured,,,,,0.5571,,ok,0.3135
14.5751,628,,,0.5346,,,,,,16.1469,r2_measured_04520,read,measured,,,,,0.6214,,ok,0.3468
14.4418,680,,,0.5211,,,,,,15.9198,r2_measured_04521,read,measured,,,,,0.5601,,ok,0.3325
14.2575,568,,,0.4763,,,,,,15.736,r2_measured_04522,read,measured,,,,,0.6073,,ok,0.3337
13.8184,680,,,0.5562,,,,,,15.4328,r2_measured_04523,read,measured,,,,,0.6047,,ok,0.3812
14.0294,629,,,0.6114,,,,,,15.8855,r2_measured_04524,read,measured,,,,,0.7305,,ok,0.3853
12.8953,567,,,0.534,,,,,,14.4952,r2_measured_04525,read,measured,,,,,0.6236,,ok,0.3752
14.7006,681,,,0.6029,,,,,,16.557,r2_measured_04526,read,measured,,,,,0.7786,,ok,0.3896
13.1789,568,,,0.5363,,,,,,14.8158,r2_measured_04527,read,measured,,,,,0.6439,,ok,0.3862
14.4869,680,,,0.6372,,,,,,16.5712,r2_measured_04528,read,measured,,,,,0.9562,,ok,0.4087
13.2639,681,,,0.6541,,,,,,15.2215,r2_measured_04529,read,measured,,,,,0.7749,,ok,0.4467
107.7065,689,9.6158,11.7487,0.5184,2.555,1,11.7468,1,63.0496,109.259,r2_measured_04530,update,measured,51.3009,1.5525,1,10.814,0.54,21.6721,ok,0.427
14.4112,675,,,0.687,,,,,,16.9282,r2_measured_04531,read,measured,,,,,0.9975,,ok,0.7451
12.5569,627,,,0.5398,,,,,,14.0378,r2_measured_04532,read,measured,,,,,0.5419,,ok,0.3393
14.0025,629,,,0.608,,,,,,15.6167,r2_measured_04533,read,measured,,,,,0.5945,,ok,0.3461
13.9577,509,,,0.3974,,,,,,15.2967,r2_measured_04534,read,measured,,,,,0.5797,,ok,0.3043
21.1242,568,,,0.5216,,,,,,22.7139,r2_measured_04535,read,measured,,,,,0.6462,,ok,0.3567
10.5914,419,,,0.3053,,,,,,11.9172,r2_measured_04536,read,measured,,,,,0.5497,,ok,0.4123
15.8533,369,,,0.3662,,,,,,17.4872,r2_measured_04537,read,measured,,,,,0.6564,,ok,0.5352
9.6359,681,,,0.5328,,,,,,11.145,r2_measured_04538,read,measured,,,,,0.5317,,ok,0.3786
13.7868,629,,,0.6035,,,,,,15.7084,r2_measured_04539,read,measured,,,,,0.8103,,ok,0.4194
119.0458,680,15.883,9.5278,0.5482,2.0996,1,9.5261,1,56.2312,120.6466,r2_measured_04540,update,measured,46.7034,1.6008,1,16.2066,0.6463,28.6254,ok,0.3419
13.8482,568,,,0.5469,,,,,,15.4906,r2_measured_04541,read,measured,,,,,0.6265,,ok,0.3949
15.5416,627,,,0.5034,,,,,,17.2244,r2_measured_04542,read,measured,,,,,0.7427,,ok,0.3648
13.1718,418,,,0.2755,,,,,,14.3477,r2_measured_04543,read,measured,,,,,0.5221,,ok,0.3208
11.5638,419,,,0.2598,,,,,,12.7159,r2_measured_04544,read,measured,,,,,0.4994,,ok,0.3389
15.7836,369,,,0.2705,,,,,,16.9931,r2_measured_04545,read,measured,,,,,0.5034,,ok,0.3719
14.2564,369,,,0.2835,,,,,,15.5275,r2_measured_04546,read,measured,,,,,0.5622,,ok,0.3647
13.9076,679,,,0.5701,,,,,,15.5956,r2_measured_04547,read,measured,,,,,0.7007,,ok,0.3468
16.7632,689,,,0.4781,,,,,,18.3545,r2_measured_04548,read,measured,,,,,0.7324,,ok,0.3089
11.052,689,,,0.7693,,,,,,12.8699,r2_measured_04549,read,measured,,,,,0.571,,ok,0.4031
18.7993,508,,,0.4269,,,,,,20.1791,r2_measured_04550,read,measured,,,,,0.5402,,ok,0.3529
10.6881,629,,,0.5407,,,,,,12.3511,r2_measured_04551,read,measured,,,,,0.6867,,ok,0.3668
11.2209,629,,,0.5377,,,,,,12.8449,r2_measured_04552,read,measured,,,,,0.6659,,ok,0.3532
108.6853,680,5.3659,11.5954,0.561,2.9546,1,11.5934,1,62.3395,110.3777,r2_measured_04553,update,measured,50.7441,1.6924,1,12.8666,0.61,25.1587,ok,0.4464
12.8605,663,,,0.592,,,,,,14.5171,r2_measured_04554,read,measured,,,,,0.6669,,ok,0.3298
13.5178,681,,,0.5138,,,,,,15.0646,r2_measured_04555,read,measured,,,,,0.59,,ok,0.3697
15.7464,663,,,0.5087,,,,,,17.3291,r2_measured_04556,read,measured,,,,,0.6786,,ok,0.328
28.1644,568,,,0.4879,,,,,,29.6374,r2_measured_04557,read,measured,,,,,0.5859,,ok,0.341
18.079,663,,,0.504,,,,,,19.581,r2_measured_04558,read,measured,,,,,0.6053,,ok,0.325
10.2787,663,,,0.4811,,,,,,11.7148,r2_measured_04559,read,measured,,,,,0.6082,,ok,0.2929
15.4458,689,,,0.6343,,,,,,17.3666,r2_measured_04560,read,measured,,,,,0.7244,,ok,0.4723
120.9678,419,19.1847,9.8759,0.3051,1.7357,1,9.8743,1,58.0538,122.3105,r2_measured_04561,update,measured,48.1779,1.3427,1,25.7461,0.5882,16.2475,ok,0.3833
13.6128,369,,,0.2269,,,,,,14.672,r2_measured_04562,read,measured,,,,,0.4737,,ok,0.3112
16.1506,675,,,0.6303,,,,,,17.9623,r2_measured_04563,read,measured,,,,,0.7106,,ok,0.3898
13.5761,675,,,0.6149,,,,,,15.4116,r2_measured_04564,read,measured,,,,,0.738,,ok,0.4072
14.1411,680,,,0.7261,,,,,,16.3781,r2_measured_04565,read,measured,,,,,0.9395,,ok,0.4768
110.3246,629,11.8879,9.7518,0.5395,2.5289,1,9.7498,1,57.3586,111.882,r2_measured_04566,update,measured,47.6068,1.5574,1,16.17,0.6049,22.3792,ok,0.3484
13.7189,689,,,0.5773,,,,,,15.5124,r2_measured_04567,read,measured,,,,,0.6974,,ok,0.4338
11.0408,675,,,0.5572,,,,,,12.6896,r2_measured_04568,read,measured,,,,,0.6773,,ok,0.3392
11.8579,567,,,0.4774,,,,,,13.324,r2_measured_04569,read,measured,,,,,0.5912,,ok,0.3337
18.9478,568,,,0.5709,,,,,,20.7397,r2_measured_04570,read,measured,,,,,0.7419,,ok,0.4027
10.0457,629,,,0.5124,,,,,,11.6656,r2_measured_04571,read,measured,,,,,0.6701,,ok,0.3681
13.705,663,,,0.6168,,,,,,15.4548,r2_measured_04572,read,measured,,,,,0.6951,,ok,0.3523
12.8083,419,,,0.3032,,,,,,14.0609,r2_measured_04573,read,measured,,,,,0.5198,,ok,0.3757
13.8294,419,,,0.2572,,,,,,14.9328,r2_measured_04574,read,measured,,,,,0.4701,,ok,0.3255
16.145,629,,,0.5491,,,,,,17.7949,r2_measured_04575,read,measured,,,,,0.6603,,ok,0.3665
13.4089,568,,,0.5034,,,,,,14.898,r2_measured_04576,read,measured,,,,,0.5716,,ok,0.3522
77.3287,689,,,0.6515,,,,,,79.2175,r2_measured_04577,read,measured,,,,,0.7837,,ok,0.3774
14.2903,675,,,0.6108,,,,,,15.984,r2_measured_04578,read,measured,,,,,0.6631,,ok,0.3488
13.0879,369,,,0.2366,,,,,,14.2977,r2_measured_04579,read,measured,,,,,0.5372,,ok,0.3168
14.1236,369,,,0.2282,,,,,,15.1577,r2_measured_04580,read,measured,,,,,0.4516,,ok,0.3043
15.3091,509,,,0.5366,,,,,,16.982,r2_measured_04581,read,measured,,,,,0.697,,ok,0.3721
13.7137,663,,,0.6561,,,,,,15.5209,r2_measured_04582,read,measured,,,,,0.6901,,ok,0.3878
124.2573,674,21.5982,11.3189,0.515,2.6914,1,11.3167,1,58.7114,125.7667,r2_measured_04583,update,measured,47.3925,1.5094,1,17.0668,0.5858,24.1895,ok,0.3424
11.1883,509,,,0.5859,,,,,,12.9474,r2_measured_04584,read,measured,,,,,0.6826,,ok,0.4198
15.0833,689,,,0.5958,,,,,,16.9097,r2_measured_04585,read,measured,,,,,0.7656,,ok,0.3925
13.417,567,,,0.5237,,,,,,15.029,r2_measured_04586,read,measured,,,,,0.6422,,ok,0.3787
107.0697,680,5.8613,12.6348,0.5836,2.7326,1,12.6331,1,58.0858,108.7369,r2_measured_04587,update,measured,45.451,1.6672,1,17.3565,0.644,23.0335,ok,0.3641
11.2847,369,,,0.2304,,,,,,12.3737,r2_measured_04588,read,measured,,,,,0.4946,,ok,0.3143
15.401,680,,,0.5231,,,,,,17.0357,r2_measured_04589,read,measured,,,,,0.6713,,ok,0.3707
14.5382,681,,,0.5247,,,,,,16.0431,r2_measured_04590,read,measured,,,,,0.5968,,ok,0.3183
13.8658,680,,,0.5531,,,,,,15.4952,r2_measured_04591,read,measured,,,,,0.6448,,ok,0.3583
14.8794,567,,,0.601,,,,,,16.7984,r2_measured_04592,read,measured,,,,,0.8278,,ok,0.4068
12.5244,689,,,0.5553,,,,,,14.0622,r2_measured_04593,read,measured,,,,,0.5874,,ok,0.3347
17.6297,629,,,0.6613,,,,,,19.7011,r2_measured_04594,read,measured,,,,,0.7958,,ok,0.5079
10.4258,419,,,0.3393,,,,,,12.0134,r2_measured_04595,read,measured,,,,,0.6934,,ok,0.458
14.7157,688,,,0.5889,,,,,,16.2668,r2_measured_04596,read,measured,,,,,0.5813,,ok,0.3168
13.9661,675,,,0.8175,,,,,,16.1912,r2_measured_04597,read,measured,,,,,0.8109,,ok,0.4999
14.3595,507,,,0.6267,,,,,,16.3141,r2_measured_04598,read,measured,,,,,0.7382,,ok,0.4938
14.4842,663,,,0.6618,,,,,,16.4507,r2_measured_04599,read,measured,,,,,0.7675,,ok,0.4535
11.786,369,,,0.2941,,,,,,12.9976,r2_measured_04600,read,measured,,,,,0.4345,,ok,0.4163
15.5035,663,,,0.7333,,,,,,17.6229,r2_measured_04601,read,measured,,,,,0.8319,,ok,0.4617
13.6719,629,,,0.641,,,,,,15.7473,r2_measured_04602,read,measured,,,,,0.8469,,ok,0.4903
11.1557,419,,,0.2899,,,,,,12.3663,r2_measured_04603,read,measured,,,,,0.5187,,ok,0.3405
14.5165,680,,,0.528,,,,,,16.0107,r2_measured_04604,read,measured,,,,,0.5939,,ok,0.3097
14.3198,688,,,0.6002,,,,,,16.1075,r2_measured_04605,read,measured,,,,,0.691,,ok,0.4185
13.2738,568,,,0.4771,,,,,,14.6767,r2_measured_04606,read,measured,,,,,0.5342,,ok,0.3323
18.6685,508,,,0.6515,,,,,,20.6637,r2_measured_04607,read,measured,,,,,0.7356,,ok,0.5023
11.588,568,,,0.6628,,,,,,13.6443,r2_measured_04608,read,measured,,,,,0.8068,,ok,0.4972
11.5152,419,,,0.3143,,,,,,12.8523,r2_measured_04609,read,measured,,,,,0.518,,ok,0.4207
13.5742,680,,,0.4949,,,,,,15.1002,r2_measured_04610,read,measured,,,,,0.644,,ok,0.3265
14.406,629,,,0.5308,,,,,,16.0407,r2_measured_04611,read,measured,,,,,0.6142,,ok,0.4107
12.78,419,,,0.3038,,,,,,14.1412,r2_measured_04612,read,measured,,,,,0.5668,,ok,0.4287
15.2225,689,,,0.5192,,,,,,16.776,r2_measured_04613,read,measured,,,,,0.6281,,ok,0.3377
14.3461,419,,,0.3565,,,,,,15.8946,r2_measured_04614,read,measured,,,,,0.6467,,ok,0.4723
88.1184,628,9.8919,9.2091,0.5198,2.346,0,9.2071,1,55.338,89.6817,r2_measured_04615,update,measured,46.1289,1.5633,1,0.0075,0.6099,20.535,ok,0.3671
134.925,568,30.6128,11.4706,0.8078,2.0493,1,11.4691,1,60.2386,137.4452,r2_measured_04616,update,measured,48.768,2.5202,1,15.0343,1.0152,26.99,ok,0.5833
18.6693,369,,,0.4492,,,,,,20.8513,r2_measured_04617,read,measured,,,,,0.9157,,ok,0.6857
12.3492,663,,,0.8151,,,,,,14.6711,r2_measured_04618,read,measured,,,,,0.8207,,ok,0.5866
12.7187,680,,,0.8015,,,,,,15.4093,r2_measured_04619,read,measured,,,,,1.0801,,ok,0.6634
12.6713,508,,,0.744,,,,,,14.9071,r2_measured_04620,read,measured,,,,,0.8359,,ok,0.5643
14.0303,681,,,0.6829,,,,,,16.2009,r2_measured_04621,read,measured,,,,,0.9336,,ok,0.46
13.8276,680,,,0.7208,,,,,,15.9676,r2_measured_04622,read,measured,,,,,0.8204,,ok,0.5121
11.6095,663,,,0.5734,,,,,,13.512,r2_measured_04623,read,measured,,,,,0.8465,,ok,0.4086
14.4251,629,,,0.5384,,,,,,16.1097,r2_measured_04624,read,measured,,,,,0.6234,,ok,0.4378
12.3045,675,,,0.6262,,,,,,14.2386,r2_measured_04625,read,measured,,,,,0.8087,,ok,0.4214
14.5532,663,,,0.5809,,,,,,16.4125,r2_measured_04626,read,measured,,,,,0.8088,,ok,0.3827
87.8789,418,11.096,8.886,0.2238,1.3333,1,8.8841,1,59.3983,88.8693,r2_measured_04627,update,measured,50.5123,0.9904,1,0.0073,0.4256,16.044,ok,0.2961
15.2601,689,,,0.5505,,,,,,16.9612,r2_measured_04628,read,measured,,,,,0.6842,,ok,0.3889
13.7176,419,,,0.3373,,,,,,15.133,r2_measured_04629,read,measured,,,,,0.5658,,ok,0.4448
15.8998,663,,,0.5762,,,,,,17.6543,r2_measured_04630,read,measured,,,,,0.719,,ok,0.3852
15.2238,629,,,0.5968,,,,,,17.0451,r2_measured_04631,read,measured,,,,,0.75,,ok,0.3997
17.7619,680,,,0.6689,,,,,,19.8528,r2_measured_04632,read,measured,,,,,0.9473,,ok,0.3945
7.5159,629,,,0.5713,,,,,,9.36,r2_measured_04633,read,measured,,,,,0.7591,,ok,0.4331
108.0235,568,7.0863,13.1289,0.5009,1.8751,1,13.1269,1,59.9394,109.5204,r2_measured_04634,update,measured,46.8105,1.4969,1,15.3404,0.5564,23.7823,ok,0.3733
14.2692,509,,,0.4252,,,,,,15.6146,r2_measured_04635,read,measured,,,,,0.5368,,ok,0.3301
12.3858,369,,,0.3628,,,,,,13.892,r2_measured_04636,read,measured,,,,,0.6438,,ok,0.44
16.9843,568,,,0.7796,,,,,,19.3026,r2_measured_04637,read,measured,,,,,0.9101,,ok,0.5292
11.6729,369,,,0.3046,,,,,,13.2074,r2_measured_04638,read,measured,,,,,0.6837,,ok,0.4719
15.7103,663,,,0.6275,,,,,,17.5837,r2_measured_04639,read,measured,,,,,0.7317,,ok,0.4232
13.0972,680,,,0.6537,,,,,,15.0162,r2_measured_04640,read,measured,,,,,0.7574,,ok,0.4218
12.6624,568,,,0.5481,,,,,,14.3761,r2_measured_04641,read,measured,,,,,0.6953,,ok,0.3994
12.1625,419,,,0.2578,,,,,,13.3203,r2_measured_04642,read,measured,,,,,0.4991,,ok,0.3469
16.4973,629,,,0.7762,,,,,,18.8235,r2_measured_04643,read,measured,,,,,0.9455,,ok,0.5049
12.4756,663,,,0.797,,,,,,14.7503,r2_measured_04644,read,measured,,,,,0.8684,,ok,0.518
12.6628,509,,,0.5015,,,,,,14.3983,r2_measured_04645,read,measured,,,,,0.729,,ok,0.4282
22.5723,681,,,0.4835,,,,,,24.0995,r2_measured_04646,read,measured,,,,,0.6329,,ok,0.3506
24.665,679,,,1.1922,,,,,,28.2155,r2_measured_04647,read,measured,,,,,1.3927,,ok,0.8133
9.6912,419,,,0.264,,,,,,10.8096,r2_measured_04648,read,measured,,,,,0.4908,,ok,0.3055
13.6261,629,,,0.9007,,,,,,16.3335,r2_measured_04649,read,measured,,,,,1.0342,,ok,0.6533
12.262,509,,,0.7134,,,,,,14.3351,r2_measured_04650,read,measured,,,,,0.7438,,ok,0.5215
9.7571,419,,,0.3919,,,,,,11.2456,r2_measured_04651,read,measured,,,,,0.6739,,ok,0.3616
23.1068,675,,,0.6276,,,,,,24.9533,r2_measured_04652,read,measured,,,,,0.7116,,ok,0.369
5.6338,674,,,0.5124,,,,,,7.1321,r2_measured_04653,read,measured,,,,,0.6021,,ok,0.3231
11.689,509,,,0.4138,,,,,,13.0273,r2_measured_04654,read,measured,,,,,0.5639,,ok,0.3106
14.175,419,,,0.304,,,,,,15.4958,r2_measured_04655,read,measured,,,,,0.5702,,ok,0.3877
16.3616,675,,,0.5721,,,,,,17.9825,r2_measured_04656,read,measured,,,,,0.6333,,ok,0.349
13.142,419,,,0.3758,,,,,,14.6875,r2_measured_04657,read,measured,,,,,0.6535,,ok,0.4446
17.4007,629,,,0.776,,,,,,19.4919,r2_measured_04658,read,measured,,,,,0.7845,,ok,0.445
11.2671,509,,,0.6735,,,,,,13.311,r2_measured_04659,read,measured,,,,,0.794,,ok,0.4804
14.7074,680,,,0.6376,,,,,,16.7243,r2_measured_04660,read,measured,,,,,0.8904,,ok,0.3962
8.9849,509,,,0.4494,,,,,,10.2969,r2_measured_04661,read,measured,,,,,0.4917,,ok,0.312
15.9514,629,,,0.5058,,,,,,17.5013,r2_measured_04662,read,measured,,,,,0.663,,ok,0.3207
12.4964,509,,,0.4603,,,,,,13.9578,r2_measured_04663,read,measured,,,,,0.5225,,ok,0.4157
14.6866,680,,,0.5758,,,,,,16.3311,r2_measured_04664,read,measured,,,,,0.6741,,ok,0.3281
12.8325,629,,,0.4931,,,,,,14.3225,r2_measured_04665,read,measured,,,,,0.5487,,ok,0.3774
15.5186,681,,,0.5681,,,,,,17.1238,r2_measured_04666,read,measured,,,,,0.6444,,ok,0.3228
12.3482,663,,,0.6666,,,,,,14.2688,r2_measured_04667,read,measured,,,,,0.7346,,ok,0.4379
16.6066,689,,,0.762,,,,,,18.7469,r2_measured_04668,read,measured,,,,,0.7956,,ok,0.4885
11.1354,675,,,0.5002,,,,,,12.8437,r2_measured_04669,read,measured,,,,,0.7767,,ok,0.3514
14.7357,679,,,0.8023,,,,,,17.0578,r2_measured_04670,read,measured,,,,,0.9594,,ok,0.4622
12.5061,663,,,0.6799,,,,,,14.4601,r2_measured_04671,read,measured,,,,,0.755,,ok,0.4386
14.7499,680,,,0.7167,,,,,,16.9069,r2_measured_04672,read,measured,,,,,0.9035,,ok,0.4409
11.3505,680,,,0.5781,,,,,,13.0528,r2_measured_04673,read,measured,,,,,0.623,,ok,0.4277
12.9713,568,,,0.5982,,,,,,14.8192,r2_measured_04674,read,measured,,,,,0.7366,,ok,0.4352
12.4111,419,,,0.3202,,,,,,13.7122,r2_measured_04675,read,measured,,,,,0.5484,,ok,0.3717
15.6137,680,,,0.5767,,,,,,17.407,r2_measured_04676,read,measured,,,,,0.698,,ok,0.4425
13.7994,681,,,0.6263,,,,,,15.6468,r2_measured_04677,read,measured,,,,,0.686,,ok,0.4527
13.2817,689,,,0.5911,,,,,,15.0021,r2_measured_04678,read,measured,,,,,0.7088,,ok,0.3514
12.9367,675,,,0.5495,,,,,,14.5721,r2_measured_04679,read,measured,,,,,0.7048,,ok,0.3128
13.234,629,,,0.4351,,,,,,14.5751,r2_measured_04680,read,measured,,,,,0.5448,,ok,0.305
14.8305,675,,,0.5394,,,,,,16.4193,r2_measured_04681,read,measured,,,,,0.6693,,ok,0.3124
13.9743,689,,,0.5499,,,,,,15.5432,r2_measured_04682,read,measured,,,,,0.6407,,ok,0.3075
14.8566,689,,,0.6881,,,,,,16.9925,r2_measured_04683,read,measured,,,,,0.9372,,ok,0.4205
11.783,418,,,0.3254,,,,,,13.207,r2_measured_04684,read,measured,,,,,0.6059,,ok,0.4283
15.3975,681,,,1.2382,,,,,,18.6087,r2_measured_04685,read,measured,,,,,0.9213,,ok,0.937
167.6634,675,11.2373,8.9043,0.6395,2.731,0,8.9017,1,55.5835,169.4838,r2_measured_04686,update,measured,46.6792,1.8204,1,16.0636,0.6972,82.048,ok,0.4044
10.8733,681,,,0.5914,,,,,,12.4346,r2_measured_04687,read,measured,,,,,0.5743,,ok,0.3319
13.6728,568,,,0.5161,,,,,,15.2616,r2_measured_04688,read,measured,,,,,0.6436,,ok,0.3608
16.8311,689,,,0.5696,,,,,,18.5383,r2_measured_04689,read,measured,,,,,0.6902,,ok,0.3758
12.6064,681,,,0.6421,,,,,,14.511,r2_measured_04690,read,measured,,,,,0.7394,,ok,0.4393
12.0012,508,,,0.5499,,,,,,13.6726,r2_measured_04691,read,measured,,,,,0.6621,,ok,0.3919
15.2006,568,,,0.6633,,,,,,17.2942,r2_measured_04692,read,measured,,,,,0.8193,,ok,0.5193
13.2066,663,,,0.5949,,,,,,14.9841,r2_measured_04693,read,measured,,,,,0.7272,,ok,0.3831
13.2277,419,,,0.2296,,,,,,14.34,r2_measured_04694,read,measured,,,,,0.4545,,ok,0.3753
13.8725,681,,,0.6726,,,,,,15.7178,r2_measured_04695,read,measured,,,,,0.6945,,ok,0.4007
18.0014,680,,,0.6558,,,,,,20.1082,r2_measured_04696,read,measured,,,,,0.8753,,ok,0.4892
9.6029,675,,,0.4654,,,,,,11.0715,r2_measured_04697,read,measured,,,,,0.6356,,ok,0.3017
12.4175,689,,,0.515,,,,,,13.8591,r2_measured_04698,read,measured,,,,,0.5471,,ok,0.3168
15.5752,663,,,0.5738,,,,,,17.1122,r2_measured_04699,read,measured,,,,,0.5714,,ok,0.3268
13.5237,675,,,0.6323,,,,,,15.4366,r2_measured_04700,read,measured,,,,,0.7471,,ok,0.4485
12.1297,509,,,0.4708,,,,,,13.672,r2_measured_04701,read,measured,,,,,0.6212,,ok,0.3833
15.2776,681,,,0.6871,,,,,,17.1773,r2_measured_04702,read,measured,,,,,0.7084,,ok,0.4255
13.5439,663,,,0.5896,,,,,,15.2346,r2_measured_04703,read,measured,,,,,0.6725,,ok,0.3543
12.9338,629,,,0.5267,,,,,,14.4623,r2_measured_04704,read,measured,,,,,0.5917,,ok,0.3465
14.4658,419,,,0.3496,,,,,,16.2482,r2_measured_04705,read,measured,,,,,0.6655,,ok,0.6774
14.4815,568,,,0.5865,,,,,,16.3704,r2_measured_04706,read,measured,,,,,0.7936,,ok,0.4341
11.2081,419,,,0.2499,,,,,,12.246,r2_measured_04707,read,measured,,,,,0.4374,,ok,0.3012
15.4138,629,,,0.5428,,,,,,16.953,r2_measured_04708,read,measured,,,,,0.5725,,ok,0.3594
14.4575,680,,,0.6044,,,,,,16.2585,r2_measured_04709,read,measured,,,,,0.7309,,ok,0.3945
14.489,681,,,0.5371,,,,,,16.0527,r2_measured_04710,read,measured,,,,,0.6483,,ok,0.3131
14.1825,509,,,0.4368,,,,,,15.5713,r2_measured_04711,read,measured,,,,,0.5808,,ok,0.3172
12.7312,369,,,0.2296,,,,,,13.7963,r2_measured_04712,read,measured,,,,,0.474,,ok,0.3121
15.1877,680,,,0.6184,,,,,,16.9011,r2_measured_04713,read,measured,,,,,0.6723,,ok,0.3526
13.7496,568,,,0.6004,,,,,,15.5593,r2_measured_04714,read,measured,,,,,0.7156,,ok,0.4113
14.9671,680,,,0.5152,,,,,,16.4893,r2_measured_04715,read,measured,,,,,0.6148,,ok,0.3275
107.0066,419,15.3224,12.6113,0.3515,1.5016,1,12.6091,1,59.8173,108.5185,r2_measured_04716,update,measured,47.206,1.5119,1,14.0744,0.6144,16.2909,ok,0.4753
13.6831,629,,,0.7216,,,,,,17.76,r2_measured_04717,read,measured,,,,,2.822,,ok,0.447
11.85,689,,,0.6752,,,,,,13.9363,r2_measured_04718,read,measured,,,,,0.8465,,ok,0.4723
110.2252,419,16.8543,10.2756,0.2923,1.3315,0,10.2739,1,57.322,111.5433,r2_measured_04719,update,measured,47.0464,1.3181,1,15.8578,0.5895,18.8596,ok,0.3716
11.5456,629,,,0.4713,,,,,,12.9598,r2_measured_04720,read,measured,,,,,0.5712,,ok,0.312
14.4802,509,,,0.5128,,,,,,16.0223,r2_measured_04721,read,measured,,,,,0.6037,,ok,0.3632
10.9645,680,,,0.5694,,,,,,12.6082,r2_measured_04722,read,measured,,,,,0.6106,,ok,0.3927
15.44,663,,,0.6834,,,,,,17.358,r2_measured_04723,read,measured,,,,,0.7292,,ok,0.4259
12.7343,663,,,0.5767,,,,,,14.645,r2_measured_04724,read,measured,,,,,0.8533,,ok,0.405
13.5947,629,,,0.5478,,,,,,15.2405,r2_measured_04725,read,measured,,,,,0.6128,,ok,0.3933
14.2048,680,,,0.5532,,,,,,15.9025,r2_measured_04726,read,measured,,,,,0.7028,,ok,0.3687
13.3053,568,,,0.5841,,,,,,15.183,r2_measured_04727,read,measured,,,,,0.7539,,ok,0.4624
13.8636,509,,,0.4897,,,,,,15.5541,r2_measured_04728,read,measured,,,,,0.6598,,ok,0.4621
13.7013,663,,,0.6302,,,,,,15.6302,r2_measured_04729,read,measured,,,,,0.6849,,ok,0.5309
140.2229,681,18.1827,11.382,0.5443,2.4564,1,11.38,1,64.2164,141.9263,r2_measured_04730,update,measured,52.8344,1.7034,1,27.6215,0.6768,27.7459,ok,0.4089
11.7358,679,,,0.6544,,,,,,13.6734,r2_measured_04731,read,measured,,,,,0.7832,,ok,0.4183
14.6284,663,,,0.5404,,,,,,16.1541,r2_measured_04732,read,measured,,,,,0.5865,,ok,0.3367
12.8322,509,,,0.5101,,,,,,14.5482,r2_measured_04733,read,measured,,,,,0.7419,,ok,0.3926
13.9847,681,,,0.7084,,,,,,15.911,r2_measured_04734,read,measured,,,,,0.7151,,ok,0.4171
13.77,681,,,0.6074,,,,,,15.5859,r2_measured_04735,read,measured,,,,,0.7428,,ok,0.3891
12.8372,419,,,0.273,,,,,,14.1851,r2_measured_04736,read,measured,,,,,0.521,,ok,0.4932
15.9714,629,,,0.5734,,,,,,17.6124,r2_measured_04737,read,measured,,,,,0.6328,,ok,0.3631
11.8545,689,,,0.5386,,,,,,13.3634,r2_measured_04738,read,measured,,,,,0.5845,,ok,0.3247
15.8114,680,,,0.6087,,,,,,17.7865,r2_measured_04739,read,measured,,,,,0.905,,ok,0.3823
13.0002,663,,,0.5418,,,,,,14.6582,r2_measured_04740,read,measured,,,,,0.6624,,ok,0.382
14.5305,681,,,0.6691,,,,,,16.5682,r2_measured_04741,read,measured,,,,,0.8447,,ok,0.4375
13.6008,681,,,0.6199,,,,,,15.399,r2_measured_04742,read,measured,,,,,0.6679,,ok,0.4337
140.6883,508,19.8955,12.1687,0.6541,2.4818,0,12.1669,1,75.8839,142.7166,r2_measured_04743,update,measured,63.7152,2.0283,1,15.7227,0.7912,26.7044,ok,0.4952
15.4062,629,,,0.6747,,,,,,17.4917,r2_measured_04744,read,measured,,,,,0.8494,,ok,0.4714
12.6553,629,,,0.8121,,,,,,15.1058,r2_measured_04745,read,measured,,,,,0.9216,,ok,0.6153
104.2945,509,11.3144,9.8425,0.4548,1.6786,0,9.8397,1,57.4562,105.7059,r2_measured_04746,update,measured,47.6137,1.4114,1,15.9671,0.5761,17.8782,ok,0.3192
13.7254,680,,,0.5314,,,,,,15.2906,r2_measured_04747,read,measured,,,,,0.6272,,ok,0.3395
14.138,681,,,0.4986,,,,,,15.755,r2_measured_04748,read,measured,,,,,0.6746,,ok,0.3667
16.4547,419,,,0.2748,,,,,,17.7181,r2_measured_04749,read,measured,,,,,0.5733,,ok,0.3582
10.0002,689,,,0.6169,,,,,,11.7868,r2_measured_04750,read,measured,,,,,0.7168,,ok,0.3827
14.7572,629,,,0.5102,,,,,,16.2426,r2_measured_04751,read,measured,,,,,0.5931,,ok,0.3186
16.4199,568,,,0.4798,,,,,,18.0206,r2_measured_04752,read,measured,,,,,0.6251,,ok,0.4221
11.1335,689,,,0.5385,,,,,,12.7446,r2_measured_04753,read,measured,,,,,0.696,,ok,0.3065
13.1404,675,,,0.603,,,,,,14.9209,r2_measured_04754,read,measured,,,,,0.7352,,ok,0.3709
14.6417,629,,,0.6509,,,,,,16.6644,r2_measured_04755,read,measured,,,,,0.7734,,ok,0.4806
13.4566,629,,,0.6465,,,,,,15.5074,r2_measured_04756,read,measured,,,,,0.7455,,ok,0.571
14.5904,509,,,0.6612,,,,,,16.6364,r2_measured_04757,read,measured,,,,,0.8053,,ok,0.4879
11.333,681,,,0.6615,,,,,,13.3352,r2_measured_04758,read,measured,,,,,0.7959,,ok,0.4578
12.5554,681,,,0.6506,,,,,,14.5278,r2_measured_04759,read,measured,,,,,0.8405,,ok,0.3977
13.2317,629,,,0.5747,,,,,,15.0252,r2_measured_04760,read,measured,,,,,0.7333,,ok,0.4102
13.5105,419,,,0.2921,,,,,,14.8027,r2_measured_04761,read,measured,,,,,0.5458,,ok,0.3944
13.9607,680,,,0.6981,,,,,,15.8617,r2_measured_04762,read,measured,,,,,0.7228,,ok,0.3992
13.5983,675,,,0.619,,,,,,15.3929,r2_measured_04763,read,measured,,,,,0.683,,ok,0.415
14.4273,681,,,0.6255,,,,,,16.2218,r2_measured_04764,read,measured,,,,,0.7358,,ok,0.3551
13.4704,629,,,0.5572,,,,,,15.2188,r2_measured_04765,read,measured,,,,,0.7644,,ok,0.3572
12.1878,419,,,0.2964,,,,,,13.5481,r2_measured_04766,read,measured,,,,,0.6304,,ok,0.3745
15.9126,681,,,0.778,,,,,,18.1312,r2_measured_04767,read,measured,,,,,0.8167,,ok,0.5284
105.3624,680,5.502,10.3155,0.4788,2.252,1,10.3138,1,58.1743,106.7748,r2_measured_04768,update,measured,47.8588,1.4124,1,14.2998,0.5392,25.1343,ok,0.3347
13.4489,509,,,0.4138,,,,,,14.9448,r2_measured_04769,read,measured,,,,,0.6776,,ok,0.3451
15.7039,680,,,0.6678,,,,,,18.084,r2_measured_04770,read,measured,,,,,1.0461,,ok,0.5568
12.549,419,,,0.3212,,,,,,13.9381,r2_measured_04771,read,measured,,,,,0.6,,ok,0.4039
14.5797,689,,,0.6495,,,,,,16.5421,r2_measured_04772,read,measured,,,,,0.7957,,ok,0.4301
13.1419,681,,,0.5763,,,,,,14.837,r2_measured_04773,read,measured,,,,,0.7238,,ok,0.3274
13.0533,568,,,0.5508,,,,,,14.7118,r2_measured_04774,read,measured,,,,,0.6344,,ok,0.4032
14.7794,419,,,0.3398,,,,,,16.3323,r2_measured_04775,read,measured,,,,,0.6802,,ok,0.4575
92.747,568,9.7622,11.234,0.5476,1.9428,1,11.2322,1,58.5192,94.5694,r2_measured_04776,update,measured,47.2852,1.8224,1,0.0102,0.8248,22.5126,ok,0.3571
11.6457,689,,,0.5018,,,,,,13.1638,r2_measured_04777,read,measured,,,,,0.6156,,ok,0.33
14.4484,680,,,0.6676,,,,,,16.3984,r2_measured_04778,read,measured,,,,,0.8237,,ok,0.3828
13.5961,663,,,0.4939,,,,,,15.2108,r2_measured_04779,read,measured,,,,,0.6351,,ok,0.3875
13.7677,567,,,0.5481,,,,,,15.4154,r2_measured_04780,read,measured,,,,,0.7119,,ok,0.3172
12.8801,369,,,0.2297,,,,,,13.9483,r2_measured_04781,read,measured,,,,,0.4596,,ok,0.3281
14.9748,629,,,0.5617,,,,,,16.5087,r2_measured_04782,read,measured,,,,,0.5637,,ok,0.3462
19.1309,568,,,0.498,,,,,,20.6291,r2_measured_04783,read,measured,,,,,0.5832,,ok,0.3539
132.578,689,16.4073,6.5616,0.621,2.9105,1,6.5603,1,55.6189,134.5126,r2_measured_04784,update,measured,49.0573,1.9346,1,28.5785,0.772,29.0628,ok,0.4411
12.8767,419,,,0.4281,,,,,,14.5303,r2_measured_04785,read,measured,,,,,0.6554,,ok,0.497
15.9051,629,,,0.5208,,,,,,17.5481,r2_measured_04786,read,measured,,,,,0.6991,,ok,0.3551
20.975,663,,,1.008,,,,,,23.544,r2_measured_04787,read,measured,,,,,0.941,,ok,0.5167
8.4534,629,,,0.513,,,,,,9.9372,r2_measured_04788,read,measured,,,,,0.5651,,ok,0.3332
12.0016,675,,,0.6295,,,,,,14.1183,r2_measured_04789,read,measured,,,,,0.9008,,ok,0.5025
15.8564,663,,,0.588,,,,,,17.7202,r2_measured_04790,read,measured,,,,,0.8028,,ok,0.3921
7.8571,675,,,0.5582,,,,,,9.3486,r2_measured_04791,read,measured,,,,,0.5531,,ok,0.3196
18.6859,509,,,0.4178,,,,,,20.0128,r2_measured_04792,read,measured,,,,,0.5362,,ok,0.3057
10.7922,629,,,0.468,,,,,,12.2244,r2_measured_04793,read,measured,,,,,0.5344,,ok,0.3625
12.3783,419,,,0.2785,,,,,,13.5119,r2_measured_04794,read,measured,,,,,0.4882,,ok,0.3132
15.0174,369,,,0.2226,,,,,,16.0916,r2_measured_04795,read,measured,,,,,0.5098,,ok,0.2954
16.4891,663,,,0.836,,,,,,18.8554,r2_measured_04796,read,measured,,,,,0.9227,,ok,0.4886
12.5541,419,,,0.3428,,,,,,14.1347,r2_measured_04797,read,measured,,,,,0.7064,,ok,0.4572
14.57,628,,,0.6697,,,,,,16.3796,r2_measured_04798,read,measured,,,,,0.6575,,ok,0.3984
13.2304,689,,,0.6613,,,,,,15.1493,r2_measured_04799,read,measured,,,,,0.7636,,ok,0.4123
14.3355,663,,,0.7712,,,,,,16.6045,r2_measured_04800,read,measured,,,,,0.9233,,ok,0.4652
75.0895,680,,,0.6277,,,,,,76.835,r2_measured_04801,read,measured,,,,,0.7116,,ok,0.3391
11.8752,681,,,0.527,,,,,,13.4425,r2_measured_04802,read,measured,,,,,0.6249,,ok,0.3331
13.0381,369,,,0.2743,,,,,,14.2858,r2_measured_04803,read,measured,,,,,0.5563,,ok,0.3531
20.9575,680,,,0.6663,,,,,,22.7729,r2_measured_04804,read,measured,,,,,0.7089,,ok,0.3667
10.9221,689,,,0.5589,,,,,,12.5453,r2_measured_04805,read,measured,,,,,0.6647,,ok,0.3272
11.48,680,,,0.5672,,,,,,13.0455,r2_measured_04806,read,measured,,,,,0.6083,,ok,0.3217
17.8185,663,,,0.7577,,,,,,19.8353,r2_measured_04807,read,measured,,,,,0.7606,,ok,0.4086
14.6321,681,,,0.6195,,,,,,16.4439,r2_measured_04808,read,measured,,,,,0.7393,,ok,0.3747
12.4754,680,,,0.7024,,,,,,14.3805,r2_measured_04809,read,measured,,,,,0.7178,,ok,0.3969
14.1645,680,,,0.5992,,,,,,15.8707,r2_measured_04810,read,measured,,,,,0.6889,,ok,0.3421
11.5766,680,,,0.6816,,,,,,13.3415,r2_measured_04811,read,measured,,,,,0.6492,,ok,0.3525
12.5831,680,,,0.6642,,,,,,14.5799,r2_measured_04812,read,measured,,,,,0.8397,,ok,0.4056
12.1512,629,,,0.5953,,,,,,13.8708,r2_measured_04813,read,measured,,,,,0.6886,,ok,0.3663
14.7154,681,,,0.5242,,,,,,16.362,r2_measured_04814,read,measured,,,,,0.6837,,ok,0.3606
121.1269,568,19.0559,11.4674,0.5504,2.3844,1,11.4657,1,67.0234,122.8326,r2_measured_04815,update,measured,55.556,1.7057,1,8.5594,0.6656,24.1038,ok,0.3753
16.5807,568,,,0.5196,,,,,,18.0745,r2_measured_04816,read,measured,,,,,0.5824,,ok,0.3271
16.0775,663,,,0.5267,,,,,,17.6635,r2_measured_04817,read,measured,,,,,0.642,,ok,0.3411
10.2986,675,,,0.6028,,,,,,12.0091,r2_measured_04818,read,measured,,,,,0.6744,,ok,0.3619
9.763,629,,,0.5296,,,,,,11.3451,r2_measured_04819,read,measured,,,,,0.6138,,ok,0.3739
15.353,509,,,0.5176,,,,,,16.9409,r2_measured_04820,read,measured,,,,,0.6206,,ok,0.3822
17.5371,663,,,0.6595,,,,,,19.5983,r2_measured_04821,read,measured,,,,,0.877,,ok,0.4287
10.1672,369,,,0.3539,,,,,,11.6503,r2_measured_04822,read,measured,,,,,0.6382,,ok,0.4215
15.214,680,,,0.7077,,,,,,17.2989,r2_measured_04823,read,measured,,,,,0.827,,ok,0.4586
12.9971,629,,,0.6744,,,,,,15.1485,r2_measured_04824,read,measured,,,,,0.8916,,ok,0.4866
13.92,629,,,0.8318,,,,,,16.6654,r2_measured_04825,read,measured,,,,,1.5222,,ok,0.3212
14.1577,629,,,0.5969,,,,,,15.8463,r2_measured_04826,read,measured,,,,,0.6939,,ok,0.3278
9.9151,681,,,0.5178,,,,,,11.4223,r2_measured_04827,read,measured,,,,,0.6056,,ok,0.3167
13.1259,689,,,0.5833,,,,,,14.7833,r2_measured_04828,read,measured,,,,,0.6447,,ok,0.3578
13.0811,419,,,0.2786,,,,,,14.2116,r2_measured_04829,read,measured,,,,,0.4876,,ok,0.3113
111.3649,568,8.6536,13.4115,0.4514,2.011,1,13.4094,1,59.9238,112.7079,r2_measured_04830,update,measured,46.5123,1.343,1,17.2928,0.5021,23.4837,ok,0.3148
11.6905,568,,,0.4681,,,,,,13.1195,r2_measured_04831,read,measured,,,,,0.5681,,ok,0.3256
15.8785,568,,,0.4358,,,,,,17.1949,r2_measured_04832,read,measured,,,,,0.5179,,ok,0.3086
11.2057,663,,,0.4997,,,,,,12.8329,r2_measured_04833,read,measured,,,,,0.719,,ok,0.3346
15.0147,568,,,0.6664,,,,,,16.9768,r2_measured_04834,read,measured,,,,,0.7411,,ok,0.4631
27.6724,419,,,0.4476,,,,,,29.4515,r2_measured_04835,read,measured,,,,,0.7196,,ok,0.529
18.6846,680,,,0.973,,,,,,21.7784,r2_measured_04836,read,measured,,,,,1.3766,,ok,0.6297
17.7954,419,,,0.3094,,,,,,19.211,r2_measured_04837,read,measured,,,,,0.6385,,ok,0.4011
7.2246,419,,,0.2885,,,,,,8.3889,r2_measured_04838,read,measured,,,,,0.5119,,ok,0.3147
13.6935,675,,,0.6622,,,,,,15.5679,r2_measured_04839,read,measured,,,,,0.7286,,ok,0.402
10.6673,680,,,0.4916,,,,,,12.3037,r2_measured_04840,read,measured,,,,,0.7323,,ok,0.3477
14.1985,663,,,0.5659,,,,,,15.7421,r2_measured_04841,read,measured,,,,,0.599,,ok,0.3094
12.7052,419,,,0.2343,,,,,,13.7064,r2_measured_04842,read,measured,,,,,0.4247,,ok,0.2958
18.9409,681,,,0.5364,,,,,,20.5305,r2_measured_04843,read,measured,,,,,0.6496,,ok,0.335
11.0622,680,,,0.547,,,,,,12.6505,r2_measured_04844,read,measured,,,,,0.6429,,ok,0.3323
14.1193,369,,,0.254,,,,,,15.2956,r2_measured_04845,read,measured,,,,,0.5387,,ok,0.332
12.1924,681,,,0.5323,,,,,,13.6811,r2_measured_04846,read,measured,,,,,0.5874,,ok,0.3072
13.6692,681,,,0.5585,,,,,,15.4124,r2_measured_04847,read,measured,,,,,0.7325,,ok,0.3737
12.6363,509,,,0.4269,,,,,,14.0649,r2_measured_04848,read,measured,,,,,0.5118,,ok,0.4266
14.6982,681,,,0.5223,,,,,,16.2563,r2_measured_04849,read,measured,,,,,0.6384,,ok,0.3325
15.6206,629,,,0.518,,,,,,17.1726,r2_measured_04850,read,measured,,,,,0.6257,,ok,0.343
11.6719,681,,,0.4969,,,,,,13.108,r2_measured_04851,read,measured,,,,,0.567,,ok,0.3109
15.2359,675,,,0.605,,,,,,17.0049,r2_measured_04852,read,measured,,,,,0.6866,,ok,0.4011
106.6262,681,6.9326,10.7306,0.739,2.8277,1,10.7288,1,57.5905,108.6667,r2_measured_04853,update,measured,46.8599,2.0405,1,14.791,0.8177,24.4844,ok,0.4005
13.4657,681,,,0.6186,,,,,,15.3099,r2_measured_04854,read,measured,,,,,0.7366,,ok,0.4111
12.1956,680,,,0.5589,,,,,,13.8116,r2_measured_04855,read,measured,,,,,0.6141,,ok,0.3731
14.2435,680,,,0.5498,,,,,,15.8316,r2_measured_04856,read,measured,,,,,0.6243,,ok,0.3447
13.7002,419,,,0.263,,,,,,14.917,r2_measured_04857,read,measured,,,,,0.5439,,ok,0.3526
16.3229,628,,,0.7934,,,,,,18.5897,r2_measured_04858,read,measured,,,,,0.6927,,ok,0.6858
14.1703,369,,,0.263,,,,,,15.4654,r2_measured_04859,read,measured,,,,,0.6465,,ok,0.3316
11.888,369,,,0.2185,,,,,,13.1089,r2_measured_04860,read,measured,,,,,0.4835,,ok,0.44
15.5377,680,,,0.8581,,,,,,17.8141,r2_measured_04861,read,measured,,,,,0.7745,,ok,0.5543
13.2026,680,,,0.7587,,,,,,15.472,r2_measured_04862,read,measured,,,,,0.7797,,ok,0.6443
13.0001,680,,,0.5938,,,,,,14.709,r2_measured_04863,read,measured,,,,,0.6782,,ok,0.365
13.6566,663,,,0.4729,,,,,,15.0759,r2_measured_04864,read,measured,,,,,0.5505,,ok,0.3348
14.385,419,,,0.254,,,,,,15.521,r2_measured_04865,read,measured,,,,,0.5218,,ok,0.3067
16.188,680,,,0.4997,,,,,,17.6588,r2_measured_04866,read,measured,,,,,0.577,,ok,0.3296
16.4103,681,,,0.6389,,,,,,18.2822,r2_measured_04867,read,measured,,,,,0.7648,,ok,0.3877
11.5632,509,,,0.5216,,,,,,13.359,r2_measured_04868,read,measured,,,,,0.6413,,ok,0.5564
13.8127,509,,,0.5884,,,,,,15.568,r2_measured_04869,read,measured,,,,,0.6575,,ok,0.4314
14.7045,680,,,0.5761,,,,,,16.5333,r2_measured_04870,read,measured,,,,,0.7842,,ok,0.3846
11.9157,568,,,0.5315,,,,,,13.4706,r2_measured_04871,read,measured,,,,,0.6115,,ok,0.342
16.2757,681,,,0.5318,,,,,,17.9815,r2_measured_04872,read,measured,,,,,0.6958,,ok,0.4026
11.4869,568,,,0.5344,,,,,,12.9563,r2_measured_04873,read,measured,,,,,0.5403,,ok,0.3309
16.0584,568,,,0.4705,,,,,,17.5075,r2_measured_04874,read,measured,,,,,0.5984,,ok,0.319
11.2368,663,,,0.5805,,,,,,12.7849,r2_measured_04875,read,measured,,,,,0.5578,,ok,0.3469
14.0476,675,,,0.509,,,,,,15.544,r2_measured_04876,read,measured,,,,,0.6068,,ok,0.3158
14.4342,680,,,0.5358,,,,,,15.9734,r2_measured_04877,read,measured,,,,,0.5904,,ok,0.3458
12.9714,680,,,0.5787,,,,,,14.5467,r2_measured_04878,read,measured,,,,,0.6144,,ok,0.3152
13.5292,681,,,0.4814,,,,,,14.9526,r2_measured_04879,read,measured,,,,,0.5682,,ok,0.3095
13.9438,568,,,0.4803,,,,,,15.4901,r2_measured_04880,read,measured,,,,,0.6624,,ok,0.3402
14.7057,369,,,0.328,,,,,,16.1021,r2_measured_04881,read,measured,,,,,0.613,,ok,0.3909
13.4216,629,,,0.6079,,,,,,15.241,r2_measured_04882,read,measured,,,,,0.656,,ok,0.4694
13.3658,419,,,0.2882,,,,,,14.6211,r2_measured_04883,read,measured,,,,,0.5326,,ok,0.3741
90.9381,681,5.3208,12.8051,0.6446,2.7104,0,12.8034,1,59.4747,92.7405,r2_measured_04884,update,measured,46.6696,1.8024,1,0.0055,0.7178,23.4267,ok,0.3689
13.8315,689,,,0.5334,,,,,,15.4214,r2_measured_04885,read,measured,,,,,0.6389,,ok,0.3507
13.7239,629,,,0.5345,,,,,,15.3852,r2_measured_04886,read,measured,,,,,0.6316,,ok,0.4281
13.6585,680,,,0.6471,,,,,,15.6201,r2_measured_04887,read,measured,,,,,0.7901,,ok,0.4417
13.719,675,,,0.4873,,,,,,15.2546,r2_measured_04888,read,measured,,,,,0.6516,,ok,0.3311
11.9055,680,,,0.6178,,,,,,13.6566,r2_measured_04889,read,measured,,,,,0.7193,,ok,0.3433
13.7532,419,,,0.2891,,,,,,14.9997,r2_measured_04890,read,measured,,,,,0.5444,,ok,0.3497
14.6632,680,,,0.5492,,,,,,16.2864,r2_measured_04891,read,measured,,,,,0.6508,,ok,0.3442
13.1073,568,,,0.5028,,,,,,14.6372,r2_measured_04892,read,measured,,,,,0.6095,,ok,0.3505
14.0976,663,,,0.5132,,,,,,15.8075,r2_measured_04893,read,measured,,,,,0.662,,ok,0.4597
12.2973,568,,,0.4212,,,,,,13.6909,r2_measured_04894,read,measured,,,,,0.614,,ok,0.3008
14.8632,568,,,0.4473,,,,,,16.303,r2_measured_04895,read,measured,,,,,0.6155,,ok,0.3225
14.359,681,,,0.5105,,,,,,15.9286,r2_measured_04896,read,measured,,,,,0.6277,,ok,0.3668
14.3163,689,,,0.552,,,,,,15.9988,r2_measured_04897,read,measured,,,,,0.6933,,ok,0.3684
14.1164,663,,,0.5848,,,,,,15.8521,r2_measured_04898,read,measured,,,,,0.6883,,ok,0.3859
14.0729,663,,,0.6573,,,,,,15.8338,r2_measured_04899,read,measured,,,,,0.6222,,ok,0.4052
12.2586,680,,,0.5361,,,,,,13.7947,r2_measured_04900,read,measured,,,,,0.5763,,ok,0.3578
14.7415,509,,,0.488,,,,,,16.1483,r2_measured_04901,read,measured,,,,,0.5204,,ok,0.3407
13.8137,568,,,0.6262,,,,,,15.8151,r2_measured_04902,read,measured,,,,,0.8725,,ok,0.4256
14.2249,675,,,0.6685,,,,,,16.083,r2_measured_04903,read,measured,,,,,0.7135,,ok,0.3951
12.0202,681,,,0.6286,,,,,,13.8355,r2_measured_04904,read,measured,,,,,0.731,,ok,0.3832
89.6336,629,11.6504,10.3883,0.5554,2.0115,0,10.3864,1,56.5194,91.294,r2_measured_04905,update,measured,46.1311,1.6604,1,0.0056,0.6641,19.4467,ok,0.3692
13.0992,680,,,0.4979,,,,,,14.5434,r2_measured_04906,read,measured,,,,,0.5713,,ok,0.3146
13.0769,681,,,0.5373,,,,,,14.6194,r2_measured_04907,read,measured,,,,,0.6175,,ok,0.3236
13.1737,675,,,0.4981,,,,,,14.6163,r2_measured_04908,read,measured,,,,,0.5812,,ok,0.3039
15.5931,681,,,0.4998,,,,,,17.354,r2_measured_04909,read,measured,,,,,0.8564,,ok,0.3327
13.6087,689,,,0.5091,,,,,,15.0692,r2_measured_04910,read,measured,,,,,0.5662,,ok,0.3221
14.1857,680,,,0.6429,,,,,,16.0309,r2_measured_04911,read,measured,,,,,0.7144,,ok,0.408
13.5609,509,,,0.5469,,,,,,15.2204,r2_measured_04912,read,measured,,,,,0.6651,,ok,0.3812
14.1782,689,,,0.5659,,,,,,15.8154,r2_measured_04913,read,measured,,,,,0.6559,,ok,0.3411
13.4064,675,,,0.539,,,,,,14.9753,r2_measured_04914,read,measured,,,,,0.6089,,ok,0.3514
13.8106,680,,,0.5919,,,,,,15.5185,r2_measured_04915,read,measured,,,,,0.7011,,ok,0.3442
107.0321,681,11.1783,11.8179,0.4985,2.1393,1,11.8156,1,58.3476,108.6191,r2_measured_04916,update,measured,46.5297,1.587,1,15.1205,0.6756,20.2464,ok,0.3431
12.2201,419,,,0.2416,,,,,,13.5529,r2_measured_04917,read,measured,,,,,0.4662,,ok,0.5757
16.7064,680,,,0.6784,,,,,,18.5083,r2_measured_04918,read,measured,,,,,0.6798,,ok,0.3705
12.208,689,,,0.5667,,,,,,13.8203,r2_measured_04919,read,measured,,,,,0.6176,,ok,0.3614
14.6834,680,,,0.6761,,,,,,16.5417,r2_measured_04920,read,measured,,,,,0.7062,,ok,0.3952
14.1191,680,,,0.6071,,,,,,15.9609,r2_measured_04921,read,measured,,,,,0.7666,,ok,0.3879
106.3804,675,12.3029,9.8795,0.5461,2.1121,1,9.8775,1,57.8986,108.0327,r2_measured_04922,update,measured,48.0191,1.6523,1,13.3057,0.6692,20.7611,ok,0.3694
13.0435,509,,,0.5353,,,,,,14.5522,r2_measured_04923,read,measured,,,,,0.5864,,ok,0.3232
168.3789,629,13.2786,12.3063,0.4922,2.0656,1,12.3046,1,58.1934,169.883,r2_measured_04924,update,measured,45.8871,1.5041,1,16.2834,0.6162,78.5579,ok,0.3334
11.5192,629,,,0.4689,,,,,,12.8966,r2_measured_04925,read,measured,,,,,0.5431,,ok,0.3085
15.4961,629,,,0.5055,,,,,,17.1479,r2_measured_04926,read,measured,,,,,0.687,,ok,0.3809
14.9531,675,,,0.4898,,,,,,16.3941,r2_measured_04927,read,measured,,,,,0.5668,,ok,0.323
12.0736,680,,,0.6277,,,,,,13.7925,r2_measured_04928,read,measured,,,,,0.6814,,ok,0.3393
14.0702,681,,,0.4959,,,,,,15.5539,r2_measured_04929,read,measured,,,,,0.5962,,ok,0.3325
13.2727,675,,,0.5539,,,,,,14.8452,r2_measured_04930,read,measured,,,,,0.6257,,ok,0.3233
15.8007,675,,,0.5746,,,,,,17.5827,r2_measured_04931,read,measured,,,,,0.6727,,ok,0.455
121.1314,689,18.3293,10.8024,0.5046,2.7168,1,10.8005,1,57.1153,122.6573,r2_measured_04932,update,measured,46.3129,1.5259,1,16.5012,0.645,26.4688,ok,0.3119
105.8292,509,11.8285,11.9684,0.5337,2.1333,1,11.9669,1,61.6256,107.3714,r2_measured_04933,update,measured,49.6572,1.5422,1,12.1513,0.5729,18.0905,ok,0.3725
17.4098,675,,,0.6482,,,,,,19.4346,r2_measured_04934,read,measured,,,,,0.8577,,ok,0.4319
11.1724,663,,,0.5908,,,,,,12.763,r2_measured_04935,read,measured,,,,,0.6042,,ok,0.3342
12.9197,663,,,0.5092,,,,,,14.4543,r2_measured_04936,read,measured,,,,,0.6458,,ok,0.318
14.8843,663,,,0.6166,,,,,,16.7166,r2_measured_04937,read,measured,,,,,0.7354,,ok,0.403
14.3602,675,,,0.7289,,,,,,16.6007,r2_measured_04938,read,measured,,,,,0.9218,,ok,0.4863
13.3967,629,,,0.7174,,,,,,15.618,r2_measured_04939,read,measured,,,,,0.8959,,ok,0.5099
11.364,680,,,0.4528,,,,,,12.8069,r2_measured_04940,read,measured,,,,,0.6001,,ok,0.3279
17.6652,663,,,0.7117,,,,,,19.6638,r2_measured_04941,read,measured,,,,,0.7599,,ok,0.4451
10.6425,680,,,0.5111,,,,,,12.0838,r2_measured_04942,read,measured,,,,,0.5559,,ok,0.3164
16.9872,419,,,0.3648,,,,,,18.5886,r2_measured_04943,read,measured,,,,,0.7131,,ok,0.4543
11.3833,675,,,0.4796,,,,,,12.8524,r2_measured_04944,read,measured,,,,,0.5719,,ok,0.3542
12.1206,369,,,0.2359,,,,,,13.1797,r2_measured_04945,read,measured,,,,,0.4506,,ok,0.3217
16.5364,675,,,0.5109,,,,,,18.1243,r2_measured_04946,read,measured,,,,,0.5998,,ok,0.4053
14.6335,681,,,0.5466,,,,,,16.2756,r2_measured_04947,read,measured,,,,,0.6982,,ok,0.3267
12.3957,663,,,0.4962,,,,,,13.87,r2_measured_04948,read,measured,,,,,0.5909,,ok,0.327
12.8709,369,,,0.2168,,,,,,13.8458,r2_measured_04949,read,measured,,,,,0.4282,,ok,0.288
17.0248,509,,,0.4212,,,,,,18.4524,r2_measured_04950,read,measured,,,,,0.5815,,ok,0.3661
14.2961,629,,,0.5977,,,,,,16.0938,r2_measured_04951,read,measured,,,,,0.6576,,ok,0.4487
12.1803,509,,,0.4281,,,,,,13.61,r2_measured_04952,read,measured,,,,,0.6003,,ok,0.3445
16.2176,663,,,0.6297,,,,,,18.1694,r2_measured_04953,read,measured,,,,,0.7774,,ok,0.4539
12.5517,689,,,0.5649,,,,,,14.2394,r2_measured_04954,read,measured,,,,,0.7275,,ok,0.3257
16.202,508,,,0.4611,,,,,,17.5971,r2_measured_04955,read,measured,,,,,0.5194,,ok,0.3563
11.1009,568,,,0.4815,,,,,,12.6096,r2_measured_04956,read,measured,,,,,0.6286,,ok,0.3344
12.8636,509,,,0.4475,,,,,,14.1829,r2_measured_04957,read,measured,,,,,0.4883,,ok,0.3226
15.086,419,,,0.2575,,,,,,16.331,r2_measured_04958,read,measured,,,,,0.589,,ok,0.3415
107.1379,509,16.1389,12.6146,0.5837,2.4683,0,12.6129,1,59.0097,108.9182,r2_measured_04959,update,measured,46.3951,1.7803,1,0.0088,0.7102,29.5122,ok,0.4102
12.6148,680,,,0.4707,,,,,,14.1272,r2_measured_04960,read,measured,,,,,0.5858,,ok,0.3799
14.3359,663,,,0.5025,,,,,,15.8161,r2_measured_04961,read,measured,,,,,0.5636,,ok,0.3511
15.7365,509,,,0.4995,,,,,,17.2107,r2_measured_04962,read,measured,,,,,0.5441,,ok,0.3693
13.6261,419,,,0.2622,,,,,,14.8019,r2_measured_04963,read,measured,,,,,0.5417,,ok,0.3166
15.709,629,,,0.5182,,,,,,17.1694,r2_measured_04964,read,measured,,,,,0.5623,,ok,0.3221
14.0302,680,,,0.7046,,,,,,16.1575,r2_measured_04965,read,measured,,,,,0.8502,,ok,0.4854
12.8283,568,,,0.7169,,,,,,14.9649,r2_measured_04966,read,measured,,,,,0.831,,ok,0.5003
15.7864,663,,,0.7304,,,,,,18.0064,r2_measured_04967,read,measured,,,,,0.9152,,ok,0.4656
11.1145,369,,,0.3042,,,,,,12.4472,r2_measured_04968,read,measured,,,,,0.5826,,ok,0.3872
14.5106,675,,,0.533,,,,,,16.0446,r2_measured_04969,read,measured,,,,,0.5912,,ok,0.3445
12.031,568,,,0.4545,,,,,,13.4778,r2_measured_04970,read,measured,,,,,0.6127,,ok,0.3197
12.6847,369,,,0.2106,,,,,,13.726,r2_measured_04971,read,measured,,,,,0.4773,,ok,0.3075
15.4122,675,,,0.5512,,,,,,17.018,r2_measured_04972,read,measured,,,,,0.6507,,ok,0.3347
14.6994,680,,,0.6292,,,,,,16.5835,r2_measured_04973,read,measured,,,,,0.7829,,ok,0.3834
13.1368,680,,,0.5428,,,,,,14.7357,r2_measured_04974,read,measured,,,,,0.6479,,ok,0.3373
13.0358,681,,,0.6117,,,,,,14.9591,r2_measured_04975,read,measured,,,,,0.7758,,ok,0.406
15.178,663,,,0.5785,,,,,,16.8515,r2_measured_04976,read,measured,,,,,0.682,,ok,0.3467
15.3351,680,,,0.5783,,,,,,17.0937,r2_measured_04977,read,measured,,,,,0.6913,,ok,0.4094
14.2108,568,,,0.5733,,,,,,16.0021,r2_measured_04978,read,measured,,,,,0.7083,,ok,0.4328
12.6031,629,,,0.4497,,,,,,14.0357,r2_measured_04979,read,measured,,,,,0.601,,ok,0.3196
14.1698,689,,,0.5852,,,,,,15.8479,r2_measured_04980,read,measured,,,,,0.656,,ok,0.3598
13.7927,689,,,0.6379,,,,,,15.7303,r2_measured_04981,read,measured,,,,,0.7743,,ok,0.4464
12.0065,509,,,0.4561,,,,,,13.4426,r2_measured_04982,read,measured,,,,,0.5784,,ok,0.3377
16.0762,629,,,0.4996,,,,,,17.5615,r2_measured_04983,read,measured,,,,,0.5837,,ok,0.3087
13.1698,568,,,0.5792,,,,,,14.9403,r2_measured_04984,read,measured,,,,,0.6992,,ok,0.4135
11.4733,680,,,0.5784,,,,,,13.1841,r2_measured_04985,read,measured,,,,,0.6157,,ok,0.4461
14.9417,681,,,0.7422,,,,,,16.9788,r2_measured_04986,read,measured,,,,,0.7643,,ok,0.4437
12.8605,568,,,0.5658,,,,,,14.4676,r2_measured_04987,read,measured,,,,,0.6376,,ok,0.3396
13.4051,369,,,0.3087,,,,,,14.7711,r2_measured_04988,read,measured,,,,,0.577,,ok,0.4222
13.1845,419,,,0.2577,,,,,,14.296,r2_measured_04989,read,measured,,,,,0.4995,,ok,0.3026
14.356,369,,,0.2807,,,,,,15.7046,r2_measured_04990,read,measured,,,,,0.5921,,ok,0.4036
17.7653,680,,,0.8014,,,,,,20.1765,r2_measured_04991,read,measured,,,,,0.9731,,ok,0.5382
11.0154,680,,,0.6833,,,,,,13.2098,r2_measured_04992,read,measured,,,,,0.8492,,ok,0.5586
12.7833,509,,,0.6487,,,,,,14.6803,r2_measured_04993,read,measured,,,,,0.7145,,ok,0.452
13.09,629,,,0.6936,,,,,,15.3568,r2_measured_04994,read,measured,,,,,0.9242,,ok,0.5561
15.1731,663,,,0.9081,,,,,,17.7477,r2_measured_04995,read,measured,,,,,1.0195,,ok,0.545
11.8555,509,,,0.5695,,,,,,13.6827,r2_measured_04996,read,measured,,,,,0.6616,,ok,0.5158
88.1942,509,9.4299,11.6326,1.2478,1.8719,0,11.6308,1,57.1228,90.5415,r2_measured_04997,update,measured,45.4902,2.3473,1,0.0071,0.5426,19.7625,ok,0.4961
13.513,680,,,0.5599,,,,,,15.078,r2_measured_04998,read,measured,,,,,0.5893,,ok,0.3547
12.5479,419,,,0.2527,,,,,,13.633,r2_measured_04999,read,measured,,,,,0.4807,,ok,0.3001
