backend_ms,candidate_count,candidate_fetch_ms,commit_ms,dense_scoring_ms,dense_upsert_ms,fresh_hit_at_10,full_write_ack_call_ms,graph_projection_ok,graph_visible_ms,latency_ms,op_id,op_type,phase,projection_fetch_ms,ranking_ms,relation_candidate_ok,relation_check_ms,sparse_scoring_ms,sparse_upsert_ms,status,zscore_fusion_ms
104.6774,418,,,0.3392,,,,,,106.0291,r2_measured_00000,read,measured,,,,,0.5999,,ok,0.3489
12.6842,628,,,0.6922,,,,,,14.4356,r2_measured_00001,read,measured,,,,,0.6016,,ok,0.3719
8.115,369,,,0.2726,,,,,,9.3639,r2_measured_00002,read,measured,,,,,0.5734,,ok,0.3343
13.3188,681,,,0.7032,,,,,,15.2329,r2_measured_00003,read,measured,,,,,0.734,,ok,0.3783
12.0473,628,,,0.5215,,,,,,13.619,r2_measured_00004,read,measured,,,,,0.6269,,ok,0.3456
15.4387,659,,,0.7692,,,,,,17.8071,r2_measured_00005,read,measured,,,,,0.9643,,ok,0.519
16.7499,679,,,0.639,,,,,,18.7583,r2_measured_00006,read,measured,,,,,0.8761,,ok,0.4042
12.3616,568,,,0.5905,,,,,,14.1591,r2_measured_00007,read,measured,,,,,0.7294,,ok,0.3909
14.2683,689,,,0.6872,,,,,,16.1828,r2_measured_00008,read,measured,,,,,0.7321,,ok,0.3984
13.4207,677,,,0.7357,,,,,,15.3502,r2_measured_00009,read,measured,,,,,0.7398,,ok,0.3601
14.3802,679,,,0.8603,,,,,,16.6383,r2_measured_00010,read,measured,,,,,0.856,,ok,0.4365
12.0647,567,,,0.5767,,,,,,13.7817,r2_measured_00011,read,measured,,,,,0.6744,,ok,0.3815
9.2437,418,,,0.3015,,,,,,10.4975,r2_measured_00012,read,measured,,,,,0.5346,,ok,0.3482
13.6471,674,,,0.6843,,,,,,15.5622,r2_measured_00013,read,measured,,,,,0.7374,,ok,0.3973
10.7927,506,,,0.5489,,,,,,12.4637,r2_measured_00014,read,measured,,,,,0.6629,,ok,0.3752
12.6787,663,,,0.6444,,,,,,14.4973,r2_measured_00015,read,measured,,,,,0.7032,,ok,0.386
12.0099,624,,,0.7039,,,,,,14.0221,r2_measured_00016,read,measured,,,,,0.7192,,ok,0.4904
15.8729,673,,,0.6397,,,,,,17.7679,r2_measured_00017,read,measured,,,,,0.7403,,ok,0.4252
12.5327,628,,,0.6986,,,,,,14.4073,r2_measured_00018,read,measured,,,,,0.6731,,ok,0.4162
14.644,679,,,0.7391,,,,,,16.6521,r2_measured_00019,read,measured,,,,,0.7486,,ok,0.4234
13.9561,627,,,0.6079,,,,,,15.6723,r2_measured_00020,read,measured,,,,,0.6456,,ok,0.3789
13.5708,678,,,0.5862,,,,,,15.3011,r2_measured_00021,read,measured,,,,,0.7171,,ok,0.3461
15.0572,687,,,0.7062,,,,,,17.1721,r2_measured_00022,read,measured,,,,,0.8435,,ok,0.4644
11.3608,419,,,0.3415,,,,,,12.8383,r2_measured_00023,read,measured,,,,,0.6431,,ok,0.4176
15.2678,689,,,0.6939,,,,,,17.3166,r2_measured_00024,read,measured,,,,,0.8505,,ok,0.4143
13.1751,628,,,0.6137,,,,,,15.1227,r2_measured_00025,read,measured,,,,,0.7029,,ok,0.5352
10.8784,507,,,0.4666,,,,,,12.3742,r2_measured_00026,read,measured,,,,,0.5921,,ok,0.3634
17.5312,674,,,0.6601,,,,,,19.4615,r2_measured_00027,read,measured,,,,,0.7891,,ok,0.3909
13.9072,628,,,0.5777,,,,,,15.6894,r2_measured_00028,read,measured,,,,,0.7261,,ok,0.3921
9.7121,417,,,0.3733,,,,,,11.1861,r2_measured_00029,read,measured,,,,,0.6071,,ok,0.4144
14.9581,689,,,0.713,,,,,,16.9571,r2_measured_00030,read,measured,,,,,0.8033,,ok,0.3937
12.8544,566,,,0.5896,,,,,,14.5798,r2_measured_00031,read,measured,,,,,0.6678,,ok,0.381
13.8821,628,,,0.7099,,,,,,15.9839,r2_measured_00032,read,measured,,,,,0.7446,,ok,0.5511
16.017,679,,,0.6572,,,,,,17.8789,r2_measured_00033,read,measured,,,,,0.7136,,ok,0.3996
14.5023,688,,,0.5851,,,,,,16.2417,r2_measured_00034,read,measured,,,,,0.7053,,ok,0.3645
13.8984,673,,,0.7068,,,,,,16.0962,r2_measured_00035,read,measured,,,,,0.9098,,ok,0.473
15.5775,677,,,0.6949,,,,,,17.4955,r2_measured_00036,read,measured,,,,,0.7174,,ok,0.413
12.827,628,,,0.6421,,,,,,14.6005,r2_measured_00037,read,measured,,,,,0.6758,,ok,0.3695
12.8998,663,,,0.6352,,,,,,14.7323,r2_measured_00038,read,measured,,,,,0.688,,ok,0.4237
13.4704,680,,,0.6113,,,,,,15.1674,r2_measured_00039,read,measured,,,,,0.6352,,ok,0.3709
14.5822,678,,,0.6202,,,,,,16.3447,r2_measured_00040,read,measured,,,,,0.7029,,ok,0.3594
14.0117,689,,,0.6824,,,,,,15.8698,r2_measured_00041,read,measured,,,,,0.7034,,ok,0.3824
10.6938,507,,,0.5094,,,,,,12.4164,r2_measured_00042,read,measured,,,,,0.7359,,ok,0.3977
14.0253,628,,,0.7198,,,,,,15.9782,r2_measured_00043,read,measured,,,,,0.7237,,ok,0.414
9.3495,368,,,0.2997,,,,,,10.9197,r2_measured_00044,read,measured,,,,,0.7736,,ok,0.4156
15.6729,661,,,0.6647,,,,,,17.6917,r2_measured_00045,read,measured,,,,,0.8159,,ok,0.4391
15.6549,680,,,0.6947,,,,,,17.6659,r2_measured_00046,read,measured,,,,,0.8298,,ok,0.3915
13.6388,627,,,0.5363,,,,,,15.3705,r2_measured_00047,read,measured,,,,,0.7351,,ok,0.3821
12.6665,627,,,0.7567,,,,,,14.9275,r2_measured_00048,read,measured,,,,,0.8906,,ok,0.5116
11.0072,418,,,0.333,,,,,,12.4771,r2_measured_00049,read,measured,,,,,0.6432,,ok,0.4175
76.9205,566,14.0191,4.5658,0.557,2.3324,1,4.5639,1,23.0534,78.6363,r2_measured_00050,update,measured,18.4876,1.7158,1,12.3183,0.6871,25.1973,ok,0.3909
14.2989,675,,,0.7463,,,,,,16.1684,r2_measured_00051,read,measured,,,,,0.6693,,ok,0.3582
13.1653,624,,,0.603,,,,,,14.7749,r2_measured_00052,read,measured,,,,,0.6004,,ok,0.3285
16.0405,675,,,0.9938,,,,,,18.4935,r2_measured_00053,read,measured,,,,,0.8839,,ok,0.4645
12.3941,508,,,0.5353,,,,,,14.0416,r2_measured_00054,read,measured,,,,,0.6135,,ok,0.4182
12.7094,677,,,0.5443,,,,,,14.4902,r2_measured_00055,read,measured,,,,,0.7801,,ok,0.3709
16.1215,679,,,0.603,,,,,,18.0843,r2_measured_00056,read,measured,,,,,0.7376,,ok,0.5351
12.2459,627,,,0.6737,,,,,,14.0313,r2_measured_00057,read,measured,,,,,0.6591,,ok,0.3693
16.209,689,,,0.6369,,,,,,18.2838,r2_measured_00058,read,measured,,,,,0.8318,,ok,0.5182
9.4607,419,,,0.2819,,,,,,10.6533,r2_measured_00059,read,measured,,,,,0.495,,ok,0.3513
12.2957,567,,,0.5277,,,,,,13.9035,r2_measured_00060,read,measured,,,,,0.6406,,ok,0.3597
14.2851,663,,,0.6363,,,,,,16.3034,r2_measured_00061,read,measured,,,,,0.8664,,ok,0.424
14.8192,627,,,0.5925,,,,,,16.6241,r2_measured_00062,read,measured,,,,,0.7533,,ok,0.3782
15.872,688,,,0.7644,,,,,,17.8851,r2_measured_00063,read,measured,,,,,0.7085,,ok,0.4089
12.6519,627,,,0.5849,,,,,,14.3386,r2_measured_00064,read,measured,,,,,0.6772,,ok,0.3471
12.697,662,,,0.5369,,,,,,14.3265,r2_measured_00065,read,measured,,,,,0.6616,,ok,0.3572
12.1819,674,,,0.6132,,,,,,13.828,r2_measured_00066,read,measured,,,,,0.608,,ok,0.3398
13.7843,679,,,0.5627,,,,,,15.4938,r2_measured_00067,read,measured,,,,,0.6554,,ok,0.4133
12.4362,673,,,0.5304,,,,,,14.1154,r2_measured_00068,read,measured,,,,,0.7075,,ok,0.3642
73.7413,626,12.8016,6.4174,0.4958,2.1488,0,6.4159,1,25.7149,75.2644,r2_measured_00069,update,measured,19.2975,1.5231,1,13.6199,0.6134,19.4561,ok,0.3444
9.9322,369,,,0.2646,,,,,,11.1939,r2_measured_00070,read,measured,,,,,0.5259,,ok,0.4088
8.7533,418,,,0.2695,,,,,,9.9598,r2_measured_00071,read,measured,,,,,0.5272,,ok,0.3505
8.6383,416,,,0.2999,,,,,,9.8921,r2_measured_00072,read,measured,,,,,0.5006,,ok,0.3734
8.8227,418,,,0.2416,,,,,,9.8971,r2_measured_00073,read,measured,,,,,0.4757,,ok,0.3051
12.3469,677,,,0.568,,,,,,14.0608,r2_measured_00074,read,measured,,,,,0.6968,,ok,0.3704
12.777,680,,,0.5946,,,,,,14.4646,r2_measured_00075,read,measured,,,,,0.6483,,ok,0.3634
13.2606,686,,,0.649,,,,,,15.1131,r2_measured_00076,read,measured,,,,,0.7171,,ok,0.4004
11.552,507,,,0.6182,,,,,,13.4308,r2_measured_00077,read,measured,,,,,0.7785,,ok,0.3873
12.4906,509,,,0.4861,,,,,,13.9666,r2_measured_00078,read,measured,,,,,0.5896,,ok,0.3303
8.961,416,,,0.2381,,,,,,10.0297,r2_measured_00079,read,measured,,,,,0.4769,,ok,0.3001
9.8846,507,,,0.5327,,,,,,11.444,r2_measured_00080,read,measured,,,,,0.5764,,ok,0.3756
12.2783,417,,,0.2651,,,,,,13.5412,r2_measured_00081,read,measured,,,,,0.5642,,ok,0.3678
15.3563,689,,,0.6785,,,,,,17.4825,r2_measured_00082,read,measured,,,,,0.9229,,ok,0.4386
13.7112,675,,,0.5162,,,,,,15.277,r2_measured_00083,read,measured,,,,,0.6282,,ok,0.347
13.2096,679,,,0.6176,,,,,,14.9667,r2_measured_00084,read,measured,,,,,0.639,,ok,0.4129
9.286,417,,,0.2468,,,,,,10.3892,r2_measured_00085,read,measured,,,,,0.4867,,ok,0.3124
12.4824,628,,,0.5481,,,,,,14.1167,r2_measured_00086,read,measured,,,,,0.6377,,ok,0.3745
14.4662,679,,,0.632,,,,,,16.2791,r2_measured_00087,read,measured,,,,,0.7114,,ok,0.3819
14.4095,659,,,0.9269,,,,,,16.4277,r2_measured_00088,read,measured,,,,,0.6484,,ok,0.368
11.6036,507,,,0.4609,,,,,,13.0789,r2_measured_00089,read,measured,,,,,0.5998,,ok,0.3431
14.9076,672,,,0.7199,,,,,,17.0559,r2_measured_00090,read,measured,,,,,0.9132,,ok,0.4222
13.5474,566,,,0.5385,,,,,,15.2468,r2_measured_00091,read,measured,,,,,0.6847,,ok,0.3937
13.0758,628,,,0.572,,,,,,14.877,r2_measured_00092,read,measured,,,,,0.7596,,ok,0.3883
13.7548,679,,,0.6456,,,,,,15.7028,r2_measured_00093,read,measured,,,,,0.8514,,ok,0.3657
13.4024,677,,,0.5757,,,,,,15.2121,r2_measured_00094,read,measured,,,,,0.6509,,ok,0.5026
11.3524,627,,,0.5247,,,,,,12.957,r2_measured_00095,read,measured,,,,,0.6094,,ok,0.3831
10.4093,508,,,0.5129,,,,,,11.9437,r2_measured_00096,read,measured,,,,,0.5885,,ok,0.3611
12.8273,628,,,0.6831,,,,,,14.7563,r2_measured_00097,read,measured,,,,,0.7202,,ok,0.4426
16.6296,662,,,0.6199,,,,,,18.5005,r2_measured_00098,read,measured,,,,,0.7553,,ok,0.4045
14.7294,681,,,0.5888,,,,,,16.4483,r2_measured_00099,read,measured,,,,,0.656,,ok,0.374
13.3049,568,,,0.5521,,,,,,14.8404,r2_measured_00100,read,measured,,,,,0.5857,,ok,0.3253
15.1359,680,,,0.697,,,,,,17.3816,r2_measured_00101,read,measured,,,,,0.9994,,ok,0.4398
16.4066,566,,,0.4993,,,,,,17.9819,r2_measured_00102,read,measured,,,,,0.6343,,ok,0.3643
12.27,418,,,0.2729,,,,,,13.4539,r2_measured_00103,read,measured,,,,,0.4922,,ok,0.354
85.6444,508,12.1237,9.3174,0.7355,1.816,1,9.3155,1,39.5492,87.6159,r2_measured_00104,update,measured,30.2318,1.9715,1,15.8624,0.5801,16.2931,ok,0.5708
17.6399,674,,,0.5969,,,,,,19.3574,r2_measured_00105,read,measured,,,,,0.6774,,ok,0.3632
14.7886,680,,,0.5851,,,,,,16.4212,r2_measured_00106,read,measured,,,,,0.6308,,ok,0.3364
14.2229,566,,,0.5092,,,,,,15.804,r2_measured_00107,read,measured,,,,,0.6231,,ok,0.3653
11.3095,508,,,0.5955,,,,,,13.1231,r2_measured_00108,read,measured,,,,,0.663,,ok,0.4695
19.207,680,,,0.6423,,,,,,21.0429,r2_measured_00109,read,measured,,,,,0.6971,,ok,0.4044
13.774,678,,,0.5656,,,,,,15.5469,r2_measured_00110,read,measured,,,,,0.7359,,ok,0.3905
14.7863,680,,,0.6165,,,,,,16.4726,r2_measured_00111,read,measured,,,,,0.5919,,ok,0.3956
14.7898,679,,,0.5752,,,,,,16.5553,r2_measured_00112,read,measured,,,,,0.6807,,ok,0.4273
10.901,508,,,0.5519,,,,,,12.4079,r2_measured_00113,read,measured,,,,,0.5553,,ok,0.3376
59.2865,368,,,0.3354,,,,,,60.545,r2_measured_00114,read,measured,,,,,0.494,,ok,0.3684
12.3767,661,,,0.6217,,,,,,14.0312,r2_measured_00115,read,measured,,,,,0.5907,,ok,0.3531
18.8879,680,,,0.5403,,,,,,20.603,r2_measured_00116,read,measured,,,,,0.6919,,ok,0.3368
11.5053,508,,,0.5641,,,,,,13.0891,r2_measured_00117,read,measured,,,,,0.6012,,ok,0.3433
16.128,627,,,0.6784,,,,,,18.3779,r2_measured_00118,read,measured,,,,,0.9239,,ok,0.5465
15.8409,660,,,0.6892,,,,,,17.9512,r2_measured_00119,read,measured,,,,,0.875,,ok,0.4411
13.8237,679,,,0.5522,,,,,,15.5937,r2_measured_00120,read,measured,,,,,0.7636,,ok,0.3649
9.2967,417,,,0.3328,,,,,,10.6884,r2_measured_00121,read,measured,,,,,0.6047,,ok,0.3827
14.0303,509,,,0.6139,,,,,,15.6955,r2_measured_00122,read,measured,,,,,0.5999,,ok,0.3754
17.092,679,,,0.7347,,,,,,19.2866,r2_measured_00123,read,measured,,,,,0.8936,,ok,0.4679
12.2678,418,,,0.3054,,,,,,13.6545,r2_measured_00124,read,measured,,,,,0.5963,,ok,0.395
15.0559,623,,,0.5501,,,,,,16.7779,r2_measured_00125,read,measured,,,,,0.6684,,ok,0.4209
16.3628,661,,,0.702,,,,,,18.3228,r2_measured_00126,read,measured,,,,,0.7694,,ok,0.3983
13.3254,678,,,0.629,,,,,,15.1043,r2_measured_00127,read,measured,,,,,0.7053,,ok,0.3608
18.8977,680,,,0.5315,,,,,,20.4625,r2_measured_00128,read,measured,,,,,0.6482,,ok,0.3156
11.3316,688,,,0.5889,,,,,,12.9091,r2_measured_00129,read,measured,,,,,0.5798,,ok,0.3418
12.1848,679,,,0.5241,,,,,,13.7619,r2_measured_00130,read,measured,,,,,0.6525,,ok,0.3231
11.4832,507,,,0.4583,,,,,,12.958,r2_measured_00131,read,measured,,,,,0.6174,,ok,0.3327
12.1779,678,,,0.8705,,,,,,14.3692,r2_measured_00132,read,measured,,,,,0.7113,,ok,0.5026
9.9696,418,,,0.3078,,,,,,11.2502,r2_measured_00133,read,measured,,,,,0.5664,,ok,0.3422
11.0135,566,,,0.5488,,,,,,12.6955,r2_measured_00134,read,measured,,,,,0.6773,,ok,0.3811
14.8206,674,,,0.6233,,,,,,16.6794,r2_measured_00135,read,measured,,,,,0.7666,,ok,0.3847
13.7973,680,,,0.6578,,,,,,15.6647,r2_measured_00136,read,measured,,,,,0.731,,ok,0.3894
15.6738,688,,,0.648,,,,,,17.5143,r2_measured_00137,read,measured,,,,,0.713,,ok,0.3898
12.8996,565,,,0.5464,,,,,,14.618,r2_measured_00138,read,measured,,,,,0.6914,,ok,0.3967
11.8584,566,,,0.8348,,,,,,13.8354,r2_measured_00139,read,measured,,,,,0.6738,,ok,0.3791
13.1895,673,,,0.6466,,,,,,15.0139,r2_measured_00140,read,measured,,,,,0.7035,,ok,0.3905
12.868,507,,,0.5082,,,,,,14.5326,r2_measured_00141,read,measured,,,,,0.7006,,ok,0.3713
75.7149,628,17.407,5.0601,0.6107,2.6604,1,5.0583,1,23.1732,77.4222,r2_measured_00142,update,measured,18.1131,1.7073,1,11.6091,0.6458,20.8652,ok,0.3699
12.1427,566,,,0.5185,,,,,,13.6788,r2_measured_00143,read,measured,,,,,0.6002,,ok,0.3448
15.7522,680,,,0.5486,,,,,,17.44,r2_measured_00144,read,measured,,,,,0.6718,,ok,0.3869
14.5498,678,,,0.7043,,,,,,16.6709,r2_measured_00145,read,measured,,,,,0.8476,,ok,0.4719
16.7923,680,,,0.7085,,,,,,18.7978,r2_measured_00146,read,measured,,,,,0.7903,,ok,0.416
77.9299,679,14.2783,3.8129,1.5608,2.9483,0,3.8109,1,26.2685,80.8263,r2_measured_00147,update,measured,22.4556,2.8964,1,0.0054,0.7019,34.4294,ok,0.5472
9.3335,416,,,0.3497,,,,,,10.741,r2_measured_00148,read,measured,,,,,0.5786,,ok,0.4052
8.562,369,,,0.244,,,,,,9.7595,r2_measured_00149,read,measured,,,,,0.5188,,ok,0.3747
13.564,679,,,0.5845,,,,,,15.3829,r2_measured_00150,read,measured,,,,,0.7589,,ok,0.386
12.8653,626,,,0.5742,,,,,,14.6175,r2_measured_00151,read,measured,,,,,0.721,,ok,0.376
13.5359,680,,,0.492,,,,,,15.0454,r2_measured_00152,read,measured,,,,,0.606,,ok,0.3402
7.2428,367,,,0.2455,,,,,,8.403,r2_measured_00153,read,measured,,,,,0.5062,,ok,0.3446
15.0472,419,,,0.2993,,,,,,16.4023,r2_measured_00154,read,measured,,,,,0.5955,,ok,0.3899
18.2961,661,,,0.6544,,,,,,20.0967,r2_measured_00155,read,measured,,,,,0.7132,,ok,0.349
13.2329,417,,,0.2832,,,,,,14.5085,r2_measured_00156,read,measured,,,,,0.564,,ok,0.3453
19.4846,679,,,0.658,,,,,,21.4544,r2_measured_00157,read,measured,,,,,0.8051,,ok,0.4118
11.851,417,,,0.2856,,,,,,13.1975,r2_measured_00158,read,measured,,,,,0.6239,,ok,0.3719
15.0965,675,,,0.6755,,,,,,16.8533,r2_measured_00159,read,measured,,,,,0.6408,,ok,0.3566
12.5783,508,,,0.7368,,,,,,14.8308,r2_measured_00160,read,measured,,,,,0.8291,,ok,0.5878
16.7883,680,,,0.7249,,,,,,18.8797,r2_measured_00161,read,measured,,,,,0.8482,,ok,0.4201
17.4657,504,,,0.4963,,,,,,18.9886,r2_measured_00162,read,measured,,,,,0.6264,,ok,0.329
17.7512,672,,,0.6633,,,,,,19.6627,r2_measured_00163,read,measured,,,,,0.7493,,ok,0.4065
14.3338,679,,,0.6055,,,,,,16.3194,r2_measured_00164,read,measured,,,,,0.8989,,ok,0.4
65.811,679,14.8428,4.4502,0.6473,2.5169,1,4.4484,1,27.0804,67.5382,r2_measured_00165,update,measured,22.6302,1.7272,1,0.0064,0.6478,21.3645,ok,0.3556
78.1306,509,12.2686,7.1075,0.5715,2.2165,1,7.105,1,33.0037,79.9136,r2_measured_00166,update,measured,25.8962,1.783,1,12.6341,0.7484,18.0077,ok,0.3854
9.4782,418,,,0.2688,,,,,,10.7331,r2_measured_00167,read,measured,,,,,0.5581,,ok,0.3657
12.3012,627,,,0.6416,,,,,,14.2331,r2_measured_00168,read,measured,,,,,0.8001,,ok,0.408
14.0723,661,,,0.5325,,,,,,15.674,r2_measured_00169,read,measured,,,,,0.6477,,ok,0.3452
28.2407,674,,,0.763,,,,,,30.1665,r2_measured_00170,read,measured,,,,,0.6351,,ok,0.4359
15.576,681,,,0.6652,,,,,,17.3555,r2_measured_00171,read,measured,,,,,0.6854,,ok,0.3474
12.845,567,,,0.5522,,,,,,14.5587,r2_measured_00172,read,measured,,,,,0.648,,ok,0.4218
106.1636,686,15.0592,9.7346,0.5749,2.9856,0,9.7324,1,42.9102,107.9153,r2_measured_00173,update,measured,33.1756,1.7517,1,17.0254,0.701,28.1832,ok,0.3873
8.2301,369,,,0.2201,,,,,,9.2235,r2_measured_00174,read,measured,,,,,0.4059,,ok,0.3129
17.1187,678,,,0.8002,,,,,,19.3442,r2_measured_00175,read,measured,,,,,0.8405,,ok,0.4846
16.1641,628,,,0.7444,,,,,,18.1286,r2_measured_00176,read,measured,,,,,0.6949,,ok,0.4381
15.4554,660,,,0.5926,,,,,,17.262,r2_measured_00177,read,measured,,,,,0.7471,,ok,0.3794
13.5832,681,,,0.5792,,,,,,15.3065,r2_measured_00178,read,measured,,,,,0.6867,,ok,0.3772
10.2505,367,,,0.2577,,,,,,11.4982,r2_measured_00179,read,measured,,,,,0.5395,,ok,0.3812
15.5204,674,,,0.5498,,,,,,17.2921,r2_measured_00180,read,measured,,,,,0.7654,,ok,0.377
13.5227,688,,,0.5872,,,,,,15.3573,r2_measured_00181,read,measured,,,,,0.7528,,ok,0.4084
97.6206,661,13.4558,10.8399,0.5538,2.0895,1,10.8381,1,45.6823,99.3442,r2_measured_00182,update,measured,34.8424,1.7236,1,15.1565,0.724,21.2365,ok,0.3582
13.6869,507,,,0.433,,,,,,15.032,r2_measured_00183,read,measured,,,,,0.536,,ok,0.3106
12.6547,367,,,0.2359,,,,,,13.8154,r2_measured_00184,read,measured,,,,,0.4765,,ok,0.3719
18.2518,568,,,0.5812,,,,,,19.9138,r2_measured_00185,read,measured,,,,,0.614,,ok,0.3858
13.6038,507,,,0.586,,,,,,15.3423,r2_measured_00186,read,measured,,,,,0.6676,,ok,0.4023
13.2114,568,,,0.4897,,,,,,14.6805,r2_measured_00187,read,measured,,,,,0.596,,ok,0.3187
17.836,628,,,0.648,,,,,,19.5187,r2_measured_00188,read,measured,,,,,0.6335,,ok,0.3244
19.8181,675,,,0.7302,,,,,,22.2879,r2_measured_00189,read,measured,,,,,1.1887,,ok,0.4465
15.8718,418,,,0.2739,,,,,,17.0844,r2_measured_00190,read,measured,,,,,0.5202,,ok,0.352
13.3571,679,,,0.5759,,,,,,14.9855,r2_measured_00191,read,measured,,,,,0.6399,,ok,0.3366
15.7136,689,,,0.5505,,,,,,17.3067,r2_measured_00192,read,measured,,,,,0.6299,,ok,0.3128
16.6429,679,,,0.7033,,,,,,18.7651,r2_measured_00193,read,measured,,,,,0.8283,,ok,0.487
15.2628,677,,,0.5578,,,,,,17.0476,r2_measured_00194,read,measured,,,,,0.803,,ok,0.3466
16.1162,661,,,0.7009,,,,,,18.102,r2_measured_00195,read,measured,,,,,0.8005,,ok,0.3963
15.4439,661,,,0.5814,,,,,,17.0767,r2_measured_00196,read,measured,,,,,0.649,,ok,0.3251
16.8852,566,,,0.506,,,,,,18.4436,r2_measured_00197,read,measured,,,,,0.6198,,ok,0.3576
14.7456,678,,,0.5822,,,,,,16.3221,r2_measured_00198,read,measured,,,,,0.5818,,ok,0.3352
14.1905,662,,,0.5529,,,,,,15.7744,r2_measured_00199,read,measured,,,,,0.5951,,ok,0.3593
12.5166,674,,,0.5374,,,,,,14.0711,r2_measured_00200,read,measured,,,,,0.593,,ok,0.3402
15.9911,674,,,0.5369,,,,,,17.4999,r2_measured_00201,read,measured,,,,,0.5783,,ok,0.3238
13.8236,680,,,0.8181,,,,,,16.254,r2_measured_00202,read,measured,,,,,0.9337,,ok,0.5682
19.4803,628,,,0.6956,,,,,,21.4083,r2_measured_00203,read,measured,,,,,0.7196,,ok,0.4211
18.3626,674,,,0.5903,,,,,,20.1414,r2_measured_00204,read,measured,,,,,0.7629,,ok,0.3401
13.0777,568,,,0.6586,,,,,,14.9523,r2_measured_00205,read,measured,,,,,0.7191,,ok,0.3963
15.8272,628,,,0.5923,,,,,,17.5542,r2_measured_00206,read,measured,,,,,0.6573,,ok,0.3968
13.633,417,,,0.3942,,,,,,15.0632,r2_measured_00207,read,measured,,,,,0.5615,,ok,0.3982
17.6595,687,,,0.6435,,,,,,19.4807,r2_measured_00208,read,measured,,,,,0.7143,,ok,0.3781
23.5406,679,,,0.6929,,,,,,25.4136,r2_measured_00209,read,measured,,,,,0.674,,ok,0.3983
15.2106,687,,,0.6225,,,,,,16.9103,r2_measured_00210,read,measured,,,,,0.6466,,ok,0.3478
16.094,680,,,0.5397,,,,,,17.7075,r2_measured_00211,read,measured,,,,,0.623,,ok,0.3701
16.0128,628,,,0.5594,,,,,,17.6364,r2_measured_00212,read,measured,,,,,0.631,,ok,0.357
12.2646,369,,,0.241,,,,,,13.3347,r2_measured_00213,read,measured,,,,,0.4752,,ok,0.2972
13.8529,416,,,0.2594,,,,,,15.1105,r2_measured_00214,read,measured,,,,,0.5834,,ok,0.3515
15.2468,624,,,0.669,,,,,,17.1466,r2_measured_00215,read,measured,,,,,0.6872,,ok,0.4535
78.1328,629,23.9624,5.3266,0.7317,5.7187,0,5.3246,1,30.1537,80.2799,r2_measured_00216,update,measured,24.8271,2.1471,1,0.0051,0.8441,18.2929,ok,0.4724
15.4079,628,,,0.6528,,,,,,17.3156,r2_measured_00217,read,measured,,,,,0.7674,,ok,0.3991
11.8869,509,,,0.5981,,,,,,13.6141,r2_measured_00218,read,measured,,,,,0.634,,ok,0.4181
14.9628,678,,,0.708,,,,,,16.7995,r2_measured_00219,read,measured,,,,,0.6826,,ok,0.3606
15.0716,624,,,0.5053,,,,,,16.6383,r2_measured_00220,read,measured,,,,,0.6107,,ok,0.3726
14.9247,681,,,0.5983,,,,,,16.6314,r2_measured_00221,read,measured,,,,,0.6765,,ok,0.3497
13.5636,680,,,0.5353,,,,,,15.171,r2_measured_00222,read,measured,,,,,0.6541,,ok,0.3417
15.3909,679,,,0.6542,,,,,,17.4209,r2_measured_00223,read,measured,,,,,0.8506,,ok,0.4228
15.5069,567,,,0.5858,,,,,,17.2325,r2_measured_00224,read,measured,,,,,0.6874,,ok,0.3782
14.7613,679,,,0.5129,,,,,,16.4675,r2_measured_00225,read,measured,,,,,0.78,,ok,0.3358
12.6635,679,,,0.5832,,,,,,14.3341,r2_measured_00226,read,measured,,,,,0.6603,,ok,0.3502
8.5049,415,,,0.248,,,,,,9.621,r2_measured_00227,read,measured,,,,,0.4857,,ok,0.3304
15.1578,672,,,0.7707,,,,,,17.104,r2_measured_00228,read,measured,,,,,0.7194,,ok,0.3731
20.0439,567,,,0.5885,,,,,,21.8459,r2_measured_00229,read,measured,,,,,0.6976,,ok,0.4225
22.5331,508,,,0.5422,,,,,,24.1923,r2_measured_00230,read,measured,,,,,0.6437,,ok,0.3959
11.8346,628,,,0.5341,,,,,,13.5098,r2_measured_00231,read,measured,,,,,0.6949,,ok,0.3707
16.9259,673,,,0.5641,,,,,,18.7051,r2_measured_00232,read,measured,,,,,0.7386,,ok,0.3897
15.5616,673,,,0.6098,,,,,,17.2504,r2_measured_00233,read,measured,,,,,0.6232,,ok,0.3738
13.4944,369,,,0.3517,,,,,,14.7743,r2_measured_00234,read,measured,,,,,0.468,,ok,0.3991
14.9661,687,,,0.657,,,,,,16.8055,r2_measured_00235,read,measured,,,,,0.6842,,ok,0.357
14.0519,568,,,0.4884,,,,,,15.5217,r2_measured_00236,read,measured,,,,,0.5676,,ok,0.3433
83.7281,672,13.3083,6.4924,0.5717,2.0948,1,6.4905,1,32.7635,85.3921,r2_measured_00237,update,measured,26.2711,1.664,1,15.8847,0.6513,19.6768,ok,0.3654
14.3472,674,,,0.6088,,,,,,16.1227,r2_measured_00238,read,measured,,,,,0.6907,,ok,0.3923
16.0146,629,,,0.5729,,,,,,17.7915,r2_measured_00239,read,measured,,,,,0.7622,,ok,0.3637
15.7065,417,,,0.2506,,,,,,16.8265,r2_measured_00240,read,measured,,,,,0.5009,,ok,0.3113
16.969,680,,,0.8106,,,,,,19.092,r2_measured_00241,read,measured,,,,,0.8507,,ok,0.3807
12.3518,369,,,0.295,,,,,,13.6395,r2_measured_00242,read,measured,,,,,0.5561,,ok,0.372
16.3041,680,,,0.6266,,,,,,17.9493,r2_measured_00243,read,measured,,,,,0.6094,,ok,0.3325
13.9948,567,,,0.5238,,,,,,15.5794,r2_measured_00244,read,measured,,,,,0.5807,,ok,0.4012
26.51,509,,,0.6983,,,,,,28.6203,r2_measured_00245,read,measured,,,,,0.816,,ok,0.4621
18.5885,673,,,0.5598,,,,,,20.2484,r2_measured_00246,read,measured,,,,,0.6589,,ok,0.3592
78.0814,680,16.8463,4.7195,0.7814,3.4348,1,4.7176,1,19.6372,80.1233,r2_measured_00247,update,measured,14.9177,2.0419,1,11.5957,0.7433,26.5674,ok,0.4209
15.9114,661,,,0.6829,,,,,,17.7983,r2_measured_00248,read,measured,,,,,0.6706,,ok,0.4385
14.7766,679,,,0.5618,,,,,,16.4378,r2_measured_00249,read,measured,,,,,0.6272,,ok,0.3913
13.0963,681,,,0.6158,,,,,,14.914,r2_measured_00250,read,measured,,,,,0.7408,,ok,0.3713
11.4768,568,,,0.5471,,,,,,13.1801,r2_measured_00251,read,measured,,,,,0.7047,,ok,0.3785
13.2683,624,,,0.6397,,,,,,15.1153,r2_measured_00252,read,measured,,,,,0.727,,ok,0.3937
12.8419,627,,,0.5329,,,,,,14.5701,r2_measured_00253,read,measured,,,,,0.7307,,ok,0.3848
14.8048,509,,,0.4471,,,,,,16.1869,r2_measured_00254,read,measured,,,,,0.5095,,ok,0.3585
7.2066,369,,,0.2388,,,,,,8.336,r2_measured_00255,read,measured,,,,,0.5206,,ok,0.3097
9.6464,565,,,1.0084,,,,,,12.2402,r2_measured_00256,read,measured,,,,,0.5704,,ok,0.9492
11.9369,567,,,0.464,,,,,,13.2918,r2_measured_00257,read,measured,,,,,0.5124,,ok,0.3153
14.5882,677,,,0.7362,,,,,,16.6386,r2_measured_00258,read,measured,,,,,0.7039,,ok,0.5178
14.0771,627,,,0.5023,,,,,,15.6314,r2_measured_00259,read,measured,,,,,0.6019,,ok,0.3738
18.3275,675,,,0.6307,,,,,,20.2611,r2_measured_00260,read,measured,,,,,0.7942,,ok,0.4225
16.4835,418,,,0.2871,,,,,,17.6975,r2_measured_00261,read,measured,,,,,0.5148,,ok,0.3445
12.6846,417,,,0.2835,,,,,,13.9564,r2_measured_00262,read,measured,,,,,0.5867,,ok,0.3389
14.3412,674,,,0.6374,,,,,,16.2793,r2_measured_00263,read,measured,,,,,0.8016,,ok,0.4116
11.045,368,,,0.2496,,,,,,12.2037,r2_measured_00264,read,measured,,,,,0.5127,,ok,0.3347
10.9727,508,,,0.5246,,,,,,12.6192,r2_measured_00265,read,measured,,,,,0.6612,,ok,0.3854
14.0148,506,,,0.4757,,,,,,15.5495,r2_measured_00266,read,measured,,,,,0.6467,,ok,0.3359
14.3007,507,,,0.5507,,,,,,15.823,r2_measured_00267,read,measured,,,,,0.5681,,ok,0.3317
8.8628,418,,,0.2938,,,,,,10.0277,r2_measured_00268,read,measured,,,,,0.4653,,ok,0.3472
14.7852,369,,,0.3157,,,,,,16.413,r2_measured_00269,read,measured,,,,,0.6153,,ok,0.5937
93.4838,509,11.1472,9.4683,0.5675,2.1069,1,9.4651,1,47.717,95.0682,r2_measured_00270,update,measured,38.2487,1.5844,1,16.2963,0.559,16.2164,ok,0.3913
11.2004,628,,,0.5487,,,,,,12.7871,r2_measured_00271,read,measured,,,,,0.6079,,ok,0.3523
7.7264,416,,,0.2684,,,,,,8.8101,r2_measured_00272,read,measured,,,,,0.4398,,ok,0.3249
10.9683,568,,,0.504,,,,,,12.4551,r2_measured_00273,read,measured,,,,,0.5811,,ok,0.3303
12.3475,674,,,0.5727,,,,,,14.0362,r2_measured_00274,read,measured,,,,,0.669,,ok,0.3676
10.6704,504,,,0.5204,,,,,,12.2964,r2_measured_00275,read,measured,,,,,0.6432,,ok,0.3838
10.1159,508,,,0.5088,,,,,,11.5548,r2_measured_00276,read,measured,,,,,0.522,,ok,0.3451
11.8985,628,,,0.5922,,,,,,13.7166,r2_measured_00277,read,measured,,,,,0.7801,,ok,0.3719
55.7002,624,12.2851,3.4538,0.4547,2.0521,0,3.4508,1,21.4998,57.0515,r2_measured_00278,update,measured,18.046,1.3513,1,0.0059,0.5244,19.8573,ok,0.315
13.8671,678,,,0.5987,,,,,,15.5676,r2_measured_00279,read,measured,,,,,0.6704,,ok,0.349
99.9236,662,15.2414,11.4988,0.5713,2.2257,1,11.4957,1,37.3717,101.5601,r2_measured_00280,update,measured,25.8729,1.6365,1,23.1609,0.6468,21.9239,ok,0.3315
12.4757,417,,,0.2393,,,,,,13.5785,r2_measured_00281,read,measured,,,,,0.4547,,ok,0.3511
9.1955,509,,,0.4505,,,,,,10.5186,r2_measured_00282,read,measured,,,,,0.4794,,ok,0.3359
11.6673,628,,,0.52,,,,,,13.2487,r2_measured_00283,read,measured,,,,,0.6388,,ok,0.3451
12.8814,624,,,0.5303,,,,,,14.479,r2_measured_00284,read,measured,,,,,0.6464,,ok,0.3492
7.5275,418,,,0.2351,,,,,,8.6145,r2_measured_00285,read,measured,,,,,0.444,,ok,0.3526
10.0175,507,,,0.4704,,,,,,11.4834,r2_measured_00286,read,measured,,,,,0.5631,,ok,0.3596
9.7712,509,,,0.5459,,,,,,11.3527,r2_measured_00287,read,measured,,,,,0.6196,,ok,0.3364
8.1262,417,,,0.2299,,,,,,9.1506,r2_measured_00288,read,measured,,,,,0.4273,,ok,0.3168
15.35,628,,,0.6467,,,,,,17.1783,r2_measured_00289,read,measured,,,,,0.7092,,ok,0.3915
13.9626,679,,,0.6106,,,,,,15.6042,r2_measured_00290,read,measured,,,,,0.6164,,ok,0.3412
18.6844,628,,,0.7238,,,,,,20.482,r2_measured_00291,read,measured,,,,,0.6137,,ok,0.3919
16.5159,507,,,0.5805,,,,,,18.2963,r2_measured_00292,read,measured,,,,,0.7152,,ok,0.4035
19.0399,689,,,0.5752,,,,,,20.6398,r2_measured_00293,read,measured,,,,,0.6294,,ok,0.3192
12.3559,678,,,0.5149,,,,,,14.0494,r2_measured_00294,read,measured,,,,,0.7441,,ok,0.3595
12.2093,662,,,0.473,,,,,,13.735,r2_measured_00295,read,measured,,,,,0.6792,,ok,0.3034
13.6316,509,,,0.4844,,,,,,14.9421,r2_measured_00296,read,measured,,,,,0.4707,,ok,0.3018
17.3554,679,,,0.5745,,,,,,18.8837,r2_measured_00297,read,measured,,,,,0.5649,,ok,0.3137
11.0541,627,,,0.5635,,,,,,12.7669,r2_measured_00298,read,measured,,,,,0.6896,,ok,0.3792
11.4242,627,,,0.8055,,,,,,13.6844,r2_measured_00299,read,measured,,,,,0.7473,,ok,0.5871
14.6936,681,,,0.8902,,,,,,16.7399,r2_measured_00300,read,measured,,,,,0.6782,,ok,0.3945
9.1556,418,,,0.3313,,,,,,10.7009,r2_measured_00301,read,measured,,,,,0.56,,ok,0.5637
12.4786,679,,,0.4836,,,,,,14.0881,r2_measured_00302,read,measured,,,,,0.7428,,ok,0.3175
10.2412,566,,,0.5277,,,,,,11.8067,r2_measured_00303,read,measured,,,,,0.6212,,ok,0.3534
11.1558,567,,,0.524,,,,,,12.63,r2_measured_00304,read,measured,,,,,0.5678,,ok,0.3126
8.8466,509,,,0.4757,,,,,,10.3118,r2_measured_00305,read,measured,,,,,0.606,,ok,0.3225
9.1866,568,,,0.4577,,,,,,10.5308,r2_measured_00306,read,measured,,,,,0.5049,,ok,0.3226
9.9701,509,,,0.4511,,,,,,11.3963,r2_measured_00307,read,measured,,,,,0.5859,,ok,0.3225
11.2754,626,,,0.5148,,,,,,12.8683,r2_measured_00308,read,measured,,,,,0.6749,,ok,0.3284
8.9696,507,,,0.5125,,,,,,10.5933,r2_measured_00309,read,measured,,,,,0.6054,,ok,0.427
12.8645,679,,,0.5212,,,,,,14.4834,r2_measured_00310,read,measured,,,,,0.6881,,ok,0.3377
11.2612,662,,,0.4345,,,,,,12.6482,r2_measured_00311,read,measured,,,,,0.5842,,ok,0.3071
12.1529,679,,,0.5256,,,,,,13.6873,r2_measured_00312,read,measured,,,,,0.6317,,ok,0.3041
7.9623,418,,,0.2533,,,,,,9.0269,r2_measured_00313,read,measured,,,,,0.4536,,ok,0.3062
11.1408,659,,,0.5179,,,,,,12.6688,r2_measured_00314,read,measured,,,,,0.6074,,ok,0.3412
11.6151,680,,,0.5613,,,,,,13.2566,r2_measured_00315,read,measured,,,,,0.647,,ok,0.3504
8.1213,417,,,0.2572,,,,,,9.2485,r2_measured_00316,read,measured,,,,,0.5034,,ok,0.3113
11.391,680,,,0.5432,,,,,,13.0027,r2_measured_00317,read,measured,,,,,0.668,,ok,0.3316
12.4798,680,,,0.57,,,,,,14.1554,r2_measured_00318,read,measured,,,,,0.6919,,ok,0.3335
13.9455,419,,,0.2714,,,,,,15.0499,r2_measured_00319,read,measured,,,,,0.4714,,ok,0.3065
12.4845,689,,,0.527,,,,,,14.0872,r2_measured_00320,read,measured,,,,,0.6685,,ok,0.3347
10.6209,624,,,0.4976,,,,,,12.0853,r2_measured_00321,read,measured,,,,,0.5693,,ok,0.3378
12.9122,686,,,0.5944,,,,,,14.5969,r2_measured_00322,read,measured,,,,,0.6754,,ok,0.3353
8.3616,419,,,0.2623,,,,,,9.4962,r2_measured_00323,read,measured,,,,,0.4848,,ok,0.3278
9.2666,509,,,0.5035,,,,,,10.6721,r2_measured_00324,read,measured,,,,,0.5204,,ok,0.3216
12.0699,675,,,0.6317,,,,,,13.7313,r2_measured_00325,read,measured,,,,,0.6129,,ok,0.3338
13.3704,688,,,0.6144,,,,,,15.1173,r2_measured_00326,read,measured,,,,,0.671,,ok,0.3781
12.0949,681,,,0.456,,,,,,13.5393,r2_measured_00327,read,measured,,,,,0.6099,,ok,0.3142
11.7963,679,,,0.6299,,,,,,13.467,r2_measured_00328,read,measured,,,,,0.6257,,ok,0.336
81.3411,674,14.3089,5.6908,0.5567,2.3352,1,5.6888,1,19.4714,83.4384,r2_measured_00329,update,measured,13.7806,2.0973,1,24.5321,1.1517,20.6935,ok,0.3262
12.642,679,,,0.6373,,,,,,14.4384,r2_measured_00330,read,measured,,,,,0.6547,,ok,0.4178
8.7885,418,,,0.2594,,,,,,10.0114,r2_measured_00331,read,measured,,,,,0.5638,,ok,0.3088
9.616,507,,,0.4288,,,,,,10.8692,r2_measured_00332,read,measured,,,,,0.4596,,ok,0.3129
11.5475,681,,,0.5376,,,,,,13.151,r2_measured_00333,read,measured,,,,,0.6336,,ok,0.3519
8.4918,417,,,0.2861,,,,,,9.6965,r2_measured_00334,read,measured,,,,,0.5711,,ok,0.2952
7.1272,369,,,0.2694,,,,,,8.2883,r2_measured_00335,read,measured,,,,,0.5001,,ok,0.3322
10.7752,567,,,0.5416,,,,,,12.3157,r2_measured_00336,read,measured,,,,,0.6094,,ok,0.3246
15.2721,659,,,0.607,,,,,,16.9112,r2_measured_00337,read,measured,,,,,0.615,,ok,0.3402
66.3921,418,8.7935,7.298,0.2361,1.5668,1,7.2959,1,26.6893,67.4076,r2_measured_00338,update,measured,19.3913,1.0155,1,14.9102,0.4221,14.4323,ok,0.3094
12.5261,624,,,0.6256,,,,,,14.2839,r2_measured_00339,read,measured,,,,,0.6958,,ok,0.3428
13.6371,661,,,0.6303,,,,,,15.2996,r2_measured_00340,read,measured,,,,,0.6264,,ok,0.3397
89.1498,679,12.1592,5.9178,0.6075,2.3951,1,5.9153,1,26.0982,90.8092,r2_measured_00341,update,measured,20.1804,1.6594,1,26.326,0.6231,22.1713,ok,0.3502
79.0574,681,11.6704,6.27,0.5142,2.2295,1,6.2683,1,45.273,80.5099,r2_measured_00342,update,measured,39.003,1.4525,1,0.006,0.5575,19.8785,ok,0.3178
7.0708,369,,,0.2273,,,,,,8.1605,r2_measured_00343,read,measured,,,,,0.4916,,ok,0.305
10.8053,504,,,0.5438,,,,,,12.3781,r2_measured_00344,read,measured,,,,,0.5235,,ok,0.4348
13.0461,688,,,0.8413,,,,,,15.572,r2_measured_00345,read,measured,,,,,1.0292,,ok,0.5282
15.796,679,,,0.5851,,,,,,17.4983,r2_measured_00346,read,measured,,,,,0.6595,,ok,0.3712
11.6205,624,,,0.4718,,,,,,13.0732,r2_measured_00347,read,measured,,,,,0.5641,,ok,0.3485
7.1208,369,,,0.245,,,,,,8.293,r2_measured_00348,read,measured,,,,,0.5495,,ok,0.3192
10.0535,565,,,0.499,,,,,,11.4449,r2_measured_00349,read,measured,,,,,0.527,,ok,0.3022
10.3707,418,,,0.2517,,,,,,11.4484,r2_measured_00350,read,measured,,,,,0.4412,,ok,0.333
13.1893,566,,,0.5038,,,,,,14.8538,r2_measured_00351,read,measured,,,,,0.6823,,ok,0.3994
14.6201,663,,,0.7191,,,,,,16.6731,r2_measured_00352,read,measured,,,,,0.8011,,ok,0.4382
10.0335,418,,,0.3096,,,,,,11.546,r2_measured_00353,read,measured,,,,,0.5684,,ok,0.5574
19.7995,688,,,0.5358,,,,,,21.4424,r2_measured_00354,read,measured,,,,,0.6573,,ok,0.364
38.0275,687,,,0.5842,,,,,,39.5622,r2_measured_00355,read,measured,,,,,0.5697,,ok,0.3055
14.912,678,,,0.5774,,,,,,16.5017,r2_measured_00356,read,measured,,,,,0.632,,ok,0.3058
13.1333,627,,,0.6386,,,,,,14.9234,r2_measured_00357,read,measured,,,,,0.6894,,ok,0.3814
24.8502,674,,,0.6833,,,,,,26.648,r2_measured_00358,read,measured,,,,,0.6585,,ok,0.3778
10.0186,509,,,0.4869,,,,,,11.3587,r2_measured_00359,read,measured,,,,,0.4973,,ok,0.2962
12.603,369,,,0.2551,,,,,,13.8416,r2_measured_00360,read,measured,,,,,0.5634,,ok,0.3588
27.2074,674,,,0.7538,,,,,,29.4356,r2_measured_00361,read,measured,,,,,0.9486,,ok,0.4324
23.567,689,,,0.6888,,,,,,25.411,r2_measured_00362,read,measured,,,,,0.7248,,ok,0.3486
11.6421,663,,,0.5807,,,,,,13.2383,r2_measured_00363,read,measured,,,,,0.6085,,ok,0.3307
14.3927,675,,,0.5638,,,,,,16.2753,r2_measured_00364,read,measured,,,,,0.7609,,ok,0.4403
14.3105,679,,,0.5706,,,,,,15.9669,r2_measured_00365,read,measured,,,,,0.6619,,ok,0.3437
14.4612,679,,,0.5704,,,,,,16.0881,r2_measured_00366,read,measured,,,,,0.6257,,ok,0.3573
16.0712,417,,,0.2563,,,,,,17.1805,r2_measured_00367,read,measured,,,,,0.4916,,ok,0.3044
88.5202,675,13.1783,4.4995,0.6346,2.4332,1,4.4974,1,21.5696,90.2593,r2_measured_00368,update,measured,17.0701,1.7391,1,28.7294,0.6767,22.6097,ok,0.3428
20.1388,679,,,1.2138,,,,,,24.0055,r2_measured_00369,read,measured,,,,,1.6459,,ok,0.841
21.1436,680,,,0.6033,,,,,,22.9609,r2_measured_00370,read,measured,,,,,0.7653,,ok,0.3647
12.6434,674,,,0.5565,,,,,,14.1492,r2_measured_00371,read,measured,,,,,0.5608,,ok,0.319
12.7605,624,,,0.6031,,,,,,14.6923,r2_measured_00372,read,measured,,,,,0.8435,,ok,0.3976
13.1523,628,,,0.6193,,,,,,14.8578,r2_measured_00373,read,measured,,,,,0.6416,,ok,0.3683
13.2215,678,,,0.55,,,,,,14.801,r2_measured_00374,read,measured,,,,,0.6267,,ok,0.3263
12.4376,662,,,0.5391,,,,,,14.0134,r2_measured_00375,read,measured,,,,,0.6368,,ok,0.3278
13.9146,662,,,0.7678,,,,,,16.0384,r2_measured_00376,read,measured,,,,,0.7976,,ok,0.463
15.8068,688,,,0.5851,,,,,,17.6158,r2_measured_00377,read,measured,,,,,0.7068,,ok,0.4236
11.4146,507,,,0.5233,,,,,,13.0381,r2_measured_00378,read,measured,,,,,0.6533,,ok,0.3728
13.6687,685,,,0.6197,,,,,,15.4677,r2_measured_00379,read,measured,,,,,0.7031,,ok,0.3945
16.1422,679,,,0.5841,,,,,,17.8291,r2_measured_00380,read,measured,,,,,0.6648,,ok,0.3531
12.8285,627,,,0.6097,,,,,,14.6397,r2_measured_00381,read,measured,,,,,0.7319,,ok,0.3897
13.3641,685,,,0.7779,,,,,,15.2117,r2_measured_00382,read,measured,,,,,0.6184,,ok,0.3771
10.8195,566,,,0.6496,,,,,,12.6908,r2_measured_00383,read,measured,,,,,0.6856,,ok,0.4481
14.8124,680,,,0.5434,,,,,,16.4716,r2_measured_00384,read,measured,,,,,0.6713,,ok,0.3541
10.7562,505,,,0.4914,,,,,,12.2104,r2_measured_00385,read,measured,,,,,0.5742,,ok,0.3226
10.6881,418,,,0.2633,,,,,,11.862,r2_measured_00386,read,measured,,,,,0.513,,ok,0.3396
16.2965,567,,,0.5412,,,,,,17.8356,r2_measured_00387,read,measured,,,,,0.5814,,ok,0.3405
16.0348,680,,,1.1874,,,,,,19.1697,r2_measured_00388,read,measured,,,,,1.0908,,ok,0.7325
10.3795,369,,,0.2953,,,,,,11.8065,r2_measured_00389,read,measured,,,,,0.6378,,ok,0.4195
12.0706,566,,,0.5148,,,,,,13.7829,r2_measured_00390,read,measured,,,,,0.6024,,ok,0.5123
18.6522,687,,,0.6484,,,,,,20.3987,r2_measured_00391,read,measured,,,,,0.6545,,ok,0.3583
11.9784,505,,,0.6525,,,,,,13.9087,r2_measured_00392,read,measured,,,,,0.6945,,ok,0.4981
15.5013,679,,,0.769,,,,,,17.4089,r2_measured_00393,read,measured,,,,,0.6677,,ok,0.3853
13.3104,679,,,0.5215,,,,,,14.9423,r2_measured_00394,read,measured,,,,,0.6413,,ok,0.3893
10.546,567,,,0.4894,,,,,,12.0458,r2_measured_00395,read,measured,,,,,0.5804,,ok,0.3647
9.0211,418,,,0.3198,,,,,,10.3378,r2_measured_00396,read,measured,,,,,0.5763,,ok,0.3504
8.5907,418,,,0.2593,,,,,,9.824,r2_measured_00397,read,measured,,,,,0.4679,,ok,0.4435
11.7141,680,,,0.5135,,,,,,13.2828,r2_measured_00398,read,measured,,,,,0.5643,,ok,0.4219
9.5197,509,,,0.5275,,,,,,11.2205,r2_measured_00399,read,measured,,,,,0.6684,,ok,0.4245
11.5856,566,,,0.5243,,,,,,13.0621,r2_measured_00400,read,measured,,,,,0.5526,,ok,0.3327
15.003,415,,,0.2933,,,,,,16.1736,r2_measured_00401,read,measured,,,,,0.4858,,ok,0.3275
15.8717,567,,,0.4411,,,,,,17.6356,r2_measured_00402,read,measured,,,,,0.5912,,ok,0.6663
11.5627,680,,,0.6036,,,,,,13.4293,r2_measured_00403,read,measured,,,,,0.8112,,ok,0.3699
12.2763,417,,,0.3656,,,,,,13.5129,r2_measured_00404,read,measured,,,,,0.4789,,ok,0.3274
11.8208,418,,,0.2935,,,,,,13.0876,r2_measured_00405,read,measured,,,,,0.5343,,ok,0.3752
16.9678,674,,,0.6734,,,,,,18.666,r2_measured_00406,read,measured,,,,,0.6071,,ok,0.3283
8.3943,415,,,0.2806,,,,,,9.5662,r2_measured_00407,read,measured,,,,,0.4879,,ok,0.3465
13.5495,688,,,0.6536,,,,,,15.4764,r2_measured_00408,read,measured,,,,,0.7885,,ok,0.3942
14.4955,689,,,0.5846,,,,,,16.2239,r2_measured_00409,read,measured,,,,,0.6846,,ok,0.3785
12.6911,679,,,0.6868,,,,,,14.453,r2_measured_00410,read,measured,,,,,0.6031,,ok,0.3972
12.0669,686,,,0.6295,,,,,,13.8338,r2_measured_00411,read,measured,,,,,0.702,,ok,0.3565
10.7951,567,,,0.8147,,,,,,12.8052,r2_measured_00412,read,measured,,,,,0.5631,,ok,0.5511
9.9018,418,,,0.3101,,,,,,11.2552,r2_measured_00413,read,measured,,,,,0.602,,ok,0.3657
10.7535,567,,,0.4787,,,,,,12.1628,r2_measured_00414,read,measured,,,,,0.4977,,ok,0.3724
6.7825,369,,,0.2055,,,,,,7.7171,r2_measured_00415,read,measured,,,,,0.4008,,ok,0.2894
11.6708,679,,,0.8168,,,,,,13.73,r2_measured_00416,read,measured,,,,,0.7315,,ok,0.4049
23.1726,674,,,0.5101,,,,,,24.676,r2_measured_00417,read,measured,,,,,0.6153,,ok,0.3121
9.5235,369,,,0.2626,,,,,,10.6079,r2_measured_00418,read,measured,,,,,0.461,,ok,0.3035
15.8365,675,,,0.5323,,,,,,17.3313,r2_measured_00419,read,measured,,,,,0.5521,,ok,0.3368
20.8333,679,,,0.6064,,,,,,22.5226,r2_measured_00420,read,measured,,,,,0.6256,,ok,0.3784
19.3013,628,,,0.5711,,,,,,21.0658,r2_measured_00421,read,measured,,,,,0.7988,,ok,0.3219
19.3445,681,,,0.5069,,,,,,20.8136,r2_measured_00422,read,measured,,,,,0.5902,,ok,0.3047
15.8111,678,,,0.5268,,,,,,17.3945,r2_measured_00423,read,measured,,,,,0.6544,,ok,0.3237
16.0613,681,,,0.6332,,,,,,18.0312,r2_measured_00424,read,measured,,,,,0.8096,,ok,0.425
16.0727,417,,,0.2803,,,,,,17.2633,r2_measured_00425,read,measured,,,,,0.5023,,ok,0.3437
11.9335,673,,,0.5402,,,,,,13.6012,r2_measured_00426,read,measured,,,,,0.7138,,ok,0.3405
74.0326,507,10.8794,6.6291,0.51,1.7826,1,6.6273,1,28.8229,75.6178,r2_measured_00427,update,measured,22.1938,1.5852,1,13.784,0.63,18.7637,ok,0.3779
11.3637,506,,,0.531,,,,,,12.9508,r2_measured_00428,read,measured,,,,,0.6185,,ok,0.3631
7.9655,369,,,0.2419,,,,,,9.0892,r2_measured_00429,read,measured,,,,,0.4991,,ok,0.3284
12.2858,688,,,0.6496,,,,,,14.1069,r2_measured_00430,read,measured,,,,,0.6986,,ok,0.3856
9.4077,416,,,0.274,,,,,,10.6521,r2_measured_00431,read,measured,,,,,0.5635,,ok,0.3436
12.9438,677,,,0.6211,,,,,,14.6313,r2_measured_00432,read,measured,,,,,0.6468,,ok,0.343
12.9224,624,,,0.6047,,,,,,14.7151,r2_measured_00433,read,measured,,,,,0.7145,,ok,0.3909
9.3073,416,,,0.3277,,,,,,10.6437,r2_measured_00434,read,measured,,,,,0.5178,,ok,0.4257
13.4874,680,,,0.7231,,,,,,15.3983,r2_measured_00435,read,measured,,,,,0.7037,,ok,0.3975
9.494,418,,,0.2921,,,,,,10.9036,r2_measured_00436,read,measured,,,,,0.5433,,ok,0.4877
8.0857,369,,,0.2349,,,,,,9.1852,r2_measured_00437,read,measured,,,,,0.4833,,ok,0.3273
17.2274,688,,,0.6581,,,,,,19.0871,r2_measured_00438,read,measured,,,,,0.7162,,ok,0.391
11.936,567,,,0.535,,,,,,13.5586,r2_measured_00439,read,measured,,,,,0.6178,,ok,0.3895
10.2909,508,,,0.4913,,,,,,11.7886,r2_measured_00440,read,measured,,,,,0.573,,ok,0.3622
12.871,678,,,0.5257,,,,,,14.4755,r2_measured_00441,read,measured,,,,,0.6394,,ok,0.3602
13.0503,678,,,0.5434,,,,,,14.7198,r2_measured_00442,read,measured,,,,,0.7024,,ok,0.3458
12.1324,627,,,0.5648,,,,,,13.7195,r2_measured_00443,read,measured,,,,,0.61,,ok,0.3349
12.3505,688,,,0.6446,,,,,,14.0905,r2_measured_00444,read,measured,,,,,0.6504,,ok,0.3648
11.8795,662,,,0.6119,,,,,,13.6341,r2_measured_00445,read,measured,,,,,0.6726,,ok,0.3827
14.7427,678,,,0.5711,,,,,,16.3854,r2_measured_00446,read,measured,,,,,0.6196,,ok,0.3719
18.8665,679,,,0.5625,,,,,,20.7345,r2_measured_00447,read,measured,,,,,0.8475,,ok,0.3716
13.3113,688,,,0.5546,,,,,,14.8807,r2_measured_00448,read,measured,,,,,0.6161,,ok,0.3311
11.7887,680,,,0.6827,,,,,,13.6518,r2_measured_00449,read,measured,,,,,0.7046,,ok,0.3899
8.1526,369,,,0.2374,,,,,,9.2503,r2_measured_00450,read,measured,,,,,0.4784,,ok,0.3266
11.4486,628,,,0.7007,,,,,,13.3448,r2_measured_00451,read,measured,,,,,0.7193,,ok,0.3996
8.554,418,,,0.322,,,,,,9.9611,r2_measured_00452,read,measured,,,,,0.6575,,ok,0.3564
13.215,689,,,0.642,,,,,,14.9557,r2_measured_00453,read,measured,,,,,0.6758,,ok,0.3497
9.2535,505,,,0.4343,,,,,,10.6624,r2_measured_00454,read,measured,,,,,0.5922,,ok,0.328
14.1314,369,,,0.2282,,,,,,15.212,r2_measured_00455,read,measured,,,,,0.4966,,ok,0.2989
16.8361,565,,,0.5594,,,,,,18.349,r2_measured_00456,read,measured,,,,,0.5427,,ok,0.3355
18.3022,679,,,0.7135,,,,,,20.3932,r2_measured_00457,read,measured,,,,,0.8514,,ok,0.4291
15.1146,679,,,0.7616,,,,,,17.3524,r2_measured_00458,read,measured,,,,,0.9551,,ok,0.4213
9.7272,418,,,0.2852,,,,,,10.9855,r2_measured_00459,read,measured,,,,,0.5411,,ok,0.3658
12.4173,629,,,0.5421,,,,,,14.0415,r2_measured_00460,read,measured,,,,,0.6658,,ok,0.3421
13.0501,627,,,0.6448,,,,,,14.9302,r2_measured_00461,read,measured,,,,,0.7585,,ok,0.3896
9.6684,416,,,0.2882,,,,,,11.1238,r2_measured_00462,read,measured,,,,,0.728,,ok,0.3733
13.1104,680,,,0.6582,,,,,,14.9191,r2_measured_00463,read,measured,,,,,0.6937,,ok,0.3597
13.3021,674,,,0.6454,,,,,,15.2058,r2_measured_00464,read,measured,,,,,0.7763,,ok,0.3955
12.1435,567,,,0.5946,,,,,,13.8293,r2_measured_00465,read,measured,,,,,0.6387,,ok,0.3788
13.3421,628,,,0.6071,,,,,,15.0865,r2_measured_00466,read,measured,,,,,0.6814,,ok,0.3669
13.8937,663,,,0.4996,,,,,,15.5313,r2_measured_00467,read,measured,,,,,0.7076,,ok,0.3549
13.1554,679,,,0.6554,,,,,,15.014,r2_measured_00468,read,measured,,,,,0.7439,,ok,0.3704
13.12,689,,,0.6186,,,,,,14.8487,r2_measured_00469,read,measured,,,,,0.6926,,ok,0.3394
13.59,628,,,0.6502,,,,,,15.5133,r2_measured_00470,read,measured,,,,,0.7821,,ok,0.404
15.1151,661,,,0.6335,,,,,,16.9786,r2_measured_00471,read,measured,,,,,0.7572,,ok,0.3887
9.7028,369,,,0.2559,,,,,,10.9626,r2_measured_00472,read,measured,,,,,0.5656,,ok,0.3746
14.7004,679,,,0.6223,,,,,,16.512,r2_measured_00473,read,measured,,,,,0.7196,,ok,0.3855
10.5591,509,,,0.5796,,,,,,12.1854,r2_measured_00474,read,measured,,,,,0.6427,,ok,0.3387
12.3448,663,,,0.5898,,,,,,14.1155,r2_measured_00475,read,measured,,,,,0.7094,,ok,0.3892
13.1128,661,,,0.5186,,,,,,14.6989,r2_measured_00476,read,measured,,,,,0.6386,,ok,0.3397
15.7344,624,,,0.7252,,,,,,17.7165,r2_measured_00477,read,measured,,,,,0.7497,,ok,0.4106
9.4277,417,,,0.2896,,,,,,10.6451,r2_measured_00478,read,measured,,,,,0.5138,,ok,0.3533
52.0849,418,9.5403,3.3245,0.2764,1.7479,0,3.3223,1,23.5053,53.3629,r2_measured_00479,update,measured,20.1808,1.278,1,0.0057,0.5477,17.2857,ok,0.3805
13.9658,681,,,0.5429,,,,,,15.6266,r2_measured_00480,read,measured,,,,,0.6175,,ok,0.4188
9.5895,507,,,0.5348,,,,,,11.1804,r2_measured_00481,read,measured,,,,,0.5813,,ok,0.3995
14.2527,628,,,0.6683,,,,,,16.1525,r2_measured_00482,read,measured,,,,,0.6282,,ok,0.5075
13.4405,686,,,0.7129,,,,,,15.3745,r2_measured_00483,read,measured,,,,,0.7198,,ok,0.413
11.6765,568,,,0.5392,,,,,,13.426,r2_measured_00484,read,measured,,,,,0.6512,,ok,0.471
12.8315,627,,,0.5645,,,,,,14.4758,r2_measured_00485,read,measured,,,,,0.6234,,ok,0.3748
14.9259,689,,,0.6224,,,,,,16.6879,r2_measured_00486,read,measured,,,,,0.6971,,ok,0.3538
11.9862,624,,,0.4945,,,,,,13.5289,r2_measured_00487,read,measured,,,,,0.6133,,ok,0.3634
13.9529,681,,,0.5326,,,,,,15.6059,r2_measured_00488,read,measured,,,,,0.6675,,ok,0.3701
10.7775,565,,,0.5349,,,,,,12.3104,r2_measured_00489,read,measured,,,,,0.583,,ok,0.3488
10.2568,509,,,0.4327,,,,,,11.6335,r2_measured_00490,read,measured,,,,,0.5404,,ok,0.3426
8.4737,417,,,0.304,,,,,,9.726,r2_measured_00491,read,measured,,,,,0.5406,,ok,0.3422
12.1207,662,,,0.6264,,,,,,13.8726,r2_measured_00492,read,measured,,,,,0.6403,,ok,0.3987
12.2145,662,,,0.5658,,,,,,13.878,r2_measured_00493,read,measured,,,,,0.6409,,ok,0.3808
12.4071,628,,,0.6235,,,,,,14.0311,r2_measured_00494,read,measured,,,,,0.5509,,ok,0.3726
12.2557,675,,,0.6,,,,,,14.0201,r2_measured_00495,read,measured,,,,,0.7164,,ok,0.3719
11.9034,626,,,0.6063,,,,,,13.5582,r2_measured_00496,read,measured,,,,,0.6333,,ok,0.3306
11.9029,662,,,0.4867,,,,,,13.5104,r2_measured_00497,read,measured,,,,,0.7018,,ok,0.3434
13.1474,628,,,0.5701,,,,,,14.9176,r2_measured_00498,read,measured,,,,,0.769,,ok,0.3509
10.511,566,,,0.4482,,,,,,11.9132,r2_measured_00499,read,measured,,,,,0.5755,,ok,0.3111
11.5262,672,,,0.5288,,,,,,12.9624,r2_measured_00500,read,measured,,,,,0.5374,,ok,0.3082
12.0928,679,,,0.6706,,,,,,13.9,r2_measured_00501,read,measured,,,,,0.7131,,ok,0.3474
11.5379,663,,,0.5223,,,,,,13.1313,r2_measured_00502,read,measured,,,,,0.6463,,ok,0.3587
10.1174,566,,,0.5209,,,,,,11.6933,r2_measured_00503,read,measured,,,,,0.56,,ok,0.4262
13.6793,688,,,0.5889,,,,,,15.3494,r2_measured_00504,read,measured,,,,,0.6323,,ok,0.3696
10.8398,624,,,0.4473,,,,,,12.2432,r2_measured_00505,read,measured,,,,,0.5878,,ok,0.3055
7.9376,418,,,0.3733,,,,,,9.4522,r2_measured_00506,read,measured,,,,,0.5002,,ok,0.5531
13.1565,679,,,0.574,,,,,,14.806,r2_measured_00507,read,measured,,,,,0.6323,,ok,0.3641
12.2577,509,,,0.5163,,,,,,13.7311,r2_measured_00508,read,measured,,,,,0.5711,,ok,0.3186
14.0332,679,,,0.6686,,,,,,15.9997,r2_measured_00509,read,measured,,,,,0.8227,,ok,0.3871
13.2625,688,,,0.4936,,,,,,14.7618,r2_measured_00510,read,measured,,,,,0.6167,,ok,0.3226
11.9629,681,,,0.5701,,,,,,13.6406,r2_measured_00511,read,measured,,,,,0.7029,,ok,0.3285
11.4805,681,,,0.7015,,,,,,13.3975,r2_measured_00512,read,measured,,,,,0.7777,,ok,0.3658
9.4723,567,,,0.6093,,,,,,11.1172,r2_measured_00513,read,measured,,,,,0.5807,,ok,0.3891
13.1534,675,,,0.5109,,,,,,14.7923,r2_measured_00514,read,measured,,,,,0.7067,,ok,0.3437
7.2337,369,,,0.2172,,,,,,8.2784,r2_measured_00515,read,measured,,,,,0.4565,,ok,0.3082
10.5408,626,,,0.6451,,,,,,12.4656,r2_measured_00516,read,measured,,,,,0.8057,,ok,0.3956
12.7752,679,,,0.584,,,,,,14.4021,r2_measured_00517,read,measured,,,,,0.6158,,ok,0.3513
11.8311,687,,,0.5517,,,,,,13.4883,r2_measured_00518,read,measured,,,,,0.669,,ok,0.3654
68.0987,369,8.1562,5.7363,0.2187,1.3371,1,5.7342,1,24.5094,69.0856,r2_measured_00519,update,measured,18.7731,0.9869,1,22.5581,0.3787,11.5379,ok,0.3401
10.8576,565,,,0.5161,,,,,,12.3734,r2_measured_00520,read,measured,,,,,0.6022,,ok,0.3194
11.6901,680,,,0.48,,,,,,13.1538,r2_measured_00521,read,measured,,,,,0.5731,,ok,0.3385
12.0574,679,,,0.4939,,,,,,13.5799,r2_measured_00522,read,measured,,,,,0.6274,,ok,0.3274
19.8369,675,,,0.5304,,,,,,21.3859,r2_measured_00523,read,measured,,,,,0.61,,ok,0.3348
14.5728,674,,,0.7183,,,,,,16.5845,r2_measured_00524,read,measured,,,,,0.794,,ok,0.4064
13.3908,661,,,0.4925,,,,,,14.9976,r2_measured_00525,read,measured,,,,,0.672,,ok,0.3701
10.3478,509,,,0.5194,,,,,,11.9171,r2_measured_00526,read,measured,,,,,0.6273,,ok,0.3482
8.6277,419,,,0.2785,,,,,,9.7958,r2_measured_00527,read,measured,,,,,0.4795,,ok,0.3472
11.2778,672,,,0.5789,,,,,,12.7773,r2_measured_00528,read,measured,,,,,0.5478,,ok,0.3072
11.0588,624,,,0.6132,,,,,,12.7992,r2_measured_00529,read,measured,,,,,0.6663,,ok,0.3747
11.4874,624,,,0.5292,,,,,,13.0453,r2_measured_00530,read,measured,,,,,0.6194,,ok,0.3446
12.145,686,,,0.4864,,,,,,13.6895,r2_measured_00531,read,measured,,,,,0.6395,,ok,0.3468
12.3513,663,,,0.5538,,,,,,13.9128,r2_measured_00532,read,measured,,,,,0.5961,,ok,0.3374
12.6554,660,,,0.6283,,,,,,14.5436,r2_measured_00533,read,measured,,,,,0.7084,,ok,0.461
78.0287,674,19.8642,8.3732,0.6319,2.7227,1,8.3712,1,24.3628,80.0021,r2_measured_00534,update,measured,15.9896,1.9734,1,11.2476,0.8994,19.8314,ok,0.3576
16.7702,509,,,0.5171,,,,,,18.5056,r2_measured_00535,read,measured,,,,,0.7265,,ok,0.3765
13.5213,688,,,0.5281,,,,,,15.1744,r2_measured_00536,read,measured,,,,,0.6869,,ok,0.3595
11.6268,624,,,0.5733,,,,,,13.1653,r2_measured_00537,read,measured,,,,,0.5897,,ok,0.3087
9.6904,506,,,0.4285,,,,,,10.9907,r2_measured_00538,read,measured,,,,,0.514,,ok,0.2999
13.4938,507,,,0.4513,,,,,,14.9041,r2_measured_00539,read,measured,,,,,0.5665,,ok,0.3262
15.3473,680,,,0.9226,,,,,,18.069,r2_measured_00540,read,measured,,,,,1.0743,,ok,0.601
17.4157,686,,,0.6523,,,,,,19.4015,r2_measured_00541,read,measured,,,,,0.8066,,ok,0.425
14.0074,629,,,0.5112,,,,,,15.667,r2_measured_00542,read,measured,,,,,0.6696,,ok,0.3974
13.744,680,,,0.562,,,,,,15.4461,r2_measured_00543,read,measured,,,,,0.6837,,ok,0.3753
10.1656,507,,,0.4809,,,,,,11.6084,r2_measured_00544,read,measured,,,,,0.5258,,ok,0.3736
8.5649,417,,,0.2976,,,,,,9.8393,r2_measured_00545,read,measured,,,,,0.5788,,ok,0.3343
11.3773,628,,,0.5904,,,,,,13.063,r2_measured_00546,read,measured,,,,,0.6438,,ok,0.3769
9.9842,509,,,0.501,,,,,,11.5776,r2_measured_00547,read,measured,,,,,0.6624,,ok,0.3541
11.3811,567,,,0.6065,,,,,,13.1318,r2_measured_00548,read,measured,,,,,0.6782,,ok,0.3868
72.2703,688,17.4702,5.2462,0.6838,4.3469,1,5.244,1,19.4735,74.2022,r2_measured_00549,update,measured,14.2273,1.9319,1,11.6485,0.7337,19.3312,ok,0.421
13.0603,627,,,0.5894,,,,,,14.7947,r2_measured_00550,read,measured,,,,,0.6983,,ok,0.3678
12.7053,679,,,0.523,,,,,,14.244,r2_measured_00551,read,measured,,,,,0.6231,,ok,0.3199
15.8997,624,,,0.742,,,,,,17.9145,r2_measured_00552,read,measured,,,,,0.7665,,ok,0.4113
12.9012,663,,,0.5788,,,,,,14.617,r2_measured_00553,read,measured,,,,,0.6886,,ok,0.3682
12.0387,688,,,0.4546,,,,,,13.4578,r2_measured_00554,read,measured,,,,,0.5738,,ok,0.3175
12.6801,663,,,0.6251,,,,,,14.4963,r2_measured_00555,read,measured,,,,,0.7499,,ok,0.3556
13.0012,628,,,0.7728,,,,,,15.4317,r2_measured_00556,read,measured,,,,,1.1328,,ok,0.4403
13.6769,662,,,0.6233,,,,,,15.3959,r2_measured_00557,read,measured,,,,,0.6376,,ok,0.3748
13.4575,677,,,0.5584,,,,,,15.1124,r2_measured_00558,read,measured,,,,,0.6167,,ok,0.3747
10.4285,568,,,0.5579,,,,,,11.9991,r2_measured_00559,read,measured,,,,,0.5629,,ok,0.385
70.5819,508,12.2599,6.285,0.5444,1.974,0,6.2831,1,25.4733,72.2407,r2_measured_00560,update,measured,19.1883,1.6588,1,14.4353,0.6605,16.4394,ok,0.3734
12.0498,679,,,0.5498,,,,,,13.6483,r2_measured_00561,read,measured,,,,,0.6332,,ok,0.3414
14.917,662,,,0.5939,,,,,,16.5928,r2_measured_00562,read,measured,,,,,0.6663,,ok,0.3369
14.5681,678,,,0.5875,,,,,,16.2533,r2_measured_00563,read,measured,,,,,0.691,,ok,0.317
8.4993,419,,,0.2448,,,,,,9.6206,r2_measured_00564,read,measured,,,,,0.4901,,ok,0.3258
12.6309,566,,,0.46,,,,,,14.0548,r2_measured_00565,read,measured,,,,,0.5744,,ok,0.3188
9.0571,418,,,0.2638,,,,,,10.2973,r2_measured_00566,read,measured,,,,,0.5408,,ok,0.3732
13.5402,662,,,0.4979,,,,,,15.0674,r2_measured_00567,read,measured,,,,,0.6404,,ok,0.3217
12.9768,663,,,0.649,,,,,,14.8356,r2_measured_00568,read,measured,,,,,0.738,,ok,0.3858
15.1413,680,,,0.5871,,,,,,16.9471,r2_measured_00569,read,measured,,,,,0.7715,,ok,0.3645
9.6251,369,,,0.2411,,,,,,10.9014,r2_measured_00570,read,measured,,,,,0.4969,,ok,0.4697
12.9647,504,,,0.5495,,,,,,14.3982,r2_measured_00571,read,measured,,,,,0.5114,,ok,0.3138
78.7004,680,17.0507,4.5203,0.6112,2.5696,1,4.5185,1,23.3507,80.4734,r2_measured_00572,update,measured,18.8304,1.773,1,13.2017,0.7036,22.5277,ok,0.3729
8.9055,369,,,0.2554,,,,,,10.0874,r2_measured_00573,read,measured,,,,,0.5235,,ok,0.3424
11.104,624,,,0.4607,,,,,,12.4695,r2_measured_00574,read,measured,,,,,0.5249,,ok,0.3173
12.7691,679,,,0.5323,,,,,,14.3671,r2_measured_00575,read,measured,,,,,0.6577,,ok,0.3317
11.7695,679,,,0.5661,,,,,,13.5038,r2_measured_00576,read,measured,,,,,0.6912,,ok,0.3965
10.8457,567,,,0.5018,,,,,,12.4704,r2_measured_00577,read,measured,,,,,0.6176,,ok,0.425
13.7806,675,,,0.5362,,,,,,15.5228,r2_measured_00578,read,measured,,,,,0.7451,,ok,0.3783
13.5694,677,,,0.5925,,,,,,15.3504,r2_measured_00579,read,measured,,,,,0.7307,,ok,0.3696
10.8199,566,,,0.5128,,,,,,12.2975,r2_measured_00580,read,measured,,,,,0.5675,,ok,0.3235
11.9744,661,,,0.5,,,,,,13.4892,r2_measured_00581,read,measured,,,,,0.6231,,ok,0.3212
12.8503,681,,,0.7603,,,,,,14.9215,r2_measured_00582,read,measured,,,,,0.7932,,ok,0.4194
15.0137,679,,,1.2494,,,,,,17.3721,r2_measured_00583,read,measured,,,,,0.633,,ok,0.3982
7.6277,418,,,0.2122,,,,,,8.6656,r2_measured_00584,read,measured,,,,,0.4604,,ok,0.3148
7.9177,418,,,0.2808,,,,,,9.0559,r2_measured_00585,read,measured,,,,,0.4816,,ok,0.3149
10.1419,568,,,0.4374,,,,,,11.5456,r2_measured_00586,read,measured,,,,,0.5922,,ok,0.3139
11.4836,678,,,0.5251,,,,,,12.9133,r2_measured_00587,read,measured,,,,,0.52,,ok,0.3251
53.1677,625,11.2179,3.5178,0.5533,2.4817,0,3.5161,1,18.648,54.7663,r2_measured_00588,update,measured,15.1302,1.5986,1,0.0075,0.6236,20.8126,ok,0.3499
11.4143,628,,,0.4728,,,,,,12.9998,r2_measured_00589,read,measured,,,,,0.7347,,ok,0.3097
11.4672,627,,,0.5429,,,,,,12.9704,r2_measured_00590,read,measured,,,,,0.5759,,ok,0.3133
11.1941,568,,,0.5276,,,,,,12.979,r2_measured_00591,read,measured,,,,,0.7655,,ok,0.4029
14.4868,680,,,0.6872,,,,,,16.3877,r2_measured_00592,read,measured,,,,,0.7217,,ok,0.4022
15.1653,679,,,0.5361,,,,,,16.7213,r2_measured_00593,read,measured,,,,,0.6116,,ok,0.3335
15.4527,681,,,2.5979,,,,,,19.2953,r2_measured_00594,read,measured,,,,,0.7114,,ok,0.4438
14.2027,688,,,0.5339,,,,,,15.8543,r2_measured_00595,read,measured,,,,,0.6678,,ok,0.368
8.882,418,,,0.3231,,,,,,10.1994,r2_measured_00596,read,measured,,,,,0.5854,,ok,0.339
13.9493,681,,,0.6691,,,,,,15.8393,r2_measured_00597,read,measured,,,,,0.7393,,ok,0.399
8.4642,368,,,0.2225,,,,,,9.5045,r2_measured_00598,read,measured,,,,,0.4319,,ok,0.3343
11.0746,627,,,0.4843,,,,,,12.5678,r2_measured_00599,read,measured,,,,,0.6109,,ok,0.3258
12.3283,659,,,0.586,,,,,,14.2578,r2_measured_00600,read,measured,,,,,0.7851,,ok,0.4755
12.8124,674,,,0.6105,,,,,,14.5709,r2_measured_00601,read,measured,,,,,0.6617,,ok,0.3943
11.4146,568,,,0.5354,,,,,,12.9977,r2_measured_00602,read,measured,,,,,0.596,,ok,0.3792
14.0538,679,,,0.5741,,,,,,15.7199,r2_measured_00603,read,measured,,,,,0.6661,,ok,0.3511
12.6507,679,,,0.6042,,,,,,14.3956,r2_measured_00604,read,measured,,,,,0.6269,,ok,0.4311
14.7422,627,,,0.5884,,,,,,16.4293,r2_measured_00605,read,measured,,,,,0.646,,ok,0.3814
10.0118,417,,,0.289,,,,,,11.2633,r2_measured_00606,read,measured,,,,,0.563,,ok,0.3328
10.4118,504,,,0.5443,,,,,,11.8929,r2_measured_00607,read,measured,,,,,0.5109,,ok,0.362
76.0637,673,12.234,6.5598,0.5043,2.4831,1,6.5576,1,26.7251,77.5174,r2_measured_00608,update,measured,20.1653,1.4537,1,12.5952,0.5646,22.0263,ok,0.3257
8.1102,419,,,0.2547,,,,,,9.259,r2_measured_00609,read,measured,,,,,0.516,,ok,0.314
11.33,627,,,0.6354,,,,,,13.1262,r2_measured_00610,read,measured,,,,,0.6778,,ok,0.3986
13.01,663,,,0.5999,,,,,,14.6816,r2_measured_00611,read,measured,,,,,0.6484,,ok,0.3408
11.0366,568,,,0.461,,,,,,12.4704,r2_measured_00612,read,measured,,,,,0.5771,,ok,0.3218
12.2548,679,,,0.5032,,,,,,13.7144,r2_measured_00613,read,measured,,,,,0.5578,,ok,0.334
12.7448,662,,,0.6183,,,,,,14.5879,r2_measured_00614,read,measured,,,,,0.7418,,ok,0.3957
17.1386,624,,,0.5481,,,,,,18.7853,r2_measured_00615,read,measured,,,,,0.6737,,ok,0.352
13.5432,675,,,0.5731,,,,,,15.2036,r2_measured_00616,read,measured,,,,,0.6516,,ok,0.3564
8.978,417,,,0.2587,,,,,,10.1424,r2_measured_00617,read,measured,,,,,0.5013,,ok,0.3497
11.6034,678,,,0.6328,,,,,,13.4617,r2_measured_00618,read,measured,,,,,0.6598,,ok,0.4896
10.0701,568,,,0.4882,,,,,,11.5293,r2_measured_00619,read,measured,,,,,0.5757,,ok,0.3261
11.5881,679,,,0.5749,,,,,,13.1085,r2_measured_00620,read,measured,,,,,0.5699,,ok,0.3081
10.2941,508,,,0.6293,,,,,,12.2018,r2_measured_00621,read,measured,,,,,0.7438,,ok,0.4355
15.5362,679,,,0.5599,,,,,,17.1644,r2_measured_00622,read,measured,,,,,0.642,,ok,0.3461
12.5649,662,,,0.6082,,,,,,14.53,r2_measured_00623,read,measured,,,,,0.8838,,ok,0.3885
12.7892,624,,,0.4727,,,,,,14.3047,r2_measured_00624,read,measured,,,,,0.6276,,ok,0.3427
13.0727,677,,,0.5484,,,,,,14.7336,r2_measured_00625,read,measured,,,,,0.6445,,ok,0.3853
9.2288,368,,,0.2438,,,,,,10.4033,r2_measured_00626,read,measured,,,,,0.5481,,ok,0.3241
11.1054,566,,,0.6173,,,,,,12.8603,r2_measured_00627,read,measured,,,,,0.6633,,ok,0.3959
14.9937,679,,,0.7201,,,,,,16.9426,r2_measured_00628,read,measured,,,,,0.7705,,ok,0.365
12.9583,567,,,0.4485,,,,,,14.4209,r2_measured_00629,read,measured,,,,,0.6109,,ok,0.3412
8.5048,418,,,0.2621,,,,,,9.6271,r2_measured_00630,read,measured,,,,,0.486,,ok,0.3255
9.7424,509,,,0.4986,,,,,,11.1935,r2_measured_00631,read,measured,,,,,0.5312,,ok,0.3485
12.8369,628,,,0.4961,,,,,,14.479,r2_measured_00632,read,measured,,,,,0.7041,,ok,0.3685
13.2909,688,,,0.6222,,,,,,15.0474,r2_measured_00633,read,measured,,,,,0.6791,,ok,0.3724
8.6932,419,,,0.2684,,,,,,9.8682,r2_measured_00634,read,measured,,,,,0.5187,,ok,0.3319
9.1646,509,,,0.4841,,,,,,10.5113,r2_measured_00635,read,measured,,,,,0.4828,,ok,0.3243
10.4592,627,,,0.5245,,,,,,12.0507,r2_measured_00636,read,measured,,,,,0.6587,,ok,0.3324
11.4365,628,,,0.4894,,,,,,12.8901,r2_measured_00637,read,measured,,,,,0.5905,,ok,0.3099
7.6098,418,,,0.2365,,,,,,8.6769,r2_measured_00638,read,measured,,,,,0.4326,,ok,0.3476
13.9983,674,,,0.5596,,,,,,15.8321,r2_measured_00639,read,measured,,,,,0.7821,,ok,0.3951
10.9173,509,,,0.4519,,,,,,12.3516,r2_measured_00640,read,measured,,,,,0.5585,,ok,0.3595
12.8276,674,,,0.5181,,,,,,14.4648,r2_measured_00641,read,measured,,,,,0.6653,,ok,0.3731
12.0394,678,,,0.512,,,,,,13.6403,r2_measured_00642,read,measured,,,,,0.6817,,ok,0.3331
11.6873,661,,,0.6312,,,,,,13.6646,r2_measured_00643,read,measured,,,,,0.808,,ok,0.4512
48.1175,419,8.7094,4.4483,0.2291,1.6919,1,4.446,1,24.0963,49.206,r2_measured_00644,update,measured,19.648,1.0885,1,0.0057,0.4907,13.6142,ok,0.3117
12.4241,672,,,0.7974,,,,,,15.2591,r2_measured_00645,read,measured,,,,,1.3621,,ok,0.5151
15.7049,673,,,0.5689,,,,,,17.3785,r2_measured_00646,read,measured,,,,,0.6472,,ok,0.3719
17.417,567,,,0.4794,,,,,,18.828,r2_measured_00647,read,measured,,,,,0.5197,,ok,0.3338
11.3221,627,,,0.659,,,,,,13.1972,r2_measured_00648,read,measured,,,,,0.6629,,ok,0.4707
12.1788,509,,,0.4901,,,,,,13.693,r2_measured_00649,read,measured,,,,,0.5917,,ok,0.3625
9.3003,419,,,0.2379,,,,,,10.408,r2_measured_00650,read,measured,,,,,0.5154,,ok,0.3037
8.8224,369,,,0.2299,,,,,,9.9491,r2_measured_00651,read,measured,,,,,0.482,,ok,0.3518
70.6769,625,12.5258,5.4511,0.5232,2.9591,0,5.4493,1,24.6194,72.1693,r2_measured_00652,update,measured,19.1683,1.4924,1,12.3368,0.5455,18.2358,ok,0.3499
12.671,689,,,0.5211,,,,,,14.1851,r2_measured_00653,read,measured,,,,,0.6019,,ok,0.3158
11.7565,679,,,0.4924,,,,,,13.2357,r2_measured_00654,read,measured,,,,,0.6089,,ok,0.3051
12.0782,678,,,0.4899,,,,,,13.6343,r2_measured_00655,read,measured,,,,,0.6924,,ok,0.3101
7.6261,417,,,0.2325,,,,,,8.6599,r2_measured_00656,read,measured,,,,,0.4464,,ok,0.3056
12.8539,626,,,0.5625,,,,,,14.655,r2_measured_00657,read,measured,,,,,0.7351,,ok,0.4143
19.3983,624,,,0.4868,,,,,,20.911,r2_measured_00658,read,measured,,,,,0.6264,,ok,0.3275
14.0278,679,,,0.5713,,,,,,15.5786,r2_measured_00659,read,measured,,,,,0.6005,,ok,0.3048
13.8799,369,,,0.2994,,,,,,15.3026,r2_measured_00660,read,measured,,,,,0.6186,,ok,0.4357
13.4176,689,,,0.6698,,,,,,15.1538,r2_measured_00661,read,measured,,,,,0.6605,,ok,0.3291
13.3403,688,,,0.5982,,,,,,15.0965,r2_measured_00662,read,measured,,,,,0.6857,,ok,0.3899
10.7045,418,,,0.2906,,,,,,12.0459,r2_measured_00663,read,measured,,,,,0.594,,ok,0.3806
13.468,678,,,0.5898,,,,,,15.1761,r2_measured_00664,read,measured,,,,,0.6664,,ok,0.3768
12.7511,679,,,0.5457,,,,,,14.3443,r2_measured_00665,read,measured,,,,,0.6317,,ok,0.3357
12.5672,681,,,0.4992,,,,,,14.0933,r2_measured_00666,read,measured,,,,,0.6431,,ok,0.3155
11.2365,680,,,0.4915,,,,,,12.7196,r2_measured_00667,read,measured,,,,,0.5998,,ok,0.3219
14.1947,661,,,0.6377,,,,,,16.0246,r2_measured_00668,read,measured,,,,,0.6867,,ok,0.4137
13.5314,663,,,0.505,,,,,,15.0776,r2_measured_00669,read,measured,,,,,0.6285,,ok,0.3391
10.0074,566,,,0.6025,,,,,,11.6967,r2_measured_00670,read,measured,,,,,0.6234,,ok,0.3814
60.6504,689,14.8445,3.2328,0.5845,2.5881,0,3.2303,1,21.3237,62.4232,r2_measured_00671,update,measured,18.0909,1.7728,1,0.0065,0.7388,21.8876,ok,0.3584
13.6385,677,,,0.5414,,,,,,15.2045,r2_measured_00672,read,measured,,,,,0.6011,,ok,0.3506
12.2443,627,,,0.5379,,,,,,13.8086,r2_measured_00673,read,measured,,,,,0.6066,,ok,0.3504
14.0728,628,,,0.5226,,,,,,15.7006,r2_measured_00674,read,measured,,,,,0.6605,,ok,0.3669
12.2109,568,,,0.429,,,,,,13.6137,r2_measured_00675,read,measured,,,,,0.5871,,ok,0.3295
9.5481,507,,,0.5727,,,,,,11.6204,r2_measured_00676,read,measured,,,,,1.0322,,ok,0.387
9.0205,418,,,0.3542,,,,,,10.5539,r2_measured_00677,read,measured,,,,,0.6361,,ok,0.4711
14.4345,628,,,0.5675,,,,,,16.1273,r2_measured_00678,read,measured,,,,,0.625,,ok,0.3752
16.2472,679,,,1.0159,,,,,,18.7024,r2_measured_00679,read,measured,,,,,0.8815,,ok,0.4584
13.1874,509,,,0.5478,,,,,,14.8342,r2_measured_00680,read,measured,,,,,0.559,,ok,0.466
11.2064,568,,,0.9509,,,,,,13.197,r2_measured_00681,read,measured,,,,,0.6048,,ok,0.3626
8.5145,417,,,0.2979,,,,,,9.8179,r2_measured_00682,read,measured,,,,,0.535,,ok,0.4132
12.7851,678,,,0.5461,,,,,,14.404,r2_measured_00683,read,measured,,,,,0.6694,,ok,0.3301
11.0998,624,,,0.5069,,,,,,12.5697,r2_measured_00684,read,measured,,,,,0.5471,,ok,0.3492
11.3076,687,,,0.5632,,,,,,13.0655,r2_measured_00685,read,measured,,,,,0.7471,,ok,0.3715
12.4326,678,,,0.5559,,,,,,13.9962,r2_measured_00686,read,measured,,,,,0.5933,,ok,0.3384
12.8321,679,,,0.4475,,,,,,14.3125,r2_measured_00687,read,measured,,,,,0.6444,,ok,0.3206
8.4586,416,,,0.5152,,,,,,10.0733,r2_measured_00688,read,measured,,,,,0.677,,ok,0.3579
12.5203,688,,,0.5575,,,,,,14.1428,r2_measured_00689,read,measured,,,,,0.6842,,ok,0.3122
11.7394,680,,,0.4609,,,,,,13.241,r2_measured_00690,read,measured,,,,,0.633,,ok,0.3306
7.8254,417,,,0.2759,,,,,,9.1379,r2_measured_00691,read,measured,,,,,0.5339,,ok,0.4236
11.2388,629,,,0.5469,,,,,,12.7972,r2_measured_00692,read,measured,,,,,0.6062,,ok,0.3366
7.6904,418,,,0.2886,,,,,,8.8864,r2_measured_00693,read,measured,,,,,0.4993,,ok,0.3511
11.6748,628,,,0.5892,,,,,,13.3525,r2_measured_00694,read,measured,,,,,0.6527,,ok,0.3553
13.7743,673,,,0.5933,,,,,,15.7797,r2_measured_00695,read,measured,,,,,0.8372,,ok,0.4827
8.156,368,,,0.2146,,,,,,9.1992,r2_measured_00696,read,measured,,,,,0.4433,,ok,0.3365
11.7924,674,,,0.542,,,,,,13.3485,r2_measured_00697,read,measured,,,,,0.6009,,ok,0.3234
10.7772,628,,,0.5214,,,,,,12.3024,r2_measured_00698,read,measured,,,,,0.5893,,ok,0.3473
12.2119,681,,,0.6149,,,,,,13.9647,r2_measured_00699,read,measured,,,,,0.7182,,ok,0.3394
10.1215,504,,,0.6004,,,,,,11.9055,r2_measured_00700,read,measured,,,,,0.6692,,ok,0.4448
15.0633,687,,,0.5919,,,,,,16.72,r2_measured_00701,read,measured,,,,,0.619,,ok,0.3757
14.021,679,,,0.5925,,,,,,15.6705,r2_measured_00702,read,measured,,,,,0.6442,,ok,0.3405
11.2996,418,,,0.2253,,,,,,12.4154,r2_measured_00703,read,measured,,,,,0.5357,,ok,0.3071
13.1954,680,,,0.5408,,,,,,14.8257,r2_measured_00704,read,measured,,,,,0.6531,,ok,0.3622
11.6035,674,,,0.5497,,,,,,13.0973,r2_measured_00705,read,measured,,,,,0.5512,,ok,0.3301
11.1346,680,,,0.6722,,,,,,13.0968,r2_measured_00706,read,measured,,,,,0.7147,,ok,0.4758
13.1804,568,,,0.5663,,,,,,14.6994,r2_measured_00707,read,measured,,,,,0.5589,,ok,0.3233
11.4462,678,,,0.5274,,,,,,13.0596,r2_measured_00708,read,measured,,,,,0.6422,,ok,0.3709
14.5331,675,,,0.5707,,,,,,16.4203,r2_measured_00709,read,measured,,,,,0.851,,ok,0.381
12.9643,628,,,0.4753,,,,,,14.5424,r2_measured_00710,read,measured,,,,,0.6546,,ok,0.3789
11.6597,624,,,0.4842,,,,,,13.1309,r2_measured_00711,read,measured,,,,,0.5674,,ok,0.341
10.1434,565,,,0.45,,,,,,11.4958,r2_measured_00712,read,measured,,,,,0.5234,,ok,0.3236
8.4553,418,,,0.3809,,,,,,10.0025,r2_measured_00713,read,measured,,,,,0.682,,ok,0.4163
14.3714,680,,,0.6018,,,,,,16.1352,r2_measured_00714,read,measured,,,,,0.7151,,ok,0.3647
12.8139,674,,,0.5628,,,,,,14.5856,r2_measured_00715,read,measured,,,,,0.7286,,ok,0.408
12.2612,662,,,0.5619,,,,,,13.899,r2_measured_00716,read,measured,,,,,0.6295,,ok,0.366
12.225,681,,,0.7137,,,,,,14.2296,r2_measured_00717,read,measured,,,,,0.7464,,ok,0.4501
13.4101,661,,,0.5673,,,,,,15.0842,r2_measured_00718,read,measured,,,,,0.6932,,ok,0.3309
12.4109,679,,,0.5105,,,,,,13.871,r2_measured_00719,read,measured,,,,,0.5748,,ok,0.3093
11.1629,661,,,0.649,,,,,,13.0629,r2_measured_00720,read,measured,,,,,0.7764,,ok,0.3947
12.0311,628,,,0.5571,,,,,,13.661,r2_measured_00721,read,measured,,,,,0.646,,ok,0.3517
10.6357,567,,,0.4063,,,,,,11.98,r2_measured_00722,read,measured,,,,,0.5527,,ok,0.3271
10.0741,565,,,0.4747,,,,,,11.5512,r2_measured_00723,read,measured,,,,,0.5358,,ok,0.3894
13.2512,679,,,0.5416,,,,,,14.8037,r2_measured_00724,read,measured,,,,,0.6091,,ok,0.3252
7.7209,416,,,0.3027,,,,,,8.8954,r2_measured_00725,read,measured,,,,,0.4949,,ok,0.3218
12.8144,687,,,0.7071,,,,,,14.6543,r2_measured_00726,read,measured,,,,,0.7192,,ok,0.3309
13.586,687,,,0.7004,,,,,,15.6212,r2_measured_00727,read,measured,,,,,0.8135,,ok,0.4358
76.6712,660,12.4504,5.4923,0.5027,2.2628,1,5.4904,1,23.3916,78.3402,r2_measured_00728,update,measured,17.8993,1.669,1,12.6716,0.7579,25.8948,ok,0.3332
12.8648,677,,,0.6174,,,,,,14.7669,r2_measured_00729,read,measured,,,,,0.7747,,ok,0.4296
59.611,628,11.7945,4.3013,0.5078,2.0147,0,4.2991,1,26.81,61.0889,r2_measured_00730,update,measured,22.5087,1.4779,1,0.0059,0.5746,18.9859,ok,0.3271
11.1784,627,,,0.7509,,,,,,13.4758,r2_measured_00731,read,measured,,,,,0.9327,,ok,0.5187
13.6254,628,,,0.6326,,,,,,15.4937,r2_measured_00732,read,measured,,,,,0.7495,,ok,0.4002
12.7837,678,,,0.4982,,,,,,14.25,r2_measured_00733,read,measured,,,,,0.5853,,ok,0.314
11.4346,680,,,0.8694,,,,,,13.8233,r2_measured_00734,read,measured,,,,,0.7898,,ok,0.6342
10.1133,418,,,0.2909,,,,,,11.4468,r2_measured_00735,read,measured,,,,,0.5748,,ok,0.3984
12.9132,688,,,0.5844,,,,,,14.5218,r2_measured_00736,read,measured,,,,,0.6216,,ok,0.3343
11.8271,628,,,0.6577,,,,,,13.7104,r2_measured_00737,read,measured,,,,,0.7284,,ok,0.4063
12.9172,685,,,0.4545,,,,,,14.3437,r2_measured_00738,read,measured,,,,,0.5957,,ok,0.3089
10.9946,679,,,0.4702,,,,,,12.4115,r2_measured_00739,read,measured,,,,,0.5742,,ok,0.3088
11.8936,626,,,0.6444,,,,,,13.8816,r2_measured_00740,read,measured,,,,,0.8261,,ok,0.4182
14.0896,673,,,0.5455,,,,,,15.6821,r2_measured_00741,read,measured,,,,,0.6325,,ok,0.3459
11.9649,628,,,0.6049,,,,,,13.6243,r2_measured_00742,read,measured,,,,,0.6444,,ok,0.3346
8.363,417,,,0.2787,,,,,,9.5558,r2_measured_00743,read,measured,,,,,0.4825,,ok,0.3758
7.4924,419,,,0.2242,,,,,,8.5204,r2_measured_00744,read,measured,,,,,0.4506,,ok,0.3069
8.9183,509,,,0.5123,,,,,,10.4355,r2_measured_00745,read,measured,,,,,0.6108,,ok,0.3255
13.8856,680,,,0.5307,,,,,,15.3997,r2_measured_00746,read,measured,,,,,0.6028,,ok,0.3125
13.5322,662,,,0.5496,,,,,,15.4103,r2_measured_00747,read,measured,,,,,0.8335,,ok,0.4022
13.7251,689,,,0.6014,,,,,,15.4285,r2_measured_00748,read,measured,,,,,0.6706,,ok,0.351
12.4152,679,,,0.5992,,,,,,14.1169,r2_measured_00749,read,measured,,,,,0.6789,,ok,0.3406
14.3287,681,,,0.6958,,,,,,16.5788,r2_measured_00750,read,measured,,,,,0.9545,,ok,0.4905
15.0841,688,,,0.5497,,,,,,16.776,r2_measured_00751,read,measured,,,,,0.7132,,ok,0.3595
13.6762,679,,,0.5283,,,,,,15.2402,r2_measured_00752,read,measured,,,,,0.6213,,ok,0.3367
13.3698,679,,,0.5119,,,,,,14.9592,r2_measured_00753,read,measured,,,,,0.6392,,ok,0.3598
9.2271,418,,,0.3098,,,,,,10.5632,r2_measured_00754,read,measured,,,,,0.5761,,ok,0.3702
12.7989,566,,,0.5659,,,,,,14.3869,r2_measured_00755,read,measured,,,,,0.6256,,ok,0.3336
10.5019,568,,,0.488,,,,,,12.0836,r2_measured_00756,read,measured,,,,,0.6468,,ok,0.3808
12.334,677,,,0.5579,,,,,,14.0182,r2_measured_00757,read,measured,,,,,0.6654,,ok,0.3694
12.4163,629,,,0.5252,,,,,,14.0119,r2_measured_00758,read,measured,,,,,0.6521,,ok,0.3482
10.7932,506,,,0.5394,,,,,,12.3875,r2_measured_00759,read,measured,,,,,0.6395,,ok,0.3396
12.0789,673,,,0.5853,,,,,,13.7206,r2_measured_00760,read,measured,,,,,0.6268,,ok,0.3536
10.3289,416,,,0.2825,,,,,,11.5672,r2_measured_00761,read,measured,,,,,0.5095,,ok,0.381
14.6533,507,,,0.567,,,,,,16.4585,r2_measured_00762,read,measured,,,,,0.7194,,ok,0.4364
15.4294,662,,,0.5564,,,,,,17.0875,r2_measured_00763,read,measured,,,,,0.6285,,ok,0.3913
92.5194,680,13.6405,10.1237,0.6982,2.4178,1,10.1215,1,38.5211,94.5281,r2_measured_00764,update,measured,28.3974,2.0087,1,15.8754,0.7499,22.0646,ok,0.4635
15.0227,679,,,0.6107,,,,,,16.7767,r2_measured_00765,read,measured,,,,,0.6981,,ok,0.3655
12.3217,566,,,0.6566,,,,,,14.3815,r2_measured_00766,read,measured,,,,,0.8372,,ok,0.4716
15.3784,675,,,0.6026,,,,,,17.1864,r2_measured_00767,read,measured,,,,,0.7339,,ok,0.382
14.0558,679,,,0.6267,,,,,,15.8098,r2_measured_00768,read,measured,,,,,0.6682,,ok,0.3742
13.6218,661,,,0.8257,,,,,,15.6347,r2_measured_00769,read,measured,,,,,0.7272,,ok,0.3653
10.6255,509,,,0.536,,,,,,12.1248,r2_measured_00770,read,measured,,,,,0.5472,,ok,0.3409
12.4814,678,,,0.6455,,,,,,14.2186,r2_measured_00771,read,measured,,,,,0.6554,,ok,0.3544
9.5907,418,,,0.2804,,,,,,10.9319,r2_measured_00772,read,measured,,,,,0.6181,,ok,0.3748
11.2736,567,,,0.5269,,,,,,12.7868,r2_measured_00773,read,measured,,,,,0.5584,,ok,0.3588
12.493,680,,,0.7084,,,,,,14.446,r2_measured_00774,read,measured,,,,,0.791,,ok,0.3629
12.6847,674,,,0.5489,,,,,,14.3494,r2_measured_00775,read,measured,,,,,0.6906,,ok,0.3375
11.9978,681,,,0.5597,,,,,,13.6099,r2_measured_00776,read,measured,,,,,0.63,,ok,0.3497
15.7508,678,,,0.6802,,,,,,17.6012,r2_measured_00777,read,measured,,,,,0.6699,,ok,0.4102
20.1018,663,,,0.7271,,,,,,22.0632,r2_measured_00778,read,measured,,,,,0.7692,,ok,0.3666
24.4376,688,,,0.5659,,,,,,26.09,r2_measured_00779,read,measured,,,,,0.6914,,ok,0.3164
15.5518,418,,,0.3069,,,,,,16.8821,r2_measured_00780,read,measured,,,,,0.5766,,ok,0.3822
10.2657,418,,,0.264,,,,,,11.6554,r2_measured_00781,read,measured,,,,,0.7435,,ok,0.3262
11.2577,629,,,0.7055,,,,,,13.3443,r2_measured_00782,read,measured,,,,,0.8294,,ok,0.453
83.1323,663,15.3586,5.9332,0.5457,2.6981,1,5.9309,1,25.7268,84.6647,r2_measured_00783,update,measured,19.7936,1.5324,1,13.5679,0.5879,25.7809,ok,0.3286
11.4229,672,,,0.5789,,,,,,13.2666,r2_measured_00784,read,measured,,,,,0.7916,,ok,0.3679
12.4824,680,,,0.5768,,,,,,14.1011,r2_measured_00785,read,measured,,,,,0.6293,,ok,0.3357
7.5392,369,,,0.2231,,,,,,8.6363,r2_measured_00786,read,measured,,,,,0.481,,ok,0.3405
11.2507,626,,,0.6253,,,,,,12.9213,r2_measured_00787,read,measured,,,,,0.6207,,ok,0.3454
7.9917,416,,,0.2548,,,,,,9.1216,r2_measured_00788,read,measured,,,,,0.5079,,ok,0.3173
8.7841,507,,,0.4802,,,,,,10.2091,r2_measured_00789,read,measured,,,,,0.4986,,ok,0.383
12.4164,680,,,0.5236,,,,,,14.033,r2_measured_00790,read,measured,,,,,0.6715,,ok,0.3357
12.0541,680,,,0.5292,,,,,,13.6262,r2_measured_00791,read,measured,,,,,0.6283,,ok,0.3424
13.4631,681,,,0.7145,,,,,,15.513,r2_measured_00792,read,measured,,,,,0.8129,,ok,0.4192
9.7239,417,,,0.2817,,,,,,11.0081,r2_measured_00793,read,measured,,,,,0.5526,,ok,0.3833
13.1582,686,,,0.5565,,,,,,14.8096,r2_measured_00794,read,measured,,,,,0.6682,,ok,0.3521
9.7937,507,,,0.4591,,,,,,11.2282,r2_measured_00795,read,measured,,,,,0.5458,,ok,0.3584
11.1042,662,,,0.5279,,,,,,12.6637,r2_measured_00796,read,measured,,,,,0.6047,,ok,0.3589
6.9317,369,,,0.2038,,,,,,7.9287,r2_measured_00797,read,measured,,,,,0.4514,,ok,0.2965
11.601,628,,,0.6094,,,,,,13.4401,r2_measured_00798,read,measured,,,,,0.721,,ok,0.4218
13.8552,680,,,0.5715,,,,,,15.5394,r2_measured_00799,read,measured,,,,,0.6473,,ok,0.3854
7.7328,368,,,0.3201,,,,,,8.9988,r2_measured_00800,read,measured,,,,,0.5073,,ok,0.3881
9.5983,507,,,0.5048,,,,,,11.0893,r2_measured_00801,read,measured,,,,,0.5638,,ok,0.3536
12.6732,680,,,0.5193,,,,,,14.2635,r2_measured_00802,read,measured,,,,,0.6574,,ok,0.3421
8.0867,417,,,0.305,,,,,,9.352,r2_measured_00803,read,measured,,,,,0.5259,,ok,0.3682
10.0491,506,,,0.422,,,,,,11.4484,r2_measured_00804,read,measured,,,,,0.5638,,ok,0.3435
12.0675,628,,,0.587,,,,,,13.8304,r2_measured_00805,read,measured,,,,,0.6915,,ok,0.4004
12.1604,624,,,0.524,,,,,,13.8367,r2_measured_00806,read,measured,,,,,0.7329,,ok,0.3377
9.9484,567,,,0.4268,,,,,,11.335,r2_measured_00807,read,measured,,,,,0.5778,,ok,0.3224
11.6545,678,,,0.5215,,,,,,13.2238,r2_measured_00808,read,measured,,,,,0.6094,,ok,0.3684
12.0493,661,,,0.5294,,,,,,13.6648,r2_measured_00809,read,measured,,,,,0.6424,,ok,0.3667
14.7121,673,,,0.5305,,,,,,16.2554,r2_measured_00810,read,measured,,,,,0.6209,,ok,0.3228
11.9047,678,,,0.6066,,,,,,13.544,r2_measured_00811,read,measured,,,,,0.6346,,ok,0.3183
32.3339,679,,,0.5724,,,,,,34.087,r2_measured_00812,read,measured,,,,,0.7225,,ok,0.3779
14.0299,628,,,0.6167,,,,,,15.827,r2_measured_00813,read,measured,,,,,0.6846,,ok,0.4156
15.5359,419,,,0.2493,,,,,,16.7084,r2_measured_00814,read,measured,,,,,0.5108,,ok,0.3502
12.2775,673,,,0.5754,,,,,,13.9436,r2_measured_00815,read,measured,,,,,0.6656,,ok,0.3519
8.5424,416,,,0.2408,,,,,,9.7302,r2_measured_00816,read,measured,,,,,0.4588,,ok,0.4322
8.4792,418,,,0.2668,,,,,,9.6816,r2_measured_00817,read,measured,,,,,0.5424,,ok,0.3281
16.3405,628,,,0.728,,,,,,18.2566,r2_measured_00818,read,measured,,,,,0.7099,,ok,0.3963
14.5257,679,,,0.6533,,,,,,16.4462,r2_measured_00819,read,measured,,,,,0.8132,,ok,0.369
8.6427,367,,,0.2357,,,,,,9.8415,r2_measured_00820,read,measured,,,,,0.5064,,ok,0.3992
13.248,680,,,0.7018,,,,,,15.2798,r2_measured_00821,read,measured,,,,,0.7944,,ok,0.4356
15.3094,680,,,0.7168,,,,,,17.3328,r2_measured_00822,read,measured,,,,,0.7494,,ok,0.4611
14.7257,679,,,0.6483,,,,,,16.5688,r2_measured_00823,read,measured,,,,,0.731,,ok,0.3735
14.2856,688,,,0.5614,,,,,,15.9798,r2_measured_00824,read,measured,,,,,0.6816,,ok,0.3678
13.5046,681,,,0.6463,,,,,,15.306,r2_measured_00825,read,measured,,,,,0.6751,,ok,0.3802
13.7024,679,,,0.5584,,,,,,15.3521,r2_measured_00826,read,measured,,,,,0.6613,,ok,0.3458
12.769,660,,,0.5463,,,,,,14.5433,r2_measured_00827,read,measured,,,,,0.7681,,ok,0.3795
11.868,565,,,0.5878,,,,,,13.554,r2_measured_00828,read,measured,,,,,0.6702,,ok,0.349
13.3372,680,,,0.5173,,,,,,14.8561,r2_measured_00829,read,measured,,,,,0.5727,,ok,0.3436
13.0048,628,,,0.5527,,,,,,14.6699,r2_measured_00830,read,measured,,,,,0.7229,,ok,0.3119
13.1591,566,,,0.7235,,,,,,15.6525,r2_measured_00831,read,measured,,,,,1.1048,,ok,0.5501
19.8582,679,,,0.6065,,,,,,21.5906,r2_measured_00832,read,measured,,,,,0.692,,ok,0.3509
13.7779,679,,,0.6245,,,,,,15.6902,r2_measured_00833,read,measured,,,,,0.7541,,ok,0.4495
15.3363,567,,,0.4932,,,,,,16.8809,r2_measured_00834,read,measured,,,,,0.6171,,ok,0.3555
18.1514,628,,,0.6221,,,,,,19.8622,r2_measured_00835,read,measured,,,,,0.6162,,ok,0.3893
9.9399,418,,,0.2933,,,,,,11.1514,r2_measured_00836,read,measured,,,,,0.5035,,ok,0.3468
15.2046,681,,,0.5299,,,,,,16.854,r2_measured_00837,read,measured,,,,,0.6963,,ok,0.343
12.2773,566,,,0.6658,,,,,,14.3688,r2_measured_00838,read,measured,,,,,0.8502,,ok,0.4691
15.6191,509,,,0.4867,,,,,,17.1537,r2_measured_00839,read,measured,,,,,0.6005,,ok,0.3754
14.5574,566,,,0.5828,,,,,,16.2365,r2_measured_00840,read,measured,,,,,0.6821,,ok,0.3345
13.3929,419,,,0.2734,,,,,,14.6354,r2_measured_00841,read,measured,,,,,0.5473,,ok,0.3613
14.807,679,,,0.5151,,,,,,16.3669,r2_measured_00842,read,measured,,,,,0.6262,,ok,0.3375
11.8614,678,,,0.4875,,,,,,13.3184,r2_measured_00843,read,measured,,,,,0.5742,,ok,0.3253
78.8618,567,12.0941,5.2836,0.5798,2.1662,1,5.282,1,30.0291,80.4952,r2_measured_00844,update,measured,24.7455,1.6334,1,12.8358,0.6053,21.7366,ok,0.3712
13.7409,678,,,0.6359,,,,,,15.4461,r2_measured_00845,read,measured,,,,,0.65,,ok,0.3412
11.5414,369,,,0.2928,,,,,,12.8109,r2_measured_00846,read,measured,,,,,0.5788,,ok,0.3377
57.6601,567,11.9341,4.5576,0.6284,2.2992,1,4.5555,1,23.5421,59.3736,r2_measured_00847,update,measured,18.9845,1.7135,1,0.0056,0.6523,19.8791,ok,0.3534
13.2455,680,,,0.6557,,,,,,15.1751,r2_measured_00848,read,measured,,,,,0.81,,ok,0.3743
8.5075,369,,,0.2616,,,,,,9.8805,r2_measured_00849,read,measured,,,,,0.6481,,ok,0.3938
14.3549,688,,,0.6393,,,,,,16.159,r2_measured_00850,read,measured,,,,,0.6938,,ok,0.3853
8.7864,368,,,0.2556,,,,,,9.9669,r2_measured_00851,read,measured,,,,,0.5138,,ok,0.3487
10.5898,509,,,0.5379,,,,,,12.2022,r2_measured_00852,read,measured,,,,,0.59,,ok,0.4073
11.6507,509,,,0.4906,,,,,,13.2719,r2_measured_00853,read,measured,,,,,0.6688,,ok,0.3849
102.4047,662,13.4394,6.3575,0.598,2.7652,1,6.3558,1,28.1377,104.3021,r2_measured_00854,update,measured,21.7802,1.8974,1,32.9328,0.7278,25.1296,ok,0.463
13.8528,679,,,0.5227,,,,,,15.5863,r2_measured_00855,read,measured,,,,,0.7747,,ok,0.3551
8.7685,368,,,0.2531,,,,,,9.9485,r2_measured_00856,read,measured,,,,,0.5014,,ok,0.3635
14.1334,680,,,0.5838,,,,,,15.9696,r2_measured_00857,read,measured,,,,,0.7646,,ok,0.4008
15.4366,677,,,0.5967,,,,,,17.2966,r2_measured_00858,read,measured,,,,,0.7508,,ok,0.4266
15.845,680,,,0.6071,,,,,,17.6608,r2_measured_00859,read,measured,,,,,0.7354,,ok,0.3837
9.9779,418,,,0.2985,,,,,,11.3749,r2_measured_00860,read,measured,,,,,0.6081,,ok,0.4227
14.3856,680,,,0.744,,,,,,16.386,r2_measured_00861,read,measured,,,,,0.7376,,ok,0.4266
12.0021,566,,,0.502,,,,,,13.5413,r2_measured_00862,read,measured,,,,,0.599,,ok,0.364
10.0336,508,,,0.4784,,,,,,11.5561,r2_measured_00863,read,measured,,,,,0.6189,,ok,0.3568
8.6637,368,,,0.2929,,,,,,9.9422,r2_measured_00864,read,measured,,,,,0.5778,,ok,0.3374
10.5694,508,,,0.4612,,,,,,12.0691,r2_measured_00865,read,measured,,,,,0.61,,ok,0.344
11.9145,624,,,0.5307,,,,,,13.645,r2_measured_00866,read,measured,,,,,0.6364,,ok,0.4819
15.2578,687,,,0.6947,,,,,,17.4435,r2_measured_00867,read,measured,,,,,0.9485,,ok,0.4443
78.8142,688,15.2028,5.8667,0.7017,2.8132,1,5.8651,1,24.0103,80.8749,r2_measured_00868,update,measured,18.1436,2.0607,1,12.6551,0.8225,24.1328,ok,0.4308
10.0394,417,,,0.2781,,,,,,11.3259,r2_measured_00869,read,measured,,,,,0.5766,,ok,0.3629
13.1608,679,,,0.665,,,,,,15.1813,r2_measured_00870,read,measured,,,,,0.7919,,ok,0.4747
9.7167,415,,,0.3235,,,,,,11.1278,r2_measured_00871,read,measured,,,,,0.6169,,ok,0.3926
13.1284,628,,,0.6346,,,,,,14.9284,r2_measured_00872,read,measured,,,,,0.7047,,ok,0.3816
13.2938,689,,,0.7079,,,,,,15.217,r2_measured_00873,read,measured,,,,,0.7624,,ok,0.3701
13.2365,624,,,0.5599,,,,,,14.9926,r2_measured_00874,read,measured,,,,,0.6526,,ok,0.4568
14.4248,674,,,0.6587,,,,,,16.3036,r2_measured_00875,read,measured,,,,,0.7382,,ok,0.3975
14.598,688,,,0.6945,,,,,,16.502,r2_measured_00876,read,measured,,,,,0.7214,,ok,0.4015
8.6135,368,,,0.2421,,,,,,9.7651,r2_measured_00877,read,measured,,,,,0.4982,,ok,0.3551
10.6488,507,,,0.5505,,,,,,12.3495,r2_measured_00878,read,measured,,,,,0.6683,,ok,0.4003
13.8164,680,,,0.6391,,,,,,15.6234,r2_measured_00879,read,measured,,,,,0.7114,,ok,0.3717
11.366,567,,,0.4988,,,,,,12.9295,r2_measured_00880,read,measured,,,,,0.617,,ok,0.3733
8.4995,368,,,0.2461,,,,,,9.6929,r2_measured_00881,read,measured,,,,,0.5193,,ok,0.3611
11.8902,567,,,0.5042,,,,,,13.4499,r2_measured_00882,read,measured,,,,,0.623,,ok,0.365
12.8956,679,,,0.6807,,,,,,14.7143,r2_measured_00883,read,measured,,,,,0.6721,,ok,0.3824
13.7896,663,,,0.6655,,,,,,15.6837,r2_measured_00884,read,measured,,,,,0.7456,,ok,0.3911
14.2561,673,,,0.6675,,,,,,16.3742,r2_measured_00885,read,measured,,,,,0.9519,,ok,0.4089
10.1893,417,,,0.2968,,,,,,11.5542,r2_measured_00886,read,measured,,,,,0.6077,,ok,0.391
14.3143,680,,,0.6135,,,,,,16.125,r2_measured_00887,read,measured,,,,,0.6858,,ok,0.4261
11.4554,565,,,0.5123,,,,,,13.09,r2_measured_00888,read,measured,,,,,0.682,,ok,0.3569
7.5425,369,,,0.2803,,,,,,8.8181,r2_measured_00889,read,measured,,,,,0.5347,,ok,0.4026
8.5719,418,,,0.3603,,,,,,10.0489,r2_measured_00890,read,measured,,,,,0.6091,,ok,0.4321
13.1945,627,,,0.5335,,,,,,14.8366,r2_measured_00891,read,measured,,,,,0.6692,,ok,0.3608
18.1917,678,,,1.157,,,,,,22.654,r2_measured_00892,read,measured,,,,,1.0276,,ok,2.1347
24.371,663,,,0.8678,,,,,,26.7593,r2_measured_00893,read,measured,,,,,0.9107,,ok,0.5049
14.9603,662,,,0.5362,,,,,,16.6237,r2_measured_00894,read,measured,,,,,0.678,,ok,0.3742
12.2607,678,,,0.4749,,,,,,13.7475,r2_measured_00895,read,measured,,,,,0.6205,,ok,0.3268
8.9256,418,,,0.289,,,,,,10.1235,r2_measured_00896,read,measured,,,,,0.4992,,ok,0.3552
69.94,566,11.9909,4.9613,0.5685,2.2957,1,4.9595,1,20.3566,71.6084,r2_measured_00897,update,measured,15.3953,1.6684,1,10.9165,0.6724,24.3803,ok,0.3506
21.6865,689,,,0.7868,,,,,,23.6112,r2_measured_00898,read,measured,,,,,0.7035,,ok,0.3517
16.3454,674,,,0.5238,,,,,,17.9525,r2_measured_00899,read,measured,,,,,0.6497,,ok,0.3538
10.4775,419,,,0.2738,,,,,,11.7249,r2_measured_00900,read,measured,,,,,0.5541,,ok,0.3513
8.6024,368,,,0.2767,,,,,,9.8964,r2_measured_00901,read,measured,,,,,0.5781,,ok,0.3698
14.412,674,,,0.6169,,,,,,16.2337,r2_measured_00902,read,measured,,,,,0.7597,,ok,0.3627
14.2356,680,,,0.7968,,,,,,16.2788,r2_measured_00903,read,measured,,,,,0.7259,,ok,0.4357
11.371,415,,,0.2603,,,,,,12.6081,r2_measured_00904,read,measured,,,,,0.5413,,ok,0.3712
13.4958,626,,,0.5112,,,,,,15.0365,r2_measured_00905,read,measured,,,,,0.6192,,ok,0.3337
11.074,418,,,0.2782,,,,,,12.2948,r2_measured_00906,read,measured,,,,,0.546,,ok,0.3347
11.0423,568,,,0.5079,,,,,,12.4913,r2_measured_00907,read,measured,,,,,0.5247,,ok,0.3494
10.6827,507,,,0.4694,,,,,,12.2522,r2_measured_00908,read,measured,,,,,0.6313,,ok,0.3973
11.7203,417,,,0.294,,,,,,13.0912,r2_measured_00909,read,measured,,,,,0.6298,,ok,0.376
13.0423,628,,,0.6992,,,,,,14.9213,r2_measured_00910,read,measured,,,,,0.7008,,ok,0.3954
13.7279,687,,,0.6276,,,,,,15.5917,r2_measured_00911,read,measured,,,,,0.7233,,ok,0.425
12.202,662,,,0.5938,,,,,,13.8481,r2_measured_00912,read,measured,,,,,0.6144,,ok,0.3655
10.4982,566,,,0.6508,,,,,,12.195,r2_measured_00913,read,measured,,,,,0.6212,,ok,0.3512
64.129,418,9.7223,5.0409,0.2952,1.5607,0,5.0382,1,21.5749,65.3465,r2_measured_00914,update,measured,16.534,1.2175,1,15.6738,0.5155,15.5973,ok,0.3509
17.9192,680,,,0.5297,,,,,,19.5384,r2_measured_00915,read,measured,,,,,0.667,,ok,0.345
11.4999,626,,,0.5559,,,,,,13.1029,r2_measured_00916,read,measured,,,,,0.6202,,ok,0.3512
12.1791,673,,,0.5608,,,,,,13.7929,r2_measured_00917,read,measured,,,,,0.6372,,ok,0.3399
12.6008,626,,,0.514,,,,,,14.1339,r2_measured_00918,read,measured,,,,,0.5596,,ok,0.3854
11.7875,627,,,0.5433,,,,,,13.5079,r2_measured_00919,read,measured,,,,,0.7014,,ok,0.3888
11.2608,567,,,0.5089,,,,,,12.7514,r2_measured_00920,read,measured,,,,,0.5449,,ok,0.366
11.4425,625,,,0.5297,,,,,,13.022,r2_measured_00921,read,measured,,,,,0.6248,,ok,0.3551
12.6514,679,,,0.6553,,,,,,14.4018,r2_measured_00922,read,measured,,,,,0.6596,,ok,0.3564
8.176,419,,,0.2422,,,,,,9.3023,r2_measured_00923,read,measured,,,,,0.5117,,ok,0.315
10.9673,628,,,0.5448,,,,,,12.6252,r2_measured_00924,read,measured,,,,,0.6623,,ok,0.3515
12.5053,625,,,0.7025,,,,,,14.4933,r2_measured_00925,read,measured,,,,,0.7613,,ok,0.4355
13.0173,675,,,0.5542,,,,,,14.7301,r2_measured_00926,read,measured,,,,,0.7227,,ok,0.3649
12.2141,627,,,0.5802,,,,,,13.8547,r2_measured_00927,read,measured,,,,,0.6118,,ok,0.369
10.6875,567,,,0.5282,,,,,,12.1908,r2_measured_00928,read,measured,,,,,0.5661,,ok,0.3419
13.9227,679,,,0.615,,,,,,15.6931,r2_measured_00929,read,measured,,,,,0.6794,,ok,0.3881
10.304,508,,,0.5101,,,,,,11.7624,r2_measured_00930,read,measured,,,,,0.5492,,ok,0.3355
11.9441,680,,,0.5924,,,,,,13.5747,r2_measured_00931,read,measured,,,,,0.6302,,ok,0.3388
11.6633,624,,,0.5542,,,,,,13.3687,r2_measured_00932,read,measured,,,,,0.6761,,ok,0.3901
13.1645,628,,,0.6504,,,,,,15.0759,r2_measured_00933,read,measured,,,,,0.7583,,ok,0.419
64.5581,681,15.3014,4.1582,0.6832,2.7598,1,4.1564,1,24.7476,66.4075,r2_measured_00934,update,measured,20.5894,1.8494,1,0.0061,0.6793,21.7432,ok,0.4087
13.762,660,,,0.5744,,,,,,15.4964,r2_measured_00935,read,measured,,,,,0.7008,,ok,0.3735
8.6777,417,,,0.2531,,,,,,9.8284,r2_measured_00936,read,measured,,,,,0.4935,,ok,0.3486
7.1745,368,,,0.2167,,,,,,8.2361,r2_measured_00937,read,measured,,,,,0.4796,,ok,0.3175
12.0931,624,,,0.6282,,,,,,14.0235,r2_measured_00938,read,measured,,,,,0.7781,,ok,0.4304
12.5787,624,,,0.5483,,,,,,14.1985,r2_measured_00939,read,measured,,,,,0.6277,,ok,0.3687
12.5802,677,,,0.5635,,,,,,14.2731,r2_measured_00940,read,measured,,,,,0.6633,,ok,0.3733
13.8845,673,,,0.6102,,,,,,15.6291,r2_measured_00941,read,measured,,,,,0.6899,,ok,0.3645
10.9751,418,,,0.2713,,,,,,12.2166,r2_measured_00942,read,measured,,,,,0.5331,,ok,0.3681
14.4007,675,,,0.5727,,,,,,16.196,r2_measured_00943,read,measured,,,,,0.7604,,ok,0.3803
11.5354,506,,,0.4536,,,,,,13.1606,r2_measured_00944,read,measured,,,,,0.5859,,ok,0.494
13.8775,672,,,0.6667,,,,,,15.8681,r2_measured_00945,read,measured,,,,,0.7559,,ok,0.4778
9.4774,368,,,0.2578,,,,,,10.7779,r2_measured_00946,read,measured,,,,,0.5393,,ok,0.4328
9.4501,418,,,0.2449,,,,,,10.556,r2_measured_00947,read,measured,,,,,0.4749,,ok,0.3268
10.1628,418,,,0.2542,,,,,,11.3072,r2_measured_00948,read,measured,,,,,0.4908,,ok,0.339
12.6607,567,,,0.9603,,,,,,15.1114,r2_measured_00949,read,measured,,,,,0.905,,ok,0.4941
17.8849,688,,,0.6643,,,,,,20.0061,r2_measured_00950,read,measured,,,,,0.8139,,ok,0.5424
13.1226,628,,,0.5669,,,,,,14.8034,r2_measured_00951,read,measured,,,,,0.6685,,ok,0.3716
12.7106,672,,,0.6289,,,,,,14.5026,r2_measured_00952,read,measured,,,,,0.7182,,ok,0.3576
8.069,368,,,0.3075,,,,,,9.4982,r2_measured_00953,read,measured,,,,,0.6214,,ok,0.4275
50.5398,419,8.7347,3.8482,0.2779,1.5866,0,3.8462,1,24.7128,51.817,r2_measured_00954,update,measured,20.8646,1.2772,1,0.0055,0.5606,15.5002,ok,0.3727
10.7072,567,,,0.5499,,,,,,12.3377,r2_measured_00955,read,measured,,,,,0.6119,,ok,0.392
9.0074,508,,,0.4742,,,,,,10.4591,r2_measured_00956,read,measured,,,,,0.5426,,ok,0.365
22.4384,675,,,0.6426,,,,,,24.2538,r2_measured_00957,read,measured,,,,,0.6986,,ok,0.3845
12.8173,566,,,0.5413,,,,,,14.3425,r2_measured_00958,read,measured,,,,,0.5627,,ok,0.3534
15.0458,628,,,0.6346,,,,,,16.7082,r2_measured_00959,read,measured,,,,,0.611,,ok,0.336
10.832,566,,,0.4477,,,,,,12.2519,r2_measured_00960,read,measured,,,,,0.5618,,ok,0.3439
10.4576,565,,,0.6358,,,,,,12.351,r2_measured_00961,read,measured,,,,,0.8308,,ok,0.3446
9.8831,566,,,0.5217,,,,,,11.3809,r2_measured_00962,read,measured,,,,,0.5796,,ok,0.333
16.3227,679,,,0.5596,,,,,,18.083,r2_measured_00963,read,measured,,,,,0.763,,ok,0.3504
18.3212,509,,,0.5038,,,,,,19.78,r2_measured_00964,read,measured,,,,,0.5544,,ok,0.3268
12.4228,626,,,0.6397,,,,,,14.5023,r2_measured_00965,read,measured,,,,,0.7897,,ok,0.5282
15.1689,688,,,0.6217,,,,,,16.9331,r2_measured_00966,read,measured,,,,,0.711,,ok,0.3468
12.751,681,,,0.8062,,,,,,14.9447,r2_measured_00967,read,measured,,,,,0.8371,,ok,0.4516
14.3792,680,,,0.5984,,,,,,16.1512,r2_measured_00968,read,measured,,,,,0.7064,,ok,0.3831
12.0137,624,,,0.4987,,,,,,13.6162,r2_measured_00969,read,measured,,,,,0.6843,,ok,0.3518
11.5871,628,,,0.6177,,,,,,13.2916,r2_measured_00970,read,measured,,,,,0.6292,,ok,0.3728
13.2782,679,,,0.6996,,,,,,15.1984,r2_measured_00971,read,measured,,,,,0.6999,,ok,0.4274
9.081,369,,,0.2969,,,,,,10.4597,r2_measured_00972,read,measured,,,,,0.6284,,ok,0.3841
13.0416,624,,,0.6906,,,,,,15.1079,r2_measured_00973,read,measured,,,,,0.8085,,ok,0.4766
15.1401,679,,,0.7293,,,,,,17.1684,r2_measured_00974,read,measured,,,,,0.788,,ok,0.4133
10.4558,369,,,0.2651,,,,,,11.7316,r2_measured_00975,read,measured,,,,,0.5435,,ok,0.3952
15.3339,681,,,0.5474,,,,,,17.0232,r2_measured_00976,read,measured,,,,,0.7046,,ok,0.3506
8.9936,417,,,0.3321,,,,,,10.3621,r2_measured_00977,read,measured,,,,,0.5534,,ok,0.4082
9.7284,369,,,0.2523,,,,,,10.9451,r2_measured_00978,read,measured,,,,,0.4884,,ok,0.4007
13.9105,679,,,0.779,,,,,,15.9662,r2_measured_00979,read,measured,,,,,0.7854,,ok,0.407
14.1998,679,,,0.6669,,,,,,16.1062,r2_measured_00980,read,measured,,,,,0.7727,,ok,0.3764
12.4953,417,,,0.3187,,,,,,13.7641,r2_measured_00981,read,measured,,,,,0.5522,,ok,0.3325
17.645,625,,,0.6381,,,,,,19.4799,r2_measured_00982,read,measured,,,,,0.7048,,ok,0.4065
9.0318,368,,,0.263,,,,,,10.3,r2_measured_00983,read,measured,,,,,0.556,,ok,0.3828
13.4308,677,,,0.55,,,,,,15.1195,r2_measured_00984,read,measured,,,,,0.6283,,ok,0.4255
10.2857,567,,,0.5927,,,,,,12.1949,r2_measured_00985,read,measured,,,,,0.7876,,ok,0.4493
12.8635,628,,,0.7735,,,,,,14.9095,r2_measured_00986,read,measured,,,,,0.7324,,ok,0.4424
12.3664,566,,,0.9254,,,,,,14.482,r2_measured_00987,read,measured,,,,,0.6882,,ok,0.4191
13.2664,679,,,0.7465,,,,,,15.3229,r2_measured_00988,read,measured,,,,,0.733,,ok,0.4833
13.9802,568,,,0.6124,,,,,,15.8023,r2_measured_00989,read,measured,,,,,0.7065,,ok,0.4148
13.1262,689,,,0.6564,,,,,,14.9055,r2_measured_00990,read,measured,,,,,0.6833,,ok,0.3596
12.869,681,,,0.5466,,,,,,14.6238,r2_measured_00991,read,measured,,,,,0.7459,,ok,0.3782
10.8179,568,,,0.6134,,,,,,12.5281,r2_measured_00992,read,measured,,,,,0.6432,,ok,0.3696
10.4336,418,,,0.3728,,,,,,11.9406,r2_measured_00993,read,measured,,,,,0.6489,,ok,0.405
14.2563,628,,,0.6131,,,,,,16.0143,r2_measured_00994,read,measured,,,,,0.6865,,ok,0.3748
12.5467,689,,,0.6887,,,,,,14.4697,r2_measured_00995,read,measured,,,,,0.7408,,ok,0.409
13.6739,689,,,0.5188,,,,,,15.344,r2_measured_00996,read,measured,,,,,0.7241,,ok,0.3494
11.2924,675,,,0.596,,,,,,12.8643,r2_measured_00997,read,measured,,,,,0.574,,ok,0.332
9.2221,419,,,0.2832,,,,,,10.4823,r2_measured_00998,read,measured,,,,,0.5552,,ok,0.3513
11.6941,568,,,0.4896,,,,,,13.2844,r2_measured_00999,read,measured,,,,,0.6668,,ok,0.3561
12.2948,689,,,0.6938,,,,,,14.4094,r2_measured_01000,read,measured,,,,,0.8406,,ok,0.4812
15.4746,509,,,0.572,,,,,,17.1648,r2_measured_01001,read,measured,,,,,0.6191,,ok,0.4204
14.5468,663,,,0.7389,,,,,,16.5763,r2_measured_01002,read,measured,,,,,0.7672,,ok,0.4254
13.1321,662,,,0.5832,,,,,,14.7984,r2_measured_01003,read,measured,,,,,0.6563,,ok,0.352
12.8896,674,,,0.6772,,,,,,14.6862,r2_measured_01004,read,measured,,,,,0.6648,,ok,0.3739
12.4447,628,,,0.598,,,,,,14.3666,r2_measured_01005,read,measured,,,,,0.8687,,ok,0.3745
11.1523,566,,,0.5782,,,,,,12.8487,r2_measured_01006,read,measured,,,,,0.6587,,ok,0.3862
13.7062,680,,,0.7252,,,,,,15.7926,r2_measured_01007,read,measured,,,,,0.8704,,ok,0.4046
13.0784,628,,,0.5806,,,,,,14.8235,r2_measured_01008,read,measured,,,,,0.6869,,ok,0.3915
10.2586,369,,,0.2329,,,,,,11.4278,r2_measured_01009,read,measured,,,,,0.531,,ok,0.339
16.8831,567,,,0.5655,,,,,,18.522,r2_measured_01010,read,measured,,,,,0.6476,,ok,0.351
13.763,679,,,1.1239,,,,,,16.2618,r2_measured_01011,read,measured,,,,,0.8318,,ok,0.4366
12.2883,566,,,0.6622,,,,,,14.0873,r2_measured_01012,read,measured,,,,,0.6568,,ok,0.3965
11.8998,628,,,0.4967,,,,,,13.4558,r2_measured_01013,read,measured,,,,,0.6366,,ok,0.3495
17.5323,688,,,0.5649,,,,,,19.3514,r2_measured_01014,read,measured,,,,,0.7754,,ok,0.3908
13.2334,675,,,0.543,,,,,,14.8972,r2_measured_01015,read,measured,,,,,0.6858,,ok,0.3527
63.1674,629,13.4868,5.1571,0.5499,2.2728,1,5.1552,1,27.9063,64.8234,r2_measured_01016,update,measured,22.7492,1.656,1,0.006,0.671,19.4955,ok,0.3652
13.8859,679,,,0.685,,,,,,15.8431,r2_measured_01017,read,measured,,,,,0.7372,,ok,0.4411
10.0666,416,,,0.2782,,,,,,11.3211,r2_measured_01018,read,measured,,,,,0.5573,,ok,0.3557
65.0127,368,9.1731,6.4948,0.2415,1.4641,1,6.4932,1,25.8676,66.1636,r2_measured_01019,update,measured,19.3728,1.1509,1,13.6346,0.4825,14.8733,ok,0.3717
12.9519,625,,,0.5391,,,,,,14.7261,r2_measured_01020,read,measured,,,,,0.705,,ok,0.4328
13.6829,662,,,0.6119,,,,,,15.4635,r2_measured_01021,read,measured,,,,,0.7213,,ok,0.3642
14.5531,565,,,0.6401,,,,,,16.5796,r2_measured_01022,read,measured,,,,,0.8283,,ok,0.4683
15.7148,688,,,0.6268,,,,,,17.5255,r2_measured_01023,read,measured,,,,,0.7021,,ok,0.3929
14.2358,678,,,0.5945,,,,,,16.0548,r2_measured_01024,read,measured,,,,,0.7371,,ok,0.3939
13.3596,662,,,0.5221,,,,,,14.9751,r2_measured_01025,read,measured,,,,,0.6759,,ok,0.3407
13.0259,674,,,0.555,,,,,,14.6987,r2_measured_01026,read,measured,,,,,0.6918,,ok,0.3368
12.7259,677,,,3.8334,,,,,,17.7922,r2_measured_01027,read,measured,,,,,0.7272,,ok,0.413
18.4096,662,,,1.1918,,,,,,21.7658,r2_measured_01028,read,measured,,,,,0.9695,,ok,1.0032
15.8904,679,,,0.9745,,,,,,18.2891,r2_measured_01029,read,measured,,,,,0.8164,,ok,0.4952
15.2294,625,,,0.6856,,,,,,17.154,r2_measured_01030,read,measured,,,,,0.7092,,ok,0.4327
10.4324,416,,,0.3201,,,,,,11.7919,r2_measured_01031,read,measured,,,,,0.5765,,ok,0.3889
14.644,624,,,0.7154,,,,,,16.6017,r2_measured_01032,read,measured,,,,,0.7327,,ok,0.4154
13.1351,662,,,0.9625,,,,,,15.7093,r2_measured_01033,read,measured,,,,,0.6753,,ok,0.8443
8.3667,418,,,0.241,,,,,,9.4876,r2_measured_01034,read,measured,,,,,0.4906,,ok,0.3396
10.0537,507,,,0.5378,,,,,,11.6569,r2_measured_01035,read,measured,,,,,0.6394,,ok,0.3495
12.678,628,,,0.5485,,,,,,14.2796,r2_measured_01036,read,measured,,,,,0.6303,,ok,0.3497
12.0702,675,,,1.1364,,,,,,14.4398,r2_measured_01037,read,measured,,,,,0.6169,,ok,0.5435
7.8693,417,,,0.2348,,,,,,8.9319,r2_measured_01038,read,measured,,,,,0.483,,ok,0.2937
6.7817,369,,,0.23,,,,,,7.8726,r2_measured_01039,read,measured,,,,,0.484,,ok,0.3273
12.382,626,,,0.5981,,,,,,14.0078,r2_measured_01040,read,measured,,,,,0.6132,,ok,0.3455
15.1178,686,,,0.7176,,,,,,17.0223,r2_measured_01041,read,measured,,,,,0.6957,,ok,0.3961
18.141,679,,,0.7553,,,,,,20.2698,r2_measured_01042,read,measured,,,,,0.8798,,ok,0.3793
12.9466,689,,,0.6157,,,,,,14.755,r2_measured_01043,read,measured,,,,,0.708,,ok,0.3983
12.338,680,,,0.5217,,,,,,13.9048,r2_measured_01044,read,measured,,,,,0.62,,ok,0.3504
11.8834,678,,,0.5977,,,,,,13.5641,r2_measured_01045,read,measured,,,,,0.6948,,ok,0.3162
12.3533,674,,,0.5987,,,,,,14.1262,r2_measured_01046,read,measured,,,,,0.707,,ok,0.3874
12.9694,628,,,0.7031,,,,,,14.8623,r2_measured_01047,read,measured,,,,,0.7048,,ok,0.3969
13.2193,681,,,0.5683,,,,,,14.7832,r2_measured_01048,read,measured,,,,,0.5856,,ok,0.3442
10.0709,567,,,0.6339,,,,,,11.6801,r2_measured_01049,read,measured,,,,,0.564,,ok,0.3474
13.3809,688,,,0.5905,,,,,,15.1532,r2_measured_01050,read,measured,,,,,0.7277,,ok,0.3717
12.2811,679,,,0.5139,,,,,,13.8559,r2_measured_01051,read,measured,,,,,0.6482,,ok,0.3408
11.8315,680,,,0.6084,,,,,,13.6163,r2_measured_01052,read,measured,,,,,0.7276,,ok,0.3607
15.3904,661,,,0.7314,,,,,,17.5167,r2_measured_01053,read,measured,,,,,0.8444,,ok,0.4606
15.3148,689,,,0.4863,,,,,,16.8373,r2_measured_01054,read,measured,,,,,0.6524,,ok,0.3075
16.3379,680,,,0.5198,,,,,,17.84,r2_measured_01055,read,measured,,,,,0.6076,,ok,0.3119
13.7474,418,,,0.2603,,,,,,14.8489,r2_measured_01056,read,measured,,,,,0.4791,,ok,0.3026
12.0106,369,,,0.2818,,,,,,13.2082,r2_measured_01057,read,measured,,,,,0.5329,,ok,0.3224
16.8952,565,,,0.4862,,,,,,18.3079,r2_measured_01058,read,measured,,,,,0.5338,,ok,0.317
11.623,628,,,0.7812,,,,,,13.3809,r2_measured_01059,read,measured,,,,,0.5758,,ok,0.3333
14.615,679,,,0.6645,,,,,,16.4564,r2_measured_01060,read,measured,,,,,0.7546,,ok,0.3389
13.9504,661,,,0.5432,,,,,,15.6002,r2_measured_01061,read,measured,,,,,0.6607,,ok,0.3538
7.5083,369,,,0.2367,,,,,,8.6939,r2_measured_01062,read,measured,,,,,0.5173,,ok,0.3745
15.821,627,,,0.5088,,,,,,17.4505,r2_measured_01063,read,measured,,,,,0.6973,,ok,0.3476
15.3599,685,,,0.6084,,,,,,17.1297,r2_measured_01064,read,measured,,,,,0.6984,,ok,0.378
12.8815,566,,,0.5252,,,,,,14.5214,r2_measured_01065,read,measured,,,,,0.6787,,ok,0.3586
7.8436,369,,,0.2311,,,,,,9.0468,r2_measured_01066,read,measured,,,,,0.5822,,ok,0.3391
9.2001,418,,,0.3112,,,,,,10.5053,r2_measured_01067,read,measured,,,,,0.5789,,ok,0.3454
12.3155,567,,,0.6333,,,,,,14.173,r2_measured_01068,read,measured,,,,,0.7442,,ok,0.3996
11.5841,567,,,0.542,,,,,,13.1846,r2_measured_01069,read,measured,,,,,0.6166,,ok,0.3709
12.7242,680,,,0.5556,,,,,,14.3796,r2_measured_01070,read,measured,,,,,0.6708,,ok,0.3507
12.1538,663,,,0.5525,,,,,,13.7249,r2_measured_01071,read,measured,,,,,0.6044,,ok,0.3445
7.2369,369,,,0.2229,,,,,,8.2793,r2_measured_01072,read,measured,,,,,0.4391,,ok,0.3326
12.2441,689,,,0.6204,,,,,,13.9606,r2_measured_01073,read,measured,,,,,0.6559,,ok,0.3577
12.2732,680,,,0.5716,,,,,,13.8947,r2_measured_01074,read,measured,,,,,0.6439,,ok,0.3328
12.742,660,,,0.6569,,,,,,14.6002,r2_measured_01075,read,measured,,,,,0.7289,,ok,0.3811
67.0794,681,12.9458,3.5613,0.5087,2.2761,1,3.5591,1,17.8532,68.5934,r2_measured_01076,update,measured,14.2919,1.514,1,14.5687,0.6043,19.4356,ok,0.3199
10.5904,566,,,0.4666,,,,,,12.0408,r2_measured_01077,read,measured,,,,,0.5874,,ok,0.3377
13.2376,679,,,0.5858,,,,,,14.9557,r2_measured_01078,read,measured,,,,,0.6785,,ok,0.3738
10.6934,509,,,0.4314,,,,,,12.1379,r2_measured_01079,read,measured,,,,,0.6409,,ok,0.3092
13.7331,685,,,0.5821,,,,,,15.273,r2_measured_01080,read,measured,,,,,0.5679,,ok,0.3211
8.1807,418,,,0.2977,,,,,,9.3572,r2_measured_01081,read,measured,,,,,0.493,,ok,0.3197
12.0973,686,,,0.5972,,,,,,13.7275,r2_measured_01082,read,measured,,,,,0.6485,,ok,0.3123
12.4959,689,,,0.6175,,,,,,14.2222,r2_measured_01083,read,measured,,,,,0.6474,,ok,0.3846
12.3149,624,,,0.6204,,,,,,14.1015,r2_measured_01084,read,measured,,,,,0.7341,,ok,0.3576
15.1572,663,,,0.6483,,,,,,16.9957,r2_measured_01085,read,measured,,,,,0.7053,,ok,0.3899
10.8392,507,,,0.5271,,,,,,12.4887,r2_measured_01086,read,measured,,,,,0.6748,,ok,0.3729
8.4473,368,,,0.2441,,,,,,9.6108,r2_measured_01087,read,measured,,,,,0.5048,,ok,0.3579
13.4744,680,,,0.6184,,,,,,15.2482,r2_measured_01088,read,measured,,,,,0.6981,,ok,0.3708
12.5618,568,,,0.4697,,,,,,14.064,r2_measured_01089,read,measured,,,,,0.617,,ok,0.3413
13.9686,672,,,0.6724,,,,,,15.8578,r2_measured_01090,read,measured,,,,,0.7551,,ok,0.381
13.7311,629,,,0.6384,,,,,,15.6018,r2_measured_01091,read,measured,,,,,0.7148,,ok,0.4253
14.1632,624,,,0.5849,,,,,,15.8674,r2_measured_01092,read,measured,,,,,0.6512,,ok,0.3878
9.5398,418,,,0.2969,,,,,,10.9416,r2_measured_01093,read,measured,,,,,0.678,,ok,0.3537
13.8037,681,,,0.5931,,,,,,15.4861,r2_measured_01094,read,measured,,,,,0.649,,ok,0.3642
13.5717,680,,,0.6414,,,,,,15.5241,r2_measured_01095,read,measured,,,,,0.7839,,ok,0.4292
14.1552,679,,,0.7055,,,,,,16.015,r2_measured_01096,read,measured,,,,,0.6883,,ok,0.3823
14.2076,508,,,0.5781,,,,,,15.9005,r2_measured_01097,read,measured,,,,,0.6385,,ok,0.3943
16.7478,673,,,0.5261,,,,,,18.5514,r2_measured_01098,read,measured,,,,,0.8224,,ok,0.3779
14.7748,679,,,0.6071,,,,,,16.7012,r2_measured_01099,read,measured,,,,,0.844,,ok,0.3844
14.5207,663,,,0.6095,,,,,,16.3603,r2_measured_01100,read,measured,,,,,0.7375,,ok,0.407
14.4415,661,,,0.6403,,,,,,16.2993,r2_measured_01101,read,measured,,,,,0.7631,,ok,0.3756
13.6136,678,,,0.6424,,,,,,15.2602,r2_measured_01102,read,measured,,,,,0.5579,,ok,0.3696
14.0908,629,,,0.6056,,,,,,15.8389,r2_measured_01103,read,measured,,,,,0.6963,,ok,0.3585
65.7665,508,11.2623,4.6713,0.4793,1.7822,1,4.6698,1,23.328,67.2001,r2_measured_01104,update,measured,18.6567,1.4336,1,12.7864,0.5404,16.6076,ok,0.3443
9.4992,418,,,0.2383,,,,,,10.6252,r2_measured_01105,read,measured,,,,,0.4728,,ok,0.3586
12.8387,686,,,0.5229,,,,,,14.3762,r2_measured_01106,read,measured,,,,,0.6188,,ok,0.3275
14.7543,624,,,0.5649,,,,,,16.392,r2_measured_01107,read,measured,,,,,0.6499,,ok,0.3479
74.748,568,10.6333,11.2742,0.5683,1.9563,1,11.2723,1,28.3911,76.3709,r2_measured_01108,update,measured,17.1169,1.6229,1,13.2066,0.6163,20.5607,ok,0.363
13.0754,507,,,0.4723,,,,,,14.6219,r2_measured_01109,read,measured,,,,,0.6724,,ok,0.3336
9.7342,507,,,0.4389,,,,,,11.1797,r2_measured_01110,read,measured,,,,,0.5805,,ok,0.3464
13.7737,680,,,0.5952,,,,,,15.7211,r2_measured_01111,read,measured,,,,,0.8797,,ok,0.3951
12.2729,626,,,0.5703,,,,,,13.9362,r2_measured_01112,read,measured,,,,,0.6459,,ok,0.3675
11.9453,679,,,0.6561,,,,,,13.7332,r2_measured_01113,read,measured,,,,,0.6778,,ok,0.3772
12.3465,688,,,0.6179,,,,,,14.2096,r2_measured_01114,read,measured,,,,,0.7394,,ok,0.4168
10.6271,567,,,0.5254,,,,,,12.2447,r2_measured_01115,read,measured,,,,,0.627,,ok,0.392
12.4774,688,,,0.4998,,,,,,13.952,r2_measured_01116,read,measured,,,,,0.5664,,ok,0.3384
11.941,681,,,0.5142,,,,,,13.5185,r2_measured_01117,read,measured,,,,,0.6545,,ok,0.3346
9.1702,508,,,0.4237,,,,,,10.5135,r2_measured_01118,read,measured,,,,,0.5025,,ok,0.3604
10.8911,677,,,0.6292,,,,,,12.9853,r2_measured_01119,read,measured,,,,,0.8137,,ok,0.5714
11.4121,628,,,0.5531,,,,,,12.9806,r2_measured_01120,read,measured,,,,,0.5736,,ok,0.3709
11.8887,678,,,0.6086,,,,,,13.5576,r2_measured_01121,read,measured,,,,,0.6331,,ok,0.3594
12.3799,680,,,0.5691,,,,,,14.0153,r2_measured_01122,read,measured,,,,,0.6595,,ok,0.3296
10.1531,567,,,0.5751,,,,,,11.8875,r2_measured_01123,read,measured,,,,,0.6976,,ok,0.3919
12.0155,680,,,0.5584,,,,,,13.6963,r2_measured_01124,read,measured,,,,,0.6946,,ok,0.3566
11.4384,566,,,0.5177,,,,,,13.0325,r2_measured_01125,read,measured,,,,,0.6409,,ok,0.3577
8.6119,419,,,0.2654,,,,,,9.8179,r2_measured_01126,read,measured,,,,,0.5254,,ok,0.3579
7.5738,369,,,0.2213,,,,,,8.7847,r2_measured_01127,read,measured,,,,,0.4653,,ok,0.4725
11.7322,679,,,0.5455,,,,,,13.3925,r2_measured_01128,read,measured,,,,,0.6143,,ok,0.4183
10.4965,507,,,0.4564,,,,,,11.8578,r2_measured_01129,read,measured,,,,,0.5249,,ok,0.311
10.8911,628,,,1.5743,,,,,,14.5573,r2_measured_01130,read,measured,,,,,1.3414,,ok,0.6493
18.561,508,,,0.4751,,,,,,20.1093,r2_measured_01131,read,measured,,,,,0.6457,,ok,0.3586
15.651,627,,,0.5741,,,,,,17.3436,r2_measured_01132,read,measured,,,,,0.6769,,ok,0.3618
16.9935,680,,,0.5526,,,,,,18.5816,r2_measured_01133,read,measured,,,,,0.6543,,ok,0.3166
13.4215,369,,,0.2155,,,,,,14.4497,r2_measured_01134,read,measured,,,,,0.4745,,ok,0.2847
21.8888,369,,,0.2537,,,,,,23.0974,r2_measured_01135,read,measured,,,,,0.5144,,ok,0.3742
14.9518,418,,,0.2487,,,,,,16.1305,r2_measured_01136,read,measured,,,,,0.557,,ok,0.3161
12.2926,566,,,0.5989,,,,,,13.9028,r2_measured_01137,read,measured,,,,,0.5837,,ok,0.3661
11.7021,662,,,0.5958,,,,,,13.378,r2_measured_01138,read,measured,,,,,0.6454,,ok,0.3543
9.6,506,,,0.464,,,,,,10.9979,r2_measured_01139,read,measured,,,,,0.5665,,ok,0.3097
10.5245,624,,,0.4608,,,,,,11.9274,r2_measured_01140,read,measured,,,,,0.5734,,ok,0.3084
11.5563,679,,,0.5265,,,,,,13.1237,r2_measured_01141,read,measured,,,,,0.6315,,ok,0.331
12.0433,418,,,0.2413,,,,,,13.1057,r2_measured_01142,read,measured,,,,,0.4537,,ok,0.3087
17.9921,678,,,1.1875,,,,,,21.4747,r2_measured_01143,read,measured,,,,,1.4022,,ok,0.7313
19.5185,628,,,0.6365,,,,,,21.4058,r2_measured_01144,read,measured,,,,,0.7564,,ok,0.4043
8.694,368,,,0.2448,,,,,,9.9066,r2_measured_01145,read,measured,,,,,0.5125,,ok,0.3911
11.396,626,,,0.5314,,,,,,13.1047,r2_measured_01146,read,measured,,,,,0.7846,,ok,0.3292
11.0815,674,,,0.5309,,,,,,13.077,r2_measured_01147,read,measured,,,,,1.0564,,ok,0.3297
11.6117,662,,,0.6097,,,,,,13.4232,r2_measured_01148,read,measured,,,,,0.7395,,ok,0.3813
13.8284,675,,,1.0792,,,,,,16.2468,r2_measured_01149,read,measured,,,,,0.7877,,ok,0.4672
12.7981,629,,,0.5403,,,,,,14.3854,r2_measured_01150,read,measured,,,,,0.6308,,ok,0.3407
11.6788,628,,,0.5725,,,,,,13.2697,r2_measured_01151,read,measured,,,,,0.585,,ok,0.3647
10.9243,567,,,0.5629,,,,,,12.6738,r2_measured_01152,read,measured,,,,,0.7017,,ok,0.4011
9.2502,418,,,0.2725,,,,,,10.4532,r2_measured_01153,read,measured,,,,,0.5055,,ok,0.3642
12.3922,681,,,0.5307,,,,,,14.1274,r2_measured_01154,read,measured,,,,,0.7604,,ok,0.3626
13.7397,688,,,0.5946,,,,,,15.5078,r2_measured_01155,read,measured,,,,,0.7242,,ok,0.367
16.3532,677,,,0.5856,,,,,,18.1931,r2_measured_01156,read,measured,,,,,0.74,,ok,0.4174
14.6667,624,,,0.5743,,,,,,16.2556,r2_measured_01157,read,measured,,,,,0.5614,,ok,0.3807
7.3549,368,,,0.2458,,,,,,8.3748,r2_measured_01158,read,measured,,,,,0.4114,,ok,0.3123
13.5076,628,,,0.5753,,,,,,15.2944,r2_measured_01159,read,measured,,,,,0.7568,,ok,0.3653
12.5599,689,,,0.5432,,,,,,14.2956,r2_measured_01160,read,measured,,,,,0.7027,,ok,0.4003
8.6726,417,,,0.2849,,,,,,9.9577,r2_measured_01161,read,measured,,,,,0.5496,,ok,0.3805
12.5975,628,,,0.6445,,,,,,14.2914,r2_measured_01162,read,measured,,,,,0.6597,,ok,0.3163
10.9027,568,,,0.4933,,,,,,12.421,r2_measured_01163,read,measured,,,,,0.6124,,ok,0.3436
12.0927,509,,,0.5283,,,,,,13.7133,r2_measured_01164,read,measured,,,,,0.6434,,ok,0.3666
13.2581,675,,,0.6225,,,,,,14.9964,r2_measured_01165,read,measured,,,,,0.685,,ok,0.3514
11.6896,566,,,0.6061,,,,,,13.4627,r2_measured_01166,read,measured,,,,,0.6945,,ok,0.3874
13.3551,662,,,0.6223,,,,,,15.1886,r2_measured_01167,read,measured,,,,,0.696,,ok,0.4234
12.5633,673,,,0.6357,,,,,,14.2397,r2_measured_01168,read,measured,,,,,0.59,,ok,0.3857
12.4921,628,,,0.5529,,,,,,14.1844,r2_measured_01169,read,measured,,,,,0.6626,,ok,0.3979
13.9373,680,,,0.646,,,,,,15.6716,r2_measured_01170,read,measured,,,,,0.6295,,ok,0.3838
10.9028,509,,,0.465,,,,,,12.5005,r2_measured_01171,read,measured,,,,,0.6852,,ok,0.3709
13.5674,688,,,0.5526,,,,,,15.1793,r2_measured_01172,read,measured,,,,,0.6288,,ok,0.3603
12.7098,661,,,0.7618,,,,,,14.758,r2_measured_01173,read,measured,,,,,0.7648,,ok,0.4265
14.4911,688,,,0.547,,,,,,16.2413,r2_measured_01174,read,measured,,,,,0.7736,,ok,0.3545
8.1555,418,,,0.247,,,,,,9.2276,r2_measured_01175,read,measured,,,,,0.4673,,ok,0.3115
10.1553,507,,,0.5901,,,,,,11.985,r2_measured_01176,read,measured,,,,,0.789,,ok,0.3676
17.6996,679,,,0.5649,,,,,,19.4616,r2_measured_01177,read,measured,,,,,0.6916,,ok,0.4212
11.6356,628,,,0.5464,,,,,,13.2473,r2_measured_01178,read,measured,,,,,0.6517,,ok,0.3311
10.8862,624,,,0.5301,,,,,,12.3936,r2_measured_01179,read,measured,,,,,0.5815,,ok,0.3237
9.4923,565,,,0.4293,,,,,,10.8275,r2_measured_01180,read,measured,,,,,0.5428,,ok,0.3014
10.9126,627,,,0.569,,,,,,12.5982,r2_measured_01181,read,measured,,,,,0.6286,,ok,0.408
12.7643,626,,,0.6251,,,,,,14.5562,r2_measured_01182,read,measured,,,,,0.704,,ok,0.3853
13.0069,417,,,0.2771,,,,,,14.3394,r2_measured_01183,read,measured,,,,,0.6347,,ok,0.357
7.5882,368,,,0.2083,,,,,,8.6067,r2_measured_01184,read,measured,,,,,0.4561,,ok,0.3063
78.3546,419,8.0371,5.9273,0.3237,1.415,1,5.9256,1,27.0347,79.6367,r2_measured_01185,update,measured,21.1074,1.2821,1,24.9755,0.4517,16.8923,ok,0.4448
13.5887,681,,,0.5303,,,,,,15.2972,r2_measured_01186,read,measured,,,,,0.759,,ok,0.3407
12.51,628,,,0.6908,,,,,,14.6983,r2_measured_01187,read,measured,,,,,0.9213,,ok,0.4865
10.9869,416,,,0.3536,,,,,,12.7989,r2_measured_01188,read,measured,,,,,0.9387,,ok,0.4422
13.8353,688,,,0.5869,,,,,,15.5302,r2_measured_01189,read,measured,,,,,0.7058,,ok,0.3321
61.359,567,10.6612,4.1227,0.4869,2.2525,1,4.1212,1,18.0046,62.9357,r2_measured_01190,update,measured,13.8819,1.5767,1,11.6249,0.6208,18.8158,ok,0.3809
19.0832,680,,,0.515,,,,,,20.7912,r2_measured_01191,read,measured,,,,,0.7805,,ok,0.3334
11.5952,628,,,0.5106,,,,,,13.1608,r2_measured_01192,read,measured,,,,,0.6376,,ok,0.3458
14.0667,687,,,0.5415,,,,,,15.7086,r2_measured_01193,read,measured,,,,,0.7163,,ok,0.3154
8.6825,368,,,0.2088,,,,,,9.8362,r2_measured_01194,read,measured,,,,,0.5095,,ok,0.373
9.4675,505,,,0.56,,,,,,11.3225,r2_measured_01195,read,measured,,,,,0.7592,,ok,0.4701
12.9362,629,,,0.5001,,,,,,14.4047,r2_measured_01196,read,measured,,,,,0.5687,,ok,0.3338
11.9706,679,,,0.5157,,,,,,13.4936,r2_measured_01197,read,measured,,,,,0.6237,,ok,0.311
7.9195,418,,,0.3167,,,,,,9.0648,r2_measured_01198,read,measured,,,,,0.4363,,ok,0.3333
8.2432,419,,,0.2708,,,,,,9.6162,r2_measured_01199,read,measured,,,,,0.7231,,ok,0.3055
12.8033,679,,,0.6002,,,,,,14.8179,r2_measured_01200,read,measured,,,,,0.9,,ok,0.4256
10.2201,507,,,0.5094,,,,,,11.729,r2_measured_01201,read,measured,,,,,0.5757,,ok,0.3637
9.5153,509,,,0.6729,,,,,,11.2255,r2_measured_01202,read,measured,,,,,0.5729,,ok,0.3799
10.3512,509,,,0.4239,,,,,,11.8129,r2_measured_01203,read,measured,,,,,0.6427,,ok,0.3308
10.9612,674,,,0.6521,,,,,,12.6503,r2_measured_01204,read,measured,,,,,0.6394,,ok,0.3332
12.2186,680,,,0.6684,,,,,,14.1413,r2_measured_01205,read,measured,,,,,0.8029,,ok,0.3663
10.2774,567,,,0.4568,,,,,,11.6286,r2_measured_01206,read,measured,,,,,0.5206,,ok,0.3154
9.158,504,,,0.4713,,,,,,10.6299,r2_measured_01207,read,measured,,,,,0.5634,,ok,0.3752
11.5573,565,,,0.5017,,,,,,13.154,r2_measured_01208,read,measured,,,,,0.671,,ok,0.3518
8.897,418,,,0.2514,,,,,,10.0952,r2_measured_01209,read,measured,,,,,0.4901,,ok,0.3952
9.9937,418,,,0.3209,,,,,,11.423,r2_measured_01210,read,measured,,,,,0.5077,,ok,0.5326
13.2331,567,,,0.5061,,,,,,14.7433,r2_measured_01211,read,measured,,,,,0.5753,,ok,0.3546
14.1931,627,,,0.6089,,,,,,16.0085,r2_measured_01212,read,measured,,,,,0.7411,,ok,0.3843
15.2902,674,,,0.6137,,,,,,17.1032,r2_measured_01213,read,measured,,,,,0.7514,,ok,0.3685
13.1534,686,,,0.4799,,,,,,14.6773,r2_measured_01214,read,measured,,,,,0.6203,,ok,0.3488
10.9861,567,,,0.5848,,,,,,12.7241,r2_measured_01215,read,measured,,,,,0.6708,,ok,0.4067
13.2948,681,,,0.6498,,,,,,15.0328,r2_measured_01216,read,measured,,,,,0.6144,,ok,0.4035
69.5087,628,11.7197,5.2199,0.5443,2.1202,1,5.2173,1,20.4662,71.0945,r2_measured_01217,update,measured,15.2463,1.5858,1,11.7536,0.621,23.449,ok,0.3548
15.2604,679,,,0.6146,,,,,,17.0508,r2_measured_01218,read,measured,,,,,0.7283,,ok,0.3657
13.8741,675,,,0.5762,,,,,,15.658,r2_measured_01219,read,measured,,,,,0.7677,,ok,0.3453
20.8419,681,,,0.4995,,,,,,22.3433,r2_measured_01220,read,measured,,,,,0.6088,,ok,0.3215
14.6897,662,,,0.5495,,,,,,16.4129,r2_measured_01221,read,measured,,,,,0.7019,,ok,0.3914
15.4098,679,,,0.5967,,,,,,17.2211,r2_measured_01222,read,measured,,,,,0.7171,,ok,0.403
14.0106,688,,,0.5488,,,,,,15.5937,r2_measured_01223,read,measured,,,,,0.6162,,ok,0.341
11.805,568,,,0.513,,,,,,13.3448,r2_measured_01224,read,measured,,,,,0.6101,,ok,0.342
12.1421,628,,,0.6528,,,,,,13.9073,r2_measured_01225,read,measured,,,,,0.665,,ok,0.3687
14.4139,681,,,0.6146,,,,,,16.3971,r2_measured_01226,read,measured,,,,,0.8333,,ok,0.4158
15.0952,680,,,0.5836,,,,,,17.0055,r2_measured_01227,read,measured,,,,,0.8369,,ok,0.4032
11.2514,508,,,0.6221,,,,,,13.0939,r2_measured_01228,read,measured,,,,,0.7052,,ok,0.4236
12.3437,568,,,0.5087,,,,,,14.0392,r2_measured_01229,read,measured,,,,,0.718,,ok,0.3881
12.3579,568,,,0.5941,,,,,,14.1452,r2_measured_01230,read,measured,,,,,0.7093,,ok,0.3953
9.5404,417,,,0.2825,,,,,,10.7988,r2_measured_01231,read,measured,,,,,0.5511,,ok,0.3589
77.4493,679,13.7427,4.8436,0.7112,2.4353,1,4.8414,1,25.0419,79.3533,r2_measured_01232,update,measured,20.1983,1.904,1,13.1528,0.6978,23.0766,ok,0.4131
14.2809,679,,,0.6372,,,,,,16.1521,r2_measured_01233,read,measured,,,,,0.7531,,ok,0.394
9.4607,369,,,0.2361,,,,,,10.6049,r2_measured_01234,read,measured,,,,,0.5048,,ok,0.344
13.7882,680,,,0.5526,,,,,,15.4187,r2_measured_01235,read,measured,,,,,0.6112,,ok,0.3878
13.2354,419,,,0.2809,,,,,,14.521,r2_measured_01236,read,measured,,,,,0.593,,ok,0.3459
23.3492,681,,,0.6932,,,,,,25.2969,r2_measured_01237,read,measured,,,,,0.7876,,ok,0.3751
80.8366,568,13.0024,8.6453,0.525,2.1997,1,8.6433,1,30.4439,82.4108,r2_measured_01238,update,measured,21.7986,1.5742,1,13.8973,0.6101,21.2933,ok,0.3688
12.6895,626,,,0.5814,,,,,,14.4044,r2_measured_01239,read,measured,,,,,0.6571,,ok,0.3823
12.7424,681,,,0.706,,,,,,14.7612,r2_measured_01240,read,measured,,,,,0.7879,,ok,0.4349
14.6314,679,,,0.7567,,,,,,16.613,r2_measured_01241,read,measured,,,,,0.7123,,ok,0.4222
14.9925,679,,,0.6146,,,,,,16.8719,r2_measured_01242,read,measured,,,,,0.7539,,ok,0.3887
13.2485,681,,,0.5681,,,,,,14.9046,r2_measured_01243,read,measured,,,,,0.6107,,ok,0.4041
10.3493,508,,,0.4852,,,,,,11.887,r2_measured_01244,read,measured,,,,,0.6305,,ok,0.349
12.6804,681,,,0.5242,,,,,,14.3569,r2_measured_01245,read,measured,,,,,0.7271,,ok,0.3532
10.1395,509,,,0.5046,,,,,,11.742,r2_measured_01246,read,measured,,,,,0.6704,,ok,0.3508
12.478,663,,,0.5732,,,,,,14.121,r2_measured_01247,read,measured,,,,,0.6401,,ok,0.3557
62.2251,566,,,0.6123,,,,,,63.8729,r2_measured_01248,read,measured,,,,,0.6133,,ok,0.3525
9.2386,509,,,0.4279,,,,,,10.5731,r2_measured_01249,read,measured,,,,,0.5455,,ok,0.302
12.5019,679,,,0.6401,,,,,,14.4587,r2_measured_01250,read,measured,,,,,0.8052,,ok,0.4186
9.7199,419,,,0.2468,,,,,,10.8429,r2_measured_01251,read,measured,,,,,0.5157,,ok,0.308
11.7454,688,,,0.576,,,,,,13.2989,r2_measured_01252,read,measured,,,,,0.586,,ok,0.3211
13.8082,689,,,0.7551,,,,,,15.9983,r2_measured_01253,read,measured,,,,,0.9201,,ok,0.4008
12.6138,626,,,0.6527,,,,,,14.5371,r2_measured_01254,read,measured,,,,,0.7595,,ok,0.4197
10.9206,509,,,0.5496,,,,,,12.5252,r2_measured_01255,read,measured,,,,,0.6156,,ok,0.362
11.2636,680,,,0.5407,,,,,,12.9911,r2_measured_01256,read,measured,,,,,0.726,,ok,0.3807
11.7791,679,,,0.6684,,,,,,13.7088,r2_measured_01257,read,measured,,,,,0.8076,,ok,0.3683
10.0465,509,,,0.4822,,,,,,11.5233,r2_measured_01258,read,measured,,,,,0.5475,,ok,0.3687
11.2459,663,,,0.6025,,,,,,12.9332,r2_measured_01259,read,measured,,,,,0.6924,,ok,0.3243
12.0498,674,,,0.5532,,,,,,13.9894,r2_measured_01260,read,measured,,,,,0.9087,,ok,0.3753
10.1435,568,,,0.478,,,,,,11.6904,r2_measured_01261,read,measured,,,,,0.6184,,ok,0.3826
11.0069,567,,,0.5024,,,,,,12.625,r2_measured_01262,read,measured,,,,,0.6406,,ok,0.3983
13.6005,681,,,0.6149,,,,,,17.2782,r2_measured_01263,read,measured,,,,,0.6366,,ok,2.3444
13.6374,627,,,0.466,,,,,,15.1126,r2_measured_01264,read,measured,,,,,0.6061,,ok,0.3336
11.9933,679,,,0.643,,,,,,13.7738,r2_measured_01265,read,measured,,,,,0.6926,,ok,0.3474
11.3456,628,,,0.6594,,,,,,13.4289,r2_measured_01266,read,measured,,,,,0.8486,,ok,0.475
8.7156,368,,,0.2947,,,,,,10.1603,r2_measured_01267,read,measured,,,,,0.6938,,ok,0.3856
13.5991,677,,,0.5866,,,,,,15.2929,r2_measured_01268,read,measured,,,,,0.6722,,ok,0.3458
61.3105,675,14.9962,4.5315,0.5347,2.4378,1,4.5299,1,21.4144,62.8843,r2_measured_01269,update,measured,16.8829,1.5738,1,0.0061,0.6236,22.456,ok,0.3247
11.6504,679,,,0.5643,,,,,,13.1766,r2_measured_01270,read,measured,,,,,0.5775,,ok,0.3245
11.2798,679,,,0.6883,,,,,,13.2967,r2_measured_01271,read,measured,,,,,0.868,,ok,0.3327
13.5491,567,,,0.421,,,,,,14.9694,r2_measured_01272,read,measured,,,,,0.6327,,ok,0.3086
8.8509,509,,,0.4094,,,,,,10.1137,r2_measured_01273,read,measured,,,,,0.4448,,ok,0.3542
11.0729,689,,,0.5108,,,,,,12.7902,r2_measured_01274,read,measured,,,,,0.7223,,ok,0.4061
11.2683,660,,,0.633,,,,,,13.0154,r2_measured_01275,read,measured,,,,,0.6205,,ok,0.423
12.5413,662,,,0.5975,,,,,,14.2202,r2_measured_01276,read,measured,,,,,0.6798,,ok,0.3162
11.1003,628,,,0.435,,,,,,12.4953,r2_measured_01277,read,measured,,,,,0.5722,,ok,0.3242
13.2914,673,,,0.5421,,,,,,14.8276,r2_measured_01278,read,measured,,,,,0.606,,ok,0.3194
8.1936,419,,,0.2642,,,,,,9.3479,r2_measured_01279,read,measured,,,,,0.508,,ok,0.3198
12.7415,662,,,0.5111,,,,,,14.2458,r2_measured_01280,read,measured,,,,,0.6097,,ok,0.3125
13.5098,629,,,0.699,,,,,,15.6224,r2_measured_01281,read,measured,,,,,0.8559,,ok,0.4565
12.9197,567,,,0.8618,,,,,,15.1338,r2_measured_01282,read,measured,,,,,0.6415,,ok,0.6316
11.6591,627,,,0.5278,,,,,,13.1165,r2_measured_01283,read,measured,,,,,0.5374,,ok,0.3254
10.203,509,,,0.4834,,,,,,11.6705,r2_measured_01284,read,measured,,,,,0.5763,,ok,0.3406
7.8165,419,,,0.2378,,,,,,8.8859,r2_measured_01285,read,measured,,,,,0.4659,,ok,0.3131
15.4915,628,,,0.6708,,,,,,17.4818,r2_measured_01286,read,measured,,,,,0.8069,,ok,0.4208
12.9681,624,,,0.4728,,,,,,14.5962,r2_measured_01287,read,measured,,,,,0.6665,,ok,0.4115
11.0211,626,,,0.5012,,,,,,12.5025,r2_measured_01288,read,measured,,,,,0.5492,,ok,0.359
10.7484,625,,,0.5945,,,,,,12.3299,r2_measured_01289,read,measured,,,,,0.6007,,ok,0.3125
11.2367,628,,,0.5093,,,,,,12.7085,r2_measured_01290,read,measured,,,,,0.5737,,ok,0.3216
14.1776,662,,,0.6512,,,,,,16.1148,r2_measured_01291,read,measured,,,,,0.7927,,ok,0.4042
15.0203,681,,,0.5167,,,,,,16.6334,r2_measured_01292,read,measured,,,,,0.6631,,ok,0.36
12.75,628,,,0.6763,,,,,,14.795,r2_measured_01293,read,measured,,,,,0.8152,,ok,0.46
14.4448,681,,,0.5641,,,,,,16.1221,r2_measured_01294,read,measured,,,,,0.6902,,ok,0.3448
11.1073,509,,,0.4194,,,,,,12.6193,r2_measured_01295,read,measured,,,,,0.6402,,ok,0.3855
13.5757,681,,,0.5927,,,,,,15.3728,r2_measured_01296,read,measured,,,,,0.7292,,ok,0.3932
13.7178,663,,,0.5266,,,,,,15.2333,r2_measured_01297,read,measured,,,,,0.5941,,ok,0.3283
12.0122,662,,,0.7042,,,,,,14.4419,r2_measured_01298,read,measured,,,,,1.1584,,ok,0.4565
11.1024,419,,,0.2742,,,,,,12.3382,r2_measured_01299,read,measured,,,,,0.5266,,ok,0.3719
14.1296,567,,,0.474,,,,,,15.6063,r2_measured_01300,read,measured,,,,,0.5989,,ok,0.3312
13.4688,625,,,0.5046,,,,,,15.1033,r2_measured_01301,read,measured,,,,,0.6213,,ok,0.4242
13.44,626,,,0.596,,,,,,15.3842,r2_measured_01302,read,measured,,,,,0.8018,,ok,0.4571
9.7369,416,,,0.2896,,,,,,11.0501,r2_measured_01303,read,measured,,,,,0.5191,,ok,0.4406
12.5746,624,,,0.6186,,,,,,14.2422,r2_measured_01304,read,measured,,,,,0.597,,ok,0.3817
13.9848,663,,,0.5819,,,,,,15.7532,r2_measured_01305,read,measured,,,,,0.7295,,ok,0.3728
11.4621,509,,,0.4472,,,,,,12.9464,r2_measured_01306,read,measured,,,,,0.5789,,ok,0.3904
10.2799,508,,,0.5957,,,,,,11.9305,r2_measured_01307,read,measured,,,,,0.6014,,ok,0.3749
11.9525,679,,,0.5336,,,,,,13.5247,r2_measured_01308,read,measured,,,,,0.613,,ok,0.3515
11.6629,689,,,0.4785,,,,,,13.0793,r2_measured_01309,read,measured,,,,,0.5685,,ok,0.3103
11.6843,662,,,0.5467,,,,,,13.2619,r2_measured_01310,read,measured,,,,,0.6266,,ok,0.3204
12.6135,679,,,0.7241,,,,,,14.6552,r2_measured_01311,read,measured,,,,,0.7949,,ok,0.425
56.4808,673,11.951,4.7083,0.5597,2.8412,0,4.7058,1,20.4241,58.0926,r2_measured_01312,update,measured,15.7158,1.6118,1,0.0061,0.6185,21.2584,ok,0.3573
9.5394,566,,,0.4921,,,,,,11.0158,r2_measured_01313,read,measured,,,,,0.5408,,ok,0.3836
12.7077,677,,,0.5555,,,,,,16.7183,r2_measured_01314,read,measured,,,,,3.0313,,ok,0.3437
71.4643,568,13.498,5.6549,0.5583,2.5284,1,5.6526,1,24.1105,73.0209,r2_measured_01315,update,measured,18.4556,1.5566,1,11.1883,0.5745,20.1391,ok,0.3499
11.5931,628,,,0.5109,,,,,,13.0484,r2_measured_01316,read,measured,,,,,0.5791,,ok,0.3039
8.9899,507,,,0.4277,,,,,,10.3356,r2_measured_01317,read,measured,,,,,0.5294,,ok,0.3223
11.5461,674,,,0.6434,,,,,,13.3993,r2_measured_01318,read,measured,,,,,0.7553,,ok,0.3796
8.339,418,,,0.2281,,,,,,9.4127,r2_measured_01319,read,measured,,,,,0.4386,,ok,0.3593
12.0263,679,,,0.5806,,,,,,13.6168,r2_measured_01320,read,measured,,,,,0.609,,ok,0.3264
8.3163,419,,,0.3597,,,,,,9.7629,r2_measured_01321,read,measured,,,,,0.6147,,ok,0.4071
12.0092,567,,,0.5209,,,,,,13.6683,r2_measured_01322,read,measured,,,,,0.7086,,ok,0.3548
11.7934,624,,,0.4718,,,,,,13.2111,r2_measured_01323,read,measured,,,,,0.5688,,ok,0.3152
12.5774,675,,,0.5971,,,,,,14.3128,r2_measured_01324,read,measured,,,,,0.7031,,ok,0.3634
12.6448,688,,,0.5004,,,,,,14.2187,r2_measured_01325,read,measured,,,,,0.6589,,ok,0.3393
10.5254,566,,,0.5285,,,,,,12.1793,r2_measured_01326,read,measured,,,,,0.6742,,ok,0.3828
11.5353,661,,,0.4514,,,,,,12.9302,r2_measured_01327,read,measured,,,,,0.5607,,ok,0.3204
11.4484,629,,,0.5948,,,,,,13.2191,r2_measured_01328,read,measured,,,,,0.6733,,ok,0.4183
13.0401,679,,,0.5306,,,,,,14.7774,r2_measured_01329,read,measured,,,,,0.7409,,ok,0.3843
12.6638,677,,,0.5661,,,,,,14.3875,r2_measured_01330,read,measured,,,,,0.5899,,ok,0.4629
11.4944,625,,,0.5741,,,,,,13.0546,r2_measured_01331,read,measured,,,,,0.6004,,ok,0.319
69.5111,628,12.2073,8.5705,0.5447,2.3676,1,8.5686,1,36.2049,71.5296,r2_measured_01332,update,measured,27.6344,2.0185,1,0.0055,0.9762,18.7258,ok,0.3782
12.5727,661,,,0.5183,,,,,,14.1679,r2_measured_01333,read,measured,,,,,0.6293,,ok,0.3545
9.1777,507,,,0.3987,,,,,,10.5445,r2_measured_01334,read,measured,,,,,0.4947,,ok,0.4118
9.338,568,,,0.4159,,,,,,10.6887,r2_measured_01335,read,measured,,,,,0.5703,,ok,0.3101
58.0135,416,7.8469,5.2696,0.233,1.6631,1,5.2681,1,22.7804,59.0243,r2_measured_01336,update,measured,17.5108,1.0108,1,11.6064,0.4397,14.1167,ok,0.2909
8.9969,509,,,0.3904,,,,,,10.2498,r2_measured_01337,read,measured,,,,,0.4976,,ok,0.3147
13.6104,688,,,0.6478,,,,,,15.3912,r2_measured_01338,read,measured,,,,,0.6701,,ok,0.3807
11.0223,566,,,0.53,,,,,,12.4752,r2_measured_01339,read,measured,,,,,0.5246,,ok,0.3324
28.4408,625,,,0.6862,,,,,,30.3888,r2_measured_01340,read,measured,,,,,0.7291,,ok,0.4392
12.264,567,,,0.5133,,,,,,13.7526,r2_measured_01341,read,measured,,,,,0.5932,,ok,0.3081
7.8955,419,,,0.2445,,,,,,8.951,r2_measured_01342,read,measured,,,,,0.4551,,ok,0.3026
12.2748,675,,,0.6977,,,,,,14.2678,r2_measured_01343,read,measured,,,,,0.7961,,ok,0.4167
11.2429,567,,,1.5411,,,,,,13.7503,r2_measured_01344,read,measured,,,,,0.5584,,ok,0.3358
9.9353,568,,,0.4121,,,,,,11.2328,r2_measured_01345,read,measured,,,,,0.5173,,ok,0.3132
13.2795,689,,,0.738,,,,,,15.5008,r2_measured_01346,read,measured,,,,,0.9539,,ok,0.4303
8.8786,369,,,0.2612,,,,,,10.0936,r2_measured_01347,read,measured,,,,,0.5198,,ok,0.3744
12.1304,663,,,0.4822,,,,,,13.6679,r2_measured_01348,read,measured,,,,,0.6547,,ok,0.3368
12.3874,679,,,0.5388,,,,,,14.068,r2_measured_01349,read,measured,,,,,0.6662,,ok,0.383
13.5001,688,,,0.5675,,,,,,15.1804,r2_measured_01350,read,measured,,,,,0.6496,,ok,0.3888
12.7608,663,,,0.628,,,,,,14.4695,r2_measured_01351,read,measured,,,,,0.6605,,ok,0.3445
11.9499,679,,,0.5591,,,,,,13.5174,r2_measured_01352,read,measured,,,,,0.6108,,ok,0.3251
13.597,566,,,0.7464,,,,,,15.8923,r2_measured_01353,read,measured,,,,,0.9318,,ok,0.5158
16.5729,673,,,0.6055,,,,,,18.422,r2_measured_01354,read,measured,,,,,0.7658,,ok,0.3939
12.7152,679,,,0.5592,,,,,,14.2872,r2_measured_01355,read,measured,,,,,0.5723,,ok,0.3747
10.1735,368,,,0.4029,,,,,,12.0204,r2_measured_01356,read,measured,,,,,0.8484,,ok,0.5149
14.7325,675,,,0.6692,,,,,,16.5452,r2_measured_01357,read,measured,,,,,0.7224,,ok,0.3493
13.7164,686,,,0.5616,,,,,,15.4919,r2_measured_01358,read,measured,,,,,0.6663,,ok,0.454
10.3763,509,,,0.4361,,,,,,11.7184,r2_measured_01359,read,measured,,,,,0.5378,,ok,0.3132
9.3073,419,,,0.302,,,,,,10.6078,r2_measured_01360,read,measured,,,,,0.4529,,ok,0.4807
16.6604,674,,,0.6415,,,,,,18.477,r2_measured_01361,read,measured,,,,,0.7208,,ok,0.3713
85.3406,661,12.7215,6.7303,0.632,2.2469,1,6.7287,1,29.4391,87.1422,r2_measured_01362,update,measured,22.7088,1.8016,1,17.8242,0.7268,23.1089,ok,0.3499
13.3881,628,,,0.4441,,,,,,14.7843,r2_measured_01363,read,measured,,,,,0.5573,,ok,0.3265
15.1476,688,,,0.5106,,,,,,16.7787,r2_measured_01364,read,measured,,,,,0.7003,,ok,0.3388
15.0271,509,,,0.4421,,,,,,16.5249,r2_measured_01365,read,measured,,,,,0.5951,,ok,0.3841
14.9079,662,,,0.5631,,,,,,16.7505,r2_measured_01366,read,measured,,,,,0.7311,,ok,0.4268
13.3676,679,,,0.5827,,,,,,15.1111,r2_measured_01367,read,measured,,,,,0.6754,,ok,0.4015
9.1959,369,,,0.2693,,,,,,10.3767,r2_measured_01368,read,measured,,,,,0.4739,,ok,0.3808
18.012,680,,,0.6343,,,,,,19.8169,r2_measured_01369,read,measured,,,,,0.6924,,ok,0.3864
16.0866,508,,,0.5967,,,,,,17.7932,r2_measured_01370,read,measured,,,,,0.6456,,ok,0.4011
17.9714,681,,,0.5399,,,,,,19.6007,r2_measured_01371,read,measured,,,,,0.7077,,ok,0.3102
12.2646,417,,,0.2466,,,,,,13.5434,r2_measured_01372,read,measured,,,,,0.4724,,ok,0.4966
14.3732,567,,,0.5037,,,,,,15.9905,r2_measured_01373,read,measured,,,,,0.7031,,ok,0.3162
15.4929,628,,,1.3446,,,,,,18.7774,r2_measured_01374,read,measured,,,,,1.3553,,ok,0.4921
14.7381,628,,,0.5922,,,,,,16.4321,r2_measured_01375,read,measured,,,,,0.6466,,ok,0.376
13.4052,681,,,0.5709,,,,,,15.0171,r2_measured_01376,read,measured,,,,,0.609,,ok,0.3599
8.867,369,,,0.2346,,,,,,10.0055,r2_measured_01377,read,measured,,,,,0.4787,,ok,0.3599
11.3856,418,,,0.3357,,,,,,12.629,r2_measured_01378,read,measured,,,,,0.5168,,ok,0.3268
16.546,567,,,0.4841,,,,,,18.034,r2_measured_01379,read,measured,,,,,0.6168,,ok,0.3169
8.9756,416,,,0.2319,,,,,,9.991,r2_measured_01380,read,measured,,,,,0.4331,,ok,0.3007
11.2627,624,,,0.6512,,,,,,13.3086,r2_measured_01381,read,measured,,,,,0.8713,,ok,0.431
14.7866,661,,,0.6189,,,,,,16.8339,r2_measured_01382,read,measured,,,,,0.916,,ok,0.4271
13.1883,678,,,0.6173,,,,,,15.0342,r2_measured_01383,read,measured,,,,,0.776,,ok,0.3687
12.0113,628,,,0.5404,,,,,,13.7448,r2_measured_01384,read,measured,,,,,0.7256,,ok,0.3835
12.263,661,,,0.5384,,,,,,13.8865,r2_measured_01385,read,measured,,,,,0.6742,,ok,0.3377
11.5665,673,,,0.5591,,,,,,13.1588,r2_measured_01386,read,measured,,,,,0.6243,,ok,0.3311
14.7046,628,,,0.7418,,,,,,17.0284,r2_measured_01387,read,measured,,,,,0.9451,,ok,0.5287
17.9837,673,,,0.6758,,,,,,19.8026,r2_measured_01388,read,measured,,,,,0.7227,,ok,0.3387
7.3611,369,,,0.2115,,,,,,8.3008,r2_measured_01389,read,measured,,,,,0.3863,,ok,0.2992
11.1068,662,,,0.6291,,,,,,12.8406,r2_measured_01390,read,measured,,,,,0.6311,,ok,0.404
10.0067,505,,,0.4734,,,,,,11.6407,r2_measured_01391,read,measured,,,,,0.7187,,ok,0.3701
12.2863,688,,,0.6549,,,,,,14.3484,r2_measured_01392,read,measured,,,,,0.6193,,ok,0.7101
8.9808,508,,,0.626,,,,,,10.8103,r2_measured_01393,read,measured,,,,,0.6893,,ok,0.4474
13.3135,628,,,0.5588,,,,,,15.0133,r2_measured_01394,read,measured,,,,,0.6738,,ok,0.3866
13.8096,687,,,0.6344,,,,,,15.5408,r2_measured_01395,read,measured,,,,,0.6596,,ok,0.3554
12.181,568,,,0.6599,,,,,,13.9998,r2_measured_01396,read,measured,,,,,0.6779,,ok,0.3981
12.1967,629,,,0.4907,,,,,,13.7421,r2_measured_01397,read,measured,,,,,0.6934,,ok,0.3008
10.7535,628,,,0.5449,,,,,,12.2744,r2_measured_01398,read,measured,,,,,0.517,,ok,0.3961
11.6585,629,,,0.5416,,,,,,13.3222,r2_measured_01399,read,measured,,,,,0.6737,,ok,0.3668
10.8548,626,,,0.4445,,,,,,12.3005,r2_measured_01400,read,measured,,,,,0.5485,,ok,0.3763
11.6074,688,,,0.5152,,,,,,13.3248,r2_measured_01401,read,measured,,,,,0.7797,,ok,0.3455
11.0688,628,,,0.4683,,,,,,12.4945,r2_measured_01402,read,measured,,,,,0.5827,,ok,0.2972
10.3128,629,,,0.4526,,,,,,11.6431,r2_measured_01403,read,measured,,,,,0.5058,,ok,0.3137
9.1431,507,,,0.4604,,,,,,10.6523,r2_measured_01404,read,measured,,,,,0.6421,,ok,0.3253
11.3497,679,,,0.5788,,,,,,13.1624,r2_measured_01405,read,measured,,,,,0.7955,,ok,0.3675
12.5215,689,,,0.5407,,,,,,14.2432,r2_measured_01406,read,measured,,,,,0.7734,,ok,0.331
14.0135,628,,,0.5374,,,,,,15.5683,r2_measured_01407,read,measured,,,,,0.6181,,ok,0.3307
9.4568,416,,,0.2355,,,,,,10.5035,r2_measured_01408,read,measured,,,,,0.4506,,ok,0.3107
12.0785,679,,,0.6389,,,,,,13.8457,r2_measured_01409,read,measured,,,,,0.7077,,ok,0.3376
8.5033,417,,,0.2329,,,,,,9.5485,r2_measured_01410,read,measured,,,,,0.4534,,ok,0.3055
11.7145,688,,,0.6043,,,,,,13.3612,r2_measured_01411,read,measured,,,,,0.6369,,ok,0.332
11.7194,662,,,0.6367,,,,,,13.6539,r2_measured_01412,read,measured,,,,,0.831,,ok,0.3834
12.257,628,,,0.4577,,,,,,13.7151,r2_measured_01413,read,measured,,,,,0.6025,,ok,0.3318
8.6912,419,,,0.3253,,,,,,10.0874,r2_measured_01414,read,measured,,,,,0.6134,,ok,0.3854
14.5908,681,,,0.586,,,,,,16.3239,r2_measured_01415,read,measured,,,,,0.7071,,ok,0.3603
14.2597,679,,,0.8325,,,,,,16.6518,r2_measured_01416,read,measured,,,,,0.6668,,ok,0.7917
12.6207,568,,,0.7076,,,,,,14.5198,r2_measured_01417,read,measured,,,,,0.6122,,ok,0.4938
15.7251,681,,,0.7163,,,,,,17.8246,r2_measured_01418,read,measured,,,,,0.8361,,ok,0.4456
15.0594,680,,,0.6519,,,,,,16.9511,r2_measured_01419,read,measured,,,,,0.7533,,ok,0.3969
13.5929,675,,,0.6087,,,,,,15.4113,r2_measured_01420,read,measured,,,,,0.7359,,ok,0.3889
10.6947,506,,,0.5048,,,,,,12.2564,r2_measured_01421,read,measured,,,,,0.6171,,ok,0.368
13.729,681,,,0.5982,,,,,,15.4933,r2_measured_01422,read,measured,,,,,0.715,,ok,0.367
79.5923,419,9.2258,5.4184,0.2713,1.5195,1,5.4163,1,25.503,80.7844,r2_measured_01423,update,measured,20.0846,1.1921,1,28.5158,0.5239,14.8282,ok,0.3343
12.5994,677,,,0.7637,,,,,,14.741,r2_measured_01424,read,measured,,,,,0.7623,,ok,0.5287
10.4204,416,,,0.3184,,,,,,11.8031,r2_measured_01425,read,measured,,,,,0.6044,,ok,0.387
13.0632,567,,,0.5292,,,,,,14.6415,r2_measured_01426,read,measured,,,,,0.6185,,ok,0.3578
14.1183,688,,,0.7256,,,,,,16.1935,r2_measured_01427,read,measured,,,,,0.8276,,ok,0.4262
15.3396,663,,,0.5909,,,,,,17.041,r2_measured_01428,read,measured,,,,,0.6782,,ok,0.3539
13.4565,689,,,0.5133,,,,,,15.0261,r2_measured_01429,read,measured,,,,,0.6228,,ok,0.3524
13.0528,679,,,0.583,,,,,,14.7069,r2_measured_01430,read,measured,,,,,0.6274,,ok,0.3639
8.8569,418,,,0.2726,,,,,,10.0167,r2_measured_01431,read,measured,,,,,0.4886,,ok,0.3447
12.9119,681,,,0.7862,,,,,,14.9122,r2_measured_01432,read,measured,,,,,0.7543,,ok,0.3715
13.8427,678,,,0.6032,,,,,,15.5702,r2_measured_01433,read,measured,,,,,0.6562,,ok,0.3901
12.8951,679,,,0.6278,,,,,,14.6575,r2_measured_01434,read,measured,,,,,0.6836,,ok,0.3667
12.8409,688,,,0.6079,,,,,,14.7274,r2_measured_01435,read,measured,,,,,0.8108,,ok,0.3887
12.5419,660,,,0.5465,,,,,,14.1465,r2_measured_01436,read,measured,,,,,0.629,,ok,0.3562
8.0392,369,,,0.2619,,,,,,9.2043,r2_measured_01437,read,measured,,,,,0.4768,,ok,0.3561
10.3174,628,,,0.5858,,,,,,11.9068,r2_measured_01438,read,measured,,,,,0.563,,ok,0.3768
9.1994,507,,,0.4453,,,,,,10.5362,r2_measured_01439,read,measured,,,,,0.5067,,ok,0.3318
12.336,672,,,0.5566,,,,,,13.9875,r2_measured_01440,read,measured,,,,,0.6761,,ok,0.3402
8.3185,419,,,0.2975,,,,,,9.5518,r2_measured_01441,read,measured,,,,,0.5544,,ok,0.3203
8.9151,507,,,0.4721,,,,,,10.2504,r2_measured_01442,read,measured,,,,,0.508,,ok,0.301
12.2853,679,,,0.5724,,,,,,14.0947,r2_measured_01443,read,measured,,,,,0.7582,,ok,0.3861
8.9128,418,,,0.2722,,,,,,10.0256,r2_measured_01444,read,measured,,,,,0.4478,,ok,0.3376
12.0852,679,,,0.5116,,,,,,13.625,r2_measured_01445,read,measured,,,,,0.6018,,ok,0.3507
8.2039,418,,,0.2967,,,,,,9.6341,r2_measured_01446,read,measured,,,,,0.5225,,ok,0.5374
13.2085,689,,,0.6026,,,,,,14.8243,r2_measured_01447,read,measured,,,,,0.6239,,ok,0.3226
12.5638,688,,,2.7336,,,,,,16.4029,r2_measured_01448,read,measured,,,,,0.6876,,ok,0.3393
18.4072,567,,,0.441,,,,,,19.7829,r2_measured_01449,read,measured,,,,,0.5576,,ok,0.3112
35.426,369,,,0.2031,,,,,,36.4268,r2_measured_01450,read,measured,,,,,0.4368,,ok,0.3061
10.4762,417,,,0.3834,,,,,,12.178,r2_measured_01451,read,measured,,,,,0.7238,,ok,0.5121
16.9664,662,,,0.5533,,,,,,18.551,r2_measured_01452,read,measured,,,,,0.6487,,ok,0.3144
12.0758,662,,,0.6119,,,,,,13.8051,r2_measured_01453,read,measured,,,,,0.7051,,ok,0.3401
71.7883,680,12.4422,5.2053,0.6333,2.511,1,5.2036,1,24.6122,73.664,r2_measured_01454,update,measured,19.4069,1.8757,1,11.4951,0.7942,20.7278,ok,0.3696
12.2618,679,,,0.5736,,,,,,13.817,r2_measured_01455,read,measured,,,,,0.5917,,ok,0.33
11.4292,661,,,0.5821,,,,,,13.0032,r2_measured_01456,read,measured,,,,,0.5463,,ok,0.3541
9.1424,509,,,0.3917,,,,,,10.4352,r2_measured_01457,read,measured,,,,,0.5216,,ok,0.3197
12.0979,680,,,0.6509,,,,,,13.7687,r2_measured_01458,read,measured,,,,,0.6108,,ok,0.3286
12.783,679,,,0.6071,,,,,,14.6078,r2_measured_01459,read,measured,,,,,0.7256,,ok,0.4037
13.5966,673,,,0.6293,,,,,,15.4501,r2_measured_01460,read,measured,,,,,0.6485,,ok,0.4806
11.0742,568,,,0.5325,,,,,,12.7133,r2_measured_01461,read,measured,,,,,0.6418,,ok,0.3819
18.2388,680,,,0.5806,,,,,,19.9053,r2_measured_01462,read,measured,,,,,0.641,,ok,0.3742
12.229,674,,,0.6666,,,,,,13.9831,r2_measured_01463,read,measured,,,,,0.6052,,ok,0.3982
8.0248,419,,,0.2908,,,,,,9.2731,r2_measured_01464,read,measured,,,,,0.537,,ok,0.357
11.6451,674,,,0.6883,,,,,,13.3538,r2_measured_01465,read,measured,,,,,0.5973,,ok,0.3465
14.5736,686,,,0.6534,,,,,,16.5936,r2_measured_01466,read,measured,,,,,0.815,,ok,0.4538
18.1887,678,,,0.6333,,,,,,20.1296,r2_measured_01467,read,measured,,,,,0.8659,,ok,0.3556
9.7712,508,,,0.4529,,,,,,11.2053,r2_measured_01468,read,measured,,,,,0.5727,,ok,0.3353
7.1573,368,,,0.266,,,,,,8.3456,r2_measured_01469,read,measured,,,,,0.5035,,ok,0.3628
13.6922,624,,,0.5845,,,,,,15.4953,r2_measured_01470,read,measured,,,,,0.7369,,ok,0.3911
17.8928,568,,,0.5805,,,,,,20.301,r2_measured_01471,read,measured,,,,,0.5931,,ok,1.147
18.1586,681,,,0.7996,,,,,,24.5257,r2_measured_01472,read,measured,,,,,2.9771,,ok,0.4844
14.3203,568,,,0.6103,,,,,,16.0423,r2_measured_01473,read,measured,,,,,0.6572,,ok,0.3743
8.4213,368,,,0.2271,,,,,,9.5423,r2_measured_01474,read,measured,,,,,0.5018,,ok,0.3323
9.1719,508,,,0.5146,,,,,,10.6503,r2_measured_01475,read,measured,,,,,0.5241,,ok,0.3759
7.05,369,,,0.2274,,,,,,8.0345,r2_measured_01476,read,measured,,,,,0.3933,,ok,0.3184
10.3693,568,,,0.4323,,,,,,11.8199,r2_measured_01477,read,measured,,,,,0.598,,ok,0.3344
12.5624,679,,,0.6802,,,,,,14.4001,r2_measured_01478,read,measured,,,,,0.7016,,ok,0.373
10.915,566,,,0.52,,,,,,12.5064,r2_measured_01479,read,measured,,,,,0.6544,,ok,0.3448
11.4937,568,,,0.4738,,,,,,13.0255,r2_measured_01480,read,measured,,,,,0.6234,,ok,0.3647
8.212,419,,,0.2557,,,,,,9.416,r2_measured_01481,read,measured,,,,,0.5225,,ok,0.3619
13.8406,661,,,0.5812,,,,,,15.5666,r2_measured_01482,read,measured,,,,,0.727,,ok,0.3336
10.7064,418,,,0.3497,,,,,,11.8405,r2_measured_01483,read,measured,,,,,0.4288,,ok,0.3013
11.0355,678,,,0.6046,,,,,,12.6369,r2_measured_01484,read,measured,,,,,0.6147,,ok,0.3187
8.1373,368,,,0.2515,,,,,,9.2717,r2_measured_01485,read,measured,,,,,0.481,,ok,0.3412
11.0066,567,,,0.5215,,,,,,12.4997,r2_measured_01486,read,measured,,,,,0.5671,,ok,0.3366
12.7477,679,,,0.7069,,,,,,14.9704,r2_measured_01487,read,measured,,,,,0.8618,,ok,0.526
13.7876,681,,,0.6327,,,,,,15.6534,r2_measured_01488,read,measured,,,,,0.7493,,ok,0.3762
11.5542,679,,,0.4796,,,,,,12.9729,r2_measured_01489,read,measured,,,,,0.5364,,ok,0.3331
7.8213,416,,,0.2989,,,,,,9.1563,r2_measured_01490,read,measured,,,,,0.6213,,ok,0.3452
11.6038,625,,,0.5185,,,,,,13.2175,r2_measured_01491,read,measured,,,,,0.6686,,ok,0.3512
10.2037,568,,,0.4311,,,,,,11.5172,r2_measured_01492,read,measured,,,,,0.5126,,ok,0.3128
13.3368,673,,,0.5665,,,,,,15.146,r2_measured_01493,read,measured,,,,,0.7538,,ok,0.4032
12.788,680,,,0.4989,,,,,,14.2865,r2_measured_01494,read,measured,,,,,0.6007,,ok,0.3299
11.3738,663,,,0.6235,,,,,,13.1869,r2_measured_01495,read,measured,,,,,0.7553,,ok,0.3526
17.4702,662,,,0.4672,,,,,,18.9255,r2_measured_01496,read,measured,,,,,0.5955,,ok,0.3214
13.3653,418,,,0.2905,,,,,,14.6067,r2_measured_01497,read,measured,,,,,0.522,,ok,0.3608
11.5479,624,,,0.4834,,,,,,13.0666,r2_measured_01498,read,measured,,,,,0.6313,,ok,0.3376
11.7218,688,,,0.5057,,,,,,13.1913,r2_measured_01499,read,measured,,,,,0.5593,,ok,0.3362
10.9912,628,,,0.6769,,,,,,12.8445,r2_measured_01500,read,measured,,,,,0.7198,,ok,0.3822
14.342,680,,,0.6617,,,,,,16.19,r2_measured_01501,read,measured,,,,,0.6957,,ok,0.4094
9.602,419,,,0.353,,,,,,10.9242,r2_measured_01502,read,measured,,,,,0.5482,,ok,0.3488
10.284,508,,,0.5324,,,,,,11.7943,r2_measured_01503,read,measured,,,,,0.5381,,ok,0.3715
12.5266,679,,,0.5265,,,,,,13.9623,r2_measured_01504,read,measured,,,,,0.5521,,ok,0.2979
11.7577,679,,,0.4947,,,,,,13.3216,r2_measured_01505,read,measured,,,,,0.6648,,ok,0.3292
11.9016,628,,,0.5106,,,,,,13.3745,r2_measured_01506,read,measured,,,,,0.5538,,ok,0.3414
14.0199,688,,,0.604,,,,,,15.7192,r2_measured_01507,read,measured,,,,,0.6509,,ok,0.3456
10.1285,508,,,0.4901,,,,,,11.5683,r2_measured_01508,read,measured,,,,,0.5398,,ok,0.3425
13.296,661,,,0.5132,,,,,,14.8276,r2_measured_01509,read,measured,,,,,0.5766,,ok,0.3657
13.546,688,,,0.7518,,,,,,15.8267,r2_measured_01510,read,measured,,,,,0.8962,,ok,0.5247
12.3281,567,,,0.514,,,,,,13.859,r2_measured_01511,read,measured,,,,,0.6018,,ok,0.3455
8.916,417,,,0.2859,,,,,,10.162,r2_measured_01512,read,measured,,,,,0.5439,,ok,0.3462
16.026,673,,,0.5568,,,,,,17.7652,r2_measured_01513,read,measured,,,,,0.7197,,ok,0.3849
20.1926,689,,,0.5552,,,,,,21.8489,r2_measured_01514,read,measured,,,,,0.6892,,ok,0.3308
10.2833,509,,,0.5762,,,,,,12.0708,r2_measured_01515,read,measured,,,,,0.7049,,ok,0.4354
66.102,508,10.099,4.9107,0.4976,1.7849,1,4.9073,1,23.6723,67.5633,r2_measured_01516,update,measured,18.7616,1.4613,1,12.2691,0.5659,18.2767,ok,0.3407
11.1021,625,,,0.5236,,,,,,12.7208,r2_measured_01517,read,measured,,,,,0.6913,,ok,0.3282
15.4453,679,,,0.5766,,,,,,17.0122,r2_measured_01518,read,measured,,,,,0.6106,,ok,0.3146
8.8612,509,,,0.4898,,,,,,10.3885,r2_measured_01519,read,measured,,,,,0.6036,,ok,0.3724
12.1013,627,,,0.5986,,,,,,13.6511,r2_measured_01520,read,measured,,,,,0.5833,,ok,0.2964
10.8437,568,,,0.5722,,,,,,12.5841,r2_measured_01521,read,measured,,,,,0.7355,,ok,0.3618
12.2174,628,,,0.5222,,,,,,13.7428,r2_measured_01522,read,measured,,,,,0.5824,,ok,0.3454
11.8351,687,,,0.4348,,,,,,13.2036,r2_measured_01523,read,measured,,,,,0.5529,,ok,0.3164
12.1665,689,,,0.6054,,,,,,14.1432,r2_measured_01524,read,measured,,,,,0.7472,,ok,0.5283
8.7641,416,,,0.3217,,,,,,10.009,r2_measured_01525,read,measured,,,,,0.5046,,ok,0.3496
10.2347,566,,,0.4725,,,,,,11.5578,r2_measured_01526,read,measured,,,,,0.4785,,ok,0.3155
11.931,688,,,0.5504,,,,,,13.674,r2_measured_01527,read,measured,,,,,0.736,,ok,0.3668
11.1792,628,,,0.4748,,,,,,12.6331,r2_measured_01528,read,measured,,,,,0.5929,,ok,0.3212
7.6239,418,,,0.307,,,,,,8.7889,r2_measured_01529,read,measured,,,,,0.4949,,ok,0.3117
13.456,679,,,0.6381,,,,,,15.5713,r2_measured_01530,read,measured,,,,,0.9885,,ok,0.3963
12.5433,688,,,0.5383,,,,,,14.1238,r2_measured_01531,read,measured,,,,,0.6436,,ok,0.3278
9.8149,368,,,0.2026,,,,,,10.8018,r2_measured_01532,read,measured,,,,,0.4447,,ok,0.294
8.3125,419,,,0.288,,,,,,9.6413,r2_measured_01533,read,measured,,,,,0.5601,,ok,0.4131
13.0048,662,,,0.5785,,,,,,14.8039,r2_measured_01534,read,measured,,,,,0.7394,,ok,0.404
10.2151,507,,,0.5192,,,,,,11.8697,r2_measured_01535,read,measured,,,,,0.6702,,ok,0.3887
12.4996,567,,,0.5641,,,,,,14.1291,r2_measured_01536,read,measured,,,,,0.6221,,ok,0.3689
12.4424,678,,,0.5133,,,,,,13.9296,r2_measured_01537,read,measured,,,,,0.5918,,ok,0.3175
10.2482,565,,,0.4559,,,,,,11.6875,r2_measured_01538,read,measured,,,,,0.5693,,ok,0.3408
10.1444,567,,,0.4328,,,,,,11.5785,r2_measured_01539,read,measured,,,,,0.5615,,ok,0.3614
7.5928,419,,,0.2391,,,,,,8.6744,r2_measured_01540,read,measured,,,,,0.4609,,ok,0.3312
12.0585,624,,,0.5661,,,,,,13.7401,r2_measured_01541,read,measured,,,,,0.7184,,ok,0.3269
29.0984,675,,,0.5021,,,,,,30.7194,r2_measured_01542,read,measured,,,,,0.7214,,ok,0.3193
12.1681,687,,,0.5374,,,,,,13.8127,r2_measured_01543,read,measured,,,,,0.6763,,ok,0.3557
11.596,672,,,0.5767,,,,,,13.1946,r2_measured_01544,read,measured,,,,,0.6012,,ok,0.3527
12.1505,681,,,0.5551,,,,,,13.802,r2_measured_01545,read,measured,,,,,0.6672,,ok,0.3539
12.0581,679,,,0.5817,,,,,,13.6493,r2_measured_01546,read,measured,,,,,0.6073,,ok,0.3362
58.4601,627,12.8753,3.9188,0.5935,2.385,0,3.9171,1,24.275,60.2719,r2_measured_01547,update,measured,20.3562,1.8118,1,0.006,0.6788,18.9188,ok,0.4632
8.6515,369,,,0.278,,,,,,9.8398,r2_measured_01548,read,measured,,,,,0.485,,ok,0.3685
8.6523,416,,,0.2644,,,,,,9.838,r2_measured_01549,read,measured,,,,,0.5247,,ok,0.3315
8.7801,368,,,0.2226,,,,,,9.862,r2_measured_01550,read,measured,,,,,0.4748,,ok,0.3051
14.8238,680,,,0.588,,,,,,16.6283,r2_measured_01551,read,measured,,,,,0.7416,,ok,0.3886
14.1399,679,,,0.5381,,,,,,15.8477,r2_measured_01552,read,measured,,,,,0.7491,,ok,0.3442
77.3583,680,13.6643,4.741,0.6786,2.345,1,4.7393,1,26.3129,79.1597,r2_measured_01553,update,measured,21.5719,1.8014,1,13.3474,0.6518,21.6887,ok,0.3929
12.9086,626,,,0.55,,,,,,14.4736,r2_measured_01554,read,measured,,,,,0.5893,,ok,0.3505
10.3272,506,,,0.4646,,,,,,11.8565,r2_measured_01555,read,measured,,,,,0.606,,ok,0.3904
13.0595,661,,,0.6238,,,,,,14.8336,r2_measured_01556,read,measured,,,,,0.6947,,ok,0.3671
13.5438,661,,,0.6463,,,,,,15.2329,r2_measured_01557,read,measured,,,,,0.6432,,ok,0.3317
66.1489,626,12.7671,5.0668,0.5167,2.5375,1,5.0652,1,19.8127,67.633,r2_measured_01558,update,measured,14.7459,1.4841,1,11.6497,0.5749,19.3819,ok,0.3256
11.8818,688,,,0.613,,,,,,13.5854,r2_measured_01559,read,measured,,,,,0.6599,,ok,0.3574
11.3982,626,,,0.5794,,,,,,12.9581,r2_measured_01560,read,measured,,,,,0.5836,,ok,0.3224
7.3466,368,,,0.3413,,,,,,8.7409,r2_measured_01561,read,measured,,,,,0.5991,,ok,0.392
13.0943,660,,,0.5874,,,,,,14.8193,r2_measured_01562,read,measured,,,,,0.677,,ok,0.3808
42.704,369,8.2686,4.6409,0.2557,1.4905,0,4.6391,1,21.0868,43.8531,r2_measured_01563,update,measured,16.4459,1.1491,1,0.0054,0.5257,11.8527,ok,0.3193
10.558,629,,,0.5457,,,,,,12.2122,r2_measured_01564,read,measured,,,,,0.7136,,ok,0.3276
12.3507,689,,,0.5292,,,,,,13.9002,r2_measured_01565,read,measured,,,,,0.613,,ok,0.323
10.1598,567,,,0.4608,,,,,,11.5502,r2_measured_01566,read,measured,,,,,0.5565,,ok,0.3104
13.6466,680,,,0.8443,,,,,,15.837,r2_measured_01567,read,measured,,,,,0.7697,,ok,0.4277
9.4597,418,,,0.3329,,,,,,10.7546,r2_measured_01568,read,measured,,,,,0.529,,ok,0.3646
11.7599,679,,,0.5285,,,,,,13.3285,r2_measured_01569,read,measured,,,,,0.6394,,ok,0.3292
11.8676,679,,,0.6106,,,,,,13.6473,r2_measured_01570,read,measured,,,,,0.728,,ok,0.3551
12.7995,681,,,0.4686,,,,,,14.2343,r2_measured_01571,read,measured,,,,,0.5873,,ok,0.3109
13.2434,677,,,0.6528,,,,,,15.1761,r2_measured_01572,read,measured,,,,,0.8239,,ok,0.3726
15.184,679,,,0.5824,,,,,,16.9663,r2_measured_01573,read,measured,,,,,0.7315,,ok,0.3861
12.997,688,,,0.5569,,,,,,14.6253,r2_measured_01574,read,measured,,,,,0.6675,,ok,0.3324
12.6865,679,,,0.6161,,,,,,14.4394,r2_measured_01575,read,measured,,,,,0.6619,,ok,0.3925
12.3856,680,,,0.5309,,,,,,13.9548,r2_measured_01576,read,measured,,,,,0.6443,,ok,0.3248
7.6825,368,,,0.2881,,,,,,9.1345,r2_measured_01577,read,measured,,,,,0.7309,,ok,0.361
12.9408,679,,,0.5938,,,,,,14.5709,r2_measured_01578,read,measured,,,,,0.6001,,ok,0.3551
11.7082,681,,,0.5064,,,,,,13.159,r2_measured_01579,read,measured,,,,,0.5556,,ok,0.3239
17.2707,680,,,0.7284,,,,,,19.491,r2_measured_01580,read,measured,,,,,0.9043,,ok,0.4839
15.4818,687,,,0.6242,,,,,,17.499,r2_measured_01581,read,measured,,,,,0.8913,,ok,0.4096
10.5541,509,,,0.4798,,,,,,11.9815,r2_measured_01582,read,measured,,,,,0.5401,,ok,0.3403
8.7893,509,,,0.6628,,,,,,10.5293,r2_measured_01583,read,measured,,,,,0.6409,,ok,0.3753
9.0785,504,,,0.4992,,,,,,10.7064,r2_measured_01584,read,measured,,,,,0.6333,,ok,0.4201
9.566,419,,,0.3888,,,,,,10.9252,r2_measured_01585,read,measured,,,,,0.5352,,ok,0.3696
11.0925,661,,,0.5442,,,,,,12.6615,r2_measured_01586,read,measured,,,,,0.624,,ok,0.3393
12.9925,689,,,0.8995,,,,,,15.4532,r2_measured_01587,read,measured,,,,,0.93,,ok,0.519
16.7764,681,,,0.5451,,,,,,18.3757,r2_measured_01588,read,measured,,,,,0.6415,,ok,0.3343
21.63,679,,,0.6611,,,,,,23.5378,r2_measured_01589,read,measured,,,,,0.7404,,ok,0.4156
19.4144,678,,,0.6837,,,,,,21.2283,r2_measured_01590,read,measured,,,,,0.6975,,ok,0.34
84.2626,674,13.8436,8.5202,0.5715,2.776,1,8.518,1,34.2337,86.0478,r2_measured_01591,update,measured,25.7135,1.7852,1,11.4298,0.6537,21.9795,ok,0.4791
11.5449,628,,,0.504,,,,,,13.1748,r2_measured_01592,read,measured,,,,,0.7163,,ok,0.3325
12.0672,688,,,0.5449,,,,,,13.7948,r2_measured_01593,read,measured,,,,,0.7229,,ok,0.3792
10.4154,626,,,0.5266,,,,,,12.0457,r2_measured_01594,read,measured,,,,,0.6785,,ok,0.3635
12.1351,662,,,0.5726,,,,,,13.785,r2_measured_01595,read,measured,,,,,0.6716,,ok,0.3185
23.2292,680,,,0.7429,,,,,,25.0014,r2_measured_01596,read,measured,,,,,0.6227,,ok,0.3266
11.2467,507,,,0.4692,,,,,,12.6384,r2_measured_01597,read,measured,,,,,0.5296,,ok,0.3224
11.4581,679,,,0.5111,,,,,,13.046,r2_measured_01598,read,measured,,,,,0.648,,ok,0.3578
11.4745,628,,,0.4716,,,,,,12.9569,r2_measured_01599,read,measured,,,,,0.5963,,ok,0.3397
12.1287,681,,,0.5626,,,,,,13.9626,r2_measured_01600,read,measured,,,,,0.8292,,ok,0.3627
11.2995,628,,,0.5294,,,,,,12.8901,r2_measured_01601,read,measured,,,,,0.6471,,ok,0.3295
9.3072,509,,,0.4581,,,,,,10.7147,r2_measured_01602,read,measured,,,,,0.5221,,ok,0.3505
11.1561,681,,,0.5576,,,,,,12.6717,r2_measured_01603,read,measured,,,,,0.5315,,ok,0.3578
11.8012,679,,,0.5718,,,,,,13.5379,r2_measured_01604,read,measured,,,,,0.7689,,ok,0.3131
20.0654,661,,,0.4996,,,,,,21.6297,r2_measured_01605,read,measured,,,,,0.6529,,ok,0.3234
13.4734,661,,,0.533,,,,,,15.1193,r2_measured_01606,read,measured,,,,,0.6899,,ok,0.3433
12.55,662,,,0.6298,,,,,,14.434,r2_measured_01607,read,measured,,,,,0.7807,,ok,0.3887
12.8889,661,,,0.6816,,,,,,14.7739,r2_measured_01608,read,measured,,,,,0.7257,,ok,0.385
12.2753,673,,,0.5929,,,,,,13.8662,r2_measured_01609,read,measured,,,,,0.5839,,ok,0.3356
6.7615,369,,,0.2725,,,,,,7.9578,r2_measured_01610,read,measured,,,,,0.4815,,ok,0.3971
11.1854,675,,,0.6323,,,,,,13.0419,r2_measured_01611,read,measured,,,,,0.727,,ok,0.3898
12.5147,688,,,0.6494,,,,,,14.2924,r2_measured_01612,read,measured,,,,,0.6823,,ok,0.3675
11.6743,661,,,0.5278,,,,,,13.2979,r2_measured_01613,read,measured,,,,,0.694,,ok,0.3276
8.4764,419,,,0.2701,,,,,,9.6399,r2_measured_01614,read,measured,,,,,0.5155,,ok,0.3162
13.2062,680,,,0.6466,,,,,,15.1652,r2_measured_01615,read,measured,,,,,0.8133,,ok,0.4096
15.0751,678,,,0.6436,,,,,,16.8754,r2_measured_01616,read,measured,,,,,0.7168,,ok,0.3554
12.0984,675,,,0.8938,,,,,,14.4691,r2_measured_01617,read,measured,,,,,0.9175,,ok,0.474
11.1424,506,,,0.4417,,,,,,12.7424,r2_measured_01618,read,measured,,,,,0.74,,ok,0.3394
11.6709,674,,,0.5752,,,,,,13.2201,r2_measured_01619,read,measured,,,,,0.5873,,ok,0.3224
11.9686,679,,,0.5365,,,,,,13.5593,r2_measured_01620,read,measured,,,,,0.6242,,ok,0.3592
12.4282,688,,,0.573,,,,,,14.1188,r2_measured_01621,read,measured,,,,,0.683,,ok,0.3503
12.5359,674,,,0.5093,,,,,,14.0637,r2_measured_01622,read,measured,,,,,0.6216,,ok,0.3255
11.9952,680,,,0.7387,,,,,,13.9989,r2_measured_01623,read,measured,,,,,0.7334,,ok,0.3932
10.5115,565,,,0.7359,,,,,,12.5052,r2_measured_01624,read,measured,,,,,0.6695,,ok,0.5026
10.9352,509,,,0.4357,,,,,,12.3438,r2_measured_01625,read,measured,,,,,0.5564,,ok,0.3555
61.4155,419,8.2795,5.8806,0.2337,1.5492,1,5.8786,1,24.7992,62.4237,r2_measured_01626,update,measured,18.9186,1.0082,1,12.0765,0.4228,14.7111,ok,0.3053
12.4582,680,,,0.4932,,,,,,13.9662,r2_measured_01627,read,measured,,,,,0.6236,,ok,0.3184
9.2588,508,,,0.4138,,,,,,10.5231,r2_measured_01628,read,measured,,,,,0.466,,ok,0.3255
11.5225,681,,,0.615,,,,,,13.2355,r2_measured_01629,read,measured,,,,,0.6598,,ok,0.3675
12.837,688,,,0.6435,,,,,,14.6558,r2_measured_01630,read,measured,,,,,0.634,,ok,0.4563
12.185,681,,,0.629,,,,,,13.9187,r2_measured_01631,read,measured,,,,,0.6806,,ok,0.354
10.1731,509,,,0.4573,,,,,,11.752,r2_measured_01632,read,measured,,,,,0.6545,,ok,0.3854
12.8025,672,,,0.5286,,,,,,14.3806,r2_measured_01633,read,measured,,,,,0.6273,,ok,0.3536
11.4388,662,,,0.4279,,,,,,12.927,r2_measured_01634,read,measured,,,,,0.5448,,ok,0.4411
8.0105,417,,,0.3642,,,,,,9.3896,r2_measured_01635,read,measured,,,,,0.5702,,ok,0.3775
13.9514,680,,,0.532,,,,,,15.5965,r2_measured_01636,read,measured,,,,,0.6948,,ok,0.3443
10.0788,566,,,0.5852,,,,,,11.735,r2_measured_01637,read,measured,,,,,0.6722,,ok,0.3284
11.9227,661,,,0.5391,,,,,,13.6131,r2_measured_01638,read,measured,,,,,0.6957,,ok,0.3822
12.162,681,,,0.4781,,,,,,13.567,r2_measured_01639,read,measured,,,,,0.561,,ok,0.306
79.3954,674,15.7934,5.5226,0.6214,2.3581,1,5.5207,1,28.4732,81.1143,r2_measured_01640,update,measured,22.9506,1.7189,1,12.5909,0.6497,20.1798,ok,0.3642
13.4399,678,,,0.4725,,,,,,14.8969,r2_measured_01641,read,measured,,,,,0.5806,,ok,0.3366
10.328,368,,,0.2598,,,,,,11.5377,r2_measured_01642,read,measured,,,,,0.5628,,ok,0.3267
72.062,626,14.4138,8.5595,0.5449,2.5847,0,8.5574,1,37.4679,73.5363,r2_measured_01643,update,measured,28.9084,1.4743,1,0.0056,0.5389,17.59,ok,0.3193
11.966,674,,,0.5686,,,,,,13.6176,r2_measured_01644,read,measured,,,,,0.6781,,ok,0.3305
11.2946,508,,,0.4963,,,,,,12.7993,r2_measured_01645,read,measured,,,,,0.6229,,ok,0.3191
14.2576,568,,,0.4579,,,,,,15.8531,r2_measured_01646,read,measured,,,,,0.7076,,ok,0.366
13.9855,679,,,0.5366,,,,,,15.7095,r2_measured_01647,read,measured,,,,,0.7735,,ok,0.3338
11.0185,628,,,0.6815,,,,,,12.8754,r2_measured_01648,read,measured,,,,,0.6459,,ok,0.444
47.749,419,9.3817,4.0913,0.2346,1.461,1,4.0892,1,21.8726,48.8179,r2_measured_01649,update,measured,17.7813,1.0689,1,0.0083,0.471,15.0254,ok,0.3149
11.3701,566,,,0.4719,,,,,,12.8336,r2_measured_01650,read,measured,,,,,0.5781,,ok,0.3412
9.3929,508,,,0.48,,,,,,10.9015,r2_measured_01651,read,measured,,,,,0.5859,,ok,0.3815
8.5575,416,,,0.2351,,,,,,9.5305,r2_measured_01652,read,measured,,,,,0.3848,,ok,0.3078
11.7615,679,,,0.5761,,,,,,13.3559,r2_measured_01653,read,measured,,,,,0.6002,,ok,0.3442
10.7973,628,,,0.6342,,,,,,12.6422,r2_measured_01654,read,measured,,,,,0.7131,,ok,0.4225
11.7813,508,,,0.5464,,,,,,13.4316,r2_measured_01655,read,measured,,,,,0.6701,,ok,0.3622
11.3839,626,,,0.5618,,,,,,12.9245,r2_measured_01656,read,measured,,,,,0.5815,,ok,0.329
7.3798,416,,,0.2543,,,,,,8.4672,r2_measured_01657,read,measured,,,,,0.4624,,ok,0.3218
13.0408,679,,,0.6033,,,,,,14.8985,r2_measured_01658,read,measured,,,,,0.8198,,ok,0.3525
11.6072,629,,,0.5517,,,,,,13.1866,r2_measured_01659,read,measured,,,,,0.594,,ok,0.368
12.6874,674,,,0.9301,,,,,,14.8645,r2_measured_01660,read,measured,,,,,0.7363,,ok,0.4205
9.114,418,,,0.2711,,,,,,10.3427,r2_measured_01661,read,measured,,,,,0.5363,,ok,0.3597
8.8261,419,,,0.2785,,,,,,9.9892,r2_measured_01662,read,measured,,,,,0.5031,,ok,0.3306
11.2678,660,,,0.5791,,,,,,12.841,r2_measured_01663,read,measured,,,,,0.5829,,ok,0.3403
9.2228,507,,,0.5633,,,,,,10.9365,r2_measured_01664,read,measured,,,,,0.5919,,ok,0.4852
8.3805,369,,,0.2172,,,,,,9.4166,r2_measured_01665,read,measured,,,,,0.4604,,ok,0.3096
8.9705,508,,,0.4702,,,,,,10.3364,r2_measured_01666,read,measured,,,,,0.5294,,ok,0.3105
14.5878,508,,,0.6114,,,,,,16.3824,r2_measured_01667,read,measured,,,,,0.6661,,ok,0.4446
10.7053,504,,,0.5129,,,,,,12.1299,r2_measured_01668,read,measured,,,,,0.5155,,ok,0.3376
12.0319,679,,,0.7127,,,,,,13.9947,r2_measured_01669,read,measured,,,,,0.7186,,ok,0.4413
12.2482,680,,,0.6511,,,,,,13.9506,r2_measured_01670,read,measured,,,,,0.6434,,ok,0.3356
12.8372,509,,,1.03,,,,,,15.0103,r2_measured_01671,read,measured,,,,,0.6795,,ok,0.3849
12.6942,680,,,0.5188,,,,,,14.3005,r2_measured_01672,read,measured,,,,,0.6788,,ok,0.3331
10.9471,663,,,0.5375,,,,,,12.5493,r2_measured_01673,read,measured,,,,,0.6474,,ok,0.3451
8.6547,419,,,0.2743,,,,,,9.8054,r2_measured_01674,read,measured,,,,,0.4948,,ok,0.3211
7.9973,419,,,0.2608,,,,,,9.0959,r2_measured_01675,read,measured,,,,,0.4769,,ok,0.3107
11.828,675,,,0.6025,,,,,,13.5482,r2_measured_01676,read,measured,,,,,0.6661,,ok,0.3803
11.6635,628,,,0.5328,,,,,,13.237,r2_measured_01677,read,measured,,,,,0.6271,,ok,0.336
60.9252,663,13.1621,5.1225,0.5748,2.3981,1,5.1201,1,21.7785,62.7268,r2_measured_01678,update,measured,16.656,1.8016,1,0.0058,0.7285,23.5807,ok,0.4147
12.261,680,,,0.5079,,,,,,13.7647,r2_measured_01679,read,measured,,,,,0.6123,,ok,0.3145
86.0807,663,14.2968,14.144,0.4963,2.2564,1,14.142,1,34.8449,87.6601,r2_measured_01680,update,measured,20.7009,1.5794,1,12.3348,0.6788,22.3478,ok,0.3225
9.4833,417,,,0.2357,,,,,,10.5086,r2_measured_01681,read,measured,,,,,0.4294,,ok,0.3108
12.9449,679,,,0.6081,,,,,,14.9504,r2_measured_01682,read,measured,,,,,0.7871,,ok,0.5138
13.5534,661,,,0.5184,,,,,,15.2605,r2_measured_01683,read,measured,,,,,0.7208,,ok,0.38
12.1515,680,,,0.4948,,,,,,13.7298,r2_measured_01684,read,measured,,,,,0.6459,,ok,0.3655
12.4963,679,,,0.5869,,,,,,14.1667,r2_measured_01685,read,measured,,,,,0.6447,,ok,0.3618
11.8982,681,,,0.5233,,,,,,13.3869,r2_measured_01686,read,measured,,,,,0.5633,,ok,0.3363
7.1614,369,,,0.2069,,,,,,8.1589,r2_measured_01687,read,measured,,,,,0.4278,,ok,0.3173
11.909,678,,,0.5986,,,,,,13.5266,r2_measured_01688,read,measured,,,,,0.6199,,ok,0.3256
66.675,627,13.3695,3.7989,0.5248,2.3387,1,3.797,1,17.7424,68.2636,r2_measured_01689,update,measured,13.9435,1.5886,1,13.6258,0.6416,19.5986,ok,0.3446
8.4162,419,,,0.276,,,,,,9.7664,r2_measured_01690,read,measured,,,,,0.5228,,ok,0.4757
11.7256,679,,,0.5425,,,,,,13.4636,r2_measured_01691,read,measured,,,,,0.7694,,ok,0.3452
12.4367,679,,,0.5811,,,,,,14.063,r2_measured_01692,read,measured,,,,,0.6205,,ok,0.3543
13.8503,677,,,0.6075,,,,,,15.5728,r2_measured_01693,read,measured,,,,,0.6516,,ok,0.3829
13.1756,661,,,0.6699,,,,,,15.0368,r2_measured_01694,read,measured,,,,,0.78,,ok,0.3346
13.025,677,,,0.5177,,,,,,14.5923,r2_measured_01695,read,measured,,,,,0.5553,,ok,0.4169
14.5359,662,,,0.628,,,,,,16.4181,r2_measured_01696,read,measured,,,,,0.7682,,ok,0.393
13.7068,674,,,0.6873,,,,,,15.6115,r2_measured_01697,read,measured,,,,,0.7424,,ok,0.3879
8.7701,416,,,0.3787,,,,,,10.3567,r2_measured_01698,read,measured,,,,,0.6093,,ok,0.5229
12.8117,678,,,0.4933,,,,,,14.3723,r2_measured_01699,read,measured,,,,,0.6731,,ok,0.3204
14.0263,677,,,0.5342,,,,,,15.6329,r2_measured_01700,read,measured,,,,,0.6482,,ok,0.3418
14.0887,675,,,0.5214,,,,,,15.699,r2_measured_01701,read,measured,,,,,0.6518,,ok,0.3549
12.7696,628,,,0.5588,,,,,,14.3679,r2_measured_01702,read,measured,,,,,0.6665,,ok,0.3049
11.0015,508,,,0.4214,,,,,,12.4043,r2_measured_01703,read,measured,,,,,0.5832,,ok,0.3339
13.3433,681,,,0.7181,,,,,,15.545,r2_measured_01704,read,measured,,,,,0.9259,,ok,0.4591
67.2191,509,11.3796,6.4897,0.453,2.2741,0,6.4863,1,25.2175,68.7776,r2_measured_01705,update,measured,18.7278,1.5585,1,11.5624,0.6606,16.7855,ok,0.3746
13.0706,680,,,0.4969,,,,,,14.6685,r2_measured_01706,read,measured,,,,,0.666,,ok,0.3498
11.4031,661,,,0.5136,,,,,,12.8474,r2_measured_01707,read,measured,,,,,0.5419,,ok,0.3211
10.1859,627,,,0.7381,,,,,,12.179,r2_measured_01708,read,measured,,,,,0.7395,,ok,0.4316
12.4362,661,,,0.5848,,,,,,14.2192,r2_measured_01709,read,measured,,,,,0.7473,,ok,0.3695
12.6866,628,,,0.5759,,,,,,14.3448,r2_measured_01710,read,measured,,,,,0.61,,ok,0.397
14.0139,678,,,0.5508,,,,,,15.7761,r2_measured_01711,read,measured,,,,,0.8069,,ok,0.3292
77.2253,680,12.3701,10.4739,0.5413,2.1381,1,10.472,1,28.9746,78.8692,r2_measured_01712,update,measured,18.5007,1.6439,1,11.9639,0.7071,21.7786,ok,0.3284
10.748,568,,,0.6693,,,,,,12.7442,r2_measured_01713,read,measured,,,,,0.7662,,ok,0.4734
13.6307,681,,,0.5513,,,,,,15.3232,r2_measured_01714,read,measured,,,,,0.6842,,ok,0.3788
14.5046,680,,,0.6731,,,,,,16.3146,r2_measured_01715,read,measured,,,,,0.6777,,ok,0.3745
9.2706,416,,,0.2744,,,,,,10.5435,r2_measured_01716,read,measured,,,,,0.5796,,ok,0.3599
9.0843,507,,,0.4634,,,,,,10.4887,r2_measured_01717,read,measured,,,,,0.5111,,ok,0.3734
12.9473,689,,,0.6406,,,,,,14.7455,r2_measured_01718,read,measured,,,,,0.7159,,ok,0.3502
12.3727,674,,,0.5011,,,,,,13.8497,r2_measured_01719,read,measured,,,,,0.5916,,ok,0.3161
9.2287,509,,,0.4618,,,,,,10.683,r2_measured_01720,read,measured,,,,,0.5582,,ok,0.3605
10.7627,567,,,0.4822,,,,,,12.2127,r2_measured_01721,read,measured,,,,,0.5692,,ok,0.3273
11.902,675,,,0.5599,,,,,,13.5273,r2_measured_01722,read,measured,,,,,0.6095,,ok,0.3838
13.0506,663,,,0.5559,,,,,,14.7516,r2_measured_01723,read,measured,,,,,0.7148,,ok,0.347
71.9545,680,15.4843,6.482,0.4846,2.6555,1,6.4794,1,34.7976,73.5482,r2_measured_01724,update,measured,28.3156,1.5937,1,0.006,0.7103,19.0111,ok,0.3264
9.8052,567,,,0.4284,,,,,,11.1435,r2_measured_01725,read,measured,,,,,0.5133,,ok,0.341
7.4567,419,,,0.2114,,,,,,8.3927,r2_measured_01726,read,measured,,,,,0.3958,,ok,0.2867
13.4209,509,,,0.4367,,,,,,14.8851,r2_measured_01727,read,measured,,,,,0.6422,,ok,0.3164
8.8168,509,,,0.4201,,,,,,10.1437,r2_measured_01728,read,measured,,,,,0.5376,,ok,0.3122
12.7047,677,,,0.6659,,,,,,14.6221,r2_measured_01729,read,measured,,,,,0.7975,,ok,0.3691
9.6972,418,,,0.2622,,,,,,10.8813,r2_measured_01730,read,measured,,,,,0.5257,,ok,0.3338
12.3125,681,,,0.6786,,,,,,14.2272,r2_measured_01731,read,measured,,,,,0.8054,,ok,0.3558
12.0696,680,,,0.4772,,,,,,13.575,r2_measured_01732,read,measured,,,,,0.6345,,ok,0.319
8.6447,416,,,0.3078,,,,,,9.9991,r2_measured_01733,read,measured,,,,,0.6081,,ok,0.3778
15.1782,627,,,0.6234,,,,,,16.9281,r2_measured_01734,read,measured,,,,,0.6793,,ok,0.3643
11.5733,505,,,0.5308,,,,,,13.1391,r2_measured_01735,read,measured,,,,,0.6042,,ok,0.3621
9.9149,508,,,0.4912,,,,,,11.4934,r2_measured_01736,read,measured,,,,,0.5649,,ok,0.4515
12.5889,419,,,0.2888,,,,,,13.8537,r2_measured_01737,read,measured,,,,,0.5717,,ok,0.3395
14.7949,509,,,0.6273,,,,,,16.5544,r2_measured_01738,read,measured,,,,,0.6468,,ok,0.4079
9.0643,369,,,0.2726,,,,,,10.4218,r2_measured_01739,read,measured,,,,,0.6215,,ok,0.397
13.8255,679,,,0.6173,,,,,,15.5303,r2_measured_01740,read,measured,,,,,0.6656,,ok,0.3436
9.569,419,,,0.303,,,,,,10.8144,r2_measured_01741,read,measured,,,,,0.4802,,ok,0.3985
13.2785,663,,,0.6259,,,,,,15.1068,r2_measured_01742,read,measured,,,,,0.6981,,ok,0.4185
11.7596,509,,,0.4372,,,,,,13.2636,r2_measured_01743,read,measured,,,,,0.6318,,ok,0.3657
11.5834,567,,,0.64,,,,,,13.3753,r2_measured_01744,read,measured,,,,,0.6911,,ok,0.3805
24.7955,628,,,0.6731,,,,,,26.7746,r2_measured_01745,read,measured,,,,,0.8064,,ok,0.4153
16.7671,688,,,0.5934,,,,,,18.5365,r2_measured_01746,read,measured,,,,,0.7141,,ok,0.3713
13.719,689,,,0.6078,,,,,,15.422,r2_measured_01747,read,measured,,,,,0.6606,,ok,0.3554
11.7886,567,,,0.5617,,,,,,13.4631,r2_measured_01748,read,measured,,,,,0.6812,,ok,0.3541
66.9367,417,10.0229,6.1208,0.2716,1.9383,1,6.1187,1,27.2983,68.2088,r2_measured_01749,update,measured,21.1775,1.2721,1,12.8743,0.5634,14.8029,ok,0.3715
11.819,628,,,0.5999,,,,,,13.5129,r2_measured_01750,read,measured,,,,,0.6171,,ok,0.4061
12.3703,628,,,0.5122,,,,,,14.0074,r2_measured_01751,read,measured,,,,,0.6908,,ok,0.3485
12.2187,663,,,0.6609,,,,,,14.1852,r2_measured_01752,read,measured,,,,,0.7881,,ok,0.4355
19.4748,661,,,0.4966,,,,,,21.0499,r2_measured_01753,read,measured,,,,,0.6873,,ok,0.3158
19.2633,568,,,0.5139,,,,,,20.7228,r2_measured_01754,read,measured,,,,,0.5626,,ok,0.3194
10.289,568,,,0.4895,,,,,,11.8155,r2_measured_01755,read,measured,,,,,0.6503,,ok,0.3201
10.0421,568,,,0.5073,,,,,,11.574,r2_measured_01756,read,measured,,,,,0.5967,,ok,0.3682
13.6195,673,,,0.6198,,,,,,15.5029,r2_measured_01757,read,measured,,,,,0.773,,ok,0.4085
12.0625,679,,,0.4746,,,,,,13.5303,r2_measured_01758,read,measured,,,,,0.6112,,ok,0.3178
11.1324,662,,,0.4707,,,,,,12.6715,r2_measured_01759,read,measured,,,,,0.699,,ok,0.3108
13.2928,680,,,0.5603,,,,,,15.0591,r2_measured_01760,read,measured,,,,,0.7482,,ok,0.3745
9.3115,417,,,0.2551,,,,,,10.6196,r2_measured_01761,read,measured,,,,,0.4745,,ok,0.5185
11.8009,681,,,0.6517,,,,,,13.6257,r2_measured_01762,read,measured,,,,,0.7453,,ok,0.353
9.4048,509,,,0.4814,,,,,,10.8593,r2_measured_01763,read,measured,,,,,0.5725,,ok,0.3345
13.4967,660,,,0.4734,,,,,,15.0115,r2_measured_01764,read,measured,,,,,0.6416,,ok,0.3347
7.4925,369,,,0.2552,,,,,,8.6725,r2_measured_01765,read,measured,,,,,0.5228,,ok,0.3154
80.9551,680,15.2544,5.1171,0.593,3.0412,1,5.115,1,24.1805,82.6641,r2_measured_01766,update,measured,19.0634,1.709,1,14.4307,0.6679,24.0483,ok,0.3665
9.1523,417,,,0.2766,,,,,,10.3346,r2_measured_01767,read,measured,,,,,0.5087,,ok,0.3372
13.1478,688,,,0.6558,,,,,,14.8992,r2_measured_01768,read,measured,,,,,0.658,,ok,0.3558
9.9676,419,,,0.261,,,,,,11.1856,r2_measured_01769,read,measured,,,,,0.5311,,ok,0.3444
13.5372,688,,,0.6398,,,,,,15.5107,r2_measured_01770,read,measured,,,,,0.7579,,ok,0.4677
11.3798,417,,,0.2715,,,,,,12.541,r2_measured_01771,read,measured,,,,,0.4905,,ok,0.3366
12.6575,663,,,0.5328,,,,,,14.2673,r2_measured_01772,read,measured,,,,,0.6614,,ok,0.3439
12.2083,629,,,0.5772,,,,,,13.8483,r2_measured_01773,read,measured,,,,,0.6098,,ok,0.3748
12.9454,504,,,0.5719,,,,,,14.6781,r2_measured_01774,read,measured,,,,,0.677,,ok,0.4053
17.6558,678,,,0.6016,,,,,,19.4442,r2_measured_01775,read,measured,,,,,0.7385,,ok,0.3671
13.3644,509,,,0.6168,,,,,,14.9849,r2_measured_01776,read,measured,,,,,0.6028,,ok,0.3384
20.2823,679,,,0.4932,,,,,,21.7829,r2_measured_01777,read,measured,,,,,0.6106,,ok,0.3095
17.0898,689,,,0.6931,,,,,,19.0381,r2_measured_01778,read,measured,,,,,0.7702,,ok,0.4018
14.4953,674,,,0.5081,,,,,,16.1307,r2_measured_01779,read,measured,,,,,0.7261,,ok,0.327
11.643,568,,,0.5366,,,,,,13.1472,r2_measured_01780,read,measured,,,,,0.5587,,ok,0.3506
13.8576,661,,,0.6662,,,,,,15.6778,r2_measured_01781,read,measured,,,,,0.6711,,ok,0.3999
13.455,678,,,0.5188,,,,,,14.9223,r2_measured_01782,read,measured,,,,,0.5843,,ok,0.3016
10.1669,369,,,0.2613,,,,,,11.3811,r2_measured_01783,read,measured,,,,,0.563,,ok,0.3234
11.864,568,,,0.575,,,,,,13.5689,r2_measured_01784,read,measured,,,,,0.6737,,ok,0.3827
22.4831,679,,,0.6194,,,,,,24.2406,r2_measured_01785,read,measured,,,,,0.6977,,ok,0.3606
79.6491,678,16.3563,11.1138,0.5333,2.466,1,11.1112,1,41.3711,81.255,r2_measured_01786,update,measured,30.2573,1.6059,1,0.0062,0.6411,19.4495,ok,0.3569
15.1128,680,,,0.5205,,,,,,16.6485,r2_measured_01787,read,measured,,,,,0.6024,,ok,0.334
7.1534,368,,,0.2026,,,,,,8.0996,r2_measured_01788,read,measured,,,,,0.4052,,ok,0.2912
15.2509,679,,,0.7701,,,,,,17.1997,r2_measured_01789,read,measured,,,,,0.6919,,ok,0.4021
12.8359,628,,,0.5179,,,,,,14.3986,r2_measured_01790,read,measured,,,,,0.5713,,ok,0.3398
13.8369,679,,,0.7426,,,,,,15.7333,r2_measured_01791,read,measured,,,,,0.6655,,ok,0.407
13.9496,662,,,0.674,,,,,,15.8819,r2_measured_01792,read,measured,,,,,0.7029,,ok,0.46
13.1549,626,,,0.581,,,,,,14.8037,r2_measured_01793,read,measured,,,,,0.6337,,ok,0.3564
11.5509,568,,,0.6016,,,,,,13.2749,r2_measured_01794,read,measured,,,,,0.682,,ok,0.3642
13.9702,679,,,0.5293,,,,,,15.7897,r2_measured_01795,read,measured,,,,,0.7094,,ok,0.484
16.9151,673,,,0.5745,,,,,,18.4939,r2_measured_01796,read,measured,,,,,0.6213,,ok,0.3137
66.6827,419,11.72,8.1638,0.2703,2.0158,1,8.1618,1,22.5856,67.9062,r2_measured_01797,update,measured,14.4218,1.2235,1,12.3133,0.5415,18.048,ok,0.346
10.2858,504,,,0.4662,,,,,,11.6176,r2_measured_01798,read,measured,,,,,0.49,,ok,0.3156
8.0519,369,,,0.2034,,,,,,9.0848,r2_measured_01799,read,measured,,,,,0.3699,,ok,0.4067
14.2434,680,,,0.5488,,,,,,16.0031,r2_measured_01800,read,measured,,,,,0.6486,,ok,0.482
10.7911,628,,,0.5738,,,,,,12.511,r2_measured_01801,read,measured,,,,,0.7095,,ok,0.3665
11.9461,509,,,0.5282,,,,,,13.6544,r2_measured_01802,read,measured,,,,,0.7146,,ok,0.3807
10.9471,568,,,0.4699,,,,,,12.3484,r2_measured_01803,read,measured,,,,,0.561,,ok,0.3139
60.2178,507,10.6812,4.9021,0.4539,2.1809,1,4.8997,1,19.195,61.6544,r2_measured_01804,update,measured,14.2929,1.4366,1,11.1999,0.5653,16.9608,ok,0.3426
69.8459,662,13.5756,4.5345,0.762,3.0135,0,4.5303,1,18.3896,72.0073,r2_measured_01805,update,measured,13.8551,2.1614,1,12.3646,0.7505,22.5026,ok,0.5425
11.5983,627,,,0.5958,,,,,,13.4025,r2_measured_01806,read,measured,,,,,0.8263,,ok,0.3225
12.1478,673,,,0.5196,,,,,,13.6546,r2_measured_01807,read,measured,,,,,0.5974,,ok,0.3155
16.9686,663,,,0.5734,,,,,,18.5096,r2_measured_01808,read,measured,,,,,0.5793,,ok,0.3238
9.8598,566,,,0.5049,,,,,,11.32,r2_measured_01809,read,measured,,,,,0.5536,,ok,0.3298
8.9905,417,,,0.2568,,,,,,10.1982,r2_measured_01810,read,measured,,,,,0.5955,,ok,0.3002
15.0913,688,,,0.7268,,,,,,17.105,r2_measured_01811,read,measured,,,,,0.7975,,ok,0.3944
12.8602,679,,,0.562,,,,,,14.5056,r2_measured_01812,read,measured,,,,,0.6671,,ok,0.3435
11.7233,680,,,0.4808,,,,,,13.2171,r2_measured_01813,read,measured,,,,,0.6027,,ok,0.3448
10.85,567,,,0.4566,,,,,,12.2437,r2_measured_01814,read,measured,,,,,0.5656,,ok,0.3027
61.7213,508,9.7315,4.3373,0.4499,1.6755,1,4.3354,1,22.1129,63.0814,r2_measured_01815,update,measured,17.7756,1.3601,1,11.6306,0.5096,16.5708,ok,0.3144
10.9204,567,,,0.5264,,,,,,12.5157,r2_measured_01816,read,measured,,,,,0.6657,,ok,0.3364
12.0225,680,,,1.2393,,,,,,15.1121,r2_measured_01817,read,measured,,,,,1.1794,,ok,0.5332
15.2734,675,,,0.5559,,,,,,17.1216,r2_measured_01818,read,measured,,,,,0.8461,,ok,0.3667
12.951,663,,,0.6406,,,,,,14.7383,r2_measured_01819,read,measured,,,,,0.6571,,ok,0.4002
13.9621,674,,,0.4984,,,,,,15.5102,r2_measured_01820,read,measured,,,,,0.6227,,ok,0.3451
12.8455,662,,,0.557,,,,,,14.5659,r2_measured_01821,read,measured,,,,,0.6938,,ok,0.3939
13.5832,629,,,0.5104,,,,,,15.1841,r2_measured_01822,read,measured,,,,,0.6674,,ok,0.3473
12.2915,680,,,0.5586,,,,,,13.9892,r2_measured_01823,read,measured,,,,,0.6692,,ok,0.3951
77.818,675,14.1864,4.507,0.6038,2.5187,1,4.5042,1,27.4072,79.5541,r2_measured_01824,update,measured,22.9002,1.7361,1,12.5218,0.6725,21.1839,ok,0.3779
9.8157,566,,,0.4003,,,,,,11.1122,r2_measured_01825,read,measured,,,,,0.5286,,ok,0.3117
12.0816,680,,,0.6506,,,,,,13.9854,r2_measured_01826,read,measured,,,,,0.7507,,ok,0.4198
15.2378,687,,,0.5515,,,,,,16.8691,r2_measured_01827,read,measured,,,,,0.6564,,ok,0.3404
9.335,509,,,0.4433,,,,,,10.7709,r2_measured_01828,read,measured,,,,,0.6234,,ok,0.3073
11.278,681,,,0.4981,,,,,,12.8827,r2_measured_01829,read,measured,,,,,0.7132,,ok,0.3203
10.2576,568,,,0.614,,,,,,11.9815,r2_measured_01830,read,measured,,,,,0.6341,,ok,0.4074
11.4336,627,,,0.5055,,,,,,13.0462,r2_measured_01831,read,measured,,,,,0.6638,,ok,0.3742
13.306,677,,,0.547,,,,,,15.1137,r2_measured_01832,read,measured,,,,,0.7697,,ok,0.4047
11.9771,624,,,0.4792,,,,,,13.4261,r2_measured_01833,read,measured,,,,,0.5904,,ok,0.3184
11.978,663,,,0.7225,,,,,,14.1287,r2_measured_01834,read,measured,,,,,0.8012,,ok,0.5351
13.4553,685,,,0.5348,,,,,,15.0865,r2_measured_01835,read,measured,,,,,0.6558,,ok,0.3596
15.1375,509,,,0.4557,,,,,,16.6418,r2_measured_01836,read,measured,,,,,0.6364,,ok,0.3349
69.0201,680,13.7263,6.2976,0.5723,2.61,1,6.2954,1,21.339,70.6198,r2_measured_01837,update,measured,15.0414,1.5997,1,12.8523,0.6318,18.4925,ok,0.3186
7.8955,416,,,0.2346,,,,,,8.9634,r2_measured_01838,read,measured,,,,,0.4384,,ok,0.3411
16.0562,663,,,0.6036,,,,,,17.9243,r2_measured_01839,read,measured,,,,,0.7489,,ok,0.4292
8.0485,417,,,0.3256,,,,,,9.4974,r2_measured_01840,read,measured,,,,,0.4659,,ok,0.595
11.4855,568,,,0.5022,,,,,,13.0438,r2_measured_01841,read,measured,,,,,0.6289,,ok,0.3684
12.0895,663,,,0.6536,,,,,,13.9472,r2_measured_01842,read,measured,,,,,0.7366,,ok,0.374
8.5568,369,,,0.2897,,,,,,9.9086,r2_measured_01843,read,measured,,,,,0.4497,,ok,0.5464
10.9898,629,,,0.4519,,,,,,12.413,r2_measured_01844,read,measured,,,,,0.5235,,ok,0.3345
7.581,417,,,0.2869,,,,,,8.7982,r2_measured_01845,read,measured,,,,,0.5278,,ok,0.3389
68.75,509,10.1403,7.4705,0.4754,1.6895,1,7.4687,1,27.5971,70.2482,r2_measured_01846,update,measured,20.1266,1.4982,1,12.3446,0.5853,16.9785,ok,0.3668
12.5934,680,,,0.6113,,,,,,14.1744,r2_measured_01847,read,measured,,,,,0.5934,,ok,0.3085
7.667,419,,,0.228,,,,,,8.7005,r2_measured_01848,read,measured,,,,,0.4231,,ok,0.3301
10.4436,567,,,0.5734,,,,,,12.1064,r2_measured_01849,read,measured,,,,,0.6499,,ok,0.3615
12.7084,688,,,0.4976,,,,,,14.2416,r2_measured_01850,read,measured,,,,,0.6227,,ok,0.3433
12.6127,679,,,0.5836,,,,,,14.4374,r2_measured_01851,read,measured,,,,,0.7721,,ok,0.3806
8.609,369,,,0.2386,,,,,,9.729,r2_measured_01852,read,measured,,,,,0.4932,,ok,0.336
11.7811,663,,,0.5379,,,,,,13.4501,r2_measured_01853,read,measured,,,,,0.6378,,ok,0.4237
10.8314,661,,,0.5318,,,,,,12.5564,r2_measured_01854,read,measured,,,,,0.6654,,ok,0.4425
11.5624,679,,,0.6245,,,,,,13.3398,r2_measured_01855,read,measured,,,,,0.7218,,ok,0.348
9.3648,509,,,0.4503,,,,,,10.6722,r2_measured_01856,read,measured,,,,,0.4833,,ok,0.3148
11.6818,680,,,0.6514,,,,,,13.4323,r2_measured_01857,read,measured,,,,,0.668,,ok,0.3563
11.8102,685,,,0.6094,,,,,,13.4962,r2_measured_01858,read,measured,,,,,0.6484,,ok,0.3559
11.7172,661,,,0.5998,,,,,,13.4361,r2_measured_01859,read,measured,,,,,0.7136,,ok,0.3262
11.8654,679,,,0.5298,,,,,,13.4026,r2_measured_01860,read,measured,,,,,0.5973,,ok,0.3377
11.8762,680,,,0.548,,,,,,13.4789,r2_measured_01861,read,measured,,,,,0.6156,,ok,0.3664
12.4439,628,,,0.5262,,,,,,14.087,r2_measured_01862,read,measured,,,,,0.6756,,ok,0.363
12.1215,674,,,0.4699,,,,,,13.5175,r2_measured_01863,read,measured,,,,,0.5459,,ok,0.3172
11.5059,680,,,0.6038,,,,,,13.2592,r2_measured_01864,read,measured,,,,,0.7077,,ok,0.3587
8.574,419,,,0.3633,,,,,,10.0444,r2_measured_01865,read,measured,,,,,0.5594,,ok,0.4778
12.8862,660,,,0.6288,,,,,,14.6254,r2_measured_01866,read,measured,,,,,0.6465,,ok,0.3904
12.9068,679,,,0.4899,,,,,,14.3961,r2_measured_01867,read,measured,,,,,0.5918,,ok,0.3309
14.6319,568,,,0.4561,,,,,,16.0691,r2_measured_01868,read,measured,,,,,0.5754,,ok,0.3375
12.7825,627,,,0.5019,,,,,,14.2987,r2_measured_01869,read,measured,,,,,0.6008,,ok,0.338
21.8826,689,,,0.5759,,,,,,23.6736,r2_measured_01870,read,measured,,,,,0.7282,,ok,0.395
10.2271,419,,,0.3255,,,,,,11.6283,r2_measured_01871,read,measured,,,,,0.5964,,ok,0.4052
14.5104,627,,,0.5782,,,,,,16.2013,r2_measured_01872,read,measured,,,,,0.6535,,ok,0.38
11.7009,679,,,0.5197,,,,,,13.2151,r2_measured_01873,read,measured,,,,,0.5837,,ok,0.3282
11.6682,680,,,0.5137,,,,,,13.2459,r2_measured_01874,read,measured,,,,,0.6802,,ok,0.3107
10.8527,627,,,0.7533,,,,,,13.0981,r2_measured_01875,read,measured,,,,,0.9949,,ok,0.4144
13.0986,689,,,0.5584,,,,,,14.733,r2_measured_01876,read,measured,,,,,0.6594,,ok,0.3375
11.6415,688,,,0.5242,,,,,,13.1445,r2_measured_01877,read,measured,,,,,0.5899,,ok,0.3252
8.9876,504,,,0.4653,,,,,,10.5814,r2_measured_01878,read,measured,,,,,0.6702,,ok,0.3772
12.4602,681,,,0.9581,,,,,,15.0711,r2_measured_01879,read,measured,,,,,0.6387,,ok,0.8762
12.1717,686,,,0.799,,,,,,14.3288,r2_measured_01880,read,measured,,,,,0.7453,,ok,0.5245
11.8473,568,,,0.6003,,,,,,13.5749,r2_measured_01881,read,measured,,,,,0.6367,,ok,0.4138
7.7249,368,,,0.2522,,,,,,8.8402,r2_measured_01882,read,measured,,,,,0.4851,,ok,0.3204
69.0854,679,14.5654,7.3983,0.497,2.2201,1,7.3961,1,31.6971,70.5506,r2_measured_01883,update,measured,24.2988,1.4652,1,0.0055,0.581,20.5973,ok,0.3243
13.6618,662,,,0.7421,,,,,,16.002,r2_measured_01884,read,measured,,,,,1.0093,,ok,0.4773
13.7712,566,,,0.5401,,,,,,15.5056,r2_measured_01885,read,measured,,,,,0.6949,,ok,0.4266
9.5591,419,,,0.324,,,,,,10.8698,r2_measured_01886,read,measured,,,,,0.5642,,ok,0.3515
13.7719,675,,,0.7393,,,,,,15.7667,r2_measured_01887,read,measured,,,,,0.7675,,ok,0.4051
14.158,679,,,0.7157,,,,,,16.2888,r2_measured_01888,read,measured,,,,,0.9832,,ok,0.3466
14.9271,680,,,0.6165,,,,,,16.7691,r2_measured_01889,read,measured,,,,,0.7297,,ok,0.4067
10.2816,369,,,0.2661,,,,,,11.4999,r2_measured_01890,read,measured,,,,,0.5077,,ok,0.3833
14.3591,679,,,0.6118,,,,,,16.1799,r2_measured_01891,read,measured,,,,,0.7197,,ok,0.3991
14.3018,680,,,0.5946,,,,,,16.0515,r2_measured_01892,read,measured,,,,,0.6786,,ok,0.4007
11.6847,509,,,0.5203,,,,,,13.261,r2_measured_01893,read,measured,,,,,0.5975,,ok,0.3824
15.5694,568,,,0.5069,,,,,,17.042,r2_measured_01894,read,measured,,,,,0.5496,,ok,0.3503
12.3166,627,,,0.5467,,,,,,14.1773,r2_measured_01895,read,measured,,,,,0.6952,,ok,0.5166
11.2049,567,,,0.5022,,,,,,12.6597,r2_measured_01896,read,measured,,,,,0.5612,,ok,0.327
11.6305,679,,,0.4847,,,,,,13.1238,r2_measured_01897,read,measured,,,,,0.6159,,ok,0.3213
17.22,675,,,0.5198,,,,,,18.7782,r2_measured_01898,read,measured,,,,,0.614,,ok,0.3467
10.7362,628,,,0.4486,,,,,,12.1451,r2_measured_01899,read,measured,,,,,0.5775,,ok,0.3185
11.356,663,,,0.5378,,,,,,13.0134,r2_measured_01900,read,measured,,,,,0.6747,,ok,0.3595
11.8853,662,,,0.4711,,,,,,13.3128,r2_measured_01901,read,measured,,,,,0.5641,,ok,0.3267
10.9807,661,,,0.6623,,,,,,12.8085,r2_measured_01902,read,measured,,,,,0.6731,,ok,0.4044
12.3534,680,,,0.5542,,,,,,13.9923,r2_measured_01903,read,measured,,,,,0.647,,ok,0.3489
13.1846,686,,,0.4791,,,,,,14.6791,r2_measured_01904,read,measured,,,,,0.6257,,ok,0.3242
11.7836,689,,,0.545,,,,,,13.3821,r2_measured_01905,read,measured,,,,,0.6464,,ok,0.3303
14.7451,680,,,0.657,,,,,,16.5032,r2_measured_01906,read,measured,,,,,0.6447,,ok,0.3828
11.218,509,,,0.4428,,,,,,12.7,r2_measured_01907,read,measured,,,,,0.5933,,ok,0.3736
9.4964,418,,,0.3532,,,,,,10.843,r2_measured_01908,read,measured,,,,,0.5443,,ok,0.3856
13.664,681,,,0.579,,,,,,15.326,r2_measured_01909,read,measured,,,,,0.664,,ok,0.3493
9.2244,419,,,0.2945,,,,,,10.3932,r2_measured_01910,read,measured,,,,,0.5044,,ok,0.3088
8.4057,368,,,0.2159,,,,,,9.4302,r2_measured_01911,read,measured,,,,,0.4367,,ok,0.3221
8.0835,368,,,0.2164,,,,,,9.1245,r2_measured_01912,read,measured,,,,,0.4418,,ok,0.3345
11.7326,679,,,0.5041,,,,,,13.2552,r2_measured_01913,read,measured,,,,,0.5884,,ok,0.3507
13.0476,628,,,0.6724,,,,,,15.0192,r2_measured_01914,read,measured,,,,,0.7846,,ok,0.434
16.2127,688,,,0.5221,,,,,,17.8219,r2_measured_01915,read,measured,,,,,0.6481,,ok,0.3519
13.4385,662,,,0.5074,,,,,,15.0168,r2_measured_01916,read,measured,,,,,0.6728,,ok,0.3233
9.5641,369,,,0.2503,,,,,,10.7305,r2_measured_01917,read,measured,,,,,0.5386,,ok,0.316
10.6356,504,,,0.4235,,,,,,12.0117,r2_measured_01918,read,measured,,,,,0.5141,,ok,0.3733
15.5733,689,,,0.5856,,,,,,17.1502,r2_measured_01919,read,measured,,,,,0.5956,,ok,0.3267
13.5363,677,,,0.5769,,,,,,15.1796,r2_measured_01920,read,measured,,,,,0.615,,ok,0.361
17.0117,686,,,0.6192,,,,,,18.8076,r2_measured_01921,read,measured,,,,,0.6658,,ok,0.4324
14.2441,663,,,0.6309,,,,,,15.9236,r2_measured_01922,read,measured,,,,,0.6387,,ok,0.3318
9.7833,508,,,0.4428,,,,,,11.1115,r2_measured_01923,read,measured,,,,,0.5044,,ok,0.3215
15.2023,628,,,0.6244,,,,,,17.0423,r2_measured_01924,read,measured,,,,,0.6805,,ok,0.4483
14.4351,678,,,0.5722,,,,,,16.1012,r2_measured_01925,read,measured,,,,,0.6406,,ok,0.3776
13.428,661,,,0.5791,,,,,,15.1709,r2_measured_01926,read,measured,,,,,0.7092,,ok,0.3721
14.013,681,,,0.5915,,,,,,15.7376,r2_measured_01927,read,measured,,,,,0.6559,,ok,0.4021
12.3659,567,,,0.5417,,,,,,13.906,r2_measured_01928,read,measured,,,,,0.5693,,ok,0.3468
12.7604,663,,,0.6045,,,,,,14.5414,r2_measured_01929,read,measured,,,,,0.7098,,ok,0.3882
10.9369,509,,,0.4936,,,,,,12.4034,r2_measured_01930,read,measured,,,,,0.5609,,ok,0.3512
12.3037,629,,,0.6293,,,,,,13.9939,r2_measured_01931,read,measured,,,,,0.613,,ok,0.3672
12.2235,568,,,0.5393,,,,,,14.0089,r2_measured_01932,read,measured,,,,,0.7149,,ok,0.4526
12.2492,627,,,0.6521,,,,,,14.1119,r2_measured_01933,read,measured,,,,,0.7681,,ok,0.3552
14.4461,679,,,0.584,,,,,,16.3467,r2_measured_01934,read,measured,,,,,0.8469,,ok,0.3936
11.5036,509,,,0.5453,,,,,,13.1551,r2_measured_01935,read,measured,,,,,0.637,,ok,0.3892
12.9249,566,,,0.5162,,,,,,14.4759,r2_measured_01936,read,measured,,,,,0.5886,,ok,0.3685
8.3932,369,,,0.241,,,,,,9.5485,r2_measured_01937,read,measured,,,,,0.5115,,ok,0.3473
13.4578,681,,,0.5679,,,,,,15.2366,r2_measured_01938,read,measured,,,,,0.7913,,ok,0.34
13.4239,688,,,0.6345,,,,,,15.2327,r2_measured_01939,read,measured,,,,,0.7394,,ok,0.3563
9.9264,419,,,0.3353,,,,,,11.3641,r2_measured_01940,read,measured,,,,,0.654,,ok,0.3814
11.8992,628,,,0.5832,,,,,,13.6006,r2_measured_01941,read,measured,,,,,0.6185,,ok,0.423
9.246,419,,,0.2436,,,,,,10.2886,r2_measured_01942,read,measured,,,,,0.439,,ok,0.3125
12.6935,567,,,0.5511,,,,,,14.3656,r2_measured_01943,read,measured,,,,,0.7036,,ok,0.3401
13.5664,689,,,0.5786,,,,,,15.27,r2_measured_01944,read,measured,,,,,0.6767,,ok,0.3716
14.9525,674,,,0.5984,,,,,,16.7649,r2_measured_01945,read,measured,,,,,0.7446,,ok,0.383
12.715,568,,,0.488,,,,,,14.3174,r2_measured_01946,read,measured,,,,,0.6747,,ok,0.3661
13.8693,662,,,0.6099,,,,,,15.8723,r2_measured_01947,read,measured,,,,,0.918,,ok,0.3897
14.976,680,,,0.5432,,,,,,16.5171,r2_measured_01948,read,measured,,,,,0.5912,,ok,0.331
11.7556,679,,,0.5373,,,,,,13.2295,r2_measured_01949,read,measured,,,,,0.5553,,ok,0.3185
10.9239,568,,,0.5191,,,,,,12.4384,r2_measured_01950,read,measured,,,,,0.6312,,ok,0.2996
13.199,679,,,0.5542,,,,,,14.7501,r2_measured_01951,read,measured,,,,,0.582,,ok,0.3266
14.6337,663,,,0.7482,,,,,,16.6348,r2_measured_01952,read,measured,,,,,0.7631,,ok,0.3997
14.0336,660,,,0.6899,,,,,,15.8927,r2_measured_01953,read,measured,,,,,0.7278,,ok,0.361
14.0087,679,,,0.6338,,,,,,15.8782,r2_measured_01954,read,measured,,,,,0.7083,,ok,0.4405
13.373,418,,,0.2662,,,,,,14.5347,r2_measured_01955,read,measured,,,,,0.4997,,ok,0.335
12.9411,679,,,0.8803,,,,,,15.5472,r2_measured_01956,read,measured,,,,,1.0163,,ok,0.5838
14.0628,509,,,0.5267,,,,,,15.6925,r2_measured_01957,read,measured,,,,,0.6076,,ok,0.4221
10.5628,507,,,0.5522,,,,,,12.1434,r2_measured_01958,read,measured,,,,,0.5849,,ok,0.3764
13.6697,679,,,0.6034,,,,,,15.4256,r2_measured_01959,read,measured,,,,,0.6862,,ok,0.3823
13.7842,680,,,0.5284,,,,,,15.2964,r2_measured_01960,read,measured,,,,,0.5637,,ok,0.3494
11.922,627,,,0.6022,,,,,,13.6562,r2_measured_01961,read,measured,,,,,0.6607,,ok,0.3841
8.4796,416,,,0.2811,,,,,,9.6411,r2_measured_01962,read,measured,,,,,0.482,,ok,0.3467
11.5608,680,,,0.6323,,,,,,13.3912,r2_measured_01963,read,measured,,,,,0.6728,,ok,0.4388
12.9717,662,,,0.5493,,,,,,14.6313,r2_measured_01964,read,measured,,,,,0.6574,,ok,0.3735
11.4593,628,,,0.5358,,,,,,12.973,r2_measured_01965,read,measured,,,,,0.5747,,ok,0.3358
9.2153,417,,,0.2937,,,,,,10.4625,r2_measured_01966,read,measured,,,,,0.5436,,ok,0.3413
10.6138,566,,,0.4341,,,,,,11.9922,r2_measured_01967,read,measured,,,,,0.5606,,ok,0.317
13.2422,681,,,0.5858,,,,,,14.8664,r2_measured_01968,read,measured,,,,,0.6115,,ok,0.3593
9.2755,419,,,0.2397,,,,,,10.3318,r2_measured_01969,read,measured,,,,,0.4469,,ok,0.303
10.8673,509,,,0.4241,,,,,,12.2022,r2_measured_01970,read,measured,,,,,0.5298,,ok,0.3205
12.8236,624,,,0.4968,,,,,,14.4523,r2_measured_01971,read,measured,,,,,0.7386,,ok,0.3177
13.354,662,,,0.5168,,,,,,14.9702,r2_measured_01972,read,measured,,,,,0.6775,,ok,0.3438
10.0284,509,,,0.5154,,,,,,11.5786,r2_measured_01973,read,measured,,,,,0.5284,,ok,0.443
13.8767,679,,,0.5942,,,,,,15.6286,r2_measured_01974,read,measured,,,,,0.7171,,ok,0.3637
14.9133,675,,,0.5005,,,,,,16.4472,r2_measured_01975,read,measured,,,,,0.6287,,ok,0.3301
11.6266,508,,,0.5425,,,,,,13.202,r2_measured_01976,read,measured,,,,,0.602,,ok,0.356
15.3973,629,,,0.617,,,,,,17.1742,r2_measured_01977,read,measured,,,,,0.6928,,ok,0.3907
19.0549,628,,,0.4791,,,,,,20.4985,r2_measured_01978,read,measured,,,,,0.5731,,ok,0.3197
11.5669,419,,,0.227,,,,,,12.5633,r2_measured_01979,read,measured,,,,,0.4371,,ok,0.2868
11.6176,675,,,0.6556,,,,,,13.4363,r2_measured_01980,read,measured,,,,,0.7212,,ok,0.3569
10.23,567,,,0.6649,,,,,,12.0429,r2_measured_01981,read,measured,,,,,0.6625,,ok,0.4091
9.9613,507,,,0.4493,,,,,,11.3863,r2_measured_01982,read,measured,,,,,0.571,,ok,0.3465
11.8085,681,,,0.5569,,,,,,13.5433,r2_measured_01983,read,measured,,,,,0.7188,,ok,0.3757
10.4799,568,,,0.4796,,,,,,11.9374,r2_measured_01984,read,measured,,,,,0.5815,,ok,0.3312
11.7025,674,,,0.5948,,,,,,13.3773,r2_measured_01985,read,measured,,,,,0.6392,,ok,0.3686
13.5091,679,,,0.5037,,,,,,15.0874,r2_measured_01986,read,measured,,,,,0.6479,,ok,0.3496
11.991,663,,,0.4476,,,,,,13.4154,r2_measured_01987,read,measured,,,,,0.5929,,ok,0.3194
11.2912,679,,,0.6278,,,,,,12.9937,r2_measured_01988,read,measured,,,,,0.6116,,ok,0.3805
11.3827,629,,,0.4509,,,,,,12.7904,r2_measured_01989,read,measured,,,,,0.585,,ok,0.305
14.4252,661,,,1.0111,,,,,,17.0564,r2_measured_01990,read,measured,,,,,1.0041,,ok,0.4989
16.734,628,,,0.5954,,,,,,18.4402,r2_measured_01991,read,measured,,,,,0.651,,ok,0.3779
9.3287,417,,,0.289,,,,,,10.6863,r2_measured_01992,read,measured,,,,,0.5536,,ok,0.4292
12.2076,662,,,0.6481,,,,,,14.1946,r2_measured_01993,read,measured,,,,,0.8126,,ok,0.4294
13.1727,662,,,0.5313,,,,,,14.7566,r2_measured_01994,read,measured,,,,,0.6203,,ok,0.3609
12.3822,680,,,0.576,,,,,,13.966,r2_measured_01995,read,measured,,,,,0.6347,,ok,0.3035
10.1594,567,,,0.4744,,,,,,11.5275,r2_measured_01996,read,measured,,,,,0.5213,,ok,0.3138
7.4403,369,,,0.204,,,,,,8.37,r2_measured_01997,read,measured,,,,,0.3851,,ok,0.2953
15.0357,681,,,0.6797,,,,,,17.1516,r2_measured_01998,read,measured,,,,,0.8801,,ok,0.4537
13.4444,626,,,0.4996,,,,,,15.0682,r2_measured_01999,read,measured,,,,,0.7078,,ok,0.347
11.3577,629,,,0.5623,,,,,,13.0466,r2_measured_02000,read,measured,,,,,0.7306,,ok,0.3275
9.9108,567,,,0.4421,,,,,,11.2658,r2_measured_02001,read,measured,,,,,0.5153,,ok,0.3332
11.3213,680,,,0.6539,,,,,,13.1517,r2_measured_02002,read,measured,,,,,0.6564,,ok,0.4414
11.4579,568,,,0.5644,,,,,,13.2083,r2_measured_02003,read,measured,,,,,0.7155,,ok,0.3905
13.0968,679,,,0.5767,,,,,,14.7678,r2_measured_02004,read,measured,,,,,0.6694,,ok,0.3534
12.2069,675,,,0.5588,,,,,,13.841,r2_measured_02005,read,measured,,,,,0.6568,,ok,0.3368
12.047,661,,,0.5295,,,,,,13.6839,r2_measured_02006,read,measured,,,,,0.6663,,ok,0.3656
11.6795,674,,,0.6393,,,,,,13.3662,r2_measured_02007,read,measured,,,,,0.6335,,ok,0.3339
12.1616,674,,,0.6312,,,,,,13.9216,r2_measured_02008,read,measured,,,,,0.6695,,ok,0.378
12.0622,680,,,0.6984,,,,,,13.8071,r2_measured_02009,read,measured,,,,,0.6375,,ok,0.3396
11.8747,663,,,0.5104,,,,,,13.3529,r2_measured_02010,read,measured,,,,,0.5819,,ok,0.314
7.346,368,,,0.2107,,,,,,8.4629,r2_measured_02011,read,measured,,,,,0.4545,,ok,0.3965
11.9005,679,,,0.5724,,,,,,13.4897,r2_measured_02012,read,measured,,,,,0.6119,,ok,0.3416
10.9335,568,,,0.563,,,,,,12.5852,r2_measured_02013,read,measured,,,,,0.6855,,ok,0.3292
20.6072,681,,,0.7858,,,,,,22.6566,r2_measured_02014,read,measured,,,,,0.8215,,ok,0.3544
17.0432,663,,,0.6371,,,,,,19.1683,r2_measured_02015,read,measured,,,,,0.8391,,ok,0.5505
12.2094,672,,,0.5644,,,,,,13.9124,r2_measured_02016,read,measured,,,,,0.7087,,ok,0.342
9.3038,419,,,0.2549,,,,,,10.4218,r2_measured_02017,read,measured,,,,,0.4987,,ok,0.3073
8.5367,416,,,0.2789,,,,,,9.6991,r2_measured_02018,read,measured,,,,,0.4573,,ok,0.3704
10.8504,509,,,0.6564,,,,,,12.5171,r2_measured_02019,read,measured,,,,,0.5978,,ok,0.3468
12.9159,680,,,0.5674,,,,,,14.6026,r2_measured_02020,read,measured,,,,,0.6785,,ok,0.3587
12.7953,629,,,0.5484,,,,,,14.3788,r2_measured_02021,read,measured,,,,,0.6251,,ok,0.3364
11.7428,628,,,1.5592,,,,,,14.4419,r2_measured_02022,read,measured,,,,,0.7033,,ok,0.3565
12.8114,681,,,0.4972,,,,,,14.2889,r2_measured_02023,read,measured,,,,,0.5937,,ok,0.3138
12.0742,417,,,0.3164,,,,,,13.4217,r2_measured_02024,read,measured,,,,,0.6078,,ok,0.3543
10.9197,508,,,0.5572,,,,,,12.5377,r2_measured_02025,read,measured,,,,,0.6055,,ok,0.3846
13.8685,688,,,0.6644,,,,,,15.6143,r2_measured_02026,read,measured,,,,,0.6443,,ok,0.3618
11.3717,507,,,0.4608,,,,,,12.7378,r2_measured_02027,read,measured,,,,,0.5221,,ok,0.3216
13.0501,688,,,0.558,,,,,,14.722,r2_measured_02028,read,measured,,,,,0.6371,,ok,0.3722
14.1456,628,,,0.5544,,,,,,15.8034,r2_measured_02029,read,measured,,,,,0.6963,,ok,0.3301
8.4921,417,,,0.284,,,,,,9.728,r2_measured_02030,read,measured,,,,,0.5077,,ok,0.3675
14.6256,681,,,0.6025,,,,,,16.4512,r2_measured_02031,read,measured,,,,,0.774,,ok,0.3636
13.2317,663,,,0.5544,,,,,,14.8759,r2_measured_02032,read,measured,,,,,0.6668,,ok,0.346
9.6514,509,,,0.4139,,,,,,11.0161,r2_measured_02033,read,measured,,,,,0.5533,,ok,0.3381
12.341,680,,,0.6247,,,,,,13.9736,r2_measured_02034,read,measured,,,,,0.5826,,ok,0.3444
10.564,568,,,0.5291,,,,,,12.1594,r2_measured_02035,read,measured,,,,,0.6359,,ok,0.3559
12.3442,628,,,0.5536,,,,,,14.0626,r2_measured_02036,read,measured,,,,,0.7102,,ok,0.3655
12.6631,680,,,0.5332,,,,,,14.2852,r2_measured_02037,read,measured,,,,,0.6461,,ok,0.3624
10.0609,568,,,0.4512,,,,,,11.5465,r2_measured_02038,read,measured,,,,,0.6034,,ok,0.3679
8.2894,419,,,0.3135,,,,,,9.6503,r2_measured_02039,read,measured,,,,,0.6136,,ok,0.3629
12.4798,566,,,0.5446,,,,,,14.0756,r2_measured_02040,read,measured,,,,,0.6315,,ok,0.3529
13.2027,681,,,0.5317,,,,,,14.7983,r2_measured_02041,read,measured,,,,,0.6139,,ok,0.3728
12.8459,628,,,0.5676,,,,,,14.6799,r2_measured_02042,read,measured,,,,,0.6782,,ok,0.4932
9.9511,509,,,0.4187,,,,,,11.3009,r2_measured_02043,read,measured,,,,,0.5372,,ok,0.3329
76.8164,678,12.8083,6.8443,0.5661,2.2257,1,6.8421,1,28.1932,78.5217,r2_measured_02044,update,measured,21.3489,1.7053,1,13.7884,0.7029,19.8008,ok,0.3464
12.8634,628,,,0.6883,,,,,,14.5539,r2_measured_02045,read,measured,,,,,0.5965,,ok,0.3368
12.459,681,,,0.5775,,,,,,14.1486,r2_measured_02046,read,measured,,,,,0.7093,,ok,0.335
7.7766,369,,,0.2541,,,,,,8.9449,r2_measured_02047,read,measured,,,,,0.512,,ok,0.3425
8.5268,369,,,0.2318,,,,,,9.7764,r2_measured_02048,read,measured,,,,,0.6122,,ok,0.3485
12.8498,678,,,0.5183,,,,,,14.4775,r2_measured_02049,read,measured,,,,,0.6652,,ok,0.3621
13.1984,680,,,0.524,,,,,,14.8388,r2_measured_02050,read,measured,,,,,0.6835,,ok,0.3505
11.0023,509,,,0.4354,,,,,,12.3673,r2_measured_02051,read,measured,,,,,0.5332,,ok,0.3317
12.3177,660,,,0.586,,,,,,14.0452,r2_measured_02052,read,measured,,,,,0.6985,,ok,0.3659
11.5811,628,,,0.4982,,,,,,13.0411,r2_measured_02053,read,measured,,,,,0.5558,,ok,0.3414
13.6707,567,,,0.4945,,,,,,15.2149,r2_measured_02054,read,measured,,,,,0.6237,,ok,0.3548
13.3867,688,,,0.6531,,,,,,15.1782,r2_measured_02055,read,measured,,,,,0.6912,,ok,0.3567
10.992,509,,,0.4182,,,,,,12.3236,r2_measured_02056,read,measured,,,,,0.5065,,ok,0.3461
12.5173,680,,,0.5452,,,,,,14.1301,r2_measured_02057,read,measured,,,,,0.6653,,ok,0.3279
7.9081,416,,,0.285,,,,,,9.134,r2_measured_02058,read,measured,,,,,0.5126,,ok,0.3721
11.4572,628,,,0.5659,,,,,,13.0513,r2_measured_02059,read,measured,,,,,0.5832,,ok,0.3724
12.7677,679,,,0.5724,,,,,,14.4302,r2_measured_02060,read,measured,,,,,0.6758,,ok,0.3347
13.3706,663,,,0.6528,,,,,,15.2431,r2_measured_02061,read,measured,,,,,0.6008,,ok,0.5304
15.2281,628,,,0.6661,,,,,,17.1192,r2_measured_02062,read,measured,,,,,0.6976,,ok,0.4405
13.5203,662,,,0.5329,,,,,,15.0785,r2_measured_02063,read,measured,,,,,0.6114,,ok,0.3359
12.7658,689,,,0.5416,,,,,,14.461,r2_measured_02064,read,measured,,,,,0.7356,,ok,0.3416
10.4798,507,,,0.4475,,,,,,11.8827,r2_measured_02065,read,measured,,,,,0.565,,ok,0.3254
9.7674,507,,,0.5042,,,,,,11.313,r2_measured_02066,read,measured,,,,,0.5932,,ok,0.3711
12.0753,565,,,0.5629,,,,,,13.7872,r2_measured_02067,read,measured,,,,,0.6283,,ok,0.3682
11.6327,627,,,0.5227,,,,,,13.1132,r2_measured_02068,read,measured,,,,,0.5666,,ok,0.3301
12.1751,680,,,0.6775,,,,,,13.9284,r2_measured_02069,read,measured,,,,,0.636,,ok,0.3488
14.3385,680,,,0.5531,,,,,,16.0089,r2_measured_02070,read,measured,,,,,0.6549,,ok,0.385
12.4241,567,,,0.6477,,,,,,14.2302,r2_measured_02071,read,measured,,,,,0.7129,,ok,0.3634
9.2075,369,,,0.2202,,,,,,10.3236,r2_measured_02072,read,measured,,,,,0.4237,,ok,0.4188
12.2844,568,,,0.505,,,,,,13.8287,r2_measured_02073,read,measured,,,,,0.6221,,ok,0.352
12.2315,675,,,0.616,,,,,,14.0031,r2_measured_02074,read,measured,,,,,0.6996,,ok,0.3716
13.9052,688,,,0.5481,,,,,,15.5412,r2_measured_02075,read,measured,,,,,0.6494,,ok,0.3635
13.2088,628,,,0.542,,,,,,14.9918,r2_measured_02076,read,measured,,,,,0.808,,ok,0.3551
9.4296,369,,,0.2648,,,,,,10.7959,r2_measured_02077,read,measured,,,,,0.5649,,ok,0.4709
16.4719,681,,,0.6375,,,,,,18.3875,r2_measured_02078,read,measured,,,,,0.8161,,ok,0.3711
11.1823,508,,,0.4502,,,,,,12.7298,r2_measured_02079,read,measured,,,,,0.6477,,ok,0.3762
13.93,679,,,0.6277,,,,,,15.7052,r2_measured_02080,read,measured,,,,,0.6918,,ok,0.3756
13.045,627,,,0.6808,,,,,,14.8466,r2_measured_02081,read,measured,,,,,0.6521,,ok,0.3863
12.4861,628,,,0.5509,,,,,,14.1652,r2_measured_02082,read,measured,,,,,0.6631,,ok,0.3792
10.9152,509,,,0.535,,,,,,12.6502,r2_measured_02083,read,measured,,,,,0.725,,ok,0.3928
14.0165,675,,,0.7078,,,,,,15.9717,r2_measured_02084,read,measured,,,,,0.744,,ok,0.4108
14.1651,673,,,0.6203,,,,,,16.0181,r2_measured_02085,read,measured,,,,,0.7484,,ok,0.3891
10.2844,509,,,0.4834,,,,,,11.7763,r2_measured_02086,read,measured,,,,,0.5785,,ok,0.3597
12.5166,627,,,0.6138,,,,,,14.4134,r2_measured_02087,read,measured,,,,,0.7624,,ok,0.4323
74.0695,509,10.383,6.6381,0.5254,1.8481,1,6.6353,1,29.2288,75.6094,r2_measured_02088,update,measured,22.5907,1.5399,1,14.6008,0.5942,18.0088,ok,0.3445
13.0674,680,,,0.7223,,,,,,15.0089,r2_measured_02089,read,measured,,,,,0.7089,,ok,0.4221
10.4726,418,,,0.289,,,,,,11.766,r2_measured_02090,read,measured,,,,,0.5517,,ok,0.3784
14.7269,680,,,0.6774,,,,,,16.7391,r2_measured_02091,read,measured,,,,,0.8003,,ok,0.4395
15.5576,661,,,0.5599,,,,,,17.3325,r2_measured_02092,read,measured,,,,,0.7805,,ok,0.3486
72.7832,680,14.9311,3.7543,0.5779,2.8192,0,3.752,1,34.102,74.4163,r2_measured_02093,update,measured,30.3477,1.6331,1,0.0055,0.6203,20.9254,ok,0.3521
12.762,674,,,0.5605,,,,,,14.3768,r2_measured_02094,read,measured,,,,,0.6425,,ok,0.3337
12.0887,627,,,0.5369,,,,,,13.6465,r2_measured_02095,read,measured,,,,,0.6104,,ok,0.3357
9.3518,417,,,0.2501,,,,,,10.5028,r2_measured_02096,read,measured,,,,,0.5192,,ok,0.3221
12.8384,681,,,0.5913,,,,,,14.4553,r2_measured_02097,read,measured,,,,,0.6175,,ok,0.3386
8.6511,368,,,0.2449,,,,,,10.0318,r2_measured_02098,read,measured,,,,,0.5554,,ok,0.5119
8.6723,417,,,0.2523,,,,,,9.883,r2_measured_02099,read,measured,,,,,0.4871,,ok,0.4104
13.3483,689,,,0.5583,,,,,,14.9,r2_measured_02100,read,measured,,,,,0.6239,,ok,0.3073
76.2982,686,13.4402,5.3597,0.5982,2.6551,1,5.3579,1,25.8981,78.0421,r2_measured_02101,update,measured,20.5384,1.7439,1,14.2765,0.6579,20.0283,ok,0.3999
12.4116,674,,,0.4791,,,,,,13.8811,r2_measured_02102,read,measured,,,,,0.6347,,ok,0.2949
8.7171,507,,,0.3818,,,,,,9.9652,r2_measured_02103,read,measured,,,,,0.467,,ok,0.341
12.5381,689,,,0.6062,,,,,,14.4331,r2_measured_02104,read,measured,,,,,0.8401,,ok,0.3666
8.6681,416,,,0.2403,,,,,,9.8149,r2_measured_02105,read,measured,,,,,0.4762,,ok,0.3683
9.8656,568,,,0.4929,,,,,,11.3528,r2_measured_02106,read,measured,,,,,0.6177,,ok,0.3162
7.4055,369,,,0.2285,,,,,,8.4274,r2_measured_02107,read,measured,,,,,0.4515,,ok,0.291
10.252,566,,,0.5734,,,,,,12.0068,r2_measured_02108,read,measured,,,,,0.7025,,ok,0.3895
74.516,679,13.5707,5.1971,0.5514,2.511,1,5.194,1,22.7923,76.0687,r2_measured_02109,update,measured,17.5952,1.5527,1,15.4592,0.6123,20.1828,ok,0.3225
7.9921,369,,,0.2161,,,,,,9.042,r2_measured_02110,read,measured,,,,,0.4739,,ok,0.3037
12.6242,661,,,0.5121,,,,,,14.178,r2_measured_02111,read,measured,,,,,0.606,,ok,0.3663
11.0816,565,,,0.6461,,,,,,12.6589,r2_measured_02112,read,measured,,,,,0.5464,,ok,0.3244
13.1627,688,,,0.6548,,,,,,14.8077,r2_measured_02113,read,measured,,,,,0.6134,,ok,0.3089
10.8821,568,,,0.5722,,,,,,12.5028,r2_measured_02114,read,measured,,,,,0.58,,ok,0.3972
8.9265,369,,,0.2779,,,,,,10.1856,r2_measured_02115,read,measured,,,,,0.5814,,ok,0.3297
11.7869,628,,,0.4845,,,,,,13.2303,r2_measured_02116,read,measured,,,,,0.5707,,ok,0.3191
7.9354,417,,,0.2632,,,,,,9.0391,r2_measured_02117,read,measured,,,,,0.4641,,ok,0.3245
9.0172,509,,,0.714,,,,,,10.9816,r2_measured_02118,read,measured,,,,,0.7441,,ok,0.4068
13.2834,629,,,0.485,,,,,,14.7206,r2_measured_02119,read,measured,,,,,0.5697,,ok,0.3182
11.6827,679,,,0.5241,,,,,,13.3456,r2_measured_02120,read,measured,,,,,0.7051,,ok,0.3511
12.0865,680,,,0.5038,,,,,,13.613,r2_measured_02121,read,measured,,,,,0.602,,ok,0.3383
8.3087,418,,,0.3478,,,,,,9.5536,r2_measured_02122,read,measured,,,,,0.5114,,ok,0.3306
10.0364,568,,,0.5557,,,,,,11.5984,r2_measured_02123,read,measured,,,,,0.6082,,ok,0.3239
16.7463,689,,,0.6861,,,,,,18.6084,r2_measured_02124,read,measured,,,,,0.6986,,ok,0.388
12.5924,505,,,0.5965,,,,,,14.2989,r2_measured_02125,read,measured,,,,,0.6182,,ok,0.3693
15.6319,629,,,0.4883,,,,,,17.1022,r2_measured_02126,read,measured,,,,,0.6023,,ok,0.3105
15.3403,681,,,0.5335,,,,,,16.9989,r2_measured_02127,read,measured,,,,,0.7066,,ok,0.336
12.5789,681,,,0.5083,,,,,,14.1609,r2_measured_02128,read,measured,,,,,0.6464,,ok,0.3549
12.5249,679,,,0.5513,,,,,,14.062,r2_measured_02129,read,measured,,,,,0.5807,,ok,0.3363
11.9931,681,,,0.6602,,,,,,13.8489,r2_measured_02130,read,measured,,,,,0.7107,,ok,0.3961
13.9214,679,,,0.5174,,,,,,15.5025,r2_measured_02131,read,measured,,,,,0.6582,,ok,0.3302
7.7571,369,,,0.2647,,,,,,8.963,r2_measured_02132,read,measured,,,,,0.5375,,ok,0.3392
13.819,663,,,0.539,,,,,,15.3968,r2_measured_02133,read,measured,,,,,0.5919,,ok,0.3687
8.8323,369,,,0.2275,,,,,,9.9417,r2_measured_02134,read,measured,,,,,0.4953,,ok,0.3334
14.2084,672,,,0.5154,,,,,,15.6963,r2_measured_02135,read,measured,,,,,0.5896,,ok,0.3066
13.3269,681,,,0.5531,,,,,,15.1014,r2_measured_02136,read,measured,,,,,0.7757,,ok,0.3663
15.0078,680,,,0.5515,,,,,,16.6352,r2_measured_02137,read,measured,,,,,0.6343,,ok,0.3652
13.5741,624,,,0.5647,,,,,,15.1827,r2_measured_02138,read,measured,,,,,0.6124,,ok,0.3595
16.9964,679,,,0.5669,,,,,,18.6741,r2_measured_02139,read,measured,,,,,0.6561,,ok,0.3723
81.7657,419,9.0513,7.1712,0.2474,1.4409,1,7.1689,1,25.9063,82.8483,r2_measured_02140,update,measured,18.7351,1.0826,1,30.6025,0.4564,14.7647,ok,0.3241
12.5185,681,,,0.6141,,,,,,14.2343,r2_measured_02141,read,measured,,,,,0.6669,,ok,0.3511
12.6513,689,,,0.5127,,,,,,14.2688,r2_measured_02142,read,measured,,,,,0.6746,,ok,0.3512
8.6578,417,,,0.243,,,,,,9.7624,r2_measured_02143,read,measured,,,,,0.4924,,ok,0.3166
12.0813,689,,,0.7863,,,,,,13.9759,r2_measured_02144,read,measured,,,,,0.6723,,ok,0.3557
10.5508,565,,,0.4826,,,,,,12.0163,r2_measured_02145,read,measured,,,,,0.5802,,ok,0.332
12.4937,686,,,0.6569,,,,,,14.3796,r2_measured_02146,read,measured,,,,,0.7539,,ok,0.3785
10.2379,508,,,0.4811,,,,,,11.7383,r2_measured_02147,read,measured,,,,,0.5924,,ok,0.3565
8.054,418,,,0.2461,,,,,,9.1109,r2_measured_02148,read,measured,,,,,0.4413,,ok,0.3209
11.7087,661,,,0.7212,,,,,,14.1111,r2_measured_02149,read,measured,,,,,1.2454,,ok,0.3557
12.5819,675,,,0.5391,,,,,,14.2688,r2_measured_02150,read,measured,,,,,0.6895,,ok,0.3838
12.2094,681,,,0.6059,,,,,,13.7989,r2_measured_02151,read,measured,,,,,0.5669,,ok,0.3475
13.1914,627,,,0.4841,,,,,,14.7568,r2_measured_02152,read,measured,,,,,0.6124,,ok,0.3433
11.2454,567,,,0.4678,,,,,,12.6546,r2_measured_02153,read,measured,,,,,0.5567,,ok,0.322
22.1981,689,,,0.6719,,,,,,24.1574,r2_measured_02154,read,measured,,,,,0.7749,,ok,0.4178
11.5727,509,,,0.4524,,,,,,12.988,r2_measured_02155,read,measured,,,,,0.5741,,ok,0.323
109.9008,627,12.9511,10.9687,0.5575,2.2631,1,10.9658,1,60.9744,111.5512,r2_measured_02156,update,measured,50.0057,1.6504,1,14.6607,0.6811,19.0515,ok,0.3401
11.045,628,,,0.508,,,,,,12.5422,r2_measured_02157,read,measured,,,,,0.5761,,ok,0.3493
46.3732,417,9.9308,4.0447,0.3044,2.2394,1,4.0383,1,18.837,47.661,r2_measured_02158,update,measured,14.7923,1.2878,1,0.0062,0.5516,15.3598,ok,0.3648
11.6445,626,,,0.5267,,,,,,13.1953,r2_measured_02159,read,measured,,,,,0.5946,,ok,0.3524
8.1041,419,,,0.2566,,,,,,9.2374,r2_measured_02160,read,measured,,,,,0.4957,,ok,0.3212
13.8396,688,,,0.5706,,,,,,15.5174,r2_measured_02161,read,measured,,,,,0.6827,,ok,0.3314
13.8571,628,,,0.9396,,,,,,16.9669,r2_measured_02162,read,measured,,,,,1.3435,,ok,0.6842
17.0016,419,,,0.2942,,,,,,18.3335,r2_measured_02163,read,measured,,,,,0.5945,,ok,0.3754
13.3569,628,,,0.5537,,,,,,14.9337,r2_measured_02164,read,measured,,,,,0.603,,ok,0.3481
57.0175,418,9.0727,4.609,0.2631,1.87,1,4.6071,1,19.9109,58.1381,r2_measured_02165,update,measured,15.3019,1.1206,1,10.7106,0.4454,15.4533,ok,0.353
11.9262,680,,,0.6491,,,,,,13.5411,r2_measured_02166,read,measured,,,,,0.5848,,ok,0.3188
11.7019,628,,,0.5677,,,,,,13.3432,r2_measured_02167,read,measured,,,,,0.65,,ok,0.3437
13.3703,628,,,0.6334,,,,,,15.1882,r2_measured_02168,read,measured,,,,,0.6929,,ok,0.4015
14.9188,567,,,0.5001,,,,,,16.3884,r2_measured_02169,read,measured,,,,,0.5843,,ok,0.3162
9.7446,417,,,0.2518,,,,,,10.7999,r2_measured_02170,read,measured,,,,,0.4396,,ok,0.3084
84.7759,509,11.3249,9.5278,0.5009,2.1866,0,9.5252,1,33.6148,86.4019,r2_measured_02171,update,measured,24.087,1.626,1,15.7436,0.6813,21.906,ok,0.3677
12.923,689,,,0.5559,,,,,,14.5886,r2_measured_02172,read,measured,,,,,0.6809,,ok,0.3541
12.7302,689,,,0.5359,,,,,,14.3587,r2_measured_02173,read,measured,,,,,0.6799,,ok,0.3329
12.51,680,,,0.6909,,,,,,14.6493,r2_measured_02174,read,measured,,,,,0.9014,,ok,0.4563
14.3073,689,,,0.525,,,,,,15.9422,r2_measured_02175,read,measured,,,,,0.6651,,ok,0.3611
13.0056,678,,,0.5301,,,,,,14.6173,r2_measured_02176,read,measured,,,,,0.646,,ok,0.3601
12.0014,679,,,0.6249,,,,,,13.8594,r2_measured_02177,read,measured,,,,,0.7325,,ok,0.4171
13.6681,663,,,0.5985,,,,,,15.4306,r2_measured_02178,read,measured,,,,,0.7102,,ok,0.3708
13.4363,679,,,0.6115,,,,,,15.2287,r2_measured_02179,read,measured,,,,,0.7329,,ok,0.361
46.0173,369,8.1084,4.8071,0.2402,1.3867,1,4.8048,1,25.1609,47.1852,r2_measured_02180,update,measured,20.3538,1.1679,1,0.006,0.5126,11.3553,ok,0.3483
13.0977,680,,,0.626,,,,,,14.858,r2_measured_02181,read,measured,,,,,0.6302,,ok,0.4118
69.4981,675,12.3153,4.9925,0.5856,2.4732,1,4.9903,1,21.2706,71.1009,r2_measured_02182,update,measured,16.2781,1.6028,1,13.0443,0.613,20.3947,ok,0.3391
11.7847,680,,,0.5597,,,,,,13.4339,r2_measured_02183,read,measured,,,,,0.6933,,ok,0.3162
9.9257,509,,,0.4136,,,,,,11.2787,r2_measured_02184,read,measured,,,,,0.5638,,ok,0.3216
11.7248,681,,,0.5189,,,,,,13.3189,r2_measured_02185,read,measured,,,,,0.6241,,ok,0.3836
10.679,509,,,0.4866,,,,,,12.135,r2_measured_02186,read,measured,,,,,0.5858,,ok,0.3149
7.7532,368,,,0.2306,,,,,,8.8821,r2_measured_02187,read,measured,,,,,0.5253,,ok,0.3172
11.4337,681,,,0.5897,,,,,,13.09,r2_measured_02188,read,measured,,,,,0.6313,,ok,0.3618
10.7267,566,,,0.6856,,,,,,12.5391,r2_measured_02189,read,measured,,,,,0.6848,,ok,0.3617
58.74,417,9.0462,5.4178,0.2699,1.7448,1,5.4145,1,22.3881,59.9088,r2_measured_02190,update,measured,16.9703,1.1688,1,11.918,0.4956,13.6429,ok,0.3391
13.8014,679,,,0.6521,,,,,,15.6614,r2_measured_02191,read,measured,,,,,0.7356,,ok,0.3893
60.49,419,,,0.3006,,,,,,61.8123,r2_measured_02192,read,measured,,,,,0.5819,,ok,0.3784
16.1052,687,,,0.6499,,,,,,18.2055,r2_measured_02193,read,measured,,,,,1.0641,,ok,0.3163
12.7442,628,,,0.6061,,,,,,14.6669,r2_measured_02194,read,measured,,,,,0.7907,,ok,0.4337
12.9986,628,,,0.5567,,,,,,14.6403,r2_measured_02195,read,measured,,,,,0.5729,,ok,0.4382
12.2932,509,,,0.4883,,,,,,13.8673,r2_measured_02196,read,measured,,,,,0.6577,,ok,0.3544
14.3798,509,,,0.6309,,,,,,16.1343,r2_measured_02197,read,measured,,,,,0.5697,,ok,0.4793
18.1647,627,,,0.5924,,,,,,19.8761,r2_measured_02198,read,measured,,,,,0.7098,,ok,0.3266
11.8035,509,,,0.5185,,,,,,13.2892,r2_measured_02199,read,measured,,,,,0.5783,,ok,0.3221
11.7766,567,,,0.5421,,,,,,13.428,r2_measured_02200,read,measured,,,,,0.6585,,ok,0.3651
13.6638,688,,,0.5956,,,,,,15.3762,r2_measured_02201,read,measured,,,,,0.6968,,ok,0.3408
84.9831,418,11.3599,5.4452,0.3275,1.474,0,5.4432,1,27.0025,86.3476,r2_measured_02202,update,measured,21.5573,1.3645,1,29.3658,0.5887,15.7809,ok,0.3713
9.2528,369,,,0.2524,,,,,,10.3468,r2_measured_02203,read,measured,,,,,0.4569,,ok,0.3289
12.9546,680,,,0.5638,,,,,,14.608,r2_measured_02204,read,measured,,,,,0.6612,,ok,0.3492
12.7149,681,,,0.7903,,,,,,14.7975,r2_measured_02205,read,measured,,,,,0.7182,,ok,0.4698
10.2446,419,,,0.2961,,,,,,11.4544,r2_measured_02206,read,measured,,,,,0.5007,,ok,0.3495
15.7281,688,,,0.7482,,,,,,17.913,r2_measured_02207,read,measured,,,,,0.9089,,ok,0.4219
17.1884,681,,,0.7416,,,,,,19.302,r2_measured_02208,read,measured,,,,,0.8478,,ok,0.4148
16.9093,680,,,0.6649,,,,,,18.8391,r2_measured_02209,read,measured,,,,,0.7815,,ok,0.3872
11.3909,567,,,0.6175,,,,,,13.113,r2_measured_02210,read,measured,,,,,0.6662,,ok,0.3525
14.7225,662,,,0.6837,,,,,,16.5614,r2_measured_02211,read,measured,,,,,0.7207,,ok,0.3424
12.3167,686,,,0.5771,,,,,,14.0217,r2_measured_02212,read,measured,,,,,0.6897,,ok,0.3523
14.5017,675,,,0.7023,,,,,,16.5988,r2_measured_02213,read,measured,,,,,0.8525,,ok,0.4279
8.689,369,,,0.2704,,,,,,9.9164,r2_measured_02214,read,measured,,,,,0.5019,,ok,0.3914
10.306,507,,,0.4637,,,,,,11.7634,r2_measured_02215,read,measured,,,,,0.5792,,ok,0.3492
13.663,661,,,0.6877,,,,,,15.7103,r2_measured_02216,read,measured,,,,,0.8132,,ok,0.4372
8.899,369,,,0.312,,,,,,10.1979,r2_measured_02217,read,measured,,,,,0.5379,,ok,0.3865
13.7002,680,,,0.6228,,,,,,15.6435,r2_measured_02218,read,measured,,,,,0.8663,,ok,0.3482
14.7566,680,,,0.57,,,,,,16.3913,r2_measured_02219,read,measured,,,,,0.6622,,ok,0.3182
13.4001,688,,,0.7213,,,,,,15.2971,r2_measured_02220,read,measured,,,,,0.7164,,ok,0.3559
16.1721,680,,,0.6915,,,,,,18.1958,r2_measured_02221,read,measured,,,,,0.7443,,ok,0.4726
13.1533,680,,,0.6968,,,,,,15.1884,r2_measured_02222,read,measured,,,,,0.8309,,ok,0.3974
11.2285,568,,,0.5844,,,,,,13.0089,r2_measured_02223,read,measured,,,,,0.6353,,ok,0.4412
13.2628,681,,,0.6412,,,,,,15.1515,r2_measured_02224,read,measured,,,,,0.7573,,ok,0.4004
13.5847,624,,,0.6449,,,,,,15.4337,r2_measured_02225,read,measured,,,,,0.7127,,ok,0.3933
8.7696,418,,,0.3909,,,,,,10.2329,r2_measured_02226,read,measured,,,,,0.6677,,ok,0.3352
11.6745,628,,,0.6796,,,,,,13.6086,r2_measured_02227,read,measured,,,,,0.7468,,ok,0.4014
14.3794,689,,,0.6826,,,,,,16.2587,r2_measured_02228,read,measured,,,,,0.7244,,ok,0.377
14.3476,675,,,0.7574,,,,,,16.3905,r2_measured_02229,read,measured,,,,,0.818,,ok,0.3723
78.5777,566,12.5858,6.5341,0.5349,2.0947,1,6.5318,1,29.2138,80.131,r2_measured_02230,update,measured,22.6797,1.5533,1,13.4171,0.5903,21.2663,ok,0.3473
16.5149,680,,,0.6649,,,,,,18.3052,r2_measured_02231,read,measured,,,,,0.6766,,ok,0.3588
13.3137,680,,,0.5854,,,,,,15.0643,r2_measured_02232,read,measured,,,,,0.6888,,ok,0.3942
12.952,681,,,0.866,,,,,,15.3472,r2_measured_02233,read,measured,,,,,0.7284,,ok,0.7068
14.2949,675,,,0.6245,,,,,,16.1781,r2_measured_02234,read,measured,,,,,0.677,,ok,0.492
12.686,686,,,0.549,,,,,,14.2913,r2_measured_02235,read,measured,,,,,0.6286,,ok,0.3538
13.389,688,,,0.5982,,,,,,15.1865,r2_measured_02236,read,measured,,,,,0.7269,,ok,0.3878
8.9813,419,,,0.2527,,,,,,10.0996,r2_measured_02237,read,measured,,,,,0.4918,,ok,0.3233
9.1529,509,,,0.4404,,,,,,10.5872,r2_measured_02238,read,measured,,,,,0.5149,,ok,0.3399
11.4002,628,,,0.5476,,,,,,13.0184,r2_measured_02239,read,measured,,,,,0.6372,,ok,0.357
11.028,567,,,0.459,,,,,,12.4314,r2_measured_02240,read,measured,,,,,0.5507,,ok,0.3262
17.9898,675,,,0.6249,,,,,,19.8635,r2_measured_02241,read,measured,,,,,0.7386,,ok,0.4181
16.2382,675,,,0.6236,,,,,,17.9521,r2_measured_02242,read,measured,,,,,0.6284,,ok,0.3807
8.6786,368,,,0.2557,,,,,,9.6788,r2_measured_02243,read,measured,,,,,0.3604,,ok,0.3235
10.8897,369,,,0.2404,,,,,,12.0505,r2_measured_02244,read,measured,,,,,0.5451,,ok,0.3203
14.0002,628,,,0.7332,,,,,,15.7754,r2_measured_02245,read,measured,,,,,0.5666,,ok,0.3987
14.6616,627,,,0.5822,,,,,,16.294,r2_measured_02246,read,measured,,,,,0.6355,,ok,0.3396
14.2525,568,,,0.4957,,,,,,15.8155,r2_measured_02247,read,measured,,,,,0.62,,ok,0.3733
16.8419,627,,,0.5144,,,,,,18.4234,r2_measured_02248,read,measured,,,,,0.6655,,ok,0.3305
21.3493,626,,,0.5847,,,,,,23.0054,r2_measured_02249,read,measured,,,,,0.6626,,ok,0.3261
13.7943,628,,,0.63,,,,,,15.5352,r2_measured_02250,read,measured,,,,,0.6053,,ok,0.4261
14.3517,628,,,0.5832,,,,,,16.0142,r2_measured_02251,read,measured,,,,,0.6714,,ok,0.3291
11.2469,509,,,0.6511,,,,,,13.3813,r2_measured_02252,read,measured,,,,,0.881,,ok,0.5221
13.8378,680,,,0.6154,,,,,,15.7279,r2_measured_02253,read,measured,,,,,0.8028,,ok,0.3933
10.7596,509,,,0.5622,,,,,,12.4249,r2_measured_02254,read,measured,,,,,0.6437,,ok,0.3893
8.3636,419,,,0.2754,,,,,,9.5052,r2_measured_02255,read,measured,,,,,0.4867,,ok,0.3281
6.8959,369,,,0.221,,,,,,7.8815,r2_measured_02256,read,measured,,,,,0.3962,,ok,0.3211
11.987,662,,,0.5367,,,,,,13.5645,r2_measured_02257,read,measured,,,,,0.6498,,ok,0.3163
10.57,419,,,0.3823,,,,,,12.25,r2_measured_02258,read,measured,,,,,0.76,,ok,0.4678
15.3556,689,,,0.6694,,,,,,17.1524,r2_measured_02259,read,measured,,,,,0.6604,,ok,0.3838
9.1761,418,,,0.275,,,,,,10.3498,r2_measured_02260,read,measured,,,,,0.4929,,ok,0.3462
15.8099,507,,,0.6089,,,,,,17.6594,r2_measured_02261,read,measured,,,,,0.7358,,ok,0.4205
17.6721,672,,,0.6631,,,,,,19.6225,r2_measured_02262,read,measured,,,,,0.8202,,ok,0.3819
10.6211,568,,,0.5796,,,,,,12.3263,r2_measured_02263,read,measured,,,,,0.6923,,ok,0.3648
13.2352,681,,,0.6493,,,,,,15.1113,r2_measured_02264,read,measured,,,,,0.7605,,ok,0.3755
13.7581,679,,,0.6321,,,,,,15.5022,r2_measured_02265,read,measured,,,,,0.6992,,ok,0.3316
12.4724,687,,,0.591,,,,,,14.0982,r2_measured_02266,read,measured,,,,,0.6194,,ok,0.3395
11.5109,681,,,0.4718,,,,,,12.9881,r2_measured_02267,read,measured,,,,,0.6184,,ok,0.3161
18.4864,567,,,0.5874,,,,,,20.2748,r2_measured_02268,read,measured,,,,,0.7196,,ok,0.3984
12.1324,567,,,0.5059,,,,,,13.7626,r2_measured_02269,read,measured,,,,,0.6713,,ok,0.3793
13.5407,681,,,0.6698,,,,,,15.4227,r2_measured_02270,read,measured,,,,,0.7268,,ok,0.397
10.6725,509,,,0.5139,,,,,,12.213,r2_measured_02271,read,measured,,,,,0.6015,,ok,0.3592
8.8933,417,,,0.2462,,,,,,9.991,r2_measured_02272,read,measured,,,,,0.4651,,ok,0.3337
10.8608,568,,,0.5266,,,,,,12.5441,r2_measured_02273,read,measured,,,,,0.6907,,ok,0.3905
13.1012,688,,,0.6112,,,,,,14.8884,r2_measured_02274,read,measured,,,,,0.7183,,ok,0.3821
12.8618,628,,,0.6335,,,,,,14.7301,r2_measured_02275,read,measured,,,,,0.7611,,ok,0.3859
8.1468,369,,,0.2313,,,,,,9.2925,r2_measured_02276,read,measured,,,,,0.5022,,ok,0.3591
12.4212,679,,,0.5506,,,,,,13.8941,r2_measured_02277,read,measured,,,,,0.5445,,ok,0.3113
11.707,675,,,0.5269,,,,,,13.2924,r2_measured_02278,read,measured,,,,,0.6782,,ok,0.3114
9.7035,566,,,0.4543,,,,,,11.0835,r2_measured_02279,read,measured,,,,,0.5609,,ok,0.3058
11.7612,663,,,0.5852,,,,,,13.4902,r2_measured_02280,read,measured,,,,,0.6669,,ok,0.3949
12.9602,678,,,0.6898,,,,,,14.7862,r2_measured_02281,read,measured,,,,,0.7138,,ok,0.3452
7.2559,369,,,0.3276,,,,,,8.5311,r2_measured_02282,read,measured,,,,,0.5279,,ok,0.3646
13.4009,681,,,0.662,,,,,,15.4072,r2_measured_02283,read,measured,,,,,0.8963,,ok,0.3565
11.5959,627,,,0.5083,,,,,,13.0947,r2_measured_02284,read,measured,,,,,0.5921,,ok,0.3311
10.577,509,,,0.5102,,,,,,12.2622,r2_measured_02285,read,measured,,,,,0.7188,,ok,0.3946
13.6068,687,,,0.7027,,,,,,15.5171,r2_measured_02286,read,measured,,,,,0.7262,,ok,0.39
13.0757,674,,,0.4943,,,,,,14.6465,r2_measured_02287,read,measured,,,,,0.6754,,ok,0.3316
11.1352,660,,,0.576,,,,,,12.7949,r2_measured_02288,read,measured,,,,,0.6568,,ok,0.3452
9.8273,418,,,0.2765,,,,,,11.0156,r2_measured_02289,read,measured,,,,,0.5007,,ok,0.3474
12.0062,680,,,0.7619,,,,,,14.161,r2_measured_02290,read,measured,,,,,0.8408,,ok,0.4561
13.1781,681,,,0.4931,,,,,,14.6814,r2_measured_02291,read,measured,,,,,0.6069,,ok,0.329
11.2455,675,,,0.5339,,,,,,12.8651,r2_measured_02292,read,measured,,,,,0.6588,,ok,0.3577
56.9637,628,12.8695,3.3052,0.4742,2.8875,0,3.3034,1,22.3916,58.4193,r2_measured_02293,update,measured,19.0864,1.4556,1,0.0055,0.6032,18.8096,ok,0.3185
9.0349,509,,,0.4131,,,,,,10.2549,r2_measured_02294,read,measured,,,,,0.4598,,ok,0.2964
8.0389,417,,,0.2805,,,,,,9.2093,r2_measured_02295,read,measured,,,,,0.5107,,ok,0.3134
13.8906,680,,,0.477,,,,,,15.3414,r2_measured_02296,read,measured,,,,,0.5471,,ok,0.3528
9.9869,566,,,0.4289,,,,,,11.3733,r2_measured_02297,read,measured,,,,,0.5645,,ok,0.3289
12.145,674,,,0.5317,,,,,,13.691,r2_measured_02298,read,measured,,,,,0.6076,,ok,0.3346
11.8627,674,,,0.6153,,,,,,13.6776,r2_measured_02299,read,measured,,,,,0.813,,ok,0.3148
13.1001,629,,,0.5049,,,,,,14.566,r2_measured_02300,read,measured,,,,,0.5643,,ok,0.3226
10.6105,368,,,0.2676,,,,,,11.8862,r2_measured_02301,read,measured,,,,,0.5538,,ok,0.3948
13.6926,681,,,0.5626,,,,,,15.4497,r2_measured_02302,read,measured,,,,,0.7429,,ok,0.364
12.2025,509,,,0.3872,,,,,,13.5287,r2_measured_02303,read,measured,,,,,0.5075,,ok,0.3714
13.0166,627,,,0.5841,,,,,,14.7772,r2_measured_02304,read,measured,,,,,0.6858,,ok,0.4097
16.0927,681,,,0.5273,,,,,,17.6432,r2_measured_02305,read,measured,,,,,0.6176,,ok,0.3294
10.5744,568,,,0.4496,,,,,,11.8915,r2_measured_02306,read,measured,,,,,0.5139,,ok,0.2986
12.511,679,,,0.6639,,,,,,14.5479,r2_measured_02307,read,measured,,,,,0.8093,,ok,0.4677
9.8019,419,,,0.2809,,,,,,11.0553,r2_measured_02308,read,measured,,,,,0.5522,,ok,0.3538
9.5403,419,,,0.2433,,,,,,10.6284,r2_measured_02309,read,measured,,,,,0.4654,,ok,0.3188
13.6218,686,,,0.5986,,,,,,15.4167,r2_measured_02310,read,measured,,,,,0.7823,,ok,0.3389
13.9317,681,,,0.6494,,,,,,15.8362,r2_measured_02311,read,measured,,,,,0.7251,,ok,0.4472
14.4276,689,,,0.6236,,,,,,16.1626,r2_measured_02312,read,measured,,,,,0.6773,,ok,0.3537
10.2265,567,,,0.5277,,,,,,11.9551,r2_measured_02313,read,measured,,,,,0.6654,,ok,0.459
14.4123,686,,,0.5599,,,,,,16.0798,r2_measured_02314,read,measured,,,,,0.6928,,ok,0.3343
12.1649,678,,,0.5617,,,,,,13.7191,r2_measured_02315,read,measured,,,,,0.6119,,ok,0.3148
10.0957,567,,,0.4912,,,,,,11.5853,r2_measured_02316,read,measured,,,,,0.5723,,ok,0.363
8.6311,419,,,0.326,,,,,,9.9539,r2_measured_02317,read,measured,,,,,0.5663,,ok,0.3627
11.6586,662,,,0.516,,,,,,13.1437,r2_measured_02318,read,measured,,,,,0.5769,,ok,0.3316
8.5391,368,,,0.416,,,,,,10.2653,r2_measured_02319,read,measured,,,,,0.7325,,ok,0.5099
15.0433,628,,,0.5814,,,,,,16.7921,r2_measured_02320,read,measured,,,,,0.7101,,ok,0.3769
13.9497,688,,,0.4844,,,,,,15.4116,r2_measured_02321,read,measured,,,,,0.5941,,ok,0.3179
12.3924,688,,,0.7077,,,,,,14.5764,r2_measured_02322,read,measured,,,,,0.9435,,ok,0.4299
14.6242,661,,,0.6176,,,,,,16.5306,r2_measured_02323,read,measured,,,,,0.8187,,ok,0.388
62.2394,625,11.4512,6.2719,0.5302,1.9965,1,6.2693,1,19.7907,63.7574,r2_measured_02324,update,measured,13.5188,1.518,1,10.0711,0.5443,18.9299,ok,0.3834
10.3183,417,,,0.3634,,,,,,11.7255,r2_measured_02325,read,measured,,,,,0.5645,,ok,0.4068
16.9498,628,,,0.5313,,,,,,18.5408,r2_measured_02326,read,measured,,,,,0.6242,,ok,0.3627
7.7884,369,,,0.2675,,,,,,8.9893,r2_measured_02327,read,measured,,,,,0.5098,,ok,0.366
11.8679,627,,,0.902,,,,,,13.8236,r2_measured_02328,read,measured,,,,,0.6351,,ok,0.3424
9.3263,509,,,0.4148,,,,,,10.6271,r2_measured_02329,read,measured,,,,,0.4925,,ok,0.3334
17.2539,663,,,0.5354,,,,,,18.8709,r2_measured_02330,read,measured,,,,,0.6678,,ok,0.3406
62.1936,568,10.9622,3.988,0.5751,1.8874,0,3.986,1,16.9797,63.7734,r2_measured_02331,update,measured,12.9917,1.5798,1,10.9037,0.5933,21.4606,ok,0.336
12.0452,629,,,0.5483,,,,,,13.6827,r2_measured_02332,read,measured,,,,,0.6455,,ok,0.3707
12.6493,680,,,0.764,,,,,,14.6903,r2_measured_02333,read,measured,,,,,0.7349,,ok,0.4471
12.9914,680,,,0.5466,,,,,,14.613,r2_measured_02334,read,measured,,,,,0.6857,,ok,0.3118
11.7777,689,,,0.5888,,,,,,13.3977,r2_measured_02335,read,measured,,,,,0.6429,,ok,0.3179
11.5735,625,,,0.6259,,,,,,13.3417,r2_measured_02336,read,measured,,,,,0.6725,,ok,0.3901
8.2431,369,,,0.2391,,,,,,9.2974,r2_measured_02337,read,measured,,,,,0.4203,,ok,0.3427
12.0076,680,,,0.6696,,,,,,13.8944,r2_measured_02338,read,measured,,,,,0.7325,,ok,0.4079
14.2942,688,,,0.6494,,,,,,16.2024,r2_measured_02339,read,measured,,,,,0.7945,,ok,0.3822
12.2805,629,,,0.5376,,,,,,13.8774,r2_measured_02340,read,measured,,,,,0.6266,,ok,0.3665
77.5185,687,13.9759,5.8604,0.5262,2.7996,1,5.8583,1,25.3236,79.2237,r2_measured_02341,update,measured,19.4632,1.7052,1,14.1516,0.6992,21.2678,ok,0.3521
13.3291,567,,,0.5155,,,,,,14.954,r2_measured_02342,read,measured,,,,,0.5967,,ok,0.4201
7.5898,369,,,0.2349,,,,,,8.774,r2_measured_02343,read,measured,,,,,0.5427,,ok,0.3547
12.7875,628,,,0.5391,,,,,,14.4537,r2_measured_02344,read,measured,,,,,0.6731,,ok,0.377
13.5259,680,,,0.5208,,,,,,15.2,r2_measured_02345,read,measured,,,,,0.7104,,ok,0.3659
13.4471,663,,,0.5348,,,,,,15.0282,r2_measured_02346,read,measured,,,,,0.63,,ok,0.3424
17.4203,679,,,0.4985,,,,,,18.9666,r2_measured_02347,read,measured,,,,,0.643,,ok,0.3304
80.0916,687,14.5296,5.0958,0.6958,2.585,1,5.0939,1,27.3055,81.9038,r2_measured_02348,update,measured,22.2097,1.8122,1,13.575,0.6557,22.0965,ok,0.3777
9.393,419,,,0.2785,,,,,,10.6161,r2_measured_02349,read,measured,,,,,0.516,,ok,0.3704
13.0956,662,,,0.5939,,,,,,14.9273,r2_measured_02350,read,measured,,,,,0.7902,,ok,0.3643
13.2151,663,,,0.6141,,,,,,15.0246,r2_measured_02351,read,measured,,,,,0.72,,ok,0.3985
10.6663,507,,,0.5239,,,,,,12.2243,r2_measured_02352,read,measured,,,,,0.5699,,ok,0.3968
12.4141,679,,,0.5339,,,,,,13.9575,r2_measured_02353,read,measured,,,,,0.6066,,ok,0.3327
7.6212,418,,,0.2316,,,,,,8.7155,r2_measured_02354,read,measured,,,,,0.5211,,ok,0.2906
12.5277,672,,,0.6998,,,,,,14.5998,r2_measured_02355,read,measured,,,,,0.7481,,ok,0.5299
14.4825,628,,,0.6462,,,,,,16.3112,r2_measured_02356,read,measured,,,,,0.7,,ok,0.4005
13.3209,674,,,0.5162,,,,,,14.9452,r2_measured_02357,read,measured,,,,,0.6718,,ok,0.3601
12.4443,629,,,0.5878,,,,,,14.244,r2_measured_02358,read,measured,,,,,0.7342,,ok,0.3919
12.0578,628,,,0.4503,,,,,,13.5188,r2_measured_02359,read,measured,,,,,0.6166,,ok,0.3332
10.851,566,,,0.6692,,,,,,12.9034,r2_measured_02360,read,measured,,,,,0.8538,,ok,0.4416
10.9183,505,,,0.4546,,,,,,12.3694,r2_measured_02361,read,measured,,,,,0.5753,,ok,0.3595
9.4518,509,,,0.5696,,,,,,11.1202,r2_measured_02362,read,measured,,,,,0.6261,,ok,0.4011
13.7826,681,,,0.5742,,,,,,15.599,r2_measured_02363,read,measured,,,,,0.7271,,ok,0.4349
8.7685,417,,,0.249,,,,,,9.9435,r2_measured_02364,read,measured,,,,,0.5054,,ok,0.3643
13.217,675,,,0.6851,,,,,,15.139,r2_measured_02365,read,measured,,,,,0.7415,,ok,0.4021
14.3376,681,,,0.6781,,,,,,16.431,r2_measured_02366,read,measured,,,,,0.9402,,ok,0.3876
13.8385,679,,,0.6545,,,,,,15.7554,r2_measured_02367,read,measured,,,,,0.7919,,ok,0.3859
13.1474,689,,,0.5755,,,,,,14.7549,r2_measured_02368,read,measured,,,,,0.6562,,ok,0.3127
13.1685,689,,,0.537,,,,,,14.7478,r2_measured_02369,read,measured,,,,,0.6164,,ok,0.3545
15.2319,680,,,0.6185,,,,,,16.961,r2_measured_02370,read,measured,,,,,0.6767,,ok,0.3577
13.0876,680,,,0.563,,,,,,14.6962,r2_measured_02371,read,measured,,,,,0.6167,,ok,0.3572
16.2696,687,,,0.5838,,,,,,18.0642,r2_measured_02372,read,measured,,,,,0.7532,,ok,0.3774
14.5438,689,,,0.5927,,,,,,16.1888,r2_measured_02373,read,measured,,,,,0.6083,,ok,0.3752
9.5262,417,,,0.3046,,,,,,10.8177,r2_measured_02374,read,measured,,,,,0.5436,,ok,0.3777
12.8342,628,,,0.5977,,,,,,14.5862,r2_measured_02375,read,measured,,,,,0.6712,,ok,0.4044
16.4293,567,,,0.5304,,,,,,17.944,r2_measured_02376,read,measured,,,,,0.5886,,ok,0.3179
17.6385,679,,,0.6547,,,,,,19.8872,r2_measured_02377,read,measured,,,,,0.8175,,ok,0.6602
81.9323,689,14.3386,8.3334,0.6942,2.5269,1,8.3317,1,29.3322,83.7716,r2_measured_02378,update,measured,20.9988,1.8393,1,13.4353,0.679,22.2993,ok,0.3817
15.0452,681,,,0.5967,,,,,,16.7928,r2_measured_02379,read,measured,,,,,0.6872,,ok,0.3791
14.8292,509,,,0.4998,,,,,,16.3094,r2_measured_02380,read,measured,,,,,0.557,,ok,0.353
14.3546,680,,,0.6992,,,,,,16.4744,r2_measured_02381,read,measured,,,,,0.9203,,ok,0.4125
13.0831,627,,,0.6656,,,,,,14.9522,r2_measured_02382,read,measured,,,,,0.7365,,ok,0.3833
14.3982,688,,,0.6946,,,,,,16.2599,r2_measured_02383,read,measured,,,,,0.7038,,ok,0.3776
91.3085,662,15.6225,5.4574,0.6549,3.136,1,5.4553,1,23.3507,93.1636,r2_measured_02384,update,measured,17.8933,1.8551,1,25.8245,0.7015,23.3748,ok,0.4128
11.2536,509,,,0.5121,,,,,,12.7976,r2_measured_02385,read,measured,,,,,0.6125,,ok,0.3535
11.5288,568,,,0.4956,,,,,,13.1354,r2_measured_02386,read,measured,,,,,0.6626,,ok,0.3731
10.2685,419,,,0.3342,,,,,,11.6149,r2_measured_02387,read,measured,,,,,0.5909,,ok,0.3619
13.7912,687,,,0.6204,,,,,,15.6251,r2_measured_02388,read,measured,,,,,0.7604,,ok,0.3699
13.8673,689,,,0.5631,,,,,,15.5559,r2_measured_02389,read,measured,,,,,0.6568,,ok,0.3874
15.717,688,,,0.5897,,,,,,17.4049,r2_measured_02390,read,measured,,,,,0.6785,,ok,0.3392
12.9027,689,,,0.5444,,,,,,14.5836,r2_measured_02391,read,measured,,,,,0.6796,,ok,0.3837
9.3773,418,,,0.2809,,,,,,10.5658,r2_measured_02392,read,measured,,,,,0.4954,,ok,0.3586
13.2518,626,,,0.5594,,,,,,14.968,r2_measured_02393,read,measured,,,,,0.7166,,ok,0.3628
13.8896,689,,,0.5612,,,,,,15.6133,r2_measured_02394,read,measured,,,,,0.6991,,ok,0.3823
11.8568,663,,,0.4929,,,,,,13.395,r2_measured_02395,read,measured,,,,,0.6281,,ok,0.337
13.1032,663,,,0.5868,,,,,,14.8947,r2_measured_02396,read,measured,,,,,0.7289,,ok,0.4013
13.2543,674,,,0.6803,,,,,,15.1399,r2_measured_02397,read,measured,,,,,0.6879,,ok,0.4331
9.846,419,,,0.2585,,,,,,11.0378,r2_measured_02398,read,measured,,,,,0.5005,,ok,0.3739
13.7672,688,,,0.5956,,,,,,15.5307,r2_measured_02399,read,measured,,,,,0.7242,,ok,0.37
12.3749,627,,,0.5342,,,,,,13.986,r2_measured_02400,read,measured,,,,,0.6361,,ok,0.3659
8.0955,419,,,0.2647,,,,,,9.1673,r2_measured_02401,read,measured,,,,,0.4155,,ok,0.3381
11.0269,568,,,0.5693,,,,,,12.7142,r2_measured_02402,read,measured,,,,,0.6628,,ok,0.3843
10.7845,566,,,0.4522,,,,,,12.2647,r2_measured_02403,read,measured,,,,,0.622,,ok,0.3403
13.1878,681,,,0.5565,,,,,,15.0116,r2_measured_02404,read,measured,,,,,0.7245,,ok,0.457
13.3694,675,,,0.5661,,,,,,14.9761,r2_measured_02405,read,measured,,,,,0.6291,,ok,0.339
11.562,628,,,0.4573,,,,,,12.9984,r2_measured_02406,read,measured,,,,,0.5975,,ok,0.3138
15.0221,663,,,0.5105,,,,,,16.7127,r2_measured_02407,read,measured,,,,,0.7333,,ok,0.3606
11.978,419,,,0.2877,,,,,,13.2137,r2_measured_02408,read,measured,,,,,0.5376,,ok,0.3482
58.6367,568,12.0941,3.5939,0.5735,2.5368,1,3.5922,1,22.8248,60.3084,r2_measured_02409,update,measured,19.2309,1.6717,1,0.0056,0.6333,21.1754,ok,0.3879
11.2123,628,,,0.4467,,,,,,12.6056,r2_measured_02410,read,measured,,,,,0.5671,,ok,0.3189
11.3286,680,,,0.5768,,,,,,12.9615,r2_measured_02411,read,measured,,,,,0.6608,,ok,0.3183
74.0259,689,13.1216,9.724,0.5426,2.4845,1,9.7223,1,25.3959,75.6873,r2_measured_02412,update,measured,15.6719,1.6614,1,13.5069,0.6868,19.517,ok,0.3566
11.5454,628,,,0.4987,,,,,,13.0158,r2_measured_02413,read,measured,,,,,0.5576,,ok,0.3467
13.416,687,,,0.8865,,,,,,15.533,r2_measured_02414,read,measured,,,,,0.7393,,ok,0.4025
14.6738,680,,,0.6598,,,,,,16.5488,r2_measured_02415,read,measured,,,,,0.751,,ok,0.3838
13.1774,680,,,0.491,,,,,,14.7301,r2_measured_02416,read,measured,,,,,0.6582,,ok,0.3296
7.7771,419,,,0.2299,,,,,,8.7655,r2_measured_02417,read,measured,,,,,0.4164,,ok,0.2932
12.3216,681,,,0.5717,,,,,,14.0395,r2_measured_02418,read,measured,,,,,0.6815,,ok,0.3758
13.2986,687,,,0.5931,,,,,,15.1297,r2_measured_02419,read,measured,,,,,0.7619,,ok,0.3927
12.5154,629,,,0.4938,,,,,,14.0873,r2_measured_02420,read,measured,,,,,0.6559,,ok,0.3496
8.2244,417,,,0.2983,,,,,,9.466,r2_measured_02421,read,measured,,,,,0.5312,,ok,0.3496
13.1885,689,,,0.5645,,,,,,15.0016,r2_measured_02422,read,measured,,,,,0.7939,,ok,0.3763
10.2684,509,,,0.4709,,,,,,11.6824,r2_measured_02423,read,measured,,,,,0.5325,,ok,0.3522
13.346,681,,,0.5967,,,,,,15.0376,r2_measured_02424,read,measured,,,,,0.6444,,ok,0.3698
9.7648,508,,,0.3979,,,,,,11.0385,r2_measured_02425,read,measured,,,,,0.509,,ok,0.3118
12.0406,680,,,0.6351,,,,,,13.8852,r2_measured_02426,read,measured,,,,,0.7514,,ok,0.3772
13.2341,680,,,0.5916,,,,,,14.9229,r2_measured_02427,read,measured,,,,,0.6659,,ok,0.3527
12.787,628,,,0.5492,,,,,,14.3966,r2_measured_02428,read,measured,,,,,0.5838,,ok,0.3316
11.5735,567,,,0.7326,,,,,,13.5841,r2_measured_02429,read,measured,,,,,0.7361,,ok,0.4627
11.8168,509,,,0.5611,,,,,,13.5225,r2_measured_02430,read,measured,,,,,0.6607,,ok,0.4008
14.9805,627,,,0.5374,,,,,,16.6561,r2_measured_02431,read,measured,,,,,0.6737,,ok,0.3864
13.8631,662,,,0.5481,,,,,,15.493,r2_measured_02432,read,measured,,,,,0.6066,,ok,0.3899
14.8779,680,,,0.6462,,,,,,16.672,r2_measured_02433,read,measured,,,,,0.6881,,ok,0.374
10.7613,419,,,0.2766,,,,,,12.0423,r2_measured_02434,read,measured,,,,,0.5881,,ok,0.3539
13.6561,679,,,0.6687,,,,,,15.5797,r2_measured_02435,read,measured,,,,,0.7071,,ok,0.4562
8.3855,368,,,0.2188,,,,,,9.4599,r2_measured_02436,read,measured,,,,,0.453,,ok,0.3522
12.497,673,,,0.5532,,,,,,14.1954,r2_measured_02437,read,measured,,,,,0.7067,,ok,0.3593
14.8718,680,,,0.7213,,,,,,17.1262,r2_measured_02438,read,measured,,,,,0.9905,,ok,0.4408
11.5101,419,,,0.2772,,,,,,12.8597,r2_measured_02439,read,measured,,,,,0.6356,,ok,0.3715
8.7501,369,,,0.2829,,,,,,10.1069,r2_measured_02440,read,measured,,,,,0.6651,,ok,0.344
13.7576,628,,,0.5742,,,,,,15.4864,r2_measured_02441,read,measured,,,,,0.6854,,ok,0.3905
8.5135,419,,,0.2748,,,,,,9.6728,r2_measured_02442,read,measured,,,,,0.4782,,ok,0.3507
13.9011,678,,,0.5375,,,,,,15.5709,r2_measured_02443,read,measured,,,,,0.6658,,ok,0.3873
9.8967,419,,,0.2793,,,,,,11.1693,r2_measured_02444,read,measured,,,,,0.5688,,ok,0.3574
11.9817,369,,,0.2848,,,,,,13.2279,r2_measured_02445,read,measured,,,,,0.5332,,ok,0.3553
14.9461,687,,,0.5323,,,,,,16.5393,r2_measured_02446,read,measured,,,,,0.6295,,ok,0.3538
15.9869,687,,,0.7054,,,,,,17.9748,r2_measured_02447,read,measured,,,,,0.7632,,ok,0.4327
13.6976,680,,,0.5281,,,,,,15.107,r2_measured_02448,read,measured,,,,,0.4784,,ok,0.3265
11.2704,628,,,0.6678,,,,,,13.0672,r2_measured_02449,read,measured,,,,,0.6589,,ok,0.4003
12.0988,679,,,0.5383,,,,,,13.6825,r2_measured_02450,read,measured,,,,,0.6103,,ok,0.3618
7.376,369,,,0.2909,,,,,,8.617,r2_measured_02451,read,measured,,,,,0.4564,,ok,0.4371
7.9985,369,,,0.2302,,,,,,9.0455,r2_measured_02452,read,measured,,,,,0.4289,,ok,0.3413
8.2055,417,,,0.29,,,,,,9.4367,r2_measured_02453,read,measured,,,,,0.5317,,ok,0.3459
8.0379,368,,,0.2603,,,,,,9.1495,r2_measured_02454,read,measured,,,,,0.4841,,ok,0.3099
12.2606,674,,,0.6263,,,,,,14.1018,r2_measured_02455,read,measured,,,,,0.7187,,ok,0.4168
13.5105,679,,,0.5307,,,,,,15.1683,r2_measured_02456,read,measured,,,,,0.7039,,ok,0.3451
11.959,662,,,0.5701,,,,,,13.6746,r2_measured_02457,read,measured,,,,,0.6904,,ok,0.3774
8.7498,419,,,0.2814,,,,,,10.0119,r2_measured_02458,read,measured,,,,,0.5343,,ok,0.3883
12.7292,679,,,0.5388,,,,,,14.2767,r2_measured_02459,read,measured,,,,,0.5877,,ok,0.3482
9.0075,509,,,0.437,,,,,,10.3375,r2_measured_02460,read,measured,,,,,0.5142,,ok,0.3258
12.0323,679,,,0.8746,,,,,,14.7784,r2_measured_02461,read,measured,,,,,1.2765,,ok,0.4787
10.7123,417,,,0.3137,,,,,,12.0845,r2_measured_02462,read,measured,,,,,0.5877,,ok,0.405
13.445,679,,,0.4551,,,,,,14.8884,r2_measured_02463,read,measured,,,,,0.6026,,ok,0.3208
8.3833,419,,,0.2439,,,,,,9.4518,r2_measured_02464,read,measured,,,,,0.463,,ok,0.2939
9.7752,567,,,0.5436,,,,,,11.2536,r2_measured_02465,read,measured,,,,,0.5488,,ok,0.3267
10.2197,628,,,0.4748,,,,,,11.5729,r2_measured_02466,read,measured,,,,,0.48,,ok,0.3389
11.9528,686,,,0.5748,,,,,,13.5344,r2_measured_02467,read,measured,,,,,0.6064,,ok,0.3247
11.9926,681,,,0.9675,,,,,,14.534,r2_measured_02468,read,measured,,,,,0.9508,,ok,0.5182
15.1396,628,,,0.6122,,,,,,16.98,r2_measured_02469,read,measured,,,,,0.7432,,ok,0.3965
12.9996,628,,,0.547,,,,,,14.6011,r2_measured_02470,read,measured,,,,,0.6216,,ok,0.3629
11.1317,567,,,0.5875,,,,,,12.8706,r2_measured_02471,read,measured,,,,,0.6999,,ok,0.372
12.6484,681,,,0.4636,,,,,,14.0893,r2_measured_02472,read,measured,,,,,0.6022,,ok,0.3086
12.4337,628,,,0.5377,,,,,,14.0802,r2_measured_02473,read,measured,,,,,0.6288,,ok,0.3589
12.9567,680,,,0.6915,,,,,,14.9408,r2_measured_02474,read,measured,,,,,0.8571,,ok,0.3159
12.1054,663,,,0.5237,,,,,,13.6624,r2_measured_02475,read,measured,,,,,0.6447,,ok,0.3235
13.5971,679,,,0.8209,,,,,,15.8153,r2_measured_02476,read,measured,,,,,0.816,,ok,0.4535
15.4029,689,,,0.5,,,,,,17.0342,r2_measured_02477,read,measured,,,,,0.6884,,ok,0.3675
11.766,662,,,0.5141,,,,,,13.3189,r2_measured_02478,read,measured,,,,,0.645,,ok,0.3253
10.9375,628,,,0.4918,,,,,,12.4106,r2_measured_02479,read,measured,,,,,0.5871,,ok,0.3329
73.1286,568,12.6434,3.4218,0.6389,1.8915,1,3.4198,1,20.2177,75.0119,r2_measured_02480,update,measured,16.7959,1.8833,1,13.5034,0.7447,24.8726,ok,0.4214
12.7634,568,,,0.5805,,,,,,14.5139,r2_measured_02481,read,measured,,,,,0.6923,,ok,0.4002
7.9595,369,,,0.2386,,,,,,9.0364,r2_measured_02482,read,measured,,,,,0.4802,,ok,0.3114
12.6399,662,,,0.6039,,,,,,14.4056,r2_measured_02483,read,measured,,,,,0.6911,,ok,0.3915
15.4811,675,,,0.577,,,,,,17.2228,r2_measured_02484,read,measured,,,,,0.7133,,ok,0.372
12.2648,627,,,0.596,,,,,,13.969,r2_measured_02485,read,measured,,,,,0.6793,,ok,0.3573
13.2319,663,,,0.5747,,,,,,15.1536,r2_measured_02486,read,measured,,,,,0.8282,,ok,0.4328
11.8234,509,,,0.5235,,,,,,13.3741,r2_measured_02487,read,measured,,,,,0.6071,,ok,0.3573
15.4989,675,,,0.5875,,,,,,17.2437,r2_measured_02488,read,measured,,,,,0.6925,,ok,0.3841
12.7671,624,,,0.5571,,,,,,14.3623,r2_measured_02489,read,measured,,,,,0.6041,,ok,0.3586
12.5844,628,,,0.5862,,,,,,14.2904,r2_measured_02490,read,measured,,,,,0.6943,,ok,0.3518
15.7518,688,,,0.5686,,,,,,17.4084,r2_measured_02491,read,measured,,,,,0.6344,,ok,0.3764
76.1896,663,12.5611,6.0794,0.5465,2.3775,1,6.0773,1,25.8802,77.7669,r2_measured_02492,update,measured,19.8008,1.5773,1,12.2102,0.578,23.1606,ok,0.3759
9.1231,417,,,0.2853,,,,,,10.3418,r2_measured_02493,read,measured,,,,,0.5391,,ok,0.3365
11.6447,680,,,0.5104,,,,,,13.1311,r2_measured_02494,read,measured,,,,,0.5693,,ok,0.3442
14.1912,369,,,0.2695,,,,,,15.5098,r2_measured_02495,read,measured,,,,,0.6422,,ok,0.3417
16.0184,679,,,0.6318,,,,,,17.8352,r2_measured_02496,read,measured,,,,,0.7267,,ok,0.3809
12.8389,680,,,0.6906,,,,,,14.7875,r2_measured_02497,read,measured,,,,,0.7854,,ok,0.3923
10.2006,509,,,0.4642,,,,,,11.6439,r2_measured_02498,read,measured,,,,,0.5405,,ok,0.3796
10.5709,568,,,0.523,,,,,,11.9835,r2_measured_02499,read,measured,,,,,0.5042,,ok,0.3298
12.9268,681,,,0.7034,,,,,,14.8796,r2_measured_02500,read,measured,,,,,0.7289,,ok,0.437
10.9012,509,,,0.4425,,,,,,12.2634,r2_measured_02501,read,measured,,,,,0.5068,,ok,0.3538
12.2652,681,,,0.6257,,,,,,14.1287,r2_measured_02502,read,measured,,,,,0.6975,,ok,0.4512
14.5584,663,,,0.4482,,,,,,16.1358,r2_measured_02503,read,measured,,,,,0.7484,,ok,0.3146
15.2006,680,,,0.7,,,,,,17.1936,r2_measured_02504,read,measured,,,,,0.7866,,ok,0.4152
14.4041,674,,,0.5275,,,,,,16.076,r2_measured_02505,read,measured,,,,,0.6688,,ok,0.4032
11.0136,507,,,0.47,,,,,,12.4078,r2_measured_02506,read,measured,,,,,0.5462,,ok,0.322
12.9051,567,,,0.4739,,,,,,14.4476,r2_measured_02507,read,measured,,,,,0.6285,,ok,0.3698
14.4243,680,,,0.7377,,,,,,16.1321,r2_measured_02508,read,measured,,,,,0.5608,,ok,0.3483
11.9134,689,,,0.5791,,,,,,13.7019,r2_measured_02509,read,measured,,,,,0.7473,,ok,0.378
11.7973,627,,,0.4927,,,,,,13.2786,r2_measured_02510,read,measured,,,,,0.5968,,ok,0.3252
12.6891,679,,,0.6157,,,,,,14.4881,r2_measured_02511,read,measured,,,,,0.7016,,ok,0.3953
8.2232,419,,,0.2484,,,,,,9.3017,r2_measured_02512,read,measured,,,,,0.482,,ok,0.2951
13.8167,680,,,0.6618,,,,,,15.6765,r2_measured_02513,read,measured,,,,,0.6794,,ok,0.4305
13.8709,680,,,0.7133,,,,,,15.635,r2_measured_02514,read,measured,,,,,0.6444,,ok,0.332
14.6051,663,,,0.4763,,,,,,16.0427,r2_measured_02515,read,measured,,,,,0.5814,,ok,0.3192
9.1708,509,,,0.8909,,,,,,11.8941,r2_measured_02516,read,measured,,,,,0.8032,,ok,0.9242
85.4185,662,11.3839,6.2166,0.4888,2.3326,1,6.2136,1,24.924,86.9561,r2_measured_02517,update,measured,18.7074,1.5376,1,22.4869,0.675,24.2911,ok,0.3123
12.1313,688,,,0.5508,,,,,,13.6845,r2_measured_02518,read,measured,,,,,0.6117,,ok,0.3169
7.5594,369,,,0.3301,,,,,,9.0839,r2_measured_02519,read,measured,,,,,0.6625,,ok,0.4589
15.1313,679,,,0.536,,,,,,16.8035,r2_measured_02520,read,measured,,,,,0.6781,,ok,0.3754
11.7542,674,,,0.4947,,,,,,13.2753,r2_measured_02521,read,measured,,,,,0.6292,,ok,0.3145
9.8855,566,,,0.4747,,,,,,11.2892,r2_measured_02522,read,measured,,,,,0.5353,,ok,0.3353
11.5629,674,,,0.578,,,,,,13.4532,r2_measured_02523,read,measured,,,,,0.7357,,ok,0.4737
12.3283,687,,,0.5005,,,,,,13.7995,r2_measured_02524,read,measured,,,,,0.5656,,ok,0.3366
11.2204,675,,,0.4921,,,,,,12.6745,r2_measured_02525,read,measured,,,,,0.577,,ok,0.3231
11.761,628,,,0.5123,,,,,,13.3341,r2_measured_02526,read,measured,,,,,0.6467,,ok,0.3428
12.0668,663,,,0.5058,,,,,,13.6754,r2_measured_02527,read,measured,,,,,0.6756,,ok,0.3532
13.1133,418,,,0.3025,,,,,,14.4127,r2_measured_02528,read,measured,,,,,0.5673,,ok,0.3606
16.9463,681,,,0.7959,,,,,,18.9772,r2_measured_02529,read,measured,,,,,0.7582,,ok,0.3934
11.4329,568,,,0.5136,,,,,,13.0806,r2_measured_02530,read,measured,,,,,0.7103,,ok,0.3439
12.4279,688,,,0.5148,,,,,,13.9295,r2_measured_02531,read,measured,,,,,0.6042,,ok,0.3169
10.9756,675,,,0.4909,,,,,,12.5976,r2_measured_02532,read,measured,,,,,0.6029,,ok,0.4535
12.6115,680,,,0.5552,,,,,,14.2178,r2_measured_02533,read,measured,,,,,0.6419,,ok,0.3358
15.7535,681,,,0.8306,,,,,,17.8151,r2_measured_02534,read,measured,,,,,0.7562,,ok,0.3981
13.1548,687,,,0.6861,,,,,,14.9689,r2_measured_02535,read,measured,,,,,0.6588,,ok,0.3853
12.1327,675,,,0.5128,,,,,,13.5776,r2_measured_02536,read,measured,,,,,0.5722,,ok,0.3008
11.2364,680,,,0.6413,,,,,,12.9898,r2_measured_02537,read,measured,,,,,0.6742,,ok,0.3534
7.5834,368,,,0.2797,,,,,,8.7102,r2_measured_02538,read,measured,,,,,0.4244,,ok,0.3667
9.2326,568,,,0.5079,,,,,,10.5858,r2_measured_02539,read,measured,,,,,0.4782,,ok,0.3109
8.8909,509,,,0.4108,,,,,,10.2624,r2_measured_02540,read,measured,,,,,0.5765,,ok,0.3191
12.1998,663,,,0.6827,,,,,,14.1267,r2_measured_02541,read,measured,,,,,0.7566,,ok,0.4064
8.8002,419,,,0.2527,,,,,,9.8871,r2_measured_02542,read,measured,,,,,0.4518,,ok,0.3296
9.0004,509,,,0.5203,,,,,,10.6267,r2_measured_02543,read,measured,,,,,0.6234,,ok,0.3921
8.5988,419,,,0.2406,,,,,,9.6953,r2_measured_02544,read,measured,,,,,0.4894,,ok,0.3151
11.8178,661,,,0.6872,,,,,,14.0178,r2_measured_02545,read,measured,,,,,0.9098,,ok,0.4803
15.0125,675,,,0.6728,,,,,,16.8844,r2_measured_02546,read,measured,,,,,0.7257,,ok,0.3877
64.1134,629,12.1854,5.7888,0.4867,2.1539,1,5.7867,1,20.6324,65.5594,r2_measured_02547,update,measured,14.8436,1.446,1,11.4936,0.5655,17.6481,ok,0.3207
17.0721,688,,,0.5256,,,,,,18.5769,r2_measured_02548,read,measured,,,,,0.5665,,ok,0.3491
14.8644,688,,,0.592,,,,,,16.4984,r2_measured_02549,read,measured,,,,,0.6373,,ok,0.3294
11.1751,629,,,0.5625,,,,,,12.7803,r2_measured_02550,read,measured,,,,,0.6351,,ok,0.3393
11.9234,679,,,0.6357,,,,,,13.6992,r2_measured_02551,read,measured,,,,,0.6896,,ok,0.3638
11.4302,627,,,0.4663,,,,,,12.8659,r2_measured_02552,read,measured,,,,,0.5792,,ok,0.3205
14.8169,689,,,0.7185,,,,,,16.9411,r2_measured_02553,read,measured,,,,,0.8645,,ok,0.4418
9.9938,419,,,0.2834,,,,,,11.2711,r2_measured_02554,read,measured,,,,,0.5257,,ok,0.4049
8.7382,417,,,0.2443,,,,,,9.7978,r2_measured_02555,read,measured,,,,,0.4479,,ok,0.3173
79.3646,629,11.9285,5.107,0.5338,2.1387,0,5.1046,1,22.3857,80.9403,r2_measured_02556,update,measured,17.2787,1.5757,1,25.2979,0.6105,17.6138,ok,0.3448
11.8754,661,,,0.5889,,,,,,13.5735,r2_measured_02557,read,measured,,,,,0.6543,,ok,0.3729
9.4851,509,,,0.7221,,,,,,11.1182,r2_measured_02558,read,measured,,,,,0.5195,,ok,0.3158
11.6506,675,,,0.5368,,,,,,13.224,r2_measured_02559,read,measured,,,,,0.636,,ok,0.3288
11.8233,679,,,0.5851,,,,,,13.587,r2_measured_02560,read,measured,,,,,0.7544,,ok,0.3595
6.7402,368,,,0.2506,,,,,,7.8498,r2_measured_02561,read,measured,,,,,0.4548,,ok,0.3533
12.7367,688,,,0.6092,,,,,,14.327,r2_measured_02562,read,measured,,,,,0.5753,,ok,0.3294
9.1199,504,,,0.4285,,,,,,10.425,r2_measured_02563,read,measured,,,,,0.5068,,ok,0.3124
9.4903,567,,,0.4879,,,,,,11.0666,r2_measured_02564,read,measured,,,,,0.6392,,ok,0.3802
11.645,660,,,0.6722,,,,,,13.382,r2_measured_02565,read,measured,,,,,0.6283,,ok,0.3595
7.2707,369,,,0.2294,,,,,,8.3111,r2_measured_02566,read,measured,,,,,0.4414,,ok,0.3158
11.0066,675,,,0.605,,,,,,12.7867,r2_measured_02567,read,measured,,,,,0.6848,,ok,0.4161
70.1503,680,12.9415,5.1321,1.1662,2.245,1,5.1295,1,22.2005,72.4765,r2_measured_02568,update,measured,17.0684,2.3262,1,12.2314,0.7324,20.5319,ok,0.3433
12.5476,628,,,0.5691,,,,,,14.1395,r2_measured_02569,read,measured,,,,,0.5706,,ok,0.377
10.1618,509,,,0.4738,,,,,,11.602,r2_measured_02570,read,measured,,,,,0.5469,,ok,0.3484
14.7715,681,,,0.6258,,,,,,16.5569,r2_measured_02571,read,measured,,,,,0.6953,,ok,0.3829
10.5892,509,,,0.4895,,,,,,12.1301,r2_measured_02572,read,measured,,,,,0.6061,,ok,0.3773
8.374,368,,,0.2516,,,,,,9.5317,r2_measured_02573,read,measured,,,,,0.5095,,ok,0.333
12.9068,675,,,0.5106,,,,,,14.4907,r2_measured_02574,read,measured,,,,,0.6723,,ok,0.3272
71.7851,679,13.7513,4.9392,0.5534,2.5741,1,4.9373,1,23.3451,73.3253,r2_measured_02575,update,measured,18.4059,1.5402,1,12.5735,0.5852,19.5411,ok,0.3336
7.0479,369,,,0.2548,,,,,,8.1702,r2_measured_02576,read,measured,,,,,0.5104,,ok,0.3091
9.7981,509,,,0.4416,,,,,,11.1782,r2_measured_02577,read,measured,,,,,0.5359,,ok,0.3362
8.9669,505,,,0.3897,,,,,,10.2694,r2_measured_02578,read,measured,,,,,0.5343,,ok,0.3238
11.7363,688,,,0.676,,,,,,13.9513,r2_measured_02579,read,measured,,,,,1.077,,ok,0.3766
11.1072,509,,,0.4751,,,,,,12.6353,r2_measured_02580,read,measured,,,,,0.6193,,ok,0.365
11.2586,627,,,0.4793,,,,,,12.7869,r2_measured_02581,read,measured,,,,,0.6447,,ok,0.3323
74.0733,688,12.5148,5.4776,0.5759,2.2392,1,5.4747,1,22.739,75.6539,r2_measured_02582,update,measured,17.2614,1.5806,1,11.0792,0.6253,25.5011,ok,0.3051
9.7819,508,,,0.417,,,,,,11.0523,r2_measured_02583,read,measured,,,,,0.4864,,ok,0.3074
8.4399,509,,,0.4675,,,,,,10.0228,r2_measured_02584,read,measured,,,,,0.5888,,ok,0.4589
13.4762,688,,,0.5723,,,,,,15.1449,r2_measured_02585,read,measured,,,,,0.6697,,ok,0.337
16.1208,661,,,0.5959,,,,,,17.8959,r2_measured_02586,read,measured,,,,,0.7343,,ok,0.3717
12.185,509,,,0.5592,,,,,,13.7354,r2_measured_02587,read,measured,,,,,0.5501,,ok,0.3639
10.3415,568,,,0.4635,,,,,,11.8017,r2_measured_02588,read,measured,,,,,0.599,,ok,0.3358
7.2541,369,,,0.1986,,,,,,8.198,r2_measured_02589,read,measured,,,,,0.4128,,ok,0.2915
13.3037,687,,,0.6151,,,,,,15.0973,r2_measured_02590,read,measured,,,,,0.7207,,ok,0.3612
11.1639,509,,,0.4737,,,,,,12.5714,r2_measured_02591,read,measured,,,,,0.5217,,ok,0.351
9.9221,568,,,0.525,,,,,,11.3609,r2_measured_02592,read,measured,,,,,0.5289,,ok,0.322
7.9652,369,,,0.243,,,,,,9.1276,r2_measured_02593,read,measured,,,,,0.5601,,ok,0.3015
16.2725,369,,,0.2161,,,,,,17.296,r2_measured_02594,read,measured,,,,,0.4481,,ok,0.3069
16.118,661,,,0.5446,,,,,,17.8133,r2_measured_02595,read,measured,,,,,0.6717,,ok,0.4003
15.5387,661,,,0.6432,,,,,,17.239,r2_measured_02596,read,measured,,,,,0.5734,,ok,0.4075
12.1352,566,,,0.954,,,,,,15.2541,r2_measured_02597,read,measured,,,,,0.7759,,ok,1.2705
16.458,680,,,0.6791,,,,,,18.6463,r2_measured_02598,read,measured,,,,,0.9754,,ok,0.4345
13.8251,624,,,0.7475,,,,,,15.7319,r2_measured_02599,read,measured,,,,,0.7043,,ok,0.3731
13.8987,679,,,0.6894,,,,,,15.7999,r2_measured_02600,read,measured,,,,,0.7352,,ok,0.3842
14.0964,689,,,0.745,,,,,,16.174,r2_measured_02601,read,measured,,,,,0.8215,,ok,0.4159
9.6028,417,,,0.3021,,,,,,10.9239,r2_measured_02602,read,measured,,,,,0.5776,,ok,0.3762
11.8349,509,,,0.5985,,,,,,13.5125,r2_measured_02603,read,measured,,,,,0.6288,,ok,0.3749
12.749,568,,,0.5707,,,,,,14.522,r2_measured_02604,read,measured,,,,,0.6503,,ok,0.4695
13.9845,663,,,0.5851,,,,,,15.9252,r2_measured_02605,read,measured,,,,,0.8642,,ok,0.4085
15.3078,678,,,0.9499,,,,,,18.2078,r2_measured_02606,read,measured,,,,,0.8909,,ok,0.9597
11.4684,417,,,0.2891,,,,,,12.9059,r2_measured_02607,read,measured,,,,,0.6603,,ok,0.4214
10.3528,417,,,0.3303,,,,,,11.7941,r2_measured_02608,read,measured,,,,,0.6259,,ok,0.4124
14.7505,681,,,0.6359,,,,,,16.587,r2_measured_02609,read,measured,,,,,0.6892,,ok,0.4092
13.3878,663,,,0.6429,,,,,,15.2509,r2_measured_02610,read,measured,,,,,0.7343,,ok,0.3987
13.4901,674,,,0.6197,,,,,,15.3254,r2_measured_02611,read,measured,,,,,0.7331,,ok,0.4004
11.7008,568,,,0.432,,,,,,13.1712,r2_measured_02612,read,measured,,,,,0.6339,,ok,0.3414
12.9638,675,,,0.5723,,,,,,14.856,r2_measured_02613,read,measured,,,,,0.7605,,ok,0.3942
13.5724,663,,,0.8102,,,,,,15.6512,r2_measured_02614,read,measured,,,,,0.7178,,ok,0.4522
10.7588,509,,,0.4664,,,,,,12.1795,r2_measured_02615,read,measured,,,,,0.5549,,ok,0.3311
13.8775,568,,,0.4738,,,,,,15.3881,r2_measured_02616,read,measured,,,,,0.5522,,ok,0.413
11.9119,689,,,0.5456,,,,,,13.5406,r2_measured_02617,read,measured,,,,,0.6237,,ok,0.3809
9.3603,418,,,0.242,,,,,,10.6121,r2_measured_02618,read,measured,,,,,0.5341,,ok,0.4139
11.3001,662,,,0.6349,,,,,,13.2894,r2_measured_02619,read,measured,,,,,0.9188,,ok,0.352
59.3867,505,9.3777,4.949,0.4825,1.7671,1,4.9457,1,21.1916,60.7524,r2_measured_02620,update,measured,16.2426,1.3657,1,10.3383,0.4974,16.712,ok,0.333
12.294,688,,,0.606,,,,,,13.9266,r2_measured_02621,read,measured,,,,,0.6199,,ok,0.332
8.0614,369,,,0.2229,,,,,,9.1226,r2_measured_02622,read,measured,,,,,0.4758,,ok,0.3121
11.9083,675,,,0.5664,,,,,,13.5161,r2_measured_02623,read,measured,,,,,0.629,,ok,0.3453
11.4893,663,,,0.6038,,,,,,13.3443,r2_measured_02624,read,measured,,,,,0.7214,,ok,0.4187
11.8711,680,,,0.5048,,,,,,13.4511,r2_measured_02625,read,measured,,,,,0.648,,ok,0.3563
9.134,419,,,0.2491,,,,,,10.2624,r2_measured_02626,read,measured,,,,,0.4882,,ok,0.3392
11.8081,629,,,0.5767,,,,,,13.4345,r2_measured_02627,read,measured,,,,,0.6056,,ok,0.369
11.8573,509,,,0.4304,,,,,,13.4998,r2_measured_02628,read,measured,,,,,0.7603,,ok,0.35
12.8316,689,,,0.6714,,,,,,14.6624,r2_measured_02629,read,measured,,,,,0.7021,,ok,0.3744
12.0423,662,,,0.5295,,,,,,13.632,r2_measured_02630,read,measured,,,,,0.6315,,ok,0.3609
11.8662,689,,,0.4876,,,,,,13.342,r2_measured_02631,read,measured,,,,,0.5828,,ok,0.3365
7.3019,369,,,0.2267,,,,,,8.4358,r2_measured_02632,read,measured,,,,,0.5343,,ok,0.3126
11.5303,568,,,0.5521,,,,,,13.1731,r2_measured_02633,read,measured,,,,,0.6565,,ok,0.3664
12.7418,661,,,0.5547,,,,,,14.4121,r2_measured_02634,read,measured,,,,,0.6163,,ok,0.4225
11.9933,688,,,0.5313,,,,,,13.5889,r2_measured_02635,read,measured,,,,,0.6656,,ok,0.3234
18.3489,662,,,0.7244,,,,,,20.1793,r2_measured_02636,read,measured,,,,,0.6851,,ok,0.3426
13.9403,679,,,0.7835,,,,,,16.1763,r2_measured_02637,read,measured,,,,,0.8398,,ok,0.4971
13.9423,628,,,0.5315,,,,,,15.5825,r2_measured_02638,read,measured,,,,,0.6752,,ok,0.3554
12.936,679,,,0.5343,,,,,,14.6236,r2_measured_02639,read,measured,,,,,0.6357,,ok,0.4341
10.346,568,,,0.4614,,,,,,11.7894,r2_measured_02640,read,measured,,,,,0.5937,,ok,0.3288
8.1981,417,,,0.2757,,,,,,9.5266,r2_measured_02641,read,measured,,,,,0.6013,,ok,0.3892
13.2849,628,,,0.7578,,,,,,15.0756,r2_measured_02642,read,measured,,,,,0.6095,,ok,0.3474
13.2142,681,,,0.5417,,,,,,14.7415,r2_measured_02643,read,measured,,,,,0.5751,,ok,0.338
12.7568,660,,,0.57,,,,,,14.4541,r2_measured_02644,read,measured,,,,,0.7458,,ok,0.3108
12.2965,680,,,0.5876,,,,,,14.0559,r2_measured_02645,read,measured,,,,,0.6834,,ok,0.4138
11.959,628,,,0.5609,,,,,,13.637,r2_measured_02646,read,measured,,,,,0.6779,,ok,0.3621
12.3092,662,,,0.5723,,,,,,14.0174,r2_measured_02647,read,measured,,,,,0.6863,,ok,0.3763
12.8011,680,,,0.5727,,,,,,14.5688,r2_measured_02648,read,measured,,,,,0.7229,,ok,0.3833
12.687,628,,,0.557,,,,,,14.4323,r2_measured_02649,read,measured,,,,,0.7267,,ok,0.3779
12.9605,675,,,0.6726,,,,,,14.8212,r2_measured_02650,read,measured,,,,,0.7238,,ok,0.3787
12.9431,680,,,0.5598,,,,,,14.6673,r2_measured_02651,read,measured,,,,,0.6965,,ok,0.3821
10.7821,568,,,0.6293,,,,,,12.6099,r2_measured_02652,read,measured,,,,,0.6599,,ok,0.4732
6.5877,368,,,0.2669,,,,,,7.7015,r2_measured_02653,read,measured,,,,,0.4949,,ok,0.3051
12.0722,681,,,0.4797,,,,,,13.5866,r2_measured_02654,read,measured,,,,,0.6237,,ok,0.3384
11.464,628,,,0.4749,,,,,,12.9476,r2_measured_02655,read,measured,,,,,0.5965,,ok,0.3467
10.7992,626,,,0.5279,,,,,,12.4211,r2_measured_02656,read,measured,,,,,0.6815,,ok,0.3272
9.5896,509,,,0.4015,,,,,,11.0322,r2_measured_02657,read,measured,,,,,0.5666,,ok,0.4015
12.0834,680,,,0.4759,,,,,,13.5236,r2_measured_02658,read,measured,,,,,0.5933,,ok,0.3082
11.004,417,,,0.2457,,,,,,12.1234,r2_measured_02659,read,measured,,,,,0.504,,ok,0.3106
15.2748,662,,,0.5838,,,,,,16.9149,r2_measured_02660,read,measured,,,,,0.6479,,ok,0.3335
73.95,675,12.8558,5.1648,0.62,2.3319,1,5.1626,1,23.6194,75.6747,r2_measured_02661,update,measured,18.4546,1.7247,1,12.8328,0.6628,22.3101,ok,0.3531
13.3346,689,,,0.7896,,,,,,15.5743,r2_measured_02662,read,measured,,,,,0.912,,ok,0.4352
10.9931,509,,,0.4784,,,,,,12.4703,r2_measured_02663,read,measured,,,,,0.5754,,ok,0.3578
12.3443,663,,,0.5468,,,,,,14.0015,r2_measured_02664,read,measured,,,,,0.6772,,ok,0.3575
78.9616,661,17.206,4.4847,0.5946,2.555,1,4.4827,1,21.6588,80.6287,r2_measured_02665,update,measured,17.1741,1.6671,1,13.0699,0.6177,24.4719,ok,0.3859
11.6298,566,,,0.6055,,,,,,13.2765,r2_measured_02666,read,measured,,,,,0.6084,,ok,0.3523
13.6125,629,,,0.4551,,,,,,15.061,r2_measured_02667,read,measured,,,,,0.5794,,ok,0.3458
16.5579,674,,,0.7218,,,,,,18.6879,r2_measured_02668,read,measured,,,,,0.8748,,ok,0.4375
12.9325,628,,,0.5871,,,,,,14.6113,r2_measured_02669,read,measured,,,,,0.6441,,ok,0.3715
11.94,662,,,0.6398,,,,,,13.7502,r2_measured_02670,read,measured,,,,,0.6848,,ok,0.4014
11.7161,627,,,0.574,,,,,,13.3781,r2_measured_02671,read,measured,,,,,0.6388,,ok,0.3719
12.2787,689,,,0.5858,,,,,,13.879,r2_measured_02672,read,measured,,,,,0.6167,,ok,0.3274
7.2575,368,,,0.2698,,,,,,8.6912,r2_measured_02673,read,measured,,,,,0.5656,,ok,0.51
17.6111,681,,,0.5693,,,,,,19.1596,r2_measured_02674,read,measured,,,,,0.5879,,ok,0.321
13.5556,418,,,0.3034,,,,,,14.7639,r2_measured_02675,read,measured,,,,,0.4664,,ok,0.3723
72.003,567,11.3566,5.5272,0.5002,2.3388,1,5.5228,1,22.0968,73.4694,r2_measured_02676,update,measured,16.5696,1.4664,1,15.912,0.5727,20.2988,ok,0.332
12.9745,680,,,0.5561,,,,,,14.7154,r2_measured_02677,read,measured,,,,,0.7189,,ok,0.3813
12.9167,680,,,0.5859,,,,,,14.5324,r2_measured_02678,read,measured,,,,,0.6149,,ok,0.3376
11.8569,675,,,0.5562,,,,,,13.5078,r2_measured_02679,read,measured,,,,,0.6526,,ok,0.3697
10.6498,628,,,0.5956,,,,,,12.3023,r2_measured_02680,read,measured,,,,,0.6005,,ok,0.3936
12.873,663,,,0.6444,,,,,,14.7155,r2_measured_02681,read,measured,,,,,0.7218,,ok,0.3915
10.2006,505,,,0.4672,,,,,,11.6116,r2_measured_02682,read,measured,,,,,0.5339,,ok,0.3503
11.0651,568,,,0.649,,,,,,12.9446,r2_measured_02683,read,measured,,,,,0.7396,,ok,0.4012
13.5061,680,,,0.5194,,,,,,15.0648,r2_measured_02684,read,measured,,,,,0.6167,,ok,0.3496
7.6369,368,,,0.2549,,,,,,8.7404,r2_measured_02685,read,measured,,,,,0.4502,,ok,0.3467
11.9383,628,,,0.48,,,,,,13.3747,r2_measured_02686,read,measured,,,,,0.558,,ok,0.3272
7.9724,419,,,0.3308,,,,,,9.2633,r2_measured_02687,read,measured,,,,,0.5753,,ok,0.3213
10.5219,568,,,0.5384,,,,,,12.0239,r2_measured_02688,read,measured,,,,,0.543,,ok,0.3546
12.996,628,,,0.5032,,,,,,14.4805,r2_measured_02689,read,measured,,,,,0.5749,,ok,0.3327
13.082,662,,,0.4955,,,,,,14.5255,r2_measured_02690,read,measured,,,,,0.559,,ok,0.3223
53.4756,369,8.6876,3.5002,0.2451,1.7245,1,3.4984,1,17.781,54.5779,r2_measured_02691,update,measured,14.2808,1.1023,1,12.2796,0.4632,13.0029,ok,0.34
12.0026,675,,,0.5648,,,,,,13.5115,r2_measured_02692,read,measured,,,,,0.5614,,ok,0.3223
11.9761,680,,,0.4941,,,,,,13.4745,r2_measured_02693,read,measured,,,,,0.5846,,ok,0.3303
11.9825,626,,,0.5258,,,,,,13.465,r2_measured_02694,read,measured,,,,,0.5582,,ok,0.3314
8.2134,417,,,0.3934,,,,,,9.9215,r2_measured_02695,read,measured,,,,,0.5434,,ok,0.7003
16.9608,680,,,0.5387,,,,,,18.6162,r2_measured_02696,read,measured,,,,,0.7082,,ok,0.3307
19.9805,680,,,0.7065,,,,,,22.0186,r2_measured_02697,read,measured,,,,,0.8109,,ok,0.4197
16.9406,507,,,0.4197,,,,,,18.2996,r2_measured_02698,read,measured,,,,,0.5602,,ok,0.3148
23.4891,681,,,0.5495,,,,,,25.0978,r2_measured_02699,read,measured,,,,,0.6464,,ok,0.336
13.2863,688,,,0.4492,,,,,,14.7089,r2_measured_02700,read,measured,,,,,0.5965,,ok,0.3136
12.5188,688,,,0.5985,,,,,,14.2263,r2_measured_02701,read,measured,,,,,0.69,,ok,0.3412
11.8822,568,,,0.4957,,,,,,13.3709,r2_measured_02702,read,measured,,,,,0.5869,,ok,0.3416
13.2527,688,,,0.6605,,,,,,15.0948,r2_measured_02703,read,measured,,,,,0.7159,,ok,0.3781
14.7478,663,,,0.5602,,,,,,16.4278,r2_measured_02704,read,measured,,,,,0.6387,,ok,0.4026
12.8662,689,,,0.7382,,,,,,14.8119,r2_measured_02705,read,measured,,,,,0.7259,,ok,0.3824
14.2677,679,,,0.5358,,,,,,16.0016,r2_measured_02706,read,measured,,,,,0.7518,,ok,0.3645
11.1319,509,,,0.5573,,,,,,12.7854,r2_measured_02707,read,measured,,,,,0.6484,,ok,0.3723
15.1446,688,,,0.7423,,,,,,17.2845,r2_measured_02708,read,measured,,,,,0.862,,ok,0.4371
10.5207,418,,,0.3504,,,,,,12.0405,r2_measured_02709,read,measured,,,,,0.6695,,ok,0.419
9.2555,369,,,0.255,,,,,,10.4797,r2_measured_02710,read,measured,,,,,0.5475,,ok,0.3594
10.5381,507,,,0.5313,,,,,,12.1428,r2_measured_02711,read,measured,,,,,0.5983,,ok,0.4016
13.1505,679,,,0.6807,,,,,,15.0781,r2_measured_02712,read,measured,,,,,0.7368,,ok,0.4205
14.0247,680,,,0.689,,,,,,15.9974,r2_measured_02713,read,measured,,,,,0.7763,,ok,0.4286
11.7817,568,,,0.6097,,,,,,13.5221,r2_measured_02714,read,measured,,,,,0.6841,,ok,0.3642
11.7236,567,,,0.5289,,,,,,13.2781,r2_measured_02715,read,measured,,,,,0.5923,,ok,0.3563
10.1773,509,,,0.5515,,,,,,11.8093,r2_measured_02716,read,measured,,,,,0.6099,,ok,0.3648
11.4996,568,,,0.6183,,,,,,13.3028,r2_measured_02717,read,measured,,,,,0.6795,,ok,0.4162
13.7598,568,,,0.6195,,,,,,15.5342,r2_measured_02718,read,measured,,,,,0.6932,,ok,0.3812
11.6744,568,,,0.5678,,,,,,13.2986,r2_measured_02719,read,measured,,,,,0.5941,,ok,0.3908
9.1955,419,,,0.2888,,,,,,10.4401,r2_measured_02720,read,measured,,,,,0.5321,,ok,0.3566
10.9679,509,,,0.4757,,,,,,12.5207,r2_measured_02721,read,measured,,,,,0.6428,,ok,0.3587
15.9534,509,,,0.6375,,,,,,17.759,r2_measured_02722,read,measured,,,,,0.6804,,ok,0.4027
13.473,680,,,0.6211,,,,,,15.196,r2_measured_02723,read,measured,,,,,0.6709,,ok,0.3518
8.1745,419,,,0.345,,,,,,9.4448,r2_measured_02724,read,measured,,,,,0.5484,,ok,0.3183
12.1633,680,,,0.5251,,,,,,13.7056,r2_measured_02725,read,measured,,,,,0.5958,,ok,0.3471
8.3564,417,,,0.3513,,,,,,9.7505,r2_measured_02726,read,measured,,,,,0.5376,,ok,0.4409
17.6089,568,,,0.5983,,,,,,19.4383,r2_measured_02727,read,measured,,,,,0.7753,,ok,0.3752
12.9056,673,,,0.5533,,,,,,14.4944,r2_measured_02728,read,measured,,,,,0.5913,,ok,0.3564
14.7162,661,,,0.5705,,,,,,16.4051,r2_measured_02729,read,measured,,,,,0.6651,,ok,0.3691
13.1317,679,,,0.581,,,,,,14.837,r2_measured_02730,read,measured,,,,,0.7001,,ok,0.3477
8.5549,417,,,0.3065,,,,,,9.8004,r2_measured_02731,read,measured,,,,,0.555,,ok,0.3244
7.959,369,,,0.3266,,,,,,9.287,r2_measured_02732,read,measured,,,,,0.586,,ok,0.3473
12.9629,680,,,0.569,,,,,,14.6488,r2_measured_02733,read,measured,,,,,0.6863,,ok,0.3504
12.958,679,,,0.6453,,,,,,14.7481,r2_measured_02734,read,measured,,,,,0.7123,,ok,0.3513
9.5863,369,,,0.2393,,,,,,10.7161,r2_measured_02735,read,measured,,,,,0.4973,,ok,0.3326
12.6057,680,,,0.5372,,,,,,14.1636,r2_measured_02736,read,measured,,,,,0.616,,ok,0.33
12.1756,628,,,0.6494,,,,,,14.11,r2_measured_02737,read,measured,,,,,0.7842,,ok,0.4141
13.9506,680,,,0.6155,,,,,,15.7158,r2_measured_02738,read,measured,,,,,0.6845,,ok,0.38
12.9889,689,,,0.5257,,,,,,14.6285,r2_measured_02739,read,measured,,,,,0.6562,,ok,0.3721
13.3419,680,,,0.5951,,,,,,15.0248,r2_measured_02740,read,measured,,,,,0.6477,,ok,0.3609
11.1304,567,,,0.5703,,,,,,12.7918,r2_measured_02741,read,measured,,,,,0.6736,,ok,0.3374
13.0488,679,,,0.5479,,,,,,14.7627,r2_measured_02742,read,measured,,,,,0.7049,,ok,0.3735
10.6925,507,,,0.5144,,,,,,12.2958,r2_measured_02743,read,measured,,,,,0.6434,,ok,0.3714
13.5027,688,,,0.5681,,,,,,15.144,r2_measured_02744,read,measured,,,,,0.6361,,ok,0.3556
7.7246,369,,,0.2158,,,,,,8.7669,r2_measured_02745,read,measured,,,,,0.4636,,ok,0.3142
6.8909,369,,,0.2117,,,,,,7.9542,r2_measured_02746,read,measured,,,,,0.4584,,ok,0.3403
12.8487,568,,,0.5015,,,,,,14.5786,r2_measured_02747,read,measured,,,,,0.7016,,ok,0.4191
8.3075,419,,,0.2581,,,,,,9.4363,r2_measured_02748,read,measured,,,,,0.4836,,ok,0.3224
7.9079,417,,,0.2616,,,,,,9.0969,r2_measured_02749,read,measured,,,,,0.503,,ok,0.3614
10.9964,505,,,0.7608,,,,,,12.9568,r2_measured_02750,read,measured,,,,,0.7036,,ok,0.4052
14.2795,673,,,0.6729,,,,,,16.2278,r2_measured_02751,read,measured,,,,,0.7842,,ok,0.4018
15.8013,675,,,0.6122,,,,,,17.4847,r2_measured_02752,read,measured,,,,,0.6433,,ok,0.3449
14.8713,680,,,0.7618,,,,,,16.8583,r2_measured_02753,read,measured,,,,,0.7528,,ok,0.3795
8.8931,369,,,0.3638,,,,,,10.3006,r2_measured_02754,read,measured,,,,,0.5514,,ok,0.4199
15.9687,662,,,0.6281,,,,,,17.7105,r2_measured_02755,read,measured,,,,,0.6745,,ok,0.3572
13.1731,675,,,0.6776,,,,,,15.2264,r2_measured_02756,read,measured,,,,,0.8941,,ok,0.3875
12.3876,567,,,0.5864,,,,,,14.1723,r2_measured_02757,read,measured,,,,,0.737,,ok,0.3807
12.1169,566,,,0.5446,,,,,,13.7878,r2_measured_02758,read,measured,,,,,0.6591,,ok,0.3889
11.8708,509,,,0.4993,,,,,,13.5761,r2_measured_02759,read,measured,,,,,0.7623,,ok,0.3647
14.1198,663,,,0.6878,,,,,,16.0154,r2_measured_02760,read,measured,,,,,0.7372,,ok,0.3835
68.9835,509,9.8044,5.6196,0.4341,1.8876,1,5.6178,1,26.7682,70.313,r2_measured_02761,update,measured,21.1486,1.3295,1,11.5739,0.5135,18.9494,ok,0.3237
72.1575,369,10.1804,6.8555,0.2179,1.3064,1,6.8533,1,31.9393,73.2427,r2_measured_02762,update,measured,25.0838,1.0852,1,16.0826,0.4508,12.6488,ok,0.356
10.3994,369,,,0.2243,,,,,,11.5354,r2_measured_02763,read,measured,,,,,0.4955,,ok,0.3561
16.5039,628,,,0.6213,,,,,,18.1217,r2_measured_02764,read,measured,,,,,0.6006,,ok,0.3219
14.9443,679,,,0.5698,,,,,,16.5772,r2_measured_02765,read,measured,,,,,0.6501,,ok,0.3318
13.7763,661,,,0.5305,,,,,,15.3199,r2_measured_02766,read,measured,,,,,0.5729,,ok,0.3675
8.9526,419,,,0.3087,,,,,,10.2681,r2_measured_02767,read,measured,,,,,0.5856,,ok,0.3488
14.9604,663,,,0.5265,,,,,,16.5402,r2_measured_02768,read,measured,,,,,0.6541,,ok,0.3306
14.0064,680,,,0.6884,,,,,,15.9569,r2_measured_02769,read,measured,,,,,0.6885,,ok,0.4694
14.4837,675,,,0.6034,,,,,,16.122,r2_measured_02770,read,measured,,,,,0.6105,,ok,0.3478
16.041,673,,,0.6493,,,,,,17.8851,r2_measured_02771,read,measured,,,,,0.7067,,ok,0.3979
14.4838,688,,,0.5486,,,,,,16.0922,r2_measured_02772,read,measured,,,,,0.6052,,ok,0.3731
12.8908,679,,,0.9564,,,,,,15.611,r2_measured_02773,read,measured,,,,,1.0515,,ok,0.6122
12.9898,568,,,0.4969,,,,,,14.6367,r2_measured_02774,read,measured,,,,,0.7137,,ok,0.367
8.5449,369,,,0.2105,,,,,,9.7319,r2_measured_02775,read,measured,,,,,0.4395,,ok,0.4809
13.7767,662,,,0.7763,,,,,,16.0139,r2_measured_02776,read,measured,,,,,0.8673,,ok,0.486
15.4031,674,,,0.5525,,,,,,17.0994,r2_measured_02777,read,measured,,,,,0.6808,,ok,0.3841
8.7622,369,,,0.2506,,,,,,9.9342,r2_measured_02778,read,measured,,,,,0.5235,,ok,0.3346
12.3937,568,,,0.5371,,,,,,14.0581,r2_measured_02779,read,measured,,,,,0.6792,,ok,0.3739
13.876,661,,,0.614,,,,,,15.5648,r2_measured_02780,read,measured,,,,,0.6138,,ok,0.3796
14.4438,680,,,0.633,,,,,,16.2246,r2_measured_02781,read,measured,,,,,0.6971,,ok,0.3666
9.6147,417,,,0.3357,,,,,,11.0501,r2_measured_02782,read,measured,,,,,0.6317,,ok,0.398
14.0088,628,,,0.6624,,,,,,15.9176,r2_measured_02783,read,measured,,,,,0.7529,,ok,0.4104
11.6803,568,,,0.5012,,,,,,13.2729,r2_measured_02784,read,measured,,,,,0.6234,,ok,0.391
13.1471,679,,,0.6062,,,,,,14.9478,r2_measured_02785,read,measured,,,,,0.7451,,ok,0.3658
12.8742,679,,,0.5729,,,,,,14.6251,r2_measured_02786,read,measured,,,,,0.7069,,ok,0.3892
13.1415,680,,,0.6355,,,,,,14.9353,r2_measured_02787,read,measured,,,,,0.7055,,ok,0.3616
16.9331,680,,,0.668,,,,,,18.8494,r2_measured_02788,read,measured,,,,,0.749,,ok,0.4067
78.4781,663,12.6656,5.2186,0.5867,2.249,1,5.2167,1,26.1464,80.0863,r2_measured_02789,update,measured,20.9278,1.6082,1,12.7247,0.6199,24.6924,ok,0.3212
12.6643,679,,,0.6637,,,,,,14.5304,r2_measured_02790,read,measured,,,,,0.7177,,ok,0.3966
12.4199,624,,,0.5687,,,,,,14.0614,r2_measured_02791,read,measured,,,,,0.636,,ok,0.3597
14.5623,568,,,0.5332,,,,,,16.178,r2_measured_02792,read,measured,,,,,0.6234,,ok,0.3811
17.322,679,,,0.5515,,,,,,19.0369,r2_measured_02793,read,measured,,,,,0.7018,,ok,0.3763
92.2514,663,12.9437,5.8267,0.5383,2.2879,1,5.8249,1,26.9065,93.9304,r2_measured_02794,update,measured,21.0798,1.679,1,25.7742,0.682,24.3391,ok,0.3789
10.5037,507,,,0.5702,,,,,,12.0866,r2_measured_02795,read,measured,,,,,0.5854,,ok,0.3476
13.4469,675,,,0.5653,,,,,,15.1427,r2_measured_02796,read,measured,,,,,0.6826,,ok,0.3691
11.8205,628,,,0.5122,,,,,,13.3889,r2_measured_02797,read,measured,,,,,0.6282,,ok,0.3577
12.8508,662,,,0.7018,,,,,,14.7656,r2_measured_02798,read,measured,,,,,0.7059,,ok,0.4189
60.4972,689,13.8071,4.8036,0.5717,2.2439,0,4.8016,1,24.1258,62.0781,r2_measured_02799,update,measured,19.3222,1.5809,1,0.007,0.594,20.3134,ok,0.3401
9.2135,369,,,0.3903,,,,,,10.6859,r2_measured_02800,read,measured,,,,,0.5301,,ok,0.4848
13.8636,568,,,0.5661,,,,,,15.6227,r2_measured_02801,read,measured,,,,,0.7625,,ok,0.3605
15.2782,509,,,0.4872,,,,,,16.7064,r2_measured_02802,read,measured,,,,,0.5494,,ok,0.3262
16.531,681,,,0.6547,,,,,,18.4286,r2_measured_02803,read,measured,,,,,0.7506,,ok,0.4018
18.5577,663,,,0.5385,,,,,,20.1719,r2_measured_02804,read,measured,,,,,0.6548,,ok,0.3437
13.9896,689,,,0.6451,,,,,,16.0079,r2_measured_02805,read,measured,,,,,0.869,,ok,0.4147
14.0619,680,,,0.6467,,,,,,15.9333,r2_measured_02806,read,measured,,,,,0.7518,,ok,0.3965
11.0213,509,,,0.4694,,,,,,12.7002,r2_measured_02807,read,measured,,,,,0.7467,,ok,0.3821
16.7909,629,,,0.5732,,,,,,18.4608,r2_measured_02808,read,measured,,,,,0.6427,,ok,0.3762
12.2092,628,,,0.604,,,,,,14.0406,r2_measured_02809,read,measured,,,,,0.7995,,ok,0.3489
8.2939,419,,,0.2724,,,,,,9.4916,r2_measured_02810,read,measured,,,,,0.5222,,ok,0.3429
12.0813,689,,,0.6125,,,,,,13.7514,r2_measured_02811,read,measured,,,,,0.6432,,ok,0.3405
11.7992,628,,,0.5783,,,,,,13.511,r2_measured_02812,read,measured,,,,,0.6634,,ok,0.3371
14.3491,681,,,0.7549,,,,,,16.5511,r2_measured_02813,read,measured,,,,,0.8531,,ok,0.496
80.1,628,16.413,6.1359,0.644,2.3059,1,6.1341,1,26.8681,82.0021,r2_measured_02814,update,measured,20.7322,1.9021,1,11.4375,0.7417,23.0755,ok,0.4278
13.4111,679,,,0.6262,,,,,,15.151,r2_measured_02815,read,measured,,,,,0.6608,,ok,0.371
11.1083,628,,,0.4697,,,,,,12.5247,r2_measured_02816,read,measured,,,,,0.5677,,ok,0.3134
9.771,509,,,0.5074,,,,,,11.4032,r2_measured_02817,read,measured,,,,,0.6452,,ok,0.4048
11.751,568,,,0.5777,,,,,,13.4308,r2_measured_02818,read,measured,,,,,0.6041,,ok,0.4131
12.3549,627,,,0.56,,,,,,14.0569,r2_measured_02819,read,measured,,,,,0.6455,,ok,0.4087
14.1559,629,,,0.5792,,,,,,15.7546,r2_measured_02820,read,measured,,,,,0.5952,,ok,0.3501
12.872,675,,,0.6614,,,,,,14.9336,r2_measured_02821,read,measured,,,,,0.6643,,ok,0.6508
11.757,568,,,0.5616,,,,,,13.3962,r2_measured_02822,read,measured,,,,,0.6461,,ok,0.3596
11.1954,567,,,0.458,,,,,,12.7762,r2_measured_02823,read,measured,,,,,0.6427,,ok,0.4083
13.0506,679,,,0.6437,,,,,,14.8893,r2_measured_02824,read,measured,,,,,0.7324,,ok,0.3775
13.6413,679,,,0.6273,,,,,,15.4021,r2_measured_02825,read,measured,,,,,0.6583,,ok,0.3943
13.5135,628,,,0.6389,,,,,,15.4047,r2_measured_02826,read,measured,,,,,0.7179,,ok,0.4389
13.9557,680,,,0.5466,,,,,,15.6274,r2_measured_02827,read,measured,,,,,0.6885,,ok,0.3603
10.6886,568,,,0.5722,,,,,,12.8896,r2_measured_02828,read,measured,,,,,0.7845,,ok,0.7589
16.3722,675,,,0.7234,,,,,,18.405,r2_measured_02829,read,measured,,,,,0.8223,,ok,0.4012
13.8052,663,,,0.5838,,,,,,15.6056,r2_measured_02830,read,measured,,,,,0.7549,,ok,0.3789
9.5848,505,,,0.4223,,,,,,10.9334,r2_measured_02831,read,measured,,,,,0.5242,,ok,0.346
7.5548,419,,,0.2393,,,,,,8.5791,r2_measured_02832,read,measured,,,,,0.4262,,ok,0.3096
11.8231,680,,,0.6599,,,,,,13.6218,r2_measured_02833,read,measured,,,,,0.6883,,ok,0.3665
13.4166,675,,,0.479,,,,,,14.8971,r2_measured_02834,read,measured,,,,,0.6053,,ok,0.3266
12.3866,505,,,0.5579,,,,,,14.1783,r2_measured_02835,read,measured,,,,,0.7023,,ok,0.4507
15.3487,629,,,0.7216,,,,,,17.3166,r2_measured_02836,read,measured,,,,,0.7599,,ok,0.3987
12.7958,629,,,0.5618,,,,,,14.4491,r2_measured_02837,read,measured,,,,,0.664,,ok,0.3562
14.0083,680,,,0.6632,,,,,,15.8471,r2_measured_02838,read,measured,,,,,0.7035,,ok,0.386
14.313,680,,,0.572,,,,,,15.9783,r2_measured_02839,read,measured,,,,,0.6516,,ok,0.365
14.4618,680,,,0.6434,,,,,,16.1943,r2_measured_02840,read,measured,,,,,0.651,,ok,0.3582
12.32,509,,,0.6462,,,,,,14.2309,r2_measured_02841,read,measured,,,,,0.7348,,ok,0.4481
15.3535,688,,,0.572,,,,,,17.2377,r2_measured_02842,read,measured,,,,,0.867,,ok,0.3676
10.6184,509,,,0.495,,,,,,12.0952,r2_measured_02843,read,measured,,,,,0.5419,,ok,0.3768
10.0801,509,,,0.4397,,,,,,11.5753,r2_measured_02844,read,measured,,,,,0.5971,,ok,0.3912
13.1882,661,,,0.5697,,,,,,14.812,r2_measured_02845,read,measured,,,,,0.638,,ok,0.3435
12.0654,626,,,0.5656,,,,,,13.8023,r2_measured_02846,read,measured,,,,,0.6971,,ok,0.4016
15.6945,687,,,0.6336,,,,,,17.5366,r2_measured_02847,read,measured,,,,,0.7328,,ok,0.3914
12.6511,566,,,0.5572,,,,,,14.3277,r2_measured_02848,read,measured,,,,,0.6804,,ok,0.3691
13.5312,681,,,1.1217,,,,,,15.8635,r2_measured_02849,read,measured,,,,,0.7296,,ok,0.3795
13.7048,674,,,0.5509,,,,,,15.5249,r2_measured_02850,read,measured,,,,,0.7023,,ok,0.4738
10.8322,505,,,0.564,,,,,,12.5387,r2_measured_02851,read,measured,,,,,0.6646,,ok,0.3962
11.9013,509,,,0.5648,,,,,,13.7488,r2_measured_02852,read,measured,,,,,0.6876,,ok,0.5122
8.7764,419,,,0.283,,,,,,10.0102,r2_measured_02853,read,measured,,,,,0.5161,,ok,0.3708
13.3889,681,,,0.5857,,,,,,15.1163,r2_measured_02854,read,measured,,,,,0.6219,,ok,0.4339
13.1678,680,,,0.6244,,,,,,15.2298,r2_measured_02855,read,measured,,,,,0.8996,,ok,0.4412
15.6326,509,,,0.5441,,,,,,17.2422,r2_measured_02856,read,measured,,,,,0.6165,,ok,0.3685
12.4116,507,,,0.5139,,,,,,14.042,r2_measured_02857,read,measured,,,,,0.6534,,ok,0.3885
9.8932,417,,,0.3135,,,,,,11.2978,r2_measured_02858,read,measured,,,,,0.6192,,ok,0.4
14.391,678,,,0.5888,,,,,,16.1572,r2_measured_02859,read,measured,,,,,0.7301,,ok,0.3673
8.3336,419,,,0.2472,,,,,,9.4485,r2_measured_02860,read,measured,,,,,0.477,,ok,0.3356
14.0912,675,,,0.6244,,,,,,15.8723,r2_measured_02861,read,measured,,,,,0.6912,,ok,0.3792
13.2241,627,,,0.591,,,,,,14.8857,r2_measured_02862,read,measured,,,,,0.6412,,ok,0.3589
11.3659,507,,,0.5306,,,,,,12.9934,r2_measured_02863,read,measured,,,,,0.6531,,ok,0.3658
9.2597,369,,,0.2607,,,,,,10.5076,r2_measured_02864,read,measured,,,,,0.5598,,ok,0.3686
7.9616,369,,,0.2304,,,,,,9.0853,r2_measured_02865,read,measured,,,,,0.5095,,ok,0.3303
7.9975,418,,,0.3646,,,,,,9.3456,r2_measured_02866,read,measured,,,,,0.5033,,ok,0.4211
8.5104,417,,,0.3055,,,,,,9.6932,r2_measured_02867,read,measured,,,,,0.4845,,ok,0.3284
8.0236,419,,,0.2631,,,,,,9.135,r2_measured_02868,read,measured,,,,,0.4603,,ok,0.3362
13.0048,680,,,0.6044,,,,,,14.7884,r2_measured_02869,read,measured,,,,,0.7352,,ok,0.3596
12.2582,566,,,0.4885,,,,,,13.732,r2_measured_02870,read,measured,,,,,0.5631,,ok,0.3511
16.7862,688,,,0.5582,,,,,,18.4892,r2_measured_02871,read,measured,,,,,0.6885,,ok,0.3757
11.4662,568,,,0.5303,,,,,,13.1559,r2_measured_02872,read,measured,,,,,0.7037,,ok,0.3806
9.3499,418,,,0.285,,,,,,10.7073,r2_measured_02873,read,measured,,,,,0.5477,,ok,0.4562
11.4422,505,,,0.5956,,,,,,13.3403,r2_measured_02874,read,measured,,,,,0.7453,,ok,0.4595
14.4552,568,,,0.5538,,,,,,16.1118,r2_measured_02875,read,measured,,,,,0.6601,,ok,0.3672
12.5849,568,,,0.7506,,,,,,14.6857,r2_measured_02876,read,measured,,,,,0.6925,,ok,0.5313
18.3986,663,,,0.6632,,,,,,20.3868,r2_measured_02877,read,measured,,,,,0.7678,,ok,0.4609
14.1609,674,,,0.612,,,,,,15.9709,r2_measured_02878,read,measured,,,,,0.6997,,ok,0.4071
13.8464,681,,,0.6731,,,,,,15.6943,r2_measured_02879,read,measured,,,,,0.7067,,ok,0.3813
13.201,679,,,0.6792,,,,,,15.0536,r2_measured_02880,read,measured,,,,,0.7071,,ok,0.3834
13.9874,663,,,0.7107,,,,,,15.9546,r2_measured_02881,read,measured,,,,,0.7637,,ok,0.4037
76.0802,689,13.4065,5.3386,0.6236,2.4204,1,5.3364,1,24.9167,77.7775,r2_measured_02882,update,measured,19.5781,1.6973,1,12.7083,0.6183,22.6283,ok,0.3717
11.1451,419,,,0.3095,,,,,,12.5269,r2_measured_02883,read,measured,,,,,0.5969,,ok,0.4046
9.7219,419,,,0.2748,,,,,,10.9527,r2_measured_02884,read,measured,,,,,0.5332,,ok,0.3602
13.2319,681,,,0.7416,,,,,,15.1623,r2_measured_02885,read,measured,,,,,0.7055,,ok,0.4046
12.5623,628,,,0.5504,,,,,,14.1778,r2_measured_02886,read,measured,,,,,0.6316,,ok,0.3579
10.9418,568,,,0.5845,,,,,,12.6935,r2_measured_02887,read,measured,,,,,0.7161,,ok,0.3715
13.192,680,,,0.6317,,,,,,14.9779,r2_measured_02888,read,measured,,,,,0.6894,,ok,0.3843
12.9811,679,,,0.572,,,,,,14.7111,r2_measured_02889,read,measured,,,,,0.7269,,ok,0.3624
9.1599,369,,,0.2366,,,,,,10.3387,r2_measured_02890,read,measured,,,,,0.5425,,ok,0.3164
18.4514,681,,,0.7011,,,,,,20.6276,r2_measured_02891,read,measured,,,,,0.9342,,ok,0.4397
14.9179,679,,,0.655,,,,,,16.8398,r2_measured_02892,read,measured,,,,,0.7601,,ok,0.411
12.6401,627,,,0.54,,,,,,14.2594,r2_measured_02893,read,measured,,,,,0.6544,,ok,0.3441
12.3453,678,,,0.6327,,,,,,14.1965,r2_measured_02894,read,measured,,,,,0.7434,,ok,0.3928
13.4633,688,,,0.5579,,,,,,15.1582,r2_measured_02895,read,measured,,,,,0.6519,,ok,0.4013
9.9739,509,,,0.4921,,,,,,11.3679,r2_measured_02896,read,measured,,,,,0.5046,,ok,0.3401
10.096,566,,,0.4731,,,,,,11.5512,r2_measured_02897,read,measured,,,,,0.5817,,ok,0.3219
11.2697,662,,,0.4861,,,,,,12.747,r2_measured_02898,read,measured,,,,,0.5841,,ok,0.3371
8.4981,418,,,0.2455,,,,,,9.5946,r2_measured_02899,read,measured,,,,,0.4796,,ok,0.32
12.7236,662,,,0.5799,,,,,,14.5173,r2_measured_02900,read,measured,,,,,0.701,,ok,0.4287
12.735,679,,,0.6977,,,,,,14.7318,r2_measured_02901,read,measured,,,,,0.7745,,ok,0.4321
13.0895,568,,,0.5836,,,,,,14.7602,r2_measured_02902,read,measured,,,,,0.6314,,ok,0.376
8.111,369,,,0.2289,,,,,,9.1938,r2_measured_02903,read,measured,,,,,0.4743,,ok,0.3254
15.8439,687,,,0.6811,,,,,,17.9028,r2_measured_02904,read,measured,,,,,0.8705,,ok,0.4168
13.53,628,,,0.5866,,,,,,15.2083,r2_measured_02905,read,measured,,,,,0.661,,ok,0.354
11.388,567,,,0.6198,,,,,,13.079,r2_measured_02906,read,measured,,,,,0.6093,,ok,0.3827
11.7376,566,,,0.5596,,,,,,13.5557,r2_measured_02907,read,measured,,,,,0.7475,,ok,0.4232
14.4158,680,,,0.6033,,,,,,16.1961,r2_measured_02908,read,measured,,,,,0.7117,,ok,0.3897
13.5774,681,,,0.6269,,,,,,15.4781,r2_measured_02909,read,measured,,,,,0.7771,,ok,0.4041
15.4044,689,,,0.6072,,,,,,17.2266,r2_measured_02910,read,measured,,,,,0.6485,,ok,0.4759
14.0587,663,,,0.7142,,,,,,16.1102,r2_measured_02911,read,measured,,,,,0.8203,,ok,0.4128
15.082,681,,,0.6462,,,,,,16.8685,r2_measured_02912,read,measured,,,,,0.6662,,ok,0.3856
10.4898,509,,,0.525,,,,,,12.1988,r2_measured_02913,read,measured,,,,,0.7291,,ok,0.3781
13.4502,663,,,0.5384,,,,,,15.1704,r2_measured_02914,read,measured,,,,,0.67,,ok,0.4265
12.3893,566,,,0.5372,,,,,,13.9777,r2_measured_02915,read,measured,,,,,0.6155,,ok,0.3614
13.8051,678,,,0.624,,,,,,15.8302,r2_measured_02916,read,measured,,,,,0.8749,,ok,0.4395
14.9701,680,,,0.5886,,,,,,16.74,r2_measured_02917,read,measured,,,,,0.709,,ok,0.3904
14.1247,680,,,0.5843,,,,,,15.9185,r2_measured_02918,read,measured,,,,,0.7072,,ok,0.4162
13.3915,663,,,0.6604,,,,,,15.1332,r2_measured_02919,read,measured,,,,,0.6206,,ok,0.3825
9.534,419,,,0.351,,,,,,11.0094,r2_measured_02920,read,measured,,,,,0.6273,,ok,0.4217
14.0267,689,,,0.5919,,,,,,15.7602,r2_measured_02921,read,measured,,,,,0.6963,,ok,0.3626
13.6696,674,,,0.6279,,,,,,15.463,r2_measured_02922,read,measured,,,,,0.7033,,ok,0.3664
10.9554,509,,,0.7507,,,,,,12.8556,r2_measured_02923,read,measured,,,,,0.632,,ok,0.4379
11.1445,509,,,0.5465,,,,,,12.7503,r2_measured_02924,read,measured,,,,,0.6136,,ok,0.3772
9.4436,419,,,0.3601,,,,,,10.8566,r2_measured_02925,read,measured,,,,,0.5636,,ok,0.4185
13.9883,689,,,0.5657,,,,,,15.7029,r2_measured_02926,read,measured,,,,,0.7176,,ok,0.3511
12.5852,680,,,0.5661,,,,,,14.2623,r2_measured_02927,read,measured,,,,,0.6925,,ok,0.3358
8.038,369,,,0.2492,,,,,,9.1493,r2_measured_02928,read,measured,,,,,0.4666,,ok,0.3336
13.1969,662,,,0.5553,,,,,,14.8566,r2_measured_02929,read,measured,,,,,0.6641,,ok,0.3615
11.5064,567,,,0.5466,,,,,,13.1707,r2_measured_02930,read,measured,,,,,0.6709,,ok,0.3638
10.0502,419,,,0.2748,,,,,,11.3399,r2_measured_02931,read,measured,,,,,0.5256,,ok,0.3581
13.1277,687,,,0.6711,,,,,,15.0235,r2_measured_02932,read,measured,,,,,0.7528,,ok,0.3815
13.0704,568,,,0.5851,,,,,,14.8413,r2_measured_02933,read,measured,,,,,0.6723,,ok,0.432
13.5376,663,,,0.6091,,,,,,15.346,r2_measured_02934,read,measured,,,,,0.6666,,ok,0.4537
13.7341,680,,,0.6922,,,,,,15.5914,r2_measured_02935,read,measured,,,,,0.6743,,ok,0.4067
13.0084,678,,,0.5566,,,,,,14.5791,r2_measured_02936,read,measured,,,,,0.5856,,ok,0.3487
11.7338,628,,,0.6096,,,,,,13.5532,r2_measured_02937,read,measured,,,,,0.7022,,ok,0.4216
12.3968,661,,,0.453,,,,,,13.7863,r2_measured_02938,read,measured,,,,,0.5441,,ok,0.329
8.415,419,,,0.2932,,,,,,9.6185,r2_measured_02939,read,measured,,,,,0.5168,,ok,0.3267
14.8589,689,,,0.6544,,,,,,16.7529,r2_measured_02940,read,measured,,,,,0.7819,,ok,0.3761
13.7036,689,,,0.5746,,,,,,15.395,r2_measured_02941,read,measured,,,,,0.6338,,ok,0.4073
14.6389,509,,,0.563,,,,,,16.1609,r2_measured_02942,read,measured,,,,,0.5366,,ok,0.3542
20.4482,628,,,0.5227,,,,,,21.9384,r2_measured_02943,read,measured,,,,,0.5673,,ok,0.3271
15.1749,681,,,0.5503,,,,,,16.7315,r2_measured_02944,read,measured,,,,,0.6119,,ok,0.3127
75.594,680,14.993,3.3017,0.4957,2.3098,1,3.2996,1,19.9433,77.2848,r2_measured_02945,update,measured,16.6416,1.6908,1,13.4103,0.67,24.9376,ok,0.4498
12.4017,661,,,0.7049,,,,,,14.2497,r2_measured_02946,read,measured,,,,,0.6255,,ok,0.4323
14.1563,679,,,0.5899,,,,,,16.1958,r2_measured_02947,read,measured,,,,,0.8325,,ok,0.5185
13.9027,675,,,0.7089,,,,,,15.7908,r2_measured_02948,read,measured,,,,,0.692,,ok,0.3968
8.2204,369,,,0.2315,,,,,,9.3518,r2_measured_02949,read,measured,,,,,0.4927,,ok,0.3504
15.1028,661,,,0.7001,,,,,,17.0976,r2_measured_02950,read,measured,,,,,0.8211,,ok,0.3828
10.8656,509,,,0.4867,,,,,,12.4206,r2_measured_02951,read,measured,,,,,0.5936,,ok,0.395
12.9097,675,,,0.5778,,,,,,14.6581,r2_measured_02952,read,measured,,,,,0.7165,,ok,0.3689
13.6044,689,,,0.6039,,,,,,15.3372,r2_measured_02953,read,measured,,,,,0.6813,,ok,0.3682
9.663,417,,,0.2712,,,,,,10.8993,r2_measured_02954,read,measured,,,,,0.5463,,ok,0.3574
12.0634,628,,,0.6352,,,,,,13.7686,r2_measured_02955,read,measured,,,,,0.6423,,ok,0.3517
10.8203,566,,,0.7361,,,,,,13.2638,r2_measured_02956,read,measured,,,,,0.9903,,ok,0.6196
14.2416,680,,,0.6596,,,,,,16.061,r2_measured_02957,read,measured,,,,,0.7087,,ok,0.3696
20.3097,568,,,0.4851,,,,,,21.9845,r2_measured_02958,read,measured,,,,,0.7659,,ok,0.3355
13.2281,680,,,0.6153,,,,,,15.0101,r2_measured_02959,read,measured,,,,,0.7255,,ok,0.3558
14.3214,680,,,0.5724,,,,,,16.0188,r2_measured_02960,read,measured,,,,,0.7048,,ok,0.3481
11.7079,628,,,0.4673,,,,,,13.1764,r2_measured_02961,read,measured,,,,,0.6091,,ok,0.3328
12.7227,681,,,0.5728,,,,,,14.4459,r2_measured_02962,read,measured,,,,,0.6743,,ok,0.3904
8.7284,418,,,0.2558,,,,,,9.825,r2_measured_02963,read,measured,,,,,0.462,,ok,0.3219
8.3568,417,,,0.2309,,,,,,9.4211,r2_measured_02964,read,measured,,,,,0.4629,,ok,0.3189
16.2614,628,,,0.5932,,,,,,18.0946,r2_measured_02965,read,measured,,,,,0.7618,,ok,0.3917
11.624,568,,,0.4951,,,,,,13.107,r2_measured_02966,read,measured,,,,,0.5732,,ok,0.3497
12.272,689,,,0.59,,,,,,13.9928,r2_measured_02967,read,measured,,,,,0.6841,,ok,0.3704
11.8904,679,,,0.6218,,,,,,13.7265,r2_measured_02968,read,measured,,,,,0.621,,ok,0.5053
9.0421,419,,,0.2845,,,,,,10.3044,r2_measured_02969,read,measured,,,,,0.544,,ok,0.3633
13.8174,679,,,0.7026,,,,,,15.821,r2_measured_02970,read,measured,,,,,0.784,,ok,0.4246
10.0002,417,,,0.3283,,,,,,11.283,r2_measured_02971,read,measured,,,,,0.4865,,ok,0.3887
12.5568,688,,,0.5102,,,,,,14.1373,r2_measured_02972,read,measured,,,,,0.6616,,ok,0.3344
12.226,663,,,0.5137,,,,,,13.7288,r2_measured_02973,read,measured,,,,,0.5822,,ok,0.3372
12.9626,509,,,0.5141,,,,,,14.448,r2_measured_02974,read,measured,,,,,0.5575,,ok,0.3408
18.8357,675,,,0.5594,,,,,,20.5904,r2_measured_02975,read,measured,,,,,0.7285,,ok,0.3824
22.5277,505,,,0.5024,,,,,,23.9585,r2_measured_02976,read,measured,,,,,0.4945,,ok,0.3626
73.7036,680,13.5349,7.0142,0.5056,2.549,1,7.0123,1,25.6138,75.2336,r2_measured_02977,update,measured,18.5996,1.53,1,11.1196,0.6272,20.8863,ok,0.3342
8.7549,417,,,0.3107,,,,,,10.0018,r2_measured_02978,read,measured,,,,,0.5357,,ok,0.3423
9.4209,418,,,0.2645,,,,,,10.5919,r2_measured_02979,read,measured,,,,,0.5247,,ok,0.3245
14.3949,567,,,0.601,,,,,,16.268,r2_measured_02980,read,measured,,,,,0.7148,,ok,0.469
15.8542,680,,,0.5925,,,,,,17.6631,r2_measured_02981,read,measured,,,,,0.7377,,ok,0.3889
13.9415,661,,,0.6048,,,,,,15.614,r2_measured_02982,read,measured,,,,,0.671,,ok,0.3259
10.7002,568,,,0.5795,,,,,,12.4066,r2_measured_02983,read,measured,,,,,0.6582,,ok,0.3867
14.4689,689,,,0.5764,,,,,,16.1938,r2_measured_02984,read,measured,,,,,0.689,,ok,0.3861
13.5085,680,,,0.6261,,,,,,15.362,r2_measured_02985,read,measured,,,,,0.7574,,ok,0.3851
13.1377,662,,,0.7525,,,,,,15.297,r2_measured_02986,read,measured,,,,,0.8669,,ok,0.4563
12.3503,629,,,0.6208,,,,,,14.0791,r2_measured_02987,read,measured,,,,,0.6575,,ok,0.3625
10.3456,419,,,0.2581,,,,,,11.5084,r2_measured_02988,read,measured,,,,,0.5026,,ok,0.3405
12.812,675,,,0.6235,,,,,,14.6556,r2_measured_02989,read,measured,,,,,0.7436,,ok,0.3987
12.8463,675,,,0.5104,,,,,,14.4047,r2_measured_02990,read,measured,,,,,0.6313,,ok,0.3417
21.0645,687,,,0.5198,,,,,,22.5396,r2_measured_02991,read,measured,,,,,0.5528,,ok,0.3334
11.7123,688,,,0.573,,,,,,13.2863,r2_measured_02992,read,measured,,,,,0.5944,,ok,0.3298
75.1137,680,13.5316,6.3985,0.5603,2.6953,1,6.3965,1,24.3333,76.7031,r2_measured_02993,update,measured,17.9348,1.5894,1,12.9077,0.6244,21.6458,ok,0.3375
12.0795,629,,,0.5613,,,,,,13.7896,r2_measured_02994,read,measured,,,,,0.7026,,ok,0.3674
12.5683,626,,,0.571,,,,,,14.1804,r2_measured_02995,read,measured,,,,,0.59,,ok,0.3752
70.4525,629,19.3278,4.6658,0.5754,3.1126,0,4.6639,1,27.5863,72.3127,r2_measured_02996,update,measured,22.9205,1.8602,1,0.0065,0.8316,20.4193,ok,0.3797
16.0817,663,,,0.5892,,,,,,18.9823,r2_measured_02997,read,measured,,,,,0.7232,,ok,1.4976
8.4335,419,,,0.2953,,,,,,9.6561,r2_measured_02998,read,measured,,,,,0.5266,,ok,0.3307
7.8848,369,,,0.2269,,,,,,9.1286,r2_measured_02999,read,measured,,,,,0.6075,,ok,0.357
15.1709,678,,,0.5661,,,,,,16.8381,r2_measured_03000,read,measured,,,,,0.6486,,ok,0.3714
17.9771,680,,,0.6087,,,,,,19.7295,r2_measured_03001,read,measured,,,,,0.6714,,ok,0.3905
20.7602,687,,,0.6145,,,,,,22.4981,r2_measured_03002,read,measured,,,,,0.663,,ok,0.3781
11.072,418,,,0.2833,,,,,,12.2791,r2_measured_03003,read,measured,,,,,0.5265,,ok,0.3412
13.0793,689,,,0.5458,,,,,,14.727,r2_measured_03004,read,measured,,,,,0.6844,,ok,0.3379
13.3136,680,,,1.1026,,,,,,15.5929,r2_measured_03005,read,measured,,,,,0.7046,,ok,0.3939
14.0306,688,,,0.6212,,,,,,15.8045,r2_measured_03006,read,measured,,,,,0.6956,,ok,0.3748
63.3862,663,14.1124,4.1583,0.5605,2.5142,0,4.1555,1,21.8601,65.1844,r2_measured_03007,update,measured,17.7018,1.7982,1,0.0058,0.8141,24.8937,ok,0.351
9.3429,369,,,0.2182,,,,,,10.3237,r2_measured_03008,read,measured,,,,,0.3989,,ok,0.3167
14.6485,568,,,0.5298,,,,,,16.1485,r2_measured_03009,read,measured,,,,,0.5393,,ok,0.3412
8.6067,419,,,0.247,,,,,,9.7163,r2_measured_03010,read,measured,,,,,0.5087,,ok,0.2998
12.6762,629,,,0.5566,,,,,,14.2795,r2_measured_03011,read,measured,,,,,0.6491,,ok,0.3286
11.8978,674,,,0.7182,,,,,,13.7566,r2_measured_03012,read,measured,,,,,0.7075,,ok,0.3496
16.2207,628,,,0.4837,,,,,,17.7542,r2_measured_03013,read,measured,,,,,0.6402,,ok,0.334
8.7374,418,,,0.3153,,,,,,10.0248,r2_measured_03014,read,measured,,,,,0.5743,,ok,0.3334
14.8586,624,,,0.5774,,,,,,16.498,r2_measured_03015,read,measured,,,,,0.6784,,ok,0.3189
11.5177,663,,,0.5777,,,,,,13.147,r2_measured_03016,read,measured,,,,,0.6001,,ok,0.3847
12.0804,674,,,0.6215,,,,,,13.7228,r2_measured_03017,read,measured,,,,,0.6152,,ok,0.3324
9.2671,509,,,0.4658,,,,,,10.5929,r2_measured_03018,read,measured,,,,,0.4592,,ok,0.3445
8.4603,419,,,0.4074,,,,,,10.2179,r2_measured_03019,read,measured,,,,,0.7283,,ok,0.5236
77.2693,418,15.255,7.9654,0.2593,1.6032,1,7.9626,1,30.144,78.4106,r2_measured_03020,update,measured,22.1786,1.1413,1,15.298,0.5073,14.9691,ok,0.314
7.2515,369,,,0.237,,,,,,8.4208,r2_measured_03021,read,measured,,,,,0.5516,,ok,0.3175
12.5228,628,,,0.6189,,,,,,14.1999,r2_measured_03022,read,measured,,,,,0.6127,,ok,0.3747
11.3498,507,,,0.5434,,,,,,13.0423,r2_measured_03023,read,measured,,,,,0.6697,,ok,0.4016
13.9511,680,,,0.6813,,,,,,15.8756,r2_measured_03024,read,measured,,,,,0.7454,,ok,0.4066
19.6013,567,,,0.5416,,,,,,21.1553,r2_measured_03025,read,measured,,,,,0.5716,,ok,0.3675
12.6299,568,,,0.5394,,,,,,14.1497,r2_measured_03026,read,measured,,,,,0.5979,,ok,0.3188
12.1133,681,,,0.7963,,,,,,14.4856,r2_measured_03027,read,measured,,,,,0.8945,,ok,0.5833
14.3072,689,,,0.6068,,,,,,16.1119,r2_measured_03028,read,measured,,,,,0.7397,,ok,0.3762
16.6885,680,,,0.753,,,,,,18.7731,r2_measured_03029,read,measured,,,,,0.815,,ok,0.423
14.6148,673,,,0.7677,,,,,,16.6084,r2_measured_03030,read,measured,,,,,0.7327,,ok,0.4052
9.9471,419,,,0.3043,,,,,,11.2918,r2_measured_03031,read,measured,,,,,0.5926,,ok,0.3788
14.4814,681,,,0.6003,,,,,,16.2926,r2_measured_03032,read,measured,,,,,0.7265,,ok,0.4007
73.8869,567,12.6998,4.4882,0.6911,2.1809,0,4.4866,1,23.788,75.6907,r2_measured_03033,update,measured,19.2998,1.8038,1,12.166,0.635,23.0522,ok,0.4041
14.2859,680,,,0.6683,,,,,,16.1123,r2_measured_03034,read,measured,,,,,0.7042,,ok,0.3703
13.788,689,,,0.6699,,,,,,15.7109,r2_measured_03035,read,measured,,,,,0.7047,,ok,0.4609
14.7288,689,,,0.5647,,,,,,16.6538,r2_measured_03036,read,measured,,,,,0.8424,,ok,0.4251
14.2335,628,,,0.6579,,,,,,16.0776,r2_measured_03037,read,measured,,,,,0.6943,,ok,0.3979
16.1461,680,,,0.661,,,,,,18.1429,r2_measured_03038,read,measured,,,,,0.8103,,ok,0.4359
16.3972,681,,,0.7083,,,,,,18.4588,r2_measured_03039,read,measured,,,,,0.8323,,ok,0.4262
12.9056,419,,,0.3082,,,,,,14.2629,r2_measured_03040,read,measured,,,,,0.5796,,ok,0.4004
13.4261,663,,,0.6299,,,,,,15.2136,r2_measured_03041,read,measured,,,,,0.7387,,ok,0.3457
10.4646,507,,,0.6184,,,,,,12.034,r2_measured_03042,read,measured,,,,,0.5486,,ok,0.3332
12.0092,628,,,0.5907,,,,,,13.7913,r2_measured_03043,read,measured,,,,,0.7319,,ok,0.3824
12.9076,629,,,0.6375,,,,,,14.7522,r2_measured_03044,read,measured,,,,,0.6969,,ok,0.4229
12.7426,689,,,0.6067,,,,,,14.3399,r2_measured_03045,read,measured,,,,,0.5956,,ok,0.3322
12.4939,680,,,0.7589,,,,,,14.3863,r2_measured_03046,read,measured,,,,,0.6757,,ok,0.3843
11.1341,509,,,0.451,,,,,,12.5623,r2_measured_03047,read,measured,,,,,0.5652,,ok,0.3422
13.2389,675,,,0.5634,,,,,,14.8294,r2_measured_03048,read,measured,,,,,0.6282,,ok,0.3255
13.0923,679,,,0.579,,,,,,14.8692,r2_measured_03049,read,measured,,,,,0.7254,,ok,0.3876
12.207,568,,,0.5862,,,,,,14.0195,r2_measured_03050,read,measured,,,,,0.7703,,ok,0.3812
10.2359,509,,,0.4606,,,,,,11.7428,r2_measured_03051,read,measured,,,,,0.6046,,ok,0.3696
12.6224,663,,,0.5132,,,,,,14.2829,r2_measured_03052,read,measured,,,,,0.6872,,ok,0.3848
12.0733,663,,,0.6026,,,,,,13.7867,r2_measured_03053,read,measured,,,,,0.6418,,ok,0.3865
62.7911,506,10.754,3.834,0.5349,1.9007,1,3.832,1,19.8516,64.2981,r2_measured_03054,update,measured,16.0176,1.507,1,12.6733,0.5201,17.6115,ok,0.3908
12.9881,680,,,0.5937,,,,,,14.6531,r2_measured_03055,read,measured,,,,,0.6414,,ok,0.3521
8.2445,419,,,0.2495,,,,,,9.3766,r2_measured_03056,read,measured,,,,,0.4809,,ok,0.3464
13.8723,680,,,0.6224,,,,,,15.7572,r2_measured_03057,read,measured,,,,,0.7937,,ok,0.3889
14.1074,689,,,0.9544,,,,,,16.3807,r2_measured_03058,read,measured,,,,,0.6024,,ok,0.6343
12.5809,629,,,0.5375,,,,,,14.1941,r2_measured_03059,read,measured,,,,,0.6294,,ok,0.37
14.0271,680,,,0.5574,,,,,,15.7015,r2_measured_03060,read,measured,,,,,0.6361,,ok,0.4029
13.2666,689,,,0.5077,,,,,,14.7726,r2_measured_03061,read,measured,,,,,0.5885,,ok,0.3364
12.4441,509,,,0.5237,,,,,,14.0193,r2_measured_03062,read,measured,,,,,0.5968,,ok,0.3847
13.8768,628,,,0.5552,,,,,,15.5525,r2_measured_03063,read,measured,,,,,0.6515,,ok,0.3946
15.9568,681,,,0.8197,,,,,,17.9837,r2_measured_03064,read,measured,,,,,0.7057,,ok,0.4138
13.5149,663,,,0.6565,,,,,,15.3105,r2_measured_03065,read,measured,,,,,0.6687,,ok,0.3949
13.3057,629,,,0.7117,,,,,,15.2788,r2_measured_03066,read,measured,,,,,0.7385,,ok,0.4329
9.4491,369,,,0.2464,,,,,,10.633,r2_measured_03067,read,measured,,,,,0.5174,,ok,0.3615
13.3031,679,,,0.6439,,,,,,15.1306,r2_measured_03068,read,measured,,,,,0.6999,,ok,0.4014
14.4309,674,,,0.6358,,,,,,16.323,r2_measured_03069,read,measured,,,,,0.7578,,ok,0.4073
62.3212,628,,,0.6638,,,,,,64.2215,r2_measured_03070,read,measured,,,,,0.7266,,ok,0.4315
14.6022,629,,,0.6851,,,,,,16.6091,r2_measured_03071,read,measured,,,,,0.8147,,ok,0.4108
14.8718,663,,,0.6071,,,,,,16.7037,r2_measured_03072,read,measured,,,,,0.7633,,ok,0.3779
12.2897,567,,,0.6251,,,,,,14.1341,r2_measured_03073,read,measured,,,,,0.6921,,ok,0.4327
15.4069,689,,,0.6167,,,,,,17.2778,r2_measured_03074,read,measured,,,,,0.7346,,ok,0.4141
14.3514,626,,,0.6444,,,,,,16.1634,r2_measured_03075,read,measured,,,,,0.6896,,ok,0.3922
15.0214,680,,,0.5812,,,,,,16.7564,r2_measured_03076,read,measured,,,,,0.7126,,ok,0.3631
14.3168,674,,,0.6045,,,,,,16.2023,r2_measured_03077,read,measured,,,,,0.7787,,ok,0.4181
18.9679,680,,,0.682,,,,,,20.9418,r2_measured_03078,read,measured,,,,,0.8061,,ok,0.3928
18.2237,679,,,0.6356,,,,,,20.2314,r2_measured_03079,read,measured,,,,,0.9014,,ok,0.3703
19.1306,628,,,0.7022,,,,,,21.1674,r2_measured_03080,read,measured,,,,,0.7762,,ok,0.4635
14.5911,663,,,0.7394,,,,,,16.6026,r2_measured_03081,read,measured,,,,,0.8075,,ok,0.3559
11.9512,662,,,0.6668,,,,,,13.9401,r2_measured_03082,read,measured,,,,,0.8196,,ok,0.4165
14.1566,689,,,0.5943,,,,,,15.9125,r2_measured_03083,read,measured,,,,,0.7334,,ok,0.3478
13.2074,662,,,0.7164,,,,,,15.2217,r2_measured_03084,read,measured,,,,,0.8007,,ok,0.4088
78.6075,663,15.1887,5.8619,0.6043,2.6356,1,5.859,1,24.5545,80.3862,r2_measured_03085,update,measured,18.6926,1.7787,1,12.3361,0.6951,23.8926,ok,0.3968
12.136,567,,,0.5511,,,,,,13.7613,r2_measured_03086,read,measured,,,,,0.5915,,ok,0.4047
10.7838,419,,,0.2727,,,,,,12.0139,r2_measured_03087,read,measured,,,,,0.5329,,ok,0.364
13.4898,628,,,0.6073,,,,,,15.2412,r2_measured_03088,read,measured,,,,,0.6933,,ok,0.373
12.9991,675,,,0.6035,,,,,,14.8313,r2_measured_03089,read,measured,,,,,0.7434,,ok,0.4058
12.7028,628,,,0.5133,,,,,,14.4557,r2_measured_03090,read,measured,,,,,0.7833,,ok,0.3645
12.5099,627,,,0.6076,,,,,,14.3279,r2_measured_03091,read,measured,,,,,0.7319,,ok,0.3994
11.661,567,,,0.511,,,,,,13.2548,r2_measured_03092,read,measured,,,,,0.5803,,ok,0.4316
13.4882,681,,,0.5661,,,,,,15.1909,r2_measured_03093,read,measured,,,,,0.6511,,ok,0.4049
11.5723,509,,,0.5682,,,,,,13.4451,r2_measured_03094,read,measured,,,,,0.7954,,ok,0.4263
14.5585,627,,,0.7013,,,,,,16.4668,r2_measured_03095,read,measured,,,,,0.7101,,ok,0.4126
14.5034,679,,,0.8072,,,,,,16.9914,r2_measured_03096,read,measured,,,,,0.7192,,ok,0.8595
9.2278,419,,,0.2978,,,,,,10.5051,r2_measured_03097,read,measured,,,,,0.5836,,ok,0.3319
15.3952,679,,,0.5261,,,,,,16.9431,r2_measured_03098,read,measured,,,,,0.6154,,ok,0.3355
58.9811,629,13.2478,3.9861,0.6241,2.2447,1,3.9842,1,23.2538,60.7399,r2_measured_03099,update,measured,19.2677,1.7588,1,0.0064,0.6843,20.2284,ok,0.3733
14.5949,661,,,0.599,,,,,,16.3956,r2_measured_03100,read,measured,,,,,0.7171,,ok,0.4066
14.3789,680,,,0.6254,,,,,,16.2499,r2_measured_03101,read,measured,,,,,0.7379,,ok,0.3977
12.6322,629,,,0.5252,,,,,,14.1703,r2_measured_03102,read,measured,,,,,0.6039,,ok,0.3395
13.4366,680,,,0.5791,,,,,,15.2384,r2_measured_03103,read,measured,,,,,0.7401,,ok,0.3927
14.7782,672,,,0.5809,,,,,,16.3617,r2_measured_03104,read,measured,,,,,0.5808,,ok,0.3481
8.7495,369,,,0.267,,,,,,9.937,r2_measured_03105,read,measured,,,,,0.5191,,ok,0.3416
11.9695,661,,,0.5846,,,,,,13.6706,r2_measured_03106,read,measured,,,,,0.678,,ok,0.3621
12.3658,687,,,0.5013,,,,,,13.9243,r2_measured_03107,read,measured,,,,,0.6349,,ok,0.3442
12.1725,628,,,0.5633,,,,,,13.8033,r2_measured_03108,read,measured,,,,,0.6204,,ok,0.3713
12.3906,419,,,0.2474,,,,,,13.5476,r2_measured_03109,read,measured,,,,,0.4941,,ok,0.3593
12.453,509,,,0.5431,,,,,,14.0804,r2_measured_03110,read,measured,,,,,0.6177,,ok,0.3927
90.5223,626,14.4415,16.565,0.5145,2.4819,1,16.5617,1,38.356,92.0809,r2_measured_03111,update,measured,21.791,1.5586,1,15.4151,0.6296,19.8278,ok,0.3432
12.5952,628,,,0.4818,,,,,,14.0958,r2_measured_03112,read,measured,,,,,0.6392,,ok,0.3078
18.6383,680,,,0.6475,,,,,,20.4098,r2_measured_03113,read,measured,,,,,0.6758,,ok,0.3613
10.9917,568,,,0.4925,,,,,,12.4946,r2_measured_03114,read,measured,,,,,0.5507,,ok,0.3882
12.2968,681,,,0.7136,,,,,,14.022,r2_measured_03115,read,measured,,,,,0.6011,,ok,0.3389
12.6871,681,,,0.6781,,,,,,14.5777,r2_measured_03116,read,measured,,,,,0.755,,ok,0.3726
11.4457,567,,,0.4476,,,,,,12.9028,r2_measured_03117,read,measured,,,,,0.5624,,ok,0.3828
21.717,681,,,0.594,,,,,,23.4202,r2_measured_03118,read,measured,,,,,0.7396,,ok,0.3028
18.9225,628,,,1.1409,,,,,,21.1727,r2_measured_03119,read,measured,,,,,0.57,,ok,0.4606
11.7699,674,,,0.6192,,,,,,13.7008,r2_measured_03120,read,measured,,,,,0.8162,,ok,0.4065
11.8594,629,,,0.539,,,,,,13.5296,r2_measured_03121,read,measured,,,,,0.7043,,ok,0.3502
18.8672,681,,,0.5449,,,,,,20.5146,r2_measured_03122,read,measured,,,,,0.6698,,ok,0.3536
12.4027,568,,,0.5759,,,,,,13.9902,r2_measured_03123,read,measured,,,,,0.5608,,ok,0.3807
12.6207,681,,,0.668,,,,,,14.442,r2_measured_03124,read,measured,,,,,0.6943,,ok,0.3738
13.4346,681,,,0.5963,,,,,,15.1363,r2_measured_03125,read,measured,,,,,0.6518,,ok,0.3734
14.1427,663,,,0.6281,,,,,,15.8653,r2_measured_03126,read,measured,,,,,0.6774,,ok,0.3357
11.9595,681,,,0.7339,,,,,,14.0256,r2_measured_03127,read,measured,,,,,0.792,,ok,0.4533
98.4723,629,12.909,6.6782,0.5103,2.7696,1,6.676,1,33.2715,100.0731,r2_measured_03128,update,measured,26.5933,1.6008,1,26.8201,0.5607,22.7021,ok,0.4364
25.7243,680,,,0.4777,,,,,,27.1614,r2_measured_03129,read,measured,,,,,0.5777,,ok,0.313
12.6545,661,,,0.6142,,,,,,14.4196,r2_measured_03130,read,measured,,,,,0.706,,ok,0.3722
10.9823,509,,,0.5107,,,,,,12.54,r2_measured_03131,read,measured,,,,,0.6284,,ok,0.3404
11.7725,509,,,0.4342,,,,,,13.1292,r2_measured_03132,read,measured,,,,,0.531,,ok,0.3293
12.2699,661,,,0.5538,,,,,,13.9787,r2_measured_03133,read,measured,,,,,0.7021,,ok,0.3736
14.6087,689,,,0.5056,,,,,,16.136,r2_measured_03134,read,measured,,,,,0.6308,,ok,0.3171
20.7069,663,,,0.7554,,,,,,22.918,r2_measured_03135,read,measured,,,,,0.9256,,ok,0.44
16.6427,681,,,0.6563,,,,,,18.4012,r2_measured_03136,read,measured,,,,,0.6536,,ok,0.3686
12.34,509,,,0.6129,,,,,,13.951,r2_measured_03137,read,measured,,,,,0.6,,ok,0.3206
16.2918,680,,,0.5726,,,,,,18.1108,r2_measured_03138,read,measured,,,,,0.8004,,ok,0.3707
16.3308,675,,,0.5738,,,,,,18.2548,r2_measured_03139,read,measured,,,,,0.9104,,ok,0.3584
11.7765,663,,,0.4759,,,,,,13.2367,r2_measured_03140,read,measured,,,,,0.595,,ok,0.3238
13.6332,673,,,0.5955,,,,,,15.3086,r2_measured_03141,read,measured,,,,,0.6416,,ok,0.3549
8.7443,369,,,0.2204,,,,,,9.8105,r2_measured_03142,read,measured,,,,,0.4574,,ok,0.3321
11.2336,626,,,0.5149,,,,,,12.8987,r2_measured_03143,read,measured,,,,,0.6876,,ok,0.3883
14.9504,663,,,0.5703,,,,,,16.6228,r2_measured_03144,read,measured,,,,,0.6852,,ok,0.3415
11.1355,509,,,0.4882,,,,,,12.6299,r2_measured_03145,read,measured,,,,,0.6187,,ok,0.3241
13.1515,687,,,0.6846,,,,,,15.0153,r2_measured_03146,read,measured,,,,,0.7117,,ok,0.3788
13.4528,626,,,0.7211,,,,,,15.1695,r2_measured_03147,read,measured,,,,,0.5967,,ok,0.329
12.0397,681,,,0.5977,,,,,,13.8745,r2_measured_03148,read,measured,,,,,0.7728,,ok,0.3788
10.265,509,,,0.5283,,,,,,11.9005,r2_measured_03149,read,measured,,,,,0.5815,,ok,0.4307
22.4654,626,,,0.5656,,,,,,24.0651,r2_measured_03150,read,measured,,,,,0.6199,,ok,0.3333
19.0543,681,,,0.5566,,,,,,20.7181,r2_measured_03151,read,measured,,,,,0.6678,,ok,0.3582
68.6527,688,16.3042,7.581,0.6975,2.5558,0,7.5791,1,27.945,70.506,r2_measured_03152,update,measured,20.364,1.8533,1,0.0062,0.63,21.8415,ok,0.4404
15.8356,689,,,0.6544,,,,,,17.6998,r2_measured_03153,read,measured,,,,,0.7732,,ok,0.3574
9.4219,419,,,0.2622,,,,,,10.5655,r2_measured_03154,read,measured,,,,,0.4837,,ok,0.34
13.7558,628,,,0.6323,,,,,,15.5779,r2_measured_03155,read,measured,,,,,0.704,,ok,0.3988
11.8065,567,,,0.6652,,,,,,13.7515,r2_measured_03156,read,measured,,,,,0.7259,,ok,0.4548
14.0397,679,,,0.618,,,,,,15.8226,r2_measured_03157,read,measured,,,,,0.7109,,ok,0.3687
12.7376,629,,,0.5114,,,,,,14.3375,r2_measured_03158,read,measured,,,,,0.6747,,ok,0.3402
8.5344,417,,,0.2525,,,,,,9.6974,r2_measured_03159,read,measured,,,,,0.4668,,ok,0.3844
14.3331,663,,,0.5793,,,,,,15.9786,r2_measured_03160,read,measured,,,,,0.651,,ok,0.3376
14.2595,624,,,0.5454,,,,,,15.8968,r2_measured_03161,read,measured,,,,,0.6271,,ok,0.3901
12.018,663,,,0.6955,,,,,,13.8619,r2_measured_03162,read,measured,,,,,0.7057,,ok,0.3541
13.5406,681,,,0.5855,,,,,,15.3874,r2_measured_03163,read,measured,,,,,0.7866,,ok,0.3906
14.7654,680,,,0.537,,,,,,16.4247,r2_measured_03164,read,measured,,,,,0.6799,,ok,0.3621
12.9405,675,,,0.543,,,,,,14.5901,r2_measured_03165,read,measured,,,,,0.6767,,ok,0.3553
64.8145,418,10.446,4.7346,0.3273,1.6486,0,4.7327,1,36.4329,66.2305,r2_measured_03166,update,measured,31.6983,1.416,1,0.0057,0.5909,16.2813,ok,0.4338
14.4417,679,,,0.707,,,,,,16.2758,r2_measured_03167,read,measured,,,,,0.6763,,ok,0.3641
15.5018,674,,,0.6128,,,,,,17.2645,r2_measured_03168,read,measured,,,,,0.7178,,ok,0.3527
13.3268,629,,,0.7482,,,,,,15.3072,r2_measured_03169,read,measured,,,,,0.7307,,ok,0.4022
14.9462,689,,,0.6178,,,,,,16.6889,r2_measured_03170,read,measured,,,,,0.6554,,ok,0.3845
10.0575,507,,,0.599,,,,,,11.8337,r2_measured_03171,read,measured,,,,,0.6652,,ok,0.4304
14.031,680,,,0.5782,,,,,,15.7161,r2_measured_03172,read,measured,,,,,0.6714,,ok,0.3573
12.7116,680,,,0.4939,,,,,,14.5004,r2_measured_03173,read,measured,,,,,0.8969,,ok,0.3271
12.8449,679,,,0.5829,,,,,,14.498,r2_measured_03174,read,measured,,,,,0.6432,,ok,0.3465
22.005,679,,,0.7549,,,,,,24.1531,r2_measured_03175,read,measured,,,,,0.8196,,ok,0.4813
14.1986,680,,,1.2922,,,,,,17.0785,r2_measured_03176,read,measured,,,,,0.7259,,ok,0.7625
12.3937,663,,,0.5721,,,,,,14.0931,r2_measured_03177,read,measured,,,,,0.655,,ok,0.3939
17.5429,509,,,0.5075,,,,,,19.2462,r2_measured_03178,read,measured,,,,,0.7375,,ok,0.382
16.5596,680,,,0.7018,,,,,,18.5015,r2_measured_03179,read,measured,,,,,0.7124,,ok,0.4365
11.937,567,,,0.4843,,,,,,13.4966,r2_measured_03180,read,measured,,,,,0.6098,,ok,0.3907
12.4873,680,,,0.5027,,,,,,14.0365,r2_measured_03181,read,measured,,,,,0.6143,,ok,0.3431
14.1757,679,,,0.6761,,,,,,16.1365,r2_measured_03182,read,measured,,,,,0.7559,,ok,0.4301
16.1853,689,,,0.7033,,,,,,18.2884,r2_measured_03183,read,measured,,,,,0.8727,,ok,0.4331
10.952,419,,,0.3913,,,,,,12.5243,r2_measured_03184,read,measured,,,,,0.698,,ok,0.4092
9.8188,368,,,0.2693,,,,,,11.0824,r2_measured_03185,read,measured,,,,,0.5424,,ok,0.3858
14.1267,673,,,0.6429,,,,,,16.0159,r2_measured_03186,read,measured,,,,,0.7653,,ok,0.3648
14.1706,679,,,0.7038,,,,,,16.4088,r2_measured_03187,read,measured,,,,,0.9891,,ok,0.4513
10.8977,418,,,0.3402,,,,,,12.5159,r2_measured_03188,read,measured,,,,,0.6809,,ok,0.5092
15.275,674,,,0.6438,,,,,,17.1973,r2_measured_03189,read,measured,,,,,0.7702,,ok,0.4167
18.4846,688,,,0.6878,,,,,,20.7295,r2_measured_03190,read,measured,,,,,1.0374,,ok,0.4054
96.6072,628,12.7042,16.8506,0.6307,2.3919,1,16.8482,1,45.2323,98.3732,r2_measured_03191,update,measured,28.3817,1.766,1,14.6727,0.6645,21.6061,ok,0.3898
13.0947,661,,,0.5516,,,,,,14.8589,r2_measured_03192,read,measured,,,,,0.7728,,ok,0.3645
11.0641,566,,,0.5991,,,,,,12.7678,r2_measured_03193,read,measured,,,,,0.6736,,ok,0.357
14.814,681,,,0.5048,,,,,,16.4546,r2_measured_03194,read,measured,,,,,0.7084,,ok,0.3493
13.6444,688,,,0.7373,,,,,,15.6948,r2_measured_03195,read,measured,,,,,0.7163,,ok,0.5022
14.6489,672,,,0.5669,,,,,,16.3573,r2_measured_03196,read,measured,,,,,0.6775,,ok,0.378
9.0532,417,,,0.2671,,,,,,10.217,r2_measured_03197,read,measured,,,,,0.4879,,ok,0.3482
12.4794,674,,,0.6702,,,,,,14.461,r2_measured_03198,read,measured,,,,,0.6771,,ok,0.5497
12.9909,680,,,0.6023,,,,,,14.7844,r2_measured_03199,read,measured,,,,,0.7629,,ok,0.3518
14.4516,681,,,0.6195,,,,,,16.177,r2_measured_03200,read,measured,,,,,0.6923,,ok,0.3404
12.1609,629,,,0.6344,,,,,,14.0809,r2_measured_03201,read,measured,,,,,0.82,,ok,0.3839
13.0321,663,,,0.5816,,,,,,14.7288,r2_measured_03202,read,measured,,,,,0.6704,,ok,0.3703
12.8702,662,,,0.5758,,,,,,14.5118,r2_measured_03203,read,measured,,,,,0.6382,,ok,0.3507
12.0969,369,,,0.2198,,,,,,13.1778,r2_measured_03204,read,measured,,,,,0.4936,,ok,0.3129
86.8785,662,17.6351,4.3196,0.5617,2.6492,1,4.3176,1,24.623,88.5823,r2_measured_03205,update,measured,20.3034,1.7038,1,15.8641,0.6919,26.1071,ok,0.3663
12.4713,418,,,0.2565,,,,,,13.7008,r2_measured_03206,read,measured,,,,,0.5553,,ok,0.3543
13.2121,628,,,0.665,,,,,,14.9665,r2_measured_03207,read,measured,,,,,0.6491,,ok,0.3609
13.9999,679,,,0.6355,,,,,,15.7297,r2_measured_03208,read,measured,,,,,0.6476,,ok,0.3712
12.9822,678,,,0.6829,,,,,,14.8321,r2_measured_03209,read,measured,,,,,0.6892,,ok,0.386
15.132,687,,,0.6569,,,,,,17.1156,r2_measured_03210,read,measured,,,,,0.7994,,ok,0.4414
13.2764,663,,,0.5623,,,,,,14.9903,r2_measured_03211,read,measured,,,,,0.7135,,ok,0.3547
14.3818,663,,,0.5392,,,,,,16.0046,r2_measured_03212,read,measured,,,,,0.6314,,ok,0.3707
12.1031,680,,,0.6111,,,,,,13.8233,r2_measured_03213,read,measured,,,,,0.6739,,ok,0.3548
14.1911,679,,,0.568,,,,,,15.9529,r2_measured_03214,read,measured,,,,,0.766,,ok,0.3518
14.406,689,,,0.5879,,,,,,16.2131,r2_measured_03215,read,measured,,,,,0.6943,,ok,0.4373
11.2736,509,,,0.5013,,,,,,12.9906,r2_measured_03216,read,measured,,,,,0.7206,,ok,0.4148
12.2396,661,,,0.5754,,,,,,13.8163,r2_measured_03217,read,measured,,,,,0.5996,,ok,0.3337
13.2308,663,,,0.6556,,,,,,15.0459,r2_measured_03218,read,measured,,,,,0.691,,ok,0.3837
14.314,688,,,0.682,,,,,,16.1892,r2_measured_03219,read,measured,,,,,0.6721,,ok,0.4353
13.9592,689,,,0.6489,,,,,,15.7065,r2_measured_03220,read,measured,,,,,0.6703,,ok,0.3458
9.597,419,,,0.2585,,,,,,10.8447,r2_measured_03221,read,measured,,,,,0.5899,,ok,0.3447
10.8622,507,,,0.5065,,,,,,12.2709,r2_measured_03222,read,measured,,,,,0.5089,,ok,0.333
13.5817,663,,,0.8689,,,,,,16.9262,r2_measured_03223,read,measured,,,,,1.8288,,ok,0.5407
16.5834,567,,,0.6042,,,,,,18.4862,r2_measured_03224,read,measured,,,,,0.749,,ok,0.4573
10.8102,369,,,0.2785,,,,,,12.1122,r2_measured_03225,read,measured,,,,,0.5834,,ok,0.377
11.4655,568,,,0.5089,,,,,,13.0228,r2_measured_03226,read,measured,,,,,0.61,,ok,0.3646
11.7943,626,,,0.633,,,,,,13.8187,r2_measured_03227,read,measured,,,,,0.7697,,ok,0.5336
9.2795,418,,,0.2639,,,,,,10.4568,r2_measured_03228,read,measured,,,,,0.5217,,ok,0.333
12.8782,680,,,0.6039,,,,,,14.5774,r2_measured_03229,read,measured,,,,,0.6518,,ok,0.3628
11.464,568,,,0.4793,,,,,,13.0506,r2_measured_03230,read,measured,,,,,0.7106,,ok,0.3249
12.5174,680,,,0.7289,,,,,,14.4721,r2_measured_03231,read,measured,,,,,0.6874,,ok,0.4584
10.6176,507,,,0.5396,,,,,,12.3409,r2_measured_03232,read,measured,,,,,0.7301,,ok,0.3742
77.2398,689,16.0136,6.7167,0.5687,2.5084,1,6.7145,1,24.9953,78.9261,r2_measured_03233,update,measured,18.2786,1.6863,1,12.1015,0.679,21.621,ok,0.3583
12.9653,629,,,0.6446,,,,,,14.793,r2_measured_03234,read,measured,,,,,0.639,,ok,0.3837
16.656,679,,,0.5533,,,,,,18.2144,r2_measured_03235,read,measured,,,,,0.5825,,ok,0.3448
12.7241,673,,,0.5451,,,,,,14.2713,r2_measured_03236,read,measured,,,,,0.5784,,ok,0.3537
11.7106,568,,,0.6132,,,,,,13.4518,r2_measured_03237,read,measured,,,,,0.6642,,ok,0.3889
16.271,627,,,0.7454,,,,,,18.1526,r2_measured_03238,read,measured,,,,,0.6534,,ok,0.4038
14.9197,663,,,0.6428,,,,,,16.8205,r2_measured_03239,read,measured,,,,,0.7895,,ok,0.3849
20.2833,688,,,0.6266,,,,,,22.0296,r2_measured_03240,read,measured,,,,,0.6504,,ok,0.3846
10.4386,507,,,0.4724,,,,,,11.9044,r2_measured_03241,read,measured,,,,,0.6058,,ok,0.3198
10.3573,568,,,0.5009,,,,,,11.8301,r2_measured_03242,read,measured,,,,,0.5551,,ok,0.3419
13.6776,680,,,0.7622,,,,,,15.6168,r2_measured_03243,read,measured,,,,,0.6788,,ok,0.4028
13.0896,680,,,0.5678,,,,,,14.7737,r2_measured_03244,read,measured,,,,,0.6339,,ok,0.4006
9.8431,567,,,0.49,,,,,,11.2635,r2_measured_03245,read,measured,,,,,0.5481,,ok,0.3201
12.5034,689,,,0.5508,,,,,,14.136,r2_measured_03246,read,measured,,,,,0.6441,,ok,0.3576
12.5015,674,,,0.5186,,,,,,14.0082,r2_measured_03247,read,measured,,,,,0.5858,,ok,0.3331
27.2992,681,,,0.7138,,,,,,29.2806,r2_measured_03248,read,measured,,,,,0.7777,,ok,0.4039
12.841,507,,,0.555,,,,,,14.4759,r2_measured_03249,read,measured,,,,,0.6235,,ok,0.3767
12.1977,628,,,0.6615,,,,,,14.0734,r2_measured_03250,read,measured,,,,,0.7825,,ok,0.3533
14.1851,627,,,0.6287,,,,,,15.9932,r2_measured_03251,read,measured,,,,,0.7049,,ok,0.385
13.9559,681,,,0.5524,,,,,,15.6921,r2_measured_03252,read,measured,,,,,0.6277,,ok,0.4452
11.5404,624,,,0.5682,,,,,,13.1775,r2_measured_03253,read,measured,,,,,0.6288,,ok,0.3616
12.8496,688,,,0.5545,,,,,,14.4924,r2_measured_03254,read,measured,,,,,0.6761,,ok,0.3351
12.0114,663,,,0.5591,,,,,,13.684,r2_measured_03255,read,measured,,,,,0.6518,,ok,0.3822
12.5282,680,,,0.6313,,,,,,14.3823,r2_measured_03256,read,measured,,,,,0.7515,,ok,0.3831
90.8556,680,14.1355,8.3383,0.6098,2.5115,1,8.3361,1,35.5609,92.5611,r2_measured_03257,update,measured,27.2226,1.7055,1,16.5522,0.6684,22.0955,ok,0.3551
12.8728,663,,,0.5277,,,,,,14.4569,r2_measured_03258,read,measured,,,,,0.6441,,ok,0.3384
11.816,418,,,0.2434,,,,,,12.9109,r2_measured_03259,read,measured,,,,,0.4752,,ok,0.3237
15.9305,680,,,0.5963,,,,,,17.6806,r2_measured_03260,read,measured,,,,,0.7182,,ok,0.357
23.5913,568,,,0.4684,,,,,,25.0758,r2_measured_03261,read,measured,,,,,0.6406,,ok,0.3068
19.0224,680,,,0.5566,,,,,,20.6134,r2_measured_03262,read,measured,,,,,0.6048,,ok,0.3486
10.0258,419,,,0.2575,,,,,,11.1704,r2_measured_03263,read,measured,,,,,0.5079,,ok,0.3223
17.1434,689,,,0.6786,,,,,,19.1419,r2_measured_03264,read,measured,,,,,0.7607,,ok,0.4624
14.5085,680,,,0.558,,,,,,16.1609,r2_measured_03265,read,measured,,,,,0.6532,,ok,0.3607
11.6984,567,,,0.5715,,,,,,13.3331,r2_measured_03266,read,measured,,,,,0.5889,,ok,0.4008
14.7817,680,,,0.5839,,,,,,16.4263,r2_measured_03267,read,measured,,,,,0.6144,,ok,0.3716
16.784,679,,,0.7805,,,,,,19.391,r2_measured_03268,read,measured,,,,,1.2041,,ok,0.4977
19.6451,626,,,0.5584,,,,,,21.3683,r2_measured_03269,read,measured,,,,,0.7384,,ok,0.3511
15.2649,629,,,0.5301,,,,,,16.8007,r2_measured_03270,read,measured,,,,,0.6275,,ok,0.3116
19.3533,680,,,2.5514,,,,,,23.297,r2_measured_03271,read,measured,,,,,0.912,,ok,0.3989
14.6802,680,,,0.6383,,,,,,16.337,r2_measured_03272,read,measured,,,,,0.6222,,ok,0.329
11.4047,628,,,0.6156,,,,,,13.1222,r2_measured_03273,read,measured,,,,,0.645,,ok,0.3721
24.3406,628,,,0.6463,,,,,,26.178,r2_measured_03274,read,measured,,,,,0.7396,,ok,0.3777
11.8258,680,,,0.5606,,,,,,13.3823,r2_measured_03275,read,measured,,,,,0.6032,,ok,0.3192
15.5029,568,,,0.5571,,,,,,17.0445,r2_measured_03276,read,measured,,,,,0.5777,,ok,0.3361
12.437,680,,,0.5459,,,,,,14.1676,r2_measured_03277,read,measured,,,,,0.701,,ok,0.4019
17.7122,689,,,0.585,,,,,,19.3584,r2_measured_03278,read,measured,,,,,0.6606,,ok,0.3241
13.7755,688,,,0.5747,,,,,,15.5474,r2_measured_03279,read,measured,,,,,0.7405,,ok,0.3761
9.4187,369,,,0.223,,,,,,10.4644,r2_measured_03280,read,measured,,,,,0.4435,,ok,0.3255
69.9542,507,13.5289,5.2677,0.6422,2.2168,1,5.266,1,24.805,71.9229,r2_measured_03281,update,measured,19.5373,1.9687,1,12.4253,0.7966,16.9782,ok,0.4566
14.3032,568,,,0.5815,,,,,,15.9291,r2_measured_03282,read,measured,,,,,0.6024,,ok,0.3725
10.1523,419,,,0.267,,,,,,11.3147,r2_measured_03283,read,measured,,,,,0.4937,,ok,0.3384
7.3392,369,,,0.2999,,,,,,8.5137,r2_measured_03284,read,measured,,,,,0.4694,,ok,0.3546
69.0399,508,10.8259,5.7471,0.6467,1.9042,1,5.745,1,27.1274,70.8114,r2_measured_03285,update,measured,21.3803,1.7715,1,12.6258,0.6522,16.5566,ok,0.3912
60.5032,681,13.5095,4.324,0.54,2.2931,0,4.3219,1,23.2574,62.0924,r2_measured_03286,update,measured,18.9334,1.5892,1,0.0055,0.6409,21.4377,ok,0.3365
14.9197,688,,,0.5301,,,,,,16.6275,r2_measured_03287,read,measured,,,,,0.6665,,ok,0.418
20.0767,369,,,0.278,,,,,,21.3414,r2_measured_03288,read,measured,,,,,0.6151,,ok,0.3079
17.2255,681,,,0.7546,,,,,,19.2529,r2_measured_03289,read,measured,,,,,0.7804,,ok,0.3982
11.5696,369,,,0.2452,,,,,,12.7022,r2_measured_03290,read,measured,,,,,0.5005,,ok,0.3245
10.0337,418,,,0.2467,,,,,,11.1376,r2_measured_03291,read,measured,,,,,0.487,,ok,0.3129
101.8089,680,18.7963,8.0945,0.6864,3.5954,1,8.0928,1,29.5615,103.811,r2_measured_03292,update,measured,21.467,2.0021,1,25.5425,0.7981,24.3132,ok,0.424
13.8607,509,,,0.5474,,,,,,15.5227,r2_measured_03293,read,measured,,,,,0.6232,,ok,0.4134
14.7885,680,,,0.6603,,,,,,16.6703,r2_measured_03294,read,measured,,,,,0.6792,,ok,0.4432
11.3303,509,,,0.4767,,,,,,12.812,r2_measured_03295,read,measured,,,,,0.5954,,ok,0.3385
13.044,568,,,0.5793,,,,,,14.6731,r2_measured_03296,read,measured,,,,,0.6319,,ok,0.3485
14.0294,568,,,0.4963,,,,,,15.5874,r2_measured_03297,read,measured,,,,,0.6464,,ok,0.3524
10.9,626,,,0.5675,,,,,,12.568,r2_measured_03298,read,measured,,,,,0.7011,,ok,0.3201
13.3161,680,,,0.5633,,,,,,14.9876,r2_measured_03299,read,measured,,,,,0.6811,,ok,0.3483
8.3092,369,,,0.2778,,,,,,9.6,r2_measured_03300,read,measured,,,,,0.5577,,ok,0.3904
16.4231,629,,,0.6856,,,,,,18.1471,r2_measured_03301,read,measured,,,,,0.629,,ok,0.3358
13.0562,680,,,0.5681,,,,,,14.6939,r2_measured_03302,read,measured,,,,,0.6561,,ok,0.3468
14.8745,679,,,0.6451,,,,,,16.6414,r2_measured_03303,read,measured,,,,,0.6739,,ok,0.3608
15.0175,678,,,0.6566,,,,,,16.8922,r2_measured_03304,read,measured,,,,,0.7333,,ok,0.3971
11.6701,419,,,0.2749,,,,,,12.918,r2_measured_03305,read,measured,,,,,0.5364,,ok,0.373
13.3839,419,,,0.2634,,,,,,14.5288,r2_measured_03306,read,measured,,,,,0.4923,,ok,0.3315
14.0604,509,,,0.5346,,,,,,15.5877,r2_measured_03307,read,measured,,,,,0.5869,,ok,0.3347
17.1752,689,,,0.6134,,,,,,18.7721,r2_measured_03308,read,measured,,,,,0.5858,,ok,0.3256
12.3119,674,,,0.7425,,,,,,14.3409,r2_measured_03309,read,measured,,,,,0.7687,,ok,0.4245
13.7233,419,,,0.2797,,,,,,14.908,r2_measured_03310,read,measured,,,,,0.5082,,ok,0.3365
18.1428,628,,,0.4986,,,,,,19.8547,r2_measured_03311,read,measured,,,,,0.6096,,ok,0.5135
15.0283,509,,,0.5707,,,,,,16.805,r2_measured_03312,read,measured,,,,,0.7129,,ok,0.4108
9.8895,368,,,0.2827,,,,,,11.2175,r2_measured_03313,read,measured,,,,,0.5758,,ok,0.399
10.1297,369,,,0.3538,,,,,,11.5361,r2_measured_03314,read,measured,,,,,0.5934,,ok,0.3911
11.2576,568,,,0.5326,,,,,,12.817,r2_measured_03315,read,measured,,,,,0.6091,,ok,0.3491
12.1235,567,,,0.686,,,,,,14.2096,r2_measured_03316,read,measured,,,,,0.8297,,ok,0.4724
15.8126,689,,,0.6631,,,,,,17.7162,r2_measured_03317,read,measured,,,,,0.712,,ok,0.4434
11.6053,568,,,0.525,,,,,,13.2408,r2_measured_03318,read,measured,,,,,0.661,,ok,0.3672
9.2493,419,,,0.2869,,,,,,10.478,r2_measured_03319,read,measured,,,,,0.5307,,ok,0.348
9.1653,418,,,0.3096,,,,,,10.4269,r2_measured_03320,read,measured,,,,,0.5269,,ok,0.3611
13.9574,673,,,0.6089,,,,,,15.7227,r2_measured_03321,read,measured,,,,,0.6898,,ok,0.381
13.4628,663,,,0.5826,,,,,,15.2559,r2_measured_03322,read,measured,,,,,0.7643,,ok,0.3691
12.8494,568,,,0.5274,,,,,,14.5761,r2_measured_03323,read,measured,,,,,0.7287,,ok,0.3859
8.7276,369,,,0.2517,,,,,,10.031,r2_measured_03324,read,measured,,,,,0.5801,,ok,0.4084
91.468,681,16.9968,3.353,0.6603,2.7184,1,3.3515,1,24.9575,93.395,r2_measured_03325,update,measured,21.6045,1.927,1,24.5184,0.7778,22.2769,ok,0.3997
9.1489,369,,,0.291,,,,,,10.4469,r2_measured_03326,read,measured,,,,,0.5789,,ok,0.3621
14.6934,679,,,0.5843,,,,,,16.4482,r2_measured_03327,read,measured,,,,,0.7001,,ok,0.3794
9.482,418,,,0.2927,,,,,,10.7854,r2_measured_03328,read,measured,,,,,0.5513,,ok,0.3948
13.1789,679,,,0.5862,,,,,,14.9772,r2_measured_03329,read,measured,,,,,0.7283,,ok,0.3543
12.7126,663,,,0.507,,,,,,14.3407,r2_measured_03330,read,measured,,,,,0.6738,,ok,0.3717
12.1373,662,,,0.5903,,,,,,13.8939,r2_measured_03331,read,measured,,,,,0.6799,,ok,0.406
10.2015,419,,,0.2796,,,,,,11.3969,r2_measured_03332,read,measured,,,,,0.5071,,ok,0.3461
12.1904,419,,,0.3314,,,,,,13.4015,r2_measured_03333,read,measured,,,,,0.5069,,ok,0.3107
13.1015,681,,,0.5823,,,,,,14.6492,r2_measured_03334,read,measured,,,,,0.5723,,ok,0.325
9.883,507,,,0.4478,,,,,,11.251,r2_measured_03335,read,measured,,,,,0.5366,,ok,0.3185
9.8224,508,,,0.4117,,,,,,11.1349,r2_measured_03336,read,measured,,,,,0.5258,,ok,0.3166
72.6007,625,12.5244,5.36,0.5692,2.2302,0,5.3582,1,25.8671,74.2025,r2_measured_03337,update,measured,20.5071,1.6018,1,12.3962,0.6195,19.5828,ok,0.344
11.4268,626,,,0.551,,,,,,13.3048,r2_measured_03338,read,measured,,,,,0.8551,,ok,0.3914
13.3866,680,,,0.5321,,,,,,14.9879,r2_measured_03339,read,measured,,,,,0.6695,,ok,0.3309
12.7568,681,,,0.5973,,,,,,14.4059,r2_measured_03340,read,measured,,,,,0.6103,,ok,0.3604
11.7215,566,,,0.5841,,,,,,13.3073,r2_measured_03341,read,measured,,,,,0.5916,,ok,0.3443
91.1288,679,13.1719,5.3281,0.6442,2.2131,1,5.3268,1,25.1007,93.027,r2_measured_03342,update,measured,19.7726,1.8982,1,30.5598,0.7662,20.0833,ok,0.3946
14.321,680,,,0.6168,,,,,,16.0147,r2_measured_03343,read,measured,,,,,0.6497,,ok,0.3531
15.9642,674,,,0.4934,,,,,,17.4928,r2_measured_03344,read,measured,,,,,0.6448,,ok,0.3177
8.6044,369,,,0.3388,,,,,,9.8568,r2_measured_03345,read,measured,,,,,0.4791,,ok,0.3802
9.244,418,,,0.2488,,,,,,10.3828,r2_measured_03346,read,measured,,,,,0.4867,,ok,0.3332
8.6227,368,,,0.232,,,,,,9.7945,r2_measured_03347,read,measured,,,,,0.5519,,ok,0.3138
14.3581,627,,,0.5708,,,,,,15.9508,r2_measured_03348,read,measured,,,,,0.6034,,ok,0.3469
91.6503,663,13.7689,5.5402,0.6215,2.3056,1,5.5383,1,39.0354,93.543,r2_measured_03349,update,measured,33.4952,1.8927,1,13.9642,0.8074,22.5762,ok,0.3837
14.5692,566,,,0.5274,,,,,,16.3139,r2_measured_03350,read,measured,,,,,0.7126,,ok,0.4186
12.3278,509,,,0.491,,,,,,13.8749,r2_measured_03351,read,measured,,,,,0.5669,,ok,0.3939
15.1965,629,,,0.6827,,,,,,17.0863,r2_measured_03352,read,measured,,,,,0.7312,,ok,0.3849
13.4963,681,,,0.5417,,,,,,15.2181,r2_measured_03353,read,measured,,,,,0.6082,,ok,0.4888
15.7744,680,,,0.6058,,,,,,17.5505,r2_measured_03354,read,measured,,,,,0.6747,,ok,0.4103
15.4573,663,,,0.586,,,,,,17.3431,r2_measured_03355,read,measured,,,,,0.8575,,ok,0.3688
12.8752,629,,,0.5391,,,,,,14.4583,r2_measured_03356,read,measured,,,,,0.556,,ok,0.4242
13.5951,688,,,0.5737,,,,,,15.2963,r2_measured_03357,read,measured,,,,,0.6642,,ok,0.3879
13.6359,680,,,0.5561,,,,,,15.3318,r2_measured_03358,read,measured,,,,,0.6871,,ok,0.3758
9.4426,419,,,0.2899,,,,,,10.7792,r2_measured_03359,read,measured,,,,,0.5931,,ok,0.3845
14.3657,679,,,0.5782,,,,,,16.1697,r2_measured_03360,read,measured,,,,,0.7071,,ok,0.4394
70.0516,509,10.3093,5.2525,0.5054,1.7756,1,5.2506,1,26.6585,71.477,r2_measured_03361,update,measured,21.406,1.4254,1,13.1639,0.5186,18.1443,ok,0.3377
22.473,663,,,0.5364,,,,,,24.0913,r2_measured_03362,read,measured,,,,,0.6804,,ok,0.3273
16.6093,678,,,0.7259,,,,,,18.6481,r2_measured_03363,read,measured,,,,,0.7208,,ok,0.4914
26.6164,509,,,0.4638,,,,,,28.0078,r2_measured_03364,read,measured,,,,,0.5533,,ok,0.312
15.6133,679,,,0.5466,,,,,,17.2425,r2_measured_03365,read,measured,,,,,0.6847,,ok,0.3154
12.9758,681,,,0.5371,,,,,,14.5507,r2_measured_03366,read,measured,,,,,0.6486,,ok,0.3156
15.1431,663,,,0.6054,,,,,,16.904,r2_measured_03367,read,measured,,,,,0.668,,ok,0.4036
13.687,661,,,0.6417,,,,,,15.4988,r2_measured_03368,read,measured,,,,,0.6927,,ok,0.3969
13.389,509,,,0.5331,,,,,,14.9345,r2_measured_03369,read,measured,,,,,0.5779,,ok,0.3598
59.3244,508,10.3021,3.1308,0.4989,1.7018,0,3.1285,1,31.3091,60.8601,r2_measured_03370,update,measured,28.1783,1.5357,1,0.0078,0.6165,16.0036,ok,0.3492
9.2993,368,,,0.221,,,,,,10.3707,r2_measured_03371,read,measured,,,,,0.4698,,ok,0.325
16.3456,626,,,0.4945,,,,,,17.8929,r2_measured_03372,read,measured,,,,,0.6366,,ok,0.3466
12.8096,628,,,0.521,,,,,,14.5037,r2_measured_03373,read,measured,,,,,0.7376,,ok,0.3615
14.6795,680,,,0.5783,,,,,,16.3689,r2_measured_03374,read,measured,,,,,0.6503,,ok,0.3907
9.9974,418,,,0.3104,,,,,,11.3951,r2_measured_03375,read,measured,,,,,0.6635,,ok,0.3546
80.3386,679,15.7378,6.1863,0.5777,2.7389,1,6.1829,1,24.8219,81.9921,r2_measured_03376,update,measured,18.6356,1.6535,1,13.2295,0.6589,23.8105,ok,0.3403
14.955,688,,,0.9241,,,,,,17.2339,r2_measured_03377,read,measured,,,,,0.8238,,ok,0.4264
14.1055,568,,,0.4882,,,,,,15.6982,r2_measured_03378,read,measured,,,,,0.694,,ok,0.3444
14.2372,626,,,0.7062,,,,,,16.2665,r2_measured_03379,read,measured,,,,,0.7757,,ok,0.4396
9.5086,418,,,0.2909,,,,,,10.7157,r2_measured_03380,read,measured,,,,,0.4998,,ok,0.3527
9.3142,418,,,0.2832,,,,,,10.543,r2_measured_03381,read,measured,,,,,0.5296,,ok,0.3551
13.6277,681,,,0.7173,,,,,,15.5503,r2_measured_03382,read,measured,,,,,0.7327,,ok,0.3888
13.223,663,,,0.5116,,,,,,14.7506,r2_measured_03383,read,measured,,,,,0.5909,,ok,0.3495
12.6037,689,,,0.6787,,,,,,14.5112,r2_measured_03384,read,measured,,,,,0.7555,,ok,0.384
13.7274,688,,,0.5718,,,,,,15.4097,r2_measured_03385,read,measured,,,,,0.659,,ok,0.3711
9.3835,419,,,0.2831,,,,,,10.6802,r2_measured_03386,read,measured,,,,,0.5569,,ok,0.3946
13.2888,663,,,0.5969,,,,,,14.9986,r2_measured_03387,read,measured,,,,,0.6657,,ok,0.3663
13.0185,680,,,0.5233,,,,,,14.5325,r2_measured_03388,read,measured,,,,,0.5911,,ok,0.3345
13.4155,680,,,0.6735,,,,,,15.2574,r2_measured_03389,read,measured,,,,,0.694,,ok,0.3906
9.4831,417,,,0.3724,,,,,,10.7851,r2_measured_03390,read,measured,,,,,0.5219,,ok,0.3545
12.9354,628,,,0.725,,,,,,14.8994,r2_measured_03391,read,measured,,,,,0.7542,,ok,0.407
13.2983,568,,,0.5275,,,,,,14.9892,r2_measured_03392,read,measured,,,,,0.7094,,ok,0.3702
16.7821,688,,,0.573,,,,,,18.5741,r2_measured_03393,read,measured,,,,,0.8002,,ok,0.3424
13.8617,629,,,0.5954,,,,,,15.622,r2_measured_03394,read,measured,,,,,0.7108,,ok,0.3758
13.3758,663,,,0.5422,,,,,,15.0748,r2_measured_03395,read,measured,,,,,0.7456,,ok,0.3398
12.9151,675,,,0.598,,,,,,14.7251,r2_measured_03396,read,measured,,,,,0.6736,,ok,0.4596
14.0822,509,,,0.6975,,,,,,16.3874,r2_measured_03397,read,measured,,,,,1.032,,ok,0.4772
85.4944,662,13.0676,11.9925,0.5449,2.3882,1,11.9907,1,34.603,87.1401,r2_measured_03398,update,measured,22.6105,1.6457,1,13.3899,0.6671,22.0457,ok,0.3587
14.2572,689,,,0.5034,,,,,,15.814,r2_measured_03399,read,measured,,,,,0.6723,,ok,0.3137
16.1349,674,,,0.604,,,,,,18.0704,r2_measured_03400,read,measured,,,,,0.8406,,ok,0.396
11.5464,369,,,0.2289,,,,,,12.6341,r2_measured_03401,read,measured,,,,,0.4623,,ok,0.3444
12.5363,509,,,0.4062,,,,,,13.8798,r2_measured_03402,read,measured,,,,,0.5616,,ok,0.3113
20.6819,689,,,0.71,,,,,,22.7601,r2_measured_03403,read,measured,,,,,0.8196,,ok,0.4536
9.8067,369,,,0.273,,,,,,11.0558,r2_measured_03404,read,measured,,,,,0.5367,,ok,0.3757
91.4293,687,14.4613,6.1198,0.6423,2.4874,1,6.118,1,36.6629,93.3782,r2_measured_03405,update,measured,30.5431,1.9489,1,14.5818,0.7947,23.2359,ok,0.3912
14.325,681,,,0.5944,,,,,,16.1513,r2_measured_03406,read,measured,,,,,0.7566,,ok,0.3899
14.961,628,,,0.8723,,,,,,17.35,r2_measured_03407,read,measured,,,,,0.7214,,ok,0.6941
12.241,568,,,0.5461,,,,,,13.8682,r2_measured_03408,read,measured,,,,,0.61,,ok,0.3971
14.3754,680,,,0.7029,,,,,,16.5084,r2_measured_03409,read,measured,,,,,0.8512,,ok,0.4795
11.3117,419,,,0.3259,,,,,,12.8244,r2_measured_03410,read,measured,,,,,0.6462,,ok,0.4601
13.9144,626,,,0.5272,,,,,,15.6108,r2_measured_03411,read,measured,,,,,0.6965,,ok,0.3937
11.1339,509,,,0.4942,,,,,,12.7015,r2_measured_03412,read,measured,,,,,0.6336,,ok,0.3621
13.6196,675,,,0.7078,,,,,,15.7426,r2_measured_03413,read,measured,,,,,0.8666,,ok,0.4547
12.7443,568,,,0.6089,,,,,,14.5195,r2_measured_03414,read,measured,,,,,0.6819,,ok,0.3902
14.8329,679,,,0.6261,,,,,,16.6908,r2_measured_03415,read,measured,,,,,0.7546,,ok,0.3908
10.323,419,,,0.3724,,,,,,11.8827,r2_measured_03416,read,measured,,,,,0.6655,,ok,0.4426
17.0239,675,,,0.7307,,,,,,19.0946,r2_measured_03417,read,measured,,,,,0.7981,,ok,0.4469
15.6554,675,,,0.7404,,,,,,17.8043,r2_measured_03418,read,measured,,,,,0.8743,,ok,0.4349
14.5881,628,,,0.6584,,,,,,16.4572,r2_measured_03419,read,measured,,,,,0.7145,,ok,0.4102
14.0849,674,,,0.7356,,,,,,16.1323,r2_measured_03420,read,measured,,,,,0.8302,,ok,0.3909
14.707,680,,,0.7174,,,,,,16.773,r2_measured_03421,read,measured,,,,,0.8202,,ok,0.4336
15.1996,663,,,0.7393,,,,,,17.3018,r2_measured_03422,read,measured,,,,,0.8194,,ok,0.4455
13.1959,568,,,0.6446,,,,,,15.0253,r2_measured_03423,read,measured,,,,,0.6726,,ok,0.4275
14.3883,674,,,0.6691,,,,,,16.2932,r2_measured_03424,read,measured,,,,,0.7064,,ok,0.4383
14.1365,675,,,0.6656,,,,,,16.035,r2_measured_03425,read,measured,,,,,0.7389,,ok,0.4104
8.7432,369,,,0.2537,,,,,,10.0164,r2_measured_03426,read,measured,,,,,0.5488,,ok,0.4064
14.3195,689,,,0.5957,,,,,,16.1349,r2_measured_03427,read,measured,,,,,0.7496,,ok,0.3841
11.6391,509,,,0.5843,,,,,,13.4865,r2_measured_03428,read,measured,,,,,0.7546,,ok,0.4144
13.8334,661,,,0.5764,,,,,,15.5582,r2_measured_03429,read,measured,,,,,0.6761,,ok,0.3869
13.6464,628,,,0.5985,,,,,,15.4371,r2_measured_03430,read,measured,,,,,0.7104,,ok,0.4002
14.5027,681,,,0.6624,,,,,,16.4131,r2_measured_03431,read,measured,,,,,0.7439,,ok,0.4094
13.2007,629,,,0.5801,,,,,,15.0288,r2_measured_03432,read,measured,,,,,0.7298,,ok,0.435
12.039,629,,,0.6073,,,,,,13.8111,r2_measured_03433,read,measured,,,,,0.7107,,ok,0.3694
13.6672,675,,,0.7006,,,,,,15.5374,r2_measured_03434,read,measured,,,,,0.728,,ok,0.3647
11.2526,566,,,0.5144,,,,,,12.7472,r2_measured_03435,read,measured,,,,,0.5525,,ok,0.3662
12.5994,566,,,0.6105,,,,,,14.5059,r2_measured_03436,read,measured,,,,,0.8092,,ok,0.4079
14.5906,680,,,0.5866,,,,,,16.3057,r2_measured_03437,read,measured,,,,,0.6802,,ok,0.3699
14.9816,672,,,0.6032,,,,,,16.7449,r2_measured_03438,read,measured,,,,,0.694,,ok,0.3821
14.3507,689,,,0.5718,,,,,,16.1487,r2_measured_03439,read,measured,,,,,0.7086,,ok,0.4298
13.3843,680,,,0.631,,,,,,15.2049,r2_measured_03440,read,measured,,,,,0.7362,,ok,0.3652
11.6175,568,,,0.5237,,,,,,13.2371,r2_measured_03441,read,measured,,,,,0.6022,,ok,0.4229
13.7708,680,,,0.6423,,,,,,15.6641,r2_measured_03442,read,measured,,,,,0.7724,,ok,0.3872
13.363,681,,,0.6213,,,,,,15.1321,r2_measured_03443,read,measured,,,,,0.7106,,ok,0.3634
12.916,629,,,0.5596,,,,,,14.7337,r2_measured_03444,read,measured,,,,,0.7765,,ok,0.3966
13.7649,675,,,0.5701,,,,,,15.4793,r2_measured_03445,read,measured,,,,,0.6958,,ok,0.3702
18.3486,568,,,0.5868,,,,,,19.9715,r2_measured_03446,read,measured,,,,,0.6334,,ok,0.3199
11.8527,679,,,0.5486,,,,,,14.0059,r2_measured_03447,read,measured,,,,,0.6799,,ok,0.796
15.0484,509,,,0.5616,,,,,,16.9374,r2_measured_03448,read,measured,,,,,0.7834,,ok,0.4592
14.1846,680,,,0.608,,,,,,15.9735,r2_measured_03449,read,measured,,,,,0.7144,,ok,0.3815
13.0883,663,,,0.8668,,,,,,15.2465,r2_measured_03450,read,measured,,,,,0.741,,ok,0.4513
12.7365,568,,,0.7287,,,,,,14.7457,r2_measured_03451,read,measured,,,,,0.7604,,ok,0.4302
13.769,680,,,0.6885,,,,,,15.6055,r2_measured_03452,read,measured,,,,,0.6844,,ok,0.3771
13.0299,663,,,0.5071,,,,,,14.732,r2_measured_03453,read,measured,,,,,0.7272,,ok,0.3834
14.3857,680,,,0.637,,,,,,16.2446,r2_measured_03454,read,measured,,,,,0.7235,,ok,0.4044
13.7499,663,,,0.5685,,,,,,15.598,r2_measured_03455,read,measured,,,,,0.7677,,ok,0.408
14.0738,688,,,0.6848,,,,,,16.049,r2_measured_03456,read,measured,,,,,0.7737,,ok,0.4241
14.6253,626,,,0.6634,,,,,,16.5243,r2_measured_03457,read,measured,,,,,0.7285,,ok,0.4214
13.1077,628,,,0.541,,,,,,14.7579,r2_measured_03458,read,measured,,,,,0.6535,,ok,0.3768
13.1131,662,,,0.6083,,,,,,14.9358,r2_measured_03459,read,measured,,,,,0.7517,,ok,0.3712
12.891,679,,,0.5329,,,,,,14.6137,r2_measured_03460,read,measured,,,,,0.7798,,ok,0.3364
15.6465,679,,,0.6795,,,,,,17.523,r2_measured_03461,read,measured,,,,,0.7194,,ok,0.3878
9.9947,418,,,0.2722,,,,,,11.2263,r2_measured_03462,read,measured,,,,,0.5629,,ok,0.3356
12.8516,626,,,0.5843,,,,,,14.6158,r2_measured_03463,read,measured,,,,,0.7092,,ok,0.3913
13.5099,662,,,0.6164,,,,,,15.2622,r2_measured_03464,read,measured,,,,,0.6833,,ok,0.3694
13.1026,628,,,0.6214,,,,,,14.8512,r2_measured_03465,read,measured,,,,,0.6601,,ok,0.383
17.7462,662,,,0.5978,,,,,,19.4313,r2_measured_03466,read,measured,,,,,0.6504,,ok,0.3589
13.6033,419,,,0.2692,,,,,,14.9123,r2_measured_03467,read,measured,,,,,0.6056,,ok,0.3725
12.5469,509,,,0.5821,,,,,,14.4438,r2_measured_03468,read,measured,,,,,0.7797,,ok,0.4492
11.2395,419,,,0.4373,,,,,,12.6628,r2_measured_03469,read,measured,,,,,0.5496,,ok,0.376
14.6985,626,,,0.6071,,,,,,16.4974,r2_measured_03470,read,measured,,,,,0.7125,,ok,0.3839
12.8063,629,,,0.5461,,,,,,14.4024,r2_measured_03471,read,measured,,,,,0.6229,,ok,0.3541
13.1585,568,,,0.9321,,,,,,15.8585,r2_measured_03472,read,measured,,,,,0.857,,ok,0.7893
18.7098,680,,,0.6738,,,,,,20.8039,r2_measured_03473,read,measured,,,,,0.8555,,ok,0.4695
14.9679,675,,,0.6318,,,,,,16.8524,r2_measured_03474,read,measured,,,,,0.7609,,ok,0.3881
8.8218,369,,,0.2457,,,,,,10.052,r2_measured_03475,read,measured,,,,,0.5449,,ok,0.3795
11.4142,567,,,0.5756,,,,,,13.0963,r2_measured_03476,read,measured,,,,,0.6734,,ok,0.368
8.7019,369,,,0.282,,,,,,10.0147,r2_measured_03477,read,measured,,,,,0.5724,,ok,0.3925
9.6077,419,,,0.2831,,,,,,10.8701,r2_measured_03478,read,measured,,,,,0.5501,,ok,0.3659
67.5481,369,10.5956,7.4462,0.2838,1.6701,1,7.4438,1,27.5548,68.8886,r2_measured_03479,update,measured,20.1086,1.3405,1,11.9956,0.5659,15.732,ok,0.4237
14.6312,662,,,0.6267,,,,,,16.4415,r2_measured_03480,read,measured,,,,,0.6835,,ok,0.4054
13.381,628,,,0.5987,,,,,,15.1663,r2_measured_03481,read,measured,,,,,0.7729,,ok,0.338
12.7169,661,,,0.6216,,,,,,14.4624,r2_measured_03482,read,measured,,,,,0.6209,,ok,0.4087
9.3412,419,,,0.3207,,,,,,10.6781,r2_measured_03483,read,measured,,,,,0.5622,,ok,0.3906
18.199,681,,,0.7153,,,,,,20.2715,r2_measured_03484,read,measured,,,,,0.8192,,ok,0.4382
16.0387,687,,,0.6863,,,,,,18.0636,r2_measured_03485,read,measured,,,,,0.8288,,ok,0.42
14.0285,626,,,0.5947,,,,,,15.904,r2_measured_03486,read,measured,,,,,0.8093,,ok,0.3883
11.3014,507,,,0.5373,,,,,,12.9027,r2_measured_03487,read,measured,,,,,0.6012,,ok,0.3881
13.965,629,,,0.662,,,,,,16.0937,r2_measured_03488,read,measured,,,,,0.9475,,ok,0.4304
15.9413,663,,,0.6409,,,,,,17.8317,r2_measured_03489,read,measured,,,,,0.7497,,ok,0.4112
13.9976,627,,,0.6286,,,,,,15.8112,r2_measured_03490,read,measured,,,,,0.6951,,ok,0.4094
14.5621,680,,,0.7608,,,,,,16.587,r2_measured_03491,read,measured,,,,,0.7613,,ok,0.4138
15.1259,680,,,0.659,,,,,,17.1318,r2_measured_03492,read,measured,,,,,0.7973,,ok,0.4571
12.6955,509,,,0.5277,,,,,,14.3916,r2_measured_03493,read,measured,,,,,0.6688,,ok,0.4185
15.9144,680,,,0.8552,,,,,,17.9949,r2_measured_03494,read,measured,,,,,0.7276,,ok,0.4073
13.0029,568,,,0.6213,,,,,,14.7627,r2_measured_03495,read,measured,,,,,0.6683,,ok,0.3884
11.4492,507,,,0.6163,,,,,,13.1808,r2_measured_03496,read,measured,,,,,0.6514,,ok,0.3885
9.1934,369,,,0.2572,,,,,,10.3955,r2_measured_03497,read,measured,,,,,0.5299,,ok,0.3575
75.5502,626,14.0647,6.4204,0.6445,2.46,1,6.4183,1,24.0157,77.3311,r2_measured_03498,update,measured,17.5953,1.7809,1,14.3955,0.6684,20.6143,ok,0.3912
13.2727,628,,,0.5551,,,,,,15.0042,r2_measured_03499,read,measured,,,,,0.7319,,ok,0.3693
10.0099,418,,,0.4121,,,,,,11.7006,r2_measured_03500,read,measured,,,,,0.7178,,ok,0.457
78.8379,675,13.9711,4.7271,0.5469,2.9,1,4.7246,1,27.0609,80.5872,r2_measured_03501,update,measured,22.3338,1.7493,1,13.5466,0.7738,21.3593,ok,0.3527
13.1532,688,,,0.6238,,,,,,14.9096,r2_measured_03502,read,measured,,,,,0.684,,ok,0.3749
69.4319,419,12.9785,5.3586,0.3502,2.2046,1,5.3568,1,23.9833,71.0042,r2_measured_03503,update,measured,18.6247,1.5723,1,13.8322,0.7314,16.4333,ok,0.4182
14.7783,663,,,0.5244,,,,,,16.4211,r2_measured_03504,read,measured,,,,,0.7119,,ok,0.3351
14.3566,681,,,0.7453,,,,,,16.4973,r2_measured_03505,read,measured,,,,,0.8482,,ok,0.4462
14.3602,626,,,0.6197,,,,,,16.1789,r2_measured_03506,read,measured,,,,,0.7139,,ok,0.4028
9.4825,419,,,0.2841,,,,,,10.7764,r2_measured_03507,read,measured,,,,,0.5565,,ok,0.3902
10.6085,418,,,0.3268,,,,,,11.9373,r2_measured_03508,read,measured,,,,,0.5085,,ok,0.4214
13.5927,663,,,0.5242,,,,,,15.1904,r2_measured_03509,read,measured,,,,,0.6405,,ok,0.3587
14.5528,688,,,0.4892,,,,,,16.1516,r2_measured_03510,read,measured,,,,,0.6865,,ok,0.3404
8.2625,369,,,0.3542,,,,,,10.0981,r2_measured_03511,read,measured,,,,,0.8486,,ok,0.5615
15.2464,689,,,0.6311,,,,,,17.1099,r2_measured_03512,read,measured,,,,,0.7515,,ok,0.3991
11.5346,508,,,0.433,,,,,,13.0056,r2_measured_03513,read,measured,,,,,0.6254,,ok,0.3459
58.6914,419,13.0943,3.8421,0.3333,2.8493,1,3.8402,1,27.7147,60.1688,r2_measured_03514,update,measured,23.8726,1.4774,1,0.0056,0.6247,15.0275,ok,0.4264
11.6748,567,,,0.511,,,,,,13.1102,r2_measured_03515,read,measured,,,,,0.5478,,ok,0.3131
11.2836,369,,,0.2568,,,,,,12.4182,r2_measured_03516,read,measured,,,,,0.4693,,ok,0.3352
12.0071,679,,,0.6248,,,,,,13.778,r2_measured_03517,read,measured,,,,,0.6906,,ok,0.3731
10.1576,568,,,0.7477,,,,,,12.1381,r2_measured_03518,read,measured,,,,,0.7168,,ok,0.4396
11.2424,509,,,0.5338,,,,,,12.9636,r2_measured_03519,read,measured,,,,,0.6893,,ok,0.4133
10.167,368,,,0.2437,,,,,,11.3553,r2_measured_03520,read,measured,,,,,0.5327,,ok,0.3549
13.0928,568,,,0.5696,,,,,,14.7993,r2_measured_03521,read,measured,,,,,0.6826,,ok,0.3757
15.0257,662,,,0.5109,,,,,,16.6954,r2_measured_03522,read,measured,,,,,0.7093,,ok,0.3641
16.4398,688,,,0.6674,,,,,,18.3694,r2_measured_03523,read,measured,,,,,0.7343,,ok,0.393
13.8897,629,,,0.6143,,,,,,15.7891,r2_measured_03524,read,measured,,,,,0.7921,,ok,0.4073
14.7335,681,,,0.6077,,,,,,16.4892,r2_measured_03525,read,measured,,,,,0.6509,,ok,0.4046
13.7929,680,,,0.7541,,,,,,15.9627,r2_measured_03526,read,measured,,,,,0.8583,,ok,0.4593
10.6422,369,,,0.2593,,,,,,11.873,r2_measured_03527,read,measured,,,,,0.5155,,ok,0.3921
14.1694,662,,,0.6142,,,,,,15.9164,r2_measured_03528,read,measured,,,,,0.6931,,ok,0.3608
12.9049,674,,,0.6483,,,,,,14.8021,r2_measured_03529,read,measured,,,,,0.733,,ok,0.4235
14.5579,663,,,0.653,,,,,,16.6469,r2_measured_03530,read,measured,,,,,0.69,,ok,0.6573
12.9887,688,,,0.6723,,,,,,14.8134,r2_measured_03531,read,measured,,,,,0.7053,,ok,0.3663
9.0107,369,,,0.2354,,,,,,10.2215,r2_measured_03532,read,measured,,,,,0.5365,,ok,0.3677
13.0271,681,,,0.5797,,,,,,14.7172,r2_measured_03533,read,measured,,,,,0.6414,,ok,0.3873
9.9796,509,,,0.4045,,,,,,11.3349,r2_measured_03534,read,measured,,,,,0.5531,,ok,0.3344
14.6223,689,,,0.7504,,,,,,16.6872,r2_measured_03535,read,measured,,,,,0.7887,,ok,0.4313
15.2685,628,,,0.662,,,,,,17.1677,r2_measured_03536,read,measured,,,,,0.7066,,ok,0.4385
13.1523,419,,,0.2959,,,,,,14.4963,r2_measured_03537,read,measured,,,,,0.6281,,ok,0.3379
10.8959,508,,,0.5035,,,,,,12.4555,r2_measured_03538,read,measured,,,,,0.6211,,ok,0.3604
18.5759,680,,,0.5916,,,,,,20.4087,r2_measured_03539,read,measured,,,,,0.7699,,ok,0.3843
14.7861,689,,,0.6673,,,,,,16.6837,r2_measured_03540,read,measured,,,,,0.754,,ok,0.3906
68.627,663,14.9215,5.643,0.6002,2.7774,0,5.641,1,26.1786,70.4246,r2_measured_03541,update,measured,20.5356,1.7976,1,0.0061,0.7202,24.7434,ok,0.3956
24.5723,674,,,0.5537,,,,,,26.2885,r2_measured_03542,read,measured,,,,,0.711,,ok,0.3719
14.113,675,,,0.6724,,,,,,16.099,r2_measured_03543,read,measured,,,,,0.8074,,ok,0.4126
14.8112,675,,,0.6457,,,,,,16.638,r2_measured_03544,read,measured,,,,,0.7173,,ok,0.3716
10.8567,566,,,0.4837,,,,,,12.3533,r2_measured_03545,read,measured,,,,,0.6364,,ok,0.3139
11.0452,566,,,0.4499,,,,,,12.5465,r2_measured_03546,read,measured,,,,,0.6018,,ok,0.3785
18.2187,681,,,0.6981,,,,,,20.357,r2_measured_03547,read,measured,,,,,0.7649,,ok,0.4233
15.0297,687,,,0.6357,,,,,,16.8389,r2_measured_03548,read,measured,,,,,0.6982,,ok,0.3917
12.8131,681,,,0.5886,,,,,,14.4923,r2_measured_03549,read,measured,,,,,0.6079,,ok,0.3942
9.4443,419,,,0.3683,,,,,,10.8583,r2_measured_03550,read,measured,,,,,0.5562,,ok,0.4196
9.9217,419,,,0.2749,,,,,,11.1245,r2_measured_03551,read,measured,,,,,0.5012,,ok,0.3646
12.5099,509,,,0.6156,,,,,,14.2776,r2_measured_03552,read,measured,,,,,0.698,,ok,0.368
17.385,663,,,0.616,,,,,,19.1464,r2_measured_03553,read,measured,,,,,0.695,,ok,0.3691
10.1728,418,,,0.3888,,,,,,11.5018,r2_measured_03554,read,measured,,,,,0.4953,,ok,0.3824
14.2093,680,,,0.7295,,,,,,16.1504,r2_measured_03555,read,measured,,,,,0.7309,,ok,0.3945
15.705,507,,,0.5561,,,,,,17.367,r2_measured_03556,read,measured,,,,,0.5917,,ok,0.4406
12.7836,663,,,0.6933,,,,,,14.8204,r2_measured_03557,read,measured,,,,,0.8059,,ok,0.4451
98.2589,508,16.9901,5.1405,0.6114,3.3785,1,5.1377,1,31.9799,100.2292,r2_measured_03558,update,measured,26.8394,1.9703,1,12.209,0.8189,33.7014,ok,0.4492
15.6709,675,,,0.6344,,,,,,17.7345,r2_measured_03559,read,measured,,,,,0.7775,,ok,0.548
11.8434,509,,,0.5448,,,,,,13.4746,r2_measured_03560,read,measured,,,,,0.6187,,ok,0.3943
10.9359,509,,,0.5061,,,,,,12.5586,r2_measured_03561,read,measured,,,,,0.6561,,ok,0.3955
12.4535,661,,,0.5789,,,,,,14.2354,r2_measured_03562,read,measured,,,,,0.7104,,ok,0.4069
10.8127,509,,,0.4967,,,,,,12.4198,r2_measured_03563,read,measured,,,,,0.6979,,ok,0.3459
8.7813,419,,,0.272,,,,,,10.0458,r2_measured_03564,read,measured,,,,,0.5811,,ok,0.3544
15.8712,679,,,0.6359,,,,,,17.7008,r2_measured_03565,read,measured,,,,,0.7175,,ok,0.3901
17.5269,673,,,0.5809,,,,,,19.2177,r2_measured_03566,read,measured,,,,,0.6737,,ok,0.3593
12.9832,689,,,0.5481,,,,,,14.687,r2_measured_03567,read,measured,,,,,0.74,,ok,0.3407
10.2204,508,,,0.4607,,,,,,11.7037,r2_measured_03568,read,measured,,,,,0.5798,,ok,0.377
12.1899,629,,,0.6961,,,,,,14.0247,r2_measured_03569,read,measured,,,,,0.697,,ok,0.3605
21.9183,675,,,0.828,,,,,,23.8595,r2_measured_03570,read,measured,,,,,0.6443,,ok,0.3909
9.4511,419,,,0.3172,,,,,,10.8852,r2_measured_03571,read,measured,,,,,0.5989,,ok,0.4434
10.846,419,,,0.3268,,,,,,12.2463,r2_measured_03572,read,measured,,,,,0.5957,,ok,0.4115
13.3195,627,,,0.5448,,,,,,14.9591,r2_measured_03573,read,measured,,,,,0.6358,,ok,0.3751
9.8886,419,,,0.2606,,,,,,11.0512,r2_measured_03574,read,measured,,,,,0.5094,,ok,0.3323
13.2431,689,,,0.5788,,,,,,14.921,r2_measured_03575,read,measured,,,,,0.6595,,ok,0.3669
13.152,689,,,0.5907,,,,,,14.8272,r2_measured_03576,read,measured,,,,,0.676,,ok,0.3314
12.9278,628,,,0.5264,,,,,,14.5514,r2_measured_03577,read,measured,,,,,0.6421,,ok,0.3766
14.4378,663,,,0.6277,,,,,,16.2246,r2_measured_03578,read,measured,,,,,0.7141,,ok,0.3603
11.9564,568,,,0.4981,,,,,,13.676,r2_measured_03579,read,measured,,,,,0.7125,,ok,0.4335
17.9935,681,,,0.7056,,,,,,19.9285,r2_measured_03580,read,measured,,,,,0.7361,,ok,0.409
17.7319,507,,,0.6146,,,,,,19.5252,r2_measured_03581,read,measured,,,,,0.721,,ok,0.382
15.9635,663,,,0.6499,,,,,,17.8197,r2_measured_03582,read,measured,,,,,0.7298,,ok,0.3956
16.4234,675,,,0.6468,,,,,,18.4942,r2_measured_03583,read,measured,,,,,0.8211,,ok,0.5015
16.7049,688,,,0.5888,,,,,,18.4691,r2_measured_03584,read,measured,,,,,0.7167,,ok,0.3715
58.3728,627,14.7506,5.4376,0.5635,2.1755,0,5.4351,1,22.5196,60.0119,r2_measured_03585,update,measured,17.082,1.6391,1,0.0057,0.6488,18.9214,ok,0.3453
14.4284,681,,,0.5266,,,,,,16.0035,r2_measured_03586,read,measured,,,,,0.6595,,ok,0.3197
12.8777,680,,,0.7095,,,,,,14.7132,r2_measured_03587,read,measured,,,,,0.7025,,ok,0.3398
12.1357,509,,,0.6411,,,,,,14.0049,r2_measured_03588,read,measured,,,,,0.7468,,ok,0.4069
13.8695,688,,,0.5686,,,,,,15.4938,r2_measured_03589,read,measured,,,,,0.6435,,ok,0.3426
13.7775,689,,,0.5847,,,,,,15.6628,r2_measured_03590,read,measured,,,,,0.805,,ok,0.4085
22.2874,687,,,0.6141,,,,,,24.3151,r2_measured_03591,read,measured,,,,,0.7743,,ok,0.5472
13.3141,567,,,0.5324,,,,,,14.9657,r2_measured_03592,read,measured,,,,,0.6603,,ok,0.383
20.4637,689,,,0.5591,,,,,,22.1071,r2_measured_03593,read,measured,,,,,0.6465,,ok,0.3609
14.5329,680,,,0.4908,,,,,,16.4246,r2_measured_03594,read,measured,,,,,0.6882,,ok,0.6128
21.8253,628,,,0.6856,,,,,,24.0017,r2_measured_03595,read,measured,,,,,0.9326,,ok,0.4652
16.3181,689,,,0.6129,,,,,,18.1304,r2_measured_03596,read,measured,,,,,0.7347,,ok,0.3767
12.8182,628,,,0.5535,,,,,,14.4741,r2_measured_03597,read,measured,,,,,0.6943,,ok,0.3347
9.2301,369,,,0.2225,,,,,,10.2802,r2_measured_03598,read,measured,,,,,0.4514,,ok,0.3258
13.6565,626,,,0.7,,,,,,15.7566,r2_measured_03599,read,measured,,,,,0.8555,,ok,0.4513
16.6249,628,,,0.5717,,,,,,18.4127,r2_measured_03600,read,measured,,,,,0.7461,,ok,0.3897
13.4307,568,,,0.5023,,,,,,14.9703,r2_measured_03601,read,measured,,,,,0.6176,,ok,0.3495
14.8947,675,,,0.6657,,,,,,16.7897,r2_measured_03602,read,measured,,,,,0.7464,,ok,0.3984
12.4149,567,,,0.5312,,,,,,14.0813,r2_measured_03603,read,measured,,,,,0.6566,,ok,0.3999
14.3948,681,,,1.0392,,,,,,16.9272,r2_measured_03604,read,measured,,,,,0.6363,,ok,0.7701
9.1753,419,,,0.3168,,,,,,10.5217,r2_measured_03605,read,measured,,,,,0.5844,,ok,0.3758
17.7545,675,,,0.6851,,,,,,19.7429,r2_measured_03606,read,measured,,,,,0.807,,ok,0.4063
13.9309,627,,,0.5662,,,,,,15.755,r2_measured_03607,read,measured,,,,,0.7488,,ok,0.4222
78.603,662,14.1674,5.7075,0.5287,2.8276,1,5.7053,1,24.846,80.275,r2_measured_03608,update,measured,19.1385,1.672,1,12.7297,0.6889,24.0323,ok,0.3549
8.6495,369,,,0.2556,,,,,,9.9007,r2_measured_03609,read,measured,,,,,0.5397,,ok,0.3944
13.4,628,,,0.9191,,,,,,16.0674,r2_measured_03610,read,measured,,,,,0.7341,,ok,0.8989
15.7658,680,,,0.6419,,,,,,17.6749,r2_measured_03611,read,measured,,,,,0.7647,,ok,0.4127
14.5866,662,,,0.8032,,,,,,16.6283,r2_measured_03612,read,measured,,,,,0.7119,,ok,0.4326
14.7003,680,,,0.6203,,,,,,16.5599,r2_measured_03613,read,measured,,,,,0.7515,,ok,0.4023
13.7741,674,,,0.6032,,,,,,15.4981,r2_measured_03614,read,measured,,,,,0.6577,,ok,0.3822
11.5761,568,,,0.5478,,,,,,13.3323,r2_measured_03615,read,measured,,,,,0.7445,,ok,0.3939
13.4425,663,,,0.5964,,,,,,15.2658,r2_measured_03616,read,measured,,,,,0.7613,,ok,0.3782
13.0023,680,,,0.5302,,,,,,14.5603,r2_measured_03617,read,measured,,,,,0.5957,,ok,0.3574
7.6326,369,,,0.2622,,,,,,8.7615,r2_measured_03618,read,measured,,,,,0.5034,,ok,0.3144
13.1487,663,,,0.6774,,,,,,15.0954,r2_measured_03619,read,measured,,,,,0.7277,,ok,0.4484
13.8482,675,,,0.5956,,,,,,15.4939,r2_measured_03620,read,measured,,,,,0.6315,,ok,0.3449
12.843,680,,,0.5334,,,,,,14.4634,r2_measured_03621,read,measured,,,,,0.6861,,ok,0.327
11.6377,568,,,0.577,,,,,,13.3248,r2_measured_03622,read,measured,,,,,0.6433,,ok,0.3948
15.1118,368,,,0.2655,,,,,,16.3229,r2_measured_03623,read,measured,,,,,0.5557,,ok,0.3294
8.5138,419,,,0.2622,,,,,,9.8235,r2_measured_03624,read,measured,,,,,0.5085,,ok,0.457
10.1667,369,,,0.2385,,,,,,11.3109,r2_measured_03625,read,measured,,,,,0.4915,,ok,0.3576
14.1684,508,,,0.506,,,,,,15.6206,r2_measured_03626,read,measured,,,,,0.5644,,ok,0.3169
14.5258,567,,,0.6095,,,,,,16.2313,r2_measured_03627,read,measured,,,,,0.5932,,ok,0.4298
13.7526,663,,,0.6204,,,,,,15.6249,r2_measured_03628,read,measured,,,,,0.7924,,ok,0.3684
13.9717,680,,,0.6005,,,,,,15.7568,r2_measured_03629,read,measured,,,,,0.7188,,ok,0.3804
12.0351,626,,,0.6074,,,,,,13.7047,r2_measured_03630,read,measured,,,,,0.623,,ok,0.3623
13.7986,680,,,0.6571,,,,,,15.8363,r2_measured_03631,read,measured,,,,,0.8459,,ok,0.4378
74.2021,675,12.8741,6.0868,0.6482,2.1929,0,6.0835,1,25.3242,76.0327,r2_measured_03632,update,measured,19.2374,1.8306,1,12.9959,0.6462,20.815,ok,0.4547
18.7059,675,,,0.7598,,,,,,20.7886,r2_measured_03633,read,measured,,,,,0.7514,,ok,0.4386
14.7329,680,,,0.5044,,,,,,16.2519,r2_measured_03634,read,measured,,,,,0.5992,,ok,0.3461
13.3575,629,,,0.5935,,,,,,15.0121,r2_measured_03635,read,measured,,,,,0.6499,,ok,0.3383
10.9208,419,,,0.2661,,,,,,12.1691,r2_measured_03636,read,measured,,,,,0.5262,,ok,0.3932
13.7366,629,,,0.5941,,,,,,15.4703,r2_measured_03637,read,measured,,,,,0.7143,,ok,0.3435
12.7845,675,,,0.7251,,,,,,14.5345,r2_measured_03638,read,measured,,,,,0.6116,,ok,0.3426
14.5568,689,,,0.6411,,,,,,16.3609,r2_measured_03639,read,measured,,,,,0.7051,,ok,0.3733
14.4142,681,,,0.6731,,,,,,16.4107,r2_measured_03640,read,measured,,,,,0.8301,,ok,0.4094
13.552,681,,,0.6211,,,,,,15.2839,r2_measured_03641,read,measured,,,,,0.6456,,ok,0.3828
11.2237,568,,,0.5302,,,,,,12.7693,r2_measured_03642,read,measured,,,,,0.6067,,ok,0.3396
11.748,662,,,0.4403,,,,,,13.2015,r2_measured_03643,read,measured,,,,,0.6206,,ok,0.3237
17.521,680,,,0.6039,,,,,,19.1881,r2_measured_03644,read,measured,,,,,0.6575,,ok,0.3301
14.1706,689,,,0.6475,,,,,,15.998,r2_measured_03645,read,measured,,,,,0.722,,ok,0.3815
9.2717,369,,,0.2321,,,,,,10.4891,r2_measured_03646,read,measured,,,,,0.4397,,ok,0.4695
12.334,688,,,0.5839,,,,,,14.0869,r2_measured_03647,read,measured,,,,,0.7121,,ok,0.3828
15.2674,689,,,0.6196,,,,,,17.2249,r2_measured_03648,read,measured,,,,,0.8716,,ok,0.3821
12.7914,505,,,0.5074,,,,,,14.3845,r2_measured_03649,read,measured,,,,,0.6498,,ok,0.3659
13.8795,628,,,0.6006,,,,,,15.6143,r2_measured_03650,read,measured,,,,,0.6454,,ok,0.4108
18.9711,662,,,0.5853,,,,,,20.5841,r2_measured_03651,read,measured,,,,,0.6227,,ok,0.3336
16.1634,568,,,0.5262,,,,,,17.9375,r2_measured_03652,read,measured,,,,,0.7478,,ok,0.4123
9.6441,419,,,0.2662,,,,,,10.8557,r2_measured_03653,read,measured,,,,,0.5026,,ok,0.3498
14.8945,567,,,0.5057,,,,,,16.4522,r2_measured_03654,read,measured,,,,,0.6357,,ok,0.3396
13.1181,681,,,0.6016,,,,,,14.923,r2_measured_03655,read,measured,,,,,0.7041,,ok,0.4122
10.5648,419,,,0.2737,,,,,,11.7849,r2_measured_03656,read,measured,,,,,0.5343,,ok,0.3521
11.1644,568,,,0.527,,,,,,12.7188,r2_measured_03657,read,measured,,,,,0.5769,,ok,0.3708
14.1784,662,,,0.5646,,,,,,15.8398,r2_measured_03658,read,measured,,,,,0.679,,ok,0.3502
12.9831,629,,,0.6083,,,,,,14.7667,r2_measured_03659,read,measured,,,,,0.7596,,ok,0.3399
12.1084,663,,,0.5494,,,,,,13.7931,r2_measured_03660,read,measured,,,,,0.6934,,ok,0.3698
12.4338,663,,,0.5756,,,,,,14.2094,r2_measured_03661,read,measured,,,,,0.7725,,ok,0.3566
13.3984,675,,,0.6312,,,,,,15.1918,r2_measured_03662,read,measured,,,,,0.6864,,ok,0.3938
13.8609,663,,,0.5691,,,,,,15.5677,r2_measured_03663,read,measured,,,,,0.6653,,ok,0.3961
17.4954,663,,,0.5824,,,,,,19.1632,r2_measured_03664,read,measured,,,,,0.6942,,ok,0.3181
19.6215,689,,,0.6498,,,,,,21.3169,r2_measured_03665,read,measured,,,,,0.654,,ok,0.3132
13.0414,680,,,0.6435,,,,,,14.8412,r2_measured_03666,read,measured,,,,,0.6368,,ok,0.4388
9.7771,418,,,0.266,,,,,,10.8914,r2_measured_03667,read,measured,,,,,0.4569,,ok,0.3309
17.2978,629,,,0.7078,,,,,,19.2219,r2_measured_03668,read,measured,,,,,0.7211,,ok,0.413
10.2074,509,,,0.4859,,,,,,11.6312,r2_measured_03669,read,measured,,,,,0.5406,,ok,0.3385
13.0204,680,,,0.5939,,,,,,14.708,r2_measured_03670,read,measured,,,,,0.6322,,ok,0.3837
19.9732,675,,,0.6315,,,,,,21.8731,r2_measured_03671,read,measured,,,,,0.7834,,ok,0.3983
24.4556,679,,,0.6238,,,,,,26.2524,r2_measured_03672,read,measured,,,,,0.6781,,ok,0.3947
13.2677,369,,,0.2403,,,,,,14.4646,r2_measured_03673,read,measured,,,,,0.5649,,ok,0.3304
17.9223,680,,,0.6521,,,,,,19.7025,r2_measured_03674,read,measured,,,,,0.6453,,ok,0.3965
10.3909,419,,,0.3019,,,,,,11.8152,r2_measured_03675,read,measured,,,,,0.7107,,ok,0.3473
83.2279,673,13.7414,7.6991,0.5441,2.7392,1,7.6971,1,38.9843,84.8245,r2_measured_03676,update,measured,31.2852,1.5966,1,0.0086,0.6399,27.7544,ok,0.343
11.7596,627,,,0.6048,,,,,,13.3757,r2_measured_03677,read,measured,,,,,0.5837,,ok,0.3496
11.1614,628,,,0.4794,,,,,,12.6419,r2_measured_03678,read,measured,,,,,0.6115,,ok,0.3215
15.0191,675,,,0.5846,,,,,,16.7146,r2_measured_03679,read,measured,,,,,0.6665,,ok,0.3687
25.6083,681,,,0.5538,,,,,,27.1943,r2_measured_03680,read,measured,,,,,0.6304,,ok,0.3308
8.2174,419,,,0.2575,,,,,,9.3846,r2_measured_03681,read,measured,,,,,0.5119,,ok,0.3358
8.057,419,,,0.2737,,,,,,9.2099,r2_measured_03682,read,measured,,,,,0.4897,,ok,0.3306
15.1328,689,,,0.6298,,,,,,16.9161,r2_measured_03683,read,measured,,,,,0.6972,,ok,0.3737
14.832,509,,,0.5204,,,,,,16.4715,r2_measured_03684,read,measured,,,,,0.6049,,ok,0.4386
11.1235,419,,,0.2664,,,,,,12.3432,r2_measured_03685,read,measured,,,,,0.5461,,ok,0.3453
11.5517,417,,,0.27,,,,,,12.6995,r2_measured_03686,read,measured,,,,,0.5009,,ok,0.3164
15.3169,681,,,0.6383,,,,,,17.1276,r2_measured_03687,read,measured,,,,,0.6773,,ok,0.4146
12.4916,675,,,0.6777,,,,,,14.2992,r2_measured_03688,read,measured,,,,,0.7113,,ok,0.3401
11.1089,507,,,0.553,,,,,,12.7089,r2_measured_03689,read,measured,,,,,0.6291,,ok,0.3467
76.1883,688,13.2206,4.7069,0.583,2.4784,1,4.7049,1,26.4059,77.8271,r2_measured_03690,update,measured,21.699,1.6388,1,12.2988,0.6565,21.7846,ok,0.3328
14.3121,567,,,0.4944,,,,,,15.8064,r2_measured_03691,read,measured,,,,,0.5878,,ok,0.3471
15.6437,567,,,0.5612,,,,,,17.2937,r2_measured_03692,read,measured,,,,,0.6371,,ok,0.3715
14.1822,675,,,0.5633,,,,,,15.7942,r2_measured_03693,read,measured,,,,,0.6243,,ok,0.3461
21.0911,663,,,0.6793,,,,,,23.2105,r2_measured_03694,read,measured,,,,,0.8981,,ok,0.4492
24.1021,680,,,0.5929,,,,,,25.8998,r2_measured_03695,read,measured,,,,,0.6841,,ok,0.4303
13.1695,568,,,0.5554,,,,,,14.9872,r2_measured_03696,read,measured,,,,,0.7589,,ok,0.4246
13.2077,628,,,0.4795,,,,,,14.7061,r2_measured_03697,read,measured,,,,,0.5987,,ok,0.3516
11.9298,662,,,0.6369,,,,,,13.6507,r2_measured_03698,read,measured,,,,,0.6365,,ok,0.3704
14.0223,681,,,0.6808,,,,,,16.1027,r2_measured_03699,read,measured,,,,,0.8399,,ok,0.466
76.5962,663,13.203,5.3437,0.5656,2.4919,1,5.3418,1,25.833,78.3715,r2_measured_03700,update,measured,20.4893,1.7753,1,11.9667,0.7504,23.1016,ok,0.3814
12.9661,688,,,0.6766,,,,,,14.7661,r2_measured_03701,read,measured,,,,,0.6733,,ok,0.3688
12.1446,680,,,0.5277,,,,,,13.716,r2_measured_03702,read,measured,,,,,0.603,,ok,0.3671
14.42,680,,,0.8623,,,,,,16.6268,r2_measured_03703,read,measured,,,,,0.8298,,ok,0.4177
15.8895,675,,,0.6048,,,,,,17.7238,r2_measured_03704,read,measured,,,,,0.7656,,ok,0.3807
69.9856,628,11.7451,4.3405,0.5763,2.1931,1,4.3385,1,21.4469,71.6577,r2_measured_03705,update,measured,17.1064,1.6721,1,14.3424,0.6686,20.2581,ok,0.3495
14.2786,680,,,0.6741,,,,,,16.1373,r2_measured_03706,read,measured,,,,,0.708,,ok,0.3905
17.1211,681,,,0.5592,,,,,,18.7395,r2_measured_03707,read,measured,,,,,0.6463,,ok,0.3367
18.5646,662,,,0.6056,,,,,,20.3424,r2_measured_03708,read,measured,,,,,0.721,,ok,0.3688
12.3974,368,,,0.2312,,,,,,13.4571,r2_measured_03709,read,measured,,,,,0.4591,,ok,0.3145
18.2539,679,,,0.5715,,,,,,19.8797,r2_measured_03710,read,measured,,,,,0.6276,,ok,0.351
12.2494,663,,,0.5119,,,,,,13.9091,r2_measured_03711,read,measured,,,,,0.6841,,ok,0.388
16.879,681,,,0.6355,,,,,,18.6635,r2_measured_03712,read,measured,,,,,0.6825,,ok,0.3819
12.6049,679,,,0.5783,,,,,,14.2021,r2_measured_03713,read,measured,,,,,0.6115,,ok,0.3403
8.2856,419,,,0.2764,,,,,,9.5371,r2_measured_03714,read,measured,,,,,0.5478,,ok,0.3642
8.4784,419,,,0.2513,,,,,,9.6927,r2_measured_03715,read,measured,,,,,0.5078,,ok,0.3891
13.5875,680,,,0.6333,,,,,,15.5209,r2_measured_03716,read,measured,,,,,0.7142,,ok,0.4949
17.1172,679,,,0.5082,,,,,,18.64,r2_measured_03717,read,measured,,,,,0.6074,,ok,0.3346
13.7441,663,,,0.6105,,,,,,15.5847,r2_measured_03718,read,measured,,,,,0.8091,,ok,0.3481
20.0093,508,,,0.4684,,,,,,21.4099,r2_measured_03719,read,measured,,,,,0.545,,ok,0.3152
8.7638,509,,,0.4165,,,,,,10.2352,r2_measured_03720,read,measured,,,,,0.6565,,ok,0.3348
12.2888,629,,,0.5531,,,,,,13.9046,r2_measured_03721,read,measured,,,,,0.6241,,ok,0.3601
12.0476,663,,,0.5021,,,,,,13.5908,r2_measured_03722,read,measured,,,,,0.6183,,ok,0.3516
8.628,369,,,0.2698,,,,,,9.8381,r2_measured_03723,read,measured,,,,,0.5307,,ok,0.3482
13.4959,681,,,0.6604,,,,,,15.4323,r2_measured_03724,read,measured,,,,,0.662,,ok,0.528
14.0862,509,,,0.4575,,,,,,15.6513,r2_measured_03725,read,measured,,,,,0.6901,,ok,0.3299
13.7313,689,,,0.6095,,,,,,15.3633,r2_measured_03726,read,measured,,,,,0.6044,,ok,0.3436
15.3468,681,,,0.6941,,,,,,17.2266,r2_measured_03727,read,measured,,,,,0.7142,,ok,0.3868
14.3242,509,,,0.5261,,,,,,15.8965,r2_measured_03728,read,measured,,,,,0.6316,,ok,0.3423
11.6677,509,,,0.5467,,,,,,13.2759,r2_measured_03729,read,measured,,,,,0.6571,,ok,0.3406
13.5957,679,,,0.6838,,,,,,15.4636,r2_measured_03730,read,measured,,,,,0.731,,ok,0.3725
10.1092,419,,,0.3532,,,,,,11.3744,r2_measured_03731,read,measured,,,,,0.5102,,ok,0.3446
17.3823,629,,,0.5778,,,,,,19.0861,r2_measured_03732,read,measured,,,,,0.6776,,ok,0.3631
15.4593,681,,,0.56,,,,,,17.1349,r2_measured_03733,read,measured,,,,,0.6583,,ok,0.3772
10.6298,418,,,0.3209,,,,,,11.9187,r2_measured_03734,read,measured,,,,,0.5505,,ok,0.3465
14.0569,681,,,0.6594,,,,,,15.9719,r2_measured_03735,read,measured,,,,,0.79,,ok,0.3827
14.5362,680,,,0.753,,,,,,16.5142,r2_measured_03736,read,measured,,,,,0.7428,,ok,0.3865
14.0805,681,,,0.5769,,,,,,15.8145,r2_measured_03737,read,measured,,,,,0.7293,,ok,0.3448
12.4033,628,,,0.6067,,,,,,14.1079,r2_measured_03738,read,measured,,,,,0.6539,,ok,0.3653
12.8785,663,,,0.5208,,,,,,14.4478,r2_measured_03739,read,measured,,,,,0.6568,,ok,0.3173
31.6324,369,,,0.2489,,,,,,32.8495,r2_measured_03740,read,measured,,,,,0.5506,,ok,0.3526
20.8709,628,,,0.5511,,,,,,22.4896,r2_measured_03741,read,measured,,,,,0.6221,,ok,0.3621
13.9284,681,,,0.5381,,,,,,15.592,r2_measured_03742,read,measured,,,,,0.6617,,ok,0.3876
9.2001,419,,,0.2376,,,,,,10.2752,r2_measured_03743,read,measured,,,,,0.4937,,ok,0.2963
78.4445,689,16.2573,5.6009,0.6143,3.3157,1,5.5992,1,33.2131,80.1953,r2_measured_03744,update,measured,27.6122,1.7508,1,0.006,0.7145,25.6524,ok,0.3412
22.4247,681,,,0.6401,,,,,,24.2553,r2_measured_03745,read,measured,,,,,0.7485,,ok,0.3588
9.9438,509,,,0.4049,,,,,,11.2769,r2_measured_03746,read,measured,,,,,0.5504,,ok,0.3139
16.4023,675,,,0.6828,,,,,,18.3837,r2_measured_03747,read,measured,,,,,0.7839,,ok,0.4274
13.5939,628,,,0.6235,,,,,,15.2668,r2_measured_03748,read,measured,,,,,0.6045,,ok,0.356
8.4891,419,,,0.2962,,,,,,9.6396,r2_measured_03749,read,measured,,,,,0.4793,,ok,0.3198
12.5132,680,,,0.6458,,,,,,14.3048,r2_measured_03750,read,measured,,,,,0.7107,,ok,0.3559
13.5399,679,,,0.6431,,,,,,15.4783,r2_measured_03751,read,measured,,,,,0.7862,,ok,0.4171
19.1446,681,,,0.6316,,,,,,20.8044,r2_measured_03752,read,measured,,,,,0.6102,,ok,0.3421
18.5207,680,,,0.8385,,,,,,20.8599,r2_measured_03753,read,measured,,,,,0.9024,,ok,0.482
17.0326,681,,,0.6987,,,,,,18.9257,r2_measured_03754,read,measured,,,,,0.728,,ok,0.381
13.704,688,,,0.6238,,,,,,15.4408,r2_measured_03755,read,measured,,,,,0.6628,,ok,0.3677
13.446,673,,,0.6684,,,,,,15.3376,r2_measured_03756,read,measured,,,,,0.6882,,ok,0.451
10.8531,568,,,0.5467,,,,,,12.4194,r2_measured_03757,read,measured,,,,,0.604,,ok,0.3465
17.9652,680,,,0.5866,,,,,,19.7808,r2_measured_03758,read,measured,,,,,0.7566,,ok,0.3873
14.8609,681,,,0.5978,,,,,,16.6559,r2_measured_03759,read,measured,,,,,0.73,,ok,0.3811
8.9632,419,,,0.3049,,,,,,10.2201,r2_measured_03760,read,measured,,,,,0.5594,,ok,0.3261
11.1393,567,,,0.533,,,,,,12.6781,r2_measured_03761,read,measured,,,,,0.5877,,ok,0.3471
11.5443,568,,,0.4757,,,,,,13.0678,r2_measured_03762,read,measured,,,,,0.5819,,ok,0.3972
10.4704,509,,,0.5014,,,,,,12.0488,r2_measured_03763,read,measured,,,,,0.6198,,ok,0.3843
13.2542,679,,,0.5818,,,,,,14.9707,r2_measured_03764,read,measured,,,,,0.7042,,ok,0.3557
13.106,680,,,0.7047,,,,,,15.0364,r2_measured_03765,read,measured,,,,,0.6969,,ok,0.4399
58.5331,680,13.6257,4.0053,0.531,2.4744,1,4.0025,1,21.99,60.1472,r2_measured_03766,update,measured,17.9847,1.6141,1,0.0063,0.6549,20.4367,ok,0.351
96.591,506,10.2847,9.4597,0.53,1.8185,1,9.4576,1,38.2764,98.0792,r2_measured_03767,update,measured,28.8167,1.4882,1,27.6824,0.5542,18.529,ok,0.3353
89.9372,507,12.4242,5.9556,0.5243,1.9742,1,5.9538,1,40.5637,91.4851,r2_measured_03768,update,measured,34.6081,1.5479,1,16.2593,0.5847,18.7158,ok,0.3661
14.2132,680,,,0.6319,,,,,,16.031,r2_measured_03769,read,measured,,,,,0.7247,,ok,0.3644
10.3602,509,,,0.5337,,,,,,11.9169,r2_measured_03770,read,measured,,,,,0.5992,,ok,0.3525
12.1529,680,,,0.5741,,,,,,14.2333,r2_measured_03771,read,measured,,,,,0.7206,,ok,0.7052
14.4734,663,,,0.6891,,,,,,16.2538,r2_measured_03772,read,measured,,,,,0.6451,,ok,0.3661
13.4451,663,,,0.6373,,,,,,15.1218,r2_measured_03773,read,measured,,,,,0.6232,,ok,0.3364
11.7245,568,,,0.5001,,,,,,13.238,r2_measured_03774,read,measured,,,,,0.6024,,ok,0.3363
10.6733,566,,,0.5398,,,,,,12.2003,r2_measured_03775,read,measured,,,,,0.563,,ok,0.3548
30.5162,680,,,0.5787,,,,,,32.2662,r2_measured_03776,read,measured,,,,,0.7041,,ok,0.379
22.6488,681,,,0.5452,,,,,,24.2624,r2_measured_03777,read,measured,,,,,0.669,,ok,0.3183
12.8466,680,,,0.5269,,,,,,14.4706,r2_measured_03778,read,measured,,,,,0.691,,ok,0.3272
17.461,675,,,0.666,,,,,,19.6864,r2_measured_03779,read,measured,,,,,1.0504,,ok,0.4198
14.8088,681,,,0.5083,,,,,,16.3481,r2_measured_03780,read,measured,,,,,0.6248,,ok,0.3321
15.8349,680,,,0.673,,,,,,17.8526,r2_measured_03781,read,measured,,,,,0.866,,ok,0.3868
71.573,568,12.2016,6.9951,0.4862,2.2555,0,6.9931,1,24.794,73.022,r2_measured_03782,update,measured,17.7989,1.449,1,11.8568,0.5482,20.4651,ok,0.3473
12.3018,681,,,0.6244,,,,,,14.0621,r2_measured_03783,read,measured,,,,,0.7031,,ok,0.3568
21.9654,680,,,0.5454,,,,,,23.5502,r2_measured_03784,read,measured,,,,,0.6256,,ok,0.3326
11.4612,509,,,0.6182,,,,,,13.176,r2_measured_03785,read,measured,,,,,0.6124,,ok,0.4049
13.2463,663,,,0.6124,,,,,,14.9898,r2_measured_03786,read,measured,,,,,0.6743,,ok,0.3756
14.4911,681,,,0.5601,,,,,,16.2177,r2_measured_03787,read,measured,,,,,0.7343,,ok,0.3445
11.3811,628,,,0.5886,,,,,,13.1184,r2_measured_03788,read,measured,,,,,0.7084,,ok,0.3657
13.9575,680,,,0.5574,,,,,,15.5715,r2_measured_03789,read,measured,,,,,0.6438,,ok,0.3434
12.6423,680,,,0.5661,,,,,,14.2658,r2_measured_03790,read,measured,,,,,0.6549,,ok,0.3251
11.5193,508,,,0.4643,,,,,,12.8522,r2_measured_03791,read,measured,,,,,0.4978,,ok,0.3119
7.7001,368,,,0.2367,,,,,,8.7991,r2_measured_03792,read,measured,,,,,0.4842,,ok,0.3195
16.9157,680,,,0.5557,,,,,,18.6136,r2_measured_03793,read,measured,,,,,0.7053,,ok,0.3552
12.8297,680,,,0.6154,,,,,,14.8201,r2_measured_03794,read,measured,,,,,0.6739,,ok,0.6154
9.6585,419,,,0.3436,,,,,,11.0586,r2_measured_03795,read,measured,,,,,0.603,,ok,0.3809
14.4792,689,,,0.5881,,,,,,16.1836,r2_measured_03796,read,measured,,,,,0.6564,,ok,0.3825
9.235,419,,,0.3096,,,,,,10.5903,r2_measured_03797,read,measured,,,,,0.5769,,ok,0.394
13.02,680,,,0.4809,,,,,,14.6669,r2_measured_03798,read,measured,,,,,0.7759,,ok,0.3201
14.8643,568,,,0.5143,,,,,,16.4399,r2_measured_03799,read,measured,,,,,0.669,,ok,0.329
18.438,680,,,0.6625,,,,,,20.4506,r2_measured_03800,read,measured,,,,,0.7935,,ok,0.4612
18.9652,509,,,0.467,,,,,,20.426,r2_measured_03801,read,measured,,,,,0.6046,,ok,0.3214
13.686,679,,,0.5595,,,,,,15.3971,r2_measured_03802,read,measured,,,,,0.704,,ok,0.3665
12.8716,508,,,0.4362,,,,,,14.3707,r2_measured_03803,read,measured,,,,,0.6517,,ok,0.3411
16.2586,689,,,0.6179,,,,,,17.9196,r2_measured_03804,read,measured,,,,,0.617,,ok,0.3474
13.0348,568,,,0.6574,,,,,,14.8371,r2_measured_03805,read,measured,,,,,0.679,,ok,0.3801
16.0935,567,,,0.5536,,,,,,17.6727,r2_measured_03806,read,measured,,,,,0.5911,,ok,0.3601
11.1556,509,,,0.5466,,,,,,12.7823,r2_measured_03807,read,measured,,,,,0.6261,,ok,0.371
15.9635,675,,,0.6484,,,,,,18.0432,r2_measured_03808,read,measured,,,,,0.8078,,ok,0.523
18.476,687,,,0.796,,,,,,20.6957,r2_measured_03809,read,measured,,,,,0.9259,,ok,0.3997
12.5911,568,,,0.5682,,,,,,14.3076,r2_measured_03810,read,measured,,,,,0.6643,,ok,0.402
13.6064,689,,,0.6528,,,,,,15.4759,r2_measured_03811,read,measured,,,,,0.7685,,ok,0.3597
8.3281,369,,,0.2723,,,,,,9.3568,r2_measured_03812,read,measured,,,,,0.3552,,ok,0.3393
12.41,689,,,0.5836,,,,,,14.1941,r2_measured_03813,read,measured,,,,,0.732,,ok,0.384
13.546,680,,,0.5662,,,,,,15.27,r2_measured_03814,read,measured,,,,,0.7106,,ok,0.3638
12.8944,680,,,0.5566,,,,,,14.5378,r2_measured_03815,read,measured,,,,,0.6591,,ok,0.3518
12.9102,674,,,0.6127,,,,,,14.7478,r2_measured_03816,read,measured,,,,,0.7671,,ok,0.3684
12.5671,628,,,0.5421,,,,,,14.2475,r2_measured_03817,read,measured,,,,,0.6999,,ok,0.3612
13.049,689,,,0.6279,,,,,,14.9873,r2_measured_03818,read,measured,,,,,0.6976,,ok,0.511
13.213,681,,,0.6202,,,,,,14.9,r2_measured_03819,read,measured,,,,,0.6341,,ok,0.3505
15.9039,626,,,0.5868,,,,,,17.7386,r2_measured_03820,read,measured,,,,,0.8067,,ok,0.3614
16.2256,689,,,0.6376,,,,,,18.0845,r2_measured_03821,read,measured,,,,,0.7374,,ok,0.3947
14.5348,681,,,0.6315,,,,,,16.4653,r2_measured_03822,read,measured,,,,,0.8297,,ok,0.3842
71.5509,567,15.1816,8.0918,0.6846,1.9682,1,8.0894,1,32.31,73.4177,r2_measured_03823,update,measured,24.2182,1.8668,1,0.0056,0.6641,22.0855,ok,0.4327
12.7648,509,,,0.6019,,,,,,14.4563,r2_measured_03824,read,measured,,,,,0.6492,,ok,0.3686
86.7471,675,12.8545,7.9656,0.5622,2.3727,0,7.9635,1,36.0726,88.3415,r2_measured_03825,update,measured,28.107,1.5944,1,14.6585,0.6052,20.7888,ok,0.3463
15.0633,663,,,0.6242,,,,,,16.8455,r2_measured_03826,read,measured,,,,,0.6308,,ok,0.4405
14.8994,509,,,0.5091,,,,,,16.3865,r2_measured_03827,read,measured,,,,,0.5654,,ok,0.3422
10.827,566,,,0.5029,,,,,,12.4633,r2_measured_03828,read,measured,,,,,0.6524,,ok,0.4009
9.1296,419,,,0.2986,,,,,,10.3617,r2_measured_03829,read,measured,,,,,0.5358,,ok,0.3345
20.5801,680,,,0.5758,,,,,,22.2325,r2_measured_03830,read,measured,,,,,0.6512,,ok,0.3485
8.8907,419,,,0.3088,,,,,,10.1792,r2_measured_03831,read,measured,,,,,0.586,,ok,0.3275
9.1597,418,,,0.265,,,,,,10.3233,r2_measured_03832,read,measured,,,,,0.4985,,ok,0.3389
16.7705,679,,,0.6431,,,,,,18.6697,r2_measured_03833,read,measured,,,,,0.7601,,ok,0.4049
14.926,681,,,0.6266,,,,,,16.7535,r2_measured_03834,read,measured,,,,,0.6858,,ok,0.3982
13.4005,680,,,0.4821,,,,,,14.927,r2_measured_03835,read,measured,,,,,0.6347,,ok,0.3335
14.2455,663,,,0.6117,,,,,,16.0332,r2_measured_03836,read,measured,,,,,0.6959,,ok,0.3955
20.1368,675,,,0.5738,,,,,,21.8463,r2_measured_03837,read,measured,,,,,0.6883,,ok,0.3629
18.5153,628,,,0.6296,,,,,,20.2912,r2_measured_03838,read,measured,,,,,0.6546,,ok,0.4119
15.3666,680,,,0.5221,,,,,,17.0004,r2_measured_03839,read,measured,,,,,0.6764,,ok,0.3441
13.5375,629,,,0.6054,,,,,,15.2591,r2_measured_03840,read,measured,,,,,0.6949,,ok,0.3449
16.3658,626,,,0.6061,,,,,,18.1379,r2_measured_03841,read,measured,,,,,0.7169,,ok,0.3648
19.4028,663,,,0.6373,,,,,,21.1754,r2_measured_03842,read,measured,,,,,0.6241,,ok,0.4286
16.219,681,,,0.9925,,,,,,18.394,r2_measured_03843,read,measured,,,,,0.7359,,ok,0.3627
20.3499,679,,,0.4758,,,,,,21.8703,r2_measured_03844,read,measured,,,,,0.6573,,ok,0.314
13.4391,567,,,0.4661,,,,,,14.922,r2_measured_03845,read,measured,,,,,0.6151,,ok,0.3299
16.1027,689,,,0.5109,,,,,,17.7157,r2_measured_03846,read,measured,,,,,0.7061,,ok,0.322
11.1235,509,,,0.5405,,,,,,12.7951,r2_measured_03847,read,measured,,,,,0.6305,,ok,0.4226
15.5218,689,,,0.5341,,,,,,17.1781,r2_measured_03848,read,measured,,,,,0.677,,ok,0.3696
9.7714,419,,,0.4185,,,,,,11.1891,r2_measured_03849,read,measured,,,,,0.5804,,ok,0.3475
10.6073,508,,,0.4983,,,,,,12.2204,r2_measured_03850,read,measured,,,,,0.649,,ok,0.3916
16.9627,629,,,0.5838,,,,,,18.6573,r2_measured_03851,read,measured,,,,,0.6865,,ok,0.3495
10.6639,419,,,0.2635,,,,,,11.8878,r2_measured_03852,read,measured,,,,,0.5807,,ok,0.3196
12.424,567,,,0.5519,,,,,,14.0219,r2_measured_03853,read,measured,,,,,0.6122,,ok,0.3592
15.9777,509,,,0.4579,,,,,,17.3806,r2_measured_03854,read,measured,,,,,0.5515,,ok,0.325
15.5716,680,,,0.5553,,,,,,17.2085,r2_measured_03855,read,measured,,,,,0.646,,ok,0.357
14.5138,681,,,0.6362,,,,,,16.3993,r2_measured_03856,read,measured,,,,,0.7886,,ok,0.3779
86.1822,509,10.2759,8.7772,0.4972,1.8182,0,8.775,1,32.183,87.7715,r2_measured_03857,update,measured,23.4058,1.5893,1,24.3514,0.6602,17.5537,ok,0.3548
13.8517,689,,,0.6372,,,,,,15.651,r2_measured_03858,read,measured,,,,,0.7227,,ok,0.3522
13.0468,680,,,0.6511,,,,,,14.8736,r2_measured_03859,read,measured,,,,,0.6962,,ok,0.3957
22.7397,663,,,0.6582,,,,,,24.4772,r2_measured_03860,read,measured,,,,,0.649,,ok,0.3561
9.2903,507,,,0.5502,,,,,,10.8648,r2_measured_03861,read,measured,,,,,0.5965,,ok,0.3567
16.518,628,,,0.6771,,,,,,18.3907,r2_measured_03862,read,measured,,,,,0.7153,,ok,0.3947
14.1346,680,,,0.8052,,,,,,16.1117,r2_measured_03863,read,measured,,,,,0.6915,,ok,0.3881
13.373,680,,,0.5215,,,,,,15.0204,r2_measured_03864,read,measured,,,,,0.6879,,ok,0.3588
12.6622,680,,,0.6433,,,,,,14.4005,r2_measured_03865,read,measured,,,,,0.6475,,ok,0.3647
84.0824,628,12.8703,7.5801,0.5639,2.5846,1,7.5782,1,32.0495,85.7804,r2_measured_03866,update,measured,24.4694,1.698,1,14.1729,0.6463,22.4051,ok,0.4072
10.583,567,,,0.4598,,,,,,12.0066,r2_measured_03867,read,measured,,,,,0.5608,,ok,0.3347
10.1131,509,,,0.413,,,,,,11.5185,r2_measured_03868,read,measured,,,,,0.6106,,ok,0.3137
8.8602,418,,,0.2868,,,,,,10.1235,r2_measured_03869,read,measured,,,,,0.5692,,ok,0.3456
13.1438,689,,,0.6279,,,,,,14.9973,r2_measured_03870,read,measured,,,,,0.7512,,ok,0.3913
14.7344,680,,,0.7412,,,,,,16.6428,r2_measured_03871,read,measured,,,,,0.7012,,ok,0.3808
11.3728,566,,,0.6019,,,,,,13.1474,r2_measured_03872,read,measured,,,,,0.6867,,ok,0.4062
12.2544,568,,,0.5407,,,,,,13.8798,r2_measured_03873,read,measured,,,,,0.6251,,ok,0.3864
10.1954,509,,,0.4108,,,,,,11.5605,r2_measured_03874,read,measured,,,,,0.5727,,ok,0.3173
11.2614,628,,,0.6303,,,,,,13.1449,r2_measured_03875,read,measured,,,,,0.7707,,ok,0.3986
8.76,419,,,0.2807,,,,,,10.005,r2_measured_03876,read,measured,,,,,0.5439,,ok,0.3541
8.3926,369,,,0.2236,,,,,,9.4851,r2_measured_03877,read,measured,,,,,0.4887,,ok,0.3251
13.0797,679,,,0.6666,,,,,,14.863,r2_measured_03878,read,measured,,,,,0.6749,,ok,0.3573
13.3953,680,,,0.5929,,,,,,15.078,r2_measured_03879,read,measured,,,,,0.6464,,ok,0.363
13.2809,663,,,0.6884,,,,,,15.1914,r2_measured_03880,read,measured,,,,,0.6683,,ok,0.4594
13.3169,509,,,0.4955,,,,,,14.7691,r2_measured_03881,read,measured,,,,,0.5637,,ok,0.3243
13.4043,628,,,0.6407,,,,,,15.1615,r2_measured_03882,read,measured,,,,,0.6511,,ok,0.3877
13.5929,674,,,0.5906,,,,,,15.2525,r2_measured_03883,read,measured,,,,,0.6577,,ok,0.3313
14.4183,663,,,0.7435,,,,,,16.2165,r2_measured_03884,read,measured,,,,,0.614,,ok,0.3572
18.1689,680,,,0.6799,,,,,,20.1302,r2_measured_03885,read,measured,,,,,0.7551,,ok,0.4335
10.0733,369,,,0.2452,,,,,,11.2992,r2_measured_03886,read,measured,,,,,0.5592,,ok,0.3453
14.9583,679,,,0.6353,,,,,,16.8359,r2_measured_03887,read,measured,,,,,0.7199,,ok,0.4357
14.367,675,,,0.6328,,,,,,16.2588,r2_measured_03888,read,measured,,,,,0.7703,,ok,0.4014
16.5573,689,,,0.6624,,,,,,18.4054,r2_measured_03889,read,measured,,,,,0.6962,,ok,0.3978
63.903,680,14.2912,3.5438,0.6878,2.4825,0,3.5417,1,25.6089,65.8667,r2_measured_03890,update,measured,22.0651,1.9637,1,0.006,0.7655,21.5144,ok,0.407
15.1415,680,,,0.6409,,,,,,17.0701,r2_measured_03891,read,measured,,,,,0.7911,,ok,0.4101
97.3838,663,14.0931,5.3473,0.605,2.557,1,5.3456,1,28.2157,99.157,r2_measured_03892,update,measured,22.8684,1.7732,1,27.5518,0.7153,24.9662,ok,0.3718
14.3043,681,,,0.6578,,,,,,16.2224,r2_measured_03893,read,measured,,,,,0.7712,,ok,0.4015
15.3536,663,,,0.5714,,,,,,17.095,r2_measured_03894,read,measured,,,,,0.7149,,ok,0.3719
17.5938,680,,,0.7002,,,,,,19.5823,r2_measured_03895,read,measured,,,,,0.7701,,ok,0.4193
19.9058,680,,,0.6481,,,,,,21.7234,r2_measured_03896,read,measured,,,,,0.6939,,ok,0.3857
10.8112,419,,,0.2668,,,,,,12.051,r2_measured_03897,read,measured,,,,,0.5388,,ok,0.3657
15.2521,681,,,0.7019,,,,,,17.1249,r2_measured_03898,read,measured,,,,,0.6909,,ok,0.3976
16.7953,628,,,0.6668,,,,,,18.773,r2_measured_03899,read,measured,,,,,0.8472,,ok,0.3801
13.8452,663,,,0.6122,,,,,,15.6521,r2_measured_03900,read,measured,,,,,0.7051,,ok,0.4062
13.3497,628,,,0.6334,,,,,,15.2145,r2_measured_03901,read,measured,,,,,0.7423,,ok,0.4
9.9815,369,,,0.2553,,,,,,11.2655,r2_measured_03902,read,measured,,,,,0.5679,,ok,0.3973
20.2089,629,,,0.6514,,,,,,21.9417,r2_measured_03903,read,measured,,,,,0.6469,,ok,0.357
15.494,681,,,0.7747,,,,,,17.6059,r2_measured_03904,read,measured,,,,,0.8031,,ok,0.4398
14.6145,509,,,0.5756,,,,,,16.3319,r2_measured_03905,read,measured,,,,,0.6517,,ok,0.416
14.4084,663,,,0.4898,,,,,,15.9604,r2_measured_03906,read,measured,,,,,0.6617,,ok,0.327
13.1297,663,,,0.543,,,,,,14.8139,r2_measured_03907,read,measured,,,,,0.7067,,ok,0.3554
13.3807,417,,,0.2937,,,,,,14.6592,r2_measured_03908,read,measured,,,,,0.5363,,ok,0.3785
12.8296,568,,,0.6178,,,,,,14.678,r2_measured_03909,read,measured,,,,,0.7299,,ok,0.4197
29.6751,675,,,0.6975,,,,,,31.6309,r2_measured_03910,read,measured,,,,,0.7646,,ok,0.398
16.595,663,,,0.6368,,,,,,18.3306,r2_measured_03911,read,measured,,,,,0.6517,,ok,0.3677
12.5317,688,,,0.7784,,,,,,14.4965,r2_measured_03912,read,measured,,,,,0.7265,,ok,0.3679
21.13,680,,,0.7426,,,,,,23.3996,r2_measured_03913,read,measured,,,,,0.9384,,ok,0.484
13.3399,417,,,0.3345,,,,,,14.8676,r2_measured_03914,read,measured,,,,,0.6833,,ok,0.4339
15.8222,663,,,0.6915,,,,,,17.8551,r2_measured_03915,read,measured,,,,,0.8091,,ok,0.4321
10.3658,418,,,0.355,,,,,,11.8474,r2_measured_03916,read,measured,,,,,0.6071,,ok,0.4412
13.8281,689,,,0.5351,,,,,,15.5313,r2_measured_03917,read,measured,,,,,0.7385,,ok,0.3507
10.8083,568,,,0.5882,,,,,,12.5515,r2_measured_03918,read,measured,,,,,0.7032,,ok,0.3737
13.7038,680,,,0.5528,,,,,,15.3615,r2_measured_03919,read,measured,,,,,0.6685,,ok,0.3552
13.7332,689,,,0.6141,,,,,,15.5734,r2_measured_03920,read,measured,,,,,0.7487,,ok,0.3932
15.9464,507,,,0.4949,,,,,,17.4912,r2_measured_03921,read,measured,,,,,0.5903,,ok,0.3848
8.0122,369,,,0.2297,,,,,,9.2105,r2_measured_03922,read,measured,,,,,0.6001,,ok,0.314
21.5943,663,,,0.5188,,,,,,23.1684,r2_measured_03923,read,measured,,,,,0.6647,,ok,0.3154
12.7761,680,,,0.617,,,,,,14.4983,r2_measured_03924,read,measured,,,,,0.6272,,ok,0.4
17.513,673,,,0.557,,,,,,19.2233,r2_measured_03925,read,measured,,,,,0.7017,,ok,0.3714
14.2706,687,,,0.5553,,,,,,15.9095,r2_measured_03926,read,measured,,,,,0.6537,,ok,0.3493
13.0648,689,,,0.5503,,,,,,14.6945,r2_measured_03927,read,measured,,,,,0.6765,,ok,0.3218
13.3966,680,,,0.6722,,,,,,15.3856,r2_measured_03928,read,measured,,,,,0.7938,,ok,0.4347
15.5238,689,,,0.5632,,,,,,17.2865,r2_measured_03929,read,measured,,,,,0.7447,,ok,0.3738
12.0322,629,,,0.5643,,,,,,13.6234,r2_measured_03930,read,measured,,,,,0.6297,,ok,0.328
14.1094,681,,,0.5478,,,,,,15.8666,r2_measured_03931,read,measured,,,,,0.7772,,ok,0.356
13.5751,689,,,0.6308,,,,,,15.463,r2_measured_03932,read,measured,,,,,0.7868,,ok,0.3867
13.0955,567,,,0.6369,,,,,,14.9205,r2_measured_03933,read,measured,,,,,0.7132,,ok,0.3924
13.0408,629,,,0.5642,,,,,,15.0217,r2_measured_03934,read,measured,,,,,0.7514,,ok,0.5036
12.6425,568,,,0.5606,,,,,,14.3591,r2_measured_03935,read,measured,,,,,0.6904,,ok,0.3795
14.8155,628,,,0.5763,,,,,,16.5488,r2_measured_03936,read,measured,,,,,0.6835,,ok,0.3962
10.7601,419,,,0.6191,,,,,,12.54,r2_measured_03937,read,measured,,,,,0.6426,,ok,0.4427
16.9591,688,,,0.7507,,,,,,19.0354,r2_measured_03938,read,measured,,,,,0.8402,,ok,0.4006
11.7212,508,,,0.441,,,,,,13.263,r2_measured_03939,read,measured,,,,,0.6385,,ok,0.388
8.7976,369,,,0.2795,,,,,,10.1289,r2_measured_03940,read,measured,,,,,0.5934,,ok,0.3853
9.189,369,,,0.2534,,,,,,10.416,r2_measured_03941,read,measured,,,,,0.5564,,ok,0.3561
17.088,628,,,0.6437,,,,,,18.921,r2_measured_03942,read,measured,,,,,0.6917,,ok,0.4104
8.8671,369,,,0.2583,,,,,,10.1515,r2_measured_03943,read,measured,,,,,0.5363,,ok,0.4236
12.5168,629,,,0.6401,,,,,,14.2917,r2_measured_03944,read,measured,,,,,0.6581,,ok,0.3966
11.7658,369,,,0.3462,,,,,,13.0605,r2_measured_03945,read,measured,,,,,0.5285,,ok,0.3505
14.4789,675,,,0.6212,,,,,,16.1256,r2_measured_03946,read,measured,,,,,0.6108,,ok,0.3394
15.5334,689,,,0.7239,,,,,,17.7668,r2_measured_03947,read,measured,,,,,0.9624,,ok,0.4461
14.5671,508,,,0.5097,,,,,,16.3003,r2_measured_03948,read,measured,,,,,0.7452,,ok,0.3959
12.1469,568,,,0.6668,,,,,,13.9807,r2_measured_03949,read,measured,,,,,0.6749,,ok,0.3981
15.6653,689,,,0.7701,,,,,,17.7899,r2_measured_03950,read,measured,,,,,0.8739,,ok,0.3891
14.3634,626,,,0.6497,,,,,,16.2039,r2_measured_03951,read,measured,,,,,0.7461,,ok,0.359
14.615,568,,,0.5135,,,,,,16.324,r2_measured_03952,read,measured,,,,,0.7049,,ok,0.4021
12.3659,568,,,0.5899,,,,,,14.1672,r2_measured_03953,read,measured,,,,,0.7124,,ok,0.4115
13.8457,679,,,0.5909,,,,,,15.601,r2_measured_03954,read,measured,,,,,0.6934,,ok,0.3786
8.4385,369,,,0.2498,,,,,,9.6764,r2_measured_03955,read,measured,,,,,0.4966,,ok,0.3689
13.3808,689,,,0.6173,,,,,,15.112,r2_measured_03956,read,measured,,,,,0.6421,,ok,0.388
11.0626,568,,,0.5546,,,,,,12.9361,r2_measured_03957,read,measured,,,,,0.8206,,ok,0.4179
14.1566,663,,,0.7719,,,,,,16.2553,r2_measured_03958,read,measured,,,,,0.8607,,ok,0.373
11.0828,508,,,0.5312,,,,,,12.6303,r2_measured_03959,read,measured,,,,,0.5762,,ok,0.3686
18.8255,689,,,0.601,,,,,,20.6114,r2_measured_03960,read,measured,,,,,0.7344,,ok,0.3647
11.6156,418,,,0.2917,,,,,,12.8891,r2_measured_03961,read,measured,,,,,0.5661,,ok,0.3498
12.9298,419,,,0.3836,,,,,,14.4764,r2_measured_03962,read,measured,,,,,0.6537,,ok,0.4341
11.1042,419,,,0.2971,,,,,,12.4347,r2_measured_03963,read,measured,,,,,0.5663,,ok,0.3882
15.3876,629,,,0.6132,,,,,,17.1988,r2_measured_03964,read,measured,,,,,0.7342,,ok,0.3792
14.1438,628,,,0.6429,,,,,,15.956,r2_measured_03965,read,measured,,,,,0.713,,ok,0.3698
14.0114,688,,,0.6481,,,,,,15.866,r2_measured_03966,read,measured,,,,,0.7081,,ok,0.4073
10.3861,419,,,0.3388,,,,,,11.7731,r2_measured_03967,read,measured,,,,,0.6022,,ok,0.3784
11.5337,509,,,0.4922,,,,,,13.1067,r2_measured_03968,read,measured,,,,,0.6227,,ok,0.3864
12.1304,663,,,0.6737,,,,,,14.0348,r2_measured_03969,read,measured,,,,,0.8095,,ok,0.337
14.0487,663,,,0.7189,,,,,,16.007,r2_measured_03970,read,measured,,,,,0.7167,,ok,0.4305
15.8165,689,,,0.7225,,,,,,17.7701,r2_measured_03971,read,measured,,,,,0.7484,,ok,0.3897
59.7896,663,,,0.597,,,,,,61.5238,r2_measured_03972,read,measured,,,,,0.6831,,ok,0.3714
10.6564,568,,,0.6369,,,,,,12.6425,r2_measured_03973,read,measured,,,,,0.8085,,ok,0.4456
17.1043,507,,,0.5239,,,,,,18.6784,r2_measured_03974,read,measured,,,,,0.5902,,ok,0.3799
12.8676,663,,,0.6139,,,,,,14.6728,r2_measured_03975,read,measured,,,,,0.7324,,ok,0.3656
13.4112,681,,,0.8133,,,,,,15.572,r2_measured_03976,read,measured,,,,,0.8426,,ok,0.4023
14.9763,675,,,0.6526,,,,,,16.8821,r2_measured_03977,read,measured,,,,,0.7756,,ok,0.3833
14.5762,509,,,0.4671,,,,,,16.0629,r2_measured_03978,read,measured,,,,,0.6,,ok,0.3447
12.5111,629,,,0.5938,,,,,,14.2915,r2_measured_03979,read,measured,,,,,0.7426,,ok,0.3517
17.5054,675,,,0.7649,,,,,,19.6477,r2_measured_03980,read,measured,,,,,0.804,,ok,0.4523
15.8073,687,,,0.7512,,,,,,17.9057,r2_measured_03981,read,measured,,,,,0.851,,ok,0.3997
16.7491,689,,,0.6365,,,,,,18.6504,r2_measured_03982,read,measured,,,,,0.8029,,ok,0.3691
15.2652,675,,,0.6688,,,,,,17.1139,r2_measured_03983,read,measured,,,,,0.7493,,ok,0.3451
8.3113,369,,,0.3721,,,,,,9.6417,r2_measured_03984,read,measured,,,,,0.4938,,ok,0.3994
15.7457,663,,,0.7806,,,,,,18.1153,r2_measured_03985,read,measured,,,,,0.9756,,ok,0.4943
16.4088,663,,,0.6971,,,,,,18.3521,r2_measured_03986,read,measured,,,,,0.7351,,ok,0.4157
13.618,567,,,0.641,,,,,,15.4298,r2_measured_03987,read,measured,,,,,0.702,,ok,0.3822
17.6502,680,,,0.6995,,,,,,19.6183,r2_measured_03988,read,measured,,,,,0.7488,,ok,0.424
13.1602,568,,,0.6196,,,,,,14.9736,r2_measured_03989,read,measured,,,,,0.71,,ok,0.3944
10.7933,509,,,0.5028,,,,,,12.4036,r2_measured_03990,read,measured,,,,,0.6391,,ok,0.391
13.0129,568,,,0.6771,,,,,,14.9246,r2_measured_03991,read,measured,,,,,0.7306,,ok,0.4081
13.6459,628,,,0.6446,,,,,,15.6435,r2_measured_03992,read,measured,,,,,0.8507,,ok,0.412
84.7408,567,15.3313,6.4708,0.6761,2.2415,1,6.4686,1,30.2508,86.643,r2_measured_03993,update,measured,23.78,1.9022,1,13.1055,0.7079,23.8117,ok,0.4231
9.7427,419,,,0.2765,,,,,,11.0086,r2_measured_03994,read,measured,,,,,0.5635,,ok,0.3615
12.4698,629,,,0.6217,,,,,,14.3099,r2_measured_03995,read,measured,,,,,0.782,,ok,0.3641
10.9355,509,,,0.5026,,,,,,12.5955,r2_measured_03996,read,measured,,,,,0.7582,,ok,0.332
11.7723,628,,,0.832,,,,,,14.0676,r2_measured_03997,read,measured,,,,,0.8377,,ok,0.5333
15.1156,568,,,0.6099,,,,,,16.8655,r2_measured_03998,read,measured,,,,,0.6603,,ok,0.396
10.2262,417,,,0.2842,,,,,,11.5124,r2_measured_03999,read,measured,,,,,0.5758,,ok,0.3645
13.4363,681,,,0.6087,,,,,,15.2568,r2_measured_04000,read,measured,,,,,0.762,,ok,0.3688
12.4125,675,,,0.6346,,,,,,14.0752,r2_measured_04001,read,measured,,,,,0.6239,,ok,0.3271
19.4741,628,,,0.6999,,,,,,21.4558,r2_measured_04002,read,measured,,,,,0.7842,,ok,0.4073
15.9777,629,,,0.5055,,,,,,17.6136,r2_measured_04003,read,measured,,,,,0.6374,,ok,0.417
13.5649,629,,,0.5921,,,,,,15.1656,r2_measured_04004,read,measured,,,,,0.6175,,ok,0.3192
20.593,689,,,1.7212,,,,,,25.867,r2_measured_04005,read,measured,,,,,2.212,,ok,1.0411
21.0461,681,,,0.6552,,,,,,23.0279,r2_measured_04006,read,measured,,,,,0.7414,,ok,0.4672
12.2281,662,,,0.6148,,,,,,13.9155,r2_measured_04007,read,measured,,,,,0.6187,,ok,0.3723
84.0243,568,10.9167,5.0592,0.5084,2.0685,1,5.0568,1,34.7754,85.473,r2_measured_04008,update,measured,29.7162,1.4487,1,15.5907,0.5306,20.673,ok,0.3444
13.3541,675,,,0.8692,,,,,,15.6003,r2_measured_04009,read,measured,,,,,0.7211,,ok,0.5482
15.8497,568,,,0.62,,,,,,17.6533,r2_measured_04010,read,measured,,,,,0.7429,,ok,0.3633
15.6482,680,,,0.6062,,,,,,17.3802,r2_measured_04011,read,measured,,,,,0.6726,,ok,0.3684
14.3564,689,,,0.5876,,,,,,16.0223,r2_measured_04012,read,measured,,,,,0.6597,,ok,0.34
15.0958,680,,,0.5775,,,,,,16.9852,r2_measured_04013,read,measured,,,,,0.8572,,ok,0.3647
15.6239,628,,,0.6625,,,,,,17.5693,r2_measured_04014,read,measured,,,,,0.7863,,ok,0.4176
19.12,418,,,0.2727,,,,,,20.456,r2_measured_04015,read,measured,,,,,0.57,,ok,0.4254
14.9908,680,,,0.6425,,,,,,16.8553,r2_measured_04016,read,measured,,,,,0.7453,,ok,0.3865
13.6181,568,,,0.5841,,,,,,15.5035,r2_measured_04017,read,measured,,,,,0.8089,,ok,0.4076
15.5595,628,,,0.6201,,,,,,17.35,r2_measured_04018,read,measured,,,,,0.6968,,ok,0.3907
13.6674,628,,,0.5912,,,,,,15.433,r2_measured_04019,read,measured,,,,,0.7178,,ok,0.3623
13.7502,674,,,0.5644,,,,,,15.5494,r2_measured_04020,read,measured,,,,,0.7908,,ok,0.3654
13.7136,689,,,0.6169,,,,,,15.5252,r2_measured_04021,read,measured,,,,,0.7447,,ok,0.3612
14.0212,688,,,0.6785,,,,,,15.8743,r2_measured_04022,read,measured,,,,,0.7093,,ok,0.3805
11.2046,568,,,0.5305,,,,,,12.7725,r2_measured_04023,read,measured,,,,,0.6174,,ok,0.3497
11.9192,509,,,0.5232,,,,,,13.6275,r2_measured_04024,read,measured,,,,,0.6527,,ok,0.4497
14.9596,681,,,0.5928,,,,,,16.7536,r2_measured_04025,read,measured,,,,,0.722,,ok,0.3932
18.2783,679,,,0.5759,,,,,,19.9665,r2_measured_04026,read,measured,,,,,0.6539,,ok,0.3747
13.9933,568,,,0.52,,,,,,15.5716,r2_measured_04027,read,measured,,,,,0.6193,,ok,0.3652
10.3055,509,,,0.5757,,,,,,12.0653,r2_measured_04028,read,measured,,,,,0.6303,,ok,0.469
73.7365,418,10.5584,6.1336,0.3898,1.5843,0,6.1313,1,33.2694,75.3534,r2_measured_04029,update,measured,27.1358,1.6169,1,12.6872,0.6767,15.6372,ok,0.466
15.8439,419,,,0.2829,,,,,,17.2149,r2_measured_04030,read,measured,,,,,0.6354,,ok,0.3829
12.9457,663,,,0.6075,,,,,,14.795,r2_measured_04031,read,measured,,,,,0.6634,,ok,0.477
13.9832,681,,,0.8098,,,,,,15.923,r2_measured_04032,read,measured,,,,,0.7158,,ok,0.3294
10.0815,507,,,0.5285,,,,,,11.6205,r2_measured_04033,read,measured,,,,,0.578,,ok,0.3592
12.9983,568,,,0.6328,,,,,,14.6191,r2_measured_04034,read,measured,,,,,0.5527,,ok,0.3668
103.4623,674,13.0409,6.4168,0.55,2.6274,1,6.4138,1,25.2912,105.0514,r2_measured_04035,update,measured,18.8744,1.5891,1,31.0957,0.6419,31.4071,ok,0.3263
13.0448,681,,,0.5701,,,,,,14.7747,r2_measured_04036,read,measured,,,,,0.672,,ok,0.3964
10.653,419,,,0.2842,,,,,,11.8994,r2_measured_04037,read,measured,,,,,0.5201,,ok,0.3777
13.5942,663,,,0.5408,,,,,,15.2925,r2_measured_04038,read,measured,,,,,0.7271,,ok,0.3487
12.7772,628,,,0.5493,,,,,,14.3901,r2_measured_04039,read,measured,,,,,0.5987,,ok,0.3912
15.4226,680,,,0.6662,,,,,,17.4629,r2_measured_04040,read,measured,,,,,0.7565,,ok,0.5068
11.8464,568,,,0.562,,,,,,13.5532,r2_measured_04041,read,measured,,,,,0.7003,,ok,0.3698
7.7099,369,,,0.2319,,,,,,8.8462,r2_measured_04042,read,measured,,,,,0.5111,,ok,0.3363
13.5072,680,,,0.7352,,,,,,15.3998,r2_measured_04043,read,measured,,,,,0.6828,,ok,0.389
12.0722,568,,,0.616,,,,,,13.8341,r2_measured_04044,read,measured,,,,,0.6558,,ok,0.4069
14.4964,681,,,0.6655,,,,,,16.4916,r2_measured_04045,read,measured,,,,,0.8374,,ok,0.4008
14.9232,681,,,0.6541,,,,,,16.8301,r2_measured_04046,read,measured,,,,,0.7272,,ok,0.4424
14.5358,689,,,0.6238,,,,,,16.3543,r2_measured_04047,read,measured,,,,,0.7283,,ok,0.3801
13.1567,681,,,0.5425,,,,,,14.755,r2_measured_04048,read,measured,,,,,0.6321,,ok,0.3484
14.4723,688,,,0.7427,,,,,,16.5409,r2_measured_04049,read,measured,,,,,0.8104,,ok,0.4163
13.8954,629,,,0.5956,,,,,,15.6429,r2_measured_04050,read,measured,,,,,0.7062,,ok,0.3695
13.4653,688,,,0.6359,,,,,,15.2342,r2_measured_04051,read,measured,,,,,0.6773,,ok,0.3689
11.7018,628,,,0.5738,,,,,,13.2939,r2_measured_04052,read,measured,,,,,0.6081,,ok,0.3351
12.2953,679,,,0.5484,,,,,,13.8782,r2_measured_04053,read,measured,,,,,0.6067,,ok,0.3504
12.31,509,,,0.5342,,,,,,14.0652,r2_measured_04054,read,measured,,,,,0.7434,,ok,0.3958
67.5088,681,16.8723,5.1976,0.7195,2.9371,1,5.1956,1,27.4307,69.4023,r2_measured_04055,update,measured,22.2331,1.8935,1,0.007,0.6744,20.2617,ok,0.405
11.8763,568,,,0.5095,,,,,,13.4247,r2_measured_04056,read,measured,,,,,0.633,,ok,0.3316
82.0849,689,14.8232,5.2467,0.6041,2.5955,1,5.2439,1,27.9025,83.9437,r2_measured_04057,update,measured,22.6558,1.8588,1,14.2574,0.7877,22.5063,ok,0.3802
13.8533,681,,,0.5737,,,,,,15.5788,r2_measured_04058,read,measured,,,,,0.7025,,ok,0.3719
14.8876,680,,,0.8037,,,,,,17.0519,r2_measured_04059,read,measured,,,,,0.8204,,ok,0.4421
12.4078,509,,,0.5643,,,,,,14.1533,r2_measured_04060,read,measured,,,,,0.6599,,ok,0.4451
13.7985,663,,,0.5796,,,,,,15.6039,r2_measured_04061,read,measured,,,,,0.7736,,ok,0.3702
12.6132,509,,,0.484,,,,,,14.0735,r2_measured_04062,read,measured,,,,,0.5617,,ok,0.3521
19.8556,419,,,0.2852,,,,,,21.0339,r2_measured_04063,read,measured,,,,,0.519,,ok,0.3148
12.32,568,,,0.5406,,,,,,13.8354,r2_measured_04064,read,measured,,,,,0.5641,,ok,0.3471
14.341,689,,,0.6942,,,,,,16.3237,r2_measured_04065,read,measured,,,,,0.7832,,ok,0.4122
8.855,369,,,0.261,,,,,,10.0365,r2_measured_04066,read,measured,,,,,0.487,,ok,0.3743
13.8817,663,,,0.5247,,,,,,15.4934,r2_measured_04067,read,measured,,,,,0.6541,,ok,0.3515
17.6225,689,,,0.591,,,,,,19.4183,r2_measured_04068,read,measured,,,,,0.7575,,ok,0.3676
15.2899,663,,,0.6461,,,,,,17.1801,r2_measured_04069,read,measured,,,,,0.7583,,ok,0.3935
16.8401,689,,,0.6151,,,,,,18.5549,r2_measured_04070,read,measured,,,,,0.681,,ok,0.343
12.358,663,,,0.9079,,,,,,14.9015,r2_measured_04071,read,measured,,,,,1.028,,ok,0.5131
17.2847,675,,,0.6067,,,,,,19.1568,r2_measured_04072,read,measured,,,,,0.7893,,ok,0.3895
13.3883,680,,,0.5857,,,,,,15.0301,r2_measured_04073,read,measured,,,,,0.6376,,ok,0.3373
8.6129,418,,,0.2453,,,,,,9.7125,r2_measured_04074,read,measured,,,,,0.495,,ok,0.3025
17.6889,663,,,0.6798,,,,,,19.6179,r2_measured_04075,read,measured,,,,,0.7184,,ok,0.4368
15.7328,680,,,0.6089,,,,,,17.5954,r2_measured_04076,read,measured,,,,,0.7174,,ok,0.4445
12.0608,568,,,0.5895,,,,,,13.744,r2_measured_04077,read,measured,,,,,0.6269,,ok,0.391
12.357,673,,,0.6234,,,,,,14.0989,r2_measured_04078,read,measured,,,,,0.6228,,ok,0.4138
12.8696,688,,,0.4954,,,,,,14.2982,r2_measured_04079,read,measured,,,,,0.562,,ok,0.3056
14.243,689,,,0.6317,,,,,,16.1762,r2_measured_04080,read,measured,,,,,0.8341,,ok,0.3841
14.7113,509,,,0.4421,,,,,,16.15,r2_measured_04081,read,measured,,,,,0.5808,,ok,0.3559
11.1333,568,,,0.6353,,,,,,13.0314,r2_measured_04082,read,measured,,,,,0.6963,,ok,0.4776
76.6108,629,17.9295,3.934,0.5166,2.3748,1,3.9311,1,23.7343,78.1402,r2_measured_04083,update,measured,19.8003,1.5294,1,15.1695,0.5977,17.4027,ok,0.3381
13.6024,681,,,0.6227,,,,,,15.4056,r2_measured_04084,read,measured,,,,,0.7166,,ok,0.3766
14.0072,675,,,0.5964,,,,,,15.7326,r2_measured_04085,read,measured,,,,,0.6451,,ok,0.3996
20.0249,675,,,0.6487,,,,,,21.7416,r2_measured_04086,read,measured,,,,,0.6364,,ok,0.349
15.0658,626,,,0.6622,,,,,,16.7208,r2_measured_04087,read,measured,,,,,0.5808,,ok,0.3368
14.1108,680,,,0.6621,,,,,,15.9813,r2_measured_04088,read,measured,,,,,0.7565,,ok,0.3667
11.3667,568,,,0.6738,,,,,,13.4162,r2_measured_04089,read,measured,,,,,0.8234,,ok,0.4588
14.1471,680,,,0.63,,,,,,15.9149,r2_measured_04090,read,measured,,,,,0.6592,,ok,0.3942
12.1632,568,,,0.527,,,,,,13.7643,r2_measured_04091,read,measured,,,,,0.6334,,ok,0.3616
9.0949,419,,,0.2552,,,,,,10.4689,r2_measured_04092,read,measured,,,,,0.7234,,ok,0.338
13.1327,628,,,0.6316,,,,,,14.8377,r2_measured_04093,read,measured,,,,,0.6178,,ok,0.3763
19.2794,688,,,0.7528,,,,,,21.4807,r2_measured_04094,read,measured,,,,,0.8728,,ok,0.4705
14.5921,662,,,0.6504,,,,,,16.3748,r2_measured_04095,read,measured,,,,,0.6695,,ok,0.3789
13.6691,680,,,0.6652,,,,,,15.5175,r2_measured_04096,read,measured,,,,,0.7104,,ok,0.3927
16.1498,629,,,0.6261,,,,,,17.8952,r2_measured_04097,read,measured,,,,,0.6789,,ok,0.3605
14.6184,675,,,0.5232,,,,,,16.1851,r2_measured_04098,read,measured,,,,,0.6347,,ok,0.333
12.9357,663,,,0.6238,,,,,,14.7068,r2_measured_04099,read,measured,,,,,0.698,,ok,0.3626
14.5909,663,,,0.6744,,,,,,16.6328,r2_measured_04100,read,measured,,,,,0.8444,,ok,0.4339
11.6924,509,,,0.4988,,,,,,13.3639,r2_measured_04101,read,measured,,,,,0.687,,ok,0.4053
14.6407,689,,,0.5888,,,,,,16.4832,r2_measured_04102,read,measured,,,,,0.7749,,ok,0.3933
15.4409,689,,,0.6267,,,,,,17.2789,r2_measured_04103,read,measured,,,,,0.7344,,ok,0.3902
15.9088,628,,,0.6173,,,,,,17.6775,r2_measured_04104,read,measured,,,,,0.7056,,ok,0.3635
23.4509,680,,,0.5283,,,,,,25.1209,r2_measured_04105,read,measured,,,,,0.7355,,ok,0.332
12.4095,628,,,0.6585,,,,,,14.1554,r2_measured_04106,read,measured,,,,,0.6349,,ok,0.3835
13.3614,681,,,0.662,,,,,,15.2684,r2_measured_04107,read,measured,,,,,0.7619,,ok,0.4004
11.2602,568,,,0.4903,,,,,,12.7238,r2_measured_04108,read,measured,,,,,0.5517,,ok,0.3579
12.475,626,,,0.6213,,,,,,14.4069,r2_measured_04109,read,measured,,,,,0.8196,,ok,0.4044
14.9597,675,,,0.6411,,,,,,16.839,r2_measured_04110,read,measured,,,,,0.7527,,ok,0.3984
88.8401,663,12.6367,6.9074,0.5715,2.1839,1,6.9059,1,34.0423,90.4381,r2_measured_04111,update,measured,27.1349,1.598,1,14.3464,0.6193,25.6308,ok,0.3333
11.893,629,,,0.7123,,,,,,13.9429,r2_measured_04112,read,measured,,,,,0.7521,,ok,0.4972
18.651,680,,,0.6547,,,,,,20.4707,r2_measured_04113,read,measured,,,,,0.7135,,ok,0.3707
82.8496,689,13.1866,5.9057,0.5373,2.2959,1,5.903,1,34.4206,84.4124,r2_measured_04114,update,measured,28.5149,1.5628,1,12.1867,0.5875,20.7598,ok,0.367
9.8857,419,,,0.2916,,,,,,11.1734,r2_measured_04115,read,measured,,,,,0.5621,,ok,0.3662
12.9925,680,,,0.5539,,,,,,14.6261,r2_measured_04116,read,measured,,,,,0.6439,,ok,0.363
14.676,675,,,0.593,,,,,,16.4588,r2_measured_04117,read,measured,,,,,0.7441,,ok,0.3614
12.2071,567,,,0.5488,,,,,,13.7156,r2_measured_04118,read,measured,,,,,0.5533,,ok,0.3438
58.5883,627,14.5545,4.4743,0.5909,2.4932,1,4.4726,1,22.3469,60.388,r2_measured_04119,update,measured,17.8726,1.7997,1,0.0055,0.7549,19.1882,ok,0.3748
13.1162,629,,,0.8504,,,,,,15.0832,r2_measured_04120,read,measured,,,,,0.6598,,ok,0.3744
78.9082,629,13.6648,5.4032,0.5832,2.2955,1,5.4014,1,27.7084,80.6214,r2_measured_04121,update,measured,22.3052,1.7132,1,14.6911,0.6855,20.5484,ok,0.3644
14.3179,689,,,0.5523,,,,,,15.9804,r2_measured_04122,read,measured,,,,,0.6742,,ok,0.3558
22.4679,680,,,0.7412,,,,,,24.5531,r2_measured_04123,read,measured,,,,,0.7797,,ok,0.4687
31.53,679,,,0.6193,,,,,,33.1617,r2_measured_04124,read,measured,,,,,0.6004,,ok,0.3317
11.3387,663,,,0.4708,,,,,,12.8146,r2_measured_04125,read,measured,,,,,0.614,,ok,0.3209
17.3333,568,,,0.6126,,,,,,19.2252,r2_measured_04126,read,measured,,,,,0.688,,ok,0.5038
77.3793,629,14.3942,5.0573,0.5584,2.0461,0,5.0547,1,40.8968,79.0066,r2_measured_04127,update,measured,35.8395,1.6273,1,0.0087,0.6415,20.0335,ok,0.3552
17.8891,629,,,0.5778,,,,,,19.5317,r2_measured_04128,read,measured,,,,,0.6465,,ok,0.3463
26.9752,681,,,0.5604,,,,,,28.754,r2_measured_04129,read,measured,,,,,0.7805,,ok,0.3573
14.649,663,,,0.6587,,,,,,16.6671,r2_measured_04130,read,measured,,,,,0.8178,,ok,0.4366
15.0346,629,,,0.5827,,,,,,16.6866,r2_measured_04131,read,measured,,,,,0.6517,,ok,0.3426
13.3225,629,,,0.5739,,,,,,15.0976,r2_measured_04132,read,measured,,,,,0.6999,,ok,0.4243
13.9738,663,,,0.6328,,,,,,15.6705,r2_measured_04133,read,measured,,,,,0.6403,,ok,0.3462
12.5409,674,,,0.724,,,,,,14.4826,r2_measured_04134,read,measured,,,,,0.743,,ok,0.3939
13.3726,689,,,0.6975,,,,,,15.5379,r2_measured_04135,read,measured,,,,,0.9539,,ok,0.4281
20.7388,663,,,0.5599,,,,,,22.3614,r2_measured_04136,read,measured,,,,,0.6574,,ok,0.3309
9.5974,509,,,0.5979,,,,,,11.3195,r2_measured_04137,read,measured,,,,,0.6484,,ok,0.3908
14.3945,689,,,0.5149,,,,,,15.9857,r2_measured_04138,read,measured,,,,,0.6673,,ok,0.336
21.9401,681,,,0.5388,,,,,,23.5402,r2_measured_04139,read,measured,,,,,0.6348,,ok,0.3478
90.3818,369,10.8422,20.6596,0.2477,1.3151,1,20.6567,1,53.6694,91.5244,r2_measured_04140,update,measured,33.0098,1.1426,1,13.1569,0.5316,11.3982,ok,0.3159
11.4546,629,,,0.5242,,,,,,13.0354,r2_measured_04141,read,measured,,,,,0.634,,ok,0.342
12.7957,689,,,0.6039,,,,,,14.6168,r2_measured_04142,read,measured,,,,,0.7726,,ok,0.3649
63.0767,674,12.5464,7.0466,0.5763,2.383,0,7.0449,1,28.0024,64.7339,r2_measured_04143,update,measured,20.9558,1.6572,1,0.0053,0.6687,20.1396,ok,0.3447
12.3457,689,,,0.6204,,,,,,14.2053,r2_measured_04144,read,measured,,,,,0.7653,,ok,0.3886
12.3135,675,,,0.4811,,,,,,13.8039,r2_measured_04145,read,measured,,,,,0.5851,,ok,0.3588
14.2253,629,,,0.6085,,,,,,15.8915,r2_measured_04146,read,measured,,,,,0.5957,,ok,0.3761
14.7025,680,,,0.811,,,,,,16.6086,r2_measured_04147,read,measured,,,,,0.6542,,ok,0.3643
13.7832,675,,,0.6328,,,,,,15.5712,r2_measured_04148,read,measured,,,,,0.7167,,ok,0.3521
7.9546,369,,,0.39,,,,,,9.5014,r2_measured_04149,read,measured,,,,,0.7046,,ok,0.3942
11.2519,629,,,0.5006,,,,,,12.7284,r2_measured_04150,read,measured,,,,,0.5762,,ok,0.3309
14.7793,418,,,0.2478,,,,,,15.8788,r2_measured_04151,read,measured,,,,,0.497,,ok,0.2983
14.813,680,,,0.6,,,,,,16.5348,r2_measured_04152,read,measured,,,,,0.6571,,ok,0.3889
15.2728,675,,,0.5749,,,,,,17.0592,r2_measured_04153,read,measured,,,,,0.7158,,ok,0.4084
13.5059,675,,,0.5749,,,,,,15.1276,r2_measured_04154,read,measured,,,,,0.6058,,ok,0.3655
14.4256,679,,,0.8375,,,,,,16.7167,r2_measured_04155,read,measured,,,,,0.8716,,ok,0.4765
11.7622,418,,,0.3742,,,,,,13.0753,r2_measured_04156,read,measured,,,,,0.5169,,ok,0.3571
14.3568,674,,,0.5655,,,,,,16.0395,r2_measured_04157,read,measured,,,,,0.6845,,ok,0.3442
14.8618,568,,,0.6283,,,,,,16.6341,r2_measured_04158,read,measured,,,,,0.6596,,ok,0.408
13.0109,663,,,0.5053,,,,,,14.6111,r2_measured_04159,read,measured,,,,,0.6799,,ok,0.3375
15.1873,681,,,0.5144,,,,,,16.7653,r2_measured_04160,read,measured,,,,,0.6689,,ok,0.3172
14.7907,680,,,0.6987,,,,,,16.7956,r2_measured_04161,read,measured,,,,,0.7707,,ok,0.4318
12.5279,369,,,0.2611,,,,,,13.9157,r2_measured_04162,read,measured,,,,,0.6979,,ok,0.3726
12.8424,663,,,0.6566,,,,,,14.7933,r2_measured_04163,read,measured,,,,,0.7318,,ok,0.467
9.2918,419,,,0.2662,,,,,,10.5867,r2_measured_04164,read,measured,,,,,0.5442,,ok,0.4113
12.2102,680,,,0.5807,,,,,,13.8498,r2_measured_04165,read,measured,,,,,0.6273,,ok,0.3222
14.7768,568,,,0.5758,,,,,,16.4197,r2_measured_04166,read,measured,,,,,0.6481,,ok,0.3381
13.7861,663,,,0.5775,,,,,,15.3948,r2_measured_04167,read,measured,,,,,0.6303,,ok,0.3267
15.4012,568,,,0.6813,,,,,,17.4516,r2_measured_04168,read,measured,,,,,0.8442,,ok,0.4315
15.4789,681,,,0.6571,,,,,,17.3387,r2_measured_04169,read,measured,,,,,0.7251,,ok,0.3916
11.1911,509,,,0.4979,,,,,,12.7079,r2_measured_04170,read,measured,,,,,0.5473,,ok,0.3854
13.3824,674,,,0.5928,,,,,,15.0526,r2_measured_04171,read,measured,,,,,0.652,,ok,0.3491
80.213,688,14.1924,4.3278,0.6356,2.7784,1,4.3258,1,25.53,82.0343,r2_measured_04172,update,measured,21.2022,1.8213,1,13.3826,0.7183,24.3296,ok,0.3858
13.761,675,,,0.6139,,,,,,15.451,r2_measured_04173,read,measured,,,,,0.6393,,ok,0.3596
13.5177,507,,,0.4269,,,,,,14.9452,r2_measured_04174,read,measured,,,,,0.5928,,ok,0.3428
89.1234,675,18.2776,6.6209,0.8435,2.3434,0,6.6191,1,30.8485,91.6083,r2_measured_04175,update,measured,24.2276,2.4849,1,15.0805,1.0212,22.5734,ok,0.4981
15.6574,663,,,0.6378,,,,,,17.5586,r2_measured_04176,read,measured,,,,,0.7854,,ok,0.3823
12.7441,680,,,0.6009,,,,,,14.4421,r2_measured_04177,read,measured,,,,,0.6533,,ok,0.3695
13.2792,509,,,0.5153,,,,,,14.7628,r2_measured_04178,read,measured,,,,,0.5138,,ok,0.3893
14.8067,688,,,0.6861,,,,,,16.6592,r2_measured_04179,read,measured,,,,,0.6798,,ok,0.3795
13.7818,675,,,0.5534,,,,,,15.4922,r2_measured_04180,read,measured,,,,,0.6918,,ok,0.3853
14.4287,629,,,0.5516,,,,,,16.2295,r2_measured_04181,read,measured,,,,,0.7045,,ok,0.4615
13.1637,680,,,0.5555,,,,,,14.7596,r2_measured_04182,read,measured,,,,,0.6142,,ok,0.35
11.4502,509,,,0.459,,,,,,12.8681,r2_measured_04183,read,measured,,,,,0.5394,,ok,0.3469
12.4423,567,,,0.6805,,,,,,14.3464,r2_measured_04184,read,measured,,,,,0.7007,,ok,0.4404
14.4027,663,,,0.5965,,,,,,16.3584,r2_measured_04185,read,measured,,,,,0.9261,,ok,0.3521
14.1548,675,,,0.5374,,,,,,15.7971,r2_measured_04186,read,measured,,,,,0.5948,,ok,0.4382
10.3683,509,,,0.4644,,,,,,11.8652,r2_measured_04187,read,measured,,,,,0.6282,,ok,0.3414
14.197,681,,,0.609,,,,,,16.0396,r2_measured_04188,read,measured,,,,,0.7279,,ok,0.4195
12.9329,675,,,0.5934,,,,,,14.5858,r2_measured_04189,read,measured,,,,,0.6164,,ok,0.3644
13.7201,675,,,0.5559,,,,,,15.4679,r2_measured_04190,read,measured,,,,,0.728,,ok,0.3805
13.77,689,,,0.6124,,,,,,15.4407,r2_measured_04191,read,measured,,,,,0.6667,,ok,0.3218
12.8167,629,,,0.9115,,,,,,14.9618,r2_measured_04192,read,measured,,,,,0.7502,,ok,0.3991
12.7353,663,,,0.6014,,,,,,14.4222,r2_measured_04193,read,measured,,,,,0.648,,ok,0.3611
11.4855,629,,,0.545,,,,,,13.2756,r2_measured_04194,read,measured,,,,,0.7375,,ok,0.3666
13.195,680,,,0.6173,,,,,,15.0238,r2_measured_04195,read,measured,,,,,0.7061,,ok,0.4171
13.0935,419,,,0.275,,,,,,14.3139,r2_measured_04196,read,measured,,,,,0.5408,,ok,0.335
13.111,689,,,0.595,,,,,,14.7352,r2_measured_04197,read,measured,,,,,0.6298,,ok,0.3219
12.6872,663,,,0.7677,,,,,,14.8203,r2_measured_04198,read,measured,,,,,0.8069,,ok,0.4731
14.9001,675,,,0.6232,,,,,,16.6546,r2_measured_04199,read,measured,,,,,0.668,,ok,0.3773
16.6166,663,,,0.4568,,,,,,18.0162,r2_measured_04200,read,measured,,,,,0.5536,,ok,0.3249
13.3195,680,,,0.5147,,,,,,14.8836,r2_measured_04201,read,measured,,,,,0.6431,,ok,0.3293
16.3959,418,,,0.4108,,,,,,17.8549,r2_measured_04202,read,measured,,,,,0.5626,,ok,0.4199
12.4866,689,,,0.5327,,,,,,14.1567,r2_measured_04203,read,measured,,,,,0.7494,,ok,0.3157
17.7691,508,,,0.4724,,,,,,19.1601,r2_measured_04204,read,measured,,,,,0.5401,,ok,0.3162
14.5892,369,,,0.2323,,,,,,15.6442,r2_measured_04205,read,measured,,,,,0.4538,,ok,0.3117
11.2984,369,,,0.2947,,,,,,12.7506,r2_measured_04206,read,measured,,,,,0.6465,,ok,0.4424
20.8738,680,,,0.6727,,,,,,22.8122,r2_measured_04207,read,measured,,,,,0.7476,,ok,0.4256
12.5252,629,,,0.4609,,,,,,14.0204,r2_measured_04208,read,measured,,,,,0.6508,,ok,0.315
12.501,680,,,0.6618,,,,,,14.3605,r2_measured_04209,read,measured,,,,,0.6688,,ok,0.4474
11.8675,568,,,0.5553,,,,,,13.3624,r2_measured_04210,read,measured,,,,,0.5535,,ok,0.3156
12.236,663,,,0.5888,,,,,,14.1859,r2_measured_04211,read,measured,,,,,0.8524,,ok,0.4192
13.5133,629,,,0.6265,,,,,,15.362,r2_measured_04212,read,measured,,,,,0.7346,,ok,0.4038
12.2251,419,,,0.4432,,,,,,13.7393,r2_measured_04213,read,measured,,,,,0.6517,,ok,0.3451
15.6722,681,,,0.6635,,,,,,17.4911,r2_measured_04214,read,measured,,,,,0.6782,,ok,0.3892
13.6651,628,,,0.6809,,,,,,15.6555,r2_measured_04215,read,measured,,,,,0.7849,,ok,0.4322
10.496,418,,,0.3115,,,,,,11.8506,r2_measured_04216,read,measured,,,,,0.5984,,ok,0.3737
14.4461,689,,,0.6388,,,,,,16.2529,r2_measured_04217,read,measured,,,,,0.7103,,ok,0.3773
14.5927,680,,,0.6801,,,,,,16.7294,r2_measured_04218,read,measured,,,,,0.9068,,ok,0.4512
9.7858,369,,,0.2894,,,,,,11.1069,r2_measured_04219,read,measured,,,,,0.5997,,ok,0.3706
14.5965,663,,,0.6056,,,,,,16.383,r2_measured_04220,read,measured,,,,,0.7004,,ok,0.3912
80.7346,627,11.5851,5.7607,0.5707,2.1853,1,5.7589,1,20.445,82.3231,r2_measured_04221,update,measured,14.6843,1.5885,1,27.2771,0.5917,19.2421,ok,0.3541
12.1119,680,,,0.6585,,,,,,13.946,r2_measured_04222,read,measured,,,,,0.6863,,ok,0.3942
26.8764,688,,,0.5218,,,,,,28.5522,r2_measured_04223,read,measured,,,,,0.6484,,ok,0.4046
13.2001,663,,,1.0774,,,,,,16.1955,r2_measured_04224,read,measured,,,,,1.1477,,ok,0.6436
16.5216,680,,,0.5956,,,,,,18.3373,r2_measured_04225,read,measured,,,,,0.7665,,ok,0.3675
16.1845,629,,,0.5514,,,,,,17.8606,r2_measured_04226,read,measured,,,,,0.6626,,ok,0.3801
12.268,688,,,0.5638,,,,,,13.989,r2_measured_04227,read,measured,,,,,0.7355,,ok,0.3486
8.1964,369,,,0.2303,,,,,,9.3287,r2_measured_04228,read,measured,,,,,0.5029,,ok,0.3433
14.2862,628,,,0.56,,,,,,16.0648,r2_measured_04229,read,measured,,,,,0.7746,,ok,0.368
9.0602,369,,,0.3131,,,,,,10.4216,r2_measured_04230,read,measured,,,,,0.5972,,ok,0.3761
13.8793,679,,,0.6502,,,,,,15.6956,r2_measured_04231,read,measured,,,,,0.6929,,ok,0.3888
8.612,369,,,0.2361,,,,,,9.6898,r2_measured_04232,read,measured,,,,,0.4633,,ok,0.3229
86.4248,675,19.9533,4.439,0.6362,2.2737,1,4.4369,1,28.0038,88.2427,r2_measured_04233,update,measured,23.5648,1.8179,1,14.0519,0.6565,22.1421,ok,0.4337
12.198,419,,,0.2471,,,,,,13.2989,r2_measured_04234,read,measured,,,,,0.4555,,ok,0.3409
95.0416,419,9.0886,7.9267,0.262,1.5752,0,7.9248,1,37.0076,96.2776,r2_measured_04235,update,measured,29.0809,1.236,1,31.8245,0.5783,15.5457,ok,0.3372
9.5752,418,,,0.3846,,,,,,10.9772,r2_measured_04236,read,measured,,,,,0.5303,,ok,0.4133
10.9501,419,,,0.2721,,,,,,12.1544,r2_measured_04237,read,measured,,,,,0.521,,ok,0.3442
12.1446,663,,,0.6609,,,,,,14.0233,r2_measured_04238,read,measured,,,,,0.7418,,ok,0.3838
13.4346,568,,,0.5463,,,,,,15.1915,r2_measured_04239,read,measured,,,,,0.7655,,ok,0.3665
10.0776,508,,,0.4742,,,,,,11.5748,r2_measured_04240,read,measured,,,,,0.595,,ok,0.3614
14.2966,679,,,0.6523,,,,,,16.2519,r2_measured_04241,read,measured,,,,,0.8241,,ok,0.3842
14.2872,663,,,0.6356,,,,,,16.1671,r2_measured_04242,read,measured,,,,,0.7723,,ok,0.3824
14.5111,663,,,0.6472,,,,,,16.5798,r2_measured_04243,read,measured,,,,,0.9365,,ok,0.3855
13.0375,663,,,0.5677,,,,,,14.8055,r2_measured_04244,read,measured,,,,,0.745,,ok,0.3693
8.864,419,,,0.2968,,,,,,10.0534,r2_measured_04245,read,measured,,,,,0.4791,,ok,0.3547
12.4279,509,,,0.6194,,,,,,14.162,r2_measured_04246,read,measured,,,,,0.6117,,ok,0.4141
17.6425,663,,,0.5406,,,,,,19.3132,r2_measured_04247,read,measured,,,,,0.6897,,ok,0.3536
11.9172,629,,,0.5456,,,,,,13.5221,r2_measured_04248,read,measured,,,,,0.6315,,ok,0.3385
14.4324,663,,,0.6452,,,,,,16.2955,r2_measured_04249,read,measured,,,,,0.7478,,ok,0.3824
13.6083,680,,,0.681,,,,,,15.5377,r2_measured_04250,read,measured,,,,,0.7712,,ok,0.3786
14.4652,680,,,0.5863,,,,,,16.3235,r2_measured_04251,read,measured,,,,,0.6841,,ok,0.4892
13.8635,689,,,0.6765,,,,,,15.8723,r2_measured_04252,read,measured,,,,,0.8285,,ok,0.4046
13.2692,680,,,0.517,,,,,,15.0143,r2_measured_04253,read,measured,,,,,0.7863,,ok,0.342
8.1816,419,,,0.2439,,,,,,9.2936,r2_measured_04254,read,measured,,,,,0.4933,,ok,0.3241
14.4483,675,,,0.5877,,,,,,16.1769,r2_measured_04255,read,measured,,,,,0.6982,,ok,0.3585
74.501,681,12.3082,6.7055,0.5481,2.3159,1,6.7035,1,26.5004,76.0182,r2_measured_04256,update,measured,19.7949,1.5172,1,13.5261,0.5834,19.8504,ok,0.3189
12.3931,680,,,0.6857,,,,,,14.318,r2_measured_04257,read,measured,,,,,0.7545,,ok,0.3914
12.6742,628,,,0.5436,,,,,,14.3211,r2_measured_04258,read,measured,,,,,0.6603,,ok,0.3655
13.1311,675,,,0.6464,,,,,,14.8429,r2_measured_04259,read,measured,,,,,0.6514,,ok,0.3403
15.1923,568,,,0.5752,,,,,,16.9537,r2_measured_04260,read,measured,,,,,0.6903,,ok,0.4124
16.183,680,,,0.6352,,,,,,18.1197,r2_measured_04261,read,measured,,,,,0.7273,,ok,0.4746
11.1119,509,,,0.5031,,,,,,12.5994,r2_measured_04262,read,measured,,,,,0.561,,ok,0.3526
25.8097,419,,,0.2513,,,,,,26.9179,r2_measured_04263,read,measured,,,,,0.4901,,ok,0.3106
11.4665,509,,,0.5214,,,,,,13.1341,r2_measured_04264,read,measured,,,,,0.609,,ok,0.4438
99.2565,629,13.2927,4.8675,0.624,2.4516,0,4.8653,1,25.24,100.9537,r2_measured_04265,update,measured,20.3725,1.6972,1,26.6937,0.6464,31.5785,ok,0.3566
11.2573,568,,,0.5334,,,,,,12.8614,r2_measured_04266,read,measured,,,,,0.6512,,ok,0.3432
12.0855,680,,,0.7146,,,,,,14.0921,r2_measured_04267,read,measured,,,,,0.7445,,ok,0.4546
10.2217,509,,,0.4143,,,,,,11.5528,r2_measured_04268,read,measured,,,,,0.5286,,ok,0.3242
14.8859,680,,,0.6219,,,,,,16.7494,r2_measured_04269,read,measured,,,,,0.7551,,ok,0.3973
13.712,675,,,0.5985,,,,,,15.4948,r2_measured_04270,read,measured,,,,,0.721,,ok,0.3822
14.1099,681,,,0.6595,,,,,,15.8804,r2_measured_04271,read,measured,,,,,0.6716,,ok,0.3602
79.0304,419,12.661,6.7987,0.2866,1.6405,1,6.7961,1,30.7681,80.2813,r2_measured_04272,update,measured,23.9694,1.2509,1,16.3546,0.5507,17.6062,ok,0.3554
11.312,568,,,0.5423,,,,,,12.895,r2_measured_04273,read,measured,,,,,0.6147,,ok,0.3477
13.0542,628,,,0.6065,,,,,,14.9519,r2_measured_04274,read,measured,,,,,0.8068,,ok,0.4013
11.8129,509,,,0.4941,,,,,,13.4126,r2_measured_04275,read,measured,,,,,0.6342,,ok,0.3978
13.0078,629,,,0.5744,,,,,,14.6956,r2_measured_04276,read,measured,,,,,0.6699,,ok,0.3621
87.5331,629,12.0296,4.4957,0.6492,2.1452,1,4.4928,1,27.8783,89.3096,r2_measured_04277,update,measured,23.3826,1.7765,1,27.0692,0.6697,18.4108,ok,0.363
19.3461,681,,,0.6727,,,,,,21.6046,r2_measured_04278,read,measured,,,,,0.9028,,ok,0.5858
14.7166,675,,,0.6615,,,,,,16.5663,r2_measured_04279,read,measured,,,,,0.7247,,ok,0.3814
12.619,675,,,0.521,,,,,,14.1849,r2_measured_04280,read,measured,,,,,0.6157,,ok,0.3403
15.8414,679,,,0.7019,,,,,,17.8608,r2_measured_04281,read,measured,,,,,0.8086,,ok,0.4179
10.8934,418,,,0.2784,,,,,,12.145,r2_measured_04282,read,measured,,,,,0.5649,,ok,0.3434
14.3292,689,,,0.7938,,,,,,16.6446,r2_measured_04283,read,measured,,,,,0.9872,,ok,0.4255
15.1181,681,,,0.5708,,,,,,16.8477,r2_measured_04284,read,measured,,,,,0.7146,,ok,0.3668
13.0794,419,,,0.325,,,,,,14.2825,r2_measured_04285,read,measured,,,,,0.4873,,ok,0.3325
14.7157,663,,,0.6598,,,,,,16.8681,r2_measured_04286,read,measured,,,,,0.8136,,ok,0.576
18.5542,680,,,0.5993,,,,,,20.3537,r2_measured_04287,read,measured,,,,,0.7582,,ok,0.3569
13.9207,675,,,0.5859,,,,,,15.4904,r2_measured_04288,read,measured,,,,,0.574,,ok,0.3371
13.1528,675,,,0.6439,,,,,,15.0028,r2_measured_04289,read,measured,,,,,0.6777,,ok,0.4216
12.4423,629,,,0.6719,,,,,,14.2534,r2_measured_04290,read,measured,,,,,0.6869,,ok,0.3671
12.1247,675,,,0.5165,,,,,,13.6898,r2_measured_04291,read,measured,,,,,0.6191,,ok,0.3551
9.7408,418,,,0.2937,,,,,,11.0862,r2_measured_04292,read,measured,,,,,0.6203,,ok,0.3641
16.4341,568,,,0.4871,,,,,,17.8647,r2_measured_04293,read,measured,,,,,0.5677,,ok,0.311
9.6184,509,,,0.4879,,,,,,11.1555,r2_measured_04294,read,measured,,,,,0.5935,,ok,0.3796
13.2235,663,,,0.66,,,,,,15.1159,r2_measured_04295,read,measured,,,,,0.7326,,ok,0.412
14.4342,689,,,0.5834,,,,,,16.2004,r2_measured_04296,read,measured,,,,,0.6351,,ok,0.4221
18.2353,680,,,0.6332,,,,,,20.0147,r2_measured_04297,read,measured,,,,,0.6961,,ok,0.3681
17.2602,681,,,0.6382,,,,,,19.0036,r2_measured_04298,read,measured,,,,,0.6991,,ok,0.3185
122.7926,629,12.9973,18.8596,0.6212,2.4232,0,18.8578,1,53.8042,124.4654,r2_measured_04299,update,measured,34.9446,1.6728,1,32.9736,0.6233,20.5943,ok,0.3627
14.3779,689,,,0.6542,,,,,,16.2608,r2_measured_04300,read,measured,,,,,0.7236,,ok,0.4155
20.228,508,,,0.5002,,,,,,21.7602,r2_measured_04301,read,measured,,,,,0.6025,,ok,0.3554
13.0004,629,,,0.6261,,,,,,14.7598,r2_measured_04302,read,measured,,,,,0.6904,,ok,0.3658
11.5096,568,,,0.5288,,,,,,13.0918,r2_measured_04303,read,measured,,,,,0.6179,,ok,0.363
9.5603,418,,,0.3277,,,,,,11.0312,r2_measured_04304,read,measured,,,,,0.6667,,ok,0.4049
14.9535,679,,,0.5891,,,,,,16.6751,r2_measured_04305,read,measured,,,,,0.675,,ok,0.3761
9.4089,419,,,0.3276,,,,,,10.7333,r2_measured_04306,read,measured,,,,,0.5381,,ok,0.3911
14.4369,679,,,0.5837,,,,,,16.2141,r2_measured_04307,read,measured,,,,,0.7317,,ok,0.379
10.657,419,,,0.2644,,,,,,11.8721,r2_measured_04308,read,measured,,,,,0.5542,,ok,0.3395
12.5864,675,,,0.5902,,,,,,14.287,r2_measured_04309,read,measured,,,,,0.6784,,ok,0.3517
17.7048,680,,,0.5396,,,,,,19.4497,r2_measured_04310,read,measured,,,,,0.7956,,ok,0.3279
13.2984,629,,,0.5964,,,,,,15.1048,r2_measured_04311,read,measured,,,,,0.7285,,ok,0.3965
13.0384,663,,,0.4452,,,,,,14.4999,r2_measured_04312,read,measured,,,,,0.6177,,ok,0.3288
12.039,681,,,0.638,,,,,,13.8579,r2_measured_04313,read,measured,,,,,0.707,,ok,0.3899
13.9749,675,,,0.5793,,,,,,15.5136,r2_measured_04314,read,measured,,,,,0.5769,,ok,0.3138
10.958,568,,,0.5267,,,,,,12.66,r2_measured_04315,read,measured,,,,,0.6929,,ok,0.4027
15.0928,629,,,0.5645,,,,,,16.7762,r2_measured_04316,read,measured,,,,,0.7026,,ok,0.3425
12.2614,509,,,0.3691,,,,,,13.4984,r2_measured_04317,read,measured,,,,,0.4964,,ok,0.3157
12.1483,681,,,0.6123,,,,,,13.8513,r2_measured_04318,read,measured,,,,,0.6378,,ok,0.374
12.5628,663,,,0.4998,,,,,,14.0936,r2_measured_04319,read,measured,,,,,0.6068,,ok,0.3553
12.2237,675,,,0.595,,,,,,13.9027,r2_measured_04320,read,measured,,,,,0.6501,,ok,0.3543
11.6274,567,,,0.4981,,,,,,13.1428,r2_measured_04321,read,measured,,,,,0.5687,,ok,0.3795
10.7409,568,,,0.562,,,,,,12.3162,r2_measured_04322,read,measured,,,,,0.5741,,ok,0.3711
12.6045,680,,,0.5056,,,,,,14.1335,r2_measured_04323,read,measured,,,,,0.6013,,ok,0.3438
11.4518,567,,,0.528,,,,,,13.0365,r2_measured_04324,read,measured,,,,,0.6303,,ok,0.3568
15.0189,680,,,0.5888,,,,,,16.6936,r2_measured_04325,read,measured,,,,,0.6498,,ok,0.3575
13.8516,681,,,0.5856,,,,,,15.6025,r2_measured_04326,read,measured,,,,,0.7202,,ok,0.3687
14.7513,689,,,0.6152,,,,,,16.4902,r2_measured_04327,read,measured,,,,,0.676,,ok,0.3632
13.1267,680,,,0.5076,,,,,,14.6815,r2_measured_04328,read,measured,,,,,0.6351,,ok,0.3423
12.5991,567,,,0.527,,,,,,14.2687,r2_measured_04329,read,measured,,,,,0.6949,,ok,0.3549
13.1634,663,,,0.6931,,,,,,15.1071,r2_measured_04330,read,measured,,,,,0.7352,,ok,0.4262
14.6036,689,,,0.6928,,,,,,16.62,r2_measured_04331,read,measured,,,,,0.754,,ok,0.4746
14.7525,663,,,0.5914,,,,,,16.3589,r2_measured_04332,read,measured,,,,,0.5858,,ok,0.3505
12.9358,680,,,0.5964,,,,,,14.664,r2_measured_04333,read,measured,,,,,0.6867,,ok,0.3633
12.5102,568,,,0.5066,,,,,,14.1007,r2_measured_04334,read,measured,,,,,0.6238,,ok,0.3811
7.7178,369,,,0.2324,,,,,,8.8002,r2_measured_04335,read,measured,,,,,0.4601,,ok,0.3248
12.9013,663,,,0.5633,,,,,,14.7545,r2_measured_04336,read,measured,,,,,0.8223,,ok,0.3835
13.7267,680,,,0.6362,,,,,,15.5099,r2_measured_04337,read,measured,,,,,0.6948,,ok,0.3768
14.0323,675,,,0.6634,,,,,,15.9746,r2_measured_04338,read,measured,,,,,0.7695,,ok,0.4108
9.3414,419,,,0.2725,,,,,,10.5648,r2_measured_04339,read,measured,,,,,0.5337,,ok,0.3563
11.3323,568,,,0.5257,,,,,,13.0019,r2_measured_04340,read,measured,,,,,0.6859,,ok,0.3826
13.6205,628,,,0.5745,,,,,,15.3144,r2_measured_04341,read,measured,,,,,0.6703,,ok,0.3694
14.6084,681,,,0.5419,,,,,,16.3927,r2_measured_04342,read,measured,,,,,0.6996,,ok,0.4625
12.0127,509,,,0.4895,,,,,,13.6193,r2_measured_04343,read,measured,,,,,0.6912,,ok,0.3494
12.8713,663,,,0.6502,,,,,,14.6649,r2_measured_04344,read,measured,,,,,0.6609,,ok,0.4034
14.4728,688,,,0.6173,,,,,,16.3273,r2_measured_04345,read,measured,,,,,0.7968,,ok,0.3522
8.5902,369,,,0.2623,,,,,,9.76,r2_measured_04346,read,measured,,,,,0.5171,,ok,0.3334
15.1916,689,,,0.5824,,,,,,16.8748,r2_measured_04347,read,measured,,,,,0.6638,,ok,0.3563
16.1597,629,,,0.6478,,,,,,17.844,r2_measured_04348,read,measured,,,,,0.6173,,ok,0.3427
10.0261,509,,,0.4306,,,,,,11.3991,r2_measured_04349,read,measured,,,,,0.5569,,ok,0.3212
13.2109,509,,,0.6826,,,,,,15.2441,r2_measured_04350,read,measured,,,,,0.7455,,ok,0.512
14.9019,675,,,0.7121,,,,,,16.7839,r2_measured_04351,read,measured,,,,,0.6569,,ok,0.4303
13.1044,681,,,0.602,,,,,,14.8145,r2_measured_04352,read,measured,,,,,0.6877,,ok,0.3352
21.5598,629,,,0.475,,,,,,23.028,r2_measured_04353,read,measured,,,,,0.5938,,ok,0.3254
10.2077,419,,,0.2603,,,,,,11.343,r2_measured_04354,read,measured,,,,,0.5014,,ok,0.3134
10.6263,369,,,0.2295,,,,,,11.7351,r2_measured_04355,read,measured,,,,,0.4709,,ok,0.3524
13.9629,567,,,0.5366,,,,,,15.7493,r2_measured_04356,read,measured,,,,,0.6758,,ok,0.4844
14.1003,663,,,0.6331,,,,,,16.0228,r2_measured_04357,read,measured,,,,,0.8013,,ok,0.3991
14.4882,629,,,0.6377,,,,,,16.4228,r2_measured_04358,read,measured,,,,,0.733,,ok,0.4692
9.3978,369,,,0.2421,,,,,,10.5333,r2_measured_04359,read,measured,,,,,0.5111,,ok,0.3279
9.0552,419,,,0.2727,,,,,,10.3358,r2_measured_04360,read,measured,,,,,0.5726,,ok,0.3765
13.1277,629,,,0.6984,,,,,,15.0419,r2_measured_04361,read,measured,,,,,0.7516,,ok,0.3749
12.3365,568,,,0.5649,,,,,,13.9761,r2_measured_04362,read,measured,,,,,0.6254,,ok,0.375
19.7988,688,,,0.7282,,,,,,21.863,r2_measured_04363,read,measured,,,,,0.8329,,ok,0.4086
16.4143,679,,,0.6201,,,,,,18.2338,r2_measured_04364,read,measured,,,,,0.7407,,ok,0.3738
12.3752,568,,,0.7643,,,,,,14.7564,r2_measured_04365,read,measured,,,,,0.8902,,ok,0.6187
14.1318,567,,,0.6081,,,,,,15.9569,r2_measured_04366,read,measured,,,,,0.7336,,ok,0.4004
10.5302,419,,,0.3527,,,,,,12.1016,r2_measured_04367,read,measured,,,,,0.7272,,ok,0.4075
15.2167,675,,,0.5686,,,,,,16.9146,r2_measured_04368,read,measured,,,,,0.7059,,ok,0.344
8.3974,418,,,0.3179,,,,,,9.6206,r2_measured_04369,read,measured,,,,,0.4971,,ok,0.3482
13.5166,663,,,0.7286,,,,,,15.5435,r2_measured_04370,read,measured,,,,,0.7984,,ok,0.4089
12.5648,568,,,0.5506,,,,,,14.2039,r2_measured_04371,read,measured,,,,,0.6528,,ok,0.3587
12.8981,680,,,0.6503,,,,,,14.7642,r2_measured_04372,read,measured,,,,,0.7349,,ok,0.3862
13.7466,679,,,0.616,,,,,,15.4438,r2_measured_04373,read,measured,,,,,0.6456,,ok,0.356
11.6943,629,,,0.5961,,,,,,13.4687,r2_measured_04374,read,measured,,,,,0.7366,,ok,0.3578
11.8407,680,,,0.6173,,,,,,13.6415,r2_measured_04375,read,measured,,,,,0.6872,,ok,0.4175
10.8322,568,,,0.5542,,,,,,12.367,r2_measured_04376,read,measured,,,,,0.5621,,ok,0.3527
8.7357,419,,,0.2595,,,,,,9.921,r2_measured_04377,read,measured,,,,,0.5344,,ok,0.3278
11.4673,663,,,0.5368,,,,,,13.0688,r2_measured_04378,read,measured,,,,,0.6058,,ok,0.3808
81.2798,629,11.453,5.1094,0.6957,2.0879,1,5.1079,1,23.8521,83.0106,r2_measured_04379,update,measured,18.7427,1.7308,1,24.2528,0.6045,19.634,ok,0.3491
10.5163,509,,,0.6564,,,,,,12.4317,r2_measured_04380,read,measured,,,,,0.7424,,ok,0.4333
14.1974,681,,,0.5771,,,,,,15.9361,r2_measured_04381,read,measured,,,,,0.6621,,ok,0.4165
13.0665,680,,,0.5876,,,,,,14.7144,r2_measured_04382,read,measured,,,,,0.6404,,ok,0.3426
12.4419,675,,,0.5205,,,,,,13.9337,r2_measured_04383,read,measured,,,,,0.5845,,ok,0.3204
10.0797,567,,,0.7202,,,,,,11.8864,r2_measured_04384,read,measured,,,,,0.6171,,ok,0.3917
12.1442,663,,,0.7726,,,,,,14.4855,r2_measured_04385,read,measured,,,,,0.9331,,ok,0.5422
14.0444,679,,,0.8148,,,,,,16.0161,r2_measured_04386,read,measured,,,,,0.6496,,ok,0.4246
12.9024,663,,,0.5979,,,,,,15.018,r2_measured_04387,read,measured,,,,,0.9992,,ok,0.3957
12.456,663,,,0.4497,,,,,,13.8073,r2_measured_04388,read,measured,,,,,0.5308,,ok,0.3127
9.0378,509,,,0.4223,,,,,,10.4888,r2_measured_04389,read,measured,,,,,0.6676,,ok,0.2948
61.3378,508,9.3915,5.3326,0.5376,1.6753,1,5.3304,1,22.1359,62.7794,r2_measured_04390,update,measured,16.8033,1.4416,1,11.1128,0.5153,17.0223,ok,0.3234
12.5007,689,,,0.5207,,,,,,14.1125,r2_measured_04391,read,measured,,,,,0.6888,,ok,0.3299
11.8971,675,,,0.6575,,,,,,13.6391,r2_measured_04392,read,measured,,,,,0.6313,,ok,0.3826
13.3692,681,,,0.5689,,,,,,15.0391,r2_measured_04393,read,measured,,,,,0.6428,,ok,0.377
12.8402,680,,,0.5534,,,,,,14.5101,r2_measured_04394,read,measured,,,,,0.5353,,ok,0.4781
11.7787,680,,,0.5883,,,,,,13.488,r2_measured_04395,read,measured,,,,,0.7237,,ok,0.3253
14.3488,509,,,0.4227,,,,,,15.7181,r2_measured_04396,read,measured,,,,,0.5596,,ok,0.3231
12.2105,688,,,0.6376,,,,,,14.029,r2_measured_04397,read,measured,,,,,0.7121,,ok,0.3856
9.2197,419,,,0.2609,,,,,,10.3808,r2_measured_04398,read,measured,,,,,0.515,,ok,0.3273
13.2378,567,,,0.4699,,,,,,14.6493,r2_measured_04399,read,measured,,,,,0.551,,ok,0.3341
12.5569,629,,,0.5114,,,,,,14.0746,r2_measured_04400,read,measured,,,,,0.5873,,ok,0.3475
12.3511,680,,,0.4881,,,,,,13.856,r2_measured_04401,read,measured,,,,,0.5682,,ok,0.381
8.1097,369,,,0.2044,,,,,,9.1322,r2_measured_04402,read,measured,,,,,0.4639,,ok,0.3079
13.1292,689,,,0.884,,,,,,15.7616,r2_measured_04403,read,measured,,,,,1.0321,,ok,0.6115
10.9877,509,,,0.4648,,,,,,12.4823,r2_measured_04404,read,measured,,,,,0.5952,,ok,0.3705
13.5687,680,,,0.54,,,,,,15.1861,r2_measured_04405,read,measured,,,,,0.6335,,ok,0.3636
13.1905,681,,,0.5652,,,,,,14.8961,r2_measured_04406,read,measured,,,,,0.725,,ok,0.3381
12.4188,663,,,0.5956,,,,,,14.14,r2_measured_04407,read,measured,,,,,0.7064,,ok,0.3369
11.7322,663,,,0.5172,,,,,,13.274,r2_measured_04408,read,measured,,,,,0.634,,ok,0.3249
11.3293,509,,,0.4675,,,,,,12.9513,r2_measured_04409,read,measured,,,,,0.671,,ok,0.4067
11.5659,509,,,0.4757,,,,,,13.1442,r2_measured_04410,read,measured,,,,,0.6721,,ok,0.3558
74.2771,681,12.0047,12.4414,0.5172,2.1825,1,12.4392,1,41.3875,75.8695,r2_measured_04411,update,measured,28.9461,1.5924,1,0.0068,0.6546,18.6956,ok,0.351
11.6083,663,,,0.7077,,,,,,13.7169,r2_measured_04412,read,measured,,,,,0.8216,,ok,0.4785
12.5244,568,,,0.5272,,,,,,14.1366,r2_measured_04413,read,measured,,,,,0.6709,,ok,0.3472
13.9793,509,,,0.4912,,,,,,15.4483,r2_measured_04414,read,measured,,,,,0.5533,,ok,0.3581
16.1889,673,,,0.5583,,,,,,17.7773,r2_measured_04415,read,measured,,,,,0.6277,,ok,0.3278
13.0339,680,,,0.594,,,,,,14.7837,r2_measured_04416,read,measured,,,,,0.6803,,ok,0.3991
11.4225,509,,,0.5172,,,,,,12.9881,r2_measured_04417,read,measured,,,,,0.6002,,ok,0.3745
12.0639,681,,,0.5846,,,,,,13.7486,r2_measured_04418,read,measured,,,,,0.6648,,ok,0.3651
13.0023,680,,,0.6753,,,,,,14.9164,r2_measured_04419,read,measured,,,,,0.7569,,ok,0.3924
12.5682,629,,,0.5558,,,,,,14.2193,r2_measured_04420,read,measured,,,,,0.6406,,ok,0.3855
8.0894,419,,,0.2441,,,,,,9.2422,r2_measured_04421,read,measured,,,,,0.5256,,ok,0.3314
8.2573,419,,,0.2616,,,,,,9.4355,r2_measured_04422,read,measured,,,,,0.5069,,ok,0.3188
11.3022,568,,,0.533,,,,,,12.9273,r2_measured_04423,read,measured,,,,,0.6295,,ok,0.387
10.5443,509,,,0.4555,,,,,,12.2101,r2_measured_04424,read,measured,,,,,0.6398,,ok,0.5023
10.2832,509,,,0.4394,,,,,,11.6975,r2_measured_04425,read,measured,,,,,0.5741,,ok,0.3335
13.2348,681,,,0.6559,,,,,,15.249,r2_measured_04426,read,measured,,,,,0.8046,,ok,0.455
12.2146,568,,,0.5672,,,,,,13.8943,r2_measured_04427,read,measured,,,,,0.6647,,ok,0.3603
12.9068,681,,,0.5088,,,,,,14.5227,r2_measured_04428,read,measured,,,,,0.7021,,ok,0.331
10.3378,509,,,0.4681,,,,,,11.8949,r2_measured_04429,read,measured,,,,,0.6078,,ok,0.4004
9.0316,419,,,0.2801,,,,,,10.2156,r2_measured_04430,read,measured,,,,,0.4986,,ok,0.3436
15.774,663,,,0.5528,,,,,,17.278,r2_measured_04431,read,measured,,,,,0.5644,,ok,0.3236
13.5342,689,,,0.5256,,,,,,15.1947,r2_measured_04432,read,measured,,,,,0.6981,,ok,0.3545
13.6841,680,,,0.5116,,,,,,15.2153,r2_measured_04433,read,measured,,,,,0.6165,,ok,0.335
11.7103,680,,,0.6074,,,,,,13.4047,r2_measured_04434,read,measured,,,,,0.6743,,ok,0.3378
12.3098,680,,,0.8399,,,,,,14.6965,r2_measured_04435,read,measured,,,,,0.9158,,ok,0.5374
10.5326,419,,,0.2819,,,,,,11.9425,r2_measured_04436,read,measured,,,,,0.6911,,ok,0.3735
66.4903,628,11.6395,3.9319,0.5197,2.2297,1,3.9296,1,21.8411,67.9715,r2_measured_04437,update,measured,17.9092,1.4812,1,11.2528,0.56,19.5272,ok,0.3381
11.3906,629,,,0.5413,,,,,,13.1619,r2_measured_04438,read,measured,,,,,0.7551,,ok,0.3931
12.7231,629,,,0.5412,,,,,,14.3204,r2_measured_04439,read,measured,,,,,0.6228,,ok,0.365
13.3003,689,,,0.6422,,,,,,15.3867,r2_measured_04440,read,measured,,,,,0.9502,,ok,0.3872
10.7833,509,,,0.4738,,,,,,12.3598,r2_measured_04441,read,measured,,,,,0.675,,ok,0.3555
10.1827,509,,,0.4957,,,,,,11.5387,r2_measured_04442,read,measured,,,,,0.4688,,ok,0.3339
12.0227,680,,,0.6233,,,,,,13.7045,r2_measured_04443,read,measured,,,,,0.6174,,ok,0.3641
11.6505,629,,,0.5089,,,,,,13.3813,r2_measured_04444,read,measured,,,,,0.7841,,ok,0.3661
12.7698,675,,,0.6419,,,,,,14.6284,r2_measured_04445,read,measured,,,,,0.7617,,ok,0.3711
12.767,629,,,0.6106,,,,,,14.4973,r2_measured_04446,read,measured,,,,,0.6509,,ok,0.3916
10.9078,509,,,0.4185,,,,,,12.2597,r2_measured_04447,read,measured,,,,,0.5299,,ok,0.3437
12.4724,675,,,0.5416,,,,,,14.0428,r2_measured_04448,read,measured,,,,,0.6132,,ok,0.3374
13.194,663,,,0.6805,,,,,,15.0581,r2_measured_04449,read,measured,,,,,0.7343,,ok,0.3663
13.5108,681,,,0.5108,,,,,,15.1026,r2_measured_04450,read,measured,,,,,0.6576,,ok,0.3443
11.8724,675,,,0.5182,,,,,,13.3754,r2_measured_04451,read,measured,,,,,0.5901,,ok,0.3332
8.8117,509,,,0.5262,,,,,,10.4451,r2_measured_04452,read,measured,,,,,0.5083,,ok,0.5277
12.0047,568,,,0.5032,,,,,,13.7407,r2_measured_04453,read,measured,,,,,0.684,,ok,0.4723
12.3885,681,,,0.5873,,,,,,14.0729,r2_measured_04454,read,measured,,,,,0.6392,,ok,0.3836
8.9198,419,,,0.3042,,,,,,10.2111,r2_measured_04455,read,measured,,,,,0.5514,,ok,0.365
12.2059,629,,,0.5193,,,,,,13.7489,r2_measured_04456,read,measured,,,,,0.6286,,ok,0.3234
10.75,568,,,0.5582,,,,,,12.5637,r2_measured_04457,read,measured,,,,,0.7563,,ok,0.4155
13.7396,629,,,0.73,,,,,,15.6803,r2_measured_04458,read,measured,,,,,0.7248,,ok,0.4008
14.2488,680,,,0.5324,,,,,,15.781,r2_measured_04459,read,measured,,,,,0.6071,,ok,0.3277
9.6642,509,,,0.4216,,,,,,11.073,r2_measured_04460,read,measured,,,,,0.6019,,ok,0.324
12.0314,680,,,0.4695,,,,,,13.4385,r2_measured_04461,read,measured,,,,,0.5512,,ok,0.3282
14.0051,663,,,0.6898,,,,,,16.0478,r2_measured_04462,read,measured,,,,,0.799,,ok,0.4504
24.5068,509,,,0.5119,,,,,,26.2783,r2_measured_04463,read,measured,,,,,0.6737,,ok,0.5028
18.6654,419,,,0.257,,,,,,19.8747,r2_measured_04464,read,measured,,,,,0.5111,,ok,0.3716
24.3574,663,,,0.6105,,,,,,26.173,r2_measured_04465,read,measured,,,,,0.7295,,ok,0.3975
17.179,568,,,0.4699,,,,,,18.5977,r2_measured_04466,read,measured,,,,,0.5587,,ok,0.3229
10.884,567,,,0.5363,,,,,,12.436,r2_measured_04467,read,measured,,,,,0.6207,,ok,0.3299
10.2973,419,,,0.234,,,,,,11.3266,r2_measured_04468,read,measured,,,,,0.4498,,ok,0.2985
10.0886,369,,,0.2156,,,,,,11.1539,r2_measured_04469,read,measured,,,,,0.46,,ok,0.3297
12.0436,629,,,0.516,,,,,,13.5572,r2_measured_04470,read,measured,,,,,0.5894,,ok,0.3367
14.3563,663,,,0.6066,,,,,,16.1457,r2_measured_04471,read,measured,,,,,0.6817,,ok,0.4174
15.2196,629,,,0.5995,,,,,,16.9646,r2_measured_04472,read,measured,,,,,0.7104,,ok,0.3579
14.3553,675,,,0.6011,,,,,,16.0642,r2_measured_04473,read,measured,,,,,0.6709,,ok,0.3632
14.7892,688,,,0.6509,,,,,,16.7154,r2_measured_04474,read,measured,,,,,0.7822,,ok,0.3982
14.9112,680,,,0.6799,,,,,,16.8408,r2_measured_04475,read,measured,,,,,0.753,,ok,0.4121
15.124,688,,,0.7144,,,,,,17.1339,r2_measured_04476,read,measured,,,,,0.8043,,ok,0.4033
13.6172,629,,,0.5536,,,,,,15.3681,r2_measured_04477,read,measured,,,,,0.774,,ok,0.3489
62.7845,675,13.6329,3.1982,0.6736,2.2763,1,3.1966,1,25.5931,64.6242,r2_measured_04478,update,measured,22.3949,1.8397,1,0.0064,0.7106,21.2758,ok,0.3822
13.9897,681,,,0.6979,,,,,,16.062,r2_measured_04479,read,measured,,,,,0.8335,,ok,0.4377
16.5701,629,,,0.6222,,,,,,18.3874,r2_measured_04480,read,measured,,,,,0.7081,,ok,0.406
8.5896,369,,,0.2609,,,,,,9.859,r2_measured_04481,read,measured,,,,,0.5665,,ok,0.379
13.0927,675,,,0.6184,,,,,,14.8021,r2_measured_04482,read,measured,,,,,0.6299,,ok,0.3652
14.6299,663,,,0.6175,,,,,,16.6152,r2_measured_04483,read,measured,,,,,0.7411,,ok,0.5369
13.8729,680,,,0.6834,,,,,,15.7147,r2_measured_04484,read,measured,,,,,0.707,,ok,0.3709
9.8476,417,,,0.2852,,,,,,11.1827,r2_measured_04485,read,measured,,,,,0.5501,,ok,0.4331
12.7576,629,,,0.5692,,,,,,14.3947,r2_measured_04486,read,measured,,,,,0.6411,,ok,0.3469
10.3604,509,,,0.5906,,,,,,12.1677,r2_measured_04487,read,measured,,,,,0.7077,,ok,0.4349
11.0255,509,,,0.5459,,,,,,12.6465,r2_measured_04488,read,measured,,,,,0.6451,,ok,0.3688
12.0433,680,,,0.6459,,,,,,13.7628,r2_measured_04489,read,measured,,,,,0.6536,,ok,0.3415
13.2189,681,,,0.8025,,,,,,15.6157,r2_measured_04490,read,measured,,,,,1.0278,,ok,0.47
12.6912,509,,,0.5927,,,,,,14.4117,r2_measured_04491,read,measured,,,,,0.5833,,ok,0.444
14.4275,419,,,0.3714,,,,,,15.9738,r2_measured_04492,read,measured,,,,,0.6153,,ok,0.4893
12.2277,509,,,0.5055,,,,,,13.8285,r2_measured_04493,read,measured,,,,,0.6667,,ok,0.3507
13.6107,675,,,0.5399,,,,,,15.2129,r2_measured_04494,read,measured,,,,,0.6484,,ok,0.3384
14.5315,673,,,0.6568,,,,,,16.3213,r2_measured_04495,read,measured,,,,,0.674,,ok,0.3725
13.8467,509,,,0.5013,,,,,,15.3597,r2_measured_04496,read,measured,,,,,0.5633,,ok,0.3769
17.8132,689,,,0.6673,,,,,,19.793,r2_measured_04497,read,measured,,,,,0.813,,ok,0.407
14.2116,663,,,0.6052,,,,,,16.0223,r2_measured_04498,read,measured,,,,,0.7416,,ok,0.3785
8.2393,369,,,0.222,,,,,,9.3362,r2_measured_04499,read,measured,,,,,0.4917,,ok,0.3249
8.3405,418,,,0.3097,,,,,,9.7391,r2_measured_04500,read,measured,,,,,0.5665,,ok,0.4432
10.8407,419,,,0.2806,,,,,,12.1029,r2_measured_04501,read,measured,,,,,0.5509,,ok,0.37
12.8533,675,,,0.6299,,,,,,14.6321,r2_measured_04502,read,measured,,,,,0.7011,,ok,0.3663
15.294,417,,,0.2448,,,,,,16.397,r2_measured_04503,read,measured,,,,,0.4907,,ok,0.3117
15.0643,567,,,0.5803,,,,,,16.6863,r2_measured_04504,read,measured,,,,,0.6281,,ok,0.3482
11.9661,629,,,0.6184,,,,,,13.6146,r2_measured_04505,read,measured,,,,,0.6257,,ok,0.3305
8.2528,369,,,0.3003,,,,,,9.6746,r2_measured_04506,read,measured,,,,,0.5727,,ok,0.4877
13.6314,681,,,0.6631,,,,,,15.5536,r2_measured_04507,read,measured,,,,,0.7648,,ok,0.4026
15.4707,509,,,0.4626,,,,,,16.938,r2_measured_04508,read,measured,,,,,0.562,,ok,0.3731
18.1574,689,,,0.6398,,,,,,20.1129,r2_measured_04509,read,measured,,,,,0.8415,,ok,0.3903
8.9067,419,,,0.2674,,,,,,10.138,r2_measured_04510,read,measured,,,,,0.5426,,ok,0.3682
12.8502,629,,,0.7048,,,,,,14.9149,r2_measured_04511,read,measured,,,,,0.9549,,ok,0.3281
12.7143,681,,,0.4871,,,,,,14.1982,r2_measured_04512,read,measured,,,,,0.5962,,ok,0.3282
13.5595,689,,,0.5922,,,,,,15.4821,r2_measured_04513,read,measured,,,,,0.7658,,ok,0.4737
15.5687,509,,,0.4693,,,,,,17.1186,r2_measured_04514,read,measured,,,,,0.64,,ok,0.366
16.6713,680,,,0.7385,,,,,,18.5952,r2_measured_04515,read,measured,,,,,0.699,,ok,0.4053
13.7507,679,,,0.5247,,,,,,15.4215,r2_measured_04516,read,measured,,,,,0.7072,,ok,0.3612
12.3678,629,,,0.5452,,,,,,14.033,r2_measured_04517,read,measured,,,,,0.6601,,ok,0.3899
12.9248,679,,,0.6732,,,,,,14.7339,r2_measured_04518,read,measured,,,,,0.7378,,ok,0.3266
10.9794,629,,,0.5272,,,,,,12.4562,r2_measured_04519,read,measured,,,,,0.5316,,ok,0.3399
10.7048,628,,,0.5505,,,,,,12.3098,r2_measured_04520,read,measured,,,,,0.6322,,ok,0.3438
13.5599,680,,,0.6406,,,,,,15.4677,r2_measured_04521,read,measured,,,,,0.7302,,ok,0.4483
12.1805,568,,,0.4792,,,,,,13.8022,r2_measured_04522,read,measured,,,,,0.6814,,ok,0.3871
13.363,680,,,0.6108,,,,,,15.0232,r2_measured_04523,read,measured,,,,,0.61,,ok,0.3543
10.4794,629,,,0.4543,,,,,,11.8897,r2_measured_04524,read,measured,,,,,0.5649,,ok,0.332
10.4954,567,,,0.5435,,,,,,12.1608,r2_measured_04525,read,measured,,,,,0.6908,,ok,0.3514
12.1943,681,,,0.5735,,,,,,13.7833,r2_measured_04526,read,measured,,,,,0.609,,ok,0.3351
9.8948,568,,,0.5942,,,,,,11.5326,r2_measured_04527,read,measured,,,,,0.5988,,ok,0.3809
12.9328,680,,,0.5644,,,,,,14.6298,r2_measured_04528,read,measured,,,,,0.6455,,ok,0.3574
11.8646,681,,,0.6068,,,,,,13.5016,r2_measured_04529,read,measured,,,,,0.5868,,ok,0.3671
74.97,689,13.7898,4.6059,0.6019,2.515,1,4.6036,1,24.9923,76.6397,r2_measured_04530,update,measured,20.3864,1.6697,1,12.1848,0.6442,21.4881,ok,0.3411
13.742,675,,,0.6301,,,,,,15.5966,r2_measured_04531,read,measured,,,,,0.6536,,ok,0.4784
12.0838,627,,,0.5026,,,,,,13.6306,r2_measured_04532,read,measured,,,,,0.6153,,ok,0.3601
11.4753,629,,,0.589,,,,,,13.2511,r2_measured_04533,read,measured,,,,,0.6502,,ok,0.4465
9.8605,509,,,0.4546,,,,,,11.2244,r2_measured_04534,read,measured,,,,,0.54,,ok,0.3084
10.0157,568,,,0.6768,,,,,,12.1413,r2_measured_04535,read,measured,,,,,0.8118,,ok,0.5517
9.8827,419,,,0.2909,,,,,,11.3774,r2_measured_04536,read,measured,,,,,0.5865,,ok,0.5389
7.7467,369,,,0.2211,,,,,,8.7751,r2_measured_04537,read,measured,,,,,0.4505,,ok,0.3089
11.641,681,,,0.6488,,,,,,13.2939,r2_measured_04538,read,measured,,,,,0.6119,,ok,0.3182
12.6892,629,,,0.5322,,,,,,14.4251,r2_measured_04539,read,measured,,,,,0.7455,,ok,0.3843
76.21,680,15.044,5.5719,0.6086,3.0527,1,5.57,1,23.3997,77.9946,r2_measured_04540,update,measured,17.8278,1.7846,1,13.3221,0.6253,21.3915,ok,0.4703
12.4032,568,,,0.5097,,,,,,13.9105,r2_measured_04541,read,measured,,,,,0.5526,,ok,0.367
12.5869,627,,,0.4295,,,,,,13.9853,r2_measured_04542,read,measured,,,,,0.5417,,ok,0.3704
9.1333,418,,,0.3333,,,,,,10.5102,r2_measured_04543,read,measured,,,,,0.5085,,ok,0.4737
9.0301,419,,,0.2751,,,,,,10.1849,r2_measured_04544,read,measured,,,,,0.4914,,ok,0.3296
8.1762,369,,,0.3611,,,,,,10.1108,r2_measured_04545,read,measured,,,,,0.9516,,ok,0.5289
15.272,369,,,0.2934,,,,,,16.6435,r2_measured_04546,read,measured,,,,,0.5982,,ok,0.4086
14.5545,679,,,0.5632,,,,,,16.193,r2_measured_04547,read,measured,,,,,0.6518,,ok,0.3503
12.66,689,,,0.5012,,,,,,14.2195,r2_measured_04548,read,measured,,,,,0.617,,ok,0.3638
13.6419,689,,,0.6191,,,,,,15.6003,r2_measured_04549,read,measured,,,,,0.7567,,ok,0.4894
11.043,508,,,0.4994,,,,,,12.4193,r2_measured_04550,read,measured,,,,,0.4722,,ok,0.3436
11.8815,629,,,0.5801,,,,,,13.5413,r2_measured_04551,read,measured,,,,,0.6535,,ok,0.352
13.3692,629,,,0.6264,,,,,,15.1982,r2_measured_04552,read,measured,,,,,0.7044,,ok,0.4218
70.1581,680,14.1243,3.3488,0.6026,2.4436,1,3.3458,1,21.1429,72.0325,r2_measured_04553,update,measured,17.7941,1.8744,1,11.2578,0.6488,21.1895,ok,0.528
13.361,663,,,0.5339,,,,,,15.0308,r2_measured_04554,read,measured,,,,,0.7072,,ok,0.3531
11.7089,681,,,0.4886,,,,,,13.1948,r2_measured_04555,read,measured,,,,,0.6068,,ok,0.3262
11.3867,663,,,0.5396,,,,,,13.0696,r2_measured_04556,read,measured,,,,,0.7121,,ok,0.3521
10.2984,568,,,0.5007,,,,,,11.7255,r2_measured_04557,read,measured,,,,,0.5558,,ok,0.3106
11.0057,663,,,0.5381,,,,,,12.7991,r2_measured_04558,read,measured,,,,,0.733,,ok,0.4421
12.6967,663,,,0.6098,,,,,,14.4796,r2_measured_04559,read,measured,,,,,0.7054,,ok,0.3931
13.7911,689,,,0.6066,,,,,,15.5077,r2_measured_04560,read,measured,,,,,0.6657,,ok,0.371
66.1519,419,8.3516,5.6522,0.2355,1.4649,1,5.6504,1,28.1454,67.1807,r2_measured_04561,update,measured,22.4932,1.0288,1,13.0333,0.4291,15.1567,ok,0.3188
7.0843,369,,,0.2745,,,,,,8.1655,r2_measured_04562,read,measured,,,,,0.4336,,ok,0.3238
13.7875,675,,,0.6916,,,,,,15.8837,r2_measured_04563,read,measured,,,,,0.8555,,ok,0.4602
14.7658,675,,,0.5678,,,,,,16.285,r2_measured_04564,read,measured,,,,,0.5554,,ok,0.3317
12.0036,680,,,0.6583,,,,,,13.8504,r2_measured_04565,read,measured,,,,,0.7166,,ok,0.394
69.2835,629,12.4726,5.5372,0.815,2.6805,1,5.5341,1,25.298,71.5485,r2_measured_04566,update,measured,19.7608,2.265,1,10.4443,0.8689,18.3881,ok,0.4849
15.5812,689,,,0.5825,,,,,,17.4968,r2_measured_04567,read,measured,,,,,0.8609,,ok,0.3827
13.099,675,,,0.5182,,,,,,14.7187,r2_measured_04568,read,measured,,,,,0.6814,,ok,0.3419
10.3813,567,,,0.4657,,,,,,11.805,r2_measured_04569,read,measured,,,,,0.5324,,ok,0.3655
10.6203,568,,,0.4742,,,,,,12.1097,r2_measured_04570,read,measured,,,,,0.6176,,ok,0.3212
12.0434,629,,,0.5919,,,,,,13.8656,r2_measured_04571,read,measured,,,,,0.7453,,ok,0.3829
14.5432,663,,,0.6759,,,,,,16.4118,r2_measured_04572,read,measured,,,,,0.7523,,ok,0.3527
8.9518,419,,,0.2553,,,,,,10.1237,r2_measured_04573,read,measured,,,,,0.5402,,ok,0.3218
7.6032,419,,,0.2321,,,,,,8.642,r2_measured_04574,read,measured,,,,,0.4471,,ok,0.3118
11.2663,629,,,0.5183,,,,,,12.8584,r2_measured_04575,read,measured,,,,,0.6794,,ok,0.3136
10.4018,568,,,0.5828,,,,,,12.0843,r2_measured_04576,read,measured,,,,,0.6541,,ok,0.3763
11.2,689,,,0.5464,,,,,,12.7463,r2_measured_04577,read,measured,,,,,0.596,,ok,0.3369
12.8389,675,,,0.6037,,,,,,14.5439,r2_measured_04578,read,measured,,,,,0.6823,,ok,0.343
7.6551,369,,,0.2159,,,,,,8.6682,r2_measured_04579,read,measured,,,,,0.4489,,ok,0.3012
6.7643,369,,,0.2065,,,,,,7.7177,r2_measured_04580,read,measured,,,,,0.3965,,ok,0.3058
8.9507,509,,,0.4833,,,,,,10.3992,r2_measured_04581,read,measured,,,,,0.5614,,ok,0.3335
12.2987,663,,,0.6601,,,,,,14.1494,r2_measured_04582,read,measured,,,,,0.7652,,ok,0.3545
88.2469,674,18.3992,4.6147,0.4886,2.1782,1,4.613,1,31.609,89.8748,r2_measured_04583,update,measured,26.9943,1.6279,1,14.5963,0.672,21.4642,ok,0.3578
14.3229,509,,,0.5196,,,,,,15.8701,r2_measured_04584,read,measured,,,,,0.6115,,ok,0.3407
14.3512,689,,,0.5363,,,,,,16.151,r2_measured_04585,read,measured,,,,,0.7207,,ok,0.4559
12.209,567,,,0.7228,,,,,,15.4172,r2_measured_04586,read,measured,,,,,1.8385,,ok,0.4688
75.2307,680,13.3199,3.6246,0.4711,2.6453,1,3.6226,1,23.945,76.6447,r2_measured_04587,update,measured,20.3204,1.414,1,11.582,0.5646,23.7385,ok,0.3177
6.7831,369,,,0.2466,,,,,,7.9779,r2_measured_04588,read,measured,,,,,0.547,,ok,0.3394
14.5098,680,,,0.7105,,,,,,16.6124,r2_measured_04589,read,measured,,,,,0.85,,ok,0.4498
14.9189,681,,,0.6422,,,,,,16.8692,r2_measured_04590,read,measured,,,,,0.7732,,ok,0.4368
14.179,680,,,0.4957,,,,,,15.6315,r2_measured_04591,read,measured,,,,,0.5719,,ok,0.3165
12.1182,567,,,0.5277,,,,,,13.7511,r2_measured_04592,read,measured,,,,,0.6838,,ok,0.3514
13.0065,689,,,0.5469,,,,,,14.7095,r2_measured_04593,read,measured,,,,,0.6695,,ok,0.4075
11.9926,629,,,0.5357,,,,,,13.5004,r2_measured_04594,read,measured,,,,,0.5661,,ok,0.3392
8.4925,419,,,0.2623,,,,,,9.6803,r2_measured_04595,read,measured,,,,,0.5268,,ok,0.337
13.3926,688,,,0.6161,,,,,,14.9677,r2_measured_04596,read,measured,,,,,0.5764,,ok,0.313
14.1954,675,,,0.5846,,,,,,15.9045,r2_measured_04597,read,measured,,,,,0.6829,,ok,0.3581
11.2109,507,,,0.5344,,,,,,12.9043,r2_measured_04598,read,measured,,,,,0.6567,,ok,0.4219
14.7695,663,,,0.6432,,,,,,16.6309,r2_measured_04599,read,measured,,,,,0.7455,,ok,0.3834
9.3637,369,,,0.2829,,,,,,10.5723,r2_measured_04600,read,measured,,,,,0.3869,,ok,0.4714
12.9022,663,,,0.6141,,,,,,14.7807,r2_measured_04601,read,measured,,,,,0.6681,,ok,0.4874
12.5238,629,,,0.5689,,,,,,14.2119,r2_measured_04602,read,measured,,,,,0.6921,,ok,0.3532
8.5615,419,,,0.2513,,,,,,9.6495,r2_measured_04603,read,measured,,,,,0.4553,,ok,0.3286
11.9566,680,,,0.5336,,,,,,13.4645,r2_measured_04604,read,measured,,,,,0.5941,,ok,0.315
14.3678,688,,,0.6246,,,,,,16.394,r2_measured_04605,read,measured,,,,,0.9078,,ok,0.409
12.3948,568,,,0.4341,,,,,,13.8343,r2_measured_04606,read,measured,,,,,0.5905,,ok,0.3552
9.9589,508,,,0.5272,,,,,,11.6266,r2_measured_04607,read,measured,,,,,0.6577,,ok,0.4037
11.6369,568,,,0.472,,,,,,13.1706,r2_measured_04608,read,measured,,,,,0.6152,,ok,0.3788
8.7309,419,,,0.2707,,,,,,9.8994,r2_measured_04609,read,measured,,,,,0.4919,,ok,0.3526
12.95,680,,,0.5697,,,,,,14.6061,r2_measured_04610,read,measured,,,,,0.6618,,ok,0.3486
11.5755,629,,,0.6704,,,,,,13.7366,r2_measured_04611,read,measured,,,,,0.9313,,ok,0.4656
9.8264,419,,,0.3212,,,,,,11.1448,r2_measured_04612,read,measured,,,,,0.5405,,ok,0.3885
13.0856,689,,,0.5945,,,,,,14.764,r2_measured_04613,read,measured,,,,,0.6091,,ok,0.3927
7.9967,419,,,0.2351,,,,,,9.0494,r2_measured_04614,read,measured,,,,,0.4448,,ok,0.3253
55.5832,628,12.2034,4.1662,0.4775,2.4315,0,4.1645,1,18.5928,57.055,r2_measured_04615,update,measured,14.4266,1.4718,1,0.0065,0.63,22.349,ok,0.3015
62.6175,568,11.2438,4.1504,0.4426,2.1743,1,4.1489,1,18.0417,64.052,r2_measured_04616,update,measured,13.8913,1.4345,1,11.8599,0.5972,19.2978,ok,0.325
6.8972,369,,,0.2345,,,,,,8.0818,r2_measured_04617,read,measured,,,,,0.4874,,ok,0.4099
13.4871,663,,,0.6411,,,,,,15.2834,r2_measured_04618,read,measured,,,,,0.678,,ok,0.3926
12.2062,680,,,0.5498,,,,,,13.8823,r2_measured_04619,read,measured,,,,,0.712,,ok,0.3429
8.8705,508,,,0.4922,,,,,,10.2972,r2_measured_04620,read,measured,,,,,0.5405,,ok,0.3345
12.6928,681,,,0.619,,,,,,14.5397,r2_measured_04621,read,measured,,,,,0.7386,,ok,0.4029
13.3895,680,,,0.5846,,,,,,15.0378,r2_measured_04622,read,measured,,,,,0.6431,,ok,0.3444
12.4444,663,,,0.6307,,,,,,14.3164,r2_measured_04623,read,measured,,,,,0.7439,,ok,0.3917
12.6838,629,,,0.4392,,,,,,14.0787,r2_measured_04624,read,measured,,,,,0.5677,,ok,0.3222
11.813,675,,,0.6297,,,,,,13.7109,r2_measured_04625,read,measured,,,,,0.759,,ok,0.4222
12.9881,663,,,0.4871,,,,,,14.5979,r2_measured_04626,read,measured,,,,,0.7097,,ok,0.3395
54.8387,418,8.6448,4.3692,0.2978,1.5697,1,4.3671,1,26.3847,56.1473,r2_measured_04627,update,measured,22.0155,1.3086,1,0.0081,0.583,18.2314,ok,0.359
12.8842,689,,,0.5418,,,,,,14.6118,r2_measured_04628,read,measured,,,,,0.7524,,ok,0.3588
8.8248,419,,,0.2686,,,,,,9.9081,r2_measured_04629,read,measured,,,,,0.4462,,ok,0.3182
11.6761,663,,,0.5855,,,,,,13.2678,r2_measured_04630,read,measured,,,,,0.6157,,ok,0.3199
11.114,629,,,0.5007,,,,,,12.6695,r2_measured_04631,read,measured,,,,,0.6694,,ok,0.3245
11.2435,680,,,0.5509,,,,,,12.8286,r2_measured_04632,read,measured,,,,,0.6455,,ok,0.322
11.3049,629,,,0.5424,,,,,,12.9206,r2_measured_04633,read,measured,,,,,0.6945,,ok,0.3143
82.9048,568,19.6769,4.6007,0.5101,2.2474,1,4.5981,1,24.4796,84.4749,r2_measured_04634,update,measured,19.8789,1.5701,1,14.2083,0.5667,22.2926,ok,0.4258
10.4911,509,,,0.5798,,,,,,12.3597,r2_measured_04635,read,measured,,,,,0.7498,,ok,0.456
9.722,369,,,0.2934,,,,,,11.0056,r2_measured_04636,read,measured,,,,,0.5779,,ok,0.356
11.4148,568,,,0.5371,,,,,,12.9613,r2_measured_04637,read,measured,,,,,0.6015,,ok,0.3336
8.9238,369,,,0.2503,,,,,,10.0283,r2_measured_04638,read,measured,,,,,0.469,,ok,0.3318
14.1065,663,,,0.6194,,,,,,15.7227,r2_measured_04639,read,measured,,,,,0.6103,,ok,0.3183
13.127,680,,,0.6322,,,,,,14.9955,r2_measured_04640,read,measured,,,,,0.7411,,ok,0.4057
12.0869,568,,,0.502,,,,,,13.7377,r2_measured_04641,read,measured,,,,,0.6978,,ok,0.3764
9.256,419,,,0.2817,,,,,,10.5529,r2_measured_04642,read,measured,,,,,0.5715,,ok,0.3827
12.1047,629,,,0.5966,,,,,,13.8449,r2_measured_04643,read,measured,,,,,0.6892,,ok,0.373
12.7348,663,,,0.5032,,,,,,14.408,r2_measured_04644,read,measured,,,,,0.6986,,ok,0.3929
10.6731,509,,,0.5804,,,,,,12.3185,r2_measured_04645,read,measured,,,,,0.6159,,ok,0.3776
12.9961,681,,,0.5494,,,,,,14.5684,r2_measured_04646,read,measured,,,,,0.6246,,ok,0.3347
13.84,679,,,1.4196,,,,,,17.2645,r2_measured_04647,read,measured,,,,,0.6713,,ok,1.241
9.3576,419,,,0.2627,,,,,,10.5505,r2_measured_04648,read,measured,,,,,0.5085,,ok,0.3494
11.5034,629,,,0.5709,,,,,,13.0734,r2_measured_04649,read,measured,,,,,0.579,,ok,0.3539
9.7201,509,,,0.4654,,,,,,11.2257,r2_measured_04650,read,measured,,,,,0.5856,,ok,0.3764
12.1386,419,,,0.2812,,,,,,13.4152,r2_measured_04651,read,measured,,,,,0.5451,,ok,0.3881
16.5852,675,,,0.6507,,,,,,18.4243,r2_measured_04652,read,measured,,,,,0.7291,,ok,0.3771
13.9116,674,,,0.5373,,,,,,15.6225,r2_measured_04653,read,measured,,,,,0.7278,,ok,0.3685
12.5835,509,,,0.4917,,,,,,14.0933,r2_measured_04654,read,measured,,,,,0.6121,,ok,0.3369
10.7836,419,,,0.3247,,,,,,11.9977,r2_measured_04655,read,measured,,,,,0.5048,,ok,0.3254
12.3485,675,,,1.1555,,,,,,15.0594,r2_measured_04656,read,measured,,,,,0.7857,,ok,0.6803
12.0613,419,,,0.2965,,,,,,13.4551,r2_measured_04657,read,measured,,,,,0.6624,,ok,0.37
29.0139,629,,,0.4884,,,,,,30.5236,r2_measured_04658,read,measured,,,,,0.6373,,ok,0.3146
11.2909,509,,,0.4686,,,,,,12.799,r2_measured_04659,read,measured,,,,,0.6088,,ok,0.3632
14.3979,680,,,0.573,,,,,,16.1782,r2_measured_04660,read,measured,,,,,0.7551,,ok,0.366
13.9132,509,,,0.4868,,,,,,15.3882,r2_measured_04661,read,measured,,,,,0.5471,,ok,0.3728
17.3356,629,,,0.6286,,,,,,19.0714,r2_measured_04662,read,measured,,,,,0.6989,,ok,0.3321
11.1526,509,,,0.5709,,,,,,12.7537,r2_measured_04663,read,measured,,,,,0.5917,,ok,0.3728
13.0165,680,,,0.5312,,,,,,14.6178,r2_measured_04664,read,measured,,,,,0.6611,,ok,0.338
12.3913,629,,,0.5282,,,,,,13.99,r2_measured_04665,read,measured,,,,,0.6624,,ok,0.3378
12.6236,681,,,0.6426,,,,,,14.3097,r2_measured_04666,read,measured,,,,,0.6433,,ok,0.3301
12.5764,663,,,0.5348,,,,,,14.1333,r2_measured_04667,read,measured,,,,,0.6203,,ok,0.3282
15.2706,689,,,0.6461,,,,,,17.0599,r2_measured_04668,read,measured,,,,,0.6659,,ok,0.3981
14.9316,675,,,0.6109,,,,,,16.6731,r2_measured_04669,read,measured,,,,,0.6826,,ok,0.3667
13.3672,679,,,0.6285,,,,,,15.2006,r2_measured_04670,read,measured,,,,,0.6984,,ok,0.4218
13.1667,663,,,0.6336,,,,,,14.9968,r2_measured_04671,read,measured,,,,,0.7532,,ok,0.3618
12.4842,680,,,0.5048,,,,,,14.0263,r2_measured_04672,read,measured,,,,,0.6534,,ok,0.3164
13.8252,680,,,0.6473,,,,,,15.6691,r2_measured_04673,read,measured,,,,,0.6948,,ok,0.4224
12.7981,568,,,0.5979,,,,,,14.5818,r2_measured_04674,read,measured,,,,,0.6819,,ok,0.4086
9.7504,419,,,0.2852,,,,,,10.9217,r2_measured_04675,read,measured,,,,,0.5062,,ok,0.3281
13.4117,680,,,0.7077,,,,,,15.5054,r2_measured_04676,read,measured,,,,,0.7501,,ok,0.5441
14.6859,681,,,0.5279,,,,,,16.3566,r2_measured_04677,read,measured,,,,,0.6932,,ok,0.3687
13.3762,689,,,0.6436,,,,,,15.2576,r2_measured_04678,read,measured,,,,,0.7848,,ok,0.3742
13.4559,675,,,0.6299,,,,,,15.2138,r2_measured_04679,read,measured,,,,,0.6612,,ok,0.3893
12.7852,629,,,0.592,,,,,,14.5506,r2_measured_04680,read,measured,,,,,0.7213,,ok,0.3672
13.8769,675,,,0.5708,,,,,,15.5827,r2_measured_04681,read,measured,,,,,0.6832,,ok,0.3715
13.2003,689,,,0.5963,,,,,,14.9356,r2_measured_04682,read,measured,,,,,0.6924,,ok,0.3698
15.4685,689,,,0.5833,,,,,,17.155,r2_measured_04683,read,measured,,,,,0.6691,,ok,0.3581
8.5721,418,,,0.3315,,,,,,9.8187,r2_measured_04684,read,measured,,,,,0.4746,,ok,0.3847
11.7642,681,,,1.0644,,,,,,14.8937,r2_measured_04685,read,measured,,,,,0.6184,,ok,1.2911
82.329,675,12.7712,6.8944,0.5872,2.4523,0,6.891,1,30.2566,83.9185,r2_measured_04686,update,measured,23.3622,1.5895,1,14.4364,0.6061,22.4125,ok,0.3287
13.6777,681,,,0.6862,,,,,,15.4762,r2_measured_04687,read,measured,,,,,0.6844,,ok,0.3502
10.7869,568,,,0.5694,,,,,,12.4831,r2_measured_04688,read,measured,,,,,0.5689,,ok,0.4699
16.5459,689,,,0.6787,,,,,,18.5341,r2_measured_04689,read,measured,,,,,0.8031,,ok,0.4192
13.461,681,,,0.5693,,,,,,15.1141,r2_measured_04690,read,measured,,,,,0.6587,,ok,0.35
9.0153,508,,,0.4141,,,,,,10.3464,r2_measured_04691,read,measured,,,,,0.5524,,ok,0.3097
11.1832,568,,,0.457,,,,,,12.7329,r2_measured_04692,read,measured,,,,,0.6202,,ok,0.4025
13.1526,663,,,0.5599,,,,,,14.9205,r2_measured_04693,read,measured,,,,,0.7398,,ok,0.3937
9.6004,419,,,0.3008,,,,,,10.8546,r2_measured_04694,read,measured,,,,,0.5199,,ok,0.3526
12.0858,681,,,0.4912,,,,,,13.6301,r2_measured_04695,read,measured,,,,,0.6743,,ok,0.3125
11.2967,680,,,0.5264,,,,,,12.8848,r2_measured_04696,read,measured,,,,,0.6465,,ok,0.3476
12.3771,675,,,0.5526,,,,,,14.1145,r2_measured_04697,read,measured,,,,,0.7761,,ok,0.337
12.7836,689,,,0.5828,,,,,,14.4693,r2_measured_04698,read,measured,,,,,0.6419,,ok,0.3913
12.4226,663,,,0.5797,,,,,,14.0676,r2_measured_04699,read,measured,,,,,0.6035,,ok,0.3811
17.9915,675,,,0.718,,,,,,19.9208,r2_measured_04700,read,measured,,,,,0.74,,ok,0.3863
13.8454,509,,,0.4522,,,,,,15.206,r2_measured_04701,read,measured,,,,,0.5251,,ok,0.318
13.3734,681,,,0.5714,,,,,,15.1312,r2_measured_04702,read,measured,,,,,0.7181,,ok,0.3926
12.2956,663,,,0.5675,,,,,,13.9499,r2_measured_04703,read,measured,,,,,0.667,,ok,0.3484
11.9084,629,,,0.5537,,,,,,13.4454,r2_measured_04704,read,measured,,,,,0.6034,,ok,0.3182
8.3154,419,,,0.2349,,,,,,9.3646,r2_measured_04705,read,measured,,,,,0.4729,,ok,0.2963
10.7687,568,,,0.5896,,,,,,12.5413,r2_measured_04706,read,measured,,,,,0.7348,,ok,0.3701
11.2136,419,,,0.2436,,,,,,12.3062,r2_measured_04707,read,measured,,,,,0.4777,,ok,0.3207
13.6879,629,,,0.5647,,,,,,15.3337,r2_measured_04708,read,measured,,,,,0.6621,,ok,0.3436
14.7792,680,,,0.5916,,,,,,16.3949,r2_measured_04709,read,measured,,,,,0.6248,,ok,0.326
17.0667,681,,,1.0707,,,,,,19.3586,r2_measured_04710,read,measured,,,,,0.7214,,ok,0.4107
10.7327,509,,,0.471,,,,,,12.2406,r2_measured_04711,read,measured,,,,,0.5926,,ok,0.3696
7.7954,369,,,0.2199,,,,,,8.8777,r2_measured_04712,read,measured,,,,,0.495,,ok,0.316
11.8105,680,,,0.5663,,,,,,13.5372,r2_measured_04713,read,measured,,,,,0.6986,,ok,0.379
11.4271,568,,,0.524,,,,,,12.9446,r2_measured_04714,read,measured,,,,,0.5903,,ok,0.3373
11.7396,680,,,0.5363,,,,,,13.3396,r2_measured_04715,read,measured,,,,,0.5899,,ok,0.3996
62.7521,419,8.6832,4.6984,0.2715,1.4684,1,4.696,1,23.4027,63.8403,r2_measured_04716,update,measured,18.7043,1.0882,1,12.7343,0.4409,16.4635,ok,0.3261
14.6954,629,,,0.5178,,,,,,16.212,r2_measured_04717,read,measured,,,,,0.6022,,ok,0.3279
13.8486,689,,,0.4893,,,,,,15.4023,r2_measured_04718,read,measured,,,,,0.5943,,ok,0.3971
61.6154,419,8.0327,4.5611,0.2335,1.3828,0,4.558,1,25.5929,62.7515,r2_measured_04719,update,measured,21.0318,1.1361,1,12.3082,0.4819,14.2988,ok,0.3616
10.9022,629,,,0.6704,,,,,,12.8921,r2_measured_04720,read,measured,,,,,0.8481,,ok,0.3831
10.2361,509,,,0.5235,,,,,,11.7265,r2_measured_04721,read,measured,,,,,0.5555,,ok,0.3468
16.275,680,,,0.5182,,,,,,17.9919,r2_measured_04722,read,measured,,,,,0.66,,ok,0.456
12.3045,663,,,0.5181,,,,,,13.8488,r2_measured_04723,read,measured,,,,,0.615,,ok,0.3424
11.4613,663,,,0.4821,,,,,,12.9959,r2_measured_04724,read,measured,,,,,0.6556,,ok,0.334
10.8227,629,,,0.5733,,,,,,12.6773,r2_measured_04725,read,measured,,,,,0.7654,,ok,0.4408
12.6157,680,,,0.5718,,,,,,14.2846,r2_measured_04726,read,measured,,,,,0.6691,,ok,0.3628
10.192,568,,,0.3932,,,,,,11.411,r2_measured_04727,read,measured,,,,,0.4767,,ok,0.3
8.9951,509,,,0.4505,,,,,,10.3717,r2_measured_04728,read,measured,,,,,0.5464,,ok,0.3166
12.7635,663,,,0.5142,,,,,,14.2934,r2_measured_04729,read,measured,,,,,0.5998,,ok,0.3491
87.911,681,14.3304,5.2485,0.6472,2.8719,1,5.2467,1,25.7632,89.7799,r2_measured_04730,update,measured,20.5147,1.8689,1,25.7023,0.715,19.2432,ok,0.4287
13.4109,679,,,0.5832,,,,,,15.0253,r2_measured_04731,read,measured,,,,,0.6249,,ok,0.3369
13.0383,663,,,0.5514,,,,,,14.8188,r2_measured_04732,read,measured,,,,,0.7581,,ok,0.3901
11.6097,509,,,0.4808,,,,,,13.0267,r2_measured_04733,read,measured,,,,,0.5231,,ok,0.3519
14.1189,681,,,0.5542,,,,,,15.7652,r2_measured_04734,read,measured,,,,,0.6655,,ok,0.346
15.9735,681,,,0.5825,,,,,,17.5658,r2_measured_04735,read,measured,,,,,0.6034,,ok,0.3363
13.5684,419,,,0.3008,,,,,,14.7798,r2_measured_04736,read,measured,,,,,0.5226,,ok,0.3253
11.775,629,,,0.5366,,,,,,13.28,r2_measured_04737,read,measured,,,,,0.6003,,ok,0.3045
13.7254,689,,,0.9058,,,,,,16.0397,r2_measured_04738,read,measured,,,,,0.7743,,ok,0.539
13.5707,680,,,0.5319,,,,,,15.1845,r2_measured_04739,read,measured,,,,,0.6782,,ok,0.3272
11.3278,663,,,0.4638,,,,,,12.8154,r2_measured_04740,read,measured,,,,,0.6291,,ok,0.3257
12.0627,681,,,0.5265,,,,,,13.6251,r2_measured_04741,read,measured,,,,,0.6245,,ok,0.3355
12.2032,681,,,0.4627,,,,,,13.6947,r2_measured_04742,read,measured,,,,,0.6324,,ok,0.331
100.3717,508,10.4415,8.4398,0.4785,2.0476,0,8.4384,1,50.0151,101.7858,r2_measured_04743,update,measured,41.5753,1.4141,1,19.9616,0.5761,17.9059,ok,0.3091
14.0939,629,,,0.5214,,,,,,15.7105,r2_measured_04744,read,measured,,,,,0.6976,,ok,0.3298
11.2877,629,,,0.5454,,,,,,12.8019,r2_measured_04745,read,measured,,,,,0.5799,,ok,0.3209
69.3881,509,10.0498,6.8104,0.479,1.9443,0,6.8086,1,27.9434,70.8745,r2_measured_04746,update,measured,21.133,1.4864,1,12.1956,0.5808,17.255,ok,0.3649
14.2533,680,,,0.5882,,,,,,16.0357,r2_measured_04747,read,measured,,,,,0.7612,,ok,0.3498
15.6874,681,,,0.5878,,,,,,17.4478,r2_measured_04748,read,measured,,,,,0.7217,,ok,0.3716
10.8284,419,,,0.3659,,,,,,12.2631,r2_measured_04749,read,measured,,,,,0.6037,,ok,0.3937
16.4743,689,,,0.6088,,,,,,18.3536,r2_measured_04750,read,measured,,,,,0.7571,,ok,0.427
13.991,629,,,0.5658,,,,,,15.7913,r2_measured_04751,read,measured,,,,,0.7748,,ok,0.3775
12.325,568,,,0.5606,,,,,,13.9737,r2_measured_04752,read,measured,,,,,0.6282,,ok,0.3844
13.8025,689,,,0.512,,,,,,15.4761,r2_measured_04753,read,measured,,,,,0.7122,,ok,0.3574
12.7922,675,,,0.8452,,,,,,14.9794,r2_measured_04754,read,measured,,,,,0.7945,,ok,0.4633
13.3602,629,,,0.6089,,,,,,15.0713,r2_measured_04755,read,measured,,,,,0.6443,,ok,0.3785
12.4541,629,,,0.4928,,,,,,14.0226,r2_measured_04756,read,measured,,,,,0.6563,,ok,0.3468
9.8963,509,,,0.5062,,,,,,11.404,r2_measured_04757,read,measured,,,,,0.5659,,ok,0.3609
17.8157,681,,,0.5742,,,,,,19.5737,r2_measured_04758,read,measured,,,,,0.7588,,ok,0.3494
12.7996,681,,,0.58,,,,,,14.4165,r2_measured_04759,read,measured,,,,,0.6069,,ok,0.3538
12.146,629,,,0.5545,,,,,,13.842,r2_measured_04760,read,measured,,,,,0.6785,,ok,0.3836
11.3912,419,,,0.2612,,,,,,12.7017,r2_measured_04761,read,measured,,,,,0.5264,,ok,0.45
12.8032,680,,,0.6045,,,,,,14.4429,r2_measured_04762,read,measured,,,,,0.633,,ok,0.3271
13.4798,675,,,0.6484,,,,,,17.1362,r2_measured_04763,read,measured,,,,,0.6055,,ok,2.3203
12.4222,681,,,0.5005,,,,,,13.9492,r2_measured_04764,read,measured,,,,,0.6093,,ok,0.3472
12.5896,629,,,0.5473,,,,,,14.32,r2_measured_04765,read,measured,,,,,0.7634,,ok,0.342
8.7114,419,,,0.2472,,,,,,9.7934,r2_measured_04766,read,measured,,,,,0.4784,,ok,0.304
12.0992,681,,,0.5775,,,,,,13.7489,r2_measured_04767,read,measured,,,,,0.6333,,ok,0.3606
78.2974,680,14.3512,7.3137,0.5174,2.5902,1,7.3115,1,27.9396,79.8996,r2_measured_04768,update,measured,20.6259,1.6022,1,13.0991,0.655,20.3173,ok,0.3511
13.4455,509,,,0.8838,,,,,,15.2717,r2_measured_04769,read,measured,,,,,0.5482,,ok,0.3302
15.9604,680,,,0.5095,,,,,,17.5362,r2_measured_04770,read,measured,,,,,0.6682,,ok,0.3232
10.4047,419,,,0.2417,,,,,,11.5724,r2_measured_04771,read,measured,,,,,0.5541,,ok,0.3196
14.539,689,,,0.6483,,,,,,16.4781,r2_measured_04772,read,measured,,,,,0.7972,,ok,0.3993
14.9672,681,,,0.5281,,,,,,16.5867,r2_measured_04773,read,measured,,,,,0.6929,,ok,0.3261
12.4176,568,,,0.5094,,,,,,14.0534,r2_measured_04774,read,measured,,,,,0.6791,,ok,0.3663
10.0527,419,,,0.2452,,,,,,11.1694,r2_measured_04775,read,measured,,,,,0.4885,,ok,0.3192
66.2843,568,12.2333,4.7249,0.5915,2.1789,1,4.7227,1,27.8909,68.1017,r2_measured_04776,update,measured,23.166,1.8174,1,0.0065,0.763,23.9747,ok,0.3855
14.5039,689,,,0.7163,,,,,,16.6144,r2_measured_04777,read,measured,,,,,0.8642,,ok,0.4365
14.5588,680,,,0.5614,,,,,,16.4175,r2_measured_04778,read,measured,,,,,0.7863,,ok,0.4085
14.1774,663,,,0.6087,,,,,,15.992,r2_measured_04779,read,measured,,,,,0.7278,,ok,0.3884
12.8255,567,,,0.5812,,,,,,14.5639,r2_measured_04780,read,measured,,,,,0.697,,ok,0.3825
8.3655,369,,,0.2517,,,,,,9.5628,r2_measured_04781,read,measured,,,,,0.5049,,ok,0.3804
12.7086,629,,,0.6867,,,,,,14.5618,r2_measured_04782,read,measured,,,,,0.6398,,ok,0.4375
12.088,568,,,0.5108,,,,,,13.7606,r2_measured_04783,read,measured,,,,,0.6489,,ok,0.4349
85.3874,689,13.7196,4.4958,0.7312,2.3424,1,4.4937,1,21.6562,87.4643,r2_measured_04784,update,measured,17.1604,2.0769,1,26.2525,0.8267,21.4167,ok,0.425
15.68,419,,,0.3467,,,,,,17.2824,r2_measured_04785,read,measured,,,,,0.6988,,ok,0.4624
15.1625,629,,,0.6376,,,,,,17.059,r2_measured_04786,read,measured,,,,,0.7448,,ok,0.4301
12.7353,663,,,0.6028,,,,,,14.4347,r2_measured_04787,read,measured,,,,,0.6499,,ok,0.3728
11.954,629,,,0.5789,,,,,,13.7372,r2_measured_04788,read,measured,,,,,0.7899,,ok,0.343
14.6747,675,,,0.6351,,,,,,16.5616,r2_measured_04789,read,measured,,,,,0.7814,,ok,0.3934
13.0365,663,,,0.6712,,,,,,14.9883,r2_measured_04790,read,measured,,,,,0.7409,,ok,0.4537
13.7012,675,,,0.5568,,,,,,15.3229,r2_measured_04791,read,measured,,,,,0.6471,,ok,0.3434
10.5369,509,,,0.5179,,,,,,12.4245,r2_measured_04792,read,measured,,,,,0.9225,,ok,0.3806
12.3876,629,,,0.5535,,,,,,14.0432,r2_measured_04793,read,measured,,,,,0.6441,,ok,0.3786
9.2179,419,,,0.2351,,,,,,10.2676,r2_measured_04794,read,measured,,,,,0.4473,,ok,0.3188
7.8387,369,,,0.2158,,,,,,8.8767,r2_measured_04795,read,measured,,,,,0.4832,,ok,0.2959
13.4754,663,,,0.6001,,,,,,15.1778,r2_measured_04796,read,measured,,,,,0.7002,,ok,0.3276
9.3315,419,,,0.3586,,,,,,10.5893,r2_measured_04797,read,measured,,,,,0.4817,,ok,0.3609
13.1457,628,,,0.656,,,,,,14.8337,r2_measured_04798,read,measured,,,,,0.6004,,ok,0.3516
13.9558,689,,,0.6077,,,,,,15.6221,r2_measured_04799,read,measured,,,,,0.6466,,ok,0.3298
11.5231,663,,,0.6124,,,,,,13.2396,r2_measured_04800,read,measured,,,,,0.6836,,ok,0.3521
13.5568,680,,,0.6398,,,,,,15.3496,r2_measured_04801,read,measured,,,,,0.6802,,ok,0.3908
13.5303,681,,,0.7066,,,,,,15.3367,r2_measured_04802,read,measured,,,,,0.643,,ok,0.3708
8.1727,369,,,0.248,,,,,,9.3979,r2_measured_04803,read,measured,,,,,0.5686,,ok,0.3507
16.6542,680,,,0.6581,,,,,,18.5541,r2_measured_04804,read,measured,,,,,0.7981,,ok,0.3634
14.9309,689,,,0.5497,,,,,,16.6251,r2_measured_04805,read,measured,,,,,0.6628,,ok,0.3955
13.5882,680,,,0.6696,,,,,,15.6011,r2_measured_04806,read,measured,,,,,0.8114,,ok,0.4417
14.2812,663,,,0.8214,,,,,,16.3267,r2_measured_04807,read,measured,,,,,0.7461,,ok,0.3871
16.02,681,,,0.5899,,,,,,17.7386,r2_measured_04808,read,measured,,,,,0.7237,,ok,0.3307
12.8535,680,,,0.8129,,,,,,15.1217,r2_measured_04809,read,measured,,,,,0.8776,,ok,0.4818
14.0239,680,,,0.6035,,,,,,15.7458,r2_measured_04810,read,measured,,,,,0.6997,,ok,0.3386
13.2252,680,,,0.5872,,,,,,14.9137,r2_measured_04811,read,measured,,,,,0.6462,,ok,0.3731
13.1649,680,,,0.6242,,,,,,14.9342,r2_measured_04812,read,measured,,,,,0.6736,,ok,0.3933
13.5138,629,,,0.5596,,,,,,15.1147,r2_measured_04813,read,measured,,,,,0.6317,,ok,0.3363
14.0336,681,,,0.5582,,,,,,15.7084,r2_measured_04814,read,measured,,,,,0.707,,ok,0.338
77.6584,568,14.1545,5.7402,0.5405,2.0502,1,5.7384,1,27.0807,79.2788,r2_measured_04815,update,measured,21.3405,1.6204,1,11.625,0.6555,22.748,ok,0.3587
12.8728,568,,,0.5093,,,,,,14.5172,r2_measured_04816,read,measured,,,,,0.6018,,ok,0.4553
12.895,663,,,0.5768,,,,,,14.5237,r2_measured_04817,read,measured,,,,,0.6264,,ok,0.35
15.4456,675,,,0.5717,,,,,,17.085,r2_measured_04818,read,measured,,,,,0.6528,,ok,0.3353
12.7253,629,,,0.4715,,,,,,14.1474,r2_measured_04819,read,measured,,,,,0.5474,,ok,0.3422
9.9443,509,,,0.3626,,,,,,11.2181,r2_measured_04820,read,measured,,,,,0.5302,,ok,0.3294
11.8569,663,,,0.5691,,,,,,13.5661,r2_measured_04821,read,measured,,,,,0.6928,,ok,0.3598
7.2422,369,,,0.2288,,,,,,8.2753,r2_measured_04822,read,measured,,,,,0.4409,,ok,0.3144
11.6009,680,,,0.5906,,,,,,13.401,r2_measured_04823,read,measured,,,,,0.7672,,ok,0.3721
12.1758,629,,,0.564,,,,,,13.7268,r2_measured_04824,read,measured,,,,,0.5767,,ok,0.3397
11.6229,629,,,0.6116,,,,,,13.4608,r2_measured_04825,read,measured,,,,,0.7883,,ok,0.3618
12.1082,629,,,0.6419,,,,,,13.8789,r2_measured_04826,read,measured,,,,,0.6821,,ok,0.366
16.8313,681,,,0.5056,,,,,,18.3788,r2_measured_04827,read,measured,,,,,0.6371,,ok,0.3201
15.9778,689,,,0.5596,,,,,,17.6259,r2_measured_04828,read,measured,,,,,0.6483,,ok,0.3619
9.7138,419,,,0.3214,,,,,,11.1743,r2_measured_04829,read,measured,,,,,0.62,,ok,0.4295
73.8122,568,11.6042,5.9977,0.5805,2.1155,1,5.9947,1,24.7737,75.5326,r2_measured_04830,update,measured,18.776,1.7204,1,11.802,0.709,23.5168,ok,0.3533
10.6866,568,,,0.5012,,,,,,12.2157,r2_measured_04831,read,measured,,,,,0.6001,,ok,0.357
10.0833,568,,,0.6018,,,,,,11.6998,r2_measured_04832,read,measured,,,,,0.5715,,ok,0.3796
11.7655,663,,,0.6077,,,,,,13.5343,r2_measured_04833,read,measured,,,,,0.6882,,ok,0.3838
11.3428,568,,,0.5455,,,,,,12.9271,r2_measured_04834,read,measured,,,,,0.5942,,ok,0.3696
8.2474,419,,,0.3167,,,,,,9.6072,r2_measured_04835,read,measured,,,,,0.5534,,ok,0.4141
11.9225,680,,,0.5692,,,,,,13.6301,r2_measured_04836,read,measured,,,,,0.7066,,ok,0.3508
8.2517,419,,,0.3898,,,,,,9.7669,r2_measured_04837,read,measured,,,,,0.6309,,ok,0.4327
8.4041,419,,,0.2586,,,,,,9.534,r2_measured_04838,read,measured,,,,,0.4953,,ok,0.3277
11.495,675,,,0.7145,,,,,,13.8757,r2_measured_04839,read,measured,,,,,1.2441,,ok,0.3438
12.6822,680,,,0.4922,,,,,,14.2766,r2_measured_04840,read,measured,,,,,0.6775,,ok,0.3597
12.5962,663,,,0.5507,,,,,,14.2165,r2_measured_04841,read,measured,,,,,0.6593,,ok,0.3443
8.6319,419,,,0.2749,,,,,,9.7674,r2_measured_04842,read,measured,,,,,0.4729,,ok,0.3299
11.6328,681,,,0.5452,,,,,,13.2698,r2_measured_04843,read,measured,,,,,0.6571,,ok,0.3605
12.1952,680,,,0.5715,,,,,,13.9606,r2_measured_04844,read,measured,,,,,0.7361,,ok,0.3816
7.7376,369,,,0.2196,,,,,,8.8788,r2_measured_04845,read,measured,,,,,0.5552,,ok,0.3144
12.4062,681,,,0.548,,,,,,13.9436,r2_measured_04846,read,measured,,,,,0.5869,,ok,0.338
12.3105,681,,,0.5958,,,,,,13.9538,r2_measured_04847,read,measured,,,,,0.6436,,ok,0.33
9.6242,509,,,0.4416,,,,,,10.9905,r2_measured_04848,read,measured,,,,,0.5136,,ok,0.3525
12.4653,681,,,0.5577,,,,,,14.1392,r2_measured_04849,read,measured,,,,,0.6566,,ok,0.394
12.0538,629,,,0.5686,,,,,,13.8973,r2_measured_04850,read,measured,,,,,0.7966,,ok,0.4017
17.5721,681,,,0.5507,,,,,,19.0452,r2_measured_04851,read,measured,,,,,0.5227,,ok,0.3322
13.7638,675,,,0.6095,,,,,,15.7105,r2_measured_04852,read,measured,,,,,0.8558,,ok,0.398
74.6845,681,13.4859,5.6965,0.5684,2.3218,1,5.6945,1,26.4529,76.2546,r2_measured_04853,update,measured,20.7564,1.5701,1,13.1541,0.597,19.2698,ok,0.339
13.0122,681,,,0.5467,,,,,,14.6755,r2_measured_04854,read,measured,,,,,0.6916,,ok,0.3402
13.2343,680,,,0.5221,,,,,,14.868,r2_measured_04855,read,measured,,,,,0.6724,,ok,0.3605
12.5782,680,,,0.666,,,,,,14.3372,r2_measured_04856,read,measured,,,,,0.6694,,ok,0.3475
8.2926,419,,,0.2849,,,,,,9.4958,r2_measured_04857,read,measured,,,,,0.5536,,ok,0.3117
11.7431,628,,,0.5468,,,,,,13.3241,r2_measured_04858,read,measured,,,,,0.584,,ok,0.3835
7.1921,369,,,0.2826,,,,,,8.306,r2_measured_04859,read,measured,,,,,0.4617,,ok,0.3212
7.2496,369,,,0.2224,,,,,,8.3531,r2_measured_04860,read,measured,,,,,0.5228,,ok,0.3067
12.3509,680,,,0.5555,,,,,,13.928,r2_measured_04861,read,measured,,,,,0.6084,,ok,0.3459
12.9554,680,,,0.6878,,,,,,14.938,r2_measured_04862,read,measured,,,,,0.7154,,ok,0.4613
13.5328,680,,,0.4988,,,,,,15.1597,r2_measured_04863,read,measured,,,,,0.6819,,ok,0.3798
18.7725,663,,,0.5748,,,,,,20.3778,r2_measured_04864,read,measured,,,,,0.6243,,ok,0.331
12.4943,419,,,0.2411,,,,,,13.588,r2_measured_04865,read,measured,,,,,0.4823,,ok,0.3046
11.3736,680,,,0.5964,,,,,,13.1261,r2_measured_04866,read,measured,,,,,0.6577,,ok,0.4027
16.1203,681,,,0.6336,,,,,,17.8002,r2_measured_04867,read,measured,,,,,0.6288,,ok,0.3436
11.8477,509,,,0.4175,,,,,,13.1571,r2_measured_04868,read,measured,,,,,0.5173,,ok,0.3188
9.5085,509,,,0.5228,,,,,,10.9941,r2_measured_04869,read,measured,,,,,0.5543,,ok,0.3406
12.9665,680,,,0.5348,,,,,,14.5445,r2_measured_04870,read,measured,,,,,0.6158,,ok,0.3558
11.6634,568,,,0.5423,,,,,,13.2528,r2_measured_04871,read,measured,,,,,0.6348,,ok,0.34
15.3633,681,,,0.5679,,,,,,17.0907,r2_measured_04872,read,measured,,,,,0.6543,,ok,0.4328
11.8354,568,,,0.5203,,,,,,13.3249,r2_measured_04873,read,measured,,,,,0.568,,ok,0.3311
15.0879,568,,,0.5606,,,,,,16.7773,r2_measured_04874,read,measured,,,,,0.6619,,ok,0.3793
12.1385,663,,,0.5224,,,,,,13.6259,r2_measured_04875,read,measured,,,,,0.5503,,ok,0.3487
15.8651,675,,,0.6673,,,,,,17.931,r2_measured_04876,read,measured,,,,,0.8801,,ok,0.4283
14.6475,680,,,0.5771,,,,,,16.3203,r2_measured_04877,read,measured,,,,,0.6376,,ok,0.3783
12.9444,680,,,0.5126,,,,,,14.5336,r2_measured_04878,read,measured,,,,,0.6694,,ok,0.3336
12.4242,681,,,0.6403,,,,,,14.2901,r2_measured_04879,read,measured,,,,,0.727,,ok,0.4191
11.6592,568,,,0.4949,,,,,,13.2394,r2_measured_04880,read,measured,,,,,0.6441,,ok,0.3672
7.5645,369,,,0.2122,,,,,,8.5767,r2_measured_04881,read,measured,,,,,0.4521,,ok,0.3009
10.9284,629,,,0.9836,,,,,,13.0972,r2_measured_04882,read,measured,,,,,0.7022,,ok,0.4107
9.277,419,,,0.3474,,,,,,10.6693,r2_measured_04883,read,measured,,,,,0.5925,,ok,0.375
94.6221,681,14.8457,8.1953,0.7371,2.8436,0,8.1928,1,52.6808,96.3855,r2_measured_04884,update,measured,44.4855,1.7634,1,0.0054,0.6283,24.2466,ok,0.3216
12.9358,689,,,1.0822,,,,,,15.2821,r2_measured_04885,read,measured,,,,,0.6038,,ok,0.5896
10.6475,629,,,0.511,,,,,,12.1402,r2_measured_04886,read,measured,,,,,0.5855,,ok,0.3337
12.1053,680,,,0.5272,,,,,,13.6976,r2_measured_04887,read,measured,,,,,0.6436,,ok,0.3425
11.663,675,,,0.6982,,,,,,13.7139,r2_measured_04888,read,measured,,,,,0.7387,,ok,0.5335
13.642,680,,,0.7384,,,,,,15.6832,r2_measured_04889,read,measured,,,,,0.7471,,ok,0.4603
18.5201,419,,,0.3214,,,,,,19.8752,r2_measured_04890,read,measured,,,,,0.6059,,ok,0.3563
13.2375,680,,,0.5276,,,,,,14.9046,r2_measured_04891,read,measured,,,,,0.6972,,ok,0.3646
10.6198,568,,,0.4568,,,,,,12.1118,r2_measured_04892,read,measured,,,,,0.6504,,ok,0.3247
12.3409,663,,,0.6106,,,,,,14.2205,r2_measured_04893,read,measured,,,,,0.8135,,ok,0.3778
59.798,568,,,0.5989,,,,,,61.4513,r2_measured_04894,read,measured,,,,,0.6451,,ok,0.3316
11.8501,568,,,0.5059,,,,,,13.4095,r2_measured_04895,read,measured,,,,,0.6271,,ok,0.3441
12.4287,681,,,0.6247,,,,,,14.1969,r2_measured_04896,read,measured,,,,,0.6584,,ok,0.4054
15.8783,689,,,0.6918,,,,,,18.0386,r2_measured_04897,read,measured,,,,,0.9406,,ok,0.4302
12.9259,663,,,0.5657,,,,,,14.6393,r2_measured_04898,read,measured,,,,,0.637,,ok,0.4369
13.2956,663,,,0.6967,,,,,,15.2215,r2_measured_04899,read,measured,,,,,0.7578,,ok,0.3768
13.1614,680,,,0.5432,,,,,,14.8317,r2_measured_04900,read,measured,,,,,0.6983,,ok,0.3503
10.3955,509,,,0.525,,,,,,12.0614,r2_measured_04901,read,measured,,,,,0.6253,,ok,0.4281
14.3896,568,,,0.6159,,,,,,16.1722,r2_measured_04902,read,measured,,,,,0.7171,,ok,0.3662
13.9601,675,,,0.5593,,,,,,15.6564,r2_measured_04903,read,measured,,,,,0.667,,ok,0.3732
15.0381,681,,,0.5822,,,,,,16.7522,r2_measured_04904,read,measured,,,,,0.7121,,ok,0.3377
63.0698,629,15.3323,5.6902,0.5844,2.2177,0,5.6885,1,24.9651,64.7577,r2_measured_04905,update,measured,19.2749,1.6879,1,0.0063,0.7129,20.5484,ok,0.322
13.5041,680,,,0.5703,,,,,,15.3297,r2_measured_04906,read,measured,,,,,0.7784,,ok,0.4024
14.4586,681,,,0.6532,,,,,,16.3447,r2_measured_04907,read,measured,,,,,0.7536,,ok,0.3701
15.1854,675,,,0.5731,,,,,,16.9456,r2_measured_04908,read,measured,,,,,0.6709,,ok,0.4426
14.0816,681,,,0.6769,,,,,,15.9791,r2_measured_04909,read,measured,,,,,0.798,,ok,0.3455
15.2551,689,,,0.6066,,,,,,16.9013,r2_measured_04910,read,measured,,,,,0.6051,,ok,0.3644
12.6792,680,,,0.5707,,,,,,14.4664,r2_measured_04911,read,measured,,,,,0.7959,,ok,0.3406
10.8699,509,,,0.489,,,,,,12.3511,r2_measured_04912,read,measured,,,,,0.5573,,ok,0.371
12.6583,689,,,0.5951,,,,,,14.4158,r2_measured_04913,read,measured,,,,,0.7169,,ok,0.3636
17.2799,675,,,0.8097,,,,,,19.1433,r2_measured_04914,read,measured,,,,,0.6149,,ok,0.3598
11.8784,680,,,0.805,,,,,,14.0004,r2_measured_04915,read,measured,,,,,0.8709,,ok,0.3619
81.4922,681,14.5811,6.5437,0.5822,2.5234,1,6.5394,1,26.065,83.1826,r2_measured_04916,update,measured,19.5213,1.6904,1,15.8234,0.7048,22.4993,ok,0.3316
9.7361,419,,,0.2343,,,,,,10.7766,r2_measured_04917,read,measured,,,,,0.4583,,ok,0.3023
12.906,680,,,0.585,,,,,,14.765,r2_measured_04918,read,measured,,,,,0.6768,,ok,0.5077
12.7811,689,,,0.5683,,,,,,14.3579,r2_measured_04919,read,measured,,,,,0.6121,,ok,0.3292
12.4916,680,,,0.6009,,,,,,14.2666,r2_measured_04920,read,measured,,,,,0.6602,,ok,0.4162
13.9139,680,,,0.5213,,,,,,15.486,r2_measured_04921,read,measured,,,,,0.6454,,ok,0.3286
80.1481,675,12.16,6.5128,0.5832,2.1794,1,6.511,1,32.6473,81.7772,r2_measured_04922,update,measured,26.1345,1.6291,1,12.1603,0.6287,21.0011,ok,0.335
10.8815,509,,,0.5216,,,,,,12.4944,r2_measured_04923,read,measured,,,,,0.6459,,ok,0.3738
69.0901,629,13.7797,4.2111,0.5609,2.4638,1,4.209,1,21.8207,70.6563,r2_measured_04924,update,measured,17.6096,1.5662,1,12.0112,0.6057,19.0147,ok,0.3335
13.8064,629,,,0.5647,,,,,,15.4634,r2_measured_04925,read,measured,,,,,0.6388,,ok,0.3774
11.4261,629,,,0.6094,,,,,,13.0389,r2_measured_04926,read,measured,,,,,0.6157,,ok,0.3209
12.2762,675,,,0.611,,,,,,14.0067,r2_measured_04927,read,measured,,,,,0.6372,,ok,0.4093
15.4236,680,,,0.6514,,,,,,17.2412,r2_measured_04928,read,measured,,,,,0.6981,,ok,0.3827
14.0357,681,,,0.5465,,,,,,15.6889,r2_measured_04929,read,measured,,,,,0.6502,,ok,0.3725
13.4133,675,,,0.5814,,,,,,15.1099,r2_measured_04930,read,measured,,,,,0.6665,,ok,0.3706
12.5943,675,,,0.503,,,,,,14.1884,r2_measured_04931,read,measured,,,,,0.6501,,ok,0.3702
73.6142,689,13.1796,5.6715,0.7176,2.4124,1,5.67,1,25.0441,75.3289,r2_measured_04932,update,measured,19.3726,1.7147,1,11.8438,0.5863,21.1343,ok,0.3404
72.5964,509,11.7454,10.2456,0.4863,2.0537,1,10.2439,1,27.4919,74.2149,r2_measured_04933,update,measured,17.2463,1.6185,1,13.5147,0.6823,17.7907,ok,0.3732
15.4362,675,,,0.5932,,,,,,17.1724,r2_measured_04934,read,measured,,,,,0.7082,,ok,0.3617
12.7391,663,,,0.5384,,,,,,14.4308,r2_measured_04935,read,measured,,,,,0.6871,,ok,0.3856
13.8203,663,,,0.5857,,,,,,15.5184,r2_measured_04936,read,measured,,,,,0.6872,,ok,0.3521
12.7901,663,,,0.5447,,,,,,14.4841,r2_measured_04937,read,measured,,,,,0.7068,,ok,0.3615
13.6736,675,,,0.6287,,,,,,15.5,r2_measured_04938,read,measured,,,,,0.7198,,ok,0.3964
19.7549,629,,,0.6426,,,,,,21.7734,r2_measured_04939,read,measured,,,,,0.8857,,ok,0.4046
16.8184,680,,,0.5235,,,,,,18.3906,r2_measured_04940,read,measured,,,,,0.632,,ok,0.342
16.7914,663,,,0.4981,,,,,,18.3221,r2_measured_04941,read,measured,,,,,0.6111,,ok,0.3413
12.6434,680,,,0.7505,,,,,,14.7577,r2_measured_04942,read,measured,,,,,0.7299,,ok,0.5437
10.349,419,,,0.3049,,,,,,11.7665,r2_measured_04943,read,measured,,,,,0.6197,,ok,0.4094
15.2339,675,,,0.5434,,,,,,16.9062,r2_measured_04944,read,measured,,,,,0.6901,,ok,0.3632
7.9822,369,,,0.2306,,,,,,9.0766,r2_measured_04945,read,measured,,,,,0.4654,,ok,0.3427
15.527,675,,,0.7091,,,,,,17.5616,r2_measured_04946,read,measured,,,,,0.8022,,ok,0.4307
14.2267,681,,,0.6564,,,,,,16.1489,r2_measured_04947,read,measured,,,,,0.7773,,ok,0.4069
13.4053,663,,,0.6159,,,,,,15.2147,r2_measured_04948,read,measured,,,,,0.7192,,ok,0.3802
8.921,369,,,0.3219,,,,,,10.2555,r2_measured_04949,read,measured,,,,,0.5842,,ok,0.3668
10.7684,509,,,0.4907,,,,,,12.2728,r2_measured_04950,read,measured,,,,,0.5963,,ok,0.3468
11.7268,629,,,0.4978,,,,,,13.3096,r2_measured_04951,read,measured,,,,,0.6652,,ok,0.3479
9.5537,509,,,0.478,,,,,,11.0212,r2_measured_04952,read,measured,,,,,0.5419,,ok,0.3854
13.1278,663,,,0.5984,,,,,,14.9026,r2_measured_04953,read,measured,,,,,0.6669,,ok,0.4241
13.4291,689,,,0.511,,,,,,15.0027,r2_measured_04954,read,measured,,,,,0.6523,,ok,0.3397
9.9537,508,,,0.4867,,,,,,11.3636,r2_measured_04955,read,measured,,,,,0.4958,,ok,0.3595
11.4776,568,,,0.5594,,,,,,13.1172,r2_measured_04956,read,measured,,,,,0.6395,,ok,0.349
9.8113,509,,,0.4327,,,,,,11.1655,r2_measured_04957,read,measured,,,,,0.511,,ok,0.3443
8.6161,419,,,0.3294,,,,,,10.0582,r2_measured_04958,read,measured,,,,,0.6502,,ok,0.3974
56.0504,509,10.8927,5.2427,0.4593,1.8757,0,5.2402,1,25.7121,57.5024,r2_measured_04959,update,measured,20.4694,1.452,1,0.006,0.5463,17.5639,ok,0.3874
16.1181,680,,,0.5589,,,,,,17.7167,r2_measured_04960,read,measured,,,,,0.6165,,ok,0.3476
12.4524,663,,,0.4794,,,,,,13.8703,r2_measured_04961,read,measured,,,,,0.5461,,ok,0.332
8.5431,509,,,0.4802,,,,,,9.9241,r2_measured_04962,read,measured,,,,,0.4719,,ok,0.3717
9.025,419,,,0.2751,,,,,,10.2217,r2_measured_04963,read,measured,,,,,0.5154,,ok,0.3455
12.3379,629,,,0.5839,,,,,,14.1375,r2_measured_04964,read,measured,,,,,0.7321,,ok,0.4018
14.95,680,,,0.6193,,,,,,16.7107,r2_measured_04965,read,measured,,,,,0.7079,,ok,0.3524
10.9947,568,,,0.6151,,,,,,12.6937,r2_measured_04966,read,measured,,,,,0.6463,,ok,0.3689
11.9084,663,,,0.6429,,,,,,13.6502,r2_measured_04967,read,measured,,,,,0.6592,,ok,0.3584
8.4107,369,,,0.2305,,,,,,9.4659,r2_measured_04968,read,measured,,,,,0.4759,,ok,0.2993
13.511,675,,,0.5313,,,,,,15.1158,r2_measured_04969,read,measured,,,,,0.5997,,ok,0.4061
11.7928,568,,,0.4772,,,,,,13.3501,r2_measured_04970,read,measured,,,,,0.6431,,ok,0.3634
8.9662,369,,,0.3911,,,,,,10.4702,r2_measured_04971,read,measured,,,,,0.5739,,ok,0.4754
14.8628,675,,,0.6289,,,,,,16.619,r2_measured_04972,read,measured,,,,,0.6958,,ok,0.3597
15.9274,680,,,0.5865,,,,,,17.8208,r2_measured_04973,read,measured,,,,,0.7969,,ok,0.421
16.4294,680,,,0.6063,,,,,,18.2192,r2_measured_04974,read,measured,,,,,0.7456,,ok,0.3576
13.4895,681,,,0.7032,,,,,,15.4026,r2_measured_04975,read,measured,,,,,0.7448,,ok,0.3853
12.6837,663,,,0.4686,,,,,,14.1735,r2_measured_04976,read,measured,,,,,0.6367,,ok,0.3141
15.6245,680,,,0.6077,,,,,,17.4887,r2_measured_04977,read,measured,,,,,0.7609,,ok,0.4085
12.6705,568,,,0.5346,,,,,,14.359,r2_measured_04978,read,measured,,,,,0.7063,,ok,0.3803
12.8936,629,,,0.5885,,,,,,14.6315,r2_measured_04979,read,measured,,,,,0.6642,,ok,0.41
13.9781,689,,,0.5823,,,,,,15.7293,r2_measured_04980,read,measured,,,,,0.7061,,ok,0.385
20.8309,689,,,0.6399,,,,,,22.8218,r2_measured_04981,read,measured,,,,,0.8478,,ok,0.404
12.309,509,,,0.4675,,,,,,13.7649,r2_measured_04982,read,measured,,,,,0.5244,,ok,0.3994
16.3244,629,,,0.589,,,,,,17.9281,r2_measured_04983,read,measured,,,,,0.6111,,ok,0.3299
9.9598,568,,,0.4501,,,,,,11.3493,r2_measured_04984,read,measured,,,,,0.5762,,ok,0.3027
11.8426,680,,,0.673,,,,,,13.6665,r2_measured_04985,read,measured,,,,,0.6949,,ok,0.3721
17.3753,681,,,0.5793,,,,,,18.9498,r2_measured_04986,read,measured,,,,,0.5961,,ok,0.3281
12.2589,568,,,0.546,,,,,,13.8126,r2_measured_04987,read,measured,,,,,0.5978,,ok,0.3288
7.4551,369,,,0.2102,,,,,,8.4763,r2_measured_04988,read,measured,,,,,0.4342,,ok,0.3291
9.1412,419,,,0.3791,,,,,,10.4848,r2_measured_04989,read,measured,,,,,0.5334,,ok,0.3727
7.9233,369,,,0.2477,,,,,,9.106,r2_measured_04990,read,measured,,,,,0.534,,ok,0.3385
12.6347,680,,,0.6083,,,,,,14.3959,r2_measured_04991,read,measured,,,,,0.6859,,ok,0.3881
12.6984,680,,,0.5194,,,,,,14.168,r2_measured_04992,read,measured,,,,,0.5713,,ok,0.3171
9.973,509,,,0.5565,,,,,,11.5728,r2_measured_04993,read,measured,,,,,0.5766,,ok,0.3956
11.6688,629,,,0.5934,,,,,,13.4789,r2_measured_04994,read,measured,,,,,0.709,,ok,0.3656
12.1672,663,,,0.672,,,,,,14.1823,r2_measured_04995,read,measured,,,,,0.8555,,ok,0.3983
10.6157,509,,,0.4201,,,,,,12.0991,r2_measured_04996,read,measured,,,,,0.5885,,ok,0.399
49.6783,509,10.326,4.1347,0.5308,1.8877,0,4.1322,1,18.4561,51.1509,r2_measured_04997,update,measured,14.3214,1.4726,1,0.0057,0.5362,19.0028,ok,0.3456
11.8532,680,,,0.5476,,,,,,13.527,r2_measured_04998,read,measured,,,,,0.7173,,ok,0.3375
8.4585,419,,,0.2646,,,,,,9.6096,r2_measured_04999,read,measured,,,,,0.5095,,ok,0.325
