backend_ms,candidate_count,candidate_fetch_ms,commit_ms,dense_scoring_ms,dense_upsert_ms,fresh_hit_at_10,full_write_ack_call_ms,graph_projection_ok,graph_visible_ms,latency_ms,op_id,op_type,phase,projection_fetch_ms,ranking_ms,relation_candidate_ok,relation_check_ms,sparse_scoring_ms,sparse_upsert_ms,status,zscore_fusion_ms
343.1244,673,,,0.6684,,,,,,347.6839,r1_measured_00000,read,measured,,,,,3.4532,,ok,0.3602
419.5597,628,236.3177,75.4062,0.9039,49.147,1,75.4037,1,96.2527,424.6058,r1_measured_00001,update,measured,20.8465,5.0461,1,12.8133,3.6967,25.029,ok,0.3619
310.5463,628,,,0.5743,,,,,,313.4024,r1_measured_00002,read,measured,,,,,1.8767,,ok,0.3417
297.8387,567,,,0.6028,,,,,,302.7301,r1_measured_00003,read,measured,,,,,3.8239,,ok,0.3863
315.0321,628,,,0.6259,,,,,,320.8279,r1_measured_00004,read,measured,,,,,4.7246,,ok,0.3632
326.0396,628,,,0.7158,,,,,,330.4065,r1_measured_00005,read,measured,,,,,3.1336,,ok,0.4394
233.4651,417,,,0.3015,,,,,,235.6063,r1_measured_00006,read,measured,,,,,1.332,,ok,0.4354
326.781,663,,,0.7592,,,,,,334.3483,r1_measured_00007,read,measured,,,,,6.3139,,ok,0.4124
267.3869,680,,,0.9964,,,,,,271.7001,r1_measured_00008,read,measured,,,,,2.8778,,ok,0.3565
315.2853,679,,,1.7138,,,,,,323.0377,r1_measured_00009,read,measured,,,,,5.4812,,ok,0.4673
145.1033,368,,,0.3706,,,,,,146.4913,r1_measured_00010,read,measured,,,,,0.5933,,ok,0.3574
164.1148,417,,,0.3309,,,,,,165.4361,r1_measured_00011,read,measured,,,,,0.5576,,ok,0.3592
311.3925,679,,,1.0497,,,,,,315.2008,r1_measured_00012,read,measured,,,,,2.2615,,ok,0.4
287.6982,628,,,0.9666,,,,,,291.5078,r1_measured_00013,read,measured,,,,,2.3891,,ok,0.3772
152.7353,418,,,0.2856,,,,,,154.7934,r1_measured_00014,read,measured,,,,,1.3707,,ok,0.3381
323.2118,681,,,0.9759,,,,,,328.4904,r1_measured_00015,read,measured,,,,,3.8136,,ok,0.4013
275.93,567,,,0.5316,,,,,,279.1169,r1_measured_00016,read,measured,,,,,2.2071,,ok,0.3689
323.6914,689,,,0.6937,,,,,,329.5732,r1_measured_00017,read,measured,,,,,4.7452,,ok,0.3634
276.045,567,,,0.676,,,,,,280.4736,r1_measured_00018,read,measured,,,,,3.2813,,ok,0.3853
328.1093,680,,,0.7744,,,,,,331.3289,r1_measured_00019,read,measured,,,,,1.9936,,ok,0.3671
171.2994,419,,,0.4785,,,,,,173.3023,r1_measured_00020,read,measured,,,,,1.109,,ok,0.3478
274.5227,677,,,0.793,,,,,,278.1631,r1_measured_00021,read,measured,,,,,2.4041,,ok,0.3614
202.1449,508,,,0.6075,,,,,,207.671,r1_measured_00022,read,measured,,,,,4.4988,,ok,0.3428
200.9823,509,,,0.6584,,,,,,204.5741,r1_measured_00023,read,measured,,,,,2.4857,,ok,0.3721
252.9625,678,,,0.7994,,,,,,256.152,r1_measured_00024,read,measured,,,,,1.949,,ok,0.3587
261.1055,680,,,0.7528,,,,,,267.5652,r1_measured_00025,read,measured,,,,,5.2567,,ok,0.3536
262.389,680,,,0.7725,,,,,,267.1854,r1_measured_00026,read,measured,,,,,3.5992,,ok,0.3454
139.4016,365,,,0.6887,,,,,,141.3168,r1_measured_00027,read,measured,,,,,0.7827,,ok,0.3728
260.4482,678,,,0.7374,,,,,,265.6714,r1_measured_00028,read,measured,,,,,4.0576,,ok,0.3459
257.9317,661,,,0.7326,,,,,,261.4396,r1_measured_00029,read,measured,,,,,2.3196,,ok,0.3751
288.8935,684,,,0.5916,,,,,,295.1075,r1_measured_00030,read,measured,,,,,5.2093,,ok,0.3396
276.6584,662,,,0.7605,,,,,,280.8887,r1_measured_00031,read,measured,,,,,3.0307,,ok,0.354
287.6898,674,,,0.9264,,,,,,294.6193,r1_measured_00032,read,measured,,,,,5.5476,,ok,0.3732
289.7048,681,,,0.7042,,,,,,292.8968,r1_measured_00033,read,measured,,,,,2.0382,,ok,0.3726
290.6402,688,,,0.5609,,,,,,297.1141,r1_measured_00034,read,measured,,,,,5.4846,,ok,0.3536
272.055,628,,,0.6004,,,,,,276.4574,r1_measured_00035,read,measured,,,,,3.3893,,ok,0.3356
179.7071,417,,,0.4494,,,,,,182.3625,r1_measured_00036,read,measured,,,,,1.7946,,ok,0.3416
391.6598,660,268.0626,6.1046,0.6264,54.7883,1,6.1026,1,26.8423,395.5771,r1_measured_00037,update,measured,20.7377,3.9173,1,14.5766,2.7911,27.39,ok,0.4043
229.8787,628,,,0.694,,,,,,235.2204,r1_measured_00038,read,measured,,,,,4.159,,ok,0.3986
139.9569,369,,,0.2603,,,,,,142.1149,r1_measured_00039,read,measured,,,,,1.4951,,ok,0.3384
274.6095,678,,,0.7947,,,,,,279.3574,r1_measured_00040,read,measured,,,,,3.4645,,ok,0.397
281.9383,663,,,0.6919,,,,,,287.3717,r1_measured_00041,read,measured,,,,,4.2206,,ok,0.4123
156.0971,417,,,0.317,,,,,,158.2734,r1_measured_00042,read,measured,,,,,1.4078,,ok,0.3793
277.2059,660,,,0.7518,,,,,,283.4799,r1_measured_00043,read,measured,,,,,5.0597,,ok,0.3828
140.7336,369,,,0.4575,,,,,,143.218,r1_measured_00044,read,measured,,,,,1.6071,,ok,0.348
274.3333,671,,,0.6571,,,,,,278.6931,r1_measured_00045,read,measured,,,,,3.2686,,ok,0.3569
181.0686,417,,,0.466,,,,,,184.5608,r1_measured_00046,read,measured,,,,,2.6062,,ok,0.3462
268.4044,681,,,0.6538,,,,,,271.6655,r1_measured_00047,read,measured,,,,,2.166,,ok,0.3637
228.0952,366,134.1406,5.0315,0.2993,32.2043,1,5.0299,1,24.2339,229.3109,r1_measured_00048,update,measured,19.2024,1.2157,1,20.5413,0.4443,16.9751,ok,0.3934
264.8766,680,,,0.8207,,,,,,271.9762,r1_measured_00049,read,measured,,,,,5.8215,,ok,0.3635
162.3996,419,,,0.3047,,,,,,164.0479,r1_measured_00050,read,measured,,,,,0.9345,,ok,0.343
161.6135,419,,,0.5013,,,,,,164.3328,r1_measured_00051,read,measured,,,,,1.8027,,ok,0.3511
261.5144,689,,,0.7118,,,,,,265.3349,r1_measured_00052,read,measured,,,,,2.6505,,ok,0.3715
208.3964,508,,,0.7176,,,,,,212.3915,r1_measured_00053,read,measured,,,,,2.8769,,ok,0.331
156.5752,416,,,0.273,,,,,,158.8031,r1_measured_00054,read,measured,,,,,1.5662,,ok,0.3278
252.1701,678,,,1.6647,,,,,,257.3689,r1_measured_00055,read,measured,,,,,3.0775,,ok,0.3656
187.979,509,,,0.6278,,,,,,192.4457,r1_measured_00056,read,measured,,,,,3.4179,,ok,0.3507
220.413,565,,,0.5738,,,,,,226.2521,r1_measured_00057,read,measured,,,,,4.8295,,ok,0.3629
260.8343,689,,,0.614,,,,,,264.4982,r1_measured_00058,read,measured,,,,,2.5502,,ok,0.3572
261.5516,686,,,0.9428,,,,,,265.1207,r1_measured_00059,read,measured,,,,,2.0643,,ok,0.4631
272.3324,686,,,1.2151,,,,,,277.5601,r1_measured_00060,read,measured,,,,,3.5028,,ok,0.4063
218.017,567,,,0.8006,,,,,,226.7177,r1_measured_00061,read,measured,,,,,7.4135,,ok,0.3951
274.3915,676,,,0.9028,,,,,,282.1433,r1_measured_00062,read,measured,,,,,6.3733,,ok,0.3842
289.3366,678,,,0.7334,,,,,,294.2974,r1_measured_00063,read,measured,,,,,3.743,,ok,0.3927
298.3552,679,,,0.8005,,,,,,302.2353,r1_measured_00064,read,measured,,,,,2.5896,,ok,0.4046
170.5467,417,,,0.5089,,,,,,172.8828,r1_measured_00065,read,measured,,,,,1.3598,,ok,0.3888
314.2234,680,,,0.7069,,,,,,316.8272,r1_measured_00066,read,measured,,,,,1.4291,,ok,0.377
181.7315,416,,,0.3257,,,,,,183.79,r1_measured_00067,read,measured,,,,,1.2647,,ok,0.3936
305.7381,678,,,0.7615,,,,,,313.0096,r1_measured_00068,read,measured,,,,,6.0608,,ok,0.3651
228.8439,508,,,0.7983,,,,,,233.3571,r1_measured_00069,read,measured,,,,,3.2262,,ok,0.4162
290.397,687,,,0.6827,,,,,,294.4444,r1_measured_00070,read,measured,,,,,2.9483,,ok,0.3373
262.9421,628,,,0.6527,,,,,,266.958,r1_measured_00071,read,measured,,,,,2.9235,,ok,0.3726
283.5727,686,,,1.5907,,,,,,289.1407,r1_measured_00072,read,measured,,,,,3.4973,,ok,0.3916
310.3381,417,193.963,5.8186,0.6002,39.3809,1,5.8167,1,28.948,313.5681,r1_measured_00073,update,measured,23.1294,3.23,1,29.7229,2.2446,18.3233,ok,0.3296
221.9736,508,,,0.9646,,,,,,225.5577,r1_measured_00074,read,measured,,,,,2.0859,,ok,0.4514
198.6279,508,,,0.4674,,,,,,229.4102,r1_measured_00075,read,measured,,,,,29.8893,,ok,0.3485
285.4216,679,,,0.615,,,,,,290.5871,r1_measured_00076,read,measured,,,,,4.1088,,ok,0.3693
196.5475,417,,,0.2905,,,,,,198.8916,r1_measured_00077,read,measured,,,,,1.6331,,ok,0.3509
288.1319,662,,,0.6845,,,,,,290.3116,r1_measured_00078,read,measured,,,,,0.9997,,ok,0.4017
297.4775,688,,,0.7046,,,,,,302.3263,r1_measured_00079,read,measured,,,,,3.6843,,ok,0.3733
379.4211,663,261.7716,5.9934,0.7168,53.2725,1,5.9919,1,33.1464,383.0222,r1_measured_00080,update,measured,27.153,3.6011,1,0.0065,2.436,31.2241,ok,0.3633
165.2631,368,,,0.4515,,,,,,167.1781,r1_measured_00081,read,measured,,,,,1.0487,,ok,0.3467
256.1376,673,,,0.6703,,,,,,259.9756,r1_measured_00082,read,measured,,,,,2.7345,,ok,0.35
138.4073,369,,,0.3375,,,,,,140.8838,r1_measured_00083,read,measured,,,,,1.6871,,ok,0.3762
257.4149,680,,,0.722,,,,,,261.6188,r1_measured_00084,read,measured,,,,,3.0614,,ok,0.3376
196.8851,508,,,0.6154,,,,,,199.4086,r1_measured_00085,read,measured,,,,,1.502,,ok,0.3434
226.2359,567,,,0.6587,,,,,,230.8412,r1_measured_00086,read,measured,,,,,3.4922,,ok,0.3673
248.5491,661,,,0.5534,,,,,,255.1106,r1_measured_00087,read,measured,,,,,5.591,,ok,0.3339
235.3444,626,,,0.6872,,,,,,238.1634,r1_measured_00088,read,measured,,,,,1.6775,,ok,0.369
242.8779,663,,,0.6925,,,,,,248.0443,r1_measured_00089,read,measured,,,,,4.0192,,ok,0.3663
248.5065,676,,,0.6663,,,,,,253.626,r1_measured_00090,read,measured,,,,,4.0124,,ok,0.3514
250.7631,680,,,0.7614,,,,,,256.9534,r1_measured_00091,read,measured,,,,,4.9826,,ok,0.3702
257.9325,676,,,0.7071,,,,,,262.6799,r1_measured_00092,read,measured,,,,,3.6087,,ok,0.3493
151.7205,416,,,0.5386,,,,,,154.4357,r1_measured_00093,read,measured,,,,,1.7254,,ok,0.359
248.9518,680,,,0.6958,,,,,,251.8054,r1_measured_00094,read,measured,,,,,1.6605,,ok,0.406
166.5399,417,,,0.5625,,,,,,168.7841,r1_measured_00095,read,measured,,,,,1.2881,,ok,0.3354
220.641,566,,,0.7057,,,,,,225.1326,r1_measured_00096,read,measured,,,,,3.3272,,ok,0.3792
269.8427,680,,,0.6166,,,,,,274.0752,r1_measured_00097,read,measured,,,,,3.0667,,ok,0.4402
219.2327,567,,,0.671,,,,,,223.7168,r1_measured_00098,read,measured,,,,,3.3734,,ok,0.3664
163.0994,417,,,0.3166,,,,,,165.2834,r1_measured_00099,read,measured,,,,,1.4045,,ok,0.3875
198.4235,508,,,0.4516,,,,,,202.3866,r1_measured_00100,read,measured,,,,,3.0627,,ok,0.3818
269.2086,686,,,0.619,,,,,,272.3824,r1_measured_00101,read,measured,,,,,2.1127,,ok,0.3587
163.2637,417,,,0.416,,,,,,165.4065,r1_measured_00102,read,measured,,,,,1.3178,,ok,0.3544
262.8547,680,,,0.5915,,,,,,266.4579,r1_measured_00103,read,measured,,,,,2.5886,,ok,0.3414
246.974,677,,,0.5036,,,,,,251.0928,r1_measured_00104,read,measured,,,,,3.1542,,ok,0.3748
255.0595,675,,,1.0326,,,,,,262.8586,r1_measured_00105,read,measured,,,,,6.267,,ok,0.4021
255.6994,686,,,0.6163,,,,,,260.9768,r1_measured_00106,read,measured,,,,,4.2326,,ok,0.3442
264.9751,680,,,0.7774,,,,,,269.1016,r1_measured_00107,read,measured,,,,,2.8318,,ok,0.399
268.6192,678,,,0.5698,,,,,,273.9363,r1_measured_00108,read,measured,,,,,4.3231,,ok,0.3481
234.0008,629,,,0.6135,,,,,,240.3116,r1_measured_00109,read,measured,,,,,5.2607,,ok,0.3585
258.1536,677,,,0.6018,,,,,,261.2626,r1_measured_00110,read,measured,,,,,2.0843,,ok,0.3412
249.8724,679,,,0.8309,,,,,,254.2548,r1_measured_00111,read,measured,,,,,3.1306,,ok,0.3379
252.3158,677,,,0.8544,,,,,,260.9136,r1_measured_00112,read,measured,,,,,7.2853,,ok,0.3743
214.1508,568,,,0.954,,,,,,223.7802,r1_measured_00113,read,measured,,,,,7.9071,,ok,0.6742
184.8707,508,,,0.7232,,,,,,190.8952,r1_measured_00114,read,measured,,,,,4.8795,,ok,0.3403
271.346,662,,,1.5303,,,,,,276.6043,r1_measured_00115,read,measured,,,,,3.3302,,ok,0.3215
262.5284,628,,,0.6977,,,,,,269.2286,r1_measured_00116,read,measured,,,,,5.5826,,ok,0.3485
219.4807,509,,,0.5755,,,,,,225.3297,r1_measured_00117,read,measured,,,,,4.8496,,ok,0.35
289.3622,628,,,0.5595,,,,,,292.712,r1_measured_00118,read,measured,,,,,2.3768,,ok,0.3454
380.9453,627,250.786,5.8702,0.8108,48.973,1,5.8686,1,29.7242,386.1402,r1_measured_00119,update,measured,23.854,5.1949,1,22.3718,3.9457,29.0903,ok,0.3515
300.493,680,,,0.6504,,,,,,305.9588,r1_measured_00120,read,measured,,,,,4.3943,,ok,0.3426
299.7447,680,,,0.7035,,,,,,307.7741,r1_measured_00121,read,measured,,,,,6.8927,,ok,0.3571
194.6304,417,,,0.3262,,,,,,196.6002,r1_measured_00122,read,measured,,,,,1.2171,,ok,0.3592
148.8774,368,,,0.3901,,,,,,151.2186,r1_measured_00123,read,measured,,,,,1.4636,,ok,0.4093
265.7981,676,,,0.7409,,,,,,272.9872,r1_measured_00124,read,measured,,,,,6.0348,,ok,0.3319
224.0136,368,140.7199,4.764,0.2462,30.6674,1,4.7625,1,21.3676,225.6755,r1_measured_00125,update,measured,16.6036,1.6619,1,14.8592,1.0117,16.3995,ok,0.3381
304.2587,680,,,0.6976,,,,,,311.0888,r1_measured_00126,read,measured,,,,,5.6831,,ok,0.35
293.1166,625,,,1.0461,,,,,,299.5856,r1_measured_00127,read,measured,,,,,4.9843,,ok,0.3495
206.0833,417,,,0.4934,,,,,,208.2012,r1_measured_00128,read,measured,,,,,1.2269,,ok,0.3286
194.1005,417,,,0.4214,,,,,,196.5119,r1_measured_00129,read,measured,,,,,1.574,,ok,0.3384
312.6943,678,,,0.8074,,,,,,317.1951,r1_measured_00130,read,measured,,,,,3.1834,,ok,0.4009
202.0166,369,,,0.3056,,,,,,203.754,r1_measured_00131,read,measured,,,,,1.0143,,ok,0.3601
284.1876,629,,,0.8607,,,,,,288.8853,r1_measured_00132,read,measured,,,,,3.2902,,ok,0.4518
201.5943,418,,,0.3964,,,,,,203.0281,r1_measured_00133,read,measured,,,,,0.606,,ok,0.3543
245.4611,677,,,1.6025,,,,,,251.5539,r1_measured_00134,read,measured,,,,,3.9729,,ok,0.4213
193.3481,508,,,0.743,,,,,,201.4519,r1_measured_00135,read,measured,,,,,6.8635,,ok,0.4151
266.3124,681,,,0.7839,,,,,,270.9524,r1_measured_00136,read,measured,,,,,3.3514,,ok,0.3981
251.0934,674,,,0.7547,,,,,,255.5812,r1_measured_00137,read,measured,,,,,3.2957,,ok,0.3531
232.4183,628,,,0.6301,,,,,,236.3647,r1_measured_00138,read,measured,,,,,2.791,,ok,0.4196
271.6986,688,,,0.754,,,,,,274.8244,r1_measured_00139,read,measured,,,,,1.8928,,ok,0.3852
279.8178,680,,,1.7573,,,,,,287.2192,r1_measured_00140,read,measured,,,,,5.1693,,ok,0.3807
276.7621,686,,,0.8973,,,,,,280.5187,r1_measured_00141,read,measured,,,,,2.3856,,ok,0.3801
277.3293,681,,,0.766,,,,,,284.3285,r1_measured_00142,read,measured,,,,,5.7782,,ok,0.3653
206.5287,508,,,0.9252,,,,,,210.2968,r1_measured_00143,read,measured,,,,,2.4007,,ok,0.3618
202.7396,509,,,0.8497,,,,,,211.4051,r1_measured_00144,read,measured,,,,,7.3998,,ok,0.3465
248.8733,628,,,0.5888,,,,,,255.4476,r1_measured_00145,read,measured,,,,,5.5389,,ok,0.3523
264.2627,689,,,0.7078,,,,,,267.0526,r1_measured_00146,read,measured,,,,,1.6287,,ok,0.3663
232.2389,568,,,0.6265,,,,,,235.8571,r1_measured_00147,read,measured,,,,,2.5373,,ok,0.3737
161.4636,416,,,0.4344,,,,,,163.7559,r1_measured_00148,read,measured,,,,,1.4217,,ok,0.3671
281.4646,679,,,0.5529,,,,,,284.3679,r1_measured_00149,read,measured,,,,,1.9502,,ok,0.3315
260.6215,628,,,0.508,,,,,,265.3201,r1_measured_00150,read,measured,,,,,3.7597,,ok,0.3457
224.6633,508,,,0.6545,,,,,,228.3928,r1_measured_00151,read,measured,,,,,2.6871,,ok,0.3292
272.6302,661,,,0.7201,,,,,,275.8816,r1_measured_00152,read,measured,,,,,2.0804,,ok,0.3595
280.1846,689,,,0.8225,,,,,,284.6372,r1_measured_00153,read,measured,,,,,3.1668,,ok,0.3673
167.7693,368,,,0.2563,,,,,,169.58,r1_measured_00154,read,measured,,,,,1.1585,,ok,0.3312
351.675,661,245.1619,5.982,0.7598,47.948,1,5.9797,1,29.2244,358.1306,r1_measured_00155,update,measured,23.2424,6.4556,1,0.0056,5.1747,29.3351,ok,0.4323
173.3145,416,,,0.2667,,,,,,174.5439,r1_measured_00156,read,measured,,,,,0.5776,,ok,0.3267
264.2461,688,,,0.7208,,,,,,273.1869,r1_measured_00157,read,measured,,,,,7.7477,,ok,0.3774
218.6176,567,,,0.7611,,,,,,225.5291,r1_measured_00158,read,measured,,,,,5.5683,,ok,0.4838
176.9528,507,,,0.648,,,,,,181.9818,r1_measured_00159,read,measured,,,,,3.9115,,ok,0.3848
181.1451,509,,,0.7132,,,,,,187.1864,r1_measured_00160,read,measured,,,,,4.6307,,ok,0.5647
269.0528,678,,,0.9426,,,,,,275.3019,r1_measured_00161,read,measured,,,,,4.8554,,ok,0.3613
246.2082,628,,,0.8868,,,,,,250.6367,r1_measured_00162,read,measured,,,,,3.0804,,ok,0.3653
177.3433,418,,,0.6289,,,,,,180.1445,r1_measured_00163,read,measured,,,,,1.7027,,ok,0.3912
291.9716,681,,,1.2538,,,,,,299.2236,r1_measured_00164,read,measured,,,,,5.427,,ok,0.4782
237.0187,568,,,0.8823,,,,,,241.7047,r1_measured_00165,read,measured,,,,,3.3748,,ok,0.3419
178.8312,417,,,0.2671,,,,,,180.9014,r1_measured_00166,read,measured,,,,,1.4011,,ok,0.3359
266.5346,663,,,0.7304,,,,,,271.0558,r1_measured_00167,read,measured,,,,,3.328,,ok,0.3765
153.1488,368,,,0.4402,,,,,,155.2942,r1_measured_00168,read,measured,,,,,1.3091,,ok,0.3404
363.5387,687,256.4364,4.8032,0.7852,50.815,1,4.8011,1,30.9231,368.4753,r1_measured_00169,update,measured,26.1199,4.9366,1,0.0051,3.733,25.3591,ok,0.3455
269.0522,663,,,0.7752,,,,,,274.8094,r1_measured_00170,read,measured,,,,,4.5379,,ok,0.3596
266.2179,689,,,1.0215,,,,,,271.8883,r1_measured_00171,read,measured,,,,,4.1692,,ok,0.3562
255.3482,686,,,0.7004,,,,,,259.9337,r1_measured_00172,read,measured,,,,,3.4297,,ok,0.364
194.0787,505,,,0.4733,,,,,,198.4929,r1_measured_00173,read,measured,,,,,3.546,,ok,0.3384
258.7132,678,,,0.9948,,,,,,265.9141,r1_measured_00174,read,measured,,,,,5.7398,,ok,0.3712
204.9438,506,,,0.7777,,,,,,210.3832,r1_measured_00175,read,measured,,,,,4.1946,,ok,0.3723
254.3281,672,,,0.828,,,,,,260.0693,r1_measured_00176,read,measured,,,,,4.47,,ok,0.3533
210.4597,509,,,0.5687,,,,,,216.9293,r1_measured_00177,read,measured,,,,,5.4603,,ok,0.3615
266.3714,663,,,0.8225,,,,,,270.0352,r1_measured_00178,read,measured,,,,,2.3783,,ok,0.3784
222.1982,567,,,0.6421,,,,,,228.423,r1_measured_00179,read,measured,,,,,5.1084,,ok,0.3898
279.9876,680,,,0.6106,,,,,,284.3595,r1_measured_00180,read,measured,,,,,3.3047,,ok,0.3774
257.8334,663,,,1.0285,,,,,,265.6653,r1_measured_00181,read,measured,,,,,6.3351,,ok,0.3849
228.1357,568,,,0.9228,,,,,,235.7662,r1_measured_00182,read,measured,,,,,6.1833,,ok,0.4405
264.9557,678,,,0.6741,,,,,,270.2026,r1_measured_00183,read,measured,,,,,4.1326,,ok,0.345
199.8723,506,,,0.7026,,,,,,202.2629,r1_measured_00184,read,measured,,,,,1.2239,,ok,0.3828
258.0655,673,,,1.2002,,,,,,264.8029,r1_measured_00185,read,measured,,,,,5.0879,,ok,0.3599
169.5483,417,,,0.5897,,,,,,171.3168,r1_measured_00186,read,measured,,,,,0.7377,,ok,0.3625
253.4423,678,,,0.6893,,,,,,260.1603,r1_measured_00187,read,measured,,,,,5.5861,,ok,0.3554
274.4375,679,,,0.7214,,,,,,280.7362,r1_measured_00188,read,measured,,,,,5.1159,,ok,0.3731
287.8814,675,,,0.6636,,,,,,295.4569,r1_measured_00189,read,measured,,,,,6.4576,,ok,0.3568
269.7459,662,,,0.6527,,,,,,273.0424,r1_measured_00190,read,measured,,,,,2.181,,ok,0.3761
272.9859,688,,,0.662,,,,,,281.5806,r1_measured_00191,read,measured,,,,,7.5101,,ok,0.3336
156.6059,418,,,0.6711,,,,,,159.5581,r1_measured_00192,read,measured,,,,,1.7519,,ok,0.4425
175.6146,418,,,0.4302,,,,,,178.9056,r1_measured_00193,read,measured,,,,,2.4051,,ok,0.3762
176.5702,417,,,0.2704,,,,,,178.2861,r1_measured_00194,read,measured,,,,,1.0527,,ok,0.3358
194.6687,417,,,0.3049,,,,,,196.2609,r1_measured_00195,read,measured,,,,,0.8564,,ok,0.3637
166.4502,368,,,0.3198,,,,,,169.9285,r1_measured_00196,read,measured,,,,,2.7145,,ok,0.369
157.9001,368,,,0.3008,,,,,,159.9156,r1_measured_00197,read,measured,,,,,1.2823,,ok,0.3602
262.5176,628,,,0.5952,,,,,,265.8486,r1_measured_00198,read,measured,,,,,2.255,,ok,0.3933
290.4331,684,,,0.5903,,,,,,294.3476,r1_measured_00199,read,measured,,,,,2.8738,,ok,0.37
173.4697,418,,,0.3236,,,,,,175.7607,r1_measured_00200,read,measured,,,,,1.4963,,ok,0.3923
175.6378,416,,,0.3888,,,,,,177.0569,r1_measured_00201,read,measured,,,,,0.577,,ok,0.3755
251.6077,623,,,0.7737,,,,,,256.4895,r1_measured_00202,read,measured,,,,,3.6412,,ok,0.3803
262.1007,674,,,0.8994,,,,,,265.9021,r1_measured_00203,read,measured,,,,,2.4448,,ok,0.3626
278.3478,689,,,0.6711,,,,,,283.1206,r1_measured_00204,read,measured,,,,,3.6668,,ok,0.356
194.2126,509,,,0.5426,,,,,,200.4909,r1_measured_00205,read,measured,,,,,5.2852,,ok,0.3651
246.2821,627,,,0.9738,,,,,,251.2232,r1_measured_00206,read,measured,,,,,3.5386,,ok,0.3495
271.5865,679,,,0.8094,,,,,,275.8903,r1_measured_00207,read,measured,,,,,3.0669,,ok,0.3447
167.8909,417,,,0.2796,,,,,,170.2023,r1_measured_00208,read,measured,,,,,1.6209,,ok,0.3421
236.1913,628,,,0.7498,,,,,,240.994,r1_measured_00209,read,measured,,,,,3.6028,,ok,0.3598
160.5631,416,,,0.2571,,,,,,162.6369,r1_measured_00210,read,measured,,,,,1.4207,,ok,0.3336
260.325,676,,,0.724,,,,,,265.2834,r1_measured_00211,read,measured,,,,,3.7599,,ok,0.3809
254.4762,674,,,0.5515,,,,,,257.8952,r1_measured_00212,read,measured,,,,,2.4447,,ok,0.3408
148.9328,417,,,0.2975,,,,,,151.3932,r1_measured_00213,read,measured,,,,,1.7251,,ok,0.3681
220.1395,566,,,0.581,,,,,,224.4857,r1_measured_00214,read,measured,,,,,3.3269,,ok,0.358
252.6099,673,,,0.5058,,,,,,257.8646,r1_measured_00215,read,measured,,,,,4.324,,ok,0.3498
260.5246,678,,,0.5878,,,,,,265.6683,r1_measured_00216,read,measured,,,,,4.1106,,ok,0.3618
201.2293,508,,,0.5425,,,,,,206.3122,r1_measured_00217,read,measured,,,,,4.0924,,ok,0.3606
262.8816,677,,,0.6719,,,,,,270.8418,r1_measured_00218,read,measured,,,,,6.8636,,ok,0.3383
264.6583,680,,,0.7702,,,,,,269.339,r1_measured_00219,read,measured,,,,,3.4708,,ok,0.3553
249.5209,681,,,0.5424,,,,,,252.2058,r1_measured_00220,read,measured,,,,,1.7225,,ok,0.3387
246.9872,679,,,0.5947,,,,,,251.8266,r1_measured_00221,read,measured,,,,,3.8455,,ok,0.3171
235.1411,628,,,0.6166,,,,,,238.3209,r1_measured_00222,read,measured,,,,,2.159,,ok,0.3299
251.7915,679,,,0.5541,,,,,,256.7831,r1_measured_00223,read,measured,,,,,4.0038,,ok,0.3431
250.7493,662,,,1.0379,,,,,,256.7793,r1_measured_00224,read,measured,,,,,4.5808,,ok,0.341
227.9981,627,,,1.0039,,,,,,236.922,r1_measured_00225,read,measured,,,,,7.4204,,ok,0.3993
232.0219,567,,,0.6149,,,,,,255.9361,r1_measured_00226,read,measured,,,,,22.8757,,ok,0.3451
286.2864,678,,,0.5957,,,,,,290.1974,r1_measured_00227,read,measured,,,,,2.8712,,ok,0.3566
312.4231,680,,,0.7371,,,,,,318.5946,r1_measured_00228,read,measured,,,,,4.9951,,ok,0.3484
299.0187,673,,,0.5749,,,,,,303.3413,r1_measured_00229,read,measured,,,,,3.3524,,ok,0.3209
225.4881,508,,,0.5971,,,,,,229.7955,r1_measured_00230,read,measured,,,,,3.2092,,ok,0.4353
390.9165,688,259.0653,3.8199,0.7378,70.1235,0,3.8176,1,31.1818,394.8723,r1_measured_00231,update,measured,27.3619,3.9558,1,0.0064,2.751,30.5395,ok,0.3731
297.5314,679,,,0.7866,,,,,,299.5988,r1_measured_00232,read,measured,,,,,0.8355,,ok,0.3605
415.9029,679,266.5008,7.1837,0.7127,55.8097,1,7.1818,1,55.4311,421.8149,r1_measured_00233,update,measured,48.2474,5.912,1,14.0924,4.7402,24.0689,ok,0.3753
223.353,628,,,0.7113,,,,,,227.1537,r1_measured_00234,read,measured,,,,,2.6713,,ok,0.3368
271.587,680,,,1.747,,,,,,279.2364,r1_measured_00235,read,measured,,,,,5.3269,,ok,0.4833
160.1896,418,,,0.299,,,,,,162.1943,r1_measured_00236,read,measured,,,,,1.3067,,ok,0.3414
209.2051,508,,,0.6764,,,,,,213.2305,r1_measured_00237,read,measured,,,,,2.8391,,ok,0.4372
275.7004,687,,,0.9327,,,,,,285.61,r1_measured_00238,read,measured,,,,,8.4786,,ok,0.3984
296.8354,689,,,0.6542,,,,,,299.7635,r1_measured_00239,read,measured,,,,,1.8066,,ok,0.3815
285.3376,680,,,1.166,,,,,,292.7013,r1_measured_00240,read,measured,,,,,5.6819,,ok,0.4137
291.1228,672,,,0.9337,,,,,,297.6371,r1_measured_00241,read,measured,,,,,5.1123,,ok,0.379
301.3468,678,,,0.6818,,,,,,305.8773,r1_measured_00242,read,measured,,,,,3.3711,,ok,0.3884
184.0294,417,,,0.3279,,,,,,185.814,r1_measured_00243,read,measured,,,,,1.0066,,ok,0.3809
222.7401,508,,,0.5632,,,,,,228.0527,r1_measured_00244,read,measured,,,,,4.2829,,ok,0.3825
239.6767,567,,,0.6892,,,,,,243.2064,r1_measured_00245,read,measured,,,,,2.3975,,ok,0.3639
302.3723,661,,,0.5465,,,,,,306.9111,r1_measured_00246,read,measured,,,,,3.4248,,ok,0.4727
307.525,663,,,1.9444,,,,,,317.2017,r1_measured_00247,read,measured,,,,,7.2522,,ok,0.3964
297.5611,625,,,1.2161,,,,,,301.9296,r1_measured_00248,read,measured,,,,,2.6319,,ok,0.433
260.2011,567,,,0.6665,,,,,,265.4311,r1_measured_00249,read,measured,,,,,4.1194,,ok,0.3742
312.1806,680,,,1.0549,,,,,,319.1419,r1_measured_00250,read,measured,,,,,5.3878,,ok,0.377
208.7611,417,,,0.3135,,,,,,211.1206,r1_measured_00251,read,measured,,,,,1.5239,,ok,0.4444
199.0057,416,,,1.2674,,,,,,202.1479,r1_measured_00252,read,measured,,,,,1.2703,,ok,0.5109
278.0414,628,,,0.6146,,,,,,284.2845,r1_measured_00253,read,measured,,,,,5.1884,,ok,0.3536
261.4004,678,,,0.7382,,,,,,265.8117,r1_measured_00254,read,measured,,,,,3.2152,,ok,0.3704
199.3878,507,,,0.55,,,,,,204.5438,r1_measured_00255,read,measured,,,,,4.1994,,ok,0.3318
141.9957,368,,,0.2666,,,,,,143.5525,r1_measured_00256,read,measured,,,,,0.8664,,ok,0.3566
251.3841,688,,,0.7091,,,,,,255.5137,r1_measured_00257,read,measured,,,,,2.9873,,ok,0.3491
270.1854,684,,,0.5998,,,,,,273.9192,r1_measured_00258,read,measured,,,,,2.683,,ok,0.3642
243.6744,676,,,0.7111,,,,,,247.4594,r1_measured_00259,read,measured,,,,,2.6057,,ok,0.3762
217.8694,509,,,0.6768,,,,,,223.3958,r1_measured_00260,read,measured,,,,,4.4229,,ok,0.3549
140.7879,368,,,1.2113,,,,,,143.5538,r1_measured_00261,read,measured,,,,,1.1109,,ok,0.3662
251.9776,678,,,0.7892,,,,,,258.8445,r1_measured_00262,read,measured,,,,,5.5952,,ok,0.3787
250.3539,677,,,0.6191,,,,,,253.9166,r1_measured_00263,read,measured,,,,,2.4818,,ok,0.3758
154.2761,419,,,0.3218,,,,,,156.0567,r1_measured_00264,read,measured,,,,,1.0447,,ok,0.3402
274.0601,663,,,1.1125,,,,,,306.2282,r1_measured_00265,read,measured,,,,,30.6382,,ok,0.3466
287.8261,628,,,0.5664,,,,,,292.2768,r1_measured_00266,read,measured,,,,,3.4741,,ok,0.3431
301.5691,677,,,0.9323,,,,,,308.2672,r1_measured_00267,read,measured,,,,,5.3399,,ok,0.3426
157.9068,417,,,0.3261,,,,,,160.0675,r1_measured_00268,read,measured,,,,,1.397,,ok,0.3807
140.9666,368,,,0.3623,,,,,,144.6479,r1_measured_00269,read,measured,,,,,2.8853,,ok,0.3817
197.71,417,,,0.2783,,,,,,199.4226,r1_measured_00270,read,measured,,,,,1.0198,,ok,0.3586
279.9682,679,,,0.8265,,,,,,284.7212,r1_measured_00271,read,measured,,,,,3.4881,,ok,0.3527
284.7855,686,,,0.8314,,,,,,288.6233,r1_measured_00272,read,measured,,,,,2.5794,,ok,0.3434
383.4459,629,233.5608,5.4702,1.3574,56.5113,1,5.4682,1,33.6648,390.7004,r1_measured_00273,update,measured,28.1946,7.2545,1,34.5514,5.4406,25.1576,ok,0.3662
347.1595,564,211.0229,3.4894,0.5913,45.692,1,3.4875,1,28.0387,349.8207,r1_measured_00274,update,measured,24.5493,2.6612,1,13.5826,1.6128,48.8233,ok,0.3646
236.1061,673,,,0.5917,,,,,,239.3893,r1_measured_00275,read,measured,,,,,2.268,,ok,0.3423
241.1307,680,,,0.7411,,,,,,246.3516,r1_measured_00276,read,measured,,,,,4.0493,,ok,0.3609
219.3077,627,,,0.7344,,,,,,226.0089,r1_measured_00277,read,measured,,,,,5.5358,,ok,0.3563
222.5197,628,,,0.6026,,,,,,228.9475,r1_measured_00278,read,measured,,,,,5.3889,,ok,0.3581
244.2048,663,,,0.8567,,,,,,251.0503,r1_measured_00279,read,measured,,,,,5.5375,,ok,0.3714
222.1252,567,,,0.5005,,,,,,227.4521,r1_measured_00280,read,measured,,,,,4.4213,,ok,0.3416
165.0575,416,,,0.2747,,,,,,166.8734,r1_measured_00281,read,measured,,,,,1.1493,,ok,0.3315
128.5131,368,,,0.2641,,,,,,130.0794,r1_measured_00282,read,measured,,,,,0.8855,,ok,0.3512
254.8766,688,,,0.7169,,,,,,262.0244,r1_measured_00283,read,measured,,,,,6.0165,,ok,0.3411
262.3392,686,,,0.739,,,,,,266.4589,r1_measured_00284,read,measured,,,,,2.9245,,ok,0.3643
228.9933,628,,,0.9364,,,,,,235.6035,r1_measured_00285,read,measured,,,,,5.17,,ok,0.4057
250.3424,674,,,1.6063,,,,,,258.0991,r1_measured_00286,read,measured,,,,,5.6752,,ok,0.385
194.3235,508,,,0.5479,,,,,,199.8132,r1_measured_00287,read,measured,,,,,4.4926,,ok,0.3714
271.3405,661,,,0.6189,,,,,,276.8248,r1_measured_00288,read,measured,,,,,4.4241,,ok,0.3438
280.3465,675,,,1.1063,,,,,,285.0961,r1_measured_00289,read,measured,,,,,3.1928,,ok,0.3651
156.3146,417,,,0.2706,,,,,,159.2093,r1_measured_00290,read,measured,,,,,2.17,,ok,0.3926
266.7246,567,,,0.529,,,,,,269.9437,r1_measured_00291,read,measured,,,,,2.2744,,ok,0.3498
285.5457,674,,,0.8687,,,,,,290.2567,r1_measured_00292,read,measured,,,,,3.4176,,ok,0.3384
319.1056,661,,,0.6663,,,,,,322.8763,r1_measured_00293,read,measured,,,,,2.6871,,ok,0.3453
425.8472,678,289.6446,10.4483,0.7569,53.4087,1,10.446,1,44.1007,431.0042,r1_measured_00294,update,measured,33.6524,5.157,1,14.3539,3.9399,24.3393,ok,0.3737
253.9807,567,,,0.6488,,,,,,260.4434,r1_measured_00295,read,measured,,,,,5.34,,ok,0.3927
236.1463,508,,,0.4527,,,,,,241.9536,r1_measured_00296,read,measured,,,,,4.9429,,ok,0.3439
250.207,418,154.3076,5.1952,0.6814,36.74,1,5.1934,1,23.6426,252.9889,r1_measured_00297,update,measured,18.4474,2.7819,1,12.8008,1.6159,22.716,ok,0.4058
300.9842,678,,,0.8506,,,,,,306.8496,r1_measured_00298,read,measured,,,,,4.5589,,ok,0.3715
252.3559,623,,,0.5543,,,,,,255.7006,r1_measured_00299,read,measured,,,,,2.3788,,ok,0.3459
277.8721,678,,,0.7202,,,,,,285.1137,r1_measured_00300,read,measured,,,,,6.0878,,ok,0.3534
252.0662,628,,,1.627,,,,,,257.068,r1_measured_00301,read,measured,,,,,2.9399,,ok,0.3625
223.3204,564,,,0.7698,,,,,,229.7942,r1_measured_00302,read,measured,,,,,5.2998,,ok,0.3237
268.1876,674,,,0.9452,,,,,,272.64,r1_measured_00303,read,measured,,,,,3.068,,ok,0.3495
344.1261,626,233.4449,5.1172,0.8821,48.4461,1,5.114,1,25.3776,351.1102,r1_measured_00304,update,measured,20.2604,6.9841,1,14.1059,5.6461,22.7516,ok,0.3775
220.6912,623,,,0.6835,,,,,,225.3359,r1_measured_00305,read,measured,,,,,3.5408,,ok,0.3415
241.0786,679,,,0.842,,,,,,249.7683,r1_measured_00306,read,measured,,,,,7.3651,,ok,0.3972
238.0724,628,,,0.549,,,,,,242.1728,r1_measured_00307,read,measured,,,,,3.116,,ok,0.3667
269.9794,671,,,0.5899,,,,,,274.317,r1_measured_00308,read,measured,,,,,3.2924,,ok,0.3639
269.49,662,,,0.9609,,,,,,275.8417,r1_measured_00309,read,measured,,,,,4.9309,,ok,0.3747
151.8145,417,,,0.2743,,,,,,153.1645,r1_measured_00310,read,measured,,,,,0.6663,,ok,0.3481
288.2261,662,,,0.7673,,,,,,290.3738,r1_measured_00311,read,measured,,,,,0.9253,,ok,0.3737
297.3673,686,,,0.6779,,,,,,302.0245,r1_measured_00312,read,measured,,,,,3.5835,,ok,0.3307
423.0203,685,295.8831,4.6865,0.5751,61.6439,1,4.6845,1,21.1891,429.2417,r1_measured_00313,update,measured,16.5026,6.2214,1,18.022,5.2419,26.2822,ok,0.3257
288.8109,679,,,1.033,,,,,,292.1476,r1_measured_00314,read,measured,,,,,1.8344,,ok,0.3845
304.1144,674,,,1.1324,,,,,,313.4027,r1_measured_00315,read,measured,,,,,7.4287,,ok,0.5891
222.7747,509,,,0.5626,,,,,,227.6476,r1_measured_00316,read,measured,,,,,3.8861,,ok,0.3509
283.943,679,,,0.6328,,,,,,295.0879,r1_measured_00317,read,measured,,,,,10.044,,ok,0.3678
292.9793,679,,,0.5547,,,,,,296.7706,r1_measured_00318,read,measured,,,,,2.7949,,ok,0.366
430.1985,681,302.9669,4.0744,0.632,62.8271,1,4.0723,1,26.4007,436.995,r1_measured_00319,update,measured,22.3263,6.7965,1,15.359,5.742,22.6448,ok,0.3415
175.0161,417,,,0.2602,,,,,,176.4703,r1_measured_00320,read,measured,,,,,0.8039,,ok,0.3209
295.6046,678,,,0.8104,,,,,,301.3534,r1_measured_00321,read,measured,,,,,4.5341,,ok,0.3346
209.5298,416,,,0.2673,,,,,,211.1885,r1_measured_00322,read,measured,,,,,0.989,,ok,0.3361
279.466,677,,,0.5865,,,,,,283.4339,r1_measured_00323,read,measured,,,,,2.9668,,ok,0.3372
170.3651,417,,,0.2886,,,,,,172.4769,r1_measured_00324,read,measured,,,,,1.4256,,ok,0.3344
356.7704,629,234.3536,5.1021,0.6024,50.9476,1,5.1003,1,28.706,360.419,r1_measured_00325,update,measured,23.6039,3.6486,1,17.0941,2.6204,25.6691,ok,0.3554
263.1726,680,,,0.6249,,,,,,267.7551,r1_measured_00326,read,measured,,,,,3.5196,,ok,0.3514
266.0833,677,,,0.9154,,,,,,270.4061,r1_measured_00327,read,measured,,,,,2.8481,,ok,0.4746
245.5576,662,,,0.7546,,,,,,251.347,r1_measured_00328,read,measured,,,,,4.5061,,ok,0.4403
157.1914,417,,,0.3862,,,,,,159.3933,r1_measured_00329,read,measured,,,,,1.3779,,ok,0.3713
252.0491,677,,,0.6165,,,,,,254.3742,r1_measured_00330,read,measured,,,,,1.217,,ok,0.348
279.4862,674,,,0.7335,,,,,,283.0999,r1_measured_00331,read,measured,,,,,2.4072,,ok,0.3849
203.2732,568,,,0.8055,,,,,,207.0174,r1_measured_00332,read,measured,,,,,2.5251,,ok,0.3477
277.5222,679,,,0.8872,,,,,,283.8989,r1_measured_00333,read,measured,,,,,5.0284,,ok,0.376
289.9936,677,,,0.6831,,,,,,295.2556,r1_measured_00334,read,measured,,,,,4.1581,,ok,0.3445
231.5315,568,,,0.6741,,,,,,235.0702,r1_measured_00335,read,measured,,,,,2.4382,,ok,0.348
215.3135,507,,,0.5853,,,,,,219.4366,r1_measured_00336,read,measured,,,,,3.1087,,ok,0.3611
247.1052,568,,,0.6935,,,,,,250.6557,r1_measured_00337,read,measured,,,,,2.413,,ok,0.3617
454.7105,679,342.7729,4.804,0.5822,59.2521,1,4.802,1,24.8791,458.9208,r1_measured_00338,update,measured,20.0751,4.2103,1,0.0059,3.2037,27.8005,ok,0.3381
222.6724,508,,,0.4807,,,,,,224.8857,r1_measured_00339,read,measured,,,,,1.2723,,ok,0.3893
326.4192,675,,,0.8897,,,,,,332.8107,r1_measured_00340,read,measured,,,,,4.9476,,ok,0.4426
236.6091,508,,,0.9718,,,,,,243.2172,r1_measured_00341,read,measured,,,,,5.022,,ok,0.4957
198.939,418,,,0.5351,,,,,,201.2012,r1_measured_00342,read,measured,,,,,1.2019,,ok,0.4325
243.1931,506,,,0.6234,,,,,,248.7685,r1_measured_00343,read,measured,,,,,4.4556,,ok,0.4182
326.4709,687,,,0.6477,,,,,,330.0689,r1_measured_00344,read,measured,,,,,2.5169,,ok,0.3496
285.1285,568,,,0.7098,,,,,,291.8612,r1_measured_00345,read,measured,,,,,5.6116,,ok,0.3478
320.8277,679,,,0.9319,,,,,,323.3237,r1_measured_00346,read,measured,,,,,1.1212,,ok,0.3603
300.2807,506,186.4958,5.4806,0.7563,35.665,1,5.4783,1,34.9394,304.8561,r1_measured_00347,update,measured,29.4588,4.5754,1,20.5386,3.3586,22.6419,ok,0.3835
278.4308,680,,,1.3782,,,,,,283.7491,r1_measured_00348,read,measured,,,,,3.4825,,ok,0.3766
263.4221,661,,,0.8212,,,,,,267.7225,r1_measured_00349,read,measured,,,,,3.0724,,ok,0.3409
261.0074,629,,,0.5068,,,,,,264.3052,r1_measured_00350,read,measured,,,,,2.3922,,ok,0.3376
149.1362,418,,,0.5667,,,,,,150.8844,r1_measured_00351,read,measured,,,,,0.7514,,ok,0.365
236.365,629,,,0.8934,,,,,,239.2059,r1_measured_00352,read,measured,,,,,1.4995,,ok,0.3632
133.1548,369,,,0.4425,,,,,,136.1518,r1_measured_00353,read,measured,,,,,2.1393,,ok,0.3486
246.5094,673,,,0.6313,,,,,,249.8827,r1_measured_00354,read,measured,,,,,2.3283,,ok,0.3342
250.363,677,,,0.7162,,,,,,255.0941,r1_measured_00355,read,measured,,,,,3.5793,,ok,0.3532
138.3406,369,,,0.2678,,,,,,140.1189,r1_measured_00356,read,measured,,,,,1.1252,,ok,0.3226
161.0388,416,,,0.3029,,,,,,163.1358,r1_measured_00357,read,measured,,,,,1.3928,,ok,0.334
234.5309,629,,,0.8456,,,,,,239.8383,r1_measured_00358,read,measured,,,,,4.0311,,ok,0.3469
260.5121,663,,,0.9808,,,,,,265.5314,r1_measured_00359,read,measured,,,,,3.5531,,ok,0.4019
241.8916,663,,,0.6039,,,,,,247.2349,r1_measured_00360,read,measured,,,,,4.3254,,ok,0.3398
249.1199,678,,,0.8279,,,,,,254.8316,r1_measured_00361,read,measured,,,,,4.4572,,ok,0.3461
276.5813,681,,,0.5153,,,,,,283.8719,r1_measured_00362,read,measured,,,,,6.3812,,ok,0.3161
269.1912,674,,,0.7581,,,,,,275.4266,r1_measured_00363,read,measured,,,,,5.0614,,ok,0.3375
274.7668,676,,,0.645,,,,,,280.6067,r1_measured_00364,read,measured,,,,,4.7888,,ok,0.3321
237.3891,568,,,0.6303,,,,,,241.6059,r1_measured_00365,read,measured,,,,,3.2002,,ok,0.329
253.1696,688,,,0.7333,,,,,,258.9428,r1_measured_00366,read,measured,,,,,4.5619,,ok,0.374
248.6207,628,,,0.6815,,,,,,254.563,r1_measured_00367,read,measured,,,,,4.8476,,ok,0.339
244.8085,568,,,0.4812,,,,,,250.3987,r1_measured_00368,read,measured,,,,,4.7053,,ok,0.344
366.5041,662,246.2466,5.9166,0.8036,54.6719,1,5.9143,1,24.836,370.9789,r1_measured_00369,update,measured,18.9194,4.4748,1,13.7534,3.2025,26.9962,ok,0.3852
246.267,678,,,0.7921,,,,,,252.9513,r1_measured_00370,read,measured,,,,,5.4261,,ok,0.3709
248.0664,679,,,0.6718,,,,,,250.5605,r1_measured_00371,read,measured,,,,,1.3746,,ok,0.3683
183.7976,506,,,0.6331,,,,,,188.6699,r1_measured_00372,read,measured,,,,,3.6582,,ok,0.4853
245.1803,663,,,0.7689,,,,,,247.8648,r1_measured_00373,read,measured,,,,,1.4627,,ok,0.3702
234.3972,623,,,0.7002,,,,,,238.1383,r1_measured_00374,read,measured,,,,,2.6288,,ok,0.3444
217.9769,567,,,0.6941,,,,,,221.7802,r1_measured_00375,read,measured,,,,,2.6783,,ok,0.3453
256.7002,674,,,0.5788,,,,,,261.002,r1_measured_00376,read,measured,,,,,3.2612,,ok,0.3753
259.697,675,,,0.7043,,,,,,266.49,r1_measured_00377,read,measured,,,,,5.6565,,ok,0.3541
263.0293,678,,,0.8259,,,,,,266.4833,r1_measured_00378,read,measured,,,,,2.1842,,ok,0.3517
233.1603,627,,,0.6615,,,,,,240.5158,r1_measured_00379,read,measured,,,,,6.2827,,ok,0.3382
183.4037,508,,,0.5267,,,,,,189.3813,r1_measured_00380,read,measured,,,,,5.0166,,ok,0.3601
252.8363,679,,,0.5735,,,,,,255.7282,r1_measured_00381,read,measured,,,,,1.8961,,ok,0.3506
211.05,565,,,0.6479,,,,,,214.6914,r1_measured_00382,read,measured,,,,,2.5686,,ok,0.3564
249.8574,677,,,0.6301,,,,,,254.2888,r1_measured_00383,read,measured,,,,,3.3496,,ok,0.3612
261.6074,679,,,0.6896,,,,,,266.8977,r1_measured_00384,read,measured,,,,,4.038,,ok,0.4642
140.582,369,,,0.2762,,,,,,142.6321,r1_measured_00385,read,measured,,,,,1.3089,,ok,0.3817
216.3397,568,,,0.67,,,,,,221.1523,r1_measured_00386,read,measured,,,,,3.6588,,ok,0.4016
261.8395,681,,,0.6462,,,,,,269.9125,r1_measured_00387,read,measured,,,,,6.9393,,ok,0.4039
216.0191,566,,,0.56,,,,,,220.2944,r1_measured_00388,read,measured,,,,,3.2713,,ok,0.3657
207.3489,565,,,1.0218,,,,,,213.1352,r1_measured_00389,read,measured,,,,,4.3038,,ok,0.3878
260.144,673,,,0.6308,,,,,,264.1416,r1_measured_00390,read,measured,,,,,2.9436,,ok,0.3442
188.4445,507,,,0.9293,,,,,,196.7842,r1_measured_00391,read,measured,,,,,7.0093,,ok,0.3345
258.7949,663,,,0.5666,,,,,,263.9956,r1_measured_00392,read,measured,,,,,4.1538,,ok,0.3456
212.496,566,,,0.6571,,,,,,217.639,r1_measured_00393,read,measured,,,,,3.9706,,ok,0.4341
215.729,567,,,0.6179,,,,,,218.7232,r1_measured_00394,read,measured,,,,,1.9757,,ok,0.3304
195.6089,508,,,0.867,,,,,,199.4042,r1_measured_00395,read,measured,,,,,2.4812,,ok,0.3751
233.3637,627,,,0.754,,,,,,238.4139,r1_measured_00396,read,measured,,,,,3.8077,,ok,0.3967
218.4452,568,,,0.6902,,,,,,224.0324,r1_measured_00397,read,measured,,,,,4.4398,,ok,0.3819
237.7673,627,,,0.652,,,,,,242.3182,r1_measured_00398,read,measured,,,,,3.4337,,ok,0.3804
246.71,662,,,0.8919,,,,,,251.3431,r1_measured_00399,read,measured,,,,,3.2938,,ok,0.3571
217.8492,567,,,0.5371,,,,,,221.8189,r1_measured_00400,read,measured,,,,,3.0119,,ok,0.3473
234.7986,628,,,0.65,,,,,,238.4403,r1_measured_00401,read,measured,,,,,2.5608,,ok,0.3475
217.225,567,,,0.7538,,,,,,222.2041,r1_measured_00402,read,measured,,,,,3.8065,,ok,0.3411
231.2867,568,,,0.8402,,,,,,236.2558,r1_measured_00403,read,measured,,,,,3.6972,,ok,0.3541
274.5516,678,,,0.6939,,,,,,280.7985,r1_measured_00404,read,measured,,,,,5.075,,ok,0.3864
213.7577,568,,,1.0155,,,,,,219.1632,r1_measured_00405,read,measured,,,,,3.9207,,ok,0.3788
257.4949,689,,,0.6782,,,,,,262.232,r1_measured_00406,read,measured,,,,,3.568,,ok,0.395
254.1927,626,,,0.6243,,,,,,260.9181,r1_measured_00407,read,measured,,,,,5.6429,,ok,0.3664
272.4217,686,,,1.0867,,,,,,279.0952,r1_measured_00408,read,measured,,,,,5.0992,,ok,0.3922
284.6278,679,,,0.7427,,,,,,293.3321,r1_measured_00409,read,measured,,,,,7.4958,,ok,0.3834
235.5891,567,,,0.8608,,,,,,243.1871,r1_measured_00410,read,measured,,,,,6.2674,,ok,0.3816
313.3714,689,,,0.6242,,,,,,318.7799,r1_measured_00411,read,measured,,,,,4.328,,ok,0.3623
294.4948,676,,,0.6336,,,,,,301.4096,r1_measured_00412,read,measured,,,,,5.8361,,ok,0.3668
284.2345,662,,,0.7634,,,,,,288.333,r1_measured_00413,read,measured,,,,,2.8883,,ok,0.356
252.4352,567,,,0.6169,,,,,,256.3632,r1_measured_00414,read,measured,,,,,2.8766,,ok,0.3575
293.2169,680,,,0.9262,,,,,,300.0977,r1_measured_00415,read,measured,,,,,5.4996,,ok,0.3648
287.3713,680,,,0.65,,,,,,291.2988,r1_measured_00416,read,measured,,,,,2.8081,,ok,0.3448
280.1578,661,,,0.7032,,,,,,285.313,r1_measured_00417,read,measured,,,,,4.0144,,ok,0.3622
332.5697,509,235.9883,4.4096,0.413,43.2162,0,4.4068,1,26.9835,336.5245,r1_measured_00418,update,measured,22.5739,3.9548,1,0.0064,3.0673,26.3753,ok,0.4119
277.9462,671,,,0.6112,,,,,,283.1279,r1_measured_00419,read,measured,,,,,4.1348,,ok,0.3521
135.7097,368,,,0.2786,,,,,,138.13,r1_measured_00420,read,measured,,,,,1.7243,,ok,0.3489
281.0606,680,,,0.7798,,,,,,286.847,r1_measured_00421,read,measured,,,,,4.5742,,ok,0.3497
279.8859,673,,,0.5854,,,,,,284.8459,r1_measured_00422,read,measured,,,,,3.93,,ok,0.3767
287.5008,688,,,0.5908,,,,,,294.5222,r1_measured_00423,read,measured,,,,,5.9958,,ok,0.3477
403.8595,689,261.9618,6.9602,0.6147,58.602,1,6.9584,1,28.9113,411.6791,r1_measured_00424,update,measured,21.9511,7.8196,1,22.6103,6.7768,31.7741,ok,0.345
173.4129,417,,,0.2724,,,,,,175.6067,r1_measured_00425,read,measured,,,,,1.525,,ok,0.3393
273.6598,672,,,0.608,,,,,,278.3143,r1_measured_00426,read,measured,,,,,3.5515,,ok,0.4033
242.4536,681,,,0.6237,,,,,,246.7642,r1_measured_00427,read,measured,,,,,3.2503,,ok,0.3418
237.607,628,,,0.6828,,,,,,240.1731,r1_measured_00428,read,measured,,,,,1.4382,,ok,0.3593
179.503,506,,,0.5369,,,,,,183.5081,r1_measured_00429,read,measured,,,,,2.9616,,ok,0.4261
243.7937,662,,,1.1388,,,,,,251.3681,r1_measured_00430,read,measured,,,,,5.943,,ok,0.4103
210.2077,568,,,0.6572,,,,,,214.8185,r1_measured_00431,read,measured,,,,,3.5432,,ok,0.3363
238.2553,628,,,0.6943,,,,,,246.5305,r1_measured_00432,read,measured,,,,,7.1712,,ok,0.3315
211.5,567,,,0.5281,,,,,,216.6863,r1_measured_00433,read,measured,,,,,4.2664,,ok,0.331
161.8173,417,,,0.5836,,,,,,163.724,r1_measured_00434,read,measured,,,,,0.9151,,ok,0.3462
158.2621,419,,,0.2643,,,,,,159.4848,r1_measured_00435,read,measured,,,,,0.5675,,ok,0.3368
256.5763,680,,,0.7632,,,,,,261.8175,r1_measured_00436,read,measured,,,,,4.0372,,ok,0.347
265.6438,680,,,0.5938,,,,,,269.1027,r1_measured_00437,read,measured,,,,,2.4281,,ok,0.3533
254.2979,688,,,0.6425,,,,,,256.8524,r1_measured_00438,read,measured,,,,,1.4529,,ok,0.3716
133.486,366,,,0.2995,,,,,,135.4908,r1_measured_00439,read,measured,,,,,1.2879,,ok,0.3487
260.6923,689,,,0.8486,,,,,,265.9335,r1_measured_00440,read,measured,,,,,3.9485,,ok,0.3582
247.197,680,,,0.6655,,,,,,252.7728,r1_measured_00441,read,measured,,,,,4.3538,,ok,0.452
202.8925,568,,,0.6707,,,,,,206.7798,r1_measured_00442,read,measured,,,,,2.7972,,ok,0.3434
253.9943,673,,,0.5241,,,,,,257.8321,r1_measured_00443,read,measured,,,,,2.8748,,ok,0.3643
218.2731,568,,,0.9232,,,,,,226.1206,r1_measured_00444,read,measured,,,,,6.4057,,ok,0.4379
181.9735,417,,,0.311,,,,,,183.812,r1_measured_00445,read,measured,,,,,1.0277,,ok,0.4133
289.4472,663,,,0.7137,,,,,,295.7471,r1_measured_00446,read,measured,,,,,5.1787,,ok,0.3297
194.3807,418,,,0.2913,,,,,,196.2437,r1_measured_00447,read,measured,,,,,1.1325,,ok,0.3678
254.7954,567,,,0.5354,,,,,,257.4068,r1_measured_00448,read,measured,,,,,1.6498,,ok,0.3471
182.1953,368,,,0.2634,,,,,,184.4375,r1_measured_00449,read,measured,,,,,1.527,,ok,0.3842
176.0351,369,,,0.2449,,,,,,178.0176,r1_measured_00450,read,measured,,,,,1.3491,,ok,0.3397
360.0057,627,231.6019,8.6558,0.9372,53.5381,1,8.6542,1,36.0255,364.4575,r1_measured_00451,update,measured,27.3697,4.4518,1,12.9517,3.0862,25.8885,ok,0.3493
214.8161,506,,,0.5701,,,,,,218.9458,r1_measured_00452,read,measured,,,,,3.1517,,ok,0.3339
272.3174,680,,,0.7778,,,,,,279.2605,r1_measured_00453,read,measured,,,,,5.7282,,ok,0.3543
146.7704,417,,,0.2559,,,,,,149.5796,r1_measured_00454,read,measured,,,,,2.1737,,ok,0.3252
258.8507,686,,,0.7978,,,,,,264.3178,r1_measured_00455,read,measured,,,,,4.1601,,ok,0.416
237.2865,628,,,0.6078,,,,,,243.5527,r1_measured_00456,read,measured,,,,,5.2369,,ok,0.343
314.8833,681,,,0.6626,,,,,,318.2842,r1_measured_00457,read,measured,,,,,2.2877,,ok,0.371
307.3012,681,,,0.5899,,,,,,313.893,r1_measured_00458,read,measured,,,,,5.4719,,ok,0.4302
135.2065,369,,,0.2471,,,,,,136.9401,r1_measured_00459,read,measured,,,,,1.0921,,ok,0.34
145.9369,419,,,0.3332,,,,,,147.5296,r1_measured_00460,read,measured,,,,,0.8245,,ok,0.3614
302.2552,661,,,0.7431,,,,,,306.1047,r1_measured_00461,read,measured,,,,,2.6434,,ok,0.3728
309.3539,681,,,0.7407,,,,,,315.6241,r1_measured_00462,read,measured,,,,,5.1013,,ok,0.3505
318.1368,686,,,0.6883,,,,,,324.1669,r1_measured_00463,read,measured,,,,,4.9027,,ok,0.3456
275.8897,628,,,0.8285,,,,,,281.5074,r1_measured_00464,read,measured,,,,,4.3641,,ok,0.343
215.5565,418,,,0.3099,,,,,,217.2107,r1_measured_00465,read,measured,,,,,0.8793,,ok,0.3883
245.7364,506,,,0.6167,,,,,,252.2047,r1_measured_00466,read,measured,,,,,5.4057,,ok,0.3789
257.6532,688,,,0.6983,,,,,,263.139,r1_measured_00467,read,measured,,,,,4.3001,,ok,0.3909
181.1726,509,,,0.4349,,,,,,186.1711,r1_measured_00468,read,measured,,,,,4.1534,,ok,0.3495
262.8538,674,,,0.7343,,,,,,271.2538,r1_measured_00469,read,measured,,,,,7.1785,,ok,0.3853
198.4653,508,,,1.5513,,,,,,203.6204,r1_measured_00470,read,measured,,,,,3.0967,,ok,0.4317
224.1143,567,,,0.6352,,,,,,227.5958,r1_measured_00471,read,measured,,,,,2.3164,,ok,0.4473
255.1551,673,,,0.7517,,,,,,258.5571,r1_measured_00472,read,measured,,,,,2.2093,,ok,0.355
149.4497,368,,,0.2516,,,,,,152.2465,r1_measured_00473,read,measured,,,,,2.1364,,ok,0.3473
269.5399,662,,,0.7585,,,,,,274.3507,r1_measured_00474,read,measured,,,,,3.6039,,ok,0.3598
204.5794,565,,,0.6744,,,,,,209.2739,r1_measured_00475,read,measured,,,,,3.5752,,ok,0.3745
265.1413,678,,,0.7848,,,,,,271.9809,r1_measured_00476,read,measured,,,,,5.5966,,ok,0.3683
149.143,369,,,0.3579,,,,,,151.2773,r1_measured_00477,read,measured,,,,,1.3227,,ok,0.3859
267.2283,689,,,0.7639,,,,,,271.914,r1_measured_00478,read,measured,,,,,3.4595,,ok,0.371
272.4344,673,,,0.7059,,,,,,279.3206,r1_measured_00479,read,measured,,,,,5.7248,,ok,0.373
215.764,568,,,0.6027,,,,,,220.9848,r1_measured_00480,read,measured,,,,,4.1531,,ok,0.377
256.0222,680,,,0.7811,,,,,,262.2291,r1_measured_00481,read,measured,,,,,4.9821,,ok,0.3656
214.5646,567,,,0.9649,,,,,,219.2093,r1_measured_00482,read,measured,,,,,3.1735,,ok,0.4152
153.3089,416,,,0.4074,,,,,,155.5928,r1_measured_00483,read,measured,,,,,1.3755,,ok,0.4233
266.8292,679,,,0.8876,,,,,,274.4384,r1_measured_00484,read,measured,,,,,6.263,,ok,0.3658
269.3415,678,,,0.5564,,,,,,274.3085,r1_measured_00485,read,measured,,,,,3.9836,,ok,0.3454
259.7564,678,,,0.671,,,,,,264.6186,r1_measured_00486,read,measured,,,,,3.6296,,ok,0.4664
255.159,677,,,0.5984,,,,,,261.0086,r1_measured_00487,read,measured,,,,,4.8534,,ok,0.324
143.2929,368,,,0.2721,,,,,,144.694,r1_measured_00488,read,measured,,,,,0.707,,ok,0.358
258.0796,674,,,0.6829,,,,,,262.1477,r1_measured_00489,read,measured,,,,,2.8744,,ok,0.4216
243.6131,674,,,0.5436,,,,,,251.5766,r1_measured_00490,read,measured,,,,,6.9271,,ok,0.3292
147.125,416,,,0.5181,,,,,,149.0664,r1_measured_00491,read,measured,,,,,0.9452,,ok,0.3971
189.844,506,,,0.6304,,,,,,194.3613,r1_measured_00492,read,measured,,,,,3.4532,,ok,0.3555
254.0026,677,,,0.729,,,,,,258.4772,r1_measured_00493,read,measured,,,,,3.2935,,ok,0.3636
236.6944,629,,,0.9029,,,,,,240.4818,r1_measured_00494,read,measured,,,,,2.3264,,ok,0.4545
274.9113,678,,,0.6975,,,,,,278.5953,r1_measured_00495,read,measured,,,,,2.5093,,ok,0.383
306.4665,679,,,0.5858,,,,,,310.2968,r1_measured_00496,read,measured,,,,,2.7849,,ok,0.3769
308.9707,680,,,0.7745,,,,,,315.9992,r1_measured_00497,read,measured,,,,,5.8096,,ok,0.3619
299.641,678,,,0.749,,,,,,305.9369,r1_measured_00498,read,measured,,,,,5.0689,,ok,0.3869
349.5814,689,,,0.7167,,,,,,353.2033,r1_measured_00499,read,measured,,,,,2.4519,,ok,0.3618
263.3021,567,,,0.7638,,,,,,270.2472,r1_measured_00500,read,measured,,,,,5.6765,,ok,0.4281
369.6282,566,233.6366,5.9926,0.9445,76.8207,0,5.9891,1,29.0208,373.8835,r1_measured_00501,update,measured,23.0282,4.2553,1,0.0073,2.8914,30.1428,ok,0.3312
422.4593,663,263.5878,29.8075,0.6785,56.6487,1,29.8033,1,55.4717,425.1394,r1_measured_00502,update,measured,25.6642,2.6801,1,13.3271,1.5451,33.424,ok,0.3749
240.4366,509,,,0.4884,,,,,,245.4059,r1_measured_00503,read,measured,,,,,4.0609,,ok,0.3417
384.1665,678,252.6515,5.2014,0.6606,56.4699,0,5.1971,1,27.7731,388.1696,r1_measured_00504,update,measured,22.5717,4.0031,1,17.3048,2.8988,29.9672,ok,0.3554
237.0744,568,,,0.6828,,,,,,241.0953,r1_measured_00505,read,measured,,,,,2.9155,,ok,0.3455
264.8201,674,,,0.6177,,,,,,270.7533,r1_measured_00506,read,measured,,,,,4.8775,,ok,0.3588
256.1194,629,,,0.8642,,,,,,260.4444,r1_measured_00507,read,measured,,,,,3.0445,,ok,0.3425
226.7153,627,,,0.5612,,,,,,230.9861,r1_measured_00508,read,measured,,,,,3.2847,,ok,0.3546
196.8828,567,,,0.5278,,,,,,201.564,r1_measured_00509,read,measured,,,,,3.7238,,ok,0.3524
248.4413,676,,,0.8423,,,,,,256.9477,r1_measured_00510,read,measured,,,,,7.2153,,ok,0.3578
255.9793,686,,,0.625,,,,,,260.6767,r1_measured_00511,read,measured,,,,,3.6248,,ok,0.3669
270.5363,679,,,0.6058,,,,,,281.7152,r1_measured_00512,read,measured,,,,,10.1367,,ok,0.3507
199.376,509,,,0.9973,,,,,,203.7605,r1_measured_00513,read,measured,,,,,2.9087,,ok,0.3882
256.7368,680,,,0.6789,,,,,,260.655,r1_measured_00514,read,measured,,,,,2.747,,ok,0.3981
157.4689,417,,,0.4125,,,,,,159.2582,r1_measured_00515,read,measured,,,,,0.8987,,ok,0.4114
257.6286,686,,,0.7363,,,,,,266.2418,r1_measured_00516,read,measured,,,,,7.4455,,ok,0.3449
250.7228,680,,,0.8467,,,,,,255.8087,r1_measured_00517,read,measured,,,,,3.7929,,ok,0.357
203.9303,508,,,0.5476,,,,,,208.8914,r1_measured_00518,read,measured,,,,,3.986,,ok,0.3513
252.6329,627,,,0.678,,,,,,261.3222,r1_measured_00519,read,measured,,,,,7.587,,ok,0.3224
214.3654,568,,,0.7055,,,,,,218.6137,r1_measured_00520,read,measured,,,,,3.1322,,ok,0.3319
260.5623,679,,,0.7175,,,,,,265.5727,r1_measured_00521,read,measured,,,,,3.8701,,ok,0.3402
215.9473,566,,,0.6386,,,,,,220.4969,r1_measured_00522,read,measured,,,,,3.4865,,ok,0.3578
237.1049,629,,,0.7491,,,,,,243.1494,r1_measured_00523,read,measured,,,,,4.7917,,ok,0.4164
225.4958,627,,,0.5731,,,,,,228.8384,r1_measured_00524,read,measured,,,,,2.3384,,ok,0.3531
247.9893,679,,,0.5814,,,,,,254.7289,r1_measured_00525,read,measured,,,,,5.7311,,ok,0.3427
251.668,677,,,1.0397,,,,,,257.452,r1_measured_00526,read,measured,,,,,4.1733,,ok,0.4811
249.4358,676,,,1.0228,,,,,,254.4517,r1_measured_00527,read,measured,,,,,3.5562,,ok,0.3515
189.0753,508,,,0.5863,,,,,,195.5825,r1_measured_00528,read,measured,,,,,5.4849,,ok,0.3579
237.5747,623,,,0.589,,,,,,241.6821,r1_measured_00529,read,measured,,,,,3.0953,,ok,0.3505
256.425,679,,,0.5867,,,,,,262.7815,r1_measured_00530,read,measured,,,,,5.3358,,ok,0.3602
230.5582,627,,,0.713,,,,,,234.3637,r1_measured_00531,read,measured,,,,,2.6795,,ok,0.3349
152.2039,416,,,0.2988,,,,,,154.2703,r1_measured_00532,read,measured,,,,,1.3698,,ok,0.3323
261.9296,689,,,0.6392,,,,,,265.3699,r1_measured_00533,read,measured,,,,,2.3395,,ok,0.38
250.102,688,,,2.2173,,,,,,258.3099,r1_measured_00534,read,measured,,,,,5.5694,,ok,0.3402
249.6789,689,,,1.0145,,,,,,254.1035,r1_measured_00535,read,measured,,,,,2.9713,,ok,0.3592
233.975,629,,,0.6299,,,,,,238.7436,r1_measured_00536,read,measured,,,,,3.714,,ok,0.3432
249.6349,676,,,0.8176,,,,,,254.3247,r1_measured_00537,read,measured,,,,,3.3775,,ok,0.4041
226.9543,628,,,0.6524,,,,,,233.87,r1_measured_00538,read,measured,,,,,5.7896,,ok,0.3811
278.6509,661,,,0.6485,,,,,,280.745,r1_measured_00539,read,measured,,,,,1.0443,,ok,0.3277
262.4168,661,,,0.7764,,,,,,266.5626,r1_measured_00540,read,measured,,,,,2.9675,,ok,0.3367
249.6252,628,,,0.6842,,,,,,254.0301,r1_measured_00541,read,measured,,,,,3.2597,,ok,0.3736
178.4132,416,,,0.4098,,,,,,180.0814,r1_measured_00542,read,measured,,,,,0.8351,,ok,0.3509
276.3657,663,,,0.6352,,,,,,282.2594,r1_measured_00543,read,measured,,,,,4.7859,,ok,0.3859
415.6228,679,268.1887,6.4179,0.8518,53.4938,1,6.4152,1,34.3554,429.6761,r1_measured_00544,update,measured,27.9375,14.0533,1,33.3247,12.747,26.2602,ok,0.3656
206.2259,509,,,0.8328,,,,,,210.3573,r1_measured_00545,read,measured,,,,,2.8663,,ok,0.3551
253.5556,663,,,0.6122,,,,,,259.2584,r1_measured_00546,read,measured,,,,,4.6754,,ok,0.3372
245.7446,662,,,0.728,,,,,,252.846,r1_measured_00547,read,measured,,,,,5.9247,,ok,0.3545
254.5669,661,,,0.6465,,,,,,259.7586,r1_measured_00548,read,measured,,,,,4.0368,,ok,0.4197
280.911,679,,,0.6862,,,,,,286.5236,r1_measured_00549,read,measured,,,,,4.4795,,ok,0.3709
286.2691,673,,,0.6882,,,,,,290.2219,r1_measured_00550,read,measured,,,,,2.8377,,ok,0.3405
223.3551,508,,,0.8812,,,,,,228.814,r1_measured_00551,read,measured,,,,,4.1514,,ok,0.3468
320.5113,681,,,0.8445,,,,,,328.8307,r1_measured_00552,read,measured,,,,,7.0467,,ok,0.3448
291.0501,662,,,0.7005,,,,,,295.1696,r1_measured_00553,read,measured,,,,,2.9834,,ok,0.354
438.7311,675,301.2093,7.0834,0.6422,64.6127,1,7.0814,1,26.4411,443.8777,r1_measured_00554,update,measured,19.3577,5.1466,1,15.5159,4.0566,30.9521,ok,0.3592
310.3399,678,,,0.7211,,,,,,315.6418,r1_measured_00555,read,measured,,,,,4.0868,,ok,0.396
294.228,678,,,0.6583,,,,,,297.2518,r1_measured_00556,read,measured,,,,,1.8954,,ok,0.3843
214.1755,508,,,0.5787,,,,,,218.7203,r1_measured_00557,read,measured,,,,,3.5197,,ok,0.3634
398.5009,689,263.7528,5.8173,0.613,52.6374,1,5.8152,1,35.1244,404.8026,r1_measured_00558,update,measured,29.3071,6.3017,1,19.206,5.2786,27.7803,ok,0.3434
279.3614,627,,,0.701,,,,,,283.2336,r1_measured_00559,read,measured,,,,,2.7373,,ok,0.3618
164.0015,416,,,0.3108,,,,,,165.9632,r1_measured_00560,read,measured,,,,,1.2147,,ok,0.3636
257.6146,680,,,0.5919,,,,,,264.0716,r1_measured_00561,read,measured,,,,,5.4348,,ok,0.3503
258.2896,662,,,0.5954,,,,,,264.0562,r1_measured_00562,read,measured,,,,,4.7202,,ok,0.3677
242.806,628,,,0.5898,,,,,,245.9771,r1_measured_00563,read,measured,,,,,2.176,,ok,0.3372
253.7839,678,,,0.6487,,,,,,258.2284,r1_measured_00564,read,measured,,,,,3.3328,,ok,0.3612
249.7065,678,,,0.7024,,,,,,256.3513,r1_measured_00565,read,measured,,,,,5.5213,,ok,0.3452
242.4469,662,,,0.6837,,,,,,247.6888,r1_measured_00566,read,measured,,,,,4.1273,,ok,0.3542
203.7372,567,,,0.6629,,,,,,208.1199,r1_measured_00567,read,measured,,,,,3.2955,,ok,0.3529
295.7225,680,,,0.7742,,,,,,298.8492,r1_measured_00568,read,measured,,,,,1.9258,,ok,0.3485
278.3975,628,,,0.8922,,,,,,282.0768,r1_measured_00569,read,measured,,,,,2.2993,,ok,0.3805
288.775,663,,,1.0862,,,,,,294.1384,r1_measured_00570,read,measured,,,,,3.7458,,ok,0.4267
296.8258,662,,,1.0001,,,,,,302.9458,r1_measured_00571,read,measured,,,,,4.6535,,ok,0.3752
205.542,417,,,0.3948,,,,,,207.2629,r1_measured_00572,read,measured,,,,,0.8872,,ok,0.3657
306.2275,679,,,0.9324,,,,,,312.3927,r1_measured_00573,read,measured,,,,,4.7092,,ok,0.4246
279.6446,628,,,0.7215,,,,,,284.0816,r1_measured_00574,read,measured,,,,,3.201,,ok,0.4168
290.5402,679,,,0.8468,,,,,,298.7597,r1_measured_00575,read,measured,,,,,6.8516,,ok,0.4169
276.1725,680,,,0.7687,,,,,,282.7721,r1_measured_00576,read,measured,,,,,5.3507,,ok,0.3889
199.2665,508,,,0.8048,,,,,,204.0116,r1_measured_00577,read,measured,,,,,3.448,,ok,0.4084
158.6519,368,,,0.3681,,,,,,162.0197,r1_measured_00578,read,measured,,,,,2.5225,,ok,0.3976
240.7436,567,,,0.5565,,,,,,246.0415,r1_measured_00579,read,measured,,,,,4.2657,,ok,0.3859
180.9117,417,,,0.6642,,,,,,183.551,r1_measured_00580,read,measured,,,,,1.4906,,ok,0.3967
316.3698,679,,,1.2432,,,,,,321.8809,r1_measured_00581,read,measured,,,,,3.7947,,ok,0.3854
314.0649,680,,,0.6187,,,,,,319.4005,r1_measured_00582,read,measured,,,,,4.2743,,ok,0.3604
220.095,508,,,0.7731,,,,,,227.6273,r1_measured_00583,read,measured,,,,,6.2861,,ok,0.3869
176.9614,418,,,0.332,,,,,,179.1514,r1_measured_00584,read,measured,,,,,1.4101,,ok,0.371
299.5159,688,,,0.727,,,,,,302.4671,r1_measured_00585,read,measured,,,,,1.8106,,ok,0.3402
293.479,678,,,0.7072,,,,,,297.7296,r1_measured_00586,read,measured,,,,,3.0817,,ok,0.381
248.4466,567,,,0.5493,,,,,,251.5846,r1_measured_00587,read,measured,,,,,2.1685,,ok,0.3422
291.9453,679,,,0.8034,,,,,,297.0031,r1_measured_00588,read,measured,,,,,3.8394,,ok,0.3337
281.1627,680,,,0.6377,,,,,,284.258,r1_measured_00589,read,measured,,,,,2.0141,,ok,0.361
338.7955,626,234.2772,3.8275,0.7656,52.8613,0,3.8256,1,25.4608,343.1766,r1_measured_00590,update,measured,21.6333,4.3811,1,0.0057,3.1406,26.1905,ok,0.3871
164.658,417,,,0.4015,,,,,,167.3642,r1_measured_00591,read,measured,,,,,1.8114,,ok,0.4145
156.8784,418,,,0.267,,,,,,158.7273,r1_measured_00592,read,measured,,,,,1.1981,,ok,0.3249
187.5829,509,,,0.5723,,,,,,192.9758,r1_measured_00593,read,measured,,,,,4.3853,,ok,0.3558
258.4793,689,,,0.6538,,,,,,262.4868,r1_measured_00594,read,measured,,,,,2.9076,,ok,0.3588
257.7079,675,,,0.629,,,,,,262.6316,r1_measured_00595,read,measured,,,,,3.8937,,ok,0.3327
210.9422,567,,,0.5093,,,,,,215.3755,r1_measured_00596,read,measured,,,,,3.5417,,ok,0.3187
253.6787,679,,,0.6364,,,,,,258.7992,r1_measured_00597,read,measured,,,,,4.0882,,ok,0.3309
231.1865,626,,,0.7928,,,,,,234.8012,r1_measured_00598,read,measured,,,,,2.4123,,ok,0.3299
214.863,567,,,0.8558,,,,,,219.1434,r1_measured_00599,read,measured,,,,,2.9709,,ok,0.387
246.9297,679,,,0.8682,,,,,,250.6549,r1_measured_00600,read,measured,,,,,2.3522,,ok,0.4117
187.2683,508,,,0.5975,,,,,,190.5544,r1_measured_00601,read,measured,,,,,2.2079,,ok,0.399
191.6809,507,,,0.5546,,,,,,196.2312,r1_measured_00602,read,measured,,,,,3.5598,,ok,0.3575
221.3202,566,,,0.5189,,,,,,223.5271,r1_measured_00603,read,measured,,,,,1.2455,,ok,0.3679
245.0122,662,,,0.6875,,,,,,251.4573,r1_measured_00604,read,measured,,,,,5.3086,,ok,0.371
222.3264,567,,,0.6046,,,,,,225.2153,r1_measured_00605,read,measured,,,,,1.7591,,ok,0.4286
196.8593,506,,,0.891,,,,,,201.3193,r1_measured_00606,read,measured,,,,,3.1389,,ok,0.3667
280.3497,661,,,0.6881,,,,,,283.3818,r1_measured_00607,read,measured,,,,,1.878,,ok,0.3757
158.5489,417,,,0.2738,,,,,,160.4638,r1_measured_00608,read,measured,,,,,1.2392,,ok,0.3405
272.724,680,,,0.6472,,,,,,278.9215,r1_measured_00609,read,measured,,,,,5.1409,,ok,0.3398
262.8252,627,,,0.8508,,,,,,267.9485,r1_measured_00610,read,measured,,,,,3.8247,,ok,0.3596
249.8656,627,,,0.9172,,,,,,252.1265,r1_measured_00611,read,measured,,,,,0.8878,,ok,0.3678
332.9041,509,221.9439,6.409,0.5914,34.0725,1,6.4067,1,37.0303,336.1882,r1_measured_00612,update,measured,30.6213,3.2841,1,18.8833,2.2742,20.9741,ok,0.3492
220.4017,508,,,0.6726,,,,,,227.0027,r1_measured_00613,read,measured,,,,,5.533,,ok,0.3282
245.2836,567,,,0.5495,,,,,,248.9302,r1_measured_00614,read,measured,,,,,2.6317,,ok,0.3792
214.2298,508,,,0.5416,,,,,,217.955,r1_measured_00615,read,measured,,,,,2.7838,,ok,0.3354
224.3253,509,,,0.603,,,,,,228.8673,r1_measured_00616,read,measured,,,,,3.4978,,ok,0.3623
237.9943,567,,,0.6778,,,,,,242.6659,r1_measured_00617,read,measured,,,,,3.5747,,ok,0.3527
265.6308,663,,,0.5989,,,,,,268.5932,r1_measured_00618,read,measured,,,,,1.9318,,ok,0.3433
380.9587,680,255.4053,5.2069,0.6732,58.3912,1,5.2041,1,23.4615,385.1841,r1_measured_00619,update,measured,18.2546,4.2254,1,14.6338,3.1442,29.0669,ok,0.3341
255.242,623,,,0.7473,,,,,,262.4473,r1_measured_00620,read,measured,,,,,5.9759,,ok,0.3916
280.3574,680,,,0.6249,,,,,,283.7259,r1_measured_00621,read,measured,,,,,2.3216,,ok,0.3337
231.1693,567,,,0.7273,,,,,,233.8577,r1_measured_00622,read,measured,,,,,1.5444,,ok,0.3482
148.8607,417,,,0.2792,,,,,,150.1626,r1_measured_00623,read,measured,,,,,0.6246,,ok,0.3377
223.8447,628,,,0.6062,,,,,,227.8733,r1_measured_00624,read,measured,,,,,3.0126,,ok,0.3311
233.5858,629,,,0.5184,,,,,,236.8664,r1_measured_00625,read,measured,,,,,2.3605,,ok,0.3349
131.4303,369,,,0.5113,,,,,,133.644,r1_measured_00626,read,measured,,,,,1.3121,,ok,0.3259
212.0493,567,,,0.6017,,,,,,217.8643,r1_measured_00627,read,measured,,,,,4.8002,,ok,0.3336
135.8487,368,,,0.243,,,,,,138.1046,r1_measured_00628,read,measured,,,,,1.5731,,ok,0.3737
242.2627,689,,,0.7577,,,,,,251.115,r1_measured_00629,read,measured,,,,,7.6744,,ok,0.3377
240.0622,674,,,0.5875,,,,,,246.506,r1_measured_00630,read,measured,,,,,5.4449,,ok,0.3354
202.6137,567,,,0.5435,,,,,,205.7274,r1_measured_00631,read,measured,,,,,2.1652,,ok,0.3377
242.9552,673,,,0.5905,,,,,,247.3424,r1_measured_00632,read,measured,,,,,3.3939,,ok,0.329
243.01,662,,,0.8142,,,,,,247.8306,r1_measured_00633,read,measured,,,,,3.5901,,ok,0.3342
189.5588,508,,,0.459,,,,,,193.2186,r1_measured_00634,read,measured,,,,,2.7813,,ok,0.3417
238.2681,679,,,0.9094,,,,,,242.9376,r1_measured_00635,read,measured,,,,,3.3138,,ok,0.3554
202.5906,567,,,0.6244,,,,,,207.2546,r1_measured_00636,read,measured,,,,,3.6277,,ok,0.3373
257.222,689,,,0.8169,,,,,,263.3833,r1_measured_00637,read,measured,,,,,4.9221,,ok,0.3486
257.6026,662,,,0.6087,,,,,,262.5602,r1_measured_00638,read,measured,,,,,3.9093,,ok,0.3567
192.9492,506,,,0.6533,,,,,,197.3748,r1_measured_00639,read,measured,,,,,2.8228,,ok,0.8656
253.6461,679,,,0.7745,,,,,,258.1879,r1_measured_00640,read,measured,,,,,3.3503,,ok,0.3477
154.3912,418,,,0.292,,,,,,156.073,r1_measured_00641,read,measured,,,,,0.9722,,ok,0.3467
211.0722,566,,,0.56,,,,,,214.8599,r1_measured_00642,read,measured,,,,,2.7853,,ok,0.362
218.35,567,,,0.6853,,,,,,221.7808,r1_measured_00643,read,measured,,,,,2.3206,,ok,0.3498
256.2568,689,,,0.9588,,,,,,261.3212,r1_measured_00644,read,measured,,,,,3.6327,,ok,0.3795
279.5547,689,,,0.6026,,,,,,283.905,r1_measured_00645,read,measured,,,,,3.197,,ok,0.4421
266.208,662,,,0.5493,,,,,,269.4321,r1_measured_00646,read,measured,,,,,2.2668,,ok,0.3437
215.3946,508,,,0.6002,,,,,,221.4083,r1_measured_00647,read,measured,,,,,4.9823,,ok,0.3555
274.2254,674,,,0.7986,,,,,,278.824,r1_measured_00648,read,measured,,,,,3.3472,,ok,0.371
213.8654,508,,,0.6097,,,,,,217.5402,r1_measured_00649,read,measured,,,,,2.6327,,ok,0.3559
260.502,627,,,0.7555,,,,,,266.7251,r1_measured_00650,read,measured,,,,,5.0325,,ok,0.3546
421.3137,679,268.6469,6.5803,0.7231,55.7228,1,6.5782,1,37.2347,427.7159,r1_measured_00651,update,measured,30.6544,6.4022,1,31.3554,5.2552,28.3539,ok,0.3433
279.2223,688,,,0.8769,,,,,,286.0792,r1_measured_00652,read,measured,,,,,5.482,,ok,0.4002
273.5447,679,,,0.9061,,,,,,276.3561,r1_measured_00653,read,measured,,,,,1.4385,,ok,0.3837
201.9654,509,,,0.7088,,,,,,207.751,r1_measured_00654,read,measured,,,,,4.623,,ok,0.3745
245.5002,628,,,0.7313,,,,,,251.2101,r1_measured_00655,read,measured,,,,,4.5073,,ok,0.3926
250.7469,628,,,0.6386,,,,,,255.4844,r1_measured_00656,read,measured,,,,,3.6904,,ok,0.3404
268.418,661,,,0.718,,,,,,275.7538,r1_measured_00657,read,measured,,,,,6.1523,,ok,0.3731
266.8725,680,,,0.7288,,,,,,270.4996,r1_measured_00658,read,measured,,,,,2.4429,,ok,0.3654
270.8371,680,,,0.6375,,,,,,277.7025,r1_measured_00659,read,measured,,,,,5.799,,ok,0.3504
249.8815,629,,,0.6555,,,,,,254.9094,r1_measured_00660,read,measured,,,,,3.9206,,ok,0.3641
260.6586,686,,,0.6612,,,,,,267.0415,r1_measured_00661,read,measured,,,,,5.3225,,ok,0.3289
253.4458,661,,,0.8011,,,,,,264.9127,r1_measured_00662,read,measured,,,,,10.1746,,ok,0.4106
240.1235,662,,,0.6449,,,,,,241.914,r1_measured_00663,read,measured,,,,,0.7555,,ok,0.3288
209.2914,564,,,0.7365,,,,,,216.2665,r1_measured_00664,read,measured,,,,,5.8218,,ok,0.3357
249.6518,673,,,0.5734,,,,,,254.5875,r1_measured_00665,read,measured,,,,,3.9434,,ok,0.3461
208.6142,568,,,0.7083,,,,,,212.7414,r1_measured_00666,read,measured,,,,,3.0136,,ok,0.3278
239.3061,662,,,0.6234,,,,,,242.7157,r1_measured_00667,read,measured,,,,,2.3674,,ok,0.3395
243.4507,673,,,0.6455,,,,,,250.3254,r1_measured_00668,read,measured,,,,,5.7593,,ok,0.3938
235.0379,679,,,1.3666,,,,,,239.6731,r1_measured_00669,read,measured,,,,,2.8574,,ok,0.3349
223.5143,628,,,0.7784,,,,,,228.9547,r1_measured_00670,read,measured,,,,,4.2668,,ok,0.3266
248.8232,680,,,0.5584,,,,,,252.3662,r1_measured_00671,read,measured,,,,,2.558,,ok,0.3531
235.6299,679,,,0.7854,,,,,,239.4321,r1_measured_00672,read,measured,,,,,2.5745,,ok,0.3573
238.8441,680,,,0.6078,,,,,,244.4775,r1_measured_00673,read,measured,,,,,4.5825,,ok,0.3622
231.8788,628,,,1.0639,,,,,,238.7635,r1_measured_00674,read,measured,,,,,5.3959,,ok,0.3532
154.2253,416,,,0.3078,,,,,,156.7179,r1_measured_00675,read,measured,,,,,1.7528,,ok,0.3564
290.896,661,,,0.6028,,,,,,294.5672,r1_measured_00676,read,measured,,,,,2.6222,,ok,0.3602
231.497,508,,,0.6763,,,,,,235.5819,r1_measured_00677,read,measured,,,,,3.0185,,ok,0.3277
294.1332,628,,,0.621,,,,,,297.4486,r1_measured_00678,read,measured,,,,,2.2608,,ok,0.3497
203.0384,419,,,0.3563,,,,,,205.0204,r1_measured_00679,read,measured,,,,,1.1823,,ok,0.3754
292.5337,679,,,0.5892,,,,,,301.4599,r1_measured_00680,read,measured,,,,,7.9081,,ok,0.3402
302.0284,689,,,0.7385,,,,,,307.8742,r1_measured_00681,read,measured,,,,,4.6579,,ok,0.3616
284.8669,627,,,0.6515,,,,,,290.607,r1_measured_00682,read,measured,,,,,4.6363,,ok,0.3689
309.5826,688,,,0.6962,,,,,,313.7751,r1_measured_00683,read,measured,,,,,3.0393,,ok,0.3728
227.4533,628,,,0.645,,,,,,229.6661,r1_measured_00684,read,measured,,,,,1.111,,ok,0.3729
200.7465,567,,,0.5666,,,,,,205.8005,r1_measured_00685,read,measured,,,,,4.0523,,ok,0.366
238.0433,678,,,0.6587,,,,,,248.2954,r1_measured_00686,read,measured,,,,,9.1662,,ok,0.344
211.8767,567,,,0.9371,,,,,,218.826,r1_measured_00687,read,measured,,,,,5.469,,ok,0.4556
181.017,508,,,1.5681,,,,,,188.0947,r1_measured_00688,read,measured,,,,,5.1138,,ok,0.33
245.5137,680,,,0.8508,,,,,,249.0881,r1_measured_00689,read,measured,,,,,2.2636,,ok,0.3633
251.9743,689,,,0.5875,,,,,,254.8007,r1_measured_00690,read,measured,,,,,1.6423,,ok,0.4293
250.757,674,,,0.8596,,,,,,254.3954,r1_measured_00691,read,measured,,,,,2.3321,,ok,0.3663
230.395,628,,,1.7531,,,,,,235.9474,r1_measured_00692,read,measured,,,,,3.3962,,ok,0.332
252.1692,678,,,0.7598,,,,,,258.2313,r1_measured_00693,read,measured,,,,,4.8765,,ok,0.3516
155.2838,417,,,0.2729,,,,,,157.8854,r1_measured_00694,read,measured,,,,,1.9318,,ok,0.3393
183.453,506,,,0.6787,,,,,,187.3152,r1_measured_00695,read,measured,,,,,2.7542,,ok,0.3517
140.9856,416,,,0.3107,,,,,,142.8914,r1_measured_00696,read,measured,,,,,1.1293,,ok,0.3956
244.4108,680,,,0.7233,,,,,,249.3775,r1_measured_00697,read,measured,,,,,3.7735,,ok,0.374
136.7229,368,,,0.2691,,,,,,138.857,r1_measured_00698,read,measured,,,,,1.4441,,ok,0.3492
236.8834,663,,,0.6179,,,,,,240.7573,r1_measured_00699,read,measured,,,,,2.7864,,ok,0.3821
246.8963,663,,,0.8068,,,,,,251.0484,r1_measured_00700,read,measured,,,,,2.8881,,ok,0.3647
258.4751,688,,,0.5878,,,,,,262.7743,r1_measured_00701,read,measured,,,,,3.2909,,ok,0.3486
268.0848,680,,,0.6101,,,,,,272.0971,r1_measured_00702,read,measured,,,,,2.9547,,ok,0.356
254.8196,689,,,0.9087,,,,,,262.6102,r1_measured_00703,read,measured,,,,,6.408,,ok,0.3975
243.8884,689,,,0.6309,,,,,,251.4134,r1_measured_00704,read,measured,,,,,6.4519,,ok,0.3634
258.2651,678,,,0.8489,,,,,,262.065,r1_measured_00705,read,measured,,,,,2.4894,,ok,0.3661
253.3886,663,,,0.59,,,,,,256.5649,r1_measured_00706,read,measured,,,,,2.112,,ok,0.3875
262.6154,687,,,0.6718,,,,,,266.6758,r1_measured_00707,read,measured,,,,,2.949,,ok,0.3553
256.3795,689,,,0.7875,,,,,,263.6043,r1_measured_00708,read,measured,,,,,6.0006,,ok,0.3485
190.1601,509,,,0.9286,,,,,,195.8512,r1_measured_00709,read,measured,,,,,4.3538,,ok,0.3441
188.0979,509,,,0.6125,,,,,,195.8162,r1_measured_00710,read,measured,,,,,6.6876,,ok,0.3483
211.5867,568,,,0.7255,,,,,,217.996,r1_measured_00711,read,measured,,,,,5.2327,,ok,0.3694
243.8985,678,,,0.6668,,,,,,250.1966,r1_measured_00712,read,measured,,,,,5.1566,,ok,0.3867
216.0886,568,,,0.6513,,,,,,221.6026,r1_measured_00713,read,measured,,,,,4.4085,,ok,0.3731
197.0938,508,,,1.0405,,,,,,200.4962,r1_measured_00714,read,measured,,,,,1.9148,,ok,0.3696
245.1295,680,,,0.8551,,,,,,250.6799,r1_measured_00715,read,measured,,,,,4.1996,,ok,0.3987
265.3509,679,,,0.6752,,,,,,271.6394,r1_measured_00716,read,measured,,,,,5.1589,,ok,0.3609
156.6677,417,,,0.4756,,,,,,158.6085,r1_measured_00717,read,measured,,,,,1.0558,,ok,0.3522
247.3861,678,,,0.7373,,,,,,252.8736,r1_measured_00718,read,measured,,,,,4.2591,,ok,0.4063
258.6154,680,,,0.7109,,,,,,265.1731,r1_measured_00719,read,measured,,,,,5.3877,,ok,0.3559
236.8318,627,,,0.6931,,,,,,241.0521,r1_measured_00720,read,measured,,,,,3.0721,,ok,0.3621
206.6604,509,,,1.1055,,,,,,212.5532,r1_measured_00721,read,measured,,,,,4.3031,,ok,0.4075
241.9119,565,,,1.3686,,,,,,245.3403,r1_measured_00722,read,measured,,,,,1.5444,,ok,0.431
223.0509,509,,,0.522,,,,,,228.9373,r1_measured_00723,read,measured,,,,,4.8204,,ok,0.3811
293.6163,681,,,0.6492,,,,,,298.6233,r1_measured_00724,read,measured,,,,,3.8997,,ok,0.3782
282.7584,662,,,0.5811,,,,,,287.2482,r1_measured_00725,read,measured,,,,,3.4942,,ok,0.3384
283.4009,662,,,0.817,,,,,,289.5313,r1_measured_00726,read,measured,,,,,4.8844,,ok,0.3493
373.9617,674,254.0518,6.1139,0.9891,60.5287,0,6.1118,1,34.8508,378.0466,r1_measured_00727,update,measured,28.7369,4.0849,1,0.0056,2.6559,24.5248,ok,0.3614
282.8276,663,,,0.5525,,,,,,286.4155,r1_measured_00728,read,measured,,,,,2.5985,,ok,0.361
257.5965,627,,,0.691,,,,,,262.1048,r1_measured_00729,read,measured,,,,,3.4002,,ok,0.351
225.4542,417,149.3829,4.4042,0.3451,31.2027,0,4.4023,1,26.7505,227.2633,r1_measured_00730,update,measured,22.3463,1.8091,1,0.0055,1.0552,18.1126,ok,0.34
222.3774,567,,,0.8782,,,,,,226.9748,r1_measured_00731,read,measured,,,,,3.2856,,ok,0.3569
157.3634,418,,,0.2575,,,,,,158.7523,r1_measured_00732,read,measured,,,,,0.7441,,ok,0.3343
247.937,673,,,0.7858,,,,,,252.6346,r1_measured_00733,read,measured,,,,,3.4987,,ok,0.3356
250.9888,688,,,0.5322,,,,,,253.9373,r1_measured_00734,read,measured,,,,,2.0229,,ok,0.3267
232.9596,629,,,0.5863,,,,,,237.7506,r1_measured_00735,read,measured,,,,,3.8042,,ok,0.3306
259.2039,689,,,0.7821,,,,,,265.4272,r1_measured_00736,read,measured,,,,,4.9369,,ok,0.4126
205.3171,567,,,0.5824,,,,,,209.3376,r1_measured_00737,read,measured,,,,,3.0241,,ok,0.34
278.6617,673,,,0.6761,,,,,,284.3046,r1_measured_00738,read,measured,,,,,4.5347,,ok,0.3459
213.9639,506,,,0.509,,,,,,218.7693,r1_measured_00739,read,measured,,,,,3.9027,,ok,0.331
267.8589,689,,,0.8474,,,,,,274.0743,r1_measured_00740,read,measured,,,,,4.9194,,ok,0.3661
280.8583,680,,,0.8008,,,,,,286.5876,r1_measured_00741,read,measured,,,,,4.4698,,ok,0.3846
211.89,508,,,0.4947,,,,,,216.2465,r1_measured_00742,read,measured,,,,,3.4303,,ok,0.3566
373.6304,680,257.9787,4.7081,0.5658,54.6478,0,4.7053,1,31.7111,378.4343,r1_measured_00743,update,measured,27.003,4.8039,1,0.0056,3.8275,29.2872,ok,0.3309
217.3,567,,,0.7896,,,,,,221.2832,r1_measured_00744,read,measured,,,,,2.7629,,ok,0.3497
167.2766,417,,,0.3354,,,,,,169.5746,r1_measured_00745,read,measured,,,,,1.5249,,ok,0.3608
176.2424,508,,,1.1087,,,,,,184.2689,r1_measured_00746,read,measured,,,,,6.4743,,ok,0.37
148.3439,416,,,0.2984,,,,,,150.1354,r1_measured_00747,read,measured,,,,,0.9456,,ok,0.4628
262.0227,676,,,0.5724,,,,,,265.8985,r1_measured_00748,read,measured,,,,,2.8525,,ok,0.3701
242.3156,567,,,0.6597,,,,,,248.7278,r1_measured_00749,read,measured,,,,,5.3254,,ok,0.35
274.9429,663,,,0.6693,,,,,,280.3987,r1_measured_00750,read,measured,,,,,4.3682,,ok,0.3458
238.7092,567,,,0.6081,,,,,,242.4292,r1_measured_00751,read,measured,,,,,2.676,,ok,0.3595
206.7493,509,,,0.5951,,,,,,209.5529,r1_measured_00752,read,measured,,,,,1.7945,,ok,0.3539
293.6598,508,194.6728,7.7568,0.72,40.3528,0,7.7551,1,33.9035,300.4506,r1_measured_00753,update,measured,26.1467,6.7908,1,0.0057,5.5454,24.725,ok,0.4482
164.5892,417,,,0.7447,,,,,,167.1957,r1_measured_00754,read,measured,,,,,1.4383,,ok,0.3521
168.1744,416,,,0.5573,,,,,,171.808,r1_measured_00755,read,measured,,,,,2.6344,,ok,0.3726
171.4754,416,,,0.4583,,,,,,173.7044,r1_measured_00756,read,measured,,,,,1.3287,,ok,0.3723
294.6881,676,,,1.0344,,,,,,299.087,r1_measured_00757,read,measured,,,,,2.8861,,ok,0.3878
233.7038,566,,,0.6412,,,,,,239.8352,r1_measured_00758,read,measured,,,,,5.0327,,ok,0.3743
158.012,368,,,0.5029,,,,,,160.5561,r1_measured_00759,read,measured,,,,,1.5868,,ok,0.3853
261.103,627,,,0.6287,,,,,,267.9018,r1_measured_00760,read,measured,,,,,5.7114,,ok,0.3551
279.7132,681,,,0.8447,,,,,,287.9542,r1_measured_00761,read,measured,,,,,6.9314,,ok,0.3737
270.1971,680,,,0.7247,,,,,,276.802,r1_measured_00762,read,measured,,,,,5.4095,,ok,0.3855
274.2762,677,,,0.712,,,,,,281.4033,r1_measured_00763,read,measured,,,,,5.9786,,ok,0.3567
259.1871,663,,,0.7681,,,,,,266.5981,r1_measured_00764,read,measured,,,,,6.2165,,ok,0.3453
271.4792,679,,,0.7356,,,,,,275.7098,r1_measured_00765,read,measured,,,,,3.0522,,ok,0.3591
247.9356,628,,,0.683,,,,,,255.98,r1_measured_00766,read,measured,,,,,6.9342,,ok,0.3474
204.954,509,,,0.5718,,,,,,209.7131,r1_measured_00767,read,measured,,,,,3.75,,ok,0.3623
217.0964,567,,,0.7825,,,,,,223.4424,r1_measured_00768,read,measured,,,,,5.0946,,ok,0.3645
231.0314,628,,,0.6114,,,,,,235.0155,r1_measured_00769,read,measured,,,,,2.9294,,ok,0.3595
260.7426,628,,,0.7856,,,,,,264.7951,r1_measured_00770,read,measured,,,,,2.8403,,ok,0.3582
277.6547,680,,,0.5493,,,,,,283.2961,r1_measured_00771,read,measured,,,,,4.6954,,ok,0.3258
234.0879,568,,,0.5994,,,,,,240.9323,r1_measured_00772,read,measured,,,,,5.8172,,ok,0.359
215.0284,509,,,0.5797,,,,,,220.8359,r1_measured_00773,read,measured,,,,,4.8196,,ok,0.3396
280.2424,661,,,3.058,,,,,,352.9129,r1_measured_00774,read,measured,,,,,69.1724,,ok,0.3509
222.7156,509,,,0.4995,,,,,,225.3149,r1_measured_00775,read,measured,,,,,1.6506,,ok,0.3672
482.8743,680,320.709,19.3076,0.7489,57.4077,1,19.3054,1,57.9487,490.7344,r1_measured_00776,update,measured,38.6411,7.8601,1,19.6525,6.695,27.1564,ok,0.3354
163.8652,368,,,0.2869,,,,,,165.9593,r1_measured_00777,read,measured,,,,,1.2867,,ok,0.4614
229.0558,417,,,0.3373,,,,,,231.1278,r1_measured_00778,read,measured,,,,,1.322,,ok,0.3429
314.2057,689,,,0.8781,,,,,,318.3425,r1_measured_00779,read,measured,,,,,2.7382,,ok,0.4224
231.3115,416,,,0.3729,,,,,,233.5081,r1_measured_00780,read,measured,,,,,1.3984,,ok,0.3538
337.6631,689,,,0.6686,,,,,,343.0531,r1_measured_00781,read,measured,,,,,4.2741,,ok,0.3672
462.101,677,280.2709,8.1247,0.7874,53.0149,1,8.1227,1,36.9879,467.6879,r1_measured_00782,update,measured,28.8632,5.5869,1,17.8313,4.3532,73.996,ok,0.3575
286.4877,568,,,0.7428,,,,,,292.1072,r1_measured_00783,read,measured,,,,,4.3076,,ok,0.4861
151.5572,417,,,0.2785,,,,,,153.1929,r1_measured_00784,read,measured,,,,,0.853,,ok,0.4295
198.9168,508,,,0.6066,,,,,,207.6363,r1_measured_00785,read,measured,,,,,7.5486,,ok,0.4727
163.2853,417,,,0.3158,,,,,,164.9452,r1_measured_00786,read,measured,,,,,0.8892,,ok,0.3834
272.0452,680,,,0.7151,,,,,,279.5185,r1_measured_00787,read,measured,,,,,6.3325,,ok,0.3484
275.0684,662,,,0.9635,,,,,,284.8568,r1_measured_00788,read,measured,,,,,8.3167,,ok,0.4186
252.5127,628,,,0.7022,,,,,,255.4433,r1_measured_00789,read,measured,,,,,1.8082,,ok,0.3397
213.6005,506,,,0.5995,,,,,,221.5895,r1_measured_00790,read,measured,,,,,6.9642,,ok,0.351
392.6135,629,249.5158,7.8571,0.8578,51.9184,1,7.8545,1,31.4477,396.7126,r1_measured_00791,update,measured,23.5906,4.0991,1,33.0915,2.7875,26.6401,ok,0.3708
301.6117,680,,,0.5699,,,,,,306.5135,r1_measured_00792,read,measured,,,,,3.8481,,ok,0.3499
256.1505,566,,,0.6113,,,,,,259.9966,r1_measured_00793,read,measured,,,,,2.7855,,ok,0.3709
282.8691,686,,,0.8058,,,,,,286.6208,r1_measured_00794,read,measured,,,,,2.4977,,ok,0.3692
274.7685,677,,,0.6138,,,,,,280.7765,r1_measured_00795,read,measured,,,,,4.9697,,ok,0.3488
408.2797,680,272.0654,8.0845,0.724,55.558,0,8.0825,1,31.282,412.3544,r1_measured_00796,update,measured,23.1975,4.0747,1,18.993,2.9054,30.3813,ok,0.3698
258.8884,629,,,0.7591,,,,,,265.8388,r1_measured_00797,read,measured,,,,,5.7623,,ok,0.3478
214.6739,508,,,0.5726,,,,,,217.6923,r1_measured_00798,read,measured,,,,,2.0099,,ok,0.3604
132.8641,366,,,0.2475,,,,,,134.916,r1_measured_00799,read,measured,,,,,1.399,,ok,0.3389
275.4609,678,,,0.6387,,,,,,282.1569,r1_measured_00800,read,measured,,,,,5.6252,,ok,0.3499
280.0582,688,,,0.6469,,,,,,286.2038,r1_measured_00801,read,measured,,,,,5.0536,,ok,0.3593
265.2061,678,,,0.9446,,,,,,270.6498,r1_measured_00802,read,measured,,,,,4.0649,,ok,0.352
157.8161,368,,,0.256,,,,,,159.579,r1_measured_00803,read,measured,,,,,1.0978,,ok,0.3425
235.8512,566,,,0.5353,,,,,,239.7272,r1_measured_00804,read,measured,,,,,2.9348,,ok,0.3424
203.275,508,,,0.5251,,,,,,208.6832,r1_measured_00805,read,measured,,,,,4.4236,,ok,0.377
290.2045,507,178.3678,5.6884,0.5831,40.0613,1,5.6863,1,29.8132,296.6991,r1_measured_00806,update,measured,24.1248,6.4946,1,18.7649,5.4743,23.1973,ok,0.3605
195.6862,508,,,0.4762,,,,,,199.4291,r1_measured_00807,read,measured,,,,,2.842,,ok,0.3633
157.1292,417,,,0.3856,,,,,,159.078,r1_measured_00808,read,measured,,,,,1.1318,,ok,0.3594
206.8519,567,,,0.7795,,,,,,211.9403,r1_measured_00809,read,measured,,,,,3.8715,,ok,0.3575
212.4959,568,,,0.6032,,,,,,217.5227,r1_measured_00810,read,measured,,,,,3.9685,,ok,0.3663
227.564,629,,,0.7208,,,,,,234.4534,r1_measured_00811,read,measured,,,,,5.7215,,ok,0.3614
186.7089,508,,,0.4568,,,,,,193.8641,r1_measured_00812,read,measured,,,,,6.2971,,ok,0.3345
255.8669,680,,,0.7288,,,,,,262.3824,r1_measured_00813,read,measured,,,,,5.339,,ok,0.3583
248.9989,677,,,0.5949,,,,,,253.9508,r1_measured_00814,read,measured,,,,,3.9174,,ok,0.3538
251.8364,674,,,0.6014,,,,,,256.0375,r1_measured_00815,read,measured,,,,,3.1638,,ok,0.3611
240.3195,663,,,0.6741,,,,,,243.569,r1_measured_00816,read,measured,,,,,2.1267,,ok,0.3749
252.8518,679,,,0.645,,,,,,255.8336,r1_measured_00817,read,measured,,,,,1.8379,,ok,0.4067
253.043,681,,,0.7523,,,,,,257.1866,r1_measured_00818,read,measured,,,,,2.7993,,ok,0.4656
252.3649,681,,,0.725,,,,,,257.0253,r1_measured_00819,read,measured,,,,,3.3809,,ok,0.4026
184.8548,509,,,0.4352,,,,,,188.2964,r1_measured_00820,read,measured,,,,,2.524,,ok,0.3494
256.9251,677,,,0.6822,,,,,,261.0841,r1_measured_00821,read,measured,,,,,3.0174,,ok,0.3751
159.2661,416,,,0.2727,,,,,,161.6725,r1_measured_00822,read,measured,,,,,1.6651,,ok,0.3364
248.1563,672,,,0.6368,,,,,,253.3092,r1_measured_00823,read,measured,,,,,4.0395,,ok,0.3478
250.9235,673,,,0.7988,,,,,,256.2397,r1_measured_00824,read,measured,,,,,4.0907,,ok,0.3558
223.5216,566,,,0.9371,,,,,,229.0469,r1_measured_00825,read,measured,,,,,4.1594,,ok,0.3544
257.8416,681,,,0.7966,,,,,,265.3751,r1_measured_00826,read,measured,,,,,6.3253,,ok,0.3402
224.8883,627,,,0.667,,,,,,231.2456,r1_measured_00827,read,measured,,,,,5.2657,,ok,0.3565
243.787,627,,,0.6974,,,,,,247.9773,r1_measured_00828,read,measured,,,,,3.044,,ok,0.3645
290.4867,686,,,1.072,,,,,,295.9176,r1_measured_00829,read,measured,,,,,3.7587,,ok,0.4899
134.5984,366,,,0.2488,,,,,,135.9751,r1_measured_00830,read,measured,,,,,0.7117,,ok,0.3477
292.6443,685,,,0.6889,,,,,,296.7212,r1_measured_00831,read,measured,,,,,2.9614,,ok,0.343
260.9024,629,,,0.5845,,,,,,265.6337,r1_measured_00832,read,measured,,,,,3.7342,,ok,0.3375
251.4297,568,,,0.6729,,,,,,258.0102,r1_measured_00833,read,measured,,,,,5.5141,,ok,0.3254
246.1515,567,,,0.6984,,,,,,250.4558,r1_measured_00834,read,measured,,,,,3.1449,,ok,0.3742
290.9223,680,,,1.5176,,,,,,298.6017,r1_measured_00835,read,measured,,,,,5.7228,,ok,0.3535
267.8319,626,,,0.6693,,,,,,274.6104,r1_measured_00836,read,measured,,,,,5.6077,,ok,0.4112
270.604,628,,,0.8273,,,,,,275.3685,r1_measured_00837,read,measured,,,,,3.4556,,ok,0.4033
251.8309,663,,,0.7556,,,,,,255.7936,r1_measured_00838,read,measured,,,,,2.7665,,ok,0.3529
246.5486,678,,,0.6868,,,,,,252.1407,r1_measured_00839,read,measured,,,,,4.4724,,ok,0.3499
243.6955,629,,,0.6351,,,,,,249.6453,r1_measured_00840,read,measured,,,,,4.8982,,ok,0.3453
284.0047,689,,,0.7832,,,,,,288.2236,r1_measured_00841,read,measured,,,,,2.9238,,ok,0.414
223.9555,568,,,0.769,,,,,,231.15,r1_measured_00842,read,measured,,,,,5.8986,,ok,0.4334
207.0533,509,,,0.7185,,,,,,211.5911,r1_measured_00843,read,measured,,,,,3.2909,,ok,0.4353
281.2349,627,,,0.6116,,,,,,289.4097,r1_measured_00844,read,measured,,,,,7.1066,,ok,0.3691
232.4055,369,162.8822,6.5545,0.2837,28.353,0,6.5512,1,24.943,235.6776,r1_measured_00845,update,measured,18.3885,3.2721,1,0.0054,2.584,16.2219,ok,0.3514
280.3915,680,,,0.7866,,,,,,284.6827,r1_measured_00846,read,measured,,,,,3.0488,,ok,0.3653
357.0466,566,223.0817,11.6032,0.6566,46.7833,1,11.6008,1,41.4913,359.5436,r1_measured_00847,update,measured,29.8881,2.497,1,18.6163,1.3905,27.074,ok,0.3649
283.9473,672,,,0.6267,,,,,,287.771,r1_measured_00848,read,measured,,,,,2.7755,,ok,0.3507
292.562,679,,,0.8796,,,,,,294.751,r1_measured_00849,read,measured,,,,,0.8598,,ok,0.3592
188.9033,418,,,0.3403,,,,,,191.0656,r1_measured_00850,read,measured,,,,,1.3945,,ok,0.3493
220.783,509,,,0.62,,,,,,225.8533,r1_measured_00851,read,measured,,,,,4.0196,,ok,0.3529
251.4704,677,,,0.8008,,,,,,254.5286,r1_measured_00852,read,measured,,,,,1.809,,ok,0.351
262.0051,687,,,0.6573,,,,,,266.7174,r1_measured_00853,read,measured,,,,,3.6141,,ok,0.3549
202.1145,568,,,0.54,,,,,,209.0053,r1_measured_00854,read,measured,,,,,5.8915,,ok,0.381
135.5646,368,,,0.2474,,,,,,137.4273,r1_measured_00855,read,measured,,,,,1.1889,,ok,0.3599
247.0943,680,,,0.8005,,,,,,254.3051,r1_measured_00856,read,measured,,,,,5.9252,,ok,0.3989
245.1932,663,,,0.682,,,,,,251.1464,r1_measured_00857,read,measured,,,,,4.8393,,ok,0.354
252.5961,678,,,0.6773,,,,,,256.3105,r1_measured_00858,read,measured,,,,,2.5385,,ok,0.4087
262.9621,689,,,0.5634,,,,,,268.5938,r1_measured_00859,read,measured,,,,,4.6316,,ok,0.3545
185.1159,508,,,0.6498,,,,,,189.1488,r1_measured_00860,read,measured,,,,,2.9701,,ok,0.3436
184.6497,509,,,0.5468,,,,,,188.8639,r1_measured_00861,read,measured,,,,,3.2687,,ok,0.3329
190.3462,509,,,0.544,,,,,,197.5339,r1_measured_00862,read,measured,,,,,6.1898,,ok,0.3695
232.731,628,,,0.7751,,,,,,237.6064,r1_measured_00863,read,measured,,,,,3.6538,,ok,0.3503
249.6125,661,,,1.1758,,,,,,254.9828,r1_measured_00864,read,measured,,,,,3.6349,,ok,0.4606
170.1298,418,,,0.3365,,,,,,171.9268,r1_measured_00865,read,measured,,,,,1.0267,,ok,0.3611
249.3007,680,,,0.6403,,,,,,252.5759,r1_measured_00866,read,measured,,,,,2.19,,ok,0.3544
190.8546,508,,,0.6606,,,,,,194.9594,r1_measured_00867,read,measured,,,,,2.9919,,ok,0.3733
252.3392,686,,,0.7531,,,,,,256.7881,r1_measured_00868,read,measured,,,,,3.2471,,ok,0.3554
247.0478,680,,,0.624,,,,,,251.525,r1_measured_00869,read,measured,,,,,3.4145,,ok,0.3558
200.0442,568,,,0.5829,,,,,,203.2047,r1_measured_00870,read,measured,,,,,2.1504,,ok,0.358
250.0614,662,,,0.6292,,,,,,255.7385,r1_measured_00871,read,measured,,,,,4.55,,ok,0.4125
199.4075,508,,,0.7036,,,,,,202.9601,r1_measured_00872,read,measured,,,,,2.4254,,ok,0.3561
164.8646,416,,,0.2919,,,,,,166.6518,r1_measured_00873,read,measured,,,,,1.0974,,ok,0.3413
275.3175,674,,,0.5333,,,,,,282.1061,r1_measured_00874,read,measured,,,,,5.8452,,ok,0.336
265.8811,688,,,0.6248,,,,,,270.4648,r1_measured_00875,read,measured,,,,,3.4492,,ok,0.4225
257.423,629,,,0.5343,,,,,,263.1059,r1_measured_00876,read,measured,,,,,4.6905,,ok,0.382
284.3149,680,,,5.7391,,,,,,316.618,r1_measured_00877,read,measured,,,,,26.0255,,ok,0.4321
309.8791,677,,,0.77,,,,,,315.1308,r1_measured_00878,read,measured,,,,,4.0552,,ok,0.351
303.5292,681,,,0.6626,,,,,,310.2109,r1_measured_00879,read,measured,,,,,5.573,,ok,0.3651
391.5342,629,279.503,6.2332,0.7523,44.2334,1,6.2313,1,26.196,398.2826,r1_measured_00880,update,measured,19.9628,6.7484,1,15.5227,5.5544,26.0791,ok,0.3666
285.1823,628,,,0.6762,,,,,,288.4829,r1_measured_00881,read,measured,,,,,2.1375,,ok,0.4037
273.8368,629,,,0.7165,,,,,,280.3856,r1_measured_00882,read,measured,,,,,5.3717,,ok,0.3752
475.7682,678,331.3094,4.7208,0.8027,62.8577,1,4.7182,1,30.6076,479.738,r1_measured_00883,update,measured,25.8868,3.9698,1,19.2813,2.7065,31.7122,ok,0.3735
186.25,418,,,0.2916,,,,,,188.7965,r1_measured_00884,read,measured,,,,,1.8203,,ok,0.3653
245.3193,671,,,0.902,,,,,,251.1935,r1_measured_00885,read,measured,,,,,4.539,,ok,0.3439
132.8381,369,,,0.5287,,,,,,135.4768,r1_measured_00886,read,measured,,,,,1.7027,,ok,0.3426
325.3854,685,,,1.3117,,,,,,330.4765,r1_measured_00887,read,measured,,,,,3.2671,,ok,0.4186
160.6372,418,,,0.3245,,,,,,162.4005,r1_measured_00888,read,measured,,,,,1.0287,,ok,0.3427
151.1799,369,,,0.2438,,,,,,153.1696,r1_measured_00889,read,measured,,,,,1.3409,,ok,0.344
316.5893,680,,,0.7734,,,,,,319.3815,r1_measured_00890,read,measured,,,,,1.3818,,ok,0.5313
315.1347,663,,,0.5613,,,,,,317.6302,r1_measured_00891,read,measured,,,,,1.4431,,ok,0.4049
305.8966,663,,,0.6147,,,,,,311.2661,r1_measured_00892,read,measured,,,,,4.2889,,ok,0.3822
266.5363,567,,,0.5722,,,,,,270.7866,r1_measured_00893,read,measured,,,,,3.2416,,ok,0.3635
318.9481,661,,,0.6188,,,,,,324.3215,r1_measured_00894,read,measured,,,,,4.2417,,ok,0.4234
389.7794,629,235.3916,7.3704,0.5471,53.7002,0,7.3672,1,32.3297,399.74,r1_measured_00895,update,measured,24.9593,9.9606,1,0.0059,9.0127,68.352,ok,0.3353
246.7958,685,,,0.6764,,,,,,250.1671,r1_measured_00896,read,measured,,,,,2.26,,ok,0.3539
246.9429,661,,,0.6649,,,,,,253.1581,r1_measured_00897,read,measured,,,,,5.1074,,ok,0.3569
197.8456,506,,,0.5812,,,,,,202.3963,r1_measured_00898,read,measured,,,,,3.5267,,ok,0.3719
212.624,568,,,0.9353,,,,,,217.0666,r1_measured_00899,read,measured,,,,,3.0724,,ok,0.3578
249.967,680,,,0.8072,,,,,,252.7287,r1_measured_00900,read,measured,,,,,1.4988,,ok,0.3723
151.6819,418,,,0.264,,,,,,153.1258,r1_measured_00901,read,measured,,,,,0.7689,,ok,0.3524
163.9762,418,,,0.284,,,,,,165.444,r1_measured_00902,read,measured,,,,,0.7769,,ok,0.3391
246.7983,689,,,1.5441,,,,,,253.2563,r1_measured_00903,read,measured,,,,,4.5049,,ok,0.3315
239.9885,663,,,0.7002,,,,,,245.2919,r1_measured_00904,read,measured,,,,,4.1751,,ok,0.3528
219.849,626,,,1.0494,,,,,,224.3964,r1_measured_00905,read,measured,,,,,3.0824,,ok,0.3474
173.9847,508,,,0.5738,,,,,,179.4682,r1_measured_00906,read,measured,,,,,4.4492,,ok,0.3797
232.5214,627,,,0.6372,,,,,,235.6482,r1_measured_00907,read,measured,,,,,1.9445,,ok,0.4472
263.4122,674,,,0.5446,,,,,,266.1039,r1_measured_00908,read,measured,,,,,1.7213,,ok,0.3507
205.086,566,,,0.8264,,,,,,212.1884,r1_measured_00909,read,measured,,,,,5.8032,,ok,0.3824
200.7174,568,,,0.6856,,,,,,205.9588,r1_measured_00910,read,measured,,,,,4.1016,,ok,0.3765
189.7737,509,,,0.6718,,,,,,196.6055,r1_measured_00911,read,measured,,,,,5.7075,,ok,0.369
223.1593,629,,,0.6403,,,,,,228.3484,r1_measured_00912,read,measured,,,,,4.105,,ok,0.3616
192.3173,508,,,0.5226,,,,,,195.6151,r1_measured_00913,read,measured,,,,,2.3743,,ok,0.3271
263.6655,688,,,0.7085,,,,,,269.3192,r1_measured_00914,read,measured,,,,,4.5226,,ok,0.3491
250.9496,679,,,0.5487,,,,,,258.1109,r1_measured_00915,read,measured,,,,,6.1602,,ok,0.3735
249.2992,678,,,0.6475,,,,,,256.2072,r1_measured_00916,read,measured,,,,,5.7701,,ok,0.3973
245.0829,678,,,0.8412,,,,,,254.4848,r1_measured_00917,read,measured,,,,,8.0744,,ok,0.3821
180.5567,509,,,0.6862,,,,,,182.8546,r1_measured_00918,read,measured,,,,,1.1533,,ok,0.3784
250.364,686,,,0.8814,,,,,,256.1553,r1_measured_00919,read,measured,,,,,4.4724,,ok,0.3527
163.1893,417,,,0.3031,,,,,,165.7488,r1_measured_00920,read,measured,,,,,1.8389,,ok,0.3501
232.2389,629,,,0.7589,,,,,,238.5083,r1_measured_00921,read,measured,,,,,5.1192,,ok,0.3258
196.8291,508,,,0.474,,,,,,205.7875,r1_measured_00922,read,measured,,,,,8.0536,,ok,0.3577
256.7662,677,,,0.6961,,,,,,259.693,r1_measured_00923,read,measured,,,,,1.7898,,ok,0.3563
259.4341,689,,,0.8201,,,,,,264.1125,r1_measured_00924,read,measured,,,,,3.4204,,ok,0.3703
138.1009,366,,,0.4908,,,,,,140.6111,r1_measured_00925,read,measured,,,,,1.6314,,ok,0.3212
231.408,629,,,0.934,,,,,,237.5489,r1_measured_00926,read,measured,,,,,4.7774,,ok,0.3474
239.2109,629,,,0.8163,,,,,,247.688,r1_measured_00927,read,measured,,,,,7.201,,ok,0.3774
252.588,629,,,0.7813,,,,,,258.8955,r1_measured_00928,read,measured,,,,,5.0578,,ok,0.3817
173.2402,417,,,0.3156,,,,,,177.2303,r1_measured_00929,read,measured,,,,,3.2381,,ok,0.3668
171.3948,419,,,0.4174,,,,,,174.6193,r1_measured_00930,read,measured,,,,,2.3494,,ok,0.3944
138.1332,366,,,0.2642,,,,,,140.0109,r1_measured_00931,read,measured,,,,,1.1854,,ok,0.3655
341.0645,680,,,0.846,,,,,,352.0303,r1_measured_00932,read,measured,,,,,9.5489,,ok,0.4507
323.2856,680,,,1.1394,,,,,,330.8675,r1_measured_00933,read,measured,,,,,5.2186,,ok,1.0551
326.6641,662,,,0.7913,,,,,,335.0181,r1_measured_00934,read,measured,,,,,7.0362,,ok,0.4275
192.1946,417,,,0.6236,,,,,,194.7656,r1_measured_00935,read,measured,,,,,1.4959,,ok,0.3724
329.5519,629,,,2.7032,,,,,,339.5423,r1_measured_00936,read,measured,,,,,6.7824,,ok,0.4066
331.5943,626,,,0.6382,,,,,,335.7624,r1_measured_00937,read,measured,,,,,3.0525,,ok,0.3913
304.7717,568,,,0.6488,,,,,,310.4567,r1_measured_00938,read,measured,,,,,4.5258,,ok,0.4215
439.3312,673,298.7686,4.5057,0.8924,62.0966,1,4.5036,1,28.7791,446.2495,r1_measured_00939,update,measured,24.2734,6.9183,1,20.4801,5.5386,29.2068,ok,0.4069
289.6104,629,,,0.7254,,,,,,298.128,r1_measured_00940,read,measured,,,,,7.3438,,ok,0.3513
262.3815,628,,,0.6541,,,,,,269.1072,r1_measured_00941,read,measured,,,,,5.5227,,ok,0.4635
209.0663,508,,,0.5108,,,,,,213.2234,r1_measured_00942,read,measured,,,,,3.173,,ok,0.4015
281.463,680,,,0.6813,,,,,,286.1258,r1_measured_00943,read,measured,,,,,3.554,,ok,0.3564
207.318,509,,,0.6262,,,,,,212.2467,r1_measured_00944,read,measured,,,,,3.8622,,ok,0.3487
161.338,417,,,0.2895,,,,,,162.9755,r1_measured_00945,read,measured,,,,,0.9329,,ok,0.3529
220.634,566,,,0.598,,,,,,225.3797,r1_measured_00946,read,measured,,,,,3.7197,,ok,0.3495
246.2132,680,,,0.5727,,,,,,250.5308,r1_measured_00947,read,measured,,,,,3.3234,,ok,0.339
248.455,661,,,0.7164,,,,,,253.8159,r1_measured_00948,read,measured,,,,,4.1894,,ok,0.3695
252.2073,678,,,1.5118,,,,,,255.4473,r1_measured_00949,read,measured,,,,,1.2907,,ok,0.3644
257.2997,677,,,0.7232,,,,,,263.7382,r1_measured_00950,read,measured,,,,,5.2754,,ok,0.3699
260.0778,688,,,0.539,,,,,,265.3147,r1_measured_00951,read,measured,,,,,4.2663,,ok,0.3508
206.5658,567,,,0.7407,,,,,,211.7416,r1_measured_00952,read,measured,,,,,4.0286,,ok,0.3439
227.3567,627,,,0.5617,,,,,,232.3935,r1_measured_00953,read,measured,,,,,4.0498,,ok,0.3535
252.4362,681,,,0.6498,,,,,,260.4157,r1_measured_00954,read,measured,,,,,6.7837,,ok,0.4421
253.0417,679,,,0.8987,,,,,,256.9716,r1_measured_00955,read,measured,,,,,2.5397,,ok,0.4094
262.9895,678,,,0.7372,,,,,,268.5947,r1_measured_00956,read,measured,,,,,4.4304,,ok,0.3624
236.7967,629,,,0.5633,,,,,,244.6237,r1_measured_00957,read,measured,,,,,6.7379,,ok,0.4045
253.4769,663,,,0.6846,,,,,,261.123,r1_measured_00958,read,measured,,,,,6.5335,,ok,0.3524
253.8733,678,,,0.6201,,,,,,258.7253,r1_measured_00959,read,measured,,,,,3.7804,,ok,0.3795
131.3281,366,,,0.2524,,,,,,133.2366,r1_measured_00960,read,measured,,,,,1.2347,,ok,0.3559
200.5668,567,,,0.6883,,,,,,205.3926,r1_measured_00961,read,measured,,,,,3.6951,,ok,0.3725
262.8125,678,,,0.6952,,,,,,267.5611,r1_measured_00962,read,measured,,,,,3.6171,,ok,0.3378
251.969,663,,,0.5776,,,,,,256.0037,r1_measured_00963,read,measured,,,,,3.0074,,ok,0.3693
229.1057,627,,,0.6999,,,,,,234.1151,r1_measured_00964,read,measured,,,,,3.8918,,ok,0.3436
233.7164,627,,,0.5938,,,,,,236.2086,r1_measured_00965,read,measured,,,,,1.4622,,ok,0.3671
254.2481,680,,,0.7041,,,,,,258.4576,r1_measured_00966,read,measured,,,,,2.9501,,ok,0.4528
194.6325,568,,,0.7328,,,,,,197.7364,r1_measured_00967,read,measured,,,,,1.9015,,ok,0.3798
284.0675,663,,,0.6974,,,,,,289.3836,r1_measured_00968,read,measured,,,,,4.1875,,ok,0.3623
247.8517,663,,,1.0412,,,,,,252.7777,r1_measured_00969,read,measured,,,,,3.3678,,ok,0.4182
236.3046,568,,,0.6769,,,,,,240.93,r1_measured_00970,read,measured,,,,,3.5191,,ok,0.3542
283.3531,679,,,0.8049,,,,,,286.3136,r1_measured_00971,read,measured,,,,,1.6945,,ok,0.3729
209.2284,508,,,0.5293,,,,,,214.3948,r1_measured_00972,read,measured,,,,,4.2208,,ok,0.344
373.0681,627,244.8683,5.656,0.5743,49.9808,1,5.6539,1,34.6049,378.7523,r1_measured_00973,update,measured,28.9489,5.6842,1,18.5675,4.6622,25.0466,ok,0.3623
283.882,679,,,0.8385,,,,,,289.388,r1_measured_00974,read,measured,,,,,4.1874,,ok,0.3947
256.8237,663,,,0.6585,,,,,,262.6682,r1_measured_00975,read,measured,,,,,4.728,,ok,0.3808
201.5996,509,,,0.588,,,,,,204.515,r1_measured_00976,read,measured,,,,,1.8791,,ok,0.3748
253.7272,663,,,1.2161,,,,,,258.1614,r1_measured_00977,read,measured,,,,,2.7178,,ok,0.4098
153.278,416,,,0.3644,,,,,,155.8103,r1_measured_00978,read,measured,,,,,1.6181,,ok,0.4683
269.2423,681,,,0.6543,,,,,,273.5474,r1_measured_00979,read,measured,,,,,3.0704,,ok,0.5091
208.859,509,,,0.5797,,,,,,213.4219,r1_measured_00980,read,measured,,,,,3.5726,,ok,0.337
194.2012,509,,,0.482,,,,,,197.7734,r1_measured_00981,read,measured,,,,,2.6562,,ok,0.3179
199.5676,508,,,0.4728,,,,,,203.5375,r1_measured_00982,read,measured,,,,,3.055,,ok,0.3518
350.8331,688,,,0.5856,,,,,,356.2538,r1_measured_00983,read,measured,,,,,4.3308,,ok,0.4178
320.3158,627,,,0.723,,,,,,322.9514,r1_measured_00984,read,measured,,,,,1.5617,,ok,0.2921
311.3947,627,,,2.4508,,,,,,317.6779,r1_measured_00985,read,measured,,,,,3.3503,,ok,0.4072
340.2334,686,,,0.7484,,,,,,344.0219,r1_measured_00986,read,measured,,,,,2.5752,,ok,0.3816
324.3853,679,,,0.5189,,,,,,329.3578,r1_measured_00987,read,measured,,,,,4.0431,,ok,0.3261
386.4312,568,211.0467,4.7768,0.5317,108.0484,1,4.7745,1,26.0907,391.0797,r1_measured_00988,update,measured,21.3139,4.6485,1,11.9258,3.682,29.3196,ok,0.3559
337.6323,688,,,0.7934,,,,,,340.5907,r1_measured_00989,read,measured,,,,,1.6135,,ok,0.4487
435.1281,674,243.3297,6.4681,0.6454,57.662,0,6.4658,1,37.9827,439.3374,r1_measured_00990,update,measured,31.5146,4.2093,1,28.4506,3.1535,67.7031,ok,0.3322
130.4523,417,,,0.6097,,,,,,133.0702,r1_measured_00991,read,measured,,,,,1.5906,,ok,0.3503
252.8487,685,,,0.7501,,,,,,256.9954,r1_measured_00992,read,measured,,,,,2.9643,,ok,0.3456
209.2485,568,,,0.8227,,,,,,213.9849,r1_measured_00993,read,measured,,,,,3.4474,,ok,0.3596
251.8382,679,,,0.6556,,,,,,255.4347,r1_measured_00994,read,measured,,,,,2.4988,,ok,0.3638
248.5292,678,,,0.5571,,,,,,251.7154,r1_measured_00995,read,measured,,,,,2.2287,,ok,0.3326
202.7932,566,,,0.5581,,,,,,208.2931,r1_measured_00996,read,measured,,,,,4.5319,,ok,0.3399
148.3477,418,,,0.2831,,,,,,150.2837,r1_measured_00997,read,measured,,,,,1.2262,,ok,0.3585
253.6949,679,,,0.7641,,,,,,257.0787,r1_measured_00998,read,measured,,,,,2.1883,,ok,0.3607
231.8453,629,,,1.0306,,,,,,239.6207,r1_measured_00999,read,measured,,,,,5.7553,,ok,0.8959
232.7871,628,,,0.6979,,,,,,237.1147,r1_measured_01000,read,measured,,,,,3.1801,,ok,0.3651
207.7386,567,,,0.6722,,,,,,212.0363,r1_measured_01001,read,measured,,,,,3.201,,ok,0.3455
270.8372,673,,,0.5973,,,,,,273.2503,r1_measured_01002,read,measured,,,,,1.4055,,ok,0.3404
234.2581,568,,,0.7201,,,,,,238.437,r1_measured_01003,read,measured,,,,,3.0066,,ok,0.3638
254.4915,629,,,0.5249,,,,,,259.0211,r1_measured_01004,read,measured,,,,,3.5685,,ok,0.353
249.7488,689,,,0.6372,,,,,,252.9238,r1_measured_01005,read,measured,,,,,2.0789,,ok,0.3889
261.5774,627,,,0.8921,,,,,,267.595,r1_measured_01006,read,measured,,,,,4.6799,,ok,0.3699
267.8177,628,,,1.0741,,,,,,273.2641,r1_measured_01007,read,measured,,,,,3.9249,,ok,0.3623
379.5993,687,261.1979,5.7645,0.9659,60.6808,0,5.7622,1,26.4665,385.1043,r1_measured_01008,update,measured,20.702,5.505,1,0.0054,4.0988,31.2487,ok,0.3544
209.9542,509,,,0.7152,,,,,,214.6903,r1_measured_01009,read,measured,,,,,3.5413,,ok,0.4036
224.2912,628,,,0.6139,,,,,,228.4456,r1_measured_01010,read,measured,,,,,3.0812,,ok,0.385
258.8584,689,,,0.7264,,,,,,263.6408,r1_measured_01011,read,measured,,,,,3.6073,,ok,0.3678
179.9956,508,,,0.5069,,,,,,186.7232,r1_measured_01012,read,measured,,,,,5.7824,,ok,0.3708
150.2921,419,,,0.2995,,,,,,152.8181,r1_measured_01013,read,measured,,,,,1.8026,,ok,0.3508
269.3024,678,,,1.9116,,,,,,275.4204,r1_measured_01014,read,measured,,,,,3.8072,,ok,0.3336
249.1106,663,,,0.6389,,,,,,252.1551,r1_measured_01015,read,measured,,,,,1.9735,,ok,0.3522
168.5289,417,,,0.3134,,,,,,170.3352,r1_measured_01016,read,measured,,,,,1.0878,,ok,0.3307
250.6083,661,,,0.8815,,,,,,255.5921,r1_measured_01017,read,measured,,,,,3.6649,,ok,0.353
260.1241,689,,,1.1739,,,,,,264.8574,r1_measured_01018,read,measured,,,,,3.1369,,ok,0.3572
187.6785,508,,,0.43,,,,,,191.1425,r1_measured_01019,read,measured,,,,,2.6082,,ok,0.3633
190.2884,508,,,0.5957,,,,,,195.2638,r1_measured_01020,read,measured,,,,,3.9487,,ok,0.3405
254.2494,680,,,0.6031,,,,,,260.1668,r1_measured_01021,read,measured,,,,,4.8774,,ok,0.3494
243.0029,680,,,0.4836,,,,,,246.7722,r1_measured_01022,read,measured,,,,,2.8908,,ok,0.3234
251.8801,680,,,0.7533,,,,,,257.0602,r1_measured_01023,read,measured,,,,,3.9873,,ok,0.3432
253.5185,680,,,1.0127,,,,,,259.771,r1_measured_01024,read,measured,,,,,4.819,,ok,0.3404
202.0511,567,,,0.8901,,,,,,206.25,r1_measured_01025,read,measured,,,,,2.8835,,ok,0.3459
200.714,568,,,0.5607,,,,,,205.9411,r1_measured_01026,read,measured,,,,,4.2508,,ok,0.3379
250.1255,676,,,0.6903,,,,,,255.6132,r1_measured_01027,read,measured,,,,,4.3743,,ok,0.3402
228.2084,661,,,0.5303,,,,,,233.5335,r1_measured_01028,read,measured,,,,,4.3995,,ok,0.3222
248.5312,679,,,0.6223,,,,,,252.2839,r1_measured_01029,read,measured,,,,,2.7112,,ok,0.34
153.8505,368,,,0.2338,,,,,,155.5139,r1_measured_01030,read,measured,,,,,1.0467,,ok,0.3266
248.8506,676,,,0.8392,,,,,,253.5417,r1_measured_01031,read,measured,,,,,3.4107,,ok,0.3213
182.7207,508,,,0.9417,,,,,,191.9671,r1_measured_01032,read,measured,,,,,7.8817,,ok,0.3539
265.9988,681,,,0.5929,,,,,,269.8948,r1_measured_01033,read,measured,,,,,2.8745,,ok,0.3495
229.3249,629,,,0.5715,,,,,,233.6286,r1_measured_01034,read,measured,,,,,3.2552,,ok,0.3271
126.6237,368,,,0.2528,,,,,,128.2459,r1_measured_01035,read,measured,,,,,0.9863,,ok,0.3256
250.243,627,,,0.7022,,,,,,254.4849,r1_measured_01036,read,measured,,,,,3.1756,,ok,0.3048
210.4797,568,,,0.6215,,,,,,215.8787,r1_measured_01037,read,measured,,,,,4.2151,,ok,0.4823
252.8849,662,,,0.7834,,,,,,257.5771,r1_measured_01038,read,measured,,,,,3.4932,,ok,0.3449
166.7091,417,,,0.2819,,,,,,168.5219,r1_measured_01039,read,measured,,,,,1.1023,,ok,0.3634
238.5194,628,,,0.7488,,,,,,243.9645,r1_measured_01040,read,measured,,,,,4.2163,,ok,0.3995
252.3732,662,,,0.658,,,,,,257.4527,r1_measured_01041,read,measured,,,,,3.9788,,ok,0.3627
290.7453,507,182.8969,9.0511,0.6277,38.5472,1,9.0492,1,32.3682,295.8008,r1_measured_01042,update,measured,23.3171,5.0555,1,16.8604,3.983,20.0726,ok,0.3715
228.3321,566,,,0.5497,,,,,,232.7397,r1_measured_01043,read,measured,,,,,3.4586,,ok,0.329
145.9681,369,,,0.2699,,,,,,148.0592,r1_measured_01044,read,measured,,,,,1.3875,,ok,0.337
150.9321,417,,,0.2788,,,,,,153.0567,r1_measured_01045,read,measured,,,,,1.4559,,ok,0.3352
140.5281,368,,,0.2306,,,,,,142.7806,r1_measured_01046,read,measured,,,,,1.6485,,ok,0.3238
283.1639,674,,,0.7593,,,,,,287.2322,r1_measured_01047,read,measured,,,,,2.8779,,ok,0.3507
287.4917,677,,,0.7076,,,,,,292.3047,r1_measured_01048,read,measured,,,,,3.6738,,ok,0.3542
187.3773,417,,,0.3778,,,,,,189.2184,r1_measured_01049,read,measured,,,,,1.0213,,ok,0.3782
282.8732,689,,,0.7036,,,,,,286.1075,r1_measured_01050,read,measured,,,,,2.0796,,ok,0.3741
270.1451,675,,,0.8765,,,,,,276.3218,r1_measured_01051,read,measured,,,,,4.8385,,ok,0.3587
276.5229,679,,,0.8351,,,,,,283.052,r1_measured_01052,read,measured,,,,,5.2693,,ok,0.3482
268.9265,661,,,0.6926,,,,,,273.6503,r1_measured_01053,read,measured,,,,,3.613,,ok,0.3476
383.8858,679,252.8152,4.9021,0.8436,55.6723,1,4.9001,1,27.0848,388.8497,r1_measured_01054,update,measured,22.1827,4.9639,1,18.6224,3.5874,29.6911,ok,0.4332
259.0378,680,,,0.6882,,,,,,262.6147,r1_measured_01055,read,measured,,,,,2.4641,,ok,0.3447
265.8109,627,,,0.855,,,,,,269.381,r1_measured_01056,read,measured,,,,,2.2513,,ok,0.3789
238.5891,567,,,0.5929,,,,,,247.2713,r1_measured_01057,read,measured,,,,,7.6781,,ok,0.3451
238.1144,566,,,0.8825,,,,,,243.1755,r1_measured_01058,read,measured,,,,,3.7414,,ok,0.3627
156.6308,419,,,0.3125,,,,,,158.9079,r1_measured_01059,read,measured,,,,,1.4915,,ok,0.364
292.0057,673,,,0.8405,,,,,,296.593,r1_measured_01060,read,measured,,,,,3.3449,,ok,0.3339
286.1169,629,,,0.6111,,,,,,291.3126,r1_measured_01061,read,measured,,,,,4.1595,,ok,0.3465
306.6233,417,199.7502,5.3727,0.6642,40.1708,1,5.3702,1,27.9077,308.4953,r1_measured_01062,update,measured,22.535,1.872,1,18.0426,0.7814,20.752,ok,0.3564
181.2792,368,,,0.3855,,,,,,183.4233,r1_measured_01063,read,measured,,,,,1.3605,,ok,0.331
298.1326,623,,,0.681,,,,,,305.0542,r1_measured_01064,read,measured,,,,,5.8182,,ok,0.3348
245.5481,567,,,0.9538,,,,,,249.3394,r1_measured_01065,read,measured,,,,,2.423,,ok,0.3433
402.8751,677,280.681,5.7328,0.6332,53.5997,1,5.7304,1,23.5969,406.9233,r1_measured_01066,update,measured,17.8641,4.0482,1,17.0773,2.9904,27.9202,ok,0.349
306.93,681,,,0.6957,,,,,,317.0083,r1_measured_01067,read,measured,,,,,8.885,,ok,0.3987
338.3968,567,227.0646,4.053,0.6045,45.6401,1,4.051,1,21.1269,344.0065,r1_measured_01068,update,measured,17.0739,5.6097,1,15.1542,4.5417,29.411,ok,0.3791
282.9855,678,,,0.6473,,,,,,288.6566,r1_measured_01069,read,measured,,,,,4.5714,,ok,0.3677
225.802,508,,,0.6321,,,,,,229.1322,r1_measured_01070,read,measured,,,,,2.2285,,ok,0.3869
279.1565,677,,,0.5447,,,,,,284.933,r1_measured_01071,read,measured,,,,,4.8285,,ok,0.3358
275.5375,663,,,0.7222,,,,,,280.2908,r1_measured_01072,read,measured,,,,,3.6019,,ok,0.358
280.294,689,,,0.6256,,,,,,283.6224,r1_measured_01073,read,measured,,,,,2.2917,,ok,0.3417
214.7167,509,,,0.5687,,,,,,217.5734,r1_measured_01074,read,measured,,,,,1.8612,,ok,0.3516
167.9394,417,,,0.299,,,,,,169.4026,r1_measured_01075,read,measured,,,,,0.7365,,ok,0.3658
206.2512,509,,,0.5423,,,,,,209.8887,r1_measured_01076,read,measured,,,,,2.6644,,ok,0.3537
278.8494,509,177.4925,5.2196,0.6999,34.9808,0,5.2171,1,25.1652,290.6933,r1_measured_01077,update,measured,19.9456,11.8439,1,18.7259,10.7186,22.485,ok,0.345
277.5026,680,,,0.8967,,,,,,282.2636,r1_measured_01078,read,measured,,,,,3.4146,,ok,0.3637
138.6792,366,,,0.4995,,,,,,141.2972,r1_measured_01079,read,measured,,,,,1.6585,,ok,0.3845
261.7971,680,,,0.8671,,,,,,266.64,r1_measured_01080,read,measured,,,,,3.5321,,ok,0.3652
245.7852,680,,,0.9812,,,,,,249.2099,r1_measured_01081,read,measured,,,,,1.9983,,ok,0.3631
251.5625,662,,,0.6116,,,,,,255.9062,r1_measured_01082,read,measured,,,,,3.2305,,ok,0.3557
130.6905,368,,,0.2483,,,,,,132.7923,r1_measured_01083,read,measured,,,,,1.4511,,ok,0.3337
188.5428,509,,,0.8278,,,,,,193.6005,r1_measured_01084,read,measured,,,,,3.7934,,ok,0.368
299.0983,680,,,1.1444,,,,,,305.4184,r1_measured_01085,read,measured,,,,,4.705,,ok,0.369
157.0127,417,,,0.2915,,,,,,159.0825,r1_measured_01086,read,measured,,,,,1.2672,,ok,0.4433
275.2418,662,,,0.5818,,,,,,278.2073,r1_measured_01087,read,measured,,,,,1.9344,,ok,0.3622
308.1984,663,,,0.759,,,,,,314.3673,r1_measured_01088,read,measured,,,,,4.9386,,ok,0.3793
208.8718,418,,,0.2899,,,,,,210.972,r1_measured_01089,read,measured,,,,,1.4032,,ok,0.3478
300.7347,688,,,0.6716,,,,,,304.9305,r1_measured_01090,read,measured,,,,,3.0947,,ok,0.3393
304.9228,680,,,0.6455,,,,,,310.9265,r1_measured_01091,read,measured,,,,,4.9346,,ok,0.3433
273.6602,623,,,0.6107,,,,,,277.3024,r1_measured_01092,read,measured,,,,,2.5809,,ok,0.3636
280.8191,628,,,0.6078,,,,,,283.9288,r1_measured_01093,read,measured,,,,,2.0668,,ok,0.3549
253.4105,687,,,0.7875,,,,,,256.8997,r1_measured_01094,read,measured,,,,,2.2565,,ok,0.3575
248.0989,680,,,1.3245,,,,,,254.0663,r1_measured_01095,read,measured,,,,,4.0713,,ok,0.4744
229.165,627,,,0.6163,,,,,,234.0525,r1_measured_01096,read,measured,,,,,3.8502,,ok,0.3505
259.9523,678,,,0.8467,,,,,,265.3158,r1_measured_01097,read,measured,,,,,4.034,,ok,0.3873
263.167,680,,,1.015,,,,,,267.9448,r1_measured_01098,read,measured,,,,,3.2103,,ok,0.4406
272.4787,686,,,0.6875,,,,,,281.9728,r1_measured_01099,read,measured,,,,,8.3176,,ok,0.3943
176.4398,509,,,0.5196,,,,,,179.2714,r1_measured_01100,read,measured,,,,,1.8556,,ok,0.3752
238.6515,627,,,0.8285,,,,,,246.2324,r1_measured_01101,read,measured,,,,,5.7031,,ok,0.9282
284.4481,680,,,0.6279,,,,,,288.4445,r1_measured_01102,read,measured,,,,,2.8706,,ok,0.3991
212.7816,509,,,0.9944,,,,,,215.7347,r1_measured_01103,read,measured,,,,,1.4661,,ok,0.3963
232.0672,568,,,0.7202,,,,,,237.9462,r1_measured_01104,read,measured,,,,,4.6885,,ok,0.3711
283.8653,661,,,0.7569,,,,,,289.5726,r1_measured_01105,read,measured,,,,,4.4754,,ok,0.3813
300.7958,689,,,0.8418,,,,,,307.157,r1_measured_01106,read,measured,,,,,5.0385,,ok,0.3773
286.7027,686,,,0.6216,,,,,,291.7046,r1_measured_01107,read,measured,,,,,3.9232,,ok,0.3682
201.658,509,,,0.61,,,,,,206.3543,r1_measured_01108,read,measured,,,,,3.6254,,ok,0.3793
268.0573,678,,,0.6338,,,,,,273.7904,r1_measured_01109,read,measured,,,,,4.6645,,ok,0.3593
264.5301,674,,,0.9692,,,,,,271.9083,r1_measured_01110,read,measured,,,,,5.8628,,ok,0.4392
267.1825,678,,,0.8046,,,,,,270.5071,r1_measured_01111,read,measured,,,,,2.031,,ok,0.3857
266.1649,674,,,0.8559,,,,,,269.7641,r1_measured_01112,read,measured,,,,,2.3019,,ok,0.3504
169.0149,418,,,0.3089,,,,,,170.937,r1_measured_01113,read,measured,,,,,1.171,,ok,0.3746
220.4392,566,,,0.6247,,,,,,225.0595,r1_measured_01114,read,measured,,,,,3.5766,,ok,0.3379
255.3171,680,,,0.6297,,,,,,258.7674,r1_measured_01115,read,measured,,,,,2.3833,,ok,0.3506
243.9134,662,,,0.7032,,,,,,248.9727,r1_measured_01116,read,measured,,,,,3.9114,,ok,0.3592
254.2961,679,,,0.8614,,,,,,259.234,r1_measured_01117,read,measured,,,,,3.6834,,ok,0.3267
193.8585,509,,,0.5474,,,,,,196.8717,r1_measured_01118,read,measured,,,,,1.9935,,ok,0.3988
256.5117,689,,,0.6589,,,,,,262.238,r1_measured_01119,read,measured,,,,,4.5976,,ok,0.3693
235.501,629,,,1.0746,,,,,,239.079,r1_measured_01120,read,measured,,,,,2.0587,,ok,0.3647
181.7237,509,,,0.6013,,,,,,189.4314,r1_measured_01121,read,measured,,,,,6.6281,,ok,0.3863
245.9104,680,,,0.9336,,,,,,252.3597,r1_measured_01122,read,measured,,,,,5.0566,,ok,0.3631
252.5878,680,,,0.5996,,,,,,260.8979,r1_measured_01123,read,measured,,,,,7.2554,,ok,0.3669
223.2526,628,,,0.7325,,,,,,229.6901,r1_measured_01124,read,measured,,,,,5.2635,,ok,0.3468
252.6535,681,,,0.6127,,,,,,258.4281,r1_measured_01125,read,measured,,,,,4.6822,,ok,0.3764
226.5743,627,,,0.634,,,,,,230.6039,r1_measured_01126,read,measured,,,,,2.9424,,ok,0.348
247.5426,679,,,0.7339,,,,,,254.4143,r1_measured_01127,read,measured,,,,,5.69,,ok,0.3565
253.0133,680,,,0.735,,,,,,256.0811,r1_measured_01128,read,measured,,,,,1.8538,,ok,0.3773
216.5784,627,,,0.7067,,,,,,223.4613,r1_measured_01129,read,measured,,,,,5.6423,,ok,0.4394
247.5585,680,,,0.9735,,,,,,252.6232,r1_measured_01130,read,measured,,,,,3.5951,,ok,0.4037
249.2769,679,,,0.6815,,,,,,255.1021,r1_measured_01131,read,measured,,,,,4.7103,,ok,0.3485
253.5244,674,,,0.7278,,,,,,260.2229,r1_measured_01132,read,measured,,,,,5.4357,,ok,0.4315
207.514,567,,,0.8628,,,,,,214.8196,r1_measured_01133,read,measured,,,,,5.8824,,ok,0.4665
183.4,508,,,0.7548,,,,,,190.1949,r1_measured_01134,read,measured,,,,,5.5729,,ok,0.3772
239.6229,627,,,0.6882,,,,,,243.1885,r1_measured_01135,read,measured,,,,,2.3869,,ok,0.3994
255.123,678,,,1.4956,,,,,,263.4452,r1_measured_01136,read,measured,,,,,6.2872,,ok,0.4229
244.4521,663,,,0.7469,,,,,,249.4242,r1_measured_01137,read,measured,,,,,3.733,,ok,0.4014
165.4385,418,,,0.3107,,,,,,167.4193,r1_measured_01138,read,measured,,,,,1.2093,,ok,0.3952
252.6643,688,,,0.8452,,,,,,256.6798,r1_measured_01139,read,measured,,,,,2.7333,,ok,0.3512
263.355,679,,,0.6759,,,,,,266.8988,r1_measured_01140,read,measured,,,,,2.4016,,ok,0.3693
191.9865,508,,,0.7537,,,,,,194.8503,r1_measured_01141,read,measured,,,,,1.6647,,ok,0.3672
243.9614,627,,,0.7495,,,,,,256.7867,r1_measured_01142,read,measured,,,,,11.6548,,ok,0.3425
257.421,680,,,0.6615,,,,,,263.2549,r1_measured_01143,read,measured,,,,,4.7102,,ok,0.363
158.5521,417,,,0.285,,,,,,160.2602,r1_measured_01144,read,measured,,,,,1.0309,,ok,0.3319
249.3051,678,,,0.668,,,,,,253.8844,r1_measured_01145,read,measured,,,,,3.4707,,ok,0.3381
154.5558,417,,,0.2915,,,,,,156.266,r1_measured_01146,read,measured,,,,,0.9913,,ok,0.354
200.6229,566,,,0.6975,,,,,,205.5981,r1_measured_01147,read,measured,,,,,3.8261,,ok,0.3565
222.8054,628,,,0.698,,,,,,230.0902,r1_measured_01148,read,measured,,,,,5.9888,,ok,0.4989
249.5797,680,,,0.5595,,,,,,257.6293,r1_measured_01149,read,measured,,,,,7.0442,,ok,0.3689
176.06,508,,,0.6072,,,,,,180.4842,r1_measured_01150,read,measured,,,,,3.2673,,ok,0.3652
227.8453,629,,,0.8196,,,,,,233.4417,r1_measured_01151,read,measured,,,,,4.3499,,ok,0.3516
245.7534,680,,,0.6614,,,,,,249.6291,r1_measured_01152,read,measured,,,,,2.7312,,ok,0.3739
134.9823,368,,,0.3364,,,,,,136.8452,r1_measured_01153,read,measured,,,,,1.1053,,ok,0.3495
246.2556,679,,,0.8862,,,,,,253.4996,r1_measured_01154,read,measured,,,,,5.7872,,ok,0.3849
255.5325,688,,,1.0695,,,,,,262.053,r1_measured_01155,read,measured,,,,,4.9728,,ok,0.3806
260.1815,663,,,0.8715,,,,,,265.6616,r1_measured_01156,read,measured,,,,,4.1682,,ok,0.3534
259.9584,661,,,0.7713,,,,,,264.8388,r1_measured_01157,read,measured,,,,,3.6295,,ok,0.3749
262.6505,662,,,0.8392,,,,,,267.3752,r1_measured_01158,read,measured,,,,,3.4179,,ok,0.3701
268.3592,689,,,0.8335,,,,,,272.9529,r1_measured_01159,read,measured,,,,,3.3482,,ok,0.3337
161.0448,418,,,0.5551,,,,,,162.935,r1_measured_01160,read,measured,,,,,0.856,,ok,0.4058
265.9853,674,,,0.7216,,,,,,270.7968,r1_measured_01161,read,measured,,,,,3.6625,,ok,0.341
253.4475,679,,,0.7265,,,,,,258.2444,r1_measured_01162,read,measured,,,,,3.6189,,ok,0.3578
284.2284,679,,,0.6852,,,,,,289.6644,r1_measured_01163,read,measured,,,,,4.3251,,ok,0.3534
286.8853,679,,,0.7055,,,,,,290.9972,r1_measured_01164,read,measured,,,,,2.98,,ok,0.3594
285.0769,680,,,0.88,,,,,,291.2244,r1_measured_01165,read,measured,,,,,4.6871,,ok,0.4748
331.3896,680,,,0.748,,,,,,334.0885,r1_measured_01166,read,measured,,,,,1.5344,,ok,0.3421
330.3825,678,,,0.6538,,,,,,334.9077,r1_measured_01167,read,measured,,,,,3.4558,,ok,0.3334
238.7107,568,,,0.813,,,,,,259.9519,r1_measured_01168,read,measured,,,,,19.9033,,ok,0.3994
307.3325,629,,,0.569,,,,,,309.9028,r1_measured_01169,read,measured,,,,,1.5972,,ok,0.3409
379.1119,567,249.1387,6.6958,0.7702,57.9553,1,6.6936,1,29.007,383.573,r1_measured_01170,update,measured,22.3112,4.4611,1,14.7727,3.2209,28.2382,ok,0.4093
295.7594,418,150.5636,5.8323,0.4022,31.3659,1,5.8293,1,31.5044,298.8519,r1_measured_01171,update,measured,25.6721,3.0925,1,60.8374,2.2616,21.4881,ok,0.3642
414.6712,689,255.9014,3.3394,0.741,57.1711,1,3.3375,1,36.9267,418.9309,r1_measured_01172,update,measured,33.5873,4.2597,1,17.2888,3.102,47.3832,ok,0.3425
242.6109,568,,,1.3373,,,,,,246.8778,r1_measured_01173,read,measured,,,,,2.51,,ok,0.3501
196.1224,509,,,0.4422,,,,,,198.8779,r1_measured_01174,read,measured,,,,,1.8852,,ok,0.3676
233.0793,674,,,0.676,,,,,,237.179,r1_measured_01175,read,measured,,,,,2.987,,ok,0.3478
136.4126,417,,,0.2852,,,,,,138.5833,r1_measured_01176,read,measured,,,,,1.4438,,ok,0.3645
250.4307,680,,,0.6672,,,,,,255.8192,r1_measured_01177,read,measured,,,,,4.317,,ok,0.3275
248.5175,679,,,0.5755,,,,,,252.2753,r1_measured_01178,read,measured,,,,,2.7931,,ok,0.3249
235.7734,677,,,0.6967,,,,,,238.9102,r1_measured_01179,read,measured,,,,,2.0431,,ok,0.3253
247.5903,676,,,0.6082,,,,,,253.4962,r1_measured_01180,read,measured,,,,,4.8844,,ok,0.3418
211.8112,629,,,0.5623,,,,,,216.5219,r1_measured_01181,read,measured,,,,,3.6443,,ok,0.417
237.9083,680,,,0.9239,,,,,,242.3899,r1_measured_01182,read,measured,,,,,3.1459,,ok,0.3363
174.2803,507,,,0.8913,,,,,,180.1477,r1_measured_01183,read,measured,,,,,4.5943,,ok,0.3183
223.2617,627,,,0.8168,,,,,,232.6768,r1_measured_01184,read,measured,,,,,8.1697,,ok,0.3477
237.4868,663,,,0.6339,,,,,,242.1217,r1_measured_01185,read,measured,,,,,3.5577,,ok,0.3634
155.5804,418,,,0.2797,,,,,,157.1559,r1_measured_01186,read,measured,,,,,0.9077,,ok,0.3319
251.9201,673,,,0.5847,,,,,,255.9954,r1_measured_01187,read,measured,,,,,3.0496,,ok,0.3614
266.0539,680,,,0.7947,,,,,,274.8568,r1_measured_01188,read,measured,,,,,7.5375,,ok,0.3402
228.6431,629,,,0.7792,,,,,,232.6054,r1_measured_01189,read,measured,,,,,2.7435,,ok,0.349
254.8337,679,,,0.659,,,,,,259.8959,r1_measured_01190,read,measured,,,,,4.0078,,ok,0.331
248.7089,663,,,0.6134,,,,,,254.882,r1_measured_01191,read,measured,,,,,5.1184,,ok,0.3645
306.5621,688,,,0.5861,,,,,,312.0758,r1_measured_01192,read,measured,,,,,4.5243,,ok,0.3392
282.2382,663,,,0.5842,,,,,,288.4106,r1_measured_01193,read,measured,,,,,5.1508,,ok,0.3726
264.3219,623,,,0.555,,,,,,270.3199,r1_measured_01194,read,measured,,,,,5.0402,,ok,0.3394
277.6265,680,,,0.6579,,,,,,279.9411,r1_measured_01195,read,measured,,,,,1.2374,,ok,0.3424
274.3885,680,,,0.5156,,,,,,277.559,r1_measured_01196,read,measured,,,,,2.2507,,ok,0.3365
384.6246,662,251.276,6.7877,0.7949,49.7107,1,6.7857,1,33.0451,389.8998,r1_measured_01197,update,measured,26.2574,5.2752,1,19.1817,4.067,31.4111,ok,0.3468
259.4453,627,,,0.6807,,,,,,266.6975,r1_measured_01198,read,measured,,,,,6.1361,,ok,0.3681
256.1043,628,,,1.0288,,,,,,261.5887,r1_measured_01199,read,measured,,,,,4.0195,,ok,0.3604
228.6839,662,,,0.6314,,,,,,234.5835,r1_measured_01200,read,measured,,,,,4.7699,,ok,0.4177
225.3639,629,,,0.5469,,,,,,232.3151,r1_measured_01201,read,measured,,,,,5.976,,ok,0.3606
227.5924,623,,,0.7494,,,,,,238.1445,r1_measured_01202,read,measured,,,,,9.3327,,ok,0.3641
187.9845,509,,,0.5316,,,,,,192.81,r1_measured_01203,read,measured,,,,,3.8834,,ok,0.3475
193.255,507,,,0.8362,,,,,,200.1795,r1_measured_01204,read,measured,,,,,5.7032,,ok,0.3275
193.1165,508,,,0.4653,,,,,,198.4003,r1_measured_01205,read,measured,,,,,4.4096,,ok,0.3342
157.3381,417,,,0.3273,,,,,,160.5134,r1_measured_01206,read,measured,,,,,2.4447,,ok,0.3379
268.5532,509,,,0.5659,,,,,,272.8165,r1_measured_01207,read,measured,,,,,3.2698,,ok,0.3666
303.5653,567,,,0.6585,,,,,,308.0182,r1_measured_01208,read,measured,,,,,3.2608,,ok,0.4515
269.6536,509,,,0.5457,,,,,,276.2011,r1_measured_01209,read,measured,,,,,5.5419,,ok,0.3492
327.9089,568,,,0.6466,,,,,,338.6619,r1_measured_01210,read,measured,,,,,9.6906,,ok,0.3514
215.9815,368,,,0.3809,,,,,,219.5868,r1_measured_01211,read,measured,,,,,2.8368,,ok,0.3359
310.2381,509,,,0.5111,,,,,,314.7867,r1_measured_01212,read,measured,,,,,3.5916,,ok,0.3745
211.5105,368,,,0.2573,,,,,,215.7449,r1_measured_01213,read,measured,,,,,3.5766,,ok,0.3348
470.1054,679,294.6625,6.2713,0.6492,50.0322,0,6.2696,1,28.859,476.3781,r1_measured_01214,update,measured,22.5877,6.2727,1,15.6321,5.1844,80.9196,ok,0.368
304.6559,680,,,0.6742,,,,,,307.503,r1_measured_01215,read,measured,,,,,1.7273,,ok,0.3738
398.2931,663,243.172,4.727,0.5572,75.0025,1,4.725,1,30.8652,403.9983,r1_measured_01216,update,measured,26.1382,5.7052,1,15.3735,4.7273,33.8799,ok,0.3421
418.2956,675,254.4862,4.3452,0.6909,48.7937,1,4.3436,1,56.8236,424.0519,r1_measured_01217,update,measured,52.4784,5.7563,1,33.7263,4.6348,24.4658,ok,0.3531
264.8129,663,,,1.3638,,,,,,268.9929,r1_measured_01218,read,measured,,,,,2.389,,ok,0.3517
219.3688,509,,,0.6162,,,,,,224.5632,r1_measured_01219,read,measured,,,,,4.1562,,ok,0.3506
266.8829,688,,,0.6053,,,,,,271.6215,r1_measured_01220,read,measured,,,,,3.7031,,ok,0.3494
139.2642,369,,,0.3228,,,,,,141.5145,r1_measured_01221,read,measured,,,,,1.5242,,ok,0.3397
256.8384,679,,,0.6949,,,,,,264.3244,r1_measured_01222,read,measured,,,,,6.3736,,ok,0.3373
144.339,369,,,0.2622,,,,,,146.1165,r1_measured_01223,read,measured,,,,,1.0756,,ok,0.3508
220.3337,567,,,0.9034,,,,,,225.373,r1_measured_01224,read,measured,,,,,3.7146,,ok,0.3542
252.2411,689,,,0.6547,,,,,,257.1697,r1_measured_01225,read,measured,,,,,3.8516,,ok,0.3383
245.3651,673,,,0.5632,,,,,,248.92,r1_measured_01226,read,measured,,,,,2.5906,,ok,0.3302
259.5346,685,,,0.5657,,,,,,264.3295,r1_measured_01227,read,measured,,,,,3.8004,,ok,0.352
253.8802,689,,,0.858,,,,,,262.7196,r1_measured_01228,read,measured,,,,,7.569,,ok,0.3328
159.2855,418,,,0.2649,,,,,,162.5513,r1_measured_01229,read,measured,,,,,2.6216,,ok,0.3255
244.5965,674,,,0.6387,,,,,,248.5337,r1_measured_01230,read,measured,,,,,2.8878,,ok,0.3287
202.3728,567,,,0.5866,,,,,,206.2757,r1_measured_01231,read,measured,,,,,2.9216,,ok,0.3296
266.2572,663,,,0.6673,,,,,,270.5829,r1_measured_01232,read,measured,,,,,3.2232,,ok,0.3501
277.658,678,,,1.2731,,,,,,281.2357,r1_measured_01233,read,measured,,,,,1.8382,,ok,0.3338
268.4335,687,,,1.6979,,,,,,276.2708,r1_measured_01234,read,measured,,,,,5.7567,,ok,0.3107
124.8677,368,,,0.2179,,,,,,126.4451,r1_measured_01235,read,measured,,,,,0.9859,,ok,0.3199
269.3721,681,,,0.7647,,,,,,271.7007,r1_measured_01236,read,measured,,,,,1.1396,,ok,0.3443
268.2226,676,,,0.5139,,,,,,273.8434,r1_measured_01237,read,measured,,,,,4.7035,,ok,0.3381
274.9954,662,,,0.599,,,,,,277.9115,r1_measured_01238,read,measured,,,,,1.8919,,ok,0.3584
231.1754,567,,,0.5136,,,,,,234.3926,r1_measured_01239,read,measured,,,,,2.2854,,ok,0.3433
331.9642,624,230.8711,4.2398,0.6337,45.9856,1,4.2372,1,27.0829,338.0783,r1_measured_01240,update,measured,22.8431,6.1141,1,0.0077,5.0743,28.0169,ok,0.3263
194.2058,507,,,0.5375,,,,,,200.4768,r1_measured_01241,read,measured,,,,,5.3213,,ok,0.3369
246.6108,681,,,0.6578,,,,,,252.5104,r1_measured_01242,read,measured,,,,,4.8076,,ok,0.3505
125.2091,369,,,0.2466,,,,,,127.3367,r1_measured_01243,read,measured,,,,,1.4903,,ok,0.3287
239.2021,679,,,0.6044,,,,,,244.9261,r1_measured_01244,read,measured,,,,,4.7001,,ok,0.3409
223.0882,629,,,0.5883,,,,,,226.1037,r1_measured_01245,read,measured,,,,,1.9961,,ok,0.3529
234.8775,629,,,0.6021,,,,,,238.854,r1_measured_01246,read,measured,,,,,2.9284,,ok,0.3583
240.1944,677,,,0.6034,,,,,,247.9294,r1_measured_01247,read,measured,,,,,6.7136,,ok,0.344
234.4534,674,,,0.5952,,,,,,238.4029,r1_measured_01248,read,measured,,,,,2.9532,,ok,0.3331
247.6799,689,,,0.6601,,,,,,251.7949,r1_measured_01249,read,measured,,,,,3.0404,,ok,0.3355
251.9597,677,,,0.854,,,,,,257.9035,r1_measured_01250,read,measured,,,,,4.6217,,ok,0.3768
269.8315,661,,,0.7591,,,,,,276.1868,r1_measured_01251,read,measured,,,,,5.1763,,ok,0.3474
138.7409,369,,,0.4011,,,,,,141.2741,r1_measured_01252,read,measured,,,,,1.7093,,ok,0.3544
275.9408,688,,,0.6376,,,,,,282.0355,r1_measured_01253,read,measured,,,,,4.8957,,ok,0.4672
274.1621,663,,,0.6459,,,,,,281.6944,r1_measured_01254,read,measured,,,,,6.438,,ok,0.3638
279.2976,680,,,0.6032,,,,,,283.7819,r1_measured_01255,read,measured,,,,,3.4456,,ok,0.3587
202.7335,509,,,0.8797,,,,,,207.6304,r1_measured_01256,read,measured,,,,,3.5605,,ok,0.3747
269.819,680,,,0.7214,,,,,,275.1719,r1_measured_01257,read,measured,,,,,4.1903,,ok,0.3625
379.2625,689,258.5596,7.5301,0.6788,53.1305,1,7.5281,1,26.9569,385.9573,r1_measured_01258,update,measured,19.4268,6.6948,1,14.1303,5.5775,26.4852,ok,0.3537
266.5434,673,,,0.6443,,,,,,270.9509,r1_measured_01259,read,measured,,,,,3.315,,ok,0.3622
243.6265,663,,,0.6214,,,,,,247.2754,r1_measured_01260,read,measured,,,,,2.5993,,ok,0.3488
256.8806,674,,,0.9059,,,,,,262.0711,r1_measured_01261,read,measured,,,,,3.8524,,ok,0.3564
249.5025,689,,,1.0566,,,,,,253.641,r1_measured_01262,read,measured,,,,,2.6688,,ok,0.3329
261.2798,686,,,0.6708,,,,,,266.483,r1_measured_01263,read,measured,,,,,4.1165,,ok,0.3355
253.4943,663,,,0.573,,,,,,258.3452,r1_measured_01264,read,measured,,,,,3.8307,,ok,0.3558
247.2894,678,,,0.6006,,,,,,252.4142,r1_measured_01265,read,measured,,,,,4.1088,,ok,0.3367
260.6151,674,,,0.7786,,,,,,264.2293,r1_measured_01266,read,measured,,,,,2.41,,ok,0.3459
188.7714,508,,,0.5682,,,,,,192.312,r1_measured_01267,read,measured,,,,,2.5574,,ok,0.343
262.1945,680,,,0.9259,,,,,,268.8928,r1_measured_01268,read,measured,,,,,5.3145,,ok,0.3728
136.8161,368,,,0.3077,,,,,,138.7597,r1_measured_01269,read,measured,,,,,1.2409,,ok,0.3259
261.0789,689,,,0.6347,,,,,,266.0722,r1_measured_01270,read,measured,,,,,3.8617,,ok,0.4032
265.4127,680,,,1.1239,,,,,,272.3235,r1_measured_01271,read,measured,,,,,5.3235,,ok,0.3747
264.051,663,,,0.8082,,,,,,268.2927,r1_measured_01272,read,measured,,,,,2.9646,,ok,0.3811
260.4995,673,,,0.5828,,,,,,265.9995,r1_measured_01273,read,measured,,,,,4.4498,,ok,0.3749
279.4056,680,,,0.6952,,,,,,287.4153,r1_measured_01274,read,measured,,,,,6.8659,,ok,0.3665
246.1062,624,,,0.6109,,,,,,251.6795,r1_measured_01275,read,measured,,,,,4.5011,,ok,0.3795
237.4771,564,,,0.6145,,,,,,241.177,r1_measured_01276,read,measured,,,,,2.6458,,ok,0.3675
293.403,689,,,0.7202,,,,,,299.3591,r1_measured_01277,read,measured,,,,,4.7847,,ok,0.3707
286.5634,678,,,0.6033,,,,,,291.057,r1_measured_01278,read,measured,,,,,3.4668,,ok,0.3462
174.3655,419,,,0.327,,,,,,176.6328,r1_measured_01279,read,measured,,,,,1.5124,,ok,0.3548
144.6429,368,,,0.6045,,,,,,146.4808,r1_measured_01280,read,measured,,,,,0.7959,,ok,0.3677
211.1819,509,,,0.5567,,,,,,215.0301,r1_measured_01281,read,measured,,,,,2.7868,,ok,0.4181
257.0826,681,,,0.8198,,,,,,260.8969,r1_measured_01282,read,measured,,,,,2.5767,,ok,0.3406
252.749,674,,,0.6374,,,,,,258.1537,r1_measured_01283,read,measured,,,,,4.3797,,ok,0.3226
252.5379,680,,,0.5457,,,,,,257.1342,r1_measured_01284,read,measured,,,,,3.6097,,ok,0.3679
247.6503,681,,,0.7526,,,,,,252.093,r1_measured_01285,read,measured,,,,,3.2823,,ok,0.3277
233.4631,628,,,0.6355,,,,,,239.4285,r1_measured_01286,read,measured,,,,,4.8866,,ok,0.3724
214.7825,568,,,0.5254,,,,,,219.0597,r1_measured_01287,read,measured,,,,,3.348,,ok,0.3298
150.5503,419,,,0.2802,,,,,,152.1738,r1_measured_01288,read,measured,,,,,0.9026,,ok,0.3785
238.757,673,,,0.8389,,,,,,244.332,r1_measured_01289,read,measured,,,,,4.2931,,ok,0.3647
227.0156,627,,,0.7733,,,,,,229.655,r1_measured_01290,read,measured,,,,,1.4236,,ok,0.3645
230.688,624,,,0.9915,,,,,,234.8292,r1_measured_01291,read,measured,,,,,2.6806,,ok,0.3861
241.6521,679,,,0.8403,,,,,,245.5369,r1_measured_01292,read,measured,,,,,2.5913,,ok,0.3698
255.7457,662,,,0.6751,,,,,,259.3808,r1_measured_01293,read,measured,,,,,2.4845,,ok,0.3922
258.8323,663,,,0.856,,,,,,261.7247,r1_measured_01294,read,measured,,,,,1.5218,,ok,0.4193
273.0267,689,,,0.7574,,,,,,281.3932,r1_measured_01295,read,measured,,,,,7.1323,,ok,0.3791
271.3937,674,,,0.6014,,,,,,275.8968,r1_measured_01296,read,measured,,,,,3.3648,,ok,0.3622
261.1283,674,,,1.5132,,,,,,271.4948,r1_measured_01297,read,measured,,,,,8.3975,,ok,0.3724
262.1229,627,,,0.9473,,,,,,272.2009,r1_measured_01298,read,measured,,,,,8.6175,,ok,0.4278
294.2307,678,,,0.9232,,,,,,301.4086,r1_measured_01299,read,measured,,,,,5.7928,,ok,0.3786
279.4314,680,,,0.8412,,,,,,285.4477,r1_measured_01300,read,measured,,,,,4.713,,ok,0.3736
153.089,366,,,0.4891,,,,,,156.7245,r1_measured_01301,read,measured,,,,,2.0787,,ok,0.9853
297.4994,689,,,0.7721,,,,,,305.9044,r1_measured_01302,read,measured,,,,,7.1412,,ok,0.3978
192.2057,418,,,0.2945,,,,,,194.5429,r1_measured_01303,read,measured,,,,,1.624,,ok,0.3522
284.9134,629,,,1.8159,,,,,,294.2695,r1_measured_01304,read,measured,,,,,7.0431,,ok,0.4104
285.8645,628,,,0.6332,,,,,,289.2163,r1_measured_01305,read,measured,,,,,2.2568,,ok,0.3819
317.6916,628,,,0.5717,,,,,,321.4704,r1_measured_01306,read,measured,,,,,2.7516,,ok,0.3783
187.8958,417,,,0.2899,,,,,,190.3691,r1_measured_01307,read,measured,,,,,1.7475,,ok,0.3679
296.2642,567,,,0.6511,,,,,,299.8247,r1_measured_01308,read,measured,,,,,2.4839,,ok,0.3567
347.1586,680,,,0.5423,,,,,,351.0405,r1_measured_01309,read,measured,,,,,2.8417,,ok,0.419
296.6863,568,,,0.6519,,,,,,302.4945,r1_measured_01310,read,measured,,,,,4.6805,,ok,0.3849
283.2777,567,,,0.4495,,,,,,286.8795,r1_measured_01311,read,measured,,,,,2.7294,,ok,0.35
300.5394,674,,,0.6194,,,,,,303.9017,r1_measured_01312,read,measured,,,,,2.3211,,ok,0.3459
319.6052,680,,,0.6577,,,,,,325.026,r1_measured_01313,read,measured,,,,,4.3216,,ok,0.3575
307.2622,418,158.8371,10.0539,0.2858,38.9864,1,10.0518,1,73.4852,308.7725,r1_measured_01314,update,measured,63.4313,1.5103,1,15.2711,0.845,20.6824,ok,0.3254
298.7873,627,,,0.5588,,,,,,304.1572,r1_measured_01315,read,measured,,,,,4.4295,,ok,0.3185
291.3954,674,,,0.9745,,,,,,296.7992,r1_measured_01316,read,measured,,,,,4.0238,,ok,0.3321
293.3994,680,,,0.6494,,,,,,300.7703,r1_measured_01317,read,measured,,,,,6.2856,,ok,0.3633
125.9494,368,,,0.289,,,,,,127.5173,r1_measured_01318,read,measured,,,,,0.8942,,ok,0.3277
292.0189,662,,,0.6403,,,,,,298.4682,r1_measured_01319,read,measured,,,,,5.3547,,ok,0.3733
277.2603,675,,,0.6061,,,,,,282.8789,r1_measured_01320,read,measured,,,,,4.5597,,ok,0.3736
251.6845,568,,,0.6905,,,,,,257.9533,r1_measured_01321,read,measured,,,,,5.1377,,ok,0.3673
366.2918,687,241.7109,3.6963,0.5554,53.9061,1,3.6943,1,34.5449,371.763,r1_measured_01322,update,measured,30.8486,5.4712,1,0.0166,4.4949,36.1133,ok,0.3461
245.9466,568,,,0.6302,,,,,,250.5954,r1_measured_01323,read,measured,,,,,3.5779,,ok,0.3607
248.9921,663,,,0.6249,,,,,,256.1215,r1_measured_01324,read,measured,,,,,6.0725,,ok,0.3538
181.0187,507,,,0.9706,,,,,,186.8112,r1_measured_01325,read,measured,,,,,4.385,,ok,0.3622
235.182,627,,,0.4843,,,,,,243.4377,r1_measured_01326,read,measured,,,,,7.3741,,ok,0.3343
156.9935,418,,,0.3061,,,,,,158.6166,r1_measured_01327,read,measured,,,,,0.894,,ok,0.3621
264.9151,674,,,0.6802,,,,,,270.9003,r1_measured_01328,read,measured,,,,,4.9051,,ok,0.3233
143.0747,368,,,0.2457,,,,,,144.7832,r1_measured_01329,read,measured,,,,,1.0588,,ok,0.3409
232.5759,627,,,0.5762,,,,,,239.1755,r1_measured_01330,read,measured,,,,,5.4842,,ok,0.4483
220.6275,568,,,0.6969,,,,,,226.3392,r1_measured_01331,read,measured,,,,,4.6107,,ok,0.3292
247.7877,629,,,0.6355,,,,,,253.0941,r1_measured_01332,read,measured,,,,,4.231,,ok,0.3487
226.2278,568,,,0.966,,,,,,231.8853,r1_measured_01333,read,measured,,,,,4.2809,,ok,0.3419
167.8405,418,,,0.3026,,,,,,169.7106,r1_measured_01334,read,measured,,,,,1.1079,,ok,0.3921
292.9544,680,,,0.5308,,,,,,295.2105,r1_measured_01335,read,measured,,,,,1.3052,,ok,0.3502
285.4045,677,,,0.631,,,,,,290.9494,r1_measured_01336,read,measured,,,,,4.4632,,ok,0.3775
261.3744,629,,,0.5658,,,,,,265.5695,r1_measured_01337,read,measured,,,,,3.1599,,ok,0.3973
286.4794,680,,,0.6336,,,,,,292.108,r1_measured_01338,read,measured,,,,,4.5779,,ok,0.3497
275.9279,680,,,2.1372,,,,,,284.0217,r1_measured_01339,read,measured,,,,,5.5413,,ok,0.3386
209.649,509,,,0.539,,,,,,214.8299,r1_measured_01340,read,measured,,,,,4.2009,,ok,0.3646
230.7805,568,,,0.7524,,,,,,235.1419,r1_measured_01341,read,measured,,,,,3.2016,,ok,0.3336
381.7188,680,257.4406,5.2377,0.6904,53.8487,1,5.2357,1,22.9847,386.0785,r1_measured_01342,update,measured,17.747,4.3597,1,21.5428,3.2256,25.902,ok,0.3581
241.6225,679,,,0.6233,,,,,,246.0631,r1_measured_01343,read,measured,,,,,3.2874,,ok,0.4357
175.5401,509,,,0.6063,,,,,,180.3592,r1_measured_01344,read,measured,,,,,3.8125,,ok,0.3299
204.7172,568,,,0.5446,,,,,,208.8492,r1_measured_01345,read,measured,,,,,3.1769,,ok,0.3441
237.014,627,,,0.6159,,,,,,240.9857,r1_measured_01346,read,measured,,,,,2.9311,,ok,0.3483
228.7698,629,,,0.4508,,,,,,232.1054,r1_measured_01347,read,measured,,,,,2.4922,,ok,0.3211
239.801,663,,,0.699,,,,,,245.9127,r1_measured_01348,read,measured,,,,,4.9827,,ok,0.346
127.8134,366,,,0.2816,,,,,,129.5654,r1_measured_01349,read,measured,,,,,1.0606,,ok,0.3414
221.7029,567,,,0.6188,,,,,,226.401,r1_measured_01350,read,measured,,,,,3.638,,ok,0.365
231.2789,627,,,0.6273,,,,,,233.9563,r1_measured_01351,read,measured,,,,,1.6242,,ok,0.3447
255.8484,627,,,0.7706,,,,,,261.7677,r1_measured_01352,read,measured,,,,,4.718,,ok,0.3613
277.4578,674,,,0.6107,,,,,,281.5305,r1_measured_01353,read,measured,,,,,3.0467,,ok,0.3476
277.1741,689,,,0.6411,,,,,,282.9681,r1_measured_01354,read,measured,,,,,4.7419,,ok,0.3414
153.5132,417,,,0.2784,,,,,,155.154,r1_measured_01355,read,measured,,,,,0.9698,,ok,0.3314
284.1181,675,,,0.7386,,,,,,288.6657,r1_measured_01356,read,measured,,,,,3.335,,ok,0.3904
181.2255,417,,,0.4046,,,,,,183.1898,r1_measured_01357,read,measured,,,,,1.1474,,ok,0.346
242.8162,567,,,0.486,,,,,,245.8972,r1_measured_01358,read,measured,,,,,2.151,,ok,0.3752
290.2247,509,186.5355,4.8147,0.6093,47.5052,1,4.8127,1,28.9414,298.1004,r1_measured_01359,update,measured,24.1267,7.8757,1,0.0074,6.8474,27.2352,ok,0.3547
264.5682,663,,,0.6654,,,,,,269.2072,r1_measured_01360,read,measured,,,,,3.5427,,ok,0.3533
253.0161,680,,,0.6473,,,,,,255.8184,r1_measured_01361,read,measured,,,,,1.7084,,ok,0.3738
254.0289,674,,,0.6194,,,,,,257.5869,r1_measured_01362,read,measured,,,,,2.4932,,ok,0.3609
210.723,568,,,0.5732,,,,,,215.0288,r1_measured_01363,read,measured,,,,,3.3052,,ok,0.3598
240.3164,627,,,0.5268,,,,,,246.5814,r1_measured_01364,read,measured,,,,,5.3264,,ok,0.3381
195.6707,508,,,0.6731,,,,,,199.0998,r1_measured_01365,read,measured,,,,,2.3049,,ok,0.3779
215.7554,568,,,0.5303,,,,,,222.3946,r1_measured_01366,read,measured,,,,,5.6883,,ok,0.3467
246.5708,629,,,0.6399,,,,,,250.5061,r1_measured_01367,read,measured,,,,,2.8576,,ok,0.3562
252.7297,629,,,0.9219,,,,,,256.9941,r1_measured_01368,read,measured,,,,,2.9158,,ok,0.3543
262.6211,680,,,0.5663,,,,,,267.0977,r1_measured_01369,read,measured,,,,,3.4933,,ok,0.3361
140.2306,368,,,0.5417,,,,,,142.4546,r1_measured_01370,read,measured,,,,,1.2726,,ok,0.3481
155.3522,419,,,0.3164,,,,,,157.455,r1_measured_01371,read,measured,,,,,1.2931,,ok,0.4036
261.1222,679,,,0.5269,,,,,,264.9929,r1_measured_01372,read,measured,,,,,2.9445,,ok,0.3256
155.7705,417,,,0.7206,,,,,,157.7632,r1_measured_01373,read,measured,,,,,0.7953,,ok,0.3851
191.4405,508,,,0.706,,,,,,195.2389,r1_measured_01374,read,measured,,,,,2.6606,,ok,0.3516
217.3931,567,,,0.5544,,,,,,219.8364,r1_measured_01375,read,measured,,,,,1.4669,,ok,0.3432
155.1524,418,,,0.2698,,,,,,157.3958,r1_measured_01376,read,measured,,,,,1.5671,,ok,0.3386
234.2727,677,,,0.7424,,,,,,239.5385,r1_measured_01377,read,measured,,,,,4.0485,,ok,0.3804
234.05,627,,,0.5421,,,,,,240.0825,r1_measured_01378,read,measured,,,,,5.079,,ok,0.3359
245.6507,678,,,0.8794,,,,,,252.4896,r1_measured_01379,read,measured,,,,,5.548,,ok,0.3335
247.9394,679,,,0.5186,,,,,,254.1624,r1_measured_01380,read,measured,,,,,5.3079,,ok,0.3329
252.5821,681,,,0.6011,,,,,,256.5948,r1_measured_01381,read,measured,,,,,3.0031,,ok,0.338
214.2285,567,,,0.6642,,,,,,217.5435,r1_measured_01382,read,measured,,,,,2.227,,ok,0.3493
239.4245,678,,,0.5791,,,,,,243.3893,r1_measured_01383,read,measured,,,,,2.9298,,ok,0.3722
136.126,369,,,0.243,,,,,,138.71,r1_measured_01384,read,measured,,,,,1.9411,,ok,0.3494
243.7127,680,,,0.6691,,,,,,247.6969,r1_measured_01385,read,measured,,,,,2.8267,,ok,0.4102
241.4521,680,,,1.0446,,,,,,246.8712,r1_measured_01386,read,measured,,,,,3.9799,,ok,0.3306
245.5733,662,,,0.6165,,,,,,247.8448,r1_measured_01387,read,measured,,,,,1.2671,,ok,0.3218
230.3545,628,,,0.5205,,,,,,235.9859,r1_measured_01388,read,measured,,,,,4.7123,,ok,0.3214
240.5535,680,,,0.7072,,,,,,243.0849,r1_measured_01389,read,measured,,,,,1.3939,,ok,0.3346
238.6666,663,,,1.469,,,,,,243.0062,r1_measured_01390,read,measured,,,,,2.4797,,ok,0.3288
222.8279,627,,,0.7998,,,,,,232.9167,r1_measured_01391,read,measured,,,,,8.8592,,ok,0.3625
175.3526,508,,,0.7765,,,,,,183.9198,r1_measured_01392,read,measured,,,,,7.4086,,ok,0.3259
223.8862,568,,,0.5537,,,,,,228.0163,r1_measured_01393,read,measured,,,,,3.1188,,ok,0.3892
206.7753,509,,,0.5232,,,,,,210.3929,r1_measured_01394,read,measured,,,,,2.574,,ok,0.4504
264.047,679,,,0.9575,,,,,,269.7354,r1_measured_01395,read,measured,,,,,4.1906,,ok,0.4349
231.4891,624,,,0.649,,,,,,241.6377,r1_measured_01396,read,measured,,,,,9.0699,,ok,0.3589
215.8817,564,,,0.5454,,,,,,221.7552,r1_measured_01397,read,measured,,,,,4.9454,,ok,0.3144
267.9414,663,,,1.019,,,,,,272.1018,r1_measured_01398,read,measured,,,,,2.6799,,ok,0.39
194.9833,509,,,0.8186,,,,,,198.9375,r1_measured_01399,read,measured,,,,,2.738,,ok,0.3277
379.8057,680,259.1461,6.8875,0.5959,47.4001,0,6.8851,1,33.0372,383.7669,r1_measured_01400,update,measured,26.1497,3.9612,1,16.3241,2.9438,23.8982,ok,0.3415
245.217,624,,,0.6655,,,,,,250.1067,r1_measured_01401,read,measured,,,,,3.7175,,ok,0.3939
248.4673,624,,,0.7731,,,,,,253.4091,r1_measured_01402,read,measured,,,,,3.713,,ok,0.3876
272.1355,689,,,0.727,,,,,,276.5645,r1_measured_01403,read,measured,,,,,3.2801,,ok,0.3558
149.7912,369,,,0.2334,,,,,,151.7359,r1_measured_01404,read,measured,,,,,1.3151,,ok,0.3281
226.5946,369,140.8493,4.7319,0.2871,26.2216,1,4.7295,1,26.639,228.2558,r1_measured_01405,update,measured,21.9071,1.6612,1,14.6499,0.9849,18.2348,ok,0.3316
217.7847,568,,,0.6339,,,,,,225.1371,r1_measured_01406,read,measured,,,,,6.3095,,ok,0.3388
185.4042,509,,,0.5652,,,,,,189.8405,r1_measured_01407,read,measured,,,,,3.4703,,ok,0.3369
248.2732,673,,,0.7289,,,,,,251.954,r1_measured_01408,read,measured,,,,,2.5138,,ok,0.3542
249.3637,678,,,0.6807,,,,,,253.6489,r1_measured_01409,read,measured,,,,,3.1705,,ok,0.3672
149.8569,419,,,0.2962,,,,,,152.4211,r1_measured_01410,read,measured,,,,,1.8593,,ok,0.3369
159.0497,418,,,0.4908,,,,,,160.911,r1_measured_01411,read,measured,,,,,0.9689,,ok,0.3362
135.2236,368,,,0.2545,,,,,,137.0918,r1_measured_01412,read,measured,,,,,1.22,,ok,0.3294
175.0882,509,,,0.8258,,,,,,183.2977,r1_measured_01413,read,measured,,,,,6.9702,,ok,0.3488
148.9612,417,,,0.3173,,,,,,151.6101,r1_measured_01414,read,measured,,,,,1.9462,,ok,0.323
182.6298,508,,,0.6371,,,,,,186.5708,r1_measured_01415,read,measured,,,,,2.8928,,ok,0.345
302.355,689,,,0.5975,,,,,,305.6349,r1_measured_01416,read,measured,,,,,2.2266,,ok,0.372
299.368,674,,,0.7804,,,,,,307.3084,r1_measured_01417,read,measured,,,,,6.6718,,ok,0.3848
195.6151,417,,,0.4502,,,,,,197.6259,r1_measured_01418,read,measured,,,,,1.1709,,ok,0.3243
286.8183,663,,,0.6,,,,,,291.8897,r1_measured_01419,read,measured,,,,,4.0478,,ok,0.3436
272.1082,627,,,0.6324,,,,,,276.9318,r1_measured_01420,read,measured,,,,,3.7649,,ok,0.3435
289.3768,671,,,0.625,,,,,,294.1676,r1_measured_01421,read,measured,,,,,3.7453,,ok,0.3461
181.5099,417,,,0.2877,,,,,,183.2569,r1_measured_01422,read,measured,,,,,1.0462,,ok,0.3466
260.6985,629,,,0.6096,,,,,,265.2164,r1_measured_01423,read,measured,,,,,3.4878,,ok,0.3427
233.0889,627,,,0.8468,,,,,,238.3671,r1_measured_01424,read,measured,,,,,3.8815,,ok,0.4368
293.5214,687,,,0.6409,,,,,,297.6532,r1_measured_01425,read,measured,,,,,3.0924,,ok,0.3312
230.2518,566,,,1.884,,,,,,237.7933,r1_measured_01426,read,measured,,,,,5.1085,,ok,0.4535
210.4474,508,,,0.6795,,,,,,219.3597,r1_measured_01427,read,measured,,,,,7.7184,,ok,0.4284
300.0844,680,,,0.6835,,,,,,304.5916,r1_measured_01428,read,measured,,,,,3.3017,,ok,0.3557
225.2062,509,,,0.4788,,,,,,230.7413,r1_measured_01429,read,measured,,,,,4.6687,,ok,0.3315
270.9962,628,,,0.8061,,,,,,273.9416,r1_measured_01430,read,measured,,,,,1.6593,,ok,0.4095
202.531,417,,,0.3182,,,,,,204.3461,r1_measured_01431,read,measured,,,,,1.0628,,ok,0.3785
426.5503,681,266.0347,7.1372,0.7316,51.8609,0,7.1349,1,36.1835,430.9631,r1_measured_01432,update,measured,29.0463,4.4128,1,46.2783,3.2192,26.1929,ok,0.3876
271.5595,678,,,0.7348,,,,,,278.5767,r1_measured_01433,read,measured,,,,,5.8677,,ok,0.3468
265.189,680,,,0.8369,,,,,,270.0461,r1_measured_01434,read,measured,,,,,3.5209,,ok,0.4128
197.1777,567,,,0.6548,,,,,,201.0046,r1_measured_01435,read,measured,,,,,2.7006,,ok,0.3812
175.4073,509,,,0.5986,,,,,,182.0311,r1_measured_01436,read,measured,,,,,5.5931,,ok,0.3518
125.3503,369,,,0.2622,,,,,,128.3489,r1_measured_01437,read,measured,,,,,2.3341,,ok,0.3405
192.2784,509,,,0.5266,,,,,,196.0825,r1_measured_01438,read,measured,,,,,2.8684,,ok,0.3378
233.7863,629,,,0.7937,,,,,,238.7341,r1_measured_01439,read,measured,,,,,3.7502,,ok,0.3386
155.1509,418,,,0.2908,,,,,,156.8072,r1_measured_01440,read,measured,,,,,0.9528,,ok,0.3502
249.3314,689,,,0.789,,,,,,253.4912,r1_measured_01441,read,measured,,,,,2.9217,,ok,0.3677
142.9367,366,,,0.2503,,,,,,144.8104,r1_measured_01442,read,measured,,,,,1.233,,ok,0.3316
262.3854,686,,,0.639,,,,,,266.6279,r1_measured_01443,read,measured,,,,,3.1992,,ok,0.3337
252.1113,680,,,0.5522,,,,,,257.6086,r1_measured_01444,read,measured,,,,,4.5307,,ok,0.3352
256.2466,663,,,1.0853,,,,,,261.1556,r1_measured_01445,read,measured,,,,,3.3066,,ok,0.4218
281.7345,671,,,0.7092,,,,,,286.5695,r1_measured_01446,read,measured,,,,,3.643,,ok,0.3931
247.1204,568,,,0.5459,,,,,,250.9742,r1_measured_01447,read,measured,,,,,2.873,,ok,0.3637
133.4599,369,,,0.4948,,,,,,136.178,r1_measured_01448,read,measured,,,,,1.7913,,ok,0.3647
290.4977,675,,,1.2885,,,,,,296.8384,r1_measured_01449,read,measured,,,,,4.4807,,ok,0.4689
298.8268,629,,,0.7071,,,,,,304.5168,r1_measured_01450,read,measured,,,,,4.4505,,ok,0.437
333.5576,680,,,0.9498,,,,,,344.4377,r1_measured_01451,read,measured,,,,,9.4227,,ok,0.4139
210.9283,417,,,0.5189,,,,,,213.5426,r1_measured_01452,read,measured,,,,,1.6331,,ok,0.3887
437.0453,688,316.4186,5.5434,1.042,68.2782,0,5.5401,1,25.1154,440.0749,r1_measured_01453,update,measured,19.572,3.0296,1,0.0054,1.4924,27.2277,ok,0.4061
326.2112,674,,,1.1642,,,,,,334.218,r1_measured_01454,read,measured,,,,,6.3546,,ok,0.4016
304.6665,661,,,0.7214,,,,,,309.9655,r1_measured_01455,read,measured,,,,,4.1358,,ok,0.3629
304.4341,678,,,0.7214,,,,,,309.9572,r1_measured_01456,read,measured,,,,,4.2894,,ok,0.4259
269.8563,629,,,0.8096,,,,,,274.166,r1_measured_01457,read,measured,,,,,3.009,,ok,0.3994
300.4883,680,,,0.7022,,,,,,306.6619,r1_measured_01458,read,measured,,,,,5.0034,,ok,0.3806
245.5225,568,,,0.5919,,,,,,249.3742,r1_measured_01459,read,measured,,,,,2.7835,,ok,0.397
296.7055,675,,,0.6254,,,,,,300.1529,r1_measured_01460,read,measured,,,,,2.3772,,ok,0.3651
170.377,369,,,0.2812,,,,,,172.2279,r1_measured_01461,read,measured,,,,,1.1159,,ok,0.3878
277.9478,662,,,0.7654,,,,,,282.9329,r1_measured_01462,read,measured,,,,,3.7531,,ok,0.3772
178.5213,417,,,0.2924,,,,,,180.7442,r1_measured_01463,read,measured,,,,,1.5107,,ok,0.3531
274.2793,663,,,0.6743,,,,,,279.4293,r1_measured_01464,read,measured,,,,,3.9378,,ok,0.4344
252.6809,628,,,0.6364,,,,,,257.7811,r1_measured_01465,read,measured,,,,,4.0022,,ok,0.3785
294.0604,689,,,0.7851,,,,,,297.0108,r1_measured_01466,read,measured,,,,,1.6836,,ok,0.3915
285.3645,663,,,1.1344,,,,,,294.4391,r1_measured_01467,read,measured,,,,,6.8121,,ok,0.97
296.1677,678,,,0.9432,,,,,,305.7046,r1_measured_01468,read,measured,,,,,8.0861,,ok,0.412
288.6968,688,,,0.7233,,,,,,293.4479,r1_measured_01469,read,measured,,,,,3.565,,ok,0.3747
295.8072,679,,,0.6887,,,,,,299.7118,r1_measured_01470,read,measured,,,,,2.7506,,ok,0.381
306.5414,663,,,1.0225,,,,,,311.7023,r1_measured_01471,read,measured,,,,,3.6094,,ok,0.434
317.6022,679,,,0.9561,,,,,,326.5869,r1_measured_01472,read,measured,,,,,7.5221,,ok,0.4145
227.4643,509,,,0.6254,,,,,,234.9342,r1_measured_01473,read,measured,,,,,6.317,,ok,0.4408
310.1805,679,,,0.6611,,,,,,316.6505,r1_measured_01474,read,measured,,,,,5.3363,,ok,0.385
201.7585,418,,,0.3196,,,,,,203.9461,r1_measured_01475,read,measured,,,,,1.3669,,ok,0.4232
192.5621,418,,,0.4281,,,,,,194.665,r1_measured_01476,read,measured,,,,,1.2242,,ok,0.3845
295.329,679,,,0.6752,,,,,,304.1875,r1_measured_01477,read,measured,,,,,7.7875,,ok,0.3262
308.6436,680,,,0.8374,,,,,,313.1816,r1_measured_01478,read,measured,,,,,3.306,,ok,0.3274
285.756,680,,,0.6086,,,,,,289.568,r1_measured_01479,read,measured,,,,,2.77,,ok,0.3551
161.4514,369,,,0.2607,,,,,,163.5988,r1_measured_01480,read,measured,,,,,1.4924,,ok,0.331
145.4231,369,,,0.2456,,,,,,148.4407,r1_measured_01481,read,measured,,,,,2.3845,,ok,0.3284
266.6407,688,,,0.6803,,,,,,271.1115,r1_measured_01482,read,measured,,,,,3.3624,,ok,0.3469
165.5791,418,,,0.2727,,,,,,167.8295,r1_measured_01483,read,measured,,,,,1.4848,,ok,0.4213
279.8463,627,,,0.6846,,,,,,284.1531,r1_measured_01484,read,measured,,,,,3.2075,,ok,0.3398
275.2308,629,,,0.7521,,,,,,278.6704,r1_measured_01485,read,measured,,,,,2.2731,,ok,0.3453
238.9567,509,,,0.6099,,,,,,246.5008,r1_measured_01486,read,measured,,,,,6.4931,,ok,0.375
314.2425,675,,,0.8333,,,,,,318.6328,r1_measured_01487,read,measured,,,,,3.1332,,ok,0.346
280.1124,629,,,0.7139,,,,,,283.089,r1_measured_01488,read,measured,,,,,1.8235,,ok,0.3688
241.1406,509,,,0.5033,,,,,,247.6467,r1_measured_01489,read,measured,,,,,5.5639,,ok,0.3629
248.4028,369,170.2495,3.6624,0.3273,29.8575,1,3.6609,1,18.5098,250.7979,r1_measured_01490,update,measured,14.8474,2.3951,1,13.5312,1.6972,16.2548,ok,0.3194
410.5896,672,270.1203,5.9417,0.6208,58.3938,1,5.9398,1,31.8135,416.1978,r1_measured_01491,update,measured,25.8718,5.6082,1,24.5094,4.5699,25.7526,ok,0.3479
191.249,508,,,0.8978,,,,,,197.1785,r1_measured_01492,read,measured,,,,,4.5318,,ok,0.4123
285.6677,680,,,0.8323,,,,,,288.6095,r1_measured_01493,read,measured,,,,,1.6403,,ok,0.3574
260.1143,627,,,0.6719,,,,,,265.1661,r1_measured_01494,read,measured,,,,,3.9332,,ok,0.3686
155.7353,368,,,0.3581,,,,,,157.9972,r1_measured_01495,read,measured,,,,,1.4425,,ok,0.3866
272.2205,689,,,0.8086,,,,,,275.8814,r1_measured_01496,read,measured,,,,,2.3809,,ok,0.3827
252.0075,629,,,0.5572,,,,,,254.777,r1_measured_01497,read,measured,,,,,1.7998,,ok,0.3363
263.5234,687,,,0.6062,,,,,,270.4475,r1_measured_01498,read,measured,,,,,5.8913,,ok,0.3535
259.1375,677,,,0.856,,,,,,263.6862,r1_measured_01499,read,measured,,,,,3.2345,,ok,0.3681
270.0474,680,,,0.9706,,,,,,275.2114,r1_measured_01500,read,measured,,,,,3.6967,,ok,0.3982
290.537,688,,,0.7996,,,,,,294.3094,r1_measured_01501,read,measured,,,,,2.5329,,ok,0.3631
201.3438,568,,,0.6646,,,,,,204.2246,r1_measured_01502,read,measured,,,,,1.7352,,ok,0.3993
294.6567,686,,,0.6833,,,,,,297.981,r1_measured_01503,read,measured,,,,,2.2156,,ok,0.3554
218.2385,508,,,0.5654,,,,,,220.9876,r1_measured_01504,read,measured,,,,,1.7215,,ok,0.3849
278.5779,688,,,0.7376,,,,,,283.7658,r1_measured_01505,read,measured,,,,,4.0265,,ok,0.3399
180.1859,417,,,0.3418,,,,,,181.9515,r1_measured_01506,read,measured,,,,,0.9267,,ok,0.4112
383.8965,662,239.848,11.7726,0.6958,58.9116,0,11.77,1,37.2155,390.684,r1_measured_01507,update,measured,25.4429,6.7875,1,14.4142,5.5703,33.5072,ok,0.4366
175.6101,368,,,0.255,,,,,,177.7801,r1_measured_01508,read,measured,,,,,1.496,,ok,0.3557
279.0304,680,,,0.7966,,,,,,284.4427,r1_measured_01509,read,measured,,,,,4.1856,,ok,0.3443
253.0733,663,,,0.7167,,,,,,257.4765,r1_measured_01510,read,measured,,,,,3.2291,,ok,0.3787
141.3827,369,,,0.2618,,,,,,143.54,r1_measured_01511,read,measured,,,,,1.4695,,ok,0.36
154.0912,418,,,0.3752,,,,,,156.213,r1_measured_01512,read,measured,,,,,1.3192,,ok,0.358
251.8479,680,,,0.7961,,,,,,257.5998,r1_measured_01513,read,measured,,,,,4.443,,ok,0.4141
184.0558,509,,,0.6066,,,,,,187.6614,r1_measured_01514,read,measured,,,,,2.5836,,ok,0.3396
204.4666,509,,,0.6793,,,,,,209.8737,r1_measured_01515,read,measured,,,,,4.3393,,ok,0.3284
188.8141,509,,,1.1606,,,,,,195.2622,r1_measured_01516,read,measured,,,,,4.854,,ok,0.356
257.5419,685,,,0.8641,,,,,,263.949,r1_measured_01517,read,measured,,,,,5.0927,,ok,0.3606
308.3248,687,,,0.5761,,,,,,312.2131,r1_measured_01518,read,measured,,,,,2.8759,,ok,0.3387
265.4403,568,,,0.7033,,,,,,270.2982,r1_measured_01519,read,measured,,,,,3.7396,,ok,0.3431
298.0364,678,,,1.0357,,,,,,304.4191,r1_measured_01520,read,measured,,,,,4.7352,,ok,0.4709
334.0314,687,,,0.6004,,,,,,337.3909,r1_measured_01521,read,measured,,,,,2.3626,,ok,0.3291
328.6909,687,,,0.5646,,,,,,333.6301,r1_measured_01522,read,measured,,,,,3.9791,,ok,0.3205
312.3882,661,,,0.7224,,,,,,318.1804,r1_measured_01523,read,measured,,,,,4.6749,,ok,0.327
180.0584,368,,,0.2255,,,,,,181.6308,r1_measured_01524,read,measured,,,,,0.99,,ok,0.3089
321.1124,678,,,0.8592,,,,,,327.8204,r1_measured_01525,read,measured,,,,,5.3575,,ok,0.3963
264.8802,662,,,0.6716,,,,,,267.4775,r1_measured_01526,read,measured,,,,,1.5238,,ok,0.3351
244.2438,627,,,0.563,,,,,,251.8284,r1_measured_01527,read,measured,,,,,6.5926,,ok,0.3575
324.24,568,213.1184,5.5443,0.7052,49.3054,1,5.5424,1,20.9957,330.4043,r1_measured_01528,update,measured,15.4514,6.1643,1,14.9487,5.004,25.8718,ok,0.3776
250.0785,627,,,1.0645,,,,,,254.0331,r1_measured_01529,read,measured,,,,,2.4581,,ok,0.3601
182.8387,509,,,0.4938,,,,,,188.3856,r1_measured_01530,read,measured,,,,,4.6539,,ok,0.3329
174.8517,509,,,0.6722,,,,,,179.5296,r1_measured_01531,read,measured,,,,,3.6198,,ok,0.3298
248.3803,662,,,0.7152,,,,,,253.5515,r1_measured_01532,read,measured,,,,,3.9608,,ok,0.3983
200.2327,509,,,0.5111,,,,,,206.8672,r1_measured_01533,read,measured,,,,,5.6499,,ok,0.3904
167.0657,416,,,0.3016,,,,,,169.5043,r1_measured_01534,read,measured,,,,,1.7131,,ok,0.3557
196.7164,508,,,0.4743,,,,,,202.579,r1_measured_01535,read,measured,,,,,4.9672,,ok,0.3568
257.3574,680,,,0.6554,,,,,,262.5273,r1_measured_01536,read,measured,,,,,4.1019,,ok,0.3383
252.3776,675,,,0.6993,,,,,,258.574,r1_measured_01537,read,measured,,,,,5.1001,,ok,0.3284
252.6378,680,,,0.6526,,,,,,256.9343,r1_measured_01538,read,measured,,,,,3.2362,,ok,0.3425
293.7457,677,,,0.7779,,,,,,300.7772,r1_measured_01539,read,measured,,,,,5.7311,,ok,0.4351
296.2555,676,,,0.6831,,,,,,299.4685,r1_measured_01540,read,measured,,,,,2.0715,,ok,0.3782
274.6099,629,,,0.5379,,,,,,276.5492,r1_measured_01541,read,measured,,,,,0.9784,,ok,0.353
290.8052,678,,,0.644,,,,,,297.0218,r1_measured_01542,read,measured,,,,,5.1312,,ok,0.3558
193.3624,417,,,0.3593,,,,,,195.4153,r1_measured_01543,read,measured,,,,,1.239,,ok,0.3922
270.4302,629,,,0.7895,,,,,,273.5242,r1_measured_01544,read,measured,,,,,1.8825,,ok,0.352
272.0361,663,,,0.6066,,,,,,279.8352,r1_measured_01545,read,measured,,,,,6.7266,,ok,0.388
385.4271,679,240.83,5.3367,0.6878,62.9467,1,5.3345,1,31.4878,392.0611,r1_measured_01546,update,measured,26.1511,6.634,1,20.1649,5.5102,29.9977,ok,0.3572
186.323,509,,,0.6495,,,,,,191.9972,r1_measured_01547,read,measured,,,,,4.5984,,ok,0.3539
131.5475,366,,,0.263,,,,,,133.8542,r1_measured_01548,read,measured,,,,,1.639,,ok,0.341
144.1863,417,,,0.3072,,,,,,146.8448,r1_measured_01549,read,measured,,,,,1.9449,,ok,0.3418
228.5623,627,,,0.5783,,,,,,236.414,r1_measured_01550,read,measured,,,,,6.8535,,ok,0.3412
265.8383,627,,,0.7685,,,,,,273.3603,r1_measured_01551,read,measured,,,,,6.3069,,ok,0.3665
282.0227,680,,,0.6889,,,,,,286.4541,r1_measured_01552,read,measured,,,,,3.3275,,ok,0.3349
220.8439,508,,,0.4653,,,,,,224.8266,r1_measured_01553,read,measured,,,,,3.075,,ok,0.3692
286.3602,685,,,0.5974,,,,,,290.3245,r1_measured_01554,read,measured,,,,,2.9582,,ok,0.3431
215.1953,509,,,0.8549,,,,,,219.3613,r1_measured_01555,read,measured,,,,,2.9272,,ok,0.3266
265.6813,662,,,0.7896,,,,,,270.3562,r1_measured_01556,read,measured,,,,,3.4663,,ok,0.3438
374.7249,689,255.2845,4.4302,0.6766,60.8292,0,4.4285,1,28.6385,378.4816,r1_measured_01557,update,measured,24.2083,3.7567,1,0.0061,2.6802,29.9666,ok,0.3324
184.5157,418,,,0.3561,,,,,,186.6307,r1_measured_01558,read,measured,,,,,1.3453,,ok,0.3425
192.9425,509,,,0.7362,,,,,,197.4726,r1_measured_01559,read,measured,,,,,3.3379,,ok,0.384
258.6323,680,,,1.4248,,,,,,266.3169,r1_measured_01560,read,measured,,,,,5.8605,,ok,0.3186
183.9351,509,,,0.8053,,,,,,188.406,r1_measured_01561,read,measured,,,,,3.2298,,ok,0.3589
185.0448,507,,,1.3512,,,,,,190.1424,r1_measured_01562,read,measured,,,,,3.3443,,ok,0.3398
245.5305,689,,,0.6059,,,,,,252.0941,r1_measured_01563,read,measured,,,,,5.5506,,ok,0.3294
150.9319,418,,,0.5132,,,,,,154.4987,r1_measured_01564,read,measured,,,,,2.6539,,ok,0.3427
249.2323,679,,,0.5955,,,,,,254.4796,r1_measured_01565,read,measured,,,,,4.2239,,ok,0.3551
156.7164,418,,,0.4554,,,,,,158.4907,r1_measured_01566,read,measured,,,,,0.9123,,ok,0.3409
228.4363,628,,,0.719,,,,,,233.5098,r1_measured_01567,read,measured,,,,,3.9281,,ok,0.3454
219.7299,629,,,0.588,,,,,,222.4652,r1_measured_01568,read,measured,,,,,1.6806,,ok,0.3887
249.2819,680,,,0.6168,,,,,,253.3513,r1_measured_01569,read,measured,,,,,3.0163,,ok,0.3603
210.7185,566,,,0.5921,,,,,,217.7778,r1_measured_01570,read,measured,,,,,6.0615,,ok,0.336
145.2455,418,,,0.4688,,,,,,147.1396,r1_measured_01571,read,measured,,,,,1.0159,,ok,0.3438
272.408,675,,,0.5884,,,,,,275.4106,r1_measured_01572,read,measured,,,,,1.9762,,ok,0.3536
228.2973,568,,,0.646,,,,,,231.4691,r1_measured_01573,read,measured,,,,,2.097,,ok,0.3501
259.5492,674,,,0.8765,,,,,,264.919,r1_measured_01574,read,measured,,,,,4.0703,,ok,0.3504
224.5607,567,,,0.5786,,,,,,227.4202,r1_measured_01575,read,measured,,,,,1.8452,,ok,0.3627
271.4118,679,,,0.8133,,,,,,276.6014,r1_measured_01576,read,measured,,,,,3.9626,,ok,0.3344
377.0492,677,258.2173,11.2522,0.9073,47.1639,1,11.2501,1,45.222,381.0737,r1_measured_01577,update,measured,33.9698,4.0245,1,0.0063,2.6849,26.4397,ok,0.3531
266.5861,678,,,0.561,,,,,,272.6142,r1_measured_01578,read,measured,,,,,4.938,,ok,0.4544
255.0761,629,,,0.618,,,,,,260.6028,r1_measured_01579,read,measured,,,,,4.4921,,ok,0.3422
163.1564,417,,,0.3385,,,,,,165.1302,r1_measured_01580,read,measured,,,,,1.2347,,ok,0.3413
254.4611,680,,,0.7237,,,,,,258.2589,r1_measured_01581,read,measured,,,,,2.6573,,ok,0.3398
161.0127,418,,,0.2761,,,,,,162.8676,r1_measured_01582,read,measured,,,,,1.1797,,ok,0.3339
158.4512,417,,,0.2796,,,,,,159.9631,r1_measured_01583,read,measured,,,,,0.8283,,ok,0.3429
237.4938,681,,,0.5968,,,,,,242.0902,r1_measured_01584,read,measured,,,,,3.5557,,ok,0.3752
211.6324,567,,,0.7796,,,,,,215.7932,r1_measured_01585,read,measured,,,,,2.9753,,ok,0.3338
230.0404,628,,,0.7043,,,,,,233.5673,r1_measured_01586,read,measured,,,,,2.3334,,ok,0.4091
242.7599,662,,,0.6193,,,,,,245.1178,r1_measured_01587,read,measured,,,,,1.2954,,ok,0.3612
247.4693,681,,,0.5532,,,,,,252.5169,r1_measured_01588,read,measured,,,,,4.0622,,ok,0.3489
234.4046,629,,,0.5632,,,,,,239.689,r1_measured_01589,read,measured,,,,,4.303,,ok,0.3497
252.5662,689,,,0.6869,,,,,,259.1576,r1_measured_01590,read,measured,,,,,5.4317,,ok,0.3879
261.5237,679,,,0.8382,,,,,,266.4894,r1_measured_01591,read,measured,,,,,3.687,,ok,0.3588
260.7249,680,,,0.6851,,,,,,264.9129,r1_measured_01592,read,measured,,,,,3.0819,,ok,0.3421
220.9376,567,,,0.5612,,,,,,224.7222,r1_measured_01593,read,measured,,,,,2.7985,,ok,0.3495
259.1415,680,,,0.6887,,,,,,266.114,r1_measured_01594,read,measured,,,,,5.7702,,ok,0.4152
259.7751,679,,,0.6626,,,,,,263.4827,r1_measured_01595,read,measured,,,,,2.5326,,ok,0.4329
238.3306,628,,,0.6856,,,,,,240.9169,r1_measured_01596,read,measured,,,,,1.4797,,ok,0.3462
237.8399,629,,,0.7713,,,,,,245.6958,r1_measured_01597,read,measured,,,,,6.5066,,ok,0.498
276.1392,680,,,0.5889,,,,,,282.963,r1_measured_01598,read,measured,,,,,5.8195,,ok,0.3351
284.0865,679,,,0.7933,,,,,,290.0463,r1_measured_01599,read,measured,,,,,4.5788,,ok,0.4861
269.6074,627,,,0.7364,,,,,,273.2396,r1_measured_01600,read,measured,,,,,2.4358,,ok,0.3781
291.9739,677,,,0.5901,,,,,,295.0751,r1_measured_01601,read,measured,,,,,2.0846,,ok,0.3508
390.6606,628,252.3226,18.2021,0.722,47.8156,1,18.1999,1,45.9007,397.0741,r1_measured_01602,update,measured,27.6986,6.4135,1,18.5372,5.0563,26.0845,ok,0.5579
294.4601,677,,,0.7506,,,,,,300.1564,r1_measured_01603,read,measured,,,,,4.5347,,ok,0.3384
273.7569,628,,,0.6427,,,,,,283.0109,r1_measured_01604,read,measured,,,,,8.212,,ok,0.3304
249.8633,568,,,0.6635,,,,,,252.9994,r1_measured_01605,read,measured,,,,,2.0804,,ok,0.3232
255.0952,674,,,0.8857,,,,,,260.5014,r1_measured_01606,read,measured,,,,,4.0939,,ok,0.3442
219.2967,568,,,0.4965,,,,,,224.2491,r1_measured_01607,read,measured,,,,,4.0647,,ok,0.3302
196.892,509,,,0.7226,,,,,,200.7647,r1_measured_01608,read,measured,,,,,2.7333,,ok,0.3554
247.7578,662,,,0.7642,,,,,,250.1964,r1_measured_01609,read,measured,,,,,1.2168,,ok,0.3857
272.3684,663,,,0.7288,,,,,,279.911,r1_measured_01610,read,measured,,,,,6.3413,,ok,0.382
187.4853,509,,,0.5944,,,,,,192.8291,r1_measured_01611,read,measured,,,,,4.3178,,ok,0.3581
153.6766,417,,,0.4279,,,,,,155.4785,r1_measured_01612,read,measured,,,,,0.9227,,ok,0.3862
345.5506,627,,,0.9861,,,,,,350.7406,r1_measured_01613,read,measured,,,,,3.6061,,ok,0.5043
301.3635,568,,,0.9999,,,,,,311.6808,r1_measured_01614,read,measured,,,,,8.7685,,ok,0.4646
310.0629,629,,,0.7688,,,,,,314.9724,r1_measured_01615,read,measured,,,,,3.6444,,ok,0.4055
350.2366,674,,,0.8987,,,,,,355.983,r1_measured_01616,read,measured,,,,,4.3507,,ok,0.3988
389.6516,681,,,0.8861,,,,,,396.3116,r1_measured_01617,read,measured,,,,,5.2569,,ok,0.42
389.5459,673,,,0.8212,,,,,,395.5887,r1_measured_01618,read,measured,,,,,4.6926,,ok,0.4355
400.0902,680,,,0.9483,,,,,,408.4913,r1_measured_01619,read,measured,,,,,6.9356,,ok,0.4205
383.6733,680,,,0.7492,,,,,,391.2064,r1_measured_01620,read,measured,,,,,6.3412,,ok,0.3633
340.3526,680,,,0.7779,,,,,,345.2286,r1_measured_01621,read,measured,,,,,3.5574,,ok,0.4394
271.2507,564,,,0.7511,,,,,,278.6334,r1_measured_01622,read,measured,,,,,6.0763,,ok,0.4595
250.5699,508,,,0.8687,,,,,,260.3157,r1_measured_01623,read,measured,,,,,8.3716,,ok,0.4227
201.7168,417,,,0.3041,,,,,,203.4896,r1_measured_01624,read,measured,,,,,1.031,,ok,0.3723
299.3594,681,,,0.8354,,,,,,306.2148,r1_measured_01625,read,measured,,,,,5.5687,,ok,0.3669
291.0451,689,,,0.6538,,,,,,295.7136,r1_measured_01626,read,measured,,,,,3.5601,,ok,0.3731
283.4791,674,,,0.7673,,,,,,286.928,r1_measured_01627,read,measured,,,,,2.2457,,ok,0.3633
178.2393,418,,,0.4698,,,,,,180.3665,r1_measured_01628,read,measured,,,,,1.2298,,ok,0.3635
263.7146,663,,,0.5761,,,,,,266.4853,r1_measured_01629,read,measured,,,,,1.7615,,ok,0.3561
274.4317,678,,,0.599,,,,,,277.8892,r1_measured_01630,read,measured,,,,,2.4257,,ok,0.3522
247.7968,628,,,0.7613,,,,,,253.388,r1_measured_01631,read,measured,,,,,4.379,,ok,0.3715
240.5942,629,,,0.661,,,,,,247.6161,r1_measured_01632,read,measured,,,,,5.9194,,ok,0.3621
258.833,679,,,0.9596,,,,,,263.8237,r1_measured_01633,read,measured,,,,,3.5756,,ok,0.3692
253.2581,673,,,0.5841,,,,,,255.9689,r1_measured_01634,read,measured,,,,,1.6918,,ok,0.3563
250.7571,681,,,0.6322,,,,,,254.5997,r1_measured_01635,read,measured,,,,,2.7955,,ok,0.337
145.2,369,,,0.2691,,,,,,147.1193,r1_measured_01636,read,measured,,,,,1.2566,,ok,0.3315
236.0035,627,,,0.5266,,,,,,239.4622,r1_measured_01637,read,measured,,,,,2.5303,,ok,0.3292
248.9808,680,,,0.7234,,,,,,257.2351,r1_measured_01638,read,measured,,,,,7.1051,,ok,0.3472
254.553,680,,,0.6159,,,,,,258.3584,r1_measured_01639,read,measured,,,,,2.6344,,ok,0.4656
185.4088,509,,,0.5958,,,,,,188.0724,r1_measured_01640,read,measured,,,,,1.6346,,ok,0.3539
255.5614,681,,,0.6918,,,,,,261.632,r1_measured_01641,read,measured,,,,,4.9456,,ok,0.3532
235.4751,679,,,0.5968,,,,,,238.5318,r1_measured_01642,read,measured,,,,,2.0401,,ok,0.34
237.5562,629,,,0.5079,,,,,,240.6238,r1_measured_01643,read,measured,,,,,2.1501,,ok,0.339
251.2949,677,,,0.6207,,,,,,256.6999,r1_measured_01644,read,measured,,,,,4.3639,,ok,0.3435
183.624,509,,,0.5687,,,,,,189.5159,r1_measured_01645,read,measured,,,,,4.9131,,ok,0.3415
240.2234,663,,,0.6104,,,,,,244.6025,r1_measured_01646,read,measured,,,,,3.3595,,ok,0.3313
231.8483,628,,,0.5939,,,,,,236.1757,r1_measured_01647,read,measured,,,,,3.3303,,ok,0.3373
250.2034,680,,,0.7158,,,,,,255.3468,r1_measured_01648,read,measured,,,,,4.0023,,ok,0.3532
158.8626,417,,,0.2668,,,,,,161.0313,r1_measured_01649,read,measured,,,,,1.4598,,ok,0.3779
248.294,674,,,0.7366,,,,,,252.4291,r1_measured_01650,read,measured,,,,,2.951,,ok,0.3656
185.2361,508,,,0.5824,,,,,,188.0082,r1_measured_01651,read,measured,,,,,1.7391,,ok,0.3713
187.5917,509,,,0.5695,,,,,,193.4668,r1_measured_01652,read,measured,,,,,4.7389,,ok,0.4937
235.1432,627,,,0.791,,,,,,241.8796,r1_measured_01653,read,measured,,,,,5.4663,,ok,0.3904
227.4588,629,,,0.5817,,,,,,232.5437,r1_measured_01654,read,measured,,,,,4.0704,,ok,0.3537
252.1688,689,,,0.7537,,,,,,256.6104,r1_measured_01655,read,measured,,,,,3.2493,,ok,0.3557
254.8816,688,,,0.6395,,,,,,258.4763,r1_measured_01656,read,measured,,,,,2.5146,,ok,0.3571
257.1398,678,,,0.6577,,,,,,260.6602,r1_measured_01657,read,measured,,,,,2.4178,,ok,0.356
266.017,689,,,0.8499,,,,,,272.2333,r1_measured_01658,read,measured,,,,,4.9487,,ok,0.3472
251.1025,680,,,0.6496,,,,,,255.1026,r1_measured_01659,read,measured,,,,,2.9187,,ok,0.3539
211.4782,568,,,0.5221,,,,,,221.2657,r1_measured_01660,read,measured,,,,,8.8476,,ok,0.3449
258.9541,681,,,0.6358,,,,,,262.8065,r1_measured_01661,read,measured,,,,,2.7712,,ok,0.3588
258.2829,689,,,0.6573,,,,,,264.1236,r1_measured_01662,read,measured,,,,,4.7473,,ok,0.3521
249.0913,673,,,0.5815,,,,,,252.5313,r1_measured_01663,read,measured,,,,,2.4051,,ok,0.365
247.5847,677,,,0.6361,,,,,,255.592,r1_measured_01664,read,measured,,,,,6.8791,,ok,0.4092
148.1435,418,,,0.2931,,,,,,150.3974,r1_measured_01665,read,measured,,,,,1.5461,,ok,0.3495
164.3637,417,,,0.3295,,,,,,168.2447,r1_measured_01666,read,measured,,,,,3.0325,,ok,0.3732
254.2089,662,,,0.521,,,,,,258.7827,r1_measured_01667,read,measured,,,,,3.5949,,ok,0.3695
243.572,680,,,0.6672,,,,,,248.5519,r1_measured_01668,read,measured,,,,,3.8772,,ok,0.3491
256.1676,663,,,0.659,,,,,,259.5456,r1_measured_01669,read,measured,,,,,2.2753,,ok,0.3628
253.2686,689,,,0.6148,,,,,,256.904,r1_measured_01670,read,measured,,,,,2.5932,,ok,0.3562
269.3857,688,,,0.5562,,,,,,271.7215,r1_measured_01671,read,measured,,,,,1.3344,,ok,0.3624
223.6177,624,,,0.5255,,,,,,226.0898,r1_measured_01672,read,measured,,,,,1.5141,,ok,0.3624
238.825,662,,,0.8142,,,,,,241.8901,r1_measured_01673,read,measured,,,,,1.7976,,ok,0.3547
184.7881,508,,,0.5786,,,,,,192.363,r1_measured_01674,read,measured,,,,,6.4893,,ok,0.4322
235.2829,628,,,0.765,,,,,,240.1847,r1_measured_01675,read,measured,,,,,3.6589,,ok,0.3901
253.1455,680,,,0.5832,,,,,,255.9643,r1_measured_01676,read,measured,,,,,1.8051,,ok,0.3534
173.2959,417,,,0.4488,,,,,,174.9913,r1_measured_01677,read,measured,,,,,0.8321,,ok,0.3506
275.6743,689,,,0.579,,,,,,280.7024,r1_measured_01678,read,measured,,,,,3.9653,,ok,0.4004
282.7683,673,,,0.5098,,,,,,285.4871,r1_measured_01679,read,measured,,,,,1.817,,ok,0.318
305.4793,689,,,0.7333,,,,,,310.633,r1_measured_01680,read,measured,,,,,3.9515,,ok,0.3833
275.1015,674,,,0.5773,,,,,,279.2642,r1_measured_01681,read,measured,,,,,3.1988,,ok,0.3175
272.4409,627,,,0.7793,,,,,,279.9284,r1_measured_01682,read,measured,,,,,6.2404,,ok,0.3862
336.9807,565,230.764,7.3572,0.6074,43.0363,0,7.3548,1,31.3413,340.9982,r1_measured_01683,update,measured,23.9841,4.0175,1,0.0067,2.9891,31.8324,ok,0.351
238.9374,508,,,0.5344,,,,,,242.1747,r1_measured_01684,read,measured,,,,,2.2785,,ok,0.346
297.3231,662,,,0.6274,,,,,,303.1906,r1_measured_01685,read,measured,,,,,4.8128,,ok,0.351
289.5213,680,,,0.9364,,,,,,292.3169,r1_measured_01686,read,measured,,,,,1.4074,,ok,0.3766
265.7813,679,,,0.656,,,,,,270.3497,r1_measured_01687,read,measured,,,,,3.4859,,ok,0.3518
339.6902,567,222.7551,3.5756,0.5808,47.9984,1,3.5733,1,26.9716,342.78,r1_measured_01688,update,measured,23.396,3.0898,1,15.6715,2.0554,26.2936,ok,0.3729
228.1106,565,,,0.6787,,,,,,234.5404,r1_measured_01689,read,measured,,,,,5.3116,,ok,0.3601
147.0017,368,,,0.2436,,,,,,148.7907,r1_measured_01690,read,measured,,,,,1.1604,,ok,0.3316
228.8661,565,,,0.7593,,,,,,233.7976,r1_measured_01691,read,measured,,,,,3.7164,,ok,0.3754
268.2326,678,,,0.6396,,,,,,273.3039,r1_measured_01692,read,measured,,,,,3.9623,,ok,0.3802
173.6226,418,,,0.3003,,,,,,175.9351,r1_measured_01693,read,measured,,,,,1.5896,,ok,0.3571
208.8324,509,,,0.5645,,,,,,212.4019,r1_measured_01694,read,measured,,,,,2.5722,,ok,0.3616
269.7247,677,,,0.5455,,,,,,278.0744,r1_measured_01695,read,measured,,,,,7.3969,,ok,0.3347
187.7007,629,,,0.5738,,,,,,190.4329,r1_measured_01696,read,measured,,,,,1.7161,,ok,0.3581
256.8392,680,,,0.712,,,,,,260.7357,r1_measured_01697,read,measured,,,,,2.7711,,ok,0.3375
262.4527,679,,,0.5425,,,,,,266.5863,r1_measured_01698,read,measured,,,,,3.1762,,ok,0.347
243.4101,663,,,0.6224,,,,,,248.6669,r1_measured_01699,read,measured,,,,,4.2343,,ok,0.3328
245.111,661,,,0.6355,,,,,,248.4118,r1_measured_01700,read,measured,,,,,2.2532,,ok,0.3445
179.3888,509,,,0.6098,,,,,,181.6716,r1_measured_01701,read,measured,,,,,1.2322,,ok,0.3634
232.9096,629,,,0.6486,,,,,,236.6513,r1_measured_01702,read,measured,,,,,2.6289,,ok,0.3787
247.3926,680,,,0.6774,,,,,,252.7833,r1_measured_01703,read,measured,,,,,4.2245,,ok,0.3995
260.5754,674,,,0.7472,,,,,,263.9585,r1_measured_01704,read,measured,,,,,2.1793,,ok,0.3786
242.2974,680,,,1.0407,,,,,,246.1424,r1_measured_01705,read,measured,,,,,2.2757,,ok,0.4228
264.3131,680,,,0.6813,,,,,,267.8411,r1_measured_01706,read,measured,,,,,2.3882,,ok,0.3731
260.5065,679,,,0.5696,,,,,,263.9708,r1_measured_01707,read,measured,,,,,2.4733,,ok,0.3514
185.4084,508,,,0.9098,,,,,,189.8369,r1_measured_01708,read,measured,,,,,3.0411,,ok,0.4025
196.0944,509,,,0.5616,,,,,,199.6166,r1_measured_01709,read,measured,,,,,2.5452,,ok,0.349
261.4627,674,,,0.6204,,,,,,265.876,r1_measured_01710,read,measured,,,,,3.3488,,ok,0.3543
199.0352,509,,,0.5968,,,,,,203.9441,r1_measured_01711,read,measured,,,,,3.8704,,ok,0.364
166.6617,417,,,0.3249,,,,,,168.1805,r1_measured_01712,read,measured,,,,,0.7766,,ok,0.3499
163.4705,417,,,0.2813,,,,,,165.1113,r1_measured_01713,read,measured,,,,,0.9594,,ok,0.3432
258.5555,628,,,0.6262,,,,,,262.3868,r1_measured_01714,read,measured,,,,,2.7719,,ok,0.3527
220.8241,508,,,0.5505,,,,,,226.1775,r1_measured_01715,read,measured,,,,,4.3366,,ok,0.3982
216.3448,509,,,0.517,,,,,,221.3739,r1_measured_01716,read,measured,,,,,4.0903,,ok,0.3617
318.7773,674,,,0.6852,,,,,,324.3745,r1_measured_01717,read,measured,,,,,4.4374,,ok,0.3742
316.4605,679,,,0.5692,,,,,,321.334,r1_measured_01718,read,measured,,,,,3.8574,,ok,0.3533
276.8871,369,163.3138,6.8801,0.2671,33.0929,1,6.8779,1,53.9637,278.8433,r1_measured_01719,update,measured,47.0836,1.9562,1,0.0127,1.2619,26.504,ok,0.3625
326.8765,687,,,0.81,,,,,,335.5817,r1_measured_01720,read,measured,,,,,7.3904,,ok,0.4005
345.0129,689,,,0.7537,,,,,,349.0474,r1_measured_01721,read,measured,,,,,2.8335,,ok,0.3614
228.3372,509,,,0.5891,,,,,,231.9773,r1_measured_01722,read,measured,,,,,2.6152,,ok,0.3585
276.534,629,,,0.7157,,,,,,281.1455,r1_measured_01723,read,measured,,,,,3.4548,,ok,0.3576
292.8718,678,,,5.0164,,,,,,307.5688,r1_measured_01724,read,measured,,,,,4.3922,,ok,5.0164
261.7537,568,,,0.6167,,,,,,264.8653,r1_measured_01725,read,measured,,,,,2.0021,,ok,0.3982
249.8909,567,,,0.9089,,,,,,254.9218,r1_measured_01726,read,measured,,,,,3.6657,,ok,0.3753
294.4467,678,,,0.7883,,,,,,299.3981,r1_measured_01727,read,measured,,,,,3.6246,,ok,0.4364
293.0495,688,,,0.6637,,,,,,300.3377,r1_measured_01728,read,measured,,,,,6.1955,,ok,0.351
272.309,624,,,0.7252,,,,,,278.9783,r1_measured_01729,read,measured,,,,,5.5143,,ok,0.3506
180.3025,366,,,0.2961,,,,,,182.7733,r1_measured_01730,read,measured,,,,,1.7677,,ok,0.3469
291.6886,679,,,0.6914,,,,,,299.1519,r1_measured_01731,read,measured,,,,,6.3315,,ok,0.354
190.8967,417,,,0.2797,,,,,,192.7143,r1_measured_01732,read,measured,,,,,1.1337,,ok,0.3439
248.6104,672,,,0.7856,,,,,,254.7976,r1_measured_01733,read,measured,,,,,4.9658,,ok,0.3519
237.6286,679,,,0.6427,,,,,,241.9581,r1_measured_01734,read,measured,,,,,3.2519,,ok,0.3475
251.5386,689,,,0.6273,,,,,,254.9747,r1_measured_01735,read,measured,,,,,2.3898,,ok,0.34
249.497,680,,,0.6799,,,,,,255.4728,r1_measured_01736,read,measured,,,,,4.746,,ok,0.4498
250.9893,679,,,0.9957,,,,,,255.0005,r1_measured_01737,read,measured,,,,,2.5256,,ok,0.3967
210.8656,568,,,0.6957,,,,,,218.5769,r1_measured_01738,read,measured,,,,,6.5673,,ok,0.3648
250.7493,680,,,0.7499,,,,,,257.0511,r1_measured_01739,read,measured,,,,,5.1025,,ok,0.3673
240.216,628,,,0.6936,,,,,,244.5488,r1_measured_01740,read,measured,,,,,3.1836,,ok,0.3708
259.5814,661,,,0.6961,,,,,,262.7031,r1_measured_01741,read,measured,,,,,1.9183,,ok,0.4325
145.7196,368,,,0.2638,,,,,,147.0592,r1_measured_01742,read,measured,,,,,0.6529,,ok,0.3571
252.1477,674,,,0.6483,,,,,,256.4207,r1_measured_01743,read,measured,,,,,3.1938,,ok,0.3456
241.4258,629,,,0.6037,,,,,,246.1139,r1_measured_01744,read,measured,,,,,3.6489,,ok,0.3533
160.8636,418,,,0.2931,,,,,,162.3784,r1_measured_01745,read,measured,,,,,0.8181,,ok,0.3354
187.9788,507,,,0.5588,,,,,,191.6537,r1_measured_01746,read,measured,,,,,2.6779,,ok,0.3645
242.1449,628,,,0.6707,,,,,,246.3764,r1_measured_01747,read,measured,,,,,3.1181,,ok,0.3655
192.8718,508,,,0.5545,,,,,,196.4564,r1_measured_01748,read,measured,,,,,2.5834,,ok,0.3708
232.8161,629,,,0.6162,,,,,,238.4515,r1_measured_01749,read,measured,,,,,4.5516,,ok,0.3779
224.1724,627,,,0.7386,,,,,,228.2106,r1_measured_01750,read,measured,,,,,2.8511,,ok,0.3662
192.2994,509,,,0.5682,,,,,,195.1993,r1_measured_01751,read,measured,,,,,1.8677,,ok,0.3878
252.4971,685,,,0.5563,,,,,,258.3015,r1_measured_01752,read,measured,,,,,4.7887,,ok,0.3781
260.532,687,,,0.8521,,,,,,265.4773,r1_measured_01753,read,measured,,,,,3.6718,,ok,0.3454
255.7761,678,,,0.7167,,,,,,261.5364,r1_measured_01754,read,measured,,,,,4.6052,,ok,0.3501
247.4424,679,,,0.6588,,,,,,252.0387,r1_measured_01755,read,measured,,,,,3.497,,ok,0.3581
135.3977,369,,,0.2967,,,,,,138.2296,r1_measured_01756,read,measured,,,,,2.121,,ok,0.344
245.766,674,,,0.7529,,,,,,252.3298,r1_measured_01757,read,measured,,,,,5.3704,,ok,0.3568
251.4665,680,,,0.7454,,,,,,253.6306,r1_measured_01758,read,measured,,,,,0.9408,,ok,0.3886
252.9828,680,,,0.6937,,,,,,255.3468,r1_measured_01759,read,measured,,,,,1.1883,,ok,0.3953
246.3883,663,,,0.7885,,,,,,251.258,r1_measured_01760,read,measured,,,,,3.56,,ok,0.4371
282.4047,662,,,0.7061,,,,,,291.3534,r1_measured_01761,read,measured,,,,,7.7807,,ok,0.3754
278.3198,662,,,0.8699,,,,,,282.065,r1_measured_01762,read,measured,,,,,2.4478,,ok,0.3484
193.1702,507,,,0.6396,,,,,,229.9136,r1_measured_01763,read,measured,,,,,35.6458,,ok,0.3677
138.7226,369,,,0.3733,,,,,,140.58,r1_measured_01764,read,measured,,,,,1.0504,,ok,0.3667
284.3091,677,,,0.6081,,,,,,291.2017,r1_measured_01765,read,measured,,,,,5.8444,,ok,0.3598
292.4463,673,,,1.1416,,,,,,297.3741,r1_measured_01766,read,measured,,,,,3.3701,,ok,0.3284
285.5621,680,,,0.5557,,,,,,289.3264,r1_measured_01767,read,measured,,,,,2.7854,,ok,0.3517
365.7548,629,248.3058,8.1186,0.549,54.983,1,8.1165,1,32.1085,371.0061,r1_measured_01768,update,measured,23.9899,5.2513,1,0.0113,4.2033,30.3462,ok,0.4185
176.1743,417,,,0.3408,,,,,,178.5608,r1_measured_01769,read,measured,,,,,1.6151,,ok,0.3563
272.2378,663,,,0.5859,,,,,,276.9311,r1_measured_01770,read,measured,,,,,3.7088,,ok,0.333
150.8326,417,,,0.2874,,,,,,152.5904,r1_measured_01771,read,measured,,,,,1.0673,,ok,0.3401
187.4805,508,,,0.7155,,,,,,192.708,r1_measured_01772,read,measured,,,,,4.086,,ok,0.3522
261.9388,662,,,0.741,,,,,,269.6695,r1_measured_01773,read,measured,,,,,6.5449,,ok,0.3594
209.1853,508,,,0.714,,,,,,214.3335,r1_measured_01774,read,measured,,,,,4.0143,,ok,0.354
162.085,368,,,0.3541,,,,,,164.6805,r1_measured_01775,read,measured,,,,,1.85,,ok,0.3359
389.5306,678,259.1347,9.1084,0.7203,55.4829,1,9.1067,1,30.1062,394.4851,r1_measured_01776,update,measured,20.9978,4.9545,1,15.1366,3.7968,29.6702,ok,0.3585
267.9849,674,,,0.8115,,,,,,272.199,r1_measured_01777,read,measured,,,,,2.9615,,ok,0.3619
177.0755,418,,,0.2979,,,,,,180.0045,r1_measured_01778,read,measured,,,,,2.1799,,ok,0.383
274.5541,677,,,0.7735,,,,,,279.0177,r1_measured_01779,read,measured,,,,,3.2452,,ok,0.3674
229.4914,629,,,0.9696,,,,,,235.2675,r1_measured_01780,read,measured,,,,,4.3434,,ok,0.3668
194.4208,509,,,0.4971,,,,,,199.9844,r1_measured_01781,read,measured,,,,,4.5607,,ok,0.4384
246.5387,673,,,0.5781,,,,,,250.7421,r1_measured_01782,read,measured,,,,,3.1861,,ok,0.3604
253.2991,689,,,0.634,,,,,,257.025,r1_measured_01783,read,measured,,,,,2.5961,,ok,0.4153
251.6436,662,,,0.7716,,,,,,257.5256,r1_measured_01784,read,measured,,,,,4.6029,,ok,0.4018
236.1005,627,,,0.6375,,,,,,240.0032,r1_measured_01785,read,measured,,,,,2.8381,,ok,0.3474
255.8506,679,,,0.6734,,,,,,260.7392,r1_measured_01786,read,measured,,,,,3.7974,,ok,0.3428
241.9623,628,,,0.8379,,,,,,246.5266,r1_measured_01787,read,measured,,,,,3.2786,,ok,0.3705
255.1201,677,,,0.5324,,,,,,259.1341,r1_measured_01788,read,measured,,,,,3.0804,,ok,0.3358
192.1478,509,,,0.7378,,,,,,195.3334,r1_measured_01789,read,measured,,,,,2.0113,,ok,0.3669
260.5185,680,,,0.9755,,,,,,266.5122,r1_measured_01790,read,measured,,,,,4.5626,,ok,0.3736
266.1962,680,,,0.7793,,,,,,271.8469,r1_measured_01791,read,measured,,,,,4.3941,,ok,0.3898
267.6774,680,,,0.8353,,,,,,277.8993,r1_measured_01792,read,measured,,,,,8.9268,,ok,0.3755
265.0974,663,,,0.7212,,,,,,270.6464,r1_measured_01793,read,measured,,,,,4.3515,,ok,0.3904
290.5399,679,,,0.6267,,,,,,296.103,r1_measured_01794,read,measured,,,,,4.406,,ok,0.4469
145.3045,369,,,0.2726,,,,,,147.4048,r1_measured_01795,read,measured,,,,,1.3777,,ok,0.3893
233.4453,567,,,0.5838,,,,,,239.526,r1_measured_01796,read,measured,,,,,5.0526,,ok,0.3681
283.8306,680,,,0.812,,,,,,287.1036,r1_measured_01797,read,measured,,,,,2.0232,,ok,0.3585
308.0917,681,,,0.7491,,,,,,314.6256,r1_measured_01798,read,measured,,,,,5.2701,,ok,0.4229
316.7903,689,,,0.8343,,,,,,320.9015,r1_measured_01799,read,measured,,,,,2.8166,,ok,0.378
306.9891,662,,,0.601,,,,,,313.5987,r1_measured_01800,read,measured,,,,,5.5677,,ok,0.3675
203.7155,508,,,0.8124,,,,,,207.5236,r1_measured_01801,read,measured,,,,,2.5342,,ok,0.3848
159.4202,417,,,0.3425,,,,,,161.4875,r1_measured_01802,read,measured,,,,,1.2691,,ok,0.3829
237.7982,568,,,0.5419,,,,,,242.2177,r1_measured_01803,read,measured,,,,,3.3563,,ok,0.4343
222.3436,507,,,0.4977,,,,,,226.5194,r1_measured_01804,read,measured,,,,,3.2338,,ok,0.3739
271.5789,418,157.3368,8.1857,0.2962,40.4158,1,8.1841,1,32.8027,273.8588,r1_measured_01805,update,measured,24.617,2.2799,1,19.5553,1.3163,21.4683,ok,0.5375
278.6894,680,,,0.7008,,,,,,281.4841,r1_measured_01806,read,measured,,,,,1.6496,,ok,0.3622
285.0734,678,,,0.7296,,,,,,288.8846,r1_measured_01807,read,measured,,,,,2.6464,,ok,0.3587
218.9883,567,,,0.7452,,,,,,222.346,r1_measured_01808,read,measured,,,,,2.1354,,ok,0.4046
255.3929,662,,,0.7135,,,,,,259.8513,r1_measured_01809,read,measured,,,,,3.3153,,ok,0.3529
266.3861,681,,,0.9666,,,,,,272.156,r1_measured_01810,read,measured,,,,,4.3528,,ok,0.3673
257.4954,680,,,0.8276,,,,,,263.395,r1_measured_01811,read,measured,,,,,4.6412,,ok,0.3483
265.9786,689,,,0.6668,,,,,,272.5835,r1_measured_01812,read,measured,,,,,5.3808,,ok,0.4667
259.0001,673,,,0.8897,,,,,,263.7691,r1_measured_01813,read,measured,,,,,3.4228,,ok,0.3618
264.2385,674,,,0.7934,,,,,,267.7942,r1_measured_01814,read,measured,,,,,2.3283,,ok,0.3573
189.3759,508,,,0.564,,,,,,196.1064,r1_measured_01815,read,measured,,,,,5.7241,,ok,0.3666
253.9611,677,,,0.736,,,,,,256.9389,r1_measured_01816,read,measured,,,,,1.8091,,ok,0.3532
214.2894,567,,,0.4853,,,,,,218.7312,r1_measured_01817,read,measured,,,,,3.5306,,ok,0.3604
253.9197,663,,,0.8284,,,,,,259.8369,r1_measured_01818,read,measured,,,,,4.6107,,ok,0.3839
273.3678,680,,,0.6442,,,,,,276.8874,r1_measured_01819,read,measured,,,,,2.4165,,ok,0.3703
272.2346,680,,,0.7364,,,,,,276.1192,r1_measured_01820,read,measured,,,,,2.6155,,ok,0.4292
271.4849,679,,,0.735,,,,,,275.8313,r1_measured_01821,read,measured,,,,,3.194,,ok,0.3357
263.1816,674,,,0.7446,,,,,,270.8666,r1_measured_01822,read,measured,,,,,6.5174,,ok,0.3503
281.1603,687,,,0.5742,,,,,,285.355,r1_measured_01823,read,measured,,,,,3.1931,,ok,0.3422
222.3447,565,,,0.6124,,,,,,226.4757,r1_measured_01824,read,measured,,,,,3.0915,,ok,0.349
210.4941,507,,,0.5207,,,,,,216.5907,r1_measured_01825,read,measured,,,,,5.1803,,ok,0.3341
273.2799,681,,,0.6854,,,,,,277.1611,r1_measured_01826,read,measured,,,,,2.7595,,ok,0.3502
161.9031,418,,,0.3162,,,,,,164.1366,r1_measured_01827,read,measured,,,,,1.4633,,ok,0.3691
222.9447,568,,,0.681,,,,,,227.2032,r1_measured_01828,read,measured,,,,,3.1199,,ok,0.3826
283.1198,629,,,0.9554,,,,,,289.7576,r1_measured_01829,read,measured,,,,,5.211,,ok,0.3859
303.3269,681,,,0.7542,,,,,,306.5739,r1_measured_01830,read,measured,,,,,2.0314,,ok,0.3709
160.3572,418,,,0.2764,,,,,,162.2543,r1_measured_01831,read,measured,,,,,1.216,,ok,0.349
298.4158,662,,,0.5729,,,,,,303.7662,r1_measured_01832,read,measured,,,,,4.3281,,ok,0.3686
204.4482,417,,,0.3195,,,,,,206.1213,r1_measured_01833,read,measured,,,,,0.9745,,ok,0.3217
274.3031,628,,,0.5807,,,,,,278.427,r1_measured_01834,read,measured,,,,,3.1019,,ok,0.3607
302.7435,680,,,0.5761,,,,,,306.5783,r1_measured_01835,read,measured,,,,,2.8175,,ok,0.3593
308.9233,680,,,0.6703,,,,,,313.2855,r1_measured_01836,read,measured,,,,,3.2444,,ok,0.359
290.421,678,,,0.5637,,,,,,294.9744,r1_measured_01837,read,measured,,,,,3.5411,,ok,0.3684
272.3753,629,,,1.1801,,,,,,280.0163,r1_measured_01838,read,measured,,,,,5.9204,,ok,0.4444
187.7323,509,,,0.7283,,,,,,196.3831,r1_measured_01839,read,measured,,,,,7.5079,,ok,0.3526
281.3496,678,,,0.6964,,,,,,287.8123,r1_measured_01840,read,measured,,,,,5.3317,,ok,0.3537
142.4998,369,,,0.2425,,,,,,144.3481,r1_measured_01841,read,measured,,,,,1.1988,,ok,0.3529
278.3189,674,,,0.7134,,,,,,283.6312,r1_measured_01842,read,measured,,,,,4.1405,,ok,0.3751
292.5267,678,,,0.7334,,,,,,298.4023,r1_measured_01843,read,measured,,,,,4.6979,,ok,0.3588
281.9285,679,,,0.7494,,,,,,291.5506,r1_measured_01844,read,measured,,,,,8.4544,,ok,0.3499
233.4195,568,,,0.6349,,,,,,236.6627,r1_measured_01845,read,measured,,,,,2.1609,,ok,0.3609
357.1103,678,244.8342,6.4665,0.8199,48.8602,1,6.4637,1,29.9842,361.952,r1_measured_01846,update,measured,23.5177,4.8417,1,0.0051,3.5855,33.4266,ok,0.3508
250.4708,627,,,0.5981,,,,,,255.118,r1_measured_01847,read,measured,,,,,3.6219,,ok,0.3472
211.0236,568,,,0.5719,,,,,,217.5469,r1_measured_01848,read,measured,,,,,5.5517,,ok,0.335
248.6088,679,,,0.8072,,,,,,253.2255,r1_measured_01849,read,measured,,,,,3.3461,,ok,0.3641
238.6633,628,,,0.6255,,,,,,242.7501,r1_measured_01850,read,measured,,,,,3.0215,,ok,0.3464
262.6178,673,,,1.1014,,,,,,268.3061,r1_measured_01851,read,measured,,,,,4.0526,,ok,0.4332
279.9237,679,,,0.7895,,,,,,282.6365,r1_measured_01852,read,measured,,,,,1.4397,,ok,0.3954
281.134,674,,,0.7291,,,,,,289.3763,r1_measured_01853,read,measured,,,,,7.0555,,ok,0.3751
275.5763,680,,,0.7906,,,,,,281.2997,r1_measured_01854,read,measured,,,,,4.4926,,ok,0.3584
228.8689,566,,,0.7232,,,,,,233.5053,r1_measured_01855,read,measured,,,,,3.4234,,ok,0.4015
165.1959,417,,,0.3235,,,,,,167.6899,r1_measured_01856,read,measured,,,,,1.7108,,ok,0.3869
265.4369,675,,,0.7584,,,,,,271.9864,r1_measured_01857,read,measured,,,,,5.3299,,ok,0.369
273.052,680,,,0.7304,,,,,,277.9591,r1_measured_01858,read,measured,,,,,3.7562,,ok,0.3351
216.4394,568,,,0.7124,,,,,,220.5832,r1_measured_01859,read,measured,,,,,3.0097,,ok,0.345
262.3604,675,,,0.7302,,,,,,267.5692,r1_measured_01860,read,measured,,,,,4.036,,ok,0.3649
243.3917,662,,,0.7101,,,,,,249.0257,r1_measured_01861,read,measured,,,,,4.4738,,ok,0.3637
218.823,567,,,0.6793,,,,,,222.531,r1_measured_01862,read,measured,,,,,2.5586,,ok,0.3847
260.6899,680,,,0.5825,,,,,,264.5942,r1_measured_01863,read,measured,,,,,2.925,,ok,0.3282
244.0136,678,,,0.6441,,,,,,247.9192,r1_measured_01864,read,measured,,,,,2.7141,,ok,0.4595
252.9096,678,,,0.6841,,,,,,257.11,r1_measured_01865,read,measured,,,,,3.0495,,ok,0.378
246.9656,675,,,1.5858,,,,,,258.7385,r1_measured_01866,read,measured,,,,,9.4489,,ok,0.6424
286.6051,688,,,0.7825,,,,,,290.5661,r1_measured_01867,read,measured,,,,,2.683,,ok,0.4127
146.7456,368,,,0.2917,,,,,,148.5342,r1_measured_01868,read,measured,,,,,1.0264,,ok,0.4065
257.6575,629,,,0.7353,,,,,,261.8725,r1_measured_01869,read,measured,,,,,2.9981,,ok,0.3951
148.1291,417,,,0.3789,,,,,,150.6643,r1_measured_01870,read,measured,,,,,1.5215,,ok,0.5475
279.3348,673,,,0.6616,,,,,,308.3017,r1_measured_01871,read,measured,,,,,27.8396,,ok,0.3797
235.5176,568,,,1.1263,,,,,,241.3692,r1_measured_01872,read,measured,,,,,4.0408,,ok,0.5898
310.9846,680,,,0.7939,,,,,,316.1947,r1_measured_01873,read,measured,,,,,3.9865,,ok,0.3468
349.4661,566,238.3694,5.2368,1.1755,46.0447,1,5.2351,1,34.7723,358.7303,r1_measured_01874,update,measured,29.5355,9.2642,1,0.0077,7.3458,30.272,ok,0.5733
311.6283,674,,,3.0068,,,,,,318.8023,r1_measured_01875,read,measured,,,,,3.4378,,ok,0.6198
285.2216,627,,,0.6547,,,,,,290.6459,r1_measured_01876,read,measured,,,,,4.3231,,ok,0.3622
467.6604,674,303.5697,6.1821,0.6266,51.368,0,6.1803,1,40.3887,472.0931,r1_measured_01877,update,measured,34.2066,4.4327,1,42.2425,3.3853,30.0915,ok,0.3355
308.9996,680,,,0.7841,,,,,,313.4162,r1_measured_01878,read,measured,,,,,3.2127,,ok,0.3406
308.3896,688,,,1.422,,,,,,315.5599,r1_measured_01879,read,measured,,,,,5.171,,ok,0.4573
269.0576,629,,,0.551,,,,,,273.1394,r1_measured_01880,read,measured,,,,,3.1037,,ok,0.3566
307.9681,679,,,0.6688,,,,,,315.1487,r1_measured_01881,read,measured,,,,,6.111,,ok,0.3315
318.7452,508,204.0524,6.6439,0.6419,35.8861,1,6.6418,1,35.5392,326.0486,r1_measured_01882,update,measured,28.8953,7.3034,1,21.5999,6.256,21.6676,ok,0.335
264.1078,627,,,0.6894,,,,,,268.5081,r1_measured_01883,read,measured,,,,,3.2975,,ok,0.3379
288.7733,680,,,0.9595,,,,,,292.4061,r1_measured_01884,read,measured,,,,,2.2519,,ok,0.3469
343.9976,628,228.9205,5.458,0.6583,45.8607,1,5.4563,1,29.6352,350.0163,r1_measured_01885,update,measured,24.1772,6.0187,1,15.6233,4.9386,23.9579,ok,0.3399
243.8289,627,,,0.8618,,,,,,248.2647,r1_measured_01886,read,measured,,,,,3.1344,,ok,0.3611
253.5533,663,,,0.6057,,,,,,256.4304,r1_measured_01887,read,measured,,,,,1.854,,ok,0.3385
254.0549,661,,,0.6439,,,,,,259.8275,r1_measured_01888,read,measured,,,,,4.6806,,ok,0.3655
247.6478,662,,,0.6335,,,,,,253.1433,r1_measured_01889,read,measured,,,,,4.3815,,ok,0.3724
191.7155,509,,,0.6444,,,,,,195.7653,r1_measured_01890,read,measured,,,,,2.9918,,ok,0.3494
256.4858,674,,,0.6016,,,,,,261.2124,r1_measured_01891,read,measured,,,,,3.6962,,ok,0.3502
255.579,674,,,0.5119,,,,,,262.9097,r1_measured_01892,read,measured,,,,,6.4071,,ok,0.3428
266.6605,679,,,0.7915,,,,,,272.7046,r1_measured_01893,read,measured,,,,,4.8174,,ok,0.3533
192.5719,509,,,0.5194,,,,,,196.7828,r1_measured_01894,read,measured,,,,,3.278,,ok,0.3441
148.7979,369,,,0.2427,,,,,,150.1847,r1_measured_01895,read,measured,,,,,0.7498,,ok,0.3151
250.4556,679,,,0.6733,,,,,,255.9969,r1_measured_01896,read,measured,,,,,4.447,,ok,0.3455
264.6076,689,,,0.5782,,,,,,268.1543,r1_measured_01897,read,measured,,,,,2.5312,,ok,0.3551
244.1501,662,,,0.6782,,,,,,250.6989,r1_measured_01898,read,measured,,,,,5.3344,,ok,0.4554
185.7548,509,,,0.5433,,,,,,193.7961,r1_measured_01899,read,measured,,,,,7.0205,,ok,0.4093
252.4613,678,,,0.8154,,,,,,256.505,r1_measured_01900,read,measured,,,,,2.7987,,ok,0.349
149.7725,417,,,0.3903,,,,,,151.6858,r1_measured_01901,read,measured,,,,,1.12,,ok,0.3365
253.6433,681,,,0.7487,,,,,,260.3046,r1_measured_01902,read,measured,,,,,5.4663,,ok,0.3616
232.1456,628,,,0.741,,,,,,237.3976,r1_measured_01903,read,measured,,,,,4.0227,,ok,0.4049
260.2414,689,,,1.8279,,,,,,264.7126,r1_measured_01904,read,measured,,,,,2.2241,,ok,0.3422
246.0127,663,,,0.6923,,,,,,251.0254,r1_measured_01905,read,measured,,,,,3.8862,,ok,0.3567
251.2544,663,,,0.7893,,,,,,256.1599,r1_measured_01906,read,measured,,,,,3.6657,,ok,0.3714
268.2466,689,,,0.6271,,,,,,270.9281,r1_measured_01907,read,measured,,,,,1.6377,,ok,0.3403
262.4915,689,,,0.6402,,,,,,267.9789,r1_measured_01908,read,measured,,,,,4.4498,,ok,0.3319
299.3814,687,,,0.5876,,,,,,303.2199,r1_measured_01909,read,measured,,,,,2.8655,,ok,0.3226
256.6887,567,,,0.59,,,,,,263.7367,r1_measured_01910,read,measured,,,,,6.054,,ok,0.3358
295.7757,678,,,0.6081,,,,,,300.5974,r1_measured_01911,read,measured,,,,,3.7649,,ok,0.3423
266.2859,628,,,0.5771,,,,,,269.1597,r1_measured_01912,read,measured,,,,,1.8565,,ok,0.354
287.8164,679,,,0.721,,,,,,293.6093,r1_measured_01913,read,measured,,,,,4.6398,,ok,0.3474
286.963,679,,,0.6191,,,,,,293.4032,r1_measured_01914,read,measured,,,,,5.3847,,ok,0.3646
431.7026,663,289.7096,5.3069,0.7394,50.1402,1,5.305,1,37.712,435.4429,r1_measured_01915,update,measured,32.4051,3.7403,1,24.0589,2.5474,30.0819,ok,0.3699
283.5874,673,,,0.6722,,,,,,287.6162,r1_measured_01916,read,measured,,,,,2.9272,,ok,0.348
149.3765,418,,,0.282,,,,,,151.0871,r1_measured_01917,read,measured,,,,,1.0233,,ok,0.3464
282.6606,663,,,0.9461,,,,,,287.944,r1_measured_01918,read,measured,,,,,3.8847,,ok,0.3687
249.5378,509,,,0.6481,,,,,,253.5361,r1_measured_01919,read,measured,,,,,2.8632,,ok,0.4014
306.3764,680,,,1.9171,,,,,,311.9994,r1_measured_01920,read,measured,,,,,3.2837,,ok,0.3481
298.403,680,,,0.8746,,,,,,306.4557,r1_measured_01921,read,measured,,,,,6.7125,,ok,0.366
274.8927,629,,,0.962,,,,,,282.2701,r1_measured_01922,read,measured,,,,,5.9938,,ok,0.3505
269.0067,627,,,0.7095,,,,,,275.2721,r1_measured_01923,read,measured,,,,,5.0793,,ok,0.3964
226.5321,509,,,0.5535,,,,,,230.5851,r1_measured_01924,read,measured,,,,,3.0525,,ok,0.3679
280.9303,661,,,0.8854,,,,,,285.6542,r1_measured_01925,read,measured,,,,,3.3917,,ok,0.3697
258.6428,568,,,0.7217,,,,,,262.0839,r1_measured_01926,read,measured,,,,,2.2418,,ok,0.3956
293.0662,680,,,0.6897,,,,,,298.5243,r1_measured_01927,read,measured,,,,,4.3199,,ok,0.3657
288.5403,685,,,0.5703,,,,,,292.226,r1_measured_01928,read,measured,,,,,2.6803,,ok,0.3549
306.2744,689,,,0.6482,,,,,,311.4814,r1_measured_01929,read,measured,,,,,4.1323,,ok,0.3472
290.1138,680,,,0.5385,,,,,,295.4376,r1_measured_01930,read,measured,,,,,4.3638,,ok,0.3477
393.6701,663,260.0379,4.7366,0.6057,61.3785,1,4.7345,1,24.1434,398.2274,r1_measured_01931,update,measured,19.4068,4.5573,1,14.1683,3.5281,33.942,ok,0.3439
290.4342,680,,,0.5585,,,,,,294.7266,r1_measured_01932,read,measured,,,,,3.3295,,ok,0.338
239.6712,627,,,0.9042,,,,,,245.1632,r1_measured_01933,read,measured,,,,,4.1275,,ok,0.3735
252.5099,629,,,0.532,,,,,,257.381,r1_measured_01934,read,measured,,,,,3.9145,,ok,0.3484
214.613,566,,,0.4986,,,,,,219.1799,r1_measured_01935,read,measured,,,,,3.6575,,ok,0.3412
193.6578,509,,,0.6719,,,,,,197.0403,r1_measured_01936,read,measured,,,,,2.2677,,ok,0.364
193.8471,509,,,0.4727,,,,,,197.8367,r1_measured_01937,read,measured,,,,,3.108,,ok,0.3422
244.4873,663,,,0.6832,,,,,,250.1406,r1_measured_01938,read,measured,,,,,4.5432,,ok,0.3508
134.7931,368,,,0.2505,,,,,,136.5559,r1_measured_01939,read,measured,,,,,1.0935,,ok,0.3526
253.798,686,,,0.8379,,,,,,256.3763,r1_measured_01940,read,measured,,,,,1.2489,,ok,0.4067
186.6745,508,,,0.58,,,,,,190.1781,r1_measured_01941,read,measured,,,,,2.5183,,ok,0.339
249.0632,674,,,0.6324,,,,,,254.5928,r1_measured_01942,read,measured,,,,,4.4597,,ok,0.3612
254.6058,674,,,0.5768,,,,,,259.3995,r1_measured_01943,read,measured,,,,,3.7953,,ok,0.3503
187.4765,508,,,2.0161,,,,,,196.4639,r1_measured_01944,read,measured,,,,,6.5003,,ok,0.3991
300.4202,680,,,1.3794,,,,,,306.6121,r1_measured_01945,read,measured,,,,,4.3809,,ok,0.3482
145.2632,418,,,0.3172,,,,,,148.486,r1_measured_01946,read,measured,,,,,2.4802,,ok,0.3571
279.201,688,,,0.7432,,,,,,284.343,r1_measured_01947,read,measured,,,,,3.9547,,ok,0.3628
289.9442,689,,,0.7177,,,,,,293.1811,r1_measured_01948,read,measured,,,,,2.0688,,ok,0.3624
280.5986,663,,,0.8371,,,,,,285.9304,r1_measured_01949,read,measured,,,,,3.9811,,ok,0.4207
289.0226,689,,,0.8,,,,,,294.0877,r1_measured_01950,read,measured,,,,,3.7831,,ok,0.3953
273.8792,663,,,0.5177,,,,,,277.9752,r1_measured_01951,read,measured,,,,,3.1396,,ok,0.3673
362.1269,681,241.0699,5.5428,0.6129,43.2742,1,5.5411,1,34.0831,366.3296,r1_measured_01952,update,measured,28.5403,4.2027,1,18.7138,3.1606,24.9859,ok,0.3526
224.1132,566,,,0.5286,,,,,,226.9583,r1_measured_01953,read,measured,,,,,1.9043,,ok,0.3392
229.0176,628,,,0.5676,,,,,,234.9369,r1_measured_01954,read,measured,,,,,4.9206,,ok,0.3485
143.1639,368,,,0.2558,,,,,,144.6802,r1_measured_01955,read,measured,,,,,0.8233,,ok,0.3749
254.826,674,,,0.9422,,,,,,263.2445,r1_measured_01956,read,measured,,,,,7.0099,,ok,0.382
244.5401,629,,,0.6469,,,,,,251.0703,r1_measured_01957,read,measured,,,,,5.396,,ok,0.4023
243.8672,629,,,0.7467,,,,,,248.477,r1_measured_01958,read,measured,,,,,3.4012,,ok,0.3806
260.3354,689,,,0.7486,,,,,,265.9886,r1_measured_01959,read,measured,,,,,4.4397,,ok,0.3797
285.7769,661,,,0.6574,,,,,,291.0918,r1_measured_01960,read,measured,,,,,4.1975,,ok,0.3754
277.7147,674,,,0.6654,,,,,,283.1772,r1_measured_01961,read,measured,,,,,4.3451,,ok,0.3678
168.1432,417,,,0.3122,,,,,,170.2652,r1_measured_01962,read,measured,,,,,1.3656,,ok,0.3765
275.89,674,,,1.0074,,,,,,283.1886,r1_measured_01963,read,measured,,,,,5.8162,,ok,0.383
263.2296,628,,,0.5981,,,,,,267.7011,r1_measured_01964,read,measured,,,,,3.4125,,ok,0.3809
240.8241,567,,,0.6666,,,,,,247.2747,r1_measured_01965,read,measured,,,,,5.3579,,ok,0.3499
288.2255,679,,,0.8689,,,,,,292.9967,r1_measured_01966,read,measured,,,,,3.4644,,ok,0.3628
228.1999,568,,,0.5382,,,,,,231.1541,r1_measured_01967,read,measured,,,,,1.9717,,ok,0.3718
251.7507,627,,,0.728,,,,,,257.9907,r1_measured_01968,read,measured,,,,,4.8895,,ok,0.5225
254.5415,662,,,0.6759,,,,,,258.45,r1_measured_01969,read,measured,,,,,2.7829,,ok,0.3704
239.1275,629,,,0.581,,,,,,242.989,r1_measured_01970,read,measured,,,,,2.8217,,ok,0.3709
237.2884,627,,,0.6268,,,,,,243.6858,r1_measured_01971,read,measured,,,,,5.3453,,ok,0.3458
262.9952,679,,,0.8021,,,,,,267.7578,r1_measured_01972,read,measured,,,,,3.5246,,ok,0.3607
268.3595,678,,,0.9673,,,,,,273.1809,r1_measured_01973,read,measured,,,,,3.4253,,ok,0.346
273.8623,688,,,0.8229,,,,,,281.1668,r1_measured_01974,read,measured,,,,,6.0455,,ok,0.356
260.077,662,,,0.7897,,,,,,262.4308,r1_measured_01975,read,measured,,,,,1.1126,,ok,0.3701
182.7387,509,,,0.7347,,,,,,190.9617,r1_measured_01976,read,measured,,,,,7.0344,,ok,0.3718
265.5661,680,,,0.6938,,,,,,270.227,r1_measured_01977,read,measured,,,,,3.5508,,ok,0.339
156.4281,416,,,0.2639,,,,,,158.8915,r1_measured_01978,read,measured,,,,,1.7817,,ok,0.3629
248.8612,672,,,0.6552,,,,,,254.9344,r1_measured_01979,read,measured,,,,,4.9528,,ok,0.3758
206.3776,509,,,0.5372,,,,,,211.9493,r1_measured_01980,read,measured,,,,,4.6158,,ok,0.3477
144.9064,368,,,0.2831,,,,,,146.1078,r1_measured_01981,read,measured,,,,,0.4896,,ok,0.3673
244.1542,624,,,0.7135,,,,,,248.2075,r1_measured_01982,read,measured,,,,,2.8462,,ok,0.4105
197.4278,508,,,0.8219,,,,,,202.2322,r1_measured_01983,read,measured,,,,,3.555,,ok,0.3552
229.3039,566,,,0.5237,,,,,,232.6113,r1_measured_01984,read,measured,,,,,2.3774,,ok,0.3422
262.4086,680,,,0.7514,,,,,,268.2585,r1_measured_01985,read,measured,,,,,4.6528,,ok,0.3563
275.4249,677,,,0.7096,,,,,,280.2738,r1_measured_01986,read,measured,,,,,3.7168,,ok,0.3427
171.699,416,,,0.393,,,,,,173.8903,r1_measured_01987,read,measured,,,,,1.3146,,ok,0.4219
264.6715,681,,,0.6741,,,,,,270.1427,r1_measured_01988,read,measured,,,,,4.3751,,ok,0.3414
274.3326,680,,,0.6805,,,,,,281.9309,r1_measured_01989,read,measured,,,,,6.4513,,ok,0.3827
156.5714,419,,,0.3244,,,,,,158.0771,r1_measured_01990,read,measured,,,,,0.7451,,ok,0.3702
201.4689,508,,,0.5483,,,,,,206.1763,r1_measured_01991,read,measured,,,,,3.7333,,ok,0.3561
208.4984,509,,,0.7179,,,,,,214.1184,r1_measured_01992,read,measured,,,,,4.4881,,ok,0.3422
151.6581,368,,,0.4024,,,,,,153.7657,r1_measured_01993,read,measured,,,,,1.3025,,ok,0.3298
261.4275,679,,,0.7169,,,,,,269.0542,r1_measured_01994,read,measured,,,,,6.4786,,ok,0.3521
240.3466,627,,,0.574,,,,,,245.3465,r1_measured_01995,read,measured,,,,,4.0048,,ok,0.3422
196.9994,509,,,0.7006,,,,,,204.8726,r1_measured_01996,read,measured,,,,,6.7516,,ok,0.3488
255.5664,677,,,0.7251,,,,,,262.5648,r1_measured_01997,read,measured,,,,,5.8127,,ok,0.3635
254.6899,674,,,0.8652,,,,,,260.5787,r1_measured_01998,read,measured,,,,,4.5894,,ok,0.3504
198.477,507,,,1.4423,,,,,,204.8173,r1_measured_01999,read,measured,,,,,4.475,,ok,0.3543
254.0371,674,,,0.5759,,,,,,258.4988,r1_measured_02000,read,measured,,,,,3.4837,,ok,0.3299
210.5051,568,,,0.505,,,,,,214.5262,r1_measured_02001,read,measured,,,,,3.0923,,ok,0.3527
273.0356,681,,,0.5442,,,,,,278.0582,r1_measured_02002,read,measured,,,,,4.0574,,ok,0.35
185.4982,509,,,0.5565,,,,,,192.1963,r1_measured_02003,read,measured,,,,,5.6513,,ok,0.3605
268.6408,689,,,0.6191,,,,,,273.7171,r1_measured_02004,read,measured,,,,,4.0451,,ok,0.3353
258.2252,629,,,0.5671,,,,,,262.0947,r1_measured_02005,read,measured,,,,,2.8868,,ok,0.339
169.482,417,,,0.3098,,,,,,171.2204,r1_measured_02006,read,measured,,,,,0.9836,,ok,0.3771
275.441,688,,,0.7095,,,,,,280.1992,r1_measured_02007,read,measured,,,,,3.6299,,ok,0.3388
266.4169,681,,,0.7073,,,,,,270.9203,r1_measured_02008,read,measured,,,,,3.3799,,ok,0.3347
227.6338,367,135.1256,6.7655,0.2426,29.591,1,6.7639,1,32.7321,229.7172,r1_measured_02009,update,measured,25.9666,2.0834,1,13.2147,1.4465,16.9704,ok,0.3344
314.6546,679,,,0.6111,,,,,,318.496,r1_measured_02010,read,measured,,,,,2.7557,,ok,0.3981
159.8786,417,,,0.3845,,,,,,162.074,r1_measured_02011,read,measured,,,,,1.3184,,ok,0.4116
255.4587,567,,,0.5336,,,,,,258.7797,r1_measured_02012,read,measured,,,,,2.3644,,ok,0.3495
292.9951,680,,,0.673,,,,,,297.7305,r1_measured_02013,read,measured,,,,,3.6335,,ok,0.3493
293.063,663,,,0.6084,,,,,,296.9717,r1_measured_02014,read,measured,,,,,2.879,,ok,0.3458
292.3622,681,,,0.6603,,,,,,297.0322,r1_measured_02015,read,measured,,,,,3.5799,,ok,0.3482
419.9495,674,258.8892,10.5435,0.8153,79.6963,1,10.5402,1,35.8571,425.7581,r1_measured_02016,update,measured,25.3136,5.8086,1,14.4611,4.4084,31.0458,ok,0.4304
283.1103,629,,,0.5435,,,,,,292.7224,r1_measured_02017,read,measured,,,,,8.6542,,ok,0.347
265.7884,418,149.775,4.1146,0.5258,39.6572,1,4.1122,1,39.3645,267.6465,r1_measured_02018,update,measured,35.2499,1.8581,1,15.0666,0.9167,21.9251,ok,0.3469
206.7217,567,,,0.6536,,,,,,211.4094,r1_measured_02019,read,measured,,,,,3.5715,,ok,0.3899
238.0164,681,,,0.7348,,,,,,245.0169,r1_measured_02020,read,measured,,,,,5.7724,,ok,0.3966
200.8137,508,,,0.5448,,,,,,208.4059,r1_measured_02021,read,measured,,,,,6.6478,,ok,0.3367
145.2728,366,,,0.5541,,,,,,148.3663,r1_measured_02022,read,measured,,,,,2.0906,,ok,0.3775
210.2759,568,,,0.6417,,,,,,213.5897,r1_measured_02023,read,measured,,,,,2.252,,ok,0.3455
244.2961,663,,,0.6078,,,,,,248.8633,r1_measured_02024,read,measured,,,,,3.5443,,ok,0.3451
230.7644,627,,,0.598,,,,,,233.3771,r1_measured_02025,read,measured,,,,,1.5537,,ok,0.3853
212.7649,567,,,0.6754,,,,,,217.7352,r1_measured_02026,read,measured,,,,,3.9025,,ok,0.3302
254.788,689,,,0.7492,,,,,,258.3318,r1_measured_02027,read,measured,,,,,2.3507,,ok,0.3564
256.8004,688,,,0.7825,,,,,,262.2269,r1_measured_02028,read,measured,,,,,4.1974,,ok,0.3632
203.0457,567,,,0.7359,,,,,,209.761,r1_measured_02029,read,measured,,,,,5.542,,ok,0.3577
195.5593,568,,,0.6609,,,,,,201.6309,r1_measured_02030,read,measured,,,,,4.9973,,ok,0.3436
291.477,680,,,0.7461,,,,,,296.4579,r1_measured_02031,read,measured,,,,,3.8128,,ok,0.3423
240.2034,509,,,0.7215,,,,,,245.0914,r1_measured_02032,read,measured,,,,,3.7155,,ok,0.3849
294.2612,663,,,0.6632,,,,,,298.3087,r1_measured_02033,read,measured,,,,,2.9378,,ok,0.3657
260.6297,567,,,0.5968,,,,,,264.8032,r1_measured_02034,read,measured,,,,,3.1712,,ok,0.3337
299.3781,681,,,0.5518,,,,,,302.2627,r1_measured_02035,read,measured,,,,,1.899,,ok,0.3561
285.7653,629,,,0.5521,,,,,,288.4881,r1_measured_02036,read,measured,,,,,1.7335,,ok,0.3562
294.6523,681,,,0.5879,,,,,,300.8159,r1_measured_02037,read,measured,,,,,5.1488,,ok,0.3472
227.4707,509,,,0.6339,,,,,,233.1215,r1_measured_02038,read,measured,,,,,4.5771,,ok,0.3632
255.0076,680,,,0.6163,,,,,,259.7453,r1_measured_02039,read,measured,,,,,3.7201,,ok,0.3286
261.8574,686,,,0.7147,,,,,,269.3438,r1_measured_02040,read,measured,,,,,6.3148,,ok,0.3721
247.6246,680,,,1.1125,,,,,,254.1839,r1_measured_02041,read,measured,,,,,4.9418,,ok,0.4051
179.8907,507,,,0.5908,,,,,,184.8277,r1_measured_02042,read,measured,,,,,3.9185,,ok,0.3523
247.9055,680,,,0.7961,,,,,,251.6125,r1_measured_02043,read,measured,,,,,2.473,,ok,0.3577
192.0352,509,,,0.7762,,,,,,195.7686,r1_measured_02044,read,measured,,,,,2.5517,,ok,0.342
181.2329,509,,,0.6656,,,,,,189.4648,r1_measured_02045,read,measured,,,,,7.1674,,ok,0.334
252.114,689,,,0.7675,,,,,,256.7991,r1_measured_02046,read,measured,,,,,3.4335,,ok,0.3874
226.9184,624,,,0.9386,,,,,,232.9034,r1_measured_02047,read,measured,,,,,4.5924,,ok,0.3749
198.6137,567,,,0.6492,,,,,,203.5365,r1_measured_02048,read,measured,,,,,3.7387,,ok,0.4588
240.0459,662,,,0.7651,,,,,,245.0931,r1_measured_02049,read,measured,,,,,3.7014,,ok,0.4573
191.3194,508,,,1.7524,,,,,,196.2744,r1_measured_02050,read,measured,,,,,2.7375,,ok,0.3625
253.0416,678,,,0.7421,,,,,,257.4643,r1_measured_02051,read,measured,,,,,3.2369,,ok,0.3607
240.322,663,,,0.7727,,,,,,246.1137,r1_measured_02052,read,measured,,,,,4.557,,ok,0.3743
257.9855,675,,,0.7626,,,,,,262.2463,r1_measured_02053,read,measured,,,,,3.0473,,ok,0.366
275.0464,687,,,0.6726,,,,,,283.4744,r1_measured_02054,read,measured,,,,,7.3146,,ok,0.3612
200.0454,509,,,0.7279,,,,,,203.3006,r1_measured_02055,read,measured,,,,,2.0066,,ok,0.4349
217.5092,568,,,0.5087,,,,,,224.1963,r1_measured_02056,read,measured,,,,,5.7462,,ok,0.3596
195.4607,509,,,0.6557,,,,,,201.2653,r1_measured_02057,read,measured,,,,,4.7132,,ok,0.3569
263.8864,663,,,0.6156,,,,,,269.4734,r1_measured_02058,read,measured,,,,,4.3111,,ok,0.4222
256.6738,678,,,0.6756,,,,,,260.8466,r1_measured_02059,read,measured,,,,,2.9522,,ok,0.4529
209.5382,568,,,0.7978,,,,,,216.2785,r1_measured_02060,read,measured,,,,,5.5142,,ok,0.3639
257.5276,674,,,0.7717,,,,,,266.9825,r1_measured_02061,read,measured,,,,,8.2441,,ok,0.3565
267.8796,686,,,0.7901,,,,,,273.2173,r1_measured_02062,read,measured,,,,,4.1068,,ok,0.3669
254.0344,681,,,0.9062,,,,,,261.3933,r1_measured_02063,read,measured,,,,,6.027,,ok,0.3528
212.6709,567,,,0.6893,,,,,,216.2101,r1_measured_02064,read,measured,,,,,2.3816,,ok,0.3837
246.578,679,,,0.7186,,,,,,251.6535,r1_measured_02065,read,measured,,,,,3.9183,,ok,0.351
251.3939,680,,,0.8881,,,,,,254.0973,r1_measured_02066,read,measured,,,,,1.285,,ok,0.4237
248.1725,680,,,0.7285,,,,,,253.7537,r1_measured_02067,read,measured,,,,,4.4243,,ok,0.3527
246.7662,679,,,0.6796,,,,,,249.8023,r1_measured_02068,read,measured,,,,,1.8545,,ok,0.3931
258.2659,678,,,0.5688,,,,,,264.5071,r1_measured_02069,read,measured,,,,,5.2521,,ok,0.3463
228.3556,567,,,0.8723,,,,,,233.0706,r1_measured_02070,read,measured,,,,,3.4007,,ok,0.3566
177.8768,507,,,0.67,,,,,,183.5423,r1_measured_02071,read,measured,,,,,4.5629,,ok,0.3539
256.0514,680,,,0.7837,,,,,,265.1876,r1_measured_02072,read,measured,,,,,7.8765,,ok,0.3911
178.6713,509,,,0.5972,,,,,,182.7388,r1_measured_02073,read,measured,,,,,3.0534,,ok,0.3488
144.2902,369,,,0.2704,,,,,,146.0099,r1_measured_02074,read,measured,,,,,1.0417,,ok,0.3426
247.6486,681,,,0.685,,,,,,253.0946,r1_measured_02075,read,measured,,,,,4.3006,,ok,0.3611
247.5567,663,,,0.9219,,,,,,251.3671,r1_measured_02076,read,measured,,,,,2.4781,,ok,0.3431
189.817,509,,,0.5612,,,,,,194.9031,r1_measured_02077,read,measured,,,,,4.0965,,ok,0.3573
214.206,568,,,0.5442,,,,,,217.5643,r1_measured_02078,read,measured,,,,,2.3708,,ok,0.359
257.5104,680,,,0.9178,,,,,,265.458,r1_measured_02079,read,measured,,,,,6.5859,,ok,0.3646
247.2936,680,,,0.6989,,,,,,255.5042,r1_measured_02080,read,measured,,,,,7.0622,,ok,0.3569
135.1195,366,,,0.2819,,,,,,136.7671,r1_measured_02081,read,measured,,,,,0.9515,,ok,0.3493
202.5242,567,,,0.4931,,,,,,210.519,r1_measured_02082,read,measured,,,,,7.0951,,ok,0.3361
202.8088,568,,,0.7018,,,,,,206.5723,r1_measured_02083,read,measured,,,,,2.6447,,ok,0.3407
247.2833,680,,,0.6349,,,,,,253.1672,r1_measured_02084,read,measured,,,,,4.8255,,ok,0.3518
247.6984,678,,,0.6425,,,,,,252.0093,r1_measured_02085,read,measured,,,,,3.2386,,ok,0.3435
253.6579,689,,,0.6458,,,,,,258.1923,r1_measured_02086,read,measured,,,,,3.463,,ok,0.3492
245.0988,678,,,0.675,,,,,,251.3286,r1_measured_02087,read,measured,,,,,5.1271,,ok,0.3563
259.2904,681,,,0.7996,,,,,,265.7777,r1_measured_02088,read,measured,,,,,5.2038,,ok,0.3971
244.8089,679,,,0.6519,,,,,,249.0826,r1_measured_02089,read,measured,,,,,3.1661,,ok,0.3625
137.7666,417,,,0.322,,,,,,139.4655,r1_measured_02090,read,measured,,,,,0.9515,,ok,0.3541
167.9374,419,,,0.4842,,,,,,170.5819,r1_measured_02091,read,measured,,,,,1.7073,,ok,0.363
250.7355,681,,,0.9886,,,,,,256.3877,r1_measured_02092,read,measured,,,,,4.1778,,ok,0.3897
258.7863,663,,,0.6842,,,,,,265.1138,r1_measured_02093,read,measured,,,,,5.1848,,ok,0.3676
238.7057,663,,,0.6438,,,,,,245.9177,r1_measured_02094,read,measured,,,,,6.1157,,ok,0.3686
266.7086,688,,,0.7107,,,,,,270.9979,r1_measured_02095,read,measured,,,,,3.1505,,ok,0.358
249.7564,661,,,0.7554,,,,,,256.1819,r1_measured_02096,read,measured,,,,,5.2437,,ok,0.3471
259.5253,674,,,0.9761,,,,,,267.7036,r1_measured_02097,read,measured,,,,,6.7455,,ok,0.3607
220.1668,566,,,0.6645,,,,,,222.5768,r1_measured_02098,read,measured,,,,,1.3102,,ok,0.361
159.0525,418,,,0.3636,,,,,,161.3645,r1_measured_02099,read,measured,,,,,1.5135,,ok,0.3642
215.3046,568,,,0.5516,,,,,,219.2064,r1_measured_02100,read,measured,,,,,2.9301,,ok,0.3428
250.3123,679,,,0.6382,,,,,,253.4314,r1_measured_02101,read,measured,,,,,1.9936,,ok,0.3982
252.2922,680,,,0.5261,,,,,,256.9991,r1_measured_02102,read,measured,,,,,3.7619,,ok,0.3436
226.3927,627,,,0.8186,,,,,,230.0236,r1_measured_02103,read,measured,,,,,2.3543,,ok,0.3708
178.3211,509,,,0.8145,,,,,,182.2719,r1_measured_02104,read,measured,,,,,2.7018,,ok,0.3671
251.4116,680,,,0.6072,,,,,,255.601,r1_measured_02105,read,measured,,,,,3.138,,ok,0.3608
222.2284,628,,,0.9101,,,,,,228.986,r1_measured_02106,read,measured,,,,,5.3211,,ok,0.4386
239.7683,680,,,0.8262,,,,,,244.9994,r1_measured_02107,read,measured,,,,,3.9424,,ok,0.3685
160.9086,418,,,0.3144,,,,,,162.4673,r1_measured_02108,read,measured,,,,,0.822,,ok,0.3541
278.6944,678,,,0.7071,,,,,,284.3478,r1_measured_02109,read,measured,,,,,4.5072,,ok,0.3395
283.3898,681,,,0.752,,,,,,289.7257,r1_measured_02110,read,measured,,,,,5.1219,,ok,0.3725
282.441,689,,,0.6638,,,,,,287.9961,r1_measured_02111,read,measured,,,,,4.442,,ok,0.3691
239.1959,568,,,1.7722,,,,,,245.594,r1_measured_02112,read,measured,,,,,4.181,,ok,0.3755
177.5761,418,,,0.2973,,,,,,179.5608,r1_measured_02113,read,measured,,,,,1.2634,,ok,0.3532
291.8674,662,,,0.688,,,,,,293.8586,r1_measured_02114,read,measured,,,,,0.8623,,ok,0.3592
156.9529,369,,,0.2259,,,,,,159.2244,r1_measured_02115,read,measured,,,,,1.6744,,ok,0.3207
265.5366,567,,,0.5162,,,,,,269.259,r1_measured_02116,read,measured,,,,,2.8127,,ok,0.3372
178.865,419,,,0.2788,,,,,,180.7031,r1_measured_02117,read,measured,,,,,1.1614,,ok,0.3353
212.6544,508,,,0.5895,,,,,,218.1171,r1_measured_02118,read,measured,,,,,4.4473,,ok,0.3547
420.4825,675,296.2971,4.2159,0.7536,53.4404,1,4.214,1,27.5611,427.0451,r1_measured_02119,update,measured,23.3452,6.5626,1,13.6044,5.3647,29.5795,ok,0.362
177.4067,418,,,0.3656,,,,,,179.607,r1_measured_02120,read,measured,,,,,1.4331,,ok,0.3313
264.9818,680,,,0.6543,,,,,,270.4834,r1_measured_02121,read,measured,,,,,4.4405,,ok,0.3369
276.3486,679,,,0.5578,,,,,,281.6836,r1_measured_02122,read,measured,,,,,4.3516,,ok,0.3445
179.3238,508,,,0.5906,,,,,,184.0906,r1_measured_02123,read,measured,,,,,3.763,,ok,0.3436
258.1065,567,,,0.5263,,,,,,262.9611,r1_measured_02124,read,measured,,,,,3.8963,,ok,0.3549
143.9771,417,,,0.2697,,,,,,145.4437,r1_measured_02125,read,measured,,,,,0.7957,,ok,0.3384
193.5221,418,,,0.4572,,,,,,196.1263,r1_measured_02126,read,measured,,,,,1.7001,,ok,0.376
257.538,568,,,0.6783,,,,,,262.4106,r1_measured_02127,read,measured,,,,,3.7397,,ok,0.3755
207.218,418,,,0.2855,,,,,,209.6938,r1_measured_02128,read,measured,,,,,1.7858,,ok,0.3456
234.7159,508,,,0.708,,,,,,238.4566,r1_measured_02129,read,measured,,,,,2.5631,,ok,0.3853
290.5254,628,,,0.595,,,,,,294.3458,r1_measured_02130,read,measured,,,,,2.7759,,ok,0.3511
310.7574,678,,,0.8218,,,,,,316.92,r1_measured_02131,read,measured,,,,,4.9162,,ok,0.3517
218.5352,567,,,0.5157,,,,,,222.6499,r1_measured_02132,read,measured,,,,,3.1464,,ok,0.3807
159.6404,417,,,0.3031,,,,,,161.5127,r1_measured_02133,read,measured,,,,,1.1622,,ok,0.3421
240.9858,627,,,0.5468,,,,,,244.4259,r1_measured_02134,read,measured,,,,,2.4659,,ok,0.3525
141.0663,369,,,0.3892,,,,,,142.6501,r1_measured_02135,read,measured,,,,,0.7728,,ok,0.3575
199.6636,507,,,0.5465,,,,,,201.8474,r1_measured_02136,read,measured,,,,,1.2132,,ok,0.3536
202.4213,508,,,0.7215,,,,,,206.7916,r1_measured_02137,read,measured,,,,,3.1967,,ok,0.382
162.5895,417,,,0.3033,,,,,,164.4216,r1_measured_02138,read,measured,,,,,1.1045,,ok,0.3607
197.8395,509,,,0.5979,,,,,,203.7302,r1_measured_02139,read,measured,,,,,4.8537,,ok,0.3641
273.111,680,,,0.8852,,,,,,276.8569,r1_measured_02140,read,measured,,,,,2.3815,,ok,0.3967
242.9348,628,,,0.8352,,,,,,251.9194,r1_measured_02141,read,measured,,,,,7.6762,,ok,0.3681
201.0489,508,,,0.6262,,,,,,206.3881,r1_measured_02142,read,measured,,,,,4.237,,ok,0.3944
209.4362,509,,,0.7284,,,,,,215.3177,r1_measured_02143,read,measured,,,,,4.7153,,ok,0.3697
274.1993,680,,,0.807,,,,,,281.5231,r1_measured_02144,read,measured,,,,,6.0387,,ok,0.3726
298.9475,674,,,0.6197,,,,,,314.6802,r1_measured_02145,read,measured,,,,,14.655,,ok,0.3781
279.1684,681,,,0.717,,,,,,285.4868,r1_measured_02146,read,measured,,,,,5.1505,,ok,0.3673
200.6897,509,,,0.6591,,,,,,205.9809,r1_measured_02147,read,measured,,,,,4.1659,,ok,0.3832
281.9856,681,,,0.705,,,,,,286.4283,r1_measured_02148,read,measured,,,,,3.3285,,ok,0.3408
158.9228,368,,,0.2556,,,,,,160.834,r1_measured_02149,read,measured,,,,,1.2127,,ok,0.384
214.3188,567,,,0.5181,,,,,,219.1482,r1_measured_02150,read,measured,,,,,3.8914,,ok,0.3484
283.5615,679,,,0.6207,,,,,,288.5784,r1_measured_02151,read,measured,,,,,3.9523,,ok,0.3657
280.7157,689,,,0.9459,,,,,,288.4737,r1_measured_02152,read,measured,,,,,6.2875,,ok,0.4427
364.6972,688,257.8645,3.9308,0.7769,50.1424,0,3.9289,1,29.5281,370.6592,r1_measured_02153,update,measured,25.5973,5.962,1,0.0049,4.6677,27.1573,ok,0.432
267.2629,674,,,0.6982,,,,,,272.3961,r1_measured_02154,read,measured,,,,,4.0357,,ok,0.3269
218.7382,568,,,0.6778,,,,,,221.8634,r1_measured_02155,read,measured,,,,,2.0072,,ok,0.361
225.4155,567,,,0.4778,,,,,,230.4593,r1_measured_02156,read,measured,,,,,4.1804,,ok,0.3263
255.8782,679,,,0.5834,,,,,,261.8382,r1_measured_02157,read,measured,,,,,4.9574,,ok,0.3432
232.0071,629,,,0.5072,,,,,,237.1357,r1_measured_02158,read,measured,,,,,4.2185,,ok,0.339
156.6439,418,,,0.2818,,,,,,158.2593,r1_measured_02159,read,measured,,,,,0.9303,,ok,0.3395
140.4223,369,,,0.3599,,,,,,142.0468,r1_measured_02160,read,measured,,,,,0.8206,,ok,0.3811
249.8832,680,,,0.6061,,,,,,255.4707,r1_measured_02161,read,measured,,,,,4.5395,,ok,0.3597
247.2435,663,,,0.7257,,,,,,250.0707,r1_measured_02162,read,measured,,,,,1.6787,,ok,0.3509
142.5646,369,,,0.2878,,,,,,144.4542,r1_measured_02163,read,measured,,,,,1.1995,,ok,0.3362
198.7253,508,,,0.6743,,,,,,201.9266,r1_measured_02164,read,measured,,,,,2.0518,,ok,0.3973
207.9856,567,,,0.6978,,,,,,212.44,r1_measured_02165,read,measured,,,,,3.2401,,ok,0.4371
246.2919,662,,,0.5727,,,,,,251.1207,r1_measured_02166,read,measured,,,,,3.8248,,ok,0.3498
244.5185,662,,,0.9587,,,,,,247.8797,r1_measured_02167,read,measured,,,,,1.9781,,ok,0.3558
226.4497,627,,,1.4423,,,,,,230.5484,r1_measured_02168,read,measured,,,,,2.233,,ok,0.3549
209.8895,568,,,0.5914,,,,,,214.4737,r1_measured_02169,read,measured,,,,,3.5762,,ok,0.3425
251.336,680,,,0.792,,,,,,255.6475,r1_measured_02170,read,measured,,,,,3.094,,ok,0.343
255.8527,689,,,0.574,,,,,,260.4167,r1_measured_02171,read,measured,,,,,3.5263,,ok,0.386
260.6189,680,,,0.6963,,,,,,263.1652,r1_measured_02172,read,measured,,,,,1.419,,ok,0.3529
232.6931,628,,,0.5885,,,,,,239.2176,r1_measured_02173,read,measured,,,,,5.5314,,ok,0.338
255.3797,677,,,0.7083,,,,,,261.4349,r1_measured_02174,read,measured,,,,,4.9124,,ok,0.3589
237.0317,681,,,0.6869,,,,,,239.8787,r1_measured_02175,read,measured,,,,,1.7483,,ok,0.3345
242.5476,675,,,0.7048,,,,,,253.6324,r1_measured_02176,read,measured,,,,,9.739,,ok,0.5091
252.7926,679,,,0.6717,,,,,,257.8532,r1_measured_02177,read,measured,,,,,3.9628,,ok,0.3468
231.6418,628,,,0.5606,,,,,,236.0954,r1_measured_02178,read,measured,,,,,3.4821,,ok,0.3384
254.8876,689,,,0.6598,,,,,,258.7727,r1_measured_02179,read,measured,,,,,2.7711,,ok,0.3743
252.8602,663,,,0.8782,,,,,,255.3022,r1_measured_02180,read,measured,,,,,1.1044,,ok,0.3797
250.816,678,,,0.6397,,,,,,255.8377,r1_measured_02181,read,measured,,,,,3.9192,,ok,0.389
257.1747,675,,,0.6491,,,,,,261.4767,r1_measured_02182,read,measured,,,,,3.2366,,ok,0.3395
252.8337,680,,,0.7129,,,,,,257.9443,r1_measured_02183,read,measured,,,,,3.9942,,ok,0.3372
253.2033,673,,,0.5434,,,,,,258.8847,r1_measured_02184,read,measured,,,,,4.747,,ok,0.3236
256.8931,680,,,0.5993,,,,,,260.8302,r1_measured_02185,read,measured,,,,,2.9058,,ok,0.3534
260.9356,681,,,0.6499,,,,,,266.4276,r1_measured_02186,read,measured,,,,,4.4212,,ok,0.3514
214.3094,568,,,0.518,,,,,,217.9529,r1_measured_02187,read,measured,,,,,2.7068,,ok,0.3487
229.072,627,,,0.6027,,,,,,233.7168,r1_measured_02188,read,measured,,,,,3.6195,,ok,0.3489
247.6486,629,,,0.6135,,,,,,252.2198,r1_measured_02189,read,measured,,,,,3.5418,,ok,0.3376
127.4341,369,,,0.2483,,,,,,129.1433,r1_measured_02190,read,measured,,,,,1.0896,,ok,0.3236
251.1104,663,,,0.6841,,,,,,257.2663,r1_measured_02191,read,measured,,,,,5.0367,,ok,0.3585
186.5142,509,,,0.6445,,,,,,190.0054,r1_measured_02192,read,measured,,,,,2.3285,,ok,0.4505
244.9665,678,,,0.635,,,,,,252.0982,r1_measured_02193,read,measured,,,,,6.0688,,ok,0.3511
146.0765,417,,,0.3614,,,,,,148.2691,r1_measured_02194,read,measured,,,,,1.4403,,ok,0.3381
250.4433,661,,,0.5039,,,,,,253.4699,r1_measured_02195,read,measured,,,,,2.0571,,ok,0.385
263.1627,681,,,0.556,,,,,,267.0908,r1_measured_02196,read,measured,,,,,2.9464,,ok,0.3482
209.0872,568,,,0.616,,,,,,212.8992,r1_measured_02197,read,measured,,,,,2.7951,,ok,0.3366
162.4882,418,,,0.3112,,,,,,164.1937,r1_measured_02198,read,measured,,,,,1.0085,,ok,0.3262
136.4234,368,,,0.245,,,,,,138.5287,r1_measured_02199,read,measured,,,,,1.4622,,ok,0.338
242.1381,680,,,0.6777,,,,,,248.1235,r1_measured_02200,read,measured,,,,,4.7928,,ok,0.4247
251.2167,679,,,0.7401,,,,,,257.7965,r1_measured_02201,read,measured,,,,,5.383,,ok,0.3757
245.3339,674,,,0.7437,,,,,,249.3548,r1_measured_02202,read,measured,,,,,2.8287,,ok,0.3499
254.1186,680,,,0.6676,,,,,,257.9428,r1_measured_02203,read,measured,,,,,2.7287,,ok,0.3502
255.7923,687,,,0.8085,,,,,,260.0624,r1_measured_02204,read,measured,,,,,3.0238,,ok,0.3639
257.4571,679,,,0.6083,,,,,,263.0622,r1_measured_02205,read,measured,,,,,4.5862,,ok,0.3332
151.1491,418,,,0.2611,,,,,,152.873,r1_measured_02206,read,measured,,,,,1.0582,,ok,0.3489
254.7212,674,,,0.6847,,,,,,258.0634,r1_measured_02207,read,measured,,,,,2.2078,,ok,0.3689
253.6453,679,,,0.6887,,,,,,258.0049,r1_measured_02208,read,measured,,,,,3.2302,,ok,0.3618
246.5164,679,,,0.6089,,,,,,250.3471,r1_measured_02209,read,measured,,,,,2.8031,,ok,0.3499
252.6323,674,,,0.8774,,,,,,258.2201,r1_measured_02210,read,measured,,,,,4.262,,ok,0.3684
246.1279,674,,,0.688,,,,,,251.4101,r1_measured_02211,read,measured,,,,,4.1751,,ok,0.3457
253.325,681,,,0.6997,,,,,,260.5263,r1_measured_02212,read,measured,,,,,6.0583,,ok,0.3566
250.7792,688,,,0.9328,,,,,,257.2392,r1_measured_02213,read,measured,,,,,4.8773,,ok,0.5289
256.1433,688,,,0.6553,,,,,,262.437,r1_measured_02214,read,measured,,,,,5.1613,,ok,0.3852
238.7901,662,,,0.7923,,,,,,242.5649,r1_measured_02215,read,measured,,,,,2.4811,,ok,0.4193
269.7486,661,,,0.7327,,,,,,272.1284,r1_measured_02216,read,measured,,,,,1.2168,,ok,0.354
273.4226,680,,,0.7734,,,,,,276.141,r1_measured_02217,read,measured,,,,,1.5254,,ok,0.3423
185.6461,417,,,0.2987,,,,,,187.8121,r1_measured_02218,read,measured,,,,,1.4697,,ok,0.3312
155.5598,368,,,0.2436,,,,,,157.0642,r1_measured_02219,read,measured,,,,,0.8561,,ok,0.3443
305.942,508,182.9541,8.3902,0.6788,40.6308,1,8.3883,1,37.0056,312.3682,r1_measured_02220,update,measured,28.6154,6.4262,1,20.7083,5.2235,24.6432,ok,0.4487
226.9424,568,,,0.6368,,,,,,232.7258,r1_measured_02221,read,measured,,,,,4.7384,,ok,0.3352
246.9356,628,,,1.0721,,,,,,253.0474,r1_measured_02222,read,measured,,,,,4.6063,,ok,0.3549
224.7406,566,,,0.6378,,,,,,228.1766,r1_measured_02223,read,measured,,,,,2.3775,,ok,0.3502
309.0057,680,,,0.8553,,,,,,313.8009,r1_measured_02224,read,measured,,,,,3.4433,,ok,0.4109
308.8631,680,,,0.9467,,,,,,316.764,r1_measured_02225,read,measured,,,,,6.5218,,ok,0.3594
277.1619,568,,,0.5722,,,,,,282.835,r1_measured_02226,read,measured,,,,,4.6419,,ok,0.379
284.3144,624,,,0.6601,,,,,,292.9775,r1_measured_02227,read,measured,,,,,7.5401,,ok,0.3872
304.318,663,,,1.5218,,,,,,308.6247,r1_measured_02228,read,measured,,,,,2.3482,,ok,0.3582
351.5371,509,198.6707,5.9545,0.7733,40.4202,1,5.9524,1,29.7952,356.122,r1_measured_02229,update,measured,23.8407,4.5849,1,17.4401,3.3975,65.2109,ok,0.3484
264.2279,566,,,0.719,,,,,,270.666,r1_measured_02230,read,measured,,,,,5.278,,ok,0.3626
235.4606,508,,,0.9469,,,,,,241.0002,r1_measured_02231,read,measured,,,,,4.1648,,ok,0.3588
196.5902,509,,,0.7553,,,,,,201.8599,r1_measured_02232,read,measured,,,,,4.0875,,ok,0.3542
188.9821,509,,,0.8029,,,,,,194.2092,r1_measured_02233,read,measured,,,,,4.0033,,ok,0.3482
257.5512,673,,,1.2123,,,,,,261.2971,r1_measured_02234,read,measured,,,,,2.0884,,ok,0.3607
254.6953,680,,,0.8518,,,,,,258.1656,r1_measured_02235,read,measured,,,,,2.1868,,ok,0.3525
213.416,568,,,1.0095,,,,,,218.2295,r1_measured_02236,read,measured,,,,,3.369,,ok,0.3624
239.1709,627,,,0.5554,,,,,,245.5534,r1_measured_02237,read,measured,,,,,5.4008,,ok,0.3491
255.726,674,,,0.7017,,,,,,260.5863,r1_measured_02238,read,measured,,,,,3.7106,,ok,0.3658
256.0899,680,,,0.6154,,,,,,261.5745,r1_measured_02239,read,measured,,,,,4.4077,,ok,0.3817
241.329,680,,,0.6431,,,,,,247.5124,r1_measured_02240,read,measured,,,,,5.123,,ok,0.3462
189.2267,509,,,0.5085,,,,,,196.5978,r1_measured_02241,read,measured,,,,,6.4306,,ok,0.3609
163.0521,418,,,0.4357,,,,,,165.4304,r1_measured_02242,read,measured,,,,,1.1942,,ok,0.6454
227.253,509,,,0.9082,,,,,,231.8948,r1_measured_02243,read,measured,,,,,3.3422,,ok,0.3326
279.4836,678,,,0.7225,,,,,,283.6712,r1_measured_02244,read,measured,,,,,3.0274,,ok,0.3542
285.0327,689,,,0.7907,,,,,,290.6099,r1_measured_02245,read,measured,,,,,4.3313,,ok,0.3754
186.562,418,,,0.2716,,,,,,189.0596,r1_measured_02246,read,measured,,,,,1.8185,,ok,0.3532
283.306,674,,,0.8961,,,,,,290.6997,r1_measured_02247,read,measured,,,,,5.8549,,ok,0.5332
400.8081,680,267.8547,4.813,0.7612,50.0008,0,4.811,1,31.3247,405.1157,r1_measured_02248,update,measured,26.5117,4.3076,1,24.1762,3.1138,27.4517,ok,0.353
305.381,680,,,0.6171,,,,,,311.1567,r1_measured_02249,read,measured,,,,,4.7099,,ok,0.3696
186.8676,418,,,0.3586,,,,,,189.029,r1_measured_02250,read,measured,,,,,1.4061,,ok,0.3333
266.7743,663,,,0.7194,,,,,,271.25,r1_measured_02251,read,measured,,,,,3.3512,,ok,0.3291
281.5066,686,,,0.7777,,,,,,286.2958,r1_measured_02252,read,measured,,,,,3.5917,,ok,0.3438
155.2893,367,,,0.2623,,,,,,157.6234,r1_measured_02253,read,measured,,,,,1.6933,,ok,0.3236
282.1309,417,188.4629,3.6642,0.2737,26.2901,1,3.6626,1,33.0025,283.9977,r1_measured_02254,update,measured,29.3383,1.8668,1,15.924,1.2102,18.4514,ok,0.3288
296.8791,686,,,0.7667,,,,,,300.313,r1_measured_02255,read,measured,,,,,2.2351,,ok,0.3539
284.3577,661,,,0.7335,,,,,,290.4881,r1_measured_02256,read,measured,,,,,4.8191,,ok,0.4913
136.1373,369,,,0.3819,,,,,,138.3244,r1_measured_02257,read,measured,,,,,1.3544,,ok,0.3784
309.5378,663,,,0.6852,,,,,,315.8019,r1_measured_02258,read,measured,,,,,5.0994,,ok,0.3916
184.6764,418,,,0.297,,,,,,186.8477,r1_measured_02259,read,measured,,,,,1.4031,,ok,0.4004
444.6126,689,302.1315,6.228,0.7701,58.999,1,6.226,1,33.5143,449.2399,r1_measured_02260,update,measured,27.2863,4.6273,1,20.4958,3.4526,29.472,ok,0.3298
306.88,662,,,0.7325,,,,,,311.5474,r1_measured_02261,read,measured,,,,,3.5231,,ok,0.3451
291.8967,628,,,0.9329,,,,,,294.9789,r1_measured_02262,read,measured,,,,,1.5907,,ok,0.4754
295.7595,629,,,0.7333,,,,,,299.0308,r1_measured_02263,read,measured,,,,,2.0001,,ok,0.4538
306.2453,680,,,0.9115,,,,,,312.4577,r1_measured_02264,read,measured,,,,,4.8471,,ok,0.3835
189.0062,417,,,0.2859,,,,,,190.6955,r1_measured_02265,read,measured,,,,,0.9885,,ok,0.3519
256.5386,369,159.0816,4.8627,0.266,35.412,1,4.8608,1,24.0674,259.9773,r1_measured_02266,update,measured,19.2047,3.4387,1,13.2403,2.7758,24.7373,ok,0.3337
288.3189,674,,,0.6969,,,,,,294.7309,r1_measured_02267,read,measured,,,,,5.2792,,ok,0.3585
250.629,369,151.4499,4.1986,0.2598,32.7294,0,4.1967,1,28.5886,252.8549,r1_measured_02268,update,measured,24.39,2.2259,1,16.6592,1.5364,21.2019,ok,0.3722
226.7063,508,,,0.6634,,,,,,231.739,r1_measured_02269,read,measured,,,,,3.9395,,ok,0.3696
269.9653,629,,,0.8172,,,,,,277.4144,r1_measured_02270,read,measured,,,,,6.2062,,ok,0.3505
160.1563,368,,,0.2528,,,,,,161.8889,r1_measured_02271,read,measured,,,,,1.0794,,ok,0.3469
339.9646,567,217.7993,6.4134,0.473,42.2782,1,6.4113,1,34.9942,343.4449,r1_measured_02272,update,measured,28.5808,3.4803,1,19.4018,2.6007,25.4911,ok,0.3422
272.0409,674,,,0.7654,,,,,,279.9395,r1_measured_02273,read,measured,,,,,6.722,,ok,0.3444
232.6066,567,,,0.8211,,,,,,236.1083,r1_measured_02274,read,measured,,,,,2.261,,ok,0.3488
160.5337,418,,,0.2585,,,,,,161.9906,r1_measured_02275,read,measured,,,,,0.8035,,ok,0.3437
195.982,509,,,0.8331,,,,,,200.1106,r1_measured_02276,read,measured,,,,,2.8812,,ok,0.3398
253.6401,674,,,0.6744,,,,,,260.3172,r1_measured_02277,read,measured,,,,,5.5501,,ok,0.3819
254.6953,681,,,0.8228,,,,,,258.9086,r1_measured_02278,read,measured,,,,,2.9653,,ok,0.3503
191.1423,509,,,1.7192,,,,,,197.1761,r1_measured_02279,read,measured,,,,,3.9239,,ok,0.3233
251.3197,678,,,0.617,,,,,,254.6762,r1_measured_02280,read,measured,,,,,2.2957,,ok,0.3688
254.8663,689,,,0.6046,,,,,,259.0934,r1_measured_02281,read,measured,,,,,3.2147,,ok,0.3393
250.4285,688,,,0.5649,,,,,,258.9101,r1_measured_02282,read,measured,,,,,7.3799,,ok,0.4615
187.502,509,,,1.3887,,,,,,191.7557,r1_measured_02283,read,measured,,,,,2.4528,,ok,0.3469
249.6525,680,,,0.694,,,,,,257.1431,r1_measured_02284,read,measured,,,,,6.3707,,ok,0.3459
248.6803,627,,,1.2562,,,,,,261.1663,r1_measured_02285,read,measured,,,,,10.4708,,ok,0.6165
209.6692,568,,,0.6602,,,,,,214.26,r1_measured_02286,read,measured,,,,,3.534,,ok,0.331
300.4149,681,,,0.5582,,,,,,305.5693,r1_measured_02287,read,measured,,,,,4.1843,,ok,0.3323
276.5075,689,,,0.9391,,,,,,281.069,r1_measured_02288,read,measured,,,,,3.1756,,ok,0.3686
289.4369,661,,,0.5895,,,,,,293.9062,r1_measured_02289,read,measured,,,,,3.4422,,ok,0.3414
278.4259,662,,,0.7622,,,,,,285.3976,r1_measured_02290,read,measured,,,,,5.7741,,ok,0.3631
273.8692,673,,,0.638,,,,,,279.2174,r1_measured_02291,read,measured,,,,,4.2608,,ok,0.3756
398.872,678,259.8134,8.3634,0.7971,47.469,1,8.3613,1,38.2652,403.9631,r1_measured_02292,update,measured,29.9018,5.0911,1,25.9706,3.8683,27.3538,ok,0.3505
292.2095,663,,,0.7648,,,,,,295.8155,r1_measured_02293,read,measured,,,,,2.4148,,ok,0.3497
175.0774,418,,,0.2688,,,,,,176.3772,r1_measured_02294,read,measured,,,,,0.6303,,ok,0.3369
248.3212,628,,,0.6773,,,,,,252.2954,r1_measured_02295,read,measured,,,,,2.8567,,ok,0.3643
215.5348,568,,,0.5051,,,,,,219.0392,r1_measured_02296,read,measured,,,,,2.6103,,ok,0.3271
249.4814,663,,,0.8375,,,,,,253.0364,r1_measured_02297,read,measured,,,,,2.2927,,ok,0.3477
249.4413,674,,,0.5999,,,,,,256.9858,r1_measured_02298,read,measured,,,,,6.5236,,ok,0.3449
249.3854,680,,,0.8368,,,,,,254.5728,r1_measured_02299,read,measured,,,,,3.9203,,ok,0.3608
147.407,417,,,0.2713,,,,,,149.1247,r1_measured_02300,read,measured,,,,,1.052,,ok,0.3379
172.7255,417,,,0.3378,,,,,,174.7527,r1_measured_02301,read,measured,,,,,1.2848,,ok,0.3399
248.1985,674,,,0.6214,,,,,,252.0725,r1_measured_02302,read,measured,,,,,2.8301,,ok,0.3404
254.7916,688,,,0.5006,,,,,,260.8241,r1_measured_02303,read,measured,,,,,5.134,,ok,0.3347
230.9838,680,,,1.1692,,,,,,238.6301,r1_measured_02304,read,measured,,,,,6.0773,,ok,0.3283
243.7288,681,,,0.6796,,,,,,248.128,r1_measured_02305,read,measured,,,,,3.2748,,ok,0.3634
262.5289,628,,,0.6814,,,,,,266.6406,r1_measured_02306,read,measured,,,,,3.0186,,ok,0.3416
277.0102,679,,,0.6403,,,,,,280.5923,r1_measured_02307,read,measured,,,,,2.5324,,ok,0.3379
272.8761,662,,,0.473,,,,,,281.7122,r1_measured_02308,read,measured,,,,,7.9617,,ok,0.322
146.5042,418,,,0.2672,,,,,,148.0375,r1_measured_02309,read,measured,,,,,0.8299,,ok,0.3781
198.7648,418,,,0.3985,,,,,,201.0928,r1_measured_02310,read,measured,,,,,1.4537,,ok,0.4034
340.3508,681,,,0.8136,,,,,,346.0771,r1_measured_02311,read,measured,,,,,4.3745,,ok,0.438
454.8255,662,313.5895,6.3223,0.6436,56.8916,1,6.3207,1,34.9578,457.2047,r1_measured_02312,update,measured,28.6355,2.3792,1,20.6751,1.2448,28.7115,ok,0.4048
326.0083,680,,,0.9154,,,,,,330.1665,r1_measured_02313,read,measured,,,,,2.7738,,ok,0.3809
334.3003,674,,,0.6817,,,,,,338.4417,r1_measured_02314,read,measured,,,,,2.9793,,ok,0.3956
311.6353,680,,,0.8222,,,,,,319.6442,r1_measured_02315,read,measured,,,,,6.6835,,ok,0.3964
310.7838,663,,,0.7742,,,,,,318.4399,r1_measured_02316,read,measured,,,,,6.4286,,ok,0.3741
305.0206,628,,,1.3608,,,,,,312.505,r1_measured_02317,read,measured,,,,,5.6326,,ok,0.4096
312.4689,629,,,0.8594,,,,,,321.764,r1_measured_02318,read,measured,,,,,7.9622,,ok,0.3973
254.1481,628,,,0.5997,,,,,,259.4087,r1_measured_02319,read,measured,,,,,4.2239,,ok,0.3526
158.0191,369,,,0.311,,,,,,160.4435,r1_measured_02320,read,measured,,,,,1.6684,,ok,0.3781
258.7569,663,,,0.8937,,,,,,265.3688,r1_measured_02321,read,measured,,,,,5.1389,,ok,0.4819
206.7383,509,,,0.5502,,,,,,211.1699,r1_measured_02322,read,measured,,,,,3.4801,,ok,0.3226
254.0344,681,,,0.8124,,,,,,259.653,r1_measured_02323,read,measured,,,,,4.3547,,ok,0.3611
265.54,689,,,0.5821,,,,,,271.0622,r1_measured_02324,read,measured,,,,,4.5184,,ok,0.341
267.3476,681,,,0.7502,,,,,,272.8728,r1_measured_02325,read,measured,,,,,4.3384,,ok,0.347
245.1733,663,,,0.7299,,,,,,249.2236,r1_measured_02326,read,measured,,,,,2.8117,,ok,0.4147
226.0678,568,,,0.5521,,,,,,230.951,r1_measured_02327,read,measured,,,,,3.9169,,ok,0.3428
218.6724,567,,,0.9806,,,,,,225.0829,r1_measured_02328,read,measured,,,,,4.9565,,ok,0.3712
256.1902,679,,,0.9868,,,,,,264.8263,r1_measured_02329,read,measured,,,,,7.153,,ok,0.4161
249.8285,674,,,0.7047,,,,,,255.9341,r1_measured_02330,read,measured,,,,,4.9567,,ok,0.362
272.1745,681,,,1.1846,,,,,,279.1355,r1_measured_02331,read,measured,,,,,5.3063,,ok,0.3775
255.8865,675,,,0.8188,,,,,,262.2253,r1_measured_02332,read,measured,,,,,5.0776,,ok,0.3523
148.7641,417,,,0.4367,,,,,,152.5564,r1_measured_02333,read,measured,,,,,2.9208,,ok,0.3535
190.891,508,,,0.4882,,,,,,197.2224,r1_measured_02334,read,measured,,,,,5.4038,,ok,0.3651
160.0954,418,,,0.3929,,,,,,162.4118,r1_measured_02335,read,measured,,,,,1.4761,,ok,0.3721
202.5391,509,,,0.6103,,,,,,208.4446,r1_measured_02336,read,measured,,,,,4.8591,,ok,0.3617
232.9209,628,,,0.7764,,,,,,235.7197,r1_measured_02337,read,measured,,,,,1.5476,,ok,0.3846
253.8466,681,,,0.6549,,,,,,258.1965,r1_measured_02338,read,measured,,,,,3.1361,,ok,0.4692
206.1347,567,,,0.675,,,,,,209.5101,r1_measured_02339,read,measured,,,,,2.2398,,ok,0.3792
245.159,679,,,0.7556,,,,,,251.2094,r1_measured_02340,read,measured,,,,,4.7335,,ok,0.4611
241.3186,674,,,0.9861,,,,,,246.0465,r1_measured_02341,read,measured,,,,,3.2041,,ok,0.4459
234.6037,628,,,0.7822,,,,,,239.871,r1_measured_02342,read,measured,,,,,4.0216,,ok,0.3763
258.1818,689,,,0.6504,,,,,,262.3482,r1_measured_02343,read,measured,,,,,3.0665,,ok,0.3621
237.1977,628,,,0.8914,,,,,,242.9736,r1_measured_02344,read,measured,,,,,4.4384,,ok,0.3622
271.7174,680,,,0.6461,,,,,,277.0314,r1_measured_02345,read,measured,,,,,4.2211,,ok,0.3548
239.791,629,,,0.6642,,,,,,245.7673,r1_measured_02346,read,measured,,,,,4.8035,,ok,0.4081
262.8871,674,,,0.7594,,,,,,266.8317,r1_measured_02347,read,measured,,,,,2.7258,,ok,0.3645
272.7325,687,,,0.7718,,,,,,276.4306,r1_measured_02348,read,measured,,,,,2.45,,ok,0.3922
163.2716,418,,,0.3273,,,,,,165.2802,r1_measured_02349,read,measured,,,,,1.2537,,ok,0.3574
203.7303,566,,,0.6861,,,,,,209.1139,r1_measured_02350,read,measured,,,,,4.2388,,ok,0.3749
190.6298,509,,,0.5796,,,,,,195.0528,r1_measured_02351,read,measured,,,,,3.3948,,ok,0.3746
214.8219,568,,,0.5876,,,,,,220.8345,r1_measured_02352,read,measured,,,,,4.9775,,ok,0.3593
220.888,568,,,0.6061,,,,,,225.1962,r1_measured_02353,read,measured,,,,,3.211,,ok,0.3883
242.5787,679,,,0.6853,,,,,,244.6169,r1_measured_02354,read,measured,,,,,0.9028,,ok,0.3633
250.8485,680,,,0.6516,,,,,,255.0755,r1_measured_02355,read,measured,,,,,3.0893,,ok,0.3736
259.6399,680,,,0.7115,,,,,,266.4963,r1_measured_02356,read,measured,,,,,5.7173,,ok,0.3475
235.3394,627,,,0.5548,,,,,,239.9691,r1_measured_02357,read,measured,,,,,3.6276,,ok,0.3627
257.8987,689,,,0.7847,,,,,,261.6905,r1_measured_02358,read,measured,,,,,2.5364,,ok,0.3692
264.8604,689,,,0.7199,,,,,,267.9221,r1_measured_02359,read,measured,,,,,1.9044,,ok,0.3565
253.843,680,,,0.7662,,,,,,256.5159,r1_measured_02360,read,measured,,,,,1.4324,,ok,0.3867
249.0958,674,,,0.5821,,,,,,253.7833,r1_measured_02361,read,measured,,,,,3.6715,,ok,0.3502
238.793,629,,,0.9158,,,,,,244.2884,r1_measured_02362,read,measured,,,,,4.1262,,ok,0.3549
259.2708,680,,,0.614,,,,,,264.8001,r1_measured_02363,read,measured,,,,,4.4802,,ok,0.3524
239.9194,624,,,0.7775,,,,,,242.5621,r1_measured_02364,read,measured,,,,,1.4491,,ok,0.3483
151.415,417,,,0.2869,,,,,,153.5206,r1_measured_02365,read,measured,,,,,1.4351,,ok,0.3259
252.5301,680,,,0.772,,,,,,257.4301,r1_measured_02366,read,measured,,,,,3.6499,,ok,0.3781
260.1964,678,,,0.5723,,,,,,263.9893,r1_measured_02367,read,measured,,,,,2.7738,,ok,0.3624
252.4378,680,,,0.7363,,,,,,258.2221,r1_measured_02368,read,measured,,,,,4.4182,,ok,0.5088
260.0487,663,,,0.7001,,,,,,265.9149,r1_measured_02369,read,measured,,,,,4.7485,,ok,0.3302
218.2834,568,,,0.6217,,,,,,223.1938,r1_measured_02370,read,measured,,,,,3.726,,ok,0.4743
256.1722,679,,,0.7428,,,,,,261.099,r1_measured_02371,read,measured,,,,,3.7299,,ok,0.3661
237.9125,628,,,0.8125,,,,,,243.8528,r1_measured_02372,read,measured,,,,,4.685,,ok,0.36
165.7986,419,,,0.3088,,,,,,167.8991,r1_measured_02373,read,measured,,,,,1.3926,,ok,0.3274
247.6899,629,,,0.772,,,,,,254.2373,r1_measured_02374,read,measured,,,,,5.3329,,ok,0.3576
268.868,679,,,0.7023,,,,,,273.258,r1_measured_02375,read,measured,,,,,3.2031,,ok,0.3848
246.0309,680,,,0.8128,,,,,,251.4814,r1_measured_02376,read,measured,,,,,4.1382,,ok,0.4023
145.6241,418,,,0.3021,,,,,,146.9657,r1_measured_02377,read,measured,,,,,0.6327,,ok,0.3473
258.1433,689,,,0.6193,,,,,,261.9549,r1_measured_02378,read,measured,,,,,2.7688,,ok,0.351
229.6297,629,,,0.811,,,,,,233.4702,r1_measured_02379,read,measured,,,,,2.4754,,ok,0.4625
244.4554,679,,,0.7198,,,,,,250.3965,r1_measured_02380,read,measured,,,,,4.7697,,ok,0.3661
226.954,628,,,0.5965,,,,,,231.6271,r1_measured_02381,read,measured,,,,,3.6465,,ok,0.3579
249.4093,674,,,0.6988,,,,,,256.2923,r1_measured_02382,read,measured,,,,,5.6823,,ok,0.4085
234.0446,627,,,0.7317,,,,,,240.6037,r1_measured_02383,read,measured,,,,,5.3618,,ok,0.3777
151.8775,418,,,0.3131,,,,,,153.7309,r1_measured_02384,read,measured,,,,,1.1128,,ok,0.3577
255.513,680,,,0.6792,,,,,,261.3529,r1_measured_02385,read,measured,,,,,4.7001,,ok,0.3658
254.8663,663,,,0.7474,,,,,,260.0603,r1_measured_02386,read,measured,,,,,3.9623,,ok,0.3888
271.5562,681,,,0.9428,,,,,,280.1929,r1_measured_02387,read,measured,,,,,7.2108,,ok,0.3884
264.648,662,,,0.6242,,,,,,268.9953,r1_measured_02388,read,measured,,,,,3.2632,,ok,0.3749
218.5164,568,,,0.5985,,,,,,222.9074,r1_measured_02389,read,measured,,,,,3.325,,ok,0.3745
277.0727,673,,,0.9085,,,,,,282.5562,r1_measured_02390,read,measured,,,,,4.0481,,ok,0.4188
288.9007,680,,,0.6544,,,,,,294.26,r1_measured_02391,read,measured,,,,,4.2868,,ok,0.3348
282.1663,679,,,0.602,,,,,,288.1457,r1_measured_02392,read,measured,,,,,4.9104,,ok,0.3839
269.7761,627,,,0.669,,,,,,277.0699,r1_measured_02393,read,measured,,,,,6.214,,ok,0.334
281.4182,673,,,0.5526,,,,,,286.2315,r1_measured_02394,read,measured,,,,,3.8248,,ok,0.3596
275.4918,674,,,0.7414,,,,,,280.5562,r1_measured_02395,read,measured,,,,,3.9058,,ok,0.3506
275.1195,678,,,0.7926,,,,,,284.4511,r1_measured_02396,read,measured,,,,,7.9867,,ok,0.4596
259.3092,418,150.277,6.3086,0.2922,36.237,1,6.3066,1,34.0838,260.8483,r1_measured_02397,update,measured,27.7752,1.5391,1,19.4073,0.8256,19.3041,ok,0.3621
208.3891,508,,,1.0812,,,,,,217.7902,r1_measured_02398,read,measured,,,,,7.8789,,ok,0.369
273.6109,679,,,0.7759,,,,,,279.4233,r1_measured_02399,read,measured,,,,,4.5837,,ok,0.3688
210.8434,509,,,0.576,,,,,,213.9664,r1_measured_02400,read,measured,,,,,2.1445,,ok,0.3303
273.3246,680,,,0.5668,,,,,,276.7822,r1_measured_02401,read,measured,,,,,2.4812,,ok,0.3375
372.3443,674,248.0913,4.3763,0.6432,49.5272,1,4.3748,1,29.8257,379.9855,r1_measured_02402,update,measured,25.4494,7.6412,1,17.0619,6.422,27.8382,ok,0.4482
170.2316,418,,,0.3497,,,,,,171.8759,r1_measured_02403,read,measured,,,,,0.8969,,ok,0.3383
154.1216,368,,,0.2832,,,,,,157.0612,r1_measured_02404,read,measured,,,,,2.2605,,ok,0.3353
242.5226,624,,,0.8253,,,,,,245.6028,r1_measured_02405,read,measured,,,,,1.8423,,ok,0.3374
260.5418,663,,,0.7488,,,,,,263.6498,r1_measured_02406,read,measured,,,,,1.9288,,ok,0.3533
209.8828,567,,,0.6186,,,,,,214.9551,r1_measured_02407,read,measured,,,,,4.0293,,ok,0.3614
248.8768,678,,,0.8487,,,,,,253.475,r1_measured_02408,read,measured,,,,,3.3189,,ok,0.3506
245.7167,677,,,0.7187,,,,,,250.9431,r1_measured_02409,read,measured,,,,,4.0538,,ok,0.3707
251.2117,678,,,0.9494,,,,,,253.732,r1_measured_02410,read,measured,,,,,1.139,,ok,0.3662
209.4177,567,,,0.7175,,,,,,215.1492,r1_measured_02411,read,measured,,,,,4.6153,,ok,0.3247
257.7858,680,,,0.933,,,,,,263.844,r1_measured_02412,read,measured,,,,,4.6902,,ok,0.3542
244.3858,680,,,0.8615,,,,,,250.21,r1_measured_02413,read,measured,,,,,4.5237,,ok,0.3613
248.6971,663,,,0.8485,,,,,,254.763,r1_measured_02414,read,measured,,,,,4.7195,,ok,0.4106
242.282,629,,,0.7755,,,,,,247.0123,r1_measured_02415,read,measured,,,,,3.5113,,ok,0.3668
220.7703,566,,,0.5589,,,,,,226.7618,r1_measured_02416,read,measured,,,,,4.8988,,ok,0.4586
132.0935,368,,,0.2572,,,,,,134.2621,r1_measured_02417,read,measured,,,,,1.4979,,ok,0.351
260.5816,680,,,0.674,,,,,,265.2833,r1_measured_02418,read,measured,,,,,3.5616,,ok,0.3874
243.2795,628,,,0.6782,,,,,,247.5051,r1_measured_02419,read,measured,,,,,3.0862,,ok,0.3787
180.0913,418,,,0.297,,,,,,182.0813,r1_measured_02420,read,measured,,,,,1.2385,,ok,0.3862
317.1759,663,,,0.8624,,,,,,325.7931,r1_measured_02421,read,measured,,,,,7.2542,,ok,0.3981
203.6395,508,,,0.6763,,,,,,211.7208,r1_measured_02422,read,measured,,,,,6.9479,,ok,0.3747
306.2989,678,,,0.9552,,,,,,313.7083,r1_measured_02423,read,measured,,,,,5.9863,,ok,0.386
277.8913,568,,,1.1718,,,,,,284.252,r1_measured_02424,read,measured,,,,,4.741,,ok,0.364
290.5971,629,,,0.7397,,,,,,292.872,r1_measured_02425,read,measured,,,,,1.0831,,ok,0.3711
266.9704,568,,,0.7587,,,,,,271.1335,r1_measured_02426,read,measured,,,,,2.9662,,ok,0.3581
189.4229,369,,,0.3029,,,,,,191.0865,r1_measured_02427,read,measured,,,,,0.9149,,ok,0.3728
297.5235,663,,,0.7175,,,,,,301.0483,r1_measured_02428,read,measured,,,,,2.3247,,ok,0.3902
294.7679,689,,,0.7984,,,,,,299.2247,r1_measured_02429,read,measured,,,,,3.1907,,ok,0.3751
241.5773,629,,,0.7084,,,,,,248.2139,r1_measured_02430,read,measured,,,,,5.4597,,ok,0.3655
239.8407,629,,,0.5977,,,,,,248.1835,r1_measured_02431,read,measured,,,,,7.2765,,ok,0.3784
261.2444,678,,,0.6886,,,,,,265.6354,r1_measured_02432,read,measured,,,,,3.2082,,ok,0.3918
217.9549,568,,,0.7614,,,,,,221.2526,r1_measured_02433,read,measured,,,,,2.0535,,ok,0.3956
307.462,681,,,0.7417,,,,,,312.1115,r1_measured_02434,read,measured,,,,,3.4943,,ok,0.3417
231.475,568,,,0.604,,,,,,235.4747,r1_measured_02435,read,measured,,,,,2.9211,,ok,0.3885
229.9739,508,,,0.5384,,,,,,232.1572,r1_measured_02436,read,measured,,,,,1.2283,,ok,0.3431
192.3528,418,,,0.2548,,,,,,194.0188,r1_measured_02437,read,measured,,,,,1.0328,,ok,0.328
269.6427,627,,,0.4765,,,,,,273.4878,r1_measured_02438,read,measured,,,,,2.9454,,ok,0.3445
238.3591,568,,,0.5502,,,,,,242.0363,r1_measured_02439,read,measured,,,,,2.6666,,ok,0.383
277.459,663,,,0.6607,,,,,,280.9416,r1_measured_02440,read,measured,,,,,2.3711,,ok,0.3588
374.7306,679,246.0278,4.897,0.6583,57.3453,1,4.8951,1,26.7209,380.2481,r1_measured_02441,update,measured,21.8239,5.5175,1,14.8601,4.4205,29.7765,ok,0.3591
177.3721,419,,,0.4477,,,,,,180.0152,r1_measured_02442,read,measured,,,,,1.7801,,ok,0.3551
143.5431,418,,,0.3216,,,,,,145.5573,r1_measured_02443,read,measured,,,,,1.2526,,ok,0.3498
244.0101,680,,,0.5918,,,,,,247.614,r1_measured_02444,read,measured,,,,,2.5992,,ok,0.3472
227.9622,674,,,0.5417,,,,,,235.1842,r1_measured_02445,read,measured,,,,,6.2502,,ok,0.3497
195.289,508,,,0.5586,,,,,,198.812,r1_measured_02446,read,measured,,,,,2.5304,,ok,0.3616
212.7667,568,,,0.9068,,,,,,219.2517,r1_measured_02447,read,measured,,,,,5.1639,,ok,0.3381
157.6067,418,,,0.3269,,,,,,159.352,r1_measured_02448,read,measured,,,,,1.0262,,ok,0.3374
290.3999,662,,,0.5795,,,,,,297.1873,r1_measured_02449,read,measured,,,,,5.7831,,ok,0.3398
299.2746,681,,,0.7364,,,,,,302.5179,r1_measured_02450,read,measured,,,,,2.0749,,ok,0.3444
201.9518,419,,,0.2647,,,,,,203.4477,r1_measured_02451,read,measured,,,,,0.8529,,ok,0.3243
322.0833,680,,,0.7346,,,,,,327.5645,r1_measured_02452,read,measured,,,,,4.316,,ok,0.3559
307.4574,681,,,0.5698,,,,,,310.6212,r1_measured_02453,read,measured,,,,,2.1489,,ok,0.374
198.9875,418,,,0.375,,,,,,201.5383,r1_measured_02454,read,measured,,,,,1.701,,ok,0.4041
299.2657,629,,,0.7003,,,,,,305.928,r1_measured_02455,read,measured,,,,,5.5359,,ok,0.3478
402.1965,663,252.4543,5.4217,0.6326,61.638,0,5.4196,1,33.3224,405.8275,r1_measured_02456,update,measured,27.9007,3.631,1,22.4326,2.5963,32.3492,ok,0.3311
272.4369,689,,,0.8005,,,,,,277.2028,r1_measured_02457,read,measured,,,,,3.5434,,ok,0.3426
404.2549,680,283.4172,5.0235,1.3038,48.0623,1,5.0215,1,28.0692,409.285,r1_measured_02458,update,measured,23.0457,5.0301,1,18.1563,3.2525,26.5499,ok,0.3913
286.1538,689,,,1.0157,,,,,,290.6446,r1_measured_02459,read,measured,,,,,3.0402,,ok,0.3644
239.4292,624,,,0.6259,,,,,,243.9152,r1_measured_02460,read,measured,,,,,3.3273,,ok,0.4192
259.2187,624,,,0.5785,,,,,,262.4377,r1_measured_02461,read,measured,,,,,2.2118,,ok,0.3414
262.3875,628,,,0.7993,,,,,,268.274,r1_measured_02462,read,measured,,,,,4.6418,,ok,0.3638
157.2979,418,,,0.3707,,,,,,161.1496,r1_measured_02463,read,measured,,,,,2.9227,,ok,0.4684
287.9907,663,,,0.684,,,,,,292.0857,r1_measured_02464,read,measured,,,,,2.8944,,ok,0.417
289.1972,679,,,0.7647,,,,,,293.2711,r1_measured_02465,read,measured,,,,,2.8524,,ok,0.361
379.525,679,250.3537,5.0466,0.7081,55.2067,1,5.0442,1,28.8666,384.1564,r1_measured_02466,update,measured,23.82,4.6314,1,16.5029,3.456,28.5951,ok,0.3775
218.3403,509,,,0.538,,,,,,223.4375,r1_measured_02467,read,measured,,,,,4.1282,,ok,0.3449
280.4775,689,,,0.8359,,,,,,284.0274,r1_measured_02468,read,measured,,,,,2.2534,,ok,0.3561
248.3652,663,,,0.6211,,,,,,252.7271,r1_measured_02469,read,measured,,,,,3.2918,,ok,0.3553
257.3656,689,,,0.5721,,,,,,261.2595,r1_measured_02470,read,measured,,,,,2.8926,,ok,0.352
241.6272,675,,,0.6553,,,,,,246.1791,r1_measured_02471,read,measured,,,,,3.4534,,ok,0.3533
260.8488,688,,,0.6877,,,,,,269.3102,r1_measured_02472,read,measured,,,,,7.3385,,ok,0.3458
248.2994,680,,,0.8306,,,,,,252.9559,r1_measured_02473,read,measured,,,,,3.3692,,ok,0.3655
252.9419,689,,,0.6334,,,,,,257.0677,r1_measured_02474,read,measured,,,,,3.0091,,ok,0.3883
261.256,678,,,1.0068,,,,,,268.3274,r1_measured_02475,read,measured,,,,,5.5426,,ok,0.4202
271.3057,628,,,0.7288,,,,,,276.0846,r1_measured_02476,read,measured,,,,,3.6236,,ok,0.347
186.3596,508,,,0.9792,,,,,,191.4703,r1_measured_02477,read,measured,,,,,3.5894,,ok,0.4475
266.0252,680,,,0.7207,,,,,,269.7976,r1_measured_02478,read,measured,,,,,2.6318,,ok,0.3439
276.5976,672,,,0.7464,,,,,,281.7286,r1_measured_02479,read,measured,,,,,3.9574,,ok,0.3458
239.0317,567,,,0.5411,,,,,,243.6871,r1_measured_02480,read,measured,,,,,3.6575,,ok,0.3758
457.2276,680,291.9067,7.0065,0.6837,64.4765,1,7.0041,1,37.9061,464.1312,r1_measured_02481,update,measured,30.8996,6.9036,1,36.4863,5.5817,26.452,ok,0.5415
289.9632,689,,,0.6596,,,,,,295.9377,r1_measured_02482,read,measured,,,,,4.8476,,ok,0.3827
291.9925,680,,,0.8282,,,,,,298.9151,r1_measured_02483,read,measured,,,,,5.6032,,ok,0.3914
289.952,689,,,0.8948,,,,,,297.697,r1_measured_02484,read,measured,,,,,6.3561,,ok,0.3997
264.5853,679,,,0.7584,,,,,,270.9626,r1_measured_02485,read,measured,,,,,5.1534,,ok,0.3808
264.2029,680,,,0.5885,,,,,,268.2133,r1_measured_02486,read,measured,,,,,2.9618,,ok,0.3792
289.8424,678,,,0.6806,,,,,,294.1644,r1_measured_02487,read,measured,,,,,3.1682,,ok,0.3856
159.7801,369,,,0.2885,,,,,,163.3672,r1_measured_02488,read,measured,,,,,2.8808,,ok,0.3589
287.1836,674,,,0.6829,,,,,,294.4945,r1_measured_02489,read,measured,,,,,6.1439,,ok,0.4024
262.8889,663,,,1.2734,,,,,,267.862,r1_measured_02490,read,measured,,,,,3.2204,,ok,0.3948
175.8798,418,,,0.3196,,,,,,177.8505,r1_measured_02491,read,measured,,,,,1.1993,,ok,0.3824
272.3179,663,,,0.6732,,,,,,277.3932,r1_measured_02492,read,measured,,,,,3.9667,,ok,0.3518
161.7336,417,,,0.2938,,,,,,163.5946,r1_measured_02493,read,measured,,,,,1.1668,,ok,0.3437
268.8883,689,,,0.6472,,,,,,273.8489,r1_measured_02494,read,measured,,,,,3.8749,,ok,0.3589
233.9165,567,,,0.5307,,,,,,237.3321,r1_measured_02495,read,measured,,,,,2.4698,,ok,0.3464
281.94,662,,,0.6789,,,,,,285.1326,r1_measured_02496,read,measured,,,,,1.8985,,ok,0.5185
233.9017,509,,,0.7791,,,,,,237.1809,r1_measured_02497,read,measured,,,,,1.9996,,ok,0.4144
317.7857,679,,,0.7882,,,,,,324.3543,r1_measured_02498,read,measured,,,,,5.3657,,ok,0.347
305.9046,629,,,0.651,,,,,,311.1949,r1_measured_02499,read,measured,,,,,4.2164,,ok,0.3457
194.0711,418,,,0.3212,,,,,,196.5564,r1_measured_02500,read,measured,,,,,1.7216,,ok,0.3713
384.8143,628,252.1654,5.7963,0.5822,60.1442,0,5.7935,1,29.052,390.4265,r1_measured_02501,update,measured,23.2557,5.6122,1,20.4512,4.6274,23.0015,ok,0.3405
213.7575,418,,,0.2543,,,,,,216.1343,r1_measured_02502,read,measured,,,,,1.752,,ok,0.3225
193.9068,369,,,0.2453,,,,,,195.7108,r1_measured_02503,read,measured,,,,,1.1932,,ok,0.3163
240.9384,568,,,0.548,,,,,,244.6838,r1_measured_02504,read,measured,,,,,2.7729,,ok,0.3503
252.8432,418,145.5052,6.0555,0.2882,40.5419,0,6.0535,1,31.8338,254.7813,r1_measured_02505,update,measured,25.7783,1.9381,1,15.2218,1.2615,19.7405,ok,0.324
271.9321,689,,,0.6863,,,,,,280.159,r1_measured_02506,read,measured,,,,,7.1133,,ok,0.3471
216.8633,567,,,0.8128,,,,,,222.1727,r1_measured_02507,read,measured,,,,,4.0574,,ok,0.3706
228.2316,627,,,0.5864,,,,,,230.613,r1_measured_02508,read,measured,,,,,1.3628,,ok,0.3572
239.1499,673,,,0.5939,,,,,,242.1077,r1_measured_02509,read,measured,,,,,1.9625,,ok,0.3367
126.9165,369,,,0.2924,,,,,,127.9851,r1_measured_02510,read,measured,,,,,0.3091,,ok,0.4125
254.805,685,,,0.5749,,,,,,258.3153,r1_measured_02511,read,measured,,,,,2.5107,,ok,0.3575
239.2473,628,,,0.5573,,,,,,242.6525,r1_measured_02512,read,measured,,,,,2.4407,,ok,0.3418
200.9011,568,,,0.5229,,,,,,204.8898,r1_measured_02513,read,measured,,,,,3.0128,,ok,0.3828
150.787,417,,,0.2968,,,,,,152.9555,r1_measured_02514,read,measured,,,,,1.4556,,ok,0.3489
180.9674,509,,,0.5425,,,,,,186.2114,r1_measured_02515,read,measured,,,,,4.2785,,ok,0.3513
138.1717,369,,,0.266,,,,,,140.2331,r1_measured_02516,read,measured,,,,,1.3929,,ok,0.3384
189.7047,508,,,0.5378,,,,,,193.9793,r1_measured_02517,read,measured,,,,,3.3459,,ok,0.3194
161.2913,418,,,0.2617,,,,,,163.4951,r1_measured_02518,read,measured,,,,,1.5545,,ok,0.3344
285.1691,689,,,0.9566,,,,,,290.9779,r1_measured_02519,read,measured,,,,,4.4122,,ok,0.359
294.705,686,,,1.9503,,,,,,300.1961,r1_measured_02520,read,measured,,,,,3.0952,,ok,0.3691
281.2495,680,,,0.905,,,,,,285.7792,r1_measured_02521,read,measured,,,,,3.1265,,ok,0.3827
277.0044,663,,,1.142,,,,,,285.8686,r1_measured_02522,read,measured,,,,,7.2326,,ok,0.3995
284.76,689,,,0.6133,,,,,,292.9713,r1_measured_02523,read,measured,,,,,7.1335,,ok,0.3857
279.5638,680,,,0.7418,,,,,,286.6873,r1_measured_02524,read,measured,,,,,5.9214,,ok,0.3742
289.2365,688,,,0.6404,,,,,,294.7494,r1_measured_02525,read,measured,,,,,4.4419,,ok,0.346
286.544,678,,,0.565,,,,,,291.4834,r1_measured_02526,read,measured,,,,,3.8981,,ok,0.4018
228.9054,628,,,0.6543,,,,,,232.3575,r1_measured_02527,read,measured,,,,,2.3482,,ok,0.3601
253.6614,662,,,0.6197,,,,,,257.1978,r1_measured_02528,read,measured,,,,,2.454,,ok,0.355
259.1375,689,,,0.7507,,,,,,264.9174,r1_measured_02529,read,measured,,,,,4.4913,,ok,0.418
254.0601,679,,,1.7132,,,,,,258.9002,r1_measured_02530,read,measured,,,,,2.6675,,ok,0.3537
246.3911,662,,,0.7026,,,,,,251.7063,r1_measured_02531,read,measured,,,,,4.1052,,ok,0.4139
246.6534,679,,,0.7656,,,,,,254.3872,r1_measured_02532,read,measured,,,,,6.5301,,ok,0.3589
247.5592,678,,,0.6761,,,,,,253.8658,r1_measured_02533,read,measured,,,,,5.1745,,ok,0.361
141.0941,417,,,0.3202,,,,,,143.5796,r1_measured_02534,read,measured,,,,,1.6574,,ok,0.408
260.8148,689,,,0.6873,,,,,,265.3667,r1_measured_02535,read,measured,,,,,3.4103,,ok,0.3681
250.7467,675,,,0.7227,,,,,,255.1467,r1_measured_02536,read,measured,,,,,3.2312,,ok,0.3703
262.9976,681,,,0.7812,,,,,,267.7049,r1_measured_02537,read,measured,,,,,3.505,,ok,0.3407
217.0188,568,,,0.6514,,,,,,221.8345,r1_measured_02538,read,measured,,,,,3.7192,,ok,0.3653
268.3833,678,,,0.6892,,,,,,271.7071,r1_measured_02539,read,measured,,,,,2.1931,,ok,0.3564
153.0081,419,,,0.3277,,,,,,155.8112,r1_measured_02540,read,measured,,,,,2.0491,,ok,0.3565
209.6178,567,,,0.6074,,,,,,217.7716,r1_measured_02541,read,measured,,,,,7.0728,,ok,0.3817
260.0551,689,,,0.7049,,,,,,263.9882,r1_measured_02542,read,measured,,,,,2.7429,,ok,0.39
193.8848,417,,,0.2733,,,,,,195.5908,r1_measured_02543,read,measured,,,,,1.0489,,ok,0.3191
242.09,567,,,0.7105,,,,,,247.1401,r1_measured_02544,read,measured,,,,,3.9178,,ok,0.3452
274.9844,663,,,0.7738,,,,,,277.9741,r1_measured_02545,read,measured,,,,,1.7838,,ok,0.3535
276.8781,674,,,0.6834,,,,,,280.2102,r1_measured_02546,read,measured,,,,,2.1863,,ok,0.3763
204.3344,508,,,0.7083,,,,,,208.5916,r1_measured_02547,read,measured,,,,,3.1278,,ok,0.3624
276.4726,677,,,0.7542,,,,,,280.9424,r1_measured_02548,read,measured,,,,,3.25,,ok,0.357
165.9034,418,,,0.2927,,,,,,167.527,r1_measured_02549,read,measured,,,,,0.9051,,ok,0.3669
357.3269,681,253.5232,5.6832,1.4179,48.9109,1,5.6813,1,28.8294,361.5821,r1_measured_02550,update,measured,23.1462,4.2552,1,0.0063,2.41,26.0571,ok,0.3523
246.4281,675,,,0.7755,,,,,,251.2184,r1_measured_02551,read,measured,,,,,3.5848,,ok,0.3464
241.4256,663,,,0.5867,,,,,,244.7463,r1_measured_02552,read,measured,,,,,2.286,,ok,0.3582
190.1747,509,,,0.4906,,,,,,193.3875,r1_measured_02553,read,measured,,,,,2.2976,,ok,0.3519
135.1509,369,,,0.2592,,,,,,137.5985,r1_measured_02554,read,measured,,,,,1.7578,,ok,0.3557
184.7242,508,,,0.897,,,,,,189.5845,r1_measured_02555,read,measured,,,,,3.5668,,ok,0.3313
270.196,663,,,0.6853,,,,,,275.2603,r1_measured_02556,read,measured,,,,,3.9493,,ok,0.3494
216.0386,509,,,0.6053,,,,,,219.8858,r1_measured_02557,read,measured,,,,,2.7936,,ok,0.3687
285.8935,679,,,0.7368,,,,,,290.8611,r1_measured_02558,read,measured,,,,,3.7925,,ok,0.3566
227.2155,567,,,0.6324,,,,,,231.3237,r1_measured_02559,read,measured,,,,,3.0514,,ok,0.3525
264.8426,672,,,0.6354,,,,,,270.1443,r1_measured_02560,read,measured,,,,,4.2212,,ok,0.3611
382.887,680,253.9084,9.4722,0.5699,59.0027,1,9.4703,1,43.2911,387.0045,r1_measured_02561,update,measured,33.8189,4.1175,1,0.0059,3.1055,26.6789,ok,0.3607
290.8074,689,,,0.5718,,,,,,295.8371,r1_measured_02562,read,measured,,,,,3.9299,,ok,0.4465
256.5812,628,,,0.7141,,,,,,262.9745,r1_measured_02563,read,measured,,,,,5.2168,,ok,0.3797
250.783,675,,,0.7621,,,,,,255.0907,r1_measured_02564,read,measured,,,,,3.1117,,ok,0.3499
258.0847,674,,,0.7265,,,,,,262.6819,r1_measured_02565,read,measured,,,,,3.4404,,ok,0.3469
242.4263,629,,,0.5692,,,,,,244.5621,r1_measured_02566,read,measured,,,,,1.127,,ok,0.3655
200.2685,509,,,0.5759,,,,,,206.5793,r1_measured_02567,read,measured,,,,,5.318,,ok,0.3419
260.6766,689,,,0.8076,,,,,,264.8548,r1_measured_02568,read,measured,,,,,2.9197,,ok,0.3663
205.348,567,,,0.5668,,,,,,209.9465,r1_measured_02569,read,measured,,,,,3.5998,,ok,0.3554
261.6662,687,,,0.9357,,,,,,266.2955,r1_measured_02570,read,measured,,,,,3.2706,,ok,0.342
264.5114,674,,,0.6882,,,,,,268.871,r1_measured_02571,read,measured,,,,,3.2241,,ok,0.3655
269.7776,689,,,0.7601,,,,,,275.7317,r1_measured_02572,read,measured,,,,,4.6905,,ok,0.4105
241.8075,680,,,0.7057,,,,,,247.352,r1_measured_02573,read,measured,,,,,4.3015,,ok,0.4214
246.8122,629,,,0.6983,,,,,,251.6344,r1_measured_02574,read,measured,,,,,3.6267,,ok,0.4128
228.0026,568,,,0.8399,,,,,,232.8011,r1_measured_02575,read,measured,,,,,3.4607,,ok,0.408
138.133,369,,,0.2745,,,,,,140.9413,r1_measured_02576,read,measured,,,,,2.1382,,ok,0.3385
259.8903,567,,,0.7986,,,,,,264.1535,r1_measured_02577,read,measured,,,,,3.0102,,ok,0.3588
216.2681,418,,,0.2837,,,,,,218.0786,r1_measured_02578,read,measured,,,,,1.1118,,ok,0.3537
296.9139,663,,,0.8095,,,,,,301.8788,r1_measured_02579,read,measured,,,,,3.7337,,ok,0.356
226.5229,508,,,0.5645,,,,,,232.4001,r1_measured_02580,read,measured,,,,,4.9071,,ok,0.338
180.749,369,,,0.253,,,,,,183.0232,r1_measured_02581,read,measured,,,,,1.6393,,ok,0.3226
189.5514,418,,,0.2813,,,,,,191.6571,r1_measured_02582,read,measured,,,,,1.431,,ok,0.3293
290.9827,681,,,0.5747,,,,,,295.3932,r1_measured_02583,read,measured,,,,,3.419,,ok,0.3473
390.9276,675,242.4933,5.225,0.7161,60.1388,1,5.2234,1,31.4065,395.4568,r1_measured_02584,update,measured,26.1815,4.5292,1,28.5737,3.3939,28.3153,ok,0.3446
137.2104,369,,,0.2548,,,,,,138.5889,r1_measured_02585,read,measured,,,,,0.7158,,ok,0.3477
162.7535,418,,,0.2763,,,,,,164.5665,r1_measured_02586,read,measured,,,,,1.127,,ok,0.3458
235.4657,681,,,0.7651,,,,,,240.229,r1_measured_02587,read,measured,,,,,3.5753,,ok,0.3421
178.4465,508,,,0.5456,,,,,,184.5077,r1_measured_02588,read,measured,,,,,5.1228,,ok,0.3225
243.414,663,,,0.559,,,,,,250.5559,r1_measured_02589,read,measured,,,,,6.1566,,ok,0.3366
249.7301,681,,,0.5695,,,,,,254.1212,r1_measured_02590,read,measured,,,,,3.3963,,ok,0.3482
245.4982,680,,,0.7657,,,,,,248.813,r1_measured_02591,read,measured,,,,,2.1102,,ok,0.3649
254.6437,687,,,0.9325,,,,,,258.2904,r1_measured_02592,read,measured,,,,,2.272,,ok,0.3579
213.6017,568,,,0.5602,,,,,,217.3897,r1_measured_02593,read,measured,,,,,2.8011,,ok,0.3568
161.055,418,,,0.6539,,,,,,163.0023,r1_measured_02594,read,measured,,,,,0.9003,,ok,0.3401
163.6545,418,,,0.3168,,,,,,165.3155,r1_measured_02595,read,measured,,,,,0.9398,,ok,0.3451
158.4237,418,,,0.2634,,,,,,160.3952,r1_measured_02596,read,measured,,,,,1.2898,,ok,0.3627
245.7179,674,,,0.6624,,,,,,251.4429,r1_measured_02597,read,measured,,,,,4.635,,ok,0.3487
243.8365,674,,,0.7707,,,,,,249.0677,r1_measured_02598,read,measured,,,,,3.9065,,ok,0.4661
249.0461,681,,,1.704,,,,,,254.1715,r1_measured_02599,read,measured,,,,,3.0136,,ok,0.3376
242.6154,680,,,0.8588,,,,,,249.4258,r1_measured_02600,read,measured,,,,,5.5569,,ok,0.3246
257.3908,678,,,0.6453,,,,,,261.6752,r1_measured_02601,read,measured,,,,,3.2138,,ok,0.3461
254.1175,681,,,1.0834,,,,,,262.9167,r1_measured_02602,read,measured,,,,,7.1599,,ok,0.4529
236.7088,672,,,0.542,,,,,,242.0379,r1_measured_02603,read,measured,,,,,4.386,,ok,0.3365
246.8365,678,,,0.5893,,,,,,253.1939,r1_measured_02604,read,measured,,,,,5.3199,,ok,0.3664
250.3187,679,,,0.6331,,,,,,253.327,r1_measured_02605,read,measured,,,,,1.9388,,ok,0.3659
190.4704,509,,,0.6631,,,,,,194.7185,r1_measured_02606,read,measured,,,,,3.1619,,ok,0.346
223.946,568,,,0.7538,,,,,,229.9523,r1_measured_02607,read,measured,,,,,4.8364,,ok,0.3406
154.7518,419,,,0.3825,,,,,,156.7559,r1_measured_02608,read,measured,,,,,1.2185,,ok,0.3388
269.5549,679,,,0.6723,,,,,,276.2175,r1_measured_02609,read,measured,,,,,5.5414,,ok,0.3655
221.9511,629,,,0.5948,,,,,,224.5778,r1_measured_02610,read,measured,,,,,1.6052,,ok,0.3514
256.6507,689,,,0.5419,,,,,,262.9734,r1_measured_02611,read,measured,,,,,5.3547,,ok,0.3524
147.1633,417,,,0.2712,,,,,,149.5089,r1_measured_02612,read,measured,,,,,1.6472,,ok,0.3684
308.2967,688,,,0.5362,,,,,,311.8698,r1_measured_02613,read,measured,,,,,2.6318,,ok,0.3302
313.6459,675,,,0.57,,,,,,319.1886,r1_measured_02614,read,measured,,,,,4.5571,,ok,0.3341
313.1773,689,,,0.7898,,,,,,318.6789,r1_measured_02615,read,measured,,,,,4.229,,ok,0.3357
308.5666,674,,,0.7385,,,,,,314.2199,r1_measured_02616,read,measured,,,,,4.5018,,ok,0.3362
299.4888,628,,,0.6678,,,,,,305.5578,r1_measured_02617,read,measured,,,,,5.0009,,ok,0.3351
309.9675,679,,,0.6088,,,,,,315.1207,r1_measured_02618,read,measured,,,,,4.12,,ok,0.3462
334.6924,509,190.3379,6.4248,0.5718,34.2387,1,6.4233,1,31.3638,339.7271,r1_measured_02619,update,measured,24.939,5.0347,1,16.7379,4.0366,62.0141,ok,0.3511
265.2311,568,,,0.5666,,,,,,272.66,r1_measured_02620,read,measured,,,,,6.4316,,ok,0.3491
225.886,568,,,0.7847,,,,,,233.2743,r1_measured_02621,read,measured,,,,,6.015,,ok,0.4908
307.1052,674,,,0.7406,,,,,,315.1368,r1_measured_02622,read,measured,,,,,6.841,,ok,0.3684
314.484,675,,,1.0637,,,,,,318.3741,r1_measured_02623,read,measured,,,,,2.3419,,ok,0.4124
291.034,680,,,0.7327,,,,,,298.0547,r1_measured_02624,read,measured,,,,,5.8381,,ok,0.3663
286.634,663,,,0.7035,,,,,,290.4348,r1_measured_02625,read,measured,,,,,2.6617,,ok,0.365
333.8242,680,,,0.7008,,,,,,340.3041,r1_measured_02626,read,measured,,,,,5.3273,,ok,0.3662
284.9639,662,,,1.062,,,,,,292.9913,r1_measured_02627,read,measured,,,,,6.3803,,ok,0.4818
324.7653,419,198.0412,5.3724,0.2944,31.8785,1,5.3704,1,27.1243,326.3785,r1_measured_02628,update,measured,21.7519,1.6132,1,46.1928,0.8951,21.5285,ok,0.358
244.4086,509,,,0.6895,,,,,,248.4473,r1_measured_02629,read,measured,,,,,2.9358,,ok,0.3408
203.6712,418,,,0.326,,,,,,205.7157,r1_measured_02630,read,measured,,,,,1.2583,,ok,0.3895
442.9015,687,300.9442,7.0022,0.7042,59.0531,1,6.9999,1,33.6265,447.6384,r1_measured_02631,update,measured,26.6243,4.7369,1,19.9916,3.5854,29.2861,ok,0.3666
310.2506,674,,,0.9076,,,,,,318.2544,r1_measured_02632,read,measured,,,,,6.5103,,ok,0.4877
300.4587,681,,,0.983,,,,,,308.3069,r1_measured_02633,read,measured,,,,,6.3431,,ok,0.4329
169.6631,367,,,0.2987,,,,,,171.6563,r1_measured_02634,read,measured,,,,,1.2371,,ok,0.3823
167.2965,417,,,0.302,,,,,,168.9398,r1_measured_02635,read,measured,,,,,0.9118,,ok,0.3641
291.4242,680,,,0.8631,,,,,,298.6028,r1_measured_02636,read,measured,,,,,5.8721,,ok,0.3609
285.8577,681,,,0.5351,,,,,,288.4802,r1_measured_02637,read,measured,,,,,1.6461,,ok,0.3663
275.8057,629,,,2.5246,,,,,,282.0778,r1_measured_02638,read,measured,,,,,2.9297,,ok,0.7196
233.3094,568,,,0.7917,,,,,,242.5986,r1_measured_02639,read,measured,,,,,8.009,,ok,0.4053
302.9399,680,,,0.6407,,,,,,309.525,r1_measured_02640,read,measured,,,,,5.4875,,ok,0.3732
285.2229,689,,,0.7374,,,,,,290.7427,r1_measured_02641,read,measured,,,,,4.3227,,ok,0.3759
156.7419,367,,,0.2813,,,,,,160.0023,r1_measured_02642,read,measured,,,,,2.5253,,ok,0.3898
265.948,624,,,0.5944,,,,,,273.6217,r1_measured_02643,read,measured,,,,,6.6186,,ok,0.3789
273.3797,662,,,0.7012,,,,,,279.1532,r1_measured_02644,read,measured,,,,,4.6088,,ok,0.3894
207.7804,508,,,0.6345,,,,,,213.9155,r1_measured_02645,read,measured,,,,,5.0418,,ok,0.3818
256.945,629,,,0.6788,,,,,,263.0891,r1_measured_02646,read,measured,,,,,5.0048,,ok,0.3748
274.012,677,,,0.8542,,,,,,278.8699,r1_measured_02647,read,measured,,,,,3.5382,,ok,0.3823
283.2155,688,,,0.7053,,,,,,287.4855,r1_measured_02648,read,measured,,,,,3.087,,ok,0.3996
282.6789,681,,,0.7708,,,,,,288.7854,r1_measured_02649,read,measured,,,,,4.8885,,ok,0.3602
271.3614,679,,,0.7634,,,,,,275.6038,r1_measured_02650,read,measured,,,,,3.0064,,ok,0.3833
276.5263,679,,,0.8594,,,,,,281.7348,r1_measured_02651,read,measured,,,,,3.8896,,ok,0.375
268.6872,627,,,0.6585,,,,,,272.2858,r1_measured_02652,read,measured,,,,,2.434,,ok,0.4181
290.2886,689,,,0.9093,,,,,,297.2932,r1_measured_02653,read,measured,,,,,5.5063,,ok,0.5032
268.6668,674,,,0.8279,,,,,,273.786,r1_measured_02654,read,measured,,,,,3.858,,ok,0.3518
271.4326,628,,,0.8907,,,,,,278.5263,r1_measured_02655,read,measured,,,,,5.6829,,ok,0.427
233.0701,567,,,0.4834,,,,,,238.2341,r1_measured_02656,read,measured,,,,,4.2624,,ok,0.3511
292.0382,663,,,0.6878,,,,,,296.9316,r1_measured_02657,read,measured,,,,,3.6477,,ok,0.4636
315.2262,681,,,0.7522,,,,,,319.5701,r1_measured_02658,read,measured,,,,,3.0956,,ok,0.4049
185.1356,418,,,0.3097,,,,,,187.1366,r1_measured_02659,read,measured,,,,,1.2435,,ok,0.3769
250.7276,509,,,0.7476,,,,,,256.8442,r1_measured_02660,read,measured,,,,,4.8937,,ok,0.3962
324.3693,689,,,0.7133,,,,,,331.31,r1_measured_02661,read,measured,,,,,5.7677,,ok,0.3792
178.8038,368,,,0.4576,,,,,,182.0327,r1_measured_02662,read,measured,,,,,2.2594,,ok,0.4351
312.0213,678,,,0.8081,,,,,,319.096,r1_measured_02663,read,measured,,,,,5.7096,,ok,0.4557
305.3688,688,,,0.8683,,,,,,309.5103,r1_measured_02664,read,measured,,,,,2.8153,,ok,0.3845
285.0258,627,,,1.0087,,,,,,289.3962,r1_measured_02665,read,measured,,,,,2.8498,,ok,0.4194
285.5466,627,,,0.6721,,,,,,292.6653,r1_measured_02666,read,measured,,,,,6.0136,,ok,0.3516
300.2637,689,,,0.6718,,,,,,305.1552,r1_measured_02667,read,measured,,,,,3.7691,,ok,0.3608
255.8578,567,,,0.5821,,,,,,259.1982,r1_measured_02668,read,measured,,,,,2.3165,,ok,0.3655
293.5291,679,,,0.6857,,,,,,297.8193,r1_measured_02669,read,measured,,,,,3.0455,,ok,0.468
176.9473,418,,,0.2905,,,,,,178.7436,r1_measured_02670,read,measured,,,,,1.0516,,ok,0.386
272.3891,662,,,0.6796,,,,,,278.1439,r1_measured_02671,read,measured,,,,,4.6428,,ok,0.3536
279.2828,680,,,0.76,,,,,,282.5406,r1_measured_02672,read,measured,,,,,2.0874,,ok,0.338
200.2145,509,,,0.5605,,,,,,205.399,r1_measured_02673,read,measured,,,,,4.1919,,ok,0.3631
271.9206,678,,,0.6123,,,,,,277.1811,r1_measured_02674,read,measured,,,,,4.1997,,ok,0.3635
250.1098,678,,,0.6535,,,,,,255.2358,r1_measured_02675,read,measured,,,,,4.0179,,ok,0.37
273.2604,675,,,0.7145,,,,,,277.3234,r1_measured_02676,read,measured,,,,,2.8538,,ok,0.4109
248.9392,628,,,0.7488,,,,,,254.9299,r1_measured_02677,read,measured,,,,,4.7825,,ok,0.3709
189.3136,509,,,0.7017,,,,,,194.7009,r1_measured_02678,read,measured,,,,,4.2296,,ok,0.3797
262.2414,662,,,0.6339,,,,,,269.1191,r1_measured_02679,read,measured,,,,,5.7997,,ok,0.3653
275.6476,674,,,1.987,,,,,,282.0593,r1_measured_02680,read,measured,,,,,3.9855,,ok,0.3606
244.1812,628,,,0.7095,,,,,,252.8823,r1_measured_02681,read,measured,,,,,7.5457,,ok,0.3713
283.718,689,,,0.9093,,,,,,288.0637,r1_measured_02682,read,measured,,,,,2.9906,,ok,0.3625
285.3219,662,,,0.7677,,,,,,290.5641,r1_measured_02683,read,measured,,,,,4.0242,,ok,0.3758
171.8698,417,,,0.2859,,,,,,174.0187,r1_measured_02684,read,measured,,,,,1.4436,,ok,0.3562
206.4636,509,,,0.6734,,,,,,211.8249,r1_measured_02685,read,measured,,,,,4.2429,,ok,0.3703
278.0123,680,,,0.675,,,,,,283.0162,r1_measured_02686,read,measured,,,,,3.7033,,ok,0.5083
267.0543,663,,,0.6484,,,,,,271.8224,r1_measured_02687,read,measured,,,,,3.6617,,ok,0.3863
258.9292,628,,,0.6285,,,,,,262.2721,r1_measured_02688,read,measured,,,,,2.2552,,ok,0.3671
278.3482,681,,,0.8328,,,,,,286.4453,r1_measured_02689,read,measured,,,,,6.7874,,ok,0.3891
274.5482,662,,,0.9291,,,,,,281.4469,r1_measured_02690,read,measured,,,,,5.4476,,ok,0.435
282.3414,679,,,0.7993,,,,,,289.6758,r1_measured_02691,read,measured,,,,,6.0625,,ok,0.3906
256.0685,628,,,0.7121,,,,,,259.1846,r1_measured_02692,read,measured,,,,,1.92,,ok,0.4063
155.4177,369,,,0.2656,,,,,,157.5958,r1_measured_02693,read,measured,,,,,1.4758,,ok,0.3704
286.6425,663,,,0.7175,,,,,,290.1818,r1_measured_02694,read,measured,,,,,2.3479,,ok,0.3849
317.5832,675,,,0.7425,,,,,,322.0899,r1_measured_02695,read,measured,,,,,3.3292,,ok,0.3522
245.3972,568,,,0.5836,,,,,,248.1161,r1_measured_02696,read,measured,,,,,1.6565,,ok,0.3967
323.2826,680,,,0.6238,,,,,,328.6619,r1_measured_02697,read,measured,,,,,4.29,,ok,0.3805
334.2937,689,,,0.6535,,,,,,342.1036,r1_measured_02698,read,measured,,,,,6.7063,,ok,0.3646
280.3545,568,,,0.7142,,,,,,286.6967,r1_measured_02699,read,measured,,,,,5.22,,ok,0.342
310.5371,681,,,0.7238,,,,,,316.7208,r1_measured_02700,read,measured,,,,,5.0009,,ok,0.3738
202.9674,418,,,0.275,,,,,,206.4917,r1_measured_02701,read,measured,,,,,2.8317,,ok,0.3555
351.5728,680,,,0.8505,,,,,,361.0153,r1_measured_02702,read,measured,,,,,8.1266,,ok,0.3645
404.962,629,289.2962,4.1348,0.7004,62.9845,1,4.1326,1,26.8357,411.022,r1_measured_02703,update,measured,22.7009,6.06,1,0.0067,4.8741,25.8389,ok,0.3978
164.6293,418,,,0.4462,,,,,,167.2644,r1_measured_02704,read,measured,,,,,1.7616,,ok,0.3574
275.8846,567,,,0.585,,,,,,279.3708,r1_measured_02705,read,measured,,,,,2.467,,ok,0.3568
252.876,508,,,0.7106,,,,,,255.6774,r1_measured_02706,read,measured,,,,,1.6443,,ok,0.3659
318.2561,680,,,0.6931,,,,,,326.7536,r1_measured_02707,read,measured,,,,,6.2786,,ok,1.4332
315.3073,663,,,0.9308,,,,,,319.0684,r1_measured_02708,read,measured,,,,,2.3442,,ok,0.3977
238.5281,509,,,0.8465,,,,,,244.6853,r1_measured_02709,read,measured,,,,,4.8097,,ok,0.4226
349.5483,689,,,0.6528,,,,,,354.447,r1_measured_02710,read,measured,,,,,3.7974,,ok,0.3676
305.2529,680,,,0.7509,,,,,,308.0172,r1_measured_02711,read,measured,,,,,1.5193,,ok,0.4025
243.2923,509,,,0.7594,,,,,,249.6674,r1_measured_02712,read,measured,,,,,5.1787,,ok,0.3672
198.0193,419,,,0.2919,,,,,,200.2541,r1_measured_02713,read,measured,,,,,1.5256,,ok,0.3585
294.5339,663,,,0.9491,,,,,,300.2238,r1_measured_02714,read,measured,,,,,4.2107,,ok,0.4147
265.5838,368,150.2632,6.54,0.2774,27.5526,1,6.5378,1,34.1375,267.9396,r1_measured_02715,update,measured,27.5975,2.3558,1,15.3922,1.6506,38.2383,ok,0.3594
389.2538,625,251.8409,4.4159,0.7033,53.1173,1,4.4132,1,30.2679,394.8354,r1_measured_02716,update,measured,25.852,5.5816,1,23.8322,4.4192,30.1955,ok,0.377
296.6062,689,,,0.8616,,,,,,300.7291,r1_measured_02717,read,measured,,,,,2.8092,,ok,0.3658
264.1136,680,,,1.5115,,,,,,268.4775,r1_measured_02718,read,measured,,,,,2.3898,,ok,0.379
276.6594,689,,,2.1445,,,,,,283.4196,r1_measured_02719,read,measured,,,,,4.0136,,ok,0.5089
255.9029,629,,,0.6132,,,,,,260.2948,r1_measured_02720,read,measured,,,,,3.3342,,ok,0.3631
291.9124,688,,,0.9016,,,,,,298.7957,r1_measured_02721,read,measured,,,,,5.5081,,ok,0.3873
157.6006,369,,,0.2651,,,,,,159.7104,r1_measured_02722,read,measured,,,,,1.4279,,ok,0.3633
150.5281,369,,,0.2607,,,,,,152.9805,r1_measured_02723,read,measured,,,,,1.7373,,ok,0.3945
276.3518,680,,,0.6755,,,,,,279.6667,r1_measured_02724,read,measured,,,,,2.1398,,ok,0.3802
266.5383,629,,,0.7723,,,,,,276.9753,r1_measured_02725,read,measured,,,,,9.2272,,ok,0.3549
296.0457,673,,,0.7827,,,,,,300.9703,r1_measured_02726,read,measured,,,,,3.6523,,ok,0.3883
278.7141,663,,,0.7402,,,,,,284.7213,r1_measured_02727,read,measured,,,,,4.7851,,ok,0.4025
287.6436,680,,,0.7143,,,,,,292.7038,r1_measured_02728,read,measured,,,,,3.8749,,ok,0.3923
175.4859,418,,,0.2864,,,,,,177.3966,r1_measured_02729,read,measured,,,,,1.2134,,ok,0.3545
287.2984,680,,,0.6335,,,,,,291.1904,r1_measured_02730,read,measured,,,,,2.7684,,ok,0.3861
295.2733,680,,,0.7012,,,,,,299.1883,r1_measured_02731,read,measured,,,,,2.7552,,ok,0.3739
217.7887,509,,,0.5658,,,,,,221.5315,r1_measured_02732,read,measured,,,,,2.6755,,ok,0.4262
265.8137,629,,,0.7869,,,,,,273.2014,r1_measured_02733,read,measured,,,,,6.106,,ok,0.4075
251.9868,568,,,0.8161,,,,,,255.8045,r1_measured_02734,read,measured,,,,,2.4245,,ok,0.4771
291.4139,677,,,0.6188,,,,,,296.0875,r1_measured_02735,read,measured,,,,,3.5744,,ok,0.387
306.4935,678,,,0.9003,,,,,,314.4093,r1_measured_02736,read,measured,,,,,6.4738,,ok,0.4553
281.4677,628,,,1.6915,,,,,,285.5796,r1_measured_02737,read,measured,,,,,1.9569,,ok,0.3826
301.3352,681,,,0.7863,,,,,,306.1719,r1_measured_02738,read,measured,,,,,3.5303,,ok,0.4235
165.1563,369,,,0.2809,,,,,,167.3091,r1_measured_02739,read,measured,,,,,1.4299,,ok,0.3729
306.817,678,,,0.6532,,,,,,313.3825,r1_measured_02740,read,measured,,,,,5.4247,,ok,0.3929
314.1734,685,,,1.1894,,,,,,321.7876,r1_measured_02741,read,measured,,,,,5.9212,,ok,0.4076
176.0021,369,,,0.2802,,,,,,179.3112,r1_measured_02742,read,measured,,,,,2.588,,ok,0.3769
167.7166,369,,,0.3626,,,,,,170.2608,r1_measured_02743,read,measured,,,,,1.7401,,ok,0.3757
313.3753,679,,,0.6562,,,,,,317.1187,r1_measured_02744,read,measured,,,,,2.6099,,ok,0.3905
288.7274,663,,,1.1891,,,,,,294.4485,r1_measured_02745,read,measured,,,,,4.0331,,ok,0.4087
306.6469,689,,,2.2417,,,,,,314.5991,r1_measured_02746,read,measured,,,,,5.2416,,ok,0.3829
245.0046,568,,,0.6662,,,,,,247.8085,r1_measured_02747,read,measured,,,,,1.6586,,ok,0.3959
224.9118,509,,,0.5094,,,,,,229.3619,r1_measured_02748,read,measured,,,,,3.4876,,ok,0.3756
301.5483,674,,,2.532,,,,,,308.5154,r1_measured_02749,read,measured,,,,,3.8956,,ok,0.4427
150.3026,369,,,0.2652,,,,,,152.4234,r1_measured_02750,read,measured,,,,,1.4025,,ok,0.3922
217.1734,509,,,0.5968,,,,,,221.3048,r1_measured_02751,read,measured,,,,,2.9981,,ok,0.4452
195.1077,419,,,0.4391,,,,,,197.2605,r1_measured_02752,read,measured,,,,,1.2319,,ok,0.4045
274.6878,567,,,0.7495,,,,,,278.1742,r1_measured_02753,read,measured,,,,,2.1481,,ok,0.4953
187.3165,417,,,0.4796,,,,,,190.4124,r1_measured_02754,read,measured,,,,,2.1402,,ok,0.383
318.2019,680,,,0.8443,,,,,,322.2705,r1_measured_02755,read,measured,,,,,2.7324,,ok,0.3974
283.2418,628,,,0.7275,,,,,,286.9732,r1_measured_02756,read,measured,,,,,2.5412,,ok,0.38
182.4855,418,,,0.3566,,,,,,186.2597,r1_measured_02757,read,measured,,,,,2.8428,,ok,0.4873
337.8057,679,,,0.9152,,,,,,343.8064,r1_measured_02758,read,measured,,,,,4.5032,,ok,0.4601
355.1664,680,,,1.3986,,,,,,365.8282,r1_measured_02759,read,measured,,,,,7.9437,,ok,1.1606
354.4094,681,,,0.7447,,,,,,359.322,r1_measured_02760,read,measured,,,,,3.6391,,ok,0.437
335.1143,680,,,1.1774,,,,,,345.503,r1_measured_02761,read,measured,,,,,8.6506,,ok,0.4531
283.7908,567,,,1.0563,,,,,,292.3495,r1_measured_02762,read,measured,,,,,6.231,,ok,1.1226
379.3462,629,,,0.8713,,,,,,385.5091,r1_measured_02763,read,measured,,,,,4.7708,,ok,0.4264
122.9243,369,,,0.5056,,,,,,125.598,r1_measured_02764,read,measured,,,,,0.9706,,ok,1.08
394.6302,681,,,0.7825,,,,,,400.0415,r1_measured_02765,read,measured,,,,,4.0954,,ok,0.4344
351.7714,629,,,0.6757,,,,,,356.4379,r1_measured_02766,read,measured,,,,,3.4949,,ok,0.4077
383.0866,680,,,0.7966,,,,,,387.8574,r1_measured_02767,read,measured,,,,,3.4558,,ok,0.417
251.9207,419,,,0.2989,,,,,,254.0451,r1_measured_02768,read,measured,,,,,1.3775,,ok,0.3769
243.6464,418,,,0.3361,,,,,,246.4991,r1_measured_02769,read,measured,,,,,2.061,,ok,0.3847
362.6441,681,,,1.049,,,,,,368.9288,r1_measured_02770,read,measured,,,,,4.6982,,ok,0.4226
497.8549,663,338.4039,5.6043,0.7909,63.7964,1,5.6017,1,39.209,502.4032,r1_measured_02771,update,measured,33.6047,4.5483,1,20.8973,3.2277,35.5483,ok,0.4374
324.8959,675,,,1.0067,,,,,,329.7114,r1_measured_02772,read,measured,,,,,2.7294,,ok,0.9614
325.2134,627,,,0.8197,,,,,,331.4592,r1_measured_02773,read,measured,,,,,4.9357,,ok,0.4003
363.6871,689,,,0.9908,,,,,,368.5071,r1_measured_02774,read,measured,,,,,3.2349,,ok,0.4837
198.7567,418,,,0.548,,,,,,201.6852,r1_measured_02775,read,measured,,,,,1.4183,,ok,0.8801
346.3008,680,,,0.7232,,,,,,350.2731,r1_measured_02776,read,measured,,,,,2.7333,,ok,0.4204
212.7481,419,,,0.3183,,,,,,214.5457,r1_measured_02777,read,measured,,,,,0.9747,,ok,0.4348
339.069,689,,,0.7472,,,,,,344.568,r1_measured_02778,read,measured,,,,,4.2942,,ok,0.3724
295.2095,567,,,0.7083,,,,,,300.5809,r1_measured_02779,read,measured,,,,,4.1413,,ok,0.4378
336.096,678,,,0.865,,,,,,347.2437,r1_measured_02780,read,measured,,,,,9.7567,,ok,0.4388
296.1009,567,,,0.6496,,,,,,302.0372,r1_measured_02781,read,measured,,,,,4.8316,,ok,0.3778
250.0466,509,,,0.6005,,,,,,257.5551,r1_measured_02782,read,measured,,,,,6.4195,,ok,0.4115
335.7967,689,,,0.8188,,,,,,343.1758,r1_measured_02783,read,measured,,,,,6.0809,,ok,0.3924
296.2353,629,,,0.6889,,,,,,302.5892,r1_measured_02784,read,measured,,,,,5.1991,,ok,0.3901
165.1241,366,,,0.2856,,,,,,166.2259,r1_measured_02785,read,measured,,,,,0.3454,,ok,0.3996
232.7863,509,,,0.5846,,,,,,239.0128,r1_measured_02786,read,measured,,,,,5.1771,,ok,0.3856
259.0079,568,,,1.2246,,,,,,267.9264,r1_measured_02787,read,measured,,,,,7.2241,,ok,0.3831
292.1749,662,,,0.8043,,,,,,297.1966,r1_measured_02788,read,measured,,,,,3.6944,,ok,0.4278
310.6624,681,,,0.8214,,,,,,319.4102,r1_measured_02789,read,measured,,,,,7.4404,,ok,0.3902
218.282,508,,,0.6867,,,,,,222.4381,r1_measured_02790,read,measured,,,,,2.9863,,ok,0.4032
307.9936,663,,,0.807,,,,,,311.9609,r1_measured_02791,read,measured,,,,,2.6643,,ok,0.4071
299.5322,688,,,0.7445,,,,,,303.6605,r1_measured_02792,read,measured,,,,,2.8965,,ok,0.3927
223.7284,508,,,0.7143,,,,,,228.5131,r1_measured_02793,read,measured,,,,,3.5688,,ok,0.4226
301.3832,685,,,0.9029,,,,,,304.5338,r1_measured_02794,read,measured,,,,,1.784,,ok,0.3754
200.5004,418,,,0.305,,,,,,202.442,r1_measured_02795,read,measured,,,,,1.1987,,ok,0.3653
319.7087,680,,,0.828,,,,,,325.424,r1_measured_02796,read,measured,,,,,4.4526,,ok,0.3653
299.9823,689,,,0.658,,,,,,303.3168,r1_measured_02797,read,measured,,,,,2.2264,,ok,0.3671
287.5687,628,,,0.7306,,,,,,291.1976,r1_measured_02798,read,measured,,,,,2.3903,,ok,0.4137
317.9653,689,,,0.7106,,,,,,322.7503,r1_measured_02799,read,measured,,,,,3.6179,,ok,0.3746
314.4496,681,,,0.7939,,,,,,323.3801,r1_measured_02800,read,measured,,,,,7.6878,,ok,0.3681
280.4882,629,,,0.6118,,,,,,285.4812,r1_measured_02801,read,measured,,,,,3.9317,,ok,0.3687
313.4165,689,,,1.0459,,,,,,317.9751,r1_measured_02802,read,measured,,,,,3.0391,,ok,0.3884
480.3068,678,335.7351,5.5573,0.6341,66.005,1,5.5533,1,28.6844,483.9979,r1_measured_02803,update,measured,23.1271,3.6911,1,22.728,2.5799,27.1543,ok,0.3947
320.655,663,,,0.7129,,,,,,324.8648,r1_measured_02804,read,measured,,,,,2.9638,,ok,0.447
332.489,680,,,0.9918,,,,,,339.0917,r1_measured_02805,read,measured,,,,,5.1178,,ok,0.3965
310.2144,629,,,0.8975,,,,,,314.9439,r1_measured_02806,read,measured,,,,,3.3311,,ok,0.4028
288.7195,567,,,0.6722,,,,,,294.0072,r1_measured_02807,read,measured,,,,,4.1147,,ok,0.3997
361.4214,663,,,0.7316,,,,,,363.9498,r1_measured_02808,read,measured,,,,,1.3298,,ok,0.3834
216.0614,418,,,0.3544,,,,,,217.8253,r1_measured_02809,read,measured,,,,,0.9459,,ok,0.3837
368.7573,681,,,1.1764,,,,,,373.9634,r1_measured_02810,read,measured,,,,,3.4662,,ok,0.4568
280.8753,568,,,0.6176,,,,,,286.7927,r1_measured_02811,read,measured,,,,,4.8349,,ok,0.3839
309.6689,628,,,0.9289,,,,,,314.189,r1_measured_02812,read,measured,,,,,3.0846,,ok,0.4149
430.9638,629,302.5191,5.8961,0.6073,53.541,0,5.8934,1,28.088,435.5902,r1_measured_02813,update,measured,22.1919,4.6264,1,17.4852,3.5789,29.3305,ok,0.3616
324.4978,663,,,0.8504,,,,,,328.4298,r1_measured_02814,read,measured,,,,,2.5709,,ok,0.4162
249.3545,509,,,0.8669,,,,,,252.7173,r1_measured_02815,read,measured,,,,,2.008,,ok,0.4092
357.7594,689,,,0.8317,,,,,,362.3886,r1_measured_02816,read,measured,,,,,3.2942,,ok,0.4122
257.7138,567,,,0.715,,,,,,261.1564,r1_measured_02817,read,measured,,,,,2.2002,,ok,0.4461
286.7353,627,,,0.6273,,,,,,294.1536,r1_measured_02818,read,measured,,,,,6.3354,,ok,0.3746
302.9205,675,,,0.842,,,,,,307.649,r1_measured_02819,read,measured,,,,,3.3923,,ok,0.4037
307.3978,689,,,0.6628,,,,,,311.5429,r1_measured_02820,read,measured,,,,,2.9766,,ok,0.4083
184.5071,418,,,0.3248,,,,,,186.0458,r1_measured_02821,read,measured,,,,,0.7465,,ok,0.3892
295.6589,680,,,0.5719,,,,,,299.1716,r1_measured_02822,read,measured,,,,,2.4776,,ok,0.3769
309.3457,672,,,0.657,,,,,,313.4255,r1_measured_02823,read,measured,,,,,2.966,,ok,0.3739
208.6744,508,,,0.7165,,,,,,211.6147,r1_measured_02824,read,measured,,,,,1.7359,,ok,0.4131
290.7544,674,,,0.7509,,,,,,297.4394,r1_measured_02825,read,measured,,,,,5.4662,,ok,0.3807
269.1417,629,,,0.5685,,,,,,276.2993,r1_measured_02826,read,measured,,,,,6.155,,ok,0.3612
260.5407,629,,,0.6252,,,,,,267.0206,r1_measured_02827,read,measured,,,,,5.3799,,ok,0.3945
213.9826,508,,,0.8973,,,,,,219.5258,r1_measured_02828,read,measured,,,,,4.1131,,ok,0.4655
285.5777,687,,,0.6631,,,,,,289.5477,r1_measured_02829,read,measured,,,,,2.8276,,ok,0.39
154.3765,368,,,0.2522,,,,,,156.6604,r1_measured_02830,read,measured,,,,,1.5958,,ok,0.374
277.9537,663,,,0.696,,,,,,285.0161,r1_measured_02831,read,measured,,,,,5.9388,,ok,0.3519
182.0297,419,,,0.2976,,,,,,183.9148,r1_measured_02832,read,measured,,,,,1.1595,,ok,0.3618
280.6499,679,,,0.7108,,,,,,284.9989,r1_measured_02833,read,measured,,,,,3.2006,,ok,0.352
167.699,418,,,0.2926,,,,,,170.042,r1_measured_02834,read,measured,,,,,1.6148,,ok,0.3539
273.587,674,,,0.6267,,,,,,280.708,r1_measured_02835,read,measured,,,,,6.065,,ok,0.3557
230.5589,568,,,0.5847,,,,,,234.7553,r1_measured_02836,read,measured,,,,,3.1806,,ok,0.3548
273.3511,688,,,0.7288,,,,,,278.04,r1_measured_02837,read,measured,,,,,3.4912,,ok,0.3811
209.0584,509,,,0.7015,,,,,,214.0001,r1_measured_02838,read,measured,,,,,3.7918,,ok,0.3732
246.7032,629,,,0.9404,,,,,,250.533,r1_measured_02839,read,measured,,,,,2.4128,,ok,0.3874
209.9709,509,,,0.5379,,,,,,213.7141,r1_measured_02840,read,measured,,,,,2.7734,,ok,0.3658
245.8836,629,,,0.6465,,,,,,250.452,r1_measured_02841,read,measured,,,,,3.4537,,ok,0.382
262.33,662,,,0.6439,,,,,,269.0925,r1_measured_02842,read,measured,,,,,5.6628,,ok,0.3735
202.8298,508,,,0.5815,,,,,,207.185,r1_measured_02843,read,measured,,,,,3.3697,,ok,0.3417
166.0105,418,,,0.3035,,,,,,168.8084,r1_measured_02844,read,measured,,,,,2.0728,,ok,0.3546
171.5547,417,,,0.2917,,,,,,173.1521,r1_measured_02845,read,measured,,,,,0.8904,,ok,0.3479
269.9835,663,,,0.7131,,,,,,275.3208,r1_measured_02846,read,measured,,,,,4.1865,,ok,0.356
232.9225,567,,,0.6602,,,,,,238.5458,r1_measured_02847,read,measured,,,,,4.512,,ok,0.3708
251.158,674,,,0.7676,,,,,,256.5033,r1_measured_02848,read,measured,,,,,4.0839,,ok,0.3982
221.8301,568,,,0.605,,,,,,228.3354,r1_measured_02849,read,measured,,,,,5.4515,,ok,0.3757
259.2089,680,,,0.7832,,,,,,263.233,r1_measured_02850,read,measured,,,,,2.8062,,ok,0.3495
257.5042,681,,,0.7037,,,,,,262.9863,r1_measured_02851,read,measured,,,,,4.305,,ok,0.3799
265.4449,688,,,0.7702,,,,,,270.8756,r1_measured_02852,read,measured,,,,,4.204,,ok,0.369
137.4214,368,,,0.2568,,,,,,139.6202,r1_measured_02853,read,measured,,,,,1.5377,,ok,0.3461
297.7307,688,,,0.6451,,,,,,303.1132,r1_measured_02854,read,measured,,,,,4.2984,,ok,0.358
294.9993,679,,,0.6855,,,,,,302.1286,r1_measured_02855,read,measured,,,,,6.0079,,ok,0.3557
189.4366,418,,,0.4002,,,,,,192.6149,r1_measured_02856,read,measured,,,,,2.3418,,ok,0.3704
223.6228,508,,,0.4818,,,,,,227.1572,r1_measured_02857,read,measured,,,,,2.6415,,ok,0.3471
240.3104,566,,,0.8919,,,,,,246.9781,r1_measured_02858,read,measured,,,,,5.351,,ok,0.3502
293.2626,629,,,0.6476,,,,,,298.6272,r1_measured_02859,read,measured,,,,,4.1781,,ok,0.4441
403.2995,568,261.4583,6.717,0.541,45.4167,1,6.7127,1,44.8682,407.7547,r1_measured_02860,update,measured,38.1512,4.4552,1,22.6691,3.4621,28.8872,ok,0.3687
219.4346,418,,,0.2816,,,,,,220.7596,r1_measured_02861,read,measured,,,,,0.6261,,ok,0.3551
277.9558,628,,,0.6003,,,,,,282.1692,r1_measured_02862,read,measured,,,,,3.155,,ok,0.3642
181.3014,369,,,0.2729,,,,,,183.5565,r1_measured_02863,read,measured,,,,,1.5612,,ok,0.3583
287.0132,662,,,0.6906,,,,,,290.655,r1_measured_02864,read,measured,,,,,2.4668,,ok,0.4014
200.1748,418,,,0.2898,,,,,,202.824,r1_measured_02865,read,measured,,,,,1.9415,,ok,0.3498
400.3708,679,268.4708,4.7713,0.6501,75.9879,1,4.7694,1,23.0146,406.5799,r1_measured_02866,update,measured,18.2433,6.2091,1,0.0058,5.0965,32.8917,ok,0.3774
269.8442,419,162.1697,5.1134,0.2887,35.778,0,5.1111,1,31.565,272.1638,r1_measured_02867,update,measured,26.4516,2.3196,1,19.1752,1.5646,21.1563,ok,0.3829
241.6603,568,,,0.7246,,,,,,246.7575,r1_measured_02868,read,measured,,,,,3.9195,,ok,0.3697
282.3675,689,,,0.6249,,,,,,285.3481,r1_measured_02869,read,measured,,,,,1.8778,,ok,0.3917
254.4617,628,,,0.6923,,,,,,258.7268,r1_measured_02870,read,measured,,,,,3.0931,,ok,0.3778
268.736,679,,,0.5788,,,,,,272.9199,r1_measured_02871,read,measured,,,,,3.1638,,ok,0.3607
276.7732,680,,,0.6005,,,,,,281.576,r1_measured_02872,read,measured,,,,,3.7459,,ok,0.3721
288.4299,679,,,0.8171,,,,,,295.1206,r1_measured_02873,read,measured,,,,,5.4251,,ok,0.3661
155.7174,369,,,0.3409,,,,,,158.1279,r1_measured_02874,read,measured,,,,,1.6319,,ok,0.364
180.5494,417,,,0.2948,,,,,,183.7695,r1_measured_02875,read,measured,,,,,2.4747,,ok,0.3793
248.5103,629,,,0.6056,,,,,,253.4426,r1_measured_02876,read,measured,,,,,3.8685,,ok,0.377
165.9151,418,,,0.2822,,,,,,167.564,r1_measured_02877,read,measured,,,,,0.8956,,ok,0.402
224.751,567,,,0.5785,,,,,,230.4567,r1_measured_02878,read,measured,,,,,4.6812,,ok,0.3731
138.6264,368,,,0.2634,,,,,,140.5225,r1_measured_02879,read,measured,,,,,1.2206,,ok,0.3537
252.4065,674,,,0.692,,,,,,257.9926,r1_measured_02880,read,measured,,,,,4.4357,,ok,0.3784
132.0053,369,,,0.2502,,,,,,133.9119,r1_measured_02881,read,measured,,,,,1.266,,ok,0.3302
214.1718,568,,,0.5669,,,,,,219.3171,r1_measured_02882,read,measured,,,,,4.1662,,ok,0.3417
148.3572,369,,,0.3152,,,,,,150.5712,r1_measured_02883,read,measured,,,,,1.4729,,ok,0.3562
212.7849,568,,,0.6276,,,,,,217.1728,r1_measured_02884,read,measured,,,,,3.3045,,ok,0.3732
159.7997,418,,,0.3088,,,,,,161.5598,r1_measured_02885,read,measured,,,,,1.0409,,ok,0.3443
261.2028,680,,,0.6746,,,,,,267.5339,r1_measured_02886,read,measured,,,,,5.2308,,ok,0.3435
203.583,509,,,0.5192,,,,,,208.0713,r1_measured_02887,read,measured,,,,,3.4602,,ok,0.4218
271.6382,680,,,0.7404,,,,,,277.6382,r1_measured_02888,read,measured,,,,,4.8033,,ok,0.3627
156.1261,419,,,0.2731,,,,,,158.4629,r1_measured_02889,read,measured,,,,,1.6825,,ok,0.3259
263.6283,688,,,0.7367,,,,,,266.9588,r1_measured_02890,read,measured,,,,,2.1601,,ok,0.353
243.9803,679,,,0.7062,,,,,,250.2953,r1_measured_02891,read,measured,,,,,5.1568,,ok,0.3573
238.4841,662,,,0.6857,,,,,,242.0498,r1_measured_02892,read,measured,,,,,2.4122,,ok,0.3848
248.991,663,,,0.7039,,,,,,252.5269,r1_measured_02893,read,measured,,,,,2.3923,,ok,0.356
259.1929,678,,,0.868,,,,,,263.5417,r1_measured_02894,read,measured,,,,,3.0603,,ok,0.3508
243.9269,629,,,0.6533,,,,,,248.3623,r1_measured_02895,read,measured,,,,,3.3239,,ok,0.3786
168.7004,419,,,0.2884,,,,,,170.2173,r1_measured_02896,read,measured,,,,,0.7991,,ok,0.3701
230.7479,567,,,0.588,,,,,,236.9109,r1_measured_02897,read,measured,,,,,5.0728,,ok,0.422
222.3227,568,,,0.7155,,,,,,225.2591,r1_measured_02898,read,measured,,,,,1.7701,,ok,0.3694
237.537,627,,,0.6095,,,,,,243.0107,r1_measured_02899,read,measured,,,,,4.4203,,ok,0.3584
249.3478,674,,,0.655,,,,,,254.8247,r1_measured_02900,read,measured,,,,,4.3675,,ok,0.3658
155.71,418,,,0.2836,,,,,,157.517,r1_measured_02901,read,measured,,,,,1.1384,,ok,0.328
258.4159,675,,,0.6168,,,,,,261.4977,r1_measured_02902,read,measured,,,,,1.9539,,ok,0.421
264.0343,663,,,0.686,,,,,,269.9353,r1_measured_02903,read,measured,,,,,4.7939,,ok,0.3474
267.0461,680,,,0.7207,,,,,,270.2363,r1_measured_02904,read,measured,,,,,1.9512,,ok,0.4403
263.1427,689,,,1.0262,,,,,,270.5394,r1_measured_02905,read,measured,,,,,5.9424,,ok,0.3435
269.8135,689,,,0.5775,,,,,,273.9187,r1_measured_02906,read,measured,,,,,3.041,,ok,0.3953
156.3591,417,,,0.2869,,,,,,158.4218,r1_measured_02907,read,measured,,,,,1.3479,,ok,0.3527
171.8685,419,,,0.3873,,,,,,174.3167,r1_measured_02908,read,measured,,,,,1.6444,,ok,0.35
256.8765,689,,,0.8196,,,,,,262.0874,r1_measured_02909,read,measured,,,,,3.8875,,ok,0.4022
287.4432,629,,,0.6133,,,,,,290.3759,r1_measured_02910,read,measured,,,,,1.8593,,ok,0.3721
304.2095,689,,,0.9439,,,,,,308.0925,r1_measured_02911,read,measured,,,,,2.4713,,ok,0.3796
209.845,419,,,0.3114,,,,,,212.0434,r1_measured_02912,read,measured,,,,,1.4567,,ok,0.3383
239.5973,509,,,0.578,,,,,,245.1229,r1_measured_02913,read,measured,,,,,4.4662,,ok,0.3994
303.6235,680,,,0.922,,,,,,307.0108,r1_measured_02914,read,measured,,,,,1.9703,,ok,0.3966
197.584,369,,,0.2796,,,,,,200.0062,r1_measured_02915,read,measured,,,,,1.711,,ok,0.3637
285.3111,568,,,0.7302,,,,,,288.4437,r1_measured_02916,read,measured,,,,,1.9183,,ok,0.3896
264.7871,568,,,0.6371,,,,,,274.1482,r1_measured_02917,read,measured,,,,,8.2817,,ok,0.3651
164.3508,419,,,0.3276,,,,,,167.6458,r1_measured_02918,read,measured,,,,,2.5157,,ok,0.3791
311.7586,680,,,0.6812,,,,,,316.7007,r1_measured_02919,read,measured,,,,,3.7991,,ok,0.3727
152.5407,369,,,0.4073,,,,,,154.4309,r1_measured_02920,read,measured,,,,,1.0772,,ok,0.3431
315.2768,680,,,0.7184,,,,,,323.4247,r1_measured_02921,read,measured,,,,,6.94,,ok,0.4022
276.3518,628,,,0.753,,,,,,287.6851,r1_measured_02922,read,measured,,,,,10.1013,,ok,0.3917
346.934,689,,,1.0814,,,,,,352.35,r1_measured_02923,read,measured,,,,,3.8649,,ok,0.3729
337.5514,674,,,0.9466,,,,,,343.8284,r1_measured_02924,read,measured,,,,,4.727,,ok,0.4911
340.2366,680,,,0.6655,,,,,,346.1908,r1_measured_02925,read,measured,,,,,4.8036,,ok,0.3946
477.7773,679,306.5726,11.5914,0.8918,58.7239,0,11.5896,1,49.7234,483.6282,r1_measured_02926,update,measured,38.132,5.8509,1,36.5022,4.5044,26.2552,ok,0.3628
464.2642,686,295.1843,8.5421,0.772,58.8412,0,8.5407,1,42.4656,469.3322,r1_measured_02927,update,measured,33.9235,5.068,1,19.1346,3.8163,48.6385,ok,0.3936
296.4953,675,,,0.8156,,,,,,302.111,r1_measured_02928,read,measured,,,,,4.3113,,ok,0.3984
385.9517,680,252.5172,6.9116,0.7378,63.7641,1,6.9091,1,35.711,390.96,r1_measured_02929,update,measured,28.7994,5.0083,1,0.0073,3.8189,33.9521,ok,0.3636
300.7273,680,,,0.7196,,,,,,306.5103,r1_measured_02930,read,measured,,,,,4.6322,,ok,0.3497
257.3121,689,,,0.7038,,,,,,262.6527,r1_measured_02931,read,measured,,,,,4.1799,,ok,0.3664
256.7006,680,,,0.6098,,,,,,262.0689,r1_measured_02932,read,measured,,,,,4.2924,,ok,0.3781
245.108,663,,,2.2752,,,,,,253.2574,r1_measured_02933,read,measured,,,,,5.461,,ok,0.3305
279.7876,675,,,0.9399,,,,,,285.9112,r1_measured_02934,read,measured,,,,,4.6572,,ok,0.4163
285.3802,689,,,0.9038,,,,,,292.5216,r1_measured_02935,read,measured,,,,,5.7583,,ok,0.3886
209.7792,509,,,0.645,,,,,,215.31,r1_measured_02936,read,measured,,,,,4.4536,,ok,0.3574
271.3978,679,,,0.5744,,,,,,278.3427,r1_measured_02937,read,measured,,,,,5.8837,,ok,0.4034
404.8233,679,275.5819,9.3895,0.7387,50.034,1,9.3869,1,34.9865,409.6465,r1_measured_02938,update,measured,25.597,4.8232,1,14.4329,3.625,29.788,ok,0.372
217.554,509,,,0.5062,,,,,,223.5555,r1_measured_02939,read,measured,,,,,4.9933,,ok,0.421
288.2957,689,,,0.7179,,,,,,295.0626,r1_measured_02940,read,measured,,,,,5.6119,,ok,0.3571
284.8981,681,,,0.6038,,,,,,291.2831,r1_measured_02941,read,measured,,,,,5.3285,,ok,0.3686
152.593,369,,,0.28,,,,,,154.5731,r1_measured_02942,read,measured,,,,,1.2897,,ok,0.3434
278.0418,681,,,0.7725,,,,,,282.9398,r1_measured_02943,read,measured,,,,,3.6308,,ok,0.3908
259.0717,663,,,0.671,,,,,,263.3498,r1_measured_02944,read,measured,,,,,3.1403,,ok,0.3915
145.9452,368,,,0.2691,,,,,,147.9896,r1_measured_02945,read,measured,,,,,1.3483,,ok,0.3536
271.5101,688,,,0.6441,,,,,,278.308,r1_measured_02946,read,measured,,,,,5.7088,,ok,0.3657
163.394,418,,,0.2872,,,,,,166.4286,r1_measured_02947,read,measured,,,,,2.2893,,ok,0.3988
146.678,366,,,0.2581,,,,,,149.8652,r1_measured_02948,read,measured,,,,,2.5465,,ok,0.3321
266.8867,680,,,0.7647,,,,,,274.284,r1_measured_02949,read,measured,,,,,6.156,,ok,0.3808
146.286,368,,,0.5033,,,,,,150.0838,r1_measured_02950,read,measured,,,,,2.8718,,ok,0.3575
197.0486,509,,,0.6346,,,,,,201.5399,r1_measured_02951,read,measured,,,,,3.4396,,ok,0.3497
263.0166,679,,,0.6076,,,,,,268.2566,r1_measured_02952,read,measured,,,,,4.1306,,ok,0.4093
271.3263,689,,,0.7561,,,,,,275.5646,r1_measured_02953,read,measured,,,,,3.0457,,ok,0.3555
253.7252,663,,,0.9868,,,,,,260.3381,r1_measured_02954,read,measured,,,,,5.1813,,ok,0.3598
163.481,418,,,0.3004,,,,,,164.9412,r1_measured_02955,read,measured,,,,,0.7339,,ok,0.359
132.5202,368,,,0.2678,,,,,,134.8525,r1_measured_02956,read,measured,,,,,1.6519,,ok,0.352
224.3182,567,,,0.5828,,,,,,228.1243,r1_measured_02957,read,measured,,,,,2.7639,,ok,0.3899
170.2203,418,,,0.3006,,,,,,172.3587,r1_measured_02958,read,measured,,,,,1.4302,,ok,0.3411
270.6344,675,,,0.8283,,,,,,277.1619,r1_measured_02959,read,measured,,,,,5.221,,ok,0.3853
171.4085,417,,,0.3006,,,,,,173.6034,r1_measured_02960,read,measured,,,,,1.4849,,ok,0.3459
259.5148,680,,,1.3761,,,,,,269.4618,r1_measured_02961,read,measured,,,,,8.0734,,ok,0.4026
274.3764,674,,,0.7623,,,,,,278.4969,r1_measured_02962,read,measured,,,,,2.8172,,ok,0.4529
264.2818,675,,,0.7794,,,,,,268.9523,r1_measured_02963,read,measured,,,,,3.4096,,ok,0.3833
169.2029,418,,,0.3335,,,,,,170.7842,r1_measured_02964,read,measured,,,,,0.8143,,ok,0.3663
270.6654,681,,,0.6449,,,,,,275.1904,r1_measured_02965,read,measured,,,,,3.3026,,ok,0.4804
256.4348,629,,,0.8645,,,,,,259.6783,r1_measured_02966,read,measured,,,,,1.835,,ok,0.4485
306.4713,689,,,1.2308,,,,,,311.3445,r1_measured_02967,read,measured,,,,,3.1335,,ok,0.4069
295.4071,663,,,0.8154,,,,,,299.6499,r1_measured_02968,read,measured,,,,,2.9727,,ok,0.3681
320.4952,679,,,0.9793,,,,,,323.6405,r1_measured_02969,read,measured,,,,,1.6649,,ok,0.4125
299.7091,678,,,0.8333,,,,,,308.3627,r1_measured_02970,read,measured,,,,,7.2583,,ok,0.4526
192.4714,418,,,0.4738,,,,,,194.8313,r1_measured_02971,read,measured,,,,,1.1054,,ok,0.6714
408.6546,680,279.8729,4.6844,0.7246,56.8782,1,4.6827,1,38.4956,414.279,r1_measured_02972,update,measured,33.8112,5.6244,1,0.0088,4.3913,33.3991,ok,0.4146
262.3186,568,,,0.6504,,,,,,265.9427,r1_measured_02973,read,measured,,,,,2.4929,,ok,0.395
202.237,419,,,0.3241,,,,,,204.551,r1_measured_02974,read,measured,,,,,1.5134,,ok,0.4011
281.2712,678,,,0.8689,,,,,,285.3884,r1_measured_02975,read,measured,,,,,2.7427,,ok,0.4131
283.2723,688,,,0.6862,,,,,,287.6886,r1_measured_02976,read,measured,,,,,3.2597,,ok,0.383
285.0747,663,,,0.6349,,,,,,288.2577,r1_measured_02977,read,measured,,,,,2.0919,,ok,0.3742
279.9803,678,,,0.724,,,,,,286.0177,r1_measured_02978,read,measured,,,,,4.8596,,ok,0.3742
267.1628,628,,,0.7756,,,,,,271.7384,r1_measured_02979,read,measured,,,,,3.3484,,ok,0.3679
277.4042,680,,,3.226,,,,,,286.5845,r1_measured_02980,read,measured,,,,,4.7927,,ok,1.0152
283.6013,628,,,1.18,,,,,,292.192,r1_measured_02981,read,measured,,,,,6.8579,,ok,0.4502
327.0114,687,,,0.8507,,,,,,330.0846,r1_measured_02982,read,measured,,,,,1.7647,,ok,0.3712
331.0686,686,,,0.8229,,,,,,336.8056,r1_measured_02983,read,measured,,,,,4.4366,,ok,0.3928
320.9093,663,,,0.7398,,,,,,327.5829,r1_measured_02984,read,measured,,,,,5.4416,,ok,0.4029
299.6167,663,,,0.8693,,,,,,309.1874,r1_measured_02985,read,measured,,,,,8.1844,,ok,0.4267
328.0958,663,,,0.6457,,,,,,332.6541,r1_measured_02986,read,measured,,,,,3.4512,,ok,0.3709
267.1792,568,,,0.7332,,,,,,271.6158,r1_measured_02987,read,measured,,,,,3.2247,,ok,0.3981
316.5241,663,,,0.8012,,,,,,322.4251,r1_measured_02988,read,measured,,,,,4.6254,,ok,0.389
235.5039,567,,,0.8053,,,,,,240.2062,r1_measured_02989,read,measured,,,,,3.4338,,ok,0.3783
233.0482,567,,,0.5602,,,,,,240.3682,r1_measured_02990,read,measured,,,,,6.3127,,ok,0.3664
167.0795,419,,,0.7345,,,,,,169.3969,r1_measured_02991,read,measured,,,,,1.1106,,ok,0.394
224.8504,568,,,0.4918,,,,,,229.0821,r1_measured_02992,read,measured,,,,,3.2306,,ok,0.4233
270.0665,689,,,0.6971,,,,,,277.6704,r1_measured_02993,read,measured,,,,,6.4475,,ok,0.3815
264.2396,678,,,0.659,,,,,,271.1343,r1_measured_02994,read,measured,,,,,5.7854,,ok,0.3617
232.4431,625,,,0.6803,,,,,,234.7647,r1_measured_02995,read,measured,,,,,1.2142,,ok,0.3561
182.3998,509,,,0.6253,,,,,,185.3709,r1_measured_02996,read,measured,,,,,1.9264,,ok,0.3535
193.7527,509,,,0.5679,,,,,,199.1918,r1_measured_02997,read,measured,,,,,4.451,,ok,0.3473
253.4658,672,,,0.8283,,,,,,260.7563,r1_measured_02998,read,measured,,,,,6.0003,,ok,0.3713
243.665,663,,,0.7497,,,,,,250.3809,r1_measured_02999,read,measured,,,,,5.3358,,ok,0.5389
260.8108,663,,,0.5795,,,,,,268.8022,r1_measured_03000,read,measured,,,,,7.0094,,ok,0.335
249.9136,662,,,0.6173,,,,,,255.8498,r1_measured_03001,read,measured,,,,,4.8496,,ok,0.3893
237.9541,629,,,0.4648,,,,,,240.8791,r1_measured_03002,read,measured,,,,,2.0563,,ok,0.3357
154.8731,417,,,0.2919,,,,,,157.1876,r1_measured_03003,read,measured,,,,,1.6036,,ok,0.3518
222.067,568,,,0.6821,,,,,,228.8169,r1_measured_03004,read,measured,,,,,5.5914,,ok,0.4034
266.1385,679,,,0.634,,,,,,271.2964,r1_measured_03005,read,measured,,,,,3.3221,,ok,1.1041
187.4068,418,,,0.2774,,,,,,188.8526,r1_measured_03006,read,measured,,,,,0.777,,ok,0.3357
315.9741,680,,,0.7272,,,,,,320.9498,r1_measured_03007,read,measured,,,,,3.8532,,ok,0.3163
183.9087,417,,,0.2884,,,,,,185.7175,r1_measured_03008,read,measured,,,,,1.1214,,ok,0.3323
320.226,663,,,0.6001,,,,,,326.4734,r1_measured_03009,read,measured,,,,,5.0961,,ok,0.4272
166.3004,369,,,0.2476,,,,,,167.5761,r1_measured_03010,read,measured,,,,,0.6147,,ok,0.3504
306.9354,675,,,0.847,,,,,,310.5023,r1_measured_03011,read,measured,,,,,2.2756,,ok,0.3501
397.8384,629,275.122,8.7907,0.6677,49.4069,1,8.7889,1,29.859,400.4731,r1_measured_03012,update,measured,21.0683,2.6347,1,17.7013,1.5259,25.7492,ok,0.3588
274.818,566,,,0.6887,,,,,,282.3617,r1_measured_03013,read,measured,,,,,6.4025,,ok,0.3595
192.3283,417,,,0.3614,,,,,,194.2404,r1_measured_03014,read,measured,,,,,1.1171,,ok,0.3566
291.7842,679,,,0.6575,,,,,,297.1796,r1_measured_03015,read,measured,,,,,4.3023,,ok,0.3601
294.3193,675,,,0.6316,,,,,,302.0825,r1_measured_03016,read,measured,,,,,6.6855,,ok,0.3572
247.3024,681,,,0.6959,,,,,,250.0016,r1_measured_03017,read,measured,,,,,1.5441,,ok,0.3604
258.7434,689,,,0.693,,,,,,262.2599,r1_measured_03018,read,measured,,,,,2.3631,,ok,0.363
252.9721,675,,,0.6876,,,,,,257.3485,r1_measured_03019,read,measured,,,,,3.2499,,ok,0.3539
281.9105,689,,,0.8065,,,,,,287.1137,r1_measured_03020,read,measured,,,,,3.9556,,ok,0.3609
280.7848,681,,,0.7581,,,,,,283.9404,r1_measured_03021,read,measured,,,,,1.9589,,ok,0.3558
215.3089,509,,,0.4848,,,,,,218.7094,r1_measured_03022,read,measured,,,,,2.4906,,ok,0.3627
262.6366,629,,,0.6986,,,,,,267.546,r1_measured_03023,read,measured,,,,,3.7806,,ok,0.3486
176.272,417,,,0.2992,,,,,,177.9574,r1_measured_03024,read,measured,,,,,0.9627,,ok,0.3398
285.7255,680,,,0.7644,,,,,,293.5494,r1_measured_03025,read,measured,,,,,6.616,,ok,0.3572
288.5808,509,195.8458,4.6709,0.5752,45.0414,1,4.6691,1,24.8887,294.5119,r1_measured_03026,update,measured,20.2178,5.9311,1,0.0054,4.9032,22.7995,ok,0.3753
185.0183,418,,,0.2938,,,,,,186.5875,r1_measured_03027,read,measured,,,,,0.8527,,ok,0.3588
260.1765,689,,,0.6124,,,,,,264.109,r1_measured_03028,read,measured,,,,,2.8568,,ok,0.3749
165.848,417,,,0.2772,,,,,,167.564,r1_measured_03029,read,measured,,,,,0.9825,,ok,0.3944
260.4659,679,,,0.8676,,,,,,267.974,r1_measured_03030,read,measured,,,,,6.1538,,ok,0.3963
264.0285,689,,,0.6596,,,,,,269.8102,r1_measured_03031,read,measured,,,,,4.6574,,ok,0.3683
197.7482,508,,,0.6416,,,,,,204.9242,r1_measured_03032,read,measured,,,,,6.1059,,ok,0.3643
269.9457,689,,,0.7626,,,,,,274.8698,r1_measured_03033,read,measured,,,,,3.6521,,ok,0.4193
160.7614,417,,,0.3013,,,,,,162.4506,r1_measured_03034,read,measured,,,,,0.9616,,ok,0.36
261.0399,663,,,0.6893,,,,,,265.9141,r1_measured_03035,read,measured,,,,,3.7447,,ok,0.3658
201.4067,509,,,0.5333,,,,,,204.3401,r1_measured_03036,read,measured,,,,,1.9651,,ok,0.358
219.8989,568,,,0.7055,,,,,,223.4769,r1_measured_03037,read,measured,,,,,2.4254,,ok,0.3633
260.5842,687,,,0.6003,,,,,,266.3813,r1_measured_03038,read,measured,,,,,4.7021,,ok,0.3881
196.0037,508,,,0.4426,,,,,,198.9301,r1_measured_03039,read,measured,,,,,2.0444,,ok,0.3692
252.6889,662,,,0.7216,,,,,,259.123,r1_measured_03040,read,measured,,,,,5.222,,ok,0.4089
254.0064,674,,,0.9317,,,,,,259.5385,r1_measured_03041,read,measured,,,,,4.044,,ok,0.4491
290.7741,680,,,0.9118,,,,,,294.6931,r1_measured_03042,read,measured,,,,,2.5739,,ok,0.3496
249.836,568,,,0.5762,,,,,,254.0324,r1_measured_03043,read,measured,,,,,3.1919,,ok,0.3655
290.6229,680,,,0.788,,,,,,295.4948,r1_measured_03044,read,measured,,,,,3.6241,,ok,0.3786
244.7289,567,,,0.5174,,,,,,247.9904,r1_measured_03045,read,measured,,,,,2.3027,,ok,0.351
291.5691,663,,,0.5758,,,,,,296.6817,r1_measured_03046,read,measured,,,,,4.1175,,ok,0.3457
221.6626,509,,,0.5833,,,,,,224.9333,r1_measured_03047,read,measured,,,,,2.2763,,ok,0.3398
344.1516,509,225.2144,6.6795,0.5449,41.5554,1,6.6764,1,33.7245,349.1993,r1_measured_03048,update,measured,27.045,5.0477,1,16.8633,4.0609,26.794,ok,0.3665
324.178,681,,,0.8792,,,,,,332.2117,r1_measured_03049,read,measured,,,,,6.7051,,ok,0.3648
144.1343,369,,,0.279,,,,,,146.5325,r1_measured_03050,read,measured,,,,,1.6197,,ok,0.4268
283.1148,680,,,0.6697,,,,,,289.2093,r1_measured_03051,read,measured,,,,,4.9733,,ok,0.3675
185.0053,419,,,0.4113,,,,,,186.6066,r1_measured_03052,read,measured,,,,,0.801,,ok,0.333
274.5517,680,,,0.5229,,,,,,279.9391,r1_measured_03053,read,measured,,,,,4.4613,,ok,0.3294
406.0883,681,255.0379,5.1106,0.6061,62.1455,1,5.0967,1,37.4625,412.0979,r1_measured_03054,update,measured,32.3519,6.0096,1,23.1315,4.9841,28.3109,ok,0.345
271.9211,689,,,0.8645,,,,,,275.6678,r1_measured_03055,read,measured,,,,,2.4236,,ok,0.3736
275.2052,681,,,0.6823,,,,,,279.7604,r1_measured_03056,read,measured,,,,,3.4293,,ok,0.3617
161.6682,418,,,0.2971,,,,,,163.503,r1_measured_03057,read,measured,,,,,1.1127,,ok,0.36
257.7917,680,,,0.6375,,,,,,260.7179,r1_measured_03058,read,measured,,,,,1.8523,,ok,0.3532
207.5512,568,,,0.7488,,,,,,213.3453,r1_measured_03059,read,measured,,,,,4.6181,,ok,0.3516
232.5729,629,,,0.6484,,,,,,238.0757,r1_measured_03060,read,measured,,,,,4.4125,,ok,0.3589
191.5626,508,,,0.6166,,,,,,195.308,r1_measured_03061,read,measured,,,,,2.7246,,ok,0.335
202.2764,566,,,0.9281,,,,,,205.083,r1_measured_03062,read,measured,,,,,1.4467,,ok,0.3541
253.028,688,,,0.7307,,,,,,259.466,r1_measured_03063,read,measured,,,,,5.2591,,ok,0.3593
162.3857,419,,,0.5273,,,,,,164.6478,r1_measured_03064,read,measured,,,,,1.3177,,ok,0.3519
251.4697,663,,,0.7533,,,,,,257.625,r1_measured_03065,read,measured,,,,,4.9644,,ok,0.3487
262.5233,689,,,0.6271,,,,,,266.0385,r1_measured_03066,read,measured,,,,,2.4582,,ok,0.3523
262.2081,680,,,0.5421,,,,,,266.315,r1_measured_03067,read,measured,,,,,3.1296,,ok,0.3628
254.8134,674,,,0.6648,,,,,,259.7575,r1_measured_03068,read,measured,,,,,3.8438,,ok,0.3547
253.2008,663,,,0.7196,,,,,,258.3312,r1_measured_03069,read,measured,,,,,3.8637,,ok,0.4498
255.2021,680,,,0.6261,,,,,,258.7736,r1_measured_03070,read,measured,,,,,2.5003,,ok,0.3616
149.7145,418,,,0.3437,,,,,,151.9406,r1_measured_03071,read,measured,,,,,1.4268,,ok,0.3805
263.2022,674,,,0.9967,,,,,,268.6159,r1_measured_03072,read,measured,,,,,3.9758,,ok,0.3533
235.1792,629,,,0.609,,,,,,240.2788,r1_measured_03073,read,measured,,,,,4.0721,,ok,0.3374
259.8974,679,,,0.8266,,,,,,263.0461,r1_measured_03074,read,measured,,,,,1.8337,,ok,0.3558
168.6597,419,,,0.2842,,,,,,170.3589,r1_measured_03075,read,measured,,,,,1.0236,,ok,0.332
254.7274,680,,,0.7963,,,,,,262.3566,r1_measured_03076,read,measured,,,,,6.405,,ok,0.3475
259.5768,688,,,0.7185,,,,,,263.7715,r1_measured_03077,read,measured,,,,,3.0502,,ok,0.3445
261.9628,675,,,0.7138,,,,,,266.1757,r1_measured_03078,read,measured,,,,,3.0482,,ok,0.3671
263.3701,680,,,0.6863,,,,,,269.1248,r1_measured_03079,read,measured,,,,,4.6227,,ok,0.3595
228.6665,628,,,0.7277,,,,,,232.894,r1_measured_03080,read,measured,,,,,3.0714,,ok,0.3496
255.4859,663,,,0.8556,,,,,,257.9136,r1_measured_03081,read,measured,,,,,1.134,,ok,0.3559
257.0521,675,,,0.6132,,,,,,261.2966,r1_measured_03082,read,measured,,,,,3.2044,,ok,0.3513
191.2894,509,,,0.8475,,,,,,197.4282,r1_measured_03083,read,measured,,,,,4.8465,,ok,0.3576
203.7736,509,,,0.61,,,,,,207.9532,r1_measured_03084,read,measured,,,,,3.137,,ok,0.3622
224.5229,568,,,0.6471,,,,,,228.9516,r1_measured_03085,read,measured,,,,,3.3707,,ok,0.3347
221.2802,568,,,0.5138,,,,,,226.7593,r1_measured_03086,read,measured,,,,,4.52,,ok,0.3724
164.0509,417,,,0.3257,,,,,,166.2421,r1_measured_03087,read,measured,,,,,1.4344,,ok,0.3611
146.9469,369,,,0.2381,,,,,,148.6771,r1_measured_03088,read,measured,,,,,1.0937,,ok,0.3402
276.7004,681,,,0.5281,,,,,,280.8251,r1_measured_03089,read,measured,,,,,3.1831,,ok,0.3459
276.2209,679,,,0.7809,,,,,,280.6717,r1_measured_03090,read,measured,,,,,3.2268,,ok,0.3613
232.4844,567,,,0.6168,,,,,,236.909,r1_measured_03091,read,measured,,,,,3.3646,,ok,0.3623
254.6703,628,,,0.6565,,,,,,259.1077,r1_measured_03092,read,measured,,,,,3.3525,,ok,0.3555
403.5097,663,277.628,6.7739,0.6442,44.9542,0,6.7723,1,32.2722,408.7593,r1_measured_03093,update,measured,25.4983,5.2496,1,18.4034,4.1772,30.2519,ok,0.3407
258.0891,674,,,0.6585,,,,,,262.9366,r1_measured_03094,read,measured,,,,,3.7339,,ok,0.3683
250.0802,629,,,0.6831,,,,,,253.7782,r1_measured_03095,read,measured,,,,,2.5985,,ok,0.347
248.5192,628,,,0.5657,,,,,,252.7006,r1_measured_03096,read,measured,,,,,3.1714,,ok,0.3551
290.1394,686,,,0.7132,,,,,,296.9148,r1_measured_03097,read,measured,,,,,5.6033,,ok,0.3782
246.0487,568,,,0.7542,,,,,,249.3168,r1_measured_03098,read,measured,,,,,2.1031,,ok,0.3365
289.216,679,,,0.5717,,,,,,295.7381,r1_measured_03099,read,measured,,,,,5.5275,,ok,0.3388
222.1948,508,,,0.6291,,,,,,227.3367,r1_measured_03100,read,measured,,,,,4.0148,,ok,0.4268
470.5445,679,316.9805,9.0252,0.7304,53.3981,0,9.0236,1,45.8326,474.0753,r1_measured_03101,update,measured,36.8074,3.5308,1,25.187,2.3733,29.1463,ok,0.3423
322.2134,663,,,0.6906,,,,,,326.2479,r1_measured_03102,read,measured,,,,,2.8268,,ok,0.4296
335.0295,680,,,0.7421,,,,,,338.4856,r1_measured_03103,read,measured,,,,,2.2802,,ok,0.3411
307.6668,675,,,0.6891,,,,,,314.8312,r1_measured_03104,read,measured,,,,,5.963,,ok,0.411
330.9101,681,,,0.6842,,,,,,336.4675,r1_measured_03105,read,measured,,,,,4.4369,,ok,0.3555
311.5452,680,,,0.7006,,,,,,316.5113,r1_measured_03106,read,measured,,,,,3.7962,,ok,0.3778
319.2146,689,,,0.8479,,,,,,323.5663,r1_measured_03107,read,measured,,,,,2.9661,,ok,0.4369
187.4821,369,,,0.3614,,,,,,190.6888,r1_measured_03108,read,measured,,,,,2.3184,,ok,0.4423
274.7714,679,,,0.6528,,,,,,279.8266,r1_measured_03109,read,measured,,,,,3.9298,,ok,0.3637
218.9691,568,,,0.7931,,,,,,222.945,r1_measured_03110,read,measured,,,,,2.7117,,ok,0.3643
252.1408,663,,,0.6774,,,,,,255.7296,r1_measured_03111,read,measured,,,,,2.446,,ok,0.378
236.868,662,,,0.5456,,,,,,241.467,r1_measured_03112,read,measured,,,,,3.4481,,ok,0.3585
230.7949,627,,,0.6146,,,,,,235.8043,r1_measured_03113,read,measured,,,,,3.9649,,ok,0.34
242.8313,663,,,0.567,,,,,,246.6652,r1_measured_03114,read,measured,,,,,2.8225,,ok,0.3596
253.9894,689,,,0.7282,,,,,,258.1597,r1_measured_03115,read,measured,,,,,2.9654,,ok,0.3768
258.6096,689,,,0.8348,,,,,,266.7101,r1_measured_03116,read,measured,,,,,6.785,,ok,0.3874
238.6802,629,,,0.5737,,,,,,244.351,r1_measured_03117,read,measured,,,,,4.5842,,ok,0.4237
237.7265,629,,,0.6347,,,,,,242.3341,r1_measured_03118,read,measured,,,,,3.547,,ok,0.3439
221.8389,568,,,0.734,,,,,,225.0445,r1_measured_03119,read,measured,,,,,2.0149,,ok,0.3735
253.1433,674,,,0.6782,,,,,,260.4004,r1_measured_03120,read,measured,,,,,6.1346,,ok,0.3587
216.7814,567,,,0.7178,,,,,,219.4907,r1_measured_03121,read,measured,,,,,1.5294,,ok,0.3876
242.1019,629,,,0.603,,,,,,247.6049,r1_measured_03122,read,measured,,,,,4.4724,,ok,0.3463
266.2766,674,,,0.7911,,,,,,272.1426,r1_measured_03123,read,measured,,,,,4.6303,,ok,0.3531
192.3332,508,,,0.7379,,,,,,199.3255,r1_measured_03124,read,measured,,,,,5.803,,ok,0.3802
255.3154,663,,,0.7127,,,,,,258.748,r1_measured_03125,read,measured,,,,,2.2809,,ok,0.3546
265.8681,679,,,0.6396,,,,,,272.3863,r1_measured_03126,read,measured,,,,,5.4684,,ok,0.3413
191.1491,509,,,0.9044,,,,,,194.9749,r1_measured_03127,read,measured,,,,,2.4968,,ok,0.3509
257.223,680,,,0.8206,,,,,,263.8946,r1_measured_03128,read,measured,,,,,5.389,,ok,0.3651
161.1629,418,,,0.303,,,,,,163.2411,r1_measured_03129,read,measured,,,,,1.3704,,ok,0.3457
131.1619,369,,,0.2524,,,,,,132.7821,r1_measured_03130,read,measured,,,,,0.9841,,ok,0.3301
245.3385,663,,,0.601,,,,,,250.9731,r1_measured_03131,read,measured,,,,,4.6007,,ok,0.3578
254.1383,663,,,0.772,,,,,,256.8597,r1_measured_03132,read,measured,,,,,1.4965,,ok,0.3678
256.8614,689,,,0.6604,,,,,,261.2692,r1_measured_03133,read,measured,,,,,3.3071,,ok,0.3517
131.2601,369,,,0.5362,,,,,,133.424,r1_measured_03134,read,measured,,,,,1.1889,,ok,0.3662
186.8846,509,,,0.4991,,,,,,190.6423,r1_measured_03135,read,measured,,,,,2.8288,,ok,0.3511
250.4359,689,,,0.6652,,,,,,253.4478,r1_measured_03136,read,measured,,,,,1.9215,,ok,0.3477
240.4316,680,,,0.7165,,,,,,247.0781,r1_measured_03137,read,measured,,,,,5.4765,,ok,0.3586
246.2031,688,,,0.781,,,,,,251.1119,r1_measured_03138,read,measured,,,,,3.6748,,ok,0.3647
236.4543,629,,,0.7739,,,,,,248.3343,r1_measured_03139,read,measured,,,,,10.6844,,ok,0.3503
231.5823,627,,,0.5839,,,,,,235.7006,r1_measured_03140,read,measured,,,,,3.0806,,ok,0.3768
292.0974,689,,,0.5745,,,,,,297.013,r1_measured_03141,read,measured,,,,,3.8982,,ok,0.363
280.5484,680,,,0.8371,,,,,,285.7265,r1_measured_03142,read,measured,,,,,3.9053,,ok,0.3603
130.34,369,,,0.2899,,,,,,133.2345,r1_measured_03143,read,measured,,,,,1.0276,,ok,1.4907
269.0533,629,,,0.6127,,,,,,275.417,r1_measured_03144,read,measured,,,,,5.206,,ok,0.4593
287.7523,663,,,0.7258,,,,,,289.7422,r1_measured_03145,read,measured,,,,,0.8028,,ok,0.3765
428.4869,675,265.9732,7.1972,0.9349,54.2564,1,7.1951,1,35.1224,433.6675,r1_measured_03146,update,measured,27.9252,5.1806,1,45.4573,3.2203,27.6776,ok,0.9116
301.2206,689,,,0.7013,,,,,,306.1788,r1_measured_03147,read,measured,,,,,3.8155,,ok,0.3595
271.1259,629,,,0.7598,,,,,,274.6652,r1_measured_03148,read,measured,,,,,2.3628,,ok,0.3462
266.0553,625,,,0.6567,,,,,,273.5766,r1_measured_03149,read,measured,,,,,6.4629,,ok,0.3314
238.897,627,,,0.7563,,,,,,245.8691,r1_measured_03150,read,measured,,,,,5.682,,ok,0.4378
248.4164,629,,,0.8816,,,,,,252.3935,r1_measured_03151,read,measured,,,,,2.5524,,ok,0.4567
258.6168,627,,,0.6862,,,,,,267.2419,r1_measured_03152,read,measured,,,,,7.499,,ok,0.3586
284.3285,675,,,0.6885,,,,,,291.1257,r1_measured_03153,read,measured,,,,,5.6598,,ok,0.367
164.1332,369,,,0.7549,,,,,,166.7038,r1_measured_03154,read,measured,,,,,1.3841,,ok,0.3671
283.1097,679,,,0.8203,,,,,,288.5772,r1_measured_03155,read,measured,,,,,4.1748,,ok,0.3852
286.6155,675,,,0.8983,,,,,,292.8401,r1_measured_03156,read,measured,,,,,4.8418,,ok,0.383
296.6832,689,,,0.6486,,,,,,304.1213,r1_measured_03157,read,measured,,,,,6.3441,,ok,0.356
276.3386,674,,,0.7254,,,,,,280.4551,r1_measured_03158,read,measured,,,,,2.9365,,ok,0.3714
172.0966,418,,,0.4341,,,,,,173.8251,r1_measured_03159,read,measured,,,,,0.8716,,ok,0.3612
260.5452,663,,,0.8017,,,,,,264.1223,r1_measured_03160,read,measured,,,,,2.3328,,ok,0.3608
171.3081,419,,,0.3735,,,,,,173.2858,r1_measured_03161,read,measured,,,,,1.1587,,ok,0.3709
268.0515,688,,,0.9617,,,,,,272.3931,r1_measured_03162,read,measured,,,,,2.8813,,ok,0.4002
147.4221,369,,,0.3626,,,,,,149.921,r1_measured_03163,read,measured,,,,,1.6739,,ok,0.3871
259.189,674,,,0.9837,,,,,,262.7037,r1_measured_03164,read,measured,,,,,2.0333,,ok,0.4105
270.9674,680,,,0.7188,,,,,,274.6114,r1_measured_03165,read,measured,,,,,2.4845,,ok,0.3572
266.3456,681,,,0.6547,,,,,,271.1428,r1_measured_03166,read,measured,,,,,3.6939,,ok,0.3605
140.833,366,,,0.2659,,,,,,142.5447,r1_measured_03167,read,measured,,,,,1.0368,,ok,0.3461
267.8759,679,,,0.6742,,,,,,272.5195,r1_measured_03168,read,measured,,,,,3.5382,,ok,0.3578
220.3145,568,,,0.5678,,,,,,223.8897,r1_measured_03169,read,measured,,,,,2.5926,,ok,0.3383
264.633,680,,,0.6396,,,,,,268.3403,r1_measured_03170,read,measured,,,,,2.626,,ok,0.3581
204.5329,508,,,0.5257,,,,,,209.9037,r1_measured_03171,read,measured,,,,,4.4099,,ok,0.3664
269.7413,687,,,0.6457,,,,,,275.6051,r1_measured_03172,read,measured,,,,,4.8032,,ok,0.3374
261.6118,674,,,0.9284,,,,,,266.7922,r1_measured_03173,read,measured,,,,,3.8307,,ok,0.3425
268.0769,675,,,0.7432,,,,,,271.0865,r1_measured_03174,read,measured,,,,,1.8441,,ok,0.3492
140.989,369,,,0.5021,,,,,,142.778,r1_measured_03175,read,measured,,,,,0.853,,ok,0.3673
196.4051,509,,,0.5041,,,,,,201.1311,r1_measured_03176,read,measured,,,,,3.7948,,ok,0.3563
255.5033,689,,,0.8004,,,,,,259.1255,r1_measured_03177,read,measured,,,,,2.2899,,ok,0.4421
144.6687,368,,,0.2517,,,,,,146.4869,r1_measured_03178,read,measured,,,,,1.1466,,ok,0.3677
235.8358,629,,,0.6435,,,,,,239.0736,r1_measured_03179,read,measured,,,,,2.1173,,ok,0.3911
253.1861,680,,,0.8675,,,,,,256.6799,r1_measured_03180,read,measured,,,,,2.1564,,ok,0.3782
135.9256,369,,,0.2481,,,,,,138.038,r1_measured_03181,read,measured,,,,,1.4564,,ok,0.3492
218.3668,568,,,0.5816,,,,,,223.0304,r1_measured_03182,read,measured,,,,,3.6762,,ok,0.3438
264.626,674,,,0.7542,,,,,,269.1137,r1_measured_03183,read,measured,,,,,3.243,,ok,0.4029
189.9355,509,,,0.6116,,,,,,192.3665,r1_measured_03184,read,measured,,,,,1.3558,,ok,0.3856
137.3522,368,,,0.2637,,,,,,139.4562,r1_measured_03185,read,measured,,,,,1.3384,,ok,0.4321
250.7317,627,,,0.6785,,,,,,253.9984,r1_measured_03186,read,measured,,,,,2.1114,,ok,0.3942
158.8439,417,,,0.2893,,,,,,160.8762,r1_measured_03187,read,measured,,,,,1.3219,,ok,0.3544
232.2732,568,,,0.537,,,,,,236.5934,r1_measured_03188,read,measured,,,,,3.3523,,ok,0.3542
276.3494,679,,,1.1073,,,,,,281.3796,r1_measured_03189,read,measured,,,,,3.4919,,ok,0.34
265.7701,675,,,0.8437,,,,,,272.157,r1_measured_03190,read,measured,,,,,5.0948,,ok,0.378
230.9969,568,,,1.3275,,,,,,239.8772,r1_measured_03191,read,measured,,,,,7.1271,,ok,0.3481
253.3404,629,,,0.663,,,,,,257.0615,r1_measured_03192,read,measured,,,,,2.6289,,ok,0.3551
155.0727,369,,,0.2728,,,,,,156.5553,r1_measured_03193,read,measured,,,,,0.7895,,ok,0.353
262.1463,675,,,0.5993,,,,,,265.3036,r1_measured_03194,read,measured,,,,,2.1417,,ok,0.3474
263.0037,680,,,0.7927,,,,,,267.9778,r1_measured_03195,read,measured,,,,,3.7184,,ok,0.3706
157.6589,419,,,0.281,,,,,,159.5916,r1_measured_03196,read,measured,,,,,1.2473,,ok,0.3427
263.0306,674,,,0.8029,,,,,,268.5843,r1_measured_03197,read,measured,,,,,4.0602,,ok,0.5946
273.6182,679,,,0.9515,,,,,,278.8016,r1_measured_03198,read,measured,,,,,3.7168,,ok,0.4229
197.3734,509,,,0.9238,,,,,,204.7476,r1_measured_03199,read,measured,,,,,5.9405,,ok,0.4259
281.5301,679,,,0.8891,,,,,,286.7344,r1_measured_03200,read,measured,,,,,3.7721,,ok,0.4406
210.9401,509,,,0.6428,,,,,,214.2069,r1_measured_03201,read,measured,,,,,2.052,,ok,0.4929
274.8674,678,,,0.9235,,,,,,279.1252,r1_measured_03202,read,measured,,,,,2.8274,,ok,0.4208
300.8101,680,,,0.9001,,,,,,304.919,r1_measured_03203,read,measured,,,,,2.7115,,ok,0.399
284.9315,625,,,0.6189,,,,,,291.3627,r1_measured_03204,read,measured,,,,,5.3782,,ok,0.3573
283.5842,663,,,0.7454,,,,,,288.0111,r1_measured_03205,read,measured,,,,,3.1757,,ok,0.4089
175.7047,417,,,0.3709,,,,,,178.3543,r1_measured_03206,read,measured,,,,,1.865,,ok,0.3466
275.551,674,,,0.9612,,,,,,279.5669,r1_measured_03207,read,measured,,,,,2.6248,,ok,0.3526
263.668,629,,,0.7513,,,,,,268.2749,r1_measured_03208,read,measured,,,,,3.3869,,ok,0.3852
276.1202,680,,,0.8326,,,,,,282.561,r1_measured_03209,read,measured,,,,,5.1804,,ok,0.3444
246.1454,629,,,0.7726,,,,,,250.186,r1_measured_03210,read,measured,,,,,2.8099,,ok,0.3777
255.8088,689,,,0.5762,,,,,,259.7181,r1_measured_03211,read,measured,,,,,2.909,,ok,0.3427
249.8231,678,,,0.6972,,,,,,253.7724,r1_measured_03212,read,measured,,,,,2.7976,,ok,0.3421
216.622,566,,,0.6856,,,,,,220.7838,r1_measured_03213,read,measured,,,,,3.0347,,ok,0.3763
201.9029,509,,,0.5925,,,,,,205.3924,r1_measured_03214,read,measured,,,,,2.4677,,ok,0.3583
340.1153,681,,,0.7066,,,,,,345.9791,r1_measured_03215,read,measured,,,,,4.6945,,ok,0.3667
142.4136,369,,,0.2792,,,,,,144.4125,r1_measured_03216,read,measured,,,,,1.3159,,ok,0.337
331.0386,679,,,0.7041,,,,,,338.5354,r1_measured_03217,read,measured,,,,,6.3387,,ok,0.367
339.0436,689,,,0.7257,,,,,,343.2393,r1_measured_03218,read,measured,,,,,3.0224,,ok,0.3585
334.8312,680,,,0.7638,,,,,,340.5995,r1_measured_03219,read,measured,,,,,4.5337,,ok,0.3799
352.7275,678,,,0.6526,,,,,,356.8726,r1_measured_03220,read,measured,,,,,3.0699,,ok,0.3394
238.3881,418,,,0.2864,,,,,,240.2142,r1_measured_03221,read,measured,,,,,1.1346,,ok,0.3418
329.9596,418,169.4528,5.879,0.3367,32.8583,1,5.8767,1,27.2841,333.217,r1_measured_03222,update,measured,21.4051,3.2574,1,21.9575,2.4998,78.4069,ok,0.3593
328.5455,418,176.2167,3.6647,0.3079,26.8467,1,3.663,1,33.3601,331.2257,r1_measured_03223,update,measured,29.6954,2.6802,1,71.7443,1.9595,20.3777,ok,0.3461
217.5143,567,,,0.5391,,,,,,221.2819,r1_measured_03224,read,measured,,,,,2.8037,,ok,0.3499
250.0129,679,,,0.9012,,,,,,257.4042,r1_measured_03225,read,measured,,,,,6.0457,,ok,0.36
253.289,680,,,0.5657,,,,,,258.2452,r1_measured_03226,read,measured,,,,,3.9981,,ok,0.3261
297.3826,689,,,0.5943,,,,,,304.166,r1_measured_03227,read,measured,,,,,5.7525,,ok,0.3659
188.4335,508,,,0.4522,,,,,,191.8845,r1_measured_03228,read,measured,,,,,2.6139,,ok,0.3305
272.2211,681,,,0.6515,,,,,,275.7901,r1_measured_03229,read,measured,,,,,2.3833,,ok,0.4461
152.9267,418,,,0.267,,,,,,155.3406,r1_measured_03230,read,measured,,,,,1.7658,,ok,0.3287
277.3999,686,,,0.7818,,,,,,282.0288,r1_measured_03231,read,measured,,,,,3.4198,,ok,0.3539
265.4813,663,,,0.7127,,,,,,272.0009,r1_measured_03232,read,measured,,,,,5.3586,,ok,0.3636
267.4112,567,,,0.8696,,,,,,272.9144,r1_measured_03233,read,measured,,,,,4.1887,,ok,0.3772
262.7755,567,,,0.874,,,,,,268.1694,r1_measured_03234,read,measured,,,,,4.0583,,ok,0.3859
316.5393,509,218.6388,5.8433,0.5918,41.0217,1,5.8412,1,30.4819,321.7933,r1_measured_03235,update,measured,24.6386,5.254,1,0.0062,4.2435,26.3907,ok,0.3481
296.3042,679,,,0.588,,,,,,301.3827,r1_measured_03236,read,measured,,,,,4.0596,,ok,0.3478
179.0172,418,,,0.3851,,,,,,181.1877,r1_measured_03237,read,measured,,,,,1.296,,ok,0.4051
272.5881,688,,,0.5551,,,,,,275.7713,r1_measured_03238,read,measured,,,,,2.1953,,ok,0.3533
279.8272,662,,,0.6548,,,,,,285.002,r1_measured_03239,read,measured,,,,,4.108,,ok,0.3303
177.9566,418,,,0.312,,,,,,179.5342,r1_measured_03240,read,measured,,,,,0.8103,,ok,0.3757
198.9767,509,,,0.623,,,,,,202.7679,r1_measured_03241,read,measured,,,,,2.7289,,ok,0.3657
242.1293,629,,,0.5993,,,,,,247.3208,r1_measured_03242,read,measured,,,,,4.1571,,ok,0.3655
193.9124,509,,,0.5216,,,,,,200.4521,r1_measured_03243,read,measured,,,,,5.5927,,ok,0.3556
193.4332,509,,,0.5079,,,,,,198.2026,r1_measured_03244,read,measured,,,,,3.8467,,ok,0.3434
258.9826,689,,,0.6785,,,,,,262.3663,r1_measured_03245,read,measured,,,,,2.2316,,ok,0.3839
163.2784,418,,,0.3309,,,,,,165.6425,r1_measured_03246,read,measured,,,,,1.6162,,ok,0.349
252.3296,662,,,0.7292,,,,,,258.1762,r1_measured_03247,read,measured,,,,,4.683,,ok,0.3523
249.8946,674,,,0.6334,,,,,,253.026,r1_measured_03248,read,measured,,,,,2.0465,,ok,0.3761
251.2928,681,,,0.7009,,,,,,256.0542,r1_measured_03249,read,measured,,,,,3.6139,,ok,0.3618
249.0698,680,,,0.8026,,,,,,255.169,r1_measured_03250,read,measured,,,,,4.8397,,ok,0.3718
259.9177,688,,,0.8496,,,,,,289.0476,r1_measured_03251,read,measured,,,,,27.7905,,ok,0.3973
234.4059,629,,,0.6591,,,,,,238.8247,r1_measured_03252,read,measured,,,,,3.3086,,ok,0.3641
300.9646,689,,,0.8602,,,,,,305.0241,r1_measured_03253,read,measured,,,,,2.7455,,ok,0.3659
219.8714,508,,,0.4983,,,,,,224.1885,r1_measured_03254,read,measured,,,,,3.3831,,ok,0.3663
285.3423,680,,,0.5879,,,,,,290.19,r1_measured_03255,read,measured,,,,,3.8181,,ok,0.363
182.234,418,,,0.2766,,,,,,183.9247,r1_measured_03256,read,measured,,,,,1.0022,,ok,0.345
213.8786,509,,,0.5806,,,,,,220.0019,r1_measured_03257,read,measured,,,,,5.1215,,ok,0.3495
301.0342,419,185.2519,7.4316,0.264,43.2427,1,7.4279,1,29.4501,302.6712,r1_measured_03258,update,measured,22.0185,1.637,1,20.5931,1.0042,22.4964,ok,0.3088
291.3142,679,,,0.5881,,,,,,295.5378,r1_measured_03259,read,measured,,,,,3.2254,,ok,0.3374
263.581,675,,,0.6928,,,,,,266.9254,r1_measured_03260,read,measured,,,,,2.2083,,ok,0.3601
160.3503,418,,,0.3006,,,,,,162.3682,r1_measured_03261,read,measured,,,,,1.3086,,ok,0.3395
252.8741,629,,,0.6099,,,,,,259.1479,r1_measured_03262,read,measured,,,,,5.2177,,ok,0.36
206.1581,509,,,0.4572,,,,,,210.5295,r1_measured_03263,read,measured,,,,,3.4857,,ok,0.3669
266.0598,674,,,0.7357,,,,,,270.1215,r1_measured_03264,read,measured,,,,,2.9016,,ok,0.3441
384.6065,680,263.691,5.6794,0.5397,55.8029,1,5.6766,1,27.4106,391.615,r1_measured_03265,update,measured,21.7312,7.0085,1,13.5792,5.974,24.1228,ok,0.4253
265.1096,680,,,0.6631,,,,,,293.223,r1_measured_03266,read,measured,,,,,27.0233,,ok,0.3402
272.6411,678,,,0.6753,,,,,,274.9758,r1_measured_03267,read,measured,,,,,1.2057,,ok,0.3622
262.4254,629,,,0.7942,,,,,,267.3588,r1_measured_03268,read,measured,,,,,3.684,,ok,0.3786
264.2429,663,,,0.5653,,,,,,269.2623,r1_measured_03269,read,measured,,,,,4.0548,,ok,0.3336
277.22,680,,,0.6349,,,,,,279.8647,r1_measured_03270,read,measured,,,,,1.5597,,ok,0.3733
279.3074,679,,,0.8336,,,,,,285.1469,r1_measured_03271,read,measured,,,,,4.5852,,ok,0.3405
364.3178,628,240.9223,5.3033,2.1064,52.6346,1,5.3011,1,28.3441,369.9741,r1_measured_03272,update,measured,23.0408,5.6563,1,17.2095,3.1107,25.2073,ok,0.37
248.3321,689,,,0.6042,,,,,,252.116,r1_measured_03273,read,measured,,,,,2.7523,,ok,0.3407
153.0754,419,,,0.3327,,,,,,155.7966,r1_measured_03274,read,measured,,,,,1.9799,,ok,0.3383
230.8857,629,,,0.6449,,,,,,234.9121,r1_measured_03275,read,measured,,,,,2.955,,ok,0.3541
177.7593,509,,,0.5143,,,,,,180.9855,r1_measured_03276,read,measured,,,,,2.2822,,ok,0.3541
256.8891,681,,,0.5845,,,,,,264.4719,r1_measured_03277,read,measured,,,,,6.567,,ok,0.3495
208.6262,567,,,0.5537,,,,,,215.3341,r1_measured_03278,read,measured,,,,,5.747,,ok,0.3351
248.0148,680,,,0.7253,,,,,,253.0655,r1_measured_03279,read,measured,,,,,3.895,,ok,0.3487
207.2688,568,,,0.8082,,,,,,213.6996,r1_measured_03280,read,measured,,,,,5.1805,,ok,0.362
267.4026,689,,,0.7357,,,,,,272.3492,r1_measured_03281,read,measured,,,,,3.756,,ok,0.3661
215.1853,567,,,0.5381,,,,,,220.5381,r1_measured_03282,read,measured,,,,,4.3768,,ok,0.3621
258.717,675,,,0.783,,,,,,263.4763,r1_measured_03283,read,measured,,,,,3.4779,,ok,0.406
152.279,418,,,0.3492,,,,,,154.3193,r1_measured_03284,read,measured,,,,,1.2546,,ok,0.3603
269.0291,680,,,0.6943,,,,,,273.5726,r1_measured_03285,read,measured,,,,,3.4122,,ok,0.3538
153.8074,418,,,0.2901,,,,,,156.2488,r1_measured_03286,read,measured,,,,,1.7436,,ok,0.3401
254.9023,679,,,1.9803,,,,,,258.406,r1_measured_03287,read,measured,,,,,1.1235,,ok,0.3277
263.3781,678,,,0.9304,,,,,,268.7811,r1_measured_03288,read,measured,,,,,4.0338,,ok,0.3547
165.2334,417,,,0.2802,,,,,,169.0897,r1_measured_03289,read,measured,,,,,3.169,,ok,0.3413
256.4336,680,,,0.7044,,,,,,260.7021,r1_measured_03290,read,measured,,,,,3.1114,,ok,0.3704
264.2603,681,,,0.634,,,,,,270.673,r1_measured_03291,read,measured,,,,,5.3517,,ok,0.3458
191.7009,509,,,0.5382,,,,,,198.3902,r1_measured_03292,read,measured,,,,,5.6264,,ok,0.3739
194.1381,509,,,0.9333,,,,,,199.4819,r1_measured_03293,read,measured,,,,,3.9783,,ok,0.3689
254.9537,689,,,0.5655,,,,,,259.8338,r1_measured_03294,read,measured,,,,,3.8064,,ok,0.4202
239.3065,675,,,0.6395,,,,,,242.8656,r1_measured_03295,read,measured,,,,,2.4883,,ok,0.3509
246.8898,681,,,0.5841,,,,,,250.6283,r1_measured_03296,read,measured,,,,,2.6509,,ok,0.4227
276.6711,681,,,0.6728,,,,,,279.5838,r1_measured_03297,read,measured,,,,,1.8137,,ok,0.3545
274.1242,673,,,0.6037,,,,,,278.7918,r1_measured_03298,read,measured,,,,,3.6397,,ok,0.3532
204.5673,509,,,0.499,,,,,,208.3289,r1_measured_03299,read,measured,,,,,2.8956,,ok,0.3103
149.9951,419,,,0.322,,,,,,152.5782,r1_measured_03300,read,measured,,,,,1.8233,,ok,0.3277
219.3119,568,,,0.5318,,,,,,221.9604,r1_measured_03301,read,measured,,,,,1.6838,,ok,0.3489
275.0989,681,,,0.572,,,,,,277.3029,r1_measured_03302,read,measured,,,,,1.1976,,ok,0.3541
453.5691,680,326.7207,6.2071,0.9353,57.0316,1,6.2053,1,28.7752,456.4488,r1_measured_03303,update,measured,22.5681,2.8797,1,11.7041,1.5346,29.3375,ok,0.3265
238.0766,568,,,0.7132,,,,,,246.2565,r1_measured_03304,read,measured,,,,,7.0559,,ok,0.3411
258.3832,663,,,0.5441,,,,,,262.7845,r1_measured_03305,read,measured,,,,,3.4134,,ok,0.3621
249.9881,663,,,0.7193,,,,,,253.443,r1_measured_03306,read,measured,,,,,2.2565,,ok,0.3916
254.5711,681,,,0.7444,,,,,,261.179,r1_measured_03307,read,measured,,,,,5.4446,,ok,0.3478
184.0758,509,,,0.5031,,,,,,192.9506,r1_measured_03308,read,measured,,,,,7.9717,,ok,0.336
242.6119,663,,,0.8906,,,,,,246.9573,r1_measured_03309,read,measured,,,,,2.9026,,ok,0.458
313.4256,689,,,0.6187,,,,,,316.841,r1_measured_03310,read,measured,,,,,2.3434,,ok,0.3693
318.1101,680,,,0.7564,,,,,,321.4916,r1_measured_03311,read,measured,,,,,2.1859,,ok,0.3633
319.6479,678,,,0.7347,,,,,,322.7892,r1_measured_03312,read,measured,,,,,1.9515,,ok,0.3601
310.4654,675,,,0.7768,,,,,,314.7282,r1_measured_03313,read,measured,,,,,3.0111,,ok,0.3883
309.8145,418,161.9669,6.9222,0.3068,36.8633,0,6.9203,1,33.2651,311.9964,r1_measured_03314,update,measured,26.3429,2.1819,1,17.5914,1.3151,60.1278,ok,0.4955
323.1342,689,,,0.7609,,,,,,327.4373,r1_measured_03315,read,measured,,,,,3.0617,,ok,0.3796
298.4795,627,,,0.6957,,,,,,305.5569,r1_measured_03316,read,measured,,,,,5.8969,,ok,0.3939
197.3657,508,,,0.5365,,,,,,201.75,r1_measured_03317,read,measured,,,,,3.4026,,ok,0.3605
192.8289,508,,,0.5602,,,,,,196.6749,r1_measured_03318,read,measured,,,,,2.8377,,ok,0.3732
259.2881,689,,,0.6047,,,,,,263.5134,r1_measured_03319,read,measured,,,,,3.1571,,ok,0.3747
273.3406,689,,,0.723,,,,,,279.6137,r1_measured_03320,read,measured,,,,,5.0805,,ok,0.3797
246.867,680,,,1.5357,,,,,,254.9226,r1_measured_03321,read,measured,,,,,6.0769,,ok,0.3625
267.5142,689,,,0.7994,,,,,,271.4623,r1_measured_03322,read,measured,,,,,2.635,,ok,0.4089
194.8147,508,,,0.5966,,,,,,199.6359,r1_measured_03323,read,measured,,,,,3.7684,,ok,0.3649
227.3808,567,,,0.6565,,,,,,231.1964,r1_measured_03324,read,measured,,,,,2.7195,,ok,0.3686
190.6294,509,,,1.2315,,,,,,196.6043,r1_measured_03325,read,measured,,,,,4.3159,,ok,0.3614
273.8357,681,,,0.9475,,,,,,278.4611,r1_measured_03326,read,measured,,,,,3.1767,,ok,0.4074
265.5955,629,,,0.6272,,,,,,270.3619,r1_measured_03327,read,measured,,,,,3.6556,,ok,0.3896
209.4804,509,,,0.9145,,,,,,213.0987,r1_measured_03328,read,measured,,,,,2.2169,,ok,0.3996
276.5609,678,,,0.658,,,,,,284.0907,r1_measured_03329,read,measured,,,,,6.4136,,ok,0.372
277.509,680,,,1.8408,,,,,,286.3662,r1_measured_03330,read,measured,,,,,6.5723,,ok,0.3617
231.6818,568,,,0.6075,,,,,,234.3549,r1_measured_03331,read,measured,,,,,1.5811,,ok,0.3998
262.6389,629,,,0.7147,,,,,,269.7077,r1_measured_03332,read,measured,,,,,5.7972,,ok,0.4656
288.7511,681,,,0.7263,,,,,,295.4651,r1_measured_03333,read,measured,,,,,5.4595,,ok,0.4242
197.9377,418,,,0.2812,,,,,,200.0097,r1_measured_03334,read,measured,,,,,1.3525,,ok,0.3805
281.252,680,,,0.7106,,,,,,284.5602,r1_measured_03335,read,measured,,,,,2.151,,ok,0.3611
265.5886,663,,,0.684,,,,,,269.7475,r1_measured_03336,read,measured,,,,,3.0686,,ok,0.3381
290.0149,680,,,0.83,,,,,,295.8986,r1_measured_03337,read,measured,,,,,4.5968,,ok,0.3666
273.542,663,,,0.5732,,,,,,280.0744,r1_measured_03338,read,measured,,,,,5.5493,,ok,0.3363
278.8593,686,,,0.8622,,,,,,282.1388,r1_measured_03339,read,measured,,,,,1.9658,,ok,0.3752
230.5292,369,138.0024,5.2466,0.2622,33.065,0,5.2442,1,26.4538,232.3214,r1_measured_03340,update,measured,21.2072,1.7922,1,14.5128,1.128,18.4952,ok,0.3395
249.2837,628,,,0.7314,,,,,,255.9068,r1_measured_03341,read,measured,,,,,5.4022,,ok,0.4041
235.6598,629,,,0.5396,,,,,,243.3157,r1_measured_03342,read,measured,,,,,6.7094,,ok,0.3325
211.1262,568,,,0.6415,,,,,,215.3922,r1_measured_03343,read,measured,,,,,3.0285,,ok,0.4364
138.0672,366,,,0.3087,,,,,,140.1858,r1_measured_03344,read,measured,,,,,1.3407,,ok,0.3965
154.2493,418,,,0.4195,,,,,,156.1841,r1_measured_03345,read,measured,,,,,0.977,,ok,0.4524
329.9428,681,,,0.6403,,,,,,335.0504,r1_measured_03346,read,measured,,,,,4.0028,,ok,0.3826
283.6897,627,,,0.5114,,,,,,301.6597,r1_measured_03347,read,measured,,,,,17.0427,,ok,0.3477
250.924,568,,,0.6285,,,,,,253.9948,r1_measured_03348,read,measured,,,,,2.0427,,ok,0.3359
258.7298,567,,,9.1647,,,,,,271.3193,r1_measured_03349,read,measured,,,,,2.9547,,ok,0.3985
243.3372,509,,,2.9545,,,,,,262.3508,r1_measured_03350,read,measured,,,,,15.6027,,ok,0.3868
421.3754,681,257.1105,7.8933,0.6307,73.6181,1,7.8914,1,47.3531,425.6791,r1_measured_03351,update,measured,39.4598,4.3037,1,17.012,3.2435,26.2817,ok,0.3521
246.2896,509,,,0.5335,,,,,,252.1433,r1_measured_03352,read,measured,,,,,4.8778,,ok,0.3635
411.0143,679,261.4849,5.4495,0.6449,49.8296,1,5.4473,1,54.6987,415.3371,r1_measured_03353,update,measured,49.2492,4.3228,1,14.6612,3.2262,30.3399,ok,0.361
209.8366,367,131.5993,4.7356,0.2425,31.677,0,4.7334,1,25.9855,211.8173,r1_measured_03354,update,measured,21.2499,1.9807,1,0.0061,1.3523,20.5687,ok,0.3365
261.2762,680,,,0.5974,,,,,,266.0998,r1_measured_03355,read,measured,,,,,3.7936,,ok,0.3599
157.52,419,,,0.2906,,,,,,159.0072,r1_measured_03356,read,measured,,,,,0.7706,,ok,0.3733
146.9678,418,,,0.2846,,,,,,148.4718,r1_measured_03357,read,measured,,,,,0.7962,,ok,0.3588
242.4914,663,,,0.6575,,,,,,246.1929,r1_measured_03358,read,measured,,,,,2.6134,,ok,0.3601
249.7103,680,,,1.1654,,,,,,257.0592,r1_measured_03359,read,measured,,,,,5.4303,,ok,0.6085
141.4663,369,,,0.2613,,,,,,143.4957,r1_measured_03360,read,measured,,,,,1.2198,,ok,0.4574
279.5393,674,,,0.6995,,,,,,284.2914,r1_measured_03361,read,measured,,,,,3.5747,,ok,0.3938
126.8625,367,,,0.2296,,,,,,128.8011,r1_measured_03362,read,measured,,,,,1.3418,,ok,0.3147
297.7089,689,,,0.7635,,,,,,300.7418,r1_measured_03363,read,measured,,,,,1.8436,,ok,0.347
287.393,672,,,0.623,,,,,,291.4334,r1_measured_03364,read,measured,,,,,3.0111,,ok,0.3375
265.522,629,,,0.5382,,,,,,270.5973,r1_measured_03365,read,measured,,,,,4.0995,,ok,0.3642
427.8805,675,261.846,7.731,0.6228,50.2235,0,7.7291,1,35.96,432.4157,r1_measured_03366,update,measured,28.229,4.5352,1,52.9478,3.5091,26.9032,ok,0.3321
267.9448,628,,,0.8209,,,,,,273.1234,r1_measured_03367,read,measured,,,,,3.9313,,ok,0.3445
269.7378,629,,,0.7133,,,,,,278.8661,r1_measured_03368,read,measured,,,,,8.0048,,ok,0.3397
282.4743,663,,,0.6133,,,,,,287.2117,r1_measured_03369,read,measured,,,,,3.7004,,ok,0.3429
195.9208,509,,,0.6015,,,,,,200.261,r1_measured_03370,read,measured,,,,,3.1943,,ok,0.4501
227.0898,568,,,0.7883,,,,,,233.609,r1_measured_03371,read,measured,,,,,5.3036,,ok,0.3571
147.6713,368,,,0.3135,,,,,,149.7329,r1_measured_03372,read,measured,,,,,1.2996,,ok,0.3745
199.0034,509,,,0.7412,,,,,,207.8953,r1_measured_03373,read,measured,,,,,7.6774,,ok,0.3989
226.4827,567,,,0.5269,,,,,,230.8167,r1_measured_03374,read,measured,,,,,3.3018,,ok,0.4309
263.1036,688,,,0.5935,,,,,,269.1086,r1_measured_03375,read,measured,,,,,4.9805,,ok,0.345
248.2673,663,,,1.1131,,,,,,252.9492,r1_measured_03376,read,measured,,,,,2.9714,,ok,0.512
283.0345,678,,,0.7273,,,,,,287.2814,r1_measured_03377,read,measured,,,,,3.0694,,ok,0.332
259.1432,629,,,0.6522,,,,,,262.3013,r1_measured_03378,read,measured,,,,,2.0585,,ok,0.3694
137.6161,368,,,0.3323,,,,,,139.6252,r1_measured_03379,read,measured,,,,,1.2753,,ok,0.3402
233.1575,568,,,0.6179,,,,,,237.7924,r1_measured_03380,read,measured,,,,,3.6041,,ok,0.3414
279.0263,687,,,0.6958,,,,,,284.8566,r1_measured_03381,read,measured,,,,,4.721,,ok,0.3341
276.7116,681,,,0.8831,,,,,,282.4919,r1_measured_03382,read,measured,,,,,4.4492,,ok,0.3624
258.6084,663,,,0.7407,,,,,,263.1249,r1_measured_03383,read,measured,,,,,3.3474,,ok,0.3545
254.8388,418,157.3302,7.3921,0.3167,34.2962,0,7.39,1,30.3353,257.1693,r1_measured_03384,update,measured,22.9432,2.3305,1,14.6418,1.6121,18.2353,ok,0.3433
272.3567,680,,,0.6195,,,,,,277.8896,r1_measured_03385,read,measured,,,,,4.5031,,ok,0.3328
265.4677,680,,,0.7109,,,,,,270.0568,r1_measured_03386,read,measured,,,,,3.4317,,ok,0.3779
245.7021,663,,,0.8631,,,,,,249.9471,r1_measured_03387,read,measured,,,,,2.9417,,ok,0.3597
256.469,689,,,0.5421,,,,,,260.9912,r1_measured_03388,read,measured,,,,,3.5568,,ok,0.3448
228.8909,629,,,0.6195,,,,,,234.4525,r1_measured_03389,read,measured,,,,,4.5224,,ok,0.3426
251.6919,681,,,0.6242,,,,,,255.6169,r1_measured_03390,read,measured,,,,,2.8771,,ok,0.3476
249.3116,681,,,0.6719,,,,,,254.0102,r1_measured_03391,read,measured,,,,,3.4829,,ok,0.4612
250.5009,681,,,0.653,,,,,,255.191,r1_measured_03392,read,measured,,,,,3.6499,,ok,0.3198
153.3652,418,,,0.2864,,,,,,155.259,r1_measured_03393,read,measured,,,,,1.2166,,ok,0.3282
264.4964,674,,,0.6991,,,,,,270.9015,r1_measured_03394,read,measured,,,,,5.2439,,ok,0.3794
267.5999,678,,,0.6235,,,,,,272.8781,r1_measured_03395,read,measured,,,,,4.2075,,ok,0.3757
312.8741,680,,,0.6718,,,,,,317.5578,r1_measured_03396,read,measured,,,,,3.6022,,ok,0.3303
296.8326,629,,,0.4928,,,,,,301.0097,r1_measured_03397,read,measured,,,,,3.3002,,ok,0.3179
274.4354,568,,,0.6666,,,,,,279.795,r1_measured_03398,read,measured,,,,,4.2281,,ok,0.3739
323.5132,680,,,0.7509,,,,,,328.0621,r1_measured_03399,read,measured,,,,,3.3458,,ok,0.3568
433.1873,681,298.3526,6.938,0.6515,61.2059,1,6.936,1,31.4261,437.3716,r1_measured_03400,update,measured,24.4881,4.1843,1,15.4612,3.0913,26.7415,ok,0.3573
330.8833,680,,,0.5748,,,,,,337.7557,r1_measured_03401,read,measured,,,,,5.8679,,ok,0.3512
302.8039,689,,,0.6721,,,,,,306.8155,r1_measured_03402,read,measured,,,,,2.8925,,ok,0.3577
203.5986,418,,,0.3216,,,,,,205.2536,r1_measured_03403,read,measured,,,,,0.908,,ok,0.3578
249.9239,675,,,0.6621,,,,,,254.6368,r1_measured_03404,read,measured,,,,,3.5179,,ok,0.4196
238.0326,629,,,0.7629,,,,,,243.0475,r1_measured_03405,read,measured,,,,,3.8022,,ok,0.3636
250.3715,663,,,0.7492,,,,,,256.5873,r1_measured_03406,read,measured,,,,,4.9397,,ok,0.4328
262.3256,680,,,0.7509,,,,,,269.3429,r1_measured_03407,read,measured,,,,,5.8174,,ok,0.3545
262.1635,674,,,0.6966,,,,,,270.734,r1_measured_03408,read,measured,,,,,7.3493,,ok,0.4242
139.1518,369,,,0.3282,,,,,,141.2097,r1_measured_03409,read,measured,,,,,1.2926,,ok,0.3733
253.9207,663,,,0.5986,,,,,,257.4477,r1_measured_03410,read,measured,,,,,2.4715,,ok,0.3823
164.8138,418,,,0.3993,,,,,,167.6476,r1_measured_03411,read,measured,,,,,2.0377,,ok,0.3367
212.7856,568,,,0.5646,,,,,,216.1364,r1_measured_03412,read,measured,,,,,2.3689,,ok,0.3405
264.3688,680,,,1.7708,,,,,,274.0822,r1_measured_03413,read,measured,,,,,7.5051,,ok,0.3511
262.5082,663,,,0.9648,,,,,,270.1443,r1_measured_03414,read,measured,,,,,6.2261,,ok,0.3627
235.6791,629,,,1.1691,,,,,,240.3267,r1_measured_03415,read,measured,,,,,3.0354,,ok,0.3575
130.5037,369,,,0.2825,,,,,,133.095,r1_measured_03416,read,measured,,,,,1.9036,,ok,0.3422
262.9414,681,,,0.6692,,,,,,267.4328,r1_measured_03417,read,measured,,,,,3.2933,,ok,0.4341
143.7551,368,,,0.251,,,,,,145.8064,r1_measured_03418,read,measured,,,,,1.4076,,ok,0.337
248.4158,663,,,0.9327,,,,,,252.5724,r1_measured_03419,read,measured,,,,,2.6052,,ok,0.5009
289.5814,681,,,0.57,,,,,,291.9914,r1_measured_03420,read,measured,,,,,1.4242,,ok,0.3436
282.3979,680,,,0.5986,,,,,,286.3946,r1_measured_03421,read,measured,,,,,3.0088,,ok,0.3262
286.3746,681,,,0.6949,,,,,,293.2791,r1_measured_03422,read,measured,,,,,5.7999,,ok,0.3382
265.9454,675,,,0.9542,,,,,,274.4538,r1_measured_03423,read,measured,,,,,7.1604,,ok,0.3233
128.066,369,,,0.27,,,,,,129.6254,r1_measured_03424,read,measured,,,,,0.8872,,ok,0.3467
283.1388,680,,,0.5633,,,,,,286.3145,r1_measured_03425,read,measured,,,,,2.181,,ok,0.3492
277.1328,680,,,0.6431,,,,,,283.1196,r1_measured_03426,read,measured,,,,,4.9116,,ok,0.3532
327.7521,568,206.7159,5.5752,0.5607,46.0855,1,5.5734,1,27.9342,331.1782,r1_measured_03427,update,measured,22.359,3.4261,1,20.2112,2.4339,26.8053,ok,0.3564
254.1076,681,,,0.6213,,,,,,259.542,r1_measured_03428,read,measured,,,,,4.396,,ok,0.3405
148.6898,418,,,0.2936,,,,,,150.5276,r1_measured_03429,read,measured,,,,,1.1401,,ok,0.338
255.6945,681,,,0.6954,,,,,,264.4979,r1_measured_03430,read,measured,,,,,7.6881,,ok,0.3381
146.4243,419,,,0.3394,,,,,,149.8602,r1_measured_03431,read,measured,,,,,2.6974,,ok,0.3392
239.8933,679,,,0.8052,,,,,,248.4244,r1_measured_03432,read,measured,,,,,7.289,,ok,0.3599
249.8583,680,,,0.8017,,,,,,253.771,r1_measured_03433,read,measured,,,,,2.6793,,ok,0.3494
241.6728,628,,,0.5561,,,,,,246.5021,r1_measured_03434,read,measured,,,,,3.7442,,ok,0.4406
195.0836,509,,,0.4957,,,,,,198.3861,r1_measured_03435,read,measured,,,,,2.3801,,ok,0.3524
249.2796,663,,,0.6789,,,,,,256.4671,r1_measured_03436,read,measured,,,,,6.0794,,ok,0.3519
250.8907,680,,,0.7156,,,,,,258.0532,r1_measured_03437,read,measured,,,,,6.0277,,ok,0.3424
261.727,679,,,0.5925,,,,,,267.3213,r1_measured_03438,read,measured,,,,,4.5869,,ok,0.3366
268.2435,674,,,0.9195,,,,,,273.778,r1_measured_03439,read,measured,,,,,4.1925,,ok,0.3452
248.4899,680,,,0.6904,,,,,,253.2928,r1_measured_03440,read,measured,,,,,3.6534,,ok,0.3689
138.579,368,,,0.2548,,,,,,140.7894,r1_measured_03441,read,measured,,,,,1.5763,,ok,0.3267
263.2353,679,,,0.7861,,,,,,269.1731,r1_measured_03442,read,measured,,,,,4.7121,,ok,0.3645
258.0937,680,,,1.0173,,,,,,262.7351,r1_measured_03443,read,measured,,,,,3.1716,,ok,0.3651
186.9478,509,,,0.6565,,,,,,192.6674,r1_measured_03444,read,measured,,,,,4.6337,,ok,0.3585
258.9847,681,,,0.7489,,,,,,262.6102,r1_measured_03445,read,measured,,,,,2.4329,,ok,0.3613
236.9753,628,,,0.6852,,,,,,241.2787,r1_measured_03446,read,measured,,,,,3.1199,,ok,0.4153
260.4386,680,,,0.5789,,,,,,263.8195,r1_measured_03447,read,measured,,,,,2.3621,,ok,0.3599
238.9072,629,,,0.493,,,,,,244.3576,r1_measured_03448,read,measured,,,,,4.5304,,ok,0.3512
277.0072,674,,,0.6405,,,,,,281.7067,r1_measured_03449,read,measured,,,,,3.6044,,ok,0.3506
254.0838,663,,,0.6898,,,,,,260.4591,r1_measured_03450,read,measured,,,,,5.2288,,ok,0.368
262.563,674,,,0.6592,,,,,,266.1896,r1_measured_03451,read,measured,,,,,2.5255,,ok,0.3562
254.2995,679,,,0.7175,,,,,,259.9575,r1_measured_03452,read,measured,,,,,4.5029,,ok,0.3515
155.6177,418,,,0.2777,,,,,,157.2195,r1_measured_03453,read,measured,,,,,0.917,,ok,0.3423
238.5405,628,,,0.4869,,,,,,244.1828,r1_measured_03454,read,measured,,,,,4.7292,,ok,0.339
168.1295,419,,,0.2708,,,,,,170.5835,r1_measured_03455,read,measured,,,,,1.8082,,ok,0.3158
247.6523,663,,,0.5106,,,,,,251.5825,r1_measured_03456,read,measured,,,,,2.9803,,ok,0.3628
252.303,681,,,0.5988,,,,,,258.1843,r1_measured_03457,read,measured,,,,,4.8607,,ok,0.3442
155.6348,419,,,0.2934,,,,,,157.9806,r1_measured_03458,read,measured,,,,,1.6382,,ok,0.3449
185.525,509,,,0.7568,,,,,,191.8754,r1_measured_03459,read,measured,,,,,5.167,,ok,0.3527
269.1445,679,,,0.6843,,,,,,274.6014,r1_measured_03460,read,measured,,,,,4.3443,,ok,0.3458
245.8555,680,,,0.5698,,,,,,249.6482,r1_measured_03461,read,measured,,,,,2.7336,,ok,0.4017
244.9118,627,,,0.7966,,,,,,249.1445,r1_measured_03462,read,measured,,,,,2.9327,,ok,0.4286
154.6042,418,,,0.2875,,,,,,156.6009,r1_measured_03463,read,measured,,,,,1.2971,,ok,0.3464
188.4448,509,,,0.6094,,,,,,194.6212,r1_measured_03464,read,measured,,,,,5.0946,,ok,0.3887
194.9215,508,,,0.6419,,,,,,198.1472,r1_measured_03465,read,measured,,,,,2.1692,,ok,0.3455
248.4986,680,,,0.6715,,,,,,253.1153,r1_measured_03466,read,measured,,,,,3.4704,,ok,0.3851
245.6969,675,,,0.7139,,,,,,251.2052,r1_measured_03467,read,measured,,,,,4.3527,,ok,0.3547
240.178,629,,,0.7491,,,,,,244.251,r1_measured_03468,read,measured,,,,,2.8696,,ok,0.3843
238.1777,629,,,0.6728,,,,,,244.0013,r1_measured_03469,read,measured,,,,,4.7245,,ok,0.3471
192.6668,509,,,0.6258,,,,,,198.4654,r1_measured_03470,read,measured,,,,,4.7506,,ok,0.3596
261.0513,674,,,1.0481,,,,,,268.729,r1_measured_03471,read,measured,,,,,6.0239,,ok,0.5206
229.6978,629,,,0.6791,,,,,,235.514,r1_measured_03472,read,measured,,,,,4.6055,,ok,0.4421
183.373,508,,,0.5826,,,,,,186.6206,r1_measured_03473,read,measured,,,,,2.2281,,ok,0.3661
251.9751,681,,,0.7961,,,,,,255.3943,r1_measured_03474,read,measured,,,,,2.098,,ok,0.3718
270.5053,675,,,0.6483,,,,,,275.3248,r1_measured_03475,read,measured,,,,,3.7498,,ok,0.3429
241.0813,628,,,0.6581,,,,,,245.6083,r1_measured_03476,read,measured,,,,,3.4319,,ok,0.355
261.7369,680,,,0.743,,,,,,265.4685,r1_measured_03477,read,measured,,,,,2.529,,ok,0.3819
263.9035,675,,,0.7731,,,,,,267.8828,r1_measured_03478,read,measured,,,,,2.7773,,ok,0.3488
256.8902,681,,,0.6467,,,,,,267.458,r1_measured_03479,read,measured,,,,,9.505,,ok,0.3389
236.7645,627,,,0.8023,,,,,,240.8438,r1_measured_03480,read,measured,,,,,2.8732,,ok,0.3358
240.9733,629,,,0.722,,,,,,247.3692,r1_measured_03481,read,measured,,,,,5.1368,,ok,0.4629
246.1556,680,,,0.6539,,,,,,250.1242,r1_measured_03482,read,measured,,,,,2.9001,,ok,0.3368
254.7821,674,,,0.6197,,,,,,259.6994,r1_measured_03483,read,measured,,,,,3.8378,,ok,0.3846
268.7026,689,,,0.783,,,,,,274.8063,r1_measured_03484,read,measured,,,,,4.8369,,ok,0.4014
253.2989,681,,,0.801,,,,,,256.7912,r1_measured_03485,read,measured,,,,,2.2536,,ok,0.3593
177.9457,508,,,0.4485,,,,,,182.2087,r1_measured_03486,read,measured,,,,,3.4163,,ok,0.3294
233.7173,663,,,0.671,,,,,,237.3257,r1_measured_03487,read,measured,,,,,2.4985,,ok,0.3551
254.7182,689,,,0.593,,,,,,259.597,r1_measured_03488,read,measured,,,,,3.8688,,ok,0.332
253.9594,689,,,0.7769,,,,,,260.7178,r1_measured_03489,read,measured,,,,,5.5371,,ok,0.375
200.5257,418,,,0.3595,,,,,,202.4441,r1_measured_03490,read,measured,,,,,1.1691,,ok,0.3272
262.4354,568,,,0.549,,,,,,268.3146,r1_measured_03491,read,measured,,,,,4.8945,,ok,0.3558
287.733,663,,,0.5971,,,,,,292.234,r1_measured_03492,read,measured,,,,,3.5108,,ok,0.3224
250.2093,568,,,0.7786,,,,,,255.0332,r1_measured_03493,read,measured,,,,,3.628,,ok,0.3357
302.665,680,,,0.6811,,,,,,307.8767,r1_measured_03494,read,measured,,,,,4.005,,ok,0.4256
303.8308,689,,,0.7938,,,,,,308.5215,r1_measured_03495,read,measured,,,,,3.4322,,ok,0.3738
299.6942,689,,,0.8223,,,,,,304.1047,r1_measured_03496,read,measured,,,,,3.1164,,ok,0.3785
230.9348,509,,,0.7216,,,,,,237.9211,r1_measured_03497,read,measured,,,,,5.8399,,ok,0.3552
146.4988,418,,,0.3138,,,,,,148.4271,r1_measured_03498,read,measured,,,,,1.1103,,ok,0.4138
153.0095,369,,,0.3416,,,,,,154.7808,r1_measured_03499,read,measured,,,,,0.9625,,ok,0.3905
274.8395,681,,,0.8377,,,,,,283.5961,r1_measured_03500,read,measured,,,,,7.4325,,ok,0.3955
271.4587,627,,,1.0892,,,,,,278.5607,r1_measured_03501,read,measured,,,,,5.4177,,ok,0.4907
276.1207,663,,,0.7109,,,,,,284.4918,r1_measured_03502,read,measured,,,,,7.1555,,ok,0.4141
292.7765,681,,,0.7993,,,,,,298.0191,r1_measured_03503,read,measured,,,,,3.8103,,ok,0.5172
290.5836,663,,,1.7038,,,,,,298.1016,r1_measured_03504,read,measured,,,,,5.1788,,ok,0.5221
234.1452,566,,,1.1385,,,,,,240.6816,r1_measured_03505,read,measured,,,,,4.8139,,ok,0.4588
336.3955,663,,,0.7931,,,,,,340.4287,r1_measured_03506,read,measured,,,,,2.7839,,ok,0.3838
328.3893,629,,,0.8984,,,,,,333.2524,r1_measured_03507,read,measured,,,,,3.5011,,ok,0.3749
303.2811,628,,,0.6654,,,,,,310.4617,r1_measured_03508,read,measured,,,,,6.0718,,ok,0.3576
321.8502,680,,,0.9778,,,,,,328.9419,r1_measured_03509,read,measured,,,,,5.722,,ok,0.3232
412.6491,663,242.6201,6.5421,0.6622,80.4713,1,6.5402,1,35.6694,415.1639,r1_measured_03510,update,measured,29.1273,2.5148,1,17.2565,1.3191,36.6318,ok,0.4426
285.8022,629,,,0.5425,,,,,,290.4425,r1_measured_03511,read,measured,,,,,3.679,,ok,0.3439
409.8558,675,259.3774,5.689,0.6063,54.0253,1,5.6867,1,46.4475,416.2334,r1_measured_03512,update,measured,40.7585,6.3776,1,21.1806,5.3225,28.825,ok,0.3613
265.5754,568,,,0.7033,,,,,,269.0761,r1_measured_03513,read,measured,,,,,2.3257,,ok,0.3951
228.46,663,,,0.6885,,,,,,235.1493,r1_measured_03514,read,measured,,,,,5.5634,,ok,0.3566
241.652,681,,,0.752,,,,,,247.1995,r1_measured_03515,read,measured,,,,,4.3559,,ok,0.3568
286.3434,689,,,0.6215,,,,,,290.0239,r1_measured_03516,read,measured,,,,,2.5783,,ok,0.4002
277.131,663,,,0.7284,,,,,,282.9279,r1_measured_03517,read,measured,,,,,4.6513,,ok,0.352
160.1587,419,,,0.3002,,,,,,161.6741,r1_measured_03518,read,measured,,,,,0.7942,,ok,0.3562
284.3745,675,,,0.5218,,,,,,288.7072,r1_measured_03519,read,measured,,,,,3.3708,,ok,0.3753
207.2796,508,,,0.7291,,,,,,213.8015,r1_measured_03520,read,measured,,,,,5.3973,,ok,0.3307
170.6735,369,,,0.2881,,,,,,172.8696,r1_measured_03521,read,measured,,,,,1.4899,,ok,0.3561
268.4277,675,,,0.5829,,,,,,271.9551,r1_measured_03522,read,measured,,,,,2.5329,,ok,0.3358
387.244,675,257.8354,7.2491,0.5895,57.9094,1,7.2469,1,25.2619,392.5854,r1_measured_03523,update,measured,18.0128,5.3414,1,15.0448,4.3449,31.1925,ok,0.3329
267.9171,663,,,0.6405,,,,,,269.8499,r1_measured_03524,read,measured,,,,,0.8559,,ok,0.3564
138.7776,369,,,0.2495,,,,,,140.7369,r1_measured_03525,read,measured,,,,,1.3173,,ok,0.3397
200.5373,568,,,0.5033,,,,,,202.9088,r1_measured_03526,read,measured,,,,,1.4704,,ok,0.3237
239.1155,688,,,0.5677,,,,,,246.4053,r1_measured_03527,read,measured,,,,,6.3101,,ok,0.3378
238.866,675,,,2.3112,,,,,,245.0726,r1_measured_03528,read,measured,,,,,3.4863,,ok,0.3314
256.1153,688,,,0.6609,,,,,,259.0346,r1_measured_03529,read,measured,,,,,1.8124,,ok,0.3644
228.7268,627,,,0.7894,,,,,,232.8792,r1_measured_03530,read,measured,,,,,2.9325,,ok,0.3519
240.6663,663,,,0.5852,,,,,,244.2906,r1_measured_03531,read,measured,,,,,2.6065,,ok,0.3494
235.6401,629,,,0.6964,,,,,,243.6906,r1_measured_03532,read,measured,,,,,6.9097,,ok,0.3571
255.6826,680,,,0.7056,,,,,,260.5367,r1_measured_03533,read,measured,,,,,3.7211,,ok,0.3569
196.8992,509,,,0.6335,,,,,,200.6762,r1_measured_03534,read,measured,,,,,2.7228,,ok,0.3513
250.5824,680,,,0.823,,,,,,254.2442,r1_measured_03535,read,measured,,,,,2.3949,,ok,0.3556
247.9208,674,,,0.5686,,,,,,251.0958,r1_measured_03536,read,measured,,,,,2.1836,,ok,0.3506
255.9164,680,,,0.6481,,,,,,259.7962,r1_measured_03537,read,measured,,,,,2.7827,,ok,0.3694
247.1855,681,,,0.7344,,,,,,253.8966,r1_measured_03538,read,measured,,,,,5.4939,,ok,0.3894
214.1786,568,,,0.5916,,,,,,216.6126,r1_measured_03539,read,measured,,,,,1.3676,,ok,0.3952
254.8225,689,,,0.7258,,,,,,258.6566,r1_measured_03540,read,measured,,,,,2.6651,,ok,0.3604
243.354,629,,,0.5281,,,,,,246.685,r1_measured_03541,read,measured,,,,,2.3358,,ok,0.3986
217.0442,568,,,0.538,,,,,,222.0876,r1_measured_03542,read,measured,,,,,4.072,,ok,0.3598
290.6039,680,,,0.5806,,,,,,296.0622,r1_measured_03543,read,measured,,,,,4.4608,,ok,0.3399
271.9014,663,,,0.5445,,,,,,274.4925,r1_measured_03544,read,measured,,,,,1.6288,,ok,0.3488
242.1195,567,,,0.6448,,,,,,249.7999,r1_measured_03545,read,measured,,,,,6.5789,,ok,0.3916
266.7317,629,,,0.5316,,,,,,270.523,r1_measured_03546,read,measured,,,,,2.8399,,ok,0.3497
230.632,568,,,0.7299,,,,,,235.2268,r1_measured_03547,read,measured,,,,,3.4414,,ok,0.3467
275.8636,680,,,0.8707,,,,,,282.2188,r1_measured_03548,read,measured,,,,,4.977,,ok,0.4189
268.1759,675,,,0.5855,,,,,,274.2686,r1_measured_03549,read,measured,,,,,5.1149,,ok,0.3255
408.1939,681,277.4605,6.8889,1.6388,54.9268,1,6.8867,1,32.9966,413.3978,r1_measured_03550,update,measured,26.1077,5.2039,1,17.0088,3.1266,25.8012,ok,0.3565
268.0004,681,,,0.5876,,,,,,270.6519,r1_measured_03551,read,measured,,,,,1.6332,,ok,0.3531
209.5233,508,,,0.5114,,,,,,214.4982,r1_measured_03552,read,measured,,,,,4.027,,ok,0.3577
212.3642,509,,,0.5069,,,,,,217.6688,r1_measured_03553,read,measured,,,,,4.3313,,ok,0.3358
271.9166,679,,,0.7169,,,,,,275.6543,r1_measured_03554,read,measured,,,,,2.5882,,ok,0.3621
279.8677,680,,,0.7612,,,,,,284.6589,r1_measured_03555,read,measured,,,,,3.5942,,ok,0.3557
367.2623,687,265.0606,5.6172,0.9912,53.7984,0,5.6152,1,21.6315,373.5088,r1_measured_03556,update,measured,16.0143,6.2465,1,0.0062,4.8406,26.7656,ok,0.3399
274.1122,689,,,0.7473,,,,,,279.0952,r1_measured_03557,read,measured,,,,,3.7893,,ok,0.3628
184.8756,509,,,0.5479,,,,,,189.4927,r1_measured_03558,read,measured,,,,,3.6394,,ok,0.3529
240.2258,674,,,0.6531,,,,,,246.067,r1_measured_03559,read,measured,,,,,4.6896,,ok,0.4136
208.207,567,,,0.59,,,,,,213.6681,r1_measured_03560,read,measured,,,,,4.4305,,ok,0.3629
262.0837,674,,,0.7537,,,,,,266.2874,r1_measured_03561,read,measured,,,,,3.0241,,ok,0.3464
189.3111,509,,,0.646,,,,,,192.6798,r1_measured_03562,read,measured,,,,,2.3057,,ok,0.3398
254.8766,674,,,0.5599,,,,,,262.0532,r1_measured_03563,read,measured,,,,,6.1279,,ok,0.3976
304.9957,689,,,0.6979,,,,,,310.0025,r1_measured_03564,read,measured,,,,,3.8559,,ok,0.3614
297.4802,680,,,0.7769,,,,,,304.2658,r1_measured_03565,read,measured,,,,,5.5464,,ok,0.3702
307.2008,689,,,0.6738,,,,,,309.9428,r1_measured_03566,read,measured,,,,,1.6546,,ok,0.3354
290.4833,674,,,0.8348,,,,,,297.4974,r1_measured_03567,read,measured,,,,,5.7179,,ok,0.362
190.7902,418,,,0.3816,,,,,,192.3914,r1_measured_03568,read,measured,,,,,0.7724,,ok,0.3801
274.8196,627,,,0.7017,,,,,,283.3105,r1_measured_03569,read,measured,,,,,7.2702,,ok,0.4143
298.961,663,,,0.6649,,,,,,303.2858,r1_measured_03570,read,measured,,,,,3.2023,,ok,0.3606
297.8133,663,,,0.6832,,,,,,301.9855,r1_measured_03571,read,measured,,,,,3.0252,,ok,0.3758
192.0362,509,,,0.6141,,,,,,195.8409,r1_measured_03572,read,measured,,,,,2.7793,,ok,0.3458
149.3201,369,,,0.2828,,,,,,151.5011,r1_measured_03573,read,measured,,,,,1.4587,,ok,0.3689
219.5779,568,,,0.7021,,,,,,223.9837,r1_measured_03574,read,measured,,,,,3.2535,,ok,0.3691
248.0986,629,,,0.6689,,,,,,253.5756,r1_measured_03575,read,measured,,,,,4.2503,,ok,0.4351
262.8014,679,,,0.6293,,,,,,267.31,r1_measured_03576,read,measured,,,,,3.4437,,ok,0.3495
258.622,662,,,0.7413,,,,,,263.5746,r1_measured_03577,read,measured,,,,,3.7818,,ok,0.3484
226.0012,567,,,0.7699,,,,,,230.1628,r1_measured_03578,read,measured,,,,,2.9693,,ok,0.3523
292.4952,681,,,0.869,,,,,,296.9702,r1_measured_03579,read,measured,,,,,3.1637,,ok,0.3572
298.9302,680,,,0.6266,,,,,,305.9738,r1_measured_03580,read,measured,,,,,5.9795,,ok,0.3571
164.5936,418,,,0.3078,,,,,,166.7294,r1_measured_03581,read,measured,,,,,1.4214,,ok,0.3376
298.2967,689,,,0.8059,,,,,,302.4669,r1_measured_03582,read,measured,,,,,2.9343,,ok,0.3512
221.6271,509,,,0.6519,,,,,,227.2509,r1_measured_03583,read,measured,,,,,4.5659,,ok,0.3356
267.2714,628,,,0.6458,,,,,,272.8424,r1_measured_03584,read,measured,,,,,4.5011,,ok,0.3533
283.1248,681,,,0.7309,,,,,,288.5389,r1_measured_03585,read,measured,,,,,4.2694,,ok,0.3337
274.1157,675,,,0.5581,,,,,,280.3065,r1_measured_03586,read,measured,,,,,5.2247,,ok,0.3353
218.6631,369,136.4914,3.527,0.2682,30.3719,0,3.5248,1,28.3327,220.3739,r1_measured_03587,update,measured,24.8057,1.7108,1,0.0115,1.0343,23.4556,ok,0.3447
247.519,675,,,0.6144,,,,,,251.1371,r1_measured_03588,read,measured,,,,,2.5804,,ok,0.3442
233.9604,663,,,0.6394,,,,,,239.4741,r1_measured_03589,read,measured,,,,,4.4327,,ok,0.3537
227.2018,663,,,0.6157,,,,,,230.5338,r1_measured_03590,read,measured,,,,,2.2615,,ok,0.3711
244.4852,680,,,0.6619,,,,,,246.8997,r1_measured_03591,read,measured,,,,,1.2993,,ok,0.3704
232.4082,629,,,0.6445,,,,,,237.0924,r1_measured_03592,read,measured,,,,,3.5269,,ok,0.4254
246.1855,687,,,0.9273,,,,,,250.541,r1_measured_03593,read,measured,,,,,2.8928,,ok,0.4401
279.7205,689,,,0.9642,,,,,,284.936,r1_measured_03594,read,measured,,,,,3.7835,,ok,0.3837
156.2375,419,,,0.2657,,,,,,157.5757,r1_measured_03595,read,measured,,,,,0.6657,,ok,0.3513
269.2285,678,,,0.7333,,,,,,275.9954,r1_measured_03596,read,measured,,,,,5.6118,,ok,0.3469
268.392,674,,,0.6099,,,,,,272.7982,r1_measured_03597,read,measured,,,,,3.3797,,ok,0.3413
278.131,679,,,0.5774,,,,,,281.9533,r1_measured_03598,read,measured,,,,,2.7872,,ok,0.3751
260.3505,627,,,0.5788,,,,,,265.3135,r1_measured_03599,read,measured,,,,,3.9438,,ok,0.3631
463.6108,673,286.18,14.0699,0.8026,56.7812,1,14.0683,1,53.9616,467.5595,r1_measured_03600,update,measured,39.8917,3.9487,1,36.9723,2.6968,29.7157,ok,0.3684
276.9567,681,,,0.6656,,,,,,281.1104,r1_measured_03601,read,measured,,,,,3.0183,,ok,0.3732
282.5975,680,,,0.8734,,,,,,287.9883,r1_measured_03602,read,measured,,,,,4.0576,,ok,0.3711
244.7391,627,,,0.9137,,,,,,253.3418,r1_measured_03603,read,measured,,,,,7.1881,,ok,0.4276
157.5178,418,,,0.2878,,,,,,159.9776,r1_measured_03604,read,measured,,,,,1.7487,,ok,0.3646
167.1684,419,,,0.3013,,,,,,168.86,r1_measured_03605,read,measured,,,,,0.9205,,ok,0.3983
281.219,673,,,0.7497,,,,,,286.682,r1_measured_03606,read,measured,,,,,4.2672,,ok,0.3628
188.3522,417,,,0.3135,,,,,,191.1913,r1_measured_03607,read,measured,,,,,2.0837,,ok,0.3633
168.9226,368,,,0.2505,,,,,,170.8342,r1_measured_03608,read,measured,,,,,1.2519,,ok,0.3536
424.296,675,296.2167,5.5763,0.6726,53.0984,1,5.5748,1,31.1437,429.1413,r1_measured_03609,update,measured,25.5674,4.8453,1,17.4316,3.7377,26.4056,ok,0.3612
249.0704,629,,,0.7399,,,,,,253.385,r1_measured_03610,read,measured,,,,,3.1321,,ok,0.3621
261.4426,675,,,0.6568,,,,,,266.4048,r1_measured_03611,read,measured,,,,,3.8676,,ok,0.3561
273.7767,680,,,0.6901,,,,,,278.3701,r1_measured_03612,read,measured,,,,,3.3801,,ok,0.4259
219.156,567,,,0.6741,,,,,,223.8017,r1_measured_03613,read,measured,,,,,3.4597,,ok,0.4222
289.6406,688,,,0.6853,,,,,,294.4657,r1_measured_03614,read,measured,,,,,3.6627,,ok,0.3756
293.5233,678,,,0.5387,,,,,,299.47,r1_measured_03615,read,measured,,,,,4.9538,,ok,0.3731
277.2842,628,,,0.7356,,,,,,284.322,r1_measured_03616,read,measured,,,,,5.8657,,ok,0.3578
175.2968,369,,,0.227,,,,,,176.687,r1_measured_03617,read,measured,,,,,0.7444,,ok,0.3696
248.7228,568,,,0.6403,,,,,,252.0758,r1_measured_03618,read,measured,,,,,2.2673,,ok,0.3676
387.7908,680,247.7052,5.3898,0.6747,62.0567,0,5.3879,1,34.9606,392.4985,r1_measured_03619,update,measured,29.5708,4.7077,1,14.2589,3.6402,28.8094,ok,0.3254
277.4711,662,,,0.7884,,,,,,281.3639,r1_measured_03620,read,measured,,,,,2.6527,,ok,0.3625
239.2097,680,,,0.94,,,,,,242.6408,r1_measured_03621,read,measured,,,,,2.0418,,ok,0.3686
236.8987,680,,,0.5488,,,,,,239.4969,r1_measured_03622,read,measured,,,,,1.6374,,ok,0.345
234.1731,625,,,0.926,,,,,,239.5002,r1_measured_03623,read,measured,,,,,3.9538,,ok,0.3743
247.9779,663,,,0.5777,,,,,,253.3972,r1_measured_03624,read,measured,,,,,4.4099,,ok,0.3553
240.9061,629,,,0.7554,,,,,,245.6124,r1_measured_03625,read,measured,,,,,3.5296,,ok,0.3476
248.4022,674,,,0.6191,,,,,,254.4863,r1_measured_03626,read,measured,,,,,5.0443,,ok,0.3425
259.8968,688,,,0.6807,,,,,,264.646,r1_measured_03627,read,measured,,,,,3.62,,ok,0.3602
192.6999,509,,,0.5882,,,,,,196.0203,r1_measured_03628,read,measured,,,,,2.3177,,ok,0.3459
216.8637,568,,,0.6477,,,,,,220.7842,r1_measured_03629,read,measured,,,,,2.8194,,ok,0.384
282.0784,674,,,0.5143,,,,,,287.4024,r1_measured_03630,read,measured,,,,,4.384,,ok,0.3444
211.5493,568,,,0.9385,,,,,,217.0659,r1_measured_03631,read,measured,,,,,3.9685,,ok,0.4909
223.4704,568,,,3.1531,,,,,,254.7676,r1_measured_03632,read,measured,,,,,27.7151,,ok,0.3436
278.42,679,,,0.6896,,,,,,281.9852,r1_measured_03633,read,measured,,,,,2.4582,,ok,0.3414
237.6008,567,,,0.7028,,,,,,240.7906,r1_measured_03634,read,measured,,,,,2.0388,,ok,0.3705
280.7765,681,,,0.7184,,,,,,284.8139,r1_measured_03635,read,measured,,,,,2.8401,,ok,0.3829
410.9836,688,268.4864,7.4387,0.6775,57.9696,1,7.4369,1,34.3303,416.1525,r1_measured_03636,update,measured,26.8916,5.1689,1,19.3651,4.0478,30.8322,ok,0.3677
262.5625,629,,,0.8253,,,,,,265.7127,r1_measured_03637,read,measured,,,,,1.8512,,ok,0.3937
290.6067,680,,,0.7395,,,,,,307.1201,r1_measured_03638,read,measured,,,,,15.2936,,ok,0.3877
278.3763,681,,,0.9199,,,,,,281.3007,r1_measured_03639,read,measured,,,,,1.4988,,ok,0.4042
284.6019,689,,,0.6774,,,,,,288.0349,r1_measured_03640,read,measured,,,,,2.2742,,ok,0.3942
274.408,680,,,0.6998,,,,,,279.3614,r1_measured_03641,read,measured,,,,,3.7773,,ok,0.3831
130.0307,369,,,0.2741,,,,,,131.982,r1_measured_03642,read,measured,,,,,1.2647,,ok,0.3558
339.1443,419,224.5143,7.6525,0.2753,43.6358,1,7.6502,1,31.0595,341.0236,r1_measured_03643,update,measured,23.407,1.8793,1,16.1752,1.2113,23.7595,ok,0.3299
321.5711,663,,,0.7682,,,,,,324.573,r1_measured_03644,read,measured,,,,,1.8407,,ok,0.3207
173.4694,418,,,0.3873,,,,,,175.5366,r1_measured_03645,read,measured,,,,,1.1885,,ok,0.4037
160.9806,418,,,0.405,,,,,,164.0178,r1_measured_03646,read,measured,,,,,2.0988,,ok,0.4045
257.7711,509,,,0.5293,,,,,,263.2447,r1_measured_03647,read,measured,,,,,4.533,,ok,0.3481
273.3704,567,,,0.5334,,,,,,277.9661,r1_measured_03648,read,measured,,,,,3.6583,,ok,0.3424
341.1979,680,,,0.7234,,,,,,346.9407,r1_measured_03649,read,measured,,,,,4.5877,,ok,0.341
339.2612,674,,,0.5741,,,,,,343.4479,r1_measured_03650,read,measured,,,,,3.2015,,ok,0.3399
437.4558,629,270.2887,6.2633,0.6503,51.6741,1,6.2607,1,33.0026,443.2112,r1_measured_03651,update,measured,26.7393,5.7554,1,15.0628,4.6783,67.4276,ok,0.3511
363.9471,681,,,0.5908,,,,,,370.8173,r1_measured_03652,read,measured,,,,,5.775,,ok,0.4162
270.5458,629,,,0.657,,,,,,273.167,r1_measured_03653,read,measured,,,,,1.5437,,ok,0.3555
285.3915,681,,,0.6584,,,,,,290.514,r1_measured_03654,read,measured,,,,,4.0454,,ok,0.3428
234.1888,509,,,0.4817,,,,,,238.5475,r1_measured_03655,read,measured,,,,,3.4462,,ok,0.3482
395.0392,689,274.8837,4.3243,0.6695,53.5753,1,4.3226,1,22.8212,399.9175,r1_measured_03656,update,measured,18.4969,4.8783,1,16.3167,3.7617,27.4423,ok,0.3677
395.899,681,266.626,5.7056,0.8287,55.3164,1,5.7037,1,28.6895,400.7355,r1_measured_03657,update,measured,22.9839,4.8365,1,18.0748,3.4816,27.1923,ok,0.4307
265.5615,629,,,0.7973,,,,,,270.49,r1_measured_03658,read,measured,,,,,3.672,,ok,0.3676
267.5193,681,,,0.8285,,,,,,271.5735,r1_measured_03659,read,measured,,,,,2.6923,,ok,0.4432
230.1669,629,,,0.7006,,,,,,234.086,r1_measured_03660,read,measured,,,,,2.7731,,ok,0.3634
246.1928,673,,,0.6605,,,,,,251.1281,r1_measured_03661,read,measured,,,,,3.8488,,ok,0.3536
210.9995,568,,,0.6025,,,,,,214.0767,r1_measured_03662,read,measured,,,,,2.0483,,ok,0.3608
259.1881,681,,,0.7908,,,,,,264.5921,r1_measured_03663,read,measured,,,,,4.1123,,ok,0.4097
258.8503,627,,,0.645,,,,,,265.7715,r1_measured_03664,read,measured,,,,,5.8101,,ok,0.3807
270.2089,675,,,0.7109,,,,,,275.763,r1_measured_03665,read,measured,,,,,4.3629,,ok,0.3962
219.7768,509,,,0.8542,,,,,,225.4206,r1_measured_03666,read,measured,,,,,4.2946,,ok,0.4195
265.3121,628,,,0.8225,,,,,,269.6886,r1_measured_03667,read,measured,,,,,3.0577,,ok,0.3888
272.7618,663,,,0.8623,,,,,,279.772,r1_measured_03668,read,measured,,,,,5.6772,,ok,0.3793
288.5022,687,,,0.7444,,,,,,291.2216,r1_measured_03669,read,measured,,,,,1.5033,,ok,0.3881
203.9128,509,,,0.5809,,,,,,209.6494,r1_measured_03670,read,measured,,,,,4.6929,,ok,0.383
273.6932,662,,,0.6727,,,,,,277.8309,r1_measured_03671,read,measured,,,,,3.0183,,ok,0.3628
267.8163,675,,,0.7213,,,,,,273.6312,r1_measured_03672,read,measured,,,,,4.65,,ok,0.3545
263.7053,663,,,1.4997,,,,,,269.967,r1_measured_03673,read,measured,,,,,4.2744,,ok,0.4073
256.6166,681,,,0.6156,,,,,,263.8994,r1_measured_03674,read,measured,,,,,6.1437,,ok,0.4461
246.029,625,,,0.6715,,,,,,251.1398,r1_measured_03675,read,measured,,,,,4.0034,,ok,0.3535
255.7165,674,,,0.7452,,,,,,259.4307,r1_measured_03676,read,measured,,,,,2.5271,,ok,0.3563
150.7396,418,,,0.2751,,,,,,152.4151,r1_measured_03677,read,measured,,,,,0.9807,,ok,0.3525
219.732,567,,,0.6144,,,,,,223.1092,r1_measured_03678,read,measured,,,,,2.2598,,ok,0.4325
233.5494,629,,,0.7012,,,,,,239.8501,r1_measured_03679,read,measured,,,,,5.1655,,ok,0.354
203.1148,509,,,0.5245,,,,,,208.2824,r1_measured_03680,read,measured,,,,,4.2218,,ok,0.3533
257.5072,663,,,0.6687,,,,,,264.3725,r1_measured_03681,read,measured,,,,,5.638,,ok,0.4619
157.3315,418,,,0.2922,,,,,,159.0058,r1_measured_03682,read,measured,,,,,0.9759,,ok,0.3403
233.8955,625,,,0.7167,,,,,,241.403,r1_measured_03683,read,measured,,,,,6.3524,,ok,0.3549
253.2936,663,,,0.6154,,,,,,259.6217,r1_measured_03684,read,measured,,,,,5.262,,ok,0.3671
246.3284,629,,,0.5707,,,,,,250.3213,r1_measured_03685,read,measured,,,,,3.011,,ok,0.3411
195.5744,509,,,0.5079,,,,,,199.0442,r1_measured_03686,read,measured,,,,,2.5531,,ok,0.3507
253.0257,681,,,0.7703,,,,,,257.739,r1_measured_03687,read,measured,,,,,3.5136,,ok,0.3465
252.9972,681,,,0.6641,,,,,,256.7789,r1_measured_03688,read,measured,,,,,2.6533,,ok,0.3733
135.9586,368,,,0.2684,,,,,,137.8084,r1_measured_03689,read,measured,,,,,1.1656,,ok,0.3466
197.2316,509,,,0.7758,,,,,,202.9742,r1_measured_03690,read,measured,,,,,4.488,,ok,0.3981
244.0336,674,,,0.7142,,,,,,249.6323,r1_measured_03691,read,measured,,,,,4.4416,,ok,0.3592
245.5608,663,,,0.7873,,,,,,251.8751,r1_measured_03692,read,measured,,,,,5.074,,ok,0.3683
258.5885,688,,,0.7768,,,,,,262.7868,r1_measured_03693,read,measured,,,,,2.8415,,ok,0.4817
254.4837,680,,,0.7759,,,,,,259.9475,r1_measured_03694,read,measured,,,,,4.2352,,ok,0.3788
237.8249,629,,,0.6531,,,,,,248.9441,r1_measured_03695,read,measured,,,,,9.9572,,ok,0.4295
159.2001,418,,,0.285,,,,,,160.7771,r1_measured_03696,read,measured,,,,,0.89,,ok,0.3413
193.3107,509,,,0.6459,,,,,,199.6844,r1_measured_03697,read,measured,,,,,5.2953,,ok,0.3622
166.5327,418,,,0.2945,,,,,,168.1115,r1_measured_03698,read,measured,,,,,0.7875,,ok,0.4306
219.2822,568,,,0.9038,,,,,,222.4775,r1_measured_03699,read,measured,,,,,1.8291,,ok,0.3793
218.4544,568,,,0.6252,,,,,,224.1467,r1_measured_03700,read,measured,,,,,4.65,,ok,0.3438
258.8439,687,,,0.6478,,,,,,263.8291,r1_measured_03701,read,measured,,,,,3.882,,ok,0.3687
151.5812,419,,,0.3539,,,,,,153.5931,r1_measured_03702,read,measured,,,,,1.19,,ok,0.391
249.423,629,,,0.958,,,,,,256.9224,r1_measured_03703,read,measured,,,,,5.7838,,ok,0.598
270.7378,679,,,0.7507,,,,,,277.3449,r1_measured_03704,read,measured,,,,,5.2895,,ok,0.4568
263.2562,675,,,0.7086,,,,,,267.1533,r1_measured_03705,read,measured,,,,,2.7329,,ok,0.3689
267.2674,688,,,0.6321,,,,,,271.6494,r1_measured_03706,read,measured,,,,,3.3147,,ok,0.3624
288.3399,689,,,0.6978,,,,,,292.5264,r1_measured_03707,read,measured,,,,,3.0221,,ok,0.3779
183.6271,419,,,0.3814,,,,,,185.4701,r1_measured_03708,read,measured,,,,,1.0083,,ok,0.3844
291.4008,680,,,0.7065,,,,,,294.6489,r1_measured_03709,read,measured,,,,,2.0795,,ok,0.3761
283.1344,687,,,1.148,,,,,,288.9526,r1_measured_03710,read,measured,,,,,4.1571,,ok,0.4178
159.2078,369,,,0.3064,,,,,,161.2851,r1_measured_03711,read,measured,,,,,1.3337,,ok,0.3665
262.0617,628,,,0.7089,,,,,,267.0934,r1_measured_03712,read,measured,,,,,3.8163,,ok,0.415
275.8432,680,,,0.7544,,,,,,280.6708,r1_measured_03713,read,measured,,,,,3.6237,,ok,0.3676
245.5562,629,,,0.7661,,,,,,250.725,r1_measured_03714,read,measured,,,,,3.779,,ok,0.5025
272.6194,679,,,0.6062,,,,,,275.0663,r1_measured_03715,read,measured,,,,,1.3991,,ok,0.3597
235.091,568,,,0.6069,,,,,,239.4623,r1_measured_03716,read,measured,,,,,3.3425,,ok,0.3448
256.0589,681,,,0.7132,,,,,,259.629,r1_measured_03717,read,measured,,,,,2.412,,ok,0.3581
305.0421,689,,,0.6842,,,,,,310.1284,r1_measured_03718,read,measured,,,,,3.913,,ok,0.4115
221.1898,568,,,0.8023,,,,,,228.7673,r1_measured_03719,read,measured,,,,,6.1287,,ok,0.5547
281.2141,680,,,0.6532,,,,,,285.4879,r1_measured_03720,read,measured,,,,,3.174,,ok,0.3601
146.0109,418,,,0.3263,,,,,,148.0916,r1_measured_03721,read,measured,,,,,1.3114,,ok,0.3718
303.621,625,,,0.8621,,,,,,307.8454,r1_measured_03722,read,measured,,,,,2.8725,,ok,0.4038
322.3237,681,,,0.6758,,,,,,326.4882,r1_measured_03723,read,measured,,,,,3.0061,,ok,0.375
325.6511,663,,,0.6231,,,,,,330.4346,r1_measured_03724,read,measured,,,,,3.6492,,ok,0.372
427.0656,674,290.8214,7.1674,0.7598,57.6727,1,7.1651,1,32.3272,431.6679,r1_measured_03725,update,measured,25.1598,4.6023,1,17.6489,3.3114,28.5954,ok,0.4353
260.167,509,,,0.6392,,,,,,263.1548,r1_measured_03726,read,measured,,,,,1.9016,,ok,0.3751
316.306,681,,,0.8296,,,,,,319.4173,r1_measured_03727,read,measured,,,,,1.8186,,ok,0.37
297.6582,680,,,0.8506,,,,,,303.9387,r1_measured_03728,read,measured,,,,,4.9349,,ok,0.3969
303.7203,681,,,0.7981,,,,,,307.8968,r1_measured_03729,read,measured,,,,,2.9539,,ok,0.3468
269.7574,681,,,0.5848,,,,,,275.5455,r1_measured_03730,read,measured,,,,,4.7199,,ok,0.391
254.9687,675,,,0.7628,,,,,,260.2949,r1_measured_03731,read,measured,,,,,4.0473,,ok,0.4165
277.0446,688,,,0.6103,,,,,,282.6933,r1_measured_03732,read,measured,,,,,4.6034,,ok,0.3678
274.1826,680,,,0.4894,,,,,,278.7518,r1_measured_03733,read,measured,,,,,3.7068,,ok,0.3121
234.6659,675,,,0.75,,,,,,238.98,r1_measured_03734,read,measured,,,,,3.1187,,ok,0.3541
225.3182,663,,,0.6707,,,,,,229.9815,r1_measured_03735,read,measured,,,,,3.5006,,ok,0.411
449.8842,681,272.4753,5.3617,0.6168,41.1661,1,5.3595,1,27.7388,455.5755,r1_measured_03736,update,measured,22.3771,5.6913,1,83.8703,4.6194,24.6337,ok,0.3675
262.583,680,,,0.7134,,,,,,266.0284,r1_measured_03737,read,measured,,,,,2.3226,,ok,0.3375
458.8439,568,238.5379,66.9929,0.6435,42.43,1,66.9909,1,123.9294,461.7938,r1_measured_03738,update,measured,56.9365,2.9499,1,22.3501,1.8669,31.5965,ok,0.3603
276.7113,627,,,0.5975,,,,,,282.4988,r1_measured_03739,read,measured,,,,,4.7519,,ok,0.3605
293.3419,663,,,0.7351,,,,,,296.744,r1_measured_03740,read,measured,,,,,2.2204,,ok,0.3652
200.4683,419,,,0.2606,,,,,,202.3327,r1_measured_03741,read,measured,,,,,1.2116,,ok,0.334
159.8381,369,,,0.246,,,,,,161.7757,r1_measured_03742,read,measured,,,,,1.2365,,ok,0.3719
286.1003,689,,,0.6855,,,,,,289.9843,r1_measured_03743,read,measured,,,,,2.7452,,ok,0.3697
252.7228,628,,,0.8411,,,,,,259.9399,r1_measured_03744,read,measured,,,,,5.9246,,ok,0.3793
300.8314,689,,,0.5754,,,,,,303.7521,r1_measured_03745,read,measured,,,,,1.9487,,ok,0.3304
279.8059,625,,,0.6465,,,,,,283.3869,r1_measured_03746,read,measured,,,,,2.5023,,ok,0.3585
281.0698,663,,,0.5325,,,,,,286.1978,r1_measured_03747,read,measured,,,,,4.1995,,ok,0.3322
179.8151,369,,,0.2905,,,,,,181.6604,r1_measured_03748,read,measured,,,,,1.1373,,ok,0.3536
304.3043,509,198.5942,5.3847,0.6065,43.7667,1,5.3826,1,23.9957,309.1389,r1_measured_03749,update,measured,18.611,4.8346,1,16.2863,3.8099,21.6614,ok,0.3458
288.1459,689,,,0.6457,,,,,,292.6585,r1_measured_03750,read,measured,,,,,3.4443,,ok,0.3546
389.8805,675,251.0938,4.6191,0.6728,60.9541,1,4.6173,1,26.0916,394.9681,r1_measured_03751,update,measured,21.4725,5.0876,1,21.5597,3.916,30.1813,ok,0.4085
249.8748,627,,,0.6782,,,,,,255.3649,r1_measured_03752,read,measured,,,,,4.361,,ok,0.3604
209.4284,509,,,0.6854,,,,,,215.4038,r1_measured_03753,read,measured,,,,,4.8355,,ok,0.3722
217.0993,568,,,0.6423,,,,,,221.1147,r1_measured_03754,read,measured,,,,,2.9118,,ok,0.378
261.9411,689,,,0.5698,,,,,,267.492,r1_measured_03755,read,measured,,,,,4.504,,ok,0.3873
253.6053,680,,,0.5917,,,,,,259.9663,r1_measured_03756,read,measured,,,,,5.3259,,ok,0.363
168.3817,418,,,0.3783,,,,,,170.2918,r1_measured_03757,read,measured,,,,,1.0285,,ok,0.4253
289.7177,681,,,0.7691,,,,,,294.4449,r1_measured_03758,read,measured,,,,,3.3868,,ok,0.4536
155.3831,369,,,0.2481,,,,,,156.7332,r1_measured_03759,read,measured,,,,,0.6807,,ok,0.3616
266.8267,689,,,0.6891,,,,,,273.1976,r1_measured_03760,read,measured,,,,,5.2208,,ok,0.3736
260.3752,689,,,0.6819,,,,,,267.2002,r1_measured_03761,read,measured,,,,,5.6722,,ok,0.3829
235.5032,628,,,0.7224,,,,,,239.0467,r1_measured_03762,read,measured,,,,,2.2174,,ok,0.5069
244.7326,681,,,0.7676,,,,,,274.2737,r1_measured_03763,read,measured,,,,,28.2956,,ok,0.3797
274.024,675,,,0.6454,,,,,,278.5722,r1_measured_03764,read,measured,,,,,3.4557,,ok,0.3643
133.1084,368,,,0.339,,,,,,134.9478,r1_measured_03765,read,measured,,,,,1.1228,,ok,0.3247
276.2921,680,,,0.811,,,,,,279.9703,r1_measured_03766,read,measured,,,,,2.4293,,ok,0.355
263.4327,629,,,0.7755,,,,,,269.7577,r1_measured_03767,read,measured,,,,,5.0891,,ok,0.3764
275.4141,674,,,0.6863,,,,,,280.633,r1_measured_03768,read,measured,,,,,4.0861,,ok,0.3671
187.4288,418,,,0.431,,,,,,189.9991,r1_measured_03769,read,measured,,,,,1.6903,,ok,0.3765
323.6291,568,210.7651,7.4497,0.5304,45.3216,0,7.4472,1,36.4643,328.7319,r1_measured_03770,update,measured,29.0146,5.1028,1,0.0072,4.14,31.0709,ok,0.3554
264.7686,627,,,0.5251,,,,,,270.1137,r1_measured_03771,read,measured,,,,,4.3801,,ok,0.3564
245.025,679,,,0.6191,,,,,,251.5911,r1_measured_03772,read,measured,,,,,5.5077,,ok,0.355
255.5579,675,,,0.7645,,,,,,259.1359,r1_measured_03773,read,measured,,,,,2.3553,,ok,0.3696
250.1134,663,,,0.6107,,,,,,253.8856,r1_measured_03774,read,measured,,,,,2.7029,,ok,0.3736
209.5267,509,,,0.4843,,,,,,214.4498,r1_measured_03775,read,measured,,,,,4.0224,,ok,0.3397
259.9023,679,,,0.5889,,,,,,264.2088,r1_measured_03776,read,measured,,,,,3.29,,ok,0.3429
162.7765,419,,,0.2701,,,,,,165.9001,r1_measured_03777,read,measured,,,,,2.4503,,ok,0.3416
144.0088,369,,,0.2476,,,,,,146.1647,r1_measured_03778,read,measured,,,,,1.4851,,ok,0.3596
251.8485,689,,,0.6407,,,,,,257.0188,r1_measured_03779,read,measured,,,,,4.0708,,ok,0.3705
160.1116,418,,,0.2807,,,,,,161.6308,r1_measured_03780,read,measured,,,,,0.8358,,ok,0.3445
235.1111,662,,,0.796,,,,,,241.3113,r1_measured_03781,read,measured,,,,,4.1236,,ok,1.1908
247.0485,663,,,0.813,,,,,,252.0964,r1_measured_03782,read,measured,,,,,3.7864,,ok,0.3634
223.9199,568,,,0.6772,,,,,,227.715,r1_measured_03783,read,measured,,,,,2.6624,,ok,0.3847
187.461,509,,,0.5059,,,,,,191.4208,r1_measured_03784,read,measured,,,,,3.0471,,ok,0.3504
266.589,663,,,0.6557,,,,,,269.6356,r1_measured_03785,read,measured,,,,,1.9523,,ok,0.3582
146.7586,369,,,0.2432,,,,,,148.6141,r1_measured_03786,read,measured,,,,,1.1869,,ok,0.3742
267.1601,680,,,0.6365,,,,,,269.8054,r1_measured_03787,read,measured,,,,,1.5647,,ok,0.3642
272.6659,681,,,0.6209,,,,,,277.8005,r1_measured_03788,read,measured,,,,,4.1002,,ok,0.3435
161.9946,368,,,0.2523,,,,,,163.9278,r1_measured_03789,read,measured,,,,,1.2633,,ok,0.3509
274.4733,680,,,0.6965,,,,,,280.5515,r1_measured_03790,read,measured,,,,,4.9296,,ok,0.3548
181.2675,418,,,0.3076,,,,,,183.2403,r1_measured_03791,read,measured,,,,,1.2384,,ok,0.354
355.6618,626,245.9239,5.9816,0.6976,50.2782,0,5.9797,1,35.8286,359.2588,r1_measured_03792,update,measured,29.847,3.597,1,0.006,2.464,23.6251,ok,0.3565
214.1266,509,,,1.4788,,,,,,219.866,r1_measured_03793,read,measured,,,,,3.8418,,ok,0.3404
234.4066,663,,,0.5797,,,,,,237.3348,r1_measured_03794,read,measured,,,,,1.9051,,ok,0.3712
182.4855,509,,,0.7194,,,,,,189.4891,r1_measured_03795,read,measured,,,,,5.3578,,ok,0.8331
247.8811,679,,,0.6783,,,,,,250.764,r1_measured_03796,read,measured,,,,,1.7481,,ok,0.3714
259.9536,689,,,0.7432,,,,,,265.2657,r1_measured_03797,read,measured,,,,,4.1035,,ok,0.3684
148.666,369,,,0.2391,,,,,,150.0142,r1_measured_03798,read,measured,,,,,0.7029,,ok,0.3468
249.5037,689,,,0.6738,,,,,,254.9842,r1_measured_03799,read,measured,,,,,4.3553,,ok,0.363
155.1882,418,,,0.6203,,,,,,157.4357,r1_measured_03800,read,measured,,,,,1.2168,,ok,0.3501
261.8745,689,,,0.7267,,,,,,267.3335,r1_measured_03801,read,measured,,,,,4.2669,,ok,0.3767
193.0948,509,,,0.5022,,,,,,196.391,r1_measured_03802,read,measured,,,,,2.3499,,ok,0.3689
247.5209,680,,,0.8514,,,,,,253.796,r1_measured_03803,read,measured,,,,,4.9228,,ok,0.4051
260.2608,680,,,0.6981,,,,,,265.1844,r1_measured_03804,read,measured,,,,,3.7868,,ok,0.3644
256.6243,689,,,0.5703,,,,,,262.5431,r1_measured_03805,read,measured,,,,,4.8652,,ok,0.3971
244.1711,629,,,0.6215,,,,,,250.2815,r1_measured_03806,read,measured,,,,,5.0596,,ok,0.353
329.3026,663,,,0.7131,,,,,,333.1945,r1_measured_03807,read,measured,,,,,2.6608,,ok,0.4171
137.9926,369,,,0.257,,,,,,139.9719,r1_measured_03808,read,measured,,,,,1.3049,,ok,0.3491
332.7514,681,,,0.6994,,,,,,335.6589,r1_measured_03809,read,measured,,,,,1.6933,,ok,0.4178
336.0639,678,,,0.7415,,,,,,340.5355,r1_measured_03810,read,measured,,,,,3.2546,,ok,0.3828
229.6423,417,,,0.323,,,,,,231.7703,r1_measured_03811,read,measured,,,,,1.3615,,ok,0.3714
265.5379,509,,,0.8008,,,,,,271.9143,r1_measured_03812,read,measured,,,,,5.1042,,ok,0.3724
335.4062,689,,,0.7987,,,,,,337.7677,r1_measured_03813,read,measured,,,,,1.1027,,ok,0.366
317.3626,680,,,0.9833,,,,,,321.7098,r1_measured_03814,read,measured,,,,,2.8621,,ok,0.4084
394.7854,629,243.2852,6.8631,0.6904,53.6465,1,6.8613,1,27.4481,398.266,r1_measured_03815,update,measured,20.585,3.4806,1,0.0067,2.3516,70.3989,ok,0.3631
262.6201,663,,,0.6726,,,,,,268.1205,r1_measured_03816,read,measured,,,,,4.3829,,ok,0.3554
274.8044,688,,,0.6271,,,,,,281.799,r1_measured_03817,read,measured,,,,,5.9427,,ok,0.3403
149.1563,367,,,0.3253,,,,,,150.5653,r1_measured_03818,read,measured,,,,,0.5857,,ok,0.4262
264.0087,681,,,0.7534,,,,,,269.3513,r1_measured_03819,read,measured,,,,,4.1344,,ok,0.3702
213.2828,567,,,0.6844,,,,,,218.6852,r1_measured_03820,read,measured,,,,,4.2637,,ok,0.3837
190.009,509,,,0.8478,,,,,,195.4906,r1_measured_03821,read,measured,,,,,4.2072,,ok,0.3588
199.4173,509,,,0.5517,,,,,,204.0666,r1_measured_03822,read,measured,,,,,3.6462,,ok,0.3738
255.2309,681,,,0.8281,,,,,,259.9048,r1_measured_03823,read,measured,,,,,3.3765,,ok,0.3794
257.1094,675,,,0.7931,,,,,,262.2651,r1_measured_03824,read,measured,,,,,3.9313,,ok,0.3545
163.2665,418,,,0.2857,,,,,,165.4788,r1_measured_03825,read,measured,,,,,1.488,,ok,0.3644
167.1094,418,,,0.356,,,,,,169.453,r1_measured_03826,read,measured,,,,,1.558,,ok,0.3596
218.5269,568,,,0.5607,,,,,,221.4759,r1_measured_03827,read,measured,,,,,1.9503,,ok,0.3589
257.4094,674,,,0.7224,,,,,,261.0817,r1_measured_03828,read,measured,,,,,2.5098,,ok,0.3536
238.2368,629,,,0.7982,,,,,,243.4577,r1_measured_03829,read,measured,,,,,3.9616,,ok,0.3732
160.6575,418,,,0.3285,,,,,,162.3947,r1_measured_03830,read,measured,,,,,0.9757,,ok,0.3589
215.2517,567,,,0.5901,,,,,,217.9844,r1_measured_03831,read,measured,,,,,1.6919,,ok,0.381
213.4182,568,,,0.7997,,,,,,218.2589,r1_measured_03832,read,measured,,,,,3.5889,,ok,0.3695
259.9262,674,,,0.7087,,,,,,263.7366,r1_measured_03833,read,measured,,,,,2.6368,,ok,0.3852
236.1805,629,,,0.6863,,,,,,239.0862,r1_measured_03834,read,measured,,,,,1.7396,,ok,0.3861
203.0838,509,,,0.6453,,,,,,205.6932,r1_measured_03835,read,measured,,,,,1.5334,,ok,0.3612
264.7667,675,,,0.7151,,,,,,269.4775,r1_measured_03836,read,measured,,,,,3.524,,ok,0.3799
150.8547,369,,,0.265,,,,,,152.4314,r1_measured_03837,read,measured,,,,,0.9046,,ok,0.3493
274.3322,680,,,0.7551,,,,,,282.8543,r1_measured_03838,read,measured,,,,,7.2574,,ok,0.4152
154.8467,369,,,0.3079,,,,,,156.7731,r1_measured_03839,read,measured,,,,,1.1377,,ok,0.4073
214.9522,508,,,0.8093,,,,,,223.3154,r1_measured_03840,read,measured,,,,,7.0367,,ok,0.433
245.3084,567,,,0.7775,,,,,,248.2549,r1_measured_03841,read,measured,,,,,1.6914,,ok,0.3875
191.284,418,,,0.3731,,,,,,193.0238,r1_measured_03842,read,measured,,,,,0.8809,,ok,0.4043
284.9539,679,,,0.7284,,,,,,289.4733,r1_measured_03843,read,measured,,,,,3.3243,,ok,0.378
274.8004,675,,,0.5626,,,,,,278.4185,r1_measured_03844,read,measured,,,,,2.5458,,ok,0.4138
235.5554,568,,,0.5832,,,,,,242.2551,r1_measured_03845,read,measured,,,,,5.6423,,ok,0.3865
272.043,681,,,0.704,,,,,,277.0646,r1_measured_03846,read,measured,,,,,3.8707,,ok,0.3632
220.7008,566,,,0.6366,,,,,,226.8481,r1_measured_03847,read,measured,,,,,5.0598,,ok,0.3673
155.6107,369,,,0.2606,,,,,,157.8669,r1_measured_03848,read,measured,,,,,1.584,,ok,0.3523
214.6217,508,,,0.7868,,,,,,220.1146,r1_measured_03849,read,measured,,,,,4.2673,,ok,0.3617
234.3969,568,,,0.6748,,,,,,238.1583,r1_measured_03850,read,measured,,,,,2.6472,,ok,0.3573
170.9764,418,,,0.2998,,,,,,172.841,r1_measured_03851,read,measured,,,,,1.119,,ok,0.3746
251.7085,681,,,0.6558,,,,,,256.8899,r1_measured_03852,read,measured,,,,,4.094,,ok,0.3585
257.1975,675,,,0.8208,,,,,,261.8773,r1_measured_03853,read,measured,,,,,3.4087,,ok,0.3583
266.0427,689,,,0.6905,,,,,,269.7105,r1_measured_03854,read,measured,,,,,2.5157,,ok,0.373
264.9941,681,,,0.7203,,,,,,271.7134,r1_measured_03855,read,measured,,,,,5.5144,,ok,0.3966
147.9399,417,,,0.2989,,,,,,149.4022,r1_measured_03856,read,measured,,,,,0.7246,,ok,0.3684
198.2529,509,,,0.5414,,,,,,202.7419,r1_measured_03857,read,measured,,,,,3.5152,,ok,0.3557
282.1921,687,,,0.9631,,,,,,286.349,r1_measured_03858,read,measured,,,,,2.7367,,ok,0.3657
218.13,509,,,0.6044,,,,,,222.2688,r1_measured_03859,read,measured,,,,,3.1178,,ok,0.3467
282.8713,675,,,0.6735,,,,,,286.5068,r1_measured_03860,read,measured,,,,,2.505,,ok,0.3653
285.0451,680,,,0.8122,,,,,,289.7834,r1_measured_03861,read,measured,,,,,3.4786,,ok,0.3611
288.1703,687,,,0.6345,,,,,,295.6839,r1_measured_03862,read,measured,,,,,6.448,,ok,0.3535
180.9427,418,,,0.4689,,,,,,182.8794,r1_measured_03863,read,measured,,,,,1.0149,,ok,0.3803
399.5693,675,262.1769,6.3158,0.8162,58.8592,1,6.3137,1,30.8132,404.7824,r1_measured_03864,update,measured,24.4974,5.2131,1,20.1004,3.9553,27.6196,ok,0.3624
176.616,419,,,0.302,,,,,,178.3224,r1_measured_03865,read,measured,,,,,0.9548,,ok,0.3798
256.7423,687,,,0.8925,,,,,,262.1141,r1_measured_03866,read,measured,,,,,4.0045,,ok,0.3752
225.6906,568,,,0.596,,,,,,230.1027,r1_measured_03867,read,measured,,,,,3.371,,ok,0.3622
166.98,418,,,0.3073,,,,,,168.7427,r1_measured_03868,read,measured,,,,,1.0234,,ok,0.3616
267.6461,689,,,0.8432,,,,,,271.9293,r1_measured_03869,read,measured,,,,,2.9909,,ok,0.361
264.6252,681,,,0.7642,,,,,,267.5152,r1_measured_03870,read,measured,,,,,1.6457,,ok,0.3925
165.5117,418,,,0.3036,,,,,,167.6239,r1_measured_03871,read,measured,,,,,1.3507,,ok,0.387
197.2432,509,,,0.5492,,,,,,201.1231,r1_measured_03872,read,measured,,,,,2.8981,,ok,0.3581
246.0946,567,,,0.6503,,,,,,253.3585,r1_measured_03873,read,measured,,,,,6.1385,,ok,0.4036
223.1678,509,,,0.5565,,,,,,225.4541,r1_measured_03874,read,measured,,,,,1.2949,,ok,0.3691
260.2349,627,,,0.7462,,,,,,264.9286,r1_measured_03875,read,measured,,,,,3.487,,ok,0.3762
154.2507,369,,,0.2757,,,,,,156.415,r1_measured_03876,read,measured,,,,,1.4637,,ok,0.3554
279.7656,681,,,0.7761,,,,,,286.7447,r1_measured_03877,read,measured,,,,,5.7603,,ok,0.3546
372.9758,627,246.1547,4.6777,0.878,52.923,1,4.6757,1,32.6257,383.8834,r1_measured_03878,update,measured,27.948,10.9076,1,14.5549,9.6176,26.7175,ok,0.3329
256.9121,627,,,0.5807,,,,,,260.6288,r1_measured_03879,read,measured,,,,,2.5513,,ok,0.4937
267.213,680,,,0.6607,,,,,,272.9846,r1_measured_03880,read,measured,,,,,4.6732,,ok,0.3516
263.6517,679,,,0.798,,,,,,270.1076,r1_measured_03881,read,measured,,,,,5.2012,,ok,0.3729
212.8601,567,,,0.5259,,,,,,219.2562,r1_measured_03882,read,measured,,,,,5.4255,,ok,0.3695
215.5401,568,,,0.5368,,,,,,221.0833,r1_measured_03883,read,measured,,,,,4.6004,,ok,0.337
141.7003,369,,,0.2568,,,,,,143.8738,r1_measured_03884,read,measured,,,,,1.4893,,ok,0.3643
246.1882,687,,,0.8996,,,,,,252.4931,r1_measured_03885,read,measured,,,,,4.9413,,ok,0.3656
249.7431,663,,,0.6017,,,,,,255.7402,r1_measured_03886,read,measured,,,,,4.973,,ok,0.351
209.7732,566,,,0.5857,,,,,,213.8822,r1_measured_03887,read,measured,,,,,3.0979,,ok,0.3537
245.5932,629,,,0.9078,,,,,,250.0603,r1_measured_03888,read,measured,,,,,3.1002,,ok,0.3724
260.901,689,,,0.703,,,,,,265.6724,r1_measured_03889,read,measured,,,,,3.6443,,ok,0.3508
247.3529,663,,,0.7071,,,,,,249.5012,r1_measured_03890,read,measured,,,,,0.9754,,ok,0.3822
209.8636,566,,,0.7128,,,,,,214.7614,r1_measured_03891,read,measured,,,,,3.7363,,ok,0.3721
213.3915,568,,,1.0489,,,,,,218.4962,r1_measured_03892,read,measured,,,,,3.5882,,ok,0.3912
174.8682,418,,,0.3036,,,,,,177.1229,r1_measured_03893,read,measured,,,,,1.532,,ok,0.3556
166.1706,418,,,0.2929,,,,,,168.183,r1_measured_03894,read,measured,,,,,1.3233,,ok,0.3368
136.02,369,,,0.276,,,,,,137.5822,r1_measured_03895,read,measured,,,,,0.8726,,ok,0.3448
220.1178,566,,,0.8396,,,,,,224.984,r1_measured_03896,read,measured,,,,,3.5944,,ok,0.3577
188.9069,509,,,0.6622,,,,,,192.3319,r1_measured_03897,read,measured,,,,,2.3216,,ok,0.3639
248.4503,663,,,1.533,,,,,,255.5297,r1_measured_03898,read,measured,,,,,5.0998,,ok,0.3643
249.9942,674,,,1.3696,,,,,,258.2847,r1_measured_03899,read,measured,,,,,6.5119,,ok,0.3406
244.8296,663,,,0.6719,,,,,,248.3908,r1_measured_03900,read,measured,,,,,2.463,,ok,0.3595
256.2521,680,,,1.1865,,,,,,264.0734,r1_measured_03901,read,measured,,,,,6.0177,,ok,0.5148
253.0281,679,,,0.7026,,,,,,264.6785,r1_measured_03902,read,measured,,,,,10.3557,,ok,0.4889
244.1886,681,,,0.8718,,,,,,255.2172,r1_measured_03903,read,measured,,,,,9.5756,,ok,0.4854
266.3738,681,,,0.6998,,,,,,271.3086,r1_measured_03904,read,measured,,,,,3.7991,,ok,0.3518
163.1049,419,,,0.3264,,,,,,165.0476,r1_measured_03905,read,measured,,,,,1.1519,,ok,0.3974
210.3966,509,,,0.6185,,,,,,215.6478,r1_measured_03906,read,measured,,,,,4.195,,ok,0.3604
145.844,369,,,0.2757,,,,,,147.5557,r1_measured_03907,read,measured,,,,,1.0091,,ok,0.3578
245.6631,629,,,0.5063,,,,,,249.2578,r1_measured_03908,read,measured,,,,,2.6611,,ok,0.3583
284.6384,680,,,0.7698,,,,,,289.408,r1_measured_03909,read,measured,,,,,3.5772,,ok,0.3391
165.243,419,,,0.2896,,,,,,166.7014,r1_measured_03910,read,measured,,,,,0.7371,,ok,0.3643
282.3324,663,,,0.8029,,,,,,287.8852,r1_measured_03911,read,measured,,,,,4.2726,,ok,0.3827
164.7308,419,,,0.2803,,,,,,166.5599,r1_measured_03912,read,measured,,,,,1.1269,,ok,0.3641
265.7473,681,,,0.705,,,,,,269.899,r1_measured_03913,read,measured,,,,,2.9909,,ok,0.3721
274.3578,689,,,0.6598,,,,,,277.3652,r1_measured_03914,read,measured,,,,,1.9098,,ok,0.3545
316.1701,679,,,0.7408,,,,,,321.5431,r1_measured_03915,read,measured,,,,,4.2009,,ok,0.35
315.2531,681,,,0.6961,,,,,,320.6734,r1_measured_03916,read,measured,,,,,4.2604,,ok,0.358
423.9808,663,293.4811,5.7016,1.1084,56.2209,1,5.6999,1,27.2761,427.4183,r1_measured_03917,update,measured,21.5745,3.4375,1,17.4453,1.8587,29.5574,ok,0.3812
175.2802,419,,,0.3418,,,,,,177.1386,r1_measured_03918,read,measured,,,,,1.0843,,ok,0.3562
291.2576,680,,,0.9254,,,,,,296.631,r1_measured_03919,read,measured,,,,,3.9538,,ok,0.3953
232.6621,509,,,0.6522,,,,,,237.4463,r1_measured_03920,read,measured,,,,,3.6506,,ok,0.3962
300.266,689,,,0.8951,,,,,,307.4893,r1_measured_03921,read,measured,,,,,5.4762,,ok,0.7417
238.8984,509,,,0.6604,,,,,,243.6513,r1_measured_03922,read,measured,,,,,3.5863,,ok,0.4223
337.1482,680,,,0.976,,,,,,346.6874,r1_measured_03923,read,measured,,,,,8.1013,,ok,0.3811
291.6828,675,,,0.6832,,,,,,298.8178,r1_measured_03924,read,measured,,,,,6.0122,,ok,0.3548
271.4677,629,,,0.7843,,,,,,275.698,r1_measured_03925,read,measured,,,,,2.9979,,ok,0.3699
237.5328,509,,,0.5952,,,,,,242.4988,r1_measured_03926,read,measured,,,,,3.9442,,ok,0.3583
315.3582,662,,,0.7522,,,,,,321.4774,r1_measured_03927,read,measured,,,,,4.7756,,ok,0.4785
268.173,567,,,0.6704,,,,,,278.1421,r1_measured_03928,read,measured,,,,,5.3846,,ok,0.3637
325.5932,688,,,0.5864,,,,,,330.3525,r1_measured_03929,read,measured,,,,,3.681,,ok,0.4049
420.6098,674,274.0527,4.7862,0.5925,64.2155,1,4.7847,1,31.4234,426.8075,r1_measured_03930,update,measured,26.6372,6.1977,1,21.2477,5.1727,29.6705,ok,0.3514
224.1196,509,,,0.7567,,,,,,227.8419,r1_measured_03931,read,measured,,,,,2.5146,,ok,0.3727
336.1237,568,214.4761,5.561,0.7216,45.1741,1,5.5583,1,32.611,339.8111,r1_measured_03932,update,measured,27.05,3.6874,1,15.3926,2.4877,28.4699,ok,0.3945
215.4908,509,,,0.5144,,,,,,221.1046,r1_measured_03933,read,measured,,,,,4.6713,,ok,0.3602
284.0228,675,,,0.5799,,,,,,287.806,r1_measured_03934,read,measured,,,,,2.7663,,ok,0.3532
288.0086,681,,,0.685,,,,,,295.5894,r1_measured_03935,read,measured,,,,,6.4553,,ok,0.3639
266.0443,628,,,0.787,,,,,,270.7683,r1_measured_03936,read,measured,,,,,3.4925,,ok,0.3661
292.4657,675,,,0.7003,,,,,,296.4526,r1_measured_03937,read,measured,,,,,2.837,,ok,0.3668
192.8471,418,,,0.2874,,,,,,194.8462,r1_measured_03938,read,measured,,,,,1.2811,,ok,0.3615
281.7037,675,,,0.6619,,,,,,286.8007,r1_measured_03939,read,measured,,,,,4.0016,,ok,0.3526
349.2505,568,214.357,5.1683,1.2145,56.9898,1,5.1667,1,28.4819,355.3748,r1_measured_03940,update,measured,23.3136,6.1243,1,18.434,4.1406,30.9878,ok,0.6928
284.9955,689,,,0.7241,,,,,,291.2278,r1_measured_03941,read,measured,,,,,5.0712,,ok,0.359
189.659,419,,,0.2784,,,,,,192.672,r1_measured_03942,read,measured,,,,,2.3398,,ok,0.3372
255.5864,681,,,0.7444,,,,,,282.0927,r1_measured_03943,read,measured,,,,,25.1458,,ok,0.5133
233.0344,627,,,0.8558,,,,,,238.2551,r1_measured_03944,read,measured,,,,,3.9155,,ok,0.3665
207.5244,568,,,0.7053,,,,,,212.2344,r1_measured_03945,read,measured,,,,,3.5795,,ok,0.3473
240.8397,568,,,0.6547,,,,,,243.8268,r1_measured_03946,read,measured,,,,,1.8474,,ok,0.4017
259.1576,629,,,0.64,,,,,,263.7092,r1_measured_03947,read,measured,,,,,3.4759,,ok,0.3487
283.8088,675,,,0.769,,,,,,287.6475,r1_measured_03948,read,measured,,,,,2.6364,,ok,0.3528
306.3366,675,,,0.6002,,,,,,311.1145,r1_measured_03949,read,measured,,,,,3.7381,,ok,0.3565
351.2073,567,242.4034,6.0815,0.6914,49.5361,1,6.0794,1,28.1699,355.8433,r1_measured_03950,update,measured,22.0884,4.636,1,0.0048,3.4819,31.0931,ok,0.3822
293.4679,663,,,0.7697,,,,,,297.1199,r1_measured_03951,read,measured,,,,,2.4458,,ok,0.3591
307.0187,679,,,0.5945,,,,,,312.8346,r1_measured_03952,read,measured,,,,,4.767,,ok,0.3794
157.9974,419,,,0.2951,,,,,,159.8291,r1_measured_03953,read,measured,,,,,1.1181,,ok,0.3463
288.7825,689,,,0.6589,,,,,,292.0636,r1_measured_03954,read,measured,,,,,2.135,,ok,0.4014
269.1379,674,,,0.7275,,,,,,273.3007,r1_measured_03955,read,measured,,,,,2.9926,,ok,0.358
180.4028,418,,,0.2836,,,,,,182.1224,r1_measured_03956,read,measured,,,,,1.0093,,ok,0.359
342.9031,628,238.2188,4.2349,0.6644,52.493,1,4.2325,1,25.0868,345.7053,r1_measured_03957,update,measured,20.8519,2.8022,1,0.0057,1.6638,27.0988,ok,0.3895
146.6386,369,,,0.2725,,,,,,149.0011,r1_measured_03958,read,measured,,,,,1.6602,,ok,0.3611
252.8975,675,,,0.9648,,,,,,258.0975,r1_measured_03959,read,measured,,,,,3.7697,,ok,0.3722
159.2892,419,,,0.2982,,,,,,161.2404,r1_measured_03960,read,measured,,,,,1.2424,,ok,0.344
277.5401,689,,,1.3186,,,,,,283.4589,r1_measured_03961,read,measured,,,,,3.9515,,ok,0.5194
223.5841,568,,,0.7264,,,,,,226.7448,r1_measured_03962,read,measured,,,,,1.9955,,ok,0.3684
160.6154,418,,,0.3032,,,,,,163.5588,r1_measured_03963,read,measured,,,,,2.2046,,ok,0.3659
163.5014,418,,,0.2802,,,,,,165.0077,r1_measured_03964,read,measured,,,,,0.7968,,ok,0.3618
297.1972,689,,,0.6482,,,,,,305.0569,r1_measured_03965,read,measured,,,,,6.7415,,ok,0.3797
286.5256,663,,,0.6401,,,,,,291.8231,r1_measured_03966,read,measured,,,,,4.0596,,ok,0.485
295.9336,679,,,0.6277,,,,,,299.4247,r1_measured_03967,read,measured,,,,,2.4469,,ok,0.3393
300.5129,680,,,0.664,,,,,,303.6241,r1_measured_03968,read,measured,,,,,2.011,,ok,0.3601
398.3429,680,256.3526,7.6896,0.6104,48.9961,1,7.6876,1,42.8032,402.8181,r1_measured_03969,update,measured,35.1136,4.4752,1,22.3588,3.3724,27.8322,ok,0.3995
174.4992,369,,,0.2528,,,,,,176.4305,r1_measured_03970,read,measured,,,,,1.2441,,ok,0.3666
273.2396,629,,,0.6488,,,,,,279.3055,r1_measured_03971,read,measured,,,,,4.9658,,ok,0.3733
267.2788,675,,,0.6804,,,,,,270.6042,r1_measured_03972,read,measured,,,,,2.1865,,ok,0.3662
254.4231,680,,,0.5472,,,,,,259.5139,r1_measured_03973,read,measured,,,,,4.1225,,ok,0.3434
247.2474,663,,,0.5877,,,,,,249.7757,r1_measured_03974,read,measured,,,,,1.4827,,ok,0.3662
247.1918,663,,,0.6094,,,,,,252.6381,r1_measured_03975,read,measured,,,,,4.3866,,ok,0.3654
248.6158,681,,,0.5821,,,,,,252.8769,r1_measured_03976,read,measured,,,,,3.2299,,ok,0.3645
258.34,689,,,0.641,,,,,,261.165,r1_measured_03977,read,measured,,,,,1.7417,,ok,0.3599
260.2722,680,,,0.7075,,,,,,268.1555,r1_measured_03978,read,measured,,,,,6.7398,,ok,0.357
244.1395,629,,,0.6206,,,,,,247.5393,r1_measured_03979,read,measured,,,,,2.3553,,ok,0.3475
258.5922,679,,,0.635,,,,,,262.8821,r1_measured_03980,read,measured,,,,,3.2168,,ok,0.3481
244.1391,663,,,0.7244,,,,,,250.5284,r1_measured_03981,read,measured,,,,,5.2253,,ok,0.3695
248.9849,680,,,0.5123,,,,,,252.3908,r1_measured_03982,read,measured,,,,,2.4701,,ok,0.3564
265.9388,679,,,0.7654,,,,,,270.9084,r1_measured_03983,read,measured,,,,,3.7384,,ok,0.3759
285.0794,680,,,0.6479,,,,,,287.8253,r1_measured_03984,read,measured,,,,,1.6586,,ok,0.365
281.5383,681,,,1.0517,,,,,,284.7016,r1_measured_03985,read,measured,,,,,1.6681,,ok,0.3564
176.873,509,,,0.6514,,,,,,181.7793,r1_measured_03986,read,measured,,,,,3.8262,,ok,0.366
232.5993,568,,,0.4678,,,,,,236.6048,r1_measured_03987,read,measured,,,,,3.1313,,ok,0.3452
237.9178,568,,,0.6027,,,,,,242.0942,r1_measured_03988,read,measured,,,,,3.1411,,ok,0.3565
274.7274,689,,,0.5455,,,,,,279.1363,r1_measured_03989,read,measured,,,,,3.4138,,ok,0.3664
158.9331,369,,,0.2496,,,,,,161.1396,r1_measured_03990,read,measured,,,,,1.5501,,ok,0.3404
285.5803,687,,,0.6596,,,,,,288.8392,r1_measured_03991,read,measured,,,,,2.1803,,ok,0.3517
270.8035,419,164.5718,5.4028,0.2753,44.3027,1,5.4013,1,27.1137,273.3896,r1_measured_03992,update,measured,21.7109,2.5861,1,15.2891,1.9045,19.5262,ok,0.3507
195.3573,509,,,0.8013,,,,,,200.9497,r1_measured_03993,read,measured,,,,,4.3536,,ok,0.3643
254.11,663,,,0.6654,,,,,,256.2967,r1_measured_03994,read,measured,,,,,1.0815,,ok,0.3655
309.4638,681,,,0.8074,,,,,,316.2397,r1_measured_03995,read,measured,,,,,5.5436,,ok,0.3466
287.1151,628,,,0.7476,,,,,,291.7054,r1_measured_03996,read,measured,,,,,3.3764,,ok,0.3922
155.6045,418,,,0.3431,,,,,,158.1115,r1_measured_03997,read,measured,,,,,1.7054,,ok,0.371
295.825,674,,,0.9148,,,,,,301.8615,r1_measured_03998,read,measured,,,,,4.6444,,ok,0.385
262.3923,568,,,0.8154,,,,,,269.4153,r1_measured_03999,read,measured,,,,,5.7233,,ok,0.4068
298.1524,680,,,0.7525,,,,,,304.002,r1_measured_04000,read,measured,,,,,4.5697,,ok,0.4239
305.2303,681,,,0.6315,,,,,,308.682,r1_measured_04001,read,measured,,,,,2.3457,,ok,0.3686
279.9124,627,,,0.6533,,,,,,284.3956,r1_measured_04002,read,measured,,,,,3.3581,,ok,0.3812
195.8236,418,,,0.3275,,,,,,197.5722,r1_measured_04003,read,measured,,,,,0.9734,,ok,0.3745
257.4424,680,,,0.7205,,,,,,263.3186,r1_measured_04004,read,measured,,,,,4.6982,,ok,0.3624
226.7054,567,,,0.5638,,,,,,231.7191,r1_measured_04005,read,measured,,,,,4.002,,ok,0.3515
247.476,629,,,0.7734,,,,,,254.6941,r1_measured_04006,read,measured,,,,,5.9424,,ok,0.4032
218.8445,568,,,0.7897,,,,,,224.9036,r1_measured_04007,read,measured,,,,,4.7568,,ok,0.4163
161.9002,419,,,0.3359,,,,,,163.8786,r1_measured_04008,read,measured,,,,,1.1676,,ok,0.4
204.1282,509,,,0.7857,,,,,,208.8184,r1_measured_04009,read,measured,,,,,3.3821,,ok,0.4258
278.1579,681,,,0.8937,,,,,,285.5051,r1_measured_04010,read,measured,,,,,5.9682,,ok,0.3841
168.0826,418,,,0.3502,,,,,,170.363,r1_measured_04011,read,measured,,,,,1.46,,ok,0.3962
287.8537,675,,,0.7938,,,,,,293.0315,r1_measured_04012,read,measured,,,,,3.9209,,ok,0.3697
277.4869,680,,,0.837,,,,,,283.6812,r1_measured_04013,read,measured,,,,,4.8324,,ok,0.431
286.6552,675,,,0.7326,,,,,,292.9862,r1_measured_04014,read,measured,,,,,5.0822,,ok,0.4057
287.6054,689,,,0.7033,,,,,,293.7086,r1_measured_04015,read,measured,,,,,4.9441,,ok,0.3657
209.32,509,,,0.6106,,,,,,214.3317,r1_measured_04016,read,measured,,,,,3.9389,,ok,0.3789
249.2558,568,,,0.6033,,,,,,254.342,r1_measured_04017,read,measured,,,,,4.0094,,ok,0.3884
174.8165,419,,,0.3654,,,,,,177.0724,r1_measured_04018,read,measured,,,,,1.4375,,ok,0.3769
181.021,419,,,0.35,,,,,,182.8156,r1_measured_04019,read,measured,,,,,0.9991,,ok,0.3702
269.6139,689,,,0.7777,,,,,,273.9549,r1_measured_04020,read,measured,,,,,3.0936,,ok,0.3871
260.9562,663,,,0.6532,,,,,,264.568,r1_measured_04021,read,measured,,,,,2.4737,,ok,0.4067
244.7603,629,,,0.8765,,,,,,252.8431,r1_measured_04022,read,measured,,,,,6.5758,,ok,0.5185
246.5121,629,,,0.6676,,,,,,250.8082,r1_measured_04023,read,measured,,,,,3.0157,,ok,0.5143
268.8186,674,,,0.9641,,,,,,272.5243,r1_measured_04024,read,measured,,,,,2.1646,,ok,0.4563
153.8837,418,,,0.3555,,,,,,157.314,r1_measured_04025,read,measured,,,,,2.644,,ok,0.3549
242.4918,627,,,0.7281,,,,,,247.641,r1_measured_04026,read,measured,,,,,3.9789,,ok,0.3536
130.2277,368,,,0.2842,,,,,,132.8546,r1_measured_04027,read,measured,,,,,1.9401,,ok,0.3405
249.7001,629,,,0.6072,,,,,,254.7195,r1_measured_04028,read,measured,,,,,3.9811,,ok,0.3497
198.9811,509,,,0.6957,,,,,,202.9053,r1_measured_04029,read,measured,,,,,2.7946,,ok,0.3606
260.5705,689,,,0.6593,,,,,,265.196,r1_measured_04030,read,measured,,,,,3.5045,,ok,0.3717
234.367,628,,,0.5782,,,,,,240.4551,r1_measured_04031,read,measured,,,,,5.0646,,ok,0.3723
257.3821,688,,,0.7926,,,,,,262.1856,r1_measured_04032,read,measured,,,,,3.5675,,ok,0.3646
151.1369,419,,,0.3763,,,,,,153.5867,r1_measured_04033,read,measured,,,,,1.6168,,ok,0.3749
248.4582,681,,,0.7824,,,,,,256.0674,r1_measured_04034,read,measured,,,,,6.3379,,ok,0.3906
246.8566,680,,,1.4779,,,,,,253.5708,r1_measured_04035,read,measured,,,,,4.6625,,ok,0.4725
240.8329,568,,,0.5603,,,,,,245.6772,r1_measured_04036,read,measured,,,,,3.8393,,ok,0.3655
256.0105,567,,,0.7902,,,,,,259.3202,r1_measured_04037,read,measured,,,,,2.0694,,ok,0.3732
278.2853,663,,,1.5036,,,,,,281.7969,r1_measured_04038,read,measured,,,,,1.585,,ok,0.3428
271.3496,681,,,1.0406,,,,,,277.0517,r1_measured_04039,read,measured,,,,,4.2028,,ok,0.375
189.1229,418,,,0.2962,,,,,,190.9943,r1_measured_04040,read,measured,,,,,1.148,,ok,0.3638
250.0581,568,,,0.5107,,,,,,254.1376,r1_measured_04041,read,measured,,,,,3.1289,,ok,0.3611
391.6568,675,252.9106,5.5568,0.8315,56.2351,1,5.555,1,32.1674,397.167,r1_measured_04042,update,measured,26.6106,5.5102,1,22.1457,4.217,28.198,ok,0.368
261.5749,629,,,0.6604,,,,,,267.3987,r1_measured_04043,read,measured,,,,,4.7352,,ok,0.3532
242.4243,663,,,0.7078,,,,,,244.663,r1_measured_04044,read,measured,,,,,1.0876,,ok,0.362
168.8487,419,,,0.3151,,,,,,171.4531,r1_measured_04045,read,measured,,,,,1.8646,,ok,0.3556
151.5758,418,,,0.2755,,,,,,153.8229,r1_measured_04046,read,measured,,,,,1.5709,,ok,0.3415
250.1261,681,,,0.7945,,,,,,256.4963,r1_measured_04047,read,measured,,,,,5.114,,ok,0.3862
234.1763,629,,,0.749,,,,,,239.0348,r1_measured_04048,read,measured,,,,,3.6709,,ok,0.3609
242.9539,663,,,0.6318,,,,,,249.6806,r1_measured_04049,read,measured,,,,,5.6188,,ok,0.3944
267.0783,680,,,0.9646,,,,,,274.5865,r1_measured_04050,read,measured,,,,,6.1114,,ok,0.3533
277.0255,689,,,0.632,,,,,,280.1632,r1_measured_04051,read,measured,,,,,2.0863,,ok,0.3491
250.7169,663,,,0.6415,,,,,,256.5473,r1_measured_04052,read,measured,,,,,4.7822,,ok,0.3286
260.6754,663,,,0.9231,,,,,,265.6161,r1_measured_04053,read,measured,,,,,3.5721,,ok,0.3761
205.9212,509,,,0.6115,,,,,,212.4208,r1_measured_04054,read,measured,,,,,5.4381,,ok,0.3751
392.4891,628,268.6726,5.9382,0.608,52.5137,1,5.9365,1,33.0883,398.1806,r1_measured_04055,update,measured,27.1501,5.6915,1,12.7171,4.5893,25.4974,ok,0.4122
197.5911,509,,,0.5624,,,,,,199.8944,r1_measured_04056,read,measured,,,,,1.3112,,ok,0.3585
206.5963,509,,,0.6068,,,,,,210.2012,r1_measured_04057,read,measured,,,,,2.5514,,ok,0.3721
182.6404,369,,,0.249,,,,,,184.2383,r1_measured_04058,read,measured,,,,,0.9204,,ok,0.3761
279.4822,629,,,0.5894,,,,,,286.4327,r1_measured_04059,read,measured,,,,,5.9151,,ok,0.3746
190.1453,418,,,0.4828,,,,,,192.1651,r1_measured_04060,read,measured,,,,,1.1254,,ok,0.343
177.3328,369,,,0.2411,,,,,,178.9399,r1_measured_04061,read,measured,,,,,0.9716,,ok,0.3419
193.0037,418,,,0.3134,,,,,,195.2796,r1_measured_04062,read,measured,,,,,1.5408,,ok,0.3523
279.0359,419,163.5834,5.2992,0.2856,36.5877,1,5.2976,1,34.2032,280.7594,r1_measured_04063,update,measured,28.904,1.7235,1,22.1991,1.0233,22.4625,ok,0.3486
248.4905,568,,,0.6282,,,,,,254.9175,r1_measured_04064,read,measured,,,,,5.361,,ok,0.3558
157.183,418,,,0.365,,,,,,162.2327,r1_measured_04065,read,measured,,,,,4.2516,,ok,0.3601
258.481,689,,,0.6875,,,,,,261.743,r1_measured_04066,read,measured,,,,,2.151,,ok,0.3478
232.3945,628,,,0.7012,,,,,,239.8631,r1_measured_04067,read,measured,,,,,6.2797,,ok,0.4039
282.7439,679,,,0.8653,,,,,,289.5904,r1_measured_04068,read,measured,,,,,5.4864,,ok,0.404
281.6549,675,,,0.6503,,,,,,285.1584,r1_measured_04069,read,measured,,,,,2.4076,,ok,0.3662
277.4348,663,,,0.9553,,,,,,281.4475,r1_measured_04070,read,measured,,,,,2.5487,,ok,0.4124
286.8516,675,,,0.7246,,,,,,290.6348,r1_measured_04071,read,measured,,,,,2.6255,,ok,0.3532
275.3851,689,,,0.6779,,,,,,280.2594,r1_measured_04072,read,measured,,,,,3.7804,,ok,0.34
126.9597,369,,,0.2673,,,,,,129.2465,r1_measured_04073,read,measured,,,,,1.6003,,ok,0.3543
305.7578,680,,,0.7158,,,,,,310.9919,r1_measured_04074,read,measured,,,,,4.0936,,ok,0.3536
518.6377,679,383.8541,5.4165,0.6202,62.1458,1,5.4137,1,24.1404,523.9781,r1_measured_04075,update,measured,18.7239,5.3404,1,15.8738,4.2845,32.6236,ok,0.3567
239.4587,509,,,0.6891,,,,,,245.4542,r1_measured_04076,read,measured,,,,,4.8755,,ok,0.3515
239.8252,568,,,0.5474,,,,,,242.9582,r1_measured_04077,read,measured,,,,,2.1887,,ok,0.3367
284.394,568,,,0.6068,,,,,,288.3223,r1_measured_04078,read,measured,,,,,2.9269,,ok,0.3216
345.14,689,,,1.7447,,,,,,353.3834,r1_measured_04079,read,measured,,,,,5.7416,,ok,0.5918
491.2755,680,355.0123,6.5104,0.7424,59.4247,0,6.5087,1,27.5947,496.8998,r1_measured_04080,update,measured,21.0843,5.6243,1,20.0737,4.3974,29.1701,ok,0.3937
313.0255,509,,,0.5531,,,,,,317.4012,r1_measured_04081,read,measured,,,,,3.4153,,ok,0.3428
234.3561,369,,,0.2942,,,,,,236.1467,r1_measured_04082,read,measured,,,,,1.0828,,ok,0.3537
260.2633,419,,,0.339,,,,,,261.9533,r1_measured_04083,read,measured,,,,,0.9127,,ok,0.3641
353.5936,675,,,0.6698,,,,,,357.9372,r1_measured_04084,read,measured,,,,,3.1772,,ok,0.4115
413.8879,675,253.1645,6.1221,0.7331,57.1389,1,6.1207,1,53.306,418.2251,r1_measured_04085,update,measured,47.1839,4.3372,1,21.4577,3.1457,28.8208,ok,0.3698
172.9799,418,,,0.3238,,,,,,174.6742,r1_measured_04086,read,measured,,,,,0.9199,,ok,0.3717
202.8451,568,,,0.8256,,,,,,208.3742,r1_measured_04087,read,measured,,,,,4.2365,,ok,0.3826
245.7018,680,,,0.8661,,,,,,249.268,r1_measured_04088,read,measured,,,,,2.2422,,ok,0.3691
188.5503,509,,,0.6321,,,,,,194.3872,r1_measured_04089,read,measured,,,,,4.7593,,ok,0.3704
254.3732,680,,,0.5926,,,,,,258.6361,r1_measured_04090,read,measured,,,,,3.2251,,ok,0.3628
249.5974,663,,,0.605,,,,,,255.9637,r1_measured_04091,read,measured,,,,,5.3294,,ok,0.349
265.8187,681,,,1.0216,,,,,,271.8444,r1_measured_04092,read,measured,,,,,4.5333,,ok,0.3889
238.0664,628,,,0.5471,,,,,,242.6846,r1_measured_04093,read,measured,,,,,3.6571,,ok,0.3401
198.3597,509,,,0.6255,,,,,,202.926,r1_measured_04094,read,measured,,,,,3.5148,,ok,0.3516
214.9788,568,,,1.7598,,,,,,220.0098,r1_measured_04095,read,measured,,,,,2.8349,,ok,0.3593
248.8409,663,,,0.7302,,,,,,253.1816,r1_measured_04096,read,measured,,,,,3.1548,,ok,0.3707
246.9345,663,,,0.696,,,,,,250.7474,r1_measured_04097,read,measured,,,,,2.5771,,ok,0.4354
242.3166,663,,,0.6037,,,,,,246.373,r1_measured_04098,read,measured,,,,,3.0069,,ok,0.3641
282.0029,679,,,0.6354,,,,,,286.5516,r1_measured_04099,read,measured,,,,,3.4298,,ok,0.3893
294.7744,680,,,0.7039,,,,,,299.9904,r1_measured_04100,read,measured,,,,,4.0732,,ok,0.3547
234.597,568,,,0.8277,,,,,,242.1982,r1_measured_04101,read,measured,,,,,6.3019,,ok,0.3917
294.1446,689,,,0.6675,,,,,,299.3464,r1_measured_04102,read,measured,,,,,4.1003,,ok,0.3584
274.827,662,,,0.6895,,,,,,279.4092,r1_measured_04103,read,measured,,,,,3.4616,,ok,0.3592
280.9721,675,,,0.6436,,,,,,284.1974,r1_measured_04104,read,measured,,,,,2.1227,,ok,0.3563
168.8938,369,,,0.2289,,,,,,170.619,r1_measured_04105,read,measured,,,,,1.1133,,ok,0.3353
400.2244,689,260.4483,5.2689,0.7117,61.6995,1,5.2668,1,27.7263,406.3687,r1_measured_04106,update,measured,22.4574,6.1443,1,18.5295,5.0071,31.8208,ok,0.3486
213.1798,568,,,0.7172,,,,,,217.4343,r1_measured_04107,read,measured,,,,,3.0878,,ok,0.3654
140.1104,367,,,0.2578,,,,,,142.5135,r1_measured_04108,read,measured,,,,,1.7213,,ok,0.3658
236.2173,627,,,0.5555,,,,,,240.2199,r1_measured_04109,read,measured,,,,,3.0114,,ok,0.3575
168.3845,418,,,0.4069,,,,,,169.9683,r1_measured_04110,read,measured,,,,,0.7694,,ok,0.3496
252.0442,674,,,0.557,,,,,,260.4717,r1_measured_04111,read,measured,,,,,7.4428,,ok,0.3574
135.1462,369,,,0.2617,,,,,,137.1786,r1_measured_04112,read,measured,,,,,1.3568,,ok,0.3497
250.8859,675,,,0.6504,,,,,,258.2369,r1_measured_04113,read,measured,,,,,6.2128,,ok,0.3955
246.962,675,,,0.8966,,,,,,252.9708,r1_measured_04114,read,measured,,,,,4.6615,,ok,0.3706
221.9464,568,,,0.6447,,,,,,226.0584,r1_measured_04115,read,measured,,,,,3.0196,,ok,0.3701
191.0623,509,,,0.5425,,,,,,197.9685,r1_measured_04116,read,measured,,,,,5.943,,ok,0.3508
255.8999,681,,,0.7886,,,,,,260.5274,r1_measured_04117,read,measured,,,,,3.4047,,ok,0.3502
278.2367,680,,,0.8098,,,,,,282.1775,r1_measured_04118,read,measured,,,,,2.6883,,ok,0.3693
230.5033,567,,,0.8608,,,,,,237.5948,r1_measured_04119,read,measured,,,,,5.7611,,ok,0.3895
264.6576,663,,,0.6033,,,,,,271.2899,r1_measured_04120,read,measured,,,,,5.5673,,ok,0.3808
280.5701,675,,,0.7141,,,,,,284.8766,r1_measured_04121,read,measured,,,,,3.1511,,ok,0.3622
261.991,628,,,0.8622,,,,,,266.3158,r1_measured_04122,read,measured,,,,,2.9593,,ok,0.4089
212.0695,509,,,0.6117,,,,,,217.6058,r1_measured_04123,read,measured,,,,,4.5107,,ok,0.3485
177.8928,419,,,0.3016,,,,,,179.6006,r1_measured_04124,read,measured,,,,,0.995,,ok,0.3455
237.6871,568,,,0.6817,,,,,,242.3007,r1_measured_04125,read,measured,,,,,3.3768,,ok,0.4669
286.4535,689,,,0.6013,,,,,,293.8615,r1_measured_04126,read,measured,,,,,6.3596,,ok,0.3605
234.0099,509,,,0.5701,,,,,,237.4165,r1_measured_04127,read,measured,,,,,2.3863,,ok,0.3747
261.9479,629,,,0.6084,,,,,,267.9785,r1_measured_04128,read,measured,,,,,5.0058,,ok,0.3449
289.8349,680,,,0.8142,,,,,,298.1179,r1_measured_04129,read,measured,,,,,7.0271,,ok,0.3547
278.6107,663,,,0.7918,,,,,,286.5424,r1_measured_04130,read,measured,,,,,6.6963,,ok,0.3673
305.0038,689,,,0.6071,,,,,,309.2417,r1_measured_04131,read,measured,,,,,3.1812,,ok,0.3714
398.9964,663,261.1601,7.4305,0.6504,53.1381,1,7.4284,1,32.3135,402.4232,r1_measured_04132,update,measured,24.883,3.4268,1,18.1804,2.317,34.2043,ok,0.3753
295.1636,663,,,0.7977,,,,,,300.1525,r1_measured_04133,read,measured,,,,,3.6402,,ok,0.4624
167.0226,419,,,0.3454,,,,,,168.9993,r1_measured_04134,read,measured,,,,,1.1876,,ok,0.3698
270.2607,689,,,0.9403,,,,,,277.744,r1_measured_04135,read,measured,,,,,5.9413,,ok,0.4851
269.8642,663,,,1.2016,,,,,,276.1279,r1_measured_04136,read,measured,,,,,4.4923,,ok,0.4624
176.8344,419,,,0.2836,,,,,,178.7929,r1_measured_04137,read,measured,,,,,1.2444,,ok,0.3735
303.5394,689,,,0.6468,,,,,,308.8825,r1_measured_04138,read,measured,,,,,4.2761,,ok,0.3448
226.7047,568,,,0.7098,,,,,,230.4026,r1_measured_04139,read,measured,,,,,2.5401,,ok,0.3613
287.611,679,,,0.7893,,,,,,292.8978,r1_measured_04140,read,measured,,,,,4.0483,,ok,0.3641
285.5377,689,,,0.658,,,,,,288.8516,r1_measured_04141,read,measured,,,,,2.218,,ok,0.3552
275.3437,689,,,0.6585,,,,,,280.9531,r1_measured_04142,read,measured,,,,,4.4967,,ok,0.365
310.7862,509,196.9999,3.6013,0.5508,39.8488,1,3.5992,1,29.4512,313.915,r1_measured_04143,update,measured,25.8499,3.1288,1,18.9067,2.133,25.5796,ok,0.3605
256.276,629,,,0.7886,,,,,,262.9805,r1_measured_04144,read,measured,,,,,5.4788,,ok,0.3579
273.6307,680,,,0.6099,,,,,,278.2695,r1_measured_04145,read,measured,,,,,3.5783,,ok,0.3697
274.5753,680,,,0.8717,,,,,,278.6985,r1_measured_04146,read,measured,,,,,2.7998,,ok,0.3706
265.0371,663,,,0.6323,,,,,,268.6502,r1_measured_04147,read,measured,,,,,2.5464,,ok,0.3642
269.6256,674,,,0.8642,,,,,,274.3241,r1_measured_04148,read,measured,,,,,3.4041,,ok,0.3495
279.5332,680,,,0.791,,,,,,284.7441,r1_measured_04149,read,measured,,,,,3.9175,,ok,0.3879
264.6893,663,,,0.5767,,,,,,269.9712,r1_measured_04150,read,measured,,,,,4.2581,,ok,0.3646
240.8888,418,142.4391,4.4995,0.2931,35.4435,0,4.4973,1,26.0163,242.6934,r1_measured_04151,update,measured,21.5168,1.8046,1,14.826,1.0889,22.1639,ok,0.3552
278.7854,681,,,0.6446,,,,,,286.7717,r1_measured_04152,read,measured,,,,,6.9209,,ok,0.3483
267.451,681,,,0.6422,,,,,,273.5546,r1_measured_04153,read,measured,,,,,5.0334,,ok,0.3502
264.8225,688,,,1.5318,,,,,,270.4741,r1_measured_04154,read,measured,,,,,3.6635,,ok,0.3726
254.2619,689,,,0.6274,,,,,,258.9176,r1_measured_04155,read,measured,,,,,3.5783,,ok,0.3739
141.1831,369,,,0.2545,,,,,,142.9124,r1_measured_04156,read,measured,,,,,1.0685,,ok,0.357
240.9645,567,,,0.5682,,,,,,244.7572,r1_measured_04157,read,measured,,,,,2.8242,,ok,0.3353
277.0032,680,,,0.6807,,,,,,279.699,r1_measured_04158,read,measured,,,,,1.5739,,ok,0.3669
261.5507,675,,,0.7279,,,,,,265.0931,r1_measured_04159,read,measured,,,,,2.369,,ok,0.3602
267.2336,689,,,0.6247,,,,,,274.3527,r1_measured_04160,read,measured,,,,,5.9787,,ok,0.403
340.6486,568,206.959,6.1209,0.6465,43.5558,1,6.1189,1,36.1911,344.7708,r1_measured_04161,update,measured,30.0702,4.1222,1,28.0821,3.0143,25.8606,ok,0.3911
267.4207,675,,,0.6493,,,,,,273.4229,r1_measured_04162,read,measured,,,,,4.899,,ok,0.3769
174.5885,418,,,0.2611,,,,,,176.9643,r1_measured_04163,read,measured,,,,,1.7219,,ok,0.338
265.8254,689,,,0.6646,,,,,,271.2384,r1_measured_04164,read,measured,,,,,4.3231,,ok,0.3458
295.1867,689,,,0.8441,,,,,,299.9832,r1_measured_04165,read,measured,,,,,3.5074,,ok,0.3615
344.532,689,,,0.736,,,,,,352.8807,r1_measured_04166,read,measured,,,,,7.1528,,ok,0.3744
339.816,689,,,0.7727,,,,,,343.377,r1_measured_04167,read,measured,,,,,2.296,,ok,0.4062
334.2035,689,,,0.7559,,,,,,341.6254,r1_measured_04168,read,measured,,,,,6.2051,,ok,0.3814
350.4357,663,,,0.6819,,,,,,354.7207,r1_measured_04169,read,measured,,,,,3.1941,,ok,0.3408
355.321,680,,,0.5914,,,,,,358.9533,r1_measured_04170,read,measured,,,,,2.6321,,ok,0.3392
339.6271,663,,,0.6408,,,,,,346.5864,r1_measured_04171,read,measured,,,,,5.8667,,ok,0.3673
342.0297,681,,,1.2921,,,,,,348.5964,r1_measured_04172,read,measured,,,,,4.797,,ok,0.3993
303.7909,368,173.8082,5.6154,0.3,41.1703,1,5.6132,1,31.646,305.9849,r1_measured_04173,update,measured,26.0306,2.194,1,25.0293,1.4284,32.1371,ok,0.4071
302.7352,674,,,0.7475,,,,,,309.8053,r1_measured_04174,read,measured,,,,,5.8585,,ok,0.3824
273.3199,419,189.2679,5.2319,0.3718,36.1189,1,5.2298,1,28.6015,276.4218,r1_measured_04175,update,measured,23.3696,3.1019,1,0.0059,2.2108,19.3257,ok,0.4356
287.1717,663,,,1.1436,,,,,,293.0589,r1_measured_04176,read,measured,,,,,4.2172,,ok,0.4405
302.1156,689,,,0.7052,,,,,,305.3056,r1_measured_04177,read,measured,,,,,2.0177,,ok,0.3808
260.3843,568,,,0.7282,,,,,,264.0298,r1_measured_04178,read,measured,,,,,2.4427,,ok,0.3956
381.5491,629,252.1869,7.3134,0.7158,54.0521,1,7.3106,1,33.25,386.1587,r1_measured_04179,update,measured,25.9366,4.6096,1,15.2185,3.4509,26.8416,ok,0.3617
288.3059,675,,,0.6662,,,,,,291.8615,r1_measured_04180,read,measured,,,,,2.363,,ok,0.4317
279.8159,680,,,0.8579,,,,,,284.6929,r1_measured_04181,read,measured,,,,,3.4438,,ok,0.4415
264.4565,628,,,0.6743,,,,,,271.2026,r1_measured_04182,read,measured,,,,,5.6071,,ok,0.3836
261.2535,629,,,0.6388,,,,,,266.045,r1_measured_04183,read,measured,,,,,3.7107,,ok,0.3635
212.3652,509,,,0.6536,,,,,,218.6687,r1_measured_04184,read,measured,,,,,5.2101,,ok,0.3635
264.2034,629,,,0.773,,,,,,267.8511,r1_measured_04185,read,measured,,,,,2.4448,,ok,0.3569
225.0577,568,,,0.5512,,,,,,229.5022,r1_measured_04186,read,measured,,,,,3.4373,,ok,0.3744
251.204,663,,,0.5926,,,,,,257.6442,r1_measured_04187,read,measured,,,,,5.3375,,ok,0.3849
195.3003,509,,,0.6215,,,,,,201.9472,r1_measured_04188,read,measured,,,,,5.5862,,ok,0.3676
257.6065,663,,,0.5826,,,,,,263.2582,r1_measured_04189,read,measured,,,,,4.6242,,ok,0.3544
256.0173,680,,,0.5954,,,,,,259.766,r1_measured_04190,read,measured,,,,,2.7209,,ok,0.3533
247.6408,663,,,0.5969,,,,,,249.6568,r1_measured_04191,read,measured,,,,,0.9942,,ok,0.3545
136.7629,369,,,0.2916,,,,,,139.2274,r1_measured_04192,read,measured,,,,,1.7587,,ok,0.3505
255.4951,680,,,0.6806,,,,,,258.9243,r1_measured_04193,read,measured,,,,,2.3087,,ok,0.3592
262.0227,680,,,0.6485,,,,,,266.0627,r1_measured_04194,read,measured,,,,,2.9691,,ok,0.3496
238.1412,629,,,0.662,,,,,,241.2154,r1_measured_04195,read,measured,,,,,1.9709,,ok,0.3597
136.4054,369,,,0.2887,,,,,,137.8864,r1_measured_04196,read,measured,,,,,0.6494,,ok,0.4702
145.5503,369,,,0.2395,,,,,,147.6941,r1_measured_04197,read,measured,,,,,1.5228,,ok,0.3294
261.9415,681,,,0.6805,,,,,,266.9957,r1_measured_04198,read,measured,,,,,3.9513,,ok,0.353
268.1153,689,,,0.7545,,,,,,273.6018,r1_measured_04199,read,measured,,,,,4.2654,,ok,0.3817
258.9527,679,,,0.8553,,,,,,265.997,r1_measured_04200,read,measured,,,,,5.75,,ok,0.3593
195.5569,509,,,1.1936,,,,,,202.5611,r1_measured_04201,read,measured,,,,,5.377,,ok,0.3563
185.1034,508,,,0.6448,,,,,,188.6192,r1_measured_04202,read,measured,,,,,2.4664,,ok,0.3421
281.7108,663,,,0.7037,,,,,,283.8559,r1_measured_04203,read,measured,,,,,0.9968,,ok,0.3652
226.8478,568,,,0.6633,,,,,,231.8185,r1_measured_04204,read,measured,,,,,3.8143,,ok,0.4121
162.2594,419,,,0.4162,,,,,,165.0101,r1_measured_04205,read,measured,,,,,1.7678,,ok,0.4845
257.1472,627,,,0.604,,,,,,262.3316,r1_measured_04206,read,measured,,,,,4.1282,,ok,0.3694
263.4973,675,,,0.571,,,,,,269.1058,r1_measured_04207,read,measured,,,,,4.609,,ok,0.3544
259.1626,629,,,0.7307,,,,,,264.1656,r1_measured_04208,read,measured,,,,,3.8593,,ok,0.3486
351.4123,628,227.5499,7.4184,0.6523,51.703,0,7.4153,1,34.1088,356.8445,r1_measured_04209,update,measured,26.6904,5.4322,1,14.1161,4.3401,23.9345,ok,0.3595
150.0227,369,,,0.2568,,,,,,152.1681,r1_measured_04210,read,measured,,,,,1.4851,,ok,0.3365
263.8504,663,,,0.7106,,,,,,270.1494,r1_measured_04211,read,measured,,,,,5.1561,,ok,0.3481
260.974,663,,,0.5756,,,,,,265.052,r1_measured_04212,read,measured,,,,,3.0801,,ok,0.3491
218.2374,568,,,0.454,,,,,,222.6039,r1_measured_04213,read,measured,,,,,3.5095,,ok,0.3376
257.244,681,,,0.6887,,,,,,261.2061,r1_measured_04214,read,measured,,,,,2.7937,,ok,0.3901
257.9289,681,,,0.8131,,,,,,263.1837,r1_measured_04215,read,measured,,,,,3.997,,ok,0.3572
192.8116,509,,,0.7393,,,,,,196.7891,r1_measured_04216,read,measured,,,,,2.812,,ok,0.3597
252.1912,663,,,0.636,,,,,,254.9783,r1_measured_04217,read,measured,,,,,1.7113,,ok,0.3554
249.6926,679,,,0.6952,,,,,,253.9562,r1_measured_04218,read,measured,,,,,3.1297,,ok,0.3578
257.0221,675,,,1.7591,,,,,,263.4234,r1_measured_04219,read,measured,,,,,4.1738,,ok,0.381
260.6994,689,,,0.6638,,,,,,265.5698,r1_measured_04220,read,measured,,,,,3.7609,,ok,0.3735
246.7093,680,,,0.747,,,,,,251.3498,r1_measured_04221,read,measured,,,,,3.452,,ok,0.3609
243.4786,663,,,0.7925,,,,,,246.8172,r1_measured_04222,read,measured,,,,,2.0651,,ok,0.3964
233.75,629,,,0.6187,,,,,,237.4014,r1_measured_04223,read,measured,,,,,2.6184,,ok,0.346
198.545,508,,,0.5406,,,,,,204.3912,r1_measured_04224,read,measured,,,,,4.8838,,ok,0.3454
214.0047,567,,,0.7446,,,,,,218.801,r1_measured_04225,read,measured,,,,,3.613,,ok,0.3602
224.8635,568,,,0.5514,,,,,,229.1322,r1_measured_04226,read,measured,,,,,3.3163,,ok,0.3369
193.6543,509,,,0.7416,,,,,,201.0349,r1_measured_04227,read,measured,,,,,6.2269,,ok,0.3374
247.2912,629,,,0.5735,,,,,,255.7603,r1_measured_04228,read,measured,,,,,7.4663,,ok,0.3442
238.2102,628,,,0.7521,,,,,,244.3019,r1_measured_04229,read,measured,,,,,4.9034,,ok,0.3538
264.0836,688,,,0.9297,,,,,,268.2088,r1_measured_04230,read,measured,,,,,2.7525,,ok,0.3617
262.972,675,,,0.6939,,,,,,267.8563,r1_measured_04231,read,measured,,,,,3.774,,ok,0.3391
186.4665,509,,,0.4438,,,,,,190.7495,r1_measured_04232,read,measured,,,,,3.4296,,ok,0.3421
258.8716,679,,,0.5436,,,,,,261.4745,r1_measured_04233,read,measured,,,,,1.6273,,ok,0.3622
202.7974,509,,,0.5115,,,,,,208.2352,r1_measured_04234,read,measured,,,,,4.5076,,ok,0.3477
129.4539,368,,,0.2614,,,,,,131.5232,r1_measured_04235,read,measured,,,,,1.3894,,ok,0.3536
254.6619,663,,,0.8799,,,,,,258.7445,r1_measured_04236,read,measured,,,,,2.7754,,ok,0.3555
247.9089,629,,,0.5798,,,,,,254.3788,r1_measured_04237,read,measured,,,,,5.4471,,ok,0.3648
192.0858,509,,,0.4888,,,,,,194.7192,r1_measured_04238,read,measured,,,,,1.7383,,ok,0.3458
156.2642,419,,,0.4276,,,,,,158.3455,r1_measured_04239,read,measured,,,,,1.2564,,ok,0.3323
247.0335,675,,,2.0017,,,,,,261.7574,r1_measured_04240,read,measured,,,,,11.7922,,ok,0.808
276.4745,679,,,0.9269,,,,,,283.8406,r1_measured_04241,read,measured,,,,,5.8311,,ok,0.4864
188.0833,509,,,0.589,,,,,,193.1614,r1_measured_04242,read,measured,,,,,4.0413,,ok,0.3747
291.5439,675,,,0.6148,,,,,,297.0556,r1_measured_04243,read,measured,,,,,4.3945,,ok,0.4161
222.9664,509,,,0.665,,,,,,227.568,r1_measured_04244,read,measured,,,,,3.5259,,ok,0.3399
282.5258,681,,,0.6271,,,,,,285.2065,r1_measured_04245,read,measured,,,,,1.6095,,ok,0.3626
289.615,663,,,0.9416,,,,,,294.1502,r1_measured_04246,read,measured,,,,,3.1748,,ok,0.3443
291.4853,689,,,0.8393,,,,,,299.2855,r1_measured_04247,read,measured,,,,,6.5385,,ok,0.3428
303.2522,689,,,0.6455,,,,,,307.0956,r1_measured_04248,read,measured,,,,,2.7588,,ok,0.3643
263.3842,663,,,0.7931,,,,,,269.5713,r1_measured_04249,read,measured,,,,,4.9396,,ok,0.3725
254.4367,663,,,0.7171,,,,,,260.517,r1_measured_04250,read,measured,,,,,4.8064,,ok,0.4654
272.2682,680,,,0.9187,,,,,,278.3132,r1_measured_04251,read,measured,,,,,4.6628,,ok,0.378
153.7355,419,,,0.2821,,,,,,155.5968,r1_measured_04252,read,measured,,,,,1.1692,,ok,0.3449
229.7989,509,,,0.5436,,,,,,232.4375,r1_measured_04253,read,measured,,,,,1.5871,,ok,0.4312
251.4041,568,,,0.5405,,,,,,255.6012,r1_measured_04254,read,measured,,,,,3.2412,,ok,0.3479
289.2064,675,,,0.6188,,,,,,293.3257,r1_measured_04255,read,measured,,,,,3.0645,,ok,0.356
271.4189,419,175.9256,6.6782,0.341,31.1951,0,6.6762,1,28.0395,273.3933,r1_measured_04256,update,measured,21.3613,1.9744,1,15.8363,1.2169,20.4224,ok,0.3468
277.9731,663,,,0.7629,,,,,,281.2464,r1_measured_04257,read,measured,,,,,2.0846,,ok,0.3488
280.8718,674,,,0.611,,,,,,285.6582,r1_measured_04258,read,measured,,,,,3.7114,,ok,0.3771
283.4742,663,,,0.614,,,,,,291.0627,r1_measured_04259,read,measured,,,,,6.5242,,ok,0.3665
294.2702,369,207.3831,5.2186,0.4632,27.9474,1,5.2166,1,28.4869,297.2314,r1_measured_04260,update,measured,23.2683,2.9612,1,13.684,1.7532,16.7688,ok,0.5923
349.0767,680,,,0.8189,,,,,,353.8476,r1_measured_04261,read,measured,,,,,3.4626,,ok,0.4106
295.3743,568,,,0.4847,,,,,,298.4075,r1_measured_04262,read,measured,,,,,2.1342,,ok,0.3429
314.3069,663,,,0.5863,,,,,,317.6839,r1_measured_04263,read,measured,,,,,2.3591,,ok,0.3442
466.8275,688,266.2718,5.9788,0.7361,54.1963,0,5.9772,1,43.2391,472.3802,r1_measured_04264,update,measured,37.2603,5.5527,1,21.7141,4.3615,81.4062,ok,0.3722
332.7674,681,,,0.9081,,,,,,338.8235,r1_measured_04265,read,measured,,,,,4.6387,,ok,0.4168
330.3683,680,,,0.8308,,,,,,336.068,r1_measured_04266,read,measured,,,,,4.4264,,ok,0.3551
266.1899,509,,,0.7512,,,,,,270.5511,r1_measured_04267,read,measured,,,,,3.1887,,ok,0.3502
263.9366,663,,,0.6143,,,,,,267.4496,r1_measured_04268,read,measured,,,,,2.4717,,ok,0.3462
235.2639,629,,,0.5919,,,,,,238.3518,r1_measured_04269,read,measured,,,,,2.0752,,ok,0.3425
187.005,509,,,0.4514,,,,,,189.9955,r1_measured_04270,read,measured,,,,,2.0533,,ok,0.4128
270.3674,687,,,0.6622,,,,,,274.7223,r1_measured_04271,read,measured,,,,,3.2641,,ok,0.3437
208.5387,509,,,0.5317,,,,,,212.2686,r1_measured_04272,read,measured,,,,,2.7727,,ok,0.3508
260.254,679,,,0.6371,,,,,,265.6456,r1_measured_04273,read,measured,,,,,4.2731,,ok,0.3941
239.1346,629,,,0.6338,,,,,,243.703,r1_measured_04274,read,measured,,,,,3.5023,,ok,0.3538
254.273,663,,,0.6443,,,,,,257.223,r1_measured_04275,read,measured,,,,,1.8358,,ok,0.3892
263.8022,675,,,0.5895,,,,,,266.7005,r1_measured_04276,read,measured,,,,,1.8535,,ok,0.3722
259.7425,681,,,0.6435,,,,,,262.6237,r1_measured_04277,read,measured,,,,,1.7932,,ok,0.3726
229.7819,629,,,0.5827,,,,,,233.9036,r1_measured_04278,read,measured,,,,,3.1126,,ok,0.3494
198.2046,509,,,0.609,,,,,,202.0303,r1_measured_04279,read,measured,,,,,2.7944,,ok,0.3475
253.9512,681,,,0.713,,,,,,257.6272,r1_measured_04280,read,measured,,,,,2.4658,,ok,0.409
284.8347,681,,,0.6006,,,,,,287.5223,r1_measured_04281,read,measured,,,,,1.5859,,ok,0.423
260.2376,628,,,0.6537,,,,,,264.1094,r1_measured_04282,read,measured,,,,,2.8212,,ok,0.3317
286.0155,680,,,0.769,,,,,,288.6207,r1_measured_04283,read,measured,,,,,1.3824,,ok,0.3796
296.4204,689,,,0.908,,,,,,303.579,r1_measured_04284,read,measured,,,,,5.7889,,ok,0.3741
176.7136,419,,,0.2711,,,,,,179.4252,r1_measured_04285,read,measured,,,,,2.0543,,ok,0.332
249.6718,629,,,0.7209,,,,,,253.0827,r1_measured_04286,read,measured,,,,,2.2478,,ok,0.3575
303.0924,680,,,0.7242,,,,,,307.0821,r1_measured_04287,read,measured,,,,,2.8648,,ok,0.3343
378.3918,680,270.6247,5.6914,0.6498,53.9118,1,5.688,1,24.8986,381.8121,r1_measured_04288,update,measured,19.2072,3.4203,1,0.0055,2.3324,28.9512,ok,0.3579
231.2707,567,,,0.5048,,,,,,235.9121,r1_measured_04289,read,measured,,,,,3.713,,ok,0.353
245.5163,628,,,0.5505,,,,,,249.3562,r1_measured_04290,read,measured,,,,,2.874,,ok,0.3388
268.217,680,,,0.67,,,,,,272.6586,r1_measured_04291,read,measured,,,,,3.3405,,ok,0.3552
346.2385,568,216.4564,9.901,0.7557,41.987,1,9.8993,1,41.9426,349.5267,r1_measured_04292,update,measured,32.0416,3.2882,1,19.2642,2.0773,26.5883,ok,0.3773
273.0894,679,,,0.5736,,,,,,277.3476,r1_measured_04293,read,measured,,,,,3.2448,,ok,0.3587
264.9798,681,,,0.5666,,,,,,270.014,r1_measured_04294,read,measured,,,,,4.0277,,ok,0.3612
268.2277,689,,,0.7871,,,,,,273.5262,r1_measured_04295,read,measured,,,,,4.08,,ok,0.3513
263.0528,680,,,0.6299,,,,,,267.8599,r1_measured_04296,read,measured,,,,,3.7201,,ok,0.371
192.9238,509,,,0.5977,,,,,,196.9148,r1_measured_04297,read,measured,,,,,2.933,,ok,0.3863
253.787,629,,,0.6075,,,,,,257.8387,r1_measured_04298,read,measured,,,,,3.0155,,ok,0.3519
261.2644,680,,,0.6528,,,,,,265.2723,r1_measured_04299,read,measured,,,,,2.9227,,ok,0.3521
265.9715,681,,,0.9214,,,,,,275.4384,r1_measured_04300,read,measured,,,,,7.9564,,ok,0.4846
292.6333,681,,,0.6342,,,,,,296.4645,r1_measured_04301,read,measured,,,,,2.7777,,ok,0.3499
291.2836,681,,,0.5056,,,,,,296.1373,r1_measured_04302,read,measured,,,,,3.9596,,ok,0.3189
164.5214,418,,,0.3048,,,,,,166.097,r1_measured_04303,read,measured,,,,,0.8493,,ok,0.3618
225.828,509,,,0.5497,,,,,,229.5777,r1_measured_04304,read,measured,,,,,2.8077,,ok,0.3288
281.0347,689,,,0.7878,,,,,,285.4262,r1_measured_04305,read,measured,,,,,3.1625,,ok,0.3626
267.774,675,,,0.6561,,,,,,272.1357,r1_measured_04306,read,measured,,,,,3.2806,,ok,0.3439
360.0,629,238.7553,5.7699,0.6524,48.7386,1,5.7682,1,28.1803,364.9075,r1_measured_04307,update,measured,22.4104,4.9075,1,18.8641,3.8354,25.4617,ok,0.3401
253.5586,679,,,0.6223,,,,,,258.3553,r1_measured_04308,read,measured,,,,,3.7364,,ok,0.3533
270.0979,675,,,0.6271,,,,,,276.3666,r1_measured_04309,read,measured,,,,,5.205,,ok,0.3531
246.9221,689,,,1.0175,,,,,,253.8145,r1_measured_04310,read,measured,,,,,5.4285,,ok,0.375
228.9781,629,,,1.4298,,,,,,239.6717,r1_measured_04311,read,measured,,,,,8.7597,,ok,0.4282
203.6125,568,,,0.5387,,,,,,210.0436,r1_measured_04312,read,measured,,,,,5.4604,,ok,0.3631
259.6612,680,,,0.7687,,,,,,266.6311,r1_measured_04313,read,measured,,,,,5.7197,,ok,0.401
192.3749,509,,,0.7131,,,,,,197.2475,r1_measured_04314,read,measured,,,,,3.7482,,ok,0.3397
186.6767,509,,,0.6389,,,,,,191.6757,r1_measured_04315,read,measured,,,,,3.8782,,ok,0.3998
293.4009,688,,,0.6918,,,,,,297.0505,r1_measured_04316,read,measured,,,,,2.4232,,ok,0.4563
228.3534,568,,,0.6637,,,,,,232.6799,r1_measured_04317,read,measured,,,,,3.2221,,ok,0.3618
197.8076,509,,,0.6403,,,,,,204.4822,r1_measured_04318,read,measured,,,,,5.5424,,ok,0.4198
286.7382,680,,,0.5761,,,,,,293.1551,r1_measured_04319,read,measured,,,,,5.4024,,ok,0.3559
162.0659,419,,,0.307,,,,,,165.7159,r1_measured_04320,read,measured,,,,,2.889,,ok,0.3866
288.9918,681,,,0.8738,,,,,,293.5431,r1_measured_04321,read,measured,,,,,3.2362,,ok,0.3585
274.9168,680,,,0.6938,,,,,,283.7836,r1_measured_04322,read,measured,,,,,7.7513,,ok,0.3396
280.8487,679,,,0.7892,,,,,,286.9081,r1_measured_04323,read,measured,,,,,4.8317,,ok,0.3581
158.3691,368,,,0.2523,,,,,,161.5419,r1_measured_04324,read,measured,,,,,2.5118,,ok,0.3379
250.4188,419,156.1154,4.9384,0.5446,38.3156,0,4.9367,1,33.8317,253.8358,r1_measured_04325,update,measured,28.8933,3.417,1,0.0056,2.3981,22.1505,ok,0.3955
170.4695,419,,,0.2783,,,,,,172.2351,r1_measured_04326,read,measured,,,,,1.0821,,ok,0.3453
250.8842,689,,,0.7518,,,,,,255.3321,r1_measured_04327,read,measured,,,,,3.2674,,ok,0.3471
262.0112,689,,,0.6113,,,,,,263.9938,r1_measured_04328,read,measured,,,,,0.9097,,ok,0.3771
220.4078,568,,,0.6072,,,,,,225.0538,r1_measured_04329,read,measured,,,,,3.4804,,ok,0.4684
246.8484,629,,,0.5771,,,,,,252.9679,r1_measured_04330,read,measured,,,,,5.1445,,ok,0.3264
265.7827,675,,,1.2276,,,,,,277.8395,r1_measured_04331,read,measured,,,,,9.6022,,ok,0.883
318.9151,675,,,0.592,,,,,,324.5739,r1_measured_04332,read,measured,,,,,4.6592,,ok,0.3399
303.7822,680,,,0.869,,,,,,314.7944,r1_measured_04333,read,measured,,,,,9.7004,,ok,0.3655
294.5359,663,,,0.542,,,,,,297.1156,r1_measured_04334,read,measured,,,,,1.5965,,ok,0.3709
207.8949,419,,,0.2658,,,,,,209.8861,r1_measured_04335,read,measured,,,,,1.312,,ok,0.3492
336.0725,679,,,0.722,,,,,,340.7261,r1_measured_04336,read,measured,,,,,3.4674,,ok,0.3691
289.8783,568,,,0.8854,,,,,,294.9258,r1_measured_04337,read,measured,,,,,3.7222,,ok,0.3644
493.3733,675,348.598,4.3487,1.0187,59.4946,1,4.3463,1,33.1007,498.1229,r1_measured_04338,update,measured,28.752,4.7496,1,20.3475,3.2477,31.8325,ok,0.3996
320.2851,568,,,0.6631,,,,,,323.0952,r1_measured_04339,read,measured,,,,,1.7528,,ok,0.3259
314.8387,675,,,0.6412,,,,,,319.3282,r1_measured_04340,read,measured,,,,,3.4048,,ok,0.362
320.4643,689,,,0.6994,,,,,,326.8692,r1_measured_04341,read,measured,,,,,5.2772,,ok,0.3522
304.7848,629,,,0.5927,,,,,,312.4769,r1_measured_04342,read,measured,,,,,6.6529,,ok,0.3652
320.8077,675,,,1.103,,,,,,328.7364,r1_measured_04343,read,measured,,,,,6.3467,,ok,0.3756
442.8865,681,299.9222,4.5492,1.1928,52.2744,1,4.5468,1,28.2654,453.9684,r1_measured_04344,update,measured,23.7162,11.0819,1,16.4866,9.3887,45.9379,ok,0.4114
420.7882,688,297.9258,4.4898,0.9832,49.4628,1,4.4876,1,41.906,429.0214,r1_measured_04345,update,measured,37.4162,8.2332,1,0.0056,6.7643,31.488,ok,0.4059
290.6321,688,,,0.7817,,,,,,299.6486,r1_measured_04346,read,measured,,,,,7.7722,,ok,0.3708
224.5585,369,137.4152,6.6127,0.2712,33.8976,0,6.6104,1,32.4673,226.6211,r1_measured_04347,update,measured,25.8546,2.0626,1,0.0059,1.3661,20.7725,ok,0.3613
313.6151,680,,,0.5285,,,,,,322.0031,r1_measured_04348,read,measured,,,,,7.4329,,ok,0.3508
310.86,681,,,0.5696,,,,,,314.9854,r1_measured_04349,read,measured,,,,,3.1005,,ok,0.3774
221.5667,509,,,0.6083,,,,,,225.6607,r1_measured_04350,read,measured,,,,,3.0587,,ok,0.3599
206.8373,509,,,1.3108,,,,,,215.4654,r1_measured_04351,read,measured,,,,,6.838,,ok,0.4013
263.9988,675,,,0.7848,,,,,,269.6176,r1_measured_04352,read,measured,,,,,4.4057,,ok,0.347
249.6673,629,,,0.6291,,,,,,254.3514,r1_measured_04353,read,measured,,,,,3.6212,,ok,0.358
165.3841,419,,,0.2881,,,,,,166.9104,r1_measured_04354,read,measured,,,,,0.8304,,ok,0.3437
263.323,680,,,0.746,,,,,,269.1348,r1_measured_04355,read,measured,,,,,4.6416,,ok,0.3418
259.8016,663,,,0.6355,,,,,,265.5638,r1_measured_04356,read,measured,,,,,4.6947,,ok,0.3567
252.4746,663,,,0.593,,,,,,257.0244,r1_measured_04357,read,measured,,,,,3.5141,,ok,0.3652
130.8466,368,,,0.2438,,,,,,132.6024,r1_measured_04358,read,measured,,,,,1.1034,,ok,0.3448
195.0285,509,,,0.4402,,,,,,198.8619,r1_measured_04359,read,measured,,,,,2.9691,,ok,0.3515
271.5519,675,,,0.8148,,,,,,277.7681,r1_measured_04360,read,measured,,,,,4.9444,,ok,0.3646
259.5727,628,,,0.5533,,,,,,263.5766,r1_measured_04361,read,measured,,,,,3.0549,,ok,0.3246
273.9033,680,,,0.6293,,,,,,277.3406,r1_measured_04362,read,measured,,,,,2.389,,ok,0.3409
228.1435,568,,,0.7461,,,,,,230.8831,r1_measured_04363,read,measured,,,,,1.6077,,ok,0.3196
265.5097,663,,,0.6301,,,,,,270.2974,r1_measured_04364,read,measured,,,,,3.7399,,ok,0.3467
252.7414,629,,,0.8605,,,,,,260.2772,r1_measured_04365,read,measured,,,,,6.1303,,ok,0.3725
290.266,689,,,0.9505,,,,,,296.6115,r1_measured_04366,read,measured,,,,,4.6007,,ok,0.6413
246.6701,568,,,1.186,,,,,,250.4646,r1_measured_04367,read,measured,,,,,2.1672,,ok,0.3454
228.6448,568,,,0.863,,,,,,234.3875,r1_measured_04368,read,measured,,,,,4.364,,ok,0.4361
276.9919,689,,,0.6428,,,,,,284.1197,r1_measured_04369,read,measured,,,,,6.0405,,ok,0.3528
249.5271,629,,,0.5954,,,,,,254.2702,r1_measured_04370,read,measured,,,,,3.7088,,ok,0.3585
261.7068,629,,,0.6229,,,,,,265.2678,r1_measured_04371,read,measured,,,,,2.4944,,ok,0.3646
359.5668,629,239.9239,6.1744,0.571,43.6859,0,6.1726,1,29.6914,364.3889,r1_measured_04372,update,measured,23.517,4.8221,1,19.4795,3.7667,26.7861,ok,0.4114
273.8624,680,,,0.5999,,,,,,277.5533,r1_measured_04373,read,measured,,,,,2.6246,,ok,0.3862
253.1831,629,,,0.8169,,,,,,258.1984,r1_measured_04374,read,measured,,,,,3.74,,ok,0.3752
255.0585,629,,,0.6719,,,,,,259.6634,r1_measured_04375,read,measured,,,,,3.4683,,ok,0.3769
249.5238,680,,,0.6922,,,,,,253.5142,r1_measured_04376,read,measured,,,,,2.8408,,ok,0.3719
263.2197,675,,,0.6386,,,,,,267.477,r1_measured_04377,read,measured,,,,,3.178,,ok,0.36
144.7489,419,,,0.3076,,,,,,147.1923,r1_measured_04378,read,measured,,,,,1.7045,,ok,0.3643
256.9365,689,,,0.6743,,,,,,263.8229,r1_measured_04379,read,measured,,,,,5.783,,ok,0.3482
252.8633,680,,,0.661,,,,,,260.2945,r1_measured_04380,read,measured,,,,,6.3391,,ok,0.3493
261.5118,689,,,0.5705,,,,,,266.5813,r1_measured_04381,read,measured,,,,,4.058,,ok,0.3596
247.0906,629,,,0.5102,,,,,,252.4402,r1_measured_04382,read,measured,,,,,4.4117,,ok,0.3572
215.4651,567,,,0.9008,,,,,,219.1778,r1_measured_04383,read,measured,,,,,2.3731,,ok,0.3572
188.0507,509,,,0.5373,,,,,,192.8768,r1_measured_04384,read,measured,,,,,3.8356,,ok,0.3902
241.4012,674,,,0.8325,,,,,,245.7302,r1_measured_04385,read,measured,,,,,3.0442,,ok,0.3703
250.6321,681,,,0.8492,,,,,,254.8169,r1_measured_04386,read,measured,,,,,2.9111,,ok,0.3397
185.894,509,,,0.6055,,,,,,191.5603,r1_measured_04387,read,measured,,,,,4.5599,,ok,0.4237
250.8621,629,,,0.7753,,,,,,260.225,r1_measured_04388,read,measured,,,,,8.1464,,ok,0.3597
165.2006,419,,,0.2796,,,,,,169.1456,r1_measured_04389,read,measured,,,,,3.1184,,ok,0.4727
156.5788,419,,,0.2967,,,,,,159.0441,r1_measured_04390,read,measured,,,,,1.74,,ok,0.3686
253.8366,675,,,0.6644,,,,,,257.9679,r1_measured_04391,read,measured,,,,,3.0169,,ok,0.3629
247.606,629,,,0.644,,,,,,251.5755,r1_measured_04392,read,measured,,,,,2.8394,,ok,0.4054
245.7833,629,,,0.6244,,,,,,250.4977,r1_measured_04393,read,measured,,,,,3.6262,,ok,0.3827
206.7604,509,,,0.5373,,,,,,211.2679,r1_measured_04394,read,measured,,,,,3.5042,,ok,0.3804
227.2123,568,,,0.5516,,,,,,230.756,r1_measured_04395,read,measured,,,,,2.5146,,ok,0.3851
262.7639,663,,,0.7038,,,,,,267.9924,r1_measured_04396,read,measured,,,,,3.9538,,ok,0.4847
256.691,663,,,0.6467,,,,,,268.8857,r1_measured_04397,read,measured,,,,,10.9748,,ok,0.4799
175.8817,418,,,0.3078,,,,,,177.7317,r1_measured_04398,read,measured,,,,,1.1109,,ok,0.3599
284.1165,675,,,0.9233,,,,,,290.2509,r1_measured_04399,read,measured,,,,,4.7594,,ok,0.3628
282.6212,680,,,0.533,,,,,,288.6134,r1_measured_04400,read,measured,,,,,5.042,,ok,0.3413
274.784,689,,,0.5213,,,,,,278.3441,r1_measured_04401,read,measured,,,,,2.5873,,ok,0.3563
274.6216,675,,,0.7478,,,,,,279.0816,r1_measured_04402,read,measured,,,,,3.3024,,ok,0.3331
387.8255,680,259.8968,4.808,0.6436,51.269,1,4.8055,1,27.358,392.967,r1_measured_04403,update,measured,22.55,5.1415,1,21.2503,4.0505,28.0514,ok,0.3666
266.9687,629,,,0.5947,,,,,,271.6242,r1_measured_04404,read,measured,,,,,3.563,,ok,0.411
222.9375,568,,,1.5249,,,,,,227.0565,r1_measured_04405,read,measured,,,,,2.1987,,ok,0.3268
214.6938,509,,,1.0593,,,,,,222.7047,r1_measured_04406,read,measured,,,,,6.5368,,ok,0.3453
144.4049,369,,,0.2395,,,,,,146.6313,r1_measured_04407,read,measured,,,,,1.5442,,ok,0.3869
246.3691,689,,,0.5902,,,,,,248.9691,r1_measured_04408,read,measured,,,,,1.5895,,ok,0.3434
255.4543,688,,,0.5554,,,,,,260.8971,r1_measured_04409,read,measured,,,,,4.4441,,ok,0.3727
216.9105,567,,,0.6174,,,,,,220.3967,r1_measured_04410,read,measured,,,,,2.4287,,ok,0.3567
246.315,675,,,0.5776,,,,,,251.345,r1_measured_04411,read,measured,,,,,4.0104,,ok,0.3583
253.4112,663,,,0.7013,,,,,,261.1833,r1_measured_04412,read,measured,,,,,6.6058,,ok,0.3884
253.4714,680,,,0.8121,,,,,,257.5922,r1_measured_04413,read,measured,,,,,2.7872,,ok,0.4282
174.3932,509,,,0.4448,,,,,,178.2001,r1_measured_04414,read,measured,,,,,2.9496,,ok,0.3568
133.5117,369,,,0.2698,,,,,,135.7358,r1_measured_04415,read,measured,,,,,1.5632,,ok,0.3356
185.4695,419,,,0.277,,,,,,186.8204,r1_measured_04416,read,measured,,,,,0.6832,,ok,0.3382
269.9017,663,,,0.7134,,,,,,277.7031,r1_measured_04417,read,measured,,,,,6.5189,,ok,0.465
225.0914,568,,,0.6041,,,,,,228.1295,r1_measured_04418,read,measured,,,,,2.0094,,ok,0.3587
207.1204,509,,,0.4448,,,,,,212.0781,r1_measured_04419,read,measured,,,,,4.0536,,ok,0.3779
340.5089,689,,,0.8875,,,,,,346.7347,r1_measured_04420,read,measured,,,,,4.8992,,ok,0.3584
448.9974,689,319.4292,6.8106,0.7944,51.4636,1,6.8089,1,34.023,455.2614,r1_measured_04421,update,measured,27.2124,6.264,1,18.0296,5.0006,26.052,ok,0.3857
328.1331,680,,,0.928,,,,,,333.7528,r1_measured_04422,read,measured,,,,,4.2299,,ok,0.3771
334.593,663,,,0.6368,,,,,,339.703,r1_measured_04423,read,measured,,,,,4.0291,,ok,0.3619
265.6592,568,,,0.5577,,,,,,269.3857,r1_measured_04424,read,measured,,,,,2.7762,,ok,0.3288
288.1181,568,,,0.6344,,,,,,293.4178,r1_measured_04425,read,measured,,,,,4.2198,,ok,0.3702
421.8238,681,249.6779,6.0975,1.456,57.6976,1,6.0952,1,28.7078,431.4401,r1_measured_04426,update,measured,22.6103,9.6163,1,18.7533,7.7282,66.9872,ok,0.3591
300.9072,680,,,0.6445,,,,,,307.5071,r1_measured_04427,read,measured,,,,,5.5139,,ok,0.3644
266.8126,675,,,0.9273,,,,,,275.4985,r1_measured_04428,read,measured,,,,,7.3255,,ok,0.3528
184.5716,509,,,0.5048,,,,,,190.5274,r1_measured_04429,read,measured,,,,,5.0512,,ok,0.334
248.3059,688,,,0.7899,,,,,,256.945,r1_measured_04430,read,measured,,,,,7.3735,,ok,0.3907
191.9725,509,,,0.6723,,,,,,197.0356,r1_measured_04431,read,measured,,,,,3.959,,ok,0.3557
239.6005,629,,,0.6651,,,,,,244.2753,r1_measured_04432,read,measured,,,,,3.4961,,ok,0.4279
147.1932,369,,,0.2372,,,,,,149.8977,r1_measured_04433,read,measured,,,,,2.0653,,ok,0.3508
247.6006,629,,,0.7801,,,,,,250.937,r1_measured_04434,read,measured,,,,,2.11,,ok,0.3666
194.5605,509,,,0.6529,,,,,,197.8957,r1_measured_04435,read,measured,,,,,2.246,,ok,0.3624
172.2606,419,,,0.2938,,,,,,174.5998,r1_measured_04436,read,measured,,,,,1.621,,ok,0.3569
282.7319,681,,,0.6563,,,,,,286.3807,r1_measured_04437,read,measured,,,,,2.5566,,ok,0.3613
203.2498,509,,,0.9991,,,,,,208.8797,r1_measured_04438,read,measured,,,,,4.0461,,ok,0.4987
289.0367,680,,,0.8449,,,,,,293.9862,r1_measured_04439,read,measured,,,,,3.6753,,ok,0.3565
280.0277,675,,,0.6896,,,,,,286.0139,r1_measured_04440,read,measured,,,,,4.8412,,ok,0.3754
228.9798,509,,,0.6645,,,,,,234.7391,r1_measured_04441,read,measured,,,,,4.6004,,ok,0.4122
244.5344,568,,,0.5937,,,,,,250.5951,r1_measured_04442,read,measured,,,,,5.0575,,ok,0.3395
223.3113,509,,,0.599,,,,,,230.48,r1_measured_04443,read,measured,,,,,6.1572,,ok,0.3372
238.7103,369,141.3532,4.3422,0.2586,30.3296,1,4.3403,1,27.6657,242.0251,r1_measured_04444,update,measured,23.3235,3.3148,1,18.6001,2.6571,20.7617,ok,0.3361
263.1092,688,,,0.7993,,,,,,265.8672,r1_measured_04445,read,measured,,,,,1.5036,,ok,0.3721
252.9919,681,,,0.7261,,,,,,258.7748,r1_measured_04446,read,measured,,,,,4.5926,,ok,0.3899
269.7226,689,,,0.809,,,,,,274.6339,r1_measured_04447,read,measured,,,,,3.6764,,ok,0.3497
225.1348,629,,,0.5832,,,,,,229.7145,r1_measured_04448,read,measured,,,,,3.545,,ok,0.3689
236.9539,629,,,0.5633,,,,,,247.7382,r1_measured_04449,read,measured,,,,,9.7821,,ok,0.3613
153.326,419,,,0.2964,,,,,,155.3802,r1_measured_04450,read,measured,,,,,1.3407,,ok,0.3523
254.7533,689,,,0.9882,,,,,,258.5372,r1_measured_04451,read,measured,,,,,2.3463,,ok,0.3619
206.437,568,,,0.6111,,,,,,211.0005,r1_measured_04452,read,measured,,,,,3.5209,,ok,0.3568
251.6329,679,,,0.7486,,,,,,256.8941,r1_measured_04453,read,measured,,,,,4.0774,,ok,0.3563
243.8876,629,,,0.6014,,,,,,250.1799,r1_measured_04454,read,measured,,,,,5.2912,,ok,0.33
183.9687,509,,,0.7247,,,,,,190.276,r1_measured_04455,read,measured,,,,,5.1589,,ok,0.3499
210.5488,568,,,0.7761,,,,,,215.3765,r1_measured_04456,read,measured,,,,,3.619,,ok,0.3582
216.7284,568,,,0.6227,,,,,,221.4772,r1_measured_04457,read,measured,,,,,3.6984,,ok,0.355
263.6091,680,,,0.6471,,,,,,267.3921,r1_measured_04458,read,measured,,,,,2.6866,,ok,0.3597
260.8413,689,,,0.7325,,,,,,265.5069,r1_measured_04459,read,measured,,,,,3.3446,,ok,0.4804
262.8633,689,,,0.6317,,,,,,267.1819,r1_measured_04460,read,measured,,,,,3.232,,ok,0.3695
240.9738,629,,,0.7175,,,,,,249.2921,r1_measured_04461,read,measured,,,,,7.1794,,ok,0.3416
244.7557,629,,,0.6914,,,,,,249.7585,r1_measured_04462,read,measured,,,,,3.8926,,ok,0.3446
252.2204,681,,,0.609,,,,,,256.7014,r1_measured_04463,read,measured,,,,,3.4245,,ok,0.3771
262.8816,688,,,0.5741,,,,,,266.3196,r1_measured_04464,read,measured,,,,,2.424,,ok,0.3641
212.6714,568,,,0.5595,,,,,,215.8624,r1_measured_04465,read,measured,,,,,2.1911,,ok,0.3643
248.3533,663,,,0.7329,,,,,,252.3658,r1_measured_04466,read,measured,,,,,2.8283,,ok,0.3668
139.7665,369,,,0.3629,,,,,,142.4378,r1_measured_04467,read,measured,,,,,1.8916,,ok,0.3527
233.5541,629,,,0.5589,,,,,,238.2734,r1_measured_04468,read,measured,,,,,3.7338,,ok,0.3444
236.027,629,,,0.826,,,,,,238.2429,r1_measured_04469,read,measured,,,,,0.9486,,ok,0.3634
149.838,369,,,0.251,,,,,,151.3373,r1_measured_04470,read,measured,,,,,0.8349,,ok,0.3594
212.4542,568,,,0.4782,,,,,,216.5958,r1_measured_04471,read,measured,,,,,3.2148,,ok,0.3477
243.0458,680,,,0.636,,,,,,247.4046,r1_measured_04472,read,measured,,,,,3.3016,,ok,0.3391
238.8132,629,,,0.5297,,,,,,244.2468,r1_measured_04473,read,measured,,,,,4.4754,,ok,0.3559
250.1208,675,,,0.935,,,,,,258.5926,r1_measured_04474,read,measured,,,,,6.9495,,ok,0.4982
258.6719,689,,,1.032,,,,,,265.2374,r1_measured_04475,read,measured,,,,,5.0799,,ok,0.3617
157.3889,419,,,0.3152,,,,,,159.29,r1_measured_04476,read,measured,,,,,1.1683,,ok,0.351
260.1773,680,,,0.5306,,,,,,266.0764,r1_measured_04477,read,measured,,,,,4.9233,,ok,0.3546
185.2872,509,,,0.5231,,,,,,191.291,r1_measured_04478,read,measured,,,,,5.0584,,ok,0.3487
254.2744,689,,,0.6057,,,,,,259.182,r1_measured_04479,read,measured,,,,,3.9019,,ok,0.3326
200.2094,568,,,0.6785,,,,,,204.6864,r1_measured_04480,read,measured,,,,,3.3714,,ok,0.3508
242.0327,675,,,0.5883,,,,,,248.4281,r1_measured_04481,read,measured,,,,,5.3858,,ok,0.3389
245.9696,663,,,0.6447,,,,,,255.2788,r1_measured_04482,read,measured,,,,,8.2123,,ok,0.3728
254.8772,680,,,0.5403,,,,,,260.8258,r1_measured_04483,read,measured,,,,,4.9421,,ok,0.3634
236.4106,675,,,0.6903,,,,,,239.816,r1_measured_04484,read,measured,,,,,2.2992,,ok,0.3364
139.9005,369,,,0.2465,,,,,,141.6835,r1_measured_04485,read,measured,,,,,1.1444,,ok,0.3405
249.1279,680,,,0.7195,,,,,,254.3363,r1_measured_04486,read,measured,,,,,4.0472,,ok,0.3534
230.3045,663,,,0.6205,,,,,,233.5099,r1_measured_04487,read,measured,,,,,2.1482,,ok,0.3559
239.4386,629,,,0.7887,,,,,,245.6156,r1_measured_04488,read,measured,,,,,4.9224,,ok,0.3848
252.0072,689,,,0.7007,,,,,,257.3738,r1_measured_04489,read,measured,,,,,4.2261,,ok,0.3556
252.8213,675,,,1.679,,,,,,257.7513,r1_measured_04490,read,measured,,,,,2.7944,,ok,0.3704
200.7048,568,,,0.6449,,,,,,205.9321,r1_measured_04491,read,measured,,,,,4.1095,,ok,0.392
242.1207,681,,,0.628,,,,,,247.2084,r1_measured_04492,read,measured,,,,,4.0214,,ok,0.3657
258.5005,689,,,0.7246,,,,,,261.1681,r1_measured_04493,read,measured,,,,,1.4799,,ok,0.3699
223.094,568,,,0.8267,,,,,,228.0356,r1_measured_04494,read,measured,,,,,3.6719,,ok,0.3665
145.1144,369,,,0.2729,,,,,,146.9359,r1_measured_04495,read,measured,,,,,1.1279,,ok,0.3549
275.9872,689,,,0.766,,,,,,279.2256,r1_measured_04496,read,measured,,,,,2.0075,,ok,0.3856
265.043,680,,,0.6421,,,,,,272.4566,r1_measured_04497,read,measured,,,,,6.2976,,ok,0.3922
161.0004,419,,,0.3045,,,,,,162.4768,r1_measured_04498,read,measured,,,,,0.7309,,ok,0.3551
215.0148,568,,,0.6574,,,,,,221.1789,r1_measured_04499,read,measured,,,,,5.0207,,ok,0.4126
189.4852,509,,,0.5889,,,,,,194.4863,r1_measured_04500,read,measured,,,,,3.9726,,ok,0.3584
221.1846,568,,,0.6838,,,,,,228.1474,r1_measured_04501,read,measured,,,,,5.8502,,ok,0.3515
253.3901,680,,,0.6783,,,,,,259.0356,r1_measured_04502,read,measured,,,,,4.527,,ok,0.3592
244.4189,629,,,0.6266,,,,,,248.7699,r1_measured_04503,read,measured,,,,,3.2943,,ok,0.3483
203.3586,568,,,0.6137,,,,,,205.6655,r1_measured_04504,read,measured,,,,,1.2879,,ok,0.3407
249.1442,680,,,0.6264,,,,,,252.612,r1_measured_04505,read,measured,,,,,2.4245,,ok,0.3328
147.0422,369,,,0.3768,,,,,,148.6884,r1_measured_04506,read,measured,,,,,0.8319,,ok,0.3856
247.8415,681,,,0.6179,,,,,,250.8343,r1_measured_04507,read,measured,,,,,1.9575,,ok,0.3444
202.5556,568,,,0.7031,,,,,,206.249,r1_measured_04508,read,measured,,,,,2.5646,,ok,0.3446
184.6638,509,,,0.4847,,,,,,187.7388,r1_measured_04509,read,measured,,,,,2.1782,,ok,0.3404
297.9262,681,,,0.7802,,,,,,302.9019,r1_measured_04510,read,measured,,,,,3.7319,,ok,0.3748
313.2227,675,,,0.8458,,,,,,319.4272,r1_measured_04511,read,measured,,,,,4.896,,ok,0.3757
318.9538,689,,,0.7201,,,,,,323.4544,r1_measured_04512,read,measured,,,,,3.3589,,ok,0.3366
220.1821,509,,,0.4743,,,,,,223.6159,r1_measured_04513,read,measured,,,,,2.5636,,ok,0.3304
253.5444,509,,,0.6065,,,,,,258.6407,r1_measured_04514,read,measured,,,,,4.0605,,ok,0.3541
308.6186,680,,,0.8073,,,,,,313.6227,r1_measured_04515,read,measured,,,,,3.719,,ok,0.3869
321.2034,680,,,0.7712,,,,,,327.3663,r1_measured_04516,read,measured,,,,,4.8661,,ok,0.4233
297.3534,419,177.0537,5.2206,0.3377,32.9654,1,5.219,1,28.3399,299.5173,r1_measured_04517,update,measured,23.1193,2.1639,1,0.0057,1.3575,58.9887,ok,0.3888
294.2423,689,,,0.6344,,,,,,297.914,r1_measured_04518,read,measured,,,,,2.5775,,ok,0.3745
258.7815,629,,,0.6319,,,,,,264.7197,r1_measured_04519,read,measured,,,,,4.8621,,ok,0.3738
157.0457,369,,,0.4639,,,,,,159.0394,r1_measured_04520,read,measured,,,,,1.0523,,ok,0.4097
269.4964,689,,,0.7149,,,,,,275.7534,r1_measured_04521,read,measured,,,,,5.0033,,ok,0.45
214.2065,509,,,0.6317,,,,,,218.444,r1_measured_04522,read,measured,,,,,3.148,,ok,0.3851
262.7633,629,,,0.6827,,,,,,268.7235,r1_measured_04523,read,measured,,,,,4.8166,,ok,0.3688
272.172,681,,,0.7093,,,,,,276.1878,r1_measured_04524,read,measured,,,,,2.8721,,ok,0.3606
263.6383,675,,,0.8641,,,,,,269.3963,r1_measured_04525,read,measured,,,,,4.4226,,ok,0.3797
237.3584,629,,,0.7385,,,,,,242.5803,r1_measured_04526,read,measured,,,,,4.0531,,ok,0.3527
266.4043,689,,,0.7384,,,,,,273.1144,r1_measured_04527,read,measured,,,,,5.5375,,ok,0.3501
198.8389,509,,,0.5964,,,,,,201.7764,r1_measured_04528,read,measured,,,,,1.9113,,ok,0.359
265.9764,681,,,0.7019,,,,,,273.8867,r1_measured_04529,read,measured,,,,,6.7684,,ok,0.3564
147.842,369,,,0.2875,,,,,,150.0184,r1_measured_04530,read,measured,,,,,1.4738,,ok,0.3471
191.259,509,,,0.5946,,,,,,196.5083,r1_measured_04531,read,measured,,,,,4.1972,,ok,0.3756
267.175,663,,,0.5824,,,,,,272.1304,r1_measured_04532,read,measured,,,,,3.9663,,ok,0.3334
155.0209,419,,,0.3161,,,,,,156.5902,r1_measured_04533,read,measured,,,,,0.7802,,ok,0.4008
266.5011,680,,,0.6294,,,,,,271.9029,r1_measured_04534,read,measured,,,,,4.3451,,ok,0.3429
269.7887,663,,,0.8607,,,,,,273.6446,r1_measured_04535,read,measured,,,,,2.5632,,ok,0.3458
205.0209,509,,,0.4992,,,,,,208.9369,r1_measured_04536,read,measured,,,,,2.9971,,ok,0.3433
261.107,629,,,0.6219,,,,,,265.4726,r1_measured_04537,read,measured,,,,,3.3092,,ok,0.3528
259.697,419,158.2263,6.9086,0.2997,31.7134,1,6.9069,1,33.4957,262.1668,r1_measured_04538,update,measured,26.5871,2.4698,1,14.7213,1.7661,21.5403,ok,0.3389
161.3291,369,,,0.2487,,,,,,163.7879,r1_measured_04539,read,measured,,,,,1.7869,,ok,0.3685
267.8457,689,,,0.9673,,,,,,272.3776,r1_measured_04540,read,measured,,,,,3.1251,,ok,0.3526
146.368,369,,,0.248,,,,,,148.0842,r1_measured_04541,read,measured,,,,,1.0114,,ok,0.3967
154.0523,418,,,0.2956,,,,,,155.7033,r1_measured_04542,read,measured,,,,,0.9528,,ok,0.3361
245.7855,663,,,0.6784,,,,,,253.6597,r1_measured_04543,read,measured,,,,,6.6728,,ok,0.4329
155.4221,419,,,0.3019,,,,,,157.652,r1_measured_04544,read,measured,,,,,1.5553,,ok,0.3152
244.1203,675,,,0.7366,,,,,,248.2369,r1_measured_04545,read,measured,,,,,2.9342,,ok,0.3577
184.0268,509,,,0.5585,,,,,,187.1473,r1_measured_04546,read,measured,,,,,2.0505,,ok,0.4324
252.0403,675,,,0.6085,,,,,,257.1273,r1_measured_04547,read,measured,,,,,4.0018,,ok,0.3707
258.4029,681,,,0.6288,,,,,,264.4149,r1_measured_04548,read,measured,,,,,4.9347,,ok,0.365
208.8503,568,,,0.8133,,,,,,216.2535,r1_measured_04549,read,measured,,,,,6.1341,,ok,0.3747
180.0715,509,,,0.4727,,,,,,187.3514,r1_measured_04550,read,measured,,,,,6.3882,,ok,0.3525
144.1008,419,,,0.3088,,,,,,145.9954,r1_measured_04551,read,measured,,,,,1.1346,,ok,0.3829
247.6204,681,,,0.6329,,,,,,251.8186,r1_measured_04552,read,measured,,,,,3.1415,,ok,0.343
216.6579,568,,,0.8355,,,,,,223.7453,r1_measured_04553,read,measured,,,,,5.8055,,ok,0.3593
240.8708,663,,,0.6541,,,,,,246.8451,r1_measured_04554,read,measured,,,,,4.8956,,ok,0.3428
254.1924,675,,,0.7463,,,,,,260.4178,r1_measured_04555,read,measured,,,,,5.0513,,ok,0.3477
209.93,568,,,0.6842,,,,,,217.1283,r1_measured_04556,read,measured,,,,,6.1161,,ok,0.3226
246.877,675,,,0.6643,,,,,,250.4917,r1_measured_04557,read,measured,,,,,2.508,,ok,0.3608
253.5932,681,,,0.7138,,,,,,258.5913,r1_measured_04558,read,measured,,,,,3.8277,,ok,0.3578
254.1197,681,,,0.6313,,,,,,260.4694,r1_measured_04559,read,measured,,,,,5.2864,,ok,0.3428
165.2719,418,,,0.3766,,,,,,168.0012,r1_measured_04560,read,measured,,,,,1.906,,ok,0.3688
260.843,680,,,0.9077,,,,,,264.2269,r1_measured_04561,read,measured,,,,,2.0182,,ok,0.3696
249.1703,681,,,0.7063,,,,,,256.4264,r1_measured_04562,read,measured,,,,,6.0418,,ok,0.4199
161.1077,419,,,0.3161,,,,,,162.7794,r1_measured_04563,read,measured,,,,,0.9126,,ok,0.3718
264.3188,663,,,0.8694,,,,,,269.7008,r1_measured_04564,read,measured,,,,,3.9559,,ok,0.3914
170.9341,419,,,0.2854,,,,,,172.503,r1_measured_04565,read,measured,,,,,0.7995,,ok,0.4258
160.2784,419,,,0.3384,,,,,,162.1375,r1_measured_04566,read,measured,,,,,1.0864,,ok,0.3712
241.9196,629,,,0.7887,,,,,,245.3547,r1_measured_04567,read,measured,,,,,2.136,,ok,0.412
168.4171,419,,,0.5422,,,,,,172.0777,r1_measured_04568,read,measured,,,,,2.6963,,ok,0.3503
256.389,680,,,0.6749,,,,,,261.6697,r1_measured_04569,read,measured,,,,,4.1625,,ok,0.3536
257.8898,689,,,0.6357,,,,,,263.7007,r1_measured_04570,read,measured,,,,,4.743,,ok,0.3443
249.3733,675,,,0.875,,,,,,256.0527,r1_measured_04571,read,measured,,,,,5.3848,,ok,0.3438
214.0768,568,,,0.5283,,,,,,216.702,r1_measured_04572,read,measured,,,,,1.6511,,ok,0.3701
161.6954,419,,,0.3275,,,,,,163.5959,r1_measured_04573,read,measured,,,,,1.1194,,ok,0.3823
254.1006,680,,,0.7452,,,,,,258.9251,r1_measured_04574,read,measured,,,,,3.6212,,ok,0.366
240.874,629,,,0.568,,,,,,245.8085,r1_measured_04575,read,measured,,,,,3.9393,,ok,0.3525
253.6417,681,,,0.746,,,,,,258.4489,r1_measured_04576,read,measured,,,,,3.6301,,ok,0.3473
241.666,629,,,0.6073,,,,,,246.057,r1_measured_04577,read,measured,,,,,3.3468,,ok,0.3579
187.158,509,,,0.6604,,,,,,192.8738,r1_measured_04578,read,measured,,,,,4.6206,,ok,0.356
247.96,663,,,0.7604,,,,,,254.0895,r1_measured_04579,read,measured,,,,,4.9347,,ok,0.3487
256.5797,681,,,0.7763,,,,,,259.4236,r1_measured_04580,read,measured,,,,,1.5957,,ok,0.3714
199.5742,568,,,0.5428,,,,,,203.1516,r1_measured_04581,read,measured,,,,,2.6101,,ok,0.3404
247.6741,663,,,0.6534,,,,,,254.5963,r1_measured_04582,read,measured,,,,,5.8287,,ok,0.3455
192.0449,509,,,0.5754,,,,,,194.6506,r1_measured_04583,read,measured,,,,,1.5977,,ok,0.366
158.5732,419,,,0.29,,,,,,161.133,r1_measured_04584,read,measured,,,,,1.8846,,ok,0.3323
142.32,369,,,0.2677,,,,,,144.4317,r1_measured_04585,read,measured,,,,,1.4426,,ok,0.3376
233.6516,629,,,0.5954,,,,,,237.1372,r1_measured_04586,read,measured,,,,,2.4666,,ok,0.3461
251.6295,675,,,0.6183,,,,,,259.9359,r1_measured_04587,read,measured,,,,,7.2543,,ok,0.3486
254.077,663,,,0.6561,,,,,,258.706,r1_measured_04588,read,measured,,,,,3.5603,,ok,0.3345
129.2886,369,,,0.2942,,,,,,130.937,r1_measured_04589,read,measured,,,,,0.945,,ok,0.3446
251.7552,681,,,0.7251,,,,,,254.7685,r1_measured_04590,read,measured,,,,,1.8058,,ok,0.3926
184.0714,509,,,0.5814,,,,,,187.8291,r1_measured_04591,read,measured,,,,,2.7462,,ok,0.3503
217.2177,568,,,0.7282,,,,,,226.8144,r1_measured_04592,read,measured,,,,,8.3985,,ok,0.3707
212.1306,568,,,0.6604,,,,,,220.3994,r1_measured_04593,read,measured,,,,,7.1589,,ok,0.3686
282.1063,675,,,0.5827,,,,,,285.5645,r1_measured_04594,read,measured,,,,,2.4633,,ok,0.3317
140.85,369,,,0.2761,,,,,,142.2105,r1_measured_04595,read,measured,,,,,0.6607,,ok,0.3615
220.0274,509,,,0.4728,,,,,,223.5766,r1_measured_04596,read,measured,,,,,2.6933,,ok,0.3269
281.6317,689,,,0.5888,,,,,,286.0076,r1_measured_04597,read,measured,,,,,3.3688,,ok,0.3353
273.9935,675,,,0.62,,,,,,277.4402,r1_measured_04598,read,measured,,,,,2.3704,,ok,0.3685
437.8024,680,302.6351,7.4048,1.5582,50.9136,0,7.4031,1,31.7635,443.3132,r1_measured_04599,update,measured,24.3587,5.5108,1,14.6862,3.4964,37.804,ok,0.37
317.8722,679,,,0.7339,,,,,,324.0984,r1_measured_04600,read,measured,,,,,5.0411,,ok,0.3732
315.5423,663,,,0.9338,,,,,,322.6191,r1_measured_04601,read,measured,,,,,5.7145,,ok,0.351
163.4557,369,,,0.2608,,,,,,165.5558,r1_measured_04602,read,measured,,,,,1.4569,,ok,0.3216
229.3118,509,,,0.5343,,,,,,234.4641,r1_measured_04603,read,measured,,,,,4.1692,,ok,0.3728
278.8359,680,,,0.5977,,,,,,283.9759,r1_measured_04604,read,measured,,,,,4.1007,,ok,0.3626
204.834,419,,,0.3106,,,,,,206.2901,r1_measured_04605,read,measured,,,,,0.7368,,ok,0.3434
238.1558,508,,,0.696,,,,,,242.1432,r1_measured_04606,read,measured,,,,,2.7773,,ok,0.4285
285.815,568,,,0.6158,,,,,,292.5836,r1_measured_04607,read,measured,,,,,5.7335,,ok,0.3537
241.9096,568,,,0.6759,,,,,,247.6363,r1_measured_04608,read,measured,,,,,4.6538,,ok,0.3246
284.9582,680,,,0.6768,,,,,,289.7068,r1_measured_04609,read,measured,,,,,3.6394,,ok,0.3436
184.3732,419,,,0.2853,,,,,,186.2158,r1_measured_04610,read,measured,,,,,1.1782,,ok,0.3219
274.692,675,,,0.6774,,,,,,279.1,r1_measured_04611,read,measured,,,,,3.3205,,ok,0.3357
283.1631,679,,,0.6899,,,,,,286.9568,r1_measured_04612,read,measured,,,,,2.6101,,ok,0.4128
387.1027,689,255.1811,4.842,0.6639,52.0976,0,4.8399,1,37.1413,391.2077,r1_measured_04613,update,measured,32.2993,4.105,1,14.5522,2.9993,28.1305,ok,0.3503
275.6142,688,,,0.6411,,,,,,280.698,r1_measured_04614,read,measured,,,,,4.0064,,ok,0.3522
225.9108,629,,,0.5879,,,,,,230.6126,r1_measured_04615,read,measured,,,,,3.6873,,ok,0.3527
179.6207,509,,,0.5114,,,,,,183.1994,r1_measured_04616,read,measured,,,,,2.6669,,ok,0.3397
201.669,568,,,0.5601,,,,,,207.2668,r1_measured_04617,read,measured,,,,,4.617,,ok,0.3443
255.0543,681,,,0.7783,,,,,,262.2931,r1_measured_04618,read,measured,,,,,5.9792,,ok,0.3393
135.6718,369,,,0.2893,,,,,,137.7344,r1_measured_04619,read,measured,,,,,1.3762,,ok,0.336
148.6738,369,,,0.2513,,,,,,150.056,r1_measured_04620,read,measured,,,,,0.7337,,ok,0.3413
256.6166,680,,,0.692,,,,,,263.9511,r1_measured_04621,read,measured,,,,,6.2036,,ok,0.3313
253.8181,681,,,0.6363,,,,,,257.1586,r1_measured_04622,read,measured,,,,,2.2848,,ok,0.3395
185.0262,509,,,0.7409,,,,,,191.1248,r1_measured_04623,read,measured,,,,,4.9365,,ok,0.347
186.6106,509,,,0.5214,,,,,,192.2309,r1_measured_04624,read,measured,,,,,4.567,,ok,0.45
214.3868,568,,,0.7048,,,,,,219.2948,r1_measured_04625,read,measured,,,,,3.7387,,ok,0.3889
154.7824,419,,,0.2681,,,,,,156.5417,r1_measured_04626,read,measured,,,,,1.1109,,ok,0.323
216.2557,509,,,0.7528,,,,,,223.1765,r1_measured_04627,read,measured,,,,,5.678,,ok,0.4058
165.0651,418,,,0.3088,,,,,,166.9956,r1_measured_04628,read,measured,,,,,1.0802,,ok,0.4661
226.067,568,,,0.4965,,,,,,228.3319,r1_measured_04629,read,measured,,,,,1.3621,,ok,0.3393
229.5168,568,,,0.5958,,,,,,234.8809,r1_measured_04630,read,measured,,,,,4.3471,,ok,0.3448
250.7043,629,,,0.7819,,,,,,256.7913,r1_measured_04631,read,measured,,,,,4.8851,,ok,0.3423
260.4732,663,,,0.7374,,,,,,266.8114,r1_measured_04632,read,measured,,,,,5.1258,,ok,0.3956
145.3388,369,,,0.2666,,,,,,147.2264,r1_measured_04633,read,measured,,,,,1.2247,,ok,0.3359
144.5165,368,,,0.3042,,,,,,146.5349,r1_measured_04634,read,measured,,,,,1.324,,ok,0.3271
243.2845,629,,,0.7491,,,,,,248.9968,r1_measured_04635,read,measured,,,,,4.4901,,ok,0.3695
256.8232,688,,,0.7334,,,,,,259.6939,r1_measured_04636,read,measured,,,,,1.6844,,ok,0.356
263.6117,675,,,0.8341,,,,,,272.7126,r1_measured_04637,read,measured,,,,,7.8176,,ok,0.357
141.035,369,,,0.2666,,,,,,143.11,r1_measured_04638,read,measured,,,,,1.3971,,ok,0.3482
155.0493,419,,,0.3334,,,,,,156.832,r1_measured_04639,read,measured,,,,,1.0233,,ok,0.3556
160.1145,419,,,0.3245,,,,,,161.9715,r1_measured_04640,read,measured,,,,,1.1105,,ok,0.3531
247.2246,680,,,0.6232,,,,,,252.4866,r1_measured_04641,read,measured,,,,,4.2029,,ok,0.3471
236.2306,629,,,0.7453,,,,,,241.6757,r1_measured_04642,read,measured,,,,,4.2467,,ok,0.3364
167.1755,419,,,0.3583,,,,,,169.6475,r1_measured_04643,read,measured,,,,,1.6884,,ok,0.3543
213.8809,568,,,0.6379,,,,,,216.6077,r1_measured_04644,read,measured,,,,,1.6101,,ok,0.3955
258.1802,680,,,0.6505,,,,,,262.3863,r1_measured_04645,read,measured,,,,,3.1136,,ok,0.3576
254.8415,680,,,0.6624,,,,,,261.2308,r1_measured_04646,read,measured,,,,,5.2959,,ok,0.3613
241.6656,663,,,0.848,,,,,,244.5697,r1_measured_04647,read,measured,,,,,1.6217,,ok,0.3543
215.0398,568,,,0.6725,,,,,,217.7501,r1_measured_04648,read,measured,,,,,1.6078,,ok,0.3523
249.1538,663,,,0.6304,,,,,,252.1397,r1_measured_04649,read,measured,,,,,1.9313,,ok,0.3432
242.271,629,,,0.7001,,,,,,248.1819,r1_measured_04650,read,measured,,,,,4.7689,,ok,0.3626
239.9881,629,,,0.9254,,,,,,248.0459,r1_measured_04651,read,measured,,,,,6.6834,,ok,0.3672
236.8535,629,,,0.658,,,,,,242.8162,r1_measured_04652,read,measured,,,,,4.887,,ok,0.3415
248.0005,680,,,0.8937,,,,,,251.7653,r1_measured_04653,read,measured,,,,,2.4479,,ok,0.3405
165.4875,419,,,0.272,,,,,,167.901,r1_measured_04654,read,measured,,,,,1.7645,,ok,0.3222
257.0401,680,,,0.6385,,,,,,263.6601,r1_measured_04655,read,measured,,,,,5.5011,,ok,0.3961
207.3215,568,,,0.6859,,,,,,213.3781,r1_measured_04656,read,measured,,,,,4.9363,,ok,0.3618
213.7729,568,,,0.4996,,,,,,218.8719,r1_measured_04657,read,measured,,,,,4.1666,,ok,0.3478
256.8337,689,,,0.6881,,,,,,260.0187,r1_measured_04658,read,measured,,,,,2.0574,,ok,0.3545
154.9221,419,,,0.3735,,,,,,156.8117,r1_measured_04659,read,measured,,,,,1.1112,,ok,0.3362
242.4312,663,,,0.6081,,,,,,249.3226,r1_measured_04660,read,measured,,,,,5.8422,,ok,0.3553
204.5406,568,,,0.7309,,,,,,209.819,r1_measured_04661,read,measured,,,,,4.1337,,ok,0.339
271.4874,629,,,0.6089,,,,,,276.1553,r1_measured_04662,read,measured,,,,,3.6752,,ok,0.3213
199.3672,509,,,0.6805,,,,,,206.598,r1_measured_04663,read,measured,,,,,5.9998,,ok,0.4595
279.0792,675,,,0.8069,,,,,,284.0416,r1_measured_04664,read,measured,,,,,3.7015,,ok,0.3639
287.5481,663,,,0.651,,,,,,292.982,r1_measured_04665,read,measured,,,,,4.3603,,ok,0.3455
279.719,680,,,0.5212,,,,,,285.5675,r1_measured_04666,read,measured,,,,,4.9025,,ok,0.3551
312.7542,688,,,0.6939,,,,,,316.7142,r1_measured_04667,read,measured,,,,,2.7904,,ok,0.3821
229.9331,509,,,0.4752,,,,,,234.8141,r1_measured_04668,read,measured,,,,,3.9774,,ok,0.3514
392.1593,680,261.0248,5.4175,0.549,48.289,1,5.4155,1,31.1174,395.8837,r1_measured_04669,update,measured,25.6999,3.7244,1,18.4533,2.7429,33.2748,ok,0.3513
292.8888,675,,,0.7005,,,,,,296.9965,r1_measured_04670,read,measured,,,,,2.9596,,ok,0.3603
245.7719,629,,,0.694,,,,,,248.8959,r1_measured_04671,read,measured,,,,,1.955,,ok,0.3912
266.7457,680,,,0.6754,,,,,,271.6262,r1_measured_04672,read,measured,,,,,3.7816,,ok,0.3453
208.7315,509,,,0.6585,,,,,,211.7686,r1_measured_04673,read,measured,,,,,1.9523,,ok,0.358
263.0648,419,162.602,5.7634,0.284,34.8998,0,5.7607,1,27.6069,264.5813,r1_measured_04674,update,measured,21.8435,1.5165,1,15.9527,0.8463,22.0034,ok,0.3233
275.6737,680,,,0.6604,,,,,,281.6141,r1_measured_04675,read,measured,,,,,4.843,,ok,0.3697
259.8596,675,,,0.5912,,,,,,264.3699,r1_measured_04676,read,measured,,,,,3.4725,,ok,0.3535
246.5754,674,,,0.7203,,,,,,251.6326,r1_measured_04677,read,measured,,,,,3.8798,,ok,0.3721
141.1129,369,,,0.2461,,,,,,143.0248,r1_measured_04678,read,measured,,,,,1.2667,,ok,0.34
258.8797,689,,,0.8552,,,,,,264.3094,r1_measured_04679,read,measured,,,,,4.1458,,ok,0.3606
233.8254,675,,,0.7213,,,,,,238.8449,r1_measured_04680,read,measured,,,,,3.7952,,ok,0.3826
236.2727,680,,,0.6341,,,,,,240.503,r1_measured_04681,read,measured,,,,,3.1008,,ok,0.4051
237.0779,629,,,0.6419,,,,,,244.5402,r1_measured_04682,read,measured,,,,,6.3681,,ok,0.3664
234.1295,629,,,0.6766,,,,,,237.9834,r1_measured_04683,read,measured,,,,,2.6829,,ok,0.4061
243.7741,675,,,0.7786,,,,,,247.1829,r1_measured_04684,read,measured,,,,,2.1878,,ok,0.3577
217.2056,568,,,0.5545,,,,,,223.2632,r1_measured_04685,read,measured,,,,,5.0598,,ok,0.3684
265.9194,680,,,0.5461,,,,,,269.9605,r1_measured_04686,read,measured,,,,,3.0558,,ok,0.3602
233.8309,567,,,0.5955,,,,,,238.569,r1_measured_04687,read,measured,,,,,3.6774,,ok,0.3909
271.1396,680,,,0.6988,,,,,,277.0833,r1_measured_04688,read,measured,,,,,4.8044,,ok,0.3646
275.4085,680,,,0.66,,,,,,278.6307,r1_measured_04689,read,measured,,,,,2.1285,,ok,0.3509
174.5423,419,,,0.2899,,,,,,176.6621,r1_measured_04690,read,measured,,,,,1.4135,,ok,0.3608
176.4034,419,,,0.307,,,,,,178.405,r1_measured_04691,read,measured,,,,,1.2754,,ok,0.3493
244.1007,629,,,0.5816,,,,,,248.2898,r1_measured_04692,read,measured,,,,,3.1897,,ok,0.3429
264.542,419,164.1091,9.0891,0.3437,34.1271,1,9.0872,1,32.36,266.2689,r1_measured_04693,update,measured,23.2709,1.7269,1,14.0045,0.9605,19.9413,ok,0.3494
251.8136,675,,,1.4763,,,,,,257.8865,r1_measured_04694,read,measured,,,,,4.1467,,ok,0.3679
228.5867,629,,,0.6184,,,,,,232.1014,r1_measured_04695,read,measured,,,,,2.4749,,ok,0.346
165.4114,419,,,0.2774,,,,,,167.2926,r1_measured_04696,read,measured,,,,,1.185,,ok,0.3513
210.9788,568,,,0.588,,,,,,216.9569,r1_measured_04697,read,measured,,,,,4.9906,,ok,0.3377
306.4016,688,,,0.9587,,,,,,314.547,r1_measured_04698,read,measured,,,,,6.6556,,ok,0.4312
149.7806,419,,,0.2776,,,,,,151.4018,r1_measured_04699,read,measured,,,,,0.9405,,ok,0.336
308.2078,663,,,0.9038,,,,,,313.4196,r1_measured_04700,read,measured,,,,,3.8066,,ok,0.4101
265.4149,568,,,0.5974,,,,,,276.8004,r1_measured_04701,read,measured,,,,,10.2933,,ok,0.4016
314.9517,680,,,0.8704,,,,,,319.8332,r1_measured_04702,read,measured,,,,,3.3927,,ok,0.5021
343.5127,675,,,1.0224,,,,,,352.1262,r1_measured_04703,read,measured,,,,,7.0402,,ok,0.457
299.1389,629,,,0.7807,,,,,,303.4815,r1_measured_04704,read,measured,,,,,3.0783,,ok,0.3904
253.5146,509,,,0.6097,,,,,,258.6386,r1_measured_04705,read,measured,,,,,4.0304,,ok,0.3985
308.4827,663,,,0.6964,,,,,,315.1435,r1_measured_04706,read,measured,,,,,5.4831,,ok,0.3908
273.878,680,,,0.651,,,,,,277.9649,r1_measured_04707,read,measured,,,,,2.987,,ok,0.3545
253.6454,681,,,0.6988,,,,,,258.3313,r1_measured_04708,read,measured,,,,,3.5474,,ok,0.3505
262.156,681,,,0.6774,,,,,,273.0029,r1_measured_04709,read,measured,,,,,9.7256,,ok,0.3444
275.9193,689,,,0.9694,,,,,,278.5775,r1_measured_04710,read,measured,,,,,1.2467,,ok,0.3576
251.6942,680,,,0.5983,,,,,,255.562,r1_measured_04711,read,measured,,,,,2.7471,,ok,0.4303
267.1032,680,,,5.6605,,,,,,292.114,r1_measured_04712,read,measured,,,,,18.8491,,ok,0.3915
158.7346,418,,,0.2982,,,,,,160.736,r1_measured_04713,read,measured,,,,,1.2881,,ok,0.3535
275.9204,681,,,0.5207,,,,,,279.9501,r1_measured_04714,read,measured,,,,,3.1182,,ok,0.3255
272.9675,680,,,0.7781,,,,,,279.2013,r1_measured_04715,read,measured,,,,,4.9877,,ok,0.3831
267.3818,680,,,0.7567,,,,,,272.8543,r1_measured_04716,read,measured,,,,,4.2561,,ok,0.3658
279.5401,681,,,0.7552,,,,,,286.4765,r1_measured_04717,read,measured,,,,,5.6668,,ok,0.4076
268.4036,680,,,0.6473,,,,,,275.8697,r1_measured_04718,read,measured,,,,,6.3508,,ok,0.374
391.4187,629,265.4031,6.0043,0.6442,45.5948,1,6.0029,1,29.6688,397.9466,r1_measured_04719,update,measured,23.6645,6.5279,1,22.2286,5.4898,28.5234,ok,0.3239
155.8157,369,,,0.2807,,,,,,157.677,r1_measured_04720,read,measured,,,,,1.183,,ok,0.3394
260.632,663,,,0.6162,,,,,,269.7258,r1_measured_04721,read,measured,,,,,8.0623,,ok,0.3329
250.8281,629,,,0.7073,,,,,,258.6235,r1_measured_04722,read,measured,,,,,6.6655,,ok,0.3525
254.0411,629,,,0.6064,,,,,,259.4304,r1_measured_04723,read,measured,,,,,4.3893,,ok,0.3301
236.3314,568,,,0.9987,,,,,,242.9249,r1_measured_04724,read,measured,,,,,5.1787,,ok,0.3321
320.9607,509,213.9899,6.2424,0.4965,37.2103,1,6.24,1,26.9718,324.1785,r1_measured_04725,update,measured,20.7294,3.2178,1,16.2475,2.3174,26.5412,ok,0.3454
205.8832,509,,,0.8869,,,,,,211.0814,r1_measured_04726,read,measured,,,,,3.7667,,ok,0.4414
279.4314,629,,,0.7516,,,,,,281.5709,r1_measured_04727,read,measured,,,,,0.9637,,ok,0.3572
176.3445,418,,,0.288,,,,,,178.0271,r1_measured_04728,read,measured,,,,,0.9818,,ok,0.3476
263.8126,663,,,0.7011,,,,,,268.4538,r1_measured_04729,read,measured,,,,,3.4987,,ok,0.3605
231.6552,568,,,0.6173,,,,,,236.2821,r1_measured_04730,read,measured,,,,,3.5473,,ok,0.3836
233.2995,568,,,0.5442,,,,,,237.2564,r1_measured_04731,read,measured,,,,,2.9838,,ok,0.356
231.2204,369,134.7602,5.7429,0.2539,33.0645,1,5.7411,1,26.833,234.3103,r1_measured_04732,update,measured,21.0901,3.0899,1,18.8216,2.4449,17.7411,ok,0.34
258.3451,663,,,0.6558,,,,,,264.3256,r1_measured_04733,read,measured,,,,,4.8867,,ok,0.3539
210.7924,567,,,0.5565,,,,,,214.9994,r1_measured_04734,read,measured,,,,,3.217,,ok,0.3651
200.3542,568,,,0.6354,,,,,,205.2003,r1_measured_04735,read,measured,,,,,3.8272,,ok,0.3219
229.0754,663,,,0.5186,,,,,,230.8953,r1_measured_04736,read,measured,,,,,0.8653,,ok,0.3563
144.6781,369,,,0.2383,,,,,,146.6356,r1_measured_04737,read,measured,,,,,1.2676,,ok,0.3934
154.339,419,,,0.2801,,,,,,156.6986,r1_measured_04738,read,measured,,,,,1.6754,,ok,0.3388
253.579,663,,,0.6148,,,,,,272.9769,r1_measured_04739,read,measured,,,,,18.3156,,ok,0.3803
214.9894,568,,,0.825,,,,,,219.988,r1_measured_04740,read,measured,,,,,3.7279,,ok,0.3663
302.6826,681,,,0.7373,,,,,,308.3381,r1_measured_04741,read,measured,,,,,4.5073,,ok,0.3319
266.3263,629,,,0.7308,,,,,,273.0234,r1_measured_04742,read,measured,,,,,5.5165,,ok,0.3722
212.8016,509,,,0.6006,,,,,,218.0356,r1_measured_04743,read,measured,,,,,4.0505,,ok,0.4998
135.7399,369,,,0.2918,,,,,,137.6329,r1_measured_04744,read,measured,,,,,1.1903,,ok,0.3431
227.3059,509,,,0.5489,,,,,,234.1607,r1_measured_04745,read,measured,,,,,5.8484,,ok,0.3849
275.3539,663,,,0.7626,,,,,,280.177,r1_measured_04746,read,measured,,,,,3.6197,,ok,0.3602
255.4574,419,176.4744,4.8644,0.2781,30.7909,1,4.8626,1,26.4593,257.7355,r1_measured_04747,update,measured,21.5949,2.2781,1,0.0054,1.5825,21.7274,ok,0.348
386.0702,681,237.7969,6.0401,0.8535,55.0639,1,6.0383,1,49.1568,391.7644,r1_measured_04748,update,measured,43.1167,5.6942,1,16.6885,4.3403,27.3641,ok,0.3631
204.7987,509,,,0.6173,,,,,,207.996,r1_measured_04749,read,measured,,,,,2.102,,ok,0.3963
264.6084,681,,,0.6813,,,,,,267.5514,r1_measured_04750,read,measured,,,,,1.8302,,ok,0.3571
229.0353,663,,,0.6454,,,,,,233.576,r1_measured_04751,read,measured,,,,,3.4153,,ok,0.4032
232.1711,663,,,0.9943,,,,,,238.0198,r1_measured_04752,read,measured,,,,,4.3792,,ok,0.3867
195.552,567,,,0.552,,,,,,201.3789,r1_measured_04753,read,measured,,,,,4.8508,,ok,0.353
250.705,681,,,0.6108,,,,,,253.5153,r1_measured_04754,read,measured,,,,,1.7397,,ok,0.3786
242.6379,629,,,0.6997,,,,,,247.4663,r1_measured_04755,read,measured,,,,,3.6663,,ok,0.3844
241.9755,629,,,0.6311,,,,,,247.2471,r1_measured_04756,read,measured,,,,,4.2149,,ok,0.3532
258.9968,680,,,0.7182,,,,,,263.4421,r1_measured_04757,read,measured,,,,,3.295,,ok,0.3458
215.7997,568,,,0.6546,,,,,,220.0254,r1_measured_04758,read,measured,,,,,3.1169,,ok,0.3698
270.8587,675,,,0.6082,,,,,,277.8211,r1_measured_04759,read,measured,,,,,5.8473,,ok,0.4214
251.4605,674,,,0.569,,,,,,254.7583,r1_measured_04760,read,measured,,,,,2.3026,,ok,0.3551
288.8982,681,,,0.5362,,,,,,291.9586,r1_measured_04761,read,measured,,,,,2.0962,,ok,0.3583
273.6594,629,,,0.6851,,,,,,279.2315,r1_measured_04762,read,measured,,,,,4.4889,,ok,0.3259
302.5911,680,,,0.6957,,,,,,307.7271,r1_measured_04763,read,measured,,,,,4.0132,,ok,0.3488
187.0423,419,,,0.3227,,,,,,188.9857,r1_measured_04764,read,measured,,,,,1.1989,,ok,0.3545
166.1069,369,,,0.2727,,,,,,168.3101,r1_measured_04765,read,measured,,,,,1.5397,,ok,0.3333
180.8115,419,,,0.3583,,,,,,182.872,r1_measured_04766,read,measured,,,,,1.2675,,ok,0.3677
397.0353,681,260.8496,4.2125,0.6476,67.0012,1,4.2106,1,26.6002,404.1645,r1_measured_04767,update,measured,22.3877,7.1292,1,14.231,6.0384,28.3533,ok,0.3612
266.2059,681,,,0.8151,,,,,,270.4178,r1_measured_04768,read,measured,,,,,2.9219,,ok,0.3915
151.8681,419,,,0.4878,,,,,,154.6361,r1_measured_04769,read,measured,,,,,1.8578,,ok,0.3573
261.2285,675,,,0.5912,,,,,,268.2365,r1_measured_04770,read,measured,,,,,5.9695,,ok,0.3647
210.4326,568,,,0.7954,,,,,,215.3226,r1_measured_04771,read,measured,,,,,3.5625,,ok,0.4469
144.6177,419,,,0.2884,,,,,,146.4255,r1_measured_04772,read,measured,,,,,1.0957,,ok,0.3578
267.3964,689,,,0.7499,,,,,,273.0072,r1_measured_04773,read,measured,,,,,4.3847,,ok,0.3819
171.6848,419,,,0.2978,,,,,,173.8906,r1_measured_04774,read,measured,,,,,1.4846,,ok,0.3616
169.1635,419,,,0.3773,,,,,,171.8609,r1_measured_04775,read,measured,,,,,1.8955,,ok,0.3555
230.2766,568,,,0.5208,,,,,,236.7825,r1_measured_04776,read,measured,,,,,5.5493,,ok,0.3616
174.656,419,,,0.2823,,,,,,176.6076,r1_measured_04777,read,measured,,,,,1.2654,,ok,0.3438
263.8074,675,,,0.6523,,,,,,267.2742,r1_measured_04778,read,measured,,,,,2.3884,,ok,0.3489
253.8995,675,,,0.6893,,,,,,257.7643,r1_measured_04779,read,measured,,,,,2.7395,,ok,0.3548
266.5212,689,,,0.5666,,,,,,271.3357,r1_measured_04780,read,measured,,,,,3.8047,,ok,0.3589
250.1507,680,,,0.6454,,,,,,253.8316,r1_measured_04781,read,measured,,,,,2.6316,,ok,0.3289
128.6638,369,,,0.2592,,,,,,130.9698,r1_measured_04782,read,measured,,,,,1.6039,,ok,0.3804
256.4789,681,,,0.6146,,,,,,260.7872,r1_measured_04783,read,measured,,,,,3.2363,,ok,0.3825
230.9387,628,,,0.6086,,,,,,233.9218,r1_measured_04784,read,measured,,,,,1.9195,,ok,0.3721
267.0808,675,,,0.6047,,,,,,272.0824,r1_measured_04785,read,measured,,,,,3.961,,ok,0.3511
235.7686,628,,,0.6533,,,,,,242.9248,r1_measured_04786,read,measured,,,,,6.0879,,ok,0.3402
141.3377,369,,,0.2516,,,,,,142.9138,r1_measured_04787,read,measured,,,,,0.9213,,ok,0.3433
225.6035,629,,,0.7021,,,,,,230.5393,r1_measured_04788,read,measured,,,,,3.7716,,ok,0.3721
241.4399,663,,,0.6992,,,,,,245.1837,r1_measured_04789,read,measured,,,,,2.612,,ok,0.3561
244.0329,663,,,0.5916,,,,,,246.9229,r1_measured_04790,read,measured,,,,,1.87,,ok,0.3563
246.0421,680,,,0.6604,,,,,,250.6087,r1_measured_04791,read,measured,,,,,3.4854,,ok,0.3385
252.2975,688,,,0.5858,,,,,,260.2537,r1_measured_04792,read,measured,,,,,6.9568,,ok,0.3425
214.5289,568,,,0.5104,,,,,,219.1026,r1_measured_04793,read,measured,,,,,3.5836,,ok,0.4067
291.1707,689,,,0.6326,,,,,,298.4299,r1_measured_04794,read,measured,,,,,6.1328,,ok,0.4005
276.8217,663,,,0.6844,,,,,,282.2516,r1_measured_04795,read,measured,,,,,4.2761,,ok,0.3952
250.7164,568,,,0.7178,,,,,,255.8669,r1_measured_04796,read,measured,,,,,3.975,,ok,0.3763
300.5684,689,,,1.6005,,,,,,306.2022,r1_measured_04797,read,measured,,,,,3.5935,,ok,0.3681
296.8697,675,,,0.6787,,,,,,301.5474,r1_measured_04798,read,measured,,,,,3.5615,,ok,0.3603
232.0821,509,,,1.7839,,,,,,240.7191,r1_measured_04799,read,measured,,,,,6.4118,,ok,0.3532
282.6852,663,,,0.7789,,,,,,289.4706,r1_measured_04800,read,measured,,,,,5.5214,,ok,0.3865
215.6396,509,,,1.4086,,,,,,222.639,r1_measured_04801,read,measured,,,,,5.1558,,ok,0.3681
247.2944,681,,,0.6419,,,,,,252.829,r1_measured_04802,read,measured,,,,,4.4576,,ok,0.3517
250.088,680,,,0.5702,,,,,,254.6925,r1_measured_04803,read,measured,,,,,3.6175,,ok,0.3407
202.0064,568,,,0.5506,,,,,,204.6299,r1_measured_04804,read,measured,,,,,1.6289,,ok,0.3592
247.7391,663,,,0.6282,,,,,,252.2844,r1_measured_04805,read,measured,,,,,3.5106,,ok,0.3327
241.2525,689,,,0.8309,,,,,,252.4613,r1_measured_04806,read,measured,,,,,9.92,,ok,0.3691
237.5243,675,,,0.7807,,,,,,244.9614,r1_measured_04807,read,measured,,,,,6.2309,,ok,0.3389
240.4835,629,,,0.6063,,,,,,245.3881,r1_measured_04808,read,measured,,,,,3.8381,,ok,0.3458
212.6485,568,,,0.5934,,,,,,217.4567,r1_measured_04809,read,measured,,,,,3.7267,,ok,0.3982
252.2568,681,,,0.6941,,,,,,256.7413,r1_measured_04810,read,measured,,,,,3.3356,,ok,0.3628
244.2405,689,,,0.7062,,,,,,250.1349,r1_measured_04811,read,measured,,,,,4.7472,,ok,0.3644
254.7891,680,,,0.6614,,,,,,260.9924,r1_measured_04812,read,measured,,,,,5.0337,,ok,0.4185
250.71,663,,,0.7928,,,,,,286.1543,r1_measured_04813,read,measured,,,,,34.1821,,ok,0.3622
162.9592,418,,,0.2726,,,,,,164.5951,r1_measured_04814,read,measured,,,,,0.9862,,ok,0.3271
217.3264,568,,,0.6446,,,,,,222.1366,r1_measured_04815,read,measured,,,,,3.7445,,ok,0.3442
137.1919,369,,,0.2851,,,,,,139.2611,r1_measured_04816,read,measured,,,,,1.3589,,ok,0.3702
228.2106,629,,,6.7834,,,,,,253.2069,r1_measured_04817,read,measured,,,,,17.6396,,ok,0.486
285.533,663,,,0.6424,,,,,,290.9106,r1_measured_04818,read,measured,,,,,4.3174,,ok,0.333
205.8547,419,,,0.3266,,,,,,207.6231,r1_measured_04819,read,measured,,,,,0.9834,,ok,0.387
294.8366,681,,,0.9264,,,,,,300.5117,r1_measured_04820,read,measured,,,,,4.3435,,ok,0.3236
276.906,675,,,0.6864,,,,,,280.4704,r1_measured_04821,read,measured,,,,,2.468,,ok,0.3403
284.4539,663,,,0.5867,,,,,,290.0908,r1_measured_04822,read,measured,,,,,4.6156,,ok,0.3617
342.7126,568,220.6505,3.9034,0.6353,62.8792,1,3.9019,1,25.5153,348.0482,r1_measured_04823,update,measured,21.6119,5.3356,1,0.0054,4.2344,33.6622,ok,0.3843
240.3046,419,158.4637,5.4209,0.2968,36.0179,0,5.4185,1,24.9633,243.0473,r1_measured_04824,update,measured,19.5424,2.7427,1,0.0062,2.0429,20.8535,ok,0.3399
138.4859,369,,,0.2235,,,,,,140.6165,r1_measured_04825,read,measured,,,,,1.5344,,ok,0.3238
260.0743,689,,,0.8198,,,,,,266.3111,r1_measured_04826,read,measured,,,,,4.9412,,ok,0.3909
219.0909,568,,,0.6611,,,,,,224.9799,r1_measured_04827,read,measured,,,,,4.7955,,ok,0.355
241.1394,629,,,0.6557,,,,,,245.292,r1_measured_04828,read,measured,,,,,3.0572,,ok,0.3591
201.2935,568,,,0.5153,,,,,,207.4646,r1_measured_04829,read,measured,,,,,5.1475,,ok,0.4243
259.0254,680,,,0.6833,,,,,,265.617,r1_measured_04830,read,measured,,,,,5.4956,,ok,0.3431
268.5003,689,,,0.6665,,,,,,273.5367,r1_measured_04831,read,measured,,,,,3.8536,,ok,0.4152
184.0824,509,,,0.5405,,,,,,186.6905,r1_measured_04832,read,measured,,,,,1.6327,,ok,0.3589
273.9762,680,,,0.6697,,,,,,276.7844,r1_measured_04833,read,measured,,,,,1.7042,,ok,0.3528
273.233,681,,,1.0186,,,,,,276.6958,r1_measured_04834,read,measured,,,,,2.022,,ok,0.3444
268.218,663,,,0.5604,,,,,,273.7022,r1_measured_04835,read,measured,,,,,4.238,,ok,0.3307
278.7234,681,,,0.5331,,,,,,282.557,r1_measured_04836,read,measured,,,,,2.8982,,ok,0.3334
260.1755,629,,,0.6156,,,,,,264.291,r1_measured_04837,read,measured,,,,,2.9993,,ok,0.4246
375.0,675,255.7338,8.7754,0.6181,44.0143,1,8.7733,1,31.0335,381.5408,r1_measured_04838,update,measured,22.2581,6.5408,1,15.1209,5.4947,29.0975,ok,0.3508
153.5334,369,,,0.2642,,,,,,155.5544,r1_measured_04839,read,measured,,,,,1.3733,,ok,0.3276
171.4068,419,,,0.2995,,,,,,173.0138,r1_measured_04840,read,measured,,,,,0.8866,,ok,0.3601
250.6558,681,,,1.2147,,,,,,255.8683,r1_measured_04841,read,measured,,,,,3.5519,,ok,0.3617
250.8879,680,,,0.6133,,,,,,256.9686,r1_measured_04842,read,measured,,,,,4.9615,,ok,0.4208
146.3495,419,,,0.411,,,,,,147.9779,r1_measured_04843,read,measured,,,,,0.792,,ok,0.3508
256.3758,681,,,1.3692,,,,,,261.0855,r1_measured_04844,read,measured,,,,,2.9225,,ok,0.3482
243.2283,663,,,0.7231,,,,,,252.9352,r1_measured_04845,read,measured,,,,,8.506,,ok,0.3979
237.8935,675,,,0.6303,,,,,,245.8639,r1_measured_04846,read,measured,,,,,6.9023,,ok,0.3641
250.3681,629,,,0.6344,,,,,,255.5217,r1_measured_04847,read,measured,,,,,4.0973,,ok,0.3501
245.427,629,,,0.7955,,,,,,249.952,r1_measured_04848,read,measured,,,,,3.2897,,ok,0.3631
170.053,419,,,0.2831,,,,,,171.5472,r1_measured_04849,read,measured,,,,,0.7959,,ok,0.3521
258.0999,675,,,0.8869,,,,,,263.4722,r1_measured_04850,read,measured,,,,,4.0309,,ok,0.3716
231.5448,629,,,0.6151,,,,,,235.7991,r1_measured_04851,read,measured,,,,,3.2174,,ok,0.3407
251.5881,689,,,0.5892,,,,,,261.864,r1_measured_04852,read,measured,,,,,9.2954,,ok,0.321
252.9626,680,,,0.636,,,,,,257.4515,r1_measured_04853,read,measured,,,,,3.4512,,ok,0.333
246.0215,675,,,0.707,,,,,,250.5141,r1_measured_04854,read,measured,,,,,3.3737,,ok,0.3406
183.9751,509,,,0.7315,,,,,,189.1202,r1_measured_04855,read,measured,,,,,3.9891,,ok,0.3543
236.1909,680,,,0.7411,,,,,,242.9283,r1_measured_04856,read,measured,,,,,5.5465,,ok,0.3661
229.9122,628,,,0.761,,,,,,233.1534,r1_measured_04857,read,measured,,,,,2.0416,,ok,0.3628
245.8355,675,,,0.6421,,,,,,249.4379,r1_measured_04858,read,measured,,,,,2.5206,,ok,0.36
243.9538,663,,,1.1112,,,,,,247.3863,r1_measured_04859,read,measured,,,,,1.2553,,ok,0.9984
219.6381,629,,,0.7297,,,,,,224.684,r1_measured_04860,read,measured,,,,,3.8571,,ok,0.3627
241.6926,680,,,1.8094,,,,,,248.1181,r1_measured_04861,read,measured,,,,,4.1479,,ok,0.3818
244.3008,681,,,0.5634,,,,,,250.7063,r1_measured_04862,read,measured,,,,,5.4205,,ok,0.3374
225.4057,629,,,0.7896,,,,,,230.1183,r1_measured_04863,read,measured,,,,,3.4973,,ok,0.3433
237.7561,629,,,0.8004,,,,,,240.2606,r1_measured_04864,read,measured,,,,,1.2706,,ok,0.3564
250.057,681,,,0.8669,,,,,,256.0818,r1_measured_04865,read,measured,,,,,4.6838,,ok,0.3829
282.3432,680,,,0.8203,,,,,,286.1473,r1_measured_04866,read,measured,,,,,2.5568,,ok,0.357
266.9288,675,,,0.7001,,,,,,271.63,r1_measured_04867,read,measured,,,,,3.5465,,ok,0.3669
209.5875,568,,,0.703,,,,,,216.6634,r1_measured_04868,read,measured,,,,,5.836,,ok,0.4476
144.7896,369,,,0.2948,,,,,,146.9624,r1_measured_04869,read,measured,,,,,1.4652,,ok,0.347
255.3246,663,,,0.7147,,,,,,258.293,r1_measured_04870,read,measured,,,,,1.8293,,ok,0.3455
162.6273,419,,,0.3634,,,,,,164.8968,r1_measured_04871,read,measured,,,,,1.4263,,ok,0.4051
313.6011,689,,,1.1005,,,,,,318.9342,r1_measured_04872,read,measured,,,,,3.7826,,ok,0.3744
295.7053,663,,,0.8614,,,,,,304.2838,r1_measured_04873,read,measured,,,,,7.2349,,ok,0.391
291.3275,629,,,0.6904,,,,,,294.0198,r1_measured_04874,read,measured,,,,,1.5366,,ok,0.3794
222.8507,509,,,1.7021,,,,,,227.6484,r1_measured_04875,read,measured,,,,,2.7159,,ok,0.3201
303.0403,681,,,0.7009,,,,,,308.1781,r1_measured_04876,read,measured,,,,,3.9303,,ok,0.4129
312.7711,680,,,0.8525,,,,,,317.2446,r1_measured_04877,read,measured,,,,,3.1292,,ok,0.3977
175.0235,369,,,0.5372,,,,,,177.3091,r1_measured_04878,read,measured,,,,,1.2828,,ok,0.3979
309.0849,681,,,0.9085,,,,,,315.8814,r1_measured_04879,read,measured,,,,,5.4059,,ok,0.3869
286.9856,663,,,0.8577,,,,,,294.1006,r1_measured_04880,read,measured,,,,,5.7729,,ok,0.4048
275.0499,681,,,0.6423,,,,,,278.2828,r1_measured_04881,read,measured,,,,,2.096,,ok,0.3765
276.5261,663,,,0.7057,,,,,,285.2346,r1_measured_04882,read,measured,,,,,7.5388,,ok,0.3838
291.2362,681,,,0.9487,,,,,,296.856,r1_measured_04883,read,measured,,,,,4.1461,,ok,0.4273
177.7308,419,,,0.3313,,,,,,180.0432,r1_measured_04884,read,measured,,,,,1.5089,,ok,0.3894
284.2801,681,,,0.7711,,,,,,288.5416,r1_measured_04885,read,measured,,,,,2.999,,ok,0.393
281.3334,680,,,0.6635,,,,,,285.4474,r1_measured_04886,read,measured,,,,,3.0038,,ok,0.3614
170.2415,419,,,0.3233,,,,,,172.5054,r1_measured_04887,read,measured,,,,,1.5224,,ok,0.3484
271.0653,675,,,0.6321,,,,,,276.198,r1_measured_04888,read,measured,,,,,4.0578,,ok,0.3583
259.1764,675,,,0.6753,,,,,,265.7388,r1_measured_04889,read,measured,,,,,5.4376,,ok,0.363
226.8483,568,,,0.653,,,,,,230.9671,r1_measured_04890,read,measured,,,,,3.0438,,ok,0.341
247.3119,663,,,0.662,,,,,,253.1213,r1_measured_04891,read,measured,,,,,4.6546,,ok,0.4143
190.0594,509,,,0.6206,,,,,,194.219,r1_measured_04892,read,measured,,,,,3.1328,,ok,0.3428
246.993,663,,,1.0397,,,,,,253.9259,r1_measured_04893,read,measured,,,,,5.3604,,ok,0.4063
251.8548,681,,,0.6559,,,,,,258.176,r1_measured_04894,read,measured,,,,,5.1972,,ok,0.3806
240.2778,629,,,0.7124,,,,,,246.6677,r1_measured_04895,read,measured,,,,,5.2115,,ok,0.3842
147.1559,369,,,0.3452,,,,,,149.5915,r1_measured_04896,read,measured,,,,,1.6181,,ok,0.4119
236.4342,629,,,0.8512,,,,,,243.8415,r1_measured_04897,read,measured,,,,,6.0975,,ok,0.3673
255.46,681,,,0.6118,,,,,,261.2144,r1_measured_04898,read,measured,,,,,4.6805,,ok,0.3724
254.599,680,,,1.5024,,,,,,259.1174,r1_measured_04899,read,measured,,,,,2.5971,,ok,0.3505
255.8265,680,,,0.8203,,,,,,261.8458,r1_measured_04900,read,measured,,,,,4.7569,,ok,0.3612
185.5059,509,,,0.7923,,,,,,188.1549,r1_measured_04901,read,measured,,,,,1.4435,,ok,0.351
278.9163,680,,,0.5945,,,,,,283.1261,r1_measured_04902,read,measured,,,,,3.1977,,ok,0.3429
287.8152,680,,,0.5314,,,,,,293.503,r1_measured_04903,read,measured,,,,,4.7469,,ok,0.3337
220.0844,509,,,0.6523,,,,,,225.1093,r1_measured_04904,read,measured,,,,,3.9371,,ok,0.363
258.8389,628,,,0.807,,,,,,264.214,r1_measured_04905,read,measured,,,,,4.1016,,ok,0.3733
407.5304,681,253.1695,11.9798,0.8426,59.0337,0,11.9781,1,47.562,412.8682,r1_measured_04906,update,measured,35.5822,5.3378,1,19.4568,4.0499,28.3084,ok,0.3594
183.3962,419,,,0.2962,,,,,,186.546,r1_measured_04907,read,measured,,,,,2.4555,,ok,0.3346
245.8259,629,,,0.5702,,,,,,249.0853,r1_measured_04908,read,measured,,,,,2.2764,,ok,0.336
157.968,369,,,0.2604,,,,,,160.2809,r1_measured_04909,read,measured,,,,,1.6409,,ok,0.3399
236.4715,675,,,0.8656,,,,,,240.4653,r1_measured_04910,read,measured,,,,,2.7021,,ok,0.3536
207.3775,568,,,0.5457,,,,,,210.0572,r1_measured_04911,read,measured,,,,,1.6908,,ok,0.3673
241.7193,663,,,0.6318,,,,,,248.3009,r1_measured_04912,read,measured,,,,,5.53,,ok,0.3404
203.4269,568,,,0.7154,,,,,,209.7987,r1_measured_04913,read,measured,,,,,5.2352,,ok,0.3422
132.186,369,,,0.2697,,,,,,134.1332,r1_measured_04914,read,measured,,,,,1.1338,,ok,0.4772
259.5184,680,,,0.7703,,,,,,265.121,r1_measured_04915,read,measured,,,,,4.3827,,ok,0.36
240.1077,663,,,0.5258,,,,,,245.2976,r1_measured_04916,read,measured,,,,,4.19,,ok,0.3801
248.3464,681,,,0.5085,,,,,,251.7821,r1_measured_04917,read,measured,,,,,2.5107,,ok,0.3433
254.2342,681,,,0.6401,,,,,,260.0942,r1_measured_04918,read,measured,,,,,4.7836,,ok,0.3514
261.8074,681,,,0.8035,,,,,,267.0228,r1_measured_04919,read,measured,,,,,3.7548,,ok,0.5516
326.6345,663,,,0.6032,,,,,,341.0903,r1_measured_04920,read,measured,,,,,13.4273,,ok,0.3545
176.9668,509,,,0.703,,,,,,179.8709,r1_measured_04921,read,measured,,,,,1.7561,,ok,0.3708
218.4813,568,,,0.7644,,,,,,222.8629,r1_measured_04922,read,measured,,,,,3.0558,,ok,0.4654
298.1793,628,,,0.6848,,,,,,303.1294,r1_measured_04923,read,measured,,,,,3.8249,,ok,0.3657
297.8757,629,,,0.504,,,,,,302.5891,r1_measured_04924,read,measured,,,,,3.781,,ok,0.3518
433.0473,680,242.7322,9.3708,0.7702,94.3847,0,9.3684,1,45.5485,437.2047,r1_measured_04925,update,measured,36.1777,4.1574,1,14.7341,2.9409,35.6478,ok,0.3625
301.1523,629,,,0.7718,,,,,,307.9945,r1_measured_04926,read,measured,,,,,5.5771,,ok,0.3945
431.9888,689,253.508,6.6162,0.5941,73.9132,1,6.6145,1,64.1661,437.3753,r1_measured_04927,update,measured,57.5499,5.3865,1,14.5996,4.3778,25.8019,ok,0.3456
423.6846,689,257.9826,7.074,0.7563,52.1282,1,7.0718,1,46.266,432.5291,r1_measured_04928,update,measured,39.192,8.8445,1,41.0416,7.658,26.2662,ok,0.3508
306.6431,680,,,0.6684,,,,,,308.7028,r1_measured_04929,read,measured,,,,,0.9557,,ok,0.3585
222.0051,675,,,0.718,,,,,,228.479,r1_measured_04930,read,measured,,,,,5.3031,,ok,0.3628
237.5196,663,,,0.5376,,,,,,242.0603,r1_measured_04931,read,measured,,,,,3.5563,,ok,0.3688
246.5575,663,,,1.0432,,,,,,254.0272,r1_measured_04932,read,measured,,,,,5.9683,,ok,0.3723
243.9184,629,,,0.7376,,,,,,248.6121,r1_measured_04933,read,measured,,,,,3.4901,,ok,0.3831
264.4701,681,,,0.7551,,,,,,268.8481,r1_measured_04934,read,measured,,,,,3.1779,,ok,0.3598
266.1112,689,,,0.6064,,,,,,274.5531,r1_measured_04935,read,measured,,,,,7.3943,,ok,0.3622
167.0159,419,,,0.3382,,,,,,169.3909,r1_measured_04936,read,measured,,,,,1.6114,,ok,0.3577
209.7913,568,,,0.5113,,,,,,213.266,r1_measured_04937,read,measured,,,,,2.5637,,ok,0.3348
257.8897,675,,,0.7927,,,,,,262.0122,r1_measured_04938,read,measured,,,,,2.7987,,ok,0.4403
255.6602,663,,,0.6321,,,,,,259.7252,r1_measured_04939,read,measured,,,,,2.9306,,ok,0.4192
162.0806,419,,,0.2832,,,,,,164.791,r1_measured_04940,read,measured,,,,,2.0228,,ok,0.3421
258.8977,689,,,0.7409,,,,,,262.2874,r1_measured_04941,read,measured,,,,,2.1756,,ok,0.3752
252.736,680,,,0.757,,,,,,259.2667,r1_measured_04942,read,measured,,,,,5.245,,ok,0.4187
288.2651,675,,,0.7265,,,,,,291.0044,r1_measured_04943,read,measured,,,,,1.5829,,ok,0.357
278.5338,689,,,0.6839,,,,,,282.4926,r1_measured_04944,read,measured,,,,,2.8445,,ok,0.3575
273.6939,663,,,0.5909,,,,,,281.312,r1_measured_04945,read,measured,,,,,6.6013,,ok,0.3508
244.0576,568,,,0.5785,,,,,,247.0546,r1_measured_04946,read,measured,,,,,1.9592,,ok,0.37
270.2251,680,,,0.7723,,,,,,278.5099,r1_measured_04947,read,measured,,,,,7.0696,,ok,0.3589
236.3989,568,,,0.8244,,,,,,239.5959,r1_measured_04948,read,measured,,,,,1.9224,,ok,0.3658
409.2712,629,271.0305,6.1125,0.6263,55.6908,1,6.1108,1,30.3129,415.1636,r1_measured_04949,update,measured,24.2004,5.8924,1,26.565,4.8195,25.672,ok,0.3647
305.5937,629,,,0.5425,,,,,,311.1403,r1_measured_04950,read,measured,,,,,4.4997,,ok,0.4057
298.4047,689,,,0.7103,,,,,,302.5953,r1_measured_04951,read,measured,,,,,2.9806,,ok,0.3882
223.7302,509,,,0.52,,,,,,229.3492,r1_measured_04952,read,measured,,,,,4.6461,,ok,0.3592
225.026,509,,,0.5141,,,,,,229.7452,r1_measured_04953,read,measured,,,,,3.7598,,ok,0.3778
195.9327,419,,,0.4194,,,,,,198.1953,r1_measured_04954,read,measured,,,,,1.2501,,ok,0.4816
182.0763,369,,,0.2562,,,,,,184.1808,r1_measured_04955,read,measured,,,,,1.454,,ok,0.3384
288.0766,689,,,1.0692,,,,,,290.4462,r1_measured_04956,read,measured,,,,,0.8234,,ok,0.3822
141.0426,369,,,0.3078,,,,,,143.9365,r1_measured_04957,read,measured,,,,,2.1533,,ok,0.3591
249.0285,629,,,0.6324,,,,,,255.5692,r1_measured_04958,read,measured,,,,,5.4627,,ok,0.3652
163.5738,419,,,0.3552,,,,,,165.339,r1_measured_04959,read,measured,,,,,0.9702,,ok,0.367
229.6363,629,,,1.0335,,,,,,237.2825,r1_measured_04960,read,measured,,,,,6.11,,ok,0.4064
166.8914,419,,,0.3587,,,,,,168.9871,r1_measured_04961,read,measured,,,,,1.281,,ok,0.3772
245.8128,680,,,0.6671,,,,,,252.1227,r1_measured_04962,read,measured,,,,,5.1491,,ok,0.4018
243.66,663,,,0.6711,,,,,,247.1915,r1_measured_04963,read,measured,,,,,2.3916,,ok,0.3774
253.2954,681,,,0.7014,,,,,,257.6636,r1_measured_04964,read,measured,,,,,3.1346,,ok,0.4201
262.0784,681,,,0.7397,,,,,,264.8601,r1_measured_04965,read,measured,,,,,1.555,,ok,0.3952
211.5226,568,,,1.3696,,,,,,215.4355,r1_measured_04966,read,measured,,,,,2.077,,ok,0.381
158.304,419,,,0.3035,,,,,,160.5149,r1_measured_04967,read,measured,,,,,1.468,,ok,0.3738
248.8363,675,,,0.7475,,,,,,252.7958,r1_measured_04968,read,measured,,,,,2.7941,,ok,0.3447
239.8896,629,,,0.6251,,,,,,242.2757,r1_measured_04969,read,measured,,,,,1.2263,,ok,0.4372
254.7151,681,,,0.6737,,,,,,258.1455,r1_measured_04970,read,measured,,,,,2.3014,,ok,0.3681
245.6059,675,,,0.7109,,,,,,250.1336,r1_measured_04971,read,measured,,,,,3.3516,,ok,0.3816
249.367,675,,,0.6803,,,,,,251.8718,r1_measured_04972,read,measured,,,,,1.3552,,ok,0.3753
260.43,680,,,0.609,,,,,,265.6407,r1_measured_04973,read,measured,,,,,4.159,,ok,0.3626
254.2865,689,,,0.6197,,,,,,264.6438,r1_measured_04974,read,measured,,,,,9.2323,,ok,0.4132
224.3517,629,,,0.622,,,,,,230.5966,r1_measured_04975,read,measured,,,,,5.143,,ok,0.379
238.4195,629,,,0.7436,,,,,,240.8463,r1_measured_04976,read,measured,,,,,1.1664,,ok,0.4299
157.1022,419,,,0.3426,,,,,,160.0514,r1_measured_04977,read,measured,,,,,2.1551,,ok,0.3777
248.5028,629,,,0.8432,,,,,,253.5025,r1_measured_04978,read,measured,,,,,3.5552,,ok,0.5007
217.3048,568,,,0.6344,,,,,,222.2311,r1_measured_04979,read,measured,,,,,3.8506,,ok,0.3609
144.3971,369,,,0.273,,,,,,146.4995,r1_measured_04980,read,measured,,,,,1.4241,,ok,0.347
262.5577,689,,,0.885,,,,,,268.0387,r1_measured_04981,read,measured,,,,,4.1336,,ok,0.3712
201.6042,509,,,0.6031,,,,,,207.8121,r1_measured_04982,read,measured,,,,,5.1234,,ok,0.3879
251.9154,689,,,0.7776,,,,,,256.8797,r1_measured_04983,read,measured,,,,,3.7206,,ok,0.3804
199.9973,568,,,0.686,,,,,,206.6515,r1_measured_04984,read,measured,,,,,5.523,,ok,0.3587
256.3219,675,,,1.4858,,,,,,262.9178,r1_measured_04985,read,measured,,,,,4.6563,,ok,0.3619
252.3936,675,,,0.5758,,,,,,255.393,r1_measured_04986,read,measured,,,,,1.9092,,ok,0.4394
194.9814,509,,,0.4762,,,,,,202.861,r1_measured_04987,read,measured,,,,,6.9905,,ok,0.348
159.2726,419,,,0.3611,,,,,,161.1963,r1_measured_04988,read,measured,,,,,1.1198,,ok,0.367
164.3212,419,,,0.4014,,,,,,166.2763,r1_measured_04989,read,measured,,,,,1.1038,,ok,0.3732
249.3729,680,,,0.8087,,,,,,254.7401,r1_measured_04990,read,measured,,,,,4.062,,ok,0.3975
185.4121,509,,,0.6219,,,,,,190.3485,r1_measured_04991,read,measured,,,,,3.8617,,ok,0.3741
209.1357,568,,,1.5014,,,,,,213.5754,r1_measured_04992,read,measured,,,,,2.4557,,ok,0.3896
192.3476,509,,,0.5958,,,,,,198.7345,r1_measured_04993,read,measured,,,,,5.3195,,ok,0.3889
215.7619,629,,,0.5714,,,,,,220.1419,r1_measured_04994,read,measured,,,,,3.371,,ok,0.3573
180.6815,509,,,0.5633,,,,,,188.0015,r1_measured_04995,read,measured,,,,,6.2972,,ok,0.3826
208.0381,629,,,0.5376,,,,,,211.6308,r1_measured_04996,read,measured,,,,,2.6073,,ok,0.3656
210.1204,681,,,1.0857,,,,,,212.965,r1_measured_04997,read,measured,,,,,1.2722,,ok,0.3933
146.5777,568,,,0.5292,,,,,,148.1077,r1_measured_04998,read,measured,,,,,0.5808,,ok,0.3508
105.0881,369,,,0.3152,,,,,,106.8528,r1_measured_04999,read,measured,,,,,1.0318,,ok,0.3501
