backend_ms,candidate_count,candidate_fetch_ms,commit_ms,dense_scoring_ms,dense_upsert_ms,fresh_hit_at_10,full_write_ack_call_ms,graph_projection_ok,graph_visible_ms,latency_ms,op_id,op_type,phase,projection_fetch_ms,ranking_ms,relation_candidate_ok,relation_check_ms,sparse_scoring_ms,sparse_upsert_ms,status,zscore_fusion_ms
104.0717,660,,,0.7076,,,,,,105.9994,r0_measured_00000,read,measured,,,,,0.738,,ok,0.4065
14.0583,674,,,0.5658,,,,,,15.7889,r0_measured_00001,read,measured,,,,,0.715,,ok,0.3695
14.1945,663,,,0.7366,,,,,,16.414,r0_measured_00002,read,measured,,,,,0.9165,,ok,0.4666
14.1995,626,,,0.7893,,,,,,16.6523,r0_measured_00003,read,measured,,,,,0.656,,ok,0.9016
11.9244,565,,,0.5501,,,,,,13.5376,r0_measured_00004,read,measured,,,,,0.6387,,ok,0.3486
14.5409,663,,,0.6483,,,,,,16.3246,r0_measured_00005,read,measured,,,,,0.6543,,ok,0.3916
13.6246,663,,,0.687,,,,,,15.6379,r0_measured_00006,read,measured,,,,,0.8191,,ok,0.422
10.0226,418,,,0.3498,,,,,,11.5077,r0_measured_00007,read,measured,,,,,0.6486,,ok,0.4175
11.6305,565,,,0.9892,,,,,,14.2194,r0_measured_00008,read,measured,,,,,0.636,,ok,0.8886
14.9362,661,,,0.7157,,,,,,16.965,r0_measured_00009,read,measured,,,,,0.8166,,ok,0.3881
14.2592,662,,,0.6295,,,,,,16.1711,r0_measured_00010,read,measured,,,,,0.8115,,ok,0.3907
14.5216,685,,,0.6422,,,,,,16.3627,r0_measured_00011,read,measured,,,,,0.7316,,ok,0.3819
13.1424,565,,,0.5682,,,,,,14.89,r0_measured_00012,read,measured,,,,,0.6732,,ok,0.4247
10.3586,418,,,0.3092,,,,,,11.6928,r0_measured_00013,read,measured,,,,,0.5424,,ok,0.4156
14.5648,678,,,0.5537,,,,,,16.2956,r0_measured_00014,read,measured,,,,,0.7024,,ok,0.3904
82.7815,681,16.8431,7.7503,0.8078,2.7317,1,7.7485,1,25.7919,84.9002,r0_measured_00015,update,measured,18.0416,2.1187,1,13.3344,0.7335,24.0804,ok,0.4681
13.1304,567,,,0.5291,,,,,,14.7367,r0_measured_00016,read,measured,,,,,0.6197,,ok,0.3832
14.5404,685,,,0.6731,,,,,,16.3514,r0_measured_00017,read,measured,,,,,0.68,,ok,0.3693
14.2647,680,,,0.6749,,,,,,16.0826,r0_measured_00018,read,measured,,,,,0.6836,,ok,0.3721
12.4462,564,,,0.6154,,,,,,14.347,r0_measured_00019,read,measured,,,,,0.7532,,ok,0.4367
14.9762,687,,,0.6716,,,,,,17.0136,r0_measured_00020,read,measured,,,,,0.7651,,ok,0.5043
13.2169,565,,,0.6355,,,,,,14.9298,r0_measured_00021,read,measured,,,,,0.6365,,ok,0.3699
14.536,688,,,0.6567,,,,,,16.5302,r0_measured_00022,read,measured,,,,,0.7976,,ok,0.449
15.5426,628,,,0.743,,,,,,17.5078,r0_measured_00023,read,measured,,,,,0.7289,,ok,0.4016
73.2237,367,10.2441,10.8118,0.2472,1.4368,0,10.8099,1,32.1221,74.4115,r0_measured_00024,update,measured,21.3103,1.1878,1,15.8656,0.5101,13.5551,ok,0.3679
14.1478,678,,,0.6089,,,,,,15.924,r0_measured_00025,read,measured,,,,,0.6941,,ok,0.3902
10.1742,418,,,0.2838,,,,,,11.4787,r0_measured_00026,read,measured,,,,,0.5733,,ok,0.3676
14.5096,680,,,0.5875,,,,,,16.2304,r0_measured_00027,read,measured,,,,,0.6715,,ok,0.3808
10.4617,415,,,0.3208,,,,,,11.8237,r0_measured_00028,read,measured,,,,,0.584,,ok,0.384
15.8662,662,,,0.701,,,,,,17.7848,r0_measured_00029,read,measured,,,,,0.7563,,ok,0.3789
16.8188,680,,,0.7393,,,,,,18.8807,r0_measured_00030,read,measured,,,,,0.7957,,ok,0.4171
11.9448,419,,,0.3206,,,,,,13.3177,r0_measured_00031,read,measured,,,,,0.5904,,ok,0.3912
16.5481,663,,,0.6322,,,,,,18.2271,r0_measured_00032,read,measured,,,,,0.5514,,ok,0.4105
15.4842,689,,,0.6865,,,,,,17.5371,r0_measured_00033,read,measured,,,,,0.8372,,ok,0.4334
14.8869,680,,,0.6214,,,,,,16.6574,r0_measured_00034,read,measured,,,,,0.694,,ok,0.3726
14.2044,675,,,0.6429,,,,,,15.9333,r0_measured_00035,read,measured,,,,,0.639,,ok,0.3644
14.9049,681,,,0.684,,,,,,16.9249,r0_measured_00036,read,measured,,,,,0.7989,,ok,0.4455
16.0364,678,,,0.7016,,,,,,18.0749,r0_measured_00037,read,measured,,,,,0.8148,,ok,0.4295
15.2573,680,,,0.6097,,,,,,16.9828,r0_measured_00038,read,measured,,,,,0.6412,,ok,0.3887
14.1459,675,,,0.8713,,,,,,16.5272,r0_measured_00039,read,measured,,,,,0.9536,,ok,0.4522
15.344,674,,,0.7183,,,,,,17.1348,r0_measured_00040,read,measured,,,,,0.621,,ok,0.3732
13.8558,675,,,0.6711,,,,,,15.6911,r0_measured_00041,read,measured,,,,,0.6688,,ok,0.4084
12.0882,506,,,0.5259,,,,,,13.671,r0_measured_00042,read,measured,,,,,0.6272,,ok,0.3632
12.702,563,,,0.5532,,,,,,14.4349,r0_measured_00043,read,measured,,,,,0.7024,,ok,0.3927
16.242,657,,,0.5552,,,,,,17.9282,r0_measured_00044,read,measured,,,,,0.7209,,ok,0.3338
15.5185,675,,,0.5681,,,,,,17.1934,r0_measured_00045,read,measured,,,,,0.7051,,ok,0.3228
9.0889,418,,,0.3295,,,,,,10.5282,r0_measured_00046,read,measured,,,,,0.6335,,ok,0.4037
12.9789,509,,,0.7065,,,,,,14.9441,r0_measured_00047,read,measured,,,,,0.7345,,ok,0.4368
12.0689,508,,,0.4897,,,,,,13.6214,r0_measured_00048,read,measured,,,,,0.6275,,ok,0.3607
13.3081,675,,,0.6271,,,,,,15.1975,r0_measured_00049,read,measured,,,,,0.7519,,ok,0.4252
16.8249,676,,,0.5946,,,,,,18.4835,r0_measured_00050,read,measured,,,,,0.6237,,ok,0.3615
12.7646,661,,,0.5253,,,,,,14.3561,r0_measured_00051,read,measured,,,,,0.6233,,ok,0.3605
8.8454,368,,,0.2788,,,,,,10.1368,r0_measured_00052,read,measured,,,,,0.5381,,ok,0.3943
14.1984,663,,,0.673,,,,,,15.946,r0_measured_00053,read,measured,,,,,0.6533,,ok,0.3406
25.1955,680,,,0.6074,,,,,,26.8453,r0_measured_00054,read,measured,,,,,0.6216,,ok,0.3409
15.1496,565,,,0.6339,,,,,,16.8816,r0_measured_00055,read,measured,,,,,0.6358,,ok,0.3758
13.2164,508,,,0.5825,,,,,,14.806,r0_measured_00056,read,measured,,,,,0.5661,,ok,0.3694
13.4521,657,,,0.6323,,,,,,15.3437,r0_measured_00057,read,measured,,,,,0.765,,ok,0.3985
16.4003,680,,,0.6219,,,,,,18.1622,r0_measured_00058,read,measured,,,,,0.6815,,ok,0.3723
15.4385,680,,,0.7072,,,,,,17.4468,r0_measured_00059,read,measured,,,,,0.7916,,ok,0.4128
15.5762,680,,,0.6622,,,,,,17.3946,r0_measured_00060,read,measured,,,,,0.6547,,ok,0.4175
14.4677,626,,,0.6266,,,,,,16.3186,r0_measured_00061,read,measured,,,,,0.7287,,ok,0.4138
11.0626,417,,,0.3384,,,,,,12.5039,r0_measured_00062,read,measured,,,,,0.6235,,ok,0.4062
10.6182,418,,,0.3339,,,,,,12.0562,r0_measured_00063,read,measured,,,,,0.5669,,ok,0.4669
13.8392,680,,,0.644,,,,,,15.6545,r0_measured_00064,read,measured,,,,,0.708,,ok,0.3727
10.0602,507,,,0.4674,,,,,,11.4728,r0_measured_00065,read,measured,,,,,0.5266,,ok,0.3532
8.6549,415,,,0.2629,,,,,,9.9238,r0_measured_00066,read,measured,,,,,0.5146,,ok,0.4208
9.9464,419,,,0.3799,,,,,,11.5088,r0_measured_00067,read,measured,,,,,0.705,,ok,0.4006
9.2671,367,,,0.2502,,,,,,10.4391,r0_measured_00068,read,measured,,,,,0.502,,ok,0.3594
8.4211,369,,,0.2361,,,,,,9.5145,r0_measured_00069,read,measured,,,,,0.4674,,ok,0.3343
82.9692,677,15.5508,7.0326,0.621,2.5798,1,7.031,1,30.0423,84.701,r0_measured_00070,update,measured,23.0097,1.7318,1,13.1004,0.6561,21.6959,ok,0.3659
14.2788,663,,,0.6466,,,,,,16.225,r0_measured_00071,read,measured,,,,,0.7645,,ok,0.4514
14.9467,677,,,1.0341,,,,,,17.568,r0_measured_00072,read,measured,,,,,0.6375,,ok,0.8351
14.5611,680,,,0.6098,,,,,,16.331,r0_measured_00073,read,measured,,,,,0.6512,,ok,0.4177
12.7579,509,,,0.5222,,,,,,14.3428,r0_measured_00074,read,measured,,,,,0.6091,,ok,0.3753
13.5319,629,,,0.5357,,,,,,15.1693,r0_measured_00075,read,measured,,,,,0.6321,,ok,0.3756
17.401,689,,,0.623,,,,,,19.2978,r0_measured_00076,read,measured,,,,,0.7993,,ok,0.3834
14.8008,674,,,0.6538,,,,,,16.6275,r0_measured_00077,read,measured,,,,,0.6825,,ok,0.4023
12.4286,508,,,0.5596,,,,,,14.156,r0_measured_00078,read,measured,,,,,0.6933,,ok,0.3962
14.6032,629,,,0.5627,,,,,,16.3116,r0_measured_00079,read,measured,,,,,0.7205,,ok,0.3532
10.4178,418,,,0.4238,,,,,,11.9087,r0_measured_00080,read,measured,,,,,0.6097,,ok,0.3825
13.8639,663,,,0.6452,,,,,,15.6426,r0_measured_00081,read,measured,,,,,0.7002,,ok,0.3556
17.205,680,,,0.6655,,,,,,19.1079,r0_measured_00082,read,measured,,,,,0.7492,,ok,0.3957
15.282,688,,,0.6772,,,,,,17.1927,r0_measured_00083,read,measured,,,,,0.7192,,ok,0.426
14.8331,680,,,0.6649,,,,,,16.7603,r0_measured_00084,read,measured,,,,,0.7888,,ok,0.3782
16.164,681,,,0.6076,,,,,,17.9032,r0_measured_00085,read,measured,,,,,0.6738,,ok,0.3746
13.2458,509,,,0.6834,,,,,,14.9937,r0_measured_00086,read,measured,,,,,0.6175,,ok,0.3691
21.3702,662,,,0.6603,,,,,,23.4018,r0_measured_00087,read,measured,,,,,0.8147,,ok,0.462
16.1588,680,,,0.612,,,,,,17.9725,r0_measured_00088,read,measured,,,,,0.7292,,ok,0.3792
10.3092,418,,,0.2667,,,,,,11.5403,r0_measured_00089,read,measured,,,,,0.5476,,ok,0.3535
12.4899,568,,,0.661,,,,,,14.2493,r0_measured_00090,read,measured,,,,,0.6302,,ok,0.3854
9.2901,368,,,0.247,,,,,,10.613,r0_measured_00091,read,measured,,,,,0.4914,,ok,0.5161
14.3134,685,,,0.5992,,,,,,16.1037,r0_measured_00092,read,measured,,,,,0.643,,ok,0.455
13.1152,565,,,0.5449,,,,,,14.8176,r0_measured_00093,read,measured,,,,,0.6659,,ok,0.4112
68.4544,509,15.5059,5.6089,0.447,2.0609,1,5.607,1,32.3932,69.82,r0_measured_00094,update,measured,26.7843,1.3656,1,0.0061,0.5157,18.4883,ok,0.3324
12.4195,679,,,0.6654,,,,,,14.5869,r0_measured_00095,read,measured,,,,,0.6744,,ok,0.7249
10.9061,418,,,0.3219,,,,,,12.2194,r0_measured_00096,read,measured,,,,,0.5454,,ok,0.3752
80.3762,688,15.9229,8.6162,0.6689,3.3514,0,8.6144,1,27.2663,82.3011,r0_measured_00097,update,measured,18.6501,1.9249,1,12.7225,0.7613,21.1131,ok,0.415
14.0634,680,,,0.5728,,,,,,15.7982,r0_measured_00098,read,measured,,,,,0.7505,,ok,0.3327
15.2942,657,,,0.7612,,,,,,17.4505,r0_measured_00099,read,measured,,,,,0.8188,,ok,0.4777
13.9405,509,,,0.5529,,,,,,15.6297,r0_measured_00100,read,measured,,,,,0.6285,,ok,0.4231
14.7606,629,,,0.5792,,,,,,16.406,r0_measured_00101,read,measured,,,,,0.6309,,ok,0.3599
13.085,673,,,0.5592,,,,,,14.7964,r0_measured_00102,read,measured,,,,,0.7212,,ok,0.3554
8.5349,367,,,0.2399,,,,,,9.7318,r0_measured_00103,read,measured,,,,,0.5072,,ok,0.3905
14.6197,689,,,0.6426,,,,,,16.4551,r0_measured_00104,read,measured,,,,,0.7005,,ok,0.4062
15.2117,680,,,0.7425,,,,,,17.1581,r0_measured_00105,read,measured,,,,,0.689,,ok,0.425
13.8863,662,,,0.5251,,,,,,15.6018,r0_measured_00106,read,measured,,,,,0.6908,,ok,0.4185
13.8655,627,,,0.5465,,,,,,15.4648,r0_measured_00107,read,measured,,,,,0.622,,ok,0.3544
13.3286,565,,,0.5923,,,,,,15.0181,r0_measured_00108,read,measured,,,,,0.6226,,ok,0.3888
13.8333,663,,,0.5884,,,,,,15.5244,r0_measured_00109,read,measured,,,,,0.6776,,ok,0.3456
11.0012,507,,,0.5443,,,,,,12.5679,r0_measured_00110,read,measured,,,,,0.6097,,ok,0.3474
14.9163,675,,,0.6429,,,,,,16.9071,r0_measured_00111,read,measured,,,,,0.8763,,ok,0.3815
17.093,674,,,0.5533,,,,,,18.7497,r0_measured_00112,read,measured,,,,,0.6665,,ok,0.3557
15.2349,678,,,0.6124,,,,,,17.0453,r0_measured_00113,read,measured,,,,,0.6882,,ok,0.4142
12.2592,418,,,0.3609,,,,,,13.717,r0_measured_00114,read,measured,,,,,0.6225,,ok,0.4046
79.3872,416,9.625,10.7316,0.3122,1.5471,1,10.7299,1,28.9723,80.6702,r0_measured_00115,update,measured,18.2407,1.283,1,24.0662,0.5514,15.1766,ok,0.3472
13.0912,674,,,0.553,,,,,,14.676,r0_measured_00116,read,measured,,,,,0.6107,,ok,0.3442
13.9245,662,,,0.6414,,,,,,15.9512,r0_measured_00117,read,measured,,,,,0.8417,,ok,0.4365
15.6455,628,,,0.6507,,,,,,17.4813,r0_measured_00118,read,measured,,,,,0.7249,,ok,0.3793
14.5002,660,,,0.6107,,,,,,16.4164,r0_measured_00119,read,measured,,,,,0.8409,,ok,0.3741
13.5529,626,,,0.575,,,,,,15.3191,r0_measured_00120,read,measured,,,,,0.7241,,ok,0.3895
14.2199,672,,,0.6561,,,,,,16.0623,r0_measured_00121,read,measured,,,,,0.71,,ok,0.3833
13.5268,627,,,0.5901,,,,,,15.2798,r0_measured_00122,read,measured,,,,,0.6253,,ok,0.4538
12.9413,628,,,0.5586,,,,,,14.5543,r0_measured_00123,read,measured,,,,,0.6396,,ok,0.3375
14.8639,685,,,0.9244,,,,,,17.2928,r0_measured_00124,read,measured,,,,,0.8588,,ok,0.5529
21.3044,688,,,0.7563,,,,,,23.3752,r0_measured_00125,read,measured,,,,,0.7905,,ok,0.4235
14.6126,419,,,0.3149,,,,,,16.0458,r0_measured_00126,read,measured,,,,,0.654,,ok,0.392
14.2777,418,,,0.3451,,,,,,15.6942,r0_measured_00127,read,measured,,,,,0.6036,,ok,0.3911
17.2311,505,,,0.6434,,,,,,18.9651,r0_measured_00128,read,measured,,,,,0.6293,,ok,0.3849
17.0162,675,,,0.6469,,,,,,18.8937,r0_measured_00129,read,measured,,,,,0.7721,,ok,0.3729
15.7351,679,,,0.678,,,,,,17.7284,r0_measured_00130,read,measured,,,,,0.8136,,ok,0.4129
9.6051,367,,,0.2712,,,,,,10.9332,r0_measured_00131,read,measured,,,,,0.5812,,ok,0.396
74.342,418,16.482,8.8195,0.3674,1.9235,0,8.8173,1,27.6662,75.9633,r0_measured_00132,update,measured,18.8467,1.6213,1,14.0983,0.6771,14.172,ok,0.4935
16.1162,563,,,0.6609,,,,,,18.1163,r0_measured_00133,read,measured,,,,,0.7917,,ok,0.4551
13.6493,565,,,0.5608,,,,,,15.2494,r0_measured_00134,read,measured,,,,,0.596,,ok,0.3651
14.4651,418,,,0.3158,,,,,,15.8761,r0_measured_00135,read,measured,,,,,0.6338,,ok,0.395
14.9165,419,,,0.3193,,,,,,16.1582,r0_measured_00136,read,measured,,,,,0.5126,,ok,0.3441
14.0365,563,,,0.4967,,,,,,15.4803,r0_measured_00137,read,measured,,,,,0.5548,,ok,0.3253
18.4956,672,,,0.695,,,,,,20.4268,r0_measured_00138,read,measured,,,,,0.7277,,ok,0.4141
15.9021,687,,,0.7798,,,,,,17.8911,r0_measured_00139,read,measured,,,,,0.7145,,ok,0.4036
10.5073,418,,,0.2921,,,,,,11.8106,r0_measured_00140,read,measured,,,,,0.5637,,ok,0.3801
14.1145,678,,,0.6114,,,,,,15.9355,r0_measured_00141,read,measured,,,,,0.7174,,ok,0.4103
14.9584,678,,,0.7533,,,,,,16.9397,r0_measured_00142,read,measured,,,,,0.7138,,ok,0.4247
87.3824,681,15.1766,8.4026,0.5951,2.6124,1,8.4009,1,26.5058,89.1183,r0_measured_00143,update,measured,18.1032,1.7359,1,19.9141,0.6847,23.1735,ok,0.369
12.2131,369,,,0.2339,,,,,,13.3186,r0_measured_00144,read,measured,,,,,0.4962,,ok,0.3177
21.4167,677,,,0.7571,,,,,,23.6153,r0_measured_00145,read,measured,,,,,0.8862,,ok,0.4483
18.0481,685,,,0.6134,,,,,,19.8621,r0_measured_00146,read,measured,,,,,0.7269,,ok,0.3879
14.7456,681,,,0.5507,,,,,,16.413,r0_measured_00147,read,measured,,,,,0.6834,,ok,0.3552
16.4195,680,,,0.4779,,,,,,17.8999,r0_measured_00148,read,measured,,,,,0.6135,,ok,0.3192
16.1121,688,,,0.5414,,,,,,17.7367,r0_measured_00149,read,measured,,,,,0.6414,,ok,0.3621
18.8583,688,,,0.9651,,,,,,21.5598,r0_measured_00150,read,measured,,,,,1.0274,,ok,0.5828
18.1412,628,,,0.7005,,,,,,20.1778,r0_measured_00151,read,measured,,,,,0.8147,,ok,0.4275
14.8773,509,,,0.5295,,,,,,16.4576,r0_measured_00152,read,measured,,,,,0.6141,,ok,0.355
14.9737,685,,,0.7657,,,,,,17.3944,r0_measured_00153,read,measured,,,,,1.0628,,ok,0.4776
17.3024,688,,,0.6562,,,,,,19.2439,r0_measured_00154,read,measured,,,,,0.8081,,ok,0.3881
13.508,681,,,0.6309,,,,,,15.2798,r0_measured_00155,read,measured,,,,,0.6434,,ok,0.4114
13.9158,685,,,0.6548,,,,,,15.8177,r0_measured_00156,read,measured,,,,,0.7566,,ok,0.403
85.1248,566,22.5109,8.1338,0.8201,1.9042,1,8.1316,1,24.7836,87.322,r0_measured_00157,update,measured,16.6498,2.1972,1,13.9141,0.8749,22.012,ok,0.4076
14.0065,663,,,0.6254,,,,,,15.7408,r0_measured_00158,read,measured,,,,,0.6563,,ok,0.3691
13.0379,567,,,0.6613,,,,,,14.9558,r0_measured_00159,read,measured,,,,,0.7518,,ok,0.4197
20.3124,688,,,0.6476,,,,,,22.3587,r0_measured_00160,read,measured,,,,,0.8666,,ok,0.4372
15.2368,626,,,0.5956,,,,,,17.0593,r0_measured_00161,read,measured,,,,,0.7319,,ok,0.4065
15.9576,680,,,0.6366,,,,,,17.646,r0_measured_00162,read,measured,,,,,0.6276,,ok,0.3454
12.5964,628,,,0.5299,,,,,,14.1961,r0_measured_00163,read,measured,,,,,0.6244,,ok,0.3685
14.0065,629,,,0.6749,,,,,,16.0079,r0_measured_00164,read,measured,,,,,0.7762,,ok,0.4497
15.0172,629,,,0.5787,,,,,,16.8128,r0_measured_00165,read,measured,,,,,0.727,,ok,0.4033
14.7356,678,,,0.6423,,,,,,16.4756,r0_measured_00166,read,measured,,,,,0.664,,ok,0.3571
17.4575,688,,,0.6256,,,,,,19.4456,r0_measured_00167,read,measured,,,,,0.8857,,ok,0.3915
60.8436,418,,,0.3229,,,,,,62.0787,r0_measured_00168,read,measured,,,,,0.4787,,ok,0.3727
14.9215,568,,,0.7044,,,,,,17.2098,r0_measured_00169,read,measured,,,,,0.949,,ok,0.5252
16.2351,628,,,0.5973,,,,,,18.2017,r0_measured_00170,read,measured,,,,,0.8064,,ok,0.4645
14.025,661,,,0.5535,,,,,,15.6874,r0_measured_00171,read,measured,,,,,0.6678,,ok,0.3595
13.7463,508,,,0.5425,,,,,,15.3649,r0_measured_00172,read,measured,,,,,0.634,,ok,0.3664
9.7253,418,,,0.2844,,,,,,10.9872,r0_measured_00173,read,measured,,,,,0.5591,,ok,0.3556
14.4846,674,,,0.6882,,,,,,16.4436,r0_measured_00174,read,measured,,,,,0.7586,,ok,0.4119
14.9335,675,,,0.5781,,,,,,16.7527,r0_measured_00175,read,measured,,,,,0.7648,,ok,0.3865
12.5913,418,,,0.3566,,,,,,13.9612,r0_measured_00176,read,measured,,,,,0.5685,,ok,0.3734
18.6613,685,,,0.7475,,,,,,20.6995,r0_measured_00177,read,measured,,,,,0.77,,ok,0.4186
15.2214,509,,,0.4643,,,,,,16.7388,r0_measured_00178,read,measured,,,,,0.6105,,ok,0.3657
8.3773,367,,,0.2544,,,,,,9.5902,r0_measured_00179,read,measured,,,,,0.5388,,ok,0.3555
14.894,688,,,0.6383,,,,,,16.7202,r0_measured_00180,read,measured,,,,,0.7298,,ok,0.3729
14.0382,685,,,0.585,,,,,,15.7644,r0_measured_00181,read,measured,,,,,0.6653,,ok,0.3905
15.5907,629,,,0.5435,,,,,,17.2608,r0_measured_00182,read,measured,,,,,0.6753,,ok,0.3686
13.5309,677,,,0.5323,,,,,,15.1973,r0_measured_00183,read,measured,,,,,0.6922,,ok,0.3645
8.9674,367,,,0.3481,,,,,,10.3475,r0_measured_00184,read,measured,,,,,0.5615,,ok,0.3895
15.6721,688,,,0.6081,,,,,,17.6193,r0_measured_00185,read,measured,,,,,0.8605,,ok,0.3828
15.3714,628,,,0.6038,,,,,,17.1364,r0_measured_00186,read,measured,,,,,0.6728,,ok,0.4046
8.9671,369,,,0.2611,,,,,,10.1704,r0_measured_00187,read,measured,,,,,0.5286,,ok,0.3506
12.9299,627,,,0.6474,,,,,,14.7423,r0_measured_00188,read,measured,,,,,0.6956,,ok,0.3821
18.3696,680,,,0.8155,,,,,,20.6496,r0_measured_00189,read,measured,,,,,0.791,,ok,0.5608
78.4285,565,17.2578,7.474,0.6275,2.21,1,7.4722,1,26.4222,80.1241,r0_measured_00190,update,measured,18.9482,1.6956,1,11.7918,0.6286,20.7467,ok,0.3688
12.9988,628,,,0.6433,,,,,,14.9466,r0_measured_00191,read,measured,,,,,0.8271,,ok,0.3898
12.4455,567,,,0.5577,,,,,,14.0663,r0_measured_00192,read,measured,,,,,0.6228,,ok,0.3663
13.857,674,,,0.6237,,,,,,15.6293,r0_measured_00193,read,measured,,,,,0.6828,,ok,0.3823
14.2074,676,,,0.6851,,,,,,16.1693,r0_measured_00194,read,measured,,,,,0.7948,,ok,0.4
13.3143,626,,,0.644,,,,,,15.1004,r0_measured_00195,read,measured,,,,,0.6669,,ok,0.387
69.3595,686,16.4153,5.0069,0.6736,2.4049,0,5.0051,1,25.127,71.3466,r0_measured_00196,update,measured,20.1201,1.9871,1,0.0058,0.7695,25.4065,ok,0.4533
17.8867,677,,,0.6581,,,,,,19.7348,r0_measured_00197,read,measured,,,,,0.7064,,ok,0.3984
14.9582,685,,,0.6332,,,,,,16.7371,r0_measured_00198,read,measured,,,,,0.6795,,ok,0.3823
14.2954,674,,,0.6294,,,,,,16.2262,r0_measured_00199,read,measured,,,,,0.7878,,ok,0.4196
10.2318,365,,,0.3392,,,,,,11.5622,r0_measured_00200,read,measured,,,,,0.5423,,ok,0.3824
15.2526,677,,,0.6536,,,,,,17.3646,r0_measured_00201,read,measured,,,,,0.8882,,ok,0.475
16.8248,680,,,0.6935,,,,,,18.8936,r0_measured_00202,read,measured,,,,,0.8366,,ok,0.4417
16.3901,685,,,0.6044,,,,,,18.2648,r0_measured_00203,read,measured,,,,,0.7661,,ok,0.4154
15.6835,663,,,0.9235,,,,,,17.9793,r0_measured_00204,read,measured,,,,,0.791,,ok,0.4766
93.1958,673,17.7275,9.8844,0.665,2.7529,1,9.8825,1,31.2489,95.1572,r0_measured_00205,update,measured,21.3645,1.9614,1,16.4914,0.8123,24.9751,ok,0.3953
15.9927,626,,,0.6823,,,,,,17.9794,r0_measured_00206,read,measured,,,,,0.7846,,ok,0.4239
16.3773,506,,,0.7761,,,,,,18.3558,r0_measured_00207,read,measured,,,,,0.6711,,ok,0.4463
15.4618,567,,,0.8587,,,,,,17.6645,r0_measured_00208,read,measured,,,,,0.8108,,ok,0.4458
98.473,674,18.236,8.5932,0.8327,3.1913,0,8.5911,1,32.0629,100.8194,r0_measured_00209,update,measured,23.4697,2.3464,1,18.5407,0.9268,26.4421,ok,0.4634
11.138,367,,,0.2956,,,,,,12.499,r0_measured_00210,read,measured,,,,,0.6058,,ok,0.3892
15.4604,674,,,0.7751,,,,,,17.6945,r0_measured_00211,read,measured,,,,,0.8998,,ok,0.4488
15.1529,679,,,0.66,,,,,,17.034,r0_measured_00212,read,measured,,,,,0.7145,,ok,0.4081
14.5223,626,,,0.6825,,,,,,16.6054,r0_measured_00213,read,measured,,,,,0.8263,,ok,0.4687
15.4634,565,,,0.7329,,,,,,17.4622,r0_measured_00214,read,measured,,,,,0.7673,,ok,0.4146
15.9785,675,,,0.7539,,,,,,18.2906,r0_measured_00215,read,measured,,,,,1.0157,,ok,0.4265
14.2648,565,,,0.6177,,,,,,16.1515,r0_measured_00216,read,measured,,,,,0.7524,,ok,0.4267
13.4841,565,,,0.6422,,,,,,15.4471,r0_measured_00217,read,measured,,,,,0.7891,,ok,0.4371
11.0507,418,,,0.3366,,,,,,12.4654,r0_measured_00218,read,measured,,,,,0.6105,,ok,0.3965
14.5993,679,,,0.5891,,,,,,16.4019,r0_measured_00219,read,measured,,,,,0.7505,,ok,0.3784
11.7336,506,,,0.5358,,,,,,13.4056,r0_measured_00220,read,measured,,,,,0.6243,,ok,0.4311
10.606,418,,,0.3636,,,,,,12.2128,r0_measured_00221,read,measured,,,,,0.7094,,ok,0.4474
14.6961,565,,,0.7598,,,,,,16.8229,r0_measured_00222,read,measured,,,,,0.812,,ok,0.4501
15.7384,688,,,0.7183,,,,,,17.8158,r0_measured_00223,read,measured,,,,,0.8406,,ok,0.4192
15.5486,685,,,0.7032,,,,,,17.6422,r0_measured_00224,read,measured,,,,,0.8879,,ok,0.3988
12.7444,509,,,0.8298,,,,,,15.3711,r0_measured_00225,read,measured,,,,,0.7669,,ok,0.9259
16.8591,674,,,0.774,,,,,,18.9859,r0_measured_00226,read,measured,,,,,0.7926,,ok,0.4525
16.0445,673,,,0.8258,,,,,,18.3685,r0_measured_00227,read,measured,,,,,0.9385,,ok,0.4552
13.1939,508,,,0.5887,,,,,,14.995,r0_measured_00228,read,measured,,,,,0.6983,,ok,0.4309
12.6724,508,,,0.5395,,,,,,14.4103,r0_measured_00229,read,measured,,,,,0.6987,,ok,0.4194
11.8338,508,,,0.6035,,,,,,13.6313,r0_measured_00230,read,measured,,,,,0.698,,ok,0.3893
13.1991,568,,,0.6059,,,,,,15.1197,r0_measured_00231,read,measured,,,,,0.8154,,ok,0.4108
15.1578,677,,,0.7046,,,,,,17.1941,r0_measured_00232,read,measured,,,,,0.8406,,ok,0.3985
15.0698,661,,,0.6986,,,,,,17.0266,r0_measured_00233,read,measured,,,,,0.7481,,ok,0.4209
10.545,418,,,0.3155,,,,,,11.9588,r0_measured_00234,read,measured,,,,,0.6359,,ok,0.3881
12.2541,507,,,0.5037,,,,,,13.9273,r0_measured_00235,read,measured,,,,,0.7003,,ok,0.3903
15.2808,689,,,0.7127,,,,,,17.4595,r0_measured_00236,read,measured,,,,,0.8778,,ok,0.4783
16.3489,679,,,0.6643,,,,,,18.2846,r0_measured_00237,read,measured,,,,,0.7756,,ok,0.3989
11.4613,506,,,0.4947,,,,,,13.1142,r0_measured_00238,read,measured,,,,,0.6761,,ok,0.393
14.0134,660,,,0.6129,,,,,,15.9093,r0_measured_00239,read,measured,,,,,0.7954,,ok,0.4019
14.9088,661,,,0.6804,,,,,,16.9674,r0_measured_00240,read,measured,,,,,0.8436,,ok,0.4433
82.9658,680,14.6084,10.7671,0.6824,2.6251,0,10.7653,1,33.3696,84.8542,r0_measured_00241,update,measured,22.6025,1.8884,1,12.5138,0.7244,19.8489,ok,0.3887
13.8642,679,,,0.5821,,,,,,15.6844,r0_measured_00242,read,measured,,,,,0.6924,,ok,0.4344
24.9901,687,,,0.6754,,,,,,26.8669,r0_measured_00243,read,measured,,,,,0.7291,,ok,0.3845
16.4348,685,,,0.788,,,,,,18.4884,r0_measured_00244,read,measured,,,,,0.7532,,ok,0.4096
10.2846,418,,,0.2959,,,,,,11.5448,r0_measured_00245,read,measured,,,,,0.5453,,ok,0.3541
13.1082,680,,,0.6352,,,,,,15.033,r0_measured_00246,read,measured,,,,,0.8125,,ok,0.3794
12.6358,565,,,0.5579,,,,,,14.4208,r0_measured_00247,read,measured,,,,,0.7193,,ok,0.4235
14.7936,662,,,0.6391,,,,,,16.6112,r0_measured_00248,read,measured,,,,,0.7162,,ok,0.3839
13.1309,661,,,0.572,,,,,,14.8372,r0_measured_00249,read,measured,,,,,0.6733,,ok,0.377
13.2007,680,,,0.6555,,,,,,14.9433,r0_measured_00250,read,measured,,,,,0.6542,,ok,0.3579
12.8004,680,,,0.6449,,,,,,14.7289,r0_measured_00251,read,measured,,,,,0.7783,,ok,0.4146
13.8396,663,,,0.5615,,,,,,15.5472,r0_measured_00252,read,measured,,,,,0.6986,,ok,0.3648
13.4728,506,,,0.5266,,,,,,15.1977,r0_measured_00253,read,measured,,,,,0.6757,,ok,0.4401
95.0868,674,15.3515,8.9626,0.6818,2.7692,1,8.9602,1,35.5689,97.0396,r0_measured_00254,update,measured,26.6063,1.9528,1,16.7667,0.7608,24.6305,ok,0.4098
14.3328,627,,,0.6607,,,,,,16.1321,r0_measured_00255,read,measured,,,,,0.67,,ok,0.3831
13.4984,629,,,0.5121,,,,,,15.1728,r0_measured_00256,read,measured,,,,,0.7191,,ok,0.3633
11.4551,507,,,0.4668,,,,,,12.9751,r0_measured_00257,read,measured,,,,,0.6062,,ok,0.374
12.5779,568,,,0.6068,,,,,,14.2929,r0_measured_00258,read,measured,,,,,0.6354,,ok,0.3894
12.8297,563,,,0.4943,,,,,,14.5154,r0_measured_00259,read,measured,,,,,0.7173,,ok,0.3965
12.8703,626,,,0.5568,,,,,,14.5079,r0_measured_00260,read,measured,,,,,0.6461,,ok,0.3592
13.9875,681,,,1.5026,,,,,,16.7411,r0_measured_00261,read,measured,,,,,0.6808,,ok,0.4782
14.5994,661,,,0.7224,,,,,,16.558,r0_measured_00262,read,measured,,,,,0.7169,,ok,0.4278
15.5198,679,,,0.6862,,,,,,17.318,r0_measured_00263,read,measured,,,,,0.6446,,ok,0.3767
13.4405,677,,,0.5434,,,,,,14.9824,r0_measured_00264,read,measured,,,,,0.5803,,ok,0.3453
11.1456,567,,,0.5045,,,,,,12.7032,r0_measured_00265,read,measured,,,,,0.6023,,ok,0.3726
13.2417,677,,,0.6689,,,,,,15.0813,r0_measured_00266,read,measured,,,,,0.7191,,ok,0.3737
11.1489,508,,,0.5149,,,,,,12.6662,r0_measured_00267,read,measured,,,,,0.5915,,ok,0.3411
12.5475,626,,,0.6178,,,,,,14.4136,r0_measured_00268,read,measured,,,,,0.7762,,ok,0.3934
9.9572,418,,,0.2893,,,,,,11.168,r0_measured_00269,read,measured,,,,,0.508,,ok,0.3497
14.1834,672,,,0.7622,,,,,,16.3063,r0_measured_00270,read,measured,,,,,0.769,,ok,0.491
13.9072,629,,,0.5501,,,,,,15.6244,r0_measured_00271,read,measured,,,,,0.7121,,ok,0.3735
11.875,508,,,0.5931,,,,,,13.5798,r0_measured_00272,read,measured,,,,,0.6558,,ok,0.3757
9.3147,368,,,0.2723,,,,,,10.6179,r0_measured_00273,read,measured,,,,,0.5581,,ok,0.4088
14.3892,681,,,0.5881,,,,,,16.1173,r0_measured_00274,read,measured,,,,,0.6809,,ok,0.3786
11.7144,509,,,0.5533,,,,,,13.3191,r0_measured_00275,read,measured,,,,,0.5633,,ok,0.4116
14.1499,678,,,0.5967,,,,,,15.9673,r0_measured_00276,read,measured,,,,,0.6731,,ok,0.4566
8.9507,367,,,0.2698,,,,,,10.1644,r0_measured_00277,read,measured,,,,,0.5368,,ok,0.3434
14.3698,680,,,0.7017,,,,,,16.3014,r0_measured_00278,read,measured,,,,,0.7244,,ok,0.4099
15.2307,660,,,0.6602,,,,,,17.2711,r0_measured_00279,read,measured,,,,,0.6807,,ok,0.6172
13.9745,679,,,0.6716,,,,,,15.8943,r0_measured_00280,read,measured,,,,,0.689,,ok,0.4685
67.9865,681,13.7868,7.8697,0.5593,2.7547,1,7.8677,1,30.8476,69.7586,r0_measured_00281,update,measured,22.9779,1.7721,1,0.0059,0.6836,20.5915,ok,0.435
13.3089,678,,,0.881,,,,,,15.4459,r0_measured_00282,read,measured,,,,,0.6983,,ok,0.4506
12.8331,687,,,0.6095,,,,,,14.6767,r0_measured_00283,read,measured,,,,,0.7374,,ok,0.4135
10.302,509,,,0.5636,,,,,,11.8991,r0_measured_00284,read,measured,,,,,0.592,,ok,0.3707
12.6926,661,,,0.5491,,,,,,14.3403,r0_measured_00285,read,measured,,,,,0.6503,,ok,0.3627
13.4691,673,,,0.5805,,,,,,15.2385,r0_measured_00286,read,measured,,,,,0.7237,,ok,0.3842
14.517,680,,,0.6358,,,,,,16.5411,r0_measured_00287,read,measured,,,,,0.8048,,ok,0.4832
16.0221,418,,,0.2651,,,,,,17.2306,r0_measured_00288,read,measured,,,,,0.5185,,ok,0.365
13.1129,688,,,0.5747,,,,,,14.6864,r0_measured_00289,read,measured,,,,,0.591,,ok,0.3329
13.0147,676,,,0.6416,,,,,,14.7272,r0_measured_00290,read,measured,,,,,0.6355,,ok,0.3632
13.8658,681,,,0.6554,,,,,,15.8077,r0_measured_00291,read,measured,,,,,0.8192,,ok,0.3765
12.4165,628,,,0.5408,,,,,,14.0704,r0_measured_00292,read,measured,,,,,0.6963,,ok,0.3445
13.2075,419,,,0.2354,,,,,,14.2254,r0_measured_00293,read,measured,,,,,0.4333,,ok,0.2989
15.0541,685,,,0.5039,,,,,,16.689,r0_measured_00294,read,measured,,,,,0.6596,,ok,0.3919
12.4409,508,,,0.4347,,,,,,13.9168,r0_measured_00295,read,measured,,,,,0.619,,ok,0.3552
82.2809,661,13.5743,10.1969,0.5524,2.2478,1,10.1951,1,26.9003,83.8778,r0_measured_00296,update,measured,16.7034,1.5969,1,13.5804,0.6213,25.9781,ok,0.3464
13.287,662,,,0.5212,,,,,,14.8082,r0_measured_00297,read,measured,,,,,0.6106,,ok,0.3243
12.9429,674,,,0.5954,,,,,,14.568,r0_measured_00298,read,measured,,,,,0.6168,,ok,0.3355
16.8652,567,,,0.6182,,,,,,18.7672,r0_measured_00299,read,measured,,,,,0.7214,,ok,0.4816
15.5205,677,,,0.6172,,,,,,17.2775,r0_measured_00300,read,measured,,,,,0.6518,,ok,0.4014
13.9035,661,,,0.5374,,,,,,15.5826,r0_measured_00301,read,measured,,,,,0.6868,,ok,0.367
13.1687,680,,,0.6046,,,,,,14.9102,r0_measured_00302,read,measured,,,,,0.6652,,ok,0.385
9.7225,418,,,0.2834,,,,,,10.9151,r0_measured_00303,read,measured,,,,,0.4634,,ok,0.3743
12.4902,506,,,0.5987,,,,,,14.3781,r0_measured_00304,read,measured,,,,,0.7639,,ok,0.4398
14.0952,567,,,0.5111,,,,,,15.7101,r0_measured_00305,read,measured,,,,,0.6306,,ok,0.3989
14.281,680,,,0.6661,,,,,,16.2196,r0_measured_00306,read,measured,,,,,0.7976,,ok,0.3964
13.5881,675,,,0.4958,,,,,,15.1012,r0_measured_00307,read,measured,,,,,0.6036,,ok,0.3419
12.8837,689,,,0.485,,,,,,14.3438,r0_measured_00308,read,measured,,,,,0.5771,,ok,0.3255
10.7936,507,,,0.5157,,,,,,12.4913,r0_measured_00309,read,measured,,,,,0.549,,ok,0.5482
18.5934,628,,,0.5848,,,,,,20.3814,r0_measured_00310,read,measured,,,,,0.6918,,ok,0.4221
18.0041,628,,,0.7664,,,,,,20.063,r0_measured_00311,read,measured,,,,,0.8195,,ok,0.3912
14.3184,629,,,0.5749,,,,,,16.1799,r0_measured_00312,read,measured,,,,,0.8011,,ok,0.3964
15.6013,677,,,0.6414,,,,,,17.3485,r0_measured_00313,read,measured,,,,,0.6562,,ok,0.3647
13.9109,678,,,0.5928,,,,,,15.726,r0_measured_00314,read,measured,,,,,0.7532,,ok,0.3763
14.4137,672,,,0.5434,,,,,,16.0012,r0_measured_00315,read,measured,,,,,0.6201,,ok,0.3454
12.6299,663,,,0.694,,,,,,14.619,r0_measured_00316,read,measured,,,,,0.7303,,ok,0.4746
15.5116,679,,,0.5881,,,,,,17.1559,r0_measured_00317,read,measured,,,,,0.631,,ok,0.3446
14.8186,567,,,0.438,,,,,,16.367,r0_measured_00318,read,measured,,,,,0.561,,ok,0.4621
18.1949,628,,,0.5966,,,,,,19.8696,r0_measured_00319,read,measured,,,,,0.6539,,ok,0.3482
13.469,673,,,0.7142,,,,,,15.6209,r0_measured_00320,read,measured,,,,,0.8841,,ok,0.461
10.1449,369,,,0.262,,,,,,11.4928,r0_measured_00321,read,measured,,,,,0.5199,,ok,0.4933
12.4008,626,,,0.5779,,,,,,14.1184,r0_measured_00322,read,measured,,,,,0.6926,,ok,0.3736
12.2188,508,,,0.5293,,,,,,13.861,r0_measured_00323,read,measured,,,,,0.6358,,ok,0.3952
13.4377,674,,,0.5347,,,,,,15.0542,r0_measured_00324,read,measured,,,,,0.6654,,ok,0.3476
10.7286,508,,,0.5681,,,,,,12.4367,r0_measured_00325,read,measured,,,,,0.6401,,ok,0.4214
15.1808,568,,,0.451,,,,,,16.5658,r0_measured_00326,read,measured,,,,,0.5379,,ok,0.315
18.9344,689,,,0.6528,,,,,,20.9218,r0_measured_00327,read,measured,,,,,0.8026,,ok,0.4184
12.6649,680,,,0.5342,,,,,,14.2923,r0_measured_00328,read,measured,,,,,0.6281,,ok,0.3913
13.6874,688,,,0.6386,,,,,,15.4778,r0_measured_00329,read,measured,,,,,0.6985,,ok,0.3652
14.6541,678,,,0.6784,,,,,,16.494,r0_measured_00330,read,measured,,,,,0.6918,,ok,0.3841
14.7871,685,,,0.8058,,,,,,16.8894,r0_measured_00331,read,measured,,,,,0.761,,ok,0.433
14.6226,628,,,0.5401,,,,,,16.2497,r0_measured_00332,read,measured,,,,,0.6713,,ok,0.3421
8.5376,419,,,0.2438,,,,,,9.6211,r0_measured_00333,read,measured,,,,,0.475,,ok,0.3084
12.1624,628,,,0.5498,,,,,,13.8781,r0_measured_00334,read,measured,,,,,0.747,,ok,0.3427
10.8224,566,,,0.4135,,,,,,12.1725,r0_measured_00335,read,measured,,,,,0.5285,,ok,0.3465
12.9023,687,,,0.6423,,,,,,14.8746,r0_measured_00336,read,measured,,,,,0.8315,,ok,0.4061
14.4978,687,,,0.5961,,,,,,16.3772,r0_measured_00337,read,measured,,,,,0.7633,,ok,0.4196
12.6983,677,,,0.4635,,,,,,14.1745,r0_measured_00338,read,measured,,,,,0.614,,ok,0.3258
11.3562,626,,,0.4849,,,,,,12.8465,r0_measured_00339,read,measured,,,,,0.6026,,ok,0.3262
13.8771,681,,,0.5488,,,,,,15.5233,r0_measured_00340,read,measured,,,,,0.6737,,ok,0.3509
15.0063,678,,,0.6145,,,,,,16.7598,r0_measured_00341,read,measured,,,,,0.6992,,ok,0.352
8.873,369,,,0.2502,,,,,,10.0132,r0_measured_00342,read,measured,,,,,0.4941,,ok,0.3367
13.002,565,,,0.4863,,,,,,14.5474,r0_measured_00343,read,measured,,,,,0.6331,,ok,0.3288
10.6419,509,,,0.4747,,,,,,12.0704,r0_measured_00344,read,measured,,,,,0.5428,,ok,0.3414
13.5202,679,,,0.5869,,,,,,15.1752,r0_measured_00345,read,measured,,,,,0.6241,,ok,0.369
13.1675,680,,,0.5414,,,,,,14.8501,r0_measured_00346,read,measured,,,,,0.694,,ok,0.3643
10.0113,418,,,0.2605,,,,,,11.1714,r0_measured_00347,read,measured,,,,,0.5205,,ok,0.3196
12.6902,661,,,0.6312,,,,,,14.634,r0_measured_00348,read,measured,,,,,0.7815,,ok,0.4458
17.435,626,,,0.516,,,,,,18.9611,r0_measured_00349,read,measured,,,,,0.5762,,ok,0.3532
12.3837,681,,,0.5647,,,,,,14.1007,r0_measured_00350,read,measured,,,,,0.718,,ok,0.3446
13.9019,663,,,0.5877,,,,,,15.5507,r0_measured_00351,read,measured,,,,,0.6322,,ok,0.3507
12.6452,685,,,0.6888,,,,,,14.5125,r0_measured_00352,read,measured,,,,,0.6953,,ok,0.3989
13.3547,675,,,0.5974,,,,,,15.0837,r0_measured_00353,read,measured,,,,,0.6968,,ok,0.3514
15.5942,628,,,0.5124,,,,,,17.1924,r0_measured_00354,read,measured,,,,,0.6503,,ok,0.3621
11.1508,565,,,0.4988,,,,,,12.6968,r0_measured_00355,read,measured,,,,,0.5673,,ok,0.4027
8.6766,418,,,0.2583,,,,,,9.8395,r0_measured_00356,read,measured,,,,,0.4665,,ok,0.375
13.2991,677,,,0.6056,,,,,,14.9647,r0_measured_00357,read,measured,,,,,0.6334,,ok,0.346
13.6242,677,,,0.7109,,,,,,15.6633,r0_measured_00358,read,measured,,,,,0.8392,,ok,0.3922
15.1335,680,,,0.6007,,,,,,16.9962,r0_measured_00359,read,measured,,,,,0.7869,,ok,0.3914
14.4912,660,,,0.6302,,,,,,16.2763,r0_measured_00360,read,measured,,,,,0.6771,,ok,0.3894
14.6987,688,,,0.5552,,,,,,16.3802,r0_measured_00361,read,measured,,,,,0.6694,,ok,0.3738
12.207,567,,,0.7308,,,,,,14.0976,r0_measured_00362,read,measured,,,,,0.6894,,ok,0.3914
16.4186,673,,,0.5711,,,,,,18.0876,r0_measured_00363,read,measured,,,,,0.6446,,ok,0.3705
14.9563,675,,,0.6034,,,,,,16.7412,r0_measured_00364,read,measured,,,,,0.6907,,ok,0.3991
16.1998,626,,,0.7255,,,,,,18.4184,r0_measured_00365,read,measured,,,,,0.9113,,ok,0.48
17.8056,678,,,1.5149,,,,,,20.832,r0_measured_00366,read,measured,,,,,0.8209,,ok,0.5855
10.6103,509,,,0.5231,,,,,,12.1907,r0_measured_00367,read,measured,,,,,0.6426,,ok,0.3402
12.0424,565,,,0.6235,,,,,,13.9265,r0_measured_00368,read,measured,,,,,0.7623,,ok,0.4186
13.1863,629,,,0.7504,,,,,,15.1573,r0_measured_00369,read,measured,,,,,0.6834,,ok,0.4466
15.9256,681,,,0.6137,,,,,,17.6952,r0_measured_00370,read,measured,,,,,0.6634,,ok,0.404
15.664,678,,,0.6063,,,,,,17.4602,r0_measured_00371,read,measured,,,,,0.7175,,ok,0.3791
15.3269,678,,,0.6372,,,,,,17.2003,r0_measured_00372,read,measured,,,,,0.7463,,ok,0.4061
13.7016,628,,,0.5684,,,,,,15.4393,r0_measured_00373,read,measured,,,,,0.7301,,ok,0.3569
13.584,680,,,0.5529,,,,,,15.2794,r0_measured_00374,read,measured,,,,,0.6553,,ok,0.4015
10.8425,505,,,0.4219,,,,,,12.1914,r0_measured_00375,read,measured,,,,,0.5314,,ok,0.3324
9.0799,419,,,0.3325,,,,,,10.4747,r0_measured_00376,read,measured,,,,,0.6108,,ok,0.3737
10.995,508,,,0.5152,,,,,,12.5736,r0_measured_00377,read,measured,,,,,0.5914,,ok,0.3958
15.2009,680,,,0.5844,,,,,,16.8858,r0_measured_00378,read,measured,,,,,0.6677,,ok,0.3525
73.951,678,15.7967,10.4622,0.6815,2.6078,1,10.4605,1,33.2498,75.8809,r0_measured_00379,update,measured,22.7876,1.9299,1,0.0057,0.781,22.291,ok,0.3764
63.6636,366,9.0843,6.7822,0.2175,1.4073,0,6.7809,1,24.8653,64.7277,r0_measured_00380,update,measured,18.0831,1.0641,1,13.1376,0.4669,15.1691,ok,0.3196
11.9663,673,,,0.6512,,,,,,13.9161,r0_measured_00381,read,measured,,,,,0.6488,,ok,0.5572
12.9449,565,,,0.6855,,,,,,14.8027,r0_measured_00382,read,measured,,,,,0.6805,,ok,0.407
13.9883,678,,,0.6198,,,,,,15.8453,r0_measured_00383,read,measured,,,,,0.7435,,ok,0.4036
20.9814,628,,,0.4839,,,,,,22.5179,r0_measured_00384,read,measured,,,,,0.6239,,ok,0.3519
14.513,369,,,0.2181,,,,,,15.5464,r0_measured_00385,read,measured,,,,,0.4647,,ok,0.2975
17.3599,680,,,0.6062,,,,,,18.9758,r0_measured_00386,read,measured,,,,,0.5978,,ok,0.3324
7.7493,369,,,0.2414,,,,,,8.7764,r0_measured_00387,read,measured,,,,,0.3914,,ok,0.3374
11.252,626,,,0.6875,,,,,,13.3924,r0_measured_00388,read,measured,,,,,0.8464,,ok,0.5011
14.1581,680,,,0.5973,,,,,,15.9025,r0_measured_00389,read,measured,,,,,0.6913,,ok,0.3718
13.8768,660,,,0.4991,,,,,,15.5612,r0_measured_00390,read,measured,,,,,0.7611,,ok,0.349
13.9591,675,,,0.5298,,,,,,15.5246,r0_measured_00391,read,measured,,,,,0.6239,,ok,0.3333
12.4294,565,,,0.5651,,,,,,14.1693,r0_measured_00392,read,measured,,,,,0.6594,,ok,0.4349
14.836,681,,,0.6764,,,,,,16.8095,r0_measured_00393,read,measured,,,,,0.7912,,ok,0.4129
14.8207,628,,,0.5471,,,,,,16.4503,r0_measured_00394,read,measured,,,,,0.6257,,ok,0.3793
9.3237,419,,,0.2996,,,,,,10.6262,r0_measured_00395,read,measured,,,,,0.5376,,ok,0.3933
12.7251,626,,,0.5106,,,,,,14.3174,r0_measured_00396,read,measured,,,,,0.6563,,ok,0.3508
13.6012,673,,,0.6418,,,,,,15.3973,r0_measured_00397,read,measured,,,,,0.6948,,ok,0.3849
9.0283,368,,,0.2554,,,,,,10.2369,r0_measured_00398,read,measured,,,,,0.5493,,ok,0.3401
12.7095,685,,,0.6269,,,,,,14.5083,r0_measured_00399,read,measured,,,,,0.6651,,ok,0.4276
11.8883,626,,,0.4844,,,,,,13.5817,r0_measured_00400,read,measured,,,,,0.7948,,ok,0.3352
12.7637,663,,,0.572,,,,,,14.3298,r0_measured_00401,read,measured,,,,,0.5967,,ok,0.3275
13.0417,679,,,0.6464,,,,,,14.8447,r0_measured_00402,read,measured,,,,,0.6657,,ok,0.4099
14.1466,685,,,0.6025,,,,,,15.9703,r0_measured_00403,read,measured,,,,,0.7439,,ok,0.3896
12.7387,663,,,0.4754,,,,,,14.2713,r0_measured_00404,read,measured,,,,,0.67,,ok,0.3192
12.9931,629,,,0.6066,,,,,,14.6802,r0_measured_00405,read,measured,,,,,0.6594,,ok,0.335
11.9883,628,,,0.5637,,,,,,13.5209,r0_measured_00406,read,measured,,,,,0.5528,,ok,0.3442
10.3007,508,,,0.4742,,,,,,11.793,r0_measured_00407,read,measured,,,,,0.6136,,ok,0.331
12.6904,661,,,0.6261,,,,,,14.4709,r0_measured_00408,read,measured,,,,,0.7118,,ok,0.3618
12.5833,627,,,0.579,,,,,,14.3444,r0_measured_00409,read,measured,,,,,0.7209,,ok,0.3785
14.9419,661,,,0.5801,,,,,,16.6254,r0_measured_00410,read,measured,,,,,0.6651,,ok,0.3558
15.4583,509,,,0.5801,,,,,,17.0187,r0_measured_00411,read,measured,,,,,0.5268,,ok,0.386
81.9823,673,16.6086,7.9386,0.5735,2.8209,1,7.9369,1,24.1439,83.6761,r0_measured_00412,update,measured,16.2053,1.6938,1,18.3775,0.6823,20.0314,ok,0.3538
12.3334,657,,,0.5385,,,,,,13.9107,r0_measured_00413,read,measured,,,,,0.6501,,ok,0.3155
13.1298,676,,,0.5446,,,,,,14.7982,r0_measured_00414,read,measured,,,,,0.6564,,ok,0.3804
12.9392,687,,,0.6413,,,,,,14.912,r0_measured_00415,read,measured,,,,,0.8266,,ok,0.4101
13.1283,678,,,0.5708,,,,,,14.9276,r0_measured_00416,read,measured,,,,,0.6593,,ok,0.4717
79.8959,661,18.6894,7.4415,1.0034,2.4864,1,7.4396,1,36.0,82.9255,r0_measured_00417,update,measured,28.5585,3.0296,1,0.0062,1.176,22.7139,ok,0.7014
16.2516,418,,,0.3404,,,,,,17.8197,r0_measured_00418,read,measured,,,,,0.7207,,ok,0.4324
16.233,681,,,0.6739,,,,,,18.0953,r0_measured_00419,read,measured,,,,,0.7525,,ok,0.3583
12.6727,629,,,0.5703,,,,,,14.3453,r0_measured_00420,read,measured,,,,,0.6656,,ok,0.3554
12.972,673,,,0.6639,,,,,,14.8762,r0_measured_00421,read,measured,,,,,0.7222,,ok,0.436
16.3082,662,,,0.5715,,,,,,17.9721,r0_measured_00422,read,measured,,,,,0.6467,,ok,0.3643
13.7412,628,,,0.6147,,,,,,15.5873,r0_measured_00423,read,measured,,,,,0.6806,,ok,0.4614
14.6325,688,,,0.6222,,,,,,16.2896,r0_measured_00424,read,measured,,,,,0.6068,,ok,0.343
12.599,628,,,0.4495,,,,,,14.066,r0_measured_00425,read,measured,,,,,0.6105,,ok,0.3372
12.212,657,,,0.7199,,,,,,14.1232,r0_measured_00426,read,measured,,,,,0.691,,ok,0.4067
14.3175,681,,,0.5936,,,,,,16.0842,r0_measured_00427,read,measured,,,,,0.6937,,ok,0.387
14.3783,685,,,0.6368,,,,,,16.1949,r0_measured_00428,read,measured,,,,,0.7183,,ok,0.3736
13.9146,675,,,0.6176,,,,,,15.622,r0_measured_00429,read,measured,,,,,0.6419,,ok,0.3702
10.4556,506,,,0.4514,,,,,,11.9324,r0_measured_00430,read,measured,,,,,0.6044,,ok,0.3508
14.4905,680,,,0.6525,,,,,,16.3276,r0_measured_00431,read,measured,,,,,0.6527,,ok,0.4459
14.3811,675,,,0.5967,,,,,,16.1049,r0_measured_00432,read,measured,,,,,0.6894,,ok,0.3571
12.9459,675,,,0.584,,,,,,14.6271,r0_measured_00433,read,measured,,,,,0.6619,,ok,0.3544
9.4792,418,,,0.2722,,,,,,10.7165,r0_measured_00434,read,measured,,,,,0.5499,,ok,0.3485
15.5797,688,,,0.6536,,,,,,17.4744,r0_measured_00435,read,measured,,,,,0.772,,ok,0.3791
10.5998,508,,,0.5017,,,,,,11.9982,r0_measured_00436,read,measured,,,,,0.5107,,ok,0.3267
12.4741,689,,,0.4802,,,,,,13.9779,r0_measured_00437,read,measured,,,,,0.5745,,ok,0.3775
12.0813,568,,,0.6151,,,,,,13.7148,r0_measured_00438,read,measured,,,,,0.5952,,ok,0.3509
8.8225,418,,,0.2545,,,,,,9.9334,r0_measured_00439,read,measured,,,,,0.4624,,ok,0.3361
12.5867,680,,,0.588,,,,,,14.2794,r0_measured_00440,read,measured,,,,,0.7113,,ok,0.3232
11.7421,628,,,0.5349,,,,,,13.359,r0_measured_00441,read,measured,,,,,0.603,,ok,0.4015
17.3559,681,,,0.5767,,,,,,18.9911,r0_measured_00442,read,measured,,,,,0.6178,,ok,0.3663
12.9836,674,,,0.5575,,,,,,14.5628,r0_measured_00443,read,measured,,,,,0.6108,,ok,0.3329
12.174,688,,,0.614,,,,,,14.0499,r0_measured_00444,read,measured,,,,,0.76,,ok,0.4188
14.5934,679,,,0.5825,,,,,,16.3324,r0_measured_00445,read,measured,,,,,0.7044,,ok,0.364
14.3977,681,,,0.5478,,,,,,15.9839,r0_measured_00446,read,measured,,,,,0.6163,,ok,0.3501
13.4589,677,,,0.7201,,,,,,15.4298,r0_measured_00447,read,measured,,,,,0.7915,,ok,0.3728
10.9693,508,,,0.5656,,,,,,12.5667,r0_measured_00448,read,measured,,,,,0.5943,,ok,0.3755
8.1555,368,,,0.2125,,,,,,9.2,r0_measured_00449,read,measured,,,,,0.4278,,ok,0.3548
7.621,369,,,0.2861,,,,,,8.8345,r0_measured_00450,read,measured,,,,,0.5518,,ok,0.3106
12.0209,629,,,0.5041,,,,,,13.4665,r0_measured_00451,read,measured,,,,,0.5648,,ok,0.3082
8.344,418,,,0.254,,,,,,9.4736,r0_measured_00452,read,measured,,,,,0.4828,,ok,0.3393
12.7319,663,,,0.6178,,,,,,14.3711,r0_measured_00453,read,measured,,,,,0.6122,,ok,0.3304
10.4966,567,,,0.4931,,,,,,11.9948,r0_measured_00454,read,measured,,,,,0.5861,,ok,0.3492
8.9999,419,,,0.2996,,,,,,10.23,r0_measured_00455,read,measured,,,,,0.5293,,ok,0.3278
13.6959,678,,,0.5957,,,,,,15.4229,r0_measured_00456,read,measured,,,,,0.6624,,ok,0.3865
13.4797,678,,,0.5324,,,,,,15.0826,r0_measured_00457,read,measured,,,,,0.6605,,ok,0.336
12.9149,628,,,0.6216,,,,,,14.6078,r0_measured_00458,read,measured,,,,,0.6547,,ok,0.3385
12.9269,678,,,0.645,,,,,,14.8125,r0_measured_00459,read,measured,,,,,0.7514,,ok,0.4121
13.697,685,,,0.5153,,,,,,15.3474,r0_measured_00460,read,measured,,,,,0.7039,,ok,0.3483
12.8583,681,,,0.5548,,,,,,14.5307,r0_measured_00461,read,measured,,,,,0.6653,,ok,0.3783
7.9562,368,,,0.2186,,,,,,9.0253,r0_measured_00462,read,measured,,,,,0.4817,,ok,0.3213
13.0196,677,,,0.6039,,,,,,14.8236,r0_measured_00463,read,measured,,,,,0.7003,,ok,0.4169
9.2254,418,,,0.2925,,,,,,10.5595,r0_measured_00464,read,measured,,,,,0.5182,,ok,0.4556
12.0841,626,,,0.5775,,,,,,14.1265,r0_measured_00465,read,measured,,,,,1.0144,,ok,0.3704
13.7349,626,,,0.5446,,,,,,15.415,r0_measured_00466,read,measured,,,,,0.6994,,ok,0.3608
62.2873,506,10.6155,6.6415,0.4793,1.9265,1,6.6396,1,30.5855,63.8935,r0_measured_00467,update,measured,23.944,1.6062,1,0.0062,0.6796,19.1536,ok,0.3867
81.0684,678,13.4649,8.4278,0.5968,2.258,1,8.4257,1,29.5871,82.8025,r0_measured_00468,update,measured,21.1593,1.7341,1,13.9105,0.6917,21.8479,ok,0.3536
14.0924,679,,,0.4873,,,,,,15.6369,r0_measured_00469,read,measured,,,,,0.6447,,ok,0.339
12.3083,677,,,0.6738,,,,,,14.1884,r0_measured_00470,read,measured,,,,,0.6912,,ok,0.4275
14.3563,678,,,0.6433,,,,,,16.0612,r0_measured_00471,read,measured,,,,,0.617,,ok,0.3664
12.3838,565,,,0.5281,,,,,,13.8476,r0_measured_00472,read,measured,,,,,0.5393,,ok,0.3364
12.3786,676,,,0.5078,,,,,,13.9402,r0_measured_00473,read,measured,,,,,0.6406,,ok,0.335
9.7326,507,,,0.4283,,,,,,11.0897,r0_measured_00474,read,measured,,,,,0.5528,,ok,0.3177
11.7882,678,,,0.589,,,,,,13.4571,r0_measured_00475,read,measured,,,,,0.6425,,ok,0.37
12.6114,629,,,0.5479,,,,,,14.2827,r0_measured_00476,read,measured,,,,,0.6708,,ok,0.371
11.3663,567,,,0.4923,,,,,,12.7798,r0_measured_00477,read,measured,,,,,0.5202,,ok,0.3357
13.7459,679,,,0.6069,,,,,,15.4989,r0_measured_00478,read,measured,,,,,0.714,,ok,0.3461
11.4476,509,,,0.4737,,,,,,13.009,r0_measured_00479,read,measured,,,,,0.6342,,ok,0.3814
14.418,681,,,0.6607,,,,,,16.4648,r0_measured_00480,read,measured,,,,,0.8196,,ok,0.4628
15.2308,680,,,0.5613,,,,,,16.9928,r0_measured_00481,read,measured,,,,,0.7275,,ok,0.3911
10.6227,506,,,0.4666,,,,,,12.0605,r0_measured_00482,read,measured,,,,,0.5499,,ok,0.358
9.1617,418,,,0.2847,,,,,,10.4453,r0_measured_00483,read,measured,,,,,0.5658,,ok,0.3652
12.8973,674,,,0.6509,,,,,,14.6469,r0_measured_00484,read,measured,,,,,0.6526,,ok,0.3641
13.6931,680,,,0.5993,,,,,,15.4604,r0_measured_00485,read,measured,,,,,0.7255,,ok,0.3598
9.2235,418,,,0.265,,,,,,10.3995,r0_measured_00486,read,measured,,,,,0.5092,,ok,0.3423
12.3474,678,,,0.5446,,,,,,13.941,r0_measured_00487,read,measured,,,,,0.6137,,ok,0.3656
12.8306,680,,,0.6117,,,,,,14.7542,r0_measured_00488,read,measured,,,,,0.814,,ok,0.4047
11.0285,508,,,0.484,,,,,,12.6763,r0_measured_00489,read,measured,,,,,0.6103,,ok,0.4801
13.6476,675,,,0.5488,,,,,,15.3225,r0_measured_00490,read,measured,,,,,0.6406,,ok,0.3997
13.1039,661,,,0.4616,,,,,,14.5341,r0_measured_00491,read,measured,,,,,0.5811,,ok,0.3189
11.1907,627,,,0.5218,,,,,,12.8182,r0_measured_00492,read,measured,,,,,0.6188,,ok,0.4082
14.038,687,,,0.5935,,,,,,15.7553,r0_measured_00493,read,measured,,,,,0.6831,,ok,0.3508
12.1522,628,,,0.5264,,,,,,13.6743,r0_measured_00494,read,measured,,,,,0.6154,,ok,0.3142
13.3496,677,,,0.5689,,,,,,15.1175,r0_measured_00495,read,measured,,,,,0.7668,,ok,0.3547
13.8227,661,,,0.5588,,,,,,15.416,r0_measured_00496,read,measured,,,,,0.5714,,ok,0.3903
15.0058,688,,,0.6403,,,,,,16.8243,r0_measured_00497,read,measured,,,,,0.7273,,ok,0.3727
13.5033,681,,,0.5878,,,,,,15.2033,r0_measured_00498,read,measured,,,,,0.6552,,ok,0.3751
14.544,678,,,0.5305,,,,,,16.1897,r0_measured_00499,read,measured,,,,,0.6883,,ok,0.3477
14.007,678,,,0.5326,,,,,,15.6312,r0_measured_00500,read,measured,,,,,0.6457,,ok,0.3691
11.5787,419,,,0.3206,,,,,,12.9498,r0_measured_00501,read,measured,,,,,0.5465,,ok,0.4311
13.5733,565,,,0.5688,,,,,,15.361,r0_measured_00502,read,measured,,,,,0.7116,,ok,0.4212
16.6848,679,,,0.6415,,,,,,18.4616,r0_measured_00503,read,measured,,,,,0.6649,,ok,0.37
12.2434,568,,,0.4866,,,,,,13.7304,r0_measured_00504,read,measured,,,,,0.5739,,ok,0.3559
16.2851,681,,,0.7578,,,,,,18.3398,r0_measured_00505,read,measured,,,,,0.8264,,ok,0.3793
10.3122,419,,,0.284,,,,,,11.7197,r0_measured_00506,read,measured,,,,,0.5808,,ok,0.4665
11.2258,507,,,0.5922,,,,,,12.9552,r0_measured_00507,read,measured,,,,,0.6384,,ok,0.4162
86.544,679,13.589,10.4841,0.5216,2.4669,1,10.482,1,46.1278,88.13,r0_measured_00508,update,measured,35.6437,1.586,1,0.0074,0.6234,24.3529,ok,0.3619
14.159,661,,,0.558,,,,,,15.9508,r0_measured_00509,read,measured,,,,,0.7306,,ok,0.4133
18.3733,681,,,0.6255,,,,,,20.2685,r0_measured_00510,read,measured,,,,,0.7226,,ok,0.4449
19.2459,565,,,0.4872,,,,,,20.7429,r0_measured_00511,read,measured,,,,,0.5831,,ok,0.3498
15.3386,688,,,0.6684,,,,,,17.2806,r0_measured_00512,read,measured,,,,,0.7633,,ok,0.4226
15.4225,686,,,0.6184,,,,,,17.2077,r0_measured_00513,read,measured,,,,,0.697,,ok,0.3831
15.0093,663,,,0.57,,,,,,16.8423,r0_measured_00514,read,measured,,,,,0.7672,,ok,0.4035
14.0884,628,,,0.5339,,,,,,15.7788,r0_measured_00515,read,measured,,,,,0.6872,,ok,0.3866
14.5449,680,,,0.5855,,,,,,16.4311,r0_measured_00516,read,measured,,,,,0.827,,ok,0.3885
9.646,368,,,0.2532,,,,,,11.0058,r0_measured_00517,read,measured,,,,,0.6467,,ok,0.3884
11.9899,509,,,0.5406,,,,,,13.7831,r0_measured_00518,read,measured,,,,,0.7241,,ok,0.4509
15.5146,677,,,0.6578,,,,,,17.4826,r0_measured_00519,read,measured,,,,,0.815,,ok,0.401
15.6713,680,,,0.5571,,,,,,17.3688,r0_measured_00520,read,measured,,,,,0.6865,,ok,0.3656
15.0607,661,,,0.6303,,,,,,16.8832,r0_measured_00521,read,measured,,,,,0.7279,,ok,0.3743
15.0671,663,,,0.5676,,,,,,16.8706,r0_measured_00522,read,measured,,,,,0.7762,,ok,0.3773
15.0581,675,,,0.7268,,,,,,17.2904,r0_measured_00523,read,measured,,,,,0.9396,,ok,0.4629
15.9237,674,,,0.6688,,,,,,18.0,r0_measured_00524,read,measured,,,,,0.8886,,ok,0.4283
14.5318,686,,,0.6599,,,,,,16.3812,r0_measured_00525,read,measured,,,,,0.7512,,ok,0.3572
20.3464,662,,,0.648,,,,,,22.2978,r0_measured_00526,read,measured,,,,,0.7802,,ok,0.4287
16.3591,673,,,0.6142,,,,,,18.3807,r0_measured_00527,read,measured,,,,,0.7217,,ok,0.5867
14.249,663,,,0.5427,,,,,,15.9185,r0_measured_00528,read,measured,,,,,0.6882,,ok,0.3628
14.1822,678,,,0.4839,,,,,,15.7315,r0_measured_00529,read,measured,,,,,0.6661,,ok,0.3232
14.3771,673,,,0.5291,,,,,,15.98,r0_measured_00530,read,measured,,,,,0.6338,,ok,0.364
15.6405,680,,,0.6047,,,,,,17.4581,r0_measured_00531,read,measured,,,,,0.7172,,ok,0.4075
13.5995,681,,,0.514,,,,,,15.2048,r0_measured_00532,read,measured,,,,,0.6336,,ok,0.3841
12.3218,628,,,0.537,,,,,,13.9395,r0_measured_00533,read,measured,,,,,0.638,,ok,0.3639
14.7436,688,,,0.6274,,,,,,16.5746,r0_measured_00534,read,measured,,,,,0.7237,,ok,0.3935
15.1741,679,,,0.594,,,,,,16.8584,r0_measured_00535,read,measured,,,,,0.6744,,ok,0.3395
12.9598,685,,,0.5459,,,,,,14.5885,r0_measured_00536,read,measured,,,,,0.6543,,ok,0.3472
14.6269,680,,,0.5823,,,,,,16.3641,r0_measured_00537,read,measured,,,,,0.6959,,ok,0.3708
14.0512,662,,,0.5724,,,,,,15.8117,r0_measured_00538,read,measured,,,,,0.726,,ok,0.3824
12.4719,563,,,0.7273,,,,,,14.5711,r0_measured_00539,read,measured,,,,,0.8381,,ok,0.4386
12.9008,566,,,0.5206,,,,,,14.4849,r0_measured_00540,read,measured,,,,,0.6188,,ok,0.3725
13.6281,686,,,0.6565,,,,,,15.6357,r0_measured_00541,read,measured,,,,,0.8622,,ok,0.3926
14.7256,685,,,0.5672,,,,,,16.4304,r0_measured_00542,read,measured,,,,,0.649,,ok,0.4022
13.7589,680,,,0.5734,,,,,,15.4822,r0_measured_00543,read,measured,,,,,0.6889,,ok,0.3812
10.7977,506,,,0.4073,,,,,,12.2308,r0_measured_00544,read,measured,,,,,0.5987,,ok,0.3567
9.1184,418,,,0.2577,,,,,,10.2505,r0_measured_00545,read,measured,,,,,0.488,,ok,0.3249
11.3817,629,,,0.8344,,,,,,14.1039,r0_measured_00546,read,measured,,,,,0.9801,,ok,0.7829
53.5661,367,9.1374,9.3169,0.2326,1.541,0,9.3145,1,28.8583,54.8982,r0_measured_00547,update,measured,19.5414,1.3321,1,0.0069,0.703,14.0225,ok,0.34
12.6123,677,,,0.5684,,,,,,14.2857,r0_measured_00548,read,measured,,,,,0.6646,,ok,0.3529
70.7145,568,11.6249,6.9836,0.5396,2.0311,0,6.982,1,21.2224,72.2796,r0_measured_00549,update,measured,14.2388,1.5651,1,12.8552,0.5424,22.9809,ok,0.4108
9.6922,509,,,0.6238,,,,,,11.8308,r0_measured_00550,read,measured,,,,,0.8963,,ok,0.5218
57.8434,627,13.2802,5.8782,0.6205,2.3497,0,5.8761,1,23.9388,59.5268,r0_measured_00551,update,measured,18.0606,1.6834,1,0.0069,0.6538,18.2678,ok,0.3311
13.9317,688,,,0.628,,,,,,15.99,r0_measured_00552,read,measured,,,,,0.8932,,ok,0.4401
13.5743,678,,,0.5439,,,,,,15.245,r0_measured_00553,read,measured,,,,,0.6121,,ok,0.4118
12.8275,567,,,0.4798,,,,,,14.2552,r0_measured_00554,read,measured,,,,,0.5643,,ok,0.3202
14.0346,679,,,0.5985,,,,,,15.8025,r0_measured_00555,read,measured,,,,,0.7149,,ok,0.372
10.9732,418,,,0.341,,,,,,12.2875,r0_measured_00556,read,measured,,,,,0.5357,,ok,0.3765
13.4538,628,,,1.3541,,,,,,15.8294,r0_measured_00557,read,measured,,,,,0.5933,,ok,0.3604
89.1924,686,16.2911,10.7534,0.7454,2.9798,1,10.7515,1,31.5373,91.2571,r0_measured_00558,update,measured,20.7839,2.0647,1,14.3713,0.8182,24.0129,ok,0.4022
75.094,674,14.674,10.6229,0.6387,3.0223,1,10.621,1,34.5301,76.897,r0_measured_00559,update,measured,23.9072,1.803,1,0.0061,0.7179,22.8615,ok,0.3352
13.0649,674,,,0.6083,,,,,,14.8686,r0_measured_00560,read,measured,,,,,0.7304,,ok,0.3876
11.4656,568,,,0.4948,,,,,,13.0495,r0_measured_00561,read,measured,,,,,0.6493,,ok,0.3611
11.3972,419,,,0.365,,,,,,13.0385,r0_measured_00562,read,measured,,,,,0.787,,ok,0.4176
13.9595,566,,,0.5233,,,,,,15.6255,r0_measured_00563,read,measured,,,,,0.6619,,ok,0.4032
14.3167,663,,,0.5706,,,,,,16.0637,r0_measured_00564,read,measured,,,,,0.7277,,ok,0.3621
8.7424,367,,,0.2563,,,,,,10.0178,r0_measured_00565,read,measured,,,,,0.5277,,ok,0.4216
13.9917,675,,,0.6548,,,,,,15.7969,r0_measured_00566,read,measured,,,,,0.6854,,ok,0.384
12.9212,626,,,0.5416,,,,,,14.6802,r0_measured_00567,read,measured,,,,,0.7387,,ok,0.4028
14.6329,680,,,0.5657,,,,,,16.4075,r0_measured_00568,read,measured,,,,,0.6947,,ok,0.4222
17.2313,663,,,0.5543,,,,,,18.8707,r0_measured_00569,read,measured,,,,,0.6374,,ok,0.3657
11.9182,626,,,0.5003,,,,,,13.5117,r0_measured_00570,read,measured,,,,,0.6027,,ok,0.4243
12.4813,676,,,0.7294,,,,,,14.257,r0_measured_00571,read,measured,,,,,0.6314,,ok,0.343
9.5849,507,,,0.5897,,,,,,11.3499,r0_measured_00572,read,measured,,,,,0.5628,,ok,0.5353
15.018,657,,,0.5705,,,,,,16.7935,r0_measured_00573,read,measured,,,,,0.7456,,ok,0.3776
14.5218,628,,,0.5186,,,,,,16.249,r0_measured_00574,read,measured,,,,,0.7661,,ok,0.3697
13.331,681,,,0.6577,,,,,,15.2671,r0_measured_00575,read,measured,,,,,0.7736,,ok,0.4147
14.5362,678,,,0.5821,,,,,,16.1986,r0_measured_00576,read,measured,,,,,0.6054,,ok,0.3953
15.2956,565,,,0.5785,,,,,,17.294,r0_measured_00577,read,measured,,,,,0.896,,ok,0.4369
18.3115,563,,,0.5356,,,,,,19.8464,r0_measured_00578,read,measured,,,,,0.5847,,ok,0.341
10.3641,509,,,0.5092,,,,,,11.8819,r0_measured_00579,read,measured,,,,,0.5843,,ok,0.3487
13.2936,657,,,0.4984,,,,,,14.8906,r0_measured_00580,read,measured,,,,,0.6743,,ok,0.3367
11.4036,567,,,0.5669,,,,,,13.2409,r0_measured_00581,read,measured,,,,,0.6979,,ok,0.4696
13.8485,679,,,0.5976,,,,,,15.572,r0_measured_00582,read,measured,,,,,0.6649,,ok,0.3717
13.4876,678,,,0.7825,,,,,,15.6743,r0_measured_00583,read,measured,,,,,0.9318,,ok,0.359
9.0919,416,,,0.2975,,,,,,10.2639,r0_measured_00584,read,measured,,,,,0.4916,,ok,0.3223
9.0474,418,,,0.3132,,,,,,10.3766,r0_measured_00585,read,measured,,,,,0.5407,,ok,0.4103
8.8812,419,,,0.3729,,,,,,10.1463,r0_measured_00586,read,measured,,,,,0.4829,,ok,0.3504
12.6495,679,,,0.6049,,,,,,14.2677,r0_measured_00587,read,measured,,,,,0.5751,,ok,0.3593
13.4299,674,,,0.5803,,,,,,15.0587,r0_measured_00588,read,measured,,,,,0.6297,,ok,0.3419
12.7647,686,,,0.5309,,,,,,14.4106,r0_measured_00589,read,measured,,,,,0.695,,ok,0.3423
12.1865,688,,,0.5046,,,,,,13.7408,r0_measured_00590,read,measured,,,,,0.6248,,ok,0.3536
60.8978,674,13.1236,5.4148,0.5094,2.6388,1,5.4134,1,22.5798,62.4873,r0_measured_00591,update,measured,17.165,1.5895,1,0.0057,0.6806,22.5499,ok,0.3303
11.8324,628,,,0.8427,,,,,,14.1104,r0_measured_00592,read,measured,,,,,0.8516,,ok,0.4821
15.8707,661,,,0.4849,,,,,,17.369,r0_measured_00593,read,measured,,,,,0.5913,,ok,0.346
13.8601,675,,,0.6331,,,,,,15.6798,r0_measured_00594,read,measured,,,,,0.7322,,ok,0.3769
8.804,369,,,0.236,,,,,,10.0819,r0_measured_00595,read,measured,,,,,0.6323,,ok,0.3433
9.8205,418,,,0.2282,,,,,,10.8919,r0_measured_00596,read,measured,,,,,0.4415,,ok,0.3527
13.3942,680,,,0.6561,,,,,,15.3291,r0_measured_00597,read,measured,,,,,0.7677,,ok,0.4275
14.5569,681,,,0.6554,,,,,,16.4374,r0_measured_00598,read,measured,,,,,0.7294,,ok,0.3988
82.5474,679,17.9879,8.6088,0.6631,2.4561,1,8.607,1,26.4794,84.3927,r0_measured_00599,update,measured,17.8706,1.8453,1,11.4324,0.7337,24.1916,ok,0.3592
19.0219,680,,,0.4854,,,,,,20.5557,r0_measured_00600,read,measured,,,,,0.6526,,ok,0.323
11.6214,678,,,0.7551,,,,,,13.4966,r0_measured_00601,read,measured,,,,,0.6837,,ok,0.3471
12.558,678,,,0.6243,,,,,,14.3114,r0_measured_00602,read,measured,,,,,0.6634,,ok,0.3841
10.1482,419,,,0.2825,,,,,,11.4116,r0_measured_00603,read,measured,,,,,0.5713,,ok,0.3455
14.9327,679,,,0.5789,,,,,,16.6444,r0_measured_00604,read,measured,,,,,0.664,,ok,0.3863
13.8241,565,,,0.44,,,,,,15.2173,r0_measured_00605,read,measured,,,,,0.5594,,ok,0.3276
14.8244,681,,,0.606,,,,,,16.606,r0_measured_00606,read,measured,,,,,0.7107,,ok,0.381
13.5723,675,,,0.6014,,,,,,15.4445,r0_measured_00607,read,measured,,,,,0.7943,,ok,0.3959
13.207,673,,,0.5028,,,,,,14.8313,r0_measured_00608,read,measured,,,,,0.662,,ok,0.3391
12.5217,679,,,0.5584,,,,,,14.0851,r0_measured_00609,read,measured,,,,,0.5956,,ok,0.3407
8.0612,419,,,0.299,,,,,,9.4193,r0_measured_00610,read,measured,,,,,0.6022,,ok,0.3845
10.3461,419,,,0.2355,,,,,,11.4989,r0_measured_00611,read,measured,,,,,0.4834,,ok,0.3707
13.2687,673,,,0.6523,,,,,,15.1907,r0_measured_00612,read,measured,,,,,0.7791,,ok,0.4095
14.4208,680,,,0.5991,,,,,,16.1549,r0_measured_00613,read,measured,,,,,0.677,,ok,0.3628
9.1149,367,,,0.2407,,,,,,10.2319,r0_measured_00614,read,measured,,,,,0.475,,ok,0.3427
13.5079,673,,,0.5833,,,,,,15.3616,r0_measured_00615,read,measured,,,,,0.7788,,ok,0.3988
15.5756,673,,,0.603,,,,,,17.3426,r0_measured_00616,read,measured,,,,,0.6844,,ok,0.3976
14.5039,677,,,0.667,,,,,,16.367,r0_measured_00617,read,measured,,,,,0.7594,,ok,0.3644
13.2236,629,,,0.4726,,,,,,14.7299,r0_measured_00618,read,measured,,,,,0.6105,,ok,0.3456
11.7593,508,,,0.4528,,,,,,13.3921,r0_measured_00619,read,measured,,,,,0.7389,,ok,0.3728
10.351,419,,,0.3274,,,,,,11.6896,r0_measured_00620,read,measured,,,,,0.5875,,ok,0.3519
12.5605,662,,,0.7208,,,,,,14.4204,r0_measured_00621,read,measured,,,,,0.6504,,ok,0.4036
11.4605,419,,,0.391,,,,,,13.6735,r0_measured_00622,read,measured,,,,,0.5819,,ok,0.9324
18.9557,661,,,0.9858,,,,,,21.8792,r0_measured_00623,read,measured,,,,,0.7967,,ok,0.9821
14.1186,568,,,0.5662,,,,,,15.8884,r0_measured_00624,read,measured,,,,,0.7266,,ok,0.3926
14.4904,663,,,0.5916,,,,,,16.3844,r0_measured_00625,read,measured,,,,,0.7411,,ok,0.4679
10.2299,419,,,0.3272,,,,,,11.6037,r0_measured_00626,read,measured,,,,,0.5785,,ok,0.3924
14.3124,689,,,0.5886,,,,,,16.0155,r0_measured_00627,read,measured,,,,,0.6776,,ok,0.3573
13.555,627,,,0.6743,,,,,,15.4983,r0_measured_00628,read,measured,,,,,0.7676,,ok,0.4145
11.3699,419,,,0.2888,,,,,,12.6134,r0_measured_00629,read,measured,,,,,0.5452,,ok,0.3462
8.1239,367,,,0.2187,,,,,,9.1846,r0_measured_00630,read,measured,,,,,0.4584,,ok,0.3276
9.5849,508,,,0.4646,,,,,,11.1049,r0_measured_00631,read,measured,,,,,0.6573,,ok,0.3169
16.5098,673,,,0.565,,,,,,18.1388,r0_measured_00632,read,measured,,,,,0.5976,,ok,0.3915
12.5273,626,,,0.5083,,,,,,14.0709,r0_measured_00633,read,measured,,,,,0.6355,,ok,0.3244
12.5498,629,,,0.5243,,,,,,14.1483,r0_measured_00634,read,measured,,,,,0.667,,ok,0.3276
11.7854,629,,,0.7024,,,,,,14.1025,r0_measured_00635,read,measured,,,,,0.9952,,ok,0.5107
17.6114,629,,,0.6059,,,,,,19.4576,r0_measured_00636,read,measured,,,,,0.7437,,ok,0.4077
19.0395,663,,,0.6551,,,,,,20.9008,r0_measured_00637,read,measured,,,,,0.7378,,ok,0.3797
12.5512,565,,,0.5233,,,,,,14.0954,r0_measured_00638,read,measured,,,,,0.5878,,ok,0.3632
22.8322,568,,,1.1666,,,,,,26.1261,r0_measured_00639,read,measured,,,,,1.2158,,ok,0.749
22.5322,657,,,0.8742,,,,,,24.9358,r0_measured_00640,read,measured,,,,,1.0091,,ok,0.4127
18.4921,660,,,0.6509,,,,,,20.2882,r0_measured_00641,read,measured,,,,,0.686,,ok,0.3745
14.0243,674,,,0.5589,,,,,,15.6579,r0_measured_00642,read,measured,,,,,0.6681,,ok,0.3249
13.0291,674,,,0.5306,,,,,,14.5575,r0_measured_00643,read,measured,,,,,0.616,,ok,0.3084
11.6555,688,,,0.5642,,,,,,13.256,r0_measured_00644,read,measured,,,,,0.5832,,ok,0.3769
20.7769,566,,,0.7509,,,,,,22.9281,r0_measured_00645,read,measured,,,,,0.7765,,ok,0.5255
17.8777,626,,,0.551,,,,,,19.5378,r0_measured_00646,read,measured,,,,,0.6608,,ok,0.3637
14.3901,680,,,0.646,,,,,,16.135,r0_measured_00647,read,measured,,,,,0.6603,,ok,0.3571
13.959,678,,,0.5617,,,,,,15.6444,r0_measured_00648,read,measured,,,,,0.6901,,ok,0.3489
10.9565,568,,,0.6422,,,,,,12.6772,r0_measured_00649,read,measured,,,,,0.6234,,ok,0.3845
12.445,674,,,0.6207,,,,,,14.11,r0_measured_00650,read,measured,,,,,0.5837,,ok,0.38
12.4652,663,,,0.5744,,,,,,14.2276,r0_measured_00651,read,measured,,,,,0.7362,,ok,0.375
12.1455,674,,,0.6539,,,,,,13.8823,r0_measured_00652,read,measured,,,,,0.6588,,ok,0.3419
10.4862,567,,,0.4934,,,,,,12.0904,r0_measured_00653,read,measured,,,,,0.7088,,ok,0.3311
12.8681,678,,,0.9126,,,,,,15.3642,r0_measured_00654,read,measured,,,,,0.9315,,ok,0.5369
12.3833,568,,,0.5441,,,,,,14.0784,r0_measured_00655,read,measured,,,,,0.6373,,ok,0.3961
13.5732,675,,,0.5839,,,,,,15.356,r0_measured_00656,read,measured,,,,,0.7678,,ok,0.3518
59.8834,686,13.3888,5.4893,0.5643,2.6562,1,5.4874,1,22.6929,61.5645,r0_measured_00657,update,measured,17.2036,1.6811,1,0.0058,0.6856,21.1397,ok,0.3514
13.7174,680,,,0.5694,,,,,,15.3059,r0_measured_00658,read,measured,,,,,0.5708,,ok,0.3771
12.6978,687,,,0.5034,,,,,,14.193,r0_measured_00659,read,measured,,,,,0.5909,,ok,0.3229
7.7343,368,,,0.2221,,,,,,8.7982,r0_measured_00660,read,measured,,,,,0.4145,,ok,0.3505
13.3812,662,,,0.6555,,,,,,15.2082,r0_measured_00661,read,measured,,,,,0.6812,,ok,0.4069
13.0676,629,,,0.5773,,,,,,14.7051,r0_measured_00662,read,measured,,,,,0.6169,,ok,0.3661
13.1859,688,,,0.6019,,,,,,15.023,r0_measured_00663,read,measured,,,,,0.749,,ok,0.4071
76.6553,679,15.4486,8.5505,0.6004,2.5963,0,8.5487,1,24.8489,78.3784,r0_measured_00664,update,measured,16.2984,1.7231,1,13.112,0.6977,20.6495,ok,0.3487
11.4351,419,,,0.2738,,,,,,12.6597,r0_measured_00665,read,measured,,,,,0.4935,,ok,0.3995
9.3742,418,,,0.3129,,,,,,10.6448,r0_measured_00666,read,measured,,,,,0.5087,,ok,0.3807
12.1553,565,,,0.4998,,,,,,13.6267,r0_measured_00667,read,measured,,,,,0.581,,ok,0.3202
12.3603,688,,,0.4872,,,,,,13.8218,r0_measured_00668,read,measured,,,,,0.5943,,ok,0.3112
12.31,675,,,1.1312,,,,,,14.8979,r0_measured_00669,read,measured,,,,,0.9672,,ok,0.3902
13.9517,662,,,0.6196,,,,,,15.6798,r0_measured_00670,read,measured,,,,,0.6743,,ok,0.3573
13.0199,680,,,0.785,,,,,,15.0674,r0_measured_00671,read,measured,,,,,0.8273,,ok,0.3475
11.1558,626,,,0.6244,,,,,,12.7992,r0_measured_00672,read,measured,,,,,0.6051,,ok,0.3514
11.9253,629,,,0.5864,,,,,,13.6737,r0_measured_00673,read,measured,,,,,0.7041,,ok,0.3866
11.9305,565,,,0.564,,,,,,13.6138,r0_measured_00674,read,measured,,,,,0.6297,,ok,0.4065
12.9059,680,,,0.5315,,,,,,14.4482,r0_measured_00675,read,measured,,,,,0.6255,,ok,0.3155
9.1291,369,,,0.2644,,,,,,10.3088,r0_measured_00676,read,measured,,,,,0.5065,,ok,0.3446
13.1767,680,,,0.5595,,,,,,14.8688,r0_measured_00677,read,measured,,,,,0.707,,ok,0.344
12.77,628,,,0.629,,,,,,14.5065,r0_measured_00678,read,measured,,,,,0.6135,,ok,0.4019
9.2348,368,,,0.2607,,,,,,10.4113,r0_measured_00679,read,measured,,,,,0.5057,,ok,0.3497
11.432,568,,,0.5169,,,,,,13.219,r0_measured_00680,read,measured,,,,,0.8101,,ok,0.383
63.8977,688,14.8337,5.6579,0.565,2.9619,0,5.6563,1,20.5055,65.5097,r0_measured_00681,update,measured,14.8476,1.612,1,0.0055,0.5893,25.5911,ok,0.335
8.6558,418,,,0.2846,,,,,,9.787,r0_measured_00682,read,measured,,,,,0.4857,,ok,0.3097
13.0806,673,,,0.5312,,,,,,14.6023,r0_measured_00683,read,measured,,,,,0.5665,,ok,0.3473
13.6875,680,,,0.7351,,,,,,15.8474,r0_measured_00684,read,measured,,,,,0.8785,,ok,0.4507
14.3011,628,,,0.525,,,,,,15.9048,r0_measured_00685,read,measured,,,,,0.646,,ok,0.3549
12.12,568,,,0.5013,,,,,,13.6113,r0_measured_00686,read,measured,,,,,0.5879,,ok,0.3315
13.3537,678,,,0.6701,,,,,,15.2147,r0_measured_00687,read,measured,,,,,0.6975,,ok,0.3991
12.025,565,,,1.0193,,,,,,14.3271,r0_measured_00688,read,measured,,,,,0.5631,,ok,0.6007
9.8024,507,,,0.4124,,,,,,11.0619,r0_measured_00689,read,measured,,,,,0.4757,,ok,0.3145
12.3224,678,,,0.5649,,,,,,13.9454,r0_measured_00690,read,measured,,,,,0.6383,,ok,0.3464
9.0256,418,,,0.2834,,,,,,10.2698,r0_measured_00691,read,measured,,,,,0.4856,,ok,0.4071
13.7344,676,,,0.5985,,,,,,15.6394,r0_measured_00692,read,measured,,,,,0.8692,,ok,0.3593
10.7412,506,,,0.5088,,,,,,12.2017,r0_measured_00693,read,measured,,,,,0.5532,,ok,0.3296
12.4316,688,,,0.6846,,,,,,14.4995,r0_measured_00694,read,measured,,,,,0.8176,,ok,0.4744
10.4914,419,,,0.2976,,,,,,11.9047,r0_measured_00695,read,measured,,,,,0.6152,,ok,0.3869
11.9413,507,,,0.5348,,,,,,13.5108,r0_measured_00696,read,measured,,,,,0.605,,ok,0.3619
25.5142,680,,,0.8201,,,,,,27.6963,r0_measured_00697,read,measured,,,,,0.7941,,ok,0.469
15.0668,677,,,0.5581,,,,,,16.6595,r0_measured_00698,read,measured,,,,,0.6268,,ok,0.3319
12.2912,627,,,0.6115,,,,,,13.9273,r0_measured_00699,read,measured,,,,,0.6269,,ok,0.3254
8.0958,418,,,0.3086,,,,,,9.2773,r0_measured_00700,read,measured,,,,,0.459,,ok,0.3518
74.6636,687,13.0547,8.2788,0.5781,2.4424,1,8.2772,1,24.2381,76.295,r0_measured_00701,update,measured,15.9593,1.6314,1,12.4937,0.6131,22.4347,ok,0.37
13.4456,628,,,0.6884,,,,,,15.5666,r0_measured_00702,read,measured,,,,,0.8226,,ok,0.5094
78.9738,674,14.0612,9.0273,0.562,2.6279,1,9.0254,1,25.9727,80.5142,r0_measured_00703,update,measured,16.9454,1.5404,1,10.9046,0.5946,25.4074,ok,0.3229
8.1083,368,,,0.2426,,,,,,9.3358,r0_measured_00704,read,measured,,,,,0.5402,,ok,0.3801
9.1742,418,,,0.2525,,,,,,10.3962,r0_measured_00705,read,measured,,,,,0.4725,,ok,0.4338
13.5766,678,,,0.6151,,,,,,15.2684,r0_measured_00706,read,measured,,,,,0.6192,,ok,0.3819
14.0989,678,,,0.6097,,,,,,15.8245,r0_measured_00707,read,measured,,,,,0.6612,,ok,0.3789
74.6116,627,12.5607,7.7191,0.578,2.297,1,7.7174,1,26.591,76.2774,r0_measured_00708,update,measured,18.8719,1.6658,1,11.7614,0.6504,21.4015,ok,0.3652
11.9082,568,,,0.5945,,,,,,13.7998,r0_measured_00709,read,measured,,,,,0.7694,,ok,0.4398
13.6749,688,,,0.5345,,,,,,15.2585,r0_measured_00710,read,measured,,,,,0.6481,,ok,0.3313
12.3001,675,,,0.5995,,,,,,13.9953,r0_measured_00711,read,measured,,,,,0.6836,,ok,0.3286
9.8899,418,,,0.2569,,,,,,11.0397,r0_measured_00712,read,measured,,,,,0.4811,,ok,0.3482
12.2974,679,,,0.4788,,,,,,13.725,r0_measured_00713,read,measured,,,,,0.5641,,ok,0.3148
12.8564,688,,,0.5341,,,,,,14.4115,r0_measured_00714,read,measured,,,,,0.6004,,ok,0.3454
13.0459,567,,,0.6285,,,,,,14.9038,r0_measured_00715,read,measured,,,,,0.7039,,ok,0.4381
13.5972,568,,,0.5357,,,,,,15.259,r0_measured_00716,read,measured,,,,,0.6794,,ok,0.3632
11.4546,566,,,0.5397,,,,,,13.0161,r0_measured_00717,read,measured,,,,,0.5996,,ok,0.3523
12.1512,688,,,0.8052,,,,,,14.0749,r0_measured_00718,read,measured,,,,,0.622,,ok,0.4038
15.713,418,,,0.3673,,,,,,17.443,r0_measured_00719,read,measured,,,,,0.7271,,ok,0.548
17.3242,369,,,0.3049,,,,,,18.6887,r0_measured_00720,read,measured,,,,,0.6378,,ok,0.3511
18.8216,675,,,1.0365,,,,,,21.8823,r0_measured_00721,read,measured,,,,,1.1515,,ok,0.6944
97.104,663,12.9454,14.4708,0.5863,2.464,1,14.4677,1,42.0518,98.8599,r0_measured_00722,update,measured,27.581,1.7559,1,14.7598,0.692,24.883,ok,0.4039
13.8802,679,,,0.6694,,,,,,15.7376,r0_measured_00723,read,measured,,,,,0.7348,,ok,0.3636
12.3192,679,,,0.6148,,,,,,14.0016,r0_measured_00724,read,measured,,,,,0.6276,,ok,0.3613
8.0559,419,,,0.3192,,,,,,9.2819,r0_measured_00725,read,measured,,,,,0.5045,,ok,0.3392
13.187,680,,,0.6176,,,,,,14.9883,r0_measured_00726,read,measured,,,,,0.7017,,ok,0.397
8.3566,369,,,0.211,,,,,,9.3679,r0_measured_00727,read,measured,,,,,0.4476,,ok,0.3061
14.3213,678,,,0.6021,,,,,,16.1086,r0_measured_00728,read,measured,,,,,0.7204,,ok,0.3716
72.0169,566,13.0407,8.9727,0.5655,2.2742,0,8.9708,1,25.3592,73.6709,r0_measured_00729,update,measured,16.3865,1.654,1,11.7235,0.6131,19.6193,ok,0.4049
11.5597,628,,,0.551,,,,,,13.0932,r0_measured_00730,read,measured,,,,,0.5783,,ok,0.3378
12.7734,628,,,0.684,,,,,,14.9772,r0_measured_00731,read,measured,,,,,0.9369,,ok,0.4864
14.6981,687,,,0.6089,,,,,,16.3684,r0_measured_00732,read,measured,,,,,0.6311,,ok,0.3528
12.7867,688,,,0.653,,,,,,14.5835,r0_measured_00733,read,measured,,,,,0.7153,,ok,0.3418
72.3783,680,16.7234,7.2506,0.5784,3.1911,1,7.2489,1,28.4573,74.0611,r0_measured_00734,update,measured,21.2067,1.6828,1,0.0054,0.66,24.0011,ok,0.3581
13.7819,681,,,0.5458,,,,,,15.2651,r0_measured_00735,read,measured,,,,,0.5561,,ok,0.3117
12.9909,629,,,0.6511,,,,,,15.0093,r0_measured_00736,read,measured,,,,,0.8686,,ok,0.3991
92.0827,680,28.4904,9.1243,0.6906,2.7566,1,9.1225,1,26.9786,93.9191,r0_measured_00737,update,measured,17.8543,1.8364,1,12.5922,0.6588,21.2649,ok,0.4001
14.2533,565,,,0.5424,,,,,,15.8365,r0_measured_00738,read,measured,,,,,0.6183,,ok,0.3496
8.5026,419,,,0.2396,,,,,,9.5131,r0_measured_00739,read,measured,,,,,0.4062,,ok,0.3054
15.2117,677,,,0.5459,,,,,,16.7322,r0_measured_00740,read,measured,,,,,0.5738,,ok,0.3278
13.6775,418,,,0.2546,,,,,,14.7657,r0_measured_00741,read,measured,,,,,0.4644,,ok,0.3104
12.9886,568,,,0.7427,,,,,,15.2039,r0_measured_00742,read,measured,,,,,0.8606,,ok,0.492
17.2834,681,,,0.7291,,,,,,19.2656,r0_measured_00743,read,measured,,,,,0.7266,,ok,0.4367
15.2677,662,,,0.5683,,,,,,17.0775,r0_measured_00744,read,measured,,,,,0.7228,,ok,0.4275
8.8902,418,,,0.3088,,,,,,10.134,r0_measured_00745,read,measured,,,,,0.532,,ok,0.3464
11.5408,628,,,0.5156,,,,,,13.0948,r0_measured_00746,read,measured,,,,,0.6302,,ok,0.3369
14.1168,677,,,0.6376,,,,,,15.9255,r0_measured_00747,read,measured,,,,,0.662,,ok,0.4184
13.4584,679,,,0.6041,,,,,,15.1938,r0_measured_00748,read,measured,,,,,0.675,,ok,0.3798
15.7821,626,,,0.9843,,,,,,18.8445,r0_measured_00749,read,measured,,,,,1.2745,,ok,0.6716
20.8573,674,,,0.6965,,,,,,22.88,r0_measured_00750,read,measured,,,,,0.7858,,ok,0.4425
14.3707,688,,,0.5711,,,,,,16.0308,r0_measured_00751,read,measured,,,,,0.6509,,ok,0.3562
13.8449,688,,,0.6165,,,,,,15.5444,r0_measured_00752,read,measured,,,,,0.6268,,ok,0.3775
14.2248,568,,,0.5108,,,,,,15.7802,r0_measured_00753,read,measured,,,,,0.6367,,ok,0.3401
12.8385,663,,,1.0005,,,,,,15.4574,r0_measured_00754,read,measured,,,,,0.7113,,ok,0.7841
13.1669,568,,,0.4925,,,,,,14.6723,r0_measured_00755,read,measured,,,,,0.6179,,ok,0.3198
8.1303,419,,,0.2441,,,,,,9.2262,r0_measured_00756,read,measured,,,,,0.4857,,ok,0.3111
12.678,629,,,0.6316,,,,,,14.4535,r0_measured_00757,read,measured,,,,,0.6798,,ok,0.3782
9.4174,418,,,0.3678,,,,,,10.8067,r0_measured_00758,read,measured,,,,,0.5641,,ok,0.3875
13.9519,678,,,0.5875,,,,,,15.6352,r0_measured_00759,read,measured,,,,,0.6601,,ok,0.3574
12.8698,679,,,0.508,,,,,,14.3819,r0_measured_00760,read,measured,,,,,0.6126,,ok,0.3183
12.4559,418,,,0.4317,,,,,,14.681,r0_measured_00761,read,measured,,,,,0.8884,,ok,0.7832
18.962,627,,,0.5932,,,,,,20.7564,r0_measured_00762,read,measured,,,,,0.6847,,ok,0.4273
8.7257,418,,,0.2406,,,,,,9.7901,r0_measured_00763,read,measured,,,,,0.449,,ok,0.322
12.6885,679,,,0.5859,,,,,,14.4083,r0_measured_00764,read,measured,,,,,0.7081,,ok,0.3463
12.6199,680,,,0.5181,,,,,,14.1861,r0_measured_00765,read,measured,,,,,0.6557,,ok,0.3238
12.7895,680,,,0.736,,,,,,14.8755,r0_measured_00766,read,measured,,,,,0.7778,,ok,0.4785
12.3733,566,,,0.5313,,,,,,13.942,r0_measured_00767,read,measured,,,,,0.5868,,ok,0.3783
11.256,567,,,0.5232,,,,,,12.7177,r0_measured_00768,read,measured,,,,,0.5623,,ok,0.3145
14.3662,680,,,0.6245,,,,,,16.3204,r0_measured_00769,read,measured,,,,,0.7964,,ok,0.448
14.7987,418,,,0.2524,,,,,,16.1016,r0_measured_00770,read,measured,,,,,0.6404,,ok,0.3489
23.3406,680,,,0.9451,,,,,,26.3469,r0_measured_00771,read,measured,,,,,1.2649,,ok,0.6337
23.308,677,,,0.7118,,,,,,25.4166,r0_measured_00772,read,measured,,,,,0.8416,,ok,0.4577
18.2203,686,,,0.6933,,,,,,20.1281,r0_measured_00773,read,measured,,,,,0.7215,,ok,0.4043
93.0627,662,20.7687,8.2085,1.1499,3.5113,0,8.2062,1,22.4357,96.2392,r0_measured_00774,update,measured,14.2272,3.1765,1,13.5553,1.1332,32.7917,ok,0.6439
27.9684,678,,,1.2901,,,,,,31.1834,r0_measured_00775,read,measured,,,,,1.0754,,ok,0.709
22.7464,680,,,1.0173,,,,,,25.624,r0_measured_00776,read,measured,,,,,1.074,,ok,0.658
18.3361,681,,,0.5772,,,,,,20.0342,r0_measured_00777,read,measured,,,,,0.6451,,ok,0.3168
12.6752,660,,,0.5014,,,,,,14.2324,r0_measured_00778,read,measured,,,,,0.6419,,ok,0.3375
23.1594,680,,,0.7073,,,,,,25.128,r0_measured_00779,read,measured,,,,,0.7494,,ok,0.4214
14.2701,674,,,0.6178,,,,,,15.9622,r0_measured_00780,read,measured,,,,,0.6511,,ok,0.3492
12.4394,663,,,0.6053,,,,,,14.2048,r0_measured_00781,read,measured,,,,,0.7207,,ok,0.3575
12.5626,679,,,0.5771,,,,,,14.1356,r0_measured_00782,read,measured,,,,,0.5782,,ok,0.3416
11.5263,657,,,0.5588,,,,,,13.1495,r0_measured_00783,read,measured,,,,,0.6359,,ok,0.3552
11.0787,507,,,1.0202,,,,,,13.1158,r0_measured_00784,read,measured,,,,,0.608,,ok,0.3418
8.8601,418,,,0.2254,,,,,,9.8826,r0_measured_00785,read,measured,,,,,0.4442,,ok,0.3038
18.0902,687,,,0.6531,,,,,,19.9364,r0_measured_00786,read,measured,,,,,0.7365,,ok,0.3725
78.2225,661,13.0138,6.1909,0.5678,2.5424,1,6.1894,1,24.6937,79.8204,r0_measured_00787,update,measured,18.5028,1.5979,1,13.6874,0.5961,24.2852,ok,0.357
14.0812,679,,,0.6486,,,,,,15.8529,r0_measured_00788,read,measured,,,,,0.6635,,ok,0.3788
15.9167,680,,,0.7584,,,,,,17.7661,r0_measured_00789,read,measured,,,,,0.6264,,ok,0.3824
13.6557,661,,,0.6875,,,,,,15.5231,r0_measured_00790,read,measured,,,,,0.705,,ok,0.3952
10.4047,418,,,0.2779,,,,,,11.6686,r0_measured_00791,read,measured,,,,,0.5786,,ok,0.3443
11.585,566,,,0.8488,,,,,,13.4614,r0_measured_00792,read,measured,,,,,0.592,,ok,0.3674
12.2542,629,,,0.6043,,,,,,13.9925,r0_measured_00793,read,measured,,,,,0.6764,,ok,0.3747
14.1388,679,,,0.6182,,,,,,15.8665,r0_measured_00794,read,measured,,,,,0.6515,,ok,0.3779
8.7032,367,,,0.2383,,,,,,10.8432,r0_measured_00795,read,measured,,,,,0.4774,,ok,1.3625
12.9139,663,,,0.7461,,,,,,14.7892,r0_measured_00796,read,measured,,,,,0.6179,,ok,0.4325
9.0085,418,,,0.2486,,,,,,10.1743,r0_measured_00797,read,measured,,,,,0.5041,,ok,0.338
10.1362,508,,,0.4633,,,,,,11.6086,r0_measured_00798,read,measured,,,,,0.6126,,ok,0.3284
11.5033,565,,,0.6525,,,,,,13.4814,r0_measured_00799,read,measured,,,,,0.7887,,ok,0.4555
12.4675,568,,,0.536,,,,,,14.0395,r0_measured_00800,read,measured,,,,,0.5963,,ok,0.3607
11.9486,568,,,0.5329,,,,,,13.6193,r0_measured_00801,read,measured,,,,,0.6204,,ok,0.4418
13.7735,681,,,0.6097,,,,,,15.6117,r0_measured_00802,read,measured,,,,,0.7495,,ok,0.3879
13.6131,626,,,0.5753,,,,,,15.299,r0_measured_00803,read,measured,,,,,0.6743,,ok,0.3604
9.5009,418,,,0.2847,,,,,,10.7182,r0_measured_00804,read,measured,,,,,0.5059,,ok,0.3657
10.9973,508,,,0.5209,,,,,,12.5315,r0_measured_00805,read,measured,,,,,0.5799,,ok,0.3595
10.8487,508,,,0.5213,,,,,,12.3411,r0_measured_00806,read,measured,,,,,0.5715,,ok,0.3358
13.379,679,,,0.6101,,,,,,15.3689,r0_measured_00807,read,measured,,,,,0.8708,,ok,0.4195
14.8997,568,,,0.5096,,,,,,16.4773,r0_measured_00808,read,measured,,,,,0.6275,,ok,0.3652
16.6314,657,,,0.7504,,,,,,18.6684,r0_measured_00809,read,measured,,,,,0.7967,,ok,0.3993
15.2018,678,,,0.5779,,,,,,17.066,r0_measured_00810,read,measured,,,,,0.7819,,ok,0.4196
15.086,681,,,0.744,,,,,,17.3209,r0_measured_00811,read,measured,,,,,0.8361,,ok,0.5274
9.4247,369,,,0.2525,,,,,,10.6084,r0_measured_00812,read,measured,,,,,0.476,,ok,0.3855
11.5047,563,,,0.5554,,,,,,13.1638,r0_measured_00813,read,measured,,,,,0.6416,,ok,0.3915
13.733,680,,,0.611,,,,,,15.5281,r0_measured_00814,read,measured,,,,,0.7372,,ok,0.3661
44.8777,368,7.5797,6.3478,0.23,1.2345,1,6.3463,1,24.8118,45.9351,r0_measured_00815,update,measured,18.464,1.0574,1,0.0065,0.4758,11.2452,ok,0.303
11.9234,680,,,0.6483,,,,,,13.7139,r0_measured_00816,read,measured,,,,,0.6834,,ok,0.3741
80.3358,509,12.1176,7.3785,0.5653,2.1858,1,7.3767,1,29.5043,82.1116,r0_measured_00817,update,measured,22.1258,1.7758,1,15.5911,0.6588,20.937,ok,0.4638
14.7036,509,,,0.7194,,,,,,17.2137,r0_measured_00818,read,measured,,,,,1.0748,,ok,0.6148
17.088,626,,,0.6879,,,,,,19.0679,r0_measured_00819,read,measured,,,,,0.7914,,ok,0.414
11.1033,507,,,0.439,,,,,,12.4619,r0_measured_00820,read,measured,,,,,0.4767,,ok,0.3378
20.602,680,,,0.6946,,,,,,22.5669,r0_measured_00821,read,measured,,,,,0.7671,,ok,0.413
14.9877,568,,,0.5896,,,,,,16.8621,r0_measured_00822,read,measured,,,,,0.8331,,ok,0.3734
13.9732,681,,,0.5897,,,,,,15.6409,r0_measured_00823,read,measured,,,,,0.6265,,ok,0.3721
14.4617,629,,,0.5373,,,,,,16.0103,r0_measured_00824,read,measured,,,,,0.6209,,ok,0.3237
9.5595,419,,,0.2534,,,,,,10.6872,r0_measured_00825,read,measured,,,,,0.517,,ok,0.3075
17.5938,679,,,0.9324,,,,,,20.4485,r0_measured_00826,read,measured,,,,,1.2403,,ok,0.5589
12.526,369,,,0.2513,,,,,,13.7196,r0_measured_00827,read,measured,,,,,0.4651,,ok,0.4132
11.8369,674,,,0.5512,,,,,,13.4958,r0_measured_00828,read,measured,,,,,0.7275,,ok,0.3083
11.9642,628,,,0.518,,,,,,13.4996,r0_measured_00829,read,measured,,,,,0.6241,,ok,0.3184
8.7936,367,,,0.2383,,,,,,9.8753,r0_measured_00830,read,measured,,,,,0.4817,,ok,0.3068
13.0018,661,,,1.0338,,,,,,16.0874,r0_measured_00831,read,measured,,,,,0.7792,,ok,1.1791
13.0847,680,,,0.532,,,,,,14.7308,r0_measured_00832,read,measured,,,,,0.7278,,ok,0.3166
12.8638,688,,,0.6622,,,,,,14.7648,r0_measured_00833,read,measured,,,,,0.7714,,ok,0.3792
13.5741,675,,,0.531,,,,,,15.253,r0_measured_00834,read,measured,,,,,0.6896,,ok,0.3774
10.6024,567,,,0.5292,,,,,,12.0812,r0_measured_00835,read,measured,,,,,0.5695,,ok,0.3209
12.7461,674,,,0.539,,,,,,14.3385,r0_measured_00836,read,measured,,,,,0.6305,,ok,0.3445
12.0738,628,,,0.6099,,,,,,13.8852,r0_measured_00837,read,measured,,,,,0.6692,,ok,0.4499
14.005,680,,,0.556,,,,,,15.6146,r0_measured_00838,read,measured,,,,,0.6257,,ok,0.3432
12.3639,674,,,0.5405,,,,,,13.9329,r0_measured_00839,read,measured,,,,,0.6154,,ok,0.3311
12.7959,680,,,0.625,,,,,,14.5967,r0_measured_00840,read,measured,,,,,0.6969,,ok,0.3748
13.6684,627,,,0.5206,,,,,,15.2614,r0_measured_00841,read,measured,,,,,0.6387,,ok,0.358
11.9484,629,,,0.4296,,,,,,13.3169,r0_measured_00842,read,measured,,,,,0.5525,,ok,0.3185
8.6783,418,,,0.2784,,,,,,9.9302,r0_measured_00843,read,measured,,,,,0.5775,,ok,0.3301
12.9724,689,,,0.5072,,,,,,14.5334,r0_measured_00844,read,measured,,,,,0.6282,,ok,0.3417
13.6608,629,,,0.8234,,,,,,15.839,r0_measured_00845,read,measured,,,,,0.8021,,ok,0.4461
12.2959,506,,,0.5987,,,,,,13.9529,r0_measured_00846,read,measured,,,,,0.577,,ok,0.4045
10.0546,507,,,0.4422,,,,,,11.4244,r0_measured_00847,read,measured,,,,,0.5243,,ok,0.3431
12.1936,673,,,0.7036,,,,,,14.0769,r0_measured_00848,read,measured,,,,,0.6888,,ok,0.4026
12.8837,661,,,0.5378,,,,,,14.3897,r0_measured_00849,read,measured,,,,,0.5734,,ok,0.3217
8.2922,419,,,0.2777,,,,,,9.4868,r0_measured_00850,read,measured,,,,,0.5155,,ok,0.3327
8.7887,419,,,0.2688,,,,,,9.877,r0_measured_00851,read,measured,,,,,0.4471,,ok,0.3135
13.1312,677,,,0.6623,,,,,,15.0409,r0_measured_00852,read,measured,,,,,0.6635,,ok,0.4939
14.1656,678,,,0.5658,,,,,,15.8989,r0_measured_00853,read,measured,,,,,0.6989,,ok,0.3894
10.1363,506,,,0.4913,,,,,,11.5977,r0_measured_00854,read,measured,,,,,0.5148,,ok,0.394
13.6111,663,,,0.6937,,,,,,15.7295,r0_measured_00855,read,measured,,,,,0.8028,,ok,0.5142
13.9615,627,,,0.5938,,,,,,15.6445,r0_measured_00856,read,measured,,,,,0.6428,,ok,0.3683
10.3314,506,,,0.8923,,,,,,12.5548,r0_measured_00857,read,measured,,,,,0.5293,,ok,0.7379
12.5107,677,,,0.7116,,,,,,14.5196,r0_measured_00858,read,measured,,,,,0.7545,,ok,0.4507
15.8625,676,,,0.5439,,,,,,17.4289,r0_measured_00859,read,measured,,,,,0.6282,,ok,0.3208
11.5183,674,,,0.5454,,,,,,13.0964,r0_measured_00860,read,measured,,,,,0.6486,,ok,0.3043
13.813,688,,,0.6504,,,,,,15.632,r0_measured_00861,read,measured,,,,,0.6614,,ok,0.4251
87.195,566,12.3128,11.4811,0.4713,2.1923,1,11.4792,1,36.1046,88.7349,r0_measured_00862,update,measured,24.6235,1.5399,1,14.8395,0.612,21.7458,ok,0.3586
14.0152,679,,,0.7996,,,,,,16.0612,r0_measured_00863,read,measured,,,,,0.7416,,ok,0.4117
13.8935,680,,,0.6559,,,,,,15.5753,r0_measured_00864,read,measured,,,,,0.6149,,ok,0.3316
10.4369,568,,,0.4623,,,,,,11.8289,r0_measured_00865,read,measured,,,,,0.5127,,ok,0.356
12.0322,681,,,0.7178,,,,,,14.469,r0_measured_00866,read,measured,,,,,0.8484,,ok,0.7247
16.1674,681,,,0.6232,,,,,,17.932,r0_measured_00867,read,measured,,,,,0.6896,,ok,0.3672
12.623,679,,,0.5558,,,,,,14.2681,r0_measured_00868,read,measured,,,,,0.5941,,ok,0.4224
57.2703,628,12.1506,5.6144,0.5329,2.1571,1,5.6128,1,21.3717,58.7093,r0_measured_00869,update,measured,15.7573,1.439,1,0.0059,0.5345,21.585,ok,0.3118
16.0422,568,,,0.4505,,,,,,17.3966,r0_measured_00870,read,measured,,,,,0.5365,,ok,0.3004
16.4912,680,,,0.713,,,,,,18.6871,r0_measured_00871,read,measured,,,,,0.8923,,ok,0.4915
17.6737,681,,,0.5238,,,,,,19.2945,r0_measured_00872,read,measured,,,,,0.6824,,ok,0.337
92.7536,687,12.926,11.3831,0.5432,2.4433,1,11.3814,1,39.0964,94.3626,r0_measured_00873,update,measured,27.7133,1.609,1,17.287,0.6405,21.0009,ok,0.3154
35.6146,678,,,1.2042,,,,,,39.1766,r0_measured_00874,read,measured,,,,,1.4639,,ok,0.7241
15.0476,419,,,0.3298,,,,,,16.5183,r0_measured_00875,read,measured,,,,,0.6512,,ok,0.4159
14.4544,679,,,0.5565,,,,,,16.1152,r0_measured_00876,read,measured,,,,,0.6883,,ok,0.3427
12.988,678,,,0.6541,,,,,,14.7879,r0_measured_00877,read,measured,,,,,0.6616,,ok,0.4048
13.8183,508,,,0.5359,,,,,,15.4915,r0_measured_00878,read,measured,,,,,0.6487,,ok,0.4103
13.704,629,,,0.7052,,,,,,15.5701,r0_measured_00879,read,measured,,,,,0.6827,,ok,0.3888
11.5554,566,,,0.5695,,,,,,13.2937,r0_measured_00880,read,measured,,,,,0.732,,ok,0.3668
12.8475,677,,,0.498,,,,,,14.3193,r0_measured_00881,read,measured,,,,,0.5954,,ok,0.3083
8.9074,419,,,0.2676,,,,,,10.0815,r0_measured_00882,read,measured,,,,,0.4998,,ok,0.3414
14.5183,688,,,0.7719,,,,,,16.6866,r0_measured_00883,read,measured,,,,,0.7347,,ok,0.5588
13.3945,565,,,0.515,,,,,,15.0076,r0_measured_00884,read,measured,,,,,0.6587,,ok,0.3646
13.8731,662,,,0.5377,,,,,,15.4992,r0_measured_00885,read,measured,,,,,0.6663,,ok,0.3448
12.3787,675,,,0.4748,,,,,,13.9022,r0_measured_00886,read,measured,,,,,0.6653,,ok,0.3129
8.5596,418,,,0.2659,,,,,,9.8123,r0_measured_00887,read,measured,,,,,0.6265,,ok,0.3008
11.3252,628,,,0.7061,,,,,,13.244,r0_measured_00888,read,measured,,,,,0.6712,,ok,0.4691
12.6792,681,,,0.6456,,,,,,14.4568,r0_measured_00889,read,measured,,,,,0.721,,ok,0.3397
12.3745,661,,,0.5499,,,,,,14.0919,r0_measured_00890,read,measured,,,,,0.7037,,ok,0.3894
8.3945,368,,,0.2656,,,,,,9.5495,r0_measured_00891,read,measured,,,,,0.4601,,ok,0.3661
13.3957,680,,,0.5538,,,,,,15.2044,r0_measured_00892,read,measured,,,,,0.827,,ok,0.344
88.5529,687,20.6634,10.3173,0.651,3.3612,1,10.3157,1,44.4251,90.5568,r0_measured_00893,update,measured,34.1078,2.0039,1,0.0063,0.8298,20.0969,ok,0.418
15.3925,663,,,0.5788,,,,,,17.1867,r0_measured_00894,read,measured,,,,,0.742,,ok,0.3867
15.2339,661,,,0.5918,,,,,,17.1237,r0_measured_00895,read,measured,,,,,0.8205,,ok,0.3925
15.8118,681,,,0.5981,,,,,,17.6572,r0_measured_00896,read,measured,,,,,0.7602,,ok,0.3989
13.2321,628,,,0.6235,,,,,,14.9642,r0_measured_00897,read,measured,,,,,0.6369,,ok,0.3907
17.1085,689,,,0.6215,,,,,,18.9094,r0_measured_00898,read,measured,,,,,0.7065,,ok,0.3875
14.1845,681,,,0.6374,,,,,,15.9963,r0_measured_00899,read,measured,,,,,0.6958,,ok,0.3955
15.5473,679,,,0.6968,,,,,,17.5152,r0_measured_00900,read,measured,,,,,0.7491,,ok,0.4333
14.0851,629,,,0.5681,,,,,,15.7921,r0_measured_00901,read,measured,,,,,0.6565,,ok,0.4009
12.3942,418,,,0.3063,,,,,,13.7199,r0_measured_00902,read,measured,,,,,0.588,,ok,0.3606
14.7273,678,,,0.5988,,,,,,16.3834,r0_measured_00903,read,measured,,,,,0.6172,,ok,0.3604
17.385,680,,,0.6774,,,,,,19.3844,r0_measured_00904,read,measured,,,,,0.7769,,ok,0.4435
12.2637,506,,,0.5108,,,,,,13.8256,r0_measured_00905,read,measured,,,,,0.5888,,ok,0.3925
14.7041,663,,,0.6294,,,,,,16.5019,r0_measured_00906,read,measured,,,,,0.6684,,ok,0.4132
63.0475,509,17.0473,5.1033,0.4765,2.3618,1,5.1015,1,24.1543,64.5993,r0_measured_00907,update,measured,19.051,1.5518,1,0.007,0.6089,19.4771,ok,0.3907
13.9181,626,,,0.577,,,,,,15.6307,r0_measured_00908,read,measured,,,,,0.6582,,ok,0.3956
10.4848,418,,,0.3523,,,,,,11.8601,r0_measured_00909,read,measured,,,,,0.5835,,ok,0.363
13.4138,565,,,0.7028,,,,,,15.4594,r0_measured_00910,read,measured,,,,,0.7219,,ok,0.5306
21.8695,674,,,0.8032,,,,,,24.0543,r0_measured_00911,read,measured,,,,,0.8655,,ok,0.4256
16.0788,680,,,0.6171,,,,,,17.9776,r0_measured_00912,read,measured,,,,,0.8136,,ok,0.3793
14.5674,680,,,0.7732,,,,,,16.5299,r0_measured_00913,read,measured,,,,,0.7216,,ok,0.3836
88.7323,658,15.3099,8.4731,0.6263,2.7053,1,8.471,1,31.0975,90.5986,r0_measured_00914,update,measured,22.6244,1.8663,1,12.7584,0.7256,26.8612,ok,0.4254
12.4171,506,,,0.5686,,,,,,14.1662,r0_measured_00915,read,measured,,,,,0.6621,,ok,0.4275
13.8345,629,,,0.6766,,,,,,15.7896,r0_measured_00916,read,measured,,,,,0.7737,,ok,0.4181
16.756,674,,,0.6498,,,,,,18.5521,r0_measured_00917,read,measured,,,,,0.6859,,ok,0.3751
9.0857,369,,,0.3204,,,,,,10.4597,r0_measured_00918,read,measured,,,,,0.589,,ok,0.39
15.3105,677,,,0.6542,,,,,,17.3212,r0_measured_00919,read,measured,,,,,0.83,,ok,0.4304
9.9806,369,,,0.2663,,,,,,11.2573,r0_measured_00920,read,measured,,,,,0.5558,,ok,0.3876
9.8237,367,,,0.3068,,,,,,11.2067,r0_measured_00921,read,measured,,,,,0.5995,,ok,0.3998
14.3951,677,,,0.6407,,,,,,16.1399,r0_measured_00922,read,measured,,,,,0.6466,,ok,0.3731
14.1417,680,,,0.8526,,,,,,16.4942,r0_measured_00923,read,measured,,,,,0.8758,,ok,0.5249
16.2496,566,,,0.6384,,,,,,18.2188,r0_measured_00924,read,measured,,,,,0.7964,,ok,0.4449
14.7236,680,,,0.5766,,,,,,16.4417,r0_measured_00925,read,measured,,,,,0.6821,,ok,0.3707
14.2244,663,,,0.6133,,,,,,16.1129,r0_measured_00926,read,measured,,,,,0.7309,,ok,0.4494
11.9993,565,,,0.5554,,,,,,13.5829,r0_measured_00927,read,measured,,,,,0.6173,,ok,0.3433
9.4309,419,,,0.2669,,,,,,10.5983,r0_measured_00928,read,measured,,,,,0.516,,ok,0.3217
13.0282,681,,,0.5972,,,,,,14.7067,r0_measured_00929,read,measured,,,,,0.654,,ok,0.352
55.1009,507,11.6369,4.5826,0.584,1.866,0,4.5809,1,24.3175,56.8466,r0_measured_00930,update,measured,19.7349,1.7457,1,0.0062,0.6572,17.2743,ok,0.4224
15.2231,661,,,0.5666,,,,,,17.0838,r0_measured_00931,read,measured,,,,,0.8001,,ok,0.4104
13.7225,679,,,0.6521,,,,,,15.5659,r0_measured_00932,read,measured,,,,,0.7251,,ok,0.3819
14.2126,681,,,0.5839,,,,,,15.8472,r0_measured_00933,read,measured,,,,,0.6282,,ok,0.3491
13.3536,509,,,0.5097,,,,,,14.8382,r0_measured_00934,read,measured,,,,,0.569,,ok,0.3363
15.4787,418,,,0.2723,,,,,,16.6688,r0_measured_00935,read,measured,,,,,0.5202,,ok,0.334
8.6932,418,,,0.3526,,,,,,10.0646,r0_measured_00936,read,measured,,,,,0.5706,,ok,0.3828
14.4173,680,,,0.5481,,,,,,16.0564,r0_measured_00937,read,measured,,,,,0.675,,ok,0.3359
10.4935,367,,,0.264,,,,,,11.632,r0_measured_00938,read,measured,,,,,0.5031,,ok,0.3133
24.5205,662,,,0.5786,,,,,,26.06,r0_measured_00939,read,measured,,,,,0.5781,,ok,0.3105
14.6609,628,,,0.5333,,,,,,16.3358,r0_measured_00940,read,measured,,,,,0.7097,,ok,0.3536
16.4139,680,,,0.5661,,,,,,18.0652,r0_measured_00941,read,measured,,,,,0.6668,,ok,0.3467
12.1341,679,,,0.6035,,,,,,13.829,r0_measured_00942,read,measured,,,,,0.6585,,ok,0.3526
10.9804,565,,,0.531,,,,,,12.6968,r0_measured_00943,read,measured,,,,,0.6945,,ok,0.4177
13.3011,686,,,0.6213,,,,,,14.9983,r0_measured_00944,read,measured,,,,,0.6567,,ok,0.3373
10.7079,509,,,0.4495,,,,,,12.1533,r0_measured_00945,read,measured,,,,,0.6024,,ok,0.324
8.5858,419,,,0.2944,,,,,,9.7859,r0_measured_00946,read,measured,,,,,0.5315,,ok,0.3198
12.972,418,,,0.3137,,,,,,14.3665,r0_measured_00947,read,measured,,,,,0.5653,,ok,0.4376
14.8212,688,,,0.5815,,,,,,16.4627,r0_measured_00948,read,measured,,,,,0.6438,,ok,0.3397
9.5171,508,,,0.4764,,,,,,11.0576,r0_measured_00949,read,measured,,,,,0.5919,,ok,0.4073
22.6845,628,,,0.7728,,,,,,24.8898,r0_measured_00950,read,measured,,,,,0.8047,,ok,0.5349
15.5091,679,,,0.6034,,,,,,17.3308,r0_measured_00951,read,measured,,,,,0.7251,,ok,0.4036
60.9765,508,14.7885,7.2014,0.7665,1.6736,0,7.1997,1,27.1356,63.3794,r0_measured_00952,update,measured,19.9342,2.4029,1,0.0069,0.8164,17.3719,ok,0.705
16.3056,628,,,0.572,,,,,,18.058,r0_measured_00953,read,measured,,,,,0.6908,,ok,0.4103
9.7777,509,,,0.5334,,,,,,11.2783,r0_measured_00954,read,measured,,,,,0.5372,,ok,0.3602
13.841,685,,,0.574,,,,,,15.4462,r0_measured_00955,read,measured,,,,,0.6234,,ok,0.3317
9.9307,507,,,0.5465,,,,,,11.6891,r0_measured_00956,read,measured,,,,,0.6768,,ok,0.4584
14.4462,674,,,0.5749,,,,,,16.1085,r0_measured_00957,read,measured,,,,,0.6586,,ok,0.3482
10.2433,508,,,0.9458,,,,,,12.5296,r0_measured_00958,read,measured,,,,,0.7044,,ok,0.5506
13.8575,628,,,0.8345,,,,,,15.9457,r0_measured_00959,read,measured,,,,,0.7963,,ok,0.3636
12.4292,661,,,0.7428,,,,,,14.7157,r0_measured_00960,read,measured,,,,,0.7393,,ok,0.7005
14.6915,686,,,0.6116,,,,,,16.7623,r0_measured_00961,read,measured,,,,,0.7767,,ok,0.5231
13.5264,676,,,0.5686,,,,,,15.5147,r0_measured_00962,read,measured,,,,,0.7257,,ok,0.5469
10.1269,419,,,0.2929,,,,,,11.373,r0_measured_00963,read,measured,,,,,0.5207,,ok,0.3642
11.3141,509,,,0.6358,,,,,,13.0777,r0_measured_00964,read,measured,,,,,0.6649,,ok,0.3824
13.9156,681,,,0.8135,,,,,,15.9378,r0_measured_00965,read,measured,,,,,0.732,,ok,0.3885
14.6682,678,,,0.5802,,,,,,16.4193,r0_measured_00966,read,measured,,,,,0.6625,,ok,0.3948
12.6387,680,,,0.5805,,,,,,14.2907,r0_measured_00967,read,measured,,,,,0.6263,,ok,0.3624
15.4538,688,,,0.6967,,,,,,17.6263,r0_measured_00968,read,measured,,,,,0.9014,,ok,0.4738
80.3428,628,13.0652,8.5982,0.6041,2.3033,0,8.5942,1,30.7119,81.9854,r0_measured_00969,update,measured,22.1137,1.6426,1,12.0533,0.5771,22.2091,ok,0.3892
13.4818,678,,,0.6146,,,,,,15.2817,r0_measured_00970,read,measured,,,,,0.7338,,ok,0.3767
9.116,368,,,0.2366,,,,,,10.2403,r0_measured_00971,read,measured,,,,,0.4958,,ok,0.3336
10.1725,369,,,0.2948,,,,,,11.4172,r0_measured_00972,read,measured,,,,,0.4821,,ok,0.4007
12.7612,568,,,0.5578,,,,,,14.3577,r0_measured_00973,read,measured,,,,,0.6018,,ok,0.3558
14.9469,672,,,0.6799,,,,,,17.1405,r0_measured_00974,read,measured,,,,,0.8555,,ok,0.5198
76.71,564,12.0601,8.3957,0.6019,2.2731,1,8.3938,1,28.1509,78.5466,r0_measured_00975,update,measured,19.7552,1.8366,1,12.5542,0.697,21.6717,ok,0.4532
77.5235,673,13.4981,6.9293,0.5589,2.5846,1,6.9274,1,27.5438,79.1937,r0_measured_00976,update,measured,20.6145,1.6702,1,13.3417,0.6899,20.5553,ok,0.3438
13.388,680,,,0.505,,,,,,14.9948,r0_measured_00977,read,measured,,,,,0.6764,,ok,0.3567
14.3402,418,,,0.2436,,,,,,15.4205,r0_measured_00978,read,measured,,,,,0.467,,ok,0.3112
18.5092,629,,,0.5523,,,,,,20.0002,r0_measured_00979,read,measured,,,,,0.5676,,ok,0.31
16.0156,688,,,0.7552,,,,,,17.9221,r0_measured_00980,read,measured,,,,,0.6063,,ok,0.4545
13.8941,567,,,0.4908,,,,,,15.3974,r0_measured_00981,read,measured,,,,,0.5869,,ok,0.3569
13.9462,568,,,0.5389,,,,,,15.4543,r0_measured_00982,read,measured,,,,,0.5461,,ok,0.3496
9.2061,418,,,0.2439,,,,,,10.3074,r0_measured_00983,read,measured,,,,,0.4387,,ok,0.3627
15.813,687,,,0.5954,,,,,,17.6145,r0_measured_00984,read,measured,,,,,0.7406,,ok,0.3799
14.8234,678,,,0.5429,,,,,,16.49,r0_measured_00985,read,measured,,,,,0.6592,,ok,0.3785
15.5442,677,,,0.6691,,,,,,17.5765,r0_measured_00986,read,measured,,,,,0.802,,ok,0.4693
19.7875,680,,,0.6476,,,,,,21.6219,r0_measured_00987,read,measured,,,,,0.7389,,ok,0.3656
10.5679,369,,,0.3013,,,,,,11.8476,r0_measured_00988,read,measured,,,,,0.5044,,ok,0.4069
21.3671,628,,,0.5501,,,,,,22.9963,r0_measured_00989,read,measured,,,,,0.6462,,ok,0.3548
18.7541,676,,,0.651,,,,,,20.6228,r0_measured_00990,read,measured,,,,,0.7479,,ok,0.386
12.3745,566,,,0.521,,,,,,14.052,r0_measured_00991,read,measured,,,,,0.6478,,ok,0.4234
14.1696,662,,,0.5442,,,,,,15.8092,r0_measured_00992,read,measured,,,,,0.6539,,ok,0.3627
78.6171,628,12.0258,8.5374,0.5572,2.1837,1,8.5355,1,32.3435,80.2387,r0_measured_00993,update,measured,23.8061,1.6216,1,12.3339,0.593,19.7302,ok,0.3894
18.3142,680,,,0.7115,,,,,,20.2994,r0_measured_00994,read,measured,,,,,0.7835,,ok,0.4024
11.9317,568,,,0.6046,,,,,,13.8058,r0_measured_00995,read,measured,,,,,0.7106,,ok,0.4648
12.3248,508,,,0.5026,,,,,,13.839,r0_measured_00996,read,measured,,,,,0.5801,,ok,0.3634
72.5526,629,12.6932,7.0435,0.6658,2.1259,1,7.0418,1,26.1953,74.5859,r0_measured_00997,update,measured,19.1518,2.0333,1,12.0059,0.7947,19.5323,ok,0.4745
14.6844,679,,,0.6732,,,,,,16.5906,r0_measured_00998,read,measured,,,,,0.6823,,ok,0.4619
11.2451,566,,,0.4458,,,,,,12.6874,r0_measured_00999,read,measured,,,,,0.5899,,ok,0.3269
13.0485,688,,,0.597,,,,,,14.7782,r0_measured_01000,read,measured,,,,,0.6756,,ok,0.3762
12.4038,568,,,0.5582,,,,,,13.9868,r0_measured_01001,read,measured,,,,,0.6118,,ok,0.344
15.4149,680,,,0.638,,,,,,17.401,r0_measured_01002,read,measured,,,,,0.8266,,ok,0.4316
15.442,677,,,0.5391,,,,,,17.0699,r0_measured_01003,read,measured,,,,,0.654,,ok,0.3536
10.2128,508,,,0.4585,,,,,,11.694,r0_measured_01004,read,measured,,,,,0.5956,,ok,0.3526
13.017,688,,,0.4848,,,,,,14.6599,r0_measured_01005,read,measured,,,,,0.7354,,ok,0.3372
11.3801,567,,,0.4832,,,,,,12.9689,r0_measured_01006,read,measured,,,,,0.6759,,ok,0.3592
9.8264,509,,,0.5958,,,,,,11.4344,r0_measured_01007,read,measured,,,,,0.5767,,ok,0.3565
13.5174,674,,,0.783,,,,,,15.3643,r0_measured_01008,read,measured,,,,,0.6318,,ok,0.357
11.6308,626,,,0.4794,,,,,,13.0741,r0_measured_01009,read,measured,,,,,0.5677,,ok,0.3302
14.1383,677,,,0.6486,,,,,,16.067,r0_measured_01010,read,measured,,,,,0.7668,,ok,0.4228
14.6631,628,,,0.604,,,,,,16.4918,r0_measured_01011,read,measured,,,,,0.7576,,ok,0.3904
13.6968,688,,,0.6298,,,,,,15.3565,r0_measured_01012,read,measured,,,,,0.61,,ok,0.3364
9.3641,418,,,0.2665,,,,,,10.465,r0_measured_01013,read,measured,,,,,0.455,,ok,0.3242
10.2967,626,,,0.5542,,,,,,11.9004,r0_measured_01014,read,measured,,,,,0.5723,,ok,0.4004
10.3781,418,,,0.2731,,,,,,11.5717,r0_measured_01015,read,measured,,,,,0.494,,ok,0.3619
14.3649,657,,,0.489,,,,,,16.3235,r0_measured_01016,read,measured,,,,,1.0441,,ok,0.3231
10.5991,566,,,0.5986,,,,,,12.3979,r0_measured_01017,read,measured,,,,,0.71,,ok,0.4094
10.7402,509,,,0.4289,,,,,,12.1605,r0_measured_01018,read,measured,,,,,0.5533,,ok,0.3736
10.1592,509,,,0.4991,,,,,,11.7025,r0_measured_01019,read,measured,,,,,0.5875,,ok,0.3896
12.898,678,,,0.6963,,,,,,14.7029,r0_measured_01020,read,measured,,,,,0.6625,,ok,0.3636
10.5926,568,,,0.5328,,,,,,12.1182,r0_measured_01021,read,measured,,,,,0.5653,,ok,0.3563
14.38,689,,,0.5617,,,,,,16.1079,r0_measured_01022,read,measured,,,,,0.7502,,ok,0.3372
13.3055,680,,,0.6367,,,,,,15.2433,r0_measured_01023,read,measured,,,,,0.7984,,ok,0.411
14.3994,663,,,0.634,,,,,,16.2651,r0_measured_01024,read,measured,,,,,0.7634,,ok,0.3783
13.4958,688,,,0.629,,,,,,15.1804,r0_measured_01025,read,measured,,,,,0.6244,,ok,0.3529
12.845,629,,,0.6643,,,,,,14.7123,r0_measured_01026,read,measured,,,,,0.7099,,ok,0.4043
14.3174,661,,,0.6025,,,,,,16.0541,r0_measured_01027,read,measured,,,,,0.6943,,ok,0.3603
13.0845,689,,,0.5147,,,,,,14.7621,r0_measured_01028,read,measured,,,,,0.7418,,ok,0.3467
13.2213,685,,,0.6058,,,,,,14.8577,r0_measured_01029,read,measured,,,,,0.6075,,ok,0.3469
13.3217,663,,,0.6096,,,,,,15.1053,r0_measured_01030,read,measured,,,,,0.7138,,ok,0.3833
14.9381,687,,,0.5552,,,,,,16.6447,r0_measured_01031,read,measured,,,,,0.7048,,ok,0.3588
9.1027,419,,,0.247,,,,,,10.1783,r0_measured_01032,read,measured,,,,,0.4665,,ok,0.3087
10.4659,508,,,0.5417,,,,,,12.0772,r0_measured_01033,read,measured,,,,,0.5457,,ok,0.4348
14.6988,629,,,0.8166,,,,,,16.6804,r0_measured_01034,read,measured,,,,,0.6407,,ok,0.4443
11.1737,568,,,0.488,,,,,,12.6424,r0_measured_01035,read,measured,,,,,0.5403,,ok,0.3725
9.6336,509,,,0.528,,,,,,11.1514,r0_measured_01036,read,measured,,,,,0.5836,,ok,0.3349
13.7354,686,,,0.694,,,,,,15.5445,r0_measured_01037,read,measured,,,,,0.5443,,ok,0.4724
13.0231,568,,,0.5666,,,,,,14.664,r0_measured_01038,read,measured,,,,,0.6373,,ok,0.3599
13.0283,674,,,0.5533,,,,,,14.6397,r0_measured_01039,read,measured,,,,,0.6293,,ok,0.3518
14.3119,680,,,0.6348,,,,,,16.2412,r0_measured_01040,read,measured,,,,,0.7898,,ok,0.4154
14.693,678,,,0.5757,,,,,,16.4299,r0_measured_01041,read,measured,,,,,0.7213,,ok,0.3634
13.0608,663,,,0.5425,,,,,,14.766,r0_measured_01042,read,measured,,,,,0.7065,,ok,0.3879
13.6174,674,,,0.5324,,,,,,15.3566,r0_measured_01043,read,measured,,,,,0.7629,,ok,0.3641
9.4598,418,,,0.2512,,,,,,10.5702,r0_measured_01044,read,measured,,,,,0.4622,,ok,0.3379
68.34,508,11.9681,7.5878,0.511,1.932,1,7.5862,1,22.3026,69.9136,r0_measured_01045,update,measured,14.7148,1.5736,1,10.7255,0.6316,21.4118,ok,0.3631
14.1837,663,,,0.5686,,,,,,15.9343,r0_measured_01046,read,measured,,,,,0.6918,,ok,0.3905
17.2919,689,,,0.6888,,,,,,19.4196,r0_measured_01047,read,measured,,,,,0.8064,,ok,0.5292
17.9599,675,,,0.6302,,,,,,19.8311,r0_measured_01048,read,measured,,,,,0.7714,,ok,0.3878
15.3696,676,,,0.6446,,,,,,17.2773,r0_measured_01049,read,measured,,,,,0.7573,,ok,0.4192
9.9355,369,,,0.27,,,,,,11.244,r0_measured_01050,read,measured,,,,,0.5801,,ok,0.3934
10.3941,418,,,0.2725,,,,,,11.6904,r0_measured_01051,read,measured,,,,,0.5902,,ok,0.3691
10.9948,507,,,0.4928,,,,,,12.5693,r0_measured_01052,read,measured,,,,,0.638,,ok,0.3674
13.0145,629,,,0.5315,,,,,,14.6251,r0_measured_01053,read,measured,,,,,0.6227,,ok,0.3789
13.8624,689,,,0.7263,,,,,,15.8364,r0_measured_01054,read,measured,,,,,0.7447,,ok,0.4109
14.9459,628,,,0.5659,,,,,,16.8358,r0_measured_01055,read,measured,,,,,0.7619,,ok,0.4659
80.7319,688,15.0322,9.8655,0.5735,2.594,0,9.8638,1,28.1759,82.4265,r0_measured_01056,update,measured,18.3104,1.6946,1,12.9858,0.6792,21.944,ok,0.3676
13.8307,689,,,0.6101,,,,,,15.709,r0_measured_01057,read,measured,,,,,0.7755,,ok,0.4076
62.9696,369,10.8492,7.3026,0.2832,2.1033,1,7.301,1,26.1286,64.3098,r0_measured_01058,update,measured,18.826,1.3402,1,11.7388,0.6173,12.1497,ok,0.374
13.8775,680,,,0.5874,,,,,,15.637,r0_measured_01059,read,measured,,,,,0.7412,,ok,0.3563
13.4709,680,,,0.6356,,,,,,15.2596,r0_measured_01060,read,measured,,,,,0.7056,,ok,0.3647
8.9861,367,,,0.2205,,,,,,10.0345,r0_measured_01061,read,measured,,,,,0.4546,,ok,0.3229
58.2193,368,9.2462,6.6983,0.2206,1.5055,1,6.6965,1,20.4756,59.3193,r0_measured_01062,update,measured,13.7773,1.1,1,12.3112,0.4931,14.6808,ok,0.3293
15.1319,657,,,0.5688,,,,,,16.8856,r0_measured_01063,read,measured,,,,,0.7265,,ok,0.3795
9.6493,419,,,0.4259,,,,,,11.2061,r0_measured_01064,read,measured,,,,,0.6351,,ok,0.4181
10.3482,509,,,0.4804,,,,,,11.7501,r0_measured_01065,read,measured,,,,,0.5328,,ok,0.3304
47.9305,419,9.3469,5.0419,0.2743,1.572,0,5.0398,1,21.8176,49.0962,r0_measured_01066,update,measured,16.7757,1.1657,1,0.0054,0.49,15.1886,ok,0.3455
13.2233,686,,,0.5058,,,,,,14.8148,r0_measured_01067,read,measured,,,,,0.6725,,ok,0.3382
13.0218,679,,,0.5555,,,,,,14.6978,r0_measured_01068,read,measured,,,,,0.6819,,ok,0.3644
87.3372,689,16.9387,9.9157,0.6938,2.6562,1,9.9141,1,30.5757,89.3715,r0_measured_01069,update,measured,20.66,2.0343,1,13.1014,0.7425,24.0652,ok,0.5018
10.5506,418,,,0.2993,,,,,,11.8995,r0_measured_01070,read,measured,,,,,0.6083,,ok,0.3711
10.2682,418,,,0.275,,,,,,11.5184,r0_measured_01071,read,measured,,,,,0.5525,,ok,0.3598
12.5264,629,,,0.6547,,,,,,14.2673,r0_measured_01072,read,measured,,,,,0.6181,,ok,0.39
13.4012,628,,,0.6212,,,,,,15.4057,r0_measured_01073,read,measured,,,,,0.7618,,ok,0.5215
14.6492,677,,,0.6817,,,,,,16.4584,r0_measured_01074,read,measured,,,,,0.6509,,ok,0.393
12.1217,566,,,0.4974,,,,,,13.6813,r0_measured_01075,read,measured,,,,,0.6134,,ok,0.3676
51.7139,369,8.4272,9.1223,0.2225,1.4395,1,9.1199,1,28.7423,52.7406,r0_measured_01076,update,measured,19.62,1.0267,1,0.0061,0.4141,13.0988,ok,0.3388
12.8448,626,,,0.6257,,,,,,14.63,r0_measured_01077,read,measured,,,,,0.6838,,ok,0.3891
12.5537,509,,,0.4889,,,,,,14.1685,r0_measured_01078,read,measured,,,,,0.6297,,ok,0.4247
13.2639,568,,,0.4895,,,,,,14.7304,r0_measured_01079,read,measured,,,,,0.5453,,ok,0.3663
13.873,673,,,0.6316,,,,,,15.7477,r0_measured_01080,read,measured,,,,,0.7587,,ok,0.4014
14.9992,628,,,0.5486,,,,,,16.6562,r0_measured_01081,read,measured,,,,,0.6602,,ok,0.377
11.7745,509,,,0.5673,,,,,,13.5006,r0_measured_01082,read,measured,,,,,0.6719,,ok,0.4108
14.9869,678,,,0.6297,,,,,,16.9959,r0_measured_01083,read,measured,,,,,0.8601,,ok,0.4298
11.48,508,,,0.4986,,,,,,13.0562,r0_measured_01084,read,measured,,,,,0.6236,,ok,0.3814
12.0777,568,,,0.5456,,,,,,13.6804,r0_measured_01085,read,measured,,,,,0.6058,,ok,0.3845
12.2854,567,,,0.5963,,,,,,14.0435,r0_measured_01086,read,measured,,,,,0.7017,,ok,0.3838
14.8479,675,,,0.7057,,,,,,16.7916,r0_measured_01087,read,measured,,,,,0.7214,,ok,0.4331
12.0707,564,,,0.5673,,,,,,13.8666,r0_measured_01088,read,measured,,,,,0.6562,,ok,0.4754
13.6671,675,,,0.5576,,,,,,15.3101,r0_measured_01089,read,measured,,,,,0.6673,,ok,0.3402
13.3917,679,,,0.6606,,,,,,15.2505,r0_measured_01090,read,measured,,,,,0.7123,,ok,0.4037
13.5246,663,,,0.5564,,,,,,15.202,r0_measured_01091,read,measured,,,,,0.7044,,ok,0.3407
13.2386,663,,,0.5741,,,,,,15.136,r0_measured_01092,read,measured,,,,,0.826,,ok,0.4098
15.6073,509,,,0.5675,,,,,,17.272,r0_measured_01093,read,measured,,,,,0.6439,,ok,0.3803
17.9853,661,,,0.5441,,,,,,19.5856,r0_measured_01094,read,measured,,,,,0.6193,,ok,0.3642
13.8727,688,,,0.6424,,,,,,15.6529,r0_measured_01095,read,measured,,,,,0.7006,,ok,0.3556
12.7183,629,,,0.5282,,,,,,14.407,r0_measured_01096,read,measured,,,,,0.6817,,ok,0.401
15.2148,688,,,0.5372,,,,,,16.9763,r0_measured_01097,read,measured,,,,,0.6306,,ok,0.5067
10.0929,509,,,0.4112,,,,,,11.4367,r0_measured_01098,read,measured,,,,,0.5326,,ok,0.3373
13.9217,689,,,0.748,,,,,,16.2591,r0_measured_01099,read,measured,,,,,0.9605,,ok,0.5061
16.4882,663,,,0.6731,,,,,,18.502,r0_measured_01100,read,measured,,,,,0.7458,,ok,0.4882
13.6753,663,,,0.6663,,,,,,15.5539,r0_measured_01101,read,measured,,,,,0.7471,,ok,0.3804
11.1466,418,,,0.2703,,,,,,12.3725,r0_measured_01102,read,measured,,,,,0.5402,,ok,0.352
11.7724,567,,,0.4966,,,,,,13.3434,r0_measured_01103,read,measured,,,,,0.6602,,ok,0.3428
15.3622,679,,,0.5786,,,,,,17.2482,r0_measured_01104,read,measured,,,,,0.8101,,ok,0.4124
12.874,509,,,0.5117,,,,,,14.5247,r0_measured_01105,read,measured,,,,,0.6278,,ok,0.4398
12.0733,509,,,0.5008,,,,,,13.7179,r0_measured_01106,read,measured,,,,,0.6674,,ok,0.3583
9.6519,418,,,0.2826,,,,,,10.8604,r0_measured_01107,read,measured,,,,,0.4956,,ok,0.3695
13.6962,686,,,0.6694,,,,,,15.7091,r0_measured_01108,read,measured,,,,,0.8333,,ok,0.4121
15.1324,676,,,0.5999,,,,,,16.8693,r0_measured_01109,read,measured,,,,,0.6821,,ok,0.3779
18.1383,663,,,0.5452,,,,,,19.7705,r0_measured_01110,read,measured,,,,,0.6667,,ok,0.339
14.225,661,,,0.6082,,,,,,15.8699,r0_measured_01111,read,measured,,,,,0.6181,,ok,0.3476
12.5812,678,,,0.6425,,,,,,14.3354,r0_measured_01112,read,measured,,,,,0.6842,,ok,0.342
13.0347,673,,,3.7812,,,,,,19.334,r0_measured_01113,read,measured,,,,,0.9542,,ok,1.406
26.3518,661,,,0.763,,,,,,28.4184,r0_measured_01114,read,measured,,,,,0.7692,,ok,0.4384
13.5037,626,,,0.5875,,,,,,15.1827,r0_measured_01115,read,measured,,,,,0.6569,,ok,0.3558
10.8634,509,,,0.4674,,,,,,12.2392,r0_measured_01116,read,measured,,,,,0.5246,,ok,0.3212
13.3762,677,,,0.5644,,,,,,15.4108,r0_measured_01117,read,measured,,,,,0.9856,,ok,0.41
13.6309,661,,,0.6712,,,,,,15.4286,r0_measured_01118,read,measured,,,,,0.6928,,ok,0.3558
10.1835,509,,,0.4455,,,,,,11.6044,r0_measured_01119,read,measured,,,,,0.5727,,ok,0.3402
12.707,677,,,0.7965,,,,,,14.9716,r0_measured_01120,read,measured,,,,,0.9064,,ok,0.461
15.2889,681,,,0.5902,,,,,,17.0341,r0_measured_01121,read,measured,,,,,0.6793,,ok,0.3969
9.6851,507,,,0.4496,,,,,,11.0431,r0_measured_01122,read,measured,,,,,0.5105,,ok,0.3348
12.6048,688,,,0.6003,,,,,,14.5421,r0_measured_01123,read,measured,,,,,0.791,,ok,0.4412
12.667,629,,,0.5898,,,,,,14.5694,r0_measured_01124,read,measured,,,,,0.8225,,ok,0.4112
9.8335,419,,,0.3561,,,,,,11.2398,r0_measured_01125,read,measured,,,,,0.5948,,ok,0.3836
10.8076,509,,,0.501,,,,,,12.3497,r0_measured_01126,read,measured,,,,,0.5797,,ok,0.3927
12.8962,662,,,0.5667,,,,,,14.6594,r0_measured_01127,read,measured,,,,,0.6986,,ok,0.4185
9.2567,367,,,0.2735,,,,,,10.3976,r0_measured_01128,read,measured,,,,,0.4513,,ok,0.3558
12.2074,674,,,0.6119,,,,,,13.9681,r0_measured_01129,read,measured,,,,,0.6421,,ok,0.4278
11.9659,568,,,0.7575,,,,,,14.1004,r0_measured_01130,read,measured,,,,,0.8295,,ok,0.4561
15.0024,678,,,0.6069,,,,,,16.7073,r0_measured_01131,read,measured,,,,,0.6763,,ok,0.3442
18.5762,679,,,0.6786,,,,,,20.6139,r0_measured_01132,read,measured,,,,,0.7914,,ok,0.4748
15.18,680,,,0.6121,,,,,,16.9073,r0_measured_01133,read,measured,,,,,0.6925,,ok,0.3473
14.5166,675,,,0.7495,,,,,,16.6642,r0_measured_01134,read,measured,,,,,0.8459,,ok,0.4597
15.6641,663,,,0.5351,,,,,,17.3391,r0_measured_01135,read,measured,,,,,0.6367,,ok,0.4289
14.073,629,,,0.5613,,,,,,15.7404,r0_measured_01136,read,measured,,,,,0.6982,,ok,0.3383
13.5846,680,,,0.5745,,,,,,15.1604,r0_measured_01137,read,measured,,,,,0.5928,,ok,0.3373
12.9519,627,,,0.5111,,,,,,14.4722,r0_measured_01138,read,measured,,,,,0.6261,,ok,0.3151
8.981,419,,,0.3861,,,,,,10.6215,r0_measured_01139,read,measured,,,,,0.6988,,ok,0.4762
15.5349,628,,,0.7134,,,,,,17.5112,r0_measured_01140,read,measured,,,,,0.766,,ok,0.4148
9.5711,369,,,0.2493,,,,,,10.8237,r0_measured_01141,read,measured,,,,,0.6043,,ok,0.3412
8.2749,368,,,0.2322,,,,,,9.3351,r0_measured_01142,read,measured,,,,,0.4471,,ok,0.3305
12.7939,689,,,0.6322,,,,,,14.6577,r0_measured_01143,read,measured,,,,,0.7504,,ok,0.3965
11.4839,509,,,0.4422,,,,,,12.9838,r0_measured_01144,read,measured,,,,,0.6135,,ok,0.3755
12.0309,629,,,0.488,,,,,,13.4609,r0_measured_01145,read,measured,,,,,0.5588,,ok,0.3171
11.4873,688,,,0.5673,,,,,,13.1281,r0_measured_01146,read,measured,,,,,0.6296,,ok,0.365
13.0951,676,,,0.5357,,,,,,14.7514,r0_measured_01147,read,measured,,,,,0.6073,,ok,0.4367
14.3654,678,,,0.6826,,,,,,16.3396,r0_measured_01148,read,measured,,,,,0.8116,,ok,0.3941
11.6567,567,,,0.4961,,,,,,13.0736,r0_measured_01149,read,measured,,,,,0.516,,ok,0.3435
10.9701,629,,,0.5181,,,,,,12.5146,r0_measured_01150,read,measured,,,,,0.5905,,ok,0.3702
11.1916,565,,,0.5714,,,,,,12.8156,r0_measured_01151,read,measured,,,,,0.5975,,ok,0.379
11.9542,565,,,0.4214,,,,,,13.3602,r0_measured_01152,read,measured,,,,,0.6003,,ok,0.3219
7.9867,418,,,0.3035,,,,,,9.2103,r0_measured_01153,read,measured,,,,,0.5415,,ok,0.3144
10.9946,568,,,0.7123,,,,,,12.7712,r0_measured_01154,read,measured,,,,,0.5653,,ok,0.4303
12.2869,568,,,0.5117,,,,,,14.4044,r0_measured_01155,read,measured,,,,,1.1148,,ok,0.402
14.6842,674,,,0.5858,,,,,,16.4013,r0_measured_01156,read,measured,,,,,0.6872,,ok,0.3629
14.1735,626,,,0.5588,,,,,,15.6928,r0_measured_01157,read,measured,,,,,0.555,,ok,0.3353
16.2062,663,,,0.6719,,,,,,18.1168,r0_measured_01158,read,measured,,,,,0.7196,,ok,0.4306
14.1387,689,,,0.5573,,,,,,15.8403,r0_measured_01159,read,measured,,,,,0.7086,,ok,0.3627
14.4494,657,,,0.529,,,,,,16.0817,r0_measured_01160,read,measured,,,,,0.6768,,ok,0.3489
13.2933,674,,,0.6093,,,,,,15.0013,r0_measured_01161,read,measured,,,,,0.6636,,ok,0.3559
63.1061,419,,,0.3182,,,,,,64.3367,r0_measured_01162,read,measured,,,,,0.5362,,ok,0.3191
11.8712,661,,,0.679,,,,,,13.8955,r0_measured_01163,read,measured,,,,,0.7885,,ok,0.4271
96.5887,659,14.6736,8.773,0.5549,2.361,1,8.7711,1,39.6474,98.3228,r0_measured_01164,update,measured,30.8744,1.7341,1,12.204,0.7371,27.7027,ok,0.3586
12.6193,508,,,0.5764,,,,,,14.2583,r0_measured_01165,read,measured,,,,,0.676,,ok,0.3225
15.3403,689,,,0.5791,,,,,,17.1149,r0_measured_01166,read,measured,,,,,0.6908,,ok,0.3868
9.709,419,,,0.3133,,,,,,11.059,r0_measured_01167,read,measured,,,,,0.5816,,ok,0.3895
14.8773,680,,,0.5757,,,,,,16.6768,r0_measured_01168,read,measured,,,,,0.7594,,ok,0.3827
11.9355,368,,,0.295,,,,,,13.2467,r0_measured_01169,read,measured,,,,,0.5573,,ok,0.3928
9.5514,369,,,0.2603,,,,,,10.7715,r0_measured_01170,read,measured,,,,,0.5274,,ok,0.3714
12.2797,566,,,0.542,,,,,,14.0673,r0_measured_01171,read,measured,,,,,0.711,,ok,0.4458
14.9059,674,,,0.6812,,,,,,16.7516,r0_measured_01172,read,measured,,,,,0.7001,,ok,0.3818
8.8363,369,,,0.2513,,,,,,10.0364,r0_measured_01173,read,measured,,,,,0.5285,,ok,0.3604
14.0685,662,,,0.6265,,,,,,15.8479,r0_measured_01174,read,measured,,,,,0.6848,,ok,0.3816
13.8548,688,,,0.562,,,,,,15.5394,r0_measured_01175,read,measured,,,,,0.6699,,ok,0.3732
13.4931,679,,,0.5925,,,,,,15.2121,r0_measured_01176,read,measured,,,,,0.6843,,ok,0.3641
12.0489,567,,,0.4787,,,,,,13.5479,r0_measured_01177,read,measured,,,,,0.5949,,ok,0.3566
13.6986,681,,,0.5315,,,,,,15.3599,r0_measured_01178,read,measured,,,,,0.6639,,ok,0.3785
14.1283,679,,,0.6346,,,,,,16.0035,r0_measured_01179,read,measured,,,,,0.7402,,ok,0.4126
15.7336,628,,,0.669,,,,,,17.6355,r0_measured_01180,read,measured,,,,,0.7514,,ok,0.3908
13.29,509,,,0.5233,,,,,,14.8818,r0_measured_01181,read,measured,,,,,0.6087,,ok,0.384
12.9036,567,,,0.6472,,,,,,14.6672,r0_measured_01182,read,measured,,,,,0.67,,ok,0.3667
22.0281,681,,,1.1332,,,,,,24.9871,r0_measured_01183,read,measured,,,,,0.9466,,ok,0.748
15.1968,509,,,0.9405,,,,,,17.906,r0_measured_01184,read,measured,,,,,0.6806,,ok,0.9802
14.385,681,,,0.7035,,,,,,16.244,r0_measured_01185,read,measured,,,,,0.6987,,ok,0.3778
13.4399,629,,,0.5562,,,,,,15.193,r0_measured_01186,read,measured,,,,,0.6804,,ok,0.4375
9.9574,419,,,0.3914,,,,,,12.0025,r0_measured_01187,read,measured,,,,,0.891,,ok,0.6719
13.789,509,,,0.7729,,,,,,15.8617,r0_measured_01188,read,measured,,,,,0.7592,,ok,0.4493
15.9541,661,,,0.7276,,,,,,17.9569,r0_measured_01189,read,measured,,,,,0.7898,,ok,0.3999
10.7703,419,,,0.327,,,,,,12.2904,r0_measured_01190,read,measured,,,,,0.5684,,ok,0.5231
16.6047,628,,,0.9993,,,,,,19.2629,r0_measured_01191,read,measured,,,,,0.6813,,ok,0.8621
15.6969,680,,,0.6917,,,,,,18.0926,r0_measured_01192,read,measured,,,,,1.034,,ok,0.56
15.4068,661,,,0.5765,,,,,,17.2265,r0_measured_01193,read,measured,,,,,0.7731,,ok,0.3867
14.0585,677,,,0.7102,,,,,,16.0577,r0_measured_01194,read,measured,,,,,0.7563,,ok,0.4378
9.873,419,,,0.2909,,,,,,11.0808,r0_measured_01195,read,measured,,,,,0.4779,,ok,0.3759
9.4776,419,,,0.2921,,,,,,10.7685,r0_measured_01196,read,measured,,,,,0.5685,,ok,0.3663
14.0502,681,,,0.7037,,,,,,16.0589,r0_measured_01197,read,measured,,,,,0.7567,,ok,0.4541
13.9484,659,,,0.7165,,,,,,15.9367,r0_measured_01198,read,measured,,,,,0.7684,,ok,0.4227
65.461,566,13.0524,7.4233,0.6539,2.1697,0,7.4213,1,28.3132,67.2532,r0_measured_01199,update,measured,20.8899,1.7922,1,0.0064,0.6278,21.9193,ok,0.435
10.1768,368,,,0.261,,,,,,11.4049,r0_measured_01200,read,measured,,,,,0.5321,,ok,0.3706
15.157,678,,,0.5688,,,,,,16.9072,r0_measured_01201,read,measured,,,,,0.7563,,ok,0.3526
13.5309,629,,,0.8724,,,,,,16.2465,r0_measured_01202,read,measured,,,,,1.0778,,ok,0.6457
15.9247,675,,,0.5357,,,,,,17.6261,r0_measured_01203,read,measured,,,,,0.7228,,ok,0.364
13.5169,663,,,0.6019,,,,,,15.2864,r0_measured_01204,read,measured,,,,,0.7378,,ok,0.3461
13.0749,680,,,0.5228,,,,,,14.7094,r0_measured_01205,read,measured,,,,,0.6505,,ok,0.3612
14.3691,661,,,0.651,,,,,,16.5114,r0_measured_01206,read,measured,,,,,0.8253,,ok,0.4295
9.7497,367,,,0.2626,,,,,,10.9016,r0_measured_01207,read,measured,,,,,0.4972,,ok,0.3367
14.1547,662,,,0.6257,,,,,,15.9364,r0_measured_01208,read,measured,,,,,0.704,,ok,0.3756
10.6038,418,,,0.2908,,,,,,11.9979,r0_measured_01209,read,measured,,,,,0.6683,,ok,0.3726
13.6063,626,,,0.6083,,,,,,15.4621,r0_measured_01210,read,measured,,,,,0.7221,,ok,0.4514
13.524,629,,,0.6718,,,,,,15.5218,r0_measured_01211,read,measured,,,,,0.8002,,ok,0.4327
12.5741,509,,,0.4884,,,,,,14.0967,r0_measured_01212,read,measured,,,,,0.5848,,ok,0.3807
13.2717,509,,,0.6979,,,,,,15.4059,r0_measured_01213,read,measured,,,,,0.5908,,ok,0.7581
11.1765,506,,,0.6387,,,,,,12.8553,r0_measured_01214,read,measured,,,,,0.6214,,ok,0.3504
93.4589,679,14.9866,9.9284,0.6879,2.2787,1,9.9268,1,30.9254,95.599,r0_measured_01215,update,measured,20.997,2.1401,1,24.0249,0.9042,21.2433,ok,0.4506
15.4794,674,,,0.602,,,,,,17.1742,r0_measured_01216,read,measured,,,,,0.6443,,ok,0.3676
13.4589,680,,,0.5512,,,,,,15.1583,r0_measured_01217,read,measured,,,,,0.694,,ok,0.374
12.952,679,,,0.6628,,,,,,14.6857,r0_measured_01218,read,measured,,,,,0.6327,,ok,0.3604
12.2537,568,,,0.5981,,,,,,13.8698,r0_measured_01219,read,measured,,,,,0.5946,,ok,0.3463
14.202,565,,,0.5915,,,,,,16.3735,r0_measured_01220,read,measured,,,,,0.6797,,ok,0.7842
85.9247,674,15.0153,10.7631,0.61,2.5412,0,10.76,1,34.8292,87.8113,r0_measured_01221,update,measured,24.0661,1.8866,1,11.869,0.8195,21.67,ok,0.3635
13.7233,688,,,0.6435,,,,,,15.6272,r0_measured_01222,read,measured,,,,,0.7501,,ok,0.4152
14.788,628,,,0.5169,,,,,,16.3731,r0_measured_01223,read,measured,,,,,0.6435,,ok,0.3499
12.5588,568,,,0.5854,,,,,,14.3388,r0_measured_01224,read,measured,,,,,0.728,,ok,0.3958
14.8102,679,,,0.6113,,,,,,16.6188,r0_measured_01225,read,measured,,,,,0.7392,,ok,0.3755
14.4188,688,,,0.5432,,,,,,16.1084,r0_measured_01226,read,measured,,,,,0.6845,,ok,0.3844
12.5724,628,,,0.6239,,,,,,14.2156,r0_measured_01227,read,measured,,,,,0.5966,,ok,0.3548
15.3751,676,,,0.5829,,,,,,17.0434,r0_measured_01228,read,measured,,,,,0.6495,,ok,0.3598
13.4866,688,,,0.702,,,,,,15.7306,r0_measured_01229,read,measured,,,,,0.9904,,ok,0.4627
15.9522,674,,,0.5306,,,,,,17.6043,r0_measured_01230,read,measured,,,,,0.6825,,ok,0.3588
9.4079,367,,,0.2219,,,,,,10.5017,r0_measured_01231,read,measured,,,,,0.4766,,ok,0.3431
13.2535,661,,,0.6672,,,,,,15.1178,r0_measured_01232,read,measured,,,,,0.7166,,ok,0.3995
9.747,418,,,0.2962,,,,,,11.0198,r0_measured_01233,read,measured,,,,,0.5551,,ok,0.3597
13.8208,680,,,0.6013,,,,,,15.6494,r0_measured_01234,read,measured,,,,,0.7645,,ok,0.3777
13.4601,680,,,0.6437,,,,,,15.1849,r0_measured_01235,read,measured,,,,,0.6564,,ok,0.3482
11.763,626,,,0.5302,,,,,,13.4222,r0_measured_01236,read,measured,,,,,0.6611,,ok,0.3815
13.6378,677,,,0.6419,,,,,,15.35,r0_measured_01237,read,measured,,,,,0.6453,,ok,0.3474
10.8752,508,,,0.4607,,,,,,12.5291,r0_measured_01238,read,measured,,,,,0.7358,,ok,0.3814
14.7299,678,,,0.563,,,,,,16.4975,r0_measured_01239,read,measured,,,,,0.7517,,ok,0.3728
14.3662,662,,,0.5866,,,,,,16.136,r0_measured_01240,read,measured,,,,,0.7196,,ok,0.3818
14.7579,662,,,0.5909,,,,,,16.5263,r0_measured_01241,read,measured,,,,,0.7086,,ok,0.3849
15.484,659,,,0.5784,,,,,,17.3566,r0_measured_01242,read,measured,,,,,0.7975,,ok,0.411
15.3931,681,,,0.5903,,,,,,17.283,r0_measured_01243,read,measured,,,,,0.8179,,ok,0.3945
13.4023,626,,,0.5483,,,,,,15.0909,r0_measured_01244,read,measured,,,,,0.6809,,ok,0.3839
13.6847,681,,,0.5888,,,,,,15.5075,r0_measured_01245,read,measured,,,,,0.7727,,ok,0.3799
13.7649,629,,,0.5277,,,,,,15.4172,r0_measured_01246,read,measured,,,,,0.7007,,ok,0.346
15.59,681,,,1.1061,,,,,,18.357,r0_measured_01247,read,measured,,,,,0.8708,,ok,0.6886
15.4308,689,,,0.5854,,,,,,17.0727,r0_measured_01248,read,measured,,,,,0.6394,,ok,0.3442
9.6881,418,,,0.3051,,,,,,10.9736,r0_measured_01249,read,measured,,,,,0.542,,ok,0.3596
14.5354,674,,,0.7481,,,,,,16.6119,r0_measured_01250,read,measured,,,,,0.7613,,ok,0.473
12.1284,508,,,0.532,,,,,,13.7513,r0_measured_01251,read,measured,,,,,0.618,,ok,0.3888
10.7144,419,,,0.329,,,,,,12.0056,r0_measured_01252,read,measured,,,,,0.5236,,ok,0.366
9.4824,419,,,0.3169,,,,,,10.861,r0_measured_01253,read,measured,,,,,0.5747,,ok,0.4138
10.0786,416,,,0.3022,,,,,,11.3566,r0_measured_01254,read,measured,,,,,0.562,,ok,0.3506
9.4112,419,,,0.2527,,,,,,10.5299,r0_measured_01255,read,measured,,,,,0.4914,,ok,0.3172
9.692,509,,,0.5316,,,,,,11.3229,r0_measured_01256,read,measured,,,,,0.5909,,ok,0.4397
9.8187,369,,,0.2844,,,,,,10.9785,r0_measured_01257,read,measured,,,,,0.4628,,ok,0.3574
10.4165,419,,,0.3546,,,,,,11.8815,r0_measured_01258,read,measured,,,,,0.6032,,ok,0.4327
15.1278,680,,,0.7206,,,,,,17.0467,r0_measured_01259,read,measured,,,,,0.7716,,ok,0.3413
13.5638,688,,,0.6294,,,,,,15.2915,r0_measured_01260,read,measured,,,,,0.6913,,ok,0.3316
12.4499,674,,,0.5431,,,,,,13.972,r0_measured_01261,read,measured,,,,,0.5741,,ok,0.3323
9.8974,418,,,0.2834,,,,,,11.2008,r0_measured_01262,read,measured,,,,,0.5451,,ok,0.4065
14.1182,629,,,0.5614,,,,,,15.9298,r0_measured_01263,read,measured,,,,,0.7613,,ok,0.4104
13.8816,628,,,0.6634,,,,,,15.8321,r0_measured_01264,read,measured,,,,,0.8013,,ok,0.3971
9.8544,418,,,0.276,,,,,,11.1043,r0_measured_01265,read,measured,,,,,0.5514,,ok,0.3575
13.944,689,,,0.6112,,,,,,15.7779,r0_measured_01266,read,measured,,,,,0.7552,,ok,0.3885
12.5516,509,,,0.5433,,,,,,14.2262,r0_measured_01267,read,measured,,,,,0.6232,,ok,0.4315
12.5547,628,,,0.4812,,,,,,14.0372,r0_measured_01268,read,measured,,,,,0.5803,,ok,0.3535
13.6466,681,,,0.672,,,,,,15.5199,r0_measured_01269,read,measured,,,,,0.7377,,ok,0.3652
8.8279,419,,,0.3999,,,,,,10.1164,r0_measured_01270,read,measured,,,,,0.4853,,ok,0.3434
11.5161,509,,,0.6338,,,,,,13.5098,r0_measured_01271,read,measured,,,,,0.602,,ok,0.6451
16.3218,661,,,0.6937,,,,,,18.4109,r0_measured_01272,read,measured,,,,,0.7864,,ok,0.5062
12.8719,509,,,0.4904,,,,,,14.4005,r0_measured_01273,read,measured,,,,,0.5735,,ok,0.3934
13.4576,626,,,0.5807,,,,,,15.1832,r0_measured_01274,read,measured,,,,,0.6897,,ok,0.3762
9.1273,367,,,0.2295,,,,,,10.2202,r0_measured_01275,read,measured,,,,,0.4583,,ok,0.3493
14.8412,662,,,0.6708,,,,,,16.7926,r0_measured_01276,read,measured,,,,,0.7852,,ok,0.4067
14.8518,678,,,0.5806,,,,,,16.6084,r0_measured_01277,read,measured,,,,,0.7279,,ok,0.3665
9.3937,419,,,0.3061,,,,,,10.6659,r0_measured_01278,read,measured,,,,,0.5575,,ok,0.3483
8.9756,369,,,0.2344,,,,,,10.1578,r0_measured_01279,read,measured,,,,,0.5427,,ok,0.3459
12.8155,419,,,0.3372,,,,,,14.3748,r0_measured_01280,read,measured,,,,,0.6916,,ok,0.4511
16.0296,679,,,0.7732,,,,,,17.9785,r0_measured_01281,read,measured,,,,,0.7179,,ok,0.372
13.9231,628,,,0.5442,,,,,,15.4925,r0_measured_01282,read,measured,,,,,0.6084,,ok,0.3434
11.6261,507,,,0.41,,,,,,12.9774,r0_measured_01283,read,measured,,,,,0.5443,,ok,0.3326
11.1718,509,,,0.5996,,,,,,13.1195,r0_measured_01284,read,measured,,,,,0.7884,,ok,0.4767
14.1255,662,,,0.5601,,,,,,15.7898,r0_measured_01285,read,measured,,,,,0.6714,,ok,0.3561
12.7003,568,,,0.6135,,,,,,14.5848,r0_measured_01286,read,measured,,,,,0.7593,,ok,0.4326
13.5407,627,,,0.5814,,,,,,15.2585,r0_measured_01287,read,measured,,,,,0.6825,,ok,0.3751
14.32,689,,,0.6505,,,,,,16.3432,r0_measured_01288,read,measured,,,,,0.8499,,ok,0.4323
14.657,679,,,0.5744,,,,,,16.4442,r0_measured_01289,read,measured,,,,,0.7474,,ok,0.379
14.3988,680,,,0.6619,,,,,,16.275,r0_measured_01290,read,measured,,,,,0.7658,,ok,0.373
12.8711,663,,,0.5354,,,,,,14.4902,r0_measured_01291,read,measured,,,,,0.6676,,ok,0.3425
13.0248,688,,,0.5735,,,,,,14.7446,r0_measured_01292,read,measured,,,,,0.6864,,ok,0.3747
14.6506,677,,,0.6862,,,,,,16.5942,r0_measured_01293,read,measured,,,,,0.7407,,ok,0.4301
13.66,629,,,0.6114,,,,,,15.5266,r0_measured_01294,read,measured,,,,,0.7832,,ok,0.3841
14.2775,661,,,0.5994,,,,,,16.2088,r0_measured_01295,read,measured,,,,,0.8517,,ok,0.3989
13.4145,680,,,0.5578,,,,,,15.0902,r0_measured_01296,read,measured,,,,,0.6545,,ok,0.3809
10.182,419,,,0.3042,,,,,,11.5733,r0_measured_01297,read,measured,,,,,0.6163,,ok,0.3974
13.5232,628,,,0.6305,,,,,,15.3363,r0_measured_01298,read,measured,,,,,0.69,,ok,0.4071
14.5235,685,,,0.6775,,,,,,16.3642,r0_measured_01299,read,measured,,,,,0.6965,,ok,0.3876
13.4247,659,,,0.5254,,,,,,15.1838,r0_measured_01300,read,measured,,,,,0.6477,,ok,0.5058
10.8558,419,,,0.2579,,,,,,12.0092,r0_measured_01301,read,measured,,,,,0.5085,,ok,0.3269
14.4714,681,,,0.6703,,,,,,16.2846,r0_measured_01302,read,measured,,,,,0.6923,,ok,0.3719
13.8472,677,,,0.624,,,,,,15.6443,r0_measured_01303,read,measured,,,,,0.7074,,ok,0.381
13.548,675,,,0.5727,,,,,,15.2648,r0_measured_01304,read,measured,,,,,0.6998,,ok,0.3656
9.6329,419,,,0.258,,,,,,10.7732,r0_measured_01305,read,measured,,,,,0.4751,,ok,0.3463
9.2732,418,,,0.2621,,,,,,10.4297,r0_measured_01306,read,measured,,,,,0.5116,,ok,0.3203
10.3669,508,,,0.4393,,,,,,11.9202,r0_measured_01307,read,measured,,,,,0.6333,,ok,0.4091
14.6544,674,,,0.6328,,,,,,16.4687,r0_measured_01308,read,measured,,,,,0.7163,,ok,0.3792
14.571,681,,,0.5924,,,,,,16.3648,r0_measured_01309,read,measured,,,,,0.716,,ok,0.403
97.7471,680,13.7225,8.8145,0.5582,2.8153,0,8.8128,1,33.5778,99.3526,r0_measured_01310,update,measured,24.7633,1.6055,1,28.1108,0.6248,19.5207,ok,0.3459
12.5797,674,,,0.6936,,,,,,14.6403,r0_measured_01311,read,measured,,,,,0.9589,,ok,0.33
14.1219,688,,,0.7013,,,,,,15.9345,r0_measured_01312,read,measured,,,,,0.6572,,ok,0.3697
12.974,628,,,0.521,,,,,,14.565,r0_measured_01313,read,measured,,,,,0.6018,,ok,0.3987
9.305,419,,,0.2828,,,,,,10.637,r0_measured_01314,read,measured,,,,,0.5809,,ok,0.4041
11.2491,419,,,0.2641,,,,,,12.3994,r0_measured_01315,read,measured,,,,,0.4797,,ok,0.3496
15.1029,661,,,0.5744,,,,,,16.7281,r0_measured_01316,read,measured,,,,,0.6326,,ok,0.3391
13.6162,689,,,0.6664,,,,,,15.5233,r0_measured_01317,read,measured,,,,,0.7699,,ok,0.3782
66.8829,678,12.5928,7.6443,0.5414,2.2619,1,7.6423,1,29.1027,68.3823,r0_measured_01318,update,measured,21.4584,1.4994,1,0.0064,0.5954,22.9191,ok,0.3028
13.5484,679,,,0.7015,,,,,,15.3948,r0_measured_01319,read,measured,,,,,0.6695,,ok,0.3879
71.7507,674,15.4379,7.8778,0.6717,2.4883,0,7.8758,1,29.2121,73.6307,r0_measured_01320,update,measured,21.3343,1.88,1,0.006,0.747,24.6064,ok,0.3697
17.2573,674,,,0.8594,,,,,,19.3401,r0_measured_01321,read,measured,,,,,0.7526,,ok,0.3764
13.8833,679,,,0.5551,,,,,,15.6278,r0_measured_01322,read,measured,,,,,0.7088,,ok,0.3951
14.5487,663,,,0.6819,,,,,,16.4187,r0_measured_01323,read,measured,,,,,0.7228,,ok,0.3726
13.5884,567,,,0.5405,,,,,,15.1492,r0_measured_01324,read,measured,,,,,0.6018,,ok,0.3479
13.7695,629,,,0.4828,,,,,,15.3159,r0_measured_01325,read,measured,,,,,0.6698,,ok,0.3262
13.4413,661,,,0.6372,,,,,,15.4128,r0_measured_01326,read,measured,,,,,0.7802,,ok,0.4682
66.1037,689,14.1829,5.7538,0.6027,2.5153,0,5.7521,1,24.763,67.7446,r0_measured_01327,update,measured,19.0092,1.6409,1,0.0074,0.6453,24.6351,ok,0.3192
110.9968,688,17.0354,6.5611,0.6983,2.8203,1,6.5592,1,43.5252,113.0573,r0_measured_01328,update,measured,36.9641,2.0605,1,20.8593,0.788,26.7566,ok,0.4688
13.2641,566,,,0.9951,,,,,,15.9092,r0_measured_01329,read,measured,,,,,0.6558,,ok,0.8933
70.6131,660,14.1477,8.3151,0.5773,2.8174,1,8.3127,1,29.4678,72.3332,r0_measured_01330,update,measured,21.1527,1.7201,1,0.0068,0.7053,24.1734,ok,0.3601
15.7656,674,,,0.7452,,,,,,17.7434,r0_measured_01331,read,measured,,,,,0.7665,,ok,0.3779
13.7193,685,,,0.6041,,,,,,15.5193,r0_measured_01332,read,measured,,,,,0.7227,,ok,0.3931
15.0331,678,,,0.4974,,,,,,16.7158,r0_measured_01333,read,measured,,,,,0.6792,,ok,0.4015
11.7467,566,,,0.5601,,,,,,13.4236,r0_measured_01334,read,measured,,,,,0.6746,,ok,0.3634
14.8625,689,,,0.6458,,,,,,16.6546,r0_measured_01335,read,measured,,,,,0.6962,,ok,0.3671
13.2177,663,,,0.5386,,,,,,14.8085,r0_measured_01336,read,measured,,,,,0.6369,,ok,0.332
8.1566,368,,,0.2667,,,,,,9.8736,r0_measured_01337,read,measured,,,,,0.5741,,ok,0.7868
9.8881,369,,,0.354,,,,,,11.2887,r0_measured_01338,read,measured,,,,,0.5215,,ok,0.4561
14.2044,688,,,0.5458,,,,,,15.7958,r0_measured_01339,read,measured,,,,,0.6229,,ok,0.3457
11.1018,567,,,0.467,,,,,,12.7008,r0_measured_01340,read,measured,,,,,0.6435,,ok,0.3919
13.4339,677,,,0.6668,,,,,,15.2969,r0_measured_01341,read,measured,,,,,0.7517,,ok,0.3607
14.9524,688,,,0.6072,,,,,,16.8222,r0_measured_01342,read,measured,,,,,0.7672,,ok,0.4124
13.6899,419,,,0.3471,,,,,,15.046,r0_measured_01343,read,measured,,,,,0.5782,,ok,0.3609
13.3282,629,,,0.5232,,,,,,14.9022,r0_measured_01344,read,measured,,,,,0.6296,,ok,0.3452
14.4966,663,,,0.6467,,,,,,16.4028,r0_measured_01345,read,measured,,,,,0.8042,,ok,0.3687
12.5114,568,,,0.6189,,,,,,14.1907,r0_measured_01346,read,measured,,,,,0.6135,,ok,0.3778
78.6286,689,13.5561,6.4801,0.7911,2.2855,1,6.4787,1,25.3566,81.0443,r0_measured_01347,update,measured,18.8765,2.4157,1,15.8151,1.1034,21.6153,ok,0.4193
14.251,661,,,0.5662,,,,,,15.9432,r0_measured_01348,read,measured,,,,,0.6689,,ok,0.379
13.9371,680,,,0.5978,,,,,,15.7376,r0_measured_01349,read,measured,,,,,0.73,,ok,0.3861
13.8875,674,,,0.5798,,,,,,15.6434,r0_measured_01350,read,measured,,,,,0.6949,,ok,0.402
12.7105,564,,,0.6218,,,,,,14.4141,r0_measured_01351,read,measured,,,,,0.6381,,ok,0.379
16.7133,680,,,0.6568,,,,,,18.434,r0_measured_01352,read,measured,,,,,0.6242,,ok,0.3611
11.2487,568,,,0.4947,,,,,,12.7924,r0_measured_01353,read,measured,,,,,0.6358,,ok,0.3396
13.2219,627,,,0.581,,,,,,14.9119,r0_measured_01354,read,measured,,,,,0.6699,,ok,0.3645
9.4997,418,,,0.2536,,,,,,10.5741,r0_measured_01355,read,measured,,,,,0.4473,,ok,0.3234
13.3914,680,,,0.7492,,,,,,15.4672,r0_measured_01356,read,measured,,,,,0.8128,,ok,0.416
14.1335,678,,,0.579,,,,,,15.9269,r0_measured_01357,read,measured,,,,,0.6357,,ok,0.4947
13.0532,674,,,0.5587,,,,,,14.7524,r0_measured_01358,read,measured,,,,,0.667,,ok,0.3916
12.9993,661,,,0.5508,,,,,,14.577,r0_measured_01359,read,measured,,,,,0.6095,,ok,0.342
13.0278,678,,,0.6128,,,,,,14.7968,r0_measured_01360,read,measured,,,,,0.7418,,ok,0.34
13.4253,679,,,0.5331,,,,,,15.0514,r0_measured_01361,read,measured,,,,,0.6711,,ok,0.3452
12.3318,628,,,0.6088,,,,,,14.1422,r0_measured_01362,read,measured,,,,,0.7161,,ok,0.4062
15.0219,685,,,0.6404,,,,,,16.8721,r0_measured_01363,read,measured,,,,,0.7311,,ok,0.3876
83.4909,675,15.0679,6.417,0.5893,2.5041,1,6.4148,1,27.2222,85.2567,r0_measured_01364,update,measured,20.8052,1.7658,1,12.5423,0.6905,26.1544,ok,0.3915
15.5537,677,,,0.6083,,,,,,17.2804,r0_measured_01365,read,measured,,,,,0.7051,,ok,0.3399
10.3549,509,,,0.5393,,,,,,11.9142,r0_measured_01366,read,measured,,,,,0.5714,,ok,0.3728
9.528,419,,,0.3153,,,,,,10.8781,r0_measured_01367,read,measured,,,,,0.5939,,ok,0.3694
10.5274,418,,,0.3266,,,,,,11.9599,r0_measured_01368,read,measured,,,,,0.6123,,ok,0.4228
15.4633,688,,,0.6041,,,,,,17.2297,r0_measured_01369,read,measured,,,,,0.6772,,ok,0.3964
13.7923,628,,,0.575,,,,,,15.5291,r0_measured_01370,read,measured,,,,,0.6948,,ok,0.3863
13.4723,626,,,0.5767,,,,,,15.2652,r0_measured_01371,read,measured,,,,,0.7244,,ok,0.4085
10.6997,418,,,0.3218,,,,,,12.1053,r0_measured_01372,read,measured,,,,,0.5911,,ok,0.418
14.3725,628,,,0.6412,,,,,,16.3079,r0_measured_01373,read,measured,,,,,0.715,,ok,0.4873
14.0297,628,,,0.6356,,,,,,15.9049,r0_measured_01374,read,measured,,,,,0.7246,,ok,0.4216
14.7646,677,,,0.6283,,,,,,16.5925,r0_measured_01375,read,measured,,,,,0.7262,,ok,0.3878
13.9686,685,,,0.7075,,,,,,15.9503,r0_measured_01376,read,measured,,,,,0.7812,,ok,0.4051
14.1561,675,,,0.63,,,,,,16.1069,r0_measured_01377,read,measured,,,,,0.8064,,ok,0.4272
14.0081,680,,,0.5729,,,,,,15.8013,r0_measured_01378,read,measured,,,,,0.7636,,ok,0.3699
12.6543,566,,,0.6159,,,,,,14.3634,r0_measured_01379,read,measured,,,,,0.6433,,ok,0.3803
13.6349,679,,,0.6385,,,,,,15.4435,r0_measured_01380,read,measured,,,,,0.6845,,ok,0.4044
8.945,369,,,0.2438,,,,,,10.1317,r0_measured_01381,read,measured,,,,,0.5251,,ok,0.3556
13.5125,661,,,0.6116,,,,,,15.2896,r0_measured_01382,read,measured,,,,,0.7079,,ok,0.3762
11.3739,509,,,0.5986,,,,,,13.165,r0_measured_01383,read,measured,,,,,0.6886,,ok,0.4175
58.7679,567,11.7969,5.1704,0.5009,2.313,1,5.1682,1,22.837,60.3997,r0_measured_01384,update,measured,17.6666,1.6318,1,0.0063,0.6249,21.8147,ok,0.4315
12.0564,629,,,0.5498,,,,,,13.7267,r0_measured_01385,read,measured,,,,,0.7067,,ok,0.3423
11.4775,566,,,0.517,,,,,,12.9308,r0_measured_01386,read,measured,,,,,0.5564,,ok,0.3149
14.44,677,,,0.5382,,,,,,16.0808,r0_measured_01387,read,measured,,,,,0.6466,,ok,0.3732
13.5255,675,,,0.6803,,,,,,15.5091,r0_measured_01388,read,measured,,,,,0.7487,,ok,0.4427
13.9642,661,,,0.6316,,,,,,15.8066,r0_measured_01389,read,measured,,,,,0.7296,,ok,0.3949
12.8874,567,,,0.6485,,,,,,14.7802,r0_measured_01390,read,measured,,,,,0.7279,,ok,0.4309
9.0512,369,,,0.2449,,,,,,10.1411,r0_measured_01391,read,measured,,,,,0.4675,,ok,0.3193
13.2525,628,,,0.8024,,,,,,15.393,r0_measured_01392,read,measured,,,,,0.7659,,ok,0.4729
11.2058,418,,,0.3061,,,,,,12.5467,r0_measured_01393,read,measured,,,,,0.5774,,ok,0.3886
10.8246,418,,,0.3448,,,,,,12.2289,r0_measured_01394,read,measured,,,,,0.6235,,ok,0.3637
14.8946,628,,,0.5763,,,,,,16.5457,r0_measured_01395,read,measured,,,,,0.6158,,ok,0.3784
14.4068,661,,,0.6936,,,,,,16.2869,r0_measured_01396,read,measured,,,,,0.71,,ok,0.3916
10.6053,509,,,0.4756,,,,,,12.078,r0_measured_01397,read,measured,,,,,0.5633,,ok,0.359
12.5164,674,,,0.5555,,,,,,14.1133,r0_measured_01398,read,measured,,,,,0.6232,,ok,0.35
13.7992,628,,,0.5308,,,,,,15.4488,r0_measured_01399,read,measured,,,,,0.6752,,ok,0.364
14.1469,680,,,0.8664,,,,,,16.0907,r0_measured_01400,read,measured,,,,,0.6595,,ok,0.3417
14.3995,627,,,0.5712,,,,,,15.9664,r0_measured_01401,read,measured,,,,,0.5865,,ok,0.3377
12.5828,663,,,0.5854,,,,,,14.2555,r0_measured_01402,read,measured,,,,,0.6495,,ok,0.3591
87.0688,662,13.9299,6.8046,0.6785,2.3646,1,6.8032,1,30.0111,88.8211,r0_measured_01403,update,measured,23.2065,1.7523,1,15.6027,0.6494,25.1605,ok,0.3471
15.665,681,,,0.8263,,,,,,18.0064,r0_measured_01404,read,measured,,,,,0.8964,,ok,0.5072
16.777,676,,,0.6758,,,,,,18.5948,r0_measured_01405,read,measured,,,,,0.6609,,ok,0.3969
13.7553,681,,,0.595,,,,,,15.5118,r0_measured_01406,read,measured,,,,,0.7289,,ok,0.3503
12.1566,629,,,0.5956,,,,,,13.9491,r0_measured_01407,read,measured,,,,,0.714,,ok,0.4057
8.4331,369,,,0.2302,,,,,,9.5629,r0_measured_01408,read,measured,,,,,0.5065,,ok,0.3379
9.6809,368,,,0.2239,,,,,,10.7946,r0_measured_01409,read,measured,,,,,0.481,,ok,0.354
12.7073,674,,,0.5905,,,,,,14.383,r0_measured_01410,read,measured,,,,,0.6543,,ok,0.3545
11.8852,566,,,0.6087,,,,,,13.584,r0_measured_01411,read,measured,,,,,0.6179,,ok,0.3983
12.6308,674,,,0.5723,,,,,,14.3351,r0_measured_01412,read,measured,,,,,0.6925,,ok,0.3615
12.221,566,,,0.4939,,,,,,13.8601,r0_measured_01413,read,measured,,,,,0.669,,ok,0.4032
7.9362,368,,,0.2249,,,,,,9.0227,r0_measured_01414,read,measured,,,,,0.461,,ok,0.3493
9.6949,507,,,0.4706,,,,,,11.1625,r0_measured_01415,read,measured,,,,,0.6002,,ok,0.3291
13.6012,675,,,0.6237,,,,,,15.4216,r0_measured_01416,read,measured,,,,,0.7204,,ok,0.393
15.2121,663,,,0.6529,,,,,,17.0945,r0_measured_01417,read,measured,,,,,0.7684,,ok,0.3786
9.9776,416,,,0.3169,,,,,,11.2486,r0_measured_01418,read,measured,,,,,0.5058,,ok,0.3824
11.3194,418,,,0.3088,,,,,,12.6256,r0_measured_01419,read,measured,,,,,0.5883,,ok,0.3429
14.7857,680,,,0.6265,,,,,,16.5363,r0_measured_01420,read,measured,,,,,0.6637,,ok,0.377
15.2983,662,,,0.649,,,,,,17.4128,r0_measured_01421,read,measured,,,,,0.8429,,ok,0.5191
83.4562,629,16.1217,7.9378,0.5948,2.4553,1,7.9362,1,28.5461,85.2414,r0_measured_01422,update,measured,20.6083,1.7852,1,13.7159,0.7075,22.6172,ok,0.3987
10.3865,419,,,0.377,,,,,,11.8216,r0_measured_01423,read,measured,,,,,0.5959,,ok,0.3873
14.1741,676,,,0.5595,,,,,,15.7933,r0_measured_01424,read,measured,,,,,0.6308,,ok,0.3544
10.4378,508,,,0.5041,,,,,,12.1997,r0_measured_01425,read,measured,,,,,0.7162,,ok,0.4699
14.1351,674,,,0.5265,,,,,,15.7751,r0_measured_01426,read,measured,,,,,0.6812,,ok,0.3495
13.2464,689,,,0.6236,,,,,,14.9838,r0_measured_01427,read,measured,,,,,0.6765,,ok,0.3589
8.063,367,,,0.2758,,,,,,9.2785,r0_measured_01428,read,measured,,,,,0.5271,,ok,0.3512
13.5708,674,,,0.5558,,,,,,15.1756,r0_measured_01429,read,measured,,,,,0.5869,,ok,0.3836
11.7473,628,,,0.5898,,,,,,13.4175,r0_measured_01430,read,measured,,,,,0.6451,,ok,0.3634
13.8532,628,,,0.5167,,,,,,15.553,r0_measured_01431,read,measured,,,,,0.6612,,ok,0.4068
11.2774,509,,,0.4501,,,,,,12.7296,r0_measured_01432,read,measured,,,,,0.5436,,ok,0.3949
15.5265,566,,,0.585,,,,,,17.2101,r0_measured_01433,read,measured,,,,,0.6532,,ok,0.3715
12.9146,628,,,0.5543,,,,,,14.6449,r0_measured_01434,read,measured,,,,,0.667,,ok,0.433
8.3919,369,,,0.2289,,,,,,9.4488,r0_measured_01435,read,measured,,,,,0.4621,,ok,0.3145
13.4612,628,,,0.5534,,,,,,15.0839,r0_measured_01436,read,measured,,,,,0.6198,,ok,0.3739
14.5847,686,,,0.5867,,,,,,16.1937,r0_measured_01437,read,measured,,,,,0.5706,,ok,0.3798
12.8877,680,,,0.5327,,,,,,14.4896,r0_measured_01438,read,measured,,,,,0.6631,,ok,0.3334
17.4021,680,,,0.6245,,,,,,19.2964,r0_measured_01439,read,measured,,,,,0.7573,,ok,0.4287
11.8773,509,,,0.5723,,,,,,13.5234,r0_measured_01440,read,measured,,,,,0.6045,,ok,0.3934
9.8359,509,,,0.4879,,,,,,11.2817,r0_measured_01441,read,measured,,,,,0.555,,ok,0.3392
11.4241,657,,,0.5211,,,,,,12.9848,r0_measured_01442,read,measured,,,,,0.6317,,ok,0.3344
12.5918,680,,,0.5913,,,,,,14.374,r0_measured_01443,read,measured,,,,,0.7193,,ok,0.3852
13.2949,680,,,0.6048,,,,,,15.1168,r0_measured_01444,read,measured,,,,,0.7633,,ok,0.374
13.0048,508,,,0.5592,,,,,,14.6888,r0_measured_01445,read,measured,,,,,0.6155,,ok,0.4077
13.061,629,,,0.6194,,,,,,14.7365,r0_measured_01446,read,measured,,,,,0.6085,,ok,0.3716
12.6322,681,,,0.517,,,,,,14.282,r0_measured_01447,read,measured,,,,,0.6717,,ok,0.3759
11.4866,568,,,0.4517,,,,,,12.9542,r0_measured_01448,read,measured,,,,,0.5871,,ok,0.3534
8.1586,419,,,0.235,,,,,,9.2238,r0_measured_01449,read,measured,,,,,0.4825,,ok,0.2983
9.6896,508,,,0.4654,,,,,,11.1312,r0_measured_01450,read,measured,,,,,0.5553,,ok,0.3547
79.4837,688,13.1942,6.4108,0.5464,2.5421,0,6.409,1,27.2756,81.0288,r0_measured_01451,update,measured,20.8648,1.5451,1,14.3743,0.5881,22.0975,ok,0.3419
13.6593,688,,,0.7819,,,,,,15.7499,r0_measured_01452,read,measured,,,,,0.8275,,ok,0.3932
12.7921,629,,,0.5833,,,,,,14.4546,r0_measured_01453,read,measured,,,,,0.6545,,ok,0.3533
8.2373,369,,,0.2185,,,,,,9.3366,r0_measured_01454,read,measured,,,,,0.4684,,ok,0.3629
12.7669,680,,,0.509,,,,,,14.3415,r0_measured_01455,read,measured,,,,,0.63,,ok,0.3332
9.0387,368,,,0.3128,,,,,,10.3968,r0_measured_01456,read,measured,,,,,0.5277,,ok,0.4444
16.5299,679,,,0.6687,,,,,,18.4025,r0_measured_01457,read,measured,,,,,0.7336,,ok,0.3849
13.9258,681,,,0.5656,,,,,,15.5594,r0_measured_01458,read,measured,,,,,0.6613,,ok,0.3338
12.2914,679,,,0.6003,,,,,,13.886,r0_measured_01459,read,measured,,,,,0.5756,,ok,0.345
10.1394,506,,,0.5202,,,,,,11.7038,r0_measured_01460,read,measured,,,,,0.5876,,ok,0.3849
12.4329,689,,,0.5146,,,,,,13.9319,r0_measured_01461,read,measured,,,,,0.5828,,ok,0.341
13.4282,661,,,0.6317,,,,,,15.2367,r0_measured_01462,read,measured,,,,,0.7003,,ok,0.3915
11.824,567,,,0.4452,,,,,,13.2635,r0_measured_01463,read,measured,,,,,0.5987,,ok,0.3259
8.6214,418,,,0.2619,,,,,,9.7503,r0_measured_01464,read,measured,,,,,0.4822,,ok,0.3307
14.2958,679,,,0.5594,,,,,,15.8963,r0_measured_01465,read,measured,,,,,0.6163,,ok,0.3492
13.2632,681,,,0.4582,,,,,,14.6927,r0_measured_01466,read,measured,,,,,0.5691,,ok,0.3355
12.315,628,,,0.5778,,,,,,13.9658,r0_measured_01467,read,measured,,,,,0.6184,,ok,0.3742
9.1702,367,,,0.2218,,,,,,10.2097,r0_measured_01468,read,measured,,,,,0.4479,,ok,0.3203
13.3207,689,,,0.7551,,,,,,15.2048,r0_measured_01469,read,measured,,,,,0.6112,,ok,0.4357
12.6886,675,,,0.7037,,,,,,14.6033,r0_measured_01470,read,measured,,,,,0.7516,,ok,0.3794
9.1145,418,,,0.3204,,,,,,10.475,r0_measured_01471,read,measured,,,,,0.5872,,ok,0.3928
12.7803,674,,,0.6282,,,,,,14.6094,r0_measured_01472,read,measured,,,,,0.7617,,ok,0.3527
12.991,680,,,0.7702,,,,,,15.0197,r0_measured_01473,read,measured,,,,,0.7712,,ok,0.3977
11.297,567,,,0.5729,,,,,,13.0,r0_measured_01474,read,measured,,,,,0.6846,,ok,0.3641
10.3904,508,,,0.4432,,,,,,11.7882,r0_measured_01475,read,measured,,,,,0.5563,,ok,0.3345
12.5095,680,,,0.5353,,,,,,14.0789,r0_measured_01476,read,measured,,,,,0.5948,,ok,0.3681
11.7567,629,,,0.5393,,,,,,13.374,r0_measured_01477,read,measured,,,,,0.6911,,ok,0.3185
11.6263,663,,,0.5178,,,,,,13.1639,r0_measured_01478,read,measured,,,,,0.5958,,ok,0.3515
14.6729,688,,,0.6206,,,,,,16.4739,r0_measured_01479,read,measured,,,,,0.7044,,ok,0.386
13.0858,680,,,0.6075,,,,,,14.7587,r0_measured_01480,read,measured,,,,,0.6239,,ok,0.3687
9.9595,509,,,0.5514,,,,,,11.4692,r0_measured_01481,read,measured,,,,,0.5282,,ok,0.3704
11.9199,568,,,0.6438,,,,,,13.6757,r0_measured_01482,read,measured,,,,,0.6357,,ok,0.3995
12.9635,680,,,0.4833,,,,,,14.4695,r0_measured_01483,read,measured,,,,,0.6184,,ok,0.3372
9.3087,509,,,0.4738,,,,,,10.82,r0_measured_01484,read,measured,,,,,0.6249,,ok,0.342
8.5206,418,,,0.3309,,,,,,9.7302,r0_measured_01485,read,measured,,,,,0.4864,,ok,0.3249
13.6101,681,,,0.7248,,,,,,15.7182,r0_measured_01486,read,measured,,,,,0.643,,ok,0.6578
16.8533,680,,,0.7874,,,,,,19.3836,r0_measured_01487,read,measured,,,,,1.0365,,ok,0.5875
19.2998,674,,,0.731,,,,,,21.2088,r0_measured_01488,read,measured,,,,,0.7161,,ok,0.3712
13.4495,686,,,0.5751,,,,,,15.104,r0_measured_01489,read,measured,,,,,0.6539,,ok,0.3498
80.0486,679,13.2529,7.9698,0.6179,2.2979,1,7.9679,1,25.3586,81.873,r0_measured_01490,update,measured,17.3888,1.8244,1,14.8726,0.7204,24.2666,ok,0.3979
13.7735,677,,,0.5277,,,,,,15.376,r0_measured_01491,read,measured,,,,,0.6475,,ok,0.3509
12.3263,663,,,0.5742,,,,,,13.9234,r0_measured_01492,read,measured,,,,,0.5796,,ok,0.3731
12.9565,673,,,0.6302,,,,,,14.6321,r0_measured_01493,read,measured,,,,,0.6119,,ok,0.3565
64.5645,509,9.7284,5.6746,0.4854,1.7347,0,5.6728,1,22.1558,66.039,r0_measured_01494,update,measured,16.4812,1.4745,1,14.1406,0.6158,16.805,ok,0.3149
9.2665,509,,,0.4455,,,,,,10.6251,r0_measured_01495,read,measured,,,,,0.527,,ok,0.3329
11.8015,660,,,0.5478,,,,,,13.6872,r0_measured_01496,read,measured,,,,,0.6237,,ok,0.6253
13.9846,688,,,0.5742,,,,,,15.8057,r0_measured_01497,read,measured,,,,,0.7613,,ok,0.4008
81.7242,678,16.6272,6.1543,0.6179,3.8131,1,6.1522,1,26.4467,83.4215,r0_measured_01498,update,measured,20.2924,1.6973,1,12.8035,0.6488,22.0337,ok,0.3599
12.7933,688,,,0.5593,,,,,,14.5395,r0_measured_01499,read,measured,,,,,0.7821,,ok,0.3289
10.8492,629,,,0.6261,,,,,,12.517,r0_measured_01500,read,measured,,,,,0.6161,,ok,0.357
12.5493,680,,,0.4933,,,,,,14.1103,r0_measured_01501,read,measured,,,,,0.637,,ok,0.3505
9.672,509,,,0.4973,,,,,,11.0731,r0_measured_01502,read,measured,,,,,0.5147,,ok,0.3333
11.8978,680,,,0.4965,,,,,,13.4008,r0_measured_01503,read,measured,,,,,0.5906,,ok,0.3543
11.5567,662,,,0.5069,,,,,,13.1226,r0_measured_01504,read,measured,,,,,0.6465,,ok,0.3402
12.8666,675,,,0.5949,,,,,,14.5661,r0_measured_01505,read,measured,,,,,0.6555,,ok,0.3768
12.298,688,,,0.7372,,,,,,14.3094,r0_measured_01506,read,measured,,,,,0.6991,,ok,0.4854
12.4431,674,,,0.4505,,,,,,13.9366,r0_measured_01507,read,measured,,,,,0.6547,,ok,0.3188
8.3305,419,,,0.4399,,,,,,9.7444,r0_measured_01508,read,measured,,,,,0.5652,,ok,0.3416
8.3684,369,,,0.2263,,,,,,9.4286,r0_measured_01509,read,measured,,,,,0.475,,ok,0.3055
8.088,416,,,0.3453,,,,,,9.358,r0_measured_01510,read,measured,,,,,0.5354,,ok,0.3326
12.305,568,,,0.5439,,,,,,13.9065,r0_measured_01511,read,measured,,,,,0.6072,,ok,0.3759
12.1112,629,,,0.5819,,,,,,13.9128,r0_measured_01512,read,measured,,,,,0.7608,,ok,0.3857
12.0449,662,,,0.6709,,,,,,13.9796,r0_measured_01513,read,measured,,,,,0.6664,,ok,0.5126
11.7341,626,,,0.6402,,,,,,13.5467,r0_measured_01514,read,measured,,,,,0.6816,,ok,0.4068
13.7135,689,,,0.4829,,,,,,15.197,r0_measured_01515,read,measured,,,,,0.5992,,ok,0.337
9.2306,509,,,0.522,,,,,,10.7857,r0_measured_01516,read,measured,,,,,0.5908,,ok,0.3755
16.2537,629,,,0.5435,,,,,,17.8642,r0_measured_01517,read,measured,,,,,0.6336,,ok,0.3586
12.8766,566,,,0.4903,,,,,,14.3579,r0_measured_01518,read,measured,,,,,0.5858,,ok,0.3368
10.041,509,,,0.4562,,,,,,11.4625,r0_measured_01519,read,measured,,,,,0.5589,,ok,0.3425
8.8696,418,,,0.2293,,,,,,9.9511,r0_measured_01520,read,measured,,,,,0.4733,,ok,0.3321
14.4555,675,,,0.6686,,,,,,16.5361,r0_measured_01521,read,measured,,,,,0.9088,,ok,0.4061
9.4943,367,,,0.2386,,,,,,10.6627,r0_measured_01522,read,measured,,,,,0.526,,ok,0.3452
12.3117,661,,,0.5244,,,,,,13.9003,r0_measured_01523,read,measured,,,,,0.6283,,ok,0.3653
78.244,568,13.3675,6.573,0.5663,2.407,1,6.571,1,25.145,80.0161,r0_measured_01524,update,measured,18.572,1.7721,1,12.4206,0.7164,24.9039,ok,0.4067
11.9429,628,,,0.5259,,,,,,13.521,r0_measured_01525,read,measured,,,,,0.6211,,ok,0.3634
11.9549,681,,,0.7779,,,,,,13.8126,r0_measured_01526,read,measured,,,,,0.6066,,ok,0.401
10.4516,509,,,0.4335,,,,,,11.8761,r0_measured_01527,read,measured,,,,,0.5494,,ok,0.3769
11.6697,662,,,0.53,,,,,,13.173,r0_measured_01528,read,measured,,,,,0.5662,,ok,0.3443
13.0572,680,,,0.704,,,,,,15.0519,r0_measured_01529,read,measured,,,,,0.7794,,ok,0.4156
12.0255,509,,,0.4776,,,,,,13.6072,r0_measured_01530,read,measured,,,,,0.6571,,ok,0.3817
12.877,564,,,0.5281,,,,,,14.6024,r0_measured_01531,read,measured,,,,,0.7379,,ok,0.3837
13.1096,663,,,0.5749,,,,,,14.7336,r0_measured_01532,read,measured,,,,,0.6383,,ok,0.3349
10.2995,506,,,0.5245,,,,,,11.8435,r0_measured_01533,read,measured,,,,,0.5792,,ok,0.3697
11.3857,568,,,0.4587,,,,,,12.8787,r0_measured_01534,read,measured,,,,,0.6225,,ok,0.3411
14.5917,689,,,0.8001,,,,,,16.6966,r0_measured_01535,read,measured,,,,,0.6651,,ok,0.5448
9.7941,419,,,0.3308,,,,,,11.2211,r0_measured_01536,read,measured,,,,,0.5947,,ok,0.424
14.5732,680,,,0.6395,,,,,,16.3165,r0_measured_01537,read,measured,,,,,0.6554,,ok,0.3671
13.4385,663,,,0.65,,,,,,15.3255,r0_measured_01538,read,measured,,,,,0.7362,,ok,0.4056
14.1975,689,,,0.5808,,,,,,15.9024,r0_measured_01539,read,measured,,,,,0.6814,,ok,0.3671
14.3802,688,,,0.6018,,,,,,16.2378,r0_measured_01540,read,measured,,,,,0.7605,,ok,0.412
12.4245,418,,,0.2716,,,,,,13.7125,r0_measured_01541,read,measured,,,,,0.6092,,ok,0.3454
18.4949,679,,,0.5548,,,,,,20.1216,r0_measured_01542,read,measured,,,,,0.6262,,ok,0.3722
13.6346,689,,,0.6527,,,,,,15.6626,r0_measured_01543,read,measured,,,,,0.7862,,ok,0.4687
13.581,626,,,0.6467,,,,,,15.3973,r0_measured_01544,read,measured,,,,,0.6896,,ok,0.3957
15.6141,679,,,0.573,,,,,,17.3855,r0_measured_01545,read,measured,,,,,0.6939,,ok,0.421
13.1191,661,,,0.6211,,,,,,14.882,r0_measured_01546,read,measured,,,,,0.6853,,ok,0.37
71.7992,629,13.0521,8.0971,0.5569,2.1636,1,8.0953,1,23.5325,73.3979,r0_measured_01547,update,measured,15.4354,1.5987,1,12.2772,0.6434,20.7738,ok,0.3236
54.1719,675,12.1606,4.7163,0.6959,2.3435,0,4.7146,1,19.2724,56.3665,r0_measured_01548,update,measured,14.5561,2.1946,1,0.006,0.8826,20.3894,ok,0.5219
13.4112,680,,,0.5824,,,,,,15.0567,r0_measured_01549,read,measured,,,,,0.6538,,ok,0.3326
12.4822,628,,,0.5433,,,,,,14.1301,r0_measured_01550,read,measured,,,,,0.632,,ok,0.3964
13.6363,680,,,0.6124,,,,,,15.3709,r0_measured_01551,read,measured,,,,,0.6851,,ok,0.35
12.6828,661,,,0.5379,,,,,,14.3237,r0_measured_01552,read,measured,,,,,0.6295,,ok,0.3478
12.4786,678,,,0.6432,,,,,,14.2953,r0_measured_01553,read,measured,,,,,0.728,,ok,0.363
12.9948,679,,,0.6328,,,,,,14.8529,r0_measured_01554,read,measured,,,,,0.7968,,ok,0.3486
14.6368,628,,,0.717,,,,,,16.6109,r0_measured_01555,read,measured,,,,,0.7862,,ok,0.3814
13.7313,677,,,0.638,,,,,,15.7485,r0_measured_01556,read,measured,,,,,0.7834,,ok,0.5077
13.8142,680,,,0.7023,,,,,,15.6482,r0_measured_01557,read,measured,,,,,0.6781,,ok,0.3615
13.0498,689,,,0.5455,,,,,,14.7858,r0_measured_01558,read,measured,,,,,0.7486,,ok,0.3639
12.7242,679,,,0.6418,,,,,,14.4829,r0_measured_01559,read,measured,,,,,0.6642,,ok,0.3759
12.6688,661,,,0.5616,,,,,,14.3759,r0_measured_01560,read,measured,,,,,0.6994,,ok,0.3639
12.1306,629,,,0.5345,,,,,,13.6352,r0_measured_01561,read,measured,,,,,0.5549,,ok,0.3452
13.4799,663,,,0.6804,,,,,,15.4962,r0_measured_01562,read,measured,,,,,0.7772,,ok,0.4625
13.0978,566,,,0.491,,,,,,14.6246,r0_measured_01563,read,measured,,,,,0.624,,ok,0.3407
13.6723,629,,,0.6306,,,,,,15.6025,r0_measured_01564,read,measured,,,,,0.7786,,ok,0.4131
14.0688,662,,,0.546,,,,,,15.7262,r0_measured_01565,read,measured,,,,,0.6523,,ok,0.3582
9.7281,418,,,0.2792,,,,,,10.9929,r0_measured_01566,read,measured,,,,,0.5359,,ok,0.3888
9.729,418,,,0.2895,,,,,,10.9639,r0_measured_01567,read,measured,,,,,0.5018,,ok,0.3776
12.4031,680,,,0.557,,,,,,14.0324,r0_measured_01568,read,measured,,,,,0.5757,,ok,0.408
8.2192,418,,,0.2913,,,,,,9.3306,r0_measured_01569,read,measured,,,,,0.4232,,ok,0.3436
10.2552,508,,,0.4637,,,,,,11.7024,r0_measured_01570,read,measured,,,,,0.5954,,ok,0.3204
23.7863,679,,,0.7795,,,,,,26.0297,r0_measured_01571,read,measured,,,,,0.8876,,ok,0.4739
14.9666,674,,,0.5754,,,,,,16.7088,r0_measured_01572,read,measured,,,,,0.7034,,ok,0.3785
14.6168,688,,,0.6764,,,,,,16.4903,r0_measured_01573,read,measured,,,,,0.6883,,ok,0.4138
12.0703,369,,,0.2447,,,,,,13.278,r0_measured_01574,read,measured,,,,,0.54,,ok,0.3616
13.2454,674,,,0.6092,,,,,,15.0069,r0_measured_01575,read,measured,,,,,0.7084,,ok,0.3644
10.2087,367,,,0.2634,,,,,,11.5164,r0_measured_01576,read,measured,,,,,0.5775,,ok,0.3999
15.1602,679,,,0.6103,,,,,,16.8505,r0_measured_01577,read,measured,,,,,0.6397,,ok,0.3647
11.8456,418,,,0.2985,,,,,,13.1937,r0_measured_01578,read,measured,,,,,0.5563,,ok,0.4205
12.8663,507,,,0.4837,,,,,,14.3958,r0_measured_01579,read,measured,,,,,0.6116,,ok,0.3619
15.6675,686,,,0.6664,,,,,,17.5312,r0_measured_01580,read,measured,,,,,0.733,,ok,0.371
14.1598,679,,,0.5867,,,,,,15.8401,r0_measured_01581,read,measured,,,,,0.6548,,ok,0.359
8.6366,369,,,0.254,,,,,,9.8683,r0_measured_01582,read,measured,,,,,0.536,,ok,0.3592
14.0482,688,,,0.5055,,,,,,15.6705,r0_measured_01583,read,measured,,,,,0.6987,,ok,0.3396
12.3472,629,,,0.5865,,,,,,14.1735,r0_measured_01584,read,measured,,,,,0.7357,,ok,0.4203
13.3981,568,,,0.6166,,,,,,15.2942,r0_measured_01585,read,measured,,,,,0.7284,,ok,0.4584
15.1262,657,,,0.5856,,,,,,16.9464,r0_measured_01586,read,measured,,,,,0.7036,,ok,0.4439
8.9921,367,,,0.3011,,,,,,10.4403,r0_measured_01587,read,measured,,,,,0.7119,,ok,0.3621
13.9101,687,,,0.6867,,,,,,15.8594,r0_measured_01588,read,measured,,,,,0.7375,,ok,0.3953
12.8581,629,,,0.6653,,,,,,14.6878,r0_measured_01589,read,measured,,,,,0.6423,,ok,0.3763
14.1468,678,,,0.5642,,,,,,15.855,r0_measured_01590,read,measured,,,,,0.7113,,ok,0.3532
14.2984,628,,,0.6179,,,,,,16.2499,r0_measured_01591,read,measured,,,,,0.8069,,ok,0.4402
14.7916,628,,,0.6388,,,,,,16.8747,r0_measured_01592,read,measured,,,,,0.9415,,ok,0.4113
14.1962,678,,,0.6067,,,,,,15.9521,r0_measured_01593,read,measured,,,,,0.6848,,ok,0.382
13.6913,663,,,0.6167,,,,,,15.4267,r0_measured_01594,read,measured,,,,,0.6947,,ok,0.3473
11.7082,628,,,0.5837,,,,,,13.4162,r0_measured_01595,read,measured,,,,,0.6943,,ok,0.3654
12.7642,675,,,0.6229,,,,,,14.5505,r0_measured_01596,read,measured,,,,,0.7472,,ok,0.3361
17.833,663,,,0.6237,,,,,,19.7765,r0_measured_01597,read,measured,,,,,0.8188,,ok,0.4152
15.0494,678,,,0.5872,,,,,,16.9404,r0_measured_01598,read,measured,,,,,0.8251,,ok,0.395
13.592,629,,,0.6341,,,,,,15.3265,r0_measured_01599,read,measured,,,,,0.6495,,ok,0.3743
14.6417,626,,,0.5817,,,,,,16.3335,r0_measured_01600,read,measured,,,,,0.6752,,ok,0.3551
13.1537,629,,,0.5629,,,,,,14.8956,r0_measured_01601,read,measured,,,,,0.744,,ok,0.3554
13.6151,629,,,0.585,,,,,,15.3053,r0_measured_01602,read,measured,,,,,0.6818,,ok,0.3471
11.9873,566,,,0.511,,,,,,13.5775,r0_measured_01603,read,measured,,,,,0.642,,ok,0.3638
13.7021,681,,,0.7458,,,,,,15.7497,r0_measured_01604,read,measured,,,,,0.794,,ok,0.4119
13.9584,677,,,0.6372,,,,,,15.7896,r0_measured_01605,read,measured,,,,,0.7128,,ok,0.3981
12.175,628,,,0.5282,,,,,,13.777,r0_measured_01606,read,measured,,,,,0.5974,,ok,0.396
13.9141,679,,,0.6842,,,,,,15.9853,r0_measured_01607,read,measured,,,,,0.7602,,ok,0.5295
9.5173,419,,,0.2792,,,,,,10.778,r0_measured_01608,read,measured,,,,,0.5137,,ok,0.4051
13.1182,661,,,0.6643,,,,,,15.0177,r0_measured_01609,read,measured,,,,,0.7074,,ok,0.4324
17.8335,677,,,0.533,,,,,,19.561,r0_measured_01610,read,measured,,,,,0.7446,,ok,0.3762
13.7627,689,,,0.6612,,,,,,15.8188,r0_measured_01611,read,measured,,,,,0.7991,,ok,0.4902
12.2913,509,,,0.4747,,,,,,13.8114,r0_measured_01612,read,measured,,,,,0.6242,,ok,0.3578
12.7616,674,,,0.5682,,,,,,14.4377,r0_measured_01613,read,measured,,,,,0.6926,,ok,0.3357
10.0225,419,,,0.3522,,,,,,11.6253,r0_measured_01614,read,measured,,,,,0.7222,,ok,0.45
11.0409,419,,,0.2965,,,,,,12.3732,r0_measured_01615,read,measured,,,,,0.5692,,ok,0.3914
12.9463,508,,,0.5898,,,,,,14.6995,r0_measured_01616,read,measured,,,,,0.6481,,ok,0.4312
12.1102,568,,,0.4487,,,,,,13.57,r0_measured_01617,read,measured,,,,,0.6029,,ok,0.3388
17.6883,681,,,1.1134,,,,,,19.9147,r0_measured_01618,read,measured,,,,,0.6021,,ok,0.4258
84.6131,679,13.0796,9.5408,0.6147,2.5161,1,9.5388,1,34.4141,86.3268,r0_measured_01619,update,measured,24.8733,1.7137,1,12.4776,0.6257,22.1257,ok,0.3984
10.1748,508,,,0.4634,,,,,,11.6797,r0_measured_01620,read,measured,,,,,0.6384,,ok,0.3325
11.175,567,,,0.4835,,,,,,12.6741,r0_measured_01621,read,measured,,,,,0.6219,,ok,0.331
12.7243,674,,,0.5904,,,,,,14.6069,r0_measured_01622,read,measured,,,,,0.7866,,ok,0.4249
13.5544,681,,,0.6723,,,,,,15.3631,r0_measured_01623,read,measured,,,,,0.6826,,ok,0.3728
12.4574,679,,,0.5886,,,,,,14.3617,r0_measured_01624,read,measured,,,,,0.7934,,ok,0.4376
16.4078,675,,,0.6305,,,,,,18.2285,r0_measured_01625,read,measured,,,,,0.7278,,ok,0.3793
11.3852,566,,,0.6647,,,,,,13.1593,r0_measured_01626,read,measured,,,,,0.639,,ok,0.3979
12.9199,663,,,0.6008,,,,,,14.6058,r0_measured_01627,read,measured,,,,,0.6586,,ok,0.3502
10.5702,567,,,0.5977,,,,,,12.3311,r0_measured_01628,read,measured,,,,,0.6598,,ok,0.4263
10.4574,509,,,0.5706,,,,,,12.0712,r0_measured_01629,read,measured,,,,,0.5961,,ok,0.3768
13.7029,681,,,0.6053,,,,,,15.4153,r0_measured_01630,read,measured,,,,,0.6676,,ok,0.359
12.0794,628,,,0.877,,,,,,14.2407,r0_measured_01631,read,measured,,,,,0.8369,,ok,0.3322
11.8335,626,,,0.5193,,,,,,13.4113,r0_measured_01632,read,measured,,,,,0.6199,,ok,0.3628
17.2439,678,,,0.818,,,,,,19.7177,r0_measured_01633,read,measured,,,,,1.0129,,ok,0.5293
60.4712,686,13.0366,5.8607,0.6526,2.2528,1,5.8584,1,24.1425,62.2665,r0_measured_01634,update,measured,18.2818,1.7953,1,0.0062,0.6849,21.0331,ok,0.3797
13.3726,629,,,0.5495,,,,,,15.0582,r0_measured_01635,read,measured,,,,,0.6824,,ok,0.3759
10.0296,506,,,0.4596,,,,,,11.4496,r0_measured_01636,read,measured,,,,,0.5606,,ok,0.3341
12.6372,628,,,0.6632,,,,,,14.5764,r0_measured_01637,read,measured,,,,,0.7729,,ok,0.4109
9.8721,418,,,0.3032,,,,,,11.1773,r0_measured_01638,read,measured,,,,,0.5678,,ok,0.368
12.5294,681,,,0.4942,,,,,,14.0517,r0_measured_01639,read,measured,,,,,0.6273,,ok,0.3263
11.8439,673,,,0.6335,,,,,,13.8063,r0_measured_01640,read,measured,,,,,0.8621,,ok,0.3805
12.626,676,,,0.6659,,,,,,14.5297,r0_measured_01641,read,measured,,,,,0.7735,,ok,0.3912
16.0501,680,,,0.7136,,,,,,18.3205,r0_measured_01642,read,measured,,,,,1.016,,ok,0.4253
15.1358,681,,,0.6443,,,,,,16.9693,r0_measured_01643,read,measured,,,,,0.7178,,ok,0.3927
14.0105,626,,,0.5613,,,,,,15.7374,r0_measured_01644,read,measured,,,,,0.68,,ok,0.4019
11.5692,509,,,0.5012,,,,,,13.12,r0_measured_01645,read,measured,,,,,0.6171,,ok,0.3676
12.9095,660,,,0.645,,,,,,14.7835,r0_measured_01646,read,measured,,,,,0.663,,ok,0.4891
14.8501,678,,,0.556,,,,,,16.4923,r0_measured_01647,read,measured,,,,,0.6446,,ok,0.3637
13.2444,679,,,0.6316,,,,,,15.1125,r0_measured_01648,read,measured,,,,,0.7457,,ok,0.41
14.769,689,,,0.6105,,,,,,16.6437,r0_measured_01649,read,measured,,,,,0.749,,ok,0.4269
10.8261,564,,,0.5414,,,,,,12.26,r0_measured_01650,read,measured,,,,,0.5157,,ok,0.3208
12.5639,679,,,0.6081,,,,,,14.3581,r0_measured_01651,read,measured,,,,,0.7125,,ok,0.391
14.1276,628,,,0.5955,,,,,,15.9258,r0_measured_01652,read,measured,,,,,0.6993,,ok,0.4284
12.5648,628,,,0.6063,,,,,,14.5311,r0_measured_01653,read,measured,,,,,0.7346,,ok,0.5264
13.8408,674,,,0.6248,,,,,,15.6395,r0_measured_01654,read,measured,,,,,0.7073,,ok,0.3927
9.3321,419,,,0.3058,,,,,,10.6351,r0_measured_01655,read,measured,,,,,0.5259,,ok,0.3999
13.7762,681,,,0.5297,,,,,,15.4377,r0_measured_01656,read,measured,,,,,0.6678,,ok,0.3884
13.0996,681,,,0.7026,,,,,,15.0308,r0_measured_01657,read,measured,,,,,0.7104,,ok,0.4344
14.5213,675,,,0.6452,,,,,,16.461,r0_measured_01658,read,measured,,,,,0.7949,,ok,0.4111
12.8073,628,,,0.5147,,,,,,14.4477,r0_measured_01659,read,measured,,,,,0.6831,,ok,0.3708
13.574,677,,,0.6309,,,,,,15.3791,r0_measured_01660,read,measured,,,,,0.6107,,ok,0.4794
12.1733,674,,,1.0627,,,,,,14.8833,r0_measured_01661,read,measured,,,,,1.0668,,ok,0.479
15.6397,628,,,0.557,,,,,,17.535,r0_measured_01662,read,measured,,,,,0.8351,,ok,0.4152
14.4588,680,,,0.5869,,,,,,16.1732,r0_measured_01663,read,measured,,,,,0.6654,,ok,0.3839
111.8788,689,15.395,9.457,0.687,2.7593,1,9.4551,1,30.7711,113.8313,r0_measured_01664,update,measured,21.3141,1.9525,1,39.4615,0.7553,23.4919,ok,0.4185
13.7409,628,,,0.6039,,,,,,15.4398,r0_measured_01665,read,measured,,,,,0.629,,ok,0.3904
19.1775,677,,,0.8591,,,,,,21.2981,r0_measured_01666,read,measured,,,,,0.7659,,ok,0.3944
11.4227,369,,,0.2534,,,,,,12.6819,r0_measured_01667,read,measured,,,,,0.5503,,ok,0.3876
16.4639,629,,,0.6405,,,,,,18.2503,r0_measured_01668,read,measured,,,,,0.6244,,ok,0.4373
12.2385,506,,,0.5757,,,,,,13.9656,r0_measured_01669,read,measured,,,,,0.7008,,ok,0.3795
11.3629,507,,,0.5629,,,,,,13.0674,r0_measured_01670,read,measured,,,,,0.6557,,ok,0.4001
14.6463,680,,,0.5697,,,,,,16.4275,r0_measured_01671,read,measured,,,,,0.7557,,ok,0.3739
8.3374,367,,,0.2298,,,,,,9.4511,r0_measured_01672,read,measured,,,,,0.505,,ok,0.3223
7.9239,369,,,0.3116,,,,,,9.2977,r0_measured_01673,read,measured,,,,,0.5891,,ok,0.3823
13.4507,689,,,0.6209,,,,,,15.2146,r0_measured_01674,read,measured,,,,,0.6654,,ok,0.4015
12.6954,680,,,0.6425,,,,,,14.4809,r0_measured_01675,read,measured,,,,,0.7123,,ok,0.3468
13.3396,679,,,0.5503,,,,,,14.9441,r0_measured_01676,read,measured,,,,,0.5783,,ok,0.3885
12.5615,663,,,0.6588,,,,,,14.4148,r0_measured_01677,read,measured,,,,,0.7099,,ok,0.3986
13.1678,660,,,0.5767,,,,,,14.7546,r0_measured_01678,read,measured,,,,,0.6008,,ok,0.3333
12.0925,675,,,0.5229,,,,,,13.6427,r0_measured_01679,read,measured,,,,,0.6291,,ok,0.3275
11.8786,681,,,0.6857,,,,,,13.9919,r0_measured_01680,read,measured,,,,,0.8418,,ok,0.4855
12.4176,566,,,0.4501,,,,,,13.8748,r0_measured_01681,read,measured,,,,,0.6108,,ok,0.3302
13.9277,628,,,0.6437,,,,,,15.7723,r0_measured_01682,read,measured,,,,,0.7128,,ok,0.4004
14.0496,626,,,0.6386,,,,,,15.8417,r0_measured_01683,read,measured,,,,,0.6784,,ok,0.3932
13.9976,678,,,0.5744,,,,,,15.7338,r0_measured_01684,read,measured,,,,,0.7211,,ok,0.3607
16.9706,673,,,0.5994,,,,,,18.6556,r0_measured_01685,read,measured,,,,,0.6443,,ok,0.3637
20.3108,678,,,0.7163,,,,,,22.3678,r0_measured_01686,read,measured,,,,,0.8229,,ok,0.425
14.1102,629,,,0.5179,,,,,,15.7336,r0_measured_01687,read,measured,,,,,0.6359,,ok,0.3872
13.9939,680,,,0.5765,,,,,,15.7442,r0_measured_01688,read,measured,,,,,0.7181,,ok,0.3722
12.1545,567,,,0.5065,,,,,,13.729,r0_measured_01689,read,measured,,,,,0.6214,,ok,0.3691
13.5464,674,,,0.7492,,,,,,15.5523,r0_measured_01690,read,measured,,,,,0.7272,,ok,0.437
14.1908,661,,,0.5838,,,,,,15.9395,r0_measured_01691,read,measured,,,,,0.6679,,ok,0.4085
13.8403,674,,,0.6267,,,,,,15.6014,r0_measured_01692,read,measured,,,,,0.6836,,ok,0.37
10.732,508,,,0.5117,,,,,,12.4207,r0_measured_01693,read,measured,,,,,0.7119,,ok,0.3899
13.5188,628,,,0.6694,,,,,,15.3721,r0_measured_01694,read,measured,,,,,0.6991,,ok,0.4017
13.4237,508,,,0.482,,,,,,14.9423,r0_measured_01695,read,measured,,,,,0.5581,,ok,0.4033
68.3135,689,14.2844,6.606,0.5843,2.6575,1,6.6041,1,27.7755,70.0213,r0_measured_01696,update,measured,21.1695,1.7078,1,0.006,0.6811,23.5901,ok,0.3631
8.9986,418,,,0.3584,,,,,,10.4155,r0_measured_01697,read,measured,,,,,0.6076,,ok,0.3852
87.6332,678,13.6414,14.5952,0.695,2.2572,0,14.5929,1,36.7751,89.6073,r0_measured_01698,update,measured,22.1799,1.9741,1,13.6801,0.753,21.2794,ok,0.4325
14.8919,680,,,0.5892,,,,,,16.6483,r0_measured_01699,read,measured,,,,,0.6802,,ok,0.4025
14.1745,661,,,0.5173,,,,,,15.8048,r0_measured_01700,read,measured,,,,,0.6735,,ok,0.3607
14.5756,688,,,0.5407,,,,,,16.5538,r0_measured_01701,read,measured,,,,,0.9781,,ok,0.376
11.1861,506,,,0.5148,,,,,,12.9872,r0_measured_01702,read,measured,,,,,0.7917,,ok,0.4151
14.0752,680,,,0.517,,,,,,15.7071,r0_measured_01703,read,measured,,,,,0.6467,,ok,0.3981
10.7823,567,,,0.4712,,,,,,12.3021,r0_measured_01704,read,measured,,,,,0.6454,,ok,0.3304
11.8317,629,,,0.6341,,,,,,13.661,r0_measured_01705,read,measured,,,,,0.7007,,ok,0.4155
10.731,509,,,0.5532,,,,,,12.3403,r0_measured_01706,read,measured,,,,,0.6036,,ok,0.378
9.0882,367,,,0.2782,,,,,,10.3258,r0_measured_01707,read,measured,,,,,0.5567,,ok,0.3376
12.7567,675,,,0.5103,,,,,,14.3486,r0_measured_01708,read,measured,,,,,0.6802,,ok,0.3317
12.6316,680,,,0.7003,,,,,,14.6064,r0_measured_01709,read,measured,,,,,0.7924,,ok,0.3909
14.2925,680,,,0.5736,,,,,,16.0551,r0_measured_01710,read,measured,,,,,0.7446,,ok,0.3667
11.7417,418,,,0.2738,,,,,,13.0546,r0_measured_01711,read,measured,,,,,0.4903,,ok,0.4813
12.1283,509,,,0.5592,,,,,,13.6503,r0_measured_01712,read,measured,,,,,0.5153,,ok,0.3668
15.0481,680,,,0.8839,,,,,,17.2664,r0_measured_01713,read,measured,,,,,0.7443,,ok,0.4884
10.737,418,,,0.3168,,,,,,12.1184,r0_measured_01714,read,measured,,,,,0.6163,,ok,0.3801
13.7164,627,,,0.5628,,,,,,15.3552,r0_measured_01715,read,measured,,,,,0.662,,ok,0.3417
12.9155,662,,,0.7264,,,,,,15.0393,r0_measured_01716,read,measured,,,,,0.7029,,ok,0.591
9.7123,368,,,0.2639,,,,,,10.9868,r0_measured_01717,read,measured,,,,,0.5821,,ok,0.3658
13.6705,661,,,0.5266,,,,,,15.2035,r0_measured_01718,read,measured,,,,,0.5713,,ok,0.365
12.1395,679,,,0.5372,,,,,,13.7702,r0_measured_01719,read,measured,,,,,0.6433,,ok,0.3744
8.5225,419,,,0.2613,,,,,,9.6539,r0_measured_01720,read,measured,,,,,0.461,,ok,0.3559
10.7107,369,,,0.2987,,,,,,11.92,r0_measured_01721,read,measured,,,,,0.4958,,ok,0.3569
16.7116,628,,,0.5473,,,,,,18.5035,r0_measured_01722,read,measured,,,,,0.7239,,ok,0.4348
17.3263,689,,,0.6837,,,,,,19.3107,r0_measured_01723,read,measured,,,,,0.781,,ok,0.4271
15.5326,680,,,0.552,,,,,,17.2649,r0_measured_01724,read,measured,,,,,0.7057,,ok,0.3905
13.8629,688,,,0.6506,,,,,,15.6594,r0_measured_01725,read,measured,,,,,0.7065,,ok,0.3524
12.7589,661,,,0.5874,,,,,,14.2976,r0_measured_01726,read,measured,,,,,0.5278,,ok,0.3559
13.546,679,,,0.585,,,,,,15.146,r0_measured_01727,read,measured,,,,,0.597,,ok,0.354
13.0256,681,,,0.581,,,,,,14.6272,r0_measured_01728,read,measured,,,,,0.6072,,ok,0.3378
8.8992,418,,,0.2532,,,,,,9.9985,r0_measured_01729,read,measured,,,,,0.4699,,ok,0.3212
12.6306,674,,,0.6147,,,,,,14.4163,r0_measured_01730,read,measured,,,,,0.6949,,ok,0.3839
18.3958,675,,,0.6282,,,,,,20.4192,r0_measured_01731,read,measured,,,,,0.8925,,ok,0.4157
10.7041,418,,,0.3253,,,,,,12.0598,r0_measured_01732,read,measured,,,,,0.5546,,ok,0.4081
8.7028,418,,,0.2647,,,,,,9.8677,r0_measured_01733,read,measured,,,,,0.4891,,ok,0.3501
13.4981,663,,,1.0182,,,,,,15.7435,r0_measured_01734,read,measured,,,,,0.7146,,ok,0.4186
12.2503,509,,,0.5787,,,,,,14.006,r0_measured_01735,read,measured,,,,,0.643,,ok,0.4549
13.655,629,,,0.6328,,,,,,15.4479,r0_measured_01736,read,measured,,,,,0.7088,,ok,0.3818
13.1827,629,,,0.5747,,,,,,14.8617,r0_measured_01737,read,measured,,,,,0.6613,,ok,0.3609
10.8343,568,,,0.5306,,,,,,12.3311,r0_measured_01738,read,measured,,,,,0.5535,,ok,0.3488
7.9289,418,,,0.2936,,,,,,9.1537,r0_measured_01739,read,measured,,,,,0.5063,,ok,0.3676
13.5128,680,,,0.8182,,,,,,15.782,r0_measured_01740,read,measured,,,,,0.8527,,ok,0.4815
20.1235,675,,,1.0125,,,,,,22.8912,r0_measured_01741,read,measured,,,,,0.6529,,ok,0.9571
11.8406,628,,,0.4852,,,,,,13.3885,r0_measured_01742,read,measured,,,,,0.6916,,ok,0.3016
18.1912,688,,,0.7123,,,,,,20.3309,r0_measured_01743,read,measured,,,,,0.8351,,ok,0.4875
14.4366,509,,,0.4554,,,,,,15.8541,r0_measured_01744,read,measured,,,,,0.5536,,ok,0.3402
17.1979,674,,,0.5959,,,,,,18.8521,r0_measured_01745,read,measured,,,,,0.6414,,ok,0.3363
12.0328,418,,,0.2769,,,,,,13.2542,r0_measured_01746,read,measured,,,,,0.512,,ok,0.368
13.7053,687,,,0.6031,,,,,,15.4455,r0_measured_01747,read,measured,,,,,0.6672,,ok,0.3768
61.5154,679,14.5888,7.7549,0.6442,2.6581,1,7.7531,1,22.4134,63.1516,r0_measured_01748,update,measured,14.6585,1.6362,1,0.006,0.5595,21.8491,ok,0.3601
13.7399,680,,,0.5523,,,,,,15.3742,r0_measured_01749,read,measured,,,,,0.6726,,ok,0.3296
16.6372,661,,,0.693,,,,,,18.5678,r0_measured_01750,read,measured,,,,,0.6952,,ok,0.451
12.9615,419,,,0.2986,,,,,,14.404,r0_measured_01751,read,measured,,,,,0.5951,,ok,0.4681
14.1149,680,,,0.5807,,,,,,15.8404,r0_measured_01752,read,measured,,,,,0.688,,ok,0.3778
11.2246,566,,,0.4939,,,,,,12.7671,r0_measured_01753,read,measured,,,,,0.6403,,ok,0.3233
11.9986,675,,,0.6116,,,,,,13.6371,r0_measured_01754,read,measured,,,,,0.6243,,ok,0.3307
12.2367,626,,,0.627,,,,,,14.1526,r0_measured_01755,read,measured,,,,,0.7706,,ok,0.4254
15.0281,679,,,0.5851,,,,,,16.7304,r0_measured_01756,read,measured,,,,,0.6811,,ok,0.3572
13.4517,680,,,0.6215,,,,,,15.6108,r0_measured_01757,read,measured,,,,,1.0661,,ok,0.3866
14.2515,677,,,0.5731,,,,,,15.994,r0_measured_01758,read,measured,,,,,0.7529,,ok,0.3366
11.1738,564,,,0.5517,,,,,,12.8898,r0_measured_01759,read,measured,,,,,0.5762,,ok,0.4679
13.1379,629,,,0.5365,,,,,,14.6856,r0_measured_01760,read,measured,,,,,0.5939,,ok,0.3427
10.8572,628,,,0.7353,,,,,,13.0689,r0_measured_01761,read,measured,,,,,0.9896,,ok,0.4112
14.479,673,,,0.6073,,,,,,16.304,r0_measured_01762,read,measured,,,,,0.759,,ok,0.3645
13.8207,674,,,0.6699,,,,,,15.8909,r0_measured_01763,read,measured,,,,,0.8869,,ok,0.4284
14.4434,663,,,0.6535,,,,,,16.3236,r0_measured_01764,read,measured,,,,,0.7297,,ok,0.409
9.9303,419,,,0.3059,,,,,,11.2339,r0_measured_01765,read,measured,,,,,0.5568,,ok,0.3743
14.0573,689,,,0.6824,,,,,,15.9255,r0_measured_01766,read,measured,,,,,0.6971,,ok,0.4039
14.358,680,,,0.6479,,,,,,16.2801,r0_measured_01767,read,measured,,,,,0.8446,,ok,0.3468
8.5509,418,,,0.2431,,,,,,9.6657,r0_measured_01768,read,measured,,,,,0.4818,,ok,0.3353
13.0631,679,,,0.6552,,,,,,14.9236,r0_measured_01769,read,measured,,,,,0.7511,,ok,0.3654
13.1075,661,,,0.521,,,,,,14.7525,r0_measured_01770,read,measured,,,,,0.6675,,ok,0.384
14.1106,679,,,0.76,,,,,,16.0949,r0_measured_01771,read,measured,,,,,0.7215,,ok,0.4122
71.4024,628,13.506,6.7012,0.459,2.3455,1,6.6982,1,21.9692,72.938,r0_measured_01772,update,measured,15.268,1.5356,1,12.3142,0.6619,21.2675,ok,0.339
12.6697,679,,,0.6588,,,,,,14.5964,r0_measured_01773,read,measured,,,,,0.8245,,ok,0.3626
13.8824,663,,,0.5657,,,,,,15.6688,r0_measured_01774,read,measured,,,,,0.7881,,ok,0.3604
15.4306,679,,,0.631,,,,,,17.2544,r0_measured_01775,read,measured,,,,,0.7451,,ok,0.3667
13.4782,661,,,0.678,,,,,,15.4922,r0_measured_01776,read,measured,,,,,0.745,,ok,0.4869
13.8399,678,,,0.6085,,,,,,15.6067,r0_measured_01777,read,measured,,,,,0.6848,,ok,0.3941
13.6416,679,,,0.5928,,,,,,15.3385,r0_measured_01778,read,measured,,,,,0.6599,,ok,0.3602
11.0855,566,,,0.4688,,,,,,12.4707,r0_measured_01779,read,measured,,,,,0.5402,,ok,0.3187
12.1179,663,,,0.6452,,,,,,14.2355,r0_measured_01780,read,measured,,,,,0.8991,,ok,0.4855
82.4142,629,12.7893,9.2268,0.5711,2.7435,0,9.2251,1,31.7644,84.0246,r0_measured_01781,update,measured,22.5376,1.6104,1,14.4672,0.6166,20.6498,ok,0.3487
14.5678,689,,,0.7381,,,,,,16.6007,r0_measured_01782,read,measured,,,,,0.7661,,ok,0.4301
12.7187,567,,,0.5145,,,,,,14.3118,r0_measured_01783,read,measured,,,,,0.6509,,ok,0.3504
13.8459,419,,,0.2487,,,,,,14.9312,r0_measured_01784,read,measured,,,,,0.4731,,ok,0.3086
12.9972,661,,,0.7615,,,,,,15.0576,r0_measured_01785,read,measured,,,,,0.7953,,ok,0.4097
13.7972,681,,,0.6543,,,,,,15.6013,r0_measured_01786,read,measured,,,,,0.7032,,ok,0.3687
10.4463,509,,,0.5434,,,,,,12.2314,r0_measured_01787,read,measured,,,,,0.7337,,ok,0.4239
15.4622,680,,,0.6528,,,,,,17.5154,r0_measured_01788,read,measured,,,,,0.9148,,ok,0.3978
14.7116,688,,,0.7032,,,,,,16.6796,r0_measured_01789,read,measured,,,,,0.7696,,ok,0.3924
13.1755,629,,,0.4923,,,,,,14.7312,r0_measured_01790,read,measured,,,,,0.6596,,ok,0.3269
17.0831,681,,,0.9212,,,,,,19.6148,r0_measured_01791,read,measured,,,,,0.9659,,ok,0.5214
16.7947,680,,,0.5877,,,,,,18.6201,r0_measured_01792,read,measured,,,,,0.7634,,ok,0.3867
10.8364,509,,,0.4401,,,,,,12.3352,r0_measured_01793,read,measured,,,,,0.6315,,ok,0.3507
12.9313,681,,,0.5912,,,,,,14.6206,r0_measured_01794,read,measured,,,,,0.6909,,ok,0.3322
12.8661,689,,,0.6119,,,,,,14.511,r0_measured_01795,read,measured,,,,,0.6285,,ok,0.3357
12.4274,689,,,0.5751,,,,,,14.0727,r0_measured_01796,read,measured,,,,,0.6438,,ok,0.3295
14.9452,680,,,0.6738,,,,,,16.8038,r0_measured_01797,read,measured,,,,,0.7195,,ok,0.3795
8.1379,368,,,0.3099,,,,,,9.5923,r0_measured_01798,read,measured,,,,,0.6165,,ok,0.452
13.1832,689,,,0.624,,,,,,15.1001,r0_measured_01799,read,measured,,,,,0.833,,ok,0.3811
13.2606,675,,,0.705,,,,,,15.3904,r0_measured_01800,read,measured,,,,,0.8732,,ok,0.4416
15.648,680,,,0.7021,,,,,,17.7211,r0_measured_01801,read,measured,,,,,0.855,,ok,0.4276
67.1916,419,9.2298,7.0108,0.242,1.8288,1,7.009,1,28.9186,68.2903,r0_measured_01802,update,measured,21.9078,1.0987,1,12.0364,0.4779,15.178,ok,0.325
8.3138,419,,,0.3752,,,,,,9.6263,r0_measured_01803,read,measured,,,,,0.5346,,ok,0.3371
9.0561,416,,,0.2415,,,,,,10.1576,r0_measured_01804,read,measured,,,,,0.4849,,ok,0.3152
8.0197,418,,,0.3342,,,,,,9.243,r0_measured_01805,read,measured,,,,,0.4865,,ok,0.3475
13.6491,680,,,0.6747,,,,,,15.5443,r0_measured_01806,read,measured,,,,,0.7243,,ok,0.4034
12.216,629,,,0.4823,,,,,,13.7233,r0_measured_01807,read,measured,,,,,0.6094,,ok,0.3421
12.2458,679,,,0.5461,,,,,,13.9677,r0_measured_01808,read,measured,,,,,0.7016,,ok,0.3946
12.7692,663,,,0.6827,,,,,,14.5981,r0_measured_01809,read,measured,,,,,0.6536,,ok,0.4146
10.6684,568,,,0.4683,,,,,,12.0919,r0_measured_01810,read,measured,,,,,0.5674,,ok,0.3226
88.145,568,14.5597,5.3851,0.6317,2.4948,1,5.3833,1,32.0675,89.9798,r0_measured_01811,update,measured,26.6824,1.8348,1,17.1879,0.7023,21.8351,ok,0.4122
16.2999,689,,,0.6489,,,,,,18.1856,r0_measured_01812,read,measured,,,,,0.7351,,ok,0.4113
14.8264,628,,,0.5611,,,,,,16.4786,r0_measured_01813,read,measured,,,,,0.6354,,ok,0.3727
9.4044,416,,,0.2386,,,,,,10.4881,r0_measured_01814,read,measured,,,,,0.4614,,ok,0.3288
18.9929,681,,,0.5793,,,,,,20.6992,r0_measured_01815,read,measured,,,,,0.6957,,ok,0.3524
78.0122,567,15.414,9.8092,0.4843,1.9293,1,9.8077,1,29.7392,79.4725,r0_measured_01816,update,measured,19.93,1.4603,1,11.1638,0.5764,19.7659,ok,0.3311
12.1072,662,,,0.5212,,,,,,13.7676,r0_measured_01817,read,measured,,,,,0.707,,ok,0.3493
12.5152,663,,,0.6482,,,,,,14.342,r0_measured_01818,read,measured,,,,,0.7335,,ok,0.3685
10.9871,567,,,0.4495,,,,,,12.3635,r0_measured_01819,read,measured,,,,,0.5419,,ok,0.3215
8.1406,418,,,0.2763,,,,,,9.3569,r0_measured_01820,read,measured,,,,,0.5355,,ok,0.3396
14.0435,662,,,0.5342,,,,,,15.6598,r0_measured_01821,read,measured,,,,,0.6723,,ok,0.3378
13.2298,674,,,0.5929,,,,,,14.9743,r0_measured_01822,read,measured,,,,,0.7245,,ok,0.343
12.2521,628,,,0.5172,,,,,,13.8475,r0_measured_01823,read,measured,,,,,0.6295,,ok,0.375
13.335,681,,,0.723,,,,,,15.503,r0_measured_01824,read,measured,,,,,0.929,,ok,0.427
15.0047,676,,,0.6049,,,,,,16.7686,r0_measured_01825,read,measured,,,,,0.6985,,ok,0.3814
13.9223,680,,,0.6786,,,,,,15.7703,r0_measured_01826,read,measured,,,,,0.6704,,ok,0.4039
9.0195,369,,,0.2586,,,,,,10.2038,r0_measured_01827,read,measured,,,,,0.52,,ok,0.3442
9.9841,506,,,0.4653,,,,,,11.3351,r0_measured_01828,read,measured,,,,,0.5121,,ok,0.3146
9.8561,564,,,0.5943,,,,,,11.3753,r0_measured_01829,read,measured,,,,,0.5336,,ok,0.3313
12.5327,678,,,0.6609,,,,,,14.4657,r0_measured_01830,read,measured,,,,,0.8097,,ok,0.3769
11.2661,567,,,0.4665,,,,,,12.7927,r0_measured_01831,read,measured,,,,,0.6548,,ok,0.3342
10.6507,568,,,0.5614,,,,,,12.3563,r0_measured_01832,read,measured,,,,,0.669,,ok,0.3999
8.7043,419,,,0.3572,,,,,,9.9682,r0_measured_01833,read,measured,,,,,0.5206,,ok,0.3318
12.6148,678,,,0.5485,,,,,,14.1066,r0_measured_01834,read,measured,,,,,0.5494,,ok,0.3312
11.5482,629,,,0.5685,,,,,,13.1378,r0_measured_01835,read,measured,,,,,0.5739,,ok,0.3699
13.8484,688,,,0.5546,,,,,,15.5158,r0_measured_01836,read,measured,,,,,0.7204,,ok,0.3265
12.25,661,,,0.6451,,,,,,14.2877,r0_measured_01837,read,measured,,,,,0.8869,,ok,0.4276
15.6089,681,,,0.56,,,,,,17.5715,r0_measured_01838,read,measured,,,,,0.9088,,ok,0.4127
10.1217,419,,,0.3215,,,,,,11.5398,r0_measured_01839,read,measured,,,,,0.6729,,ok,0.3546
13.206,663,,,0.5641,,,,,,14.8318,r0_measured_01840,read,measured,,,,,0.6392,,ok,0.3463
12.8441,678,,,0.5326,,,,,,14.4562,r0_measured_01841,read,measured,,,,,0.6504,,ok,0.3495
93.0381,679,13.2877,7.3497,0.4719,2.3621,1,7.348,1,40.8182,94.5907,r0_measured_01842,update,measured,33.4685,1.5526,1,12.0415,0.6428,24.5286,ok,0.3624
14.9486,674,,,0.4847,,,,,,16.5279,r0_measured_01843,read,measured,,,,,0.623,,ok,0.387
15.2339,678,,,0.7041,,,,,,17.3069,r0_measured_01844,read,measured,,,,,0.8351,,ok,0.4393
14.365,629,,,0.5755,,,,,,16.1434,r0_measured_01845,read,measured,,,,,0.749,,ok,0.3746
14.3478,568,,,0.5843,,,,,,16.2484,r0_measured_01846,read,measured,,,,,0.8512,,ok,0.3828
11.3887,507,,,0.5829,,,,,,13.0538,r0_measured_01847,read,measured,,,,,0.623,,ok,0.3844
12.3079,629,,,0.4768,,,,,,13.7589,r0_measured_01848,read,measured,,,,,0.5827,,ok,0.3276
9.7974,506,,,0.6251,,,,,,11.4806,r0_measured_01849,read,measured,,,,,0.6124,,ok,0.3689
13.05,674,,,0.5882,,,,,,14.8076,r0_measured_01850,read,measured,,,,,0.6607,,ok,0.4276
9.2581,416,,,0.255,,,,,,10.4259,r0_measured_01851,read,measured,,,,,0.5193,,ok,0.3351
13.4425,688,,,0.6871,,,,,,15.3339,r0_measured_01852,read,measured,,,,,0.7485,,ok,0.3679
10.7772,508,,,0.4704,,,,,,12.1694,r0_measured_01853,read,measured,,,,,0.5113,,ok,0.3436
14.543,680,,,0.629,,,,,,16.5033,r0_measured_01854,read,measured,,,,,0.831,,ok,0.4018
14.7743,689,,,0.5348,,,,,,16.4833,r0_measured_01855,read,measured,,,,,0.7104,,ok,0.3797
13.2969,663,,,0.496,,,,,,14.9165,r0_measured_01856,read,measured,,,,,0.6858,,ok,0.3663
10.5364,506,,,0.5287,,,,,,12.0224,r0_measured_01857,read,measured,,,,,0.5348,,ok,0.3512
12.4994,674,,,0.5282,,,,,,14.1684,r0_measured_01858,read,measured,,,,,0.7229,,ok,0.3412
9.4935,509,,,0.4583,,,,,,10.9734,r0_measured_01859,read,measured,,,,,0.5959,,ok,0.3501
9.1635,419,,,0.2805,,,,,,10.3535,r0_measured_01860,read,measured,,,,,0.5272,,ok,0.3265
11.8888,629,,,0.5773,,,,,,13.5415,r0_measured_01861,read,measured,,,,,0.6544,,ok,0.3513
8.1837,418,,,0.3027,,,,,,9.444,r0_measured_01862,read,measured,,,,,0.5495,,ok,0.3415
10.0052,508,,,0.4194,,,,,,11.4304,r0_measured_01863,read,measured,,,,,0.5066,,ok,0.4185
12.1395,679,,,0.5465,,,,,,13.8125,r0_measured_01864,read,measured,,,,,0.7192,,ok,0.3389
10.0653,509,,,0.4279,,,,,,11.5266,r0_measured_01865,read,measured,,,,,0.6124,,ok,0.3491
9.1568,418,,,0.2639,,,,,,10.287,r0_measured_01866,read,measured,,,,,0.4846,,ok,0.324
10.1196,568,,,0.4654,,,,,,11.532,r0_measured_01867,read,measured,,,,,0.5562,,ok,0.3267
11.707,662,,,0.5687,,,,,,13.382,r0_measured_01868,read,measured,,,,,0.6777,,ok,0.3519
88.8892,663,13.1938,10.4528,0.5039,2.1339,1,10.4514,1,34.4618,90.4456,r0_measured_01869,update,measured,24.009,1.5564,1,14.9465,0.5982,24.1532,ok,0.3809
8.5503,418,,,0.3337,,,,,,9.7827,r0_measured_01870,read,measured,,,,,0.4826,,ok,0.3526
11.4463,626,,,0.5328,,,,,,13.1146,r0_measured_01871,read,measured,,,,,0.6265,,ok,0.4326
15.339,568,,,0.5721,,,,,,16.9871,r0_measured_01872,read,measured,,,,,0.6641,,ok,0.3361
12.6296,663,,,0.5358,,,,,,14.2397,r0_measured_01873,read,measured,,,,,0.6272,,ok,0.3747
12.9541,679,,,0.6909,,,,,,14.8593,r0_measured_01874,read,measured,,,,,0.7643,,ok,0.3709
13.3451,679,,,0.5509,,,,,,15.014,r0_measured_01875,read,measured,,,,,0.6866,,ok,0.3531
11.65,419,,,0.2627,,,,,,12.7318,r0_measured_01876,read,measured,,,,,0.4498,,ok,0.3145
94.7208,680,13.8131,12.5637,0.5027,2.4754,1,12.5614,1,42.5649,96.2843,r0_measured_01877,update,measured,30.0012,1.5635,1,11.9937,0.6547,23.8737,ok,0.3316
12.996,689,,,0.6439,,,,,,14.7162,r0_measured_01878,read,measured,,,,,0.6288,,ok,0.3663
11.5582,629,,,0.6046,,,,,,13.3483,r0_measured_01879,read,measured,,,,,0.7116,,ok,0.3969
14.5995,680,,,0.7177,,,,,,16.6303,r0_measured_01880,read,measured,,,,,0.8018,,ok,0.4221
11.2453,509,,,0.4806,,,,,,12.7207,r0_measured_01881,read,measured,,,,,0.5608,,ok,0.3702
75.2924,680,12.8579,5.4951,0.5197,2.3908,1,5.4934,1,24.6359,76.8578,r0_measured_01882,update,measured,19.1408,1.5654,1,12.6957,0.6338,22.7121,ok,0.3391
8.15,418,,,0.2784,,,,,,9.3972,r0_measured_01883,read,measured,,,,,0.5348,,ok,0.3731
14.0808,688,,,0.5851,,,,,,15.68,r0_measured_01884,read,measured,,,,,0.6117,,ok,0.3304
7.9114,367,,,0.2324,,,,,,8.9621,r0_measured_01885,read,measured,,,,,0.4467,,ok,0.3206
13.1532,680,,,0.5923,,,,,,15.0444,r0_measured_01886,read,measured,,,,,0.763,,ok,0.404
8.5494,369,,,0.2193,,,,,,9.62,r0_measured_01887,read,measured,,,,,0.4577,,ok,0.3481
12.329,689,,,0.6555,,,,,,14.0109,r0_measured_01888,read,measured,,,,,0.593,,ok,0.3625
12.643,680,,,0.5418,,,,,,14.3614,r0_measured_01889,read,measured,,,,,0.7231,,ok,0.3713
12.3825,626,,,0.5575,,,,,,14.0517,r0_measured_01890,read,measured,,,,,0.6865,,ok,0.3559
14.8101,629,,,0.597,,,,,,16.637,r0_measured_01891,read,measured,,,,,0.7558,,ok,0.3923
10.9974,509,,,0.4691,,,,,,12.467,r0_measured_01892,read,measured,,,,,0.5574,,ok,0.3756
10.3952,506,,,0.5235,,,,,,11.9816,r0_measured_01893,read,measured,,,,,0.6481,,ok,0.3442
12.6001,680,,,0.5652,,,,,,14.1949,r0_measured_01894,read,measured,,,,,0.6366,,ok,0.325
10.5294,566,,,0.4261,,,,,,11.9051,r0_measured_01895,read,measured,,,,,0.5598,,ok,0.3313
10.6623,509,,,0.6328,,,,,,12.8212,r0_measured_01896,read,measured,,,,,0.9286,,ok,0.5035
16.5251,686,,,0.5982,,,,,,18.2346,r0_measured_01897,read,measured,,,,,0.6609,,ok,0.3696
17.8546,419,,,0.2809,,,,,,19.0161,r0_measured_01898,read,measured,,,,,0.4896,,ok,0.3282
15.3481,686,,,0.8937,,,,,,17.6567,r0_measured_01899,read,measured,,,,,0.7774,,ok,0.5331
80.137,662,13.941,9.0622,0.4787,2.2694,0,9.0599,1,26.7552,81.6347,r0_measured_01900,update,measured,17.693,1.4977,1,12.7402,0.5972,24.4312,ok,0.3391
13.6512,657,,,0.5392,,,,,,15.1594,r0_measured_01901,read,measured,,,,,0.5761,,ok,0.3261
10.4123,507,,,0.583,,,,,,12.0806,r0_measured_01902,read,measured,,,,,0.6473,,ok,0.3595
12.1981,568,,,0.5995,,,,,,13.966,r0_measured_01903,read,measured,,,,,0.6853,,ok,0.3922
12.0268,509,,,0.6166,,,,,,13.7916,r0_measured_01904,read,measured,,,,,0.6804,,ok,0.39
17.0679,674,,,0.5694,,,,,,18.7433,r0_measured_01905,read,measured,,,,,0.6655,,ok,0.3599
13.2368,628,,,0.7614,,,,,,15.4712,r0_measured_01906,read,measured,,,,,0.7159,,ok,0.6648
12.5103,566,,,0.4408,,,,,,14.0506,r0_measured_01907,read,measured,,,,,0.702,,ok,0.3276
12.435,678,,,0.5159,,,,,,13.9916,r0_measured_01908,read,measured,,,,,0.6499,,ok,0.3188
10.8361,509,,,0.4417,,,,,,12.338,r0_measured_01909,read,measured,,,,,0.6406,,ok,0.3499
12.3334,629,,,0.5729,,,,,,13.9346,r0_measured_01910,read,measured,,,,,0.6146,,ok,0.347
14.4333,661,,,0.7063,,,,,,16.394,r0_measured_01911,read,measured,,,,,0.7136,,ok,0.4526
9.4455,419,,,0.3397,,,,,,10.7182,r0_measured_01912,read,measured,,,,,0.5153,,ok,0.3576
12.1233,566,,,0.4599,,,,,,13.5669,r0_measured_01913,read,measured,,,,,0.5918,,ok,0.3297
12.8179,675,,,0.631,,,,,,14.6256,r0_measured_01914,read,measured,,,,,0.6947,,ok,0.3942
14.2336,663,,,0.6606,,,,,,16.0221,r0_measured_01915,read,measured,,,,,0.7076,,ok,0.3514
13.989,680,,,0.5486,,,,,,15.6494,r0_measured_01916,read,measured,,,,,0.6851,,ok,0.3477
13.928,679,,,0.5447,,,,,,15.5955,r0_measured_01917,read,measured,,,,,0.6566,,ok,0.3839
12.3782,567,,,0.611,,,,,,14.1093,r0_measured_01918,read,measured,,,,,0.6528,,ok,0.3893
8.7794,369,,,0.2464,,,,,,9.9747,r0_measured_01919,read,measured,,,,,0.5392,,ok,0.3541
13.0165,678,,,0.6425,,,,,,14.8231,r0_measured_01920,read,measured,,,,,0.715,,ok,0.3623
12.319,626,,,0.5807,,,,,,13.9448,r0_measured_01921,read,measured,,,,,0.6177,,ok,0.3537
80.1796,629,13.3385,7.8219,0.6056,2.346,1,7.8204,1,30.0672,82.0565,r0_measured_01922,update,measured,22.2453,1.8769,1,15.1403,0.6667,19.2876,ok,0.5262
13.2275,681,,,0.5609,,,,,,14.8744,r0_measured_01923,read,measured,,,,,0.666,,ok,0.3438
71.6911,509,10.2153,5.9044,0.5241,1.8762,1,5.9025,1,25.9807,73.2198,r0_measured_01924,update,measured,20.0763,1.5287,1,16.7761,0.6077,16.8428,ok,0.3353
14.7721,675,,,0.7098,,,,,,16.8736,r0_measured_01925,read,measured,,,,,0.8368,,ok,0.4531
9.3837,369,,,0.2361,,,,,,10.5471,r0_measured_01926,read,measured,,,,,0.5115,,ok,0.3451
77.3026,663,13.2354,6.4604,0.476,2.346,1,6.4586,1,25.6305,78.7919,r0_measured_01927,update,measured,19.1701,1.4893,1,11.7663,0.5923,24.3244,ok,0.3446
10.3926,509,,,0.4797,,,,,,11.8935,r0_measured_01928,read,measured,,,,,0.6041,,ok,0.3443
12.5097,674,,,0.5238,,,,,,14.1003,r0_measured_01929,read,measured,,,,,0.6614,,ok,0.3286
11.911,680,,,0.6144,,,,,,13.7265,r0_measured_01930,read,measured,,,,,0.6955,,ok,0.4189
16.3214,674,,,0.6385,,,,,,18.1648,r0_measured_01931,read,measured,,,,,0.7883,,ok,0.3416
12.0256,675,,,0.5331,,,,,,13.6242,r0_measured_01932,read,measured,,,,,0.6284,,ok,0.3722
12.6801,675,,,0.6379,,,,,,14.5638,r0_measured_01933,read,measured,,,,,0.7787,,ok,0.3851
10.602,507,,,0.4899,,,,,,12.0355,r0_measured_01934,read,measured,,,,,0.5519,,ok,0.3315
9.4385,508,,,0.5372,,,,,,11.0115,r0_measured_01935,read,measured,,,,,0.6061,,ok,0.3701
11.6854,567,,,0.5904,,,,,,13.3208,r0_measured_01936,read,measured,,,,,0.6259,,ok,0.3454
13.8637,680,,,2.2941,,,,,,18.1587,r0_measured_01937,read,measured,,,,,0.6922,,ok,1.0666
18.1765,663,,,0.9197,,,,,,20.4064,r0_measured_01938,read,measured,,,,,0.7604,,ok,0.4484
11.1724,419,,,0.4083,,,,,,12.7799,r0_measured_01939,read,measured,,,,,0.6922,,ok,0.4188
16.7745,686,,,0.9046,,,,,,18.9575,r0_measured_01940,read,measured,,,,,0.7321,,ok,0.4503
10.8026,418,,,0.3227,,,,,,12.3721,r0_measured_01941,read,measured,,,,,0.6187,,ok,0.5554
14.3752,507,,,0.6082,,,,,,16.1935,r0_measured_01942,read,measured,,,,,0.6807,,ok,0.4492
12.5691,566,,,0.5801,,,,,,14.2813,r0_measured_01943,read,measured,,,,,0.6838,,ok,0.3753
75.4465,508,11.03,9.0278,0.6204,1.832,1,9.0259,1,31.9108,77.1612,r0_measured_01944,update,measured,22.883,1.7147,1,12.5221,0.6196,18.1516,ok,0.3951
12.8573,419,,,0.2725,,,,,,13.9938,r0_measured_01945,read,measured,,,,,0.4551,,ok,0.3452
14.9225,674,,,0.6783,,,,,,16.7109,r0_measured_01946,read,measured,,,,,0.6424,,ok,0.3876
11.5405,419,,,0.2915,,,,,,12.813,r0_measured_01947,read,measured,,,,,0.5631,,ok,0.3532
15.9872,681,,,0.7299,,,,,,17.8262,r0_measured_01948,read,measured,,,,,0.6693,,ok,0.359
11.8553,419,,,0.2714,,,,,,12.9536,r0_measured_01949,read,measured,,,,,0.4669,,ok,0.3059
15.1889,419,,,0.2513,,,,,,16.3541,r0_measured_01950,read,measured,,,,,0.5424,,ok,0.3131
14.453,663,,,0.5907,,,,,,16.2213,r0_measured_01951,read,measured,,,,,0.7267,,ok,0.3701
13.7382,506,,,0.4896,,,,,,15.1047,r0_measured_01952,read,measured,,,,,0.5074,,ok,0.3122
21.3366,629,,,0.5067,,,,,,22.8631,r0_measured_01953,read,measured,,,,,0.6406,,ok,0.3087
14.38,689,,,0.5452,,,,,,16.0142,r0_measured_01954,read,measured,,,,,0.662,,ok,0.3503
18.5314,674,,,0.5258,,,,,,20.087,r0_measured_01955,read,measured,,,,,0.6408,,ok,0.3171
9.8443,419,,,0.3811,,,,,,11.5534,r0_measured_01956,read,measured,,,,,0.7167,,ok,0.5255
11.749,419,,,0.3167,,,,,,13.0958,r0_measured_01957,read,measured,,,,,0.5721,,ok,0.387
13.1371,628,,,0.5,,,,,,14.7554,r0_measured_01958,read,measured,,,,,0.7106,,ok,0.3345
13.579,689,,,0.6792,,,,,,15.4617,r0_measured_01959,read,measured,,,,,0.7169,,ok,0.3755
12.1669,418,,,0.3067,,,,,,13.434,r0_measured_01960,read,measured,,,,,0.5578,,ok,0.3369
13.9302,689,,,0.6125,,,,,,15.7883,r0_measured_01961,read,measured,,,,,0.7652,,ok,0.3891
11.3907,369,,,0.2521,,,,,,12.6976,r0_measured_01962,read,measured,,,,,0.6122,,ok,0.3519
16.2107,689,,,0.6224,,,,,,17.9923,r0_measured_01963,read,measured,,,,,0.7052,,ok,0.3694
15.4692,629,,,0.5441,,,,,,17.1084,r0_measured_01964,read,measured,,,,,0.6328,,ok,0.3861
13.7117,688,,,0.7332,,,,,,15.7825,r0_measured_01965,read,measured,,,,,0.8577,,ok,0.3911
11.2109,367,,,0.2377,,,,,,12.3495,r0_measured_01966,read,measured,,,,,0.5004,,ok,0.3434
14.4791,688,,,0.5581,,,,,,16.1469,r0_measured_01967,read,measured,,,,,0.6672,,ok,0.3628
13.7076,629,,,0.6263,,,,,,15.5088,r0_measured_01968,read,measured,,,,,0.721,,ok,0.3688
18.3219,679,,,1.0419,,,,,,21.0578,r0_measured_01969,read,measured,,,,,1.0491,,ok,0.5312
17.5011,688,,,0.706,,,,,,19.3857,r0_measured_01970,read,measured,,,,,0.7009,,ok,0.3964
12.3608,680,,,0.6016,,,,,,14.1432,r0_measured_01971,read,measured,,,,,0.6744,,ok,0.4208
15.4568,678,,,0.5967,,,,,,17.2426,r0_measured_01972,read,measured,,,,,0.7605,,ok,0.3496
15.5437,688,,,0.6523,,,,,,17.4267,r0_measured_01973,read,measured,,,,,0.7014,,ok,0.4328
13.7731,675,,,0.6397,,,,,,15.5075,r0_measured_01974,read,measured,,,,,0.684,,ok,0.3376
12.4026,662,,,0.6942,,,,,,14.3752,r0_measured_01975,read,measured,,,,,0.7773,,ok,0.4173
17.4811,680,,,0.6205,,,,,,19.224,r0_measured_01976,read,measured,,,,,0.6819,,ok,0.3596
14.7534,680,,,0.9111,,,,,,16.8743,r0_measured_01977,read,measured,,,,,0.7317,,ok,0.3935
16.197,680,,,0.7095,,,,,,18.0672,r0_measured_01978,read,measured,,,,,0.7108,,ok,0.3658
9.4749,367,,,0.2352,,,,,,10.6297,r0_measured_01979,read,measured,,,,,0.504,,ok,0.3601
15.2798,674,,,0.5763,,,,,,16.9307,r0_measured_01980,read,measured,,,,,0.6428,,ok,0.3511
10.3808,419,,,0.365,,,,,,11.9504,r0_measured_01981,read,measured,,,,,0.6826,,ok,0.4449
15.9394,680,,,0.7812,,,,,,18.0927,r0_measured_01982,read,measured,,,,,0.8229,,ok,0.4527
11.3462,418,,,0.3144,,,,,,12.782,r0_measured_01983,read,measured,,,,,0.632,,ok,0.4185
16.0599,688,,,0.6655,,,,,,17.973,r0_measured_01984,read,measured,,,,,0.7617,,ok,0.3937
14.8249,680,,,0.6852,,,,,,16.6734,r0_measured_01985,read,measured,,,,,0.691,,ok,0.3844
12.1026,565,,,0.6964,,,,,,13.9493,r0_measured_01986,read,measured,,,,,0.6838,,ok,0.3883
14.1223,674,,,0.637,,,,,,15.9861,r0_measured_01987,read,measured,,,,,0.7706,,ok,0.3766
11.3831,509,,,0.5906,,,,,,13.1678,r0_measured_01988,read,measured,,,,,0.7242,,ok,0.3819
11.3952,509,,,0.5667,,,,,,13.1654,r0_measured_01989,read,measured,,,,,0.6931,,ok,0.4337
15.0226,663,,,0.6034,,,,,,16.8292,r0_measured_01990,read,measured,,,,,0.7062,,ok,0.4165
14.7404,657,,,0.6821,,,,,,16.6317,r0_measured_01991,read,measured,,,,,0.7242,,ok,0.4011
10.1633,419,,,0.3167,,,,,,11.5017,r0_measured_01992,read,measured,,,,,0.5515,,ok,0.3908
11.0836,418,,,0.3297,,,,,,12.5162,r0_measured_01993,read,measured,,,,,0.6333,,ok,0.3736
13.276,629,,,0.592,,,,,,14.959,r0_measured_01994,read,measured,,,,,0.6621,,ok,0.3523
10.5972,508,,,0.5942,,,,,,12.3142,r0_measured_01995,read,measured,,,,,0.608,,ok,0.4366
12.931,566,,,0.5095,,,,,,14.4727,r0_measured_01996,read,measured,,,,,0.6063,,ok,0.3534
9.975,419,,,0.2611,,,,,,11.1968,r0_measured_01997,read,measured,,,,,0.5538,,ok,0.3401
13.0906,629,,,0.8645,,,,,,15.2385,r0_measured_01998,read,measured,,,,,0.7474,,ok,0.443
9.7344,369,,,0.2586,,,,,,10.9447,r0_measured_01999,read,measured,,,,,0.5113,,ok,0.3785
13.83,679,,,0.6273,,,,,,15.5927,r0_measured_02000,read,measured,,,,,0.6866,,ok,0.3746
11.118,419,,,0.2977,,,,,,12.3715,r0_measured_02001,read,measured,,,,,0.5504,,ok,0.3417
13.1265,675,,,0.5364,,,,,,14.6865,r0_measured_02002,read,measured,,,,,0.6137,,ok,0.3331
11.0406,568,,,0.4948,,,,,,12.6334,r0_measured_02003,read,measured,,,,,0.6664,,ok,0.3462
12.6481,628,,,0.5761,,,,,,14.4606,r0_measured_02004,read,measured,,,,,0.7303,,ok,0.4264
11.7619,508,,,0.7596,,,,,,13.7272,r0_measured_02005,read,measured,,,,,0.7175,,ok,0.4026
12.2639,568,,,0.5229,,,,,,13.927,r0_measured_02006,read,measured,,,,,0.6675,,ok,0.4003
13.3038,689,,,0.5769,,,,,,14.8503,r0_measured_02007,read,measured,,,,,0.5608,,ok,0.3391
12.5156,628,,,0.5653,,,,,,14.2417,r0_measured_02008,read,measured,,,,,0.6887,,ok,0.3874
12.7298,675,,,0.476,,,,,,14.2241,r0_measured_02009,read,measured,,,,,0.6253,,ok,0.3262
12.3165,680,,,0.6994,,,,,,14.3127,r0_measured_02010,read,measured,,,,,0.7757,,ok,0.4294
9.9984,419,,,0.3448,,,,,,11.2875,r0_measured_02011,read,measured,,,,,0.4954,,ok,0.3804
73.0957,680,14.0415,6.1621,0.5971,2.2113,1,6.1602,1,22.1201,75.0096,r0_measured_02012,update,measured,15.958,1.9139,1,13.4022,0.8344,21.3206,ok,0.3976
11.6627,508,,,0.5626,,,,,,13.3493,r0_measured_02013,read,measured,,,,,0.685,,ok,0.3664
14.2603,674,,,0.5344,,,,,,15.8684,r0_measured_02014,read,measured,,,,,0.677,,ok,0.3235
12.1863,679,,,1.1264,,,,,,14.4583,r0_measured_02015,read,measured,,,,,0.7129,,ok,0.3368
17.6538,663,,,0.8233,,,,,,20.2157,r0_measured_02016,read,measured,,,,,1.1404,,ok,0.4861
77.9418,629,15.4375,7.0927,0.5747,3.3428,0,7.0898,1,25.3549,79.6964,r0_measured_02017,update,measured,18.2622,1.7546,1,14.4276,0.7025,19.379,ok,0.3914
14.3085,688,,,0.6674,,,,,,16.2863,r0_measured_02018,read,measured,,,,,0.8254,,ok,0.4024
15.285,681,,,0.7006,,,,,,17.2797,r0_measured_02019,read,measured,,,,,0.7778,,ok,0.4225
13.2186,629,,,0.5052,,,,,,14.7747,r0_measured_02020,read,measured,,,,,0.618,,ok,0.3603
78.174,508,11.5652,5.3826,0.5325,2.0048,1,5.3805,1,33.0127,79.6973,r0_measured_02021,update,measured,27.6301,1.5233,1,12.7631,0.5635,18.8282,ok,0.3638
9.3811,369,,,0.2723,,,,,,10.68,r0_measured_02022,read,measured,,,,,0.5633,,ok,0.3992
15.2601,626,,,0.615,,,,,,17.0559,r0_measured_02023,read,measured,,,,,0.697,,ok,0.4047
15.0281,660,,,0.5763,,,,,,16.8085,r0_measured_02024,read,measured,,,,,0.7515,,ok,0.379
10.8046,509,,,0.4646,,,,,,12.492,r0_measured_02025,read,measured,,,,,0.7828,,ok,0.3762
16.5989,629,,,0.5197,,,,,,18.1529,r0_measured_02026,read,measured,,,,,0.6087,,ok,0.3517
16.8655,674,,,0.4873,,,,,,18.3523,r0_measured_02027,read,measured,,,,,0.6383,,ok,0.299
14.2919,368,,,0.4063,,,,,,16.16,r0_measured_02028,read,measured,,,,,0.7301,,ok,0.641
16.2669,565,,,0.529,,,,,,17.8613,r0_measured_02029,read,measured,,,,,0.6485,,ok,0.3455
14.4068,676,,,0.5335,,,,,,15.9722,r0_measured_02030,read,measured,,,,,0.6257,,ok,0.3331
96.4451,681,13.8419,8.8285,0.5956,2.3119,1,8.827,1,32.4217,98.2558,r0_measured_02031,update,measured,23.5932,1.8107,1,28.1866,0.784,19.683,ok,0.3529
13.6737,663,,,0.6418,,,,,,15.4101,r0_measured_02032,read,measured,,,,,0.6689,,ok,0.3603
15.269,680,,,0.8408,,,,,,17.5155,r0_measured_02033,read,measured,,,,,0.8668,,ok,0.4363
14.8107,509,,,0.541,,,,,,16.4086,r0_measured_02034,read,measured,,,,,0.5976,,ok,0.3854
17.3412,680,,,0.5541,,,,,,18.9676,r0_measured_02035,read,measured,,,,,0.6622,,ok,0.3337
12.8559,687,,,1.3355,,,,,,15.3588,r0_measured_02036,read,measured,,,,,0.6931,,ok,0.3891
11.2449,565,,,0.5394,,,,,,12.7979,r0_measured_02037,read,measured,,,,,0.5884,,ok,0.3618
12.9546,567,,,0.5192,,,,,,14.5593,r0_measured_02038,read,measured,,,,,0.6465,,ok,0.3615
16.8822,680,,,0.6068,,,,,,18.7225,r0_measured_02039,read,measured,,,,,0.6275,,ok,0.4472
14.8786,568,,,0.4925,,,,,,16.4228,r0_measured_02040,read,measured,,,,,0.6151,,ok,0.3637
13.1819,681,,,0.5187,,,,,,14.924,r0_measured_02041,read,measured,,,,,0.7926,,ok,0.3439
11.7544,626,,,0.5841,,,,,,13.4912,r0_measured_02042,read,measured,,,,,0.6733,,ok,0.4019
12.4742,628,,,0.5604,,,,,,14.0566,r0_measured_02043,read,measured,,,,,0.6187,,ok,0.3369
76.2156,680,15.5166,6.7847,0.6021,2.5798,1,6.7829,1,22.0173,78.1097,r0_measured_02044,update,measured,15.2326,1.8941,1,13.6883,0.8668,22.4136,ok,0.3486
10.7751,568,,,0.4223,,,,,,12.1578,r0_measured_02045,read,measured,,,,,0.5726,,ok,0.3233
10.7164,568,,,0.5361,,,,,,12.2597,r0_measured_02046,read,measured,,,,,0.5755,,ok,0.3682
8.966,419,,,0.268,,,,,,10.139,r0_measured_02047,read,measured,,,,,0.514,,ok,0.3298
13.4692,679,,,0.5774,,,,,,15.2946,r0_measured_02048,read,measured,,,,,0.7557,,ok,0.4112
15.3827,509,,,0.525,,,,,,16.9716,r0_measured_02049,read,measured,,,,,0.6122,,ok,0.3781
13.1639,679,,,0.5665,,,,,,14.7898,r0_measured_02050,read,measured,,,,,0.6091,,ok,0.3769
12.0778,629,,,0.5808,,,,,,13.7469,r0_measured_02051,read,measured,,,,,0.6331,,ok,0.3853
10.256,509,,,0.4505,,,,,,11.6317,r0_measured_02052,read,measured,,,,,0.5324,,ok,0.3292
8.5229,419,,,0.244,,,,,,9.5945,r0_measured_02053,read,measured,,,,,0.4839,,ok,0.2958
11.8081,629,,,0.555,,,,,,13.5712,r0_measured_02054,read,measured,,,,,0.7531,,ok,0.3567
10.1208,419,,,0.2802,,,,,,11.3492,r0_measured_02055,read,measured,,,,,0.462,,ok,0.4184
11.7803,661,,,0.5583,,,,,,13.2513,r0_measured_02056,read,measured,,,,,0.5381,,ok,0.3132
14.0954,674,,,0.7004,,,,,,16.3058,r0_measured_02057,read,measured,,,,,0.9147,,ok,0.4912
16.5441,681,,,0.8052,,,,,,18.5683,r0_measured_02058,read,measured,,,,,0.7167,,ok,0.396
13.6619,680,,,0.5496,,,,,,15.2194,r0_measured_02059,read,measured,,,,,0.6032,,ok,0.3292
12.1822,680,,,0.5407,,,,,,13.708,r0_measured_02060,read,measured,,,,,0.5847,,ok,0.3347
12.407,689,,,0.5758,,,,,,14.0962,r0_measured_02061,read,measured,,,,,0.6567,,ok,0.3472
10.7628,508,,,0.4427,,,,,,12.104,r0_measured_02062,read,measured,,,,,0.5137,,ok,0.324
13.9443,674,,,0.7291,,,,,,15.971,r0_measured_02063,read,measured,,,,,0.7383,,ok,0.4744
12.1892,508,,,0.5806,,,,,,13.8675,r0_measured_02064,read,measured,,,,,0.637,,ok,0.3904
11.7227,565,,,0.5323,,,,,,13.2764,r0_measured_02065,read,measured,,,,,0.6173,,ok,0.3424
7.9325,368,,,0.3177,,,,,,9.216,r0_measured_02066,read,measured,,,,,0.534,,ok,0.3661
12.8009,629,,,0.4908,,,,,,14.3669,r0_measured_02067,read,measured,,,,,0.6666,,ok,0.3357
9.9041,506,,,0.5073,,,,,,11.334,r0_measured_02068,read,measured,,,,,0.5119,,ok,0.3489
15.1711,680,,,0.6118,,,,,,16.9649,r0_measured_02069,read,measured,,,,,0.7391,,ok,0.3638
8.3581,416,,,0.2428,,,,,,9.4097,r0_measured_02070,read,measured,,,,,0.4223,,ok,0.3339
8.0152,419,,,0.2238,,,,,,9.0153,r0_measured_02071,read,measured,,,,,0.439,,ok,0.2912
12.6272,680,,,0.6248,,,,,,14.365,r0_measured_02072,read,measured,,,,,0.6345,,ok,0.3693
79.3849,567,11.44,8.5623,0.495,2.1348,1,8.5606,1,28.5817,80.8784,r0_measured_02073,update,measured,20.0194,1.4935,1,14.6732,0.5195,22.5552,ok,0.4082
11.9199,675,,,0.7,,,,,,13.7037,r0_measured_02074,read,measured,,,,,0.6589,,ok,0.335
15.0585,568,,,0.5293,,,,,,16.4944,r0_measured_02075,read,measured,,,,,0.5194,,ok,0.3234
11.8249,657,,,0.5368,,,,,,13.7012,r0_measured_02076,read,measured,,,,,0.6573,,ok,0.5875
13.3828,628,,,0.5871,,,,,,15.1639,r0_measured_02077,read,measured,,,,,0.7317,,ok,0.3835
13.2794,680,,,0.5502,,,,,,14.9938,r0_measured_02078,read,measured,,,,,0.6454,,ok,0.4354
14.6981,680,,,0.6304,,,,,,16.3776,r0_measured_02079,read,measured,,,,,0.6151,,ok,0.3535
13.1137,678,,,0.7112,,,,,,15.129,r0_measured_02080,read,measured,,,,,0.7564,,ok,0.4709
13.5392,689,,,0.5493,,,,,,15.2125,r0_measured_02081,read,measured,,,,,0.6951,,ok,0.352
12.3695,688,,,0.548,,,,,,13.9353,r0_measured_02082,read,measured,,,,,0.6181,,ok,0.3317
12.5404,674,,,0.6101,,,,,,14.2925,r0_measured_02083,read,measured,,,,,0.6774,,ok,0.3624
11.092,566,,,0.4946,,,,,,12.5046,r0_measured_02084,read,measured,,,,,0.5438,,ok,0.3144
11.8524,660,,,0.5254,,,,,,13.3279,r0_measured_02085,read,measured,,,,,0.5345,,ok,0.3497
14.0791,679,,,0.643,,,,,,15.8106,r0_measured_02086,read,measured,,,,,0.6704,,ok,0.3436
12.5851,629,,,0.5073,,,,,,14.2234,r0_measured_02087,read,measured,,,,,0.6828,,ok,0.3735
13.3538,663,,,0.6006,,,,,,15.1937,r0_measured_02088,read,measured,,,,,0.8059,,ok,0.3497
10.2498,368,,,0.2197,,,,,,11.3273,r0_measured_02089,read,measured,,,,,0.4539,,ok,0.3494
10.6507,508,,,0.4766,,,,,,12.1476,r0_measured_02090,read,measured,,,,,0.6111,,ok,0.3401
17.1045,662,,,0.5505,,,,,,18.7689,r0_measured_02091,read,measured,,,,,0.6795,,ok,0.3566
19.5472,674,,,0.4872,,,,,,21.0484,r0_measured_02092,read,measured,,,,,0.5921,,ok,0.3485
14.8467,675,,,0.5337,,,,,,16.3763,r0_measured_02093,read,measured,,,,,0.588,,ok,0.3408
13.4191,679,,,0.5477,,,,,,15.0743,r0_measured_02094,read,measured,,,,,0.6734,,ok,0.3505
15.2584,663,,,0.5281,,,,,,16.8451,r0_measured_02095,read,measured,,,,,0.6125,,ok,0.3764
15.1397,680,,,0.7012,,,,,,17.1805,r0_measured_02096,read,measured,,,,,0.7839,,ok,0.4567
14.3164,568,,,0.6363,,,,,,16.121,r0_measured_02097,read,measured,,,,,0.6937,,ok,0.3949
10.8153,419,,,0.3244,,,,,,12.1643,r0_measured_02098,read,measured,,,,,0.5733,,ok,0.3821
9.7486,367,,,0.2614,,,,,,11.0138,r0_measured_02099,read,measured,,,,,0.5878,,ok,0.3567
14.0286,681,,,0.6431,,,,,,15.9096,r0_measured_02100,read,measured,,,,,0.759,,ok,0.386
15.4054,677,,,0.4881,,,,,,16.9903,r0_measured_02101,read,measured,,,,,0.7105,,ok,0.3146
7.9456,367,,,0.2316,,,,,,9.0112,r0_measured_02102,read,measured,,,,,0.4532,,ok,0.3317
11.1881,419,,,0.2979,,,,,,12.5311,r0_measured_02103,read,measured,,,,,0.5968,,ok,0.3714
14.5279,628,,,0.5389,,,,,,16.2462,r0_measured_02104,read,measured,,,,,0.7625,,ok,0.3418
13.0821,675,,,0.6005,,,,,,14.7556,r0_measured_02105,read,measured,,,,,0.663,,ok,0.3374
14.0086,629,,,0.63,,,,,,15.9487,r0_measured_02106,read,measured,,,,,0.8256,,ok,0.4048
16.1513,681,,,0.6214,,,,,,17.7766,r0_measured_02107,read,measured,,,,,0.5864,,ok,0.347
12.8411,675,,,0.5668,,,,,,14.4094,r0_measured_02108,read,measured,,,,,0.6036,,ok,0.3252
12.0098,678,,,0.5142,,,,,,13.4707,r0_measured_02109,read,measured,,,,,0.5502,,ok,0.3333
10.5102,565,,,0.5732,,,,,,12.1423,r0_measured_02110,read,measured,,,,,0.6416,,ok,0.3435
8.8812,369,,,0.2384,,,,,,10.0478,r0_measured_02111,read,measured,,,,,0.5187,,ok,0.3555
12.6164,663,,,0.5684,,,,,,14.2418,r0_measured_02112,read,measured,,,,,0.5979,,ok,0.3913
9.8364,419,,,0.2779,,,,,,11.1059,r0_measured_02113,read,measured,,,,,0.5653,,ok,0.3628
13.1832,675,,,0.5225,,,,,,14.7137,r0_measured_02114,read,measured,,,,,0.5941,,ok,0.3427
11.6989,629,,,0.6069,,,,,,13.3757,r0_measured_02115,read,measured,,,,,0.6353,,ok,0.3357
12.1754,626,,,0.8133,,,,,,14.4191,r0_measured_02116,read,measured,,,,,0.8503,,ok,0.4982
16.4657,680,,,0.6216,,,,,,18.3671,r0_measured_02117,read,measured,,,,,0.7423,,ok,0.4409
12.9551,567,,,0.5489,,,,,,14.6342,r0_measured_02118,read,measured,,,,,0.6462,,ok,0.3983
13.3279,673,,,0.6187,,,,,,15.0226,r0_measured_02119,read,measured,,,,,0.6415,,ok,0.3537
13.7345,629,,,0.5357,,,,,,15.52,r0_measured_02120,read,measured,,,,,0.7628,,ok,0.4092
14.6037,675,,,0.6276,,,,,,16.4722,r0_measured_02121,read,measured,,,,,0.7815,,ok,0.3752
14.2871,680,,,0.5631,,,,,,16.1378,r0_measured_02122,read,measured,,,,,0.6593,,ok,0.5567
13.3869,678,,,0.6471,,,,,,15.3198,r0_measured_02123,read,measured,,,,,0.784,,ok,0.4152
14.336,663,,,0.568,,,,,,16.0759,r0_measured_02124,read,measured,,,,,0.7354,,ok,0.3591
13.5485,687,,,0.5186,,,,,,15.0805,r0_measured_02125,read,measured,,,,,0.5843,,ok,0.3586
12.9633,674,,,0.4836,,,,,,14.5603,r0_measured_02126,read,measured,,,,,0.7065,,ok,0.3301
13.8082,681,,,0.5135,,,,,,15.4508,r0_measured_02127,read,measured,,,,,0.6615,,ok,0.389
11.4885,509,,,0.5281,,,,,,13.0933,r0_measured_02128,read,measured,,,,,0.6276,,ok,0.3743
12.8344,629,,,0.6238,,,,,,14.6926,r0_measured_02129,read,measured,,,,,0.7453,,ok,0.4142
9.1563,418,,,0.3453,,,,,,10.5406,r0_measured_02130,read,measured,,,,,0.6059,,ok,0.3659
12.7213,662,,,0.5071,,,,,,14.3551,r0_measured_02131,read,measured,,,,,0.7011,,ok,0.3472
13.0307,663,,,0.5075,,,,,,14.564,r0_measured_02132,read,measured,,,,,0.5957,,ok,0.3595
14.0389,674,,,0.5864,,,,,,15.9267,r0_measured_02133,read,measured,,,,,0.8684,,ok,0.3571
12.7979,626,,,0.6823,,,,,,14.8638,r0_measured_02134,read,measured,,,,,0.8504,,ok,0.4509
14.3202,629,,,0.5942,,,,,,16.0612,r0_measured_02135,read,measured,,,,,0.6716,,ok,0.3915
12.0295,568,,,0.4515,,,,,,13.4581,r0_measured_02136,read,measured,,,,,0.5645,,ok,0.3393
14.3769,675,,,0.7295,,,,,,16.4877,r0_measured_02137,read,measured,,,,,0.8427,,ok,0.4445
62.2869,418,,,0.2935,,,,,,63.5152,r0_measured_02138,read,measured,,,,,0.5356,,ok,0.3378
14.7801,676,,,0.6113,,,,,,16.8286,r0_measured_02139,read,measured,,,,,0.9655,,ok,0.3807
14.168,663,,,0.6089,,,,,,16.1071,r0_measured_02140,read,measured,,,,,0.8115,,ok,0.4127
13.8139,675,,,0.645,,,,,,15.6766,r0_measured_02141,read,measured,,,,,0.7147,,ok,0.4127
13.7902,628,,,0.8119,,,,,,16.3589,r0_measured_02142,read,measured,,,,,0.927,,ok,0.7229
84.7388,662,18.2048,8.8129,0.5599,3.2338,1,8.8106,1,24.5918,86.4395,r0_measured_02143,update,measured,15.7789,1.7007,1,11.8859,0.6571,26.8225,ok,0.4028
14.4749,681,,,0.5664,,,,,,16.1405,r0_measured_02144,read,measured,,,,,0.6532,,ok,0.3634
13.0304,663,,,0.5845,,,,,,14.6544,r0_measured_02145,read,measured,,,,,0.6265,,ok,0.3414
11.6621,509,,,0.543,,,,,,13.3727,r0_measured_02146,read,measured,,,,,0.6909,,ok,0.4059
15.7922,674,,,0.7428,,,,,,17.712,r0_measured_02147,read,measured,,,,,0.7243,,ok,0.3671
14.8574,662,,,0.8628,,,,,,17.072,r0_measured_02148,read,measured,,,,,0.779,,ok,0.4381
22.2382,629,,,0.9798,,,,,,24.8853,r0_measured_02149,read,measured,,,,,0.931,,ok,0.6247
15.8337,508,,,0.6063,,,,,,17.5885,r0_measured_02150,read,measured,,,,,0.689,,ok,0.3825
82.9927,627,14.0736,7.7843,0.5431,2.4596,1,7.7817,1,32.717,84.6732,r0_measured_02151,update,measured,24.9327,1.6805,1,12.8284,0.623,20.9141,ok,0.432
15.791,661,,,0.587,,,,,,17.4648,r0_measured_02152,read,measured,,,,,0.6322,,ok,0.3765
10.8451,509,,,0.4933,,,,,,12.4021,r0_measured_02153,read,measured,,,,,0.5861,,ok,0.3997
14.0467,681,,,0.5436,,,,,,15.8378,r0_measured_02154,read,measured,,,,,0.7943,,ok,0.3684
13.5796,688,,,0.5554,,,,,,15.2034,r0_measured_02155,read,measured,,,,,0.6284,,ok,0.3688
12.5956,680,,,0.7263,,,,,,14.4791,r0_measured_02156,read,measured,,,,,0.7096,,ok,0.3624
11.2086,509,,,0.5685,,,,,,12.971,r0_measured_02157,read,measured,,,,,0.6128,,ok,0.503
9.5221,369,,,0.2505,,,,,,10.7524,r0_measured_02158,read,measured,,,,,0.5568,,ok,0.3605
17.1752,662,,,0.5627,,,,,,18.8453,r0_measured_02159,read,measured,,,,,0.6921,,ok,0.3391
13.3087,680,,,0.585,,,,,,15.037,r0_measured_02160,read,measured,,,,,0.7169,,ok,0.3507
18.1311,568,,,0.7359,,,,,,20.2466,r0_measured_02161,read,measured,,,,,0.7798,,ok,0.5152
15.4483,681,,,0.5611,,,,,,17.2269,r0_measured_02162,read,measured,,,,,0.7868,,ok,0.3541
10.9309,509,,,0.464,,,,,,12.5502,r0_measured_02163,read,measured,,,,,0.6457,,ok,0.4388
14.0897,675,,,0.5772,,,,,,15.9759,r0_measured_02164,read,measured,,,,,0.7903,,ok,0.4314
15.2616,680,,,0.6166,,,,,,17.1591,r0_measured_02165,read,measured,,,,,0.7992,,ok,0.3981
10.356,369,,,0.2464,,,,,,11.6002,r0_measured_02166,read,measured,,,,,0.5157,,ok,0.4078
9.3051,416,,,0.3025,,,,,,10.6139,r0_measured_02167,read,measured,,,,,0.5514,,ok,0.3818
13.066,675,,,0.5665,,,,,,14.6319,r0_measured_02168,read,measured,,,,,0.6008,,ok,0.3258
7.7852,419,,,0.3614,,,,,,9.1228,r0_measured_02169,read,measured,,,,,0.4928,,ok,0.4118
16.5194,679,,,0.7198,,,,,,18.5552,r0_measured_02170,read,measured,,,,,0.8283,,ok,0.3962
13.2591,678,,,0.5572,,,,,,14.8821,r0_measured_02171,read,measured,,,,,0.6282,,ok,0.3661
85.049,662,14.7338,4.685,0.5644,2.4522,0,4.6833,1,19.0654,86.721,r0_measured_02172,update,measured,14.3804,1.672,1,11.5203,0.6828,37.2773,ok,0.3458
18.4068,663,,,0.7374,,,,,,20.5853,r0_measured_02173,read,measured,,,,,0.8593,,ok,0.4798
18.199,689,,,0.6662,,,,,,20.2667,r0_measured_02174,read,measured,,,,,0.7199,,ok,0.587
10.8512,418,,,0.2558,,,,,,12.0383,r0_measured_02175,read,measured,,,,,0.5253,,ok,0.3468
10.4823,368,,,0.2541,,,,,,11.7724,r0_measured_02176,read,measured,,,,,0.6261,,ok,0.3452
12.7532,629,,,0.5636,,,,,,14.3797,r0_measured_02177,read,measured,,,,,0.6263,,ok,0.3684
15.8747,508,,,0.5543,,,,,,17.4656,r0_measured_02178,read,measured,,,,,0.5897,,ok,0.3609
17.0055,675,,,0.5988,,,,,,18.648,r0_measured_02179,read,measured,,,,,0.6352,,ok,0.3342
16.2913,662,,,0.5835,,,,,,17.952,r0_measured_02180,read,measured,,,,,0.6652,,ok,0.3364
15.3452,680,,,0.5388,,,,,,16.894,r0_measured_02181,read,measured,,,,,0.6097,,ok,0.3275
10.5535,506,,,0.5349,,,,,,12.1461,r0_measured_02182,read,measured,,,,,0.6224,,ok,0.3621
13.9541,509,,,0.5175,,,,,,15.5667,r0_measured_02183,read,measured,,,,,0.6319,,ok,0.3894
11.6068,419,,,0.3214,,,,,,12.9635,r0_measured_02184,read,measured,,,,,0.5526,,ok,0.3798
16.9546,628,,,0.5071,,,,,,18.5806,r0_measured_02185,read,measured,,,,,0.683,,ok,0.3575
11.2602,568,,,0.4305,,,,,,12.6846,r0_measured_02186,read,measured,,,,,0.6163,,ok,0.3179
10.9264,568,,,0.5187,,,,,,12.3452,r0_measured_02187,read,measured,,,,,0.5066,,ok,0.3275
15.0509,663,,,0.5619,,,,,,16.6287,r0_measured_02188,read,measured,,,,,0.6035,,ok,0.3399
7.1926,368,,,0.2108,,,,,,8.2233,r0_measured_02189,read,measured,,,,,0.4284,,ok,0.3382
20.2667,689,,,0.7151,,,,,,22.3389,r0_measured_02190,read,measured,,,,,0.8219,,ok,0.44
17.907,662,,,0.609,,,,,,19.6106,r0_measured_02191,read,measured,,,,,0.6766,,ok,0.3414
17.1936,674,,,0.6221,,,,,,18.9657,r0_measured_02192,read,measured,,,,,0.7053,,ok,0.3604
9.2113,369,,,0.2758,,,,,,10.404,r0_measured_02193,read,measured,,,,,0.5454,,ok,0.3095
15.2725,508,,,0.6775,,,,,,16.8332,r0_measured_02194,read,measured,,,,,0.5203,,ok,0.3037
77.2937,675,13.7157,6.4168,0.7455,2.4908,0,6.4152,1,24.6724,79.2384,r0_measured_02195,update,measured,18.2556,1.9447,1,13.4284,0.7195,22.9864,ok,0.3893
9.3753,416,,,0.2758,,,,,,10.5909,r0_measured_02196,read,measured,,,,,0.526,,ok,0.3495
13.4515,680,,,0.7201,,,,,,15.4466,r0_measured_02197,read,measured,,,,,0.807,,ok,0.3877
15.125,674,,,0.5911,,,,,,16.9243,r0_measured_02198,read,measured,,,,,0.785,,ok,0.346
12.6511,679,,,0.6615,,,,,,14.3999,r0_measured_02199,read,measured,,,,,0.6498,,ok,0.364
9.3806,419,,,0.3505,,,,,,10.8668,r0_measured_02200,read,measured,,,,,0.723,,ok,0.3394
12.958,689,,,0.6622,,,,,,14.8998,r0_measured_02201,read,measured,,,,,0.8022,,ok,0.3891
10.9711,508,,,0.5058,,,,,,12.5858,r0_measured_02202,read,measured,,,,,0.6704,,ok,0.3615
14.0092,662,,,0.5894,,,,,,15.7885,r0_measured_02203,read,measured,,,,,0.7971,,ok,0.3232
15.8291,688,,,0.7094,,,,,,17.9819,r0_measured_02204,read,measured,,,,,0.8872,,ok,0.4657
20.8786,689,,,0.635,,,,,,22.6359,r0_measured_02205,read,measured,,,,,0.6641,,ok,0.3732
13.3593,629,,,0.6719,,,,,,15.2007,r0_measured_02206,read,measured,,,,,0.7135,,ok,0.3655
15.2552,509,,,0.4141,,,,,,16.6053,r0_measured_02207,read,measured,,,,,0.542,,ok,0.3296
12.9554,662,,,0.5973,,,,,,14.7257,r0_measured_02208,read,measured,,,,,0.7017,,ok,0.3901
14.8758,675,,,0.626,,,,,,16.6838,r0_measured_02209,read,measured,,,,,0.695,,ok,0.4021
15.1709,677,,,0.7022,,,,,,17.2979,r0_measured_02210,read,measured,,,,,0.9124,,ok,0.4077
12.7031,565,,,0.6409,,,,,,14.5156,r0_measured_02211,read,measured,,,,,0.6488,,ok,0.4383
12.7071,678,,,0.7366,,,,,,14.7023,r0_measured_02212,read,measured,,,,,0.7551,,ok,0.4206
14.5775,567,,,0.5732,,,,,,16.2837,r0_measured_02213,read,measured,,,,,0.6447,,ok,0.4089
18.2009,629,,,0.5929,,,,,,19.9199,r0_measured_02214,read,measured,,,,,0.6542,,ok,0.3921
10.7985,418,,,0.3038,,,,,,12.1081,r0_measured_02215,read,measured,,,,,0.5679,,ok,0.3696
13.6476,663,,,0.626,,,,,,15.4942,r0_measured_02216,read,measured,,,,,0.7804,,ok,0.3658
13.3739,629,,,0.9228,,,,,,15.5829,r0_measured_02217,read,measured,,,,,0.7519,,ok,0.4363
15.9323,568,,,0.6694,,,,,,17.883,r0_measured_02218,read,measured,,,,,0.7649,,ok,0.4304
12.97,509,,,0.5565,,,,,,14.802,r0_measured_02219,read,measured,,,,,0.7179,,ok,0.4682
75.2585,507,11.8051,9.3411,0.5199,2.0553,0,9.3391,1,28.0301,76.7962,r0_measured_02220,update,measured,18.689,1.5377,1,13.9191,0.5926,19.4489,ok,0.3631
14.736,674,,,0.566,,,,,,16.4612,r0_measured_02221,read,measured,,,,,0.6909,,ok,0.3779
14.0296,679,,,0.753,,,,,,16.1579,r0_measured_02222,read,measured,,,,,0.7927,,ok,0.5002
11.2133,418,,,0.2826,,,,,,12.5169,r0_measured_02223,read,measured,,,,,0.5804,,ok,0.3776
14.9077,688,,,0.6962,,,,,,16.8724,r0_measured_02224,read,measured,,,,,0.7743,,ok,0.4069
9.0082,369,,,0.2369,,,,,,10.1457,r0_measured_02225,read,measured,,,,,0.4932,,ok,0.3551
11.4259,568,,,0.5792,,,,,,13.1665,r0_measured_02226,read,measured,,,,,0.7123,,ok,0.3697
12.6677,688,,,0.5498,,,,,,14.2256,r0_measured_02227,read,measured,,,,,0.6121,,ok,0.3278
7.8705,419,,,0.3392,,,,,,9.3017,r0_measured_02228,read,measured,,,,,0.5675,,ok,0.4586
9.2588,369,,,0.285,,,,,,10.5998,r0_measured_02229,read,measured,,,,,0.5835,,ok,0.4009
9.308,419,,,0.2939,,,,,,10.5708,r0_measured_02230,read,measured,,,,,0.557,,ok,0.3522
9.1525,419,,,0.3028,,,,,,10.7453,r0_measured_02231,read,measured,,,,,0.6539,,ok,0.5701
13.3908,680,,,0.5351,,,,,,15.1663,r0_measured_02232,read,measured,,,,,0.8134,,ok,0.3523
15.7657,675,,,0.8087,,,,,,18.1493,r0_measured_02233,read,measured,,,,,0.9369,,ok,0.5415
15.2823,660,,,0.661,,,,,,17.159,r0_measured_02234,read,measured,,,,,0.7363,,ok,0.3793
75.8391,688,14.2165,8.2498,0.5528,2.2587,0,8.2479,1,24.2263,77.3245,r0_measured_02235,update,measured,15.9765,1.4854,1,10.6061,0.5473,24.5315,ok,0.3208
16.8571,680,,,0.6894,,,,,,18.9517,r0_measured_02236,read,measured,,,,,0.8456,,ok,0.4548
12.7553,508,,,0.5714,,,,,,14.6343,r0_measured_02237,read,measured,,,,,0.8079,,ok,0.4135
14.6256,689,,,0.6475,,,,,,16.4242,r0_measured_02238,read,measured,,,,,0.7004,,ok,0.3669
12.9397,688,,,0.479,,,,,,14.4873,r0_measured_02239,read,measured,,,,,0.5912,,ok,0.4081
10.651,568,,,0.5064,,,,,,12.3109,r0_measured_02240,read,measured,,,,,0.6868,,ok,0.3941
15.4646,673,,,0.5505,,,,,,17.0797,r0_measured_02241,read,measured,,,,,0.6496,,ok,0.3426
10.8386,564,,,0.4033,,,,,,12.1315,r0_measured_02242,read,measured,,,,,0.536,,ok,0.2983
14.0909,680,,,0.5676,,,,,,15.7253,r0_measured_02243,read,measured,,,,,0.6609,,ok,0.3296
12.971,688,,,0.4654,,,,,,14.4677,r0_measured_02244,read,measured,,,,,0.6482,,ok,0.3095
7.1862,369,,,0.3025,,,,,,8.4174,r0_measured_02245,read,measured,,,,,0.5648,,ok,0.3134
11.935,629,,,0.7534,,,,,,14.2976,r0_measured_02246,read,measured,,,,,0.9222,,ok,0.5879
12.9507,566,,,0.5064,,,,,,14.4922,r0_measured_02247,read,measured,,,,,0.5895,,ok,0.3746
14.7413,567,,,0.4692,,,,,,16.221,r0_measured_02248,read,measured,,,,,0.6103,,ok,0.3274
15.4861,626,,,0.5122,,,,,,17.0265,r0_measured_02249,read,measured,,,,,0.6517,,ok,0.3095
10.8659,508,,,0.5814,,,,,,12.6058,r0_measured_02250,read,measured,,,,,0.6661,,ok,0.4112
14.5767,674,,,0.5858,,,,,,16.544,r0_measured_02251,read,measured,,,,,0.7356,,ok,0.5595
14.8451,688,,,0.5995,,,,,,16.6747,r0_measured_02252,read,measured,,,,,0.7642,,ok,0.3807
13.9799,680,,,0.5957,,,,,,15.6341,r0_measured_02253,read,measured,,,,,0.6103,,ok,0.3733
9.363,418,,,0.2742,,,,,,10.5827,r0_measured_02254,read,measured,,,,,0.563,,ok,0.3233
64.2137,368,9.9749,10.6332,0.2601,1.3603,1,10.6316,1,27.644,65.3883,r0_measured_02255,update,measured,17.0108,1.1746,1,12.3292,0.5007,12.9053,ok,0.3466
13.9241,565,,,0.6324,,,,,,15.7248,r0_measured_02256,read,measured,,,,,0.6681,,ok,0.4056
14.7876,689,,,0.6594,,,,,,16.6891,r0_measured_02257,read,measured,,,,,0.777,,ok,0.3772
13.2121,626,,,0.5427,,,,,,14.9448,r0_measured_02258,read,measured,,,,,0.7652,,ok,0.3557
11.9771,628,,,0.5079,,,,,,13.5185,r0_measured_02259,read,measured,,,,,0.6232,,ok,0.3426
11.4561,679,,,0.7102,,,,,,13.4011,r0_measured_02260,read,measured,,,,,0.7311,,ok,0.4245
11.5377,416,,,0.3177,,,,,,12.7844,r0_measured_02261,read,measured,,,,,0.4742,,ok,0.3816
13.6051,681,,,0.7853,,,,,,15.5739,r0_measured_02262,read,measured,,,,,0.6987,,ok,0.3839
11.3747,568,,,0.5638,,,,,,12.9458,r0_measured_02263,read,measured,,,,,0.6034,,ok,0.336
8.5486,418,,,0.2544,,,,,,9.6744,r0_measured_02264,read,measured,,,,,0.4807,,ok,0.3307
19.3857,661,,,0.7312,,,,,,21.4038,r0_measured_02265,read,measured,,,,,0.7356,,ok,0.4565
51.1169,417,9.6595,4.5136,0.2944,1.6359,0,4.5119,1,23.8749,52.4281,r0_measured_02266,update,measured,19.3613,1.3112,1,0.0064,0.5493,15.9402,ok,0.346
12.7875,680,,,0.5279,,,,,,14.3363,r0_measured_02267,read,measured,,,,,0.5825,,ok,0.3679
12.1859,628,,,0.5419,,,,,,13.8538,r0_measured_02268,read,measured,,,,,0.6899,,ok,0.3614
15.1694,680,,,0.5559,,,,,,16.7876,r0_measured_02269,read,measured,,,,,0.6639,,ok,0.322
11.3929,663,,,0.4693,,,,,,12.9268,r0_measured_02270,read,measured,,,,,0.6453,,ok,0.3315
16.2269,674,,,0.6625,,,,,,18.2352,r0_measured_02271,read,measured,,,,,0.8076,,ok,0.4419
15.7327,673,,,0.6174,,,,,,17.5213,r0_measured_02272,read,measured,,,,,0.7079,,ok,0.3867
18.4922,675,,,0.6437,,,,,,20.3847,r0_measured_02273,read,measured,,,,,0.7466,,ok,0.3964
11.8412,507,,,0.4616,,,,,,13.4854,r0_measured_02274,read,measured,,,,,0.7442,,ok,0.3646
16.4305,680,,,0.6458,,,,,,18.1884,r0_measured_02275,read,measured,,,,,0.6276,,ok,0.4021
11.99,627,,,0.6395,,,,,,13.9939,r0_measured_02276,read,measured,,,,,0.8083,,ok,0.4699
18.3506,673,,,0.5465,,,,,,20.16,r0_measured_02277,read,measured,,,,,0.7754,,ok,0.4096
22.1088,680,,,0.708,,,,,,24.2214,r0_measured_02278,read,measured,,,,,0.8609,,ok,0.4486
12.6185,509,,,0.6162,,,,,,14.349,r0_measured_02279,read,measured,,,,,0.6426,,ok,0.3911
12.8743,509,,,0.5562,,,,,,14.594,r0_measured_02280,read,measured,,,,,0.6902,,ok,0.3893
13.8898,509,,,0.5219,,,,,,15.5096,r0_measured_02281,read,measured,,,,,0.6229,,ok,0.3961
14.3628,662,,,0.5513,,,,,,16.1851,r0_measured_02282,read,measured,,,,,0.8149,,ok,0.367
14.6088,679,,,0.6248,,,,,,16.562,r0_measured_02283,read,measured,,,,,0.8201,,ok,0.4184
13.1613,567,,,0.5135,,,,,,14.7927,r0_measured_02284,read,measured,,,,,0.6617,,ok,0.3801
14.2136,662,,,0.6572,,,,,,16.0728,r0_measured_02285,read,measured,,,,,0.7217,,ok,0.3976
8.9047,368,,,0.2482,,,,,,10.0741,r0_measured_02286,read,measured,,,,,0.4925,,ok,0.3714
9.0182,419,,,0.2752,,,,,,10.2739,r0_measured_02287,read,measured,,,,,0.5168,,ok,0.4051
13.7675,567,,,0.5222,,,,,,15.3992,r0_measured_02288,read,measured,,,,,0.6514,,ok,0.3829
13.5764,675,,,0.6085,,,,,,15.3888,r0_measured_02289,read,measured,,,,,0.6897,,ok,0.4266
9.9825,418,,,0.3768,,,,,,11.6816,r0_measured_02290,read,measured,,,,,0.677,,ok,0.5635
15.0063,568,,,0.656,,,,,,16.8161,r0_measured_02291,read,measured,,,,,0.6674,,ok,0.4049
15.1797,689,,,0.5824,,,,,,16.9065,r0_measured_02292,read,measured,,,,,0.6974,,ok,0.3644
13.8046,678,,,0.5754,,,,,,15.5445,r0_measured_02293,read,measured,,,,,0.6839,,ok,0.3995
18.5014,674,,,0.5781,,,,,,20.308,r0_measured_02294,read,measured,,,,,0.7892,,ok,0.3514
18.2419,663,,,0.6921,,,,,,20.2612,r0_measured_02295,read,measured,,,,,0.8557,,ok,0.3856
12.0522,509,,,0.5698,,,,,,13.6498,r0_measured_02296,read,measured,,,,,0.5864,,ok,0.3692
10.1264,509,,,0.5349,,,,,,11.7417,r0_measured_02297,read,measured,,,,,0.6211,,ok,0.3874
13.665,686,,,0.5306,,,,,,15.326,r0_measured_02298,read,measured,,,,,0.6878,,ok,0.355
13.3759,662,,,0.622,,,,,,15.2163,r0_measured_02299,read,measured,,,,,0.7227,,ok,0.41
13.2121,662,,,0.6493,,,,,,15.0624,r0_measured_02300,read,measured,,,,,0.727,,ok,0.3883
13.2506,678,,,0.533,,,,,,14.8042,r0_measured_02301,read,measured,,,,,0.5926,,ok,0.3524
9.9392,509,,,0.5867,,,,,,11.8844,r0_measured_02302,read,measured,,,,,0.8238,,ok,0.4564
14.5161,568,,,0.5717,,,,,,16.341,r0_measured_02303,read,measured,,,,,0.7686,,ok,0.4016
9.7873,369,,,0.2494,,,,,,10.9718,r0_measured_02304,read,measured,,,,,0.5517,,ok,0.3312
11.9048,629,,,0.5815,,,,,,13.5641,r0_measured_02305,read,measured,,,,,0.6332,,ok,0.3606
10.46,565,,,0.556,,,,,,11.9895,r0_measured_02306,read,measured,,,,,0.5723,,ok,0.3369
73.1168,675,14.9481,5.2457,0.5707,2.9656,1,5.244,1,22.5599,74.7127,r0_measured_02307,update,measured,17.3142,1.5959,1,12.3356,0.6108,20.3076,ok,0.3426
11.6489,662,,,0.507,,,,,,13.197,r0_measured_02308,read,measured,,,,,0.6265,,ok,0.3354
13.3709,566,,,0.4641,,,,,,14.9883,r0_measured_02309,read,measured,,,,,0.7088,,ok,0.3688
16.8119,663,,,0.6765,,,,,,18.6699,r0_measured_02310,read,measured,,,,,0.6881,,ok,0.4041
13.0535,629,,,0.6303,,,,,,14.8499,r0_measured_02311,read,measured,,,,,0.7251,,ok,0.3611
15.3314,629,,,0.9443,,,,,,17.5034,r0_measured_02312,read,measured,,,,,0.7222,,ok,0.4164
11.2674,508,,,0.5734,,,,,,13.0186,r0_measured_02313,read,measured,,,,,0.6145,,ok,0.477
11.0427,419,,,0.5747,,,,,,12.9589,r0_measured_02314,read,measured,,,,,0.8084,,ok,0.452
14.2763,660,,,0.6127,,,,,,16.041,r0_measured_02315,read,measured,,,,,0.7013,,ok,0.3729
12.2446,629,,,0.5117,,,,,,13.6779,r0_measured_02316,read,measured,,,,,0.5516,,ok,0.3084
9.3709,509,,,1.4357,,,,,,13.7136,r0_measured_02317,read,measured,,,,,1.5413,,ok,1.2068
80.4913,681,13.2465,8.8959,0.4841,2.6286,0,8.8934,1,31.3061,81.9888,r0_measured_02318,update,measured,22.4102,1.4975,1,12.3717,0.6254,20.9384,ok,0.3242
21.8683,679,,,0.6028,,,,,,23.6159,r0_measured_02319,read,measured,,,,,0.6843,,ok,0.3769
11.5778,663,,,0.6112,,,,,,13.1783,r0_measured_02320,read,measured,,,,,0.5923,,ok,0.3281
12.4593,627,,,0.6596,,,,,,14.3506,r0_measured_02321,read,measured,,,,,0.744,,ok,0.4031
14.1433,679,,,0.5883,,,,,,15.8601,r0_measured_02322,read,measured,,,,,0.6672,,ok,0.3805
11.7723,567,,,0.5685,,,,,,13.5891,r0_measured_02323,read,measured,,,,,0.6444,,ok,0.3747
11.9031,629,,,0.6778,,,,,,13.9144,r0_measured_02324,read,measured,,,,,0.7646,,ok,0.4707
14.2356,675,,,0.5745,,,,,,15.8518,r0_measured_02325,read,measured,,,,,0.6246,,ok,0.3439
11.5199,567,,,0.9735,,,,,,14.1296,r0_measured_02326,read,measured,,,,,0.6613,,ok,0.8635
12.8864,628,,,0.6194,,,,,,15.1492,r0_measured_02327,read,measured,,,,,0.926,,ok,0.6169
14.1997,507,,,0.6516,,,,,,16.0984,r0_measured_02328,read,measured,,,,,0.6383,,ok,0.4762
18.1689,678,,,0.6693,,,,,,20.111,r0_measured_02329,read,measured,,,,,0.7975,,ok,0.3856
14.2767,629,,,0.5554,,,,,,15.9614,r0_measured_02330,read,measured,,,,,0.6772,,ok,0.3726
12.7024,629,,,0.6282,,,,,,14.4423,r0_measured_02331,read,measured,,,,,0.6478,,ok,0.3822
11.2049,626,,,1.4689,,,,,,13.6825,r0_measured_02332,read,measured,,,,,0.5789,,ok,0.3553
11.8252,663,,,0.4922,,,,,,13.272,r0_measured_02333,read,measured,,,,,0.5682,,ok,0.3202
21.2468,565,,,0.5095,,,,,,22.9397,r0_measured_02334,read,measured,,,,,0.7916,,ok,0.3242
14.0883,662,,,0.7511,,,,,,16.2867,r0_measured_02335,read,measured,,,,,0.8595,,ok,0.4888
14.3296,567,,,0.5753,,,,,,16.0846,r0_measured_02336,read,measured,,,,,0.6911,,ok,0.4049
14.0163,688,,,0.7407,,,,,,15.9028,r0_measured_02337,read,measured,,,,,0.7208,,ok,0.3357
8.0097,419,,,0.2902,,,,,,9.1879,r0_measured_02338,read,measured,,,,,0.49,,ok,0.3316
64.673,680,14.8777,5.6999,0.5949,2.4393,0,5.698,1,24.8291,66.3028,r0_measured_02339,update,measured,19.1292,1.6298,1,0.0063,0.6036,22.5206,ok,0.3531
80.9833,689,15.5337,8.8601,0.5487,2.9416,1,8.8582,1,25.7555,82.5987,r0_measured_02340,update,measured,16.8954,1.6154,1,15.2311,0.617,21.5214,ok,0.3299
15.8049,677,,,0.8113,,,,,,18.3534,r0_measured_02341,read,measured,,,,,1.1202,,ok,0.5098
19.6744,680,,,0.5634,,,,,,21.4074,r0_measured_02342,read,measured,,,,,0.7219,,ok,0.3655
12.4475,568,,,0.6291,,,,,,14.1527,r0_measured_02343,read,measured,,,,,0.6728,,ok,0.338
14.9165,689,,,0.6922,,,,,,16.9484,r0_measured_02344,read,measured,,,,,0.8266,,ok,0.4153
13.2565,508,,,0.6376,,,,,,14.9465,r0_measured_02345,read,measured,,,,,0.5887,,ok,0.386
13.5825,681,,,0.7702,,,,,,15.4919,r0_measured_02346,read,measured,,,,,0.646,,ok,0.4091
14.8957,680,,,0.5831,,,,,,16.7086,r0_measured_02347,read,measured,,,,,0.7246,,ok,0.4078
10.1116,509,,,0.4542,,,,,,11.5196,r0_measured_02348,read,measured,,,,,0.5246,,ok,0.3608
9.6071,509,,,0.4334,,,,,,10.9593,r0_measured_02349,read,measured,,,,,0.5173,,ok,0.3437
12.8522,565,,,0.6229,,,,,,14.7266,r0_measured_02350,read,measured,,,,,0.7204,,ok,0.4483
11.3381,509,,,0.4854,,,,,,12.7863,r0_measured_02351,read,measured,,,,,0.5451,,ok,0.3544
12.0355,628,,,0.5445,,,,,,13.6582,r0_measured_02352,read,measured,,,,,0.6188,,ok,0.3858
11.2706,566,,,0.5076,,,,,,12.9181,r0_measured_02353,read,measured,,,,,0.7098,,ok,0.3604
10.8114,567,,,0.5023,,,,,,12.4149,r0_measured_02354,read,measured,,,,,0.6516,,ok,0.383
9.6072,418,,,0.3106,,,,,,11.0254,r0_measured_02355,read,measured,,,,,0.5979,,ok,0.434
12.1801,419,,,0.2652,,,,,,13.3838,r0_measured_02356,read,measured,,,,,0.5379,,ok,0.3392
15.4605,681,,,0.5998,,,,,,17.4438,r0_measured_02357,read,measured,,,,,0.912,,ok,0.3931
13.458,660,,,0.663,,,,,,15.444,r0_measured_02358,read,measured,,,,,0.8184,,ok,0.4162
14.4783,680,,,1.2107,,,,,,17.0405,r0_measured_02359,read,measured,,,,,0.7397,,ok,0.5142
12.264,629,,,0.5211,,,,,,13.8105,r0_measured_02360,read,measured,,,,,0.6215,,ok,0.3368
76.52,679,13.5631,6.6169,0.7313,2.6631,1,6.6154,1,22.2859,78.7224,r0_measured_02361,update,measured,15.669,2.2024,1,12.3004,1.023,25.7075,ok,0.3734
16.4352,628,,,0.6594,,,,,,18.2263,r0_measured_02362,read,measured,,,,,0.6895,,ok,0.3552
12.6565,680,,,0.6058,,,,,,14.2635,r0_measured_02363,read,measured,,,,,0.5753,,ok,0.353
85.1753,419,10.5246,9.3069,0.2887,1.6714,1,9.3052,1,31.9855,86.4031,r0_measured_02364,update,measured,22.6786,1.2278,1,25.0436,0.5037,15.9502,ok,0.3696
13.55,680,,,0.5625,,,,,,15.1782,r0_measured_02365,read,measured,,,,,0.6496,,ok,0.348
12.1202,663,,,0.5274,,,,,,13.8514,r0_measured_02366,read,measured,,,,,0.7519,,ok,0.3625
11.88,568,,,0.4649,,,,,,13.3947,r0_measured_02367,read,measured,,,,,0.6358,,ok,0.3509
11.8708,629,,,0.5467,,,,,,13.5649,r0_measured_02368,read,measured,,,,,0.6823,,ok,0.3863
14.8027,673,,,0.626,,,,,,16.6816,r0_measured_02369,read,measured,,,,,0.7406,,ok,0.4263
23.6879,507,,,0.4055,,,,,,25.123,r0_measured_02370,read,measured,,,,,0.5922,,ok,0.367
16.5837,680,,,0.6579,,,,,,18.6555,r0_measured_02371,read,measured,,,,,0.7521,,ok,0.4707
14.177,675,,,0.4899,,,,,,15.8456,r0_measured_02372,read,measured,,,,,0.7293,,ok,0.3278
14.167,508,,,0.4845,,,,,,15.5576,r0_measured_02373,read,measured,,,,,0.5273,,ok,0.3145
10.971,509,,,0.5156,,,,,,12.5624,r0_measured_02374,read,measured,,,,,0.6187,,ok,0.385
8.6107,418,,,0.2283,,,,,,9.7618,r0_measured_02375,read,measured,,,,,0.5612,,ok,0.3123
11.8458,680,,,0.6903,,,,,,13.8197,r0_measured_02376,read,measured,,,,,0.7721,,ok,0.4285
15.4368,681,,,0.5822,,,,,,17.422,r0_measured_02377,read,measured,,,,,0.8566,,ok,0.4652
13.0316,657,,,1.02,,,,,,15.2636,r0_measured_02378,read,measured,,,,,0.793,,ok,0.3472
14.5029,686,,,0.7271,,,,,,16.5424,r0_measured_02379,read,measured,,,,,0.7932,,ok,0.4326
14.2736,680,,,0.592,,,,,,16.037,r0_measured_02380,read,measured,,,,,0.6434,,ok,0.4455
18.8369,661,,,0.5446,,,,,,20.3552,r0_measured_02381,read,measured,,,,,0.6018,,ok,0.3024
14.1326,629,,,0.6939,,,,,,15.9892,r0_measured_02382,read,measured,,,,,0.7007,,ok,0.3757
19.574,679,,,0.6513,,,,,,21.3066,r0_measured_02383,read,measured,,,,,0.6497,,ok,0.3522
7.5821,367,,,0.2353,,,,,,8.6655,r0_measured_02384,read,measured,,,,,0.4596,,ok,0.3285
14.3459,681,,,0.6082,,,,,,15.947,r0_measured_02385,read,measured,,,,,0.6006,,ok,0.3175
11.9736,680,,,0.4773,,,,,,13.6092,r0_measured_02386,read,measured,,,,,0.5836,,ok,0.505
12.9069,509,,,0.6392,,,,,,14.9465,r0_measured_02387,read,measured,,,,,0.758,,ok,0.5462
14.6179,675,,,0.5819,,,,,,16.3199,r0_measured_02388,read,measured,,,,,0.6588,,ok,0.3828
26.7696,564,,,0.5517,,,,,,28.2655,r0_measured_02389,read,measured,,,,,0.5413,,ok,0.3324
12.9931,657,,,1.0477,,,,,,16.9278,r0_measured_02390,read,measured,,,,,1.7843,,ok,0.9612
13.7197,369,,,0.3235,,,,,,15.3602,r0_measured_02391,read,measured,,,,,0.7188,,ok,0.5105
16.3071,662,,,0.5709,,,,,,18.1248,r0_measured_02392,read,measured,,,,,0.7929,,ok,0.37
14.0493,629,,,0.5909,,,,,,15.7354,r0_measured_02393,read,measured,,,,,0.6428,,ok,0.3736
12.2902,676,,,1.0956,,,,,,15.0623,r0_measured_02394,read,measured,,,,,0.6004,,ok,0.9846
9.4045,419,,,0.2622,,,,,,10.544,r0_measured_02395,read,measured,,,,,0.4891,,ok,0.328
8.7689,418,,,0.3426,,,,,,10.1265,r0_measured_02396,read,measured,,,,,0.5831,,ok,0.3671
11.3003,565,,,0.5595,,,,,,12.8851,r0_measured_02397,read,measured,,,,,0.5959,,ok,0.3646
8.1729,369,,,0.2375,,,,,,9.2055,r0_measured_02398,read,measured,,,,,0.4146,,ok,0.3189
12.5596,629,,,0.7912,,,,,,14.9199,r0_measured_02399,read,measured,,,,,0.95,,ok,0.5229
12.9683,567,,,0.6197,,,,,,14.9039,r0_measured_02400,read,measured,,,,,0.7901,,ok,0.4385
13.867,566,,,0.4826,,,,,,15.3862,r0_measured_02401,read,measured,,,,,0.6102,,ok,0.3575
12.4572,674,,,0.5027,,,,,,14.0194,r0_measured_02402,read,measured,,,,,0.6702,,ok,0.314
8.3224,418,,,0.2466,,,,,,9.4384,r0_measured_02403,read,measured,,,,,0.5094,,ok,0.3049
10.473,565,,,0.5048,,,,,,11.9495,r0_measured_02404,read,measured,,,,,0.5617,,ok,0.3466
12.1302,688,,,0.6036,,,,,,13.8158,r0_measured_02405,read,measured,,,,,0.6726,,ok,0.3285
12.148,508,,,0.6384,,,,,,14.1389,r0_measured_02406,read,measured,,,,,0.8047,,ok,0.456
9.9932,369,,,0.2706,,,,,,11.2683,r0_measured_02407,read,measured,,,,,0.5277,,ok,0.4103
15.9853,680,,,0.5297,,,,,,17.5456,r0_measured_02408,read,measured,,,,,0.6461,,ok,0.3122
8.4368,369,,,0.2279,,,,,,9.6728,r0_measured_02409,read,measured,,,,,0.4531,,ok,0.4851
8.6623,368,,,0.2012,,,,,,9.6181,r0_measured_02410,read,measured,,,,,0.3955,,ok,0.3142
9.6411,418,,,0.272,,,,,,10.8152,r0_measured_02411,read,measured,,,,,0.5275,,ok,0.3136
13.9137,567,,,0.6363,,,,,,15.7035,r0_measured_02412,read,measured,,,,,0.6337,,ok,0.4372
13.0633,629,,,0.6892,,,,,,15.0593,r0_measured_02413,read,measured,,,,,0.8411,,ok,0.3762
13.5977,661,,,0.5522,,,,,,15.2266,r0_measured_02414,read,measured,,,,,0.6496,,ok,0.3541
12.5091,660,,,0.5777,,,,,,14.2033,r0_measured_02415,read,measured,,,,,0.6829,,ok,0.3539
10.4152,508,,,0.4691,,,,,,11.9004,r0_measured_02416,read,measured,,,,,0.6089,,ok,0.3398
8.4365,417,,,0.2477,,,,,,9.5296,r0_measured_02417,read,measured,,,,,0.4806,,ok,0.3102
11.1252,629,,,0.5434,,,,,,12.792,r0_measured_02418,read,measured,,,,,0.7031,,ok,0.3407
16.6736,689,,,1.1037,,,,,,19.6666,r0_measured_02419,read,measured,,,,,0.8319,,ok,0.9682
7.6829,369,,,0.2362,,,,,,8.771,r0_measured_02420,read,measured,,,,,0.4747,,ok,0.3257
56.8359,629,12.2803,4.7922,0.5842,2.3785,1,4.7905,1,21.5227,58.5424,r0_measured_02421,update,measured,16.7305,1.7065,1,0.0058,0.6001,20.6486,ok,0.4502
11.8211,657,,,0.5606,,,,,,13.6753,r0_measured_02422,read,measured,,,,,0.6471,,ok,0.5581
15.1078,674,,,0.5164,,,,,,16.6819,r0_measured_02423,read,measured,,,,,0.5874,,ok,0.3519
11.8235,663,,,0.6763,,,,,,13.7682,r0_measured_02424,read,measured,,,,,0.7906,,ok,0.3913
13.336,679,,,0.5824,,,,,,15.0494,r0_measured_02425,read,measured,,,,,0.7097,,ok,0.3451
11.8014,679,,,0.5443,,,,,,13.3511,r0_measured_02426,read,measured,,,,,0.5953,,ok,0.3409
12.521,662,,,0.7221,,,,,,14.5091,r0_measured_02427,read,measured,,,,,0.7466,,ok,0.4258
55.5087,627,12.9372,6.7967,0.5616,2.34,0,6.7948,1,20.7825,57.1312,r0_measured_02428,update,measured,13.9858,1.6225,1,0.0053,0.6196,19.4437,ok,0.3501
10.5861,509,,,0.4173,,,,,,11.9725,r0_measured_02429,read,measured,,,,,0.5768,,ok,0.3287
13.9434,675,,,0.6801,,,,,,15.7628,r0_measured_02430,read,measured,,,,,0.7116,,ok,0.3461
13.2777,629,,,0.5171,,,,,,14.7714,r0_measured_02431,read,measured,,,,,0.6041,,ok,0.306
9.4884,509,,,0.4669,,,,,,11.0167,r0_measured_02432,read,measured,,,,,0.6043,,ok,0.3901
13.1677,662,,,0.487,,,,,,14.6658,r0_measured_02433,read,measured,,,,,0.6026,,ok,0.3323
12.5449,680,,,0.6539,,,,,,14.5374,r0_measured_02434,read,measured,,,,,0.8474,,ok,0.4067
13.5727,629,,,0.5345,,,,,,15.1921,r0_measured_02435,read,measured,,,,,0.6256,,ok,0.3741
9.1541,509,,,0.4208,,,,,,10.4748,r0_measured_02436,read,measured,,,,,0.533,,ok,0.307
11.8815,689,,,0.6015,,,,,,13.6618,r0_measured_02437,read,measured,,,,,0.6547,,ok,0.4478
9.9699,508,,,0.5243,,,,,,11.5999,r0_measured_02438,read,measured,,,,,0.6303,,ok,0.384
13.9414,567,,,0.5492,,,,,,15.6415,r0_measured_02439,read,measured,,,,,0.6691,,ok,0.3942
11.5557,508,,,1.1074,,,,,,14.0714,r0_measured_02440,read,measured,,,,,0.6376,,ok,0.6849
13.3609,627,,,0.5549,,,,,,15.1007,r0_measured_02441,read,measured,,,,,0.6851,,ok,0.4264
10.5622,509,,,0.4906,,,,,,12.09,r0_measured_02442,read,measured,,,,,0.6064,,ok,0.3524
14.0632,675,,,0.6145,,,,,,15.9257,r0_measured_02443,read,measured,,,,,0.7621,,ok,0.3921
13.768,674,,,0.6312,,,,,,15.5852,r0_measured_02444,read,measured,,,,,0.6638,,ok,0.4363
11.7987,565,,,0.5115,,,,,,13.3873,r0_measured_02445,read,measured,,,,,0.6288,,ok,0.3697
10.3475,509,,,0.5193,,,,,,11.8306,r0_measured_02446,read,measured,,,,,0.5543,,ok,0.3413
8.0506,368,,,0.2604,,,,,,9.2963,r0_measured_02447,read,measured,,,,,0.491,,ok,0.4275
13.7557,508,,,0.5805,,,,,,15.3367,r0_measured_02448,read,measured,,,,,0.5829,,ok,0.347
59.3808,680,12.2502,5.4658,0.6101,2.4094,0,5.4638,1,20.9828,61.0669,r0_measured_02449,update,measured,15.517,1.6861,1,0.006,0.6404,23.7324,ok,0.349
68.6672,627,12.3953,5.1633,0.5583,2.1691,1,5.1609,1,23.5759,70.2984,r0_measured_02450,update,measured,18.4126,1.6312,1,11.6758,0.6437,18.8511,ok,0.3519
8.8929,418,,,0.2583,,,,,,9.9908,r0_measured_02451,read,measured,,,,,0.4783,,ok,0.3078
7.3139,368,,,0.2437,,,,,,8.3177,r0_measured_02452,read,measured,,,,,0.4021,,ok,0.3077
10.7524,629,,,0.4835,,,,,,12.4311,r0_measured_02453,read,measured,,,,,0.7899,,ok,0.329
17.3539,675,,,0.4842,,,,,,18.8548,r0_measured_02454,read,measured,,,,,0.6145,,ok,0.3291
17.1232,564,,,0.5298,,,,,,18.7335,r0_measured_02455,read,measured,,,,,0.6298,,ok,0.3645
8.9842,368,,,0.2337,,,,,,10.1333,r0_measured_02456,read,measured,,,,,0.5057,,ok,0.3529
12.3224,627,,,0.5946,,,,,,14.0946,r0_measured_02457,read,measured,,,,,0.728,,ok,0.3725
13.9847,674,,,0.6444,,,,,,15.708,r0_measured_02458,read,measured,,,,,0.6385,,ok,0.3609
12.8359,681,,,0.8415,,,,,,14.8915,r0_measured_02459,read,measured,,,,,0.7443,,ok,0.3904
12.6176,568,,,0.5953,,,,,,14.2381,r0_measured_02460,read,measured,,,,,0.5872,,ok,0.3612
10.4531,568,,,0.507,,,,,,12.0036,r0_measured_02461,read,measured,,,,,0.6173,,ok,0.3541
9.0665,509,,,0.6514,,,,,,10.7741,r0_measured_02462,read,measured,,,,,0.6033,,ok,0.3797
10.7031,509,,,0.4522,,,,,,12.2097,r0_measured_02463,read,measured,,,,,0.6384,,ok,0.3508
12.2075,663,,,0.5875,,,,,,13.9119,r0_measured_02464,read,measured,,,,,0.6498,,ok,0.3915
13.495,675,,,0.4955,,,,,,15.1177,r0_measured_02465,read,measured,,,,,0.6991,,ok,0.3459
12.175,627,,,0.4647,,,,,,13.6951,r0_measured_02466,read,measured,,,,,0.6412,,ok,0.3467
10.2192,509,,,0.477,,,,,,11.7647,r0_measured_02467,read,measured,,,,,0.621,,ok,0.3723
13.5432,681,,,0.676,,,,,,15.3673,r0_measured_02468,read,measured,,,,,0.7077,,ok,0.3524
13.3739,674,,,0.571,,,,,,15.0587,r0_measured_02469,read,measured,,,,,0.6189,,ok,0.4114
13.0482,628,,,0.6324,,,,,,14.8397,r0_measured_02470,read,measured,,,,,0.7119,,ok,0.3682
14.4513,628,,,0.648,,,,,,16.3408,r0_measured_02471,read,measured,,,,,0.7347,,ok,0.4205
15.9604,662,,,0.661,,,,,,17.748,r0_measured_02472,read,measured,,,,,0.7032,,ok,0.3419
13.4091,628,,,0.4695,,,,,,14.8387,r0_measured_02473,read,measured,,,,,0.5662,,ok,0.3271
22.0857,680,,,0.6637,,,,,,24.123,r0_measured_02474,read,measured,,,,,0.8108,,ok,0.4442
12.1418,509,,,0.5891,,,,,,13.8612,r0_measured_02475,read,measured,,,,,0.6576,,ok,0.3887
14.385,676,,,0.5499,,,,,,16.1695,r0_measured_02476,read,measured,,,,,0.7785,,ok,0.373
14.3143,680,,,0.7521,,,,,,16.1862,r0_measured_02477,read,measured,,,,,0.6689,,ok,0.3673
16.8717,662,,,1.2267,,,,,,20.9203,r0_measured_02478,read,measured,,,,,1.8526,,ok,0.7907
20.7941,629,,,0.7085,,,,,,23.0306,r0_measured_02479,read,measured,,,,,0.8945,,ok,0.5349
14.7385,689,,,0.5458,,,,,,16.5157,r0_measured_02480,read,measured,,,,,0.7998,,ok,0.356
12.3988,680,,,0.5194,,,,,,14.0203,r0_measured_02481,read,measured,,,,,0.6495,,ok,0.3432
12.4408,681,,,0.6016,,,,,,14.3909,r0_measured_02482,read,measured,,,,,0.6383,,ok,0.6327
13.595,662,,,0.6827,,,,,,15.4641,r0_measured_02483,read,measured,,,,,0.7167,,ok,0.3803
12.8469,568,,,0.5094,,,,,,14.38,r0_measured_02484,read,measured,,,,,0.5894,,ok,0.3584
7.9395,417,,,0.2402,,,,,,9.0583,r0_measured_02485,read,measured,,,,,0.4883,,ok,0.3137
13.5544,629,,,0.5676,,,,,,15.4674,r0_measured_02486,read,measured,,,,,0.8631,,ok,0.3981
10.0975,419,,,0.2808,,,,,,11.3875,r0_measured_02487,read,measured,,,,,0.5764,,ok,0.3461
14.7262,629,,,0.519,,,,,,16.3324,r0_measured_02488,read,measured,,,,,0.6774,,ok,0.3382
12.7038,629,,,0.527,,,,,,14.3,r0_measured_02489,read,measured,,,,,0.6222,,ok,0.3677
13.7256,568,,,0.6475,,,,,,15.6005,r0_measured_02490,read,measured,,,,,0.785,,ok,0.3567
13.3262,675,,,0.5049,,,,,,14.9243,r0_measured_02491,read,measured,,,,,0.6668,,ok,0.3384
16.2574,676,,,0.7558,,,,,,18.498,r0_measured_02492,read,measured,,,,,0.972,,ok,0.4224
13.939,629,,,0.5516,,,,,,15.6641,r0_measured_02493,read,measured,,,,,0.6921,,ok,0.4017
14.8175,663,,,0.5945,,,,,,16.7592,r0_measured_02494,read,measured,,,,,0.7835,,ok,0.4659
11.6877,509,,,0.6119,,,,,,13.6776,r0_measured_02495,read,measured,,,,,0.8631,,ok,0.4356
13.1609,567,,,0.6445,,,,,,15.1932,r0_measured_02496,read,measured,,,,,0.8804,,ok,0.4064
10.0357,369,,,0.2807,,,,,,11.4915,r0_measured_02497,read,measured,,,,,0.6101,,ok,0.4881
14.7222,663,,,0.6879,,,,,,16.5942,r0_measured_02498,read,measured,,,,,0.698,,ok,0.4015
15.0619,663,,,0.6674,,,,,,17.0141,r0_measured_02499,read,measured,,,,,0.8005,,ok,0.3805
12.9911,508,,,0.6357,,,,,,14.9456,r0_measured_02500,read,measured,,,,,0.7711,,ok,0.4528
17.8162,674,,,0.854,,,,,,20.1618,r0_measured_02501,read,measured,,,,,0.9094,,ok,0.4716
113.7822,674,16.4924,10.2158,0.7351,3.0469,1,10.2116,1,36.8747,115.827,r0_measured_02502,update,measured,26.6589,2.0448,1,30.6869,0.7774,26.6813,ok,0.4251
17.0473,662,,,0.7023,,,,,,19.0133,r0_measured_02503,read,measured,,,,,0.7572,,ok,0.4141
13.9312,629,,,0.6693,,,,,,15.8278,r0_measured_02504,read,measured,,,,,0.6926,,ok,0.4367
13.1432,567,,,0.7867,,,,,,15.1301,r0_measured_02505,read,measured,,,,,0.6908,,ok,0.4253
10.3853,418,,,0.2864,,,,,,11.6851,r0_measured_02506,read,measured,,,,,0.5632,,ok,0.3766
9.5398,368,,,0.2817,,,,,,10.8196,r0_measured_02507,read,measured,,,,,0.5541,,ok,0.3743
15.5683,675,,,1.0751,,,,,,18.5932,r0_measured_02508,read,measured,,,,,0.8363,,ok,0.9781
11.9568,418,,,0.5925,,,,,,14.549,r0_measured_02509,read,measured,,,,,0.8472,,ok,1.0384
18.1043,678,,,0.7164,,,,,,20.1794,r0_measured_02510,read,measured,,,,,0.8174,,ok,0.439
17.3428,660,,,0.7608,,,,,,19.4911,r0_measured_02511,read,measured,,,,,0.838,,ok,0.4547
10.8148,419,,,0.4103,,,,,,12.9774,r0_measured_02512,read,measured,,,,,0.6468,,ok,0.9945
15.9791,689,,,1.0734,,,,,,18.6028,r0_measured_02513,read,measured,,,,,1.0287,,ok,0.4173
12.4606,508,,,0.6288,,,,,,14.3321,r0_measured_02514,read,measured,,,,,0.7374,,ok,0.4189
15.1432,564,,,0.6777,,,,,,17.3379,r0_measured_02515,read,measured,,,,,0.9822,,ok,0.4479
14.5294,629,,,0.5923,,,,,,16.3317,r0_measured_02516,read,measured,,,,,0.7235,,ok,0.403
14.3708,680,,,0.7357,,,,,,16.3912,r0_measured_02517,read,measured,,,,,0.7664,,ok,0.4056
8.6046,369,,,0.2936,,,,,,9.9221,r0_measured_02518,read,measured,,,,,0.5814,,ok,0.3811
63.4382,681,14.4978,5.8242,0.5443,2.4054,1,5.8223,1,26.6392,65.0882,r0_measured_02519,update,measured,20.815,1.65,1,0.0062,0.6787,19.8896,ok,0.3444
10.9878,564,,,0.4734,,,,,,12.4269,r0_measured_02520,read,measured,,,,,0.5609,,ok,0.3453
9.7325,508,,,0.4702,,,,,,11.2132,r0_measured_02521,read,measured,,,,,0.5952,,ok,0.3346
10.8687,509,,,0.5665,,,,,,12.4083,r0_measured_02522,read,measured,,,,,0.5374,,ok,0.3702
12.8882,680,,,0.6474,,,,,,14.6959,r0_measured_02523,read,measured,,,,,0.7297,,ok,0.3549
13.5766,689,,,0.6903,,,,,,15.3134,r0_measured_02524,read,measured,,,,,0.6154,,ok,0.3511
12.433,681,,,0.5878,,,,,,14.046,r0_measured_02525,read,measured,,,,,0.6158,,ok,0.3338
12.066,629,,,0.5536,,,,,,13.6939,r0_measured_02526,read,measured,,,,,0.6369,,ok,0.3529
12.8535,680,,,0.5662,,,,,,14.4047,r0_measured_02527,read,measured,,,,,0.5923,,ok,0.3204
17.6274,686,,,0.7213,,,,,,19.7407,r0_measured_02528,read,measured,,,,,0.7746,,ok,0.5196
15.6736,629,,,0.455,,,,,,17.1729,r0_measured_02529,read,measured,,,,,0.6413,,ok,0.3372
12.3131,675,,,0.658,,,,,,14.1448,r0_measured_02530,read,measured,,,,,0.6627,,ok,0.4202
13.2622,674,,,0.5933,,,,,,14.8813,r0_measured_02531,read,measured,,,,,0.619,,ok,0.3348
11.7811,674,,,0.5808,,,,,,13.4279,r0_measured_02532,read,measured,,,,,0.6212,,ok,0.3712
11.0541,567,,,0.529,,,,,,12.5472,r0_measured_02533,read,measured,,,,,0.5477,,ok,0.3428
9.8003,419,,,0.4177,,,,,,11.1594,r0_measured_02534,read,measured,,,,,0.5046,,ok,0.3692
13.291,629,,,0.5293,,,,,,14.8941,r0_measured_02535,read,measured,,,,,0.6394,,ok,0.3557
16.8386,680,,,0.5698,,,,,,18.4966,r0_measured_02536,read,measured,,,,,0.6455,,ok,0.3656
13.0735,628,,,0.5897,,,,,,14.7599,r0_measured_02537,read,measured,,,,,0.6415,,ok,0.3706
8.7358,368,,,0.2701,,,,,,10.296,r0_measured_02538,read,measured,,,,,0.8006,,ok,0.4131
13.7391,567,,,0.6444,,,,,,15.7481,r0_measured_02539,read,measured,,,,,0.7996,,ok,0.4763
15.1166,681,,,0.5683,,,,,,16.8435,r0_measured_02540,read,measured,,,,,0.6926,,ok,0.3839
14.5124,688,,,0.5173,,,,,,16.0699,r0_measured_02541,read,measured,,,,,0.6401,,ok,0.3234
11.5202,509,,,0.4531,,,,,,12.8839,r0_measured_02542,read,measured,,,,,0.5184,,ok,0.3236
12.4838,627,,,0.4721,,,,,,14.032,r0_measured_02543,read,measured,,,,,0.5863,,ok,0.3544
12.6492,663,,,0.5807,,,,,,14.487,r0_measured_02544,read,measured,,,,,0.7666,,ok,0.3948
13.9625,657,,,0.625,,,,,,15.7643,r0_measured_02545,read,measured,,,,,0.7059,,ok,0.3864
13.2359,681,,,0.5634,,,,,,15.0208,r0_measured_02546,read,measured,,,,,0.7512,,ok,0.3824
14.2634,689,,,0.5386,,,,,,16.0045,r0_measured_02547,read,measured,,,,,0.7539,,ok,0.3655
14.248,676,,,0.6454,,,,,,16.1367,r0_measured_02548,read,measured,,,,,0.7287,,ok,0.4252
12.3364,565,,,0.4917,,,,,,13.9983,r0_measured_02549,read,measured,,,,,0.6819,,ok,0.41
13.198,680,,,0.5435,,,,,,14.9495,r0_measured_02550,read,measured,,,,,0.7786,,ok,0.3453
12.6099,627,,,0.5224,,,,,,14.2592,r0_measured_02551,read,measured,,,,,0.6894,,ok,0.3631
13.1584,678,,,0.6595,,,,,,14.9296,r0_measured_02552,read,measured,,,,,0.6871,,ok,0.3437
12.8948,629,,,0.5691,,,,,,14.6045,r0_measured_02553,read,measured,,,,,0.6995,,ok,0.3633
14.4771,689,,,0.6459,,,,,,16.4176,r0_measured_02554,read,measured,,,,,0.7866,,ok,0.4182
20.1592,688,,,0.5551,,,,,,21.8515,r0_measured_02555,read,measured,,,,,0.7037,,ok,0.3585
90.3131,663,14.6803,7.2689,0.5049,2.5866,1,7.2672,1,31.669,92.0464,r0_measured_02556,update,measured,24.4001,1.7333,1,14.8755,0.725,26.5017,ok,0.4165
9.3568,419,,,0.3351,,,,,,10.5208,r0_measured_02557,read,measured,,,,,0.4544,,ok,0.3176
13.3297,681,,,1.0435,,,,,,15.7177,r0_measured_02558,read,measured,,,,,0.803,,ok,0.4438
16.5017,627,,,0.5369,,,,,,18.2437,r0_measured_02559,read,measured,,,,,0.7276,,ok,0.3995
9.3373,418,,,0.2659,,,,,,10.5465,r0_measured_02560,read,measured,,,,,0.5299,,ok,0.352
14.1448,689,,,0.5486,,,,,,15.9194,r0_measured_02561,read,measured,,,,,0.7681,,ok,0.3766
14.3988,689,,,0.5255,,,,,,15.9918,r0_measured_02562,read,measured,,,,,0.6447,,ok,0.3491
9.5422,419,,,0.2673,,,,,,10.7458,r0_measured_02563,read,measured,,,,,0.5092,,ok,0.3647
12.752,679,,,0.5301,,,,,,14.3863,r0_measured_02564,read,measured,,,,,0.6299,,ok,0.3967
11.987,565,,,0.6174,,,,,,13.9039,r0_measured_02565,read,measured,,,,,0.7749,,ok,0.4293
10.8223,419,,,0.2623,,,,,,12.009,r0_measured_02566,read,measured,,,,,0.5168,,ok,0.3461
8.421,368,,,0.2385,,,,,,9.5642,r0_measured_02567,read,measured,,,,,0.5026,,ok,0.3457
9.1632,417,,,0.3593,,,,,,10.7436,r0_measured_02568,read,measured,,,,,0.7199,,ok,0.4262
9.6281,419,,,0.2884,,,,,,10.8342,r0_measured_02569,read,measured,,,,,0.4997,,ok,0.353
11.3226,568,,,0.7069,,,,,,13.3627,r0_measured_02570,read,measured,,,,,0.8337,,ok,0.4146
14.3978,663,,,0.6345,,,,,,16.2018,r0_measured_02571,read,measured,,,,,0.6938,,ok,0.3869
13.4635,676,,,0.5916,,,,,,15.1424,r0_measured_02572,read,measured,,,,,0.6605,,ok,0.3555
12.736,663,,,0.6186,,,,,,14.5064,r0_measured_02573,read,measured,,,,,0.6926,,ok,0.3721
13.5877,680,,,0.6333,,,,,,15.2368,r0_measured_02574,read,measured,,,,,0.6113,,ok,0.3298
11.8844,680,,,0.5181,,,,,,13.5601,r0_measured_02575,read,measured,,,,,0.6789,,ok,0.3449
11.2378,568,,,0.4904,,,,,,12.8542,r0_measured_02576,read,measured,,,,,0.5939,,ok,0.4511
11.6103,627,,,0.4607,,,,,,13.0129,r0_measured_02577,read,measured,,,,,0.5342,,ok,0.3397
7.2089,368,,,0.3275,,,,,,8.4714,r0_measured_02578,read,measured,,,,,0.5054,,ok,0.3629
14.3559,681,,,0.5267,,,,,,15.9295,r0_measured_02579,read,measured,,,,,0.5822,,ok,0.3873
13.5083,629,,,0.634,,,,,,15.2376,r0_measured_02580,read,measured,,,,,0.6022,,ok,0.4162
9.7823,418,,,0.2831,,,,,,11.0354,r0_measured_02581,read,measured,,,,,0.5485,,ok,0.3566
12.0041,629,,,0.6287,,,,,,13.6325,r0_measured_02582,read,measured,,,,,0.6035,,ok,0.3255
6.9535,369,,,0.1929,,,,,,7.8794,r0_measured_02583,read,measured,,,,,0.379,,ok,0.3063
12.9407,679,,,0.64,,,,,,14.7453,r0_measured_02584,read,measured,,,,,0.6913,,ok,0.3891
13.0741,663,,,0.6895,,,,,,14.8935,r0_measured_02585,read,measured,,,,,0.7017,,ok,0.3458
13.024,688,,,0.7164,,,,,,14.8996,r0_measured_02586,read,measured,,,,,0.6928,,ok,0.3808
12.4221,419,,,0.2617,,,,,,13.6259,r0_measured_02587,read,measured,,,,,0.5534,,ok,0.331
16.8339,680,,,0.6116,,,,,,18.5907,r0_measured_02588,read,measured,,,,,0.698,,ok,0.3611
11.8671,419,,,0.3466,,,,,,13.116,r0_measured_02589,read,measured,,,,,0.4995,,ok,0.3388
14.509,629,,,0.5273,,,,,,16.0474,r0_measured_02590,read,measured,,,,,0.5961,,ok,0.3432
11.9988,568,,,0.4679,,,,,,13.5565,r0_measured_02591,read,measured,,,,,0.6547,,ok,0.3635
9.6899,418,,,0.2642,,,,,,10.8503,r0_measured_02592,read,measured,,,,,0.5015,,ok,0.3333
16.3584,568,,,0.4856,,,,,,17.9432,r0_measured_02593,read,measured,,,,,0.6436,,ok,0.3782
19.941,674,,,0.6729,,,,,,21.9996,r0_measured_02594,read,measured,,,,,0.811,,ok,0.4725
13.148,565,,,0.5482,,,,,,16.8296,r0_measured_02595,read,measured,,,,,2.6758,,ok,0.3783
14.3845,689,,,0.5741,,,,,,16.1095,r0_measured_02596,read,measured,,,,,0.6785,,ok,0.388
14.6722,681,,,0.6582,,,,,,16.5891,r0_measured_02597,read,measured,,,,,0.7307,,ok,0.4367
14.8979,680,,,0.633,,,,,,16.7044,r0_measured_02598,read,measured,,,,,0.7043,,ok,0.3835
11.4024,509,,,0.4513,,,,,,12.943,r0_measured_02599,read,measured,,,,,0.6616,,ok,0.3589
12.3743,680,,,0.4841,,,,,,13.8562,r0_measured_02600,read,measured,,,,,0.6095,,ok,0.3202
10.0766,509,,,0.4677,,,,,,11.6269,r0_measured_02601,read,measured,,,,,0.6522,,ok,0.3558
16.2992,675,,,0.5761,,,,,,17.9964,r0_measured_02602,read,measured,,,,,0.6601,,ok,0.3796
25.1334,627,,,0.5944,,,,,,26.9159,r0_measured_02603,read,measured,,,,,0.7042,,ok,0.3963
14.0802,680,,,0.5662,,,,,,15.8535,r0_measured_02604,read,measured,,,,,0.7384,,ok,0.3848
12.0362,565,,,0.5584,,,,,,13.7775,r0_measured_02605,read,measured,,,,,0.7074,,ok,0.3917
12.1619,568,,,0.5291,,,,,,13.7883,r0_measured_02606,read,measured,,,,,0.658,,ok,0.3646
13.2221,663,,,0.5997,,,,,,15.066,r0_measured_02607,read,measured,,,,,0.8041,,ok,0.3549
12.7569,680,,,0.7375,,,,,,14.7575,r0_measured_02608,read,measured,,,,,0.7117,,ok,0.4643
18.8403,681,,,0.6198,,,,,,20.6927,r0_measured_02609,read,measured,,,,,0.7654,,ok,0.3828
9.4259,419,,,0.2681,,,,,,10.6161,r0_measured_02610,read,measured,,,,,0.5304,,ok,0.3324
12.5863,419,,,0.2415,,,,,,13.6547,r0_measured_02611,read,measured,,,,,0.4623,,ok,0.3103
17.308,680,,,0.5479,,,,,,18.9572,r0_measured_02612,read,measured,,,,,0.6414,,ok,0.376
12.7618,629,,,0.567,,,,,,14.5339,r0_measured_02613,read,measured,,,,,0.7482,,ok,0.3704
9.621,417,,,0.2746,,,,,,10.8672,r0_measured_02614,read,measured,,,,,0.5409,,ok,0.3645
11.3793,509,,,0.4722,,,,,,12.8375,r0_measured_02615,read,measured,,,,,0.5551,,ok,0.3619
13.4777,675,,,0.5786,,,,,,15.1379,r0_measured_02616,read,measured,,,,,0.6374,,ok,0.3626
11.7573,568,,,0.5367,,,,,,13.244,r0_measured_02617,read,measured,,,,,0.5482,,ok,0.3303
87.0078,675,17.4414,7.3122,0.605,2.4291,1,7.3103,1,30.5697,88.661,r0_measured_02618,update,measured,23.2575,1.6532,1,13.7723,0.6328,22.7953,ok,0.3337
8.4908,419,,,0.2679,,,,,,9.7486,r0_measured_02619,read,measured,,,,,0.5605,,ok,0.3659
12.5359,629,,,0.5311,,,,,,14.1344,r0_measured_02620,read,measured,,,,,0.6509,,ok,0.3415
9.385,419,,,0.2673,,,,,,10.6082,r0_measured_02621,read,measured,,,,,0.5342,,ok,0.3597
12.9431,680,,,0.7168,,,,,,14.9373,r0_measured_02622,read,measured,,,,,0.7967,,ok,0.3936
11.1067,509,,,0.4374,,,,,,12.5521,r0_measured_02623,read,measured,,,,,0.5695,,ok,0.3687
12.2738,629,,,0.5658,,,,,,13.8738,r0_measured_02624,read,measured,,,,,0.5984,,ok,0.3626
10.934,568,,,0.5277,,,,,,12.4851,r0_measured_02625,read,measured,,,,,0.5862,,ok,0.3675
10.5292,509,,,0.4795,,,,,,11.9834,r0_measured_02626,read,measured,,,,,0.5556,,ok,0.3528
11.7749,627,,,0.6291,,,,,,13.634,r0_measured_02627,read,measured,,,,,0.737,,ok,0.4092
13.0524,629,,,0.5712,,,,,,14.7332,r0_measured_02628,read,measured,,,,,0.6383,,ok,0.3884
8.8553,419,,,0.2586,,,,,,10.057,r0_measured_02629,read,measured,,,,,0.5329,,ok,0.3335
11.5968,663,,,0.6393,,,,,,13.2853,r0_measured_02630,read,measured,,,,,0.6115,,ok,0.3679
13.1762,663,,,0.5656,,,,,,14.8096,r0_measured_02631,read,measured,,,,,0.631,,ok,0.359
12.8328,679,,,0.6364,,,,,,14.7547,r0_measured_02632,read,measured,,,,,0.7751,,ok,0.4317
9.25,369,,,0.3008,,,,,,10.5059,r0_measured_02633,read,measured,,,,,0.5264,,ok,0.3608
8.5429,369,,,0.232,,,,,,9.6751,r0_measured_02634,read,measured,,,,,0.5011,,ok,0.341
12.5124,681,,,0.5102,,,,,,14.0293,r0_measured_02635,read,measured,,,,,0.6132,,ok,0.3255
11.5065,566,,,0.4687,,,,,,12.9752,r0_measured_02636,read,measured,,,,,0.6051,,ok,0.322
13.9127,628,,,0.5864,,,,,,15.538,r0_measured_02637,read,measured,,,,,0.6179,,ok,0.3513
13.6274,689,,,0.67,,,,,,15.8629,r0_measured_02638,read,measured,,,,,0.7041,,ok,0.6765
13.2514,663,,,0.6553,,,,,,15.1657,r0_measured_02639,read,measured,,,,,0.6107,,ok,0.5658
13.1924,680,,,0.6161,,,,,,15.0798,r0_measured_02640,read,measured,,,,,0.8332,,ok,0.3346
66.3789,418,10.484,6.829,0.3176,1.6603,1,6.8272,1,21.4003,67.8172,r0_measured_02641,update,measured,14.5713,1.4383,1,14.7654,0.586,18.0689,ok,0.4548
12.838,680,,,0.6273,,,,,,14.5238,r0_measured_02642,read,measured,,,,,0.6614,,ok,0.3266
12.0945,629,,,0.619,,,,,,13.9261,r0_measured_02643,read,measured,,,,,0.7508,,ok,0.3819
14.5869,675,,,0.5448,,,,,,16.1805,r0_measured_02644,read,measured,,,,,0.6291,,ok,0.3449
13.1067,689,,,0.7787,,,,,,15.3101,r0_measured_02645,read,measured,,,,,0.8474,,ok,0.4879
16.2399,689,,,0.6141,,,,,,18.1791,r0_measured_02646,read,measured,,,,,0.7481,,ok,0.4767
12.3511,663,,,0.5982,,,,,,13.9985,r0_measured_02647,read,measured,,,,,0.6457,,ok,0.3373
11.8877,629,,,0.5029,,,,,,13.4487,r0_measured_02648,read,measured,,,,,0.5897,,ok,0.3809
12.2799,679,,,0.5888,,,,,,14.0918,r0_measured_02649,read,measured,,,,,0.7263,,ok,0.4156
13.0514,628,,,0.5373,,,,,,14.7405,r0_measured_02650,read,measured,,,,,0.6986,,ok,0.3684
8.7576,418,,,0.2883,,,,,,9.9973,r0_measured_02651,read,measured,,,,,0.5024,,ok,0.3945
65.2205,507,11.6963,5.4728,0.5262,2.0191,0,5.4713,1,19.7668,67.0368,r0_measured_02652,update,measured,14.294,1.8163,1,13.2095,0.6271,18.5288,ok,0.561
13.0442,681,,,0.5109,,,,,,14.5253,r0_measured_02653,read,measured,,,,,0.5803,,ok,0.3202
12.527,675,,,0.5284,,,,,,14.1128,r0_measured_02654,read,measured,,,,,0.6516,,ok,0.3303
15.0034,628,,,0.6178,,,,,,17.1104,r0_measured_02655,read,measured,,,,,0.9078,,ok,0.4922
15.0576,662,,,0.6065,,,,,,16.793,r0_measured_02656,read,measured,,,,,0.6817,,ok,0.3664
11.7913,627,,,0.4687,,,,,,13.2004,r0_measured_02657,read,measured,,,,,0.5482,,ok,0.327
10.5718,628,,,0.5173,,,,,,12.0839,r0_measured_02658,read,measured,,,,,0.5865,,ok,0.3421
12.6225,680,,,0.6072,,,,,,14.3352,r0_measured_02659,read,measured,,,,,0.664,,ok,0.3624
10.1514,508,,,0.4749,,,,,,11.7464,r0_measured_02660,read,measured,,,,,0.6635,,ok,0.3885
12.1914,663,,,0.6132,,,,,,14.0974,r0_measured_02661,read,measured,,,,,0.796,,ok,0.4093
13.4399,663,,,0.5048,,,,,,15.0085,r0_measured_02662,read,measured,,,,,0.6366,,ok,0.355
9.7132,419,,,0.2473,,,,,,10.8624,r0_measured_02663,read,measured,,,,,0.4947,,ok,0.3553
10.8861,508,,,0.5322,,,,,,12.4761,r0_measured_02664,read,measured,,,,,0.5862,,ok,0.3953
12.2677,680,,,0.5197,,,,,,13.8171,r0_measured_02665,read,measured,,,,,0.6278,,ok,0.3302
11.0361,627,,,0.649,,,,,,12.8185,r0_measured_02666,read,measured,,,,,0.6384,,ok,0.3956
8.9271,419,,,0.253,,,,,,10.0855,r0_measured_02667,read,measured,,,,,0.5009,,ok,0.2987
7.4126,418,,,0.2562,,,,,,8.5001,r0_measured_02668,read,measured,,,,,0.4125,,ok,0.3546
7.7089,418,,,0.5748,,,,,,9.8925,r0_measured_02669,read,measured,,,,,0.7112,,ok,0.8377
14.0757,688,,,0.5732,,,,,,15.8616,r0_measured_02670,read,measured,,,,,0.7852,,ok,0.3504
14.9477,689,,,0.675,,,,,,16.9282,r0_measured_02671,read,measured,,,,,0.7744,,ok,0.4426
14.8966,675,,,0.5922,,,,,,16.7261,r0_measured_02672,read,measured,,,,,0.7863,,ok,0.3689
14.4773,681,,,0.5791,,,,,,16.112,r0_measured_02673,read,measured,,,,,0.6328,,ok,0.3425
87.8069,662,13.0618,6.1166,0.5587,3.4752,1,6.1136,1,20.0465,89.4815,r0_measured_02674,update,measured,13.9299,1.6746,1,26.1838,0.6733,25.0396,ok,0.3724
8.6624,367,,,0.2549,,,,,,9.7816,r0_measured_02675,read,measured,,,,,0.4515,,ok,0.3602
13.7385,680,,,0.5728,,,,,,15.4084,r0_measured_02676,read,measured,,,,,0.6533,,ok,0.3614
13.1831,568,,,0.6431,,,,,,15.1103,r0_measured_02677,read,measured,,,,,0.7419,,ok,0.4545
87.8249,679,15.6123,11.4437,0.6742,2.8699,1,11.4411,1,32.617,89.6798,r0_measured_02678,update,measured,21.1733,1.8549,1,13.2396,0.7191,23.4861,ok,0.3794
14.1097,689,,,0.632,,,,,,15.986,r0_measured_02679,read,measured,,,,,0.7632,,ok,0.3935
8.9667,368,,,0.26,,,,,,10.1625,r0_measured_02680,read,measured,,,,,0.5105,,ok,0.367
14.5091,679,,,0.6306,,,,,,16.213,r0_measured_02681,read,measured,,,,,0.6384,,ok,0.3574
12.1875,508,,,0.4814,,,,,,13.6442,r0_measured_02682,read,measured,,,,,0.5718,,ok,0.3347
13.7461,675,,,0.5762,,,,,,15.5027,r0_measured_02683,read,measured,,,,,0.6706,,ok,0.3894
73.0262,568,12.499,7.6935,0.556,2.2904,0,7.691,1,24.6319,74.5247,r0_measured_02684,update,measured,16.9384,1.4985,1,12.2929,0.5612,21.312,ok,0.322
8.7109,419,,,0.2621,,,,,,9.8506,r0_measured_02685,read,measured,,,,,0.4853,,ok,0.3288
8.3601,419,,,0.2564,,,,,,9.6379,r0_measured_02686,read,measured,,,,,0.574,,ok,0.3899
13.2907,689,,,0.5269,,,,,,15.0099,r0_measured_02687,read,measured,,,,,0.6024,,ok,0.4457
80.513,678,13.173,7.2684,0.4938,2.4422,1,7.258,1,27.139,82.1582,r0_measured_02688,update,measured,19.8706,1.6452,1,13.2704,0.7422,24.4884,ok,0.3355
11.8858,674,,,0.5146,,,,,,13.4801,r0_measured_02689,read,measured,,,,,0.6229,,ok,0.3841
12.634,629,,,0.5675,,,,,,14.225,r0_measured_02690,read,measured,,,,,0.6413,,ok,0.3093
10.4587,568,,,0.4786,,,,,,11.8286,r0_measured_02691,read,measured,,,,,0.5238,,ok,0.3067
17.8465,568,,,0.5815,,,,,,19.4434,r0_measured_02692,read,measured,,,,,0.5936,,ok,0.348
12.4792,680,,,0.4865,,,,,,13.953,r0_measured_02693,read,measured,,,,,0.5951,,ok,0.3235
15.8485,680,,,0.8005,,,,,,18.2051,r0_measured_02694,read,measured,,,,,0.8607,,ok,0.5902
15.9692,675,,,0.5451,,,,,,17.5588,r0_measured_02695,read,measured,,,,,0.6157,,ok,0.3534
77.3756,663,12.6831,5.8338,0.8906,2.2736,0,5.8321,1,23.0964,80.1276,r0_measured_02696,update,measured,17.2626,2.752,1,11.7001,1.1503,27.6224,ok,0.5793
15.2466,566,,,0.6903,,,,,,17.1108,r0_measured_02697,read,measured,,,,,0.7464,,ok,0.3538
17.7562,680,,,0.6416,,,,,,19.557,r0_measured_02698,read,measured,,,,,0.6575,,ok,0.4164
13.234,368,,,0.236,,,,,,14.3437,r0_measured_02699,read,measured,,,,,0.4644,,ok,0.3566
17.5305,681,,,0.6023,,,,,,19.1462,r0_measured_02700,read,measured,,,,,0.594,,ok,0.3444
17.6086,663,,,0.681,,,,,,19.8954,r0_measured_02701,read,measured,,,,,0.7972,,ok,0.7078
13.722,419,,,0.3196,,,,,,15.1453,r0_measured_02702,read,measured,,,,,0.6135,,ok,0.4202
82.9474,566,10.9076,6.7877,0.4979,1.8958,0,6.785,1,22.8784,84.3238,r0_measured_02703,update,measured,16.0907,1.3764,1,26.9102,0.502,20.3554,ok,0.3199
14.1001,627,,,0.5424,,,,,,15.7263,r0_measured_02704,read,measured,,,,,0.6551,,ok,0.3522
15.8711,675,,,1.0106,,,,,,18.3869,r0_measured_02705,read,measured,,,,,0.8975,,ok,0.508
15.236,663,,,0.613,,,,,,17.069,r0_measured_02706,read,measured,,,,,0.7168,,ok,0.4142
13.663,675,,,0.5171,,,,,,15.2948,r0_measured_02707,read,measured,,,,,0.712,,ok,0.3371
11.0169,627,,,0.5536,,,,,,12.669,r0_measured_02708,read,measured,,,,,0.6961,,ok,0.3237
12.8487,681,,,0.5512,,,,,,14.628,r0_measured_02709,read,measured,,,,,0.7618,,ok,0.3939
11.4999,566,,,0.6079,,,,,,13.0939,r0_measured_02710,read,measured,,,,,0.5556,,ok,0.3662
8.6068,418,,,0.2855,,,,,,9.7776,r0_measured_02711,read,measured,,,,,0.5012,,ok,0.3246
8.2465,419,,,0.2587,,,,,,9.3087,r0_measured_02712,read,measured,,,,,0.4444,,ok,0.3097
12.6067,674,,,0.543,,,,,,14.2686,r0_measured_02713,read,measured,,,,,0.6961,,ok,0.3481
14.7853,688,,,0.729,,,,,,16.9093,r0_measured_02714,read,measured,,,,,0.876,,ok,0.4284
10.829,419,,,0.2951,,,,,,12.1898,r0_measured_02715,read,measured,,,,,0.5785,,ok,0.4138
13.3238,662,,,0.5111,,,,,,14.972,r0_measured_02716,read,measured,,,,,0.6726,,ok,0.3855
11.9824,674,,,0.5394,,,,,,13.5963,r0_measured_02717,read,measured,,,,,0.6291,,ok,0.3746
14.72,680,,,0.6186,,,,,,16.4627,r0_measured_02718,read,measured,,,,,0.6604,,ok,0.3808
13.225,680,,,0.4973,,,,,,14.6831,r0_measured_02719,read,measured,,,,,0.5849,,ok,0.3127
12.6742,627,,,0.6599,,,,,,14.7053,r0_measured_02720,read,measured,,,,,0.8271,,ok,0.4501
16.3365,663,,,0.5149,,,,,,17.8807,r0_measured_02721,read,measured,,,,,0.6211,,ok,0.3366
9.788,507,,,0.6173,,,,,,11.5418,r0_measured_02722,read,measured,,,,,0.6435,,ok,0.419
14.0084,680,,,0.609,,,,,,15.6995,r0_measured_02723,read,measured,,,,,0.6519,,ok,0.35
19.8089,688,,,0.665,,,,,,21.6925,r0_measured_02724,read,measured,,,,,0.7412,,ok,0.3824
17.316,680,,,0.6087,,,,,,19.1669,r0_measured_02725,read,measured,,,,,0.687,,ok,0.4637
14.8074,689,,,0.6768,,,,,,16.5595,r0_measured_02726,read,measured,,,,,0.6257,,ok,0.3659
10.6119,418,,,0.2922,,,,,,11.9534,r0_measured_02727,read,measured,,,,,0.5675,,ok,0.4158
88.1733,565,13.8163,6.2405,0.5871,2.1392,1,6.2388,1,27.6504,89.8904,r0_measured_02728,update,measured,21.4099,1.7171,1,16.9921,0.6929,27.5753,ok,0.3627
14.2958,681,,,0.5573,,,,,,16.0116,r0_measured_02729,read,measured,,,,,0.669,,ok,0.4069
13.9173,689,,,0.5845,,,,,,15.6537,r0_measured_02730,read,measured,,,,,0.7175,,ok,0.3511
8.9449,419,,,0.2515,,,,,,10.024,r0_measured_02731,read,measured,,,,,0.426,,ok,0.345
11.6993,629,,,0.519,,,,,,13.241,r0_measured_02732,read,measured,,,,,0.6031,,ok,0.353
7.9264,369,,,0.2283,,,,,,9.017,r0_measured_02733,read,measured,,,,,0.4978,,ok,0.3096
13.2221,675,,,0.8753,,,,,,15.3189,r0_measured_02734,read,measured,,,,,0.7503,,ok,0.3899
9.0451,418,,,0.2547,,,,,,10.1834,r0_measured_02735,read,measured,,,,,0.4872,,ok,0.3427
11.2164,568,,,0.5873,,,,,,12.7959,r0_measured_02736,read,measured,,,,,0.6,,ok,0.3241
12.689,662,,,0.4721,,,,,,14.3365,r0_measured_02737,read,measured,,,,,0.7732,,ok,0.3354
12.4437,629,,,0.5826,,,,,,14.2915,r0_measured_02738,read,measured,,,,,0.7513,,ok,0.4296
14.5621,663,,,0.6115,,,,,,16.2461,r0_measured_02739,read,measured,,,,,0.6507,,ok,0.3454
13.4641,681,,,0.852,,,,,,15.5174,r0_measured_02740,read,measured,,,,,0.6965,,ok,0.413
9.5597,418,,,0.355,,,,,,10.8893,r0_measured_02741,read,measured,,,,,0.5796,,ok,0.3367
8.7501,419,,,0.3568,,,,,,10.2645,r0_measured_02742,read,measured,,,,,0.6167,,ok,0.4593
9.534,419,,,0.3588,,,,,,10.907,r0_measured_02743,read,measured,,,,,0.5755,,ok,0.3684
12.3129,657,,,0.5568,,,,,,13.8809,r0_measured_02744,read,measured,,,,,0.6296,,ok,0.3136
11.1374,566,,,0.6054,,,,,,12.8811,r0_measured_02745,read,measured,,,,,0.6499,,ok,0.4169
13.3943,629,,,0.768,,,,,,15.4999,r0_measured_02746,read,measured,,,,,0.7746,,ok,0.4804
10.0004,507,,,0.5488,,,,,,11.5474,r0_measured_02747,read,measured,,,,,0.5828,,ok,0.3579
11.7928,628,,,0.5848,,,,,,13.4997,r0_measured_02748,read,measured,,,,,0.7126,,ok,0.3342
8.2826,419,,,0.3312,,,,,,9.8961,r0_measured_02749,read,measured,,,,,0.8066,,ok,0.4116
79.9653,675,13.4933,6.9525,0.544,3.0865,1,6.95,1,26.564,81.6758,r0_measured_02750,update,measured,19.6115,1.7105,1,13.5003,0.6699,23.3212,ok,0.4022
12.7846,680,,,0.5608,,,,,,14.3789,r0_measured_02751,read,measured,,,,,0.6301,,ok,0.3327
12.5823,680,,,0.4922,,,,,,14.1275,r0_measured_02752,read,measured,,,,,0.6501,,ok,0.3395
10.3459,568,,,0.5494,,,,,,11.9253,r0_measured_02753,read,measured,,,,,0.6051,,ok,0.3515
12.1301,680,,,0.6745,,,,,,14.0646,r0_measured_02754,read,measured,,,,,0.6665,,ok,0.5056
14.5662,679,,,0.5704,,,,,,16.434,r0_measured_02755,read,measured,,,,,0.8035,,ok,0.4139
12.9635,679,,,0.4674,,,,,,14.4732,r0_measured_02756,read,measured,,,,,0.6054,,ok,0.3053
11.4532,680,,,0.5389,,,,,,12.934,r0_measured_02757,read,measured,,,,,0.5595,,ok,0.3231
12.0087,568,,,0.564,,,,,,13.619,r0_measured_02758,read,measured,,,,,0.605,,ok,0.365
13.6096,681,,,0.6076,,,,,,15.3754,r0_measured_02759,read,measured,,,,,0.701,,ok,0.3818
13.85,681,,,0.5883,,,,,,15.6095,r0_measured_02760,read,measured,,,,,0.712,,ok,0.3817
12.3936,663,,,0.5713,,,,,,14.0018,r0_measured_02761,read,measured,,,,,0.5593,,ok,0.3961
9.4114,369,,,0.2433,,,,,,10.6172,r0_measured_02762,read,measured,,,,,0.5361,,ok,0.3678
14.106,663,,,0.5568,,,,,,15.8495,r0_measured_02763,read,measured,,,,,0.7157,,ok,0.3915
15.7766,686,,,0.5912,,,,,,17.3986,r0_measured_02764,read,measured,,,,,0.5987,,ok,0.3572
12.7762,629,,,0.5956,,,,,,14.8058,r0_measured_02765,read,measured,,,,,0.8251,,ok,0.4635
12.9034,663,,,0.5365,,,,,,14.4944,r0_measured_02766,read,measured,,,,,0.6457,,ok,0.3453
11.745,628,,,0.5235,,,,,,13.2991,r0_measured_02767,read,measured,,,,,0.6262,,ok,0.3289
14.9819,663,,,0.7257,,,,,,17.0217,r0_measured_02768,read,measured,,,,,0.7419,,ok,0.465
15.8449,674,,,0.5662,,,,,,17.6737,r0_measured_02769,read,measured,,,,,0.8273,,ok,0.3583
13.0668,675,,,0.4674,,,,,,14.698,r0_measured_02770,read,measured,,,,,0.7247,,ok,0.3694
13.2404,680,,,0.666,,,,,,15.1472,r0_measured_02771,read,measured,,,,,0.7149,,ok,0.4357
12.8932,680,,,0.4442,,,,,,14.3804,r0_measured_02772,read,measured,,,,,0.6202,,ok,0.3517
12.1174,678,,,0.6118,,,,,,13.7955,r0_measured_02773,read,measured,,,,,0.6579,,ok,0.3354
12.6158,629,,,0.569,,,,,,14.619,r0_measured_02774,read,measured,,,,,0.9018,,ok,0.4456
13.5833,629,,,0.6268,,,,,,15.2638,r0_measured_02775,read,measured,,,,,0.5664,,ok,0.4167
10.0384,508,,,0.4191,,,,,,11.4518,r0_measured_02776,read,measured,,,,,0.6008,,ok,0.3323
11.6604,629,,,0.5556,,,,,,13.2905,r0_measured_02777,read,measured,,,,,0.6627,,ok,0.3453
9.9812,509,,,0.5664,,,,,,11.5172,r0_measured_02778,read,measured,,,,,0.5385,,ok,0.3678
9.9056,368,,,0.2392,,,,,,11.0171,r0_measured_02779,read,measured,,,,,0.5105,,ok,0.308
12.1255,676,,,0.4866,,,,,,13.6803,r0_measured_02780,read,measured,,,,,0.6905,,ok,0.3137
9.9652,565,,,0.4909,,,,,,11.435,r0_measured_02781,read,measured,,,,,0.5834,,ok,0.3255
16.6663,629,,,0.7474,,,,,,18.6961,r0_measured_02782,read,measured,,,,,0.7174,,ok,0.4701
15.5655,680,,,0.6587,,,,,,17.4749,r0_measured_02783,read,measured,,,,,0.8032,,ok,0.3626
13.0219,681,,,0.5181,,,,,,14.5972,r0_measured_02784,read,measured,,,,,0.6253,,ok,0.3597
8.5404,419,,,0.2452,,,,,,9.6359,r0_measured_02785,read,measured,,,,,0.4851,,ok,0.3157
78.9134,508,11.3713,6.5202,0.4882,1.812,1,6.5178,1,34.6993,80.5578,r0_measured_02786,update,measured,28.1791,1.6444,1,14.5994,0.7085,16.4314,ok,0.3776
13.928,681,,,0.534,,,,,,15.5707,r0_measured_02787,read,measured,,,,,0.6717,,ok,0.3653
11.0253,509,,,0.5329,,,,,,12.7309,r0_measured_02788,read,measured,,,,,0.7028,,ok,0.393
13.7389,675,,,0.5583,,,,,,15.4371,r0_measured_02789,read,measured,,,,,0.6861,,ok,0.3771
13.0406,686,,,0.5469,,,,,,14.7761,r0_measured_02790,read,measured,,,,,0.7708,,ok,0.3358
12.2006,679,,,0.5847,,,,,,13.9034,r0_measured_02791,read,measured,,,,,0.6904,,ok,0.3559
13.2407,678,,,0.4782,,,,,,14.7303,r0_measured_02792,read,measured,,,,,0.5898,,ok,0.3328
13.1143,678,,,0.5957,,,,,,14.8171,r0_measured_02793,read,measured,,,,,0.7102,,ok,0.3278
10.695,509,,,0.4789,,,,,,12.1935,r0_measured_02794,read,measured,,,,,0.5933,,ok,0.3653
14.3098,663,,,0.5635,,,,,,16.0201,r0_measured_02795,read,measured,,,,,0.6889,,ok,0.3805
11.3451,509,,,0.518,,,,,,12.7916,r0_measured_02796,read,measured,,,,,0.5353,,ok,0.3309
70.7457,419,9.8794,7.7658,0.2621,1.5659,1,7.7639,1,29.1998,71.9347,r0_measured_02797,update,measured,21.434,1.189,1,13.892,0.5171,16.2086,ok,0.3553
13.2741,629,,,0.5837,,,,,,15.0219,r0_measured_02798,read,measured,,,,,0.7027,,ok,0.3834
11.2964,509,,,0.491,,,,,,12.8377,r0_measured_02799,read,measured,,,,,0.5458,,ok,0.4316
11.0394,568,,,0.8189,,,,,,12.9135,r0_measured_02800,read,measured,,,,,0.613,,ok,0.3745
13.6008,568,,,0.6566,,,,,,15.6,r0_measured_02801,read,measured,,,,,0.7773,,ok,0.4306
14.7307,674,,,0.5732,,,,,,16.5081,r0_measured_02802,read,measured,,,,,0.6741,,ok,0.4516
11.9308,565,,,0.5018,,,,,,13.4978,r0_measured_02803,read,measured,,,,,0.6609,,ok,0.3312
12.0931,675,,,0.5158,,,,,,13.5288,r0_measured_02804,read,measured,,,,,0.5692,,ok,0.2899
12.3936,675,,,0.616,,,,,,14.1832,r0_measured_02805,read,measured,,,,,0.7453,,ok,0.348
13.1546,689,,,0.5773,,,,,,14.8037,r0_measured_02806,read,measured,,,,,0.6402,,ok,0.3558
12.6445,663,,,0.611,,,,,,14.4489,r0_measured_02807,read,measured,,,,,0.7036,,ok,0.4084
9.048,419,,,0.2744,,,,,,10.2541,r0_measured_02808,read,measured,,,,,0.5341,,ok,0.3359
11.6563,681,,,0.5324,,,,,,13.1337,r0_measured_02809,read,measured,,,,,0.5346,,ok,0.3388
12.4729,663,,,0.5764,,,,,,14.2043,r0_measured_02810,read,measured,,,,,0.7098,,ok,0.3713
17.9983,680,,,0.6988,,,,,,20.0157,r0_measured_02811,read,measured,,,,,0.8325,,ok,0.4096
13.7047,679,,,0.6399,,,,,,15.4928,r0_measured_02812,read,measured,,,,,0.7132,,ok,0.3553
13.3467,662,,,0.5232,,,,,,14.8943,r0_measured_02813,read,measured,,,,,0.6187,,ok,0.337
69.077,566,10.94,5.2494,0.454,1.8219,0,5.2479,1,23.8977,70.4303,r0_measured_02814,update,measured,18.6483,1.3533,1,11.3499,0.5333,21.0675,ok,0.3092
14.8145,662,,,0.6867,,,,,,17.0197,r0_measured_02815,read,measured,,,,,0.7831,,ok,0.6114
14.9168,686,,,0.5744,,,,,,16.6044,r0_measured_02816,read,measured,,,,,0.6488,,ok,0.3891
12.3214,689,,,0.4813,,,,,,13.8478,r0_measured_02817,read,measured,,,,,0.6462,,ok,0.3243
8.8664,368,,,0.2493,,,,,,10.0297,r0_measured_02818,read,measured,,,,,0.4953,,ok,0.3636
12.0348,629,,,0.6759,,,,,,13.9469,r0_measured_02819,read,measured,,,,,0.7897,,ok,0.3696
12.8204,629,,,0.6581,,,,,,14.6924,r0_measured_02820,read,measured,,,,,0.6989,,ok,0.4306
10.8348,508,,,0.5228,,,,,,12.3747,r0_measured_02821,read,measured,,,,,0.5413,,ok,0.4031
12.5523,688,,,0.5155,,,,,,14.0997,r0_measured_02822,read,measured,,,,,0.6093,,ok,0.3436
9.3532,419,,,0.4455,,,,,,10.9921,r0_measured_02823,read,measured,,,,,0.6304,,ok,0.4796
14.6378,679,,,0.6065,,,,,,16.5125,r0_measured_02824,read,measured,,,,,0.7822,,ok,0.4022
12.2492,568,,,0.4625,,,,,,13.7751,r0_measured_02825,read,measured,,,,,0.6395,,ok,0.355
11.4197,629,,,0.5183,,,,,,13.0448,r0_measured_02826,read,measured,,,,,0.6604,,ok,0.3632
11.2592,566,,,0.5257,,,,,,12.7778,r0_measured_02827,read,measured,,,,,0.5902,,ok,0.3338
11.5351,627,,,0.6053,,,,,,13.4044,r0_measured_02828,read,measured,,,,,0.7479,,ok,0.4297
13.5997,662,,,0.7078,,,,,,15.6135,r0_measured_02829,read,measured,,,,,0.812,,ok,0.3979
13.5517,681,,,0.5866,,,,,,15.2952,r0_measured_02830,read,measured,,,,,0.7097,,ok,0.3707
13.0257,674,,,0.5638,,,,,,14.7532,r0_measured_02831,read,measured,,,,,0.6873,,ok,0.4023
10.1703,509,,,0.4428,,,,,,11.6354,r0_measured_02832,read,measured,,,,,0.5788,,ok,0.3793
11.5309,663,,,0.4322,,,,,,12.8624,r0_measured_02833,read,measured,,,,,0.535,,ok,0.3075
13.9278,675,,,0.6056,,,,,,15.9608,r0_measured_02834,read,measured,,,,,0.7411,,ok,0.5925
13.8274,689,,,0.6218,,,,,,15.5324,r0_measured_02835,read,measured,,,,,0.6183,,ok,0.3888
14.2632,679,,,0.5808,,,,,,16.0084,r0_measured_02836,read,measured,,,,,0.7183,,ok,0.3604
15.8506,675,,,0.8745,,,,,,17.9683,r0_measured_02837,read,measured,,,,,0.744,,ok,0.4109
17.1553,675,,,0.5297,,,,,,18.8627,r0_measured_02838,read,measured,,,,,0.7405,,ok,0.3544
15.9908,568,,,0.5856,,,,,,17.8393,r0_measured_02839,read,measured,,,,,0.7127,,ok,0.4696
12.4125,508,,,0.536,,,,,,14.1422,r0_measured_02840,read,measured,,,,,0.7221,,ok,0.3992
15.8131,663,,,0.6991,,,,,,17.7607,r0_measured_02841,read,measured,,,,,0.7447,,ok,0.4155
15.9098,509,,,0.5541,,,,,,17.5083,r0_measured_02842,read,measured,,,,,0.6287,,ok,0.3461
10.4238,419,,,0.258,,,,,,11.5831,r0_measured_02843,read,measured,,,,,0.5035,,ok,0.3455
13.1757,680,,,0.6537,,,,,,14.8851,r0_measured_02844,read,measured,,,,,0.6332,,ok,0.3421
10.0871,508,,,0.4866,,,,,,11.5128,r0_measured_02845,read,measured,,,,,0.5443,,ok,0.3285
11.0507,629,,,0.5161,,,,,,12.4886,r0_measured_02846,read,measured,,,,,0.5474,,ok,0.3107
11.7924,675,,,0.473,,,,,,13.2522,r0_measured_02847,read,measured,,,,,0.6116,,ok,0.3045
12.5243,678,,,0.5363,,,,,,14.1559,r0_measured_02848,read,measured,,,,,0.6536,,ok,0.3667
8.6706,418,,,0.2639,,,,,,9.7895,r0_measured_02849,read,measured,,,,,0.4874,,ok,0.316
8.8173,419,,,0.2629,,,,,,9.9185,r0_measured_02850,read,measured,,,,,0.4672,,ok,0.3124
7.3749,369,,,0.21,,,,,,8.3997,r0_measured_02851,read,measured,,,,,0.4475,,ok,0.3181
13.8672,681,,,0.8435,,,,,,15.9963,r0_measured_02852,read,measured,,,,,0.7416,,ok,0.4575
14.0,689,,,0.7212,,,,,,15.8304,r0_measured_02853,read,measured,,,,,0.6312,,ok,0.3957
13.1319,680,,,0.6508,,,,,,14.9393,r0_measured_02854,read,measured,,,,,0.6465,,ok,0.4312
8.6021,368,,,0.2595,,,,,,9.8577,r0_measured_02855,read,measured,,,,,0.5477,,ok,0.3842
11.1023,508,,,0.5009,,,,,,12.6618,r0_measured_02856,read,measured,,,,,0.5986,,ok,0.3906
11.4785,568,,,0.483,,,,,,12.9543,r0_measured_02857,read,measured,,,,,0.5756,,ok,0.3554
12.8912,628,,,0.5686,,,,,,14.4648,r0_measured_02858,read,measured,,,,,0.5749,,ok,0.3535
14.8044,681,,,0.5314,,,,,,16.3853,r0_measured_02859,read,measured,,,,,0.6429,,ok,0.3365
15.4702,679,,,0.523,,,,,,17.1768,r0_measured_02860,read,measured,,,,,0.7339,,ok,0.3702
12.6695,674,,,0.5048,,,,,,14.199,r0_measured_02861,read,measured,,,,,0.6102,,ok,0.3421
9.8943,419,,,0.3387,,,,,,11.3886,r0_measured_02862,read,measured,,,,,0.647,,ok,0.4291
14.2009,681,,,0.582,,,,,,15.8103,r0_measured_02863,read,measured,,,,,0.5988,,ok,0.3525
10.3995,509,,,0.506,,,,,,12.1816,r0_measured_02864,read,measured,,,,,0.8141,,ok,0.3812
13.494,681,,,0.5477,,,,,,15.0875,r0_measured_02865,read,measured,,,,,0.5956,,ok,0.3774
10.3258,419,,,0.355,,,,,,11.8356,r0_measured_02866,read,measured,,,,,0.6733,,ok,0.4152
9.9489,368,,,0.2875,,,,,,11.3435,r0_measured_02867,read,measured,,,,,0.6415,,ok,0.3946
15.3084,674,,,0.5595,,,,,,16.8194,r0_measured_02868,read,measured,,,,,0.5668,,ok,0.3214
11.0332,565,,,0.917,,,,,,13.6726,r0_measured_02869,read,measured,,,,,1.0469,,ok,0.5526
12.8182,419,,,0.3369,,,,,,14.2219,r0_measured_02870,read,measured,,,,,0.5815,,ok,0.4131
13.2689,568,,,0.5771,,,,,,14.8496,r0_measured_02871,read,measured,,,,,0.5733,,ok,0.3609
14.9894,689,,,0.5275,,,,,,16.582,r0_measured_02872,read,measured,,,,,0.6254,,ok,0.368
11.9132,567,,,0.5999,,,,,,13.607,r0_measured_02873,read,measured,,,,,0.6375,,ok,0.383
13.8813,627,,,0.5376,,,,,,15.6062,r0_measured_02874,read,measured,,,,,0.7143,,ok,0.3854
15.7656,688,,,0.723,,,,,,17.6749,r0_measured_02875,read,measured,,,,,0.7017,,ok,0.3995
17.9681,680,,,0.6996,,,,,,19.8347,r0_measured_02876,read,measured,,,,,0.6944,,ok,0.387
9.289,368,,,0.2359,,,,,,10.4369,r0_measured_02877,read,measured,,,,,0.5121,,ok,0.3449
13.7642,681,,,0.6683,,,,,,15.7011,r0_measured_02878,read,measured,,,,,0.7718,,ok,0.4118
14.5908,679,,,0.612,,,,,,16.4042,r0_measured_02879,read,measured,,,,,0.7173,,ok,0.3986
17.8129,679,,,0.5839,,,,,,21.4906,r0_measured_02880,read,measured,,,,,2.6554,,ok,0.355
8.3954,419,,,0.2699,,,,,,9.6523,r0_measured_02881,read,measured,,,,,0.6192,,ok,0.3111
75.1505,681,13.5449,7.1599,0.5467,2.347,0,7.1582,1,24.5269,76.7829,r0_measured_02882,update,measured,17.367,1.6324,1,13.7119,0.6897,21.0198,ok,0.3288
16.0693,628,,,0.5483,,,,,,17.6107,r0_measured_02883,read,measured,,,,,0.5934,,ok,0.3293
10.2878,566,,,0.5712,,,,,,11.9171,r0_measured_02884,read,measured,,,,,0.6058,,ok,0.3848
13.2275,675,,,0.5624,,,,,,15.0801,r0_measured_02885,read,measured,,,,,0.8233,,ok,0.3859
14.0446,686,,,0.5849,,,,,,15.7271,r0_measured_02886,read,measured,,,,,0.6714,,ok,0.3541
12.6682,680,,,0.5814,,,,,,14.3046,r0_measured_02887,read,measured,,,,,0.6111,,ok,0.3432
8.2432,419,,,0.2464,,,,,,9.3127,r0_measured_02888,read,measured,,,,,0.4671,,ok,0.3026
8.9826,509,,,0.4951,,,,,,10.5117,r0_measured_02889,read,measured,,,,,0.5425,,ok,0.4279
13.4979,689,,,0.6951,,,,,,15.5201,r0_measured_02890,read,measured,,,,,0.7901,,ok,0.4402
16.0065,629,,,0.594,,,,,,17.6766,r0_measured_02891,read,measured,,,,,0.6611,,ok,0.346
11.8611,660,,,0.5441,,,,,,13.4002,r0_measured_02892,read,measured,,,,,0.5925,,ok,0.3279
9.5755,509,,,0.4402,,,,,,10.9382,r0_measured_02893,read,measured,,,,,0.5586,,ok,0.3065
11.5836,689,,,0.4944,,,,,,13.0606,r0_measured_02894,read,measured,,,,,0.547,,ok,0.3636
12.663,629,,,0.5239,,,,,,14.411,r0_measured_02895,read,measured,,,,,0.7571,,ok,0.3828
13.107,663,,,0.6115,,,,,,14.9151,r0_measured_02896,read,measured,,,,,0.6984,,ok,0.4147
14.5386,678,,,0.5773,,,,,,16.2861,r0_measured_02897,read,measured,,,,,0.7281,,ok,0.3651
12.1027,509,,,0.5353,,,,,,13.7207,r0_measured_02898,read,measured,,,,,0.6049,,ok,0.4057
14.402,628,,,0.6624,,,,,,16.3377,r0_measured_02899,read,measured,,,,,0.7842,,ok,0.4057
87.5526,663,14.2257,7.6994,0.5746,2.6826,1,7.6978,1,28.7497,89.3384,r0_measured_02900,update,measured,21.0503,1.7858,1,16.8103,0.6976,25.0843,ok,0.4236
84.5671,681,22.6151,5.843,0.5227,2.7567,1,5.8413,1,25.5009,86.149,r0_measured_02901,update,measured,19.6579,1.5819,1,11.484,0.6296,22.2104,ok,0.3474
12.7632,369,,,0.2239,,,,,,13.8995,r0_measured_02902,read,measured,,,,,0.5113,,ok,0.3443
13.4731,663,,,0.6414,,,,,,15.2273,r0_measured_02903,read,measured,,,,,0.6268,,ok,0.3941
14.1916,681,,,0.544,,,,,,15.8281,r0_measured_02904,read,measured,,,,,0.6459,,ok,0.3672
12.4154,629,,,0.4863,,,,,,13.9876,r0_measured_02905,read,measured,,,,,0.6803,,ok,0.3353
10.8053,566,,,0.5943,,,,,,12.5062,r0_measured_02906,read,measured,,,,,0.6544,,ok,0.3792
12.6652,663,,,0.8009,,,,,,14.7225,r0_measured_02907,read,measured,,,,,0.7401,,ok,0.4236
14.4882,689,,,0.628,,,,,,16.2701,r0_measured_02908,read,measured,,,,,0.7395,,ok,0.3405
9.0038,509,,,0.5712,,,,,,10.8468,r0_measured_02909,read,measured,,,,,0.6946,,ok,0.4981
12.4115,508,,,0.5146,,,,,,14.1936,r0_measured_02910,read,measured,,,,,0.6975,,ok,0.49
11.6722,567,,,0.4432,,,,,,13.0447,r0_measured_02911,read,measured,,,,,0.5586,,ok,0.3096
12.6456,689,,,0.5753,,,,,,14.4665,r0_measured_02912,read,measured,,,,,0.841,,ok,0.3251
13.1464,689,,,0.6553,,,,,,15.2565,r0_measured_02913,read,measured,,,,,0.813,,ok,0.5327
14.8671,681,,,0.6842,,,,,,16.9193,r0_measured_02914,read,measured,,,,,0.8777,,ok,0.4025
14.4421,680,,,0.596,,,,,,16.2717,r0_measured_02915,read,measured,,,,,0.7002,,ok,0.4521
12.3835,679,,,0.7111,,,,,,14.3974,r0_measured_02916,read,measured,,,,,0.8341,,ok,0.3774
13.1285,688,,,0.5006,,,,,,14.7463,r0_measured_02917,read,measured,,,,,0.6751,,ok,0.32
11.6061,681,,,0.5516,,,,,,13.2131,r0_measured_02918,read,measured,,,,,0.6565,,ok,0.3374
8.774,419,,,0.2546,,,,,,9.9351,r0_measured_02919,read,measured,,,,,0.5334,,ok,0.3162
9.7239,508,,,0.4693,,,,,,11.3126,r0_measured_02920,read,measured,,,,,0.663,,ok,0.3906
12.4475,674,,,0.5773,,,,,,14.0502,r0_measured_02921,read,measured,,,,,0.5956,,ok,0.3538
78.9457,419,17.3318,6.5017,0.2644,1.4361,1,6.4999,1,29.7043,80.129,r0_measured_02922,update,measured,23.2026,1.1833,1,13.6015,0.5026,16.872,ok,0.3531
15.05,566,,,0.4632,,,,,,16.4389,r0_measured_02923,read,measured,,,,,0.5416,,ok,0.3165
13.0203,689,,,0.5815,,,,,,15.6674,r0_measured_02924,read,measured,,,,,1.5985,,ok,0.3879
13.1007,689,,,0.5796,,,,,,14.7804,r0_measured_02925,read,measured,,,,,0.6856,,ok,0.3372
13.4994,688,,,0.5367,,,,,,15.2035,r0_measured_02926,read,measured,,,,,0.7741,,ok,0.3204
15.3602,680,,,0.6735,,,,,,17.4135,r0_measured_02927,read,measured,,,,,0.8348,,ok,0.4555
18.3941,675,,,0.6258,,,,,,20.2127,r0_measured_02928,read,measured,,,,,0.7095,,ok,0.378
10.8107,419,,,0.2632,,,,,,12.0951,r0_measured_02929,read,measured,,,,,0.4917,,ok,0.4625
12.6762,680,,,0.6032,,,,,,14.4458,r0_measured_02930,read,measured,,,,,0.6987,,ok,0.3827
13.185,418,,,0.2809,,,,,,14.5849,r0_measured_02931,read,measured,,,,,0.6746,,ok,0.3819
15.8414,663,,,0.6753,,,,,,17.8474,r0_measured_02932,read,measured,,,,,0.8382,,ok,0.397
10.7306,419,,,0.3378,,,,,,12.0993,r0_measured_02933,read,measured,,,,,0.5439,,ok,0.4145
13.2717,660,,,0.5804,,,,,,14.9019,r0_measured_02934,read,measured,,,,,0.6291,,ok,0.3534
14.406,681,,,0.6034,,,,,,16.0806,r0_measured_02935,read,measured,,,,,0.6396,,ok,0.3532
15.1036,508,,,0.4773,,,,,,16.5494,r0_measured_02936,read,measured,,,,,0.5653,,ok,0.3362
11.3737,509,,,0.5143,,,,,,12.9537,r0_measured_02937,read,measured,,,,,0.631,,ok,0.3618
10.5526,508,,,0.5215,,,,,,12.1142,r0_measured_02938,read,measured,,,,,0.5954,,ok,0.3772
12.2775,568,,,0.6368,,,,,,14.076,r0_measured_02939,read,measured,,,,,0.693,,ok,0.382
8.9024,418,,,0.2336,,,,,,10.0119,r0_measured_02940,read,measured,,,,,0.4624,,ok,0.3572
11.5255,679,,,0.6,,,,,,13.1929,r0_measured_02941,read,measured,,,,,0.6616,,ok,0.3409
7.4716,367,,,0.2813,,,,,,8.7115,r0_measured_02942,read,measured,,,,,0.5403,,ok,0.3531
14.298,680,,,0.6285,,,,,,16.0625,r0_measured_02943,read,measured,,,,,0.6874,,ok,0.3692
12.7798,686,,,0.5223,,,,,,14.6233,r0_measured_02944,read,measured,,,,,0.8594,,ok,0.3802
13.015,688,,,0.635,,,,,,14.8086,r0_measured_02945,read,measured,,,,,0.6516,,ok,0.4219
14.2304,675,,,0.8067,,,,,,16.4278,r0_measured_02946,read,measured,,,,,0.8269,,ok,0.4416
14.7673,679,,,0.6156,,,,,,16.5709,r0_measured_02947,read,measured,,,,,0.7291,,ok,0.3795
76.1443,680,14.7337,6.9513,0.5521,2.2721,1,6.9497,1,23.048,77.7195,r0_measured_02948,update,measured,16.0967,1.5752,1,11.3997,0.6215,24.6908,ok,0.3266
14.4367,688,,,0.6202,,,,,,16.2578,r0_measured_02949,read,measured,,,,,0.709,,ok,0.4028
12.0459,367,,,0.2327,,,,,,13.2313,r0_measured_02950,read,measured,,,,,0.5224,,ok,0.371
13.9936,674,,,0.7568,,,,,,16.0603,r0_measured_02951,read,measured,,,,,0.7506,,ok,0.4695
13.4166,629,,,0.6454,,,,,,15.2529,r0_measured_02952,read,measured,,,,,0.7208,,ok,0.3885
13.684,627,,,0.5967,,,,,,15.5267,r0_measured_02953,read,measured,,,,,0.7593,,ok,0.4013
16.015,678,,,0.6954,,,,,,17.9811,r0_measured_02954,read,measured,,,,,0.735,,ok,0.4435
13.6377,629,,,0.6905,,,,,,15.5312,r0_measured_02955,read,measured,,,,,0.7106,,ok,0.4043
15.1635,688,,,0.6275,,,,,,16.9807,r0_measured_02956,read,measured,,,,,0.7014,,ok,0.3801
14.5569,680,,,0.754,,,,,,16.6059,r0_measured_02957,read,measured,,,,,0.7748,,ok,0.4259
13.0975,567,,,0.534,,,,,,14.7281,r0_measured_02958,read,measured,,,,,0.6543,,ok,0.3696
9.7974,508,,,0.4273,,,,,,11.1656,r0_measured_02959,read,measured,,,,,0.5445,,ok,0.3376
65.471,675,15.9181,5.6007,0.595,2.3406,1,5.5992,1,24.8782,67.0719,r0_measured_02960,update,measured,19.2775,1.6009,1,0.006,0.6134,22.3281,ok,0.3193
14.3999,678,,,0.5379,,,,,,16.0185,r0_measured_02961,read,measured,,,,,0.6643,,ok,0.3398
12.1766,681,,,0.5835,,,,,,13.7157,r0_measured_02962,read,measured,,,,,0.5608,,ok,0.3316
14.2803,680,,,0.61,,,,,,16.1499,r0_measured_02963,read,measured,,,,,0.7587,,ok,0.4045
15.049,679,,,0.6505,,,,,,16.8077,r0_measured_02964,read,measured,,,,,0.6497,,ok,0.3809
12.9529,508,,,0.4813,,,,,,14.4501,r0_measured_02965,read,measured,,,,,0.572,,ok,0.3765
12.073,679,,,0.5375,,,,,,13.598,r0_measured_02966,read,measured,,,,,0.5586,,ok,0.3563
15.1945,629,,,0.8325,,,,,,17.4746,r0_measured_02967,read,measured,,,,,0.8858,,ok,0.4671
15.3727,566,,,0.5386,,,,,,17.1795,r0_measured_02968,read,measured,,,,,0.7846,,ok,0.4014
9.4598,419,,,0.3179,,,,,,10.7821,r0_measured_02969,read,measured,,,,,0.5814,,ok,0.3634
13.5741,663,,,0.5483,,,,,,15.3079,r0_measured_02970,read,measured,,,,,0.718,,ok,0.3689
66.5562,680,13.2904,5.7463,0.5776,2.8879,1,5.7448,1,24.5412,68.1922,r0_measured_02971,update,measured,18.7949,1.636,1,0.0074,0.6454,25.8293,ok,0.3353
17.6862,629,,,0.5613,,,,,,19.3728,r0_measured_02972,read,measured,,,,,0.7342,,ok,0.3138
14.6272,629,,,0.5675,,,,,,16.298,r0_measured_02973,read,measured,,,,,0.6166,,ok,0.4061
16.2801,628,,,1.3809,,,,,,20.0228,r0_measured_02974,read,measured,,,,,0.8863,,ok,1.3208
12.4607,508,,,0.7391,,,,,,14.3187,r0_measured_02975,read,measured,,,,,0.6248,,ok,0.4073
15.4965,566,,,0.6606,,,,,,17.4184,r0_measured_02976,read,measured,,,,,0.741,,ok,0.4345
15.0173,680,,,0.7776,,,,,,17.0548,r0_measured_02977,read,measured,,,,,0.7564,,ok,0.4109
11.5712,419,,,0.3929,,,,,,13.1813,r0_measured_02978,read,measured,,,,,0.6963,,ok,0.4427
15.9807,628,,,0.908,,,,,,18.1554,r0_measured_02979,read,measured,,,,,0.7668,,ok,0.41
14.8501,662,,,0.6199,,,,,,16.8091,r0_measured_02980,read,measured,,,,,0.7923,,ok,0.4518
14.8736,689,,,0.6764,,,,,,16.8577,r0_measured_02981,read,measured,,,,,0.826,,ok,0.3974
58.6187,689,13.501,4.9017,0.676,2.464,0,4.8998,1,20.7294,60.4482,r0_measured_02982,update,measured,15.8277,1.8295,1,0.0058,0.6255,21.9185,ok,0.4459
9.8945,419,,,0.2732,,,,,,11.0386,r0_measured_02983,read,measured,,,,,0.496,,ok,0.3158
13.282,678,,,0.5882,,,,,,15.0325,r0_measured_02984,read,measured,,,,,0.7315,,ok,0.3448
12.0449,675,,,0.4516,,,,,,13.5017,r0_measured_02985,read,measured,,,,,0.6364,,ok,0.3033
16.0124,663,,,0.6601,,,,,,17.8347,r0_measured_02986,read,measured,,,,,0.6966,,ok,0.379
13.4698,689,,,0.6503,,,,,,15.2363,r0_measured_02987,read,measured,,,,,0.6811,,ok,0.3515
12.3793,629,,,0.6627,,,,,,14.1595,r0_measured_02988,read,measured,,,,,0.677,,ok,0.3601
13.4665,681,,,0.5529,,,,,,15.14,r0_measured_02989,read,measured,,,,,0.7228,,ok,0.3237
11.3566,629,,,0.4659,,,,,,12.7843,r0_measured_02990,read,measured,,,,,0.585,,ok,0.3164
14.0909,629,,,0.6395,,,,,,16.0797,r0_measured_02991,read,measured,,,,,0.8431,,ok,0.4055
14.2214,680,,,0.597,,,,,,15.9984,r0_measured_02992,read,measured,,,,,0.7025,,ok,0.4019
12.9536,681,,,0.5193,,,,,,14.5598,r0_measured_02993,read,measured,,,,,0.6774,,ok,0.3337
10.5997,566,,,0.5293,,,,,,12.0884,r0_measured_02994,read,measured,,,,,0.5462,,ok,0.3421
9.3519,418,,,0.2664,,,,,,10.5222,r0_measured_02995,read,measured,,,,,0.515,,ok,0.3354
11.2999,566,,,0.567,,,,,,12.9255,r0_measured_02996,read,measured,,,,,0.6083,,ok,0.3746
12.8666,662,,,0.6092,,,,,,14.5605,r0_measured_02997,read,measured,,,,,0.6444,,ok,0.3674
12.7003,680,,,0.5781,,,,,,14.4647,r0_measured_02998,read,measured,,,,,0.7572,,ok,0.344
12.7463,680,,,0.5566,,,,,,14.4424,r0_measured_02999,read,measured,,,,,0.6667,,ok,0.3911
47.1291,419,9.1423,5.0446,0.2727,1.4973,0,5.0429,1,21.032,48.4907,r0_measured_03000,update,measured,15.9874,1.3616,1,0.0064,0.5126,15.4511,ok,0.5038
11.3524,568,,,0.5342,,,,,,12.9361,r0_measured_03001,read,measured,,,,,0.6393,,ok,0.3411
11.5418,628,,,0.5788,,,,,,13.2782,r0_measured_03002,read,measured,,,,,0.6818,,ok,0.4018
13.2525,628,,,0.6759,,,,,,15.0644,r0_measured_03003,read,measured,,,,,0.6508,,ok,0.3948
13.9433,688,,,0.6119,,,,,,15.7325,r0_measured_03004,read,measured,,,,,0.6653,,ok,0.4312
12.0145,419,,,0.2517,,,,,,13.0984,r0_measured_03005,read,measured,,,,,0.4498,,ok,0.3254
18.6067,628,,,0.632,,,,,,20.2621,r0_measured_03006,read,measured,,,,,0.6194,,ok,0.3375
13.5427,689,,,0.5684,,,,,,15.1142,r0_measured_03007,read,measured,,,,,0.6005,,ok,0.3284
14.2892,681,,,0.4525,,,,,,15.6463,r0_measured_03008,read,measured,,,,,0.5325,,ok,0.3076
10.168,419,,,0.3202,,,,,,11.5335,r0_measured_03009,read,measured,,,,,0.6145,,ok,0.3626
12.9184,663,,,0.5404,,,,,,14.4577,r0_measured_03010,read,measured,,,,,0.6213,,ok,0.3142
11.8078,678,,,0.492,,,,,,13.2768,r0_measured_03011,read,measured,,,,,0.5992,,ok,0.3163
7.7036,367,,,0.2449,,,,,,8.9712,r0_measured_03012,read,measured,,,,,0.6048,,ok,0.3397
9.2358,419,,,0.2714,,,,,,10.4143,r0_measured_03013,read,measured,,,,,0.5185,,ok,0.334
13.2157,681,,,0.5412,,,,,,14.7929,r0_measured_03014,read,measured,,,,,0.6433,,ok,0.3285
13.2594,629,,,0.6073,,,,,,14.9179,r0_measured_03015,read,measured,,,,,0.6309,,ok,0.3448
11.894,629,,,0.5374,,,,,,13.4254,r0_measured_03016,read,measured,,,,,0.603,,ok,0.3306
12.4684,689,,,0.5912,,,,,,14.1518,r0_measured_03017,read,measured,,,,,0.6621,,ok,0.3513
14.391,681,,,2.4203,,,,,,17.9243,r0_measured_03018,read,measured,,,,,0.6711,,ok,0.3595
16.9912,688,,,0.7937,,,,,,19.046,r0_measured_03019,read,measured,,,,,0.7182,,ok,0.449
17.0635,681,,,1.3173,,,,,,19.7722,r0_measured_03020,read,measured,,,,,0.8173,,ok,0.4726
21.4605,662,,,0.8348,,,,,,23.6502,r0_measured_03021,read,measured,,,,,0.8105,,ok,0.4471
15.4056,675,,,1.0052,,,,,,18.237,r0_measured_03022,read,measured,,,,,0.76,,ok,0.9288
11.9475,508,,,0.6022,,,,,,13.6448,r0_measured_03023,read,measured,,,,,0.6262,,ok,0.3943
9.4177,418,,,0.266,,,,,,10.6765,r0_measured_03024,read,measured,,,,,0.5198,,ok,0.4169
13.5336,629,,,0.6203,,,,,,15.2674,r0_measured_03025,read,measured,,,,,0.6694,,ok,0.3624
8.9956,419,,,0.2501,,,,,,10.0633,r0_measured_03026,read,measured,,,,,0.4559,,ok,0.3087
9.2861,509,,,0.4167,,,,,,10.7645,r0_measured_03027,read,measured,,,,,0.5569,,ok,0.4284
16.2474,680,,,0.6904,,,,,,18.1638,r0_measured_03028,read,measured,,,,,0.7493,,ok,0.3859
15.6297,674,,,0.5437,,,,,,17.224,r0_measured_03029,read,measured,,,,,0.643,,ok,0.326
14.1686,674,,,0.626,,,,,,16.1774,r0_measured_03030,read,measured,,,,,0.803,,ok,0.4756
13.8163,629,,,0.7095,,,,,,15.6429,r0_measured_03031,read,measured,,,,,0.6412,,ok,0.3942
19.1961,675,,,0.5603,,,,,,20.7794,r0_measured_03032,read,measured,,,,,0.6289,,ok,0.3167
11.6166,418,,,0.3059,,,,,,13.0994,r0_measured_03033,read,measured,,,,,0.5689,,ok,0.5271
15.521,675,,,0.5969,,,,,,17.2521,r0_measured_03034,read,measured,,,,,0.6225,,ok,0.4255
16.9879,566,,,0.6005,,,,,,18.7201,r0_measured_03035,read,measured,,,,,0.6224,,ok,0.4198
16.1657,565,,,0.547,,,,,,17.8641,r0_measured_03036,read,measured,,,,,0.7223,,ok,0.3547
13.5018,675,,,0.7125,,,,,,15.6488,r0_measured_03037,read,measured,,,,,0.7221,,ok,0.6143
14.0593,680,,,0.5624,,,,,,15.7176,r0_measured_03038,read,measured,,,,,0.6747,,ok,0.3441
8.3625,418,,,0.231,,,,,,9.4219,r0_measured_03039,read,measured,,,,,0.4746,,ok,0.3044
66.8314,661,13.7869,4.1458,0.5763,2.5386,1,4.1437,1,25.1795,68.5411,r0_measured_03040,update,measured,21.0337,1.7097,1,0.0065,0.6763,25.3199,ok,0.383
13.9347,678,,,0.5706,,,,,,15.5324,r0_measured_03041,read,measured,,,,,0.5993,,ok,0.3469
13.2273,675,,,0.6481,,,,,,15.2772,r0_measured_03042,read,measured,,,,,0.8556,,ok,0.4473
14.5564,674,,,0.5482,,,,,,16.1763,r0_measured_03043,read,measured,,,,,0.6331,,ok,0.355
7.8983,369,,,0.2291,,,,,,8.9478,r0_measured_03044,read,measured,,,,,0.4617,,ok,0.3024
9.3159,508,,,0.4443,,,,,,10.6012,r0_measured_03045,read,measured,,,,,0.4847,,ok,0.2992
14.6513,509,,,0.6068,,,,,,16.5172,r0_measured_03046,read,measured,,,,,0.7494,,ok,0.4337
20.6558,629,,,0.6541,,,,,,22.5374,r0_measured_03047,read,measured,,,,,0.6297,,ok,0.5194
12.2859,369,,,0.2371,,,,,,13.3945,r0_measured_03048,read,measured,,,,,0.4646,,ok,0.3452
13.1456,681,,,0.5571,,,,,,14.7697,r0_measured_03049,read,measured,,,,,0.6576,,ok,0.3357
16.1263,680,,,0.6068,,,,,,17.9317,r0_measured_03050,read,measured,,,,,0.6667,,ok,0.4431
12.5534,629,,,0.6045,,,,,,14.2871,r0_measured_03051,read,measured,,,,,0.6375,,ok,0.4182
12.9171,681,,,0.5568,,,,,,14.5492,r0_measured_03052,read,measured,,,,,0.6562,,ok,0.345
13.1382,663,,,0.8123,,,,,,15.4413,r0_measured_03053,read,measured,,,,,0.7497,,ok,0.6375
10.9835,419,,,0.2904,,,,,,12.3208,r0_measured_03054,read,measured,,,,,0.5882,,ok,0.3856
11.8141,508,,,0.5364,,,,,,13.3686,r0_measured_03055,read,measured,,,,,0.5448,,ok,0.4055
11.2434,629,,,0.5041,,,,,,12.689,r0_measured_03056,read,measured,,,,,0.5119,,ok,0.3491
15.3965,680,,,0.5811,,,,,,17.0031,r0_measured_03057,read,measured,,,,,0.5583,,ok,0.3877
12.6466,663,,,0.5433,,,,,,14.2659,r0_measured_03058,read,measured,,,,,0.6333,,ok,0.3685
12.8389,566,,,0.5272,,,,,,14.3802,r0_measured_03059,read,measured,,,,,0.6004,,ok,0.3387
14.2517,663,,,0.6495,,,,,,16.0177,r0_measured_03060,read,measured,,,,,0.6297,,ok,0.4136
12.809,663,,,0.524,,,,,,14.3249,r0_measured_03061,read,measured,,,,,0.5906,,ok,0.3278
13.3743,689,,,0.6275,,,,,,15.2623,r0_measured_03062,read,measured,,,,,0.7641,,ok,0.4166
12.0148,568,,,0.6486,,,,,,13.9518,r0_measured_03063,read,measured,,,,,0.777,,ok,0.4255
11.8385,419,,,0.2585,,,,,,13.0638,r0_measured_03064,read,measured,,,,,0.499,,ok,0.4049
14.1365,689,,,0.6516,,,,,,16.0025,r0_measured_03065,read,measured,,,,,0.717,,ok,0.4057
12.5811,627,,,0.5444,,,,,,15.1304,r0_measured_03066,read,measured,,,,,1.5484,,ok,0.3335
12.264,688,,,0.5534,,,,,,13.908,r0_measured_03067,read,measured,,,,,0.6952,,ok,0.3258
74.0738,687,12.9571,5.836,0.5468,2.3864,1,5.8337,1,20.9196,75.7754,r0_measured_03068,update,measured,15.0836,1.7016,1,13.545,0.7013,24.2657,ok,0.3618
15.3302,675,,,0.6776,,,,,,17.4339,r0_measured_03069,read,measured,,,,,0.83,,ok,0.5025
14.6744,629,,,0.6862,,,,,,16.5243,r0_measured_03070,read,measured,,,,,0.7078,,ok,0.3547
12.0243,689,,,0.6387,,,,,,13.7374,r0_measured_03071,read,measured,,,,,0.656,,ok,0.3448
11.491,627,,,0.5613,,,,,,13.2579,r0_measured_03072,read,measured,,,,,0.7141,,ok,0.4117
14.1231,629,,,0.5865,,,,,,16.0827,r0_measured_03073,read,measured,,,,,0.8365,,ok,0.4552
13.3446,663,,,0.5858,,,,,,15.1148,r0_measured_03074,read,measured,,,,,0.7768,,ok,0.3432
8.5104,418,,,0.2758,,,,,,9.6386,r0_measured_03075,read,measured,,,,,0.4589,,ok,0.3183
9.0855,507,,,0.4377,,,,,,10.4166,r0_measured_03076,read,measured,,,,,0.5156,,ok,0.32
14.018,680,,,0.5752,,,,,,15.7875,r0_measured_03077,read,measured,,,,,0.7215,,ok,0.3948
14.3274,679,,,0.5623,,,,,,15.96,r0_measured_03078,read,measured,,,,,0.6736,,ok,0.3213
11.8312,675,,,0.4971,,,,,,13.3665,r0_measured_03079,read,measured,,,,,0.6025,,ok,0.3553
18.6341,663,,,0.6321,,,,,,20.3713,r0_measured_03080,read,measured,,,,,0.6025,,ok,0.4244
15.6456,680,,,0.6706,,,,,,17.4368,r0_measured_03081,read,measured,,,,,0.7039,,ok,0.3434
10.0066,508,,,0.4165,,,,,,11.3838,r0_measured_03082,read,measured,,,,,0.571,,ok,0.3225
12.2861,629,,,0.5714,,,,,,13.9171,r0_measured_03083,read,measured,,,,,0.6171,,ok,0.3696
10.9478,507,,,0.5435,,,,,,12.7679,r0_measured_03084,read,measured,,,,,0.6931,,ok,0.4969
14.8414,680,,,0.5172,,,,,,16.4889,r0_measured_03085,read,measured,,,,,0.7006,,ok,0.3519
10.2841,509,,,0.5356,,,,,,11.8222,r0_measured_03086,read,measured,,,,,0.5435,,ok,0.3948
14.0164,680,,,0.5862,,,,,,15.668,r0_measured_03087,read,measured,,,,,0.5925,,ok,0.3992
13.3446,689,,,0.6804,,,,,,15.0935,r0_measured_03088,read,measured,,,,,0.6359,,ok,0.3614
10.8246,568,,,0.4927,,,,,,12.3613,r0_measured_03089,read,measured,,,,,0.6447,,ok,0.3356
13.048,680,,,0.6756,,,,,,15.0906,r0_measured_03090,read,measured,,,,,0.822,,ok,0.4399
12.0988,508,,,0.5669,,,,,,13.8987,r0_measured_03091,read,measured,,,,,0.649,,ok,0.4943
10.3488,507,,,0.394,,,,,,11.67,r0_measured_03092,read,measured,,,,,0.5449,,ok,0.3208
11.5402,689,,,0.5656,,,,,,13.0249,r0_measured_03093,read,measured,,,,,0.5338,,ok,0.3208
7.1644,368,,,0.2454,,,,,,8.3086,r0_measured_03094,read,measured,,,,,0.5393,,ok,0.3054
11.3301,568,,,0.5693,,,,,,12.9931,r0_measured_03095,read,measured,,,,,0.6491,,ok,0.3728
10.4119,509,,,0.5468,,,,,,11.9328,r0_measured_03096,read,measured,,,,,0.5716,,ok,0.3393
9.183,507,,,0.6027,,,,,,10.8178,r0_measured_03097,read,measured,,,,,0.5797,,ok,0.3788
10.0205,509,,,0.4949,,,,,,11.4891,r0_measured_03098,read,measured,,,,,0.4713,,ok,0.4283
7.9525,419,,,0.2231,,,,,,8.9185,r0_measured_03099,read,measured,,,,,0.4011,,ok,0.2952
11.7303,675,,,0.5438,,,,,,13.313,r0_measured_03100,read,measured,,,,,0.6373,,ok,0.3267
12.3401,675,,,0.5883,,,,,,13.9798,r0_measured_03101,read,measured,,,,,0.6117,,ok,0.3641
62.5382,688,,,0.6415,,,,,,64.281,r0_measured_03102,read,measured,,,,,0.6941,,ok,0.3349
12.1363,675,,,1.5237,,,,,,15.5056,r0_measured_03103,read,measured,,,,,0.8543,,ok,0.8674
16.1121,627,,,0.5661,,,,,,17.9103,r0_measured_03104,read,measured,,,,,0.754,,ok,0.3927
13.0908,680,,,0.7097,,,,,,15.0161,r0_measured_03105,read,measured,,,,,0.7728,,ok,0.3482
11.4674,629,,,0.5097,,,,,,12.9133,r0_measured_03106,read,measured,,,,,0.5473,,ok,0.3257
16.0965,675,,,0.5758,,,,,,17.9622,r0_measured_03107,read,measured,,,,,0.7104,,ok,0.4936
101.5737,679,16.4841,11.7063,0.7216,2.2313,1,11.7044,1,46.0755,103.3588,r0_measured_03108,update,measured,34.3692,1.7851,1,14.3203,0.5647,22.4625,ok,0.4085
14.0544,509,,,0.5719,,,,,,15.8157,r0_measured_03109,read,measured,,,,,0.6982,,ok,0.4126
11.2847,567,,,0.5053,,,,,,12.774,r0_measured_03110,read,measured,,,,,0.5564,,ok,0.3628
10.5775,419,,,0.3097,,,,,,11.9791,r0_measured_03111,read,measured,,,,,0.6114,,ok,0.4032
15.2298,674,,,0.5909,,,,,,16.9665,r0_measured_03112,read,measured,,,,,0.7481,,ok,0.3281
13.0028,680,,,0.5776,,,,,,14.8996,r0_measured_03113,read,measured,,,,,0.7148,,ok,0.4673
13.4007,681,,,0.5717,,,,,,15.0678,r0_measured_03114,read,measured,,,,,0.6815,,ok,0.3423
11.3965,566,,,0.5971,,,,,,13.168,r0_measured_03115,read,measured,,,,,0.717,,ok,0.3798
12.8108,629,,,0.5009,,,,,,14.3684,r0_measured_03116,read,measured,,,,,0.637,,ok,0.3474
9.7545,509,,,0.3493,,,,,,10.9447,r0_measured_03117,read,measured,,,,,0.4722,,ok,0.3183
10.9221,629,,,0.5799,,,,,,12.7013,r0_measured_03118,read,measured,,,,,0.712,,ok,0.4062
12.1161,627,,,0.5233,,,,,,13.6174,r0_measured_03119,read,measured,,,,,0.5646,,ok,0.3477
11.1801,568,,,0.4881,,,,,,12.694,r0_measured_03120,read,measured,,,,,0.6317,,ok,0.323
11.57,627,,,0.5686,,,,,,13.4479,r0_measured_03121,read,measured,,,,,0.6967,,ok,0.5182
13.9702,681,,,0.6269,,,,,,15.7911,r0_measured_03122,read,measured,,,,,0.6491,,ok,0.4594
9.3631,419,,,0.2743,,,,,,10.514,r0_measured_03123,read,measured,,,,,0.4912,,ok,0.3243
10.5924,566,,,0.4782,,,,,,12.0767,r0_measured_03124,read,measured,,,,,0.6073,,ok,0.3372
13.677,663,,,0.7233,,,,,,15.7379,r0_measured_03125,read,measured,,,,,0.8122,,ok,0.4356
15.1719,688,,,0.5215,,,,,,16.9164,r0_measured_03126,read,measured,,,,,0.6735,,ok,0.4696
15.1372,689,,,0.643,,,,,,17.1194,r0_measured_03127,read,measured,,,,,0.7203,,ok,0.505
14.6869,688,,,0.5035,,,,,,16.3293,r0_measured_03128,read,measured,,,,,0.7001,,ok,0.3667
10.4535,509,,,0.5766,,,,,,12.2726,r0_measured_03129,read,measured,,,,,0.5916,,ok,0.5667
17.1497,675,,,0.6341,,,,,,19.1211,r0_measured_03130,read,measured,,,,,0.8359,,ok,0.4173
11.5421,568,,,0.5246,,,,,,13.0423,r0_measured_03131,read,measured,,,,,0.5735,,ok,0.3394
12.0193,680,,,0.5975,,,,,,13.7165,r0_measured_03132,read,measured,,,,,0.683,,ok,0.342
11.7986,688,,,0.7078,,,,,,13.6448,r0_measured_03133,read,measured,,,,,0.56,,ok,0.4974
8.2459,368,,,0.2602,,,,,,9.4776,r0_measured_03134,read,measured,,,,,0.5047,,ok,0.3999
14.0037,689,,,0.6694,,,,,,15.7945,r0_measured_03135,read,measured,,,,,0.6923,,ok,0.3538
13.2822,679,,,0.7514,,,,,,15.0647,r0_measured_03136,read,measured,,,,,0.5548,,ok,0.387
8.9768,419,,,0.3632,,,,,,10.5004,r0_measured_03137,read,measured,,,,,0.617,,ok,0.4692
13.1092,627,,,0.5609,,,,,,14.7807,r0_measured_03138,read,measured,,,,,0.6871,,ok,0.3558
13.0713,663,,,0.5363,,,,,,14.6777,r0_measured_03139,read,measured,,,,,0.6517,,ok,0.3374
11.077,568,,,0.4474,,,,,,12.5018,r0_measured_03140,read,measured,,,,,0.5432,,ok,0.3716
10.229,567,,,0.5759,,,,,,11.7916,r0_measured_03141,read,measured,,,,,0.574,,ok,0.3483
10.9875,568,,,0.4783,,,,,,13.5379,r0_measured_03142,read,measured,,,,,1.6651,,ok,0.3371
9.4925,509,,,0.4622,,,,,,10.8564,r0_measured_03143,read,measured,,,,,0.5206,,ok,0.3224
10.3354,566,,,0.556,,,,,,11.8234,r0_measured_03144,read,measured,,,,,0.5201,,ok,0.3445
20.1476,568,,,0.5366,,,,,,21.654,r0_measured_03145,read,measured,,,,,0.5739,,ok,0.3259
16.5401,674,,,0.7868,,,,,,18.8568,r0_measured_03146,read,measured,,,,,0.9483,,ok,0.4791
15.7683,680,,,0.5675,,,,,,17.4887,r0_measured_03147,read,measured,,,,,0.7069,,ok,0.3697
12.6564,680,,,0.5304,,,,,,14.3351,r0_measured_03148,read,measured,,,,,0.735,,ok,0.3346
8.2237,419,,,0.2356,,,,,,9.2909,r0_measured_03149,read,measured,,,,,0.4836,,ok,0.2973
7.8217,419,,,0.2553,,,,,,8.9216,r0_measured_03150,read,measured,,,,,0.4646,,ok,0.3316
10.1985,568,,,0.5372,,,,,,11.8473,r0_measured_03151,read,measured,,,,,0.6422,,ok,0.382
11.3221,568,,,0.5535,,,,,,12.9541,r0_measured_03152,read,measured,,,,,0.6188,,ok,0.3892
7.8981,419,,,0.2602,,,,,,8.9782,r0_measured_03153,read,measured,,,,,0.4617,,ok,0.3096
12.9412,680,,,0.6348,,,,,,14.7625,r0_measured_03154,read,measured,,,,,0.7353,,ok,0.3607
12.4825,680,,,0.6312,,,,,,14.3134,r0_measured_03155,read,measured,,,,,0.6855,,ok,0.4321
13.1917,675,,,0.694,,,,,,15.1541,r0_measured_03156,read,measured,,,,,0.7735,,ok,0.4063
15.273,689,,,0.6759,,,,,,17.0065,r0_measured_03157,read,measured,,,,,0.6263,,ok,0.3556
12.054,681,,,0.6102,,,,,,13.808,r0_measured_03158,read,measured,,,,,0.6828,,ok,0.3706
12.5114,629,,,0.5182,,,,,,14.1208,r0_measured_03159,read,measured,,,,,0.6575,,ok,0.3557
10.198,419,,,0.3158,,,,,,11.4579,r0_measured_03160,read,measured,,,,,0.5642,,ok,0.3223
10.7604,568,,,0.5142,,,,,,12.3941,r0_measured_03161,read,measured,,,,,0.7069,,ok,0.3386
14.3165,662,,,0.6087,,,,,,16.0582,r0_measured_03162,read,measured,,,,,0.6625,,ok,0.3938
12.7737,662,,,0.5561,,,,,,14.5607,r0_measured_03163,read,measured,,,,,0.7228,,ok,0.4027
13.4663,663,,,0.5713,,,,,,15.0352,r0_measured_03164,read,measured,,,,,0.5821,,ok,0.344
17.3691,681,,,0.7341,,,,,,19.7043,r0_measured_03165,read,measured,,,,,0.9395,,ok,0.5455
14.7986,679,,,0.5275,,,,,,16.4116,r0_measured_03166,read,measured,,,,,0.6253,,ok,0.3833
8.448,418,,,0.2513,,,,,,9.5858,r0_measured_03167,read,measured,,,,,0.467,,ok,0.3516
11.379,565,,,0.5327,,,,,,12.9073,r0_measured_03168,read,measured,,,,,0.5776,,ok,0.3436
12.6834,674,,,0.6286,,,,,,14.3267,r0_measured_03169,read,measured,,,,,0.5855,,ok,0.356
11.6053,567,,,0.5464,,,,,,13.133,r0_measured_03170,read,measured,,,,,0.5822,,ok,0.327
16.2267,661,,,0.4897,,,,,,17.76,r0_measured_03171,read,measured,,,,,0.6376,,ok,0.338
10.5017,419,,,0.3443,,,,,,12.0669,r0_measured_03172,read,measured,,,,,0.5965,,ok,0.539
16.0211,689,,,0.8156,,,,,,17.9668,r0_measured_03173,read,measured,,,,,0.6829,,ok,0.3568
12.9183,681,,,0.5401,,,,,,14.5933,r0_measured_03174,read,measured,,,,,0.6558,,ok,0.3916
13.7095,681,,,0.678,,,,,,15.6884,r0_measured_03175,read,measured,,,,,0.7312,,ok,0.4615
12.0663,568,,,0.5276,,,,,,13.5683,r0_measured_03176,read,measured,,,,,0.5665,,ok,0.3342
11.2679,509,,,0.5721,,,,,,12.812,r0_measured_03177,read,measured,,,,,0.5811,,ok,0.3231
11.8994,566,,,0.5003,,,,,,13.3866,r0_measured_03178,read,measured,,,,,0.5806,,ok,0.3396
9.7021,419,,,0.3139,,,,,,11.015,r0_measured_03179,read,measured,,,,,0.5334,,ok,0.4017
14.4082,679,,,0.5581,,,,,,16.0459,r0_measured_03180,read,measured,,,,,0.6558,,ok,0.3486
12.2227,680,,,0.4898,,,,,,13.6868,r0_measured_03181,read,measured,,,,,0.5889,,ok,0.32
12.9286,688,,,0.6447,,,,,,14.746,r0_measured_03182,read,measured,,,,,0.7048,,ok,0.3822
13.7603,662,,,0.5419,,,,,,15.3776,r0_measured_03183,read,measured,,,,,0.647,,ok,0.3626
9.4692,509,,,0.5366,,,,,,11.1268,r0_measured_03184,read,measured,,,,,0.6243,,ok,0.4208
8.7017,368,,,0.3023,,,,,,9.9684,r0_measured_03185,read,measured,,,,,0.503,,ok,0.4021
12.432,662,,,0.6168,,,,,,14.2805,r0_measured_03186,read,measured,,,,,0.7481,,ok,0.4023
63.5971,675,13.4853,3.7693,0.5276,2.694,1,3.7675,1,21.671,65.129,r0_measured_03187,update,measured,17.9017,1.5319,1,0.005,0.6192,25.7418,ok,0.3264
10.1111,566,,,0.5547,,,,,,11.7175,r0_measured_03188,read,measured,,,,,0.6493,,ok,0.3307
9.4876,509,,,0.4309,,,,,,10.8703,r0_measured_03189,read,measured,,,,,0.4801,,ok,0.4037
11.4889,681,,,0.5486,,,,,,13.1192,r0_measured_03190,read,measured,,,,,0.6915,,ok,0.3242
9.3279,509,,,0.5497,,,,,,10.8501,r0_measured_03191,read,measured,,,,,0.5725,,ok,0.3309
8.4275,419,,,0.2628,,,,,,9.6067,r0_measured_03192,read,measured,,,,,0.5086,,ok,0.3494
12.7303,679,,,0.4775,,,,,,14.3579,r0_measured_03193,read,measured,,,,,0.662,,ok,0.4107
82.1928,675,12.4976,9.6354,0.517,2.6084,1,9.6337,1,32.933,83.7513,r0_measured_03194,update,measured,23.2976,1.5585,1,13.8799,0.641,20.2739,ok,0.3247
11.1099,663,,,0.4498,,,,,,12.681,r0_measured_03195,read,measured,,,,,0.6967,,ok,0.3555
14.4801,689,,,0.7084,,,,,,16.3334,r0_measured_03196,read,measured,,,,,0.6981,,ok,0.3637
14.1079,689,,,0.5216,,,,,,15.6679,r0_measured_03197,read,measured,,,,,0.6308,,ok,0.3327
10.8367,509,,,0.5981,,,,,,12.6761,r0_measured_03198,read,measured,,,,,0.6898,,ok,0.4648
15.7398,662,,,0.6334,,,,,,17.7102,r0_measured_03199,read,measured,,,,,0.7778,,ok,0.45
14.702,675,,,0.6551,,,,,,16.59,r0_measured_03200,read,measured,,,,,0.7659,,ok,0.3801
10.8989,368,,,0.2175,,,,,,11.9651,r0_measured_03201,read,measured,,,,,0.4676,,ok,0.3301
12.0711,627,,,0.5497,,,,,,13.6989,r0_measured_03202,read,measured,,,,,0.6195,,ok,0.3858
15.5264,676,,,0.6804,,,,,,17.5187,r0_measured_03203,read,measured,,,,,0.7612,,ok,0.4623
16.2051,689,,,0.6149,,,,,,18.0047,r0_measured_03204,read,measured,,,,,0.7304,,ok,0.3651
13.2328,568,,,0.5147,,,,,,14.7338,r0_measured_03205,read,measured,,,,,0.5602,,ok,0.3578
10.5209,629,,,0.5738,,,,,,12.1244,r0_measured_03206,read,measured,,,,,0.5948,,ok,0.3664
11.2375,566,,,0.503,,,,,,12.7378,r0_measured_03207,read,measured,,,,,0.62,,ok,0.3124
15.305,629,,,0.7344,,,,,,17.3079,r0_measured_03208,read,measured,,,,,0.7612,,ok,0.4138
14.5458,681,,,0.5845,,,,,,16.273,r0_measured_03209,read,measured,,,,,0.6998,,ok,0.3601
11.5165,419,,,0.3036,,,,,,12.6619,r0_measured_03210,read,measured,,,,,0.4686,,ok,0.3173
8.9759,509,,,0.4134,,,,,,10.2569,r0_measured_03211,read,measured,,,,,0.4902,,ok,0.3197
19.5584,688,,,0.6973,,,,,,21.5069,r0_measured_03212,read,measured,,,,,0.7497,,ok,0.4101
15.4631,567,,,0.6437,,,,,,17.2789,r0_measured_03213,read,measured,,,,,0.6915,,ok,0.3931
12.5106,567,,,0.4932,,,,,,14.0282,r0_measured_03214,read,measured,,,,,0.5866,,ok,0.3652
60.7133,368,10.1952,6.6261,0.2834,1.714,1,6.6236,1,23.0356,62.0468,r0_measured_03215,update,measured,16.4095,1.3335,1,12.365,0.5938,13.4035,ok,0.3879
12.1845,568,,,0.495,,,,,,13.7053,r0_measured_03216,read,measured,,,,,0.5897,,ok,0.3626
13.626,681,,,0.6231,,,,,,15.4217,r0_measured_03217,read,measured,,,,,0.698,,ok,0.3846
13.422,629,,,0.6366,,,,,,15.2567,r0_measured_03218,read,measured,,,,,0.6474,,ok,0.4671
13.7624,675,,,0.689,,,,,,15.7391,r0_measured_03219,read,measured,,,,,0.8009,,ok,0.3953
12.3354,568,,,0.5743,,,,,,13.9839,r0_measured_03220,read,measured,,,,,0.6024,,ok,0.3956
13.1715,674,,,0.6146,,,,,,14.9948,r0_measured_03221,read,measured,,,,,0.756,,ok,0.3693
11.1201,418,,,0.2773,,,,,,12.3348,r0_measured_03222,read,measured,,,,,0.546,,ok,0.3291
8.686,418,,,0.2661,,,,,,9.8896,r0_measured_03223,read,measured,,,,,0.5117,,ok,0.3569
15.867,674,,,1.0203,,,,,,18.0209,r0_measured_03224,read,measured,,,,,0.6737,,ok,0.3715
14.6109,680,,,0.5525,,,,,,16.3063,r0_measured_03225,read,measured,,,,,0.7081,,ok,0.3558
13.4455,628,,,0.5618,,,,,,15.151,r0_measured_03226,read,measured,,,,,0.7424,,ok,0.3242
10.2632,507,,,0.4828,,,,,,11.8236,r0_measured_03227,read,measured,,,,,0.6586,,ok,0.3507
14.0518,679,,,0.7267,,,,,,15.9673,r0_measured_03228,read,measured,,,,,0.7143,,ok,0.3789
14.7234,629,,,0.7447,,,,,,16.8946,r0_measured_03229,read,measured,,,,,0.8872,,ok,0.4419
12.0642,566,,,0.5122,,,,,,13.8307,r0_measured_03230,read,measured,,,,,0.8076,,ok,0.3782
10.5207,508,,,0.5113,,,,,,12.0732,r0_measured_03231,read,measured,,,,,0.6078,,ok,0.3611
12.7544,680,,,0.8891,,,,,,15.113,r0_measured_03232,read,measured,,,,,0.9473,,ok,0.42
13.8598,675,,,0.6304,,,,,,15.6875,r0_measured_03233,read,measured,,,,,0.7101,,ok,0.3977
12.9232,663,,,0.5008,,,,,,14.4437,r0_measured_03234,read,measured,,,,,0.5929,,ok,0.3467
8.7213,419,,,0.2618,,,,,,9.8172,r0_measured_03235,read,measured,,,,,0.4465,,ok,0.3367
15.314,629,,,0.5568,,,,,,16.8644,r0_measured_03236,read,measured,,,,,0.5916,,ok,0.3278
12.6942,629,,,1.0384,,,,,,15.4416,r0_measured_03237,read,measured,,,,,1.1003,,ok,0.4987
16.2299,662,,,0.6248,,,,,,18.1372,r0_measured_03238,read,measured,,,,,0.7909,,ok,0.4078
13.9537,678,,,0.5994,,,,,,15.639,r0_measured_03239,read,measured,,,,,0.6535,,ok,0.3614
11.4494,567,,,0.5519,,,,,,13.0023,r0_measured_03240,read,measured,,,,,0.5739,,ok,0.3531
12.8372,676,,,0.5334,,,,,,14.5848,r0_measured_03241,read,measured,,,,,0.6931,,ok,0.4385
15.6095,688,,,0.6579,,,,,,17.421,r0_measured_03242,read,measured,,,,,0.7003,,ok,0.3686
12.1405,628,,,0.5399,,,,,,13.8063,r0_measured_03243,read,measured,,,,,0.7118,,ok,0.3398
11.9884,686,,,0.6122,,,,,,13.8147,r0_measured_03244,read,measured,,,,,0.7504,,ok,0.3744
41.76,509,,,0.4906,,,,,,43.4806,r0_measured_03245,read,measured,,,,,0.7737,,ok,0.3731
10.8926,418,,,0.2388,,,,,,11.9475,r0_measured_03246,read,measured,,,,,0.4565,,ok,0.3088
23.1759,629,,,0.8507,,,,,,25.6281,r0_measured_03247,read,measured,,,,,0.9519,,ok,0.5284
16.7145,675,,,0.6533,,,,,,18.5964,r0_measured_03248,read,measured,,,,,0.7563,,ok,0.3822
13.9502,689,,,0.551,,,,,,15.5999,r0_measured_03249,read,measured,,,,,0.6503,,ok,0.3669
10.5906,568,,,0.5821,,,,,,12.4408,r0_measured_03250,read,measured,,,,,0.7465,,ok,0.441
12.5577,568,,,0.5371,,,,,,14.1766,r0_measured_03251,read,measured,,,,,0.6334,,ok,0.3715
13.0663,675,,,0.5957,,,,,,14.7564,r0_measured_03252,read,measured,,,,,0.6853,,ok,0.331
16.1844,689,,,0.6039,,,,,,17.8168,r0_measured_03253,read,measured,,,,,0.6387,,ok,0.3153
13.9573,680,,,0.5609,,,,,,15.6597,r0_measured_03254,read,measured,,,,,0.6897,,ok,0.374
8.7025,419,,,0.2994,,,,,,10.1059,r0_measured_03255,read,measured,,,,,0.7066,,ok,0.3317
11.8712,663,,,0.5078,,,,,,13.4551,r0_measured_03256,read,measured,,,,,0.674,,ok,0.3311
13.5896,676,,,0.6862,,,,,,15.6654,r0_measured_03257,read,measured,,,,,0.8642,,ok,0.4353
12.6717,565,,,0.5174,,,,,,14.2773,r0_measured_03258,read,measured,,,,,0.6472,,ok,0.3668
11.9656,627,,,0.5958,,,,,,13.6311,r0_measured_03259,read,measured,,,,,0.6261,,ok,0.3703
16.9435,629,,,0.6408,,,,,,18.7165,r0_measured_03260,read,measured,,,,,0.6584,,ok,0.3753
10.9887,568,,,0.4855,,,,,,12.5047,r0_measured_03261,read,measured,,,,,0.6432,,ok,0.321
9.3344,509,,,0.5216,,,,,,10.8185,r0_measured_03262,read,measured,,,,,0.5567,,ok,0.3297
13.048,689,,,0.5366,,,,,,14.6012,r0_measured_03263,read,measured,,,,,0.6243,,ok,0.3245
12.6479,680,,,0.6325,,,,,,14.4821,r0_measured_03264,read,measured,,,,,0.7105,,ok,0.4098
14.1286,689,,,0.5523,,,,,,15.7227,r0_measured_03265,read,measured,,,,,0.6059,,ok,0.3592
13.5462,681,,,0.6676,,,,,,15.4566,r0_measured_03266,read,measured,,,,,0.7524,,ok,0.4077
14.8865,679,,,0.6145,,,,,,16.5937,r0_measured_03267,read,measured,,,,,0.6574,,ok,0.3582
13.4278,689,,,0.5669,,,,,,15.0012,r0_measured_03268,read,measured,,,,,0.5816,,ok,0.354
13.9919,629,,,0.5425,,,,,,15.646,r0_measured_03269,read,measured,,,,,0.6389,,ok,0.3933
14.7181,675,,,0.7336,,,,,,16.7316,r0_measured_03270,read,measured,,,,,0.7502,,ok,0.4227
14.4607,663,,,0.5523,,,,,,16.1321,r0_measured_03271,read,measured,,,,,0.6868,,ok,0.3525
14.411,679,,,0.6055,,,,,,16.0743,r0_measured_03272,read,measured,,,,,0.644,,ok,0.3284
14.4628,680,,,0.841,,,,,,16.6181,r0_measured_03273,read,measured,,,,,0.7709,,ok,0.4552
9.7203,419,,,0.3071,,,,,,11.1175,r0_measured_03274,read,measured,,,,,0.6094,,ok,0.4098
94.6486,509,11.6655,7.0455,0.483,1.9515,1,7.0438,1,35.1269,96.115,r0_measured_03275,update,measured,28.0814,1.4664,1,28.0386,0.511,17.8661,ok,0.4023
22.8956,629,,,0.7331,,,,,,25.1184,r0_measured_03276,read,measured,,,,,0.8092,,ok,0.5548
10.0334,419,,,0.2629,,,,,,11.1782,r0_measured_03277,read,measured,,,,,0.4985,,ok,0.3286
12.9645,679,,,0.7839,,,,,,15.1395,r0_measured_03278,read,measured,,,,,0.884,,ok,0.4129
12.3525,681,,,0.4804,,,,,,13.7965,r0_measured_03279,read,measured,,,,,0.5702,,ok,0.3275
10.4692,568,,,0.5346,,,,,,12.1766,r0_measured_03280,read,measured,,,,,0.6006,,ok,0.4974
13.0773,689,,,0.6183,,,,,,14.7981,r0_measured_03281,read,measured,,,,,0.6491,,ok,0.3703
12.4853,680,,,0.4846,,,,,,14.0796,r0_measured_03282,read,measured,,,,,0.6484,,ok,0.381
13.309,674,,,0.4942,,,,,,14.8278,r0_measured_03283,read,measured,,,,,0.6305,,ok,0.3227
13.3572,663,,,0.6628,,,,,,15.2449,r0_measured_03284,read,measured,,,,,0.7236,,ok,0.4189
16.5497,688,,,0.6079,,,,,,18.4251,r0_measured_03285,read,measured,,,,,0.7415,,ok,0.4309
8.4419,369,,,0.2202,,,,,,9.4952,r0_measured_03286,read,measured,,,,,0.4466,,ok,0.3349
11.7546,680,,,0.541,,,,,,13.3232,r0_measured_03287,read,measured,,,,,0.6439,,ok,0.3189
12.7185,681,,,0.5181,,,,,,14.3966,r0_measured_03288,read,measured,,,,,0.7624,,ok,0.3263
8.3093,418,,,0.2469,,,,,,9.4663,r0_measured_03289,read,measured,,,,,0.5198,,ok,0.3398
20.9857,688,,,0.5756,,,,,,22.6604,r0_measured_03290,read,measured,,,,,0.6819,,ok,0.3424
11.3559,567,,,0.4999,,,,,,12.9837,r0_measured_03291,read,measured,,,,,0.6211,,ok,0.4188
13.1685,567,,,0.6179,,,,,,14.8977,r0_measured_03292,read,measured,,,,,0.6441,,ok,0.3831
13.6382,675,,,0.6007,,,,,,15.4116,r0_measured_03293,read,measured,,,,,0.6602,,ok,0.4035
12.3902,678,,,0.5828,,,,,,14.125,r0_measured_03294,read,measured,,,,,0.646,,ok,0.4305
10.1015,419,,,0.2584,,,,,,11.2702,r0_measured_03295,read,measured,,,,,0.5356,,ok,0.3146
12.7756,688,,,0.6183,,,,,,14.5975,r0_measured_03296,read,measured,,,,,0.7241,,ok,0.3987
11.5128,509,,,0.576,,,,,,13.2643,r0_measured_03297,read,measured,,,,,0.7144,,ok,0.3851
12.6787,629,,,0.5184,,,,,,14.2376,r0_measured_03298,read,measured,,,,,0.6173,,ok,0.3546
8.9087,419,,,0.2552,,,,,,10.0794,r0_measured_03299,read,measured,,,,,0.5301,,ok,0.3316
12.5186,680,,,0.7194,,,,,,14.7813,r0_measured_03300,read,measured,,,,,0.8715,,ok,0.5793
15.551,688,,,0.6019,,,,,,17.3509,r0_measured_03301,read,measured,,,,,0.7201,,ok,0.3947
8.4487,369,,,0.2273,,,,,,9.5572,r0_measured_03302,read,measured,,,,,0.497,,ok,0.3265
54.3506,688,13.3614,3.5665,0.5459,2.7425,0,3.565,1,17.0751,56.0073,r0_measured_03303,update,measured,13.5086,1.6567,1,0.0053,0.6224,21.1663,ok,0.4103
12.693,663,,,0.5684,,,,,,14.5336,r0_measured_03304,read,measured,,,,,0.797,,ok,0.3939
13.3034,674,,,0.5696,,,,,,15.0404,r0_measured_03305,read,measured,,,,,0.6744,,ok,0.4224
13.4035,663,,,0.6279,,,,,,15.1794,r0_measured_03306,read,measured,,,,,0.7007,,ok,0.3694
10.0523,418,,,0.2694,,,,,,11.2525,r0_measured_03307,read,measured,,,,,0.5148,,ok,0.3613
14.585,681,,,0.5581,,,,,,16.4512,r0_measured_03308,read,measured,,,,,0.8507,,ok,0.3759
12.8651,680,,,0.4973,,,,,,14.3984,r0_measured_03309,read,measured,,,,,0.6309,,ok,0.3326
13.0364,675,,,0.6453,,,,,,14.8442,r0_measured_03310,read,measured,,,,,0.6451,,ok,0.4335
12.5074,568,,,0.5963,,,,,,14.1902,r0_measured_03311,read,measured,,,,,0.6152,,ok,0.3933
11.8677,628,,,0.439,,,,,,13.2759,r0_measured_03312,read,measured,,,,,0.592,,ok,0.3093
11.8312,629,,,0.5316,,,,,,13.508,r0_measured_03313,read,measured,,,,,0.7142,,ok,0.3487
10.9858,419,,,0.2694,,,,,,12.1759,r0_measured_03314,read,measured,,,,,0.5389,,ok,0.3212
12.0265,629,,,0.5562,,,,,,13.8407,r0_measured_03315,read,measured,,,,,0.8455,,ok,0.3489
15.541,689,,,0.7582,,,,,,17.7046,r0_measured_03316,read,measured,,,,,0.755,,ok,0.5558
17.6759,628,,,0.5076,,,,,,19.2702,r0_measured_03317,read,measured,,,,,0.6811,,ok,0.3282
75.6152,680,13.3832,7.1978,0.5465,2.7309,1,7.1958,1,24.2262,77.1655,r0_measured_03318,update,measured,17.0284,1.5503,1,11.4957,0.6107,23.7792,ok,0.3167
11.8466,675,,,0.6845,,,,,,13.7353,r0_measured_03319,read,measured,,,,,0.5909,,ok,0.5276
14.1489,566,,,0.5648,,,,,,15.9038,r0_measured_03320,read,measured,,,,,0.7295,,ok,0.3839
11.6122,565,,,0.4774,,,,,,13.0864,r0_measured_03321,read,measured,,,,,0.5319,,ok,0.3909
9.4374,508,,,0.3994,,,,,,10.7817,r0_measured_03322,read,measured,,,,,0.5487,,ok,0.3382
13.285,662,,,0.6574,,,,,,15.103,r0_measured_03323,read,measured,,,,,0.6629,,ok,0.4022
9.4578,419,,,0.2432,,,,,,10.5335,r0_measured_03324,read,measured,,,,,0.478,,ok,0.3035
12.5704,674,,,0.6475,,,,,,14.2998,r0_measured_03325,read,measured,,,,,0.6771,,ok,0.3279
8.1044,369,,,0.2624,,,,,,9.2698,r0_measured_03326,read,measured,,,,,0.4866,,ok,0.352
10.311,509,,,0.5993,,,,,,12.0494,r0_measured_03327,read,measured,,,,,0.6905,,ok,0.3793
9.1926,418,,,0.3155,,,,,,10.4794,r0_measured_03328,read,measured,,,,,0.565,,ok,0.3356
12.363,681,,,0.5806,,,,,,13.9016,r0_measured_03329,read,measured,,,,,0.5346,,ok,0.3507
11.2988,674,,,0.4807,,,,,,12.916,r0_measured_03330,read,measured,,,,,0.6333,,ok,0.3811
14.3396,674,,,0.6102,,,,,,16.193,r0_measured_03331,read,measured,,,,,0.6886,,ok,0.4564
24.8719,663,,,0.5707,,,,,,26.6359,r0_measured_03332,read,measured,,,,,0.7104,,ok,0.3977
13.5095,662,,,0.5708,,,,,,15.1935,r0_measured_03333,read,measured,,,,,0.6499,,ok,0.3892
10.8958,509,,,0.5303,,,,,,12.6408,r0_measured_03334,read,measured,,,,,0.6695,,ok,0.462
14.9092,663,,,0.5542,,,,,,16.4686,r0_measured_03335,read,measured,,,,,0.5883,,ok,0.3437
12.9438,627,,,0.7196,,,,,,15.0053,r0_measured_03336,read,measured,,,,,0.7873,,ok,0.468
11.127,418,,,0.3094,,,,,,12.4994,r0_measured_03337,read,measured,,,,,0.6286,,ok,0.3692
14.1805,688,,,0.5864,,,,,,15.8897,r0_measured_03338,read,measured,,,,,0.691,,ok,0.3595
15.2352,681,,,0.6881,,,,,,17.0633,r0_measured_03339,read,measured,,,,,0.7053,,ok,0.3538
12.005,567,,,0.6776,,,,,,13.6564,r0_measured_03340,read,measured,,,,,0.5748,,ok,0.3263
12.7318,681,,,0.6077,,,,,,14.464,r0_measured_03341,read,measured,,,,,0.7171,,ok,0.3329
18.7541,689,,,0.567,,,,,,20.5391,r0_measured_03342,read,measured,,,,,0.7886,,ok,0.3496
11.5633,566,,,0.4819,,,,,,13.0673,r0_measured_03343,read,measured,,,,,0.5958,,ok,0.3533
13.4764,681,,,0.6024,,,,,,15.1605,r0_measured_03344,read,measured,,,,,0.6343,,ok,0.3713
14.6424,689,,,0.7781,,,,,,16.9136,r0_measured_03345,read,measured,,,,,0.8748,,ok,0.511
16.3844,628,,,0.6121,,,,,,18.2374,r0_measured_03346,read,measured,,,,,0.7406,,ok,0.416
14.3707,680,,,0.5371,,,,,,16.0615,r0_measured_03347,read,measured,,,,,0.7026,,ok,0.3658
13.4423,680,,,0.5333,,,,,,15.1731,r0_measured_03348,read,measured,,,,,0.6476,,ok,0.4775
11.5482,629,,,0.629,,,,,,13.2316,r0_measured_03349,read,measured,,,,,0.64,,ok,0.3401
13.9468,629,,,0.6092,,,,,,15.8794,r0_measured_03350,read,measured,,,,,0.8302,,ok,0.4134
14.1457,680,,,0.6948,,,,,,16.073,r0_measured_03351,read,measured,,,,,0.7249,,ok,0.4234
14.7088,681,,,0.5694,,,,,,16.5442,r0_measured_03352,read,measured,,,,,0.8157,,ok,0.3689
15.3664,629,,,0.6424,,,,,,17.2397,r0_measured_03353,read,measured,,,,,0.7585,,ok,0.3897
15.1384,680,,,0.4945,,,,,,16.6214,r0_measured_03354,read,measured,,,,,0.598,,ok,0.3182
13.6589,663,,,0.7167,,,,,,15.7679,r0_measured_03355,read,measured,,,,,0.8228,,ok,0.4731
15.1541,679,,,0.6759,,,,,,16.9937,r0_measured_03356,read,measured,,,,,0.7101,,ok,0.3716
13.2261,680,,,0.6274,,,,,,14.9877,r0_measured_03357,read,measured,,,,,0.6971,,ok,0.3597
13.2895,628,,,0.6142,,,,,,15.036,r0_measured_03358,read,measured,,,,,0.6737,,ok,0.3531
12.9379,689,,,0.5545,,,,,,14.6855,r0_measured_03359,read,measured,,,,,0.6878,,ok,0.4198
13.5819,663,,,0.5335,,,,,,15.1733,r0_measured_03360,read,measured,,,,,0.6381,,ok,0.3409
7.6503,369,,,0.2424,,,,,,8.723,r0_measured_03361,read,measured,,,,,0.4574,,ok,0.3159
11.5838,662,,,0.4826,,,,,,13.0866,r0_measured_03362,read,measured,,,,,0.5451,,ok,0.3913
11.1988,568,,,0.6132,,,,,,12.9468,r0_measured_03363,read,measured,,,,,0.6503,,ok,0.4074
13.1903,675,,,0.5522,,,,,,14.7943,r0_measured_03364,read,measured,,,,,0.5998,,ok,0.3655
10.1667,507,,,0.4564,,,,,,11.536,r0_measured_03365,read,measured,,,,,0.5239,,ok,0.3215
13.2872,566,,,0.6438,,,,,,15.2061,r0_measured_03366,read,measured,,,,,0.7726,,ok,0.4117
8.89,368,,,0.2473,,,,,,10.0624,r0_measured_03367,read,measured,,,,,0.4799,,ok,0.3847
13.5051,686,,,0.5648,,,,,,15.2869,r0_measured_03368,read,measured,,,,,0.8148,,ok,0.3251
13.7247,680,,,0.8316,,,,,,16.1881,r0_measured_03369,read,measured,,,,,0.7932,,ok,0.7563
17.3557,680,,,0.5636,,,,,,18.9467,r0_measured_03370,read,measured,,,,,0.644,,ok,0.3094
9.4631,509,,,0.4575,,,,,,10.8216,r0_measured_03371,read,measured,,,,,0.4968,,ok,0.3449
11.3126,567,,,0.6225,,,,,,13.0709,r0_measured_03372,read,measured,,,,,0.702,,ok,0.3564
17.6418,680,,,0.6617,,,,,,19.4752,r0_measured_03373,read,measured,,,,,0.7427,,ok,0.3489
11.5708,568,,,1.0653,,,,,,13.9071,r0_measured_03374,read,measured,,,,,0.7677,,ok,0.413
93.6854,675,16.71,10.4667,1.1308,2.2999,1,10.4648,1,38.3194,96.6936,r0_measured_03375,update,measured,27.8527,3.0082,1,12.2175,1.122,24.1386,ok,0.6481
107.2325,567,11.2418,17.3867,0.5309,1.9759,1,17.3847,1,60.8523,108.8057,r0_measured_03376,update,measured,43.4656,1.5732,1,12.8307,0.6244,20.3318,ok,0.3499
17.3981,663,,,0.5454,,,,,,18.9943,r0_measured_03377,read,measured,,,,,0.6333,,ok,0.3447
12.2476,509,,,0.5194,,,,,,14.6013,r0_measured_03378,read,measured,,,,,0.5979,,ok,1.0939
20.4312,675,,,0.691,,,,,,22.4693,r0_measured_03379,read,measured,,,,,0.8284,,ok,0.4303
11.9999,568,,,0.5325,,,,,,13.5632,r0_measured_03380,read,measured,,,,,0.6085,,ok,0.3498
14.2745,627,,,0.4655,,,,,,15.7751,r0_measured_03381,read,measured,,,,,0.6437,,ok,0.326
77.9616,568,12.6309,6.7529,0.4739,2.223,0,6.751,1,27.1723,79.5001,r0_measured_03382,update,measured,20.4194,1.5385,1,13.5286,0.6606,22.4068,ok,0.3295
19.032,663,,,0.6614,,,,,,20.9455,r0_measured_03383,read,measured,,,,,0.7895,,ok,0.3783
13.7468,680,,,0.5503,,,,,,15.3798,r0_measured_03384,read,measured,,,,,0.6496,,ok,0.3539
12.2069,675,,,0.5463,,,,,,13.9692,r0_measured_03385,read,measured,,,,,0.7762,,ok,0.3599
12.7908,680,,,2.4231,,,,,,16.2396,r0_measured_03386,read,measured,,,,,0.5975,,ok,0.3518
11.6987,680,,,0.5321,,,,,,13.3864,r0_measured_03387,read,measured,,,,,0.7593,,ok,0.3307
11.5464,657,,,0.6113,,,,,,13.2116,r0_measured_03388,read,measured,,,,,0.639,,ok,0.3333
13.6774,686,,,0.5989,,,,,,15.3609,r0_measured_03389,read,measured,,,,,0.6495,,ok,0.3591
11.9583,681,,,0.6056,,,,,,13.8074,r0_measured_03390,read,measured,,,,,0.747,,ok,0.4192
17.4595,680,,,0.5864,,,,,,19.1709,r0_measured_03391,read,measured,,,,,0.6839,,ok,0.3654
9.9302,509,,,0.4013,,,,,,11.2009,r0_measured_03392,read,measured,,,,,0.489,,ok,0.3221
9.9035,507,,,0.4651,,,,,,11.3555,r0_measured_03393,read,measured,,,,,0.592,,ok,0.33
10.8703,418,,,0.3574,,,,,,12.3428,r0_measured_03394,read,measured,,,,,0.647,,ok,0.3974
16.6153,680,,,0.6354,,,,,,18.5284,r0_measured_03395,read,measured,,,,,0.7688,,ok,0.3959
15.8292,629,,,0.5645,,,,,,17.6671,r0_measured_03396,read,measured,,,,,0.7759,,ok,0.414
10.1797,369,,,0.2621,,,,,,11.4465,r0_measured_03397,read,measured,,,,,0.5652,,ok,0.3711
14.8757,676,,,0.6785,,,,,,16.7813,r0_measured_03398,read,measured,,,,,0.7098,,ok,0.4241
13.86,680,,,0.5542,,,,,,15.4733,r0_measured_03399,read,measured,,,,,0.6458,,ok,0.3384
11.0854,369,,,0.2306,,,,,,12.1796,r0_measured_03400,read,measured,,,,,0.4887,,ok,0.3136
12.8043,681,,,0.9156,,,,,,14.903,r0_measured_03401,read,measured,,,,,0.6903,,ok,0.4179
13.1054,680,,,0.5516,,,,,,14.7459,r0_measured_03402,read,measured,,,,,0.6665,,ok,0.3445
16.3231,681,,,0.6072,,,,,,18.0194,r0_measured_03403,read,measured,,,,,0.6285,,ok,0.3888
13.4045,679,,,0.7027,,,,,,15.5529,r0_measured_03404,read,measured,,,,,0.9153,,ok,0.4336
14.9598,681,,,0.7507,,,,,,17.1905,r0_measured_03405,read,measured,,,,,0.595,,ok,0.8219
12.8711,663,,,0.5974,,,,,,16.6527,r0_measured_03406,read,measured,,,,,2.7873,,ok,0.3234
12.276,688,,,0.4912,,,,,,13.8869,r0_measured_03407,read,measured,,,,,0.6384,,ok,0.4133
13.0456,681,,,0.6091,,,,,,14.9259,r0_measured_03408,read,measured,,,,,0.8125,,ok,0.3691
15.0569,675,,,0.5545,,,,,,16.6367,r0_measured_03409,read,measured,,,,,0.6039,,ok,0.3475
10.6429,629,,,0.5673,,,,,,12.525,r0_measured_03410,read,measured,,,,,0.8628,,ok,0.3736
80.7683,689,13.6303,6.5523,0.6465,2.8201,0,6.5504,1,29.7039,82.589,r0_measured_03411,update,measured,23.1516,1.8207,1,13.5231,0.7102,21.0909,ok,0.3846
12.3224,629,,,0.5412,,,,,,13.935,r0_measured_03412,read,measured,,,,,0.6148,,ok,0.3923
9.8957,507,,,0.5598,,,,,,11.5267,r0_measured_03413,read,measured,,,,,0.6369,,ok,0.362
9.4522,368,,,0.2295,,,,,,10.5711,r0_measured_03414,read,measured,,,,,0.5143,,ok,0.3221
13.0474,681,,,0.7239,,,,,,16.5193,r0_measured_03415,read,measured,,,,,0.9563,,ok,0.4293
14.5864,675,,,0.5748,,,,,,16.2497,r0_measured_03416,read,measured,,,,,0.6515,,ok,0.3636
12.4022,662,,,0.4921,,,,,,14.0095,r0_measured_03417,read,measured,,,,,0.6508,,ok,0.3875
12.9783,689,,,0.6547,,,,,,14.6699,r0_measured_03418,read,measured,,,,,0.6073,,ok,0.3505
12.6794,689,,,0.7124,,,,,,14.7418,r0_measured_03419,read,measured,,,,,0.8014,,ok,0.4657
14.6314,681,,,0.587,,,,,,16.3542,r0_measured_03420,read,measured,,,,,0.6861,,ok,0.3695
12.5887,676,,,0.4692,,,,,,14.0484,r0_measured_03421,read,measured,,,,,0.6114,,ok,0.315
11.2246,629,,,0.6443,,,,,,13.1371,r0_measured_03422,read,measured,,,,,0.7447,,ok,0.4422
11.2234,509,,,0.4616,,,,,,12.7113,r0_measured_03423,read,measured,,,,,0.5897,,ok,0.3712
7.9795,368,,,0.2421,,,,,,9.1353,r0_measured_03424,read,measured,,,,,0.5026,,ok,0.3565
12.9375,663,,,0.5543,,,,,,14.7078,r0_measured_03425,read,measured,,,,,0.7498,,ok,0.3849
10.5731,509,,,0.4688,,,,,,12.0116,r0_measured_03426,read,measured,,,,,0.5445,,ok,0.3644
12.3522,663,,,0.5999,,,,,,14.0658,r0_measured_03427,read,measured,,,,,0.6788,,ok,0.3512
9.8176,507,,,0.5008,,,,,,11.2284,r0_measured_03428,read,measured,,,,,0.5094,,ok,0.3379
11.1531,657,,,0.5842,,,,,,13.0654,r0_measured_03429,read,measured,,,,,0.7402,,ok,0.5081
12.9858,680,,,0.5334,,,,,,14.5847,r0_measured_03430,read,measured,,,,,0.6475,,ok,0.342
10.7568,568,,,0.482,,,,,,12.3733,r0_measured_03431,read,measured,,,,,0.721,,ok,0.3423
9.6043,509,,,0.4813,,,,,,10.9287,r0_measured_03432,read,measured,,,,,0.4553,,ok,0.3366
12.1588,688,,,0.7016,,,,,,14.1305,r0_measured_03433,read,measured,,,,,0.663,,ok,0.4698
109.1397,689,15.3618,8.9732,0.5821,2.6698,1,8.971,1,45.7736,110.8749,r0_measured_03434,update,measured,36.8004,1.7352,1,23.5655,0.71,21.769,ok,0.372
13.2879,681,,,0.5686,,,,,,15.0089,r0_measured_03435,read,measured,,,,,0.6889,,ok,0.3747
10.0031,508,,,0.4975,,,,,,11.6395,r0_measured_03436,read,measured,,,,,0.6819,,ok,0.3856
11.7873,629,,,0.4919,,,,,,13.2543,r0_measured_03437,read,measured,,,,,0.5688,,ok,0.3419
13.0532,680,,,0.4799,,,,,,14.6575,r0_measured_03438,read,measured,,,,,0.7036,,ok,0.3263
12.2457,680,,,0.5504,,,,,,13.78,r0_measured_03439,read,measured,,,,,0.5916,,ok,0.3289
8.1417,419,,,0.5252,,,,,,10.1444,r0_measured_03440,read,measured,,,,,0.6084,,ok,0.7828
16.0552,680,,,0.7085,,,,,,18.0069,r0_measured_03441,read,measured,,,,,0.7572,,ok,0.4094
11.3674,629,,,0.6639,,,,,,13.1167,r0_measured_03442,read,measured,,,,,0.6395,,ok,0.3716
11.8705,657,,,0.4654,,,,,,13.4001,r0_measured_03443,read,measured,,,,,0.6746,,ok,0.3214
8.599,419,,,0.2431,,,,,,9.6671,r0_measured_03444,read,measured,,,,,0.468,,ok,0.3072
12.6876,663,,,0.6811,,,,,,14.5441,r0_measured_03445,read,measured,,,,,0.6999,,ok,0.391
8.1402,367,,,0.2251,,,,,,9.2084,r0_measured_03446,read,measured,,,,,0.4659,,ok,0.3195
10.6783,568,,,0.6272,,,,,,12.3778,r0_measured_03447,read,measured,,,,,0.6218,,ok,0.3767
14.1232,689,,,0.6085,,,,,,16.0228,r0_measured_03448,read,measured,,,,,0.8126,,ok,0.3957
14.3801,680,,,0.5326,,,,,,16.0591,r0_measured_03449,read,measured,,,,,0.671,,ok,0.3994
14.1715,679,,,0.6078,,,,,,15.9057,r0_measured_03450,read,measured,,,,,0.6971,,ok,0.3499
11.6007,628,,,0.4588,,,,,,12.9759,r0_measured_03451,read,measured,,,,,0.5463,,ok,0.3125
80.498,687,15.7954,5.194,0.6046,3.0592,1,5.1918,1,23.5463,82.2838,r0_measured_03452,update,measured,18.3523,1.7858,1,11.7895,0.7255,26.3076,ok,0.3603
13.1003,680,,,0.5868,,,,,,14.9003,r0_measured_03453,read,measured,,,,,0.7566,,ok,0.3779
12.0259,629,,,0.491,,,,,,13.4552,r0_measured_03454,read,measured,,,,,0.5654,,ok,0.3124
78.8619,663,14.4359,7.2257,0.5248,2.4929,1,7.2236,1,24.3364,80.5452,r0_measured_03455,update,measured,17.1107,1.6833,1,12.8659,0.7047,24.7308,ok,0.3819
14.1462,629,,,0.5631,,,,,,15.9227,r0_measured_03456,read,measured,,,,,0.7298,,ok,0.4061
14.7846,680,,,0.6989,,,,,,16.7879,r0_measured_03457,read,measured,,,,,0.8293,,ok,0.3938
11.2333,418,,,0.2973,,,,,,12.4907,r0_measured_03458,read,measured,,,,,0.5719,,ok,0.3335
9.207,419,,,0.3197,,,,,,10.5194,r0_measured_03459,read,measured,,,,,0.5782,,ok,0.3476
9.1975,418,,,0.2791,,,,,,10.3781,r0_measured_03460,read,measured,,,,,0.491,,ok,0.3435
11.1267,509,,,0.5182,,,,,,12.6429,r0_measured_03461,read,measured,,,,,0.5467,,ok,0.3831
13.4972,663,,,0.5613,,,,,,15.3604,r0_measured_03462,read,measured,,,,,0.7801,,ok,0.4272
13.2712,680,,,0.6109,,,,,,15.0294,r0_measured_03463,read,measured,,,,,0.6798,,ok,0.3919
11.8607,629,,,0.6228,,,,,,13.9004,r0_measured_03464,read,measured,,,,,0.9903,,ok,0.3305
12.4305,681,,,0.7359,,,,,,14.6258,r0_measured_03465,read,measured,,,,,0.9062,,ok,0.4591
10.6224,509,,,0.3961,,,,,,11.9502,r0_measured_03466,read,measured,,,,,0.5435,,ok,0.328
72.5543,628,13.6714,8.953,0.6088,2.2222,1,8.9513,1,23.7223,74.3061,r0_measured_03467,update,measured,14.7693,1.7518,1,11.7628,0.7041,21.1756,ok,0.3567
12.4706,568,,,0.4727,,,,,,13.9636,r0_measured_03468,read,measured,,,,,0.5957,,ok,0.3579
11.7174,629,,,0.5376,,,,,,13.2533,r0_measured_03469,read,measured,,,,,0.6099,,ok,0.3218
10.9638,629,,,0.4497,,,,,,12.4249,r0_measured_03470,read,measured,,,,,0.5938,,ok,0.3485
14.4539,663,,,0.6065,,,,,,16.263,r0_measured_03471,read,measured,,,,,0.7232,,ok,0.3993
56.087,369,8.3339,6.33,0.2157,1.3597,1,6.3285,1,21.2133,57.1164,r0_measured_03472,update,measured,14.8833,1.0294,1,11.8123,0.4514,13.3678,ok,0.3135
11.0908,629,,,0.5585,,,,,,12.5979,r0_measured_03473,read,measured,,,,,0.5284,,ok,0.3586
16.9485,681,,,0.8213,,,,,,19.3965,r0_measured_03474,read,measured,,,,,0.9226,,ok,0.6079
15.2205,688,,,0.5905,,,,,,16.9069,r0_measured_03475,read,measured,,,,,0.6724,,ok,0.3496
14.5666,657,,,0.6251,,,,,,16.2897,r0_measured_03476,read,measured,,,,,0.6558,,ok,0.3631
11.5456,679,,,0.5889,,,,,,13.1127,r0_measured_03477,read,measured,,,,,0.6047,,ok,0.3139
87.8778,508,10.2582,5.1226,0.4763,2.0191,1,5.1211,1,20.4967,89.2936,r0_measured_03478,update,measured,15.3741,1.4158,1,36.1748,0.5398,18.929,ok,0.3393
12.2808,689,,,0.5266,,,,,,13.8243,r0_measured_03479,read,measured,,,,,0.6099,,ok,0.3367
12.6134,675,,,0.513,,,,,,14.2768,r0_measured_03480,read,measured,,,,,0.6849,,ok,0.3843
11.4873,628,,,0.4485,,,,,,12.9194,r0_measured_03481,read,measured,,,,,0.5988,,ok,0.3199
10.0797,419,,,0.3092,,,,,,11.3334,r0_measured_03482,read,measured,,,,,0.5374,,ok,0.3425
16.9523,661,,,0.5755,,,,,,18.6089,r0_measured_03483,read,measured,,,,,0.6836,,ok,0.3287
9.8277,369,,,0.2246,,,,,,10.886,r0_measured_03484,read,measured,,,,,0.4845,,ok,0.2969
9.2902,368,,,0.2538,,,,,,10.5357,r0_measured_03485,read,measured,,,,,0.5432,,ok,0.3873
17.8727,680,,,0.6294,,,,,,19.612,r0_measured_03486,read,measured,,,,,0.6763,,ok,0.3588
15.9693,681,,,0.6482,,,,,,17.7675,r0_measured_03487,read,measured,,,,,0.7092,,ok,0.3596
23.7209,679,,,0.74,,,,,,25.7126,r0_measured_03488,read,measured,,,,,0.7816,,ok,0.3865
47.6489,419,9.1035,7.1382,0.2333,1.4301,0,7.1366,1,22.2423,48.6603,r0_measured_03489,update,measured,15.1041,1.0114,1,0.0049,0.4246,14.8681,ok,0.3075
12.4353,663,,,0.6707,,,,,,14.3312,r0_measured_03490,read,measured,,,,,0.7156,,ok,0.402
14.4511,629,,,0.5913,,,,,,16.1547,r0_measured_03491,read,measured,,,,,0.6463,,ok,0.3525
11.8665,676,,,0.5833,,,,,,13.6024,r0_measured_03492,read,measured,,,,,0.655,,ok,0.4203
12.8168,629,,,0.5326,,,,,,14.4698,r0_measured_03493,read,measured,,,,,0.7123,,ok,0.336
8.4313,419,,,0.2714,,,,,,9.6172,r0_measured_03494,read,measured,,,,,0.5101,,ok,0.3484
12.534,663,,,0.6583,,,,,,14.3652,r0_measured_03495,read,measured,,,,,0.7098,,ok,0.3826
9.8329,509,,,0.5097,,,,,,11.2942,r0_measured_03496,read,measured,,,,,0.5586,,ok,0.3304
12.4012,679,,,0.5989,,,,,,14.1178,r0_measured_03497,read,measured,,,,,0.6993,,ok,0.338
13.4347,689,,,0.58,,,,,,15.0656,r0_measured_03498,read,measured,,,,,0.6594,,ok,0.3216
13.679,689,,,0.7003,,,,,,15.4459,r0_measured_03499,read,measured,,,,,0.6529,,ok,0.3443
12.104,680,,,0.5477,,,,,,13.7473,r0_measured_03500,read,measured,,,,,0.7082,,ok,0.3171
85.0865,568,10.7821,6.4025,0.4683,1.9255,0,6.4006,1,29.6963,86.4438,r0_measured_03501,update,measured,23.2938,1.3573,1,19.5943,0.5154,23.0883,ok,0.3188
9.0503,508,,,0.5601,,,,,,10.6428,r0_measured_03502,read,measured,,,,,0.6078,,ok,0.3507
13.4863,681,,,0.6935,,,,,,15.4485,r0_measured_03503,read,measured,,,,,0.7878,,ok,0.4011
14.3088,663,,,0.7003,,,,,,16.1531,r0_measured_03504,read,measured,,,,,0.694,,ok,0.3695
12.3975,674,,,0.5569,,,,,,13.9822,r0_measured_03505,read,measured,,,,,0.6102,,ok,0.3455
16.0135,689,,,0.6601,,,,,,17.8175,r0_measured_03506,read,measured,,,,,0.6988,,ok,0.3635
14.63,680,,,0.5488,,,,,,16.1783,r0_measured_03507,read,measured,,,,,0.605,,ok,0.3256
11.8093,679,,,0.5827,,,,,,13.486,r0_measured_03508,read,measured,,,,,0.6756,,ok,0.3473
9.1646,419,,,0.2677,,,,,,10.3706,r0_measured_03509,read,measured,,,,,0.5078,,ok,0.3661
13.6285,509,,,0.5205,,,,,,15.1507,r0_measured_03510,read,measured,,,,,0.5757,,ok,0.357
16.192,679,,,0.6686,,,,,,18.1975,r0_measured_03511,read,measured,,,,,0.8111,,ok,0.4344
15.7947,679,,,0.6948,,,,,,17.7388,r0_measured_03512,read,measured,,,,,0.7298,,ok,0.4257
20.766,627,,,0.5781,,,,,,22.3771,r0_measured_03513,read,measured,,,,,0.6148,,ok,0.3481
13.9345,663,,,0.628,,,,,,16.0078,r0_measured_03514,read,measured,,,,,0.9443,,ok,0.4165
13.9518,675,,,0.66,,,,,,15.8649,r0_measured_03515,read,measured,,,,,0.7575,,ok,0.4086
15.2558,681,,,0.7106,,,,,,17.1316,r0_measured_03516,read,measured,,,,,0.6957,,ok,0.3897
9.4311,369,,,0.2493,,,,,,10.6917,r0_measured_03517,read,measured,,,,,0.5573,,ok,0.3931
12.8197,629,,,0.5969,,,,,,14.6469,r0_measured_03518,read,measured,,,,,0.7482,,ok,0.4056
14.0797,688,,,0.7336,,,,,,16.0687,r0_measured_03519,read,measured,,,,,0.7777,,ok,0.3895
14.382,689,,,0.5866,,,,,,16.0615,r0_measured_03520,read,measured,,,,,0.6749,,ok,0.3458
12.0694,629,,,0.5699,,,,,,13.8101,r0_measured_03521,read,measured,,,,,0.7366,,ok,0.3575
12.6704,629,,,0.5953,,,,,,14.3606,r0_measured_03522,read,measured,,,,,0.659,,ok,0.362
17.5148,680,,,0.6736,,,,,,19.353,r0_measured_03523,read,measured,,,,,0.7067,,ok,0.3733
18.5828,676,,,0.5759,,,,,,20.2573,r0_measured_03524,read,measured,,,,,0.6709,,ok,0.3535
13.1129,663,,,0.5274,,,,,,14.8184,r0_measured_03525,read,measured,,,,,0.7603,,ok,0.3411
13.528,680,,,0.5824,,,,,,15.3675,r0_measured_03526,read,measured,,,,,0.7415,,ok,0.4349
14.5047,663,,,0.5676,,,,,,16.2419,r0_measured_03527,read,measured,,,,,0.6808,,ok,0.4055
10.3252,509,,,0.5253,,,,,,11.8892,r0_measured_03528,read,measured,,,,,0.6156,,ok,0.366
7.9756,369,,,0.2252,,,,,,8.9444,r0_measured_03529,read,measured,,,,,0.3948,,ok,0.305
13.121,681,,,0.7373,,,,,,15.009,r0_measured_03530,read,measured,,,,,0.7162,,ok,0.3529
11.5353,509,,,0.5003,,,,,,13.0818,r0_measured_03531,read,measured,,,,,0.6284,,ok,0.3508
13.3971,681,,,0.652,,,,,,15.2911,r0_measured_03532,read,measured,,,,,0.7173,,ok,0.4409
13.5343,629,,,0.4765,,,,,,14.995,r0_measured_03533,read,measured,,,,,0.593,,ok,0.3247
13.698,629,,,0.6828,,,,,,15.6575,r0_measured_03534,read,measured,,,,,0.7378,,ok,0.4422
14.7461,675,,,0.6181,,,,,,16.5598,r0_measured_03535,read,measured,,,,,0.7382,,ok,0.3776
13.1027,663,,,0.5224,,,,,,14.6112,r0_measured_03536,read,measured,,,,,0.5895,,ok,0.3336
13.7416,628,,,0.5897,,,,,,15.5075,r0_measured_03537,read,measured,,,,,0.686,,ok,0.4062
12.8728,663,,,0.5955,,,,,,14.5386,r0_measured_03538,read,measured,,,,,0.6504,,ok,0.3509
6.7931,369,,,0.2435,,,,,,7.983,r0_measured_03539,read,measured,,,,,0.5685,,ok,0.3216
12.4309,681,,,0.5153,,,,,,14.1063,r0_measured_03540,read,measured,,,,,0.7652,,ok,0.3234
12.1745,680,,,0.545,,,,,,13.7683,r0_measured_03541,read,measured,,,,,0.6375,,ok,0.3411
12.0715,419,,,0.3214,,,,,,13.367,r0_measured_03542,read,measured,,,,,0.5262,,ok,0.3706
71.3947,679,21.9294,3.8103,0.5845,2.5913,1,3.8087,1,23.1245,73.1364,r0_measured_03543,update,measured,19.3142,1.7417,1,0.0058,0.6361,23.7437,ok,0.4297
14.2137,567,,,0.5737,,,,,,15.7926,r0_measured_03544,read,measured,,,,,0.5927,,ok,0.3455
14.7148,688,,,0.6534,,,,,,16.4687,r0_measured_03545,read,measured,,,,,0.6601,,ok,0.3562
13.3861,689,,,0.6391,,,,,,15.2757,r0_measured_03546,read,measured,,,,,0.75,,ok,0.4204
10.0057,419,,,0.2735,,,,,,11.2707,r0_measured_03547,read,measured,,,,,0.5775,,ok,0.351
14.0243,662,,,0.5978,,,,,,15.7683,r0_measured_03548,read,measured,,,,,0.6687,,ok,0.3936
8.5419,419,,,0.2459,,,,,,9.6393,r0_measured_03549,read,measured,,,,,0.4794,,ok,0.3152
30.2101,681,,,0.6892,,,,,,31.9833,r0_measured_03550,read,measured,,,,,0.632,,ok,0.3753
10.8856,568,,,0.5195,,,,,,12.4589,r0_measured_03551,read,measured,,,,,0.6769,,ok,0.3124
11.9631,680,,,0.5718,,,,,,13.5603,r0_measured_03552,read,measured,,,,,0.6148,,ok,0.3464
9.4865,508,,,0.4691,,,,,,10.9998,r0_measured_03553,read,measured,,,,,0.6417,,ok,0.3291
12.3424,568,,,0.6466,,,,,,14.1655,r0_measured_03554,read,measured,,,,,0.6705,,ok,0.425
13.99,680,,,0.6368,,,,,,15.7342,r0_measured_03555,read,measured,,,,,0.6853,,ok,0.3473
17.5092,689,,,0.5819,,,,,,19.3447,r0_measured_03556,read,measured,,,,,0.8408,,ok,0.3344
12.2432,629,,,0.4952,,,,,,13.8468,r0_measured_03557,read,measured,,,,,0.5734,,ok,0.4508
12.6157,674,,,0.6961,,,,,,14.5161,r0_measured_03558,read,measured,,,,,0.7268,,ok,0.3923
12.8438,680,,,0.6378,,,,,,14.5689,r0_measured_03559,read,measured,,,,,0.6594,,ok,0.3547
8.6896,367,,,0.2456,,,,,,9.9562,r0_measured_03560,read,measured,,,,,0.5555,,ok,0.4007
12.5578,661,,,0.5858,,,,,,14.2031,r0_measured_03561,read,measured,,,,,0.6574,,ok,0.3351
9.8724,568,,,0.4792,,,,,,11.5459,r0_measured_03562,read,measured,,,,,0.7429,,ok,0.3892
12.1187,629,,,0.5791,,,,,,13.7294,r0_measured_03563,read,measured,,,,,0.6177,,ok,0.3354
16.0743,687,,,0.5966,,,,,,17.6414,r0_measured_03564,read,measured,,,,,0.58,,ok,0.3185
14.1846,680,,,0.5115,,,,,,15.6962,r0_measured_03565,read,measured,,,,,0.6025,,ok,0.3264
10.3867,509,,,0.4669,,,,,,12.0496,r0_measured_03566,read,measured,,,,,0.732,,ok,0.393
13.3763,674,,,0.5741,,,,,,15.2156,r0_measured_03567,read,measured,,,,,0.8174,,ok,0.3628
12.3279,681,,,0.7135,,,,,,14.1465,r0_measured_03568,read,measured,,,,,0.6408,,ok,0.3863
12.4223,675,,,0.5415,,,,,,13.9268,r0_measured_03569,read,measured,,,,,0.5509,,ok,0.3437
20.6238,689,,,0.6086,,,,,,22.3517,r0_measured_03570,read,measured,,,,,0.6775,,ok,0.3613
13.4557,629,,,0.6603,,,,,,15.2476,r0_measured_03571,read,measured,,,,,0.6978,,ok,0.352
8.515,419,,,0.2486,,,,,,9.6934,r0_measured_03572,read,measured,,,,,0.5206,,ok,0.3267
11.6613,689,,,0.539,,,,,,13.1435,r0_measured_03573,read,measured,,,,,0.5396,,ok,0.3378
75.1728,629,19.0211,4.6021,0.6812,2.1217,1,4.6007,1,22.0434,77.0706,r0_measured_03574,update,measured,17.4413,1.8978,1,11.6589,0.7119,20.3277,ok,0.4147
16.6914,509,,,0.5672,,,,,,18.4507,r0_measured_03575,read,measured,,,,,0.7267,,ok,0.3919
21.9156,629,,,0.6548,,,,,,23.7881,r0_measured_03576,read,measured,,,,,0.6492,,ok,0.4763
12.5694,509,,,0.6266,,,,,,14.586,r0_measured_03577,read,measured,,,,,0.7779,,ok,0.5249
15.4359,679,,,0.6859,,,,,,17.4461,r0_measured_03578,read,measured,,,,,0.7222,,ok,0.4958
15.5868,689,,,0.6369,,,,,,17.3388,r0_measured_03579,read,measured,,,,,0.6569,,ok,0.3797
14.5685,680,,,0.6496,,,,,,16.5156,r0_measured_03580,read,measured,,,,,0.7541,,ok,0.4532
13.9754,565,,,0.5285,,,,,,15.6185,r0_measured_03581,read,measured,,,,,0.652,,ok,0.3917
15.8493,675,,,0.5838,,,,,,17.5383,r0_measured_03582,read,measured,,,,,0.6656,,ok,0.3612
12.8644,679,,,0.5696,,,,,,14.5313,r0_measured_03583,read,measured,,,,,0.6906,,ok,0.3383
14.6245,688,,,0.7618,,,,,,16.418,r0_measured_03584,read,measured,,,,,0.5677,,ok,0.3762
82.8888,675,13.0896,12.5968,0.6169,2.3964,1,12.595,1,31.8251,84.5031,r0_measured_03585,update,measured,19.2283,1.6143,1,12.0703,0.5756,23.5074,ok,0.351
13.2975,663,,,0.5418,,,,,,14.9672,r0_measured_03586,read,measured,,,,,0.6722,,ok,0.3645
11.7747,674,,,0.4728,,,,,,13.2514,r0_measured_03587,read,measured,,,,,0.6024,,ok,0.3377
11.9813,680,,,0.5511,,,,,,13.5197,r0_measured_03588,read,measured,,,,,0.5764,,ok,0.3363
68.6171,509,11.2017,6.721,0.5127,1.8777,0,6.7187,1,27.2204,70.3376,r0_measured_03589,update,measured,20.4994,1.7205,1,12.0479,0.6078,16.2694,ok,0.519
13.6565,680,,,0.5094,,,,,,15.2599,r0_measured_03590,read,measured,,,,,0.6781,,ok,0.3487
14.2228,689,,,0.6665,,,,,,16.239,r0_measured_03591,read,measured,,,,,0.8898,,ok,0.3803
9.1696,419,,,0.2406,,,,,,10.2157,r0_measured_03592,read,measured,,,,,0.4571,,ok,0.2997
6.786,367,,,0.1926,,,,,,7.7262,r0_measured_03593,read,measured,,,,,0.4092,,ok,0.2955
12.0926,680,,,0.7359,,,,,,13.889,r0_measured_03594,read,measured,,,,,0.6364,,ok,0.3407
12.6329,689,,,0.624,,,,,,14.5133,r0_measured_03595,read,measured,,,,,0.7684,,ok,0.4082
12.3048,629,,,0.6482,,,,,,13.9248,r0_measured_03596,read,measured,,,,,0.5625,,ok,0.3435
11.566,566,,,0.5189,,,,,,13.1405,r0_measured_03597,read,measured,,,,,0.5821,,ok,0.4056
7.0431,369,,,0.1985,,,,,,7.9609,r0_measured_03598,read,measured,,,,,0.3912,,ok,0.2834
10.6377,629,,,0.7305,,,,,,12.545,r0_measured_03599,read,measured,,,,,0.7051,,ok,0.3804
13.0448,680,,,0.5793,,,,,,14.8539,r0_measured_03600,read,measured,,,,,0.6777,,ok,0.4671
11.1883,568,,,0.512,,,,,,12.7348,r0_measured_03601,read,measured,,,,,0.6058,,ok,0.3612
15.6326,680,,,0.5203,,,,,,17.2684,r0_measured_03602,read,measured,,,,,0.6996,,ok,0.3403
8.4512,369,,,0.2632,,,,,,9.687,r0_measured_03603,read,measured,,,,,0.5421,,ok,0.3718
14.1938,679,,,0.6031,,,,,,15.8931,r0_measured_03604,read,measured,,,,,0.6642,,ok,0.3522
12.269,675,,,0.5363,,,,,,13.8868,r0_measured_03605,read,measured,,,,,0.5988,,ok,0.3665
9.8678,566,,,0.4917,,,,,,11.3908,r0_measured_03606,read,measured,,,,,0.5827,,ok,0.3818
9.0864,418,,,0.4124,,,,,,10.655,r0_measured_03607,read,measured,,,,,0.6536,,ok,0.4232
10.4757,509,,,0.5229,,,,,,12.138,r0_measured_03608,read,measured,,,,,0.6476,,ok,0.4231
10.5263,508,,,0.4341,,,,,,11.9356,r0_measured_03609,read,measured,,,,,0.5608,,ok,0.3588
10.2429,508,,,0.5238,,,,,,11.7787,r0_measured_03610,read,measured,,,,,0.5976,,ok,0.3468
12.071,419,,,0.2233,,,,,,13.0824,r0_measured_03611,read,measured,,,,,0.4483,,ok,0.2923
12.7504,568,,,0.7548,,,,,,14.5471,r0_measured_03612,read,measured,,,,,0.6109,,ok,0.3495
9.8579,419,,,0.2456,,,,,,10.9683,r0_measured_03613,read,measured,,,,,0.4757,,ok,0.303
13.8782,680,,,0.537,,,,,,15.4021,r0_measured_03614,read,measured,,,,,0.5764,,ok,0.3386
16.0235,680,,,0.5722,,,,,,17.8938,r0_measured_03615,read,measured,,,,,0.7124,,ok,0.5053
16.4405,568,,,0.6948,,,,,,18.7086,r0_measured_03616,read,measured,,,,,0.9512,,ok,0.5228
16.7612,629,,,0.6339,,,,,,18.6463,r0_measured_03617,read,measured,,,,,0.7553,,ok,0.4116
11.1936,369,,,0.2426,,,,,,12.5446,r0_measured_03618,read,measured,,,,,0.687,,ok,0.3644
14.9378,681,,,0.5602,,,,,,16.5771,r0_measured_03619,read,measured,,,,,0.6552,,ok,0.3462
13.4229,675,,,0.6405,,,,,,15.1743,r0_measured_03620,read,measured,,,,,0.6559,,ok,0.3738
12.7178,629,,,0.5821,,,,,,14.3704,r0_measured_03621,read,measured,,,,,0.619,,ok,0.3624
13.778,680,,,0.5439,,,,,,15.3798,r0_measured_03622,read,measured,,,,,0.6511,,ok,0.3382
14.704,663,,,0.6152,,,,,,16.502,r0_measured_03623,read,measured,,,,,0.7549,,ok,0.3516
12.8574,680,,,0.5552,,,,,,14.357,r0_measured_03624,read,measured,,,,,0.5579,,ok,0.3227
11.5666,629,,,0.5705,,,,,,13.1618,r0_measured_03625,read,measured,,,,,0.592,,ok,0.3546
14.9295,681,,,0.7175,,,,,,17.0072,r0_measured_03626,read,measured,,,,,0.8338,,ok,0.4295
13.1197,629,,,0.6034,,,,,,14.829,r0_measured_03627,read,measured,,,,,0.6745,,ok,0.355
9.9044,509,,,0.4345,,,,,,11.3669,r0_measured_03628,read,measured,,,,,0.6348,,ok,0.3274
11.8044,679,,,0.5792,,,,,,13.4243,r0_measured_03629,read,measured,,,,,0.6537,,ok,0.317
13.1129,689,,,1.21,,,,,,15.606,r0_measured_03630,read,measured,,,,,0.7854,,ok,0.3977
8.4245,368,,,0.213,,,,,,9.6278,r0_measured_03631,read,measured,,,,,0.4869,,ok,0.445
8.0191,419,,,0.2209,,,,,,9.0584,r0_measured_03632,read,measured,,,,,0.4539,,ok,0.3153
9.4069,509,,,0.4294,,,,,,10.8969,r0_measured_03633,read,measured,,,,,0.6666,,ok,0.3259
9.608,508,,,0.3652,,,,,,10.8431,r0_measured_03634,read,measured,,,,,0.4989,,ok,0.3147
12.072,675,,,0.5774,,,,,,13.9486,r0_measured_03635,read,measured,,,,,0.8263,,ok,0.3884
14.0913,681,,,0.6054,,,,,,15.9922,r0_measured_03636,read,measured,,,,,0.772,,ok,0.4481
8.4556,419,,,0.2284,,,,,,9.5749,r0_measured_03637,read,measured,,,,,0.4787,,ok,0.3597
12.4862,679,,,0.7994,,,,,,14.6415,r0_measured_03638,read,measured,,,,,0.7506,,ok,0.5067
16.0986,680,,,0.5391,,,,,,17.7782,r0_measured_03639,read,measured,,,,,0.6161,,ok,0.4405
8.9216,419,,,0.2582,,,,,,10.1411,r0_measured_03640,read,measured,,,,,0.5047,,ok,0.3927
16.8285,568,,,0.5401,,,,,,18.4998,r0_measured_03641,read,measured,,,,,0.6775,,ok,0.374
19.0541,680,,,0.5546,,,,,,20.7516,r0_measured_03642,read,measured,,,,,0.7068,,ok,0.3567
11.1219,629,,,0.5492,,,,,,12.6666,r0_measured_03643,read,measured,,,,,0.5967,,ok,0.33
17.6679,627,,,0.5433,,,,,,19.3484,r0_measured_03644,read,measured,,,,,0.6626,,ok,0.3774
12.3405,568,,,0.5031,,,,,,13.8006,r0_measured_03645,read,measured,,,,,0.5658,,ok,0.3248
7.1997,369,,,0.2103,,,,,,8.1593,r0_measured_03646,read,measured,,,,,0.3957,,ok,0.3094
7.6013,419,,,0.5147,,,,,,9.2816,r0_measured_03647,read,measured,,,,,0.7326,,ok,0.3712
8.9523,367,,,0.2371,,,,,,10.0798,r0_measured_03648,read,measured,,,,,0.5035,,ok,0.3281
12.7474,689,,,0.5604,,,,,,14.2436,r0_measured_03649,read,measured,,,,,0.5617,,ok,0.3075
10.3983,509,,,0.5451,,,,,,12.1619,r0_measured_03650,read,measured,,,,,0.739,,ok,0.4016
13.6541,663,,,0.5645,,,,,,15.3988,r0_measured_03651,read,measured,,,,,0.7347,,ok,0.3639
11.5807,568,,,0.5095,,,,,,13.2327,r0_measured_03652,read,measured,,,,,0.688,,ok,0.3731
17.9013,680,,,0.5749,,,,,,19.6159,r0_measured_03653,read,measured,,,,,0.6991,,ok,0.3611
14.4781,663,,,0.5732,,,,,,16.3194,r0_measured_03654,read,measured,,,,,0.784,,ok,0.3928
13.3309,657,,,0.5302,,,,,,14.9674,r0_measured_03655,read,measured,,,,,0.6935,,ok,0.3375
13.4667,681,,,0.6076,,,,,,15.3721,r0_measured_03656,read,measured,,,,,0.7834,,ok,0.4166
13.5967,675,,,0.5639,,,,,,15.2386,r0_measured_03657,read,measured,,,,,0.6628,,ok,0.3381
12.4448,629,,,0.6514,,,,,,14.3411,r0_measured_03658,read,measured,,,,,0.7692,,ok,0.3861
8.8212,418,,,0.2717,,,,,,10.0144,r0_measured_03659,read,measured,,,,,0.5405,,ok,0.3211
8.3739,419,,,0.2556,,,,,,9.4744,r0_measured_03660,read,measured,,,,,0.4712,,ok,0.3184
13.6271,663,,,0.5981,,,,,,15.2842,r0_measured_03661,read,measured,,,,,0.6428,,ok,0.3449
11.4617,629,,,0.6016,,,,,,13.0776,r0_measured_03662,read,measured,,,,,0.583,,ok,0.3566
12.8087,509,,,0.4944,,,,,,14.3351,r0_measured_03663,read,measured,,,,,0.5877,,ok,0.3795
12.2947,675,,,0.5471,,,,,,14.0179,r0_measured_03664,read,measured,,,,,0.7601,,ok,0.3352
9.528,508,,,0.3985,,,,,,10.7797,r0_measured_03665,read,measured,,,,,0.479,,ok,0.3185
7.5628,369,,,0.3885,,,,,,9.1384,r0_measured_03666,read,measured,,,,,0.5854,,ok,0.5274
11.9384,509,,,0.5283,,,,,,13.6694,r0_measured_03667,read,measured,,,,,0.756,,ok,0.3711
13.3054,663,,,0.4881,,,,,,14.8362,r0_measured_03668,read,measured,,,,,0.6385,,ok,0.3363
13.1933,663,,,0.5594,,,,,,14.8371,r0_measured_03669,read,measured,,,,,0.6803,,ok,0.3284
12.0421,663,,,0.4719,,,,,,13.5991,r0_measured_03670,read,measured,,,,,0.69,,ok,0.324
11.4279,629,,,0.6001,,,,,,13.1711,r0_measured_03671,read,measured,,,,,0.7095,,ok,0.3645
12.3343,662,,,0.6409,,,,,,14.1764,r0_measured_03672,read,measured,,,,,0.7321,,ok,0.3857
11.2157,568,,,0.5259,,,,,,12.6682,r0_measured_03673,read,measured,,,,,0.53,,ok,0.3365
11.2156,629,,,0.6591,,,,,,13.1475,r0_measured_03674,read,measured,,,,,0.826,,ok,0.3739
8.5789,418,,,0.277,,,,,,9.7166,r0_measured_03675,read,measured,,,,,0.4707,,ok,0.3308
11.4213,508,,,0.5364,,,,,,13.0994,r0_measured_03676,read,measured,,,,,0.6982,,ok,0.3777
12.9016,675,,,0.5621,,,,,,14.731,r0_measured_03677,read,measured,,,,,0.8135,,ok,0.3659
12.1661,680,,,0.5208,,,,,,13.6713,r0_measured_03678,read,measured,,,,,0.6013,,ok,0.3181
7.5325,418,,,0.2206,,,,,,8.6072,r0_measured_03679,read,measured,,,,,0.4804,,ok,0.3271
11.9935,629,,,0.5781,,,,,,13.7578,r0_measured_03680,read,measured,,,,,0.7068,,ok,0.3977
12.3892,675,,,0.5075,,,,,,13.8939,r0_measured_03681,read,measured,,,,,0.5873,,ok,0.341
15.659,509,,,0.5675,,,,,,17.3563,r0_measured_03682,read,measured,,,,,0.6575,,ok,0.3959
14.5623,681,,,0.5709,,,,,,16.1775,r0_measured_03683,read,measured,,,,,0.6193,,ok,0.3504
11.854,629,,,0.557,,,,,,13.4751,r0_measured_03684,read,measured,,,,,0.6077,,ok,0.3506
10.74,567,,,0.5081,,,,,,12.2339,r0_measured_03685,read,measured,,,,,0.581,,ok,0.3361
9.0258,418,,,0.3175,,,,,,10.6524,r0_measured_03686,read,measured,,,,,0.6256,,ok,0.6119
15.9477,681,,,0.9084,,,,,,18.431,r0_measured_03687,read,measured,,,,,1.0097,,ok,0.4642
19.1741,680,,,0.7782,,,,,,21.5723,r0_measured_03688,read,measured,,,,,0.937,,ok,0.5785
17.7848,689,,,0.6345,,,,,,19.78,r0_measured_03689,read,measured,,,,,0.8216,,ok,0.4453
16.1081,681,,,0.6345,,,,,,17.9357,r0_measured_03690,read,measured,,,,,0.778,,ok,0.3287
10.9712,628,,,0.5225,,,,,,12.5277,r0_measured_03691,read,measured,,,,,0.6129,,ok,0.3526
7.8886,419,,,0.2743,,,,,,8.9828,r0_measured_03692,read,measured,,,,,0.4544,,ok,0.3158
10.5087,508,,,0.6186,,,,,,12.3661,r0_measured_03693,read,measured,,,,,0.7115,,ok,0.4417
11.3088,567,,,0.5375,,,,,,12.8747,r0_measured_03694,read,measured,,,,,0.6372,,ok,0.3253
12.0751,680,,,0.6455,,,,,,13.9096,r0_measured_03695,read,measured,,,,,0.6774,,ok,0.3823
13.8023,675,,,0.7151,,,,,,15.7632,r0_measured_03696,read,measured,,,,,0.7679,,ok,0.3866
9.2696,419,,,0.327,,,,,,10.5295,r0_measured_03697,read,measured,,,,,0.5083,,ok,0.3693
12.867,675,,,0.5341,,,,,,14.4802,r0_measured_03698,read,measured,,,,,0.679,,ok,0.3245
11.9829,680,,,0.8014,,,,,,14.0618,r0_measured_03699,read,measured,,,,,0.6101,,ok,0.5759
13.6066,509,,,0.4955,,,,,,15.1665,r0_measured_03700,read,measured,,,,,0.6024,,ok,0.3893
16.4414,663,,,0.6824,,,,,,18.5227,r0_measured_03701,read,measured,,,,,0.8626,,ok,0.4326
11.9462,568,,,0.565,,,,,,13.6068,r0_measured_03702,read,measured,,,,,0.675,,ok,0.3433
12.9317,680,,,0.6214,,,,,,14.868,r0_measured_03703,read,measured,,,,,0.8267,,ok,0.4008
12.5823,629,,,0.4592,,,,,,14.1341,r0_measured_03704,read,measured,,,,,0.6946,,ok,0.3312
14.2146,679,,,0.6067,,,,,,16.0095,r0_measured_03705,read,measured,,,,,0.7339,,ok,0.372
15.448,661,,,0.542,,,,,,17.0938,r0_measured_03706,read,measured,,,,,0.6524,,ok,0.3768
12.9588,681,,,0.5069,,,,,,14.4784,r0_measured_03707,read,measured,,,,,0.6104,,ok,0.3295
11.6329,680,,,0.5608,,,,,,13.3664,r0_measured_03708,read,measured,,,,,0.7187,,ok,0.3719
13.0264,689,,,0.5652,,,,,,14.8453,r0_measured_03709,read,measured,,,,,0.7903,,ok,0.382
12.4091,628,,,0.6747,,,,,,14.2223,r0_measured_03710,read,measured,,,,,0.6758,,ok,0.3889
15.2271,663,,,0.5608,,,,,,16.9378,r0_measured_03711,read,measured,,,,,0.7175,,ok,0.3378
10.5081,509,,,0.5017,,,,,,12.0007,r0_measured_03712,read,measured,,,,,0.612,,ok,0.3181
72.9927,566,11.0899,6.559,0.527,1.9837,0,6.5562,1,26.5111,74.3983,r0_measured_03713,update,measured,19.9521,1.4056,1,11.9373,0.4835,21.4707,ok,0.3361
11.8555,680,,,0.5264,,,,,,13.4605,r0_measured_03714,read,measured,,,,,0.677,,ok,0.3266
12.2199,689,,,0.5651,,,,,,13.898,r0_measured_03715,read,measured,,,,,0.7195,,ok,0.3266
11.0986,627,,,0.5517,,,,,,13.1315,r0_measured_03716,read,measured,,,,,0.5752,,ok,0.7791
12.8506,689,,,0.5388,,,,,,14.4458,r0_measured_03717,read,measured,,,,,0.6552,,ok,0.3275
7.8702,419,,,0.2147,,,,,,8.8609,r0_measured_03718,read,measured,,,,,0.4294,,ok,0.2986
9.915,568,,,0.6324,,,,,,11.692,r0_measured_03719,read,measured,,,,,0.5211,,ok,0.5459
12.7977,629,,,0.4827,,,,,,14.3438,r0_measured_03720,read,measured,,,,,0.6553,,ok,0.3356
12.9003,688,,,0.6245,,,,,,14.6568,r0_measured_03721,read,measured,,,,,0.6823,,ok,0.3719
9.755,419,,,0.4769,,,,,,11.5685,r0_measured_03722,read,measured,,,,,0.6882,,ok,0.5562
14.1659,508,,,0.5624,,,,,,15.9489,r0_measured_03723,read,measured,,,,,0.7115,,ok,0.4302
24.8971,568,,,0.7077,,,,,,27.1034,r0_measured_03724,read,measured,,,,,0.9059,,ok,0.4926
14.0287,566,,,0.4929,,,,,,15.5895,r0_measured_03725,read,measured,,,,,0.6262,,ok,0.3661
11.113,509,,,0.3975,,,,,,12.459,r0_measured_03726,read,measured,,,,,0.555,,ok,0.3312
12.5025,680,,,0.5381,,,,,,14.0138,r0_measured_03727,read,measured,,,,,0.5855,,ok,0.3225
77.7817,677,13.6563,6.6296,0.6201,2.4495,1,6.6281,1,26.3698,79.5917,r0_measured_03728,update,measured,19.7402,1.81,1,13.3626,0.745,21.9435,ok,0.3661
12.0107,689,,,0.5499,,,,,,13.702,r0_measured_03729,read,measured,,,,,0.7058,,ok,0.3641
7.2473,369,,,0.2207,,,,,,8.2866,r0_measured_03730,read,measured,,,,,0.4426,,ok,0.328
12.1637,663,,,0.5252,,,,,,13.7999,r0_measured_03731,read,measured,,,,,0.68,,ok,0.3554
11.8004,675,,,0.5294,,,,,,13.5007,r0_measured_03732,read,measured,,,,,0.7035,,ok,0.394
11.6483,688,,,0.5519,,,,,,13.3958,r0_measured_03733,read,measured,,,,,0.8054,,ok,0.3196
8.1598,419,,,0.2423,,,,,,9.3194,r0_measured_03734,read,measured,,,,,0.4553,,ok,0.3981
12.207,680,,,0.5096,,,,,,13.6978,r0_measured_03735,read,measured,,,,,0.6173,,ok,0.3043
7.9867,419,,,0.2436,,,,,,9.1717,r0_measured_03736,read,measured,,,,,0.5862,,ok,0.2986
12.0475,680,,,0.4539,,,,,,13.4755,r0_measured_03737,read,measured,,,,,0.6064,,ok,0.3032
7.8611,419,,,0.2233,,,,,,8.8235,r0_measured_03738,read,measured,,,,,0.3944,,ok,0.3011
11.2451,629,,,0.5398,,,,,,12.8555,r0_measured_03739,read,measured,,,,,0.6562,,ok,0.3419
12.2965,663,,,0.4479,,,,,,13.7555,r0_measured_03740,read,measured,,,,,0.6116,,ok,0.3293
8.3937,367,,,0.2062,,,,,,9.4871,r0_measured_03741,read,measured,,,,,0.4941,,ok,0.341
13.7009,681,,,0.5247,,,,,,15.3664,r0_measured_03742,read,measured,,,,,0.6989,,ok,0.366
9.4082,419,,,0.2429,,,,,,10.48,r0_measured_03743,read,measured,,,,,0.4589,,ok,0.3206
9.5756,509,,,0.387,,,,,,10.8498,r0_measured_03744,read,measured,,,,,0.518,,ok,0.3111
13.3205,675,,,0.5466,,,,,,15.1647,r0_measured_03745,read,measured,,,,,0.8414,,ok,0.3761
14.6312,689,,,0.4767,,,,,,16.1922,r0_measured_03746,read,measured,,,,,0.6841,,ok,0.3389
8.4691,368,,,0.2447,,,,,,9.616,r0_measured_03747,read,measured,,,,,0.527,,ok,0.3128
9.1944,368,,,0.2345,,,,,,10.2119,r0_measured_03748,read,measured,,,,,0.4438,,ok,0.2923
11.5786,680,,,0.6351,,,,,,13.3295,r0_measured_03749,read,measured,,,,,0.6974,,ok,0.3413
21.9342,509,,,0.4352,,,,,,23.279,r0_measured_03750,read,measured,,,,,0.5295,,ok,0.3146
8.5247,419,,,0.2225,,,,,,9.6083,r0_measured_03751,read,measured,,,,,0.4468,,ok,0.3597
86.1157,680,12.1342,6.0977,0.5913,2.5231,1,6.0962,1,27.0035,87.716,r0_measured_03752,update,measured,20.9058,1.6003,1,17.1872,0.5991,27.2677,ok,0.3343
11.5877,679,,,0.5008,,,,,,13.139,r0_measured_03753,read,measured,,,,,0.669,,ok,0.3186
10.0907,568,,,0.5834,,,,,,11.9449,r0_measured_03754,read,measured,,,,,0.7308,,ok,0.4587
12.9075,688,,,0.498,,,,,,14.4225,r0_measured_03755,read,measured,,,,,0.6082,,ok,0.3413
10.9584,568,,,0.562,,,,,,12.5311,r0_measured_03756,read,measured,,,,,0.5461,,ok,0.4033
13.5804,679,,,0.7406,,,,,,15.7595,r0_measured_03757,read,measured,,,,,0.8838,,ok,0.4703
13.919,419,,,0.312,,,,,,15.187,r0_measured_03758,read,measured,,,,,0.5502,,ok,0.3393
13.153,629,,,0.5275,,,,,,14.8092,r0_measured_03759,read,measured,,,,,0.7381,,ok,0.325
18.3637,680,,,0.5148,,,,,,19.933,r0_measured_03760,read,measured,,,,,0.6403,,ok,0.3408
19.3167,681,,,0.5121,,,,,,20.8304,r0_measured_03761,read,measured,,,,,0.5997,,ok,0.3307
8.836,509,,,0.3906,,,,,,10.0835,r0_measured_03762,read,measured,,,,,0.4801,,ok,0.319
12.4149,688,,,0.4886,,,,,,14.0635,r0_measured_03763,read,measured,,,,,0.6918,,ok,0.3948
10.8514,566,,,0.4016,,,,,,12.1872,r0_measured_03764,read,measured,,,,,0.564,,ok,0.3026
12.1073,689,,,0.6345,,,,,,14.1032,r0_measured_03765,read,measured,,,,,0.8316,,ok,0.433
14.2075,689,,,0.546,,,,,,15.9561,r0_measured_03766,read,measured,,,,,0.7433,,ok,0.3836
10.5606,508,,,0.4185,,,,,,11.8591,r0_measured_03767,read,measured,,,,,0.4898,,ok,0.3339
12.9865,689,,,0.5454,,,,,,14.5846,r0_measured_03768,read,measured,,,,,0.6295,,ok,0.3381
11.6076,681,,,0.5179,,,,,,13.2476,r0_measured_03769,read,measured,,,,,0.723,,ok,0.3327
13.7252,688,,,0.6795,,,,,,15.478,r0_measured_03770,read,measured,,,,,0.6472,,ok,0.3497
7.5885,367,,,0.2071,,,,,,8.5556,r0_measured_03771,read,measured,,,,,0.4231,,ok,0.2933
7.9221,419,,,0.239,,,,,,9.0749,r0_measured_03772,read,measured,,,,,0.4897,,ok,0.372
12.4552,663,,,0.5893,,,,,,14.2954,r0_measured_03773,read,measured,,,,,0.7759,,ok,0.3917
12.956,681,,,0.579,,,,,,14.5336,r0_measured_03774,read,measured,,,,,0.59,,ok,0.3433
13.2117,681,,,0.6658,,,,,,15.1139,r0_measured_03775,read,measured,,,,,0.7712,,ok,0.3788
14.4177,689,,,0.7301,,,,,,16.2917,r0_measured_03776,read,measured,,,,,0.6979,,ok,0.3723
19.3419,675,,,0.5177,,,,,,21.1118,r0_measured_03777,read,measured,,,,,0.8291,,ok,0.3522
62.1185,628,12.2228,5.8063,0.5768,2.1419,1,5.8043,1,27.1544,63.8783,r0_measured_03778,update,measured,21.3481,1.7598,1,0.0064,0.7138,20.593,ok,0.3834
12.0434,681,,,0.577,,,,,,13.7352,r0_measured_03779,read,measured,,,,,0.6371,,ok,0.4023
13.9385,675,,,0.6564,,,,,,15.9178,r0_measured_03780,read,measured,,,,,0.7825,,ok,0.4494
11.9033,567,,,0.7797,,,,,,13.8642,r0_measured_03781,read,measured,,,,,0.6784,,ok,0.4226
13.5341,681,,,0.6558,,,,,,15.4604,r0_measured_03782,read,measured,,,,,0.7753,,ok,0.411
14.1918,369,,,0.2664,,,,,,15.5404,r0_measured_03783,read,measured,,,,,0.6823,,ok,0.3404
12.4908,680,,,0.7125,,,,,,14.3923,r0_measured_03784,read,measured,,,,,0.7578,,ok,0.3657
13.6222,680,,,0.6588,,,,,,15.5638,r0_measured_03785,read,measured,,,,,0.8462,,ok,0.3555
12.9149,688,,,0.4536,,,,,,14.6076,r0_measured_03786,read,measured,,,,,0.8446,,ok,0.3317
7.0784,369,,,0.1966,,,,,,8.0369,r0_measured_03787,read,measured,,,,,0.4313,,ok,0.2894
11.259,629,,,0.6638,,,,,,13.1155,r0_measured_03788,read,measured,,,,,0.6757,,ok,0.4342
11.9707,679,,,0.4695,,,,,,13.4444,r0_measured_03789,read,measured,,,,,0.6307,,ok,0.3104
9.3471,509,,,0.4965,,,,,,10.9924,r0_measured_03790,read,measured,,,,,0.7142,,ok,0.3631
12.0193,663,,,0.5518,,,,,,13.6408,r0_measured_03791,read,measured,,,,,0.6035,,ok,0.3442
12.6351,663,,,0.6262,,,,,,14.371,r0_measured_03792,read,measured,,,,,0.6977,,ok,0.3326
12.4976,663,,,0.473,,,,,,14.0658,r0_measured_03793,read,measured,,,,,0.6792,,ok,0.347
12.5745,567,,,0.5134,,,,,,14.2732,r0_measured_03794,read,measured,,,,,0.6852,,ok,0.4253
10.6824,419,,,0.3136,,,,,,13.1534,r0_measured_03795,read,measured,,,,,0.5686,,ok,1.5155
14.8626,681,,,0.5138,,,,,,16.4772,r0_measured_03796,read,measured,,,,,0.6476,,ok,0.3271
11.9023,567,,,0.5578,,,,,,13.479,r0_measured_03797,read,measured,,,,,0.6186,,ok,0.3278
13.0942,675,,,0.5212,,,,,,14.7534,r0_measured_03798,read,measured,,,,,0.6175,,ok,0.4471
60.8758,689,14.064,6.0909,0.4897,2.5666,1,6.0893,1,22.6336,62.3527,r0_measured_03799,update,measured,16.5427,1.4769,1,0.0054,0.6059,21.6062,ok,0.3128
9.9423,568,,,0.5318,,,,,,11.4489,r0_measured_03800,read,measured,,,,,0.5791,,ok,0.3326
82.2146,567,12.2899,5.2831,0.4887,1.9828,1,5.281,1,27.7513,83.6983,r0_measured_03801,update,measured,22.4682,1.4837,1,19.4212,0.6244,20.7694,ok,0.3086
14.315,681,,,0.7326,,,,,,16.5752,r0_measured_03802,read,measured,,,,,0.993,,ok,0.4387
14.8451,509,,,0.6324,,,,,,16.6389,r0_measured_03803,read,measured,,,,,0.6281,,ok,0.453
13.2247,680,,,0.5737,,,,,,14.8401,r0_measured_03804,read,measured,,,,,0.6355,,ok,0.3383
22.6958,509,,,0.4352,,,,,,24.1292,r0_measured_03805,read,measured,,,,,0.6061,,ok,0.329
8.3462,368,,,0.2768,,,,,,9.4595,r0_measured_03806,read,measured,,,,,0.3633,,ok,0.4163
12.8953,628,,,0.6179,,,,,,14.6651,r0_measured_03807,read,measured,,,,,0.6668,,ok,0.4014
9.6219,419,,,0.2764,,,,,,10.8435,r0_measured_03808,read,measured,,,,,0.524,,ok,0.3623
12.8538,663,,,0.5337,,,,,,14.4315,r0_measured_03809,read,measured,,,,,0.6401,,ok,0.3394
11.9814,688,,,0.4817,,,,,,13.5274,r0_measured_03810,read,measured,,,,,0.6786,,ok,0.3131
7.6338,418,,,0.2505,,,,,,8.6586,r0_measured_03811,read,measured,,,,,0.424,,ok,0.3005
12.1956,629,,,0.6959,,,,,,14.1416,r0_measured_03812,read,measured,,,,,0.7171,,ok,0.4371
15.788,681,,,0.5666,,,,,,17.4882,r0_measured_03813,read,measured,,,,,0.6658,,ok,0.3631
16.9229,679,,,0.5196,,,,,,18.587,r0_measured_03814,read,measured,,,,,0.7377,,ok,0.3286
13.4486,509,,,1.2072,,,,,,17.1349,r0_measured_03815,read,measured,,,,,1.1796,,ok,1.1515
20.1677,680,,,0.7193,,,,,,22.225,r0_measured_03816,read,measured,,,,,0.7871,,ok,0.464
12.7811,680,,,0.4874,,,,,,14.2227,r0_measured_03817,read,measured,,,,,0.5852,,ok,0.3061
12.7475,677,,,0.7214,,,,,,14.6892,r0_measured_03818,read,measured,,,,,0.6922,,ok,0.4332
13.8637,657,,,0.5721,,,,,,15.5008,r0_measured_03819,read,measured,,,,,0.6433,,ok,0.3481
12.2207,629,,,0.6582,,,,,,13.9991,r0_measured_03820,read,measured,,,,,0.7123,,ok,0.3331
12.7595,568,,,0.5343,,,,,,14.3745,r0_measured_03821,read,measured,,,,,0.6377,,ok,0.3685
8.8636,419,,,0.2722,,,,,,9.9955,r0_measured_03822,read,measured,,,,,0.4821,,ok,0.3247
12.2474,681,,,0.5568,,,,,,13.9387,r0_measured_03823,read,measured,,,,,0.6415,,ok,0.3988
10.9392,567,,,0.651,,,,,,13.0914,r0_measured_03824,read,measured,,,,,0.9539,,ok,0.4546
13.1215,628,,,0.561,,,,,,14.8311,r0_measured_03825,read,measured,,,,,0.7028,,ok,0.3728
8.8339,418,,,0.2549,,,,,,10.028,r0_measured_03826,read,measured,,,,,0.5406,,ok,0.3407
9.5984,509,,,0.4743,,,,,,10.9144,r0_measured_03827,read,measured,,,,,0.4749,,ok,0.3115
8.4569,419,,,0.2383,,,,,,9.5049,r0_measured_03828,read,measured,,,,,0.4701,,ok,0.2912
10.0985,509,,,0.5273,,,,,,11.624,r0_measured_03829,read,measured,,,,,0.5638,,ok,0.3658
13.9275,663,,,0.817,,,,,,16.0607,r0_measured_03830,read,measured,,,,,0.7802,,ok,0.4477
10.7279,419,,,0.3131,,,,,,12.0608,r0_measured_03831,read,measured,,,,,0.5776,,ok,0.371
13.6919,675,,,0.6074,,,,,,15.3972,r0_measured_03832,read,measured,,,,,0.6804,,ok,0.3324
12.5703,629,,,0.6324,,,,,,14.4842,r0_measured_03833,read,measured,,,,,0.8315,,ok,0.3603
14.2571,689,,,0.8423,,,,,,16.4128,r0_measured_03834,read,measured,,,,,0.8004,,ok,0.4243
13.9843,628,,,0.7479,,,,,,16.079,r0_measured_03835,read,measured,,,,,0.8428,,ok,0.4154
14.5956,663,,,0.6524,,,,,,16.543,r0_measured_03836,read,measured,,,,,0.8217,,ok,0.3924
15.2687,675,,,0.6092,,,,,,17.2325,r0_measured_03837,read,measured,,,,,0.8758,,ok,0.3877
71.7505,629,14.1862,6.5504,0.5909,2.3043,0,6.5484,1,23.2148,73.4702,r0_measured_03838,update,measured,16.6644,1.7197,1,11.787,0.6577,20.2582,ok,0.3833
13.9828,680,,,0.639,,,,,,15.7933,r0_measured_03839,read,measured,,,,,0.6991,,ok,0.3912
14.1137,663,,,0.9636,,,,,,16.4623,r0_measured_03840,read,measured,,,,,0.8071,,ok,0.4881
16.13,629,,,0.5777,,,,,,17.8881,r0_measured_03841,read,measured,,,,,0.7169,,ok,0.3869
13.3603,369,,,0.2831,,,,,,14.6838,r0_measured_03842,read,measured,,,,,0.5951,,ok,0.3787
62.154,369,9.5222,5.906,0.3093,1.5095,0,5.9043,1,22.7664,63.5086,r0_measured_03843,update,measured,16.8604,1.3546,1,13.4551,0.5509,14.9008,ok,0.4234
15.3553,680,,,0.723,,,,,,17.3629,r0_measured_03844,read,measured,,,,,0.7394,,ok,0.4291
15.166,680,,,0.653,,,,,,17.0803,r0_measured_03845,read,measured,,,,,0.7631,,ok,0.401
14.2929,662,,,0.6069,,,,,,16.0729,r0_measured_03846,read,measured,,,,,0.6482,,ok,0.442
10.7286,509,,,0.5272,,,,,,12.3823,r0_measured_03847,read,measured,,,,,0.6698,,ok,0.3836
13.4171,567,,,0.6117,,,,,,15.2868,r0_measured_03848,read,measured,,,,,0.7712,,ok,0.4079
15.6076,680,,,0.6759,,,,,,17.5994,r0_measured_03849,read,measured,,,,,0.78,,ok,0.4398
15.497,629,,,0.6618,,,,,,17.3059,r0_measured_03850,read,measured,,,,,0.6888,,ok,0.3809
82.3409,658,15.5431,6.8578,0.7058,2.7199,1,6.8557,1,24.0498,84.5209,r0_measured_03851,update,measured,17.192,2.18,1,11.8244,0.8002,28.2037,ok,0.5525
9.2771,418,,,0.2881,,,,,,10.5298,r0_measured_03852,read,measured,,,,,0.5507,,ok,0.3532
11.8684,566,,,0.6448,,,,,,13.4929,r0_measured_03853,read,measured,,,,,0.5516,,ok,0.3613
11.7561,509,,,0.5907,,,,,,13.5613,r0_measured_03854,read,measured,,,,,0.7233,,ok,0.4126
14.5099,677,,,0.558,,,,,,16.3211,r0_measured_03855,read,measured,,,,,0.7323,,ok,0.437
13.1157,568,,,0.5608,,,,,,14.8309,r0_measured_03856,read,measured,,,,,0.7058,,ok,0.3702
14.9583,675,,,0.6195,,,,,,16.8574,r0_measured_03857,read,measured,,,,,0.7686,,ok,0.4298
14.7397,627,,,0.5981,,,,,,16.4852,r0_measured_03858,read,measured,,,,,0.7016,,ok,0.3692
10.1818,419,,,0.3364,,,,,,11.6066,r0_measured_03859,read,measured,,,,,0.5993,,ok,0.3748
14.9929,674,,,0.6431,,,,,,16.8765,r0_measured_03860,read,measured,,,,,0.7493,,ok,0.4084
15.509,689,,,0.6283,,,,,,17.3886,r0_measured_03861,read,measured,,,,,0.7373,,ok,0.4299
14.5051,681,,,0.6171,,,,,,16.3485,r0_measured_03862,read,measured,,,,,0.765,,ok,0.381
9.7292,419,,,0.2794,,,,,,10.9658,r0_measured_03863,read,measured,,,,,0.5378,,ok,0.3584
13.5242,567,,,0.7438,,,,,,15.5919,r0_measured_03864,read,measured,,,,,0.7924,,ok,0.4482
14.8678,663,,,0.6291,,,,,,16.7526,r0_measured_03865,read,measured,,,,,0.7639,,ok,0.4104
14.0312,629,,,0.4785,,,,,,15.5451,r0_measured_03866,read,measured,,,,,0.6217,,ok,0.3497
11.5114,568,,,0.5837,,,,,,13.1788,r0_measured_03867,read,measured,,,,,0.6354,,ok,0.369
14.1344,663,,,0.5332,,,,,,15.7809,r0_measured_03868,read,measured,,,,,0.6702,,ok,0.3683
10.3444,568,,,0.4871,,,,,,11.9281,r0_measured_03869,read,measured,,,,,0.5414,,ok,0.4775
10.143,419,,,0.2665,,,,,,11.3073,r0_measured_03870,read,measured,,,,,0.5197,,ok,0.3195
11.1243,509,,,0.713,,,,,,13.0947,r0_measured_03871,read,measured,,,,,0.7145,,ok,0.4685
14.1262,368,,,0.2346,,,,,,15.2828,r0_measured_03872,read,measured,,,,,0.5414,,ok,0.3204
12.6481,675,,,0.5737,,,,,,14.2358,r0_measured_03873,read,measured,,,,,0.615,,ok,0.3305
7.1603,369,,,0.296,,,,,,8.5929,r0_measured_03874,read,measured,,,,,0.6173,,ok,0.4598
13.6918,675,,,0.5752,,,,,,15.5658,r0_measured_03875,read,measured,,,,,0.6799,,ok,0.5253
11.1148,509,,,0.5241,,,,,,12.7091,r0_measured_03876,read,measured,,,,,0.6065,,ok,0.3941
13.9149,680,,,0.6441,,,,,,15.8007,r0_measured_03877,read,measured,,,,,0.7666,,ok,0.3885
13.1646,629,,,0.5173,,,,,,14.813,r0_measured_03878,read,measured,,,,,0.7158,,ok,0.3457
12.53,675,,,0.5393,,,,,,14.2302,r0_measured_03879,read,measured,,,,,0.727,,ok,0.3537
11.2561,568,,,0.5686,,,,,,12.8166,r0_measured_03880,read,measured,,,,,0.5702,,ok,0.3508
12.8999,662,,,0.666,,,,,,14.7908,r0_measured_03881,read,measured,,,,,0.7858,,ok,0.3574
16.7794,680,,,0.6546,,,,,,18.6855,r0_measured_03882,read,measured,,,,,0.7871,,ok,0.3879
98.9741,567,15.2767,11.4662,0.5421,3.2762,0,11.4647,1,38.3472,101.053,r0_measured_03883,update,measured,26.881,2.0789,1,14.8862,1.019,27.1878,ok,0.4296
15.3746,674,,,0.7013,,,,,,17.3679,r0_measured_03884,read,measured,,,,,0.804,,ok,0.4019
14.7324,681,,,0.6256,,,,,,16.5644,r0_measured_03885,read,measured,,,,,0.7199,,ok,0.3989
12.0329,508,,,0.5196,,,,,,13.8244,r0_measured_03886,read,measured,,,,,0.7525,,ok,0.43
14.6187,675,,,0.6202,,,,,,16.5628,r0_measured_03887,read,measured,,,,,0.8114,,ok,0.4233
19.0129,680,,,0.9645,,,,,,21.9592,r0_measured_03888,read,measured,,,,,0.872,,ok,0.9857
18.3343,509,,,0.5797,,,,,,20.2143,r0_measured_03889,read,measured,,,,,0.7573,,ok,0.4467
16.1707,675,,,0.9074,,,,,,19.0104,r0_measured_03890,read,measured,,,,,0.8227,,ok,0.9765
12.7296,628,,,0.6935,,,,,,14.5736,r0_measured_03891,read,measured,,,,,0.6741,,ok,0.3953
14.5998,679,,,0.6991,,,,,,16.7564,r0_measured_03892,read,measured,,,,,0.9117,,ok,0.4463
15.0467,663,,,0.5985,,,,,,16.901,r0_measured_03893,read,measured,,,,,0.7851,,ok,0.3859
15.1819,689,,,0.6299,,,,,,17.1175,r0_measured_03894,read,measured,,,,,0.78,,ok,0.4334
12.4099,567,,,0.6265,,,,,,14.1551,r0_measured_03895,read,measured,,,,,0.6514,,ok,0.3902
12.4254,628,,,0.5564,,,,,,14.1184,r0_measured_03896,read,measured,,,,,0.7039,,ok,0.3565
12.3109,629,,,0.5642,,,,,,14.0074,r0_measured_03897,read,measured,,,,,0.6762,,ok,0.3783
13.3662,680,,,0.6081,,,,,,15.1131,r0_measured_03898,read,measured,,,,,0.674,,ok,0.385
15.3043,680,,,0.6394,,,,,,17.1771,r0_measured_03899,read,measured,,,,,0.7475,,ok,0.4004
15.8146,675,,,0.8416,,,,,,18.0109,r0_measured_03900,read,measured,,,,,0.7885,,ok,0.4686
15.266,681,,,0.7182,,,,,,17.1713,r0_measured_03901,read,measured,,,,,0.7186,,ok,0.3859
10.7973,509,,,0.4928,,,,,,12.4312,r0_measured_03902,read,measured,,,,,0.7155,,ok,0.3596
11.9623,629,,,0.6316,,,,,,13.7201,r0_measured_03903,read,measured,,,,,0.6692,,ok,0.3824
12.8579,689,,,0.6534,,,,,,14.7637,r0_measured_03904,read,measured,,,,,0.7733,,ok,0.3871
10.409,509,,,0.5052,,,,,,12.0402,r0_measured_03905,read,measured,,,,,0.667,,ok,0.3802
13.6519,629,,,0.6176,,,,,,15.6326,r0_measured_03906,read,measured,,,,,0.8281,,ok,0.4103
8.6919,369,,,0.2798,,,,,,10.0626,r0_measured_03907,read,measured,,,,,0.5087,,ok,0.5149
14.2561,681,,,0.5009,,,,,,15.8654,r0_measured_03908,read,measured,,,,,0.7102,,ok,0.3223
15.549,675,,,0.7096,,,,,,17.6446,r0_measured_03909,read,measured,,,,,0.8789,,ok,0.4149
17.9179,681,,,0.6435,,,,,,19.8402,r0_measured_03910,read,measured,,,,,0.801,,ok,0.3894
15.581,509,,,0.691,,,,,,17.3901,r0_measured_03911,read,measured,,,,,0.6516,,ok,0.3806
13.8386,681,,,0.6024,,,,,,15.6555,r0_measured_03912,read,measured,,,,,0.7555,,ok,0.3702
14.4847,689,,,0.6322,,,,,,16.3439,r0_measured_03913,read,measured,,,,,0.7365,,ok,0.4025
76.6952,628,16.4521,7.4477,0.6923,2.2831,0,7.4459,1,22.813,78.7644,r0_measured_03914,update,measured,15.3653,2.0692,1,11.777,0.6664,23.37,ok,0.6124
10.6924,508,,,0.481,,,,,,12.1685,r0_measured_03915,read,measured,,,,,0.5909,,ok,0.3427
14.0633,675,,,0.7454,,,,,,16.0539,r0_measured_03916,read,measured,,,,,0.7684,,ok,0.3888
14.9662,680,,,0.6114,,,,,,16.756,r0_measured_03917,read,measured,,,,,0.7214,,ok,0.3726
10.4888,419,,,0.3115,,,,,,11.8495,r0_measured_03918,read,measured,,,,,0.6039,,ok,0.3771
16.2903,677,,,0.5995,,,,,,18.109,r0_measured_03919,read,measured,,,,,0.7389,,ok,0.3983
15.0431,675,,,0.6253,,,,,,16.9268,r0_measured_03920,read,measured,,,,,0.7711,,ok,0.3969
11.4015,509,,,0.5959,,,,,,13.1308,r0_measured_03921,read,measured,,,,,0.6737,,ok,0.3833
14.1615,680,,,0.6528,,,,,,15.9839,r0_measured_03922,read,measured,,,,,0.6917,,ok,0.401
15.5753,689,,,0.5909,,,,,,17.4534,r0_measured_03923,read,measured,,,,,0.775,,ok,0.4323
13.5758,629,,,0.5198,,,,,,15.3698,r0_measured_03924,read,measured,,,,,0.7875,,ok,0.4062
12.0524,509,,,0.4577,,,,,,13.4953,r0_measured_03925,read,measured,,,,,0.5781,,ok,0.339
13.5395,675,,,0.5407,,,,,,15.4292,r0_measured_03926,read,measured,,,,,0.7886,,ok,0.4745
52.7128,368,8.3857,4.7804,0.2261,1.4942,1,4.7788,1,19.0758,53.793,r0_measured_03927,update,measured,14.2954,1.0802,1,11.229,0.4941,12.5281,ok,0.3123
15.1442,629,,,0.5422,,,,,,16.6229,r0_measured_03928,read,measured,,,,,0.5556,,ok,0.321
12.1475,680,,,0.5304,,,,,,13.8772,r0_measured_03929,read,measured,,,,,0.7558,,ok,0.3695
12.0022,662,,,0.5374,,,,,,13.5896,r0_measured_03930,read,measured,,,,,0.6756,,ok,0.3104
13.3697,629,,,0.5675,,,,,,15.1068,r0_measured_03931,read,measured,,,,,0.6649,,ok,0.4207
9.9886,419,,,0.2691,,,,,,11.2116,r0_measured_03932,read,measured,,,,,0.5284,,ok,0.369
9.7187,509,,,0.3764,,,,,,11.0143,r0_measured_03933,read,measured,,,,,0.5342,,ok,0.322
8.2656,419,,,0.2779,,,,,,9.6565,r0_measured_03934,read,measured,,,,,0.5791,,ok,0.449
8.4061,419,,,0.3573,,,,,,9.6639,r0_measured_03935,read,measured,,,,,0.4947,,ok,0.3542
9.3435,509,,,0.465,,,,,,10.6762,r0_measured_03936,read,measured,,,,,0.5221,,ok,0.2946
10.832,509,,,0.4657,,,,,,12.3583,r0_measured_03937,read,measured,,,,,0.6501,,ok,0.3329
12.7795,628,,,0.5346,,,,,,14.357,r0_measured_03938,read,measured,,,,,0.6263,,ok,0.3496
10.6633,566,,,0.6091,,,,,,12.3632,r0_measured_03939,read,measured,,,,,0.6,,ok,0.409
13.2997,681,,,0.5574,,,,,,14.9858,r0_measured_03940,read,measured,,,,,0.7364,,ok,0.3216
13.9061,674,,,0.5492,,,,,,15.4268,r0_measured_03941,read,measured,,,,,0.6066,,ok,0.3011
11.0879,629,,,0.4702,,,,,,12.5247,r0_measured_03942,read,measured,,,,,0.5829,,ok,0.3148
10.2492,509,,,0.4051,,,,,,11.5901,r0_measured_03943,read,measured,,,,,0.5464,,ok,0.3306
16.3917,663,,,0.5701,,,,,,18.2009,r0_measured_03944,read,measured,,,,,0.8037,,ok,0.3562
11.7785,568,,,0.552,,,,,,13.5431,r0_measured_03945,read,measured,,,,,0.721,,ok,0.4184
13.1197,663,,,0.6289,,,,,,14.8796,r0_measured_03946,read,measured,,,,,0.68,,ok,0.3786
12.9728,681,,,0.6114,,,,,,14.6196,r0_measured_03947,read,measured,,,,,0.6222,,ok,0.334
11.3397,629,,,0.4693,,,,,,12.8976,r0_measured_03948,read,measured,,,,,0.6732,,ok,0.3509
13.5027,680,,,0.6985,,,,,,15.6884,r0_measured_03949,read,measured,,,,,0.9553,,ok,0.4276
14.7573,679,,,0.6147,,,,,,16.5314,r0_measured_03950,read,measured,,,,,0.6997,,ok,0.3819
13.0723,368,,,0.2368,,,,,,14.231,r0_measured_03951,read,measured,,,,,0.5242,,ok,0.3404
13.0003,680,,,0.7488,,,,,,14.8905,r0_measured_03952,read,measured,,,,,0.6803,,ok,0.3796
14.8519,688,,,0.7608,,,,,,16.8974,r0_measured_03953,read,measured,,,,,0.8013,,ok,0.3918
15.0945,680,,,0.6345,,,,,,16.8303,r0_measured_03954,read,measured,,,,,0.6508,,ok,0.3682
10.9998,566,,,0.6607,,,,,,12.743,r0_measured_03955,read,measured,,,,,0.6372,,ok,0.369
8.5053,419,,,0.2467,,,,,,9.5823,r0_measured_03956,read,measured,,,,,0.4744,,ok,0.3038
12.7364,679,,,0.6342,,,,,,14.7859,r0_measured_03957,read,measured,,,,,0.8038,,ok,0.4868
12.8481,629,,,0.5535,,,,,,14.4789,r0_measured_03958,read,measured,,,,,0.6289,,ok,0.3712
9.6857,508,,,0.4713,,,,,,11.1799,r0_measured_03959,read,measured,,,,,0.55,,ok,0.4109
7.7595,419,,,0.2794,,,,,,8.9024,r0_measured_03960,read,measured,,,,,0.4855,,ok,0.3255
10.3904,509,,,0.6738,,,,,,12.4805,r0_measured_03961,read,measured,,,,,0.8072,,ok,0.5086
14.4646,689,,,0.5473,,,,,,16.1804,r0_measured_03962,read,measured,,,,,0.6035,,ok,0.4918
10.4423,568,,,0.5516,,,,,,12.1897,r0_measured_03963,read,measured,,,,,0.6924,,ok,0.3645
11.1026,568,,,0.4705,,,,,,12.6135,r0_measured_03964,read,measured,,,,,0.6544,,ok,0.3239
11.5547,663,,,0.5396,,,,,,13.064,r0_measured_03965,read,measured,,,,,0.5809,,ok,0.3229
20.6673,662,,,0.7148,,,,,,22.8106,r0_measured_03966,read,measured,,,,,0.9075,,ok,0.4291
14.1723,629,,,0.6359,,,,,,15.9927,r0_measured_03967,read,measured,,,,,0.6686,,ok,0.4232
13.0703,681,,,0.5378,,,,,,14.7757,r0_measured_03968,read,measured,,,,,0.7469,,ok,0.3422
13.4962,689,,,0.6152,,,,,,15.2441,r0_measured_03969,read,measured,,,,,0.6813,,ok,0.3785
11.0936,566,,,0.5678,,,,,,12.7658,r0_measured_03970,read,measured,,,,,0.6384,,ok,0.385
13.1442,681,,,0.6259,,,,,,14.9647,r0_measured_03971,read,measured,,,,,0.7081,,ok,0.4131
10.0036,419,,,0.328,,,,,,11.3447,r0_measured_03972,read,measured,,,,,0.5729,,ok,0.3689
9.1293,419,,,0.2954,,,,,,10.3171,r0_measured_03973,read,measured,,,,,0.5303,,ok,0.3084
7.5938,418,,,0.2291,,,,,,8.5813,r0_measured_03974,read,measured,,,,,0.4098,,ok,0.3048
12.8121,689,,,0.6206,,,,,,14.6459,r0_measured_03975,read,measured,,,,,0.7749,,ok,0.3524
8.7425,369,,,0.2228,,,,,,9.9065,r0_measured_03976,read,measured,,,,,0.5398,,ok,0.3475
75.5436,659,15.5044,7.1076,0.5772,2.8312,1,7.1054,1,22.5709,77.3534,r0_measured_03977,update,measured,15.4633,1.8098,1,11.3054,0.7167,23.3317,ok,0.4212
13.1371,663,,,0.5668,,,,,,14.8346,r0_measured_03978,read,measured,,,,,0.6381,,ok,0.3801
12.4255,675,,,0.6464,,,,,,14.2786,r0_measured_03979,read,measured,,,,,0.7791,,ok,0.3524
8.74,418,,,0.2685,,,,,,10.4331,r0_measured_03980,read,measured,,,,,0.8489,,ok,0.3341
7.5412,369,,,0.2154,,,,,,8.5923,r0_measured_03981,read,measured,,,,,0.4721,,ok,0.3097
9.7954,509,,,0.4774,,,,,,11.2511,r0_measured_03982,read,measured,,,,,0.5325,,ok,0.3812
14.9058,629,,,0.6107,,,,,,16.6232,r0_measured_03983,read,measured,,,,,0.654,,ok,0.3765
14.1422,509,,,0.4835,,,,,,15.6974,r0_measured_03984,read,measured,,,,,0.6217,,ok,0.3794
15.4955,675,,,0.6115,,,,,,17.2597,r0_measured_03985,read,measured,,,,,0.6993,,ok,0.3728
12.8879,681,,,0.5745,,,,,,14.459,r0_measured_03986,read,measured,,,,,0.602,,ok,0.3197
12.951,681,,,0.5734,,,,,,14.6378,r0_measured_03987,read,measured,,,,,0.6629,,ok,0.3731
14.1568,681,,,0.512,,,,,,15.6989,r0_measured_03988,read,measured,,,,,0.6166,,ok,0.3379
14.0909,680,,,0.6097,,,,,,15.8315,r0_measured_03989,read,measured,,,,,0.6384,,ok,0.4003
12.3553,568,,,0.5657,,,,,,13.9436,r0_measured_03990,read,measured,,,,,0.5989,,ok,0.3499
14.0991,663,,,0.5708,,,,,,15.7741,r0_measured_03991,read,measured,,,,,0.6684,,ok,0.3655
11.1113,509,,,0.522,,,,,,12.6633,r0_measured_03992,read,measured,,,,,0.5806,,ok,0.375
54.173,509,,,0.4919,,,,,,55.5638,r0_measured_03993,read,measured,,,,,0.5274,,ok,0.3064
11.0893,509,,,0.8898,,,,,,13.6347,r0_measured_03994,read,measured,,,,,1.0245,,ok,0.5109
11.2791,418,,,0.3516,,,,,,12.7434,r0_measured_03995,read,measured,,,,,0.634,,ok,0.4063
9.6186,418,,,0.2815,,,,,,11.0282,r0_measured_03996,read,measured,,,,,0.5512,,ok,0.5102
13.3021,689,,,0.5837,,,,,,14.9576,r0_measured_03997,read,measured,,,,,0.6547,,ok,0.3356
56.2768,368,10.9182,6.326,0.321,1.4659,1,6.3245,1,19.0313,57.6778,r0_measured_03998,update,measured,12.7053,1.401,1,11.9629,0.5784,12.8985,ok,0.4262
13.2273,675,,,0.5318,,,,,,14.7933,r0_measured_03999,read,measured,,,,,0.6232,,ok,0.3397
7.9739,369,,,0.3029,,,,,,9.3273,r0_measured_04000,read,measured,,,,,0.5783,,ok,0.4117
84.5627,629,13.9342,6.5398,0.5393,2.1352,0,6.5373,1,22.8099,86.2233,r0_measured_04001,update,measured,16.2701,1.6606,1,24.7894,0.6425,20.894,ok,0.4025
13.5034,674,,,0.4686,,,,,,15.1057,r0_measured_04002,read,measured,,,,,0.7326,,ok,0.3334
14.666,663,,,0.5731,,,,,,16.3449,r0_measured_04003,read,measured,,,,,0.6882,,ok,0.3419
14.0917,675,,,0.5821,,,,,,15.8651,r0_measured_04004,read,measured,,,,,0.6974,,ok,0.4145
14.2928,688,,,0.6611,,,,,,16.1729,r0_measured_04005,read,measured,,,,,0.7402,,ok,0.3787
14.0037,680,,,0.5061,,,,,,15.4967,r0_measured_04006,read,measured,,,,,0.5499,,ok,0.3658
14.8892,674,,,0.551,,,,,,16.6311,r0_measured_04007,read,measured,,,,,0.7168,,ok,0.3915
15.6057,688,,,0.5387,,,,,,17.2257,r0_measured_04008,read,measured,,,,,0.6337,,ok,0.3643
12.8393,629,,,0.6134,,,,,,14.5253,r0_measured_04009,read,measured,,,,,0.6528,,ok,0.3426
15.6355,677,,,0.7139,,,,,,17.7547,r0_measured_04010,read,measured,,,,,0.873,,ok,0.4357
16.9202,680,,,0.5462,,,,,,18.61,r0_measured_04011,read,measured,,,,,0.7214,,ok,0.3457
10.533,509,,,0.4328,,,,,,11.9532,r0_measured_04012,read,measured,,,,,0.5458,,ok,0.3778
13.3743,661,,,0.6961,,,,,,15.1679,r0_measured_04013,read,measured,,,,,0.6725,,ok,0.3422
13.6013,628,,,0.604,,,,,,15.2284,r0_measured_04014,read,measured,,,,,0.6059,,ok,0.3445
13.2396,663,,,0.7306,,,,,,15.3673,r0_measured_04015,read,measured,,,,,0.8742,,ok,0.4021
12.466,508,,,0.5606,,,,,,14.1679,r0_measured_04016,read,measured,,,,,0.6145,,ok,0.4483
12.1981,663,,,0.4776,,,,,,13.6275,r0_measured_04017,read,measured,,,,,0.5855,,ok,0.3072
12.3339,680,,,0.5459,,,,,,13.926,r0_measured_04018,read,measured,,,,,0.6554,,ok,0.3173
11.0722,628,,,0.643,,,,,,12.9789,r0_measured_04019,read,measured,,,,,0.6634,,ok,0.5218
14.7123,680,,,0.6688,,,,,,16.5881,r0_measured_04020,read,measured,,,,,0.7646,,ok,0.3531
11.1828,509,,,0.4252,,,,,,12.6324,r0_measured_04021,read,measured,,,,,0.5736,,ok,0.3506
12.4865,568,,,0.5385,,,,,,14.0163,r0_measured_04022,read,measured,,,,,0.574,,ok,0.3539
17.9799,629,,,0.6774,,,,,,20.0262,r0_measured_04023,read,measured,,,,,0.8859,,ok,0.3967
11.3503,419,,,0.3136,,,,,,12.6994,r0_measured_04024,read,measured,,,,,0.591,,ok,0.3781
13.5931,663,,,0.609,,,,,,15.303,r0_measured_04025,read,measured,,,,,0.6603,,ok,0.3591
14.4121,689,,,0.5845,,,,,,16.1661,r0_measured_04026,read,measured,,,,,0.6702,,ok,0.4202
15.3637,680,,,0.5116,,,,,,17.053,r0_measured_04027,read,measured,,,,,0.7684,,ok,0.3334
12.1068,663,,,0.4857,,,,,,13.6397,r0_measured_04028,read,measured,,,,,0.6307,,ok,0.353
14.2481,674,,,0.5538,,,,,,15.8395,r0_measured_04029,read,measured,,,,,0.6395,,ok,0.3272
11.3841,509,,,0.4065,,,,,,12.722,r0_measured_04030,read,measured,,,,,0.5411,,ok,0.3325
10.1311,508,,,0.5623,,,,,,11.664,r0_measured_04031,read,measured,,,,,0.5779,,ok,0.3212
9.3493,419,,,0.2571,,,,,,10.5206,r0_measured_04032,read,measured,,,,,0.5042,,ok,0.3508
13.6043,675,,,0.6251,,,,,,15.3515,r0_measured_04033,read,measured,,,,,0.6805,,ok,0.3565
13.4896,508,,,0.4529,,,,,,15.0089,r0_measured_04034,read,measured,,,,,0.6193,,ok,0.3757
13.3967,674,,,0.5169,,,,,,14.9101,r0_measured_04035,read,measured,,,,,0.5688,,ok,0.3507
11.4569,568,,,0.6077,,,,,,13.3422,r0_measured_04036,read,measured,,,,,0.7661,,ok,0.4243
12.7954,663,,,0.5793,,,,,,14.4052,r0_measured_04037,read,measured,,,,,0.6324,,ok,0.327
10.6262,418,,,0.304,,,,,,11.8323,r0_measured_04038,read,measured,,,,,0.5114,,ok,0.3266
11.7819,568,,,0.5316,,,,,,13.296,r0_measured_04039,read,measured,,,,,0.5307,,ok,0.3791
9.7322,419,,,0.2916,,,,,,11.0284,r0_measured_04040,read,measured,,,,,0.4957,,ok,0.4451
14.1075,675,,,0.5952,,,,,,15.8159,r0_measured_04041,read,measured,,,,,0.6833,,ok,0.34
11.9975,628,,,0.4965,,,,,,13.4921,r0_measured_04042,read,measured,,,,,0.5824,,ok,0.3452
11.908,680,,,0.7181,,,,,,14.0372,r0_measured_04043,read,measured,,,,,1.0199,,ok,0.3232
8.0489,419,,,0.3905,,,,,,9.7177,r0_measured_04044,read,measured,,,,,0.6988,,ok,0.4969
14.1203,689,,,0.6193,,,,,,15.7961,r0_measured_04045,read,measured,,,,,0.6404,,ok,0.3395
12.0422,628,,,0.6449,,,,,,13.8113,r0_measured_04046,read,measured,,,,,0.7028,,ok,0.3405
18.4971,680,,,0.6318,,,,,,20.2948,r0_measured_04047,read,measured,,,,,0.7117,,ok,0.3691
18.5674,680,,,0.653,,,,,,20.3115,r0_measured_04048,read,measured,,,,,0.6626,,ok,0.3456
8.4328,419,,,0.2414,,,,,,9.4697,r0_measured_04049,read,measured,,,,,0.425,,ok,0.3212
10.9963,628,,,0.5628,,,,,,12.6614,r0_measured_04050,read,measured,,,,,0.7255,,ok,0.3157
10.7187,568,,,0.454,,,,,,12.1912,r0_measured_04051,read,measured,,,,,0.6307,,ok,0.3214
13.0443,675,,,0.6033,,,,,,14.9111,r0_measured_04052,read,measured,,,,,0.811,,ok,0.3739
11.8037,629,,,0.4806,,,,,,13.3186,r0_measured_04053,read,measured,,,,,0.6315,,ok,0.3255
11.7054,674,,,0.5581,,,,,,13.4402,r0_measured_04054,read,measured,,,,,0.7568,,ok,0.3521
10.6223,568,,,0.6133,,,,,,12.2798,r0_measured_04055,read,measured,,,,,0.5918,,ok,0.3832
12.473,629,,,0.5819,,,,,,14.0384,r0_measured_04056,read,measured,,,,,0.5672,,ok,0.334
12.3282,567,,,0.4799,,,,,,13.7307,r0_measured_04057,read,measured,,,,,0.5239,,ok,0.3352
8.5494,419,,,0.3086,,,,,,9.815,r0_measured_04058,read,measured,,,,,0.5381,,ok,0.3547
11.9898,567,,,0.6238,,,,,,13.7396,r0_measured_04059,read,measured,,,,,0.6437,,ok,0.406
13.0725,629,,,0.6946,,,,,,14.8181,r0_measured_04060,read,measured,,,,,0.6114,,ok,0.3679
11.8965,566,,,0.4827,,,,,,13.401,r0_measured_04061,read,measured,,,,,0.5736,,ok,0.3767
13.6933,688,,,0.6156,,,,,,15.5382,r0_measured_04062,read,measured,,,,,0.7459,,ok,0.4013
8.2586,368,,,0.2727,,,,,,9.5134,r0_measured_04063,read,measured,,,,,0.5484,,ok,0.3684
12.2867,681,,,0.631,,,,,,13.9344,r0_measured_04064,read,measured,,,,,0.5958,,ok,0.3435
14.8138,675,,,0.6533,,,,,,16.7349,r0_measured_04065,read,measured,,,,,0.7432,,ok,0.4328
68.1826,567,12.6594,6.9733,0.5084,2.1884,1,6.9717,1,20.1758,69.8062,r0_measured_04066,update,measured,13.2025,1.6236,1,11.1826,0.6207,21.9764,ok,0.4089
7.4836,369,,,0.2186,,,,,,8.5101,r0_measured_04067,read,measured,,,,,0.4542,,ok,0.3056
13.9281,680,,,0.6851,,,,,,15.7634,r0_measured_04068,read,measured,,,,,0.6753,,ok,0.3938
12.0789,568,,,0.4955,,,,,,13.6836,r0_measured_04069,read,measured,,,,,0.688,,ok,0.3535
12.5929,679,,,0.4704,,,,,,14.0085,r0_measured_04070,read,measured,,,,,0.5672,,ok,0.3072
14.8552,680,,,0.6019,,,,,,16.6377,r0_measured_04071,read,measured,,,,,0.6903,,ok,0.4087
13.8671,681,,,0.6111,,,,,,15.5624,r0_measured_04072,read,measured,,,,,0.6402,,ok,0.3738
70.4535,660,11.6753,5.6767,0.5008,2.2321,1,5.6749,1,20.6575,71.877,r0_measured_04073,update,measured,14.9808,1.4235,1,11.739,0.5389,24.1496,ok,0.3176
9.8722,509,,,0.4244,,,,,,11.3738,r0_measured_04074,read,measured,,,,,0.6376,,ok,0.3624
11.2666,508,,,0.4304,,,,,,12.6751,r0_measured_04075,read,measured,,,,,0.5795,,ok,0.3364
18.2261,689,,,0.5439,,,,,,19.9889,r0_measured_04076,read,measured,,,,,0.7865,,ok,0.3506
16.5829,675,,,0.6998,,,,,,18.3347,r0_measured_04077,read,measured,,,,,0.6502,,ok,0.3262
82.7989,689,14.3765,7.2339,0.5936,2.4526,1,7.2323,1,28.2644,84.5273,r0_measured_04078,update,measured,21.0305,1.7284,1,16.5353,0.6974,21.1701,ok,0.3392
12.5451,675,,,0.5337,,,,,,14.1191,r0_measured_04079,read,measured,,,,,0.631,,ok,0.3502
13.1596,680,,,0.5925,,,,,,14.8271,r0_measured_04080,read,measured,,,,,0.6544,,ok,0.3431
7.6697,369,,,0.2098,,,,,,8.7088,r0_measured_04081,read,measured,,,,,0.4487,,ok,0.331
11.2809,663,,,0.5845,,,,,,12.9203,r0_measured_04082,read,measured,,,,,0.6089,,ok,0.3794
9.6561,508,,,0.4932,,,,,,11.2126,r0_measured_04083,read,measured,,,,,0.6289,,ok,0.3638
7.7532,368,,,0.2178,,,,,,8.8167,r0_measured_04084,read,measured,,,,,0.4667,,ok,0.3307
9.5042,508,,,0.3852,,,,,,10.7819,r0_measured_04085,read,measured,,,,,0.5198,,ok,0.3188
9.8921,566,,,0.5462,,,,,,11.4446,r0_measured_04086,read,measured,,,,,0.5938,,ok,0.3408
73.7565,662,12.9613,5.9107,0.4971,2.1428,1,5.909,1,23.0925,75.356,r0_measured_04087,update,measured,17.1818,1.5995,1,11.4703,0.6172,24.0896,ok,0.4017
9.785,369,,,0.2373,,,,,,10.8893,r0_measured_04088,read,measured,,,,,0.4632,,ok,0.3514
12.2692,681,,,0.5629,,,,,,13.9283,r0_measured_04089,read,measured,,,,,0.6694,,ok,0.3562
8.8393,419,,,0.6054,,,,,,10.8596,r0_measured_04090,read,measured,,,,,0.7188,,ok,0.605
13.8215,629,,,0.6382,,,,,,15.6893,r0_measured_04091,read,measured,,,,,0.7089,,ok,0.4408
18.3972,675,,,0.5729,,,,,,20.1138,r0_measured_04092,read,measured,,,,,0.6739,,ok,0.3873
16.5685,567,,,0.5931,,,,,,18.5229,r0_measured_04093,read,measured,,,,,0.8575,,ok,0.4181
8.2217,419,,,0.2374,,,,,,9.2372,r0_measured_04094,read,measured,,,,,0.4384,,ok,0.2891
17.9726,674,,,0.5199,,,,,,19.5478,r0_measured_04095,read,measured,,,,,0.6152,,ok,0.366
12.7477,663,,,0.5504,,,,,,14.619,r0_measured_04096,read,measured,,,,,0.7292,,ok,0.4728
13.4062,568,,,0.4868,,,,,,14.8205,r0_measured_04097,read,measured,,,,,0.5398,,ok,0.3295
16.0202,680,,,0.5972,,,,,,17.6434,r0_measured_04098,read,measured,,,,,0.6095,,ok,0.3403
17.9017,680,,,0.6911,,,,,,19.8471,r0_measured_04099,read,measured,,,,,0.8177,,ok,0.3604
12.8575,568,,,0.5769,,,,,,14.4073,r0_measured_04100,read,measured,,,,,0.5552,,ok,0.3473
8.3446,369,,,0.2224,,,,,,9.3823,r0_measured_04101,read,measured,,,,,0.4472,,ok,0.3154
12.0475,663,,,0.6288,,,,,,13.8572,r0_measured_04102,read,measured,,,,,0.6883,,ok,0.4085
13.465,689,,,0.6013,,,,,,15.1626,r0_measured_04103,read,measured,,,,,0.6694,,ok,0.349
12.9606,680,,,0.8184,,,,,,14.7698,r0_measured_04104,read,measured,,,,,0.6059,,ok,0.3169
65.6082,509,12.8613,7.6005,0.4876,2.0437,1,7.5989,1,27.309,67.1433,r0_measured_04105,update,measured,19.7085,1.5351,1,0.0053,0.5964,23.3889,ok,0.3896
9.0665,369,,,0.2563,,,,,,10.2892,r0_measured_04106,read,measured,,,,,0.543,,ok,0.3596
13.0287,675,,,0.5077,,,,,,14.5876,r0_measured_04107,read,measured,,,,,0.6353,,ok,0.3481
12.6776,509,,,0.5155,,,,,,14.2095,r0_measured_04108,read,measured,,,,,0.6011,,ok,0.3498
13.3591,680,,,0.6134,,,,,,15.0634,r0_measured_04109,read,measured,,,,,0.6884,,ok,0.3349
13.9057,681,,,0.6283,,,,,,15.701,r0_measured_04110,read,measured,,,,,0.7477,,ok,0.3448
13.2686,680,,,0.6353,,,,,,15.019,r0_measured_04111,read,measured,,,,,0.6651,,ok,0.3796
21.7525,679,,,0.706,,,,,,23.928,r0_measured_04112,read,measured,,,,,0.909,,ok,0.4402
12.8344,508,,,0.5282,,,,,,14.4608,r0_measured_04113,read,measured,,,,,0.6134,,ok,0.4101
14.6359,679,,,1.1651,,,,,,17.8103,r0_measured_04114,read,measured,,,,,0.73,,ok,1.1862
13.4301,689,,,0.528,,,,,,15.0194,r0_measured_04115,read,measured,,,,,0.5828,,ok,0.3867
14.4589,508,,,0.5839,,,,,,16.3326,r0_measured_04116,read,measured,,,,,0.6642,,ok,0.5413
13.1821,629,,,0.4895,,,,,,14.702,r0_measured_04117,read,measured,,,,,0.5927,,ok,0.3715
13.9103,688,,,0.6096,,,,,,15.7028,r0_measured_04118,read,measured,,,,,0.7094,,ok,0.3906
92.4182,689,17.923,6.3668,0.7113,3.3679,0,6.3652,1,23.4018,94.4837,r0_measured_04119,update,measured,17.035,2.0655,1,12.478,0.823,35.2475,ok,0.4369
15.0313,629,,,0.6864,,,,,,16.9323,r0_measured_04120,read,measured,,,,,0.7152,,ok,0.4206
9.9938,419,,,0.2857,,,,,,11.2329,r0_measured_04121,read,measured,,,,,0.5508,,ok,0.347
13.2015,663,,,0.5741,,,,,,14.8448,r0_measured_04122,read,measured,,,,,0.6611,,ok,0.3371
13.1198,689,,,0.5448,,,,,,14.6848,r0_measured_04123,read,measured,,,,,0.6035,,ok,0.3461
12.3214,629,,,0.4815,,,,,,13.8438,r0_measured_04124,read,measured,,,,,0.6512,,ok,0.3152
12.865,689,,,0.5595,,,,,,14.5287,r0_measured_04125,read,measured,,,,,0.6364,,ok,0.3908
9.1888,419,,,0.2544,,,,,,10.3064,r0_measured_04126,read,measured,,,,,0.4548,,ok,0.3517
13.4526,663,,,0.5099,,,,,,14.9773,r0_measured_04127,read,measured,,,,,0.6309,,ok,0.316
9.0043,419,,,0.2408,,,,,,10.0463,r0_measured_04128,read,measured,,,,,0.4469,,ok,0.303
14.5226,680,,,0.7301,,,,,,16.6019,r0_measured_04129,read,measured,,,,,0.7936,,ok,0.4639
15.0671,663,,,0.604,,,,,,16.9682,r0_measured_04130,read,measured,,,,,0.7438,,ok,0.4682
15.0028,681,,,0.6252,,,,,,16.9765,r0_measured_04131,read,measured,,,,,0.8415,,ok,0.4203
14.0369,629,,,0.7068,,,,,,16.0577,r0_measured_04132,read,measured,,,,,0.7939,,ok,0.4376
66.0529,509,9.6651,5.6773,0.5409,1.7754,0,5.6754,1,25.7115,67.5874,r0_measured_04133,update,measured,20.0342,1.5345,1,11.8064,0.5859,17.0945,ok,0.3365
11.1316,681,,,0.6579,,,,,,13.1668,r0_measured_04134,read,measured,,,,,0.7921,,ok,0.5046
18.0321,663,,,0.6256,,,,,,19.8054,r0_measured_04135,read,measured,,,,,0.6833,,ok,0.3845
9.1398,419,,,0.3343,,,,,,10.463,r0_measured_04136,read,measured,,,,,0.5538,,ok,0.3677
59.4397,568,12.4837,5.4971,0.4472,2.1185,1,5.4944,1,23.7062,60.9679,r0_measured_04137,update,measured,18.2091,1.5282,1,0.0049,0.6765,21.1264,ok,0.3425
13.4908,680,,,0.5642,,,,,,15.4492,r0_measured_04138,read,measured,,,,,0.9444,,ok,0.3704
13.8011,660,,,0.5021,,,,,,15.4893,r0_measured_04139,read,measured,,,,,0.774,,ok,0.3474
13.7279,568,,,0.4925,,,,,,15.3304,r0_measured_04140,read,measured,,,,,0.6309,,ok,0.3505
10.0316,509,,,0.4083,,,,,,11.3653,r0_measured_04141,read,measured,,,,,0.5358,,ok,0.3319
13.9603,680,,,0.6761,,,,,,15.7156,r0_measured_04142,read,measured,,,,,0.6502,,ok,0.3532
13.3241,680,,,0.6,,,,,,14.9423,r0_measured_04143,read,measured,,,,,0.5203,,ok,0.425
12.8443,675,,,0.7029,,,,,,14.7141,r0_measured_04144,read,measured,,,,,0.693,,ok,0.4042
11.9783,568,,,0.63,,,,,,13.8558,r0_measured_04145,read,measured,,,,,0.7069,,ok,0.4611
12.9311,629,,,0.517,,,,,,14.5117,r0_measured_04146,read,measured,,,,,0.6335,,ok,0.3591
10.2617,509,,,0.5939,,,,,,11.9942,r0_measured_04147,read,measured,,,,,0.6506,,ok,0.4098
13.9933,628,,,0.5522,,,,,,15.6516,r0_measured_04148,read,measured,,,,,0.6536,,ok,0.3786
13.466,628,,,0.6501,,,,,,15.3032,r0_measured_04149,read,measured,,,,,0.7427,,ok,0.3616
15.6981,689,,,0.5931,,,,,,17.3709,r0_measured_04150,read,measured,,,,,0.6539,,ok,0.3526
65.9081,629,13.4789,5.0191,0.6307,2.6481,0,5.0173,1,26.1364,67.6395,r0_measured_04151,update,measured,21.1173,1.7314,1,0.0059,0.6552,23.6388,ok,0.3696
13.1168,629,,,0.5363,,,,,,14.7969,r0_measured_04152,read,measured,,,,,0.6813,,ok,0.3852
14.9235,680,,,0.601,,,,,,16.7227,r0_measured_04153,read,measured,,,,,0.7314,,ok,0.386
11.9621,568,,,0.5452,,,,,,13.5865,r0_measured_04154,read,measured,,,,,0.6356,,ok,0.3675
13.7582,675,,,0.6405,,,,,,15.6664,r0_measured_04155,read,measured,,,,,0.754,,ok,0.4052
9.1019,369,,,0.2495,,,,,,10.2757,r0_measured_04156,read,measured,,,,,0.5183,,ok,0.3515
13.6233,663,,,0.6547,,,,,,15.6964,r0_measured_04157,read,measured,,,,,0.9343,,ok,0.3979
8.9999,369,,,0.2558,,,,,,10.22,r0_measured_04158,read,measured,,,,,0.54,,ok,0.3671
10.6378,509,,,0.4925,,,,,,12.1099,r0_measured_04159,read,measured,,,,,0.5637,,ok,0.3545
12.1935,568,,,0.5936,,,,,,13.9075,r0_measured_04160,read,measured,,,,,0.6525,,ok,0.3964
14.023,629,,,0.5038,,,,,,15.701,r0_measured_04161,read,measured,,,,,0.7454,,ok,0.3594
14.3988,675,,,0.5659,,,,,,16.1426,r0_measured_04162,read,measured,,,,,0.7251,,ok,0.3707
20.3108,663,,,0.6014,,,,,,22.1206,r0_measured_04163,read,measured,,,,,0.7179,,ok,0.4081
11.2385,509,,,0.5177,,,,,,12.8192,r0_measured_04164,read,measured,,,,,0.5938,,ok,0.3939
12.9522,629,,,0.7023,,,,,,14.7958,r0_measured_04165,read,measured,,,,,0.6941,,ok,0.3767
11.8026,628,,,0.602,,,,,,13.4529,r0_measured_04166,read,measured,,,,,0.6334,,ok,0.3442
8.4788,419,,,0.2376,,,,,,9.5343,r0_measured_04167,read,measured,,,,,0.4594,,ok,0.3073
9.7166,567,,,0.4775,,,,,,11.086,r0_measured_04168,read,measured,,,,,0.5205,,ok,0.3137
6.7351,368,,,0.2474,,,,,,7.9203,r0_measured_04169,read,measured,,,,,0.503,,ok,0.3824
10.7129,419,,,0.2896,,,,,,11.9012,r0_measured_04170,read,measured,,,,,0.4958,,ok,0.3436
12.554,674,,,0.4988,,,,,,14.0615,r0_measured_04171,read,measured,,,,,0.6169,,ok,0.328
11.967,680,,,0.557,,,,,,13.7181,r0_measured_04172,read,measured,,,,,0.7968,,ok,0.3247
12.4154,680,,,0.5238,,,,,,14.0088,r0_measured_04173,read,measured,,,,,0.654,,ok,0.3496
7.8289,369,,,0.2403,,,,,,8.978,r0_measured_04174,read,measured,,,,,0.4899,,ok,0.366
13.45,688,,,0.6181,,,,,,15.1512,r0_measured_04175,read,measured,,,,,0.6597,,ok,0.3462
16.4458,629,,,0.588,,,,,,18.1691,r0_measured_04176,read,measured,,,,,0.6786,,ok,0.3817
12.6528,680,,,0.5016,,,,,,14.3068,r0_measured_04177,read,measured,,,,,0.7352,,ok,0.3444
12.821,689,,,0.5857,,,,,,14.5054,r0_measured_04178,read,measured,,,,,0.6477,,ok,0.3775
13.5802,680,,,0.5486,,,,,,15.472,r0_measured_04179,read,measured,,,,,0.8765,,ok,0.3826
14.5869,674,,,0.6256,,,,,,16.4699,r0_measured_04180,read,measured,,,,,0.7786,,ok,0.3988
12.4193,568,,,0.6216,,,,,,14.3344,r0_measured_04181,read,measured,,,,,0.759,,ok,0.453
10.2802,419,,,0.2968,,,,,,11.5534,r0_measured_04182,read,measured,,,,,0.5583,,ok,0.3587
47.359,369,10.1643,4.4966,0.2139,1.3024,1,4.4948,1,24.389,48.3482,r0_measured_04183,update,measured,19.8924,0.9892,1,0.0059,0.4188,11.4974,ok,0.3104
13.081,689,,,0.5706,,,,,,14.7734,r0_measured_04184,read,measured,,,,,0.6391,,ok,0.3964
11.5504,629,,,0.4876,,,,,,12.9741,r0_measured_04185,read,measured,,,,,0.5303,,ok,0.3469
11.4025,680,,,0.6599,,,,,,13.1164,r0_measured_04186,read,measured,,,,,0.6129,,ok,0.3587
11.3734,629,,,0.4988,,,,,,12.8312,r0_measured_04187,read,measured,,,,,0.5902,,ok,0.3054
8.0022,419,,,0.2626,,,,,,9.1262,r0_measured_04188,read,measured,,,,,0.5023,,ok,0.3089
8.3846,419,,,0.3491,,,,,,10.0933,r0_measured_04189,read,measured,,,,,0.7808,,ok,0.5038
14.9102,629,,,0.5191,,,,,,16.584,r0_measured_04190,read,measured,,,,,0.7082,,ok,0.3709
12.8402,675,,,0.6407,,,,,,14.6098,r0_measured_04191,read,measured,,,,,0.6828,,ok,0.3713
7.8673,369,,,0.2492,,,,,,8.9308,r0_measured_04192,read,measured,,,,,0.4632,,ok,0.2984
12.1234,675,,,0.5039,,,,,,13.6748,r0_measured_04193,read,measured,,,,,0.6399,,ok,0.339
13.7508,628,,,0.6361,,,,,,15.8451,r0_measured_04194,read,measured,,,,,0.833,,ok,0.4733
11.7979,419,,,0.2932,,,,,,13.0712,r0_measured_04195,read,measured,,,,,0.5933,,ok,0.3297
8.3381,418,,,0.2476,,,,,,9.4008,r0_measured_04196,read,measured,,,,,0.4653,,ok,0.302
12.2787,680,,,0.5563,,,,,,13.8804,r0_measured_04197,read,measured,,,,,0.6311,,ok,0.3412
11.6129,680,,,0.6163,,,,,,13.244,r0_measured_04198,read,measured,,,,,0.6144,,ok,0.3332
10.216,509,,,0.5937,,,,,,11.8223,r0_measured_04199,read,measured,,,,,0.564,,ok,0.3861
57.1245,369,7.2184,7.407,0.1994,1.27,0,7.4052,1,25.5364,58.1085,r0_measured_04200,update,measured,18.1294,0.984,1,11.5346,0.4187,11.5651,ok,0.3229
11.7673,681,,,0.6509,,,,,,13.6679,r0_measured_04201,read,measured,,,,,0.8303,,ok,0.3376
12.6256,663,,,0.593,,,,,,14.3253,r0_measured_04202,read,measured,,,,,0.6599,,ok,0.3769
12.2668,675,,,0.6477,,,,,,14.0588,r0_measured_04203,read,measured,,,,,0.7185,,ok,0.3547
13.1881,689,,,0.5186,,,,,,14.7291,r0_measured_04204,read,measured,,,,,0.6339,,ok,0.32
10.7093,567,,,0.4763,,,,,,12.1115,r0_measured_04205,read,measured,,,,,0.5148,,ok,0.3347
13.4639,680,,,0.7016,,,,,,15.5358,r0_measured_04206,read,measured,,,,,0.885,,ok,0.4045
11.5846,509,,,0.4672,,,,,,13.1364,r0_measured_04207,read,measured,,,,,0.5722,,ok,0.4186
9.2366,419,,,0.313,,,,,,10.5599,r0_measured_04208,read,measured,,,,,0.5336,,ok,0.4144
12.9701,660,,,0.5738,,,,,,14.7292,r0_measured_04209,read,measured,,,,,0.727,,ok,0.3788
16.4908,688,,,0.5854,,,,,,18.1712,r0_measured_04210,read,measured,,,,,0.6488,,ok,0.3638
15.0191,689,,,0.6746,,,,,,16.8678,r0_measured_04211,read,measured,,,,,0.7101,,ok,0.3779
13.6453,680,,,0.6158,,,,,,15.3432,r0_measured_04212,read,measured,,,,,0.648,,ok,0.356
14.0098,674,,,0.6023,,,,,,15.8142,r0_measured_04213,read,measured,,,,,0.7333,,ok,0.3933
11.2126,369,,,0.2448,,,,,,12.4279,r0_measured_04214,read,measured,,,,,0.5652,,ok,0.3486
16.6097,675,,,1.1,,,,,,19.1151,r0_measured_04215,read,measured,,,,,0.6987,,ok,0.6232
15.9196,660,,,0.6095,,,,,,17.7624,r0_measured_04216,read,measured,,,,,0.7337,,ok,0.4143
10.4945,509,,,0.4553,,,,,,11.9675,r0_measured_04217,read,measured,,,,,0.5602,,ok,0.394
11.5337,679,,,0.4944,,,,,,12.9784,r0_measured_04218,read,measured,,,,,0.5677,,ok,0.321
12.1526,689,,,0.5908,,,,,,13.8542,r0_measured_04219,read,measured,,,,,0.6602,,ok,0.3704
12.7148,680,,,0.5711,,,,,,14.3203,r0_measured_04220,read,measured,,,,,0.6161,,ok,0.3461
11.2014,567,,,0.6769,,,,,,13.385,r0_measured_04221,read,measured,,,,,0.9302,,ok,0.4973
12.0783,509,,,0.5573,,,,,,13.7289,r0_measured_04222,read,measured,,,,,0.6251,,ok,0.3966
14.3584,675,,,0.5881,,,,,,15.9984,r0_measured_04223,read,measured,,,,,0.6147,,ok,0.3617
16.8408,689,,,0.545,,,,,,18.4676,r0_measured_04224,read,measured,,,,,0.6417,,ok,0.3647
15.6674,681,,,0.5428,,,,,,17.263,r0_measured_04225,read,measured,,,,,0.6448,,ok,0.3314
13.2097,369,,,0.2195,,,,,,14.261,r0_measured_04226,read,measured,,,,,0.489,,ok,0.292
12.3407,681,,,0.577,,,,,,13.9945,r0_measured_04227,read,measured,,,,,0.6592,,ok,0.351
13.6143,680,,,0.7947,,,,,,15.7575,r0_measured_04228,read,measured,,,,,0.841,,ok,0.4231
12.6979,675,,,0.8715,,,,,,14.7918,r0_measured_04229,read,measured,,,,,0.6932,,ok,0.4533
13.913,680,,,1.3514,,,,,,16.9402,r0_measured_04230,read,measured,,,,,0.7566,,ok,0.803
15.3376,681,,,0.6562,,,,,,17.163,r0_measured_04231,read,measured,,,,,0.7187,,ok,0.3746
9.8036,368,,,0.3202,,,,,,11.2833,r0_measured_04232,read,measured,,,,,0.704,,ok,0.3976
11.4694,509,,,0.516,,,,,,13.0124,r0_measured_04233,read,measured,,,,,0.6034,,ok,0.3594
17.6578,689,,,0.6078,,,,,,19.6995,r0_measured_04234,read,measured,,,,,0.8665,,ok,0.4823
16.8369,675,,,0.5838,,,,,,18.6655,r0_measured_04235,read,measured,,,,,0.7825,,ok,0.3831
9.9438,369,,,0.2599,,,,,,11.2529,r0_measured_04236,read,measured,,,,,0.5478,,ok,0.4347
11.6124,509,,,0.6857,,,,,,13.3227,r0_measured_04237,read,measured,,,,,0.5847,,ok,0.3668
14.5781,680,,,0.6991,,,,,,16.5538,r0_measured_04238,read,measured,,,,,0.7849,,ok,0.406
11.4876,567,,,0.4994,,,,,,13.1112,r0_measured_04239,read,measured,,,,,0.6797,,ok,0.3663
7.9042,369,,,0.2295,,,,,,8.9561,r0_measured_04240,read,measured,,,,,0.4392,,ok,0.3353
11.2198,629,,,0.5671,,,,,,12.9941,r0_measured_04241,read,measured,,,,,0.7543,,ok,0.385
13.8854,679,,,0.5918,,,,,,15.5688,r0_measured_04242,read,measured,,,,,0.6799,,ok,0.335
12.7402,663,,,0.5716,,,,,,14.5718,r0_measured_04243,read,measured,,,,,0.7399,,ok,0.4369
11.9238,629,,,0.482,,,,,,13.608,r0_measured_04244,read,measured,,,,,0.8114,,ok,0.3191
9.4223,509,,,0.3706,,,,,,10.7632,r0_measured_04245,read,measured,,,,,0.5095,,ok,0.4044
10.503,629,,,0.4632,,,,,,11.8846,r0_measured_04246,read,measured,,,,,0.5498,,ok,0.3095
12.8438,674,,,0.7769,,,,,,15.0372,r0_measured_04247,read,measured,,,,,0.8819,,ok,0.4393
13.6136,663,,,0.6437,,,,,,15.4808,r0_measured_04248,read,measured,,,,,0.6856,,ok,0.3667
12.6738,680,,,0.6435,,,,,,14.3822,r0_measured_04249,read,measured,,,,,0.6614,,ok,0.329
9.8702,509,,,0.5002,,,,,,11.2512,r0_measured_04250,read,measured,,,,,0.52,,ok,0.3078
10.769,628,,,0.4514,,,,,,12.1783,r0_measured_04251,read,measured,,,,,0.572,,ok,0.3254
12.5066,680,,,1.1341,,,,,,15.0305,r0_measured_04252,read,measured,,,,,0.6762,,ok,0.6333
8.6392,419,,,0.2397,,,,,,9.7067,r0_measured_04253,read,measured,,,,,0.4646,,ok,0.3129
13.6005,629,,,0.5437,,,,,,15.2442,r0_measured_04254,read,measured,,,,,0.7001,,ok,0.3345
12.5542,629,,,0.7229,,,,,,14.3932,r0_measured_04255,read,measured,,,,,0.6678,,ok,0.3801
15.6155,681,,,0.5949,,,,,,17.6002,r0_measured_04256,read,measured,,,,,0.8983,,ok,0.4106
13.3279,663,,,0.5698,,,,,,14.9127,r0_measured_04257,read,measured,,,,,0.6348,,ok,0.3127
11.8119,568,,,0.4829,,,,,,13.2904,r0_measured_04258,read,measured,,,,,0.5651,,ok,0.3665
13.2126,674,,,0.5981,,,,,,15.0197,r0_measured_04259,read,measured,,,,,0.7735,,ok,0.359
9.079,419,,,0.2587,,,,,,10.226,r0_measured_04260,read,measured,,,,,0.4854,,ok,0.3459
12.5826,629,,,0.6124,,,,,,14.2744,r0_measured_04261,read,measured,,,,,0.6627,,ok,0.3425
95.2556,678,12.3444,7.7368,0.5746,2.4634,1,7.7347,1,39.7538,96.9472,r0_measured_04262,update,measured,32.017,1.6916,1,14.5705,0.6862,26.1235,ok,0.3606
12.0982,629,,,0.5405,,,,,,13.7853,r0_measured_04263,read,measured,,,,,0.7157,,ok,0.3575
10.0435,509,,,0.4762,,,,,,11.4649,r0_measured_04264,read,measured,,,,,0.5045,,ok,0.3764
14.3086,681,,,0.5402,,,,,,16.0935,r0_measured_04265,read,measured,,,,,0.7489,,ok,0.4144
13.3438,689,,,0.5488,,,,,,14.9663,r0_measured_04266,read,measured,,,,,0.6357,,ok,0.367
13.7589,629,,,0.6004,,,,,,15.8529,r0_measured_04267,read,measured,,,,,0.8697,,ok,0.5171
9.8786,418,,,0.2867,,,,,,11.0894,r0_measured_04268,read,measured,,,,,0.5175,,ok,0.3514
11.368,568,,,0.5383,,,,,,13.034,r0_measured_04269,read,measured,,,,,0.6832,,ok,0.3656
11.4777,568,,,0.594,,,,,,13.3899,r0_measured_04270,read,measured,,,,,0.7787,,ok,0.4678
12.8422,663,,,0.4883,,,,,,14.3153,r0_measured_04271,read,measured,,,,,0.5891,,ok,0.3321
13.5014,680,,,0.5201,,,,,,15.1776,r0_measured_04272,read,measured,,,,,0.6895,,ok,0.387
10.4733,509,,,0.4387,,,,,,11.8769,r0_measured_04273,read,measured,,,,,0.5508,,ok,0.3535
11.2245,629,,,0.4297,,,,,,12.5354,r0_measured_04274,read,measured,,,,,0.4933,,ok,0.3279
10.7559,628,,,0.4844,,,,,,12.2458,r0_measured_04275,read,measured,,,,,0.6072,,ok,0.329
10.4022,568,,,0.4638,,,,,,11.8114,r0_measured_04276,read,measured,,,,,0.5627,,ok,0.3218
10.1524,566,,,0.5031,,,,,,11.7544,r0_measured_04277,read,measured,,,,,0.6675,,ok,0.3634
13.8822,689,,,0.611,,,,,,15.6236,r0_measured_04278,read,measured,,,,,0.6884,,ok,0.3634
15.3045,509,,,0.8415,,,,,,17.6395,r0_measured_04279,read,measured,,,,,0.5303,,ok,0.8672
13.0269,509,,,0.52,,,,,,14.6358,r0_measured_04280,read,measured,,,,,0.6607,,ok,0.3634
8.1972,419,,,0.2326,,,,,,9.226,r0_measured_04281,read,measured,,,,,0.4469,,ok,0.3054
10.878,568,,,0.4957,,,,,,12.361,r0_measured_04282,read,measured,,,,,0.5843,,ok,0.335
20.2545,663,,,0.4842,,,,,,21.7036,r0_measured_04283,read,measured,,,,,0.5866,,ok,0.3114
16.0405,508,,,0.4727,,,,,,17.4539,r0_measured_04284,read,measured,,,,,0.554,,ok,0.3237
15.6818,675,,,0.5421,,,,,,17.2275,r0_measured_04285,read,measured,,,,,0.6152,,ok,0.3231
14.1641,675,,,0.6501,,,,,,16.0283,r0_measured_04286,read,measured,,,,,0.7488,,ok,0.3856
11.4335,509,,,0.4803,,,,,,12.8783,r0_measured_04287,read,measured,,,,,0.5444,,ok,0.3413
11.8982,680,,,0.5181,,,,,,13.4879,r0_measured_04288,read,measured,,,,,0.679,,ok,0.3234
11.8659,629,,,0.5875,,,,,,13.4642,r0_measured_04289,read,measured,,,,,0.5958,,ok,0.3505
8.2619,419,,,0.2747,,,,,,9.5138,r0_measured_04290,read,measured,,,,,0.5485,,ok,0.3722
11.0312,629,,,0.5301,,,,,,12.6454,r0_measured_04291,read,measured,,,,,0.6513,,ok,0.3574
11.068,568,,,0.5439,,,,,,12.7414,r0_measured_04292,read,measured,,,,,0.6911,,ok,0.3702
9.9247,509,,,0.4318,,,,,,11.2942,r0_measured_04293,read,measured,,,,,0.5377,,ok,0.3443
9.5549,509,,,0.5115,,,,,,11.0829,r0_measured_04294,read,measured,,,,,0.5894,,ok,0.3576
7.783,369,,,0.2746,,,,,,8.8341,r0_measured_04295,read,measured,,,,,0.4106,,ok,0.3185
12.8073,675,,,0.5501,,,,,,14.528,r0_measured_04296,read,measured,,,,,0.7252,,ok,0.3737
14.7502,681,,,0.5936,,,,,,16.4859,r0_measured_04297,read,measured,,,,,0.6885,,ok,0.376
7.8037,369,,,0.212,,,,,,8.8293,r0_measured_04298,read,measured,,,,,0.4299,,ok,0.3374
12.2764,689,,,0.6576,,,,,,14.1755,r0_measured_04299,read,measured,,,,,0.7566,,ok,0.396
13.6577,629,,,0.5829,,,,,,15.3919,r0_measured_04300,read,measured,,,,,0.6878,,ok,0.3889
10.9846,568,,,0.3735,,,,,,12.3443,r0_measured_04301,read,measured,,,,,0.5942,,ok,0.3329
11.9251,681,,,0.501,,,,,,13.4826,r0_measured_04302,read,measured,,,,,0.6717,,ok,0.3188
12.22,689,,,0.5982,,,,,,14.1646,r0_measured_04303,read,measured,,,,,0.821,,ok,0.4441
10.073,419,,,0.2964,,,,,,11.3993,r0_measured_04304,read,measured,,,,,0.6002,,ok,0.3651
13.5037,681,,,0.5836,,,,,,15.1699,r0_measured_04305,read,measured,,,,,0.6448,,ok,0.3651
11.1401,629,,,0.5319,,,,,,12.8243,r0_measured_04306,read,measured,,,,,0.7402,,ok,0.3452
12.5405,689,,,0.4778,,,,,,14.0242,r0_measured_04307,read,measured,,,,,0.6275,,ok,0.3101
7.3815,368,,,0.2786,,,,,,8.5143,r0_measured_04308,read,measured,,,,,0.4502,,ok,0.344
10.5109,509,,,0.5288,,,,,,12.0009,r0_measured_04309,read,measured,,,,,0.5587,,ok,0.3426
13.9321,679,,,0.5783,,,,,,15.7397,r0_measured_04310,read,measured,,,,,0.7352,,ok,0.4091
11.6555,568,,,0.4308,,,,,,13.0017,r0_measured_04311,read,measured,,,,,0.5111,,ok,0.341
12.8615,681,,,0.5071,,,,,,14.4761,r0_measured_04312,read,measured,,,,,0.6691,,ok,0.3542
8.1474,419,,,0.2252,,,,,,9.1709,r0_measured_04313,read,measured,,,,,0.4214,,ok,0.3301
11.2837,681,,,0.5099,,,,,,12.6941,r0_measured_04314,read,measured,,,,,0.5354,,ok,0.3072
10.0691,568,,,0.4933,,,,,,11.5847,r0_measured_04315,read,measured,,,,,0.5633,,ok,0.3892
12.875,568,,,0.7052,,,,,,14.8945,r0_measured_04316,read,measured,,,,,0.7594,,ok,0.47
10.8499,419,,,0.3275,,,,,,12.2486,r0_measured_04317,read,measured,,,,,0.6225,,ok,0.3763
13.2172,419,,,0.3193,,,,,,14.466,r0_measured_04318,read,measured,,,,,0.5137,,ok,0.338
7.4082,368,,,0.2345,,,,,,8.4462,r0_measured_04319,read,measured,,,,,0.4429,,ok,0.311
12.1384,674,,,0.5131,,,,,,13.7144,r0_measured_04320,read,measured,,,,,0.6621,,ok,0.3295
7.148,368,,,0.2223,,,,,,8.1213,r0_measured_04321,read,measured,,,,,0.3921,,ok,0.29
13.8902,568,,,0.6633,,,,,,15.7377,r0_measured_04322,read,measured,,,,,0.6679,,ok,0.4371
9.4658,368,,,0.2825,,,,,,10.789,r0_measured_04323,read,measured,,,,,0.5496,,ok,0.4252
13.5429,675,,,0.5018,,,,,,15.0852,r0_measured_04324,read,measured,,,,,0.6508,,ok,0.3249
9.7292,508,,,0.5122,,,,,,11.4816,r0_measured_04325,read,measured,,,,,0.6883,,ok,0.4735
13.922,680,,,0.5673,,,,,,15.748,r0_measured_04326,read,measured,,,,,0.7989,,ok,0.3763
13.0783,681,,,0.524,,,,,,14.7698,r0_measured_04327,read,measured,,,,,0.6997,,ok,0.3993
11.6805,568,,,0.522,,,,,,13.3055,r0_measured_04328,read,measured,,,,,0.6668,,ok,0.3646
12.4764,687,,,0.4975,,,,,,13.9485,r0_measured_04329,read,measured,,,,,0.6007,,ok,0.3103
76.409,679,13.6474,4.4616,0.7385,2.3632,1,4.4597,1,22.0613,78.3414,r0_measured_04330,update,measured,17.5997,1.9324,1,13.8729,0.6563,24.4642,ok,0.4007
13.9423,663,,,0.6279,,,,,,16.0161,r0_measured_04331,read,measured,,,,,0.9064,,ok,0.4385
15.185,675,,,0.7146,,,,,,17.1389,r0_measured_04332,read,measured,,,,,0.7424,,ok,0.405
15.013,628,,,0.4798,,,,,,16.692,r0_measured_04333,read,measured,,,,,0.7173,,ok,0.4051
9.9555,509,,,0.4623,,,,,,11.3199,r0_measured_04334,read,measured,,,,,0.5236,,ok,0.3236
12.2434,681,,,0.6811,,,,,,14.0862,r0_measured_04335,read,measured,,,,,0.7175,,ok,0.3647
13.8747,675,,,0.5687,,,,,,15.6971,r0_measured_04336,read,measured,,,,,0.7857,,ok,0.3963
14.5028,689,,,0.5676,,,,,,16.2796,r0_measured_04337,read,measured,,,,,0.7489,,ok,0.3768
14.2328,629,,,0.5038,,,,,,15.8886,r0_measured_04338,read,measured,,,,,0.7197,,ok,0.3553
84.2965,629,14.7159,9.193,0.6547,2.1971,1,9.1912,1,33.5227,86.3121,r0_measured_04339,update,measured,24.3297,2.0156,1,14.3297,0.8133,19.5311,ok,0.4646
14.9042,689,,,0.6219,,,,,,16.6246,r0_measured_04340,read,measured,,,,,0.6419,,ok,0.3794
14.2107,629,,,0.5356,,,,,,15.8387,r0_measured_04341,read,measured,,,,,0.6586,,ok,0.3612
12.9943,568,,,0.4981,,,,,,14.5735,r0_measured_04342,read,measured,,,,,0.5873,,ok,0.4207
11.6379,568,,,0.6145,,,,,,13.358,r0_measured_04343,read,measured,,,,,0.6638,,ok,0.3691
12.5748,663,,,0.6829,,,,,,14.286,r0_measured_04344,read,measured,,,,,0.6146,,ok,0.3404
13.6465,508,,,0.49,,,,,,15.262,r0_measured_04345,read,measured,,,,,0.6626,,ok,0.3905
10.9518,508,,,0.4358,,,,,,12.4153,r0_measured_04346,read,measured,,,,,0.6203,,ok,0.3455
12.7114,689,,,0.4646,,,,,,14.2006,r0_measured_04347,read,measured,,,,,0.6458,,ok,0.3173
73.5937,689,13.2938,6.1648,0.5444,2.3903,1,6.1632,1,23.5704,75.1284,r0_measured_04348,update,measured,17.4056,1.5347,1,13.0292,0.5911,21.31,ok,0.328
13.8357,663,,,0.7164,,,,,,15.7729,r0_measured_04349,read,measured,,,,,0.763,,ok,0.3826
8.6944,419,,,0.2463,,,,,,9.7639,r0_measured_04350,read,measured,,,,,0.4607,,ok,0.315
9.0957,419,,,0.39,,,,,,10.343,r0_measured_04351,read,measured,,,,,0.4756,,ok,0.3249
12.7811,687,,,0.5635,,,,,,14.4851,r0_measured_04352,read,measured,,,,,0.709,,ok,0.3643
11.6482,660,,,1.1934,,,,,,14.0337,r0_measured_04353,read,measured,,,,,0.6746,,ok,0.4359
11.7937,568,,,0.7068,,,,,,13.7649,r0_measured_04354,read,measured,,,,,0.7481,,ok,0.4339
11.786,508,,,0.4859,,,,,,13.3116,r0_measured_04355,read,measured,,,,,0.5884,,ok,0.3728
14.0886,660,,,0.5421,,,,,,15.8557,r0_measured_04356,read,measured,,,,,0.7907,,ok,0.3597
13.7215,689,,,0.5962,,,,,,15.3172,r0_measured_04357,read,measured,,,,,0.5979,,ok,0.3354
8.0574,419,,,0.2728,,,,,,9.2849,r0_measured_04358,read,measured,,,,,0.5623,,ok,0.3318
17.1895,663,,,0.5139,,,,,,18.8867,r0_measured_04359,read,measured,,,,,0.7117,,ok,0.3987
11.9,629,,,0.5939,,,,,,13.55,r0_measured_04360,read,measured,,,,,0.6222,,ok,0.3585
10.7557,568,,,0.4484,,,,,,12.2531,r0_measured_04361,read,measured,,,,,0.5721,,ok,0.3692
11.2938,629,,,0.702,,,,,,13.3115,r0_measured_04362,read,measured,,,,,0.8493,,ok,0.3899
13.1692,680,,,0.7566,,,,,,15.0029,r0_measured_04363,read,measured,,,,,0.662,,ok,0.3386
11.8554,681,,,0.535,,,,,,13.4366,r0_measured_04364,read,measured,,,,,0.6453,,ok,0.3225
26.6643,369,,,0.2375,,,,,,27.8468,r0_measured_04365,read,measured,,,,,0.4875,,ok,0.3993
17.7355,689,,,0.6975,,,,,,19.7692,r0_measured_04366,read,measured,,,,,0.7983,,ok,0.4476
9.3494,419,,,0.278,,,,,,10.5082,r0_measured_04367,read,measured,,,,,0.5077,,ok,0.3231
11.4403,629,,,0.6589,,,,,,13.2714,r0_measured_04368,read,measured,,,,,0.6173,,ok,0.4774
15.1581,681,,,0.5677,,,,,,16.9697,r0_measured_04369,read,measured,,,,,0.7963,,ok,0.376
13.1201,679,,,0.5873,,,,,,14.8938,r0_measured_04370,read,measured,,,,,0.6324,,ok,0.4636
12.5999,629,,,0.5442,,,,,,14.1865,r0_measured_04371,read,measured,,,,,0.5937,,ok,0.3793
12.0451,689,,,0.5111,,,,,,13.5327,r0_measured_04372,read,measured,,,,,0.5929,,ok,0.3162
8.8922,509,,,0.4365,,,,,,10.3027,r0_measured_04373,read,measured,,,,,0.5778,,ok,0.339
9.5953,419,,,0.295,,,,,,10.9125,r0_measured_04374,read,measured,,,,,0.5871,,ok,0.378
11.7803,629,,,0.5504,,,,,,13.3559,r0_measured_04375,read,measured,,,,,0.6339,,ok,0.3286
10.9752,509,,,0.648,,,,,,12.9518,r0_measured_04376,read,measured,,,,,0.7306,,ok,0.4918
16.7343,680,,,0.5651,,,,,,18.3668,r0_measured_04377,read,measured,,,,,0.632,,ok,0.354
13.1222,629,,,0.705,,,,,,15.1204,r0_measured_04378,read,measured,,,,,0.6463,,ok,0.5229
15.0157,680,,,0.5624,,,,,,16.7399,r0_measured_04379,read,measured,,,,,0.7184,,ok,0.369
13.6231,689,,,0.6364,,,,,,15.2928,r0_measured_04380,read,measured,,,,,0.5657,,ok,0.3813
8.9723,368,,,0.2285,,,,,,10.1291,r0_measured_04381,read,measured,,,,,0.5085,,ok,0.3531
8.3512,419,,,0.2918,,,,,,9.7305,r0_measured_04382,read,measured,,,,,0.5833,,ok,0.4483
8.6257,419,,,0.238,,,,,,9.7403,r0_measured_04383,read,measured,,,,,0.5066,,ok,0.3218
13.9728,674,,,0.5722,,,,,,15.5727,r0_measured_04384,read,measured,,,,,0.6208,,ok,0.3313
9.0603,419,,,0.2793,,,,,,10.1637,r0_measured_04385,read,measured,,,,,0.4747,,ok,0.3009
12.0102,689,,,0.6317,,,,,,13.7302,r0_measured_04386,read,measured,,,,,0.693,,ok,0.3243
75.582,661,12.5111,4.9974,0.4749,2.4323,1,4.9956,1,20.153,77.1057,r0_measured_04387,update,measured,15.1556,1.5237,1,11.893,0.6553,28.5926,ok,0.327
13.1102,629,,,0.6423,,,,,,14.9121,r0_measured_04388,read,measured,,,,,0.6766,,ok,0.4087
11.7509,568,,,0.6239,,,,,,13.3866,r0_measured_04389,read,measured,,,,,0.5933,,ok,0.3503
11.5801,681,,,0.5513,,,,,,13.1012,r0_measured_04390,read,measured,,,,,0.547,,ok,0.3541
9.8001,508,,,0.4311,,,,,,11.3361,r0_measured_04391,read,measured,,,,,0.718,,ok,0.3219
11.7033,679,,,0.5171,,,,,,13.3658,r0_measured_04392,read,measured,,,,,0.7497,,ok,0.3313
15.9556,680,,,0.7213,,,,,,18.0326,r0_measured_04393,read,measured,,,,,0.7974,,ok,0.4675
14.7406,568,,,0.5964,,,,,,16.5313,r0_measured_04394,read,measured,,,,,0.754,,ok,0.3661
16.2976,680,,,0.6971,,,,,,18.1497,r0_measured_04395,read,measured,,,,,0.6597,,ok,0.4097
13.8123,680,,,0.5656,,,,,,15.533,r0_measured_04396,read,measured,,,,,0.6514,,ok,0.4327
10.8232,509,,,0.4866,,,,,,12.3704,r0_measured_04397,read,measured,,,,,0.6325,,ok,0.3631
13.2567,629,,,0.5757,,,,,,14.9595,r0_measured_04398,read,measured,,,,,0.6743,,ok,0.3756
13.574,680,,,0.5368,,,,,,15.1965,r0_measured_04399,read,measured,,,,,0.6447,,ok,0.3625
10.7545,508,,,0.5356,,,,,,12.4908,r0_measured_04400,read,measured,,,,,0.7104,,ok,0.4082
11.2949,509,,,0.5871,,,,,,12.8976,r0_measured_04401,read,measured,,,,,0.5884,,ok,0.363
12.1187,567,,,0.4838,,,,,,13.5676,r0_measured_04402,read,measured,,,,,0.5926,,ok,0.314
9.1108,418,,,0.3291,,,,,,10.4726,r0_measured_04403,read,measured,,,,,0.5098,,ok,0.4576
12.7812,681,,,0.5773,,,,,,14.5429,r0_measured_04404,read,measured,,,,,0.738,,ok,0.3727
14.4103,689,,,0.7213,,,,,,16.2477,r0_measured_04405,read,measured,,,,,0.6668,,ok,0.356
12.0382,689,,,0.5304,,,,,,13.5709,r0_measured_04406,read,measured,,,,,0.6132,,ok,0.3264
11.9567,680,,,0.5879,,,,,,13.6103,r0_measured_04407,read,measured,,,,,0.6714,,ok,0.3254
9.0743,419,,,0.3627,,,,,,10.4149,r0_measured_04408,read,measured,,,,,0.5261,,ok,0.3905
9.9454,509,,,0.5232,,,,,,11.5515,r0_measured_04409,read,measured,,,,,0.6623,,ok,0.3545
22.0484,689,,,0.6271,,,,,,23.7933,r0_measured_04410,read,measured,,,,,0.6531,,ok,0.3873
17.2268,689,,,0.7775,,,,,,19.3378,r0_measured_04411,read,measured,,,,,0.773,,ok,0.4621
14.4469,663,,,0.5233,,,,,,16.1027,r0_measured_04412,read,measured,,,,,0.6796,,ok,0.3764
9.561,419,,,0.3216,,,,,,10.9783,r0_measured_04413,read,measured,,,,,0.6089,,ok,0.4268
15.3739,675,,,0.61,,,,,,17.192,r0_measured_04414,read,measured,,,,,0.7289,,ok,0.3965
13.2418,680,,,0.5403,,,,,,14.7914,r0_measured_04415,read,measured,,,,,0.6285,,ok,0.3162
12.5765,629,,,0.6745,,,,,,14.7782,r0_measured_04416,read,measured,,,,,0.8876,,ok,0.4899
15.7166,681,,,0.6362,,,,,,17.6234,r0_measured_04417,read,measured,,,,,0.7999,,ok,0.3943
14.1116,681,,,0.4927,,,,,,15.698,r0_measured_04418,read,measured,,,,,0.6727,,ok,0.3474
18.9185,680,,,0.5897,,,,,,20.6165,r0_measured_04419,read,measured,,,,,0.6631,,ok,0.3702
9.8126,368,,,0.2944,,,,,,11.1287,r0_measured_04420,read,measured,,,,,0.5921,,ok,0.3619
9.6996,419,,,0.2693,,,,,,10.8951,r0_measured_04421,read,measured,,,,,0.5301,,ok,0.3371
14.9253,568,,,0.5429,,,,,,16.5673,r0_measured_04422,read,measured,,,,,0.6958,,ok,0.3292
16.1723,681,,,0.6082,,,,,,18.0234,r0_measured_04423,read,measured,,,,,0.7583,,ok,0.4007
17.208,681,,,0.5631,,,,,,18.9559,r0_measured_04424,read,measured,,,,,0.7095,,ok,0.3917
14.0014,629,,,0.5665,,,,,,15.786,r0_measured_04425,read,measured,,,,,0.7494,,ok,0.3954
13.8125,681,,,0.671,,,,,,15.7815,r0_measured_04426,read,measured,,,,,0.637,,ok,0.5209
16.0206,680,,,0.5574,,,,,,17.6605,r0_measured_04427,read,measured,,,,,0.6441,,ok,0.3588
77.8592,419,9.8713,8.0861,0.3134,1.4307,1,8.0844,1,26.0658,79.2488,r0_measured_04428,update,measured,17.9797,1.3896,1,25.6138,0.588,14.8776,ok,0.4236
12.8401,567,,,0.5406,,,,,,14.5394,r0_measured_04429,read,measured,,,,,0.6965,,ok,0.3878
14.0372,680,,,0.5523,,,,,,15.664,r0_measured_04430,read,measured,,,,,0.6511,,ok,0.3468
13.8724,681,,,0.6223,,,,,,15.6594,r0_measured_04431,read,measured,,,,,0.7259,,ok,0.361
11.9525,567,,,0.7133,,,,,,13.8235,r0_measured_04432,read,measured,,,,,0.6564,,ok,0.4254
17.9858,675,,,0.7238,,,,,,20.0312,r0_measured_04433,read,measured,,,,,0.8014,,ok,0.4244
14.2096,629,,,0.6444,,,,,,16.045,r0_measured_04434,read,measured,,,,,0.7053,,ok,0.4079
77.358,568,12.9517,7.2041,0.6001,2.1646,1,7.2021,1,26.9055,79.1059,r0_measured_04435,update,measured,19.7014,1.7479,1,13.1904,0.6841,22.1458,ok,0.3828
64.7289,568,14.4045,4.786,0.5404,2.2953,0,4.784,1,25.2696,66.3821,r0_measured_04436,update,measured,20.4836,1.6532,1,0.0058,0.6454,22.7537,ok,0.3871
12.5335,681,,,0.5926,,,,,,14.2515,r0_measured_04437,read,measured,,,,,0.6844,,ok,0.3656
14.0524,680,,,1.1267,,,,,,16.3517,r0_measured_04438,read,measured,,,,,0.6826,,ok,0.4039
12.2913,509,,,0.4592,,,,,,13.8239,r0_measured_04439,read,measured,,,,,0.5835,,ok,0.4163
13.7719,681,,,0.6684,,,,,,15.7684,r0_measured_04440,read,measured,,,,,0.8024,,ok,0.4342
15.4167,681,,,0.5973,,,,,,17.3125,r0_measured_04441,read,measured,,,,,0.8172,,ok,0.4021
12.9083,675,,,0.6642,,,,,,14.7049,r0_measured_04442,read,measured,,,,,0.6553,,ok,0.3876
13.6718,689,,,0.6879,,,,,,15.5532,r0_measured_04443,read,measured,,,,,0.6787,,ok,0.4253
14.0923,675,,,0.6877,,,,,,15.8647,r0_measured_04444,read,measured,,,,,0.6537,,ok,0.3536
13.9434,663,,,0.8567,,,,,,16.2417,r0_measured_04445,read,measured,,,,,0.7209,,ok,0.6079
13.67,680,,,0.642,,,,,,15.4469,r0_measured_04446,read,measured,,,,,0.6887,,ok,0.3635
15.1611,681,,,0.5604,,,,,,16.9916,r0_measured_04447,read,measured,,,,,0.7635,,ok,0.4312
13.9957,689,,,0.7456,,,,,,16.1071,r0_measured_04448,read,measured,,,,,0.7439,,ok,0.5279
15.0581,663,,,0.5956,,,,,,17.0407,r0_measured_04449,read,measured,,,,,0.9025,,ok,0.398
15.8506,568,,,0.5658,,,,,,17.6319,r0_measured_04450,read,measured,,,,,0.7175,,ok,0.4202
13.5969,663,,,0.561,,,,,,15.2314,r0_measured_04451,read,measured,,,,,0.664,,ok,0.3333
8.9382,369,,,0.2292,,,,,,10.135,r0_measured_04452,read,measured,,,,,0.4572,,ok,0.4501
11.9038,509,,,0.5477,,,,,,13.719,r0_measured_04453,read,measured,,,,,0.7323,,ok,0.4562
13.8163,629,,,0.541,,,,,,15.4735,r0_measured_04454,read,measured,,,,,0.6866,,ok,0.3566
8.7999,419,,,0.2851,,,,,,10.0056,r0_measured_04455,read,measured,,,,,0.507,,ok,0.3568
11.1877,509,,,0.5456,,,,,,12.8093,r0_measured_04456,read,measured,,,,,0.6273,,ok,0.3774
10.841,368,,,0.2842,,,,,,12.4014,r0_measured_04457,read,measured,,,,,0.7747,,ok,0.4318
15.2719,680,,,0.5986,,,,,,17.105,r0_measured_04458,read,measured,,,,,0.7655,,ok,0.3846
13.5284,675,,,0.673,,,,,,15.3528,r0_measured_04459,read,measured,,,,,0.675,,ok,0.3934
12.9918,661,,,0.6837,,,,,,15.1483,r0_measured_04460,read,measured,,,,,0.9614,,ok,0.4217
9.5665,419,,,0.2758,,,,,,10.8287,r0_measured_04461,read,measured,,,,,0.5653,,ok,0.3552
8.5933,368,,,0.2538,,,,,,9.7689,r0_measured_04462,read,measured,,,,,0.4957,,ok,0.3687
9.6734,418,,,0.2915,,,,,,11.1339,r0_measured_04463,read,measured,,,,,0.5268,,ok,0.5477
13.0135,689,,,0.5216,,,,,,14.6705,r0_measured_04464,read,measured,,,,,0.7064,,ok,0.3549
10.8592,509,,,0.4992,,,,,,12.4609,r0_measured_04465,read,measured,,,,,0.6195,,ok,0.4153
14.4795,689,,,0.5969,,,,,,16.2709,r0_measured_04466,read,measured,,,,,0.7557,,ok,0.3572
11.3297,368,,,0.2406,,,,,,12.6607,r0_measured_04467,read,measured,,,,,0.6884,,ok,0.3467
12.767,689,,,0.6947,,,,,,14.7103,r0_measured_04468,read,measured,,,,,0.6892,,ok,0.4694
9.5986,369,,,0.2554,,,,,,11.0534,r0_measured_04469,read,measured,,,,,0.5923,,ok,0.5334
12.5305,508,,,0.5244,,,,,,14.1733,r0_measured_04470,read,measured,,,,,0.6368,,ok,0.4096
16.2041,681,,,0.6489,,,,,,18.032,r0_measured_04471,read,measured,,,,,0.691,,ok,0.4028
13.1595,629,,,0.5437,,,,,,14.9008,r0_measured_04472,read,measured,,,,,0.7392,,ok,0.3845
13.6021,689,,,0.8114,,,,,,15.6324,r0_measured_04473,read,measured,,,,,0.718,,ok,0.4083
22.0458,689,,,0.613,,,,,,23.9135,r0_measured_04474,read,measured,,,,,0.7716,,ok,0.3947
12.2989,568,,,0.5234,,,,,,13.8537,r0_measured_04475,read,measured,,,,,0.6052,,ok,0.3557
11.9436,629,,,0.6098,,,,,,13.7257,r0_measured_04476,read,measured,,,,,0.721,,ok,0.367
13.4483,681,,,0.5607,,,,,,15.2212,r0_measured_04477,read,measured,,,,,0.7183,,ok,0.3705
20.6651,681,,,0.6866,,,,,,22.4949,r0_measured_04478,read,measured,,,,,0.7042,,ok,0.3598
14.5714,508,,,0.5183,,,,,,16.1924,r0_measured_04479,read,measured,,,,,0.583,,ok,0.436
10.8532,419,,,0.2687,,,,,,12.0674,r0_measured_04480,read,measured,,,,,0.4947,,ok,0.3587
14.8935,681,,,0.6286,,,,,,16.6233,r0_measured_04481,read,measured,,,,,0.6446,,ok,0.3719
15.3332,680,,,0.6018,,,,,,17.0202,r0_measured_04482,read,measured,,,,,0.6479,,ok,0.3611
14.7462,663,,,0.692,,,,,,16.6683,r0_measured_04483,read,measured,,,,,0.7142,,ok,0.4266
13.3393,689,,,0.5024,,,,,,15.0738,r0_measured_04484,read,measured,,,,,0.7579,,ok,0.3367
10.132,419,,,0.3119,,,,,,11.5636,r0_measured_04485,read,measured,,,,,0.6371,,ok,0.4082
9.2858,369,,,0.2324,,,,,,10.433,r0_measured_04486,read,measured,,,,,0.5227,,ok,0.3407
13.1294,680,,,0.5855,,,,,,14.7471,r0_measured_04487,read,measured,,,,,0.6167,,ok,0.3394
17.8536,689,,,0.8454,,,,,,20.2881,r0_measured_04488,read,measured,,,,,0.9149,,ok,0.5724
81.8592,681,15.4331,9.9226,0.6373,2.3614,0,9.9201,1,30.1673,83.6049,r0_measured_04489,update,measured,20.2447,1.7457,1,13.402,0.6835,20.4954,ok,0.3422
12.805,663,,,0.6826,,,,,,14.6271,r0_measured_04490,read,measured,,,,,0.6866,,ok,0.3732
13.8479,681,,,0.5826,,,,,,15.5293,r0_measured_04491,read,measured,,,,,0.6438,,ok,0.365
93.0362,663,14.1567,7.8782,0.5837,2.6094,1,7.8756,1,24.8027,94.7354,r0_measured_04492,update,measured,16.9245,1.6992,1,25.6645,0.6726,25.8029,ok,0.3654
13.1885,675,,,0.5555,,,,,,14.7974,r0_measured_04493,read,measured,,,,,0.6499,,ok,0.3285
13.2012,679,,,0.6184,,,,,,14.9448,r0_measured_04494,read,measured,,,,,0.6809,,ok,0.3663
13.9383,629,,,0.5975,,,,,,15.8077,r0_measured_04495,read,measured,,,,,0.7902,,ok,0.3972
13.241,628,,,0.5353,,,,,,14.914,r0_measured_04496,read,measured,,,,,0.6438,,ok,0.4141
16.2376,629,,,0.5361,,,,,,17.9562,r0_measured_04497,read,measured,,,,,0.7285,,ok,0.3748
14.6783,680,,,0.6208,,,,,,16.4118,r0_measured_04498,read,measured,,,,,0.6763,,ok,0.3604
13.8026,663,,,0.5371,,,,,,15.4235,r0_measured_04499,read,measured,,,,,0.6569,,ok,0.3488
14.3488,680,,,0.5598,,,,,,16.1779,r0_measured_04500,read,measured,,,,,0.7763,,ok,0.4113
14.5917,663,,,0.6572,,,,,,16.4481,r0_measured_04501,read,measured,,,,,0.6981,,ok,0.418
14.0565,629,,,0.5961,,,,,,15.7222,r0_measured_04502,read,measured,,,,,0.6313,,ok,0.3667
13.5701,419,,,0.2989,,,,,,14.8286,r0_measured_04503,read,measured,,,,,0.5471,,ok,0.3455
13.6754,680,,,0.5613,,,,,,15.3393,r0_measured_04504,read,measured,,,,,0.6231,,ok,0.385
8.1887,419,,,0.2414,,,,,,9.299,r0_measured_04505,read,measured,,,,,0.4862,,ok,0.3206
13.5817,689,,,0.5792,,,,,,15.3329,r0_measured_04506,read,measured,,,,,0.735,,ok,0.3625
14.6111,679,,,0.6504,,,,,,16.5811,r0_measured_04507,read,measured,,,,,0.7291,,ok,0.5056
11.641,508,,,0.5144,,,,,,13.229,r0_measured_04508,read,measured,,,,,0.6505,,ok,0.3535
10.5118,568,,,0.4547,,,,,,11.8702,r0_measured_04509,read,measured,,,,,0.525,,ok,0.3219
7.5201,419,,,0.2271,,,,,,8.4966,r0_measured_04510,read,measured,,,,,0.4057,,ok,0.2975
11.767,675,,,0.5339,,,,,,13.4794,r0_measured_04511,read,measured,,,,,0.7498,,ok,0.3477
13.6302,679,,,0.8158,,,,,,15.7345,r0_measured_04512,read,measured,,,,,0.8225,,ok,0.3912
9.2309,419,,,0.2641,,,,,,10.4797,r0_measured_04513,read,measured,,,,,0.5263,,ok,0.4021
13.256,681,,,0.5614,,,,,,14.8591,r0_measured_04514,read,measured,,,,,0.622,,ok,0.3405
11.5103,629,,,0.4458,,,,,,12.9195,r0_measured_04515,read,measured,,,,,0.5983,,ok,0.3041
11.7663,674,,,0.5087,,,,,,13.5155,r0_measured_04516,read,measured,,,,,0.8228,,ok,0.3421
7.8754,419,,,0.2943,,,,,,9.1048,r0_measured_04517,read,measured,,,,,0.5145,,ok,0.3675
12.8118,662,,,0.5747,,,,,,14.5914,r0_measured_04518,read,measured,,,,,0.7302,,ok,0.3915
13.7427,419,,,0.2739,,,,,,14.9332,r0_measured_04519,read,measured,,,,,0.5184,,ok,0.3377
18.6289,629,,,0.767,,,,,,21.2377,r0_measured_04520,read,measured,,,,,1.1896,,ok,0.5296
12.8307,419,,,0.3259,,,,,,14.2886,r0_measured_04521,read,measured,,,,,0.6312,,ok,0.4178
15.5619,663,,,0.6377,,,,,,17.3469,r0_measured_04522,read,measured,,,,,0.6921,,ok,0.3755
12.8508,508,,,0.5159,,,,,,14.4482,r0_measured_04523,read,measured,,,,,0.6483,,ok,0.3604
10.4833,508,,,0.5725,,,,,,12.0708,r0_measured_04524,read,measured,,,,,0.6037,,ok,0.3502
12.8738,629,,,0.6553,,,,,,14.7597,r0_measured_04525,read,measured,,,,,0.7645,,ok,0.3807
13.7573,629,,,0.6578,,,,,,15.5387,r0_measured_04526,read,measured,,,,,0.6671,,ok,0.3811
12.9884,629,,,0.5777,,,,,,14.7214,r0_measured_04527,read,measured,,,,,0.679,,ok,0.396
12.5443,629,,,0.5014,,,,,,14.064,r0_measured_04528,read,measured,,,,,0.5977,,ok,0.3502
76.7273,568,11.3491,5.9825,0.4851,2.0013,1,5.9808,1,30.7613,78.13,r0_measured_04529,update,measured,24.7788,1.4027,1,10.7521,0.4982,21.8635,ok,0.3583
12.2325,675,,,0.6576,,,,,,14.0334,r0_measured_04530,read,measured,,,,,0.6953,,ok,0.363
10.5478,508,,,0.4386,,,,,,12.0013,r0_measured_04531,read,measured,,,,,0.5953,,ok,0.3505
12.5097,680,,,0.6107,,,,,,14.2922,r0_measured_04532,read,measured,,,,,0.7031,,ok,0.3804
14.1937,680,,,0.5471,,,,,,15.7902,r0_measured_04533,read,measured,,,,,0.6134,,ok,0.3579
10.978,567,,,0.6742,,,,,,13.0591,r0_measured_04534,read,measured,,,,,0.9087,,ok,0.411
14.6075,681,,,0.61,,,,,,16.447,r0_measured_04535,read,measured,,,,,0.7819,,ok,0.3639
10.7685,509,,,0.4282,,,,,,12.1612,r0_measured_04536,read,measured,,,,,0.5473,,ok,0.3599
12.269,681,,,0.5045,,,,,,13.8102,r0_measured_04537,read,measured,,,,,0.6528,,ok,0.3131
8.1414,419,,,0.2437,,,,,,9.1735,r0_measured_04538,read,measured,,,,,0.4536,,ok,0.2881
11.7159,680,,,0.5771,,,,,,13.5235,r0_measured_04539,read,measured,,,,,0.5726,,ok,0.548
8.274,369,,,0.3718,,,,,,9.772,r0_measured_04540,read,measured,,,,,0.6028,,ok,0.4482
14.7835,509,,,0.4906,,,,,,16.2698,r0_measured_04541,read,measured,,,,,0.602,,ok,0.3326
8.1993,368,,,0.3114,,,,,,9.6225,r0_measured_04542,read,measured,,,,,0.563,,ok,0.4841
9.0888,418,,,0.2716,,,,,,10.3089,r0_measured_04543,read,measured,,,,,0.537,,ok,0.3483
65.8348,568,12.1293,6.6859,0.4607,2.1581,0,6.6842,1,25.6828,67.2698,r0_measured_04544,update,measured,18.9969,1.435,1,0.0055,0.5844,25.8591,ok,0.3255
14.6479,568,,,0.5458,,,,,,16.2961,r0_measured_04545,read,measured,,,,,0.6348,,ok,0.3952
18.9092,689,,,0.5789,,,,,,20.5542,r0_measured_04546,read,measured,,,,,0.6722,,ok,0.3226
19.701,629,,,0.6248,,,,,,21.5688,r0_measured_04547,read,measured,,,,,0.772,,ok,0.3854
13.6964,679,,,0.5665,,,,,,15.3854,r0_measured_04548,read,measured,,,,,0.7037,,ok,0.3428
17.8393,663,,,1.0935,,,,,,21.0614,r0_measured_04549,read,measured,,,,,1.344,,ok,0.6388
19.5766,681,,,0.6619,,,,,,21.4011,r0_measured_04550,read,measured,,,,,0.7126,,ok,0.3659
13.101,663,,,0.5248,,,,,,14.7816,r0_measured_04551,read,measured,,,,,0.7186,,ok,0.3597
14.855,568,,,0.4548,,,,,,16.2884,r0_measured_04552,read,measured,,,,,0.5788,,ok,0.3359
14.8569,663,,,0.9316,,,,,,17.2348,r0_measured_04553,read,measured,,,,,0.8073,,ok,0.5378
15.0143,680,,,0.5639,,,,,,16.7397,r0_measured_04554,read,measured,,,,,0.7196,,ok,0.3686
11.5898,568,,,0.5252,,,,,,13.1791,r0_measured_04555,read,measured,,,,,0.6472,,ok,0.34
15.0495,689,,,0.6031,,,,,,16.8201,r0_measured_04556,read,measured,,,,,0.6952,,ok,0.3927
17.2676,629,,,0.534,,,,,,18.906,r0_measured_04557,read,measured,,,,,0.6257,,ok,0.3982
9.0188,419,,,0.2366,,,,,,10.0937,r0_measured_04558,read,measured,,,,,0.4732,,ok,0.3122
11.9957,687,,,0.5904,,,,,,13.7342,r0_measured_04559,read,measured,,,,,0.6973,,ok,0.3747
10.2146,509,,,0.4629,,,,,,11.7271,r0_measured_04560,read,measured,,,,,0.6467,,ok,0.3352
12.2705,663,,,0.4689,,,,,,13.6707,r0_measured_04561,read,measured,,,,,0.5387,,ok,0.3271
13.8101,675,,,0.6619,,,,,,15.7522,r0_measured_04562,read,measured,,,,,0.7752,,ok,0.4069
10.1158,419,,,0.2828,,,,,,11.4074,r0_measured_04563,read,measured,,,,,0.5556,,ok,0.3902
8.1822,369,,,0.2268,,,,,,9.3897,r0_measured_04564,read,measured,,,,,0.5958,,ok,0.335
12.5947,689,,,0.5305,,,,,,14.3413,r0_measured_04565,read,measured,,,,,0.7192,,ok,0.4223
14.1395,689,,,0.6152,,,,,,16.2245,r0_measured_04566,read,measured,,,,,0.7952,,ok,0.5742
14.7339,629,,,0.6033,,,,,,16.3969,r0_measured_04567,read,measured,,,,,0.6434,,ok,0.3414
12.8499,663,,,0.5922,,,,,,14.43,r0_measured_04568,read,measured,,,,,0.5996,,ok,0.3236
76.5356,681,15.3275,6.7727,1.3599,2.5627,1,6.771,1,25.5282,79.6348,r0_measured_04569,update,measured,18.7555,3.0992,1,12.4104,0.6617,20.7068,ok,0.9958
13.6001,663,,,0.5924,,,,,,15.3552,r0_measured_04570,read,measured,,,,,0.7442,,ok,0.3458
14.0876,681,,,0.467,,,,,,15.5279,r0_measured_04571,read,measured,,,,,0.58,,ok,0.3287
14.3644,663,,,0.5868,,,,,,16.0506,r0_measured_04572,read,measured,,,,,0.6515,,ok,0.3708
11.357,419,,,0.2859,,,,,,12.6619,r0_measured_04573,read,measured,,,,,0.6104,,ok,0.3488
14.8969,689,,,0.5321,,,,,,16.6243,r0_measured_04574,read,measured,,,,,0.7781,,ok,0.3428
12.1425,680,,,0.4536,,,,,,13.5649,r0_measured_04575,read,measured,,,,,0.6174,,ok,0.2935
12.1682,681,,,0.5752,,,,,,14.0333,r0_measured_04576,read,measured,,,,,0.8335,,ok,0.3574
13.7948,681,,,0.5832,,,,,,15.5742,r0_measured_04577,read,measured,,,,,0.7166,,ok,0.4062
13.3518,681,,,0.6972,,,,,,15.1116,r0_measured_04578,read,measured,,,,,0.6299,,ok,0.3551
61.6292,369,7.525,6.1177,0.2042,1.3374,1,6.116,1,25.9455,62.5759,r0_measured_04579,update,measured,19.8278,0.9467,1,13.4558,0.4115,13.3655,ok,0.29
8.1134,419,,,0.2469,,,,,,9.2176,r0_measured_04580,read,measured,,,,,0.4533,,ok,0.3416
7.926,419,,,0.3995,,,,,,9.3645,r0_measured_04581,read,measured,,,,,0.5327,,ok,0.4471
12.5997,629,,,0.4743,,,,,,14.0467,r0_measured_04582,read,measured,,,,,0.5798,,ok,0.3321
12.5825,689,,,0.4994,,,,,,14.0744,r0_measured_04583,read,measured,,,,,0.5907,,ok,0.3221
12.2259,687,,,0.5283,,,,,,13.84,r0_measured_04584,read,measured,,,,,0.6984,,ok,0.3165
14.0927,689,,,0.5872,,,,,,15.8014,r0_measured_04585,read,measured,,,,,0.6664,,ok,0.3691
14.4256,680,,,0.5232,,,,,,15.9476,r0_measured_04586,read,measured,,,,,0.5965,,ok,0.3313
12.8958,663,,,0.5929,,,,,,14.6039,r0_measured_04587,read,measured,,,,,0.6948,,ok,0.3404
13.7699,679,,,0.6087,,,,,,15.5026,r0_measured_04588,read,measured,,,,,0.6857,,ok,0.3634
8.502,369,,,0.2354,,,,,,9.6813,r0_measured_04589,read,measured,,,,,0.5055,,ok,0.3858
72.1627,663,11.789,6.1097,0.5853,2.3196,1,6.1081,1,23.1285,73.9389,r0_measured_04590,update,measured,17.0188,1.7762,1,11.7556,0.7355,23.17,ok,0.3742
12.1119,663,,,0.4665,,,,,,13.6484,r0_measured_04591,read,measured,,,,,0.6644,,ok,0.3388
11.8216,663,,,0.5144,,,,,,13.3127,r0_measured_04592,read,measured,,,,,0.5816,,ok,0.3209
12.8857,689,,,0.5235,,,,,,14.5399,r0_measured_04593,read,measured,,,,,0.7256,,ok,0.3355
11.6148,681,,,0.4246,,,,,,13.1114,r0_measured_04594,read,measured,,,,,0.6715,,ok,0.3386
6.7027,369,,,0.2239,,,,,,7.7419,r0_measured_04595,read,measured,,,,,0.4377,,ok,0.328
11.9107,663,,,0.5109,,,,,,13.5097,r0_measured_04596,read,measured,,,,,0.6826,,ok,0.3356
8.0365,418,,,0.2386,,,,,,9.0491,r0_measured_04597,read,measured,,,,,0.4212,,ok,0.3053
10.2815,369,,,0.2458,,,,,,11.59,r0_measured_04598,read,measured,,,,,0.5152,,ok,0.4824
72.6702,680,11.9632,6.9649,0.5914,2.1891,0,6.9628,1,24.6721,74.4293,r0_measured_04599,update,measured,17.7072,1.7591,1,12.305,0.6892,21.5408,ok,0.3973
8.357,369,,,0.2207,,,,,,9.4189,r0_measured_04600,read,measured,,,,,0.4374,,ok,0.3503
12.1498,679,,,0.5807,,,,,,14.1215,r0_measured_04601,read,measured,,,,,0.6289,,ok,0.6439
8.4487,369,,,0.2447,,,,,,9.7316,r0_measured_04602,read,measured,,,,,0.5506,,ok,0.4214
12.0213,689,,,0.5584,,,,,,13.6581,r0_measured_04603,read,measured,,,,,0.6882,,ok,0.3246
13.0966,629,,,0.5997,,,,,,14.858,r0_measured_04604,read,measured,,,,,0.6805,,ok,0.3963
12.0285,689,,,0.7203,,,,,,14.1514,r0_measured_04605,read,measured,,,,,0.8848,,ok,0.433
11.1124,568,,,0.4192,,,,,,12.5014,r0_measured_04606,read,measured,,,,,0.5986,,ok,0.308
16.9807,681,,,0.5234,,,,,,18.6071,r0_measured_04607,read,measured,,,,,0.6507,,ok,0.372
61.5134,680,12.3399,4.9775,0.4893,2.4524,1,4.976,1,24.3155,63.0131,r0_measured_04608,update,measured,19.338,1.4997,1,0.0059,0.6269,22.3997,ok,0.3159
13.5119,681,,,0.6108,,,,,,15.3182,r0_measured_04609,read,measured,,,,,0.7438,,ok,0.3807
16.4623,681,,,0.5628,,,,,,18.1669,r0_measured_04610,read,measured,,,,,0.6741,,ok,0.3856
14.7535,419,,,0.2503,,,,,,15.9,r0_measured_04611,read,measured,,,,,0.5225,,ok,0.318
10.6779,419,,,0.2745,,,,,,11.9299,r0_measured_04612,read,measured,,,,,0.5367,,ok,0.3762
15.2304,675,,,0.6024,,,,,,16.8451,r0_measured_04613,read,measured,,,,,0.6129,,ok,0.3322
11.4775,663,,,1.1392,,,,,,13.8415,r0_measured_04614,read,measured,,,,,0.7973,,ok,0.3522
13.8974,680,,,0.6154,,,,,,15.7463,r0_measured_04615,read,measured,,,,,0.7545,,ok,0.3896
11.3565,568,,,0.597,,,,,,12.9658,r0_measured_04616,read,measured,,,,,0.5632,,ok,0.3811
8.4666,418,,,0.2449,,,,,,9.5594,r0_measured_04617,read,measured,,,,,0.4669,,ok,0.3241
11.7062,629,,,0.6389,,,,,,13.5792,r0_measured_04618,read,measured,,,,,0.7009,,ok,0.453
11.711,629,,,0.5541,,,,,,13.4198,r0_measured_04619,read,measured,,,,,0.7422,,ok,0.3239
11.1104,629,,,0.9379,,,,,,13.6552,r0_measured_04620,read,measured,,,,,0.6427,,ok,0.8573
16.091,680,,,0.4883,,,,,,17.6018,r0_measured_04621,read,measured,,,,,0.6034,,ok,0.3406
15.5958,689,,,0.5973,,,,,,17.3528,r0_measured_04622,read,measured,,,,,0.7015,,ok,0.3778
14.6492,566,,,0.5881,,,,,,16.3451,r0_measured_04623,read,measured,,,,,0.6275,,ok,0.4053
13.9506,568,,,0.5252,,,,,,15.5879,r0_measured_04624,read,measured,,,,,0.6547,,ok,0.3845
13.9784,568,,,0.7018,,,,,,15.7742,r0_measured_04625,read,measured,,,,,0.6138,,ok,0.3989
14.2259,629,,,0.9508,,,,,,16.5923,r0_measured_04626,read,measured,,,,,0.8208,,ok,0.5036
15.2891,681,,,0.6981,,,,,,17.2074,r0_measured_04627,read,measured,,,,,0.753,,ok,0.3773
14.9969,680,,,0.7325,,,,,,17.2926,r0_measured_04628,read,measured,,,,,0.9451,,ok,0.523
17.1523,680,,,0.687,,,,,,19.2061,r0_measured_04629,read,measured,,,,,0.8304,,ok,0.439
12.7115,508,,,0.5417,,,,,,14.4929,r0_measured_04630,read,measured,,,,,0.7354,,ok,0.4326
13.5039,681,,,0.8186,,,,,,15.4705,r0_measured_04631,read,measured,,,,,0.6629,,ok,0.4049
11.3462,509,,,0.4949,,,,,,12.9488,r0_measured_04632,read,measured,,,,,0.6607,,ok,0.373
9.4279,419,,,0.2796,,,,,,10.6657,r0_measured_04633,read,measured,,,,,0.5377,,ok,0.3617
13.988,689,,,0.6412,,,,,,15.8799,r0_measured_04634,read,measured,,,,,0.7978,,ok,0.371
15.4401,663,,,0.7299,,,,,,17.7398,r0_measured_04635,read,measured,,,,,1.0121,,ok,0.459
11.0232,419,,,0.3708,,,,,,12.5923,r0_measured_04636,read,measured,,,,,0.715,,ok,0.4073
15.4552,681,,,0.6155,,,,,,17.8678,r0_measured_04637,read,measured,,,,,1.1605,,ok,0.5274
12.2749,509,,,0.9339,,,,,,14.9748,r0_measured_04638,read,measured,,,,,0.81,,ok,0.8581
13.5063,629,,,0.6998,,,,,,15.5039,r0_measured_04639,read,measured,,,,,0.6791,,ok,0.5261
15.1146,675,,,0.7012,,,,,,17.1102,r0_measured_04640,read,measured,,,,,0.7997,,ok,0.3985
11.668,509,,,0.4966,,,,,,13.2634,r0_measured_04641,read,measured,,,,,0.6329,,ok,0.3947
10.3292,509,,,0.5074,,,,,,11.8648,r0_measured_04642,read,measured,,,,,0.6043,,ok,0.355
12.4144,680,,,0.5962,,,,,,14.1945,r0_measured_04643,read,measured,,,,,0.7085,,ok,0.3915
19.0098,509,,,0.3934,,,,,,20.3031,r0_measured_04644,read,measured,,,,,0.5548,,ok,0.2924
12.1714,675,,,0.7294,,,,,,14.4222,r0_measured_04645,read,measured,,,,,0.8997,,ok,0.521
16.9847,681,,,0.5752,,,,,,18.584,r0_measured_04646,read,measured,,,,,0.6027,,ok,0.3436
55.6255,509,11.2092,8.2212,0.418,1.9096,1,8.2196,1,23.613,56.9666,r0_measured_04647,update,measured,15.3918,1.3411,1,0.0051,0.5408,18.8886,ok,0.3225
8.8958,419,,,0.2528,,,,,,9.9504,r0_measured_04648,read,measured,,,,,0.434,,ok,0.3156
68.3706,369,8.5971,5.467,0.2336,1.317,1,5.4651,1,29.5895,69.4454,r0_measured_04649,update,measured,24.1225,1.0748,1,15.7998,0.4677,13.0672,ok,0.3179
11.8638,629,,,0.4807,,,,,,13.4117,r0_measured_04650,read,measured,,,,,0.6524,,ok,0.3383
12.8459,675,,,0.4994,,,,,,14.3654,r0_measured_04651,read,measured,,,,,0.6076,,ok,0.3413
12.076,629,,,0.5087,,,,,,13.7236,r0_measured_04652,read,measured,,,,,0.7182,,ok,0.3465
12.4278,680,,,0.5543,,,,,,13.9621,r0_measured_04653,read,measured,,,,,0.5725,,ok,0.34
16.4494,681,,,0.5636,,,,,,18.0565,r0_measured_04654,read,measured,,,,,0.6441,,ok,0.3256
14.6433,681,,,0.6001,,,,,,16.4817,r0_measured_04655,read,measured,,,,,0.7541,,ok,0.4045
12.7519,663,,,0.7396,,,,,,14.689,r0_measured_04656,read,measured,,,,,0.7448,,ok,0.375
12.9436,689,,,0.4403,,,,,,14.402,r0_measured_04657,read,measured,,,,,0.6451,,ok,0.3081
70.8408,681,14.0793,4.9094,0.5511,2.6735,1,4.908,1,21.1146,72.5594,r0_measured_04658,update,measured,16.2052,1.7186,1,11.6848,0.6847,21.2886,ok,0.4007
14.9946,681,,,0.6735,,,,,,17.2232,r0_measured_04659,read,measured,,,,,1.0038,,ok,0.4528
12.8139,629,,,0.561,,,,,,14.3341,r0_measured_04660,read,measured,,,,,0.5667,,ok,0.3272
11.3065,679,,,0.5722,,,,,,12.9852,r0_measured_04661,read,measured,,,,,0.6733,,ok,0.3357
15.4567,689,,,0.726,,,,,,17.6512,r0_measured_04662,read,measured,,,,,0.9365,,ok,0.4409
13.4631,629,,,0.6913,,,,,,15.1975,r0_measured_04663,read,measured,,,,,0.618,,ok,0.3503
10.1713,508,,,0.5615,,,,,,11.8271,r0_measured_04664,read,measured,,,,,0.6299,,ok,0.3989
92.9434,680,13.728,5.9347,0.5608,2.4245,1,5.933,1,27.4166,94.5319,r0_measured_04665,update,measured,21.4819,1.5885,1,20.1911,0.638,29.1832,ok,0.3146
12.7488,680,,,0.4735,,,,,,14.1803,r0_measured_04666,read,measured,,,,,0.5817,,ok,0.3108
11.4282,629,,,0.5278,,,,,,13.0673,r0_measured_04667,read,measured,,,,,0.7184,,ok,0.3223
60.583,675,12.1452,8.3289,0.4701,2.421,1,8.3269,1,26.3224,61.9953,r0_measured_04668,update,measured,17.9935,1.4123,1,0.0061,0.5678,19.6883,ok,0.3147
11.5208,663,,,0.5113,,,,,,13.2041,r0_measured_04669,read,measured,,,,,0.7351,,ok,0.3603
14.2793,663,,,0.5421,,,,,,16.0376,r0_measured_04670,read,measured,,,,,0.7325,,ok,0.4054
12.5506,681,,,0.5511,,,,,,14.1935,r0_measured_04671,read,measured,,,,,0.6884,,ok,0.3272
12.736,681,,,0.6078,,,,,,14.5049,r0_measured_04672,read,measured,,,,,0.675,,ok,0.4051
9.554,419,,,0.3328,,,,,,10.8266,r0_measured_04673,read,measured,,,,,0.5205,,ok,0.3477
11.5892,629,,,0.5015,,,,,,13.059,r0_measured_04674,read,measured,,,,,0.5555,,ok,0.3478
66.5675,419,8.3485,6.4567,0.2431,1.8786,1,6.455,1,27.3192,67.617,r0_measured_04675,update,measured,20.8625,1.0495,1,14.2246,0.457,14.7966,ok,0.3003
11.4668,680,,,0.4836,,,,,,12.925,r0_measured_04676,read,measured,,,,,0.6113,,ok,0.3041
12.5114,681,,,0.6035,,,,,,14.2967,r0_measured_04677,read,measured,,,,,0.6934,,ok,0.4074
11.2125,568,,,0.4499,,,,,,12.6463,r0_measured_04678,read,measured,,,,,0.6058,,ok,0.3215
7.1816,369,,,0.2195,,,,,,8.1447,r0_measured_04679,read,measured,,,,,0.3866,,ok,0.3132
12.0852,681,,,0.5601,,,,,,13.7157,r0_measured_04680,read,measured,,,,,0.6557,,ok,0.3414
10.9511,629,,,0.502,,,,,,12.4605,r0_measured_04681,read,measured,,,,,0.6104,,ok,0.3376
8.2573,419,,,0.2322,,,,,,9.2895,r0_measured_04682,read,measured,,,,,0.4498,,ok,0.305
11.8205,680,,,0.4775,,,,,,13.3742,r0_measured_04683,read,measured,,,,,0.6586,,ok,0.3112
12.4547,629,,,0.6798,,,,,,14.2899,r0_measured_04684,read,measured,,,,,0.6708,,ok,0.4017
14.2984,680,,,0.6443,,,,,,16.0519,r0_measured_04685,read,measured,,,,,0.6703,,ok,0.3568
8.6124,419,,,0.2597,,,,,,9.6825,r0_measured_04686,read,measured,,,,,0.445,,ok,0.3142
7.7448,419,,,0.2397,,,,,,8.7348,r0_measured_04687,read,measured,,,,,0.4028,,ok,0.3008
11.738,680,,,0.6248,,,,,,13.3863,r0_measured_04688,read,measured,,,,,0.6299,,ok,0.318
12.8363,681,,,0.5375,,,,,,14.4707,r0_measured_04689,read,measured,,,,,0.6689,,ok,0.3551
10.3809,568,,,0.4301,,,,,,11.8009,r0_measured_04690,read,measured,,,,,0.5405,,ok,0.3695
12.0639,629,,,0.5191,,,,,,13.6484,r0_measured_04691,read,measured,,,,,0.6542,,ok,0.3412
10.8566,568,,,0.5129,,,,,,12.3302,r0_measured_04692,read,measured,,,,,0.5615,,ok,0.3362
10.5629,509,,,0.7398,,,,,,12.6977,r0_measured_04693,read,measured,,,,,0.8721,,ok,0.4439
17.0622,689,,,0.5442,,,,,,18.6452,r0_measured_04694,read,measured,,,,,0.6494,,ok,0.3195
17.6816,629,,,0.5396,,,,,,19.2048,r0_measured_04695,read,measured,,,,,0.5801,,ok,0.3375
12.3297,689,,,0.568,,,,,,13.9787,r0_measured_04696,read,measured,,,,,0.6951,,ok,0.3198
11.6515,629,,,0.6235,,,,,,13.3912,r0_measured_04697,read,measured,,,,,0.6449,,ok,0.393
12.5098,680,,,0.6165,,,,,,14.3416,r0_measured_04698,read,measured,,,,,0.8063,,ok,0.3319
13.0757,629,,,0.578,,,,,,14.8399,r0_measured_04699,read,measured,,,,,0.7074,,ok,0.3968
15.1371,681,,,0.4706,,,,,,16.661,r0_measured_04700,read,measured,,,,,0.6389,,ok,0.3449
9.4833,509,,,0.5432,,,,,,11.0835,r0_measured_04701,read,measured,,,,,0.6465,,ok,0.3326
9.4167,419,,,0.3436,,,,,,10.797,r0_measured_04702,read,measured,,,,,0.6275,,ok,0.3421
11.1862,568,,,0.5138,,,,,,12.6478,r0_measured_04703,read,measured,,,,,0.5334,,ok,0.3496
66.8374,509,10.3386,4.3758,0.4186,2.0123,1,4.3742,1,23.4984,68.1616,r0_measured_04704,update,measured,19.1226,1.3242,1,10.9394,0.5341,20.0487,ok,0.3184
8.0615,419,,,0.3944,,,,,,9.7826,r0_measured_04705,read,measured,,,,,0.9058,,ok,0.3359
8.9606,419,,,0.2706,,,,,,10.1266,r0_measured_04706,read,measured,,,,,0.4484,,ok,0.3869
13.6124,629,,,0.5365,,,,,,15.1999,r0_measured_04707,read,measured,,,,,0.6058,,ok,0.3744
87.7973,663,13.8991,8.7905,0.5301,2.2945,0,8.789,1,31.6743,89.375,r0_measured_04708,update,measured,22.8838,1.5777,1,11.2326,0.6446,28.6968,ok,0.3294
15.9557,689,,,0.5405,,,,,,17.8555,r0_measured_04709,read,measured,,,,,0.8597,,ok,0.4116
10.5198,568,,,0.5772,,,,,,12.0719,r0_measured_04710,read,measured,,,,,0.5658,,ok,0.3368
16.407,629,,,0.5418,,,,,,17.9251,r0_measured_04711,read,measured,,,,,0.5583,,ok,0.3496
13.6046,568,,,0.5187,,,,,,15.1967,r0_measured_04712,read,measured,,,,,0.6428,,ok,0.3593
9.0476,509,,,0.4393,,,,,,10.4753,r0_measured_04713,read,measured,,,,,0.5963,,ok,0.3369
12.3691,369,,,0.2621,,,,,,13.6215,r0_measured_04714,read,measured,,,,,0.5547,,ok,0.3744
82.5205,680,14.9545,9.7234,0.5561,2.7153,0,9.7216,1,29.7423,84.1232,r0_measured_04715,update,measured,20.0189,1.6027,1,13.0559,0.6388,22.0525,ok,0.331
11.6284,689,,,0.5629,,,,,,13.2659,r0_measured_04716,read,measured,,,,,0.5856,,ok,0.4036
8.7032,419,,,0.2958,,,,,,9.9596,r0_measured_04717,read,measured,,,,,0.5118,,ok,0.3761
10.0565,568,,,0.4358,,,,,,11.3717,r0_measured_04718,read,measured,,,,,0.5094,,ok,0.3131
11.7775,689,,,0.5,,,,,,13.2595,r0_measured_04719,read,measured,,,,,0.5693,,ok,0.3437
10.2248,509,,,0.4619,,,,,,11.6828,r0_measured_04720,read,measured,,,,,0.5653,,ok,0.3591
19.4333,509,,,0.4766,,,,,,21.0017,r0_measured_04721,read,measured,,,,,0.6725,,ok,0.3466
15.2552,680,,,0.5965,,,,,,16.9607,r0_measured_04722,read,measured,,,,,0.6716,,ok,0.3595
12.4342,680,,,0.4765,,,,,,13.972,r0_measured_04723,read,measured,,,,,0.6149,,ok,0.3784
9.126,419,,,0.4543,,,,,,10.6834,r0_measured_04724,read,measured,,,,,0.6516,,ok,0.3742
11.0827,568,,,0.521,,,,,,12.5684,r0_measured_04725,read,measured,,,,,0.5673,,ok,0.333
12.4698,680,,,0.4595,,,,,,13.9733,r0_measured_04726,read,measured,,,,,0.6436,,ok,0.334
11.9046,680,,,0.6073,,,,,,13.5708,r0_measured_04727,read,measured,,,,,0.6457,,ok,0.3399
12.5777,689,,,0.5161,,,,,,14.1197,r0_measured_04728,read,measured,,,,,0.6154,,ok,0.3476
11.8916,681,,,0.6249,,,,,,13.6735,r0_measured_04729,read,measured,,,,,0.6808,,ok,0.3942
12.4778,663,,,0.5646,,,,,,14.1069,r0_measured_04730,read,measured,,,,,0.6455,,ok,0.3447
8.8874,419,,,0.2765,,,,,,10.0122,r0_measured_04731,read,measured,,,,,0.4763,,ok,0.3204
77.5514,688,13.5855,7.3425,0.6125,2.4584,0,7.3406,1,26.8635,79.3188,r0_measured_04732,update,measured,19.521,1.7674,1,12.4541,0.668,22.1899,ok,0.348
10.1399,509,,,0.3964,,,,,,11.4467,r0_measured_04733,read,measured,,,,,0.5128,,ok,0.3419
10.6896,629,,,0.5425,,,,,,12.2092,r0_measured_04734,read,measured,,,,,0.582,,ok,0.3338
12.6165,681,,,0.5855,,,,,,14.3419,r0_measured_04735,read,measured,,,,,0.715,,ok,0.3473
12.3053,675,,,0.5087,,,,,,13.8247,r0_measured_04736,read,measured,,,,,0.6095,,ok,0.3331
9.6201,509,,,0.4453,,,,,,11.0454,r0_measured_04737,read,measured,,,,,0.5616,,ok,0.3482
8.8711,419,,,0.2635,,,,,,9.9807,r0_measured_04738,read,measured,,,,,0.4583,,ok,0.3327
10.8555,568,,,0.4962,,,,,,12.3387,r0_measured_04739,read,measured,,,,,0.5745,,ok,0.3477
13.4896,680,,,1.554,,,,,,16.3112,r0_measured_04740,read,measured,,,,,0.6851,,ok,0.4902
14.1057,681,,,0.4865,,,,,,15.7426,r0_measured_04741,read,measured,,,,,0.7493,,ok,0.3314
13.8767,680,,,0.6427,,,,,,15.7165,r0_measured_04742,read,measured,,,,,0.7191,,ok,0.3946
12.1628,568,,,0.4403,,,,,,13.6188,r0_measured_04743,read,measured,,,,,0.608,,ok,0.3422
13.3071,568,,,0.5822,,,,,,14.9347,r0_measured_04744,read,measured,,,,,0.6469,,ok,0.3236
9.8613,568,,,0.5219,,,,,,11.3138,r0_measured_04745,read,measured,,,,,0.5218,,ok,0.3468
10.9198,629,,,0.4323,,,,,,12.2571,r0_measured_04746,read,measured,,,,,0.5476,,ok,0.3024
11.5056,629,,,0.5975,,,,,,13.2479,r0_measured_04747,read,measured,,,,,0.693,,ok,0.3753
13.8909,689,,,0.5505,,,,,,15.6128,r0_measured_04748,read,measured,,,,,0.7143,,ok,0.3799
11.2123,568,,,0.5773,,,,,,12.8309,r0_measured_04749,read,measured,,,,,0.6224,,ok,0.34
25.3809,629,,,0.5269,,,,,,26.9551,r0_measured_04750,read,measured,,,,,0.6145,,ok,0.3634
12.0327,629,,,0.6372,,,,,,14.0623,r0_measured_04751,read,measured,,,,,0.855,,ok,0.4377
12.8449,629,,,0.5105,,,,,,14.3563,r0_measured_04752,read,measured,,,,,0.5945,,ok,0.3358
47.3189,419,8.6706,4.5402,0.2678,1.3715,1,4.5376,1,21.653,48.5809,r0_measured_04753,update,measured,17.1128,1.262,1,0.0061,0.4861,15.6177,ok,0.4468
14.9209,680,,,0.6016,,,,,,16.5989,r0_measured_04754,read,measured,,,,,0.6534,,ok,0.3494
12.0401,629,,,0.776,,,,,,14.2107,r0_measured_04755,read,measured,,,,,0.6847,,ok,0.6296
11.4711,629,,,0.4935,,,,,,12.9404,r0_measured_04756,read,measured,,,,,0.6068,,ok,0.3092
9.6751,568,,,0.4243,,,,,,11.0923,r0_measured_04757,read,measured,,,,,0.5878,,ok,0.3448
12.3878,681,,,0.5516,,,,,,14.1893,r0_measured_04758,read,measured,,,,,0.6847,,ok,0.486
12.7772,681,,,0.5704,,,,,,14.3348,r0_measured_04759,read,measured,,,,,0.5997,,ok,0.3189
10.3629,566,,,0.4802,,,,,,11.9438,r0_measured_04760,read,measured,,,,,0.6714,,ok,0.3388
13.9264,681,,,0.5838,,,,,,15.5998,r0_measured_04761,read,measured,,,,,0.6767,,ok,0.3371
14.6337,675,,,0.7672,,,,,,16.9132,r0_measured_04762,read,measured,,,,,0.934,,ok,0.4641
12.0059,509,,,0.4846,,,,,,13.5921,r0_measured_04763,read,measured,,,,,0.6469,,ok,0.3873
11.7463,629,,,1.0487,,,,,,13.9985,r0_measured_04764,read,measured,,,,,0.7392,,ok,0.3843
12.3976,680,,,0.4844,,,,,,14.0591,r0_measured_04765,read,measured,,,,,0.7275,,ok,0.3643
18.4341,629,,,0.6538,,,,,,20.296,r0_measured_04766,read,measured,,,,,0.7098,,ok,0.4189
11.61,568,,,0.5388,,,,,,13.1797,r0_measured_04767,read,measured,,,,,0.6305,,ok,0.3324
10.4376,568,,,0.4354,,,,,,11.8058,r0_measured_04768,read,measured,,,,,0.5522,,ok,0.3229
11.3525,629,,,0.8467,,,,,,13.8776,r0_measured_04769,read,measured,,,,,1.0659,,ok,0.5128
16.1389,680,,,0.6416,,,,,,17.9453,r0_measured_04770,read,measured,,,,,0.7052,,ok,0.3764
7.6567,368,,,0.2025,,,,,,8.6627,r0_measured_04771,read,measured,,,,,0.4588,,ok,0.2983
12.1013,680,,,0.575,,,,,,13.6741,r0_measured_04772,read,measured,,,,,0.6085,,ok,0.3176
12.7965,689,,,0.6143,,,,,,14.503,r0_measured_04773,read,measured,,,,,0.6519,,ok,0.3639
12.3223,629,,,0.6753,,,,,,14.1852,r0_measured_04774,read,measured,,,,,0.6936,,ok,0.4102
11.368,568,,,0.4415,,,,,,12.7842,r0_measured_04775,read,measured,,,,,0.5986,,ok,0.321
13.4399,629,,,0.5286,,,,,,15.0181,r0_measured_04776,read,measured,,,,,0.6648,,ok,0.3088
12.8429,681,,,0.5979,,,,,,14.4516,r0_measured_04777,read,measured,,,,,0.5814,,ok,0.3536
15.8462,689,,,0.6115,,,,,,17.567,r0_measured_04778,read,measured,,,,,0.6274,,ok,0.406
13.5729,681,,,0.5838,,,,,,15.2222,r0_measured_04779,read,measured,,,,,0.6523,,ok,0.3382
12.0285,675,,,0.5971,,,,,,13.8354,r0_measured_04780,read,measured,,,,,0.7459,,ok,0.3907
9.9855,509,,,0.5481,,,,,,11.6121,r0_measured_04781,read,measured,,,,,0.6625,,ok,0.3526
13.3023,680,,,0.5382,,,,,,15.0558,r0_measured_04782,read,measured,,,,,0.7139,,ok,0.4271
13.6922,629,,,0.5888,,,,,,15.6382,r0_measured_04783,read,measured,,,,,0.8963,,ok,0.3827
13.0449,680,,,0.5552,,,,,,14.5742,r0_measured_04784,read,measured,,,,,0.5809,,ok,0.3222
10.8471,629,,,0.6141,,,,,,12.5725,r0_measured_04785,read,measured,,,,,0.6723,,ok,0.3608
13.3542,680,,,0.5848,,,,,,15.1165,r0_measured_04786,read,measured,,,,,0.6221,,ok,0.4643
89.1381,675,14.3077,7.9135,0.6098,2.3975,0,7.9119,1,36.6673,90.9983,r0_measured_04787,update,measured,28.7538,1.8602,1,13.8339,0.7597,21.9317,ok,0.4035
9.061,419,,,0.2704,,,,,,10.2771,r0_measured_04788,read,measured,,,,,0.5086,,ok,0.3741
12.6331,689,,,0.5313,,,,,,14.3119,r0_measured_04789,read,measured,,,,,0.7196,,ok,0.3558
15.0416,663,,,0.6169,,,,,,16.9523,r0_measured_04790,read,measured,,,,,0.7515,,ok,0.455
88.3386,567,13.1242,5.7813,0.6036,2.0355,1,5.7795,1,33.9258,90.0352,r0_measured_04791,update,measured,28.1445,1.6966,1,15.9101,0.6544,23.343,ok,0.3676
13.4141,568,,,0.5921,,,,,,15.0924,r0_measured_04792,read,measured,,,,,0.635,,ok,0.3771
16.3209,680,,,0.6126,,,,,,18.1788,r0_measured_04793,read,measured,,,,,0.7663,,ok,0.39
14.3771,663,,,0.6119,,,,,,16.1369,r0_measured_04794,read,measured,,,,,0.7029,,ok,0.3621
58.1595,509,,,0.5723,,,,,,59.8014,r0_measured_04795,read,measured,,,,,0.5947,,ok,0.4059
12.0418,681,,,0.5142,,,,,,13.6809,r0_measured_04796,read,measured,,,,,0.6767,,ok,0.3516
13.2963,508,,,0.7594,,,,,,15.4722,r0_measured_04797,read,measured,,,,,0.7733,,ok,0.5422
15.8114,689,,,0.6259,,,,,,17.7179,r0_measured_04798,read,measured,,,,,0.7665,,ok,0.4155
13.0296,419,,,0.3041,,,,,,14.3417,r0_measured_04799,read,measured,,,,,0.5811,,ok,0.3555
11.0705,568,,,0.5483,,,,,,12.7039,r0_measured_04800,read,measured,,,,,0.6578,,ok,0.3566
13.6627,689,,,0.6632,,,,,,15.5309,r0_measured_04801,read,measured,,,,,0.7414,,ok,0.3734
8.7171,369,,,0.2718,,,,,,10.0288,r0_measured_04802,read,measured,,,,,0.6447,,ok,0.3368
11.8293,629,,,0.4889,,,,,,13.4039,r0_measured_04803,read,measured,,,,,0.6283,,ok,0.3876
11.7548,629,,,0.7979,,,,,,13.9609,r0_measured_04804,read,measured,,,,,0.8024,,ok,0.4882
15.5707,680,,,0.6121,,,,,,17.3474,r0_measured_04805,read,measured,,,,,0.6891,,ok,0.372
52.5367,369,11.9484,3.841,0.2581,1.5695,1,3.8393,1,21.6068,53.8108,r0_measured_04806,update,measured,17.7658,1.2741,1,0.0071,0.573,17.4049,ok,0.3755
12.9781,663,,,0.5811,,,,,,14.7939,r0_measured_04807,read,measured,,,,,0.8,,ok,0.3605
12.4007,661,,,0.5801,,,,,,14.1562,r0_measured_04808,read,measured,,,,,0.6974,,ok,0.3876
10.4845,509,,,0.5307,,,,,,11.9726,r0_measured_04809,read,measured,,,,,0.5531,,ok,0.3437
9.1104,509,,,0.4733,,,,,,10.5215,r0_measured_04810,read,measured,,,,,0.5689,,ok,0.3126
13.3372,663,,,0.726,,,,,,15.6795,r0_measured_04811,read,measured,,,,,0.9025,,ok,0.5947
9.7721,368,,,0.3203,,,,,,11.1506,r0_measured_04812,read,measured,,,,,0.5896,,ok,0.4072
9.5975,419,,,0.3731,,,,,,11.1127,r0_measured_04813,read,measured,,,,,0.7199,,ok,0.3505
8.6682,419,,,0.4448,,,,,,10.2108,r0_measured_04814,read,measured,,,,,0.5538,,ok,0.4714
79.1822,680,13.5673,5.8168,0.6151,2.1818,1,5.8151,1,26.7587,80.8211,r0_measured_04815,update,measured,20.9419,1.6389,1,11.6717,0.5989,25.0027,ok,0.3521
11.6211,629,,,0.6493,,,,,,13.622,r0_measured_04816,read,measured,,,,,0.9073,,ok,0.3669
13.1376,681,,,0.529,,,,,,14.8421,r0_measured_04817,read,measured,,,,,0.7069,,ok,0.3704
15.1781,680,,,0.7024,,,,,,17.1379,r0_measured_04818,read,measured,,,,,0.759,,ok,0.4071
14.4106,680,,,0.552,,,,,,16.0835,r0_measured_04819,read,measured,,,,,0.6638,,ok,0.3792
14.0208,689,,,0.6257,,,,,,15.9246,r0_measured_04820,read,measured,,,,,0.7927,,ok,0.4007
14.1793,663,,,0.6079,,,,,,15.915,r0_measured_04821,read,measured,,,,,0.6908,,ok,0.3601
8.793,419,,,0.2561,,,,,,10.0731,r0_measured_04822,read,measured,,,,,0.5497,,ok,0.414
8.491,419,,,0.311,,,,,,9.7998,r0_measured_04823,read,measured,,,,,0.5627,,ok,0.3647
14.9175,661,,,0.6345,,,,,,16.6738,r0_measured_04824,read,measured,,,,,0.6088,,ok,0.432
11.9492,629,,,0.8012,,,,,,14.2293,r0_measured_04825,read,measured,,,,,0.9469,,ok,0.443
14.9239,663,,,0.5025,,,,,,16.5926,r0_measured_04826,read,measured,,,,,0.732,,ok,0.3603
11.9279,680,,,0.5463,,,,,,13.5065,r0_measured_04827,read,measured,,,,,0.6302,,ok,0.3284
13.5346,675,,,0.6579,,,,,,15.3437,r0_measured_04828,read,measured,,,,,0.6566,,ok,0.4091
14.4376,680,,,0.7254,,,,,,16.2756,r0_measured_04829,read,measured,,,,,0.6552,,ok,0.375
14.0938,681,,,0.654,,,,,,15.7996,r0_measured_04830,read,measured,,,,,0.6332,,ok,0.3403
12.5981,629,,,0.5468,,,,,,14.2694,r0_measured_04831,read,measured,,,,,0.6584,,ok,0.3766
14.6892,681,,,0.6389,,,,,,16.5549,r0_measured_04832,read,measured,,,,,0.6732,,ok,0.4675
13.6775,661,,,0.6071,,,,,,15.4455,r0_measured_04833,read,measured,,,,,0.7032,,ok,0.3784
14.6776,629,,,0.6449,,,,,,16.472,r0_measured_04834,read,measured,,,,,0.6519,,ok,0.3861
12.5405,568,,,0.6458,,,,,,14.3086,r0_measured_04835,read,measured,,,,,0.6384,,ok,0.4096
9.3742,369,,,0.2707,,,,,,10.655,r0_measured_04836,read,measured,,,,,0.5732,,ok,0.3663
13.5144,629,,,0.6477,,,,,,15.2816,r0_measured_04837,read,measured,,,,,0.6615,,ok,0.377
13.365,680,,,0.6287,,,,,,15.0866,r0_measured_04838,read,measured,,,,,0.6565,,ok,0.3548
13.063,689,,,0.6835,,,,,,14.8269,r0_measured_04839,read,measured,,,,,0.6503,,ok,0.3466
8.6967,419,,,0.2659,,,,,,9.9625,r0_measured_04840,read,measured,,,,,0.5674,,ok,0.3681
15.0449,689,,,0.7976,,,,,,17.4584,r0_measured_04841,read,measured,,,,,1.0171,,ok,0.4907
10.9721,419,,,0.2881,,,,,,12.2848,r0_measured_04842,read,measured,,,,,0.5596,,ok,0.4043
13.5327,663,,,0.5582,,,,,,15.3217,r0_measured_04843,read,measured,,,,,0.7451,,ok,0.394
13.3245,663,,,0.5567,,,,,,15.0213,r0_measured_04844,read,measured,,,,,0.6969,,ok,0.3638
8.6842,419,,,0.25,,,,,,9.7951,r0_measured_04845,read,measured,,,,,0.4567,,ok,0.354
12.4481,681,,,0.5581,,,,,,14.1342,r0_measured_04846,read,measured,,,,,0.6879,,ok,0.3591
11.6046,568,,,0.5476,,,,,,13.1735,r0_measured_04847,read,measured,,,,,0.5974,,ok,0.3571
13.977,675,,,0.7358,,,,,,15.9866,r0_measured_04848,read,measured,,,,,0.7628,,ok,0.411
14.925,629,,,0.5802,,,,,,16.7141,r0_measured_04849,read,measured,,,,,0.7525,,ok,0.3767
11.8056,509,,,0.6175,,,,,,13.6952,r0_measured_04850,read,measured,,,,,0.7588,,ok,0.4313
10.8779,419,,,0.2927,,,,,,12.161,r0_measured_04851,read,measured,,,,,0.5452,,ok,0.3807
9.287,419,,,0.3031,,,,,,10.594,r0_measured_04852,read,measured,,,,,0.5692,,ok,0.3551
64.623,369,8.6733,5.5603,0.2175,1.2941,1,5.5585,1,25.4522,65.6452,r0_measured_04853,update,measured,19.8919,1.0222,1,15.5302,0.4338,13.6732,ok,0.3228
12.5822,680,,,0.5181,,,,,,14.1884,r0_measured_04854,read,measured,,,,,0.6751,,ok,0.3321
13.515,675,,,0.6845,,,,,,15.2848,r0_measured_04855,read,measured,,,,,0.65,,ok,0.3563
12.8688,675,,,0.6972,,,,,,14.7883,r0_measured_04856,read,measured,,,,,0.7144,,ok,0.4288
9.001,419,,,0.2971,,,,,,10.1864,r0_measured_04857,read,measured,,,,,0.492,,ok,0.3361
12.2527,629,,,0.6108,,,,,,14.1384,r0_measured_04858,read,measured,,,,,0.85,,ok,0.3494
14.8481,680,,,0.7281,,,,,,17.0262,r0_measured_04859,read,measured,,,,,0.8506,,ok,0.4927
62.5642,369,8.9607,10.1135,0.251,1.4582,0,10.1114,1,27.4853,63.8291,r0_measured_04860,update,measured,17.3718,1.2649,1,11.3278,0.5508,13.3322,ok,0.3929
11.1621,369,,,0.2283,,,,,,12.2311,r0_measured_04861,read,measured,,,,,0.4546,,ok,0.3326
18.3937,629,,,0.6581,,,,,,20.3537,r0_measured_04862,read,measured,,,,,0.8232,,ok,0.3887
13.9459,419,,,0.2891,,,,,,15.3672,r0_measured_04863,read,measured,,,,,0.6122,,ok,0.4487
13.47,681,,,0.6479,,,,,,15.4253,r0_measured_04864,read,measured,,,,,0.841,,ok,0.3772
14.0532,675,,,0.6442,,,,,,15.9554,r0_measured_04865,read,measured,,,,,0.7118,,ok,0.4389
76.8365,629,13.3128,5.3993,0.4896,2.4821,0,5.3977,1,25.3042,78.4367,r0_measured_04866,update,measured,19.9049,1.6002,1,12.6918,0.6854,23.0456,ok,0.3544
12.9317,689,,,0.495,,,,,,14.5439,r0_measured_04867,read,measured,,,,,0.7086,,ok,0.33
10.1731,419,,,0.2602,,,,,,11.3598,r0_measured_04868,read,measured,,,,,0.5241,,ok,0.3422
12.4157,629,,,0.5927,,,,,,14.1621,r0_measured_04869,read,measured,,,,,0.7005,,ok,0.3722
14.4513,680,,,0.6093,,,,,,16.3104,r0_measured_04870,read,measured,,,,,0.7749,,ok,0.3936
77.3274,662,14.5685,8.0896,0.6267,2.6449,1,8.0878,1,24.5581,79.1339,r0_measured_04871,update,measured,16.4685,1.8065,1,11.1274,0.7629,24.4285,ok,0.3465
12.4393,680,,,0.6311,,,,,,14.1874,r0_measured_04872,read,measured,,,,,0.6841,,ok,0.3551
14.1815,681,,,0.558,,,,,,15.8973,r0_measured_04873,read,measured,,,,,0.6764,,ok,0.4015
14.291,681,,,0.5624,,,,,,16.0004,r0_measured_04874,read,measured,,,,,0.6959,,ok,0.37
13.6306,680,,,0.6335,,,,,,15.3906,r0_measured_04875,read,measured,,,,,0.669,,ok,0.3722
11.4608,568,,,0.4803,,,,,,13.0883,r0_measured_04876,read,measured,,,,,0.7321,,ok,0.3445
11.7438,629,,,0.4952,,,,,,13.2154,r0_measured_04877,read,measured,,,,,0.5857,,ok,0.3298
12.8441,689,,,0.5721,,,,,,14.6062,r0_measured_04878,read,measured,,,,,0.7177,,ok,0.3877
12.3336,663,,,0.5721,,,,,,14.394,r0_measured_04879,read,measured,,,,,0.935,,ok,0.4442
11.3964,568,,,0.5584,,,,,,13.1468,r0_measured_04880,read,measured,,,,,0.6834,,ok,0.4329
14.9474,688,,,0.5948,,,,,,16.8115,r0_measured_04881,read,measured,,,,,0.7953,,ok,0.39
9.4133,419,,,0.2638,,,,,,10.6606,r0_measured_04882,read,measured,,,,,0.5417,,ok,0.3815
12.7362,681,,,0.7657,,,,,,14.6454,r0_measured_04883,read,measured,,,,,0.6899,,ok,0.3542
14.2471,680,,,0.5728,,,,,,16.0273,r0_measured_04884,read,measured,,,,,0.7622,,ok,0.3695
13.9114,675,,,0.6313,,,,,,15.6543,r0_measured_04885,read,measured,,,,,0.6527,,ok,0.3728
13.9456,689,,,0.9766,,,,,,16.045,r0_measured_04886,read,measured,,,,,0.6676,,ok,0.3752
15.0444,681,,,0.8193,,,,,,17.3182,r0_measured_04887,read,measured,,,,,0.9029,,ok,0.4444
16.4892,675,,,0.5921,,,,,,18.3448,r0_measured_04888,read,measured,,,,,0.78,,ok,0.4036
13.6653,568,,,0.4923,,,,,,15.1679,r0_measured_04889,read,measured,,,,,0.5889,,ok,0.3466
14.7353,680,,,0.5555,,,,,,16.3734,r0_measured_04890,read,measured,,,,,0.669,,ok,0.3414
62.0294,509,11.9586,4.5262,0.5295,2.1925,1,4.5234,1,25.2921,63.6843,r0_measured_04891,update,measured,20.7659,1.6549,1,0.0081,0.6825,22.5781,ok,0.3781
8.3624,369,,,0.3392,,,,,,9.5335,r0_measured_04892,read,measured,,,,,0.4329,,ok,0.3486
57.1794,568,11.585,4.5859,0.4816,2.3528,1,4.5842,1,22.5256,58.6386,r0_measured_04893,update,measured,17.9397,1.4592,1,0.0054,0.5726,20.7106,ok,0.3415
13.2983,681,,,0.7157,,,,,,15.4275,r0_measured_04894,read,measured,,,,,0.8717,,ok,0.4448
14.8298,568,,,0.5774,,,,,,16.5279,r0_measured_04895,read,measured,,,,,0.6277,,ok,0.4104
16.9686,663,,,0.6204,,,,,,18.8868,r0_measured_04896,read,measured,,,,,0.8262,,ok,0.3913
105.4874,681,16.1445,17.5664,0.6109,3.0185,1,17.5644,1,44.906,107.3553,r0_measured_04897,update,measured,27.3396,1.8679,1,16.9558,0.7689,24.4626,ok,0.4036
10.9085,509,,,0.4439,,,,,,12.3922,r0_measured_04898,read,measured,,,,,0.6084,,ok,0.3619
13.9018,629,,,0.5576,,,,,,15.6068,r0_measured_04899,read,measured,,,,,0.7114,,ok,0.3585
11.4785,509,,,0.4532,,,,,,12.9944,r0_measured_04900,read,measured,,,,,0.6044,,ok,0.383
16.2856,663,,,0.6278,,,,,,18.1458,r0_measured_04901,read,measured,,,,,0.7377,,ok,0.4005
14.8208,509,,,0.5192,,,,,,16.3818,r0_measured_04902,read,measured,,,,,0.6159,,ok,0.3525
10.598,419,,,0.2737,,,,,,11.8296,r0_measured_04903,read,measured,,,,,0.5497,,ok,0.3492
84.1024,681,15.2088,8.356,0.5561,2.5684,1,8.3542,1,32.3903,85.7376,r0_measured_04904,update,measured,24.0343,1.6352,1,12.9799,0.65,20.955,ok,0.3477
12.2021,509,,,0.4836,,,,,,13.6798,r0_measured_04905,read,measured,,,,,0.5632,,ok,0.3683
9.8494,419,,,0.2878,,,,,,11.2077,r0_measured_04906,read,measured,,,,,0.5306,,ok,0.4719
15.2329,689,,,0.5887,,,,,,17.031,r0_measured_04907,read,measured,,,,,0.721,,ok,0.375
13.1937,689,,,0.6501,,,,,,14.9965,r0_measured_04908,read,measured,,,,,0.6802,,ok,0.3672
13.8924,680,,,0.6114,,,,,,15.7969,r0_measured_04909,read,measured,,,,,0.7644,,ok,0.4373
11.8486,509,,,0.5502,,,,,,13.5752,r0_measured_04910,read,measured,,,,,0.6617,,ok,0.4338
11.993,509,,,0.5025,,,,,,13.565,r0_measured_04911,read,measured,,,,,0.6217,,ok,0.3665
13.6641,568,,,0.6351,,,,,,15.6098,r0_measured_04912,read,measured,,,,,0.826,,ok,0.3995
28.2616,681,,,0.6942,,,,,,30.2194,r0_measured_04913,read,measured,,,,,0.7885,,ok,0.3876
15.0233,568,,,0.4853,,,,,,16.6539,r0_measured_04914,read,measured,,,,,0.6948,,ok,0.3747
20.7929,675,,,0.6904,,,,,,22.839,r0_measured_04915,read,measured,,,,,0.7736,,ok,0.4817
14.7956,629,,,0.5694,,,,,,16.4991,r0_measured_04916,read,measured,,,,,0.6476,,ok,0.4085
17.9598,629,,,0.7067,,,,,,19.8817,r0_measured_04917,read,measured,,,,,0.7197,,ok,0.4128
18.1429,681,,,0.5319,,,,,,19.8885,r0_measured_04918,read,measured,,,,,0.8191,,ok,0.3234
14.5256,689,,,0.6201,,,,,,16.3623,r0_measured_04919,read,measured,,,,,0.7523,,ok,0.3827
18.4172,681,,,0.6014,,,,,,20.2487,r0_measured_04920,read,measured,,,,,0.6505,,ok,0.4898
20.1469,689,,,0.8421,,,,,,22.5265,r0_measured_04921,read,measured,,,,,0.9017,,ok,0.5411
16.6459,675,,,0.5744,,,,,,18.5134,r0_measured_04922,read,measured,,,,,0.8481,,ok,0.3589
14.1993,675,,,0.6492,,,,,,16.0635,r0_measured_04923,read,measured,,,,,0.7703,,ok,0.3635
14.0925,689,,,0.6423,,,,,,15.8864,r0_measured_04924,read,measured,,,,,0.6854,,ok,0.3806
15.0538,663,,,0.6646,,,,,,17.1999,r0_measured_04925,read,measured,,,,,0.9586,,ok,0.4363
14.1611,675,,,0.6724,,,,,,16.0728,r0_measured_04926,read,measured,,,,,0.772,,ok,0.3815
13.0001,629,,,0.6169,,,,,,14.9223,r0_measured_04927,read,measured,,,,,0.6694,,ok,0.4737
8.0451,369,,,0.2604,,,,,,9.1812,r0_measured_04928,read,measured,,,,,0.4775,,ok,0.3472
13.0158,629,,,0.5768,,,,,,14.8147,r0_measured_04929,read,measured,,,,,0.7261,,ok,0.4135
9.3661,369,,,0.2545,,,,,,10.7334,r0_measured_04930,read,measured,,,,,0.6749,,ok,0.3771
12.7865,629,,,0.5864,,,,,,14.5819,r0_measured_04931,read,measured,,,,,0.731,,ok,0.3926
10.6166,419,,,0.2537,,,,,,11.8089,r0_measured_04932,read,measured,,,,,0.5152,,ok,0.3616
12.0518,568,,,0.5155,,,,,,13.6176,r0_measured_04933,read,measured,,,,,0.5893,,ok,0.3799
14.0759,688,,,0.6242,,,,,,15.8642,r0_measured_04934,read,measured,,,,,0.6561,,ok,0.421
14.0786,680,,,0.5927,,,,,,15.8466,r0_measured_04935,read,measured,,,,,0.7058,,ok,0.3834
81.1708,663,14.3468,5.5667,0.6332,2.3548,1,5.565,1,25.8063,82.9495,r0_measured_04936,update,measured,20.2396,1.7787,1,12.6567,0.6619,26.0062,ok,0.3976
13.5098,680,,,0.6175,,,,,,15.3046,r0_measured_04937,read,measured,,,,,0.7141,,ok,0.3832
9.9439,419,,,0.3822,,,,,,11.3634,r0_measured_04938,read,measured,,,,,0.5758,,ok,0.3926
9.3208,369,,,0.2667,,,,,,10.5483,r0_measured_04939,read,measured,,,,,0.5299,,ok,0.3677
15.0852,663,,,0.6223,,,,,,16.8773,r0_measured_04940,read,measured,,,,,0.6643,,ok,0.4221
14.2536,681,,,0.6574,,,,,,16.3034,r0_measured_04941,read,measured,,,,,0.8991,,ok,0.4085
13.2226,568,,,0.533,,,,,,14.8404,r0_measured_04942,read,measured,,,,,0.6222,,ok,0.388
13.3015,629,,,0.6861,,,,,,15.179,r0_measured_04943,read,measured,,,,,0.7077,,ok,0.399
13.6384,663,,,0.6388,,,,,,15.4069,r0_measured_04944,read,measured,,,,,0.7001,,ok,0.3529
8.9691,419,,,0.42,,,,,,10.4524,r0_measured_04945,read,measured,,,,,0.5721,,ok,0.4151
14.7972,629,,,0.5486,,,,,,16.4231,r0_measured_04946,read,measured,,,,,0.6391,,ok,0.3583
13.9474,675,,,0.6516,,,,,,15.7883,r0_measured_04947,read,measured,,,,,0.7227,,ok,0.3815
14.2281,681,,,0.6756,,,,,,16.2548,r0_measured_04948,read,measured,,,,,0.7129,,ok,0.5458
12.1982,629,,,0.5271,,,,,,13.8823,r0_measured_04949,read,measured,,,,,0.7437,,ok,0.3377
11.2988,509,,,0.5645,,,,,,12.9514,r0_measured_04950,read,measured,,,,,0.6246,,ok,0.3875
14.8636,681,,,0.7115,,,,,,16.7889,r0_measured_04951,read,measured,,,,,0.7449,,ok,0.3786
14.8679,675,,,0.6547,,,,,,16.6849,r0_measured_04952,read,measured,,,,,0.6956,,ok,0.3821
15.1864,680,,,0.6229,,,,,,17.1773,r0_measured_04953,read,measured,,,,,0.8154,,ok,0.461
10.1536,419,,,0.3288,,,,,,11.5747,r0_measured_04954,read,measured,,,,,0.6265,,ok,0.3935
13.9956,681,,,0.6227,,,,,,15.8276,r0_measured_04955,read,measured,,,,,0.7124,,ok,0.4089
15.2411,680,,,0.6547,,,,,,17.1003,r0_measured_04956,read,measured,,,,,0.7379,,ok,0.3825
11.5191,568,,,0.5772,,,,,,13.2584,r0_measured_04957,read,measured,,,,,0.6889,,ok,0.3913
14.9683,681,,,0.6708,,,,,,16.9266,r0_measured_04958,read,measured,,,,,0.8057,,ok,0.3904
14.4159,675,,,0.6608,,,,,,16.3491,r0_measured_04959,read,measured,,,,,0.7319,,ok,0.4555
15.0585,688,,,0.6575,,,,,,17.081,r0_measured_04960,read,measured,,,,,0.8132,,ok,0.454
67.4805,689,13.921,6.2266,0.6938,2.6024,0,6.2245,1,29.461,69.408,r0_measured_04961,update,measured,23.2344,1.9275,1,0.0061,0.7234,21.49,ok,0.4166
20.0363,675,,,0.665,,,,,,21.994,r0_measured_04962,read,measured,,,,,0.7487,,ok,0.4483
15.6183,680,,,0.5804,,,,,,17.3952,r0_measured_04963,read,measured,,,,,0.7261,,ok,0.383
10.0467,419,,,0.2942,,,,,,11.3032,r0_measured_04964,read,measured,,,,,0.5421,,ok,0.3558
12.6861,680,,,0.5546,,,,,,14.3792,r0_measured_04965,read,measured,,,,,0.6781,,ok,0.3648
15.6399,689,,,0.8164,,,,,,17.9714,r0_measured_04966,read,measured,,,,,0.9034,,ok,0.5057
16.9615,675,,,0.7393,,,,,,19.0238,r0_measured_04967,read,measured,,,,,0.7933,,ok,0.4096
12.853,629,,,0.4783,,,,,,14.4155,r0_measured_04968,read,measured,,,,,0.6569,,ok,0.3532
12.822,629,,,0.6624,,,,,,14.7632,r0_measured_04969,read,measured,,,,,0.7529,,ok,0.4319
18.2808,369,,,0.2531,,,,,,19.4983,r0_measured_04970,read,measured,,,,,0.5274,,ok,0.3773
16.8408,689,,,0.596,,,,,,18.5364,r0_measured_04971,read,measured,,,,,0.6589,,ok,0.3586
16.7128,680,,,0.6198,,,,,,18.6162,r0_measured_04972,read,measured,,,,,0.7489,,ok,0.4489
14.4286,568,,,0.5738,,,,,,16.18,r0_measured_04973,read,measured,,,,,0.6919,,ok,0.404
20.5633,629,,,0.5545,,,,,,22.16,r0_measured_04974,read,measured,,,,,0.6373,,ok,0.3329
19.3019,681,,,0.8152,,,,,,21.4128,r0_measured_04975,read,measured,,,,,0.7898,,ok,0.4155
17.5512,568,,,0.7087,,,,,,19.4345,r0_measured_04976,read,measured,,,,,0.6664,,ok,0.423
18.4706,568,,,0.5646,,,,,,20.1597,r0_measured_04977,read,measured,,,,,0.6596,,ok,0.3873
21.7853,689,,,0.5685,,,,,,23.4706,r0_measured_04978,read,measured,,,,,0.6615,,ok,0.3727
10.8732,369,,,0.2442,,,,,,11.9715,r0_measured_04979,read,measured,,,,,0.4948,,ok,0.3046
12.7095,369,,,0.2743,,,,,,14.2045,r0_measured_04980,read,measured,,,,,0.5836,,ok,0.5549
13.3406,509,,,0.636,,,,,,15.1487,r0_measured_04981,read,measured,,,,,0.669,,ok,0.4191
15.647,689,,,0.6587,,,,,,17.45,r0_measured_04982,read,measured,,,,,0.7003,,ok,0.3607
12.972,509,,,0.475,,,,,,14.4417,r0_measured_04983,read,measured,,,,,0.5762,,ok,0.3384
14.3431,509,,,0.6049,,,,,,16.0993,r0_measured_04984,read,measured,,,,,0.6695,,ok,0.4026
15.7124,663,,,0.5965,,,,,,17.4865,r0_measured_04985,read,measured,,,,,0.6999,,ok,0.396
13.7,419,,,0.3467,,,,,,15.2751,r0_measured_04986,read,measured,,,,,0.6487,,ok,0.4876
16.6437,681,,,0.6789,,,,,,18.6931,r0_measured_04987,read,measured,,,,,0.8752,,ok,0.4008
14.0686,680,,,0.6329,,,,,,15.8431,r0_measured_04988,read,measured,,,,,0.6944,,ok,0.3644
12.9074,509,,,0.6074,,,,,,14.6573,r0_measured_04989,read,measured,,,,,0.6407,,ok,0.4233
15.6821,681,,,0.7335,,,,,,17.7473,r0_measured_04990,read,measured,,,,,0.8155,,ok,0.4189
13.9206,675,,,0.6618,,,,,,15.7698,r0_measured_04991,read,measured,,,,,0.7184,,ok,0.3867
17.4448,663,,,0.6081,,,,,,19.2827,r0_measured_04992,read,measured,,,,,0.7973,,ok,0.3475
12.9267,568,,,0.5088,,,,,,14.4974,r0_measured_04993,read,measured,,,,,0.6406,,ok,0.3455
13.92,629,,,0.6528,,,,,,15.829,r0_measured_04994,read,measured,,,,,0.764,,ok,0.4012
11.8066,509,,,0.6399,,,,,,13.6663,r0_measured_04995,read,measured,,,,,0.6375,,ok,0.5029
11.7232,419,,,0.3268,,,,,,13.1185,r0_measured_04996,read,measured,,,,,0.6231,,ok,0.3767
13.8331,509,,,0.5537,,,,,,15.4704,r0_measured_04997,read,measured,,,,,0.6497,,ok,0.3571
13.9534,629,,,0.6043,,,,,,15.7696,r0_measured_04998,read,measured,,,,,0.7017,,ok,0.4253
15.0885,629,,,0.6362,,,,,,16.8614,r0_measured_04999,read,measured,,,,,0.6829,,ok,0.3724
