backend_ms,candidate_count,candidate_fetch_ms,commit_ms,dense_scoring_ms,dense_upsert_ms,fresh_hit_at_10,full_write_ack_call_ms,graph_projection_ok,graph_visible_ms,latency_ms,op_id,op_type,phase,projection_fetch_ms,ranking_ms,relation_candidate_ok,relation_check_ms,sparse_scoring_ms,sparse_upsert_ms,status,zscore_fusion_ms
99.0855,418,,,0.4388,,,,,,100.6734,r2_measured_00000,read,measured,,,,,0.6557,,ok,0.419
16.2413,628,,,0.5751,,,,,,17.7979,r2_measured_00001,read,measured,,,,,0.5668,,ok,0.3426
7.4067,369,,,0.2449,,,,,,8.4513,r2_measured_00002,read,measured,,,,,0.4389,,ok,0.308
16.0001,681,,,0.6609,,,,,,17.8223,r2_measured_00003,read,measured,,,,,0.7341,,ok,0.3448
14.49,628,,,0.5285,,,,,,16.0929,r2_measured_00004,read,measured,,,,,0.6654,,ok,0.3348
14.2544,659,,,0.6779,,,,,,16.1279,r2_measured_00005,read,measured,,,,,0.6954,,ok,0.4087
14.3833,679,,,0.5473,,,,,,16.0262,r2_measured_00006,read,measured,,,,,0.6729,,ok,0.3479
14.9188,568,,,1.2777,,,,,,17.3216,r2_measured_00007,read,measured,,,,,0.6502,,ok,0.3954
15.4527,689,,,0.6281,,,,,,17.2102,r2_measured_00008,read,measured,,,,,0.6889,,ok,0.357
14.0717,677,,,0.6281,,,,,,15.8251,r2_measured_00009,read,measured,,,,,0.6834,,ok,0.3597
15.3561,679,,,0.6088,,,,,,16.9533,r2_measured_00010,read,measured,,,,,0.5936,,ok,0.3232
17.3775,567,,,0.5691,,,,,,19.0384,r2_measured_00011,read,measured,,,,,0.6534,,ok,0.3668
10.1807,418,,,0.3054,,,,,,11.337,r2_measured_00012,read,measured,,,,,0.4773,,ok,0.3208
18.2829,674,,,0.7736,,,,,,20.4684,r2_measured_00013,read,measured,,,,,0.89,,ok,0.4289
14.5026,506,,,0.5674,,,,,,16.1833,r2_measured_00014,read,measured,,,,,0.6986,,ok,0.3495
15.5064,663,,,0.5892,,,,,,17.4087,r2_measured_00015,read,measured,,,,,0.8549,,ok,0.3762
15.5457,624,,,0.564,,,,,,17.3135,r2_measured_00016,read,measured,,,,,0.6917,,ok,0.4248
15.1616,673,,,0.7697,,,,,,17.1925,r2_measured_00017,read,measured,,,,,0.7921,,ok,0.3809
14.276,628,,,0.5607,,,,,,15.9205,r2_measured_00018,read,measured,,,,,0.6132,,ok,0.3974
16.1748,679,,,0.5093,,,,,,17.7374,r2_measured_00019,read,measured,,,,,0.6538,,ok,0.3304
13.0605,627,,,0.4961,,,,,,14.5199,r2_measured_00020,read,measured,,,,,0.5684,,ok,0.3197
15.2936,678,,,0.6232,,,,,,17.1078,r2_measured_00021,read,measured,,,,,0.7558,,ok,0.3567
14.2571,687,,,0.6543,,,,,,15.94,r2_measured_00022,read,measured,,,,,0.5845,,ok,0.374
10.4543,419,,,0.3416,,,,,,11.6316,r2_measured_00023,read,measured,,,,,0.4316,,ok,0.3495
16.27,689,,,0.6069,,,,,,17.9122,r2_measured_00024,read,measured,,,,,0.6666,,ok,0.3006
12.8133,628,,,0.5027,,,,,,14.2014,r2_measured_00025,read,measured,,,,,0.5355,,ok,0.2917
13.7264,507,,,0.5156,,,,,,15.3992,r2_measured_00026,read,measured,,,,,0.6805,,ok,0.4007
15.8693,674,,,0.5339,,,,,,17.4334,r2_measured_00027,read,measured,,,,,0.6091,,ok,0.3342
20.3752,628,,,0.6746,,,,,,22.3671,r2_measured_00028,read,measured,,,,,0.8015,,ok,0.4229
12.3051,417,,,0.2764,,,,,,13.5271,r2_measured_00029,read,measured,,,,,0.5463,,ok,0.3348
16.8988,689,,,0.6196,,,,,,18.5889,r2_measured_00030,read,measured,,,,,0.6695,,ok,0.3273
12.912,566,,,0.5905,,,,,,14.4544,r2_measured_00031,read,measured,,,,,0.5874,,ok,0.3037
19.3991,628,,,0.5381,,,,,,21.0077,r2_measured_00032,read,measured,,,,,0.6832,,ok,0.3194
18.467,679,,,0.5918,,,,,,20.315,r2_measured_00033,read,measured,,,,,0.7996,,ok,0.3799
17.0133,688,,,0.7279,,,,,,19.2031,r2_measured_00034,read,measured,,,,,0.8783,,ok,0.481
17.9629,673,,,0.5712,,,,,,19.6237,r2_measured_00035,read,measured,,,,,0.6617,,ok,0.3475
13.1608,677,,,0.5324,,,,,,14.6442,r2_measured_00036,read,measured,,,,,0.5553,,ok,0.3243
12.2456,628,,,0.6535,,,,,,13.8907,r2_measured_00037,read,measured,,,,,0.5877,,ok,0.3303
12.6253,663,,,0.6161,,,,,,14.3502,r2_measured_00038,read,measured,,,,,0.6582,,ok,0.3785
12.2746,680,,,0.826,,,,,,14.2256,r2_measured_00039,read,measured,,,,,0.6974,,ok,0.3482
12.3527,678,,,0.5112,,,,,,13.905,r2_measured_00040,read,measured,,,,,0.6227,,ok,0.3466
12.7154,689,,,1.2727,,,,,,15.7627,r2_measured_00041,read,measured,,,,,0.8339,,ok,0.7918
13.0387,507,,,0.4911,,,,,,14.661,r2_measured_00042,read,measured,,,,,0.7039,,ok,0.3605
11.8293,628,,,0.5615,,,,,,13.5653,r2_measured_00043,read,measured,,,,,0.7415,,ok,0.3642
8.4458,368,,,0.2205,,,,,,9.469,r2_measured_00044,read,measured,,,,,0.4542,,ok,0.2978
12.6406,661,,,0.6758,,,,,,14.531,r2_measured_00045,read,measured,,,,,0.6997,,ok,0.4203
14.2436,680,,,0.6603,,,,,,16.073,r2_measured_00046,read,measured,,,,,0.7288,,ok,0.3586
13.197,627,,,0.5597,,,,,,14.9695,r2_measured_00047,read,measured,,,,,0.6524,,ok,0.4803
12.0532,627,,,0.993,,,,,,13.963,r2_measured_00048,read,measured,,,,,0.5394,,ok,0.3149
10.044,418,,,0.2566,,,,,,11.2105,r2_measured_00049,read,measured,,,,,0.5278,,ok,0.323
77.4875,566,14.9413,7.0137,0.5417,2.3605,1,7.0122,1,25.3364,79.212,r2_measured_00050,update,measured,18.3227,1.7245,1,10.9303,0.7173,23.919,ok,0.3981
12.0364,675,,,0.5586,,,,,,13.6556,r2_measured_00051,read,measured,,,,,0.6531,,ok,0.3305
11.5846,624,,,0.5413,,,,,,13.1622,r2_measured_00052,read,measured,,,,,0.6029,,ok,0.367
12.927,675,,,0.5428,,,,,,14.4639,r2_measured_00053,read,measured,,,,,0.5826,,ok,0.3433
10.5919,508,,,0.5522,,,,,,12.1369,r2_measured_00054,read,measured,,,,,0.5559,,ok,0.3723
12.2707,677,,,0.478,,,,,,13.7503,r2_measured_00055,read,measured,,,,,0.633,,ok,0.3057
15.1514,679,,,0.6068,,,,,,17.0521,r2_measured_00056,read,measured,,,,,0.8159,,ok,0.3936
14.2781,627,,,0.6325,,,,,,16.2106,r2_measured_00057,read,measured,,,,,0.7829,,ok,0.4413
16.3335,689,,,0.74,,,,,,18.2679,r2_measured_00058,read,measured,,,,,0.7047,,ok,0.3695
8.4471,419,,,0.2436,,,,,,9.5929,r2_measured_00059,read,measured,,,,,0.4444,,ok,0.3749
14.0828,567,,,0.9749,,,,,,16.8407,r2_measured_00060,read,measured,,,,,1.0435,,ok,0.6357
19.5677,663,,,0.6354,,,,,,21.3015,r2_measured_00061,read,measured,,,,,0.6515,,ok,0.3709
12.4714,627,,,0.5225,,,,,,13.9871,r2_measured_00062,read,measured,,,,,0.5909,,ok,0.3321
12.8147,688,,,0.5582,,,,,,14.44,r2_measured_00063,read,measured,,,,,0.6253,,ok,0.3524
12.4897,627,,,0.5968,,,,,,14.1711,r2_measured_00064,read,measured,,,,,0.6537,,ok,0.3628
13.1751,662,,,0.6345,,,,,,14.8032,r2_measured_00065,read,measured,,,,,0.5933,,ok,0.3318
12.4528,674,,,0.7533,,,,,,14.5458,r2_measured_00066,read,measured,,,,,0.7997,,ok,0.4573
14.4855,679,,,0.5799,,,,,,16.2898,r2_measured_00067,read,measured,,,,,0.7555,,ok,0.3883
13.881,673,,,0.5651,,,,,,15.6024,r2_measured_00068,read,measured,,,,,0.6937,,ok,0.3882
88.8578,626,15.5548,8.8001,0.8661,2.9924,0,8.7982,1,29.4934,91.313,r2_measured_00069,update,measured,20.6933,2.4552,1,15.6572,0.929,25.16,ok,0.5466
20.2583,369,,,0.3245,,,,,,21.696,r2_measured_00070,read,measured,,,,,0.6299,,ok,0.41
8.9853,418,,,0.2508,,,,,,10.0377,r2_measured_00071,read,measured,,,,,0.458,,ok,0.2968
10.1549,416,,,0.5792,,,,,,11.9197,r2_measured_00072,read,measured,,,,,0.6358,,ok,0.4634
10.7267,418,,,0.2751,,,,,,11.8547,r2_measured_00073,read,measured,,,,,0.494,,ok,0.3035
13.6251,677,,,0.6063,,,,,,15.3073,r2_measured_00074,read,measured,,,,,0.673,,ok,0.3363
14.9466,680,,,0.6626,,,,,,16.6616,r2_measured_00075,read,measured,,,,,0.6375,,ok,0.3316
12.4613,686,,,0.5728,,,,,,14.0408,r2_measured_00076,read,measured,,,,,0.6141,,ok,0.3252
12.9018,507,,,0.6087,,,,,,14.6317,r2_measured_00077,read,measured,,,,,0.6082,,ok,0.4363
11.6635,509,,,0.4291,,,,,,13.0562,r2_measured_00078,read,measured,,,,,0.5924,,ok,0.311
8.657,416,,,0.2346,,,,,,9.753,r2_measured_00079,read,measured,,,,,0.4907,,ok,0.3214
9.8174,507,,,0.556,,,,,,11.4112,r2_measured_00080,read,measured,,,,,0.574,,ok,0.4015
8.6302,417,,,0.2359,,,,,,9.7109,r2_measured_00081,read,measured,,,,,0.4899,,ok,0.3064
11.638,689,,,0.543,,,,,,13.2588,r2_measured_00082,read,measured,,,,,0.6553,,ok,0.359
12.1764,675,,,0.5787,,,,,,13.9471,r2_measured_00083,read,measured,,,,,0.686,,ok,0.4134
13.38,679,,,0.5112,,,,,,14.9111,r2_measured_00084,read,measured,,,,,0.5841,,ok,0.3424
8.1579,417,,,0.2532,,,,,,9.2805,r2_measured_00085,read,measured,,,,,0.4804,,ok,0.3374
13.8304,628,,,0.6223,,,,,,15.6184,r2_measured_00086,read,measured,,,,,0.6734,,ok,0.4068
14.1904,679,,,0.5594,,,,,,15.9311,r2_measured_00087,read,measured,,,,,0.7157,,ok,0.3943
13.6432,659,,,0.6808,,,,,,15.4731,r2_measured_00088,read,measured,,,,,0.717,,ok,0.3588
10.1102,507,,,0.4465,,,,,,11.4444,r2_measured_00089,read,measured,,,,,0.5121,,ok,0.3246
11.438,672,,,0.5829,,,,,,13.1004,r2_measured_00090,read,measured,,,,,0.69,,ok,0.3223
10.6817,566,,,0.88,,,,,,12.9707,r2_measured_00091,read,measured,,,,,0.728,,ok,0.6001
13.0172,628,,,0.5987,,,,,,14.8509,r2_measured_00092,read,measured,,,,,0.7004,,ok,0.4412
12.5775,679,,,0.6196,,,,,,14.3179,r2_measured_00093,read,measured,,,,,0.6829,,ok,0.365
11.9657,677,,,0.4965,,,,,,13.4636,r2_measured_00094,read,measured,,,,,0.6195,,ok,0.3087
11.6773,627,,,0.6841,,,,,,13.4663,r2_measured_00095,read,measured,,,,,0.6441,,ok,0.3866
14.083,508,,,0.5937,,,,,,16.0352,r2_measured_00096,read,measured,,,,,0.6958,,ok,0.5809
23.1549,628,,,0.7897,,,,,,25.5203,r2_measured_00097,read,measured,,,,,0.9207,,ok,0.557
18.1475,662,,,0.6848,,,,,,19.9565,r2_measured_00098,read,measured,,,,,0.6599,,ok,0.3904
13.3614,681,,,0.5234,,,,,,14.9591,r2_measured_00099,read,measured,,,,,0.6476,,ok,0.3461
10.8793,568,,,0.5392,,,,,,12.422,r2_measured_00100,read,measured,,,,,0.5888,,ok,0.3414
12.8656,680,,,0.6126,,,,,,14.5554,r2_measured_00101,read,measured,,,,,0.6219,,ok,0.3857
11.3495,566,,,0.4685,,,,,,12.8645,r2_measured_00102,read,measured,,,,,0.5695,,ok,0.3969
8.492,418,,,0.2525,,,,,,9.6416,r2_measured_00103,read,measured,,,,,0.4715,,ok,0.3735
63.2474,508,9.5531,6.3777,0.5513,1.6239,1,6.3757,1,26.8169,64.7361,r2_measured_00104,update,measured,20.4392,1.4887,1,9.3868,0.5436,15.8667,ok,0.3377
14.5842,674,,,0.5604,,,,,,16.2674,r2_measured_00105,read,measured,,,,,0.6846,,ok,0.3644
13.2907,680,,,0.5782,,,,,,15.074,r2_measured_00106,read,measured,,,,,0.7358,,ok,0.3731
13.2983,566,,,0.5194,,,,,,14.9105,r2_measured_00107,read,measured,,,,,0.6412,,ok,0.3799
11.1171,508,,,0.7357,,,,,,13.0021,r2_measured_00108,read,measured,,,,,0.5492,,ok,0.535
15.5895,680,,,0.6263,,,,,,17.4313,r2_measured_00109,read,measured,,,,,0.7282,,ok,0.4043
12.4323,678,,,0.5252,,,,,,14.0244,r2_measured_00110,read,measured,,,,,0.629,,ok,0.3709
13.5368,680,,,0.6117,,,,,,15.3384,r2_measured_00111,read,measured,,,,,0.693,,ok,0.4175
15.3582,679,,,0.7097,,,,,,17.5342,r2_measured_00112,read,measured,,,,,1.026,,ok,0.3672
10.3156,508,,,0.5247,,,,,,11.7307,r2_measured_00113,read,measured,,,,,0.5072,,ok,0.3195
54.5796,368,,,0.2432,,,,,,55.6658,r2_measured_00114,read,measured,,,,,0.4546,,ok,0.336
12.7119,661,,,0.7065,,,,,,14.6317,r2_measured_00115,read,measured,,,,,0.6471,,ok,0.4894
14.1734,680,,,0.8074,,,,,,16.4411,r2_measured_00116,read,measured,,,,,0.8609,,ok,0.5032
14.0884,508,,,0.6023,,,,,,15.8571,r2_measured_00117,read,measured,,,,,0.6491,,ok,0.4446
13.9905,627,,,0.5537,,,,,,15.6378,r2_measured_00118,read,measured,,,,,0.6223,,ok,0.3987
12.0868,660,,,0.4835,,,,,,13.6226,r2_measured_00119,read,measured,,,,,0.6087,,ok,0.376
12.0983,679,,,0.5682,,,,,,13.7821,r2_measured_00120,read,measured,,,,,0.6556,,ok,0.3771
8.7299,417,,,0.2298,,,,,,9.7322,r2_measured_00121,read,measured,,,,,0.4454,,ok,0.2842
9.2721,509,,,0.4951,,,,,,10.6333,r2_measured_00122,read,measured,,,,,0.4733,,ok,0.308
14.387,679,,,0.598,,,,,,16.2788,r2_measured_00123,read,measured,,,,,0.8577,,ok,0.3649
9.326,418,,,0.2481,,,,,,10.416,r2_measured_00124,read,measured,,,,,0.4774,,ok,0.3153
12.2883,623,,,0.5692,,,,,,13.9198,r2_measured_00125,read,measured,,,,,0.6706,,ok,0.3199
13.4278,661,,,0.5531,,,,,,15.0488,r2_measured_00126,read,measured,,,,,0.6575,,ok,0.3431
12.6904,678,,,0.5896,,,,,,14.2249,r2_measured_00127,read,measured,,,,,0.5523,,ok,0.3269
14.2372,680,,,0.6064,,,,,,15.9448,r2_measured_00128,read,measured,,,,,0.7089,,ok,0.3238
17.6573,688,,,0.8275,,,,,,20.025,r2_measured_00129,read,measured,,,,,0.9521,,ok,0.4814
17.2163,679,,,0.7812,,,,,,19.4288,r2_measured_00130,read,measured,,,,,0.8824,,ok,0.4668
11.9266,507,,,0.6441,,,,,,13.6987,r2_measured_00131,read,measured,,,,,0.6671,,ok,0.383
13.528,678,,,0.5034,,,,,,15.0252,r2_measured_00132,read,measured,,,,,0.5907,,ok,0.3326
9.4774,418,,,0.3097,,,,,,10.7847,r2_measured_00133,read,measured,,,,,0.5736,,ok,0.3607
12.4456,566,,,0.5435,,,,,,14.1073,r2_measured_00134,read,measured,,,,,0.6758,,ok,0.3708
12.9489,674,,,0.5397,,,,,,14.7139,r2_measured_00135,read,measured,,,,,0.8258,,ok,0.3348
14.4451,680,,,0.5472,,,,,,16.1632,r2_measured_00136,read,measured,,,,,0.7341,,ok,0.3564
14.0103,688,,,0.6272,,,,,,15.7108,r2_measured_00137,read,measured,,,,,0.6332,,ok,0.3681
13.2705,565,,,0.6727,,,,,,15.1284,r2_measured_00138,read,measured,,,,,0.7263,,ok,0.375
11.4634,566,,,0.4101,,,,,,12.7519,r2_measured_00139,read,measured,,,,,0.5094,,ok,0.3131
12.6925,673,,,0.6249,,,,,,14.5685,r2_measured_00140,read,measured,,,,,0.7356,,ok,0.4378
12.4753,507,,,0.6269,,,,,,14.2226,r2_measured_00141,read,measured,,,,,0.6771,,ok,0.3724
73.7628,628,15.0894,5.728,0.6019,2.5147,1,5.7263,1,25.7094,75.3509,r2_measured_00142,update,measured,19.9814,1.5881,1,9.9197,0.5691,20.5296,ok,0.3561
12.1751,566,,,0.4952,,,,,,13.6211,r2_measured_00143,read,measured,,,,,0.5634,,ok,0.3207
15.0427,680,,,0.5321,,,,,,16.5692,r2_measured_00144,read,measured,,,,,0.5904,,ok,0.3344
12.3765,678,,,0.5303,,,,,,13.9465,r2_measured_00145,read,measured,,,,,0.6517,,ok,0.3188
12.5794,680,,,0.5995,,,,,,14.298,r2_measured_00146,read,measured,,,,,0.6954,,ok,0.3538
85.9131,679,24.0428,6.3053,0.7356,5.5428,0,6.304,1,28.1192,87.9558,r2_measured_00147,update,measured,21.8139,2.0427,1,0.0058,0.8252,28.2025,ok,0.3997
10.2406,416,,,0.2559,,,,,,11.3492,r2_measured_00148,read,measured,,,,,0.4896,,ok,0.3095
7.8176,369,,,0.2047,,,,,,8.8069,r2_measured_00149,read,measured,,,,,0.4322,,ok,0.3058
13.9582,679,,,0.6428,,,,,,15.7728,r2_measured_00150,read,measured,,,,,0.7583,,ok,0.3348
13.0832,626,,,0.5869,,,,,,14.9581,r2_measured_00151,read,measured,,,,,0.6224,,ok,0.5753
17.226,680,,,0.693,,,,,,19.1148,r2_measured_00152,read,measured,,,,,0.7569,,ok,0.3624
13.3158,367,,,0.2148,,,,,,14.3361,r2_measured_00153,read,measured,,,,,0.4543,,ok,0.298
13.8969,419,,,0.2887,,,,,,15.1109,r2_measured_00154,read,measured,,,,,0.5289,,ok,0.333
15.0788,661,,,0.5712,,,,,,16.8192,r2_measured_00155,read,measured,,,,,0.6074,,ok,0.4789
10.0464,417,,,0.2958,,,,,,11.2401,r2_measured_00156,read,measured,,,,,0.5313,,ok,0.3078
14.4031,679,,,0.6171,,,,,,16.4046,r2_measured_00157,read,measured,,,,,0.7368,,ok,0.5542
7.9685,417,,,0.2384,,,,,,9.0616,r2_measured_00158,read,measured,,,,,0.4374,,ok,0.3691
15.7507,675,,,0.9923,,,,,,18.081,r2_measured_00159,read,measured,,,,,0.7789,,ok,0.4588
12.8405,508,,,0.7122,,,,,,15.1478,r2_measured_00160,read,measured,,,,,0.9304,,ok,0.569
16.9986,680,,,0.6224,,,,,,18.6439,r2_measured_00161,read,measured,,,,,0.6319,,ok,0.3198
11.0922,504,,,0.7117,,,,,,13.1938,r2_measured_00162,read,measured,,,,,0.7922,,ok,0.5179
14.7311,672,,,0.6247,,,,,,16.3732,r2_measured_00163,read,measured,,,,,0.607,,ok,0.3298
11.3659,679,,,0.5294,,,,,,12.8604,r2_measured_00164,read,measured,,,,,0.5926,,ok,0.309
58.3672,679,15.8039,3.6066,0.7701,2.5251,1,3.605,1,20.008,60.4385,r2_measured_00165,update,measured,16.4014,2.0713,1,0.0067,0.7585,20.0235,ok,0.4537
116.505,509,10.9445,11.1785,0.467,1.8805,1,11.1762,1,53.2483,118.0327,r2_measured_00166,update,measured,42.0698,1.5277,1,21.4406,0.5497,28.9911,ok,0.4483
8.9791,418,,,0.2851,,,,,,10.225,r2_measured_00167,read,measured,,,,,0.5817,,ok,0.3201
13.0207,627,,,0.6269,,,,,,14.8154,r2_measured_00168,read,measured,,,,,0.7429,,ok,0.357
13.901,661,,,0.6083,,,,,,15.7222,r2_measured_00169,read,measured,,,,,0.7437,,ok,0.379
14.1085,674,,,0.5815,,,,,,15.7547,r2_measured_00170,read,measured,,,,,0.6425,,ok,0.3512
13.2758,681,,,0.6491,,,,,,15.1151,r2_measured_00171,read,measured,,,,,0.7169,,ok,0.3981
12.1983,567,,,0.5429,,,,,,13.8346,r2_measured_00172,read,measured,,,,,0.6592,,ok,0.3687
70.4747,686,12.5799,5.2653,0.6514,2.7594,0,5.2638,1,25.6105,72.2113,r2_measured_00173,update,measured,20.3452,1.7366,1,9.152,0.6423,20.3729,ok,0.3749
7.9494,369,,,0.2482,,,,,,9.0877,r2_measured_00174,read,measured,,,,,0.48,,ok,0.3602
12.293,678,,,0.5061,,,,,,13.8284,r2_measured_00175,read,measured,,,,,0.6387,,ok,0.3137
14.0541,628,,,0.6979,,,,,,15.8459,r2_measured_00176,read,measured,,,,,0.653,,ok,0.3516
12.7276,660,,,0.5608,,,,,,14.3771,r2_measured_00177,read,measured,,,,,0.662,,ok,0.3523
11.955,681,,,0.5296,,,,,,13.4633,r2_measured_00178,read,measured,,,,,0.5866,,ok,0.3286
8.4351,367,,,0.2035,,,,,,9.4216,r2_measured_00179,read,measured,,,,,0.3991,,ok,0.3347
12.7475,674,,,0.4869,,,,,,14.2506,r2_measured_00180,read,measured,,,,,0.6173,,ok,0.3302
11.4098,688,,,0.7688,,,,,,13.1494,r2_measured_00181,read,measured,,,,,0.5683,,ok,0.339
76.0733,661,12.8721,3.2985,0.5233,2.3346,1,3.2968,1,26.6838,77.7869,r2_measured_00182,update,measured,23.3853,1.7136,1,10.7071,0.7122,23.4757,ok,0.3814
9.981,507,,,0.4395,,,,,,11.3703,r2_measured_00183,read,measured,,,,,0.5627,,ok,0.3278
6.8188,367,,,0.3036,,,,,,8.0126,r2_measured_00184,read,measured,,,,,0.5142,,ok,0.3261
9.9131,568,,,0.5096,,,,,,11.2456,r2_measured_00185,read,measured,,,,,0.4312,,ok,0.338
9.4771,507,,,0.4841,,,,,,10.879,r2_measured_00186,read,measured,,,,,0.5293,,ok,0.3271
10.2829,568,,,0.5295,,,,,,11.8662,r2_measured_00187,read,measured,,,,,0.6732,,ok,0.3133
10.734,628,,,0.6548,,,,,,12.4418,r2_measured_00188,read,measured,,,,,0.6121,,ok,0.3709
12.7065,675,,,0.5347,,,,,,14.439,r2_measured_00189,read,measured,,,,,0.628,,ok,0.4849
9.1585,418,,,0.4715,,,,,,11.0329,r2_measured_00190,read,measured,,,,,0.7441,,ok,0.5786
14.8104,679,,,0.5802,,,,,,16.5503,r2_measured_00191,read,measured,,,,,0.6856,,ok,0.3944
12.9732,689,,,0.5348,,,,,,14.5528,r2_measured_00192,read,measured,,,,,0.6705,,ok,0.3073
12.4688,679,,,0.6284,,,,,,14.1338,r2_measured_00193,read,measured,,,,,0.6198,,ok,0.3421
14.5266,677,,,0.6788,,,,,,16.6156,r2_measured_00194,read,measured,,,,,0.8659,,ok,0.4498
14.9761,661,,,0.8447,,,,,,17.1385,r2_measured_00195,read,measured,,,,,0.8728,,ok,0.3637
12.2491,661,,,0.5048,,,,,,13.8337,r2_measured_00196,read,measured,,,,,0.6752,,ok,0.3388
10.068,566,,,0.512,,,,,,11.4108,r2_measured_00197,read,measured,,,,,0.4706,,ok,0.3058
12.5534,678,,,0.5677,,,,,,14.2726,r2_measured_00198,read,measured,,,,,0.7112,,ok,0.3672
19.493,662,,,0.5028,,,,,,20.9692,r2_measured_00199,read,measured,,,,,0.5698,,ok,0.34
17.6326,674,,,0.7097,,,,,,19.7372,r2_measured_00200,read,measured,,,,,0.8498,,ok,0.452
17.2936,674,,,0.7149,,,,,,19.2169,r2_measured_00201,read,measured,,,,,0.7536,,ok,0.3687
12.834,680,,,0.5876,,,,,,14.5221,r2_measured_00202,read,measured,,,,,0.6576,,ok,0.3674
12.1547,628,,,0.4899,,,,,,13.6644,r2_measured_00203,read,measured,,,,,0.6177,,ok,0.3342
11.781,674,,,0.5612,,,,,,13.5596,r2_measured_00204,read,measured,,,,,0.7998,,ok,0.3426
11.8275,568,,,0.537,,,,,,13.4326,r2_measured_00205,read,measured,,,,,0.6381,,ok,0.3718
12.4852,628,,,0.5315,,,,,,14.1715,r2_measured_00206,read,measured,,,,,0.6858,,ok,0.3536
8.4874,417,,,0.2451,,,,,,9.5433,r2_measured_00207,read,measured,,,,,0.4499,,ok,0.3123
12.4564,687,,,0.6927,,,,,,14.2221,r2_measured_00208,read,measured,,,,,0.6312,,ok,0.3713
12.3516,679,,,0.5365,,,,,,13.8727,r2_measured_00209,read,measured,,,,,0.5982,,ok,0.3158
12.0223,687,,,0.549,,,,,,13.6868,r2_measured_00210,read,measured,,,,,0.6503,,ok,0.3804
13.845,680,,,0.6311,,,,,,15.5533,r2_measured_00211,read,measured,,,,,0.6594,,ok,0.3451
11.1813,628,,,0.5392,,,,,,12.6536,r2_measured_00212,read,measured,,,,,0.5617,,ok,0.3105
7.1876,369,,,0.2192,,,,,,8.2352,r2_measured_00213,read,measured,,,,,0.4127,,ok,0.2853
8.6219,416,,,0.324,,,,,,9.9224,r2_measured_00214,read,measured,,,,,0.5692,,ok,0.341
12.8959,624,,,0.9045,,,,,,15.5556,r2_measured_00215,read,measured,,,,,0.9898,,ok,0.6611
94.2715,629,11.6681,9.5435,0.534,2.5568,0,9.5415,1,53.3474,95.8364,r2_measured_00216,update,measured,43.8039,1.5649,1,0.0059,0.5757,26.6933,ok,0.3628
11.8409,628,,,0.485,,,,,,13.3685,r2_measured_00217,read,measured,,,,,0.6224,,ok,0.3557
11.2494,509,,,0.4908,,,,,,12.8597,r2_measured_00218,read,measured,,,,,0.6351,,ok,0.4053
13.3313,678,,,0.6223,,,,,,15.1525,r2_measured_00219,read,measured,,,,,0.7389,,ok,0.3829
13.0393,624,,,0.6087,,,,,,14.744,r2_measured_00220,read,measured,,,,,0.6449,,ok,0.3734
12.4398,681,,,0.5879,,,,,,14.0082,r2_measured_00221,read,measured,,,,,0.5825,,ok,0.3363
10.7848,680,,,0.5636,,,,,,12.4011,r2_measured_00222,read,measured,,,,,0.6111,,ok,0.3727
12.3467,679,,,0.5501,,,,,,13.9812,r2_measured_00223,read,measured,,,,,0.6602,,ok,0.3543
11.7281,567,,,0.5587,,,,,,13.3332,r2_measured_00224,read,measured,,,,,0.6094,,ok,0.3667
15.484,679,,,0.5591,,,,,,17.077,r2_measured_00225,read,measured,,,,,0.5959,,ok,0.365
15.761,679,,,0.6159,,,,,,17.5622,r2_measured_00226,read,measured,,,,,0.6759,,ok,0.4367
9.7428,415,,,0.3958,,,,,,11.0653,r2_measured_00227,read,measured,,,,,0.5511,,ok,0.3163
13.2989,672,,,0.5053,,,,,,14.864,r2_measured_00228,read,measured,,,,,0.6299,,ok,0.3662
10.4262,567,,,0.7413,,,,,,12.4761,r2_measured_00229,read,measured,,,,,0.6094,,ok,0.5644
13.6906,508,,,0.5443,,,,,,15.3245,r2_measured_00230,read,measured,,,,,0.6177,,ok,0.3961
12.0327,628,,,0.5044,,,,,,13.4546,r2_measured_00231,read,measured,,,,,0.5363,,ok,0.3198
14.6935,673,,,1.4398,,,,,,18.4724,r2_measured_00232,read,measured,,,,,0.9077,,ok,1.3111
23.9496,673,,,0.8632,,,,,,26.1445,r2_measured_00233,read,measured,,,,,0.8438,,ok,0.395
9.2067,369,,,0.2128,,,,,,10.1929,r2_measured_00234,read,measured,,,,,0.4295,,ok,0.298
15.641,687,,,0.8762,,,,,,18.0802,r2_measured_00235,read,measured,,,,,0.9279,,ok,0.5259
17.7725,568,,,0.5221,,,,,,19.5131,r2_measured_00236,read,measured,,,,,0.5742,,ok,0.5759
86.3764,672,12.682,5.6997,0.5057,2.8261,1,5.6974,1,29.5327,87.8925,r2_measured_00237,update,measured,23.833,1.5161,1,15.8122,0.6163,25.5234,ok,0.3243
12.6995,674,,,0.541,,,,,,14.2714,r2_measured_00238,read,measured,,,,,0.5422,,ok,0.4178
10.888,629,,,0.6395,,,,,,12.6334,r2_measured_00239,read,measured,,,,,0.7173,,ok,0.3198
8.4955,417,,,0.2349,,,,,,9.5829,r2_measured_00240,read,measured,,,,,0.463,,ok,0.3397
13.302,680,,,0.5838,,,,,,14.9076,r2_measured_00241,read,measured,,,,,0.606,,ok,0.3469
8.214,369,,,0.2915,,,,,,9.4322,r2_measured_00242,read,measured,,,,,0.5483,,ok,0.3218
17.726,680,,,0.6744,,,,,,19.6923,r2_measured_00243,read,measured,,,,,0.8146,,ok,0.3908
11.7115,567,,,0.5609,,,,,,13.3519,r2_measured_00244,read,measured,,,,,0.6534,,ok,0.355
9.7829,509,,,0.4603,,,,,,11.147,r2_measured_00245,read,measured,,,,,0.5128,,ok,0.3306
11.6364,673,,,0.5436,,,,,,13.1159,r2_measured_00246,read,measured,,,,,0.5425,,ok,0.3327
68.5973,680,12.4015,4.5908,0.6179,2.3822,1,4.5891,1,21.3119,70.2323,r2_measured_00247,update,measured,16.7211,1.635,1,9.2122,0.6143,23.2895,ok,0.3439
11.7029,661,,,0.6546,,,,,,13.3568,r2_measured_00248,read,measured,,,,,0.5995,,ok,0.3285
12.9278,679,,,0.4803,,,,,,14.412,r2_measured_00249,read,measured,,,,,0.5413,,ok,0.3899
14.1667,681,,,0.7306,,,,,,16.1188,r2_measured_00250,read,measured,,,,,0.7385,,ok,0.3983
11.6837,568,,,0.5719,,,,,,13.2096,r2_measured_00251,read,measured,,,,,0.5589,,ok,0.3357
10.8877,624,,,0.5549,,,,,,12.4946,r2_measured_00252,read,measured,,,,,0.6123,,ok,0.351
12.13,627,,,0.6075,,,,,,13.9188,r2_measured_00253,read,measured,,,,,0.7152,,ok,0.39
9.9073,509,,,0.5885,,,,,,11.2949,r2_measured_00254,read,measured,,,,,0.427,,ok,0.3206
7.776,369,,,0.3467,,,,,,9.1054,r2_measured_00255,read,measured,,,,,0.5163,,ok,0.4016
11.3081,565,,,0.4144,,,,,,12.6166,r2_measured_00256,read,measured,,,,,0.5309,,ok,0.3057
12.4298,567,,,0.483,,,,,,13.9212,r2_measured_00257,read,measured,,,,,0.5421,,ok,0.3883
16.279,677,,,0.8821,,,,,,18.7011,r2_measured_00258,read,measured,,,,,0.9056,,ok,0.526
14.9312,627,,,0.5456,,,,,,16.5676,r2_measured_00259,read,measured,,,,,0.6573,,ok,0.3625
12.4703,675,,,0.5331,,,,,,14.0804,r2_measured_00260,read,measured,,,,,0.6697,,ok,0.3416
8.9027,418,,,0.2416,,,,,,9.9607,r2_measured_00261,read,measured,,,,,0.469,,ok,0.2955
7.93,417,,,0.2318,,,,,,8.9839,r2_measured_00262,read,measured,,,,,0.4616,,ok,0.3094
12.2118,674,,,0.5513,,,,,,13.9338,r2_measured_00263,read,measured,,,,,0.6603,,ok,0.4104
8.444,368,,,0.2931,,,,,,9.8009,r2_measured_00264,read,measured,,,,,0.5188,,ok,0.4755
10.8342,508,,,0.5498,,,,,,12.5275,r2_measured_00265,read,measured,,,,,0.6785,,ok,0.3975
11.1325,506,,,0.5444,,,,,,12.8311,r2_measured_00266,read,measured,,,,,0.7292,,ok,0.3614
10.3224,507,,,0.4971,,,,,,11.9441,r2_measured_00267,read,measured,,,,,0.6744,,ok,0.3822
8.5178,418,,,0.2853,,,,,,9.8486,r2_measured_00268,read,measured,,,,,0.6015,,ok,0.3818
8.7171,369,,,0.2645,,,,,,9.9562,r2_measured_00269,read,measured,,,,,0.55,,ok,0.3718
81.5098,509,10.5897,9.9358,0.5894,1.812,1,9.9339,1,38.7573,82.949,r2_measured_00270,update,measured,28.8215,1.4392,1,11.3696,0.4729,18.9812,ok,0.3169
11.2187,628,,,0.6176,,,,,,12.8777,r2_measured_00271,read,measured,,,,,0.6408,,ok,0.3335
8.2293,416,,,0.2354,,,,,,9.2729,r2_measured_00272,read,measured,,,,,0.4598,,ok,0.3003
10.5908,568,,,0.5107,,,,,,12.0599,r2_measured_00273,read,measured,,,,,0.5682,,ok,0.329
13.8652,674,,,0.6785,,,,,,15.7831,r2_measured_00274,read,measured,,,,,0.7695,,ok,0.3847
11.8284,504,,,0.6223,,,,,,13.9492,r2_measured_00275,read,measured,,,,,0.8663,,ok,0.5458
15.5344,508,,,0.7292,,,,,,17.5618,r2_measured_00276,read,measured,,,,,0.6695,,ok,0.5415
13.7406,628,,,0.4851,,,,,,15.1884,r2_measured_00277,read,measured,,,,,0.589,,ok,0.3073
53.8544,624,11.331,4.573,0.5148,2.1311,0,4.5715,1,22.3033,55.3298,r2_measured_00278,update,measured,17.7303,1.4754,1,0.0057,0.5664,18.0833,ok,0.3291
11.4734,678,,,1.0436,,,,,,13.5486,r2_measured_00279,read,measured,,,,,0.6002,,ok,0.3643
75.3984,662,12.3657,4.5574,0.5946,2.2098,1,4.5552,1,23.0732,77.1274,r2_measured_00280,update,measured,18.5158,1.729,1,14.8523,0.7093,22.8974,ok,0.3455
8.0754,417,,,0.2534,,,,,,9.2621,r2_measured_00281,read,measured,,,,,0.5766,,ok,0.3076
9.1966,509,,,0.4727,,,,,,10.6545,r2_measured_00282,read,measured,,,,,0.5654,,ok,0.3609
11.6489,628,,,0.5096,,,,,,13.1312,r2_measured_00283,read,measured,,,,,0.6034,,ok,0.3027
11.3265,624,,,0.4951,,,,,,12.9133,r2_measured_00284,read,measured,,,,,0.64,,ok,0.3934
8.125,418,,,0.3289,,,,,,9.4332,r2_measured_00285,read,measured,,,,,0.5658,,ok,0.3547
10.3098,507,,,1.1189,,,,,,12.7522,r2_measured_00286,read,measured,,,,,0.5414,,ok,0.7138
11.4679,509,,,0.4833,,,,,,12.8966,r2_measured_00287,read,measured,,,,,0.5794,,ok,0.3083
11.5326,417,,,0.2534,,,,,,12.5894,r2_measured_00288,read,measured,,,,,0.4554,,ok,0.2962
13.706,628,,,0.6444,,,,,,15.4746,r2_measured_00289,read,measured,,,,,0.702,,ok,0.3515
15.3882,679,,,0.5793,,,,,,16.9454,r2_measured_00290,read,measured,,,,,0.5914,,ok,0.3173
13.1463,628,,,0.568,,,,,,14.6944,r2_measured_00291,read,measured,,,,,0.5743,,ok,0.339
10.559,507,,,0.5716,,,,,,12.0734,r2_measured_00292,read,measured,,,,,0.5426,,ok,0.3428
13.6107,689,,,0.6892,,,,,,15.3483,r2_measured_00293,read,measured,,,,,0.6606,,ok,0.3156
13.2525,678,,,0.5375,,,,,,14.9179,r2_measured_00294,read,measured,,,,,0.6575,,ok,0.4059
16.3398,662,,,0.6049,,,,,,18.1516,r2_measured_00295,read,measured,,,,,0.7356,,ok,0.3871
11.5643,509,,,0.4996,,,,,,13.1138,r2_measured_00296,read,measured,,,,,0.6261,,ok,0.3575
14.672,679,,,0.8042,,,,,,16.6578,r2_measured_00297,read,measured,,,,,0.6838,,ok,0.3828
13.506,627,,,0.8589,,,,,,16.0324,r2_measured_00298,read,measured,,,,,0.6812,,ok,0.8883
13.5083,627,,,0.64,,,,,,15.2812,r2_measured_00299,read,measured,,,,,0.6999,,ok,0.3552
12.6639,681,,,1.3775,,,,,,15.6979,r2_measured_00300,read,measured,,,,,0.6513,,ok,0.9216
8.6943,418,,,0.2714,,,,,,9.8579,r2_measured_00301,read,measured,,,,,0.4888,,ok,0.348
13.2841,679,,,0.7283,,,,,,15.3104,r2_measured_00302,read,measured,,,,,0.8077,,ok,0.4096
12.5173,566,,,0.8078,,,,,,14.8202,r2_measured_00303,read,measured,,,,,0.595,,ok,0.8126
10.9614,567,,,1.2707,,,,,,14.0921,r2_measured_00304,read,measured,,,,,0.7352,,ok,1.0412
10.0988,509,,,0.4876,,,,,,11.6284,r2_measured_00305,read,measured,,,,,0.5436,,ok,0.4354
11.7081,568,,,0.5159,,,,,,13.5647,r2_measured_00306,read,measured,,,,,0.912,,ok,0.3518
10.7121,509,,,0.4875,,,,,,12.2051,r2_measured_00307,read,measured,,,,,0.6052,,ok,0.3376
11.2586,626,,,1.026,,,,,,13.3605,r2_measured_00308,read,measured,,,,,0.6421,,ok,0.3652
10.2143,507,,,0.5352,,,,,,11.9395,r2_measured_00309,read,measured,,,,,0.6519,,ok,0.4009
13.5507,679,,,0.514,,,,,,15.1604,r2_measured_00310,read,measured,,,,,0.6703,,ok,0.3541
12.0996,662,,,0.585,,,,,,13.7762,r2_measured_00311,read,measured,,,,,0.6521,,ok,0.3599
13.7856,679,,,0.6043,,,,,,15.5298,r2_measured_00312,read,measured,,,,,0.7412,,ok,0.3306
8.8758,418,,,0.2493,,,,,,9.9417,r2_measured_00313,read,measured,,,,,0.4564,,ok,0.3098
11.7722,659,,,0.783,,,,,,14.0955,r2_measured_00314,read,measured,,,,,1.0099,,ok,0.4415
13.8459,680,,,0.5898,,,,,,15.5724,r2_measured_00315,read,measured,,,,,0.6498,,ok,0.4144
8.1746,417,,,0.2903,,,,,,9.3123,r2_measured_00316,read,measured,,,,,0.4781,,ok,0.3185
11.9676,680,,,0.5623,,,,,,13.5499,r2_measured_00317,read,measured,,,,,0.6337,,ok,0.3174
14.0022,680,,,0.6404,,,,,,15.9101,r2_measured_00318,read,measured,,,,,0.7686,,ok,0.4164
9.3894,419,,,0.3583,,,,,,10.9032,r2_measured_00319,read,measured,,,,,0.6801,,ok,0.4117
17.3077,689,,,0.6273,,,,,,19.0411,r2_measured_00320,read,measured,,,,,0.6846,,ok,0.3471
11.2735,624,,,0.6992,,,,,,13.0302,r2_measured_00321,read,measured,,,,,0.6267,,ok,0.3646
14.1098,686,,,0.602,,,,,,15.8482,r2_measured_00322,read,measured,,,,,0.6789,,ok,0.3803
8.8953,419,,,0.2768,,,,,,10.0311,r2_measured_00323,read,measured,,,,,0.5038,,ok,0.3049
9.8904,509,,,0.4253,,,,,,11.2251,r2_measured_00324,read,measured,,,,,0.5321,,ok,0.3157
11.737,675,,,0.5465,,,,,,13.2995,r2_measured_00325,read,measured,,,,,0.5639,,ok,0.3823
13.5927,688,,,0.5977,,,,,,15.1325,r2_measured_00326,read,measured,,,,,0.551,,ok,0.328
12.2863,681,,,0.5289,,,,,,14.0172,r2_measured_00327,read,measured,,,,,0.7716,,ok,0.359
12.0486,679,,,0.5233,,,,,,13.5838,r2_measured_00328,read,measured,,,,,0.6,,ok,0.3469
84.0683,674,14.9355,5.0796,0.6422,2.5815,1,5.0777,1,21.6142,85.733,r2_measured_00329,update,measured,16.5346,1.6647,1,21.9008,0.6129,23.0363,ok,0.3404
12.169,679,,,0.5109,,,,,,13.7007,r2_measured_00330,read,measured,,,,,0.6088,,ok,0.344
9.6966,418,,,0.344,,,,,,11.061,r2_measured_00331,read,measured,,,,,0.5975,,ok,0.3536
10.1301,507,,,0.4861,,,,,,11.529,r2_measured_00332,read,measured,,,,,0.517,,ok,0.3355
11.9657,681,,,0.5446,,,,,,13.514,r2_measured_00333,read,measured,,,,,0.6385,,ok,0.3039
9.3424,417,,,0.2549,,,,,,10.4606,r2_measured_00334,read,measured,,,,,0.5204,,ok,0.2871
7.295,369,,,0.239,,,,,,8.2966,r2_measured_00335,read,measured,,,,,0.4089,,ok,0.3046
10.319,567,,,0.8118,,,,,,12.0329,r2_measured_00336,read,measured,,,,,0.4872,,ok,0.3551
12.5295,659,,,0.5592,,,,,,14.118,r2_measured_00337,read,measured,,,,,0.6095,,ok,0.3476
69.6729,418,12.6379,5.4761,0.3136,2.3082,1,5.4745,1,23.934,71.129,r2_measured_00338,update,measured,18.4579,1.4561,1,11.2313,0.6586,19.5615,ok,0.4148
12.0469,624,,,0.5228,,,,,,13.5856,r2_measured_00339,read,measured,,,,,0.5635,,ok,0.3776
12.2155,661,,,0.5759,,,,,,14.0882,r2_measured_00340,read,measured,,,,,0.7607,,ok,0.4465
78.8806,679,12.9903,5.4001,0.5313,2.7523,1,5.3983,1,21.3071,80.4484,r2_measured_00341,update,measured,15.907,1.5678,1,19.6777,0.5638,22.1532,ok,0.3787
56.7685,681,13.214,2.758,0.5748,2.3418,1,2.7565,1,19.273,58.4297,r2_measured_00342,update,measured,16.515,1.6612,1,0.007,0.6555,21.9327,ok,0.3535
9.2601,369,,,0.2904,,,,,,10.633,r2_measured_00343,read,measured,,,,,0.5959,,ok,0.4277
10.8318,504,,,0.4738,,,,,,12.2001,r2_measured_00344,read,measured,,,,,0.4998,,ok,0.3306
13.4116,688,,,0.5147,,,,,,15.0133,r2_measured_00345,read,measured,,,,,0.6362,,ok,0.3833
11.7303,679,,,0.649,,,,,,13.3951,r2_measured_00346,read,measured,,,,,0.6201,,ok,0.32
11.3774,624,,,0.5286,,,,,,12.9527,r2_measured_00347,read,measured,,,,,0.5805,,ok,0.3959
7.0518,369,,,0.1876,,,,,,8.004,r2_measured_00348,read,measured,,,,,0.4293,,ok,0.2882
10.8811,565,,,0.5916,,,,,,12.6308,r2_measured_00349,read,measured,,,,,0.626,,ok,0.4635
12.1379,418,,,0.3172,,,,,,13.6822,r2_measured_00350,read,measured,,,,,0.6179,,ok,0.529
11.784,566,,,0.5325,,,,,,13.2022,r2_measured_00351,read,measured,,,,,0.5181,,ok,0.3111
11.2705,663,,,0.646,,,,,,13.2041,r2_measured_00352,read,measured,,,,,0.7551,,ok,0.4469
8.1673,418,,,0.2379,,,,,,9.2685,r2_measured_00353,read,measured,,,,,0.4431,,ok,0.371
11.6525,688,,,0.5506,,,,,,13.3987,r2_measured_00354,read,measured,,,,,0.7876,,ok,0.3449
13.8854,687,,,0.6608,,,,,,15.7929,r2_measured_00355,read,measured,,,,,0.7677,,ok,0.3884
13.9657,678,,,0.6496,,,,,,15.9911,r2_measured_00356,read,measured,,,,,0.7312,,ok,0.5354
13.8263,627,,,0.5537,,,,,,15.4604,r2_measured_00357,read,measured,,,,,0.6593,,ok,0.3486
16.8215,674,,,0.7882,,,,,,18.6989,r2_measured_00358,read,measured,,,,,0.6775,,ok,0.3404
10.7881,509,,,0.9827,,,,,,13.1711,r2_measured_00359,read,measured,,,,,0.5681,,ok,0.7465
8.5001,369,,,0.2465,,,,,,9.6069,r2_measured_00360,read,measured,,,,,0.4303,,ok,0.3844
15.2474,674,,,0.8597,,,,,,17.1345,r2_measured_00361,read,measured,,,,,0.6132,,ok,0.3426
13.14,689,,,0.6025,,,,,,14.7464,r2_measured_00362,read,measured,,,,,0.6106,,ok,0.3236
11.3943,663,,,0.6932,,,,,,13.1626,r2_measured_00363,read,measured,,,,,0.6418,,ok,0.3611
12.6146,675,,,0.8009,,,,,,14.5284,r2_measured_00364,read,measured,,,,,0.6597,,ok,0.3797
12.4542,679,,,0.7793,,,,,,14.7533,r2_measured_00365,read,measured,,,,,0.6216,,ok,0.809
15.4051,679,,,0.6381,,,,,,17.2876,r2_measured_00366,read,measured,,,,,0.6861,,ok,0.4731
8.3794,417,,,0.2536,,,,,,9.4092,r2_measured_00367,read,measured,,,,,0.4307,,ok,0.2957
82.7622,675,12.435,3.7854,0.5809,2.32,1,3.7838,1,24.5172,84.4792,r2_measured_00368,update,measured,20.7318,1.717,1,18.9895,0.7227,24.5005,ok,0.3403
12.2549,679,,,0.5759,,,,,,13.8159,r2_measured_00369,read,measured,,,,,0.5737,,ok,0.3399
11.1815,680,,,0.5749,,,,,,12.7971,r2_measured_00370,read,measured,,,,,0.6312,,ok,0.3476
14.7452,674,,,0.5066,,,,,,16.3707,r2_measured_00371,read,measured,,,,,0.7059,,ok,0.34
11.3653,624,,,0.5325,,,,,,12.8131,r2_measured_00372,read,measured,,,,,0.5456,,ok,0.3104
11.3216,628,,,0.6596,,,,,,13.2085,r2_measured_00373,read,measured,,,,,0.7668,,ok,0.3786
13.1732,678,,,0.5667,,,,,,14.7554,r2_measured_00374,read,measured,,,,,0.6121,,ok,0.3365
11.8422,662,,,0.4998,,,,,,13.3871,r2_measured_00375,read,measured,,,,,0.6009,,ok,0.3729
12.3036,662,,,0.5169,,,,,,13.8243,r2_measured_00376,read,measured,,,,,0.5902,,ok,0.345
12.5493,688,,,0.5262,,,,,,14.1755,r2_measured_00377,read,measured,,,,,0.6668,,ok,0.3329
10.2862,507,,,0.9358,,,,,,12.5101,r2_measured_00378,read,measured,,,,,0.6773,,ok,0.5103
13.2694,685,,,0.5252,,,,,,14.7709,r2_measured_00379,read,measured,,,,,0.5956,,ok,0.3137
11.1872,679,,,0.5632,,,,,,12.7424,r2_measured_00380,read,measured,,,,,0.6004,,ok,0.3282
12.1202,627,,,0.4882,,,,,,13.6413,r2_measured_00381,read,measured,,,,,0.611,,ok,0.3513
11.4364,685,,,0.5493,,,,,,13.0728,r2_measured_00382,read,measured,,,,,0.6614,,ok,0.3528
11.2862,566,,,0.4723,,,,,,12.6962,r2_measured_00383,read,measured,,,,,0.5357,,ok,0.3355
15.0255,680,,,0.635,,,,,,16.9219,r2_measured_00384,read,measured,,,,,0.7213,,ok,0.4561
13.6469,505,,,0.432,,,,,,15.1391,r2_measured_00385,read,measured,,,,,0.6446,,ok,0.3488
10.0387,418,,,0.2344,,,,,,11.0882,r2_measured_00386,read,measured,,,,,0.4765,,ok,0.2902
12.6079,567,,,0.5717,,,,,,14.4315,r2_measured_00387,read,measured,,,,,0.747,,ok,0.4228
14.1072,680,,,0.5685,,,,,,15.8296,r2_measured_00388,read,measured,,,,,0.6088,,ok,0.4684
6.9957,369,,,0.2171,,,,,,8.0897,r2_measured_00389,read,measured,,,,,0.4521,,ok,0.3738
9.6873,566,,,0.5249,,,,,,11.1087,r2_measured_00390,read,measured,,,,,0.5004,,ok,0.328
13.6284,687,,,0.6988,,,,,,15.4689,r2_measured_00391,read,measured,,,,,0.6667,,ok,0.3919
11.1185,505,,,0.5167,,,,,,12.6853,r2_measured_00392,read,measured,,,,,0.6024,,ok,0.381
13.6773,679,,,0.5507,,,,,,15.2675,r2_measured_00393,read,measured,,,,,0.627,,ok,0.3391
12.9848,679,,,0.5583,,,,,,14.5583,r2_measured_00394,read,measured,,,,,0.6025,,ok,0.3457
11.4092,567,,,0.5868,,,,,,13.094,r2_measured_00395,read,measured,,,,,0.6667,,ok,0.3571
8.512,418,,,0.2434,,,,,,9.63,r2_measured_00396,read,measured,,,,,0.5163,,ok,0.3088
8.2463,418,,,0.2337,,,,,,9.2429,r2_measured_00397,read,measured,,,,,0.4258,,ok,0.2936
11.4592,680,,,0.5615,,,,,,13.1736,r2_measured_00398,read,measured,,,,,0.7209,,ok,0.3555
9.4308,509,,,0.4672,,,,,,10.7962,r2_measured_00399,read,measured,,,,,0.5203,,ok,0.3243
9.6633,566,,,0.5325,,,,,,11.0732,r2_measured_00400,read,measured,,,,,0.5167,,ok,0.3046
8.0222,415,,,0.2691,,,,,,9.134,r2_measured_00401,read,measured,,,,,0.4882,,ok,0.3015
10.6556,567,,,0.4933,,,,,,12.1209,r2_measured_00402,read,measured,,,,,0.5802,,ok,0.3265
16.0817,680,,,0.6641,,,,,,18.0536,r2_measured_00403,read,measured,,,,,0.8416,,ok,0.3881
10.4488,417,,,0.3013,,,,,,11.749,r2_measured_00404,read,measured,,,,,0.533,,ok,0.3975
8.7427,418,,,0.2807,,,,,,9.8789,r2_measured_00405,read,measured,,,,,0.4757,,ok,0.3294
12.8207,674,,,0.7316,,,,,,14.6422,r2_measured_00406,read,measured,,,,,0.6577,,ok,0.3612
9.124,415,,,0.2557,,,,,,10.2947,r2_measured_00407,read,measured,,,,,0.4969,,ok,0.353
16.1117,688,,,0.5363,,,,,,17.6361,r2_measured_00408,read,measured,,,,,0.626,,ok,0.296
13.4183,689,,,0.6125,,,,,,15.1835,r2_measured_00409,read,measured,,,,,0.7476,,ok,0.3266
11.5727,679,,,0.5099,,,,,,12.9838,r2_measured_00410,read,measured,,,,,0.5249,,ok,0.3091
12.652,686,,,0.5833,,,,,,14.4616,r2_measured_00411,read,measured,,,,,0.8413,,ok,0.3104
11.3534,567,,,0.4703,,,,,,12.8808,r2_measured_00412,read,measured,,,,,0.62,,ok,0.3682
7.7265,418,,,0.2235,,,,,,8.7108,r2_measured_00413,read,measured,,,,,0.4204,,ok,0.297
10.5844,567,,,0.5783,,,,,,12.2462,r2_measured_00414,read,measured,,,,,0.663,,ok,0.3473
7.5243,369,,,0.2222,,,,,,8.5246,r2_measured_00415,read,measured,,,,,0.4258,,ok,0.3041
11.9829,679,,,0.597,,,,,,13.6096,r2_measured_00416,read,measured,,,,,0.5381,,ok,0.4141
16.2707,674,,,0.6482,,,,,,18.0992,r2_measured_00417,read,measured,,,,,0.6708,,ok,0.4015
7.7771,369,,,0.2095,,,,,,8.744,r2_measured_00418,read,measured,,,,,0.4189,,ok,0.2907
11.7875,675,,,0.6862,,,,,,13.719,r2_measured_00419,read,measured,,,,,0.7598,,ok,0.4084
12.6823,679,,,0.5714,,,,,,14.317,r2_measured_00420,read,measured,,,,,0.6194,,ok,0.374
11.6658,628,,,0.5405,,,,,,13.4494,r2_measured_00421,read,measured,,,,,0.7678,,ok,0.4063
13.5704,681,,,0.5927,,,,,,15.1307,r2_measured_00422,read,measured,,,,,0.5865,,ok,0.3139
11.9875,678,,,0.5045,,,,,,13.4891,r2_measured_00423,read,measured,,,,,0.5997,,ok,0.3274
11.998,681,,,0.5683,,,,,,13.5705,r2_measured_00424,read,measured,,,,,0.6025,,ok,0.33
7.7555,417,,,0.2293,,,,,,8.7953,r2_measured_00425,read,measured,,,,,0.4569,,ok,0.3061
12.0554,673,,,0.5512,,,,,,13.6971,r2_measured_00426,read,measured,,,,,0.6359,,ok,0.3703
84.8328,507,13.798,4.2301,0.507,1.8514,1,4.2283,1,29.0167,86.4137,r2_measured_00427,update,measured,24.7866,1.5809,1,18.7109,0.6075,21.4558,ok,0.4017
13.1906,506,,,0.47,,,,,,14.4783,r2_measured_00428,read,measured,,,,,0.4543,,ok,0.3122
8.4128,369,,,0.3267,,,,,,9.8092,r2_measured_00429,read,measured,,,,,0.6174,,ok,0.3841
14.9191,688,,,0.5288,,,,,,16.4252,r2_measured_00430,read,measured,,,,,0.5856,,ok,0.3255
8.4407,416,,,0.2404,,,,,,9.4952,r2_measured_00431,read,measured,,,,,0.4719,,ok,0.3001
11.7644,677,,,0.526,,,,,,13.3023,r2_measured_00432,read,measured,,,,,0.6207,,ok,0.325
13.4588,624,,,0.4753,,,,,,14.8826,r2_measured_00433,read,measured,,,,,0.5675,,ok,0.3216
9.0453,416,,,0.2719,,,,,,10.2849,r2_measured_00434,read,measured,,,,,0.5075,,ok,0.4024
15.0157,680,,,0.5843,,,,,,16.8054,r2_measured_00435,read,measured,,,,,0.772,,ok,0.3637
9.3134,418,,,0.2318,,,,,,10.3558,r2_measured_00436,read,measured,,,,,0.4271,,ok,0.3305
10.2604,369,,,0.2429,,,,,,11.3974,r2_measured_00437,read,measured,,,,,0.5222,,ok,0.3195
13.6847,688,,,0.5383,,,,,,15.245,r2_measured_00438,read,measured,,,,,0.6231,,ok,0.33
13.1284,567,,,0.567,,,,,,14.7697,r2_measured_00439,read,measured,,,,,0.603,,ok,0.4011
9.5312,508,,,0.3954,,,,,,10.8047,r2_measured_00440,read,measured,,,,,0.4903,,ok,0.3285
12.0096,678,,,0.5324,,,,,,13.6736,r2_measured_00441,read,measured,,,,,0.6765,,ok,0.3879
12.9688,678,,,0.8863,,,,,,15.2596,r2_measured_00442,read,measured,,,,,0.8309,,ok,0.4929
12.111,627,,,0.5297,,,,,,13.5947,r2_measured_00443,read,measured,,,,,0.5643,,ok,0.3273
14.3436,688,,,0.5719,,,,,,16.0024,r2_measured_00444,read,measured,,,,,0.6583,,ok,0.355
19.5151,662,,,0.5481,,,,,,21.0326,r2_measured_00445,read,measured,,,,,0.5826,,ok,0.3275
15.5303,678,,,0.5489,,,,,,16.9989,r2_measured_00446,read,measured,,,,,0.5401,,ok,0.3136
12.0048,679,,,0.6052,,,,,,13.6247,r2_measured_00447,read,measured,,,,,0.6015,,ok,0.3471
11.506,688,,,0.593,,,,,,13.2596,r2_measured_00448,read,measured,,,,,0.6732,,ok,0.3817
11.7114,680,,,0.4997,,,,,,13.1933,r2_measured_00449,read,measured,,,,,0.5584,,ok,0.3626
7.1131,369,,,0.2332,,,,,,8.1214,r2_measured_00450,read,measured,,,,,0.4046,,ok,0.3225
11.1023,628,,,0.5144,,,,,,13.6293,r2_measured_00451,read,measured,,,,,1.6221,,ok,0.3245
8.4025,418,,,0.3814,,,,,,9.6632,r2_measured_00452,read,measured,,,,,0.4663,,ok,0.362
11.4362,689,,,0.4942,,,,,,12.8854,r2_measured_00453,read,measured,,,,,0.5959,,ok,0.305
9.4347,505,,,0.4348,,,,,,10.8263,r2_measured_00454,read,measured,,,,,0.5807,,ok,0.3146
8.1769,369,,,0.3201,,,,,,9.6837,r2_measured_00455,read,measured,,,,,0.6074,,ok,0.4988
12.0001,565,,,0.5136,,,,,,13.4964,r2_measured_00456,read,measured,,,,,0.5516,,ok,0.3673
12.8586,679,,,0.4953,,,,,,14.3813,r2_measured_00457,read,measured,,,,,0.6359,,ok,0.3235
12.1879,679,,,0.5092,,,,,,13.7348,r2_measured_00458,read,measured,,,,,0.6535,,ok,0.321
13.34,418,,,0.2827,,,,,,14.6179,r2_measured_00459,read,measured,,,,,0.5679,,ok,0.3668
18.9458,629,,,0.7692,,,,,,21.1397,r2_measured_00460,read,measured,,,,,0.7953,,ok,0.5338
23.397,627,,,0.9646,,,,,,26.2961,r2_measured_00461,read,measured,,,,,1.1992,,ok,0.612
19.2344,416,,,0.3747,,,,,,20.7876,r2_measured_00462,read,measured,,,,,0.6743,,ok,0.4276
21.2791,680,,,0.609,,,,,,23.0911,r2_measured_00463,read,measured,,,,,0.7599,,ok,0.3623
16.4767,674,,,0.8312,,,,,,18.8556,r2_measured_00464,read,measured,,,,,0.9628,,ok,0.4901
17.7226,567,,,0.982,,,,,,20.4417,r2_measured_00465,read,measured,,,,,0.7302,,ok,0.8999
13.3794,628,,,0.5515,,,,,,15.2252,r2_measured_00466,read,measured,,,,,0.7473,,ok,0.4689
17.0816,663,,,0.6085,,,,,,18.851,r2_measured_00467,read,measured,,,,,0.7483,,ok,0.3382
11.819,679,,,0.442,,,,,,13.291,r2_measured_00468,read,measured,,,,,0.6602,,ok,0.3097
11.5969,689,,,0.4719,,,,,,13.0065,r2_measured_00469,read,measured,,,,,0.5869,,ok,0.2939
10.9057,628,,,0.5529,,,,,,12.4634,r2_measured_00470,read,measured,,,,,0.6233,,ok,0.3136
11.5464,661,,,0.4841,,,,,,13.0178,r2_measured_00471,read,measured,,,,,0.5953,,ok,0.3314
12.1127,369,,,0.2572,,,,,,13.2694,r2_measured_00472,read,measured,,,,,0.5117,,ok,0.3249
16.3908,679,,,0.5042,,,,,,17.8479,r2_measured_00473,read,measured,,,,,0.5818,,ok,0.3066
13.6946,509,,,0.6029,,,,,,15.3353,r2_measured_00474,read,measured,,,,,0.6339,,ok,0.3379
17.6395,663,,,0.7683,,,,,,19.939,r2_measured_00475,read,measured,,,,,0.9825,,ok,0.4652
16.666,661,,,0.6307,,,,,,18.4132,r2_measured_00476,read,measured,,,,,0.6825,,ok,0.3616
11.2337,624,,,0.4427,,,,,,12.6474,r2_measured_00477,read,measured,,,,,0.5922,,ok,0.3196
7.7972,417,,,0.2507,,,,,,8.9101,r2_measured_00478,read,measured,,,,,0.5138,,ok,0.3013
45.5127,418,9.089,3.1469,0.2942,1.6703,0,3.1452,1,20.3944,46.9325,r2_measured_00479,update,measured,17.2475,1.4198,1,0.0057,0.6264,14.3533,ok,0.4361
15.7469,681,,,0.6527,,,,,,17.7331,r2_measured_00480,read,measured,,,,,0.7941,,ok,0.4479
12.5155,507,,,0.4749,,,,,,13.9331,r2_measured_00481,read,measured,,,,,0.5493,,ok,0.3316
10.5492,628,,,0.4574,,,,,,11.8953,r2_measured_00482,read,measured,,,,,0.5233,,ok,0.3083
11.304,686,,,0.643,,,,,,12.9942,r2_measured_00483,read,measured,,,,,0.6524,,ok,0.3304
10.2956,568,,,0.4948,,,,,,11.7669,r2_measured_00484,read,measured,,,,,0.5908,,ok,0.323
11.0543,627,,,0.4964,,,,,,12.4534,r2_measured_00485,read,measured,,,,,0.5165,,ok,0.3266
11.6923,689,,,0.5145,,,,,,13.2815,r2_measured_00486,read,measured,,,,,0.69,,ok,0.3079
11.0193,624,,,0.5115,,,,,,12.7019,r2_measured_00487,read,measured,,,,,0.7444,,ok,0.3584
11.8931,681,,,0.5777,,,,,,13.4174,r2_measured_00488,read,measured,,,,,0.5389,,ok,0.3473
10.346,565,,,0.5442,,,,,,11.9852,r2_measured_00489,read,measured,,,,,0.6587,,ok,0.3656
11.0157,509,,,0.5013,,,,,,12.6323,r2_measured_00490,read,measured,,,,,0.6679,,ok,0.3722
8.604,417,,,0.2916,,,,,,9.7201,r2_measured_00491,read,measured,,,,,0.4454,,ok,0.3283
13.1591,662,,,0.5875,,,,,,14.8598,r2_measured_00492,read,measured,,,,,0.6684,,ok,0.3649
12.345,662,,,0.547,,,,,,13.8907,r2_measured_00493,read,measured,,,,,0.5844,,ok,0.338
11.3127,628,,,0.6148,,,,,,12.9735,r2_measured_00494,read,measured,,,,,0.6104,,ok,0.347
11.6912,675,,,0.5246,,,,,,13.2356,r2_measured_00495,read,measured,,,,,0.6386,,ok,0.3184
12.1911,626,,,0.5422,,,,,,13.9461,r2_measured_00496,read,measured,,,,,0.8345,,ok,0.3121
13.0071,662,,,0.4801,,,,,,14.5558,r2_measured_00497,read,measured,,,,,0.7002,,ok,0.3019
13.5205,628,,,0.5362,,,,,,15.257,r2_measured_00498,read,measured,,,,,0.7006,,ok,0.3608
12.8827,566,,,0.51,,,,,,14.4873,r2_measured_00499,read,measured,,,,,0.6695,,ok,0.3602
12.4331,672,,,0.5675,,,,,,14.0135,r2_measured_00500,read,measured,,,,,0.5947,,ok,0.3534
11.7716,679,,,0.5591,,,,,,13.339,r2_measured_00501,read,measured,,,,,0.6116,,ok,0.3236
14.6241,663,,,0.5722,,,,,,16.4147,r2_measured_00502,read,measured,,,,,0.7318,,ok,0.4083
18.1295,566,,,0.6229,,,,,,19.9513,r2_measured_00503,read,measured,,,,,0.7193,,ok,0.3991
14.4423,688,,,0.5133,,,,,,15.8799,r2_measured_00504,read,measured,,,,,0.5646,,ok,0.2991
10.3799,624,,,0.6208,,,,,,12.0755,r2_measured_00505,read,measured,,,,,0.6513,,ok,0.3459
7.8692,418,,,0.2416,,,,,,8.8947,r2_measured_00506,read,measured,,,,,0.4336,,ok,0.3015
11.5124,679,,,0.5176,,,,,,13.0813,r2_measured_00507,read,measured,,,,,0.6208,,ok,0.3644
9.9771,509,,,0.6161,,,,,,11.9154,r2_measured_00508,read,measured,,,,,0.783,,ok,0.4534
13.101,679,,,0.4731,,,,,,14.5317,r2_measured_00509,read,measured,,,,,0.5817,,ok,0.3133
11.6075,688,,,0.4628,,,,,,13.0432,r2_measured_00510,read,measured,,,,,0.5878,,ok,0.3215
15.3541,681,,,0.5877,,,,,,16.976,r2_measured_00511,read,measured,,,,,0.6234,,ok,0.3409
12.6719,681,,,0.6599,,,,,,14.409,r2_measured_00512,read,measured,,,,,0.6505,,ok,0.3615
11.9416,567,,,0.4553,,,,,,13.3201,r2_measured_00513,read,measured,,,,,0.5312,,ok,0.3281
13.6102,675,,,0.7525,,,,,,16.0363,r2_measured_00514,read,measured,,,,,1.0011,,ok,0.5714
11.2428,369,,,0.3943,,,,,,12.8278,r2_measured_00515,read,measured,,,,,0.6619,,ok,0.4579
17.1271,626,,,0.8667,,,,,,19.517,r2_measured_00516,read,measured,,,,,0.901,,ok,0.5276
22.4043,679,,,1.0707,,,,,,25.2506,r2_measured_00517,read,measured,,,,,1.033,,ok,0.6154
16.1354,687,,,0.6145,,,,,,17.8429,r2_measured_00518,read,measured,,,,,0.7087,,ok,0.3114
60.5592,369,8.543,5.792,0.2132,1.6809,1,5.7899,1,19.3418,61.6024,r2_measured_00519,update,measured,13.5498,1.0432,1,19.9915,0.383,11.002,ok,0.3974
10.7305,565,,,0.5487,,,,,,12.2458,r2_measured_00520,read,measured,,,,,0.5514,,ok,0.3473
13.0628,680,,,0.5102,,,,,,14.5657,r2_measured_00521,read,measured,,,,,0.6065,,ok,0.3179
13.8235,679,,,0.6765,,,,,,15.7795,r2_measured_00522,read,measured,,,,,0.7493,,ok,0.4402
15.3986,675,,,0.6854,,,,,,17.4105,r2_measured_00523,read,measured,,,,,0.806,,ok,0.437
17.7918,674,,,0.6653,,,,,,19.7081,r2_measured_00524,read,measured,,,,,0.7779,,ok,0.3908
12.6429,661,,,0.49,,,,,,14.0969,r2_measured_00525,read,measured,,,,,0.5867,,ok,0.3127
21.0255,509,,,1.0262,,,,,,23.2272,r2_measured_00526,read,measured,,,,,0.6547,,ok,0.4459
10.2451,419,,,0.3195,,,,,,11.6297,r2_measured_00527,read,measured,,,,,0.6081,,ok,0.3987
15.6965,672,,,0.5412,,,,,,17.2837,r2_measured_00528,read,measured,,,,,0.6632,,ok,0.3138
18.7546,624,,,0.4948,,,,,,20.2169,r2_measured_00529,read,measured,,,,,0.5759,,ok,0.3114
16.9113,624,,,1.079,,,,,,19.7073,r2_measured_00530,read,measured,,,,,0.9565,,ok,0.6421
18.2356,686,,,0.9549,,,,,,20.503,r2_measured_00531,read,measured,,,,,0.8666,,ok,0.353
11.9158,663,,,0.5601,,,,,,13.6465,r2_measured_00532,read,measured,,,,,0.6804,,ok,0.4033
13.3233,660,,,0.6816,,,,,,15.0598,r2_measured_00533,read,measured,,,,,0.5956,,ok,0.3865
71.3406,674,13.5363,5.8793,2.5836,2.434,1,5.8774,1,21.8146,74.9264,r2_measured_00534,update,measured,15.9353,3.5858,1,12.3673,0.6078,21.1884,ok,0.3176
16.4442,509,,,0.9111,,,,,,19.1482,r2_measured_00535,read,measured,,,,,0.9924,,ok,0.6945
24.097,688,,,0.9682,,,,,,26.8075,r2_measured_00536,read,measured,,,,,1.0988,,ok,0.5315
16.0766,624,,,0.6905,,,,,,17.858,r2_measured_00537,read,measured,,,,,0.6731,,ok,0.3486
10.3244,506,,,0.4436,,,,,,11.7326,r2_measured_00538,read,measured,,,,,0.5539,,ok,0.3525
12.2037,507,,,0.453,,,,,,13.6005,r2_measured_00539,read,measured,,,,,0.5063,,ok,0.3804
16.7403,680,,,0.709,,,,,,18.8883,r2_measured_00540,read,measured,,,,,0.834,,ok,0.5082
18.5006,686,,,0.8029,,,,,,20.7092,r2_measured_00541,read,measured,,,,,0.9377,,ok,0.3805
12.4728,629,,,0.4926,,,,,,13.9641,r2_measured_00542,read,measured,,,,,0.5997,,ok,0.3319
12.5026,680,,,0.4575,,,,,,13.9147,r2_measured_00543,read,measured,,,,,0.5698,,ok,0.3245
10.9094,507,,,0.4834,,,,,,12.399,r2_measured_00544,read,measured,,,,,0.559,,ok,0.3792
9.4468,417,,,0.3589,,,,,,10.7394,r2_measured_00545,read,measured,,,,,0.5598,,ok,0.3261
12.8298,628,,,1.0484,,,,,,15.5276,r2_measured_00546,read,measured,,,,,0.7002,,ok,0.8641
10.2692,509,,,0.5004,,,,,,11.6357,r2_measured_00547,read,measured,,,,,0.4901,,ok,0.3166
9.7253,567,,,0.452,,,,,,11.1606,r2_measured_00548,read,measured,,,,,0.6283,,ok,0.3008
84.399,688,17.6078,4.6213,0.7908,2.9644,1,4.6198,1,24.4809,86.9621,r2_measured_00549,update,measured,19.8596,2.5631,1,9.9295,1.0541,29.4164,ok,0.5425
17.6723,627,,,0.7062,,,,,,19.8687,r2_measured_00550,read,measured,,,,,0.8039,,ok,0.5946
13.8709,679,,,0.5675,,,,,,15.642,r2_measured_00551,read,measured,,,,,0.7839,,ok,0.346
11.3576,624,,,0.5879,,,,,,13.0879,r2_measured_00552,read,measured,,,,,0.6853,,ok,0.379
12.0777,663,,,0.5201,,,,,,13.6609,r2_measured_00553,read,measured,,,,,0.6638,,ok,0.3301
12.2234,688,,,0.55,,,,,,13.7823,r2_measured_00554,read,measured,,,,,0.6008,,ok,0.3406
11.8235,663,,,0.5997,,,,,,13.6789,r2_measured_00555,read,measured,,,,,0.7969,,ok,0.3746
12.6719,628,,,0.5531,,,,,,14.3829,r2_measured_00556,read,measured,,,,,0.6892,,ok,0.391
14.7434,662,,,0.6453,,,,,,16.5455,r2_measured_00557,read,measured,,,,,0.6846,,ok,0.3921
15.1383,677,,,0.5134,,,,,,16.7278,r2_measured_00558,read,measured,,,,,0.6525,,ok,0.3314
11.7457,568,,,0.4289,,,,,,13.092,r2_measured_00559,read,measured,,,,,0.5307,,ok,0.3185
67.1946,508,10.1208,4.927,0.7787,2.0286,0,4.9254,1,24.494,69.0156,r2_measured_00560,update,measured,19.567,1.821,1,12.8268,0.6105,17.7244,ok,0.3685
12.0264,679,,,0.5856,,,,,,13.6807,r2_measured_00561,read,measured,,,,,0.6006,,ok,0.395
13.9866,662,,,0.5209,,,,,,15.7795,r2_measured_00562,read,measured,,,,,0.6157,,ok,0.5579
12.501,678,,,0.582,,,,,,14.2049,r2_measured_00563,read,measured,,,,,0.6582,,ok,0.3922
9.0125,419,,,0.3465,,,,,,10.3718,r2_measured_00564,read,measured,,,,,0.6105,,ok,0.3388
10.3105,566,,,0.4563,,,,,,11.6598,r2_measured_00565,read,measured,,,,,0.5204,,ok,0.3175
8.3531,418,,,0.2548,,,,,,9.4173,r2_measured_00566,read,measured,,,,,0.4525,,ok,0.3018
15.7608,662,,,1.161,,,,,,18.7831,r2_measured_00567,read,measured,,,,,1.1185,,ok,0.6287
26.7254,663,,,0.8705,,,,,,29.2155,r2_measured_00568,read,measured,,,,,0.9177,,ok,0.5981
23.1423,680,,,0.8021,,,,,,25.7458,r2_measured_00569,read,measured,,,,,1.1517,,ok,0.5363
15.5743,369,,,0.3456,,,,,,17.2468,r2_measured_00570,read,measured,,,,,0.7587,,ok,0.4914
23.488,504,,,0.7201,,,,,,26.1517,r2_measured_00571,read,measured,,,,,0.8703,,ok,0.9322
109.706,680,14.0198,13.3282,0.5905,2.2704,1,13.3247,1,49.7094,111.385,r2_measured_00572,update,measured,36.3812,1.679,1,19.2894,0.701,24.417,ok,0.317
10.5447,369,,,0.2594,,,,,,11.7043,r2_measured_00573,read,measured,,,,,0.4995,,ok,0.3518
13.8923,624,,,0.5026,,,,,,15.366,r2_measured_00574,read,measured,,,,,0.5419,,ok,0.3629
12.6719,679,,,0.5128,,,,,,14.19,r2_measured_00575,read,measured,,,,,0.6066,,ok,0.3293
14.7633,679,,,0.4921,,,,,,16.2017,r2_measured_00576,read,measured,,,,,0.5671,,ok,0.3151
10.6068,567,,,0.4886,,,,,,12.1211,r2_measured_00577,read,measured,,,,,0.5836,,ok,0.3703
13.0559,675,,,0.5518,,,,,,14.6889,r2_measured_00578,read,measured,,,,,0.5582,,ok,0.4537
13.2318,677,,,0.6827,,,,,,15.1935,r2_measured_00579,read,measured,,,,,0.8118,,ok,0.3858
11.7734,566,,,0.5932,,,,,,13.3894,r2_measured_00580,read,measured,,,,,0.6003,,ok,0.3568
13.1771,661,,,0.5503,,,,,,14.721,r2_measured_00581,read,measured,,,,,0.6021,,ok,0.3278
13.111,681,,,0.5259,,,,,,14.6204,r2_measured_00582,read,measured,,,,,0.5939,,ok,0.3208
13.0053,679,,,0.6587,,,,,,14.9688,r2_measured_00583,read,measured,,,,,0.8663,,ok,0.3616
9.435,418,,,0.2926,,,,,,10.7385,r2_measured_00584,read,measured,,,,,0.6112,,ok,0.3362
8.7715,418,,,0.2496,,,,,,9.8089,r2_measured_00585,read,measured,,,,,0.4203,,ok,0.3154
14.9807,568,,,0.5721,,,,,,16.7351,r2_measured_00586,read,measured,,,,,0.7453,,ok,0.3659
19.4835,678,,,0.5553,,,,,,21.0663,r2_measured_00587,read,measured,,,,,0.6059,,ok,0.3513
61.8382,625,12.7662,2.4465,0.4881,2.9623,0,2.4449,1,26.3807,63.295,r2_measured_00588,update,measured,23.9342,1.4568,1,0.0058,0.5958,19.7232,ok,0.3083
10.9861,628,,,0.5958,,,,,,12.8363,r2_measured_00589,read,measured,,,,,0.7294,,ok,0.3801
11.3305,627,,,0.4643,,,,,,12.7862,r2_measured_00590,read,measured,,,,,0.6108,,ok,0.3111
11.4015,568,,,0.4235,,,,,,12.8063,r2_measured_00591,read,measured,,,,,0.5265,,ok,0.366
11.5509,680,,,1.0943,,,,,,14.2629,r2_measured_00592,read,measured,,,,,0.78,,ok,0.7593
13.4342,679,,,0.667,,,,,,16.0442,r2_measured_00593,read,measured,,,,,1.2024,,ok,0.6219
13.6305,681,,,0.5644,,,,,,15.2664,r2_measured_00594,read,measured,,,,,0.6516,,ok,0.3492
12.4555,688,,,0.5226,,,,,,13.963,r2_measured_00595,read,measured,,,,,0.6012,,ok,0.3171
7.6919,418,,,0.3248,,,,,,9.0528,r2_measured_00596,read,measured,,,,,0.5346,,ok,0.4426
12.5323,681,,,0.5077,,,,,,14.1983,r2_measured_00597,read,measured,,,,,0.7879,,ok,0.2996
7.7455,368,,,0.2603,,,,,,9.1751,r2_measured_00598,read,measured,,,,,0.5193,,ok,0.574
14.2637,627,,,0.5257,,,,,,15.7884,r2_measured_00599,read,measured,,,,,0.5759,,ok,0.3612
11.5677,659,,,0.571,,,,,,13.1549,r2_measured_00600,read,measured,,,,,0.615,,ok,0.3339
11.6958,674,,,0.4821,,,,,,13.1682,r2_measured_00601,read,measured,,,,,0.6058,,ok,0.3192
10.7921,568,,,0.6274,,,,,,12.6569,r2_measured_00602,read,measured,,,,,0.616,,ok,0.5384
13.274,679,,,0.5005,,,,,,14.8271,r2_measured_00603,read,measured,,,,,0.6471,,ok,0.3373
11.5917,679,,,0.6144,,,,,,13.1774,r2_measured_00604,read,measured,,,,,0.5633,,ok,0.3277
10.4103,627,,,0.548,,,,,,12.0652,r2_measured_00605,read,measured,,,,,0.6245,,ok,0.4026
8.782,417,,,0.3083,,,,,,9.9281,r2_measured_00606,read,measured,,,,,0.4586,,ok,0.321
9.4566,504,,,0.5049,,,,,,10.95,r2_measured_00607,read,measured,,,,,0.5725,,ok,0.3373
71.154,673,12.8846,5.2144,0.8109,2.1811,1,5.2126,1,23.4439,73.2213,r2_measured_00608,update,measured,18.2295,2.0673,1,9.539,0.7611,23.1054,ok,0.406
14.8063,419,,,0.3869,,,,,,16.5828,r2_measured_00609,read,measured,,,,,0.7226,,ok,0.5781
18.3879,627,,,0.7618,,,,,,20.3517,r2_measured_00610,read,measured,,,,,0.6232,,ok,0.4974
14.616,663,,,0.517,,,,,,16.2213,r2_measured_00611,read,measured,,,,,0.6864,,ok,0.3192
10.7572,568,,,0.657,,,,,,12.4732,r2_measured_00612,read,measured,,,,,0.5721,,ok,0.4118
13.6676,679,,,0.556,,,,,,15.2184,r2_measured_00613,read,measured,,,,,0.6031,,ok,0.3232
12.9842,662,,,0.6026,,,,,,14.9988,r2_measured_00614,read,measured,,,,,0.7542,,ok,0.5637
13.0265,624,,,0.4843,,,,,,14.5415,r2_measured_00615,read,measured,,,,,0.6228,,ok,0.3393
15.7866,675,,,1.0611,,,,,,17.9919,r2_measured_00616,read,measured,,,,,0.681,,ok,0.3842
11.7947,417,,,0.2792,,,,,,13.1191,r2_measured_00617,read,measured,,,,,0.6037,,ok,0.3797
13.608,678,,,0.6574,,,,,,15.3124,r2_measured_00618,read,measured,,,,,0.6139,,ok,0.3573
11.8483,568,,,0.8224,,,,,,13.6779,r2_measured_00619,read,measured,,,,,0.599,,ok,0.3383
12.4849,679,,,0.6766,,,,,,14.1622,r2_measured_00620,read,measured,,,,,0.6125,,ok,0.3206
12.0109,508,,,0.8538,,,,,,14.42,r2_measured_00621,read,measured,,,,,0.6098,,ok,0.8349
12.5902,679,,,0.5779,,,,,,14.1484,r2_measured_00622,read,measured,,,,,0.5971,,ok,0.3171
15.9251,662,,,0.7251,,,,,,18.0572,r2_measured_00623,read,measured,,,,,0.8081,,ok,0.4869
14.4483,624,,,1.1298,,,,,,17.2232,r2_measured_00624,read,measured,,,,,0.7536,,ok,0.7937
13.7805,677,,,0.7826,,,,,,15.7335,r2_measured_00625,read,measured,,,,,0.7169,,ok,0.368
8.0165,368,,,0.2318,,,,,,9.1323,r2_measured_00626,read,measured,,,,,0.521,,ok,0.3113
10.7679,566,,,0.7684,,,,,,13.5265,r2_measured_00627,read,measured,,,,,0.8677,,ok,0.9784
18.1285,679,,,0.6727,,,,,,20.0648,r2_measured_00628,read,measured,,,,,0.8142,,ok,0.3721
11.0822,567,,,0.5792,,,,,,12.6406,r2_measured_00629,read,measured,,,,,0.582,,ok,0.3337
9.5479,418,,,0.2755,,,,,,10.7938,r2_measured_00630,read,measured,,,,,0.5961,,ok,0.31
11.4266,509,,,0.5073,,,,,,12.9022,r2_measured_00631,read,measured,,,,,0.5856,,ok,0.3178
14.4034,628,,,0.6483,,,,,,16.173,r2_measured_00632,read,measured,,,,,0.6892,,ok,0.3588
14.8426,688,,,0.6199,,,,,,16.5137,r2_measured_00633,read,measured,,,,,0.6345,,ok,0.3418
9.2817,419,,,0.3905,,,,,,10.7788,r2_measured_00634,read,measured,,,,,0.5817,,ok,0.453
18.0672,509,,,0.676,,,,,,20.0422,r2_measured_00635,read,measured,,,,,0.7698,,ok,0.4376
28.2279,627,,,0.7401,,,,,,30.3718,r2_measured_00636,read,measured,,,,,0.8867,,ok,0.4282
19.0401,628,,,0.687,,,,,,21.036,r2_measured_00637,read,measured,,,,,0.7976,,ok,0.4324
12.6036,418,,,0.3055,,,,,,13.9039,r2_measured_00638,read,measured,,,,,0.5556,,ok,0.3723
15.1579,674,,,0.574,,,,,,16.6959,r2_measured_00639,read,measured,,,,,0.587,,ok,0.3123
9.378,509,,,0.475,,,,,,10.8815,r2_measured_00640,read,measured,,,,,0.646,,ok,0.3181
11.5045,674,,,0.4963,,,,,,13.05,r2_measured_00641,read,measured,,,,,0.6724,,ok,0.3126
12.3617,678,,,0.591,,,,,,14.1762,r2_measured_00642,read,measured,,,,,0.7197,,ok,0.4364
15.1319,661,,,0.5441,,,,,,16.8282,r2_measured_00643,read,measured,,,,,0.6805,,ok,0.3935
47.3597,419,9.3212,5.206,0.264,1.6351,1,5.2044,1,23.2223,48.4974,r2_measured_00644,update,measured,18.0163,1.1377,1,0.0061,0.4961,13.175,ok,0.317
13.1482,672,,,0.5243,,,,,,14.711,r2_measured_00645,read,measured,,,,,0.6389,,ok,0.3305
13.5592,673,,,0.6614,,,,,,15.2357,r2_measured_00646,read,measured,,,,,0.6143,,ok,0.3294
11.6748,567,,,0.5709,,,,,,13.2659,r2_measured_00647,read,measured,,,,,0.5863,,ok,0.3255
13.5901,627,,,0.5323,,,,,,15.2161,r2_measured_00648,read,measured,,,,,0.6203,,ok,0.4045
10.59,509,,,0.4737,,,,,,12.0459,r2_measured_00649,read,measured,,,,,0.5748,,ok,0.3434
10.4791,419,,,0.2541,,,,,,11.5811,r2_measured_00650,read,measured,,,,,0.4886,,ok,0.3055
7.2116,369,,,0.2035,,,,,,8.1498,r2_measured_00651,read,measured,,,,,0.3901,,ok,0.2979
62.8563,625,11.7211,3.9092,0.561,2.1889,0,3.9072,1,21.3092,64.3469,r2_measured_00652,update,measured,17.4,1.4906,1,9.7027,0.5292,17.9344,ok,0.339
11.9284,689,,,0.6597,,,,,,13.7883,r2_measured_00653,read,measured,,,,,0.651,,ok,0.4343
12.5308,679,,,0.5108,,,,,,14.053,r2_measured_00654,read,measured,,,,,0.6134,,ok,0.3273
11.3327,678,,,0.4522,,,,,,12.8614,r2_measured_00655,read,measured,,,,,0.6688,,ok,0.3197
8.168,417,,,0.2548,,,,,,9.3668,r2_measured_00656,read,measured,,,,,0.5543,,ok,0.3301
12.7551,626,,,0.5067,,,,,,14.2639,r2_measured_00657,read,measured,,,,,0.5734,,ok,0.3616
10.8587,624,,,0.5354,,,,,,12.4821,r2_measured_00658,read,measured,,,,,0.6465,,ok,0.3774
12.7442,679,,,0.6434,,,,,,14.4355,r2_measured_00659,read,measured,,,,,0.6512,,ok,0.3253
7.4004,369,,,0.2375,,,,,,8.5592,r2_measured_00660,read,measured,,,,,0.4879,,ok,0.339
14.0949,689,,,0.6502,,,,,,16.0488,r2_measured_00661,read,measured,,,,,0.7285,,ok,0.4848
12.4368,688,,,0.5177,,,,,,14.0529,r2_measured_00662,read,measured,,,,,0.6958,,ok,0.3345
8.3215,418,,,0.2707,,,,,,9.4137,r2_measured_00663,read,measured,,,,,0.4637,,ok,0.309
13.488,678,,,0.5969,,,,,,15.4598,r2_measured_00664,read,measured,,,,,0.7399,,ok,0.5126
12.2427,679,,,0.5082,,,,,,13.6803,r2_measured_00665,read,measured,,,,,0.5369,,ok,0.3308
11.2926,681,,,0.6167,,,,,,13.2099,r2_measured_00666,read,measured,,,,,0.8219,,ok,0.401
15.6497,680,,,0.6446,,,,,,17.4153,r2_measured_00667,read,measured,,,,,0.6595,,ok,0.3815
19.439,661,,,0.6999,,,,,,21.4047,r2_measured_00668,read,measured,,,,,0.7592,,ok,0.422
13.0344,663,,,0.6847,,,,,,14.9692,r2_measured_00669,read,measured,,,,,0.7283,,ok,0.4422
13.2859,566,,,0.5027,,,,,,14.9266,r2_measured_00670,read,measured,,,,,0.7379,,ok,0.3288
81.2069,689,12.1702,6.9624,0.7546,2.4519,0,6.9609,1,38.3058,83.2211,r2_measured_00671,update,measured,31.3434,2.0142,1,0.0086,0.6632,28.2704,ok,0.3533
15.1021,677,,,0.654,,,,,,17.0804,r2_measured_00672,read,measured,,,,,0.832,,ok,0.3996
11.8939,627,,,0.5163,,,,,,13.3125,r2_measured_00673,read,measured,,,,,0.5328,,ok,0.3093
11.2543,628,,,0.5981,,,,,,12.9371,r2_measured_00674,read,measured,,,,,0.6858,,ok,0.3282
11.4492,568,,,0.4879,,,,,,12.9075,r2_measured_00675,read,measured,,,,,0.5798,,ok,0.3247
9.4922,507,,,0.5271,,,,,,11.0437,r2_measured_00676,read,measured,,,,,0.6073,,ok,0.3556
12.1208,418,,,0.2805,,,,,,13.4201,r2_measured_00677,read,measured,,,,,0.5774,,ok,0.3797
14.9958,628,,,0.6385,,,,,,16.9495,r2_measured_00678,read,measured,,,,,0.8339,,ok,0.401
14.0231,679,,,0.6954,,,,,,15.7784,r2_measured_00679,read,measured,,,,,0.63,,ok,0.3587
10.3005,509,,,0.4698,,,,,,11.702,r2_measured_00680,read,measured,,,,,0.5487,,ok,0.3233
10.8045,568,,,0.4767,,,,,,12.4371,r2_measured_00681,read,measured,,,,,0.6883,,ok,0.3803
8.9049,417,,,0.2604,,,,,,10.0917,r2_measured_00682,read,measured,,,,,0.5184,,ok,0.3482
12.791,678,,,0.6259,,,,,,14.7995,r2_measured_00683,read,measured,,,,,0.8913,,ok,0.4053
12.2219,624,,,0.4947,,,,,,13.7019,r2_measured_00684,read,measured,,,,,0.5549,,ok,0.368
13.3038,687,,,0.5822,,,,,,15.0554,r2_measured_00685,read,measured,,,,,0.7274,,ok,0.3415
12.3563,678,,,0.5133,,,,,,13.9103,r2_measured_00686,read,measured,,,,,0.6038,,ok,0.3609
11.4957,679,,,0.5731,,,,,,13.2131,r2_measured_00687,read,measured,,,,,0.7494,,ok,0.3224
8.231,416,,,0.2777,,,,,,9.3508,r2_measured_00688,read,measured,,,,,0.4882,,ok,0.3053
13.1315,688,,,0.5122,,,,,,14.7478,r2_measured_00689,read,measured,,,,,0.709,,ok,0.329
14.1951,680,,,0.5506,,,,,,15.8486,r2_measured_00690,read,measured,,,,,0.7201,,ok,0.3146
8.8276,417,,,0.3252,,,,,,10.234,r2_measured_00691,read,measured,,,,,0.5845,,ok,0.4383
15.2282,629,,,0.9287,,,,,,18.0342,r2_measured_00692,read,measured,,,,,1.0084,,ok,0.7536
13.9282,418,,,0.4135,,,,,,15.6058,r2_measured_00693,read,measured,,,,,0.639,,ok,0.55
16.886,628,,,0.7244,,,,,,19.2071,r2_measured_00694,read,measured,,,,,0.9317,,ok,0.5682
20.2586,673,,,0.8855,,,,,,22.9436,r2_measured_00695,read,measured,,,,,1.0867,,ok,0.5957
13.4326,368,,,0.3029,,,,,,14.9034,r2_measured_00696,read,measured,,,,,0.6651,,ok,0.4324
17.6759,674,,,0.6828,,,,,,19.7612,r2_measured_00697,read,measured,,,,,0.8628,,ok,0.4461
13.5138,628,,,0.5373,,,,,,15.0195,r2_measured_00698,read,measured,,,,,0.5837,,ok,0.3183
13.1681,681,,,0.5694,,,,,,14.7602,r2_measured_00699,read,measured,,,,,0.5918,,ok,0.3639
11.571,504,,,0.4192,,,,,,12.9197,r2_measured_00700,read,measured,,,,,0.5492,,ok,0.3155
13.6881,687,,,0.6041,,,,,,15.4367,r2_measured_00701,read,measured,,,,,0.6859,,ok,0.3775
14.0918,679,,,0.5634,,,,,,15.7964,r2_measured_00702,read,measured,,,,,0.6791,,ok,0.3831
9.6383,418,,,0.2426,,,,,,10.8244,r2_measured_00703,read,measured,,,,,0.4897,,ok,0.3986
14.8467,680,,,0.5744,,,,,,16.616,r2_measured_00704,read,measured,,,,,0.7898,,ok,0.3346
12.8494,674,,,0.5523,,,,,,14.4064,r2_measured_00705,read,measured,,,,,0.6015,,ok,0.3329
15.7914,680,,,0.7904,,,,,,18.0619,r2_measured_00706,read,measured,,,,,0.9169,,ok,0.4628
14.2252,568,,,0.55,,,,,,15.8738,r2_measured_00707,read,measured,,,,,0.6575,,ok,0.3645
13.8248,678,,,0.5335,,,,,,15.3776,r2_measured_00708,read,measured,,,,,0.6078,,ok,0.3415
14.3015,675,,,0.6903,,,,,,16.0851,r2_measured_00709,read,measured,,,,,0.6605,,ok,0.3487
11.3435,628,,,0.6052,,,,,,13.0128,r2_measured_00710,read,measured,,,,,0.6486,,ok,0.3366
11.6634,624,,,0.6438,,,,,,13.3381,r2_measured_00711,read,measured,,,,,0.6037,,ok,0.3529
10.1427,565,,,0.4959,,,,,,11.6162,r2_measured_00712,read,measured,,,,,0.5653,,ok,0.3268
12.7281,418,,,0.3026,,,,,,13.9177,r2_measured_00713,read,measured,,,,,0.5128,,ok,0.3123
12.4972,680,,,0.6965,,,,,,14.8388,r2_measured_00714,read,measured,,,,,1.103,,ok,0.4429
15.9376,674,,,0.593,,,,,,17.5977,r2_measured_00715,read,measured,,,,,0.6372,,ok,0.3565
12.5403,662,,,0.5346,,,,,,14.1449,r2_measured_00716,read,measured,,,,,0.6501,,ok,0.3476
12.325,681,,,0.4955,,,,,,13.8246,r2_measured_00717,read,measured,,,,,0.6304,,ok,0.3096
12.1601,661,,,0.5151,,,,,,13.7345,r2_measured_00718,read,measured,,,,,0.663,,ok,0.3258
12.2656,679,,,0.5495,,,,,,13.8243,r2_measured_00719,read,measured,,,,,0.6267,,ok,0.3189
13.2833,661,,,0.7294,,,,,,15.2934,r2_measured_00720,read,measured,,,,,0.7671,,ok,0.403
13.3225,628,,,0.5479,,,,,,14.9891,r2_measured_00721,read,measured,,,,,0.6876,,ok,0.3624
11.7262,567,,,0.52,,,,,,13.1872,r2_measured_00722,read,measured,,,,,0.5475,,ok,0.3311
10.4966,565,,,0.5479,,,,,,11.9955,r2_measured_00723,read,measured,,,,,0.5335,,ok,0.3509
11.685,679,,,0.5893,,,,,,13.1816,r2_measured_00724,read,measured,,,,,0.5393,,ok,0.3038
8.3443,416,,,0.2296,,,,,,9.484,r2_measured_00725,read,measured,,,,,0.5478,,ok,0.3137
12.3474,687,,,0.6649,,,,,,14.3961,r2_measured_00726,read,measured,,,,,0.7956,,ok,0.4967
16.4234,687,,,0.5433,,,,,,18.2052,r2_measured_00727,read,measured,,,,,0.6949,,ok,0.4663
71.3122,660,13.2719,5.8789,0.5685,2.1412,1,5.8771,1,23.3715,73.1616,r2_measured_00728,update,measured,17.4926,1.8494,1,9.1758,0.8131,23.3518,ok,0.3716
12.9124,677,,,0.5149,,,,,,14.4219,r2_measured_00729,read,measured,,,,,0.6032,,ok,0.327
59.9788,628,13.9694,3.6295,0.5785,2.5,0,3.628,1,23.5722,61.6343,r2_measured_00730,update,measured,19.9427,1.6555,1,0.0052,0.6691,19.932,ok,0.3351
11.6699,627,,,0.4725,,,,,,13.134,r2_measured_00731,read,measured,,,,,0.5934,,ok,0.3322
11.9034,628,,,0.5088,,,,,,13.6068,r2_measured_00732,read,measured,,,,,0.7127,,ok,0.3752
13.1476,678,,,0.4996,,,,,,14.65,r2_measured_00733,read,measured,,,,,0.6064,,ok,0.3303
12.4831,680,,,0.599,,,,,,14.1274,r2_measured_00734,read,measured,,,,,0.6277,,ok,0.3403
8.476,418,,,0.2479,,,,,,9.6592,r2_measured_00735,read,measured,,,,,0.5606,,ok,0.3235
11.356,688,,,0.6169,,,,,,12.9011,r2_measured_00736,read,measured,,,,,0.5514,,ok,0.3161
11.5787,628,,,0.5729,,,,,,13.2212,r2_measured_00737,read,measured,,,,,0.575,,ok,0.4058
13.2565,685,,,0.5543,,,,,,14.8611,r2_measured_00738,read,measured,,,,,0.648,,ok,0.336
12.1051,679,,,0.5437,,,,,,13.7809,r2_measured_00739,read,measured,,,,,0.651,,ok,0.4082
15.1645,626,,,0.7026,,,,,,17.2618,r2_measured_00740,read,measured,,,,,0.8453,,ok,0.4644
14.9966,673,,,0.6709,,,,,,17.2482,r2_measured_00741,read,measured,,,,,0.7543,,ok,0.645
17.9093,628,,,0.7761,,,,,,20.5151,r2_measured_00742,read,measured,,,,,0.9786,,ok,0.7251
14.1171,417,,,0.4226,,,,,,16.1299,r2_measured_00743,read,measured,,,,,0.8514,,ok,0.6245
11.1576,419,,,0.2587,,,,,,12.2978,r2_measured_00744,read,measured,,,,,0.4903,,ok,0.336
12.8204,509,,,0.7732,,,,,,14.9013,r2_measured_00745,read,measured,,,,,0.7385,,ok,0.4812
13.9269,680,,,0.5846,,,,,,15.5676,r2_measured_00746,read,measured,,,,,0.6212,,ok,0.3598
12.9487,662,,,0.6093,,,,,,14.8415,r2_measured_00747,read,measured,,,,,0.7984,,ok,0.413
16.1274,689,,,0.6334,,,,,,17.8621,r2_measured_00748,read,measured,,,,,0.6542,,ok,0.368
18.9171,679,,,0.8762,,,,,,21.6708,r2_measured_00749,read,measured,,,,,1.214,,ok,0.5384
20.1577,681,,,0.7207,,,,,,22.7489,r2_measured_00750,read,measured,,,,,1.1507,,ok,0.6165
15.8328,688,,,0.8552,,,,,,18.2504,r2_measured_00751,read,measured,,,,,0.9432,,ok,0.5241
14.3541,679,,,0.5487,,,,,,15.8971,r2_measured_00752,read,measured,,,,,0.5899,,ok,0.3298
13.4998,679,,,0.5518,,,,,,15.1453,r2_measured_00753,read,measured,,,,,0.6863,,ok,0.3332
9.2384,418,,,0.2851,,,,,,10.5216,r2_measured_00754,read,measured,,,,,0.5165,,ok,0.354
9.7351,566,,,0.4402,,,,,,11.0987,r2_measured_00755,read,measured,,,,,0.4952,,ok,0.325
10.5362,568,,,0.6945,,,,,,12.6339,r2_measured_00756,read,measured,,,,,0.8721,,ok,0.4481
13.9062,677,,,0.5825,,,,,,15.5259,r2_measured_00757,read,measured,,,,,0.6237,,ok,0.3488
11.9643,629,,,0.616,,,,,,13.6085,r2_measured_00758,read,measured,,,,,0.6447,,ok,0.3042
9.4087,506,,,0.4137,,,,,,10.736,r2_measured_00759,read,measured,,,,,0.5231,,ok,0.3342
11.7732,673,,,0.6591,,,,,,13.6707,r2_measured_00760,read,measured,,,,,0.8131,,ok,0.3584
8.3885,416,,,0.2869,,,,,,9.6045,r2_measured_00761,read,measured,,,,,0.5501,,ok,0.3231
9.2663,507,,,0.5086,,,,,,10.6723,r2_measured_00762,read,measured,,,,,0.4972,,ok,0.3482
12.9522,662,,,0.5026,,,,,,14.4566,r2_measured_00763,read,measured,,,,,0.5354,,ok,0.3988
68.3174,680,13.2689,4.1555,0.5903,2.3659,1,4.1539,1,21.4916,70.1063,r2_measured_00764,update,measured,17.3361,1.7889,1,11.5248,0.73,19.6662,ok,0.3782
16.0226,679,,,0.8385,,,,,,18.675,r2_measured_00765,read,measured,,,,,1.0955,,ok,0.5995
18.88,566,,,0.5889,,,,,,20.6256,r2_measured_00766,read,measured,,,,,0.6811,,ok,0.399
23.2746,675,,,0.7172,,,,,,25.4068,r2_measured_00767,read,measured,,,,,0.8404,,ok,0.4768
17.9363,679,,,0.7103,,,,,,19.9751,r2_measured_00768,read,measured,,,,,0.8049,,ok,0.4268
15.106,661,,,0.7616,,,,,,17.4085,r2_measured_00769,read,measured,,,,,0.9482,,ok,0.492
11.7332,509,,,0.6087,,,,,,13.5533,r2_measured_00770,read,measured,,,,,0.6778,,ok,0.4537
14.1661,678,,,0.7309,,,,,,16.2162,r2_measured_00771,read,measured,,,,,0.8535,,ok,0.3784
9.8153,418,,,0.2968,,,,,,11.1104,r2_measured_00772,read,measured,,,,,0.5971,,ok,0.3408
10.5417,567,,,0.562,,,,,,12.1836,r2_measured_00773,read,measured,,,,,0.5268,,ok,0.4849
12.5686,680,,,0.6418,,,,,,14.4502,r2_measured_00774,read,measured,,,,,0.8091,,ok,0.3519
11.8948,674,,,0.5803,,,,,,13.4373,r2_measured_00775,read,measured,,,,,0.5604,,ok,0.3393
16.7643,681,,,0.9725,,,,,,19.5717,r2_measured_00776,read,measured,,,,,1.0683,,ok,0.6354
25.5658,678,,,0.8262,,,,,,27.9739,r2_measured_00777,read,measured,,,,,0.9637,,ok,0.505
15.4803,663,,,0.621,,,,,,17.3563,r2_measured_00778,read,measured,,,,,0.7675,,ok,0.4006
13.9596,688,,,0.5613,,,,,,15.5261,r2_measured_00779,read,measured,,,,,0.5678,,ok,0.3653
9.2616,418,,,0.2526,,,,,,10.3947,r2_measured_00780,read,measured,,,,,0.4812,,ok,0.3428
8.0018,418,,,0.2662,,,,,,9.0393,r2_measured_00781,read,measured,,,,,0.425,,ok,0.2977
11.0731,629,,,0.5546,,,,,,12.6389,r2_measured_00782,read,measured,,,,,0.5819,,ok,0.3606
77.3486,663,12.9698,6.0076,0.512,2.0662,1,6.0058,1,26.0339,78.9074,r2_measured_00783,update,measured,20.0263,1.5588,1,10.1873,0.65,26.0914,ok,0.3291
15.1759,672,,,0.6895,,,,,,17.2068,r2_measured_00784,read,measured,,,,,0.8208,,ok,0.4361
14.2708,680,,,0.4903,,,,,,15.7973,r2_measured_00785,read,measured,,,,,0.6069,,ok,0.3581
7.212,369,,,0.2057,,,,,,8.1741,r2_measured_00786,read,measured,,,,,0.411,,ok,0.2999
10.2967,626,,,0.5308,,,,,,11.7874,r2_measured_00787,read,measured,,,,,0.533,,ok,0.366
11.7956,416,,,0.389,,,,,,13.3596,r2_measured_00788,read,measured,,,,,0.624,,ok,0.4719
10.3094,507,,,0.4168,,,,,,11.6667,r2_measured_00789,read,measured,,,,,0.5506,,ok,0.3331
11.908,680,,,0.6629,,,,,,13.6311,r2_measured_00790,read,measured,,,,,0.6573,,ok,0.3271
12.2864,680,,,0.4841,,,,,,13.8247,r2_measured_00791,read,measured,,,,,0.6802,,ok,0.3088
11.9338,681,,,0.5861,,,,,,13.4973,r2_measured_00792,read,measured,,,,,0.5899,,ok,0.3223
8.5042,417,,,0.271,,,,,,9.6873,r2_measured_00793,read,measured,,,,,0.4994,,ok,0.3513
12.2366,686,,,0.5838,,,,,,13.8103,r2_measured_00794,read,measured,,,,,0.6165,,ok,0.3102
11.1171,507,,,0.7817,,,,,,13.287,r2_measured_00795,read,measured,,,,,0.7383,,ok,0.5555
16.4714,662,,,0.6642,,,,,,18.3684,r2_measured_00796,read,measured,,,,,0.7574,,ok,0.3966
7.7373,369,,,0.2062,,,,,,8.7491,r2_measured_00797,read,measured,,,,,0.4708,,ok,0.2892
12.1035,628,,,0.5504,,,,,,13.6966,r2_measured_00798,read,measured,,,,,0.6129,,ok,0.3582
13.2495,680,,,0.5582,,,,,,14.768,r2_measured_00799,read,measured,,,,,0.5598,,ok,0.3348
7.5672,368,,,0.2631,,,,,,8.7563,r2_measured_00800,read,measured,,,,,0.5269,,ok,0.3491
9.7799,507,,,0.531,,,,,,11.3075,r2_measured_00801,read,measured,,,,,0.5774,,ok,0.3525
12.7453,680,,,0.5473,,,,,,14.2762,r2_measured_00802,read,measured,,,,,0.6192,,ok,0.3011
7.7483,417,,,0.3433,,,,,,9.4802,r2_measured_00803,read,measured,,,,,0.5159,,ok,0.7988
9.7925,506,,,0.4999,,,,,,11.285,r2_measured_00804,read,measured,,,,,0.5684,,ok,0.358
11.6187,628,,,0.5531,,,,,,13.2555,r2_measured_00805,read,measured,,,,,0.6579,,ok,0.3588
11.8842,624,,,0.6247,,,,,,13.6345,r2_measured_00806,read,measured,,,,,0.7072,,ok,0.3301
11.302,567,,,0.6284,,,,,,12.9605,r2_measured_00807,read,measured,,,,,0.5984,,ok,0.363
12.8101,678,,,0.503,,,,,,14.4721,r2_measured_00808,read,measured,,,,,0.7198,,ok,0.3672
12.9679,661,,,0.648,,,,,,14.7105,r2_measured_00809,read,measured,,,,,0.665,,ok,0.3554
13.2532,673,,,0.4954,,,,,,14.8178,r2_measured_00810,read,measured,,,,,0.6577,,ok,0.3422
13.8763,678,,,0.5641,,,,,,15.5411,r2_measured_00811,read,measured,,,,,0.6035,,ok,0.4225
11.7586,679,,,0.5854,,,,,,13.3877,r2_measured_00812,read,measured,,,,,0.6698,,ok,0.3136
11.3279,628,,,0.5002,,,,,,12.8851,r2_measured_00813,read,measured,,,,,0.6281,,ok,0.359
7.8427,419,,,0.2304,,,,,,8.8841,r2_measured_00814,read,measured,,,,,0.473,,ok,0.2914
11.2213,673,,,0.525,,,,,,12.6736,r2_measured_00815,read,measured,,,,,0.5633,,ok,0.3077
7.8918,416,,,0.3623,,,,,,9.2371,r2_measured_00816,read,measured,,,,,0.549,,ok,0.3675
10.4671,418,,,0.2632,,,,,,11.6061,r2_measured_00817,read,measured,,,,,0.4985,,ok,0.321
10.8299,628,,,0.5174,,,,,,12.3529,r2_measured_00818,read,measured,,,,,0.6217,,ok,0.3202
13.9607,679,,,0.6185,,,,,,15.7873,r2_measured_00819,read,measured,,,,,0.7564,,ok,0.3723
8.6372,367,,,0.2205,,,,,,9.7864,r2_measured_00820,read,measured,,,,,0.5491,,ok,0.3297
12.6235,680,,,0.5622,,,,,,14.1822,r2_measured_00821,read,measured,,,,,0.6093,,ok,0.3243
11.9422,680,,,0.5614,,,,,,13.574,r2_measured_00822,read,measured,,,,,0.6805,,ok,0.3177
15.1392,679,,,0.6425,,,,,,17.1558,r2_measured_00823,read,measured,,,,,0.8805,,ok,0.4132
14.126,688,,,0.5354,,,,,,15.9582,r2_measured_00824,read,measured,,,,,0.8759,,ok,0.3459
11.5235,681,,,0.4993,,,,,,12.9211,r2_measured_00825,read,measured,,,,,0.5088,,ok,0.3267
12.6837,679,,,0.6588,,,,,,14.5118,r2_measured_00826,read,measured,,,,,0.7582,,ok,0.3276
12.4662,660,,,0.6118,,,,,,14.4354,r2_measured_00827,read,measured,,,,,0.8679,,ok,0.4088
12.2747,565,,,0.652,,,,,,14.0909,r2_measured_00828,read,measured,,,,,0.7021,,ok,0.3867
13.1944,680,,,0.59,,,,,,14.9043,r2_measured_00829,read,measured,,,,,0.64,,ok,0.3973
21.8951,628,,,0.957,,,,,,24.4203,r2_measured_00830,read,measured,,,,,0.9589,,ok,0.5025
14.5478,566,,,0.7034,,,,,,16.6255,r2_measured_00831,read,measured,,,,,0.8177,,ok,0.4733
17.9733,679,,,0.7719,,,,,,20.2879,r2_measured_00832,read,measured,,,,,0.9427,,ok,0.5006
18.4124,679,,,0.5398,,,,,,20.0457,r2_measured_00833,read,measured,,,,,0.7109,,ok,0.3193
10.2128,567,,,0.4743,,,,,,11.6154,r2_measured_00834,read,measured,,,,,0.5504,,ok,0.3104
11.3938,628,,,0.5391,,,,,,12.8787,r2_measured_00835,read,measured,,,,,0.5271,,ok,0.3522
9.9814,418,,,0.3062,,,,,,11.2959,r2_measured_00836,read,measured,,,,,0.6119,,ok,0.3388
14.5052,681,,,0.5449,,,,,,16.1372,r2_measured_00837,read,measured,,,,,0.6641,,ok,0.3465
10.6616,566,,,0.4636,,,,,,12.0429,r2_measured_00838,read,measured,,,,,0.5547,,ok,0.3056
11.3514,509,,,0.5491,,,,,,13.1907,r2_measured_00839,read,measured,,,,,0.7937,,ok,0.4203
14.0287,566,,,0.7389,,,,,,16.289,r2_measured_00840,read,measured,,,,,0.9456,,ok,0.4951
10.2393,419,,,0.2901,,,,,,11.5676,r2_measured_00841,read,measured,,,,,0.6228,,ok,0.3493
14.5937,679,,,0.9895,,,,,,17.2621,r2_measured_00842,read,measured,,,,,0.9673,,ok,0.6004
20.7893,678,,,0.9337,,,,,,23.1573,r2_measured_00843,read,measured,,,,,0.9679,,ok,0.3659
80.4578,567,13.4034,7.5468,0.5149,2.2746,1,7.5453,1,30.8674,82.0786,r2_measured_00844,update,measured,23.3206,1.6208,1,10.1515,0.6991,23.7609,ok,0.3367
12.4305,678,,,0.5569,,,,,,14.021,r2_measured_00845,read,measured,,,,,0.6253,,ok,0.3154
7.5784,369,,,0.2173,,,,,,8.531,r2_measured_00846,read,measured,,,,,0.4133,,ok,0.2757
56.0728,567,15.065,3.6772,0.7538,2.119,1,3.6756,1,18.4694,58.2886,r2_measured_00847,update,measured,14.7922,2.2158,1,0.0061,0.8789,20.4133,ok,0.4933
13.1314,680,,,0.4885,,,,,,14.7078,r2_measured_00848,read,measured,,,,,0.6941,,ok,0.3281
7.1826,369,,,0.1954,,,,,,8.1602,r2_measured_00849,read,measured,,,,,0.459,,ok,0.2795
11.8853,688,,,0.4848,,,,,,13.3744,r2_measured_00850,read,measured,,,,,0.6239,,ok,0.3123
7.1025,368,,,0.212,,,,,,8.0368,r2_measured_00851,read,measured,,,,,0.3845,,ok,0.2931
9.102,509,,,0.443,,,,,,10.4454,r2_measured_00852,read,measured,,,,,0.5418,,ok,0.3065
10.6851,509,,,0.5059,,,,,,12.1322,r2_measured_00853,read,measured,,,,,0.5509,,ok,0.3303
89.3039,662,11.7508,9.2551,0.6903,2.1696,1,9.2534,1,30.567,90.9613,r2_measured_00854,update,measured,21.3119,1.6574,1,21.6729,0.5851,23.1436,ok,0.3224
13.7412,679,,,0.555,,,,,,15.4587,r2_measured_00855,read,measured,,,,,0.7611,,ok,0.3316
7.0942,368,,,0.2867,,,,,,8.1752,r2_measured_00856,read,measured,,,,,0.4193,,ok,0.322
12.8465,680,,,0.6624,,,,,,14.7434,r2_measured_00857,read,measured,,,,,0.7888,,ok,0.3711
12.7687,677,,,0.5245,,,,,,14.3373,r2_measured_00858,read,measured,,,,,0.5995,,ok,0.3784
15.2114,680,,,0.537,,,,,,16.9987,r2_measured_00859,read,measured,,,,,0.7063,,ok,0.4404
10.5918,418,,,0.2568,,,,,,11.7434,r2_measured_00860,read,measured,,,,,0.509,,ok,0.3302
12.1194,680,,,0.6236,,,,,,13.762,r2_measured_00861,read,measured,,,,,0.5849,,ok,0.3231
10.3443,566,,,0.533,,,,,,11.8967,r2_measured_00862,read,measured,,,,,0.623,,ok,0.3236
11.4513,508,,,0.4805,,,,,,12.8507,r2_measured_00863,read,measured,,,,,0.5174,,ok,0.347
7.6147,368,,,0.2066,,,,,,8.5549,r2_measured_00864,read,measured,,,,,0.4072,,ok,0.2815
9.4251,508,,,0.4288,,,,,,10.8599,r2_measured_00865,read,measured,,,,,0.6298,,ok,0.3131
10.8027,624,,,0.499,,,,,,12.2363,r2_measured_00866,read,measured,,,,,0.5607,,ok,0.315
11.8271,687,,,0.4927,,,,,,13.3836,r2_measured_00867,read,measured,,,,,0.6524,,ok,0.347
69.6663,688,12.1582,5.7455,0.5586,2.2822,1,5.7437,1,24.1901,71.3859,r2_measured_00868,update,measured,18.4446,1.7196,1,9.6609,0.7572,21.3749,ok,0.3316
8.6995,417,,,0.2557,,,,,,9.8636,r2_measured_00869,read,measured,,,,,0.4985,,ok,0.3558
11.774,679,,,0.4771,,,,,,13.2402,r2_measured_00870,read,measured,,,,,0.5829,,ok,0.3481
7.6713,415,,,0.3225,,,,,,8.9722,r2_measured_00871,read,measured,,,,,0.6053,,ok,0.3214
11.6194,628,,,0.4946,,,,,,13.1102,r2_measured_00872,read,measured,,,,,0.6186,,ok,0.3151
12.0984,689,,,0.543,,,,,,13.6632,r2_measured_00873,read,measured,,,,,0.6496,,ok,0.3097
10.9604,624,,,0.5297,,,,,,12.4966,r2_measured_00874,read,measured,,,,,0.6112,,ok,0.3229
11.5519,674,,,0.5214,,,,,,13.0602,r2_measured_00875,read,measured,,,,,0.6056,,ok,0.3165
12.1656,688,,,0.623,,,,,,13.8844,r2_measured_00876,read,measured,,,,,0.6746,,ok,0.3412
7.839,368,,,0.2458,,,,,,8.8975,r2_measured_00877,read,measured,,,,,0.4669,,ok,0.2974
9.0351,507,,,0.4686,,,,,,10.4916,r2_measured_00878,read,measured,,,,,0.5993,,ok,0.3319
14.0244,680,,,0.7653,,,,,,15.9785,r2_measured_00879,read,measured,,,,,0.7112,,ok,0.3792
11.4469,567,,,0.6256,,,,,,13.1963,r2_measured_00880,read,measured,,,,,0.651,,ok,0.4017
6.9929,368,,,0.2416,,,,,,8.0863,r2_measured_00881,read,measured,,,,,0.4881,,ok,0.3145
9.8409,567,,,0.545,,,,,,11.389,r2_measured_00882,read,measured,,,,,0.5998,,ok,0.3355
12.1284,679,,,0.5091,,,,,,13.6647,r2_measured_00883,read,measured,,,,,0.6078,,ok,0.3533
12.0607,663,,,0.4554,,,,,,13.6205,r2_measured_00884,read,measured,,,,,0.6513,,ok,0.3226
13.669,673,,,0.6638,,,,,,15.5022,r2_measured_00885,read,measured,,,,,0.7578,,ok,0.3287
8.4412,417,,,0.2247,,,,,,9.5359,r2_measured_00886,read,measured,,,,,0.5216,,ok,0.3015
11.347,680,,,0.59,,,,,,12.9731,r2_measured_00887,read,measured,,,,,0.6327,,ok,0.3359
12.2683,565,,,0.4413,,,,,,13.7261,r2_measured_00888,read,measured,,,,,0.6508,,ok,0.3063
7.0737,369,,,0.2072,,,,,,8.0422,r2_measured_00889,read,measured,,,,,0.3939,,ok,0.3221
14.3236,418,,,0.2992,,,,,,15.7637,r2_measured_00890,read,measured,,,,,0.5777,,ok,0.4904
17.2496,627,,,0.548,,,,,,18.8035,r2_measured_00891,read,measured,,,,,0.6175,,ok,0.3229
12.074,678,,,0.7536,,,,,,13.9306,r2_measured_00892,read,measured,,,,,0.6998,,ok,0.3279
11.6084,663,,,0.4742,,,,,,13.1008,r2_measured_00893,read,measured,,,,,0.6474,,ok,0.3075
11.2461,662,,,0.5115,,,,,,12.7206,r2_measured_00894,read,measured,,,,,0.578,,ok,0.3185
12.1191,678,,,0.5705,,,,,,13.7774,r2_measured_00895,read,measured,,,,,0.6506,,ok,0.3492
8.2421,418,,,0.3041,,,,,,9.8531,r2_measured_00896,read,measured,,,,,0.5863,,ok,0.6411
68.8153,566,11.0507,5.6148,0.4439,2.121,1,5.612,1,24.6016,70.0769,r2_measured_00897,update,measured,18.9868,1.2616,1,11.3843,0.4712,19.6577,ok,0.2948
11.5639,689,,,0.6976,,,,,,13.3174,r2_measured_00898,read,measured,,,,,0.6414,,ok,0.3327
12.1236,674,,,0.5598,,,,,,13.6407,r2_measured_00899,read,measured,,,,,0.5792,,ok,0.3148
7.7655,419,,,0.2316,,,,,,8.8796,r2_measured_00900,read,measured,,,,,0.5348,,ok,0.3022
7.4273,368,,,0.2576,,,,,,8.6127,r2_measured_00901,read,measured,,,,,0.5427,,ok,0.3295
13.1703,674,,,0.5699,,,,,,14.7692,r2_measured_00902,read,measured,,,,,0.6364,,ok,0.324
11.4913,680,,,0.5644,,,,,,13.1396,r2_measured_00903,read,measured,,,,,0.6987,,ok,0.3018
9.0454,415,,,0.3165,,,,,,10.3771,r2_measured_00904,read,measured,,,,,0.5755,,ok,0.3756
13.6958,626,,,0.5095,,,,,,15.3001,r2_measured_00905,read,measured,,,,,0.5685,,ok,0.4621
10.4704,418,,,0.2888,,,,,,11.782,r2_measured_00906,read,measured,,,,,0.5743,,ok,0.3872
12.2246,568,,,0.5863,,,,,,13.8717,r2_measured_00907,read,measured,,,,,0.6041,,ok,0.3774
10.978,507,,,0.4793,,,,,,12.3797,r2_measured_00908,read,measured,,,,,0.536,,ok,0.3202
8.8504,417,,,0.28,,,,,,10.1077,r2_measured_00909,read,measured,,,,,0.5585,,ok,0.3554
13.2578,628,,,0.6087,,,,,,14.9659,r2_measured_00910,read,measured,,,,,0.619,,ok,0.4071
13.9639,687,,,0.6759,,,,,,15.9053,r2_measured_00911,read,measured,,,,,0.7936,,ok,0.3844
14.5903,662,,,0.569,,,,,,16.2554,r2_measured_00912,read,measured,,,,,0.6321,,ok,0.3891
12.0788,566,,,0.5872,,,,,,13.811,r2_measured_00913,read,measured,,,,,0.6702,,ok,0.3935
56.9842,418,8.9935,5.2595,0.2373,1.6032,0,5.2574,1,19.1327,58.0424,r2_measured_00914,update,measured,13.8732,1.0582,1,10.2812,0.4608,16.9736,ok,0.3031
12.5605,680,,,0.5711,,,,,,14.173,r2_measured_00915,read,measured,,,,,0.6258,,ok,0.338
11.6575,626,,,0.5227,,,,,,13.1677,r2_measured_00916,read,measured,,,,,0.577,,ok,0.3487
11.6507,673,,,0.5267,,,,,,13.1131,r2_measured_00917,read,measured,,,,,0.5357,,ok,0.3368
11.6464,626,,,0.8545,,,,,,13.9057,r2_measured_00918,read,measured,,,,,0.9186,,ok,0.4042
12.8211,627,,,0.4986,,,,,,14.2998,r2_measured_00919,read,measured,,,,,0.5867,,ok,0.3323
10.4598,567,,,0.6251,,,,,,12.264,r2_measured_00920,read,measured,,,,,0.6607,,ok,0.4219
11.5416,625,,,0.6329,,,,,,13.0722,r2_measured_00921,read,measured,,,,,0.5156,,ok,0.3186
11.9301,679,,,0.58,,,,,,13.4859,r2_measured_00922,read,measured,,,,,0.5604,,ok,0.3561
8.1263,419,,,0.2632,,,,,,9.2683,r2_measured_00923,read,measured,,,,,0.5264,,ok,0.2947
10.7513,628,,,0.4901,,,,,,12.17,r2_measured_00924,read,measured,,,,,0.5455,,ok,0.3224
10.9778,625,,,0.4117,,,,,,12.3305,r2_measured_00925,read,measured,,,,,0.5625,,ok,0.3239
14.2633,675,,,0.6409,,,,,,16.1012,r2_measured_00926,read,measured,,,,,0.7182,,ok,0.3959
12.9379,627,,,0.5234,,,,,,14.5595,r2_measured_00927,read,measured,,,,,0.6897,,ok,0.3395
11.1678,567,,,0.4114,,,,,,12.4922,r2_measured_00928,read,measured,,,,,0.5429,,ok,0.3073
12.2148,679,,,0.6139,,,,,,14.1456,r2_measured_00929,read,measured,,,,,0.7683,,ok,0.4617
11.0451,508,,,0.5553,,,,,,12.6178,r2_measured_00930,read,measured,,,,,0.6054,,ok,0.3468
12.9878,680,,,0.5832,,,,,,14.6513,r2_measured_00931,read,measured,,,,,0.6695,,ok,0.3383
11.9663,624,,,0.5101,,,,,,13.5155,r2_measured_00932,read,measured,,,,,0.6102,,ok,0.3588
11.9875,628,,,0.5965,,,,,,13.6705,r2_measured_00933,read,measured,,,,,0.6829,,ok,0.3333
61.8115,681,12.6479,4.9732,0.5393,2.2356,1,4.9717,1,24.6557,63.4015,r2_measured_00934,update,measured,19.6825,1.59,1,0.0061,0.6425,22.2662,ok,0.3374
12.0734,660,,,0.5866,,,,,,13.6191,r2_measured_00935,read,measured,,,,,0.5736,,ok,0.3252
7.6201,417,,,0.2195,,,,,,8.608,r2_measured_00936,read,measured,,,,,0.4242,,ok,0.3007
8.2457,368,,,0.2475,,,,,,9.3411,r2_measured_00937,read,measured,,,,,0.488,,ok,0.3013
16.3402,624,,,0.7185,,,,,,18.4448,r2_measured_00938,read,measured,,,,,0.8023,,ok,0.4932
13.6283,624,,,0.5156,,,,,,15.3042,r2_measured_00939,read,measured,,,,,0.6628,,ok,0.4113
11.7814,677,,,0.5021,,,,,,13.2553,r2_measured_00940,read,measured,,,,,0.6056,,ok,0.3067
11.6489,673,,,0.5604,,,,,,13.3134,r2_measured_00941,read,measured,,,,,0.6643,,ok,0.3782
10.4032,418,,,0.2824,,,,,,11.6556,r2_measured_00942,read,measured,,,,,0.5461,,ok,0.3594
13.5082,675,,,0.5472,,,,,,15.1164,r2_measured_00943,read,measured,,,,,0.664,,ok,0.3288
9.9143,506,,,0.5334,,,,,,11.4514,r2_measured_00944,read,measured,,,,,0.6031,,ok,0.3339
17.6813,672,,,0.6009,,,,,,19.3999,r2_measured_00945,read,measured,,,,,0.6761,,ok,0.3683
8.1332,368,,,0.2855,,,,,,9.3196,r2_measured_00946,read,measured,,,,,0.4753,,ok,0.3707
9.6531,418,,,0.2583,,,,,,10.7649,r2_measured_00947,read,measured,,,,,0.4836,,ok,0.3142
8.9385,418,,,0.2473,,,,,,10.0755,r2_measured_00948,read,measured,,,,,0.4703,,ok,0.3446
16.5196,567,,,0.6347,,,,,,18.2268,r2_measured_00949,read,measured,,,,,0.5875,,ok,0.4098
12.5915,688,,,0.521,,,,,,14.2456,r2_measured_00950,read,measured,,,,,0.7104,,ok,0.3489
13.1105,628,,,0.7661,,,,,,15.1389,r2_measured_00951,read,measured,,,,,0.7931,,ok,0.3806
15.2387,672,,,0.6705,,,,,,17.1464,r2_measured_00952,read,measured,,,,,0.6798,,ok,0.4774
7.6482,368,,,0.2276,,,,,,8.7118,r2_measured_00953,read,measured,,,,,0.4721,,ok,0.3132
50.0071,419,9.5229,3.1081,0.2725,1.7822,0,3.1064,1,23.8549,51.3,r2_measured_00954,update,measured,20.7468,1.2929,1,0.006,0.5366,14.8411,ok,0.4055
10.7325,567,,,0.5939,,,,,,12.3437,r2_measured_00955,read,measured,,,,,0.5978,,ok,0.3466
10.9635,508,,,0.5122,,,,,,12.5505,r2_measured_00956,read,measured,,,,,0.6351,,ok,0.3685
13.8569,675,,,0.609,,,,,,15.7196,r2_measured_00957,read,measured,,,,,0.7139,,ok,0.4514
11.5747,566,,,0.5259,,,,,,13.1655,r2_measured_00958,read,measured,,,,,0.6228,,ok,0.3629
12.747,628,,,0.6134,,,,,,14.4167,r2_measured_00959,read,measured,,,,,0.645,,ok,0.3368
10.544,566,,,0.6981,,,,,,12.2968,r2_measured_00960,read,measured,,,,,0.6017,,ok,0.3778
10.6226,565,,,0.5731,,,,,,12.2826,r2_measured_00961,read,measured,,,,,0.6923,,ok,0.3201
10.5857,566,,,0.5587,,,,,,12.1015,r2_measured_00962,read,measured,,,,,0.5411,,ok,0.357
13.0621,679,,,0.6422,,,,,,15.057,r2_measured_00963,read,measured,,,,,0.9676,,ok,0.3172
9.9956,509,,,0.5142,,,,,,11.5373,r2_measured_00964,read,measured,,,,,0.5932,,ok,0.3637
11.9164,626,,,0.4777,,,,,,13.295,r2_measured_00965,read,measured,,,,,0.528,,ok,0.3144
12.2451,688,,,0.7454,,,,,,14.4513,r2_measured_00966,read,measured,,,,,0.9138,,ok,0.4435
14.2219,681,,,0.6315,,,,,,16.0094,r2_measured_00967,read,measured,,,,,0.7078,,ok,0.3649
12.8289,680,,,0.7606,,,,,,14.7378,r2_measured_00968,read,measured,,,,,0.7055,,ok,0.3578
11.6321,624,,,0.6213,,,,,,13.3558,r2_measured_00969,read,measured,,,,,0.6637,,ok,0.3626
13.4536,628,,,0.553,,,,,,14.9594,r2_measured_00970,read,measured,,,,,0.5424,,ok,0.3317
13.7885,679,,,0.9226,,,,,,15.9821,r2_measured_00971,read,measured,,,,,0.6146,,ok,0.561
7.8424,369,,,0.2149,,,,,,8.9286,r2_measured_00972,read,measured,,,,,0.4687,,ok,0.3549
11.6117,624,,,0.782,,,,,,13.6491,r2_measured_00973,read,measured,,,,,0.7506,,ok,0.4201
27.2895,679,,,1.0857,,,,,,30.0991,r2_measured_00974,read,measured,,,,,0.7729,,ok,0.8375
9.1763,369,,,0.2591,,,,,,10.3937,r2_measured_00975,read,measured,,,,,0.5452,,ok,0.3513
12.1218,681,,,0.638,,,,,,13.8042,r2_measured_00976,read,measured,,,,,0.6308,,ok,0.3422
8.3333,417,,,0.2872,,,,,,9.5951,r2_measured_00977,read,measured,,,,,0.5783,,ok,0.3427
8.0912,369,,,0.2219,,,,,,9.1262,r2_measured_00978,read,measured,,,,,0.431,,ok,0.3293
11.9062,679,,,0.5564,,,,,,13.4822,r2_measured_00979,read,measured,,,,,0.646,,ok,0.3059
12.5724,679,,,0.6041,,,,,,14.3157,r2_measured_00980,read,measured,,,,,0.7302,,ok,0.3282
8.3845,417,,,0.2458,,,,,,9.4652,r2_measured_00981,read,measured,,,,,0.4734,,ok,0.3042
10.7324,625,,,0.6046,,,,,,12.3083,r2_measured_00982,read,measured,,,,,0.5985,,ok,0.3108
7.4441,368,,,0.2585,,,,,,8.6314,r2_measured_00983,read,measured,,,,,0.5382,,ok,0.3326
12.4095,677,,,0.5251,,,,,,14.0088,r2_measured_00984,read,measured,,,,,0.5965,,ok,0.3933
10.5962,567,,,0.5541,,,,,,12.1274,r2_measured_00985,read,measured,,,,,0.5921,,ok,0.3226
12.5185,628,,,0.5855,,,,,,14.1829,r2_measured_00986,read,measured,,,,,0.6251,,ok,0.3767
10.5225,566,,,0.5803,,,,,,12.1108,r2_measured_00987,read,measured,,,,,0.5925,,ok,0.3523
13.2499,679,,,0.7239,,,,,,15.1733,r2_measured_00988,read,measured,,,,,0.7465,,ok,0.3729
10.9922,568,,,0.5539,,,,,,12.4939,r2_measured_00989,read,measured,,,,,0.5619,,ok,0.3222
11.3832,689,,,0.6968,,,,,,13.2844,r2_measured_00990,read,measured,,,,,0.7426,,ok,0.3914
13.0068,681,,,0.6525,,,,,,14.8847,r2_measured_00991,read,measured,,,,,0.7718,,ok,0.3705
11.6138,568,,,0.5577,,,,,,13.1613,r2_measured_00992,read,measured,,,,,0.5941,,ok,0.3318
7.3475,418,,,0.2697,,,,,,8.5103,r2_measured_00993,read,measured,,,,,0.4527,,ok,0.2929
10.7753,628,,,0.6396,,,,,,12.5077,r2_measured_00994,read,measured,,,,,0.6629,,ok,0.3592
13.4698,689,,,0.5865,,,,,,15.0036,r2_measured_00995,read,measured,,,,,0.5646,,ok,0.3152
13.2712,689,,,0.6969,,,,,,15.312,r2_measured_00996,read,measured,,,,,0.8244,,ok,0.4262
19.4271,675,,,0.7199,,,,,,21.5998,r2_measured_00997,read,measured,,,,,0.88,,ok,0.4749
11.778,419,,,0.3473,,,,,,13.3002,r2_measured_00998,read,measured,,,,,0.6721,,ok,0.4256
16.3228,568,,,0.7985,,,,,,18.8093,r2_measured_00999,read,measured,,,,,0.8199,,ok,0.7196
20.4985,689,,,1.0163,,,,,,23.6071,r2_measured_01000,read,measured,,,,,1.1854,,ok,0.7781
17.5098,509,,,0.889,,,,,,19.9415,r2_measured_01001,read,measured,,,,,0.9018,,ok,0.5353
20.6036,663,,,0.5986,,,,,,22.42,r2_measured_01002,read,measured,,,,,0.7028,,ok,0.4398
17.7354,662,,,0.7495,,,,,,19.6757,r2_measured_01003,read,measured,,,,,0.7265,,ok,0.3752
12.9039,674,,,0.4545,,,,,,14.2835,r2_measured_01004,read,measured,,,,,0.56,,ok,0.303
11.2143,628,,,0.6085,,,,,,12.8477,r2_measured_01005,read,measured,,,,,0.6412,,ok,0.3143
9.9506,566,,,0.5281,,,,,,11.5518,r2_measured_01006,read,measured,,,,,0.6309,,ok,0.3522
11.936,680,,,0.5968,,,,,,13.5202,r2_measured_01007,read,measured,,,,,0.5473,,ok,0.3738
12.8394,628,,,0.6769,,,,,,15.0538,r2_measured_01008,read,measured,,,,,0.8346,,ok,0.5986
11.8385,369,,,0.3089,,,,,,13.3263,r2_measured_01009,read,measured,,,,,0.6561,,ok,0.4547
12.4428,567,,,0.4628,,,,,,13.9399,r2_measured_01010,read,measured,,,,,0.6015,,ok,0.3613
15.4368,679,,,0.5522,,,,,,16.9568,r2_measured_01011,read,measured,,,,,0.5721,,ok,0.3293
11.211,566,,,0.6807,,,,,,13.1126,r2_measured_01012,read,measured,,,,,0.6941,,ok,0.4388
12.8328,628,,,0.5116,,,,,,14.4405,r2_measured_01013,read,measured,,,,,0.6518,,ok,0.3693
12.0451,688,,,0.5885,,,,,,13.8098,r2_measured_01014,read,measured,,,,,0.64,,ok,0.4643
11.6681,675,,,0.6509,,,,,,13.5021,r2_measured_01015,read,measured,,,,,0.7357,,ok,0.3723
53.7847,629,12.4653,3.4398,0.5494,2.1577,1,3.4379,1,20.2649,55.4291,r2_measured_01016,update,measured,16.8251,1.6444,1,0.0051,0.6929,18.8917,ok,0.3291
12.763,679,,,0.59,,,,,,14.4564,r2_measured_01017,read,measured,,,,,0.6365,,ok,0.3891
14.3681,416,,,0.2487,,,,,,15.4865,r2_measured_01018,read,measured,,,,,0.48,,ok,0.3361
94.7882,368,18.9845,8.3153,0.2044,1.2353,1,8.3135,1,47.7764,95.7579,r2_measured_01019,update,measured,39.4611,0.9697,1,14.0995,0.4196,12.6925,ok,0.2937
18.8406,625,,,0.5058,,,,,,20.2766,r2_measured_01020,read,measured,,,,,0.5391,,ok,0.3141
13.6994,662,,,0.679,,,,,,15.7207,r2_measured_01021,read,measured,,,,,0.9385,,ok,0.3432
12.9497,565,,,0.4831,,,,,,14.7627,r2_measured_01022,read,measured,,,,,0.6682,,ok,0.5829
13.2895,688,,,0.5703,,,,,,14.8996,r2_measured_01023,read,measured,,,,,0.6207,,ok,0.3444
12.5226,678,,,0.5128,,,,,,14.0504,r2_measured_01024,read,measured,,,,,0.6175,,ok,0.3252
12.7364,662,,,0.8821,,,,,,15.0236,r2_measured_01025,read,measured,,,,,0.8636,,ok,0.4596
14.1577,674,,,0.6198,,,,,,16.0481,r2_measured_01026,read,measured,,,,,0.7944,,ok,0.3897
13.0025,677,,,0.5435,,,,,,14.819,r2_measured_01027,read,measured,,,,,0.6466,,ok,0.5189
12.0261,662,,,0.6415,,,,,,13.727,r2_measured_01028,read,measured,,,,,0.6645,,ok,0.3237
11.9415,679,,,0.5605,,,,,,13.6268,r2_measured_01029,read,measured,,,,,0.7178,,ok,0.3326
11.1279,625,,,0.4627,,,,,,12.5032,r2_measured_01030,read,measured,,,,,0.5343,,ok,0.3162
9.0877,416,,,0.3383,,,,,,10.4277,r2_measured_01031,read,measured,,,,,0.5137,,ok,0.4157
11.5753,624,,,0.5229,,,,,,13.0246,r2_measured_01032,read,measured,,,,,0.53,,ok,0.3284
12.9066,662,,,0.5201,,,,,,14.361,r2_measured_01033,read,measured,,,,,0.543,,ok,0.3247
8.3055,418,,,0.285,,,,,,9.466,r2_measured_01034,read,measured,,,,,0.4903,,ok,0.3117
9.7888,507,,,0.5299,,,,,,11.3095,r2_measured_01035,read,measured,,,,,0.5681,,ok,0.3585
12.5296,628,,,0.6098,,,,,,14.2487,r2_measured_01036,read,measured,,,,,0.6564,,ok,0.3679
12.5239,675,,,0.5517,,,,,,14.3836,r2_measured_01037,read,measured,,,,,0.8133,,ok,0.3445
7.81,417,,,0.2701,,,,,,9.0014,r2_measured_01038,read,measured,,,,,0.5266,,ok,0.3385
7.9752,369,,,0.2659,,,,,,9.0207,r2_measured_01039,read,measured,,,,,0.4174,,ok,0.3111
11.2479,626,,,0.5554,,,,,,13.07,r2_measured_01040,read,measured,,,,,0.75,,ok,0.4483
11.3644,686,,,0.6023,,,,,,12.9518,r2_measured_01041,read,measured,,,,,0.5742,,ok,0.3483
11.9694,679,,,0.5853,,,,,,13.7097,r2_measured_01042,read,measured,,,,,0.7407,,ok,0.3353
12.0128,689,,,0.5725,,,,,,13.6556,r2_measured_01043,read,measured,,,,,0.6373,,ok,0.3634
12.9601,680,,,0.6625,,,,,,14.7422,r2_measured_01044,read,measured,,,,,0.7112,,ok,0.3374
12.4421,678,,,0.5507,,,,,,13.9826,r2_measured_01045,read,measured,,,,,0.6044,,ok,0.316
12.3932,674,,,0.6735,,,,,,14.3407,r2_measured_01046,read,measured,,,,,0.7732,,ok,0.4216
13.4292,628,,,0.8482,,,,,,15.8448,r2_measured_01047,read,measured,,,,,0.6504,,ok,0.8164
14.8796,681,,,0.5277,,,,,,16.312,r2_measured_01048,read,measured,,,,,0.5146,,ok,0.3252
12.3964,567,,,0.6275,,,,,,14.3486,r2_measured_01049,read,measured,,,,,0.7231,,ok,0.5131
14.6531,688,,,0.8134,,,,,,16.7216,r2_measured_01050,read,measured,,,,,0.7526,,ok,0.4204
14.092,679,,,0.6054,,,,,,15.6954,r2_measured_01051,read,measured,,,,,0.6292,,ok,0.3015
14.2237,680,,,0.5383,,,,,,15.7256,r2_measured_01052,read,measured,,,,,0.5821,,ok,0.3201
12.9421,661,,,0.5713,,,,,,14.8112,r2_measured_01053,read,measured,,,,,0.8074,,ok,0.3845
13.0759,689,,,0.5865,,,,,,14.7758,r2_measured_01054,read,measured,,,,,0.7137,,ok,0.3293
12.5826,680,,,0.6228,,,,,,14.4972,r2_measured_01055,read,measured,,,,,0.7598,,ok,0.4378
9.9135,418,,,0.2359,,,,,,10.9539,r2_measured_01056,read,measured,,,,,0.4554,,ok,0.297
7.3662,369,,,0.2038,,,,,,8.3306,r2_measured_01057,read,measured,,,,,0.4077,,ok,0.3078
9.6496,565,,,0.6069,,,,,,11.3573,r2_measured_01058,read,measured,,,,,0.6195,,ok,0.4066
11.8231,628,,,0.4814,,,,,,13.3715,r2_measured_01059,read,measured,,,,,0.6749,,ok,0.3215
11.5917,679,,,0.4857,,,,,,13.0241,r2_measured_01060,read,measured,,,,,0.58,,ok,0.3068
12.4614,661,,,0.5718,,,,,,14.1645,r2_measured_01061,read,measured,,,,,0.6975,,ok,0.3586
8.1592,369,,,0.215,,,,,,9.1934,r2_measured_01062,read,measured,,,,,0.4094,,ok,0.3515
11.6633,627,,,0.6101,,,,,,13.5447,r2_measured_01063,read,measured,,,,,0.7946,,ok,0.4019
14.2266,685,,,0.6205,,,,,,16.1406,r2_measured_01064,read,measured,,,,,0.7489,,ok,0.4297
11.1615,566,,,0.4108,,,,,,12.46,r2_measured_01065,read,measured,,,,,0.5403,,ok,0.2956
7.7209,369,,,0.2892,,,,,,8.8937,r2_measured_01066,read,measured,,,,,0.5264,,ok,0.3081
8.4337,418,,,0.31,,,,,,9.867,r2_measured_01067,read,measured,,,,,0.6056,,ok,0.4148
11.9831,567,,,0.5402,,,,,,13.5795,r2_measured_01068,read,measured,,,,,0.6309,,ok,0.3617
10.4905,567,,,0.4619,,,,,,11.9678,r2_measured_01069,read,measured,,,,,0.6329,,ok,0.3142
12.4463,680,,,0.5108,,,,,,14.0098,r2_measured_01070,read,measured,,,,,0.662,,ok,0.3239
11.3731,663,,,0.5145,,,,,,12.8771,r2_measured_01071,read,measured,,,,,0.59,,ok,0.3334
7.434,369,,,0.2696,,,,,,8.634,r2_measured_01072,read,measured,,,,,0.5513,,ok,0.3208
12.9321,689,,,0.7041,,,,,,14.997,r2_measured_01073,read,measured,,,,,0.8541,,ok,0.4191
13.4245,680,,,0.8686,,,,,,15.501,r2_measured_01074,read,measured,,,,,0.7041,,ok,0.3937
12.6595,660,,,0.6822,,,,,,14.5132,r2_measured_01075,read,measured,,,,,0.6709,,ok,0.423
89.0625,681,21.3136,5.2604,0.8644,3.3835,1,5.2583,1,21.5176,91.7715,r2_measured_01076,update,measured,16.2572,2.709,1,9.6874,1.1371,33.1604,ok,0.5795
18.4967,566,,,0.7171,,,,,,20.7708,r2_measured_01077,read,measured,,,,,0.9291,,ok,0.5354
17.3322,679,,,0.7518,,,,,,19.5935,r2_measured_01078,read,measured,,,,,0.9082,,ok,0.5024
11.6121,509,,,0.4636,,,,,,13.036,r2_measured_01079,read,measured,,,,,0.5653,,ok,0.3395
13.6015,685,,,0.6048,,,,,,15.2482,r2_measured_01080,read,measured,,,,,0.6458,,ok,0.3283
8.1408,418,,,0.2344,,,,,,9.1648,r2_measured_01081,read,measured,,,,,0.434,,ok,0.3063
11.4811,686,,,0.6432,,,,,,13.3344,r2_measured_01082,read,measured,,,,,0.7943,,ok,0.346
12.0828,689,,,0.5306,,,,,,13.7532,r2_measured_01083,read,measured,,,,,0.7449,,ok,0.3239
11.8224,624,,,0.467,,,,,,13.2258,r2_measured_01084,read,measured,,,,,0.5536,,ok,0.3243
11.5563,663,,,0.5918,,,,,,13.1773,r2_measured_01085,read,measured,,,,,0.6394,,ok,0.3224
11.1054,507,,,0.4775,,,,,,12.6115,r2_measured_01086,read,measured,,,,,0.6595,,ok,0.3116
7.0019,368,,,0.1989,,,,,,7.9081,r2_measured_01087,read,measured,,,,,0.3768,,ok,0.2899
11.2269,680,,,0.5677,,,,,,12.7733,r2_measured_01088,read,measured,,,,,0.5647,,ok,0.3392
10.7638,568,,,0.4072,,,,,,12.0857,r2_measured_01089,read,measured,,,,,0.5257,,ok,0.3325
13.109,672,,,0.7794,,,,,,15.1519,r2_measured_01090,read,measured,,,,,0.796,,ok,0.3812
12.0533,629,,,0.4864,,,,,,13.5602,r2_measured_01091,read,measured,,,,,0.6196,,ok,0.3351
17.8588,624,,,0.5998,,,,,,19.5039,r2_measured_01092,read,measured,,,,,0.6138,,ok,0.3628
9.9571,418,,,0.2916,,,,,,11.2614,r2_measured_01093,read,measured,,,,,0.5676,,ok,0.3835
12.0869,681,,,0.4678,,,,,,13.5007,r2_measured_01094,read,measured,,,,,0.5764,,ok,0.3082
17.5931,680,,,0.6307,,,,,,19.3815,r2_measured_01095,read,measured,,,,,0.707,,ok,0.3752
14.9704,679,,,0.6061,,,,,,16.7181,r2_measured_01096,read,measured,,,,,0.6981,,ok,0.3662
9.8682,508,,,0.5222,,,,,,11.3563,r2_measured_01097,read,measured,,,,,0.5503,,ok,0.3524
12.6203,673,,,0.4924,,,,,,14.2061,r2_measured_01098,read,measured,,,,,0.5993,,ok,0.406
11.7724,679,,,0.6777,,,,,,13.5531,r2_measured_01099,read,measured,,,,,0.7041,,ok,0.3314
12.5005,663,,,0.6059,,,,,,14.3573,r2_measured_01100,read,measured,,,,,0.7842,,ok,0.3692
12.0592,661,,,0.4721,,,,,,13.4767,r2_measured_01101,read,measured,,,,,0.584,,ok,0.3026
12.0341,678,,,0.5197,,,,,,13.5768,r2_measured_01102,read,measured,,,,,0.6312,,ok,0.3215
10.9627,629,,,0.5625,,,,,,12.5253,r2_measured_01103,read,measured,,,,,0.5659,,ok,0.375
58.2343,508,10.3621,4.9675,0.5007,1.895,1,4.9662,1,19.4587,59.7478,r2_measured_01104,update,measured,14.4912,1.5135,1,9.2098,0.5438,17.3087,ok,0.408
8.2732,418,,,0.2412,,,,,,9.3602,r2_measured_01105,read,measured,,,,,0.443,,ok,0.3541
12.6724,686,,,0.5411,,,,,,14.2686,r2_measured_01106,read,measured,,,,,0.6616,,ok,0.3191
11.3576,624,,,0.5073,,,,,,13.0126,r2_measured_01107,read,measured,,,,,0.7473,,ok,0.338
62.1916,568,10.5701,4.0117,0.4287,2.0811,1,4.0099,1,20.8968,63.5561,r2_measured_01108,update,measured,16.8851,1.3645,1,8.8743,0.5772,19.7693,ok,0.3036
9.0685,507,,,0.5596,,,,,,10.7221,r2_measured_01109,read,measured,,,,,0.6324,,ok,0.399
11.7062,507,,,0.513,,,,,,13.5041,r2_measured_01110,read,measured,,,,,0.7551,,ok,0.4488
12.2164,680,,,0.4348,,,,,,13.5831,r2_measured_01111,read,measured,,,,,0.5712,,ok,0.3029
10.8085,626,,,0.3883,,,,,,12.1097,r2_measured_01112,read,measured,,,,,0.5058,,ok,0.348
14.0051,679,,,0.4848,,,,,,15.5819,r2_measured_01113,read,measured,,,,,0.6716,,ok,0.3498
13.7944,688,,,0.6184,,,,,,15.5873,r2_measured_01114,read,measured,,,,,0.7249,,ok,0.3779
14.5783,567,,,0.4627,,,,,,16.0311,r2_measured_01115,read,measured,,,,,0.6033,,ok,0.3206
14.1071,688,,,0.4814,,,,,,15.5712,r2_measured_01116,read,measured,,,,,0.588,,ok,0.3292
16.3715,681,,,0.6005,,,,,,18.1914,r2_measured_01117,read,measured,,,,,0.7717,,ok,0.3627
13.4348,508,,,0.5023,,,,,,14.8754,r2_measured_01118,read,measured,,,,,0.5306,,ok,0.3465
12.2883,677,,,0.5158,,,,,,13.9676,r2_measured_01119,read,measured,,,,,0.7392,,ok,0.3517
12.3237,628,,,0.499,,,,,,13.7435,r2_measured_01120,read,measured,,,,,0.5388,,ok,0.3221
13.6919,678,,,0.7103,,,,,,15.7261,r2_measured_01121,read,measured,,,,,0.8571,,ok,0.3804
13.7828,680,,,0.5841,,,,,,15.4962,r2_measured_01122,read,measured,,,,,0.6928,,ok,0.3629
12.3893,567,,,0.5705,,,,,,14.036,r2_measured_01123,read,measured,,,,,0.6425,,ok,0.3565
16.0864,680,,,0.6055,,,,,,17.7389,r2_measured_01124,read,measured,,,,,0.6423,,ok,0.3321
12.9829,566,,,0.6362,,,,,,14.9774,r2_measured_01125,read,measured,,,,,0.8103,,ok,0.4566
11.7034,419,,,0.2717,,,,,,12.9632,r2_measured_01126,read,measured,,,,,0.5628,,ok,0.364
8.5193,369,,,0.2071,,,,,,9.5206,r2_measured_01127,read,measured,,,,,0.4355,,ok,0.3078
11.4796,679,,,0.5651,,,,,,13.1198,r2_measured_01128,read,measured,,,,,0.6395,,ok,0.3603
10.2899,507,,,0.4779,,,,,,11.7682,r2_measured_01129,read,measured,,,,,0.5822,,ok,0.3492
11.9301,628,,,0.6247,,,,,,13.6505,r2_measured_01130,read,measured,,,,,0.6589,,ok,0.3604
10.0816,508,,,0.993,,,,,,12.4187,r2_measured_01131,read,measured,,,,,0.6178,,ok,0.6523
11.1305,627,,,0.4328,,,,,,12.4973,r2_measured_01132,read,measured,,,,,0.5606,,ok,0.3121
12.7898,680,,,0.8036,,,,,,14.865,r2_measured_01133,read,measured,,,,,0.7719,,ok,0.4158
9.2738,369,,,0.2474,,,,,,10.4321,r2_measured_01134,read,measured,,,,,0.5197,,ok,0.3331
11.511,369,,,0.2127,,,,,,12.5363,r2_measured_01135,read,measured,,,,,0.4534,,ok,0.3087
14.4195,418,,,0.2556,,,,,,15.5352,r2_measured_01136,read,measured,,,,,0.4955,,ok,0.3105
11.1578,566,,,0.5009,,,,,,12.8215,r2_measured_01137,read,measured,,,,,0.688,,ok,0.3903
14.889,662,,,0.6082,,,,,,16.5591,r2_measured_01138,read,measured,,,,,0.6615,,ok,0.3263
9.7805,506,,,0.45,,,,,,11.1682,r2_measured_01139,read,measured,,,,,0.5532,,ok,0.325
11.0068,624,,,0.5561,,,,,,12.6582,r2_measured_01140,read,measured,,,,,0.7216,,ok,0.3119
12.0682,679,,,0.5575,,,,,,13.6771,r2_measured_01141,read,measured,,,,,0.6462,,ok,0.3269
9.1442,418,,,0.3447,,,,,,10.6365,r2_measured_01142,read,measured,,,,,0.5767,,ok,0.5004
13.482,678,,,0.7161,,,,,,15.3021,r2_measured_01143,read,measured,,,,,0.6428,,ok,0.3667
12.813,628,,,0.5756,,,,,,14.5463,r2_measured_01144,read,measured,,,,,0.6683,,ok,0.4068
7.0577,368,,,0.1993,,,,,,8.0323,r2_measured_01145,read,measured,,,,,0.4326,,ok,0.2987
10.6568,626,,,0.5272,,,,,,12.2681,r2_measured_01146,read,measured,,,,,0.6816,,ok,0.3305
15.1899,674,,,0.7598,,,,,,17.4053,r2_measured_01147,read,measured,,,,,0.9105,,ok,0.4469
13.9079,662,,,0.6181,,,,,,15.6265,r2_measured_01148,read,measured,,,,,0.6696,,ok,0.3507
12.8286,675,,,0.5366,,,,,,14.3426,r2_measured_01149,read,measured,,,,,0.6041,,ok,0.3052
11.366,629,,,0.5123,,,,,,12.823,r2_measured_01150,read,measured,,,,,0.5596,,ok,0.3262
11.8708,628,,,0.4859,,,,,,13.3059,r2_measured_01151,read,measured,,,,,0.5523,,ok,0.3128
9.9449,567,,,0.4898,,,,,,11.3538,r2_measured_01152,read,measured,,,,,0.5554,,ok,0.3052
8.9478,418,,,0.3998,,,,,,10.4566,r2_measured_01153,read,measured,,,,,0.5569,,ok,0.4866
14.3317,681,,,0.6561,,,,,,16.1528,r2_measured_01154,read,measured,,,,,0.6754,,ok,0.4041
14.9256,688,,,0.5386,,,,,,16.3858,r2_measured_01155,read,measured,,,,,0.5716,,ok,0.2925
11.9437,677,,,0.5166,,,,,,13.5546,r2_measured_01156,read,measured,,,,,0.7283,,ok,0.2975
11.1296,624,,,0.6071,,,,,,12.8206,r2_measured_01157,read,measured,,,,,0.6111,,ok,0.3965
7.9111,368,,,0.193,,,,,,8.8478,r2_measured_01158,read,measured,,,,,0.3975,,ok,0.3046
12.4153,628,,,0.5561,,,,,,14.0711,r2_measured_01159,read,measured,,,,,0.6595,,ok,0.3655
12.935,689,,,0.5463,,,,,,14.7288,r2_measured_01160,read,measured,,,,,0.7709,,ok,0.4096
8.6069,417,,,0.2952,,,,,,9.8673,r2_measured_01161,read,measured,,,,,0.5558,,ok,0.3334
14.3953,628,,,0.4968,,,,,,15.9822,r2_measured_01162,read,measured,,,,,0.7036,,ok,0.3194
10.5428,568,,,0.4887,,,,,,12.0587,r2_measured_01163,read,measured,,,,,0.515,,ok,0.4456
10.1595,509,,,0.4618,,,,,,11.5389,r2_measured_01164,read,measured,,,,,0.5391,,ok,0.3125
12.2774,675,,,0.5293,,,,,,13.9148,r2_measured_01165,read,measured,,,,,0.68,,ok,0.3553
12.2698,566,,,0.5302,,,,,,13.7962,r2_measured_01166,read,measured,,,,,0.5745,,ok,0.3512
11.5475,662,,,0.4411,,,,,,12.916,r2_measured_01167,read,measured,,,,,0.5585,,ok,0.3098
11.7639,673,,,0.4944,,,,,,13.1988,r2_measured_01168,read,measured,,,,,0.5726,,ok,0.3056
12.2332,628,,,0.4768,,,,,,13.6585,r2_measured_01169,read,measured,,,,,0.576,,ok,0.3017
13.0772,680,,,0.6264,,,,,,15.0384,r2_measured_01170,read,measured,,,,,0.721,,ok,0.5193
11.467,509,,,0.5334,,,,,,13.165,r2_measured_01171,read,measured,,,,,0.6638,,ok,0.4218
12.8083,688,,,0.5676,,,,,,14.3685,r2_measured_01172,read,measured,,,,,0.6043,,ok,0.3207
11.6695,661,,,0.5288,,,,,,13.2658,r2_measured_01173,read,measured,,,,,0.6782,,ok,0.326
12.3473,688,,,0.5538,,,,,,13.8953,r2_measured_01174,read,measured,,,,,0.5944,,ok,0.3304
8.5837,418,,,0.2556,,,,,,9.7971,r2_measured_01175,read,measured,,,,,0.5375,,ok,0.3654
10.3405,507,,,0.5836,,,,,,11.9667,r2_measured_01176,read,measured,,,,,0.6006,,ok,0.3716
13.5873,679,,,0.6419,,,,,,15.3743,r2_measured_01177,read,measured,,,,,0.6836,,ok,0.3797
12.167,628,,,0.5582,,,,,,13.828,r2_measured_01178,read,measured,,,,,0.6609,,ok,0.3672
12.3445,624,,,0.5651,,,,,,14.2018,r2_measured_01179,read,measured,,,,,0.7205,,ok,0.4691
12.6615,565,,,0.4511,,,,,,14.1627,r2_measured_01180,read,measured,,,,,0.6563,,ok,0.3351
11.8203,627,,,0.4761,,,,,,13.2791,r2_measured_01181,read,measured,,,,,0.5795,,ok,0.3299
11.9877,626,,,0.5039,,,,,,13.6435,r2_measured_01182,read,measured,,,,,0.715,,ok,0.371
9.0567,417,,,0.2562,,,,,,10.214,r2_measured_01183,read,measured,,,,,0.5097,,ok,0.343
7.5716,368,,,0.2748,,,,,,8.8596,r2_measured_01184,read,measured,,,,,0.6383,,ok,0.3156
66.6656,419,8.6611,5.2752,0.2697,1.5706,1,5.2736,1,21.2539,67.7848,r2_measured_01185,update,measured,15.9787,1.1192,1,20.2646,0.4642,14.9154,ok,0.3294
17.9115,681,,,0.749,,,,,,20.2449,r2_measured_01186,read,measured,,,,,1.0106,,ok,0.4772
14.5392,628,,,0.5387,,,,,,16.13,r2_measured_01187,read,measured,,,,,0.65,,ok,0.3323
8.0773,416,,,0.2972,,,,,,9.2613,r2_measured_01188,read,measured,,,,,0.5228,,ok,0.3114
11.8024,688,,,0.6133,,,,,,13.5641,r2_measured_01189,read,measured,,,,,0.7041,,ok,0.3703
64.2365,567,10.7989,4.6945,0.469,2.0171,1,4.6922,1,20.8762,65.6435,r2_measured_01190,update,measured,16.1817,1.407,1,9.6766,0.571,20.8677,ok,0.307
14.7052,680,,,0.6086,,,,,,16.5443,r2_measured_01191,read,measured,,,,,0.8139,,ok,0.3418
11.2863,628,,,0.8468,,,,,,13.0328,r2_measured_01192,read,measured,,,,,0.545,,ok,0.2966
12.492,687,,,0.5513,,,,,,14.1832,r2_measured_01193,read,measured,,,,,0.7164,,ok,0.3469
8.5205,368,,,0.3228,,,,,,9.8248,r2_measured_01194,read,measured,,,,,0.5867,,ok,0.3416
10.5648,505,,,0.5702,,,,,,12.2477,r2_measured_01195,read,measured,,,,,0.607,,ok,0.439
15.5837,629,,,0.5613,,,,,,17.2609,r2_measured_01196,read,measured,,,,,0.6877,,ok,0.3577
16.2706,679,,,0.6607,,,,,,18.0729,r2_measured_01197,read,measured,,,,,0.6711,,ok,0.3914
8.7271,418,,,0.2369,,,,,,9.7498,r2_measured_01198,read,measured,,,,,0.4318,,ok,0.3026
8.579,419,,,0.2877,,,,,,9.8272,r2_measured_01199,read,measured,,,,,0.5421,,ok,0.3586
17.7786,679,,,1.0434,,,,,,20.8248,r2_measured_01200,read,measured,,,,,1.1662,,ok,0.6802
11.439,507,,,0.6066,,,,,,13.3507,r2_measured_01201,read,measured,,,,,0.7501,,ok,0.472
19.1293,509,,,0.4192,,,,,,20.4504,r2_measured_01202,read,measured,,,,,0.525,,ok,0.3175
10.9943,509,,,0.4651,,,,,,12.3462,r2_measured_01203,read,measured,,,,,0.525,,ok,0.3091
11.3866,674,,,0.5521,,,,,,12.9581,r2_measured_01204,read,measured,,,,,0.5857,,ok,0.365
15.4541,680,,,0.5668,,,,,,17.3424,r2_measured_01205,read,measured,,,,,0.8498,,ok,0.3907
11.3867,567,,,0.5611,,,,,,12.9412,r2_measured_01206,read,measured,,,,,0.5832,,ok,0.3523
9.6776,504,,,0.4569,,,,,,11.0282,r2_measured_01207,read,measured,,,,,0.5073,,ok,0.3231
9.8282,565,,,0.489,,,,,,11.244,r2_measured_01208,read,measured,,,,,0.5331,,ok,0.3384
7.7998,418,,,0.3086,,,,,,8.908,r2_measured_01209,read,measured,,,,,0.4536,,ok,0.2995
8.0866,418,,,0.3086,,,,,,9.3321,r2_measured_01210,read,measured,,,,,0.5417,,ok,0.3323
9.9193,567,,,0.5042,,,,,,11.3066,r2_measured_01211,read,measured,,,,,0.4939,,ok,0.3325
11.0875,627,,,0.6359,,,,,,13.0667,r2_measured_01212,read,measured,,,,,0.803,,ok,0.4504
13.7395,674,,,0.59,,,,,,15.3946,r2_measured_01213,read,measured,,,,,0.6454,,ok,0.334
12.5227,686,,,0.4828,,,,,,14.0697,r2_measured_01214,read,measured,,,,,0.6849,,ok,0.3152
11.3954,567,,,0.622,,,,,,13.0957,r2_measured_01215,read,measured,,,,,0.6565,,ok,0.3435
14.3339,681,,,0.5936,,,,,,16.1648,r2_measured_01216,read,measured,,,,,0.7112,,ok,0.446
67.1934,628,12.0962,6.0255,0.6222,2.232,1,6.0238,1,22.2202,69.1119,r2_measured_01217,update,measured,16.1947,1.9185,1,9.7046,0.6703,20.9404,ok,0.4974
13.006,679,,,0.6137,,,,,,14.7556,r2_measured_01218,read,measured,,,,,0.7082,,ok,0.3478
11.4236,675,,,0.5916,,,,,,12.9985,r2_measured_01219,read,measured,,,,,0.5686,,ok,0.3515
11.5073,681,,,0.8913,,,,,,13.7684,r2_measured_01220,read,measured,,,,,0.6572,,ok,0.6269
17.0586,662,,,0.6617,,,,,,19.1037,r2_measured_01221,read,measured,,,,,0.8244,,ok,0.4719
12.4976,679,,,0.6733,,,,,,14.2991,r2_measured_01222,read,measured,,,,,0.6515,,ok,0.4023
13.7385,688,,,0.5871,,,,,,15.442,r2_measured_01223,read,measured,,,,,0.7002,,ok,0.3452
11.3069,568,,,0.4994,,,,,,12.7231,r2_measured_01224,read,measured,,,,,0.5361,,ok,0.3198
11.2036,628,,,1.0248,,,,,,13.7945,r2_measured_01225,read,measured,,,,,0.7262,,ok,0.7594
15.3029,681,,,0.9394,,,,,,18.0895,r2_measured_01226,read,measured,,,,,1.2765,,ok,0.4586
16.8853,680,,,0.5661,,,,,,18.681,r2_measured_01227,read,measured,,,,,0.7539,,ok,0.3942
11.6893,508,,,0.4665,,,,,,13.2222,r2_measured_01228,read,measured,,,,,0.6256,,ok,0.3839
11.2725,568,,,0.5436,,,,,,12.9122,r2_measured_01229,read,measured,,,,,0.6669,,ok,0.3583
10.7515,568,,,0.9068,,,,,,12.6395,r2_measured_01230,read,measured,,,,,0.5945,,ok,0.3283
8.3472,417,,,0.4676,,,,,,10.0794,r2_measured_01231,read,measured,,,,,0.6291,,ok,0.5602
84.2006,679,16.9975,6.1916,0.5308,2.2722,1,6.1895,1,31.0712,85.884,r2_measured_01232,update,measured,24.8796,1.6834,1,10.8946,0.6959,22.9651,ok,0.376
15.5324,679,,,0.5732,,,,,,17.1844,r2_measured_01233,read,measured,,,,,0.6885,,ok,0.3273
8.7137,369,,,0.242,,,,,,9.8619,r2_measured_01234,read,measured,,,,,0.5059,,ok,0.3385
12.8965,680,,,0.4684,,,,,,14.2707,r2_measured_01235,read,measured,,,,,0.5488,,ok,0.2959
8.3326,419,,,0.3393,,,,,,9.7699,r2_measured_01236,read,measured,,,,,0.6154,,ok,0.4219
17.2491,681,,,0.9435,,,,,,19.5243,r2_measured_01237,read,measured,,,,,0.8119,,ok,0.4302
78.3165,568,15.4327,6.0395,0.4974,2.5025,1,6.0377,1,29.611,79.8096,r2_measured_01238,update,measured,23.5715,1.4931,1,10.9492,0.593,19.8211,ok,0.3449
11.5204,626,,,0.551,,,,,,13.0814,r2_measured_01239,read,measured,,,,,0.5823,,ok,0.3445
14.3155,681,,,0.7755,,,,,,16.3476,r2_measured_01240,read,measured,,,,,0.7274,,ok,0.4443
17.1136,679,,,0.8032,,,,,,19.2759,r2_measured_01241,read,measured,,,,,0.8345,,ok,0.4346
14.0427,679,,,0.5476,,,,,,15.5413,r2_measured_01242,read,measured,,,,,0.587,,ok,0.3017
11.8942,681,,,0.5574,,,,,,13.4185,r2_measured_01243,read,measured,,,,,0.5758,,ok,0.3204
9.6194,508,,,0.4519,,,,,,10.9848,r2_measured_01244,read,measured,,,,,0.5408,,ok,0.3187
13.1887,681,,,0.6732,,,,,,15.3297,r2_measured_01245,read,measured,,,,,0.9204,,ok,0.4616
11.0751,509,,,0.4721,,,,,,12.6012,r2_measured_01246,read,measured,,,,,0.6022,,ok,0.3332
11.8033,663,,,0.5859,,,,,,13.5702,r2_measured_01247,read,measured,,,,,0.7271,,ok,0.3903
62.3839,566,,,0.522,,,,,,63.8502,r2_measured_01248,read,measured,,,,,0.5462,,ok,0.3341
10.188,509,,,0.5078,,,,,,11.809,r2_measured_01249,read,measured,,,,,0.6497,,ok,0.3853
12.777,679,,,0.5436,,,,,,14.394,r2_measured_01250,read,measured,,,,,0.6641,,ok,0.339
10.1637,419,,,0.3066,,,,,,11.4672,r2_measured_01251,read,measured,,,,,0.5809,,ok,0.345
13.3937,688,,,0.619,,,,,,15.2093,r2_measured_01252,read,measured,,,,,0.7565,,ok,0.3506
12.3963,689,,,0.6277,,,,,,14.1465,r2_measured_01253,read,measured,,,,,0.6962,,ok,0.3545
12.4905,626,,,0.644,,,,,,14.3233,r2_measured_01254,read,measured,,,,,0.7133,,ok,0.3608
9.5321,509,,,0.4726,,,,,,10.9012,r2_measured_01255,read,measured,,,,,0.5248,,ok,0.3119
11.5131,680,,,0.5357,,,,,,13.1804,r2_measured_01256,read,measured,,,,,0.7558,,ok,0.3088
13.0738,679,,,0.911,,,,,,15.3596,r2_measured_01257,read,measured,,,,,0.883,,ok,0.382
11.7535,509,,,0.4599,,,,,,13.2005,r2_measured_01258,read,measured,,,,,0.5687,,ok,0.3492
15.242,663,,,1.5472,,,,,,18.5013,r2_measured_01259,read,measured,,,,,0.7266,,ok,0.8993
12.9348,674,,,0.7907,,,,,,14.7893,r2_measured_01260,read,measured,,,,,0.5994,,ok,0.3797
13.8924,568,,,0.5692,,,,,,15.6924,r2_measured_01261,read,measured,,,,,0.7973,,ok,0.3542
10.3846,567,,,0.4859,,,,,,11.8026,r2_measured_01262,read,measured,,,,,0.5352,,ok,0.33
12.8047,681,,,0.6224,,,,,,14.5149,r2_measured_01263,read,measured,,,,,0.6555,,ok,0.357
13.4851,627,,,0.51,,,,,,15.2325,r2_measured_01264,read,measured,,,,,0.8034,,ok,0.3506
14.4344,679,,,0.6556,,,,,,16.2753,r2_measured_01265,read,measured,,,,,0.7083,,ok,0.4033
14.4067,628,,,0.5742,,,,,,16.2179,r2_measured_01266,read,measured,,,,,0.7678,,ok,0.3725
8.9808,368,,,0.2663,,,,,,10.1947,r2_measured_01267,read,measured,,,,,0.5301,,ok,0.363
17.7173,677,,,0.5779,,,,,,19.5447,r2_measured_01268,read,measured,,,,,0.8059,,ok,0.357
73.6303,675,15.7414,10.0583,0.6136,2.3675,1,10.0565,1,35.112,75.4829,r2_measured_01269,update,measured,25.0537,1.8526,1,0.0062,0.7591,20.4032,ok,0.3967
13.8784,679,,,0.5895,,,,,,15.7202,r2_measured_01270,read,measured,,,,,0.8629,,ok,0.3114
12.5312,679,,,0.4779,,,,,,14.0127,r2_measured_01271,read,measured,,,,,0.634,,ok,0.3048
9.4942,567,,,0.609,,,,,,11.0591,r2_measured_01272,read,measured,,,,,0.5703,,ok,0.3289
9.3727,509,,,0.4938,,,,,,11.0405,r2_measured_01273,read,measured,,,,,0.7179,,ok,0.3774
12.0736,689,,,0.5956,,,,,,13.8373,r2_measured_01274,read,measured,,,,,0.5911,,ok,0.4993
10.9825,660,,,0.5809,,,,,,12.5971,r2_measured_01275,read,measured,,,,,0.6138,,ok,0.352
11.9183,662,,,0.5402,,,,,,13.4615,r2_measured_01276,read,measured,,,,,0.6172,,ok,0.3175
21.7291,628,,,0.5745,,,,,,23.3495,r2_measured_01277,read,measured,,,,,0.6188,,ok,0.3477
14.7654,673,,,0.4987,,,,,,16.4166,r2_measured_01278,read,measured,,,,,0.7199,,ok,0.3624
10.1867,419,,,0.282,,,,,,11.3791,r2_measured_01279,read,measured,,,,,0.5062,,ok,0.3465
13.338,662,,,0.6491,,,,,,15.1832,r2_measured_01280,read,measured,,,,,0.6932,,ok,0.426
13.2192,629,,,0.682,,,,,,14.9552,r2_measured_01281,read,measured,,,,,0.6351,,ok,0.3497
11.8446,567,,,0.7924,,,,,,13.7937,r2_measured_01282,read,measured,,,,,0.7008,,ok,0.3866
12.2114,627,,,0.6008,,,,,,13.7246,r2_measured_01283,read,measured,,,,,0.5047,,ok,0.3434
9.6135,509,,,1.2787,,,,,,11.9201,r2_measured_01284,read,measured,,,,,0.5936,,ok,0.3633
9.1558,419,,,0.2733,,,,,,10.3351,r2_measured_01285,read,measured,,,,,0.5161,,ok,0.3315
11.5299,628,,,1.1001,,,,,,13.6496,r2_measured_01286,read,measured,,,,,0.6008,,ok,0.3501
12.7452,624,,,0.6077,,,,,,14.5473,r2_measured_01287,read,measured,,,,,0.7407,,ok,0.3719
13.2617,626,,,0.6541,,,,,,15.2016,r2_measured_01288,read,measured,,,,,0.7607,,ok,0.4409
13.6454,625,,,0.6203,,,,,,15.4362,r2_measured_01289,read,measured,,,,,0.7143,,ok,0.3728
12.8337,628,,,0.6051,,,,,,14.5581,r2_measured_01290,read,measured,,,,,0.6127,,ok,0.3964
11.7801,662,,,0.5459,,,,,,13.3963,r2_measured_01291,read,measured,,,,,0.648,,ok,0.3514
12.6733,681,,,0.5767,,,,,,14.3996,r2_measured_01292,read,measured,,,,,0.7004,,ok,0.372
18.8861,628,,,0.7004,,,,,,20.6965,r2_measured_01293,read,measured,,,,,0.6798,,ok,0.3539
14.3382,681,,,0.51,,,,,,15.8986,r2_measured_01294,read,measured,,,,,0.6443,,ok,0.3353
11.125,509,,,0.4162,,,,,,12.6312,r2_measured_01295,read,measured,,,,,0.6642,,ok,0.3591
12.7162,681,,,0.5766,,,,,,14.3376,r2_measured_01296,read,measured,,,,,0.6458,,ok,0.3281
11.7225,663,,,0.576,,,,,,13.3931,r2_measured_01297,read,measured,,,,,0.652,,ok,0.3707
11.2932,662,,,0.6769,,,,,,13.0953,r2_measured_01298,read,measured,,,,,0.687,,ok,0.3655
8.5564,419,,,0.2939,,,,,,9.7758,r2_measured_01299,read,measured,,,,,0.4842,,ok,0.3849
10.1259,567,,,0.4439,,,,,,11.6592,r2_measured_01300,read,measured,,,,,0.704,,ok,0.3075
11.3347,625,,,0.6254,,,,,,13.2626,r2_measured_01301,read,measured,,,,,0.7474,,ok,0.4502
11.5183,626,,,0.5598,,,,,,13.0351,r2_measured_01302,read,measured,,,,,0.5511,,ok,0.3451
7.9372,416,,,0.2605,,,,,,9.1473,r2_measured_01303,read,measured,,,,,0.5353,,ok,0.3559
12.6909,624,,,0.5014,,,,,,14.2423,r2_measured_01304,read,measured,,,,,0.6633,,ok,0.3169
10.9905,663,,,0.6361,,,,,,12.721,r2_measured_01305,read,measured,,,,,0.6448,,ok,0.3865
9.1465,509,,,0.4111,,,,,,10.4528,r2_measured_01306,read,measured,,,,,0.5271,,ok,0.3185
10.3994,508,,,0.5228,,,,,,12.0531,r2_measured_01307,read,measured,,,,,0.706,,ok,0.3596
13.3714,679,,,0.6001,,,,,,15.0214,r2_measured_01308,read,measured,,,,,0.6188,,ok,0.3638
12.6272,689,,,0.5965,,,,,,14.3839,r2_measured_01309,read,measured,,,,,0.7244,,ok,0.3562
11.2301,662,,,0.5948,,,,,,12.9877,r2_measured_01310,read,measured,,,,,0.7538,,ok,0.3338
11.7187,679,,,0.465,,,,,,13.1138,r2_measured_01311,read,measured,,,,,0.5731,,ok,0.2991
57.5449,673,12.3002,4.3097,0.5282,2.2904,0,4.308,1,21.5583,59.1192,r2_measured_01312,update,measured,17.2486,1.5743,1,0.005,0.6734,21.391,ok,0.3126
10.4875,566,,,0.555,,,,,,12.0554,r2_measured_01313,read,measured,,,,,0.6169,,ok,0.3278
13.747,677,,,0.5804,,,,,,15.4399,r2_measured_01314,read,measured,,,,,0.6032,,ok,0.4196
65.1527,568,11.4862,4.6746,0.5298,2.261,1,4.6731,1,18.5757,66.6553,r2_measured_01315,update,measured,13.9011,1.5026,1,10.088,0.586,22.7418,ok,0.3263
11.7662,628,,,0.5776,,,,,,13.556,r2_measured_01316,read,measured,,,,,0.731,,ok,0.4052
10.2665,507,,,0.4462,,,,,,11.835,r2_measured_01317,read,measured,,,,,0.6148,,ok,0.4416
11.9903,674,,,0.5275,,,,,,13.4817,r2_measured_01318,read,measured,,,,,0.5742,,ok,0.3213
7.4269,418,,,0.2896,,,,,,8.6436,r2_measured_01319,read,measured,,,,,0.4989,,ok,0.3712
14.6114,679,,,0.5065,,,,,,16.1287,r2_measured_01320,read,measured,,,,,0.6203,,ok,0.3194
9.5063,419,,,0.3134,,,,,,11.0014,r2_measured_01321,read,measured,,,,,0.6471,,ok,0.4698
13.3157,567,,,0.64,,,,,,15.4202,r2_measured_01322,read,measured,,,,,0.848,,ok,0.5258
14.6003,624,,,0.5379,,,,,,16.061,r2_measured_01323,read,measured,,,,,0.5335,,ok,0.3272
14.1616,675,,,0.6045,,,,,,16.0556,r2_measured_01324,read,measured,,,,,0.8438,,ok,0.3649
15.2388,688,,,0.6729,,,,,,17.1406,r2_measured_01325,read,measured,,,,,0.7183,,ok,0.4277
15.3675,566,,,0.7901,,,,,,17.5195,r2_measured_01326,read,measured,,,,,0.7921,,ok,0.4713
15.801,661,,,0.711,,,,,,18.0125,r2_measured_01327,read,measured,,,,,0.9639,,ok,0.4501
13.395,629,,,0.4914,,,,,,14.8876,r2_measured_01328,read,measured,,,,,0.6119,,ok,0.3226
12.7525,679,,,0.744,,,,,,14.7981,r2_measured_01329,read,measured,,,,,0.7666,,ok,0.4533
14.2871,677,,,0.5554,,,,,,16.0491,r2_measured_01330,read,measured,,,,,0.7818,,ok,0.3455
12.3877,625,,,0.621,,,,,,14.0958,r2_measured_01331,read,measured,,,,,0.706,,ok,0.313
69.4233,628,16.4413,6.281,0.8073,3.3733,1,6.2786,1,27.4898,71.6293,r2_measured_01332,update,measured,21.2088,2.206,1,0.0058,0.8139,22.1131,ok,0.4947
16.4182,661,,,0.5935,,,,,,18.1454,r2_measured_01333,read,measured,,,,,0.7011,,ok,0.3504
11.2611,507,,,0.566,,,,,,12.9561,r2_measured_01334,read,measured,,,,,0.6466,,ok,0.4162
10.7251,568,,,0.5276,,,,,,12.2376,r2_measured_01335,read,measured,,,,,0.5698,,ok,0.3458
76.5203,416,15.6074,5.7264,0.3722,3.0586,1,5.7247,1,21.7231,78.3502,r2_measured_01336,update,measured,15.9967,1.8299,1,10.1137,0.725,26.0175,ok,0.6282
16.5317,509,,,0.5165,,,,,,18.2,r2_measured_01337,read,measured,,,,,0.7183,,ok,0.3712
14.5127,688,,,0.5876,,,,,,16.3969,r2_measured_01338,read,measured,,,,,0.8416,,ok,0.3767
15.1776,566,,,0.7549,,,,,,17.49,r2_measured_01339,read,measured,,,,,0.8783,,ok,0.5818
21.2254,625,,,0.727,,,,,,23.4548,r2_measured_01340,read,measured,,,,,0.8783,,ok,0.5237
18.9425,567,,,0.9302,,,,,,21.4919,r2_measured_01341,read,measured,,,,,0.9721,,ok,0.5453
15.0642,419,,,0.6131,,,,,,17.1552,r2_measured_01342,read,measured,,,,,0.8729,,ok,0.5269
15.6484,675,,,0.6274,,,,,,17.5698,r2_measured_01343,read,measured,,,,,0.8088,,ok,0.391
16.672,567,,,0.5133,,,,,,18.3363,r2_measured_01344,read,measured,,,,,0.6407,,ok,0.4338
12.1973,568,,,0.6354,,,,,,14.0544,r2_measured_01345,read,measured,,,,,0.7483,,ok,0.4007
12.1756,689,,,0.4935,,,,,,13.6836,r2_measured_01346,read,measured,,,,,0.6321,,ok,0.3116
6.9501,369,,,0.288,,,,,,8.0285,r2_measured_01347,read,measured,,,,,0.4124,,ok,0.33
11.8414,663,,,0.5588,,,,,,13.4114,r2_measured_01348,read,measured,,,,,0.6214,,ok,0.318
11.9963,679,,,0.5644,,,,,,13.5798,r2_measured_01349,read,measured,,,,,0.6118,,ok,0.3302
11.9614,688,,,0.6014,,,,,,13.5883,r2_measured_01350,read,measured,,,,,0.6357,,ok,0.3164
12.2085,663,,,0.622,,,,,,13.9781,r2_measured_01351,read,measured,,,,,0.7751,,ok,0.3139
10.7747,679,,,0.6122,,,,,,12.5329,r2_measured_01352,read,measured,,,,,0.7063,,ok,0.3453
11.6039,566,,,0.5092,,,,,,13.1363,r2_measured_01353,read,measured,,,,,0.6123,,ok,0.3449
11.6535,673,,,0.4803,,,,,,13.0781,r2_measured_01354,read,measured,,,,,0.5565,,ok,0.3266
12.9443,679,,,0.5532,,,,,,14.5153,r2_measured_01355,read,measured,,,,,0.5935,,ok,0.3509
7.6817,368,,,0.2487,,,,,,8.9083,r2_measured_01356,read,measured,,,,,0.5886,,ok,0.3366
11.7267,675,,,0.5185,,,,,,13.1704,r2_measured_01357,read,measured,,,,,0.5518,,ok,0.3085
12.9449,686,,,0.6271,,,,,,14.6756,r2_measured_01358,read,measured,,,,,0.6903,,ok,0.3377
9.3732,509,,,0.4563,,,,,,10.7498,r2_measured_01359,read,measured,,,,,0.5016,,ok,0.3541
7.8296,419,,,0.2324,,,,,,8.8638,r2_measured_01360,read,measured,,,,,0.4402,,ok,0.3151
12.268,674,,,0.6091,,,,,,13.9559,r2_measured_01361,read,measured,,,,,0.6642,,ok,0.3345
72.2608,661,12.7335,5.37,0.5604,2.5684,1,5.3683,1,25.6747,73.8775,r2_measured_01362,update,measured,20.3047,1.6167,1,10.2098,0.6132,21.0744,ok,0.3777
10.4794,628,,,0.4798,,,,,,11.8546,r2_measured_01363,read,measured,,,,,0.4994,,ok,0.3409
12.1916,688,,,0.5333,,,,,,13.8173,r2_measured_01364,read,measured,,,,,0.6795,,ok,0.3445
9.4153,509,,,0.4281,,,,,,10.7175,r2_measured_01365,read,measured,,,,,0.5026,,ok,0.3185
13.6125,662,,,0.6694,,,,,,15.4285,r2_measured_01366,read,measured,,,,,0.6858,,ok,0.3819
13.3787,679,,,0.9132,,,,,,15.5722,r2_measured_01367,read,measured,,,,,0.7612,,ok,0.4371
8.2083,369,,,0.2208,,,,,,9.2189,r2_measured_01368,read,measured,,,,,0.4089,,ok,0.3348
11.8383,680,,,0.5152,,,,,,13.3822,r2_measured_01369,read,measured,,,,,0.631,,ok,0.3295
11.497,508,,,0.5089,,,,,,12.8654,r2_measured_01370,read,measured,,,,,0.4985,,ok,0.306
15.4552,681,,,0.6283,,,,,,17.1999,r2_measured_01371,read,measured,,,,,0.6959,,ok,0.3465
8.2729,417,,,0.2249,,,,,,9.3682,r2_measured_01372,read,measured,,,,,0.5305,,ok,0.294
9.7247,567,,,0.5106,,,,,,11.2983,r2_measured_01373,read,measured,,,,,0.6561,,ok,0.3462
11.416,628,,,0.6292,,,,,,13.2081,r2_measured_01374,read,measured,,,,,0.6646,,ok,0.4219
12.7951,628,,,0.5936,,,,,,14.6376,r2_measured_01375,read,measured,,,,,0.6475,,ok,0.5082
14.2945,681,,,0.6482,,,,,,16.0803,r2_measured_01376,read,measured,,,,,0.6774,,ok,0.3763
13.4918,369,,,0.2239,,,,,,14.5715,r2_measured_01377,read,measured,,,,,0.4609,,ok,0.3411
7.7464,418,,,0.2259,,,,,,8.8681,r2_measured_01378,read,measured,,,,,0.4706,,ok,0.3585
10.419,567,,,0.5364,,,,,,11.9777,r2_measured_01379,read,measured,,,,,0.6122,,ok,0.3402
8.4461,416,,,0.2448,,,,,,9.5254,r2_measured_01380,read,measured,,,,,0.4267,,ok,0.3531
13.5051,624,,,0.7191,,,,,,15.5133,r2_measured_01381,read,measured,,,,,0.7369,,ok,0.468
17.7588,661,,,0.549,,,,,,19.309,r2_measured_01382,read,measured,,,,,0.5596,,ok,0.3678
18.1359,678,,,0.6605,,,,,,20.0362,r2_measured_01383,read,measured,,,,,0.7616,,ok,0.392
16.7571,628,,,0.5964,,,,,,18.3809,r2_measured_01384,read,measured,,,,,0.606,,ok,0.351
18.9056,661,,,0.5819,,,,,,20.5778,r2_measured_01385,read,measured,,,,,0.6522,,ok,0.3434
19.3098,673,,,0.6082,,,,,,20.8926,r2_measured_01386,read,measured,,,,,0.5724,,ok,0.3374
12.6198,628,,,0.5373,,,,,,14.3721,r2_measured_01387,read,measured,,,,,0.832,,ok,0.3182
11.4978,673,,,0.4753,,,,,,13.0188,r2_measured_01388,read,measured,,,,,0.6492,,ok,0.3295
7.8362,369,,,0.2826,,,,,,9.0667,r2_measured_01389,read,measured,,,,,0.5514,,ok,0.3344
11.8166,662,,,0.6279,,,,,,13.683,r2_measured_01390,read,measured,,,,,0.7958,,ok,0.377
9.6547,505,,,0.3678,,,,,,10.9564,r2_measured_01391,read,measured,,,,,0.5478,,ok,0.3347
13.2893,688,,,0.6468,,,,,,15.0933,r2_measured_01392,read,measured,,,,,0.6993,,ok,0.3782
10.4311,508,,,0.4572,,,,,,11.9174,r2_measured_01393,read,measured,,,,,0.6245,,ok,0.3481
11.0161,628,,,0.5935,,,,,,12.8913,r2_measured_01394,read,measured,,,,,0.5948,,ok,0.6239
14.2187,687,,,0.9971,,,,,,16.8414,r2_measured_01395,read,measured,,,,,0.6986,,ok,0.8407
12.6227,568,,,0.4742,,,,,,14.1486,r2_measured_01396,read,measured,,,,,0.6527,,ok,0.3372
12.4368,629,,,0.5649,,,,,,13.9583,r2_measured_01397,read,measured,,,,,0.5656,,ok,0.3247
13.8046,628,,,0.5397,,,,,,15.4594,r2_measured_01398,read,measured,,,,,0.6235,,ok,0.4183
13.2944,629,,,0.7708,,,,,,15.0596,r2_measured_01399,read,measured,,,,,0.5804,,ok,0.343
14.6081,626,,,0.5562,,,,,,16.2224,r2_measured_01400,read,measured,,,,,0.6096,,ok,0.3802
13.5058,688,,,1.325,,,,,,16.8219,r2_measured_01401,read,measured,,,,,0.7822,,ok,1.1128
12.0819,628,,,0.5169,,,,,,13.6325,r2_measured_01402,read,measured,,,,,0.6402,,ok,0.3277
11.6456,629,,,0.7569,,,,,,13.556,r2_measured_01403,read,measured,,,,,0.6218,,ok,0.4547
14.1556,507,,,0.9177,,,,,,16.8797,r2_measured_01404,read,measured,,,,,1.0815,,ok,0.6151
33.6268,679,,,0.5085,,,,,,35.5245,r2_measured_01405,read,measured,,,,,0.912,,ok,0.3571
26.3148,689,,,0.96,,,,,,29.0324,r2_measured_01406,read,measured,,,,,1.0398,,ok,0.6152
21.2645,628,,,0.8411,,,,,,23.8597,r2_measured_01407,read,measured,,,,,1.1206,,ok,0.5184
14.2416,416,,,0.3785,,,,,,15.7451,r2_measured_01408,read,measured,,,,,0.6328,,ok,0.4236
13.3609,679,,,0.6721,,,,,,15.1685,r2_measured_01409,read,measured,,,,,0.7086,,ok,0.3516
8.3417,417,,,0.2552,,,,,,9.4592,r2_measured_01410,read,measured,,,,,0.481,,ok,0.3301
12.1201,688,,,0.6316,,,,,,13.8405,r2_measured_01411,read,measured,,,,,0.6432,,ok,0.3737
14.7501,662,,,0.6149,,,,,,16.3391,r2_measured_01412,read,measured,,,,,0.6048,,ok,0.3017
11.1571,628,,,0.5289,,,,,,12.7012,r2_measured_01413,read,measured,,,,,0.6343,,ok,0.319
7.6857,419,,,0.2204,,,,,,8.7455,r2_measured_01414,read,measured,,,,,0.5076,,ok,0.2885
12.2708,681,,,1.0063,,,,,,14.3228,r2_measured_01415,read,measured,,,,,0.6477,,ok,0.3273
14.3369,679,,,0.5134,,,,,,15.7638,r2_measured_01416,read,measured,,,,,0.5512,,ok,0.301
11.1745,568,,,0.5917,,,,,,12.9085,r2_measured_01417,read,measured,,,,,0.6171,,ok,0.4468
12.9481,681,,,0.4933,,,,,,14.4638,r2_measured_01418,read,measured,,,,,0.6416,,ok,0.3188
11.5105,680,,,0.5224,,,,,,13.0712,r2_measured_01419,read,measured,,,,,0.628,,ok,0.3371
11.6587,675,,,0.551,,,,,,13.3159,r2_measured_01420,read,measured,,,,,0.6415,,ok,0.3879
9.5418,506,,,0.4346,,,,,,10.873,r2_measured_01421,read,measured,,,,,0.5459,,ok,0.2992
12.4547,681,,,0.4847,,,,,,13.9956,r2_measured_01422,read,measured,,,,,0.6674,,ok,0.319
78.828,419,12.4651,5.5241,0.3394,2.3959,1,5.5222,1,22.0832,80.3323,r2_measured_01423,update,measured,16.5591,1.5043,1,21.0033,0.6517,20.8805,ok,0.4331
15.5143,677,,,1.4313,,,,,,18.4058,r2_measured_01424,read,measured,,,,,0.8471,,ok,0.5052
10.5654,416,,,0.304,,,,,,11.8294,r2_measured_01425,read,measured,,,,,0.5376,,ok,0.3623
11.0048,567,,,0.5502,,,,,,12.4352,r2_measured_01426,read,measured,,,,,0.4741,,ok,0.3475
14.2861,688,,,0.5138,,,,,,15.9498,r2_measured_01427,read,measured,,,,,0.7646,,ok,0.3177
11.9013,663,,,0.5458,,,,,,13.5708,r2_measured_01428,read,measured,,,,,0.7199,,ok,0.3373
12.8162,689,,,0.5396,,,,,,14.3675,r2_measured_01429,read,measured,,,,,0.5993,,ok,0.3403
11.8382,679,,,0.536,,,,,,13.4261,r2_measured_01430,read,measured,,,,,0.6092,,ok,0.3726
8.697,418,,,0.2446,,,,,,9.7067,r2_measured_01431,read,measured,,,,,0.4253,,ok,0.2951
11.751,681,,,0.5314,,,,,,13.3826,r2_measured_01432,read,measured,,,,,0.6974,,ok,0.3326
12.2246,678,,,0.491,,,,,,13.7667,r2_measured_01433,read,measured,,,,,0.6157,,ok,0.3698
13.9122,679,,,0.5975,,,,,,15.5654,r2_measured_01434,read,measured,,,,,0.6513,,ok,0.3338
12.5505,688,,,0.5132,,,,,,14.1501,r2_measured_01435,read,measured,,,,,0.696,,ok,0.3296
11.1758,660,,,0.6358,,,,,,13.0101,r2_measured_01436,read,measured,,,,,0.7137,,ok,0.4042
8.8866,369,,,0.2539,,,,,,10.1062,r2_measured_01437,read,measured,,,,,0.5367,,ok,0.3668
14.7026,628,,,0.6706,,,,,,16.67,r2_measured_01438,read,measured,,,,,0.7781,,ok,0.4333
13.7401,507,,,0.7647,,,,,,16.0098,r2_measured_01439,read,measured,,,,,0.5893,,ok,0.838
17.6028,672,,,1.1586,,,,,,19.8095,r2_measured_01440,read,measured,,,,,0.6152,,ok,0.3653
9.9671,419,,,0.2548,,,,,,11.0984,r2_measured_01441,read,measured,,,,,0.5325,,ok,0.2868
9.9502,507,,,0.4711,,,,,,11.3374,r2_measured_01442,read,measured,,,,,0.5458,,ok,0.3121
13.1926,679,,,0.5701,,,,,,14.8362,r2_measured_01443,read,measured,,,,,0.675,,ok,0.327
9.7308,418,,,0.2672,,,,,,10.8604,r2_measured_01444,read,measured,,,,,0.489,,ok,0.3154
12.9459,679,,,0.825,,,,,,15.0547,r2_measured_01445,read,measured,,,,,0.7316,,ok,0.4699
12.629,418,,,0.3947,,,,,,14.1743,r2_measured_01446,read,measured,,,,,0.6315,,ok,0.4426
14.5308,689,,,0.5656,,,,,,16.0415,r2_measured_01447,read,measured,,,,,0.5643,,ok,0.3062
12.3368,688,,,0.8963,,,,,,14.8449,r2_measured_01448,read,measured,,,,,0.9398,,ok,0.5614
24.0825,567,,,0.8626,,,,,,26.7559,r2_measured_01449,read,measured,,,,,0.9679,,ok,0.7149
13.675,369,,,0.4916,,,,,,15.7772,r2_measured_01450,read,measured,,,,,0.8501,,ok,0.6637
13.3869,417,,,0.2653,,,,,,14.5919,r2_measured_01451,read,measured,,,,,0.5117,,ok,0.3665
11.4227,662,,,0.5994,,,,,,13.1336,r2_measured_01452,read,measured,,,,,0.6821,,ok,0.3617
11.2474,662,,,0.5582,,,,,,12.8251,r2_measured_01453,read,measured,,,,,0.6117,,ok,0.3364
104.2682,680,27.9032,3.7924,1.1435,5.1765,1,3.7907,1,23.7744,108.0518,r2_measured_01454,update,measured,19.982,3.7836,1,12.5939,1.6764,34.8202,ok,0.817
32.6175,679,,,1.1071,,,,,,35.9721,r2_measured_01455,read,measured,,,,,1.4762,,ok,0.6596
16.294,661,,,0.7217,,,,,,18.3237,r2_measured_01456,read,measured,,,,,0.7497,,ok,0.469
11.171,509,,,0.575,,,,,,13.1137,r2_measured_01457,read,measured,,,,,0.8046,,ok,0.4622
17.8919,680,,,1.0862,,,,,,21.0578,r2_measured_01458,read,measured,,,,,1.3525,,ok,0.596
22.9723,679,,,0.7161,,,,,,24.9615,r2_measured_01459,read,measured,,,,,0.7586,,ok,0.4321
24.3348,673,,,1.0698,,,,,,27.1091,r2_measured_01460,read,measured,,,,,0.9917,,ok,0.5884
16.2858,568,,,0.4491,,,,,,17.7343,r2_measured_01461,read,measured,,,,,0.611,,ok,0.3236
13.7946,680,,,0.6643,,,,,,15.5384,r2_measured_01462,read,measured,,,,,0.6725,,ok,0.3306
13.0269,674,,,0.4816,,,,,,14.4725,r2_measured_01463,read,measured,,,,,0.5613,,ok,0.3286
9.0609,419,,,0.2404,,,,,,10.1594,r2_measured_01464,read,measured,,,,,0.497,,ok,0.3088
13.0405,674,,,0.6328,,,,,,14.8287,r2_measured_01465,read,measured,,,,,0.6817,,ok,0.3899
12.788,686,,,0.5923,,,,,,14.3664,r2_measured_01466,read,measured,,,,,0.5941,,ok,0.3223
12.6027,678,,,0.7247,,,,,,14.5521,r2_measured_01467,read,measured,,,,,0.7773,,ok,0.369
9.6233,508,,,0.6864,,,,,,11.5749,r2_measured_01468,read,measured,,,,,0.6771,,ok,0.5089
10.2854,368,,,0.3266,,,,,,11.8317,r2_measured_01469,read,measured,,,,,0.6125,,ok,0.5318
25.4705,624,,,0.9465,,,,,,28.5703,r2_measured_01470,read,measured,,,,,1.0766,,ok,0.9584
12.1333,568,,,0.7642,,,,,,14.47,r2_measured_01471,read,measured,,,,,0.6797,,ok,0.7998
29.3667,681,,,0.9302,,,,,,32.3909,r2_measured_01472,read,measured,,,,,1.1022,,ok,0.8779
17.3379,568,,,0.5015,,,,,,18.8677,r2_measured_01473,read,measured,,,,,0.6298,,ok,0.3344
8.5812,368,,,0.2403,,,,,,9.9481,r2_measured_01474,read,measured,,,,,0.7146,,ok,0.3502
9.9647,508,,,0.5791,,,,,,11.6947,r2_measured_01475,read,measured,,,,,0.7286,,ok,0.356
7.8668,369,,,0.247,,,,,,8.9636,r2_measured_01476,read,measured,,,,,0.5,,ok,0.3039
13.4954,568,,,0.7775,,,,,,16.4631,r2_measured_01477,read,measured,,,,,1.0763,,ok,0.8704
15.0586,679,,,0.7966,,,,,,17.8025,r2_measured_01478,read,measured,,,,,1.021,,ok,0.8251
10.9742,566,,,0.576,,,,,,12.5854,r2_measured_01479,read,measured,,,,,0.6027,,ok,0.3554
11.1723,568,,,1.0681,,,,,,13.7543,r2_measured_01480,read,measured,,,,,0.5864,,ok,0.8422
8.7351,419,,,0.2327,,,,,,9.7829,r2_measured_01481,read,measured,,,,,0.4575,,ok,0.3129
12.5807,661,,,0.644,,,,,,14.33,r2_measured_01482,read,measured,,,,,0.6768,,ok,0.3485
8.4557,418,,,0.2547,,,,,,9.5145,r2_measured_01483,read,measured,,,,,0.4573,,ok,0.2993
13.1403,678,,,1.4194,,,,,,15.8583,r2_measured_01484,read,measured,,,,,0.7918,,ok,0.4164
9.6373,368,,,0.2463,,,,,,10.8375,r2_measured_01485,read,measured,,,,,0.5421,,ok,0.3484
10.5541,567,,,0.5112,,,,,,11.9895,r2_measured_01486,read,measured,,,,,0.5432,,ok,0.3213
11.6272,679,,,0.5543,,,,,,13.2631,r2_measured_01487,read,measured,,,,,0.6681,,ok,0.3385
12.1849,681,,,0.5363,,,,,,13.7013,r2_measured_01488,read,measured,,,,,0.5744,,ok,0.3408
11.5435,679,,,0.6852,,,,,,13.206,r2_measured_01489,read,measured,,,,,0.5578,,ok,0.3552
8.2404,416,,,0.2838,,,,,,9.464,r2_measured_01490,read,measured,,,,,0.5665,,ok,0.3147
11.4091,625,,,0.5985,,,,,,13.0871,r2_measured_01491,read,measured,,,,,0.6253,,ok,0.3797
11.1591,568,,,0.4547,,,,,,12.5403,r2_measured_01492,read,measured,,,,,0.5623,,ok,0.3115
14.4801,673,,,0.7109,,,,,,16.722,r2_measured_01493,read,measured,,,,,0.9681,,ok,0.4736
21.5428,680,,,0.9953,,,,,,24.3384,r2_measured_01494,read,measured,,,,,1.1187,,ok,0.5754
17.0278,663,,,0.7399,,,,,,19.1888,r2_measured_01495,read,measured,,,,,0.9005,,ok,0.4366
16.1826,662,,,0.5274,,,,,,17.8027,r2_measured_01496,read,measured,,,,,0.677,,ok,0.3415
8.243,418,,,0.268,,,,,,9.3857,r2_measured_01497,read,measured,,,,,0.4963,,ok,0.325
12.308,624,,,0.5566,,,,,,13.91,r2_measured_01498,read,measured,,,,,0.6131,,ok,0.3498
17.7197,688,,,0.5357,,,,,,19.2744,r2_measured_01499,read,measured,,,,,0.6162,,ok,0.3324
10.5263,628,,,0.5416,,,,,,12.0141,r2_measured_01500,read,measured,,,,,0.5669,,ok,0.3176
11.5531,680,,,0.6015,,,,,,13.1737,r2_measured_01501,read,measured,,,,,0.6021,,ok,0.3425
8.42,419,,,0.2734,,,,,,9.6653,r2_measured_01502,read,measured,,,,,0.5936,,ok,0.321
9.52,508,,,0.4179,,,,,,10.8225,r2_measured_01503,read,measured,,,,,0.5179,,ok,0.3097
15.6753,679,,,0.5233,,,,,,17.2348,r2_measured_01504,read,measured,,,,,0.6283,,ok,0.3388
17.4276,679,,,0.6729,,,,,,19.2641,r2_measured_01505,read,measured,,,,,0.7464,,ok,0.3415
15.8003,628,,,0.6166,,,,,,17.7532,r2_measured_01506,read,measured,,,,,0.8356,,ok,0.4178
17.2903,688,,,0.7086,,,,,,19.274,r2_measured_01507,read,measured,,,,,0.818,,ok,0.3719
11.4806,508,,,0.5134,,,,,,12.9568,r2_measured_01508,read,measured,,,,,0.5558,,ok,0.3456
14.0591,661,,,0.6079,,,,,,15.6898,r2_measured_01509,read,measured,,,,,0.6107,,ok,0.3423
13.7567,688,,,0.572,,,,,,15.4739,r2_measured_01510,read,measured,,,,,0.7237,,ok,0.3444
11.0063,567,,,0.5243,,,,,,12.497,r2_measured_01511,read,measured,,,,,0.5944,,ok,0.3092
8.9876,417,,,0.284,,,,,,10.1874,r2_measured_01512,read,measured,,,,,0.5397,,ok,0.3147
13.679,673,,,0.5973,,,,,,15.2396,r2_measured_01513,read,measured,,,,,0.5929,,ok,0.3068
11.8446,689,,,0.6398,,,,,,13.5135,r2_measured_01514,read,measured,,,,,0.6196,,ok,0.333
10.6297,509,,,1.0704,,,,,,13.5093,r2_measured_01515,read,measured,,,,,0.5935,,ok,1.1427
68.1918,508,11.0534,6.0083,0.3911,2.0947,1,6.0066,1,28.0602,69.428,r2_measured_01516,update,measured,22.0519,1.2362,1,10.1343,0.4957,16.8492,ok,0.2977
15.1985,625,,,0.5405,,,,,,16.7692,r2_measured_01517,read,measured,,,,,0.5548,,ok,0.3805
15.0755,679,,,0.6924,,,,,,16.9564,r2_measured_01518,read,measured,,,,,0.6881,,ok,0.4205
10.6405,509,,,0.4096,,,,,,11.9862,r2_measured_01519,read,measured,,,,,0.533,,ok,0.3401
11.6384,627,,,0.4817,,,,,,13.2016,r2_measured_01520,read,measured,,,,,0.714,,ok,0.303
10.3354,568,,,0.551,,,,,,11.7528,r2_measured_01521,read,measured,,,,,0.4994,,ok,0.3102
11.9972,628,,,0.5523,,,,,,13.7124,r2_measured_01522,read,measured,,,,,0.7364,,ok,0.3409
12.4251,687,,,0.613,,,,,,14.1542,r2_measured_01523,read,measured,,,,,0.6712,,ok,0.3734
12.2682,689,,,0.5814,,,,,,13.9403,r2_measured_01524,read,measured,,,,,0.6685,,ok,0.3481
8.3428,416,,,0.2501,,,,,,9.5465,r2_measured_01525,read,measured,,,,,0.594,,ok,0.3005
10.7006,566,,,0.5443,,,,,,12.3887,r2_measured_01526,read,measured,,,,,0.6985,,ok,0.3773
13.4493,688,,,0.8311,,,,,,15.341,r2_measured_01527,read,measured,,,,,0.6323,,ok,0.3569
14.535,628,,,0.5838,,,,,,16.1735,r2_measured_01528,read,measured,,,,,0.6383,,ok,0.3441
8.3472,418,,,0.2556,,,,,,9.5402,r2_measured_01529,read,measured,,,,,0.4982,,ok,0.3833
15.1973,679,,,0.5661,,,,,,16.8957,r2_measured_01530,read,measured,,,,,0.6949,,ok,0.3627
14.7263,688,,,0.6773,,,,,,16.6868,r2_measured_01531,read,measured,,,,,0.7583,,ok,0.4429
12.9311,368,,,0.2374,,,,,,14.0857,r2_measured_01532,read,measured,,,,,0.532,,ok,0.3278
11.603,419,,,0.4228,,,,,,13.4309,r2_measured_01533,read,measured,,,,,0.6946,,ok,0.6197
25.1214,662,,,1.423,,,,,,28.6269,r2_measured_01534,read,measured,,,,,1.6381,,ok,0.325
25.4459,507,,,1.1348,,,,,,28.7176,r2_measured_01535,read,measured,,,,,1.2747,,ok,0.7282
20.2831,567,,,0.7794,,,,,,22.4941,r2_measured_01536,read,measured,,,,,0.8504,,ok,0.487
14.5898,678,,,0.6702,,,,,,16.3009,r2_measured_01537,read,measured,,,,,0.6118,,ok,0.3516
11.7203,565,,,0.5806,,,,,,13.2702,r2_measured_01538,read,measured,,,,,0.5765,,ok,0.3249
10.7826,567,,,0.4529,,,,,,12.4661,r2_measured_01539,read,measured,,,,,0.6011,,ok,0.5422
12.7111,419,,,0.3237,,,,,,14.1261,r2_measured_01540,read,measured,,,,,0.5771,,ok,0.4459
13.399,624,,,1.0495,,,,,,15.7124,r2_measured_01541,read,measured,,,,,0.7628,,ok,0.4209
14.2026,675,,,0.5448,,,,,,15.9086,r2_measured_01542,read,measured,,,,,0.7542,,ok,0.3385
16.8478,687,,,0.6218,,,,,,18.5566,r2_measured_01543,read,measured,,,,,0.6274,,ok,0.3729
12.3625,672,,,0.6017,,,,,,14.1459,r2_measured_01544,read,measured,,,,,0.6857,,ok,0.4122
14.8695,681,,,0.664,,,,,,16.6307,r2_measured_01545,read,measured,,,,,0.6471,,ok,0.3587
11.9603,679,,,0.5044,,,,,,13.505,r2_measured_01546,read,measured,,,,,0.6572,,ok,0.3209
58.2291,627,13.5593,3.6509,0.6455,2.3439,0,3.6491,1,24.1916,60.1253,r2_measured_01547,update,measured,20.5407,1.8962,1,0.0074,0.6911,18.1269,ok,0.4722
9.5448,369,,,0.2646,,,,,,10.7673,r2_measured_01548,read,measured,,,,,0.5104,,ok,0.3898
9.0374,416,,,0.309,,,,,,10.2138,r2_measured_01549,read,measured,,,,,0.4815,,ok,0.3304
7.5614,368,,,0.2255,,,,,,8.6784,r2_measured_01550,read,measured,,,,,0.4963,,ok,0.3288
12.0752,680,,,0.6118,,,,,,13.6884,r2_measured_01551,read,measured,,,,,0.6116,,ok,0.3255
13.7013,679,,,0.8548,,,,,,16.1202,r2_measured_01552,read,measured,,,,,0.9717,,ok,0.4938
99.8029,680,23.9838,6.5913,1.1602,4.4221,1,6.5892,1,32.2244,103.0776,r2_measured_01553,update,measured,25.6331,3.2747,1,13.1219,1.2948,26.0507,ok,0.676
17.2313,626,,,0.7045,,,,,,19.4162,r2_measured_01554,read,measured,,,,,0.897,,ok,0.4946
12.3429,506,,,0.4387,,,,,,13.8663,r2_measured_01555,read,measured,,,,,0.6858,,ok,0.3317
12.3527,661,,,0.5255,,,,,,13.8005,r2_measured_01556,read,measured,,,,,0.5435,,ok,0.3167
12.7179,661,,,0.6701,,,,,,14.5632,r2_measured_01557,read,measured,,,,,0.7117,,ok,0.3817
80.8598,626,24.6987,5.437,0.8205,2.1018,1,5.4352,1,24.6998,83.3179,r2_measured_01558,update,measured,19.2628,2.4581,1,11.5411,0.9892,17.8184,ok,0.545
18.6139,688,,,0.6738,,,,,,20.5542,r2_measured_01559,read,measured,,,,,0.7769,,ok,0.4012
18.0113,626,,,0.7828,,,,,,20.4677,r2_measured_01560,read,measured,,,,,1.0155,,ok,0.5601
12.0914,368,,,0.4015,,,,,,13.719,r2_measured_01561,read,measured,,,,,0.6339,,ok,0.5154
15.5907,660,,,0.7032,,,,,,17.6621,r2_measured_01562,read,measured,,,,,0.756,,ok,0.5216
66.0998,369,12.5194,4.9354,0.326,2.1485,0,4.9336,1,29.4166,67.7903,r2_measured_01563,update,measured,24.4812,1.6905,1,0.012,0.7754,22.0033,ok,0.5154
17.1349,629,,,0.7397,,,,,,19.18,r2_measured_01564,read,measured,,,,,0.7241,,ok,0.4909
15.0263,689,,,0.5097,,,,,,16.4663,r2_measured_01565,read,measured,,,,,0.5724,,ok,0.2988
10.2854,567,,,0.4652,,,,,,11.8454,r2_measured_01566,read,measured,,,,,0.6204,,ok,0.3925
11.8788,680,,,0.4941,,,,,,13.3877,r2_measured_01567,read,measured,,,,,0.6295,,ok,0.3163
8.0658,418,,,0.2446,,,,,,9.1369,r2_measured_01568,read,measured,,,,,0.4114,,ok,0.3608
11.9837,679,,,0.6623,,,,,,13.6789,r2_measured_01569,read,measured,,,,,0.6339,,ok,0.3316
12.3375,679,,,0.6385,,,,,,14.1714,r2_measured_01570,read,measured,,,,,0.7526,,ok,0.3665
12.153,681,,,0.7231,,,,,,14.0054,r2_measured_01571,read,measured,,,,,0.7094,,ok,0.3389
12.4932,677,,,0.5901,,,,,,14.185,r2_measured_01572,read,measured,,,,,0.7085,,ok,0.3219
11.9494,679,,,0.5532,,,,,,13.6569,r2_measured_01573,read,measured,,,,,0.7312,,ok,0.3535
21.4957,688,,,1.0276,,,,,,24.2303,r2_measured_01574,read,measured,,,,,1.0079,,ok,0.5759
22.5776,679,,,1.2761,,,,,,25.9869,r2_measured_01575,read,measured,,,,,1.1899,,ok,0.7958
30.4809,680,,,0.9781,,,,,,33.2105,r2_measured_01576,read,measured,,,,,1.0785,,ok,0.555
9.3863,368,,,0.2623,,,,,,10.7334,r2_measured_01577,read,measured,,,,,0.7015,,ok,0.3333
11.6034,679,,,0.6024,,,,,,13.2689,r2_measured_01578,read,measured,,,,,0.683,,ok,0.3081
12.2306,681,,,0.5999,,,,,,13.873,r2_measured_01579,read,measured,,,,,0.5992,,ok,0.3595
11.5228,680,,,0.8028,,,,,,13.9129,r2_measured_01580,read,measured,,,,,1.0503,,ok,0.4434
12.438,687,,,0.6347,,,,,,14.1275,r2_measured_01581,read,measured,,,,,0.6707,,ok,0.3172
9.0934,509,,,0.4059,,,,,,10.3636,r2_measured_01582,read,measured,,,,,0.513,,ok,0.2992
9.309,509,,,0.551,,,,,,11.0971,r2_measured_01583,read,measured,,,,,0.6938,,ok,0.4042
9.6271,504,,,0.4373,,,,,,10.9982,r2_measured_01584,read,measured,,,,,0.5316,,ok,0.3483
8.1034,419,,,0.3643,,,,,,9.8167,r2_measured_01585,read,measured,,,,,0.5897,,ok,0.6942
13.122,661,,,0.6297,,,,,,16.7566,r2_measured_01586,read,measured,,,,,2.6032,,ok,0.3275
12.1607,689,,,0.5427,,,,,,13.7193,r2_measured_01587,read,measured,,,,,0.607,,ok,0.3428
14.5934,681,,,0.8174,,,,,,16.9962,r2_measured_01588,read,measured,,,,,0.9834,,ok,0.5068
15.7775,679,,,0.7559,,,,,,17.6676,r2_measured_01589,read,measured,,,,,0.721,,ok,0.3421
12.8374,678,,,0.7052,,,,,,14.7141,r2_measured_01590,read,measured,,,,,0.7316,,ok,0.3566
75.8481,674,12.2727,4.3455,0.5934,2.5368,1,4.344,1,23.2608,77.5853,r2_measured_01591,update,measured,18.9153,1.7372,1,15.2582,0.7434,22.5196,ok,0.3289
11.4948,628,,,0.7447,,,,,,13.4961,r2_measured_01592,read,measured,,,,,0.6953,,ok,0.4748
15.7954,688,,,0.711,,,,,,17.7195,r2_measured_01593,read,measured,,,,,0.7486,,ok,0.3816
12.6115,626,,,0.6491,,,,,,14.4035,r2_measured_01594,read,measured,,,,,0.6784,,ok,0.3877
12.9053,662,,,0.5247,,,,,,14.5144,r2_measured_01595,read,measured,,,,,0.6796,,ok,0.3284
12.618,680,,,0.5416,,,,,,14.238,r2_measured_01596,read,measured,,,,,0.6507,,ok,0.3549
12.2558,507,,,0.4957,,,,,,13.7608,r2_measured_01597,read,measured,,,,,0.6045,,ok,0.3335
11.9975,679,,,0.5028,,,,,,13.5163,r2_measured_01598,read,measured,,,,,0.6294,,ok,0.3195
10.8824,628,,,0.6405,,,,,,12.5583,r2_measured_01599,read,measured,,,,,0.5878,,ok,0.3802
14.2829,681,,,0.5951,,,,,,16.1714,r2_measured_01600,read,measured,,,,,0.8403,,ok,0.3745
12.6209,628,,,0.5618,,,,,,14.2172,r2_measured_01601,read,measured,,,,,0.6335,,ok,0.3339
9.8269,509,,,0.4917,,,,,,11.3452,r2_measured_01602,read,measured,,,,,0.6546,,ok,0.3065
13.873,681,,,0.8466,,,,,,16.2873,r2_measured_01603,read,measured,,,,,0.963,,ok,0.5054
15.72,679,,,0.6936,,,,,,17.7383,r2_measured_01604,read,measured,,,,,0.8021,,ok,0.4251
12.5626,661,,,0.5411,,,,,,14.0532,r2_measured_01605,read,measured,,,,,0.5716,,ok,0.3166
11.1477,661,,,0.8153,,,,,,13.1534,r2_measured_01606,read,measured,,,,,0.6686,,ok,0.4444
13.2661,662,,,0.673,,,,,,15.0028,r2_measured_01607,read,measured,,,,,0.633,,ok,0.351
11.941,661,,,0.6752,,,,,,13.7255,r2_measured_01608,read,measured,,,,,0.6907,,ok,0.3419
11.7156,673,,,0.5667,,,,,,13.3025,r2_measured_01609,read,measured,,,,,0.6064,,ok,0.3418
7.1694,369,,,0.2016,,,,,,8.1466,r2_measured_01610,read,measured,,,,,0.3961,,ok,0.3329
13.371,675,,,0.5361,,,,,,15.0198,r2_measured_01611,read,measured,,,,,0.6303,,ok,0.3977
17.5977,688,,,0.6594,,,,,,19.5002,r2_measured_01612,read,measured,,,,,0.7566,,ok,0.3998
14.5096,661,,,0.6379,,,,,,16.3468,r2_measured_01613,read,measured,,,,,0.7415,,ok,0.3635
8.9191,419,,,0.2643,,,,,,10.0608,r2_measured_01614,read,measured,,,,,0.508,,ok,0.3149
12.0058,680,,,0.5762,,,,,,13.6925,r2_measured_01615,read,measured,,,,,0.709,,ok,0.3348
12.0313,678,,,0.5426,,,,,,13.5785,r2_measured_01616,read,measured,,,,,0.6344,,ok,0.2993
11.9045,675,,,0.6522,,,,,,13.5515,r2_measured_01617,read,measured,,,,,0.5725,,ok,0.3528
10.5832,506,,,0.4415,,,,,,12.0261,r2_measured_01618,read,measured,,,,,0.6401,,ok,0.3073
12.818,674,,,1.2759,,,,,,15.5272,r2_measured_01619,read,measured,,,,,0.8931,,ok,0.4506
28.3793,679,,,1.0326,,,,,,30.9612,r2_measured_01620,read,measured,,,,,0.9242,,ok,0.5214
20.4299,688,,,1.2871,,,,,,24.0068,r2_measured_01621,read,measured,,,,,1.4057,,ok,0.7197
27.7253,674,,,1.1217,,,,,,31.2185,r2_measured_01622,read,measured,,,,,1.3465,,ok,0.8761
21.2632,680,,,0.9392,,,,,,24.0714,r2_measured_01623,read,measured,,,,,1.1535,,ok,0.5982
19.4391,565,,,0.987,,,,,,22.2352,r2_measured_01624,read,measured,,,,,1.0706,,ok,0.6175
18.8448,509,,,0.6108,,,,,,20.8387,r2_measured_01625,read,measured,,,,,0.8636,,ok,0.4396
60.2736,419,8.1731,7.472,0.2262,1.4425,1,7.47,1,24.1579,61.2401,r2_measured_01626,update,measured,16.6859,0.9665,1,10.5065,0.4121,15.9936,ok,0.2859
19.6471,680,,,0.6202,,,,,,21.4318,r2_measured_01627,read,measured,,,,,0.7229,,ok,0.3574
17.1051,508,,,0.5304,,,,,,18.5366,r2_measured_01628,read,measured,,,,,0.5123,,ok,0.3211
14.0385,681,,,0.7174,,,,,,16.0446,r2_measured_01629,read,measured,,,,,0.795,,ok,0.4121
21.1306,688,,,0.6901,,,,,,23.0358,r2_measured_01630,read,measured,,,,,0.7406,,ok,0.3918
13.3393,681,,,0.7052,,,,,,15.2502,r2_measured_01631,read,measured,,,,,0.695,,ok,0.4285
11.0244,509,,,0.5803,,,,,,12.8254,r2_measured_01632,read,measured,,,,,0.7213,,ok,0.417
19.0337,672,,,0.9846,,,,,,21.8571,r2_measured_01633,read,measured,,,,,1.0532,,ok,0.6684
21.8288,662,,,0.5536,,,,,,23.4398,r2_measured_01634,read,measured,,,,,0.6602,,ok,0.3275
12.7454,417,,,0.2996,,,,,,14.0115,r2_measured_01635,read,measured,,,,,0.5395,,ok,0.3663
12.8,680,,,0.5243,,,,,,14.3335,r2_measured_01636,read,measured,,,,,0.6318,,ok,0.3101
10.5682,566,,,0.4305,,,,,,11.8792,r2_measured_01637,read,measured,,,,,0.5242,,ok,0.3007
11.4316,661,,,0.6326,,,,,,13.238,r2_measured_01638,read,measured,,,,,0.7098,,ok,0.3863
12.3262,681,,,0.6012,,,,,,13.9374,r2_measured_01639,read,measured,,,,,0.6082,,ok,0.3311
81.2414,674,11.666,5.0958,0.5377,2.33,1,5.0942,1,24.1027,82.763,r2_measured_01640,update,measured,19.0069,1.5216,1,20.2262,0.6193,22.9165,ok,0.3059
11.7428,678,,,0.5918,,,,,,13.3338,r2_measured_01641,read,measured,,,,,0.6181,,ok,0.3097
13.7836,368,,,0.2371,,,,,,14.8981,r2_measured_01642,read,measured,,,,,0.4737,,ok,0.3497
81.2829,626,12.8848,6.7628,1.0571,2.2842,0,6.7608,1,40.3751,83.5925,r2_measured_01643,update,measured,33.6123,2.3096,1,0.0054,0.744,25.7334,ok,0.4263
19.2436,674,,,0.7348,,,,,,21.4198,r2_measured_01644,read,measured,,,,,0.8418,,ok,0.5084
10.8841,508,,,0.9206,,,,,,12.7339,r2_measured_01645,read,measured,,,,,0.5164,,ok,0.3455
11.9493,568,,,0.5092,,,,,,13.313,r2_measured_01646,read,measured,,,,,0.4846,,ok,0.3127
12.4111,679,,,0.5663,,,,,,14.0339,r2_measured_01647,read,measured,,,,,0.6528,,ok,0.3302
11.8798,628,,,0.4805,,,,,,13.2747,r2_measured_01648,read,measured,,,,,0.5337,,ok,0.3211
52.2706,419,9.3636,4.8439,0.2605,1.3958,1,4.8424,1,26.6519,53.4491,r2_measured_01649,update,measured,21.808,1.1785,1,0.006,0.5322,14.8533,ok,0.3252
10.0737,566,,,0.4909,,,,,,11.4516,r2_measured_01650,read,measured,,,,,0.5175,,ok,0.3098
9.5363,508,,,0.4542,,,,,,10.8193,r2_measured_01651,read,measured,,,,,0.4649,,ok,0.3133
7.7856,416,,,0.2796,,,,,,8.931,r2_measured_01652,read,measured,,,,,0.4892,,ok,0.3132
12.0183,679,,,0.5913,,,,,,13.707,r2_measured_01653,read,measured,,,,,0.6598,,ok,0.364
11.0028,628,,,0.4987,,,,,,12.4458,r2_measured_01654,read,measured,,,,,0.5466,,ok,0.3386
9.3795,508,,,0.5231,,,,,,10.8055,r2_measured_01655,read,measured,,,,,0.5083,,ok,0.3317
11.7027,626,,,0.5352,,,,,,13.1183,r2_measured_01656,read,measured,,,,,0.508,,ok,0.314
7.5505,416,,,0.2684,,,,,,8.7429,r2_measured_01657,read,measured,,,,,0.5933,,ok,0.2848
13.1898,679,,,0.7844,,,,,,15.2907,r2_measured_01658,read,measured,,,,,0.7842,,ok,0.4199
13.5312,629,,,0.5526,,,,,,14.9493,r2_measured_01659,read,measured,,,,,0.4936,,ok,0.3141
11.6315,674,,,0.576,,,,,,13.1989,r2_measured_01660,read,measured,,,,,0.5985,,ok,0.3235
8.3226,418,,,0.232,,,,,,9.3246,r2_measured_01661,read,measured,,,,,0.4397,,ok,0.283
7.798,419,,,0.2937,,,,,,8.8968,r2_measured_01662,read,measured,,,,,0.47,,ok,0.2897
12.6831,660,,,0.6516,,,,,,14.6671,r2_measured_01663,read,measured,,,,,0.8673,,ok,0.3725
10.7842,507,,,0.6192,,,,,,12.4271,r2_measured_01664,read,measured,,,,,0.5528,,ok,0.4042
7.2043,369,,,0.2497,,,,,,8.3136,r2_measured_01665,read,measured,,,,,0.4742,,ok,0.3349
10.5858,508,,,0.4454,,,,,,11.9483,r2_measured_01666,read,measured,,,,,0.5336,,ok,0.3183
9.7892,508,,,0.5643,,,,,,11.4774,r2_measured_01667,read,measured,,,,,0.6614,,ok,0.3848
11.1509,504,,,0.5786,,,,,,12.7,r2_measured_01668,read,measured,,,,,0.539,,ok,0.3708
15.4421,679,,,0.9315,,,,,,18.1424,r2_measured_01669,read,measured,,,,,0.9697,,ok,0.6678
23.7804,680,,,0.7432,,,,,,26.2312,r2_measured_01670,read,measured,,,,,1.1138,,ok,0.488
13.7054,509,,,0.6113,,,,,,15.3866,r2_measured_01671,read,measured,,,,,0.5619,,ok,0.4392
15.6685,680,,,0.5758,,,,,,17.2863,r2_measured_01672,read,measured,,,,,0.6508,,ok,0.3208
11.5905,663,,,0.6045,,,,,,13.1367,r2_measured_01673,read,measured,,,,,0.581,,ok,0.3007
13.222,419,,,0.3424,,,,,,14.7579,r2_measured_01674,read,measured,,,,,0.6756,,ok,0.4477
12.5161,419,,,0.3406,,,,,,14.083,r2_measured_01675,read,measured,,,,,0.7173,,ok,0.437
15.5988,675,,,0.5341,,,,,,17.2102,r2_measured_01676,read,measured,,,,,0.6709,,ok,0.3336
14.9016,628,,,0.525,,,,,,16.56,r2_measured_01677,read,measured,,,,,0.6482,,ok,0.407
78.9297,663,12.7088,6.9511,0.7649,2.2724,1,6.9496,1,37.4069,80.9282,r2_measured_01678,update,measured,30.4558,1.9985,1,0.0063,0.7117,26.5353,ok,0.4434
15.1164,680,,,1.0632,,,,,,17.299,r2_measured_01679,read,measured,,,,,0.6586,,ok,0.3842
62.7148,663,11.6869,4.3235,0.4887,2.2147,1,4.3219,1,16.9527,64.1764,r2_measured_01680,update,measured,12.6292,1.4616,1,10.5798,0.5852,21.2807,ok,0.3158
7.935,417,,,0.2548,,,,,,8.9836,r2_measured_01681,read,measured,,,,,0.4292,,ok,0.3139
11.8562,679,,,0.5802,,,,,,13.5246,r2_measured_01682,read,measured,,,,,0.7093,,ok,0.3059
12.1247,661,,,0.5462,,,,,,13.7886,r2_measured_01683,read,measured,,,,,0.693,,ok,0.3547
11.9223,680,,,0.9071,,,,,,14.1075,r2_measured_01684,read,measured,,,,,0.7123,,ok,0.5034
12.0934,679,,,0.563,,,,,,13.6524,r2_measured_01685,read,measured,,,,,0.6062,,ok,0.3209
15.3323,681,,,0.5397,,,,,,16.8209,r2_measured_01686,read,measured,,,,,0.5753,,ok,0.3099
7.5553,369,,,0.234,,,,,,8.6735,r2_measured_01687,read,measured,,,,,0.5094,,ok,0.3193
12.1093,678,,,0.6892,,,,,,14.0251,r2_measured_01688,read,measured,,,,,0.6167,,ok,0.5293
69.082,627,16.1086,5.0399,0.5384,2.2284,1,5.0372,1,22.3398,70.5943,r2_measured_01689,update,measured,17.2999,1.5123,1,9.2449,0.5999,19.1603,ok,0.3069
8.3632,419,,,0.3806,,,,,,9.8513,r2_measured_01690,read,measured,,,,,0.5865,,ok,0.4585
12.9637,679,,,0.5702,,,,,,14.5818,r2_measured_01691,read,measured,,,,,0.648,,ok,0.3277
12.1879,679,,,0.5823,,,,,,13.9369,r2_measured_01692,read,measured,,,,,0.7306,,ok,0.3562
13.5737,677,,,0.5421,,,,,,15.1663,r2_measured_01693,read,measured,,,,,0.6558,,ok,0.3213
12.1511,661,,,0.7473,,,,,,14.63,r2_measured_01694,read,measured,,,,,1.1651,,ok,0.4689
14.6415,677,,,0.627,,,,,,16.4357,r2_measured_01695,read,measured,,,,,0.7401,,ok,0.3463
13.2092,662,,,0.528,,,,,,14.7037,r2_measured_01696,read,measured,,,,,0.5842,,ok,0.3152
12.4531,674,,,0.7101,,,,,,14.2139,r2_measured_01697,read,measured,,,,,0.645,,ok,0.3303
10.0258,416,,,0.2355,,,,,,11.1323,r2_measured_01698,read,measured,,,,,0.4603,,ok,0.3516
16.3098,678,,,0.5904,,,,,,17.968,r2_measured_01699,read,measured,,,,,0.6509,,ok,0.3437
13.3189,677,,,0.6532,,,,,,15.1214,r2_measured_01700,read,measured,,,,,0.6954,,ok,0.3737
12.6091,675,,,0.5485,,,,,,14.1647,r2_measured_01701,read,measured,,,,,0.6159,,ok,0.3221
10.9651,628,,,0.5319,,,,,,12.7024,r2_measured_01702,read,measured,,,,,0.6985,,ok,0.4187
14.3783,508,,,0.542,,,,,,15.9892,r2_measured_01703,read,measured,,,,,0.5798,,ok,0.4251
14.707,681,,,0.7574,,,,,,16.6893,r2_measured_01704,read,measured,,,,,0.7501,,ok,0.387
58.9672,509,10.2665,5.9873,0.5267,1.7994,0,5.985,1,19.1654,60.7609,r2_measured_01705,update,measured,13.1781,1.7937,1,10.6993,0.9143,17.0366,ok,0.302
11.8192,680,,,0.5979,,,,,,13.5861,r2_measured_01706,read,measured,,,,,0.7271,,ok,0.3717
12.1492,661,,,0.5471,,,,,,13.6274,r2_measured_01707,read,measured,,,,,0.5424,,ok,0.324
13.0666,627,,,0.5962,,,,,,14.9932,r2_measured_01708,read,measured,,,,,0.795,,ok,0.4457
15.1046,661,,,0.6034,,,,,,16.8747,r2_measured_01709,read,measured,,,,,0.6853,,ok,0.4099
12.6119,628,,,0.6027,,,,,,14.3102,r2_measured_01710,read,measured,,,,,0.6582,,ok,0.3605
14.3504,678,,,0.5607,,,,,,16.1569,r2_measured_01711,read,measured,,,,,0.7972,,ok,0.3721
85.8823,680,14.3662,7.2234,0.5793,2.4671,1,7.2211,1,28.499,87.5118,r2_measured_01712,update,measured,21.2756,1.6295,1,12.098,0.6437,28.452,ok,0.334
11.0004,568,,,0.508,,,,,,12.4825,r2_measured_01713,read,measured,,,,,0.5226,,ok,0.3869
18.3667,681,,,0.8546,,,,,,20.8645,r2_measured_01714,read,measured,,,,,1.0113,,ok,0.5293
18.8889,680,,,1.3649,,,,,,22.1148,r2_measured_01715,read,measured,,,,,1.2283,,ok,0.533
17.089,416,,,0.3576,,,,,,18.9279,r2_measured_01716,read,measured,,,,,0.7837,,ok,0.5592
13.4975,507,,,0.9099,,,,,,16.0721,r2_measured_01717,read,measured,,,,,1.0346,,ok,0.5311
21.775,689,,,1.1219,,,,,,25.161,r2_measured_01718,read,measured,,,,,1.3857,,ok,0.7414
19.2951,674,,,0.7151,,,,,,21.4159,r2_measured_01719,read,measured,,,,,0.8762,,ok,0.4353
10.0544,509,,,0.3962,,,,,,11.3009,r2_measured_01720,read,measured,,,,,0.4972,,ok,0.303
10.5254,567,,,0.7417,,,,,,12.3971,r2_measured_01721,read,measured,,,,,0.6483,,ok,0.4062
13.797,675,,,0.6958,,,,,,15.8487,r2_measured_01722,read,measured,,,,,0.8251,,ok,0.4345
15.438,663,,,0.7308,,,,,,17.5547,r2_measured_01723,read,measured,,,,,0.8466,,ok,0.44
109.6792,680,20.2446,7.5563,0.5666,4.5394,1,7.5544,1,43.9982,111.2151,r2_measured_01724,update,measured,36.4419,1.5359,1,0.0082,0.6089,40.8888,ok,0.2957
19.8724,567,,,0.5223,,,,,,21.4483,r2_measured_01725,read,measured,,,,,0.6468,,ok,0.3303
9.5909,419,,,0.3777,,,,,,11.2298,r2_measured_01726,read,measured,,,,,0.6909,,ok,0.4971
15.7863,509,,,0.8841,,,,,,18.7641,r2_measured_01727,read,measured,,,,,1.0398,,ok,0.9307
19.1515,509,,,0.7702,,,,,,21.8791,r2_measured_01728,read,measured,,,,,1.2286,,ok,0.6202
18.2967,677,,,0.6365,,,,,,20.0908,r2_measured_01729,read,measured,,,,,0.7432,,ok,0.3448
10.1236,418,,,0.3444,,,,,,11.6787,r2_measured_01730,read,measured,,,,,0.6154,,ok,0.5239
16.1524,681,,,0.8331,,,,,,18.5178,r2_measured_01731,read,measured,,,,,0.9088,,ok,0.5234
13.9271,680,,,0.5403,,,,,,15.4154,r2_measured_01732,read,measured,,,,,0.5756,,ok,0.3089
13.4987,416,,,0.2642,,,,,,14.8719,r2_measured_01733,read,measured,,,,,0.5025,,ok,0.5238
22.5964,627,,,0.5262,,,,,,24.1331,r2_measured_01734,read,measured,,,,,0.6209,,ok,0.322
9.1984,505,,,0.5826,,,,,,10.9508,r2_measured_01735,read,measured,,,,,0.6899,,ok,0.4023
10.0323,508,,,0.4362,,,,,,11.4102,r2_measured_01736,read,measured,,,,,0.5731,,ok,0.3144
7.4151,419,,,0.2203,,,,,,8.3784,r2_measured_01737,read,measured,,,,,0.3853,,ok,0.3136
9.0948,509,,,0.5036,,,,,,10.6124,r2_measured_01738,read,measured,,,,,0.5903,,ok,0.3619
8.2113,369,,,0.2207,,,,,,9.2963,r2_measured_01739,read,measured,,,,,0.4937,,ok,0.3226
11.7509,679,,,0.5728,,,,,,13.2435,r2_measured_01740,read,measured,,,,,0.5494,,ok,0.3088
9.4696,419,,,0.288,,,,,,10.7485,r2_measured_01741,read,measured,,,,,0.5544,,ok,0.3708
27.4508,663,,,0.9994,,,,,,30.2969,r2_measured_01742,read,measured,,,,,1.2145,,ok,0.4994
15.8668,509,,,0.4806,,,,,,17.292,r2_measured_01743,read,measured,,,,,0.5576,,ok,0.3157
22.4179,567,,,0.4668,,,,,,23.9266,r2_measured_01744,read,measured,,,,,0.6538,,ok,0.3177
16.3531,628,,,0.8133,,,,,,18.988,r2_measured_01745,read,measured,,,,,0.9154,,ok,0.7959
26.5935,688,,,0.7388,,,,,,28.6405,r2_measured_01746,read,measured,,,,,0.8202,,ok,0.4027
20.3039,689,,,0.671,,,,,,21.9772,r2_measured_01747,read,measured,,,,,0.6134,,ok,0.3177
11.3227,567,,,0.5636,,,,,,13.0227,r2_measured_01748,read,measured,,,,,0.6839,,ok,0.377
60.723,417,10.0775,3.7671,0.3407,1.7336,1,3.7656,1,23.6438,61.9373,r2_measured_01749,update,measured,19.8767,1.2143,1,10.7678,0.4472,14.5003,ok,0.3735
10.5818,628,,,0.4666,,,,,,12.0032,r2_measured_01750,read,measured,,,,,0.5317,,ok,0.3569
10.4898,628,,,0.5782,,,,,,12.0462,r2_measured_01751,read,measured,,,,,0.5843,,ok,0.3179
11.6155,663,,,0.5373,,,,,,13.2831,r2_measured_01752,read,measured,,,,,0.6276,,ok,0.4383
12.1881,661,,,0.5808,,,,,,13.8106,r2_measured_01753,read,measured,,,,,0.6511,,ok,0.3181
10.9689,568,,,0.667,,,,,,13.0795,r2_measured_01754,read,measured,,,,,0.7957,,ok,0.5518
12.7922,568,,,0.518,,,,,,14.358,r2_measured_01755,read,measured,,,,,0.6072,,ok,0.3763
11.2428,568,,,0.5461,,,,,,12.7473,r2_measured_01756,read,measured,,,,,0.5629,,ok,0.3296
12.379,673,,,0.466,,,,,,13.8145,r2_measured_01757,read,measured,,,,,0.5916,,ok,0.3099
11.9706,679,,,0.6346,,,,,,13.6486,r2_measured_01758,read,measured,,,,,0.6225,,ok,0.3416
11.7696,662,,,0.4869,,,,,,13.7584,r2_measured_01759,read,measured,,,,,1.1222,,ok,0.3138
14.4186,680,,,0.7489,,,,,,16.5642,r2_measured_01760,read,measured,,,,,0.9157,,ok,0.3913
10.7283,417,,,0.2454,,,,,,11.8493,r2_measured_01761,read,measured,,,,,0.4837,,ok,0.3336
15.0859,681,,,0.7674,,,,,,17.3156,r2_measured_01762,read,measured,,,,,0.9004,,ok,0.4702
15.4913,509,,,0.6753,,,,,,17.5649,r2_measured_01763,read,measured,,,,,0.797,,ok,0.5131
17.2684,660,,,0.4327,,,,,,18.6396,r2_measured_01764,read,measured,,,,,0.5617,,ok,0.3121
10.0669,369,,,0.3177,,,,,,11.5741,r2_measured_01765,read,measured,,,,,0.662,,ok,0.4554
90.0512,680,12.9016,8.1046,0.6566,2.2222,1,8.1028,1,38.9956,91.9275,r2_measured_01766,update,measured,30.891,1.8763,1,12.4169,0.7645,23.5149,ok,0.349
9.4727,417,,,0.2628,,,,,,10.5738,r2_measured_01767,read,measured,,,,,0.488,,ok,0.2971
15.4115,688,,,0.5015,,,,,,16.9057,r2_measured_01768,read,measured,,,,,0.5871,,ok,0.3369
9.7649,419,,,0.2537,,,,,,10.9391,r2_measured_01769,read,measured,,,,,0.5644,,ok,0.3012
12.3673,688,,,0.6683,,,,,,14.1578,r2_measured_01770,read,measured,,,,,0.6191,,ok,0.4298
8.7229,417,,,0.2791,,,,,,9.7913,r2_measured_01771,read,measured,,,,,0.436,,ok,0.3087
12.0051,663,,,0.5263,,,,,,13.558,r2_measured_01772,read,measured,,,,,0.6541,,ok,0.3081
11.2794,629,,,0.5721,,,,,,12.9134,r2_measured_01773,read,measured,,,,,0.6551,,ok,0.3371
9.1618,504,,,0.5315,,,,,,10.6212,r2_measured_01774,read,measured,,,,,0.5538,,ok,0.3067
12.437,678,,,0.611,,,,,,14.1283,r2_measured_01775,read,measured,,,,,0.7006,,ok,0.313
9.1889,509,,,0.4611,,,,,,10.6672,r2_measured_01776,read,measured,,,,,0.6144,,ok,0.3429
12.5464,679,,,0.5055,,,,,,14.0556,r2_measured_01777,read,measured,,,,,0.586,,ok,0.3403
18.1356,689,,,0.5002,,,,,,19.8372,r2_measured_01778,read,measured,,,,,0.6822,,ok,0.4422
13.1812,674,,,0.4603,,,,,,14.6739,r2_measured_01779,read,measured,,,,,0.64,,ok,0.317
11.03,568,,,0.6072,,,,,,12.8001,r2_measured_01780,read,measured,,,,,0.6406,,ok,0.4457
13.7396,661,,,0.6524,,,,,,15.5582,r2_measured_01781,read,measured,,,,,0.7108,,ok,0.3425
12.1728,678,,,0.5709,,,,,,13.6966,r2_measured_01782,read,measured,,,,,0.5811,,ok,0.3101
6.8077,369,,,0.2135,,,,,,7.7662,r2_measured_01783,read,measured,,,,,0.4065,,ok,0.2948
10.8623,568,,,0.511,,,,,,12.5232,r2_measured_01784,read,measured,,,,,0.7131,,ok,0.3688
13.1347,679,,,0.5619,,,,,,14.8687,r2_measured_01785,read,measured,,,,,0.7345,,ok,0.3623
58.6298,678,13.1757,4.1419,0.5334,2.3832,1,4.1397,1,22.8093,60.1977,r2_measured_01786,update,measured,18.6674,1.5679,1,0.0059,0.6327,20.2557,ok,0.3304
11.7178,680,,,0.7281,,,,,,13.7393,r2_measured_01787,read,measured,,,,,0.7876,,ok,0.4272
8.362,368,,,0.2948,,,,,,9.64,r2_measured_01788,read,measured,,,,,0.5813,,ok,0.3378
12.0003,679,,,0.6036,,,,,,13.5986,r2_measured_01789,read,measured,,,,,0.614,,ok,0.3172
13.6322,628,,,0.6604,,,,,,15.5948,r2_measured_01790,read,measured,,,,,0.7532,,ok,0.4453
13.2012,679,,,0.4875,,,,,,14.6983,r2_measured_01791,read,measured,,,,,0.6173,,ok,0.3261
11.352,662,,,0.683,,,,,,13.4288,r2_measured_01792,read,measured,,,,,0.8535,,ok,0.4643
12.975,626,,,0.8636,,,,,,14.9903,r2_measured_01793,read,measured,,,,,0.6811,,ok,0.3927
11.0198,568,,,0.4892,,,,,,12.4729,r2_measured_01794,read,measured,,,,,0.5677,,ok,0.3374
12.0234,679,,,0.6862,,,,,,13.8209,r2_measured_01795,read,measured,,,,,0.6695,,ok,0.3595
12.5687,673,,,0.6195,,,,,,14.4841,r2_measured_01796,read,measured,,,,,0.8374,,ok,0.3732
62.8314,419,9.1633,4.734,0.2699,1.9688,1,4.7308,1,24.1413,64.1743,r2_measured_01797,update,measured,19.4073,1.3429,1,11.3205,0.6565,16.2375,ok,0.3621
10.7163,504,,,0.6141,,,,,,12.5367,r2_measured_01798,read,measured,,,,,0.6599,,ok,0.4678
9.9631,369,,,0.4259,,,,,,11.5055,r2_measured_01799,read,measured,,,,,0.644,,ok,0.3986
12.8947,680,,,0.5273,,,,,,14.4158,r2_measured_01800,read,measured,,,,,0.5891,,ok,0.3244
11.0289,628,,,0.4834,,,,,,12.5895,r2_measured_01801,read,measured,,,,,0.5764,,ok,0.4303
9.8742,509,,,0.434,,,,,,11.2489,r2_measured_01802,read,measured,,,,,0.5549,,ok,0.3217
10.5994,568,,,0.7723,,,,,,12.8631,r2_measured_01803,read,measured,,,,,0.9798,,ok,0.4134
59.3302,507,9.3927,3.9584,0.5082,1.8992,1,3.9566,1,19.7907,60.7597,r2_measured_01804,update,measured,15.8323,1.4295,1,10.2802,0.5574,17.9674,ok,0.3083
78.2095,662,12.7247,7.0429,0.513,2.2756,0,7.0414,1,27.7763,79.6354,r2_measured_01805,update,measured,20.7334,1.4259,1,8.9632,0.5235,26.4697,ok,0.3275
11.8796,627,,,0.5269,,,,,,13.4569,r2_measured_01806,read,measured,,,,,0.6618,,ok,0.3222
11.7764,673,,,0.7464,,,,,,13.6521,r2_measured_01807,read,measured,,,,,0.6215,,ok,0.4341
14.9639,663,,,0.6218,,,,,,16.6578,r2_measured_01808,read,measured,,,,,0.6452,,ok,0.3518
13.8089,566,,,0.5703,,,,,,15.4025,r2_measured_01809,read,measured,,,,,0.59,,ok,0.3633
8.7516,417,,,0.2854,,,,,,10.0565,r2_measured_01810,read,measured,,,,,0.6141,,ok,0.3197
13.5733,688,,,0.5372,,,,,,15.1403,r2_measured_01811,read,measured,,,,,0.6518,,ok,0.3099
11.8107,679,,,0.5189,,,,,,13.2852,r2_measured_01812,read,measured,,,,,0.5853,,ok,0.3047
13.0321,680,,,0.5229,,,,,,14.6076,r2_measured_01813,read,measured,,,,,0.6791,,ok,0.3072
12.1771,567,,,0.7828,,,,,,14.4488,r2_measured_01814,read,measured,,,,,0.9006,,ok,0.4999
69.6694,508,10.4326,6.9183,0.5542,1.7923,1,6.9162,1,31.3691,71.2994,r2_measured_01815,update,measured,24.4508,1.63,1,10.2319,0.5968,15.8435,ok,0.4013
11.2144,567,,,0.537,,,,,,12.8716,r2_measured_01816,read,measured,,,,,0.7246,,ok,0.3273
11.7561,680,,,0.5215,,,,,,13.2171,r2_measured_01817,read,measured,,,,,0.5498,,ok,0.3288
13.1257,675,,,0.6217,,,,,,14.9127,r2_measured_01818,read,measured,,,,,0.7673,,ok,0.3253
11.8286,663,,,0.4715,,,,,,13.33,r2_measured_01819,read,measured,,,,,0.6463,,ok,0.3166
12.0378,674,,,0.5041,,,,,,13.4609,r2_measured_01820,read,measured,,,,,0.5484,,ok,0.3111
11.6282,662,,,0.7417,,,,,,13.6026,r2_measured_01821,read,measured,,,,,0.7682,,ok,0.3814
13.266,629,,,0.4764,,,,,,14.7578,r2_measured_01822,read,measured,,,,,0.5937,,ok,0.3549
12.4872,680,,,0.5374,,,,,,14.0955,r2_measured_01823,read,measured,,,,,0.6532,,ok,0.3397
76.4242,675,12.4751,5.8954,0.5882,2.6721,1,5.8935,1,27.7183,78.2525,r2_measured_01824,update,measured,21.8229,1.8283,1,12.1333,0.7055,21.4254,ok,0.4512
10.19,566,,,0.4794,,,,,,11.5582,r2_measured_01825,read,measured,,,,,0.5073,,ok,0.3227
12.0196,680,,,0.5926,,,,,,13.7961,r2_measured_01826,read,measured,,,,,0.7768,,ok,0.336
12.0731,687,,,0.6639,,,,,,13.7304,r2_measured_01827,read,measured,,,,,0.5485,,ok,0.3794
10.0983,509,,,0.5385,,,,,,11.7223,r2_measured_01828,read,measured,,,,,0.6423,,ok,0.3678
12.363,681,,,0.6278,,,,,,14.1876,r2_measured_01829,read,measured,,,,,0.733,,ok,0.3948
12.2443,568,,,0.5438,,,,,,13.8801,r2_measured_01830,read,measured,,,,,0.6652,,ok,0.3628
11.3489,627,,,0.5951,,,,,,13.0472,r2_measured_01831,read,measured,,,,,0.6302,,ok,0.3979
20.5532,677,,,0.8022,,,,,,22.7796,r2_measured_01832,read,measured,,,,,0.7886,,ok,0.5406
18.2811,624,,,0.5637,,,,,,19.9574,r2_measured_01833,read,measured,,,,,0.674,,ok,0.366
11.3544,663,,,0.5963,,,,,,12.9786,r2_measured_01834,read,measured,,,,,0.5747,,ok,0.3826
13.1368,685,,,0.6223,,,,,,14.8584,r2_measured_01835,read,measured,,,,,0.698,,ok,0.3303
9.4252,509,,,0.3987,,,,,,10.7389,r2_measured_01836,read,measured,,,,,0.5476,,ok,0.3146
65.2942,680,11.821,4.1751,0.5954,2.1992,1,4.1735,1,20.2702,66.8784,r2_measured_01837,update,measured,16.0951,1.5842,1,10.5635,0.5842,20.4403,ok,0.3393
8.4244,416,,,0.2762,,,,,,9.5811,r2_measured_01838,read,measured,,,,,0.5042,,ok,0.3133
12.8864,663,,,0.6092,,,,,,14.6998,r2_measured_01839,read,measured,,,,,0.7852,,ok,0.3449
8.0131,417,,,0.2405,,,,,,9.0501,r2_measured_01840,read,measured,,,,,0.4447,,ok,0.3041
9.9827,568,,,0.5067,,,,,,11.7013,r2_measured_01841,read,measured,,,,,0.8201,,ok,0.3231
11.5958,663,,,0.969,,,,,,13.6761,r2_measured_01842,read,measured,,,,,0.6491,,ok,0.3922
7.1917,369,,,0.2017,,,,,,8.6234,r2_measured_01843,read,measured,,,,,0.4328,,ok,0.7382
12.0037,629,,,0.5648,,,,,,13.5155,r2_measured_01844,read,measured,,,,,0.5478,,ok,0.3304
8.4212,417,,,0.2197,,,,,,9.4344,r2_measured_01845,read,measured,,,,,0.4429,,ok,0.3003
63.4581,509,11.4548,3.5588,0.4519,2.1435,1,3.5575,1,22.5234,64.8588,r2_measured_01846,update,measured,18.9646,1.4007,1,9.9427,0.5554,17.3937,ok,0.3267
11.4826,680,,,0.678,,,,,,13.4506,r2_measured_01847,read,measured,,,,,0.6996,,ok,0.5095
9.6858,419,,,0.3128,,,,,,10.9444,r2_measured_01848,read,measured,,,,,0.5418,,ok,0.3403
10.219,567,,,0.4681,,,,,,11.7383,r2_measured_01849,read,measured,,,,,0.6061,,ok,0.3659
11.935,688,,,0.5327,,,,,,13.5873,r2_measured_01850,read,measured,,,,,0.6735,,ok,0.3736
12.2155,679,,,0.5387,,,,,,13.8031,r2_measured_01851,read,measured,,,,,0.668,,ok,0.3136
8.0141,369,,,0.2276,,,,,,8.9813,r2_measured_01852,read,measured,,,,,0.4034,,ok,0.2924
17.0392,663,,,0.6658,,,,,,19.0788,r2_measured_01853,read,measured,,,,,0.837,,ok,0.4455
14.4663,661,,,0.6782,,,,,,16.3124,r2_measured_01854,read,measured,,,,,0.6848,,ok,0.4067
16.5941,679,,,0.6469,,,,,,18.3929,r2_measured_01855,read,measured,,,,,0.7,,ok,0.371
10.6083,509,,,0.5789,,,,,,12.2428,r2_measured_01856,read,measured,,,,,0.6074,,ok,0.3828
14.8974,680,,,0.7842,,,,,,16.86,r2_measured_01857,read,measured,,,,,0.6906,,ok,0.4063
17.6493,685,,,0.5909,,,,,,19.3066,r2_measured_01858,read,measured,,,,,0.6921,,ok,0.305
13.6019,661,,,0.6311,,,,,,15.3551,r2_measured_01859,read,measured,,,,,0.6917,,ok,0.3493
13.1993,679,,,0.5263,,,,,,14.7337,r2_measured_01860,read,measured,,,,,0.5647,,ok,0.3769
10.7542,680,,,0.5692,,,,,,12.5096,r2_measured_01861,read,measured,,,,,0.711,,ok,0.3954
14.4852,628,,,0.5139,,,,,,16.1072,r2_measured_01862,read,measured,,,,,0.6936,,ok,0.3439
14.2278,674,,,0.5882,,,,,,15.9394,r2_measured_01863,read,measured,,,,,0.724,,ok,0.3338
14.1729,680,,,0.6515,,,,,,15.9998,r2_measured_01864,read,measured,,,,,0.7419,,ok,0.3576
12.8773,419,,,0.2992,,,,,,14.0618,r2_measured_01865,read,measured,,,,,0.4982,,ok,0.3289
17.5715,660,,,0.6872,,,,,,19.5514,r2_measured_01866,read,measured,,,,,0.7924,,ok,0.4184
12.9772,679,,,0.4833,,,,,,14.4674,r2_measured_01867,read,measured,,,,,0.5848,,ok,0.3496
11.0014,568,,,0.5382,,,,,,12.5609,r2_measured_01868,read,measured,,,,,0.6438,,ok,0.3081
11.7088,627,,,0.5124,,,,,,13.1177,r2_measured_01869,read,measured,,,,,0.5104,,ok,0.3285
13.8614,689,,,0.9026,,,,,,17.7177,r2_measured_01870,read,measured,,,,,2.3724,,ok,0.4766
11.4964,419,,,0.3018,,,,,,12.8738,r2_measured_01871,read,measured,,,,,0.5841,,ok,0.4226
15.1156,627,,,0.7115,,,,,,17.3101,r2_measured_01872,read,measured,,,,,0.7529,,ok,0.6351
13.4102,679,,,0.636,,,,,,15.1246,r2_measured_01873,read,measured,,,,,0.6474,,ok,0.3502
11.9046,680,,,0.5496,,,,,,13.4516,r2_measured_01874,read,measured,,,,,0.6083,,ok,0.3182
11.7797,627,,,0.5276,,,,,,13.3562,r2_measured_01875,read,measured,,,,,0.6609,,ok,0.3228
17.6593,689,,,0.6495,,,,,,19.4216,r2_measured_01876,read,measured,,,,,0.6627,,ok,0.3777
14.8588,688,,,0.5566,,,,,,16.5712,r2_measured_01877,read,measured,,,,,0.718,,ok,0.3578
11.0502,504,,,0.5432,,,,,,12.5919,r2_measured_01878,read,measured,,,,,0.6032,,ok,0.3322
17.3314,681,,,0.4785,,,,,,18.8406,r2_measured_01879,read,measured,,,,,0.6341,,ok,0.3241
13.2255,686,,,0.7225,,,,,,15.0198,r2_measured_01880,read,measured,,,,,0.6326,,ok,0.3644
11.4053,568,,,0.7812,,,,,,14.1778,r2_measured_01881,read,measured,,,,,1.0625,,ok,0.8393
9.0656,368,,,0.2374,,,,,,10.2278,r2_measured_01882,read,measured,,,,,0.5156,,ok,0.356
67.5872,679,17.8653,3.0715,0.5634,4.4228,1,3.0699,1,22.5331,69.2598,r2_measured_01883,update,measured,19.4616,1.6726,1,0.0058,0.6575,22.7602,ok,0.3753
12.9147,662,,,0.5921,,,,,,14.5291,r2_measured_01884,read,measured,,,,,0.6221,,ok,0.3276
11.31,566,,,0.5379,,,,,,12.8562,r2_measured_01885,read,measured,,,,,0.5782,,ok,0.3631
9.3272,419,,,0.2588,,,,,,10.5199,r2_measured_01886,read,measured,,,,,0.502,,ok,0.3738
13.6264,675,,,0.5866,,,,,,15.2943,r2_measured_01887,read,measured,,,,,0.6638,,ok,0.3444
12.9602,679,,,0.5563,,,,,,14.6345,r2_measured_01888,read,measured,,,,,0.6972,,ok,0.3472
13.7134,680,,,0.6059,,,,,,15.5037,r2_measured_01889,read,measured,,,,,0.7229,,ok,0.3768
8.9796,369,,,0.2249,,,,,,10.0819,r2_measured_01890,read,measured,,,,,0.4662,,ok,0.3562
11.8342,679,,,1.2295,,,,,,14.7864,r2_measured_01891,read,measured,,,,,0.6039,,ok,1.035
13.675,680,,,0.687,,,,,,15.394,r2_measured_01892,read,measured,,,,,0.6026,,ok,0.3522
10.2451,509,,,0.4786,,,,,,11.659,r2_measured_01893,read,measured,,,,,0.5238,,ok,0.357
11.9391,568,,,0.5926,,,,,,13.564,r2_measured_01894,read,measured,,,,,0.5977,,ok,0.3636
11.9968,627,,,0.5128,,,,,,13.4998,r2_measured_01895,read,measured,,,,,0.607,,ok,0.3179
12.3369,567,,,0.4722,,,,,,13.7269,r2_measured_01896,read,measured,,,,,0.5304,,ok,0.3262
14.0558,679,,,0.8059,,,,,,16.1203,r2_measured_01897,read,measured,,,,,0.7567,,ok,0.4113
15.5296,675,,,0.6437,,,,,,17.3877,r2_measured_01898,read,measured,,,,,0.7437,,ok,0.3864
12.1907,628,,,0.4655,,,,,,13.6421,r2_measured_01899,read,measured,,,,,0.6014,,ok,0.3178
11.1409,663,,,0.5186,,,,,,12.5872,r2_measured_01900,read,measured,,,,,0.5588,,ok,0.3084
12.0108,662,,,0.5354,,,,,,13.5625,r2_measured_01901,read,measured,,,,,0.5635,,ok,0.3799
12.233,661,,,0.6086,,,,,,14.1162,r2_measured_01902,read,measured,,,,,0.7903,,ok,0.4034
13.5792,680,,,0.6003,,,,,,15.2814,r2_measured_01903,read,measured,,,,,0.6776,,ok,0.3575
12.7052,686,,,0.5892,,,,,,14.3131,r2_measured_01904,read,measured,,,,,0.6184,,ok,0.3335
12.8869,689,,,0.5133,,,,,,14.403,r2_measured_01905,read,measured,,,,,0.6398,,ok,0.3028
12.2375,680,,,0.5305,,,,,,13.9011,r2_measured_01906,read,measured,,,,,0.6638,,ok,0.3893
9.5076,509,,,0.439,,,,,,10.9477,r2_measured_01907,read,measured,,,,,0.5426,,ok,0.3962
8.2206,418,,,0.3574,,,,,,9.4177,r2_measured_01908,read,measured,,,,,0.4556,,ok,0.3279
12.1164,681,,,0.5134,,,,,,13.6982,r2_measured_01909,read,measured,,,,,0.6574,,ok,0.3405
10.514,419,,,0.3763,,,,,,12.0294,r2_measured_01910,read,measured,,,,,0.5927,,ok,0.48
10.4034,368,,,0.3856,,,,,,12.1248,r2_measured_01911,read,measured,,,,,0.7435,,ok,0.5126
11.9744,368,,,0.2421,,,,,,13.1847,r2_measured_01912,read,measured,,,,,0.4992,,ok,0.3988
13.7466,679,,,0.5562,,,,,,15.2217,r2_measured_01913,read,measured,,,,,0.5424,,ok,0.3161
11.0947,628,,,0.5208,,,,,,12.657,r2_measured_01914,read,measured,,,,,0.6347,,ok,0.3217
12.1175,688,,,0.4898,,,,,,13.5769,r2_measured_01915,read,measured,,,,,0.5615,,ok,0.3068
11.742,662,,,0.5499,,,,,,13.4556,r2_measured_01916,read,measured,,,,,0.7499,,ok,0.3381
8.0332,369,,,0.3712,,,,,,9.56,r2_measured_01917,read,measured,,,,,0.6366,,ok,0.4628
10.4882,504,,,0.5447,,,,,,12.0383,r2_measured_01918,read,measured,,,,,0.5942,,ok,0.3538
12.4797,689,,,0.6088,,,,,,14.1885,r2_measured_01919,read,measured,,,,,0.7051,,ok,0.3188
11.682,677,,,0.4766,,,,,,13.1401,r2_measured_01920,read,measured,,,,,0.5654,,ok,0.351
11.59,686,,,0.4772,,,,,,13.0657,r2_measured_01921,read,measured,,,,,0.5937,,ok,0.3314
12.2512,663,,,0.5426,,,,,,13.8555,r2_measured_01922,read,measured,,,,,0.6618,,ok,0.323
10.78,508,,,0.582,,,,,,12.5222,r2_measured_01923,read,measured,,,,,0.6491,,ok,0.4365
13.6686,628,,,0.6028,,,,,,15.3948,r2_measured_01924,read,measured,,,,,0.6695,,ok,0.3744
12.1586,678,,,0.54,,,,,,13.6983,r2_measured_01925,read,measured,,,,,0.607,,ok,0.327
12.4575,661,,,0.5952,,,,,,14.3674,r2_measured_01926,read,measured,,,,,0.8496,,ok,0.3819
15.2278,681,,,0.5156,,,,,,16.8558,r2_measured_01927,read,measured,,,,,0.721,,ok,0.3223
11.4829,567,,,0.6071,,,,,,13.2735,r2_measured_01928,read,measured,,,,,0.6078,,ok,0.4992
15.9164,663,,,0.7547,,,,,,18.3775,r2_measured_01929,read,measured,,,,,0.9322,,ok,0.6761
17.0061,509,,,0.4903,,,,,,18.5764,r2_measured_01930,read,measured,,,,,0.6429,,ok,0.3405
19.2786,629,,,0.5468,,,,,,20.9653,r2_measured_01931,read,measured,,,,,0.65,,ok,0.4085
12.3112,568,,,0.5762,,,,,,13.9105,r2_measured_01932,read,measured,,,,,0.583,,ok,0.3623
13.1021,627,,,0.6581,,,,,,15.0048,r2_measured_01933,read,measured,,,,,0.7991,,ok,0.3715
13.5152,679,,,0.6613,,,,,,15.4765,r2_measured_01934,read,measured,,,,,0.771,,ok,0.4471
12.6338,509,,,0.4757,,,,,,14.1723,r2_measured_01935,read,measured,,,,,0.6025,,ok,0.3908
28.2058,566,,,0.7226,,,,,,30.2556,r2_measured_01936,read,measured,,,,,0.7955,,ok,0.4443
9.5839,369,,,0.2607,,,,,,10.6328,r2_measured_01937,read,measured,,,,,0.4417,,ok,0.3009
12.9705,681,,,0.8011,,,,,,14.9998,r2_measured_01938,read,measured,,,,,0.7652,,ok,0.3705
12.5799,688,,,0.6232,,,,,,14.3853,r2_measured_01939,read,measured,,,,,0.7007,,ok,0.4161
12.6147,419,,,0.2585,,,,,,13.7105,r2_measured_01940,read,measured,,,,,0.4499,,ok,0.3332
16.3044,628,,,0.6111,,,,,,17.8741,r2_measured_01941,read,measured,,,,,0.5781,,ok,0.3015
10.9781,419,,,0.3608,,,,,,12.5457,r2_measured_01942,read,measured,,,,,0.6346,,ok,0.4971
22.5105,567,,,0.5937,,,,,,24.126,r2_measured_01943,read,measured,,,,,0.6345,,ok,0.2995
18.2627,689,,,1.0496,,,,,,21.3837,r2_measured_01944,read,measured,,,,,1.2379,,ok,0.6939
25.5641,674,,,0.6671,,,,,,27.5087,r2_measured_01945,read,measured,,,,,0.7827,,ok,0.4011
10.829,568,,,0.496,,,,,,12.2892,r2_measured_01946,read,measured,,,,,0.5796,,ok,0.3216
11.4133,662,,,0.6054,,,,,,13.3212,r2_measured_01947,read,measured,,,,,0.7842,,ok,0.4297
14.5912,680,,,0.7658,,,,,,16.5786,r2_measured_01948,read,measured,,,,,0.7191,,ok,0.411
16.5344,679,,,0.6805,,,,,,18.3171,r2_measured_01949,read,measured,,,,,0.6525,,ok,0.3759
11.6756,568,,,0.5822,,,,,,13.2361,r2_measured_01950,read,measured,,,,,0.5928,,ok,0.3123
11.9149,679,,,0.5223,,,,,,13.449,r2_measured_01951,read,measured,,,,,0.6116,,ok,0.3419
11.4114,663,,,0.7143,,,,,,13.4867,r2_measured_01952,read,measured,,,,,0.7806,,ok,0.4917
13.6841,660,,,0.6867,,,,,,15.4992,r2_measured_01953,read,measured,,,,,0.6781,,ok,0.3774
14.3412,679,,,0.6865,,,,,,16.3518,r2_measured_01954,read,measured,,,,,0.8288,,ok,0.4105
10.019,418,,,0.3393,,,,,,11.2921,r2_measured_01955,read,measured,,,,,0.5184,,ok,0.3581
12.9076,679,,,0.5122,,,,,,14.3735,r2_measured_01956,read,measured,,,,,0.5875,,ok,0.3079
9.6812,509,,,0.4225,,,,,,11.0218,r2_measured_01957,read,measured,,,,,0.5382,,ok,0.3153
9.1993,507,,,0.4909,,,,,,10.5044,r2_measured_01958,read,measured,,,,,0.4499,,ok,0.3108
13.0927,679,,,0.6134,,,,,,14.9079,r2_measured_01959,read,measured,,,,,0.6561,,ok,0.4676
14.0329,680,,,0.5544,,,,,,15.9636,r2_measured_01960,read,measured,,,,,0.8383,,ok,0.4578
13.1151,627,,,0.4964,,,,,,14.4562,r2_measured_01961,read,measured,,,,,0.4963,,ok,0.2903
9.6337,416,,,0.3348,,,,,,11.1579,r2_measured_01962,read,measured,,,,,0.7245,,ok,0.3935
15.5333,680,,,0.5249,,,,,,17.1245,r2_measured_01963,read,measured,,,,,0.6986,,ok,0.3034
13.2672,662,,,0.6857,,,,,,15.2478,r2_measured_01964,read,measured,,,,,0.8147,,ok,0.3915
12.6615,628,,,0.6359,,,,,,14.3804,r2_measured_01965,read,measured,,,,,0.6323,,ok,0.3783
11.2149,417,,,0.233,,,,,,12.3223,r2_measured_01966,read,measured,,,,,0.4337,,ok,0.3855
10.5812,566,,,0.5295,,,,,,12.0792,r2_measured_01967,read,measured,,,,,0.5912,,ok,0.3093
13.5398,681,,,0.6358,,,,,,15.3923,r2_measured_01968,read,measured,,,,,0.7429,,ok,0.3961
9.8011,419,,,0.3564,,,,,,11.1456,r2_measured_01969,read,measured,,,,,0.5584,,ok,0.3613
9.8349,509,,,0.5551,,,,,,12.0696,r2_measured_01970,read,measured,,,,,1.2871,,ok,0.3281
10.5749,624,,,0.4791,,,,,,11.9486,r2_measured_01971,read,measured,,,,,0.5298,,ok,0.3071
13.8866,662,,,0.5485,,,,,,15.5264,r2_measured_01972,read,measured,,,,,0.6659,,ok,0.3485
13.7683,509,,,0.4874,,,,,,15.3305,r2_measured_01973,read,measured,,,,,0.5971,,ok,0.4088
18.0505,679,,,0.7415,,,,,,20.2024,r2_measured_01974,read,measured,,,,,0.8271,,ok,0.484
19.8698,675,,,0.9564,,,,,,22.623,r2_measured_01975,read,measured,,,,,1.0733,,ok,0.6025
18.1785,508,,,0.7685,,,,,,20.6103,r2_measured_01976,read,measured,,,,,1.028,,ok,0.5284
21.0768,629,,,0.4946,,,,,,22.6713,r2_measured_01977,read,measured,,,,,0.7066,,ok,0.3237
11.242,628,,,0.4561,,,,,,12.657,r2_measured_01978,read,measured,,,,,0.5863,,ok,0.3075
7.5781,419,,,0.3081,,,,,,8.7456,r2_measured_01979,read,measured,,,,,0.4863,,ok,0.3209
11.7495,675,,,0.6225,,,,,,13.4308,r2_measured_01980,read,measured,,,,,0.6681,,ok,0.3212
9.8019,567,,,0.8177,,,,,,11.5069,r2_measured_01981,read,measured,,,,,0.517,,ok,0.3157
9.3448,507,,,0.6486,,,,,,11.1647,r2_measured_01982,read,measured,,,,,0.6917,,ok,0.3977
14.9296,681,,,0.6307,,,,,,16.7323,r2_measured_01983,read,measured,,,,,0.696,,ok,0.3985
11.4964,568,,,0.6561,,,,,,13.1981,r2_measured_01984,read,measured,,,,,0.6553,,ok,0.3257
11.989,674,,,0.548,,,,,,13.63,r2_measured_01985,read,measured,,,,,0.6295,,ok,0.381
12.9706,679,,,0.5022,,,,,,14.4017,r2_measured_01986,read,measured,,,,,0.5507,,ok,0.3164
11.4653,663,,,0.5232,,,,,,13.0496,r2_measured_01987,read,measured,,,,,0.6438,,ok,0.3258
12.6096,679,,,0.7428,,,,,,14.616,r2_measured_01988,read,measured,,,,,0.7127,,ok,0.4698
12.3864,629,,,0.6527,,,,,,14.1181,r2_measured_01989,read,measured,,,,,0.6361,,ok,0.3707
12.4723,661,,,0.4684,,,,,,14.1077,r2_measured_01990,read,measured,,,,,0.6965,,ok,0.3835
10.4881,628,,,0.4813,,,,,,11.8653,r2_measured_01991,read,measured,,,,,0.5224,,ok,0.3134
8.1429,417,,,0.2927,,,,,,9.3979,r2_measured_01992,read,measured,,,,,0.5808,,ok,0.3221
11.7568,662,,,0.4778,,,,,,13.1717,r2_measured_01993,read,measured,,,,,0.5636,,ok,0.3089
11.1972,662,,,0.5834,,,,,,12.7606,r2_measured_01994,read,measured,,,,,0.5865,,ok,0.3321
11.5855,680,,,0.563,,,,,,13.2456,r2_measured_01995,read,measured,,,,,0.6266,,ok,0.3931
10.7985,567,,,0.5901,,,,,,12.3916,r2_measured_01996,read,measured,,,,,0.5958,,ok,0.3435
6.8335,369,,,0.2797,,,,,,7.8663,r2_measured_01997,read,measured,,,,,0.374,,ok,0.3367
11.7958,681,,,0.5467,,,,,,13.3678,r2_measured_01998,read,measured,,,,,0.6291,,ok,0.3239
12.528,626,,,0.4379,,,,,,13.871,r2_measured_01999,read,measured,,,,,0.5366,,ok,0.3099
11.3021,629,,,0.9224,,,,,,13.3182,r2_measured_02000,read,measured,,,,,0.6665,,ok,0.3424
13.6085,567,,,0.4968,,,,,,15.043,r2_measured_02001,read,measured,,,,,0.5528,,ok,0.3167
15.9333,680,,,0.9015,,,,,,17.9298,r2_measured_02002,read,measured,,,,,0.6665,,ok,0.343
17.8069,568,,,0.4989,,,,,,19.4709,r2_measured_02003,read,measured,,,,,0.7023,,ok,0.376
18.0614,679,,,0.6287,,,,,,19.6834,r2_measured_02004,read,measured,,,,,0.6131,,ok,0.3099
12.0524,675,,,0.5461,,,,,,13.5393,r2_measured_02005,read,measured,,,,,0.5576,,ok,0.3169
14.6503,661,,,0.9933,,,,,,16.7658,r2_measured_02006,read,measured,,,,,0.6464,,ok,0.4049
18.4173,674,,,0.6603,,,,,,20.3007,r2_measured_02007,read,measured,,,,,0.714,,ok,0.4306
15.0221,674,,,0.6995,,,,,,16.9762,r2_measured_02008,read,measured,,,,,0.7162,,ok,0.4452
17.2089,680,,,0.5942,,,,,,19.103,r2_measured_02009,read,measured,,,,,0.7831,,ok,0.4334
16.9613,663,,,0.5861,,,,,,18.7717,r2_measured_02010,read,measured,,,,,0.7078,,ok,0.4178
9.8802,368,,,0.4333,,,,,,11.4677,r2_measured_02011,read,measured,,,,,0.5385,,ok,0.5504
15.2684,679,,,0.6959,,,,,,17.0689,r2_measured_02012,read,measured,,,,,0.7036,,ok,0.3232
10.0681,568,,,0.5099,,,,,,11.4933,r2_measured_02013,read,measured,,,,,0.5664,,ok,0.2955
16.9083,681,,,0.706,,,,,,18.9166,r2_measured_02014,read,measured,,,,,0.8029,,ok,0.4118
18.7785,663,,,0.5121,,,,,,20.4322,r2_measured_02015,read,measured,,,,,0.7441,,ok,0.3294
14.7171,672,,,0.6348,,,,,,16.3381,r2_measured_02016,read,measured,,,,,0.6012,,ok,0.3181
7.8739,419,,,0.2279,,,,,,8.8923,r2_measured_02017,read,measured,,,,,0.4407,,ok,0.305
7.7247,416,,,0.231,,,,,,8.6685,r2_measured_02018,read,measured,,,,,0.3672,,ok,0.2994
9.9356,509,,,0.5496,,,,,,11.5407,r2_measured_02019,read,measured,,,,,0.6152,,ok,0.3691
11.8643,680,,,0.5694,,,,,,13.4773,r2_measured_02020,read,measured,,,,,0.6374,,ok,0.3423
10.485,629,,,0.6469,,,,,,12.1219,r2_measured_02021,read,measured,,,,,0.5742,,ok,0.3481
11.4045,628,,,0.5188,,,,,,12.9975,r2_measured_02022,read,measured,,,,,0.6487,,ok,0.3463
11.6233,681,,,0.455,,,,,,12.9842,r2_measured_02023,read,measured,,,,,0.5435,,ok,0.2983
7.7614,417,,,0.3116,,,,,,9.0147,r2_measured_02024,read,measured,,,,,0.5033,,ok,0.3798
10.3337,508,,,0.4323,,,,,,11.7618,r2_measured_02025,read,measured,,,,,0.6117,,ok,0.3283
13.0882,688,,,0.709,,,,,,14.9786,r2_measured_02026,read,measured,,,,,0.7043,,ok,0.3982
10.9489,507,,,0.509,,,,,,12.4643,r2_measured_02027,read,measured,,,,,0.5743,,ok,0.3626
12.7616,688,,,0.9219,,,,,,14.7064,r2_measured_02028,read,measured,,,,,0.5977,,ok,0.3581
10.9035,628,,,0.5737,,,,,,12.63,r2_measured_02029,read,measured,,,,,0.7576,,ok,0.3149
8.5857,417,,,0.2686,,,,,,9.6575,r2_measured_02030,read,measured,,,,,0.4515,,ok,0.2963
11.8425,681,,,0.5662,,,,,,13.3903,r2_measured_02031,read,measured,,,,,0.577,,ok,0.3343
13.46,663,,,0.604,,,,,,15.2419,r2_measured_02032,read,measured,,,,,0.721,,ok,0.3617
13.3159,509,,,0.9834,,,,,,15.4641,r2_measured_02033,read,measured,,,,,0.5703,,ok,0.5272
11.7977,680,,,0.5968,,,,,,13.3579,r2_measured_02034,read,measured,,,,,0.5488,,ok,0.3306
11.3864,568,,,0.5269,,,,,,13.0094,r2_measured_02035,read,measured,,,,,0.6452,,ok,0.3811
10.8577,628,,,0.49,,,,,,12.3343,r2_measured_02036,read,measured,,,,,0.6001,,ok,0.3186
12.1114,680,,,0.5564,,,,,,13.6313,r2_measured_02037,read,measured,,,,,0.571,,ok,0.3209
15.5035,568,,,0.5087,,,,,,17.0052,r2_measured_02038,read,measured,,,,,0.5598,,ok,0.3627
10.5584,419,,,0.2845,,,,,,11.7925,r2_measured_02039,read,measured,,,,,0.55,,ok,0.311
11.6856,566,,,0.5559,,,,,,13.2055,r2_measured_02040,read,measured,,,,,0.5786,,ok,0.3139
14.1281,681,,,0.9991,,,,,,16.655,r2_measured_02041,read,measured,,,,,0.8636,,ok,0.5601
15.7018,628,,,0.8452,,,,,,18.1114,r2_measured_02042,read,measured,,,,,0.885,,ok,0.572
12.2633,509,,,0.5395,,,,,,13.8586,r2_measured_02043,read,measured,,,,,0.6132,,ok,0.3729
73.0842,678,12.1401,5.7311,0.5845,2.2624,1,5.7295,1,26.9673,74.7086,r2_measured_02044,update,measured,21.2362,1.6244,1,13.0811,0.6431,18.6333,ok,0.3228
11.4197,628,,,0.519,,,,,,12.8679,r2_measured_02045,read,measured,,,,,0.5327,,ok,0.3287
11.7957,681,,,0.6046,,,,,,13.6123,r2_measured_02046,read,measured,,,,,0.7344,,ok,0.3929
7.7584,369,,,0.2123,,,,,,8.7562,r2_measured_02047,read,measured,,,,,0.4257,,ok,0.3109
6.6624,369,,,0.1985,,,,,,7.6141,r2_measured_02048,read,measured,,,,,0.4274,,ok,0.2828
12.7881,678,,,0.5407,,,,,,14.4132,r2_measured_02049,read,measured,,,,,0.6592,,ok,0.3588
12.0727,680,,,0.676,,,,,,13.8782,r2_measured_02050,read,measured,,,,,0.623,,ok,0.419
11.4035,509,,,0.5245,,,,,,13.0094,r2_measured_02051,read,measured,,,,,0.6069,,ok,0.4068
12.2033,660,,,0.6077,,,,,,13.8652,r2_measured_02052,read,measured,,,,,0.6542,,ok,0.3296
10.8337,628,,,0.5007,,,,,,12.3037,r2_measured_02053,read,measured,,,,,0.6008,,ok,0.3097
9.9578,567,,,0.4412,,,,,,11.1803,r2_measured_02054,read,measured,,,,,0.4354,,ok,0.296
11.6865,688,,,0.5705,,,,,,13.2873,r2_measured_02055,read,measured,,,,,0.646,,ok,0.3177
9.7954,509,,,0.4494,,,,,,11.0531,r2_measured_02056,read,measured,,,,,0.4411,,ok,0.3146
11.2706,680,,,0.6539,,,,,,13.1005,r2_measured_02057,read,measured,,,,,0.6827,,ok,0.4128
8.5441,416,,,0.2815,,,,,,9.7682,r2_measured_02058,read,measured,,,,,0.5484,,ok,0.3376
13.7793,628,,,0.6019,,,,,,15.8406,r2_measured_02059,read,measured,,,,,0.8126,,ok,0.5553
16.577,679,,,0.6654,,,,,,18.4431,r2_measured_02060,read,measured,,,,,0.7549,,ok,0.3606
12.1247,663,,,0.5362,,,,,,13.6268,r2_measured_02061,read,measured,,,,,0.5771,,ok,0.3254
11.6416,628,,,0.589,,,,,,13.347,r2_measured_02062,read,measured,,,,,0.6991,,ok,0.3361
12.4301,662,,,0.733,,,,,,14.3409,r2_measured_02063,read,measured,,,,,0.6668,,ok,0.4234
18.4372,689,,,0.8564,,,,,,21.0682,r2_measured_02064,read,measured,,,,,1.0999,,ok,0.5607
16.6192,507,,,0.5323,,,,,,18.127,r2_measured_02065,read,measured,,,,,0.5656,,ok,0.3484
13.3646,507,,,0.5885,,,,,,15.204,r2_measured_02066,read,measured,,,,,0.7233,,ok,0.4392
12.0211,565,,,0.4664,,,,,,13.5594,r2_measured_02067,read,measured,,,,,0.5783,,ok,0.3802
10.7467,627,,,0.5523,,,,,,12.4457,r2_measured_02068,read,measured,,,,,0.6018,,ok,0.386
12.0548,680,,,0.5275,,,,,,13.62,r2_measured_02069,read,measured,,,,,0.6469,,ok,0.324
11.8802,680,,,0.5922,,,,,,13.4381,r2_measured_02070,read,measured,,,,,0.5613,,ok,0.3434
10.3159,567,,,0.5955,,,,,,12.0699,r2_measured_02071,read,measured,,,,,0.672,,ok,0.407
8.433,369,,,0.2231,,,,,,9.5543,r2_measured_02072,read,measured,,,,,0.4756,,ok,0.3697
11.1228,568,,,0.6631,,,,,,12.9501,r2_measured_02073,read,measured,,,,,0.6861,,ok,0.4153
11.9838,675,,,0.6149,,,,,,13.6565,r2_measured_02074,read,measured,,,,,0.625,,ok,0.3607
15.5217,688,,,0.5854,,,,,,17.0911,r2_measured_02075,read,measured,,,,,0.5781,,ok,0.3376
13.4159,628,,,0.5329,,,,,,15.0241,r2_measured_02076,read,measured,,,,,0.6482,,ok,0.3541
7.9681,369,,,0.2164,,,,,,8.9632,r2_measured_02077,read,measured,,,,,0.3986,,ok,0.321
11.5635,681,,,0.5034,,,,,,13.0329,r2_measured_02078,read,measured,,,,,0.5964,,ok,0.302
10.7405,508,,,0.8335,,,,,,12.7057,r2_measured_02079,read,measured,,,,,0.6901,,ok,0.3733
18.7902,679,,,0.5088,,,,,,20.2855,r2_measured_02080,read,measured,,,,,0.6348,,ok,0.2889
12.6478,627,,,0.568,,,,,,14.1787,r2_measured_02081,read,measured,,,,,0.5675,,ok,0.325
13.2713,628,,,0.4551,,,,,,14.7901,r2_measured_02082,read,measured,,,,,0.679,,ok,0.3222
10.6292,509,,,0.4942,,,,,,12.409,r2_measured_02083,read,measured,,,,,0.8602,,ok,0.3549
12.5259,675,,,0.5531,,,,,,14.125,r2_measured_02084,read,measured,,,,,0.6608,,ok,0.3171
11.5097,673,,,0.5014,,,,,,13.0104,r2_measured_02085,read,measured,,,,,0.6,,ok,0.3358
10.6067,509,,,0.479,,,,,,12.0539,r2_measured_02086,read,measured,,,,,0.5716,,ok,0.3286
12.5413,627,,,0.5497,,,,,,14.163,r2_measured_02087,read,measured,,,,,0.6408,,ok,0.3608
69.7149,509,11.2779,6.0441,0.517,1.9268,1,6.0422,1,27.2266,71.177,r2_measured_02088,update,measured,21.1825,1.4621,1,12.1771,0.5326,17.1065,ok,0.3515
12.3856,680,,,0.5423,,,,,,13.8887,r2_measured_02089,read,measured,,,,,0.5788,,ok,0.3093
8.4794,418,,,0.2629,,,,,,9.7158,r2_measured_02090,read,measured,,,,,0.4898,,ok,0.4208
12.2923,680,,,0.4514,,,,,,13.7655,r2_measured_02091,read,measured,,,,,0.6251,,ok,0.3328
11.8053,661,,,0.5314,,,,,,13.3995,r2_measured_02092,read,measured,,,,,0.6825,,ok,0.3155
59.2595,680,12.7454,3.4337,0.5458,2.4303,0,3.4319,1,21.5205,60.8106,r2_measured_02093,update,measured,18.0868,1.5511,1,0.006,0.6143,22.5573,ok,0.3175
25.2565,674,,,1.1516,,,,,,28.8586,r2_measured_02094,read,measured,,,,,1.4665,,ok,0.7238
22.7184,627,,,0.7399,,,,,,24.938,r2_measured_02095,read,measured,,,,,0.8932,,ok,0.4841
10.8668,417,,,0.3324,,,,,,12.3375,r2_measured_02096,read,measured,,,,,0.6441,,ok,0.4204
16.623,681,,,0.6547,,,,,,18.483,r2_measured_02097,read,measured,,,,,0.685,,ok,0.4391
11.9939,368,,,0.3884,,,,,,14.0878,r2_measured_02098,read,measured,,,,,0.947,,ok,0.6319
14.0399,417,,,0.2884,,,,,,15.35,r2_measured_02099,read,measured,,,,,0.5805,,ok,0.3768
17.5824,689,,,0.8128,,,,,,20.3426,r2_measured_02100,read,measured,,,,,1.17,,ok,0.653
77.6323,686,15.3745,6.7893,0.5985,3.0169,1,6.7869,1,28.9096,79.2733,r2_measured_02101,update,measured,22.1203,1.641,1,10.8462,0.6283,19.4851,ok,0.3447
15.6437,674,,,0.7862,,,,,,18.1652,r2_measured_02102,read,measured,,,,,1.1629,,ok,0.4775
17.579,507,,,0.8185,,,,,,19.9164,r2_measured_02103,read,measured,,,,,0.8331,,ok,0.5953
22.1748,689,,,1.1967,,,,,,24.733,r2_measured_02104,read,measured,,,,,0.9271,,ok,0.3496
8.0521,416,,,0.2384,,,,,,9.1513,r2_measured_02105,read,measured,,,,,0.5085,,ok,0.3017
10.4011,568,,,0.5,,,,,,12.0056,r2_measured_02106,read,measured,,,,,0.6352,,ok,0.3955
7.6744,369,,,0.2861,,,,,,8.9528,r2_measured_02107,read,measured,,,,,0.4575,,ok,0.4661
14.5221,566,,,0.572,,,,,,16.149,r2_measured_02108,read,measured,,,,,0.5888,,ok,0.3978
70.6193,679,13.3151,5.1962,0.5371,3.4672,1,5.1942,1,23.3371,72.2115,r2_measured_02109,update,measured,18.1409,1.5922,1,10.3943,0.6617,20.1056,ok,0.3193
7.3966,369,,,0.2413,,,,,,8.4185,r2_measured_02110,read,measured,,,,,0.4416,,ok,0.2933
11.3335,661,,,0.4756,,,,,,12.7767,r2_measured_02111,read,measured,,,,,0.5972,,ok,0.3142
10.1058,565,,,0.4927,,,,,,11.6513,r2_measured_02112,read,measured,,,,,0.682,,ok,0.3098
12.0951,688,,,0.58,,,,,,13.893,r2_measured_02113,read,measured,,,,,0.8369,,ok,0.3148
11.0268,568,,,0.5206,,,,,,12.5078,r2_measured_02114,read,measured,,,,,0.5827,,ok,0.3179
7.5012,369,,,0.2804,,,,,,8.6996,r2_measured_02115,read,measured,,,,,0.5204,,ok,0.3397
11.5033,628,,,0.4795,,,,,,12.9607,r2_measured_02116,read,measured,,,,,0.5873,,ok,0.323
8.4058,417,,,0.3126,,,,,,9.8235,r2_measured_02117,read,measured,,,,,0.7134,,ok,0.3359
11.1884,509,,,0.5414,,,,,,12.9342,r2_measured_02118,read,measured,,,,,0.7332,,ok,0.3986
11.7275,629,,,0.4979,,,,,,13.1884,r2_measured_02119,read,measured,,,,,0.5966,,ok,0.3117
11.6754,679,,,0.6754,,,,,,13.7889,r2_measured_02120,read,measured,,,,,0.8257,,ok,0.5352
12.9654,680,,,0.8606,,,,,,14.8355,r2_measured_02121,read,measured,,,,,0.583,,ok,0.3499
8.1231,418,,,0.2293,,,,,,9.1368,r2_measured_02122,read,measured,,,,,0.4457,,ok,0.2949
10.2242,568,,,0.5065,,,,,,11.7554,r2_measured_02123,read,measured,,,,,0.6086,,ok,0.3478
13.5774,689,,,0.6063,,,,,,15.4401,r2_measured_02124,read,measured,,,,,0.8232,,ok,0.3605
10.5846,505,,,0.4811,,,,,,11.8828,r2_measured_02125,read,measured,,,,,0.4513,,ok,0.3135
11.4329,629,,,0.5256,,,,,,12.8962,r2_measured_02126,read,measured,,,,,0.5684,,ok,0.3017
13.127,681,,,0.5439,,,,,,14.6608,r2_measured_02127,read,measured,,,,,0.5647,,ok,0.3547
11.6274,681,,,0.6539,,,,,,13.3769,r2_measured_02128,read,measured,,,,,0.6856,,ok,0.3347
12.5214,679,,,0.5276,,,,,,14.0365,r2_measured_02129,read,measured,,,,,0.5529,,ok,0.3674
12.9383,681,,,0.5898,,,,,,14.7738,r2_measured_02130,read,measured,,,,,0.785,,ok,0.3835
12.8129,679,,,0.5436,,,,,,14.3834,r2_measured_02131,read,measured,,,,,0.628,,ok,0.3268
7.6942,369,,,0.2189,,,,,,8.6961,r2_measured_02132,read,measured,,,,,0.4526,,ok,0.2803
13.3277,663,,,0.7779,,,,,,15.2759,r2_measured_02133,read,measured,,,,,0.6645,,ok,0.4209
9.453,369,,,0.2045,,,,,,10.4825,r2_measured_02134,read,measured,,,,,0.464,,ok,0.3124
12.4712,672,,,0.5647,,,,,,14.2008,r2_measured_02135,read,measured,,,,,0.6675,,ok,0.3722
14.1426,681,,,0.7527,,,,,,16.4466,r2_measured_02136,read,measured,,,,,0.8724,,ok,0.5723
17.1123,680,,,0.6355,,,,,,18.8565,r2_measured_02137,read,measured,,,,,0.6833,,ok,0.3561
11.0975,624,,,0.5138,,,,,,12.7083,r2_measured_02138,read,measured,,,,,0.5749,,ok,0.4063
11.9336,679,,,0.608,,,,,,13.7234,r2_measured_02139,read,measured,,,,,0.7796,,ok,0.3265
66.2181,419,10.0484,5.1261,0.287,1.7408,1,5.1246,1,18.6003,67.6486,r2_measured_02140,update,measured,13.4742,1.4305,1,19.105,0.4973,16.7236,ok,0.5728
16.2856,681,,,0.6207,,,,,,18.1461,r2_measured_02141,read,measured,,,,,0.7437,,ok,0.4053
13.2216,689,,,0.4818,,,,,,14.6129,r2_measured_02142,read,measured,,,,,0.5455,,ok,0.302
9.0991,417,,,0.2636,,,,,,10.2762,r2_measured_02143,read,measured,,,,,0.5359,,ok,0.3083
12.2448,689,,,0.591,,,,,,13.9355,r2_measured_02144,read,measured,,,,,0.6898,,ok,0.3433
13.2833,565,,,0.6992,,,,,,15.2363,r2_measured_02145,read,measured,,,,,0.7319,,ok,0.4305
18.6153,686,,,0.5426,,,,,,20.2967,r2_measured_02146,read,measured,,,,,0.6951,,ok,0.3675
12.5234,508,,,0.4294,,,,,,13.8542,r2_measured_02147,read,measured,,,,,0.531,,ok,0.3107
9.3727,418,,,0.2525,,,,,,10.6063,r2_measured_02148,read,measured,,,,,0.5956,,ok,0.3314
11.4995,661,,,0.4956,,,,,,13.1306,r2_measured_02149,read,measured,,,,,0.7529,,ok,0.3236
11.0548,675,,,0.5895,,,,,,12.8529,r2_measured_02150,read,measured,,,,,0.7371,,ok,0.3916
12.83,681,,,0.4983,,,,,,14.409,r2_measured_02151,read,measured,,,,,0.6899,,ok,0.3264
10.7968,627,,,0.5335,,,,,,12.5245,r2_measured_02152,read,measured,,,,,0.7301,,ok,0.3928
11.2568,567,,,0.5048,,,,,,12.7275,r2_measured_02153,read,measured,,,,,0.5737,,ok,0.3267
12.732,689,,,0.5684,,,,,,14.4311,r2_measured_02154,read,measured,,,,,0.7428,,ok,0.3199
9.7966,509,,,0.6388,,,,,,11.4208,r2_measured_02155,read,measured,,,,,0.5897,,ok,0.3268
67.3296,627,13.0811,5.714,0.7319,2.1511,1,5.7118,1,23.8067,69.6162,r2_measured_02156,update,measured,18.0927,2.2866,1,9.986,0.968,18.3047,ok,0.4948
15.7559,628,,,0.5815,,,,,,17.5383,r2_measured_02157,read,measured,,,,,0.6962,,ok,0.4243
54.9862,417,8.3557,5.0451,0.2453,1.5158,1,5.0434,1,30.8777,56.1253,r2_measured_02158,update,measured,25.8326,1.1391,1,0.0053,0.5395,14.2317,ok,0.3045
10.8161,626,,,0.5777,,,,,,12.469,r2_measured_02159,read,measured,,,,,0.6256,,ok,0.379
7.7411,419,,,0.2665,,,,,,8.8017,r2_measured_02160,read,measured,,,,,0.4355,,ok,0.3091
12.2198,688,,,0.573,,,,,,13.9868,r2_measured_02161,read,measured,,,,,0.7299,,ok,0.3112
12.6848,628,,,0.5666,,,,,,14.3941,r2_measured_02162,read,measured,,,,,0.6925,,ok,0.3801
26.4827,419,,,0.4448,,,,,,28.4853,r2_measured_02163,read,measured,,,,,0.7605,,ok,0.6471
20.7006,628,,,0.624,,,,,,23.6593,r2_measured_02164,read,measured,,,,,1.8232,,ok,0.4298
60.8146,418,8.851,5.0926,0.2516,1.4736,1,5.091,1,27.0408,61.8904,r2_measured_02165,update,measured,21.9482,1.0758,1,9.9687,0.4628,13.4805,ok,0.3
11.8986,680,,,0.5073,,,,,,13.3949,r2_measured_02166,read,measured,,,,,0.5837,,ok,0.3352
10.4049,628,,,0.555,,,,,,12.0122,r2_measured_02167,read,measured,,,,,0.6552,,ok,0.3197
14.0573,628,,,0.5399,,,,,,15.6604,r2_measured_02168,read,measured,,,,,0.6358,,ok,0.3499
9.9356,567,,,0.5531,,,,,,11.3937,r2_measured_02169,read,measured,,,,,0.5327,,ok,0.3131
8.6395,417,,,0.2953,,,,,,10.0572,r2_measured_02170,read,measured,,,,,0.6184,,ok,0.4338
69.195,509,10.9045,5.9511,0.4405,1.8858,0,5.9495,1,27.2934,70.7228,r2_measured_02171,update,measured,21.3423,1.5278,1,10.5741,0.6077,18.5372,ok,0.4091
16.1694,689,,,0.5876,,,,,,17.9278,r2_measured_02172,read,measured,,,,,0.6991,,ok,0.3989
18.0441,689,,,0.7293,,,,,,20.189,r2_measured_02173,read,measured,,,,,0.9653,,ok,0.3683
13.2707,680,,,0.5276,,,,,,14.8321,r2_measured_02174,read,measured,,,,,0.6431,,ok,0.3276
11.8232,689,,,0.6572,,,,,,13.495,r2_measured_02175,read,measured,,,,,0.6017,,ok,0.3376
38.9488,678,,,1.5333,,,,,,42.2761,r2_measured_02176,read,measured,,,,,0.78,,ok,0.9026
13.4157,679,,,1.3099,,,,,,15.8069,r2_measured_02177,read,measured,,,,,0.6712,,ok,0.3406
12.8628,663,,,0.8253,,,,,,14.969,r2_measured_02178,read,measured,,,,,0.7312,,ok,0.4668
17.0996,679,,,0.6545,,,,,,18.8914,r2_measured_02179,read,measured,,,,,0.744,,ok,0.3201
48.6274,369,10.6143,4.6382,0.2518,2.282,1,4.6362,1,23.4079,49.815,r2_measured_02180,update,measured,18.7697,1.1876,1,0.0048,0.4975,12.3184,ok,0.3791
13.4268,680,,,0.5968,,,,,,15.1244,r2_measured_02181,read,measured,,,,,0.6737,,ok,0.352
69.3006,675,12.9352,5.3665,0.6328,2.3218,1,5.3648,1,24.0111,71.0114,r2_measured_02182,update,measured,18.6446,1.7108,1,9.3523,0.6698,20.6802,ok,0.3267
12.005,680,,,0.5977,,,,,,13.6823,r2_measured_02183,read,measured,,,,,0.6743,,ok,0.3319
8.7119,509,,,0.4289,,,,,,10.1667,r2_measured_02184,read,measured,,,,,0.658,,ok,0.3118
12.1826,681,,,0.5363,,,,,,13.7357,r2_measured_02185,read,measured,,,,,0.6219,,ok,0.3185
9.262,509,,,0.4318,,,,,,10.5723,r2_measured_02186,read,measured,,,,,0.5141,,ok,0.3111
8.2317,368,,,0.2081,,,,,,9.2205,r2_measured_02187,read,measured,,,,,0.4521,,ok,0.2842
11.9862,681,,,0.5136,,,,,,13.5721,r2_measured_02188,read,measured,,,,,0.702,,ok,0.3013
10.4067,566,,,0.4441,,,,,,11.6981,r2_measured_02189,read,measured,,,,,0.5068,,ok,0.2878
60.9411,417,8.8275,4.1463,0.2952,1.6651,1,4.1447,1,23.3104,62.0528,r2_measured_02190,update,measured,19.1641,1.1117,1,9.8677,0.4542,17.2704,ok,0.3146
11.8935,679,,,0.5468,,,,,,13.468,r2_measured_02191,read,measured,,,,,0.6232,,ok,0.3402
62.8599,419,,,0.3921,,,,,,64.4866,r2_measured_02192,read,measured,,,,,0.6769,,ok,0.461
13.9659,687,,,0.6063,,,,,,15.629,r2_measured_02193,read,measured,,,,,0.6615,,ok,0.3189
11.9182,628,,,0.6217,,,,,,13.6429,r2_measured_02194,read,measured,,,,,0.6583,,ok,0.3653
13.6818,628,,,0.685,,,,,,15.4552,r2_measured_02195,read,measured,,,,,0.658,,ok,0.3529
10.0625,509,,,0.4836,,,,,,11.4999,r2_measured_02196,read,measured,,,,,0.5764,,ok,0.3167
9.5507,509,,,0.4587,,,,,,10.9265,r2_measured_02197,read,measured,,,,,0.5364,,ok,0.3263
13.4635,627,,,0.7362,,,,,,15.6408,r2_measured_02198,read,measured,,,,,0.9058,,ok,0.4421
12.5492,509,,,0.6109,,,,,,14.3106,r2_measured_02199,read,measured,,,,,0.6504,,ok,0.421
12.4404,567,,,0.576,,,,,,14.1414,r2_measured_02200,read,measured,,,,,0.6793,,ok,0.3626
12.6843,688,,,0.6995,,,,,,14.5218,r2_measured_02201,read,measured,,,,,0.7028,,ok,0.3501
81.4193,418,11.1414,3.9751,0.3297,1.4143,0,3.9735,1,28.1486,82.8362,r2_measured_02202,update,measured,24.1735,1.4169,1,25.9679,0.5902,14.7471,ok,0.4195
11.2815,369,,,0.2999,,,,,,12.6127,r2_measured_02203,read,measured,,,,,0.6028,,ok,0.3607
15.6881,680,,,0.907,,,,,,17.8352,r2_measured_02204,read,measured,,,,,0.72,,ok,0.4198
14.655,681,,,0.6718,,,,,,16.5066,r2_measured_02205,read,measured,,,,,0.7206,,ok,0.3667
8.1597,419,,,0.3967,,,,,,9.4621,r2_measured_02206,read,measured,,,,,0.4712,,ok,0.3647
18.6568,688,,,0.6883,,,,,,20.5704,r2_measured_02207,read,measured,,,,,0.761,,ok,0.3718
12.8287,681,,,0.6137,,,,,,14.5751,r2_measured_02208,read,measured,,,,,0.7075,,ok,0.3431
15.23,680,,,1.0803,,,,,,17.4082,r2_measured_02209,read,measured,,,,,0.6739,,ok,0.3382
10.0529,567,,,0.458,,,,,,11.5921,r2_measured_02210,read,measured,,,,,0.6333,,ok,0.3704
17.4414,662,,,0.8242,,,,,,19.6888,r2_measured_02211,read,measured,,,,,0.8099,,ok,0.5001
14.4488,686,,,0.6671,,,,,,16.3291,r2_measured_02212,read,measured,,,,,0.7534,,ok,0.3769
12.7478,675,,,0.5912,,,,,,14.4619,r2_measured_02213,read,measured,,,,,0.7039,,ok,0.3357
7.2362,369,,,0.3528,,,,,,8.4698,r2_measured_02214,read,measured,,,,,0.4071,,ok,0.4079
9.7559,507,,,0.5319,,,,,,11.4022,r2_measured_02215,read,measured,,,,,0.4955,,ok,0.547
13.5631,661,,,0.6678,,,,,,15.545,r2_measured_02216,read,measured,,,,,0.805,,ok,0.4122
7.8789,369,,,0.2116,,,,,,8.8939,r2_measured_02217,read,measured,,,,,0.4292,,ok,0.3271
11.5965,680,,,0.5453,,,,,,13.1351,r2_measured_02218,read,measured,,,,,0.5716,,ok,0.2981
13.8829,680,,,0.8655,,,,,,16.4768,r2_measured_02219,read,measured,,,,,1.0773,,ok,0.5436
20.1397,688,,,0.9556,,,,,,22.3367,r2_measured_02220,read,measured,,,,,0.6728,,ok,0.4734
15.1389,680,,,0.5926,,,,,,16.7988,r2_measured_02221,read,measured,,,,,0.675,,ok,0.3192
15.9535,680,,,0.677,,,,,,18.0499,r2_measured_02222,read,measured,,,,,0.8854,,ok,0.4354
14.3048,568,,,0.5072,,,,,,16.0018,r2_measured_02223,read,measured,,,,,0.7112,,ok,0.4126
13.9745,681,,,0.6522,,,,,,15.9431,r2_measured_02224,read,measured,,,,,0.7354,,ok,0.4329
12.1491,624,,,0.6396,,,,,,13.9494,r2_measured_02225,read,measured,,,,,0.691,,ok,0.3673
10.1936,418,,,0.3612,,,,,,11.7239,r2_measured_02226,read,measured,,,,,0.7188,,ok,0.3657
12.8887,628,,,0.6077,,,,,,14.653,r2_measured_02227,read,measured,,,,,0.6884,,ok,0.3796
12.4454,689,,,0.5046,,,,,,13.961,r2_measured_02228,read,measured,,,,,0.5791,,ok,0.3556
11.708,675,,,0.587,,,,,,13.5245,r2_measured_02229,read,measured,,,,,0.8075,,ok,0.3312
67.0567,566,11.4868,4.2501,0.4612,1.9866,1,4.2486,1,22.5232,68.5447,r2_measured_02230,update,measured,18.2731,1.488,1,11.3829,0.5782,19.6772,ok,0.3591
18.916,680,,,0.612,,,,,,20.4923,r2_measured_02231,read,measured,,,,,0.5837,,ok,0.3058
16.6382,680,,,0.6079,,,,,,20.2531,r2_measured_02232,read,measured,,,,,0.62,,ok,2.3141
13.2,681,,,0.6752,,,,,,15.1706,r2_measured_02233,read,measured,,,,,0.7725,,ok,0.4442
19.7259,675,,,1.1303,,,,,,22.8003,r2_measured_02234,read,measured,,,,,1.0036,,ok,0.8044
35.0375,686,,,1.2074,,,,,,38.5022,r2_measured_02235,read,measured,,,,,1.3791,,ok,0.7347
24.0264,688,,,0.739,,,,,,26.2258,r2_measured_02236,read,measured,,,,,0.9243,,ok,0.4364
9.6293,419,,,0.2242,,,,,,10.6643,r2_measured_02237,read,measured,,,,,0.4585,,ok,0.3027
9.7218,509,,,0.4977,,,,,,11.178,r2_measured_02238,read,measured,,,,,0.5875,,ok,0.3093
11.2329,628,,,0.5225,,,,,,12.9068,r2_measured_02239,read,measured,,,,,0.6842,,ok,0.3683
10.2736,567,,,0.4959,,,,,,11.6134,r2_measured_02240,read,measured,,,,,0.4853,,ok,0.3057
12.2464,675,,,0.592,,,,,,13.8786,r2_measured_02241,read,measured,,,,,0.6188,,ok,0.3496
11.9076,675,,,0.5476,,,,,,13.3717,r2_measured_02242,read,measured,,,,,0.5467,,ok,0.3095
7.2108,368,,,0.262,,,,,,8.415,r2_measured_02243,read,measured,,,,,0.3949,,ok,0.4667
7.6873,369,,,0.236,,,,,,8.7871,r2_measured_02244,read,measured,,,,,0.503,,ok,0.3045
11.7648,628,,,0.575,,,,,,13.377,r2_measured_02245,read,measured,,,,,0.6321,,ok,0.3362
11.6389,627,,,0.5156,,,,,,13.1865,r2_measured_02246,read,measured,,,,,0.6354,,ok,0.3305
10.4579,568,,,0.4347,,,,,,11.7851,r2_measured_02247,read,measured,,,,,0.5356,,ok,0.3009
12.248,627,,,0.6376,,,,,,14.0678,r2_measured_02248,read,measured,,,,,0.687,,ok,0.4193
12.96,626,,,0.5631,,,,,,14.6371,r2_measured_02249,read,measured,,,,,0.6899,,ok,0.3519
12.1078,628,,,0.5265,,,,,,13.619,r2_measured_02250,read,measured,,,,,0.5999,,ok,0.3224
11.1449,628,,,0.5968,,,,,,12.8044,r2_measured_02251,read,measured,,,,,0.6253,,ok,0.3614
10.0486,509,,,0.4978,,,,,,13.5742,r2_measured_02252,read,measured,,,,,2.5073,,ok,0.4364
18.6381,680,,,0.6623,,,,,,20.3979,r2_measured_02253,read,measured,,,,,0.6791,,ok,0.3347
9.8814,509,,,0.4942,,,,,,11.3013,r2_measured_02254,read,measured,,,,,0.5299,,ok,0.336
7.7395,419,,,0.231,,,,,,8.7442,r2_measured_02255,read,measured,,,,,0.4434,,ok,0.281
15.3791,369,,,0.2693,,,,,,16.6465,r2_measured_02256,read,measured,,,,,0.5275,,ok,0.4065
26.9676,662,,,0.5953,,,,,,28.5639,r2_measured_02257,read,measured,,,,,0.6286,,ok,0.3045
18.4533,419,,,0.4247,,,,,,20.5849,r2_measured_02258,read,measured,,,,,0.8379,,ok,0.7646
20.6449,689,,,0.6126,,,,,,22.364,r2_measured_02259,read,measured,,,,,0.6695,,ok,0.3577
8.0971,418,,,0.353,,,,,,9.3564,r2_measured_02260,read,measured,,,,,0.5084,,ok,0.3394
9.3895,507,,,0.4518,,,,,,10.7696,r2_measured_02261,read,measured,,,,,0.4794,,ok,0.3713
12.3893,672,,,0.9385,,,,,,15.0314,r2_measured_02262,read,measured,,,,,0.7375,,ok,0.8883
11.1781,568,,,0.4719,,,,,,12.5734,r2_measured_02263,read,measured,,,,,0.5382,,ok,0.327
12.6368,681,,,0.6601,,,,,,14.51,r2_measured_02264,read,measured,,,,,0.741,,ok,0.383
13.2593,679,,,0.5676,,,,,,14.8124,r2_measured_02265,read,measured,,,,,0.6113,,ok,0.3078
12.3382,687,,,0.5717,,,,,,13.9437,r2_measured_02266,read,measured,,,,,0.6234,,ok,0.3324
13.4818,681,,,0.6596,,,,,,15.3543,r2_measured_02267,read,measured,,,,,0.7804,,ok,0.3583
10.7454,567,,,0.4648,,,,,,12.1336,r2_measured_02268,read,measured,,,,,0.5505,,ok,0.3154
10.8023,567,,,0.4896,,,,,,12.2847,r2_measured_02269,read,measured,,,,,0.6119,,ok,0.315
12.01,681,,,0.5619,,,,,,13.5549,r2_measured_02270,read,measured,,,,,0.5996,,ok,0.32
13.9133,509,,,0.5125,,,,,,15.4318,r2_measured_02271,read,measured,,,,,0.6213,,ok,0.3102
12.3429,417,,,0.2589,,,,,,13.5135,r2_measured_02272,read,measured,,,,,0.4736,,ok,0.3799
10.5467,568,,,0.5068,,,,,,12.1745,r2_measured_02273,read,measured,,,,,0.7081,,ok,0.3547
12.8596,688,,,0.6279,,,,,,14.5898,r2_measured_02274,read,measured,,,,,0.6789,,ok,0.3472
14.6726,628,,,0.5696,,,,,,16.7703,r2_measured_02275,read,measured,,,,,1.1237,,ok,0.3224
18.0427,369,,,0.2339,,,,,,19.1365,r2_measured_02276,read,measured,,,,,0.4938,,ok,0.3099
11.66,679,,,0.5578,,,,,,13.156,r2_measured_02277,read,measured,,,,,0.5728,,ok,0.3061
12.5941,675,,,0.5719,,,,,,14.1292,r2_measured_02278,read,measured,,,,,0.5732,,ok,0.3209
10.2803,566,,,0.5173,,,,,,11.9827,r2_measured_02279,read,measured,,,,,0.6094,,ok,0.4946
15.1765,663,,,0.5991,,,,,,17.2252,r2_measured_02280,read,measured,,,,,0.8825,,ok,0.4665
12.6795,678,,,0.606,,,,,,14.2977,r2_measured_02281,read,measured,,,,,0.6205,,ok,0.3256
7.1568,369,,,0.1922,,,,,,8.102,r2_measured_02282,read,measured,,,,,0.4054,,ok,0.3032
12.7924,681,,,0.6358,,,,,,14.5404,r2_measured_02283,read,measured,,,,,0.6758,,ok,0.3569
11.9857,627,,,0.5853,,,,,,13.7065,r2_measured_02284,read,measured,,,,,0.6436,,ok,0.4155
10.6039,509,,,0.7208,,,,,,12.7817,r2_measured_02285,read,measured,,,,,0.7979,,ok,0.5701
14.253,687,,,0.5865,,,,,,15.8592,r2_measured_02286,read,measured,,,,,0.6433,,ok,0.3117
12.1014,674,,,0.5422,,,,,,13.6289,r2_measured_02287,read,measured,,,,,0.5986,,ok,0.3227
11.7661,660,,,0.5289,,,,,,13.3561,r2_measured_02288,read,measured,,,,,0.6852,,ok,0.3097
8.1965,418,,,0.2272,,,,,,9.1932,r2_measured_02289,read,measured,,,,,0.4274,,ok,0.2968
12.4666,680,,,0.6698,,,,,,14.3726,r2_measured_02290,read,measured,,,,,0.8022,,ok,0.3505
15.4918,681,,,0.6214,,,,,,17.1192,r2_measured_02291,read,measured,,,,,0.5897,,ok,0.3454
11.3207,675,,,0.5313,,,,,,12.773,r2_measured_02292,read,measured,,,,,0.5543,,ok,0.3073
62.3065,628,13.75,4.2123,0.7551,2.5008,0,4.2106,1,25.7116,64.2709,r2_measured_02293,update,measured,21.4993,1.9644,1,0.0061,0.7077,20.338,ok,0.4193
10.9156,509,,,0.5305,,,,,,12.448,r2_measured_02294,read,measured,,,,,0.5691,,ok,0.3694
9.5888,417,,,0.2295,,,,,,10.6171,r2_measured_02295,read,measured,,,,,0.4593,,ok,0.2916
13.3841,680,,,0.5736,,,,,,15.0432,r2_measured_02296,read,measured,,,,,0.6622,,ok,0.3453
10.7827,566,,,0.4663,,,,,,12.2972,r2_measured_02297,read,measured,,,,,0.5921,,ok,0.3839
12.0307,674,,,0.8435,,,,,,14.0526,r2_measured_02298,read,measured,,,,,0.6821,,ok,0.4203
14.4973,674,,,0.7783,,,,,,16.4992,r2_measured_02299,read,measured,,,,,0.7393,,ok,0.3997
13.7736,629,,,0.8658,,,,,,16.0296,r2_measured_02300,read,measured,,,,,0.5802,,ok,0.7163
8.9653,368,,,0.2738,,,,,,10.1684,r2_measured_02301,read,measured,,,,,0.5231,,ok,0.3453
13.8258,681,,,0.8328,,,,,,16.1094,r2_measured_02302,read,measured,,,,,0.8469,,ok,0.5049
14.1617,509,,,0.6063,,,,,,16.2708,r2_measured_02303,read,measured,,,,,0.8943,,ok,0.5165
12.7306,627,,,0.5155,,,,,,14.1876,r2_measured_02304,read,measured,,,,,0.5554,,ok,0.3177
11.4577,681,,,0.4266,,,,,,12.9726,r2_measured_02305,read,measured,,,,,0.6223,,ok,0.4017
9.8373,568,,,0.4339,,,,,,11.2377,r2_measured_02306,read,measured,,,,,0.6087,,ok,0.2945
13.619,679,,,0.5851,,,,,,15.54,r2_measured_02307,read,measured,,,,,0.8378,,ok,0.4206
8.4458,419,,,0.303,,,,,,9.8776,r2_measured_02308,read,measured,,,,,0.4824,,ok,0.5816
10.7949,419,,,0.3782,,,,,,12.2527,r2_measured_02309,read,measured,,,,,0.5544,,ok,0.4507
12.1457,686,,,0.5684,,,,,,13.7665,r2_measured_02310,read,measured,,,,,0.6338,,ok,0.3485
12.9763,681,,,0.5224,,,,,,14.5101,r2_measured_02311,read,measured,,,,,0.6252,,ok,0.3142
12.294,689,,,0.5535,,,,,,13.9252,r2_measured_02312,read,measured,,,,,0.6992,,ok,0.3139
9.5396,567,,,0.4656,,,,,,10.964,r2_measured_02313,read,measured,,,,,0.5741,,ok,0.3246
12.4834,686,,,0.556,,,,,,14.2349,r2_measured_02314,read,measured,,,,,0.7694,,ok,0.358
11.9266,678,,,0.4935,,,,,,13.619,r2_measured_02315,read,measured,,,,,0.7486,,ok,0.3657
11.2989,567,,,0.4826,,,,,,12.9946,r2_measured_02316,read,measured,,,,,0.7226,,ok,0.4173
8.1319,419,,,0.2417,,,,,,9.2189,r2_measured_02317,read,measured,,,,,0.4715,,ok,0.3093
11.8708,662,,,0.5819,,,,,,13.6021,r2_measured_02318,read,measured,,,,,0.6839,,ok,0.3888
8.3863,368,,,0.3304,,,,,,9.7221,r2_measured_02319,read,measured,,,,,0.522,,ok,0.4177
11.6465,628,,,0.5055,,,,,,13.0956,r2_measured_02320,read,measured,,,,,0.572,,ok,0.3104
11.5775,688,,,0.4714,,,,,,13.2159,r2_measured_02321,read,measured,,,,,0.5979,,ok,0.4965
12.905,688,,,0.4995,,,,,,14.5152,r2_measured_02322,read,measured,,,,,0.6733,,ok,0.3607
12.2035,661,,,0.908,,,,,,14.4232,r2_measured_02323,read,measured,,,,,0.5634,,ok,0.6876
67.9562,625,11.2357,5.9541,0.6803,2.2347,1,5.9526,1,20.4083,69.661,r2_measured_02324,update,measured,14.4542,1.7048,1,12.3891,0.5256,21.6884,ok,0.4421
7.9703,417,,,0.2535,,,,,,9.0758,r2_measured_02325,read,measured,,,,,0.4856,,ok,0.3081
11.6508,628,,,0.5694,,,,,,13.1556,r2_measured_02326,read,measured,,,,,0.541,,ok,0.3295
7.1777,369,,,0.2039,,,,,,8.1735,r2_measured_02327,read,measured,,,,,0.433,,ok,0.3124
13.423,627,,,0.5976,,,,,,15.0724,r2_measured_02328,read,measured,,,,,0.6263,,ok,0.352
9.688,509,,,0.4764,,,,,,11.1004,r2_measured_02329,read,measured,,,,,0.5387,,ok,0.3396
11.7513,663,,,0.5552,,,,,,13.4242,r2_measured_02330,read,measured,,,,,0.6968,,ok,0.3479
67.5891,568,10.906,6.2593,0.5619,2.0667,0,6.2577,1,23.4496,69.287,r2_measured_02331,update,measured,17.1903,1.6979,1,10.671,0.6733,20.4958,ok,0.3894
19.588,629,,,0.6881,,,,,,21.8241,r2_measured_02332,read,measured,,,,,0.9624,,ok,0.4975
19.1292,680,,,0.9738,,,,,,21.9549,r2_measured_02333,read,measured,,,,,1.0456,,ok,0.6861
21.0879,680,,,1.6641,,,,,,25.7407,r2_measured_02334,read,measured,,,,,1.8155,,ok,0.9888
23.6012,689,,,1.0477,,,,,,26.2721,r2_measured_02335,read,measured,,,,,0.9355,,ok,0.5718
12.3496,625,,,0.4819,,,,,,13.83,r2_measured_02336,read,measured,,,,,0.6072,,ok,0.3254
7.033,369,,,0.3034,,,,,,8.2116,r2_measured_02337,read,measured,,,,,0.4739,,ok,0.3436
11.2985,680,,,0.6032,,,,,,12.9354,r2_measured_02338,read,measured,,,,,0.6221,,ok,0.3365
17.0348,688,,,0.7854,,,,,,19.1809,r2_measured_02339,read,measured,,,,,0.7793,,ok,0.4941
12.6613,629,,,0.5802,,,,,,14.3528,r2_measured_02340,read,measured,,,,,0.697,,ok,0.3429
70.5238,687,12.5948,5.9344,0.4954,2.269,1,5.9327,1,24.6956,71.9918,r2_measured_02341,update,measured,18.7612,1.468,1,10.7878,0.5813,20.1766,ok,0.3193
10.5393,567,,,0.8857,,,,,,12.3884,r2_measured_02342,read,measured,,,,,0.5907,,ok,0.3135
6.7909,369,,,0.1942,,,,,,7.7757,r2_measured_02343,read,measured,,,,,0.4531,,ok,0.2964
12.8326,628,,,0.7106,,,,,,14.7635,r2_measured_02344,read,measured,,,,,0.7157,,ok,0.4111
13.7313,680,,,0.5118,,,,,,15.251,r2_measured_02345,read,measured,,,,,0.6021,,ok,0.339
11.8465,663,,,0.5809,,,,,,13.56,r2_measured_02346,read,measured,,,,,0.7083,,ok,0.3511
15.121,679,,,0.5356,,,,,,16.6674,r2_measured_02347,read,measured,,,,,0.6222,,ok,0.3182
68.4732,687,14.0989,3.2383,0.5526,2.498,1,3.2367,1,21.3836,70.1434,r2_measured_02348,update,measured,18.1453,1.6702,1,9.6069,0.6907,20.8858,ok,0.3602
9.3444,419,,,0.3218,,,,,,10.6925,r2_measured_02349,read,measured,,,,,0.626,,ok,0.3333
14.8905,662,,,0.8495,,,,,,17.3679,r2_measured_02350,read,measured,,,,,0.9657,,ok,0.552
19.0446,663,,,0.818,,,,,,21.5312,r2_measured_02351,read,measured,,,,,0.9947,,ok,0.5598
18.7109,507,,,1.1369,,,,,,21.9881,r2_measured_02352,read,measured,,,,,1.1993,,ok,0.8124
22.76,679,,,0.5569,,,,,,24.4505,r2_measured_02353,read,measured,,,,,0.7187,,ok,0.3408
9.6307,418,,,0.3291,,,,,,10.9687,r2_measured_02354,read,measured,,,,,0.5575,,ok,0.4023
13.1334,672,,,0.7391,,,,,,15.1514,r2_measured_02355,read,measured,,,,,0.6185,,ok,0.5663
13.014,628,,,1.1607,,,,,,15.8407,r2_measured_02356,read,measured,,,,,0.8472,,ok,0.7098
16.7362,674,,,0.5944,,,,,,18.4124,r2_measured_02357,read,measured,,,,,0.6584,,ok,0.3436
14.7859,629,,,0.7995,,,,,,17.1984,r2_measured_02358,read,measured,,,,,0.9937,,ok,0.5219
15.6876,628,,,0.5458,,,,,,17.3402,r2_measured_02359,read,measured,,,,,0.6939,,ok,0.3413
14.1256,566,,,0.5113,,,,,,15.628,r2_measured_02360,read,measured,,,,,0.5149,,ok,0.41
9.6921,505,,,0.5467,,,,,,12.3061,r2_measured_02361,read,measured,,,,,0.5871,,ok,1.366
9.3341,509,,,0.4566,,,,,,10.7233,r2_measured_02362,read,measured,,,,,0.5246,,ok,0.3485
12.579,681,,,0.677,,,,,,14.5924,r2_measured_02363,read,measured,,,,,0.7808,,ok,0.4591
11.4245,417,,,0.4247,,,,,,13.2025,r2_measured_02364,read,measured,,,,,0.8044,,ok,0.4716
18.3105,675,,,1.0169,,,,,,21.2303,r2_measured_02365,read,measured,,,,,1.0865,,ok,0.6318
20.7847,681,,,0.8679,,,,,,23.2015,r2_measured_02366,read,measured,,,,,0.9225,,ok,0.5187
15.7677,679,,,0.8881,,,,,,18.2609,r2_measured_02367,read,measured,,,,,0.9416,,ok,0.558
19.1901,689,,,0.6829,,,,,,21.3734,r2_measured_02368,read,measured,,,,,0.8981,,ok,0.426
19.4617,689,,,0.9176,,,,,,22.3495,r2_measured_02369,read,measured,,,,,1.2478,,ok,0.6011
20.562,680,,,0.8991,,,,,,23.1352,r2_measured_02370,read,measured,,,,,0.9561,,ok,0.5931
17.9943,680,,,0.8764,,,,,,20.6442,r2_measured_02371,read,measured,,,,,1.0136,,ok,0.6534
16.8436,687,,,0.7678,,,,,,19.1073,r2_measured_02372,read,measured,,,,,0.9392,,ok,0.4663
18.0029,689,,,1.008,,,,,,20.8489,r2_measured_02373,read,measured,,,,,1.1355,,ok,0.5832
15.8849,417,,,0.4032,,,,,,17.5798,r2_measured_02374,read,measured,,,,,0.7287,,ok,0.4906
19.0897,628,,,0.88,,,,,,21.9064,r2_measured_02375,read,measured,,,,,0.9624,,ok,0.8109
21.8354,567,,,0.8676,,,,,,24.4898,r2_measured_02376,read,measured,,,,,1.0996,,ok,0.5608
18.8276,679,,,0.7466,,,,,,20.7994,r2_measured_02377,read,measured,,,,,0.7185,,ok,0.4226
66.3025,689,13.0878,5.5232,0.5817,2.3197,1,5.5214,1,20.5574,67.8482,r2_measured_02378,update,measured,15.0342,1.5457,1,10.6256,0.5742,19.712,ok,0.3235
14.2978,681,,,1.0913,,,,,,16.3782,r2_measured_02379,read,measured,,,,,0.5786,,ok,0.3379
13.867,509,,,0.4528,,,,,,15.2275,r2_measured_02380,read,measured,,,,,0.5013,,ok,0.3531
13.4101,680,,,0.5902,,,,,,15.1974,r2_measured_02381,read,measured,,,,,0.7638,,ok,0.3536
13.6532,627,,,0.5615,,,,,,15.328,r2_measured_02382,read,measured,,,,,0.7181,,ok,0.3318
17.239,688,,,0.5614,,,,,,18.7669,r2_measured_02383,read,measured,,,,,0.5934,,ok,0.3025
109.5909,662,15.5731,9.2648,0.6449,2.4267,1,9.2627,1,40.5366,111.5462,r2_measured_02384,update,measured,31.2718,1.9553,1,24.8779,0.767,26.1766,ok,0.4561
18.1939,509,,,0.6978,,,,,,20.5141,r2_measured_02385,read,measured,,,,,0.9623,,ok,0.5649
15.7459,568,,,0.5276,,,,,,17.6439,r2_measured_02386,read,measured,,,,,0.8894,,ok,0.4091
10.4475,419,,,0.3745,,,,,,12.1522,r2_measured_02387,read,measured,,,,,0.6412,,ok,0.6037
16.661,687,,,0.5942,,,,,,18.7551,r2_measured_02388,read,measured,,,,,0.922,,ok,0.4943
15.0037,689,,,0.5801,,,,,,16.7223,r2_measured_02389,read,measured,,,,,0.7104,,ok,0.3527
11.7301,688,,,0.6351,,,,,,13.2928,r2_measured_02390,read,measured,,,,,0.5486,,ok,0.3136
11.6782,689,,,0.6626,,,,,,13.4151,r2_measured_02391,read,measured,,,,,0.6142,,ok,0.3903
9.0433,418,,,0.2347,,,,,,10.1152,r2_measured_02392,read,measured,,,,,0.4992,,ok,0.2843
11.9367,626,,,0.536,,,,,,13.3579,r2_measured_02393,read,measured,,,,,0.5303,,ok,0.2981
19.035,689,,,0.8895,,,,,,21.6983,r2_measured_02394,read,measured,,,,,0.9425,,ok,0.7134
17.3278,663,,,0.6036,,,,,,19.212,r2_measured_02395,read,measured,,,,,0.7815,,ok,0.4221
15.1313,663,,,0.7186,,,,,,17.3977,r2_measured_02396,read,measured,,,,,0.8123,,ok,0.613
21.4336,674,,,0.9532,,,,,,24.476,r2_measured_02397,read,measured,,,,,1.2287,,ok,0.7057
13.9568,419,,,0.3294,,,,,,15.4553,r2_measured_02398,read,measured,,,,,0.6604,,ok,0.4367
13.5035,688,,,0.685,,,,,,15.4219,r2_measured_02399,read,measured,,,,,0.7408,,ok,0.4085
15.5425,627,,,0.6436,,,,,,17.631,r2_measured_02400,read,measured,,,,,0.8861,,ok,0.4744
9.6854,419,,,0.2537,,,,,,10.7931,r2_measured_02401,read,measured,,,,,0.4672,,ok,0.3347
10.0431,568,,,0.5777,,,,,,11.5664,r2_measured_02402,read,measured,,,,,0.5501,,ok,0.3297
10.0658,566,,,0.5275,,,,,,11.5203,r2_measured_02403,read,measured,,,,,0.5635,,ok,0.3072
11.0981,681,,,0.708,,,,,,12.8218,r2_measured_02404,read,measured,,,,,0.6223,,ok,0.3314
11.9156,675,,,0.9489,,,,,,15.8189,r2_measured_02405,read,measured,,,,,2.5485,,ok,0.3355
10.9249,628,,,0.5705,,,,,,12.5972,r2_measured_02406,read,measured,,,,,0.6923,,ok,0.3424
11.5327,663,,,0.561,,,,,,13.2279,r2_measured_02407,read,measured,,,,,0.648,,ok,0.4091
11.854,419,,,0.3292,,,,,,13.4552,r2_measured_02408,read,measured,,,,,0.753,,ok,0.4526
71.5391,568,13.942,6.9519,0.6423,1.9359,1,6.9502,1,28.8337,73.3006,r2_measured_02409,update,measured,21.8818,1.7615,1,0.0051,0.6556,26.8224,ok,0.3956
12.7164,628,,,0.549,,,,,,14.2423,r2_measured_02410,read,measured,,,,,0.589,,ok,0.3197
12.2737,680,,,0.5764,,,,,,13.8444,r2_measured_02411,read,measured,,,,,0.5964,,ok,0.33
68.5937,689,14.6182,2.759,0.5423,2.4611,1,2.7569,1,20.32,70.119,r2_measured_02412,update,measured,17.561,1.5253,1,9.9724,0.609,21.222,ok,0.3092
11.7754,628,,,0.6547,,,,,,13.4459,r2_measured_02413,read,measured,,,,,0.606,,ok,0.3349
12.8094,687,,,0.5777,,,,,,14.3865,r2_measured_02414,read,measured,,,,,0.6139,,ok,0.3201
12.9646,680,,,0.6779,,,,,,14.8071,r2_measured_02415,read,measured,,,,,0.7133,,ok,0.3671
16.1839,680,,,0.6244,,,,,,18.0497,r2_measured_02416,read,measured,,,,,0.8089,,ok,0.3546
13.5464,419,,,0.2714,,,,,,14.7511,r2_measured_02417,read,measured,,,,,0.5114,,ok,0.3601
13.5599,681,,,0.6539,,,,,,15.1818,r2_measured_02418,read,measured,,,,,0.5594,,ok,0.3403
11.7294,687,,,0.4993,,,,,,13.257,r2_measured_02419,read,measured,,,,,0.6224,,ok,0.3407
11.275,629,,,0.5719,,,,,,12.8676,r2_measured_02420,read,measured,,,,,0.5997,,ok,0.3489
8.0131,417,,,0.2228,,,,,,9.0167,r2_measured_02421,read,measured,,,,,0.4323,,ok,0.2975
11.5052,689,,,0.5922,,,,,,13.2649,r2_measured_02422,read,measured,,,,,0.6488,,ok,0.4331
13.0136,509,,,0.7947,,,,,,15.6901,r2_measured_02423,read,measured,,,,,0.9436,,ok,0.7989
25.7118,681,,,1.0721,,,,,,28.8218,r2_measured_02424,read,measured,,,,,1.1591,,ok,0.7544
18.3921,508,,,0.7467,,,,,,20.9002,r2_measured_02425,read,measured,,,,,1.0796,,ok,0.5816
23.755,680,,,0.7504,,,,,,26.2331,r2_measured_02426,read,measured,,,,,1.1306,,ok,0.4831
21.7913,680,,,0.7433,,,,,,23.9863,r2_measured_02427,read,measured,,,,,0.8248,,ok,0.527
17.7897,628,,,0.8074,,,,,,20.187,r2_measured_02428,read,measured,,,,,1.0073,,ok,0.4773
15.701,567,,,0.5472,,,,,,17.1917,r2_measured_02429,read,measured,,,,,0.5602,,ok,0.3218
8.831,509,,,0.5463,,,,,,10.2656,r2_measured_02430,read,measured,,,,,0.5101,,ok,0.3241
10.9428,627,,,0.6278,,,,,,12.6009,r2_measured_02431,read,measured,,,,,0.6107,,ok,0.3498
12.1294,662,,,0.4752,,,,,,13.6314,r2_measured_02432,read,measured,,,,,0.6488,,ok,0.3181
11.6663,680,,,0.6963,,,,,,13.4206,r2_measured_02433,read,measured,,,,,0.6468,,ok,0.3372
8.8996,419,,,0.3398,,,,,,10.1863,r2_measured_02434,read,measured,,,,,0.5748,,ok,0.3214
12.7179,679,,,0.6784,,,,,,14.919,r2_measured_02435,read,measured,,,,,0.8903,,ok,0.5508
16.9095,368,,,0.35,,,,,,18.5859,r2_measured_02436,read,measured,,,,,0.7192,,ok,0.5236
24.9866,673,,,1.3569,,,,,,28.7199,r2_measured_02437,read,measured,,,,,1.4696,,ok,0.7504
16.9529,680,,,0.7205,,,,,,18.7589,r2_measured_02438,read,measured,,,,,0.6439,,ok,0.3596
9.3998,419,,,0.2752,,,,,,10.5639,r2_measured_02439,read,measured,,,,,0.5153,,ok,0.3165
8.2947,369,,,0.2479,,,,,,9.2938,r2_measured_02440,read,measured,,,,,0.4116,,ok,0.2946
10.8474,628,,,0.463,,,,,,12.3274,r2_measured_02441,read,measured,,,,,0.597,,ok,0.3168
7.3193,419,,,0.2709,,,,,,8.4708,r2_measured_02442,read,measured,,,,,0.5202,,ok,0.3026
11.8851,678,,,0.5618,,,,,,13.5573,r2_measured_02443,read,measured,,,,,0.7217,,ok,0.3231
8.0839,419,,,0.235,,,,,,9.2605,r2_measured_02444,read,measured,,,,,0.5879,,ok,0.3042
10.8457,369,,,0.2653,,,,,,11.9887,r2_measured_02445,read,measured,,,,,0.519,,ok,0.304
15.3106,687,,,0.6935,,,,,,17.2513,r2_measured_02446,read,measured,,,,,0.7511,,ok,0.4217
12.1737,687,,,0.5288,,,,,,13.9491,r2_measured_02447,read,measured,,,,,0.8482,,ok,0.3268
12.7192,680,,,0.7259,,,,,,14.6402,r2_measured_02448,read,measured,,,,,0.6307,,ok,0.4684
18.5552,628,,,0.9834,,,,,,21.4933,r2_measured_02449,read,measured,,,,,1.038,,ok,0.7801
23.0794,679,,,0.8168,,,,,,25.3345,r2_measured_02450,read,measured,,,,,0.8237,,ok,0.5131
11.6998,369,,,0.2757,,,,,,13.0068,r2_measured_02451,read,measured,,,,,0.5802,,ok,0.3882
10.7969,369,,,0.2903,,,,,,12.1646,r2_measured_02452,read,measured,,,,,0.6142,,ok,0.3954
9.2764,417,,,0.3714,,,,,,10.5522,r2_measured_02453,read,measured,,,,,0.4906,,ok,0.3626
8.3858,368,,,0.225,,,,,,9.4443,r2_measured_02454,read,measured,,,,,0.4572,,ok,0.3062
13.2809,674,,,0.6681,,,,,,15.1396,r2_measured_02455,read,measured,,,,,0.704,,ok,0.4081
14.1706,679,,,0.5519,,,,,,15.8414,r2_measured_02456,read,measured,,,,,0.7253,,ok,0.3194
12.8141,662,,,0.5511,,,,,,14.3252,r2_measured_02457,read,measured,,,,,0.5882,,ok,0.3081
7.8661,419,,,0.2217,,,,,,8.8703,r2_measured_02458,read,measured,,,,,0.4243,,ok,0.3042
11.6271,679,,,0.5354,,,,,,13.1297,r2_measured_02459,read,measured,,,,,0.5923,,ok,0.3056
9.4411,509,,,0.5266,,,,,,10.9155,r2_measured_02460,read,measured,,,,,0.5715,,ok,0.3183
11.5934,679,,,0.5125,,,,,,13.3925,r2_measured_02461,read,measured,,,,,0.6409,,ok,0.5606
12.236,417,,,0.2698,,,,,,13.3964,r2_measured_02462,read,measured,,,,,0.5223,,ok,0.3136
22.4023,679,,,0.8109,,,,,,24.549,r2_measured_02463,read,measured,,,,,0.8436,,ok,0.3963
8.4658,419,,,0.3822,,,,,,9.7746,r2_measured_02464,read,measured,,,,,0.5738,,ok,0.3
9.9127,567,,,0.4416,,,,,,11.3435,r2_measured_02465,read,measured,,,,,0.6187,,ok,0.3099
11.4318,628,,,0.6298,,,,,,13.274,r2_measured_02466,read,measured,,,,,0.8213,,ok,0.3206
12.627,686,,,0.5047,,,,,,14.0695,r2_measured_02467,read,measured,,,,,0.5551,,ok,0.323
12.6994,681,,,0.5565,,,,,,14.4359,r2_measured_02468,read,measured,,,,,0.7652,,ok,0.3389
12.9027,628,,,0.4912,,,,,,14.4332,r2_measured_02469,read,measured,,,,,0.664,,ok,0.3101
11.2283,628,,,0.4784,,,,,,12.5917,r2_measured_02470,read,measured,,,,,0.5111,,ok,0.312
10.2724,567,,,0.5016,,,,,,11.7708,r2_measured_02471,read,measured,,,,,0.6054,,ok,0.3193
12.3393,681,,,0.5923,,,,,,14.0557,r2_measured_02472,read,measured,,,,,0.6869,,ok,0.3643
14.2218,628,,,0.9219,,,,,,16.8606,r2_measured_02473,read,measured,,,,,1.0697,,ok,0.5472
22.1926,680,,,0.7373,,,,,,23.98,r2_measured_02474,read,measured,,,,,0.6493,,ok,0.3307
14.0205,663,,,1.1047,,,,,,16.237,r2_measured_02475,read,measured,,,,,0.6066,,ok,0.4339
12.0195,679,,,0.57,,,,,,13.5625,r2_measured_02476,read,measured,,,,,0.5861,,ok,0.3179
13.6659,689,,,0.6525,,,,,,15.6419,r2_measured_02477,read,measured,,,,,0.8369,,ok,0.4029
14.0952,662,,,0.6431,,,,,,15.7186,r2_measured_02478,read,measured,,,,,0.5656,,ok,0.3446
12.3773,628,,,0.6173,,,,,,14.2136,r2_measured_02479,read,measured,,,,,0.7376,,ok,0.404
70.6048,568,11.6374,6.2631,0.5646,1.9466,1,6.261,1,23.8274,72.2641,r2_measured_02480,update,measured,17.5643,1.6593,1,11.0034,0.6932,22.19,ok,0.3375
14.6998,568,,,0.5097,,,,,,16.2419,r2_measured_02481,read,measured,,,,,0.5701,,ok,0.3979
8.0176,369,,,0.276,,,,,,9.2649,r2_measured_02482,read,measured,,,,,0.5158,,ok,0.4009
14.0145,662,,,0.7642,,,,,,16.3244,r2_measured_02483,read,measured,,,,,0.9212,,ok,0.5229
20.5302,675,,,0.8018,,,,,,23.1586,r2_measured_02484,read,measured,,,,,1.2156,,ok,0.5031
14.1385,627,,,0.4364,,,,,,15.4987,r2_measured_02485,read,measured,,,,,0.5578,,ok,0.3075
11.0981,663,,,0.6058,,,,,,12.9117,r2_measured_02486,read,measured,,,,,0.7781,,ok,0.3578
9.8032,509,,,0.4858,,,,,,11.252,r2_measured_02487,read,measured,,,,,0.5293,,ok,0.3779
12.0265,675,,,0.5902,,,,,,13.6449,r2_measured_02488,read,measured,,,,,0.5889,,ok,0.3641
13.4174,624,,,0.6172,,,,,,15.3167,r2_measured_02489,read,measured,,,,,0.7371,,ok,0.4634
26.2453,628,,,0.8232,,,,,,28.9272,r2_measured_02490,read,measured,,,,,1.0937,,ok,0.6117
27.0508,688,,,0.8905,,,,,,29.491,r2_measured_02491,read,measured,,,,,0.9781,,ok,0.4657
100.8009,663,25.9197,5.589,1.2451,3.0547,1,5.5867,1,27.9301,104.5907,r2_measured_02492,update,measured,22.3411,3.7898,1,16.0101,1.5366,27.8863,ok,0.8156
15.5841,417,,,0.2889,,,,,,16.7396,r2_measured_02493,read,measured,,,,,0.4408,,ok,0.3724
12.535,680,,,0.5512,,,,,,14.3249,r2_measured_02494,read,measured,,,,,0.7817,,ok,0.3719
8.0122,369,,,0.2412,,,,,,9.1357,r2_measured_02495,read,measured,,,,,0.4785,,ok,0.3558
11.6447,679,,,0.5587,,,,,,13.2389,r2_measured_02496,read,measured,,,,,0.5705,,ok,0.4004
13.6366,680,,,0.5211,,,,,,15.2197,r2_measured_02497,read,measured,,,,,0.6596,,ok,0.3281
18.8892,509,,,0.4344,,,,,,20.3618,r2_measured_02498,read,measured,,,,,0.5554,,ok,0.4149
14.3662,568,,,0.5421,,,,,,15.8829,r2_measured_02499,read,measured,,,,,0.5763,,ok,0.3329
12.9587,681,,,0.5657,,,,,,14.4869,r2_measured_02500,read,measured,,,,,0.5698,,ok,0.3258
10.3602,509,,,0.5241,,,,,,11.8586,r2_measured_02501,read,measured,,,,,0.5741,,ok,0.3324
13.23,681,,,0.597,,,,,,14.8383,r2_measured_02502,read,measured,,,,,0.6058,,ok,0.3293
12.8727,663,,,0.6181,,,,,,14.63,r2_measured_02503,read,measured,,,,,0.7029,,ok,0.3607
14.2579,680,,,0.6377,,,,,,16.0672,r2_measured_02504,read,measured,,,,,0.6691,,ok,0.4214
18.0432,674,,,0.6735,,,,,,19.9103,r2_measured_02505,read,measured,,,,,0.7362,,ok,0.3765
10.5607,507,,,0.5192,,,,,,12.079,r2_measured_02506,read,measured,,,,,0.6056,,ok,0.3333
11.7219,567,,,0.6826,,,,,,13.4001,r2_measured_02507,read,measured,,,,,0.5877,,ok,0.3465
13.27,680,,,0.5738,,,,,,14.9801,r2_measured_02508,read,measured,,,,,0.6677,,ok,0.3882
12.3202,689,,,0.7465,,,,,,14.5384,r2_measured_02509,read,measured,,,,,0.6226,,ok,0.7673
11.2412,627,,,0.5789,,,,,,13.0545,r2_measured_02510,read,measured,,,,,0.85,,ok,0.3168
12.9026,679,,,0.5318,,,,,,14.7242,r2_measured_02511,read,measured,,,,,0.6752,,ok,0.5345
9.069,419,,,0.2523,,,,,,10.2237,r2_measured_02512,read,measured,,,,,0.5298,,ok,0.3211
13.068,680,,,0.7054,,,,,,14.8359,r2_measured_02513,read,measured,,,,,0.6531,,ok,0.3407
13.28,680,,,0.6704,,,,,,15.1212,r2_measured_02514,read,measured,,,,,0.6964,,ok,0.386
13.8714,663,,,0.6294,,,,,,15.6127,r2_measured_02515,read,measured,,,,,0.6783,,ok,0.3601
9.83,509,,,0.4811,,,,,,11.2691,r2_measured_02516,read,measured,,,,,0.5719,,ok,0.326
85.0831,662,15.666,4.3487,0.6554,2.4053,1,4.3464,1,24.1662,86.7279,r2_measured_02517,update,measured,19.8175,1.6448,1,19.9421,0.5889,22.9035,ok,0.3317
15.5195,688,,,0.6134,,,,,,17.2553,r2_measured_02518,read,measured,,,,,0.6705,,ok,0.3804
7.6594,369,,,0.2564,,,,,,8.8863,r2_measured_02519,read,measured,,,,,0.5317,,ok,0.3814
13.8933,679,,,0.5726,,,,,,15.6005,r2_measured_02520,read,measured,,,,,0.6429,,ok,0.4214
11.3668,674,,,0.4515,,,,,,12.8167,r2_measured_02521,read,measured,,,,,0.6154,,ok,0.3185
10.2917,566,,,0.5142,,,,,,11.7551,r2_measured_02522,read,measured,,,,,0.5613,,ok,0.3216
12.3445,674,,,0.5175,,,,,,13.8347,r2_measured_02523,read,measured,,,,,0.5564,,ok,0.3561
11.8186,687,,,0.5972,,,,,,13.4146,r2_measured_02524,read,measured,,,,,0.6031,,ok,0.3266
12.8935,675,,,0.544,,,,,,14.4243,r2_measured_02525,read,measured,,,,,0.5924,,ok,0.326
11.7913,628,,,0.703,,,,,,13.9992,r2_measured_02526,read,measured,,,,,0.916,,ok,0.4935
14.175,663,,,0.6502,,,,,,15.9001,r2_measured_02527,read,measured,,,,,0.656,,ok,0.3464
8.5332,418,,,0.249,,,,,,9.644,r2_measured_02528,read,measured,,,,,0.4854,,ok,0.3167
13.3285,681,,,0.6496,,,,,,15.0414,r2_measured_02529,read,measured,,,,,0.6518,,ok,0.3375
11.2995,568,,,0.5415,,,,,,12.913,r2_measured_02530,read,measured,,,,,0.64,,ok,0.33
13.7662,688,,,0.6724,,,,,,15.9103,r2_measured_02531,read,measured,,,,,0.8677,,ok,0.5082
13.9416,675,,,0.5374,,,,,,15.5841,r2_measured_02532,read,measured,,,,,0.6885,,ok,0.3455
12.7871,680,,,0.5483,,,,,,14.2422,r2_measured_02533,read,measured,,,,,0.5333,,ok,0.3139
12.1308,681,,,0.5861,,,,,,13.7758,r2_measured_02534,read,measured,,,,,0.6653,,ok,0.3248
12.2378,687,,,0.6131,,,,,,13.9909,r2_measured_02535,read,measured,,,,,0.6675,,ok,0.3946
13.4632,675,,,0.6288,,,,,,15.1723,r2_measured_02536,read,measured,,,,,0.6784,,ok,0.3182
17.6309,680,,,0.5468,,,,,,19.2756,r2_measured_02537,read,measured,,,,,0.7061,,ok,0.3175
7.613,368,,,0.2609,,,,,,8.7585,r2_measured_02538,read,measured,,,,,0.5016,,ok,0.3217
10.9533,568,,,0.5205,,,,,,12.4319,r2_measured_02539,read,measured,,,,,0.5578,,ok,0.3398
10.2161,509,,,0.4444,,,,,,11.7231,r2_measured_02540,read,measured,,,,,0.6273,,ok,0.3542
12.4334,663,,,0.6237,,,,,,14.126,r2_measured_02541,read,measured,,,,,0.662,,ok,0.3356
9.2906,419,,,0.2257,,,,,,10.3117,r2_measured_02542,read,measured,,,,,0.428,,ok,0.321
10.2232,509,,,0.5834,,,,,,11.7743,r2_measured_02543,read,measured,,,,,0.5831,,ok,0.326
8.8971,419,,,0.3139,,,,,,10.1736,r2_measured_02544,read,measured,,,,,0.5986,,ok,0.3037
14.5337,661,,,0.4842,,,,,,16.0485,r2_measured_02545,read,measured,,,,,0.6727,,ok,0.3022
12.9384,675,,,0.6383,,,,,,14.653,r2_measured_02546,read,measured,,,,,0.6504,,ok,0.3518
69.2974,629,11.9647,8.0917,0.5509,2.2568,1,8.0901,1,26.4248,70.858,r2_measured_02547,update,measured,18.3331,1.5606,1,10.6005,0.6046,18.0506,ok,0.336
12.2958,688,,,0.5432,,,,,,13.7849,r2_measured_02548,read,measured,,,,,0.566,,ok,0.3168
11.974,688,,,0.723,,,,,,13.9502,r2_measured_02549,read,measured,,,,,0.7233,,ok,0.4527
13.85,629,,,0.6583,,,,,,15.8134,r2_measured_02550,read,measured,,,,,0.7877,,ok,0.4312
16.4806,679,,,0.7121,,,,,,18.6879,r2_measured_02551,read,measured,,,,,0.955,,ok,0.4457
13.0915,627,,,0.5707,,,,,,14.7442,r2_measured_02552,read,measured,,,,,0.6094,,ok,0.3729
11.5938,689,,,0.5093,,,,,,13.0355,r2_measured_02553,read,measured,,,,,0.5418,,ok,0.3292
10.1422,419,,,0.2919,,,,,,11.3815,r2_measured_02554,read,measured,,,,,0.5356,,ok,0.3447
10.0007,417,,,0.3174,,,,,,11.4965,r2_measured_02555,read,measured,,,,,0.5865,,ok,0.5179
93.6089,629,14.959,5.8615,0.5067,2.6172,0,5.8587,1,33.1803,95.2681,r2_measured_02556,update,measured,27.3188,1.6592,1,23.0558,0.6508,19.7966,ok,0.4283
11.5665,661,,,0.4943,,,,,,13.0902,r2_measured_02557,read,measured,,,,,0.6571,,ok,0.313
11.8348,509,,,0.4426,,,,,,13.3259,r2_measured_02558,read,measured,,,,,0.6353,,ok,0.3496
13.4351,675,,,0.6721,,,,,,15.3288,r2_measured_02559,read,measured,,,,,0.7529,,ok,0.4006
14.1767,679,,,0.6374,,,,,,15.9365,r2_measured_02560,read,measured,,,,,0.7291,,ok,0.3209
8.3782,368,,,0.1994,,,,,,9.3528,r2_measured_02561,read,measured,,,,,0.4274,,ok,0.3034
11.5084,688,,,0.5264,,,,,,12.9284,r2_measured_02562,read,measured,,,,,0.5295,,ok,0.3054
10.6404,504,,,0.5333,,,,,,12.1231,r2_measured_02563,read,measured,,,,,0.5545,,ok,0.3293
11.7953,567,,,0.4933,,,,,,13.3397,r2_measured_02564,read,measured,,,,,0.6054,,ok,0.3653
15.4445,660,,,0.5683,,,,,,17.1077,r2_measured_02565,read,measured,,,,,0.5966,,ok,0.4183
10.6919,369,,,0.2122,,,,,,11.7109,r2_measured_02566,read,measured,,,,,0.4394,,ok,0.3152
12.119,675,,,0.4837,,,,,,13.8093,r2_measured_02567,read,measured,,,,,0.8137,,ok,0.3178
72.81,680,13.5047,5.5188,0.6475,2.6734,1,5.5162,1,22.3132,74.7082,r2_measured_02568,update,measured,16.7944,1.8982,1,10.2664,0.8549,24.0523,ok,0.3222
11.7323,628,,,0.5293,,,,,,13.1769,r2_measured_02569,read,measured,,,,,0.5181,,ok,0.3318
12.785,509,,,0.4294,,,,,,14.0714,r2_measured_02570,read,measured,,,,,0.4767,,ok,0.3253
22.5019,681,,,1.1315,,,,,,25.139,r2_measured_02571,read,measured,,,,,0.6101,,ok,0.7982
9.8105,509,,,0.741,,,,,,12.0998,r2_measured_02572,read,measured,,,,,0.8779,,ok,0.576
14.1961,368,,,0.2089,,,,,,15.2075,r2_measured_02573,read,measured,,,,,0.4673,,ok,0.2879
11.3124,675,,,0.664,,,,,,12.9073,r2_measured_02574,read,measured,,,,,0.553,,ok,0.3192
69.8916,679,12.245,3.6508,0.6437,2.3618,1,3.6492,1,22.9427,71.5679,r2_measured_02575,update,measured,19.2919,1.6763,1,10.6473,0.6266,21.6948,ok,0.3356
7.3777,369,,,0.2013,,,,,,8.3901,r2_measured_02576,read,measured,,,,,0.4542,,ok,0.3098
8.9356,509,,,0.4248,,,,,,10.2279,r2_measured_02577,read,measured,,,,,0.4899,,ok,0.3244
11.0071,505,,,0.6234,,,,,,12.786,r2_measured_02578,read,measured,,,,,0.5899,,ok,0.4947
15.7317,688,,,0.6767,,,,,,17.8167,r2_measured_02579,read,measured,,,,,0.8145,,ok,0.5047
12.814,509,,,0.573,,,,,,14.7247,r2_measured_02580,read,measured,,,,,0.785,,ok,0.4736
11.9679,627,,,0.5322,,,,,,13.4493,r2_measured_02581,read,measured,,,,,0.5739,,ok,0.3076
70.1825,688,13.793,4.7809,0.8017,2.5615,1,4.7792,1,22.6414,72.3423,r2_measured_02582,update,measured,17.8605,2.1598,1,10.5264,0.7841,20.6602,ok,0.4851
15.9122,508,,,0.5058,,,,,,17.4133,r2_measured_02583,read,measured,,,,,0.5863,,ok,0.3415
13.5984,509,,,0.4481,,,,,,15.0116,r2_measured_02584,read,measured,,,,,0.5537,,ok,0.3536
13.0912,688,,,0.6275,,,,,,14.8543,r2_measured_02585,read,measured,,,,,0.6975,,ok,0.3621
12.5898,661,,,0.6382,,,,,,14.2697,r2_measured_02586,read,measured,,,,,0.6202,,ok,0.3514
10.8445,509,,,0.5144,,,,,,12.3982,r2_measured_02587,read,measured,,,,,0.5894,,ok,0.3806
12.1813,568,,,0.5903,,,,,,14.0024,r2_measured_02588,read,measured,,,,,0.7435,,ok,0.3896
8.2889,369,,,0.2234,,,,,,9.4094,r2_measured_02589,read,measured,,,,,0.4974,,ok,0.349
13.1784,687,,,0.5914,,,,,,14.7974,r2_measured_02590,read,measured,,,,,0.6094,,ok,0.3487
11.0737,509,,,0.512,,,,,,12.7284,r2_measured_02591,read,measured,,,,,0.6729,,ok,0.3983
13.871,568,,,0.5063,,,,,,15.512,r2_measured_02592,read,measured,,,,,0.6758,,ok,0.3904
9.9208,369,,,0.2717,,,,,,11.1469,r2_measured_02593,read,measured,,,,,0.5635,,ok,0.3319
7.4926,369,,,0.2751,,,,,,8.6056,r2_measured_02594,read,measured,,,,,0.422,,ok,0.3657
11.2669,661,,,0.711,,,,,,13.1101,r2_measured_02595,read,measured,,,,,0.6862,,ok,0.376
18.3065,661,,,0.6503,,,,,,20.258,r2_measured_02596,read,measured,,,,,0.754,,ok,0.4615
18.6371,566,,,0.7576,,,,,,20.7877,r2_measured_02597,read,measured,,,,,0.7559,,ok,0.5452
14.2617,680,,,0.5268,,,,,,15.9187,r2_measured_02598,read,measured,,,,,0.7409,,ok,0.3213
13.3096,624,,,0.5416,,,,,,14.9982,r2_measured_02599,read,measured,,,,,0.6336,,ok,0.4399
14.4034,679,,,0.6424,,,,,,16.2972,r2_measured_02600,read,measured,,,,,0.7808,,ok,0.3912
19.6951,689,,,1.0103,,,,,,22.4494,r2_measured_02601,read,measured,,,,,1.0582,,ok,0.5519
10.4953,417,,,0.2902,,,,,,11.8351,r2_measured_02602,read,measured,,,,,0.6545,,ok,0.3322
9.7468,509,,,0.4991,,,,,,11.0918,r2_measured_02603,read,measured,,,,,0.4728,,ok,0.3225
12.4379,568,,,0.515,,,,,,13.9882,r2_measured_02604,read,measured,,,,,0.6056,,ok,0.3582
13.5653,663,,,0.5539,,,,,,15.2242,r2_measured_02605,read,measured,,,,,0.6725,,ok,0.3634
14.0546,678,,,0.6914,,,,,,15.9538,r2_measured_02606,read,measured,,,,,0.7686,,ok,0.36
9.8437,417,,,0.237,,,,,,10.965,r2_measured_02607,read,measured,,,,,0.4998,,ok,0.3236
8.2854,417,,,0.2274,,,,,,9.2455,r2_measured_02608,read,measured,,,,,0.4078,,ok,0.2844
12.142,681,,,0.5307,,,,,,13.7553,r2_measured_02609,read,measured,,,,,0.7,,ok,0.3109
12.6598,663,,,0.462,,,,,,14.0897,r2_measured_02610,read,measured,,,,,0.5849,,ok,0.3225
11.5538,674,,,0.5746,,,,,,13.1721,r2_measured_02611,read,measured,,,,,0.5911,,ok,0.3884
10.2811,568,,,0.4862,,,,,,11.7802,r2_measured_02612,read,measured,,,,,0.6187,,ok,0.3324
12.7602,675,,,0.5762,,,,,,14.6064,r2_measured_02613,read,measured,,,,,0.7133,,ok,0.4701
13.561,663,,,0.5591,,,,,,15.2671,r2_measured_02614,read,measured,,,,,0.662,,ok,0.352
14.6138,509,,,0.4925,,,,,,16.1234,r2_measured_02615,read,measured,,,,,0.5143,,ok,0.435
11.3312,568,,,0.6669,,,,,,13.1873,r2_measured_02616,read,measured,,,,,0.7005,,ok,0.4101
14.1063,689,,,0.5776,,,,,,15.7693,r2_measured_02617,read,measured,,,,,0.6618,,ok,0.3525
8.61,418,,,0.274,,,,,,10.0723,r2_measured_02618,read,measured,,,,,0.5779,,ok,0.5168
16.4963,662,,,0.8724,,,,,,19.1298,r2_measured_02619,read,measured,,,,,0.9687,,ok,0.6772
63.723,505,12.5255,6.3797,0.5361,1.8094,1,6.3777,1,24.0146,65.1877,r2_measured_02620,update,measured,17.6349,1.4647,1,10.0477,0.5459,15.3258,ok,0.3253
14.9585,688,,,0.5339,,,,,,16.5226,r2_measured_02621,read,measured,,,,,0.6388,,ok,0.3243
10.024,369,,,0.3047,,,,,,11.3709,r2_measured_02622,read,measured,,,,,0.5758,,ok,0.4038
19.1919,675,,,1.0119,,,,,,21.7663,r2_measured_02623,read,measured,,,,,0.7994,,ok,0.6838
15.4335,663,,,0.6062,,,,,,17.1221,r2_measured_02624,read,measured,,,,,0.641,,ok,0.3618
14.2361,680,,,0.6061,,,,,,15.9351,r2_measured_02625,read,measured,,,,,0.6112,,ok,0.4073
8.1366,419,,,0.2572,,,,,,9.3098,r2_measured_02626,read,measured,,,,,0.5166,,ok,0.3421
10.7911,629,,,0.5042,,,,,,12.2282,r2_measured_02627,read,measured,,,,,0.5544,,ok,0.3194
8.8318,509,,,0.5133,,,,,,10.1223,r2_measured_02628,read,measured,,,,,0.4229,,ok,0.3019
12.7839,689,,,0.6757,,,,,,14.5109,r2_measured_02629,read,measured,,,,,0.6536,,ok,0.3244
11.8835,662,,,0.5078,,,,,,13.5697,r2_measured_02630,read,measured,,,,,0.6597,,ok,0.4305
16.2853,689,,,0.57,,,,,,18.1406,r2_measured_02631,read,measured,,,,,0.8186,,ok,0.387
8.5661,369,,,0.2389,,,,,,9.6569,r2_measured_02632,read,measured,,,,,0.4551,,ok,0.348
11.1453,568,,,0.5947,,,,,,12.813,r2_measured_02633,read,measured,,,,,0.6554,,ok,0.359
11.4044,661,,,0.5764,,,,,,12.9788,r2_measured_02634,read,measured,,,,,0.6047,,ok,0.3267
11.5643,688,,,0.5067,,,,,,13.085,r2_measured_02635,read,measured,,,,,0.6211,,ok,0.3307
11.3681,662,,,0.8109,,,,,,13.7897,r2_measured_02636,read,measured,,,,,1.0334,,ok,0.4834
12.4748,679,,,0.4755,,,,,,14.048,r2_measured_02637,read,measured,,,,,0.5771,,ok,0.4512
10.5229,628,,,0.4461,,,,,,11.9486,r2_measured_02638,read,measured,,,,,0.5986,,ok,0.3257
13.9835,679,,,0.5909,,,,,,15.6713,r2_measured_02639,read,measured,,,,,0.6597,,ok,0.3414
10.4998,568,,,0.48,,,,,,12.0162,r2_measured_02640,read,measured,,,,,0.5787,,ok,0.3947
8.1247,417,,,0.2533,,,,,,9.2153,r2_measured_02641,read,measured,,,,,0.4891,,ok,0.2939
11.2488,628,,,0.4668,,,,,,12.6792,r2_measured_02642,read,measured,,,,,0.587,,ok,0.3149
12.7257,681,,,0.6596,,,,,,14.6521,r2_measured_02643,read,measured,,,,,0.7217,,ok,0.4579
13.3255,660,,,0.8066,,,,,,15.575,r2_measured_02644,read,measured,,,,,0.9087,,ok,0.4461
14.2072,680,,,0.4865,,,,,,15.6098,r2_measured_02645,read,measured,,,,,0.549,,ok,0.3027
11.1569,628,,,0.5581,,,,,,12.8546,r2_measured_02646,read,measured,,,,,0.7396,,ok,0.3154
11.687,662,,,0.6129,,,,,,13.5695,r2_measured_02647,read,measured,,,,,0.8246,,ok,0.3766
14.4947,680,,,0.5173,,,,,,16.0326,r2_measured_02648,read,measured,,,,,0.6379,,ok,0.311
11.6784,628,,,0.6105,,,,,,13.5514,r2_measured_02649,read,measured,,,,,0.7621,,ok,0.4198
14.4655,675,,,0.9584,,,,,,16.5378,r2_measured_02650,read,measured,,,,,0.6745,,ok,0.3662
12.3731,680,,,0.533,,,,,,14.0272,r2_measured_02651,read,measured,,,,,0.7504,,ok,0.3057
10.3283,568,,,0.5892,,,,,,11.9711,r2_measured_02652,read,measured,,,,,0.5774,,ok,0.4086
8.8292,368,,,0.2554,,,,,,10.3614,r2_measured_02653,read,measured,,,,,0.7116,,ok,0.4869
13.3897,681,,,0.5141,,,,,,15.0387,r2_measured_02654,read,measured,,,,,0.7577,,ok,0.3123
10.6243,628,,,0.5477,,,,,,12.4897,r2_measured_02655,read,measured,,,,,0.9015,,ok,0.3542
11.2751,626,,,0.611,,,,,,12.9392,r2_measured_02656,read,measured,,,,,0.6072,,ok,0.3745
11.7877,509,,,0.3823,,,,,,13.059,r2_measured_02657,read,measured,,,,,0.5343,,ok,0.3056
12.4885,680,,,0.599,,,,,,14.1441,r2_measured_02658,read,measured,,,,,0.6751,,ok,0.3102
8.8929,417,,,0.3316,,,,,,10.3991,r2_measured_02659,read,measured,,,,,0.6912,,ok,0.4198
13.5157,662,,,0.5705,,,,,,15.1079,r2_measured_02660,read,measured,,,,,0.6209,,ok,0.3341
69.07,675,13.1501,5.4951,0.7388,2.4872,1,5.4929,1,22.1805,71.1407,r2_measured_02661,update,measured,16.6854,2.0707,1,9.5878,0.8065,21.6644,ok,0.4398
15.0268,689,,,0.6351,,,,,,16.8037,r2_measured_02662,read,measured,,,,,0.6683,,ok,0.3951
11.7167,509,,,0.4826,,,,,,13.1878,r2_measured_02663,read,measured,,,,,0.6091,,ok,0.3241
11.4757,663,,,0.6152,,,,,,13.1641,r2_measured_02664,read,measured,,,,,0.6378,,ok,0.3552
83.1307,661,18.0077,5.5085,0.5826,3.6262,1,5.507,1,20.6197,84.8556,r2_measured_02665,update,measured,15.1112,1.7249,1,10.2306,0.6805,30.6465,ok,0.3919
10.5023,566,,,0.4815,,,,,,12.0498,r2_measured_02666,read,measured,,,,,0.5081,,ok,0.4872
11.0885,629,,,0.4802,,,,,,12.4311,r2_measured_02667,read,measured,,,,,0.491,,ok,0.3142
11.3936,674,,,0.4504,,,,,,12.915,r2_measured_02668,read,measured,,,,,0.6793,,ok,0.3269
13.5036,628,,,0.5895,,,,,,15.3159,r2_measured_02669,read,measured,,,,,0.6393,,ok,0.4823
18.6239,662,,,0.9278,,,,,,21.4513,r2_measured_02670,read,measured,,,,,1.1672,,ok,0.6118
19.657,627,,,0.5507,,,,,,21.2112,r2_measured_02671,read,measured,,,,,0.6162,,ok,0.3235
13.8625,689,,,0.6001,,,,,,15.4708,r2_measured_02672,read,measured,,,,,0.631,,ok,0.3063
12.4562,368,,,0.2137,,,,,,13.4996,r2_measured_02673,read,measured,,,,,0.451,,ok,0.3281
19.4231,681,,,1.0747,,,,,,22.386,r2_measured_02674,read,measured,,,,,1.285,,ok,0.4877
14.7727,418,,,0.3277,,,,,,16.1918,r2_measured_02675,read,measured,,,,,0.56,,ok,0.4049
85.8109,567,11.7375,5.7586,0.6284,3.0035,1,5.7562,1,32.8495,87.6446,r2_measured_02676,update,measured,27.0909,1.8337,1,14.8668,0.6754,23.3536,ok,0.4172
16.0873,680,,,0.7998,,,,,,18.3381,r2_measured_02677,read,measured,,,,,0.8735,,ok,0.479
14.2751,680,,,0.5416,,,,,,15.8146,r2_measured_02678,read,measured,,,,,0.5818,,ok,0.323
12.8322,675,,,0.5403,,,,,,14.4219,r2_measured_02679,read,measured,,,,,0.5914,,ok,0.3901
14.3745,628,,,0.5121,,,,,,16.0233,r2_measured_02680,read,measured,,,,,0.628,,ok,0.4346
11.5902,663,,,0.5043,,,,,,13.1528,r2_measured_02681,read,measured,,,,,0.6924,,ok,0.3087
10.0161,505,,,0.5042,,,,,,11.4952,r2_measured_02682,read,measured,,,,,0.5498,,ok,0.3553
12.3558,568,,,0.5871,,,,,,13.9986,r2_measured_02683,read,measured,,,,,0.6398,,ok,0.3518
17.0846,680,,,0.7994,,,,,,19.4681,r2_measured_02684,read,measured,,,,,0.8894,,ok,0.5368
10.6707,368,,,0.2632,,,,,,12.0322,r2_measured_02685,read,measured,,,,,0.6114,,ok,0.3982
16.7477,628,,,0.6466,,,,,,18.6591,r2_measured_02686,read,measured,,,,,0.7612,,ok,0.4234
9.4815,419,,,0.3067,,,,,,10.8055,r2_measured_02687,read,measured,,,,,0.5661,,ok,0.3892
12.0592,568,,,0.4577,,,,,,13.4652,r2_measured_02688,read,measured,,,,,0.5248,,ok,0.3636
11.969,628,,,1.1345,,,,,,14.3602,r2_measured_02689,read,measured,,,,,0.6895,,ok,0.4946
12.3237,662,,,0.8305,,,,,,14.3313,r2_measured_02690,read,measured,,,,,0.7,,ok,0.4027
50.0165,369,7.5993,4.656,0.2431,1.2783,1,4.6543,1,18.6753,51.0943,r2_measured_02691,update,measured,14.0193,1.0778,1,9.5553,0.472,12.9083,ok,0.3076
11.7231,675,,,0.4982,,,,,,13.1802,r2_measured_02692,read,measured,,,,,0.5722,,ok,0.3232
11.1372,680,,,0.5344,,,,,,12.5156,r2_measured_02693,read,measured,,,,,0.4826,,ok,0.3056
11.9807,626,,,0.5497,,,,,,13.5618,r2_measured_02694,read,measured,,,,,0.5587,,ok,0.4049
8.1784,417,,,0.2825,,,,,,9.3197,r2_measured_02695,read,measured,,,,,0.5059,,ok,0.3043
12.0646,680,,,0.7909,,,,,,14.0054,r2_measured_02696,read,measured,,,,,0.6686,,ok,0.4032
13.2822,680,,,0.5296,,,,,,14.7978,r2_measured_02697,read,measured,,,,,0.5904,,ok,0.3265
9.6135,507,,,0.5947,,,,,,11.1223,r2_measured_02698,read,measured,,,,,0.4768,,ok,0.3848
11.5258,681,,,0.6625,,,,,,13.3363,r2_measured_02699,read,measured,,,,,0.7561,,ok,0.3191
15.4563,688,,,0.6378,,,,,,17.2002,r2_measured_02700,read,measured,,,,,0.6182,,ok,0.4169
13.1509,688,,,0.6038,,,,,,14.9303,r2_measured_02701,read,measured,,,,,0.7796,,ok,0.324
10.7752,568,,,0.4564,,,,,,12.1268,r2_measured_02702,read,measured,,,,,0.5191,,ok,0.3165
11.6228,688,,,0.9869,,,,,,14.0126,r2_measured_02703,read,measured,,,,,0.7224,,ok,0.6022
13.2661,663,,,0.6242,,,,,,14.998,r2_measured_02704,read,measured,,,,,0.7051,,ok,0.3334
12.0121,689,,,0.5408,,,,,,13.7706,r2_measured_02705,read,measured,,,,,0.785,,ok,0.3625
13.4482,679,,,2.5488,,,,,,17.249,r2_measured_02706,read,measured,,,,,0.8054,,ok,0.3669
10.1301,509,,,0.4668,,,,,,11.5366,r2_measured_02707,read,measured,,,,,0.5419,,ok,0.3396
12.2108,688,,,0.5765,,,,,,13.8811,r2_measured_02708,read,measured,,,,,0.683,,ok,0.3331
8.4413,418,,,0.2417,,,,,,9.6411,r2_measured_02709,read,measured,,,,,0.5101,,ok,0.3903
7.3412,369,,,0.3473,,,,,,8.5186,r2_measured_02710,read,measured,,,,,0.4556,,ok,0.31
8.9006,507,,,0.4119,,,,,,10.4221,r2_measured_02711,read,measured,,,,,0.6044,,ok,0.4557
11.7222,679,,,0.5452,,,,,,13.3571,r2_measured_02712,read,measured,,,,,0.6757,,ok,0.3433
13.0368,680,,,0.5752,,,,,,14.7025,r2_measured_02713,read,measured,,,,,0.7165,,ok,0.3158
10.5703,568,,,1.0509,,,,,,12.7222,r2_measured_02714,read,measured,,,,,0.6268,,ok,0.3942
10.4919,567,,,0.4205,,,,,,11.7976,r2_measured_02715,read,measured,,,,,0.509,,ok,0.318
8.7333,509,,,0.5256,,,,,,10.2933,r2_measured_02716,read,measured,,,,,0.5724,,ok,0.3973
13.1667,568,,,0.5675,,,,,,14.8291,r2_measured_02717,read,measured,,,,,0.6207,,ok,0.3993
13.8372,568,,,0.4644,,,,,,15.2339,r2_measured_02718,read,measured,,,,,0.5313,,ok,0.3483
13.3322,568,,,0.565,,,,,,15.1024,r2_measured_02719,read,measured,,,,,0.7379,,ok,0.3903
9.0819,419,,,0.2943,,,,,,10.2508,r2_measured_02720,read,measured,,,,,0.456,,ok,0.3671
11.6877,509,,,0.5833,,,,,,13.5426,r2_measured_02721,read,measured,,,,,0.6713,,ok,0.5185
13.8111,509,,,0.5085,,,,,,15.3506,r2_measured_02722,read,measured,,,,,0.5463,,ok,0.4191
12.2401,680,,,0.6693,,,,,,14.0761,r2_measured_02723,read,measured,,,,,0.6785,,ok,0.4068
10.5703,419,,,0.2793,,,,,,11.728,r2_measured_02724,read,measured,,,,,0.5237,,ok,0.2988
13.4816,680,,,0.5153,,,,,,15.0723,r2_measured_02725,read,measured,,,,,0.6989,,ok,0.3146
11.1469,417,,,0.3103,,,,,,12.4688,r2_measured_02726,read,measured,,,,,0.6603,,ok,0.3022
10.5395,568,,,0.463,,,,,,11.9347,r2_measured_02727,read,measured,,,,,0.5646,,ok,0.3077
12.5166,673,,,1.1534,,,,,,15.3688,r2_measured_02728,read,measured,,,,,0.6537,,ok,0.9779
16.1871,661,,,0.6991,,,,,,18.3907,r2_measured_02729,read,measured,,,,,0.8762,,ok,0.5132
18.3614,679,,,0.7579,,,,,,20.8106,r2_measured_02730,read,measured,,,,,0.9334,,ok,0.6495
12.5616,417,,,0.2988,,,,,,13.918,r2_measured_02731,read,measured,,,,,0.6331,,ok,0.3617
7.6333,369,,,0.2385,,,,,,8.6576,r2_measured_02732,read,measured,,,,,0.437,,ok,0.2981
11.9306,680,,,0.6471,,,,,,13.633,r2_measured_02733,read,measured,,,,,0.6486,,ok,0.3306
11.7965,679,,,0.5886,,,,,,13.3906,r2_measured_02734,read,measured,,,,,0.6253,,ok,0.3123
7.1289,369,,,0.236,,,,,,8.1578,r2_measured_02735,read,measured,,,,,0.4238,,ok,0.3212
11.4456,680,,,0.6736,,,,,,13.3929,r2_measured_02736,read,measured,,,,,0.7849,,ok,0.4013
11.9674,628,,,0.5624,,,,,,13.5028,r2_measured_02737,read,measured,,,,,0.5499,,ok,0.3589
13.7234,680,,,0.6647,,,,,,15.8165,r2_measured_02738,read,measured,,,,,0.7309,,ok,0.5073
23.656,689,,,0.8094,,,,,,25.9869,r2_measured_02739,read,measured,,,,,0.8885,,ok,0.5351
15.9415,680,,,0.8373,,,,,,18.6043,r2_measured_02740,read,measured,,,,,1.1981,,ok,0.5337
15.193,567,,,0.7788,,,,,,17.4879,r2_measured_02741,read,measured,,,,,0.6799,,ok,0.7445
23.9462,679,,,1.2213,,,,,,27.6941,r2_measured_02742,read,measured,,,,,1.5455,,ok,0.8125
24.0252,507,,,1.0097,,,,,,26.9127,r2_measured_02743,read,measured,,,,,1.1183,,ok,0.6451
21.0423,688,,,0.5948,,,,,,22.738,r2_measured_02744,read,measured,,,,,0.6833,,ok,0.331
7.7266,369,,,0.2143,,,,,,8.7951,r2_measured_02745,read,measured,,,,,0.4041,,ok,0.4021
7.4499,369,,,0.2022,,,,,,8.3777,r2_measured_02746,read,measured,,,,,0.4047,,ok,0.2794
12.2573,568,,,0.5984,,,,,,13.9452,r2_measured_02747,read,measured,,,,,0.6859,,ok,0.3369
8.8677,419,,,0.2497,,,,,,9.9362,r2_measured_02748,read,measured,,,,,0.4744,,ok,0.2962
7.8437,417,,,0.2114,,,,,,8.9785,r2_measured_02749,read,measured,,,,,0.4211,,ok,0.4488
9.6637,505,,,0.5066,,,,,,11.1568,r2_measured_02750,read,measured,,,,,0.5375,,ok,0.381
18.4984,673,,,0.9043,,,,,,21.2973,r2_measured_02751,read,measured,,,,,1.1864,,ok,0.5783
17.7462,675,,,0.6321,,,,,,19.6467,r2_measured_02752,read,measured,,,,,0.7515,,ok,0.4218
13.1659,680,,,0.5428,,,,,,14.7776,r2_measured_02753,read,measured,,,,,0.681,,ok,0.3243
7.8403,369,,,0.2162,,,,,,8.8566,r2_measured_02754,read,measured,,,,,0.4435,,ok,0.309
12.2116,662,,,0.5336,,,,,,13.8319,r2_measured_02755,read,measured,,,,,0.6813,,ok,0.3178
12.513,675,,,0.5652,,,,,,14.1889,r2_measured_02756,read,measured,,,,,0.7141,,ok,0.3317
10.3949,567,,,0.5656,,,,,,11.9894,r2_measured_02757,read,measured,,,,,0.6159,,ok,0.3445
11.4186,566,,,0.8953,,,,,,13.9459,r2_measured_02758,read,measured,,,,,0.5134,,ok,0.9362
8.9964,509,,,0.4053,,,,,,10.3949,r2_measured_02759,read,measured,,,,,0.5334,,ok,0.3792
17.8189,663,,,0.5554,,,,,,19.4423,r2_measured_02760,read,measured,,,,,0.66,,ok,0.337
60.2183,509,12.1644,4.7825,0.4335,1.8868,1,4.781,1,19.0674,61.8722,r2_measured_02761,update,measured,14.2849,1.6539,1,9.5424,0.8353,17.5573,ok,0.3255
54.92,369,8.17,4.7885,0.2193,1.2008,1,4.7871,1,23.6417,56.0996,r2_measured_02762,update,measured,18.8532,1.1796,1,9.393,0.5916,12.5145,ok,0.3161
9.1585,369,,,0.2155,,,,,,10.2208,r2_measured_02763,read,measured,,,,,0.478,,ok,0.3207
13.099,628,,,1.003,,,,,,15.1959,r2_measured_02764,read,measured,,,,,0.659,,ok,0.367
12.0893,679,,,0.6548,,,,,,13.8183,r2_measured_02765,read,measured,,,,,0.6761,,ok,0.3242
11.5833,661,,,0.6293,,,,,,13.0897,r2_measured_02766,read,measured,,,,,0.4843,,ok,0.3342
7.7294,419,,,0.3092,,,,,,9.0127,r2_measured_02767,read,measured,,,,,0.5671,,ok,0.3548
12.9341,663,,,0.5518,,,,,,14.6812,r2_measured_02768,read,measured,,,,,0.7475,,ok,0.381
11.8868,680,,,0.6304,,,,,,13.5246,r2_measured_02769,read,measured,,,,,0.5831,,ok,0.3602
12.748,675,,,0.6537,,,,,,14.4348,r2_measured_02770,read,measured,,,,,0.6198,,ok,0.3318
11.5522,673,,,0.6423,,,,,,13.4987,r2_measured_02771,read,measured,,,,,0.807,,ok,0.4175
12.3454,688,,,0.6038,,,,,,14.0027,r2_measured_02772,read,measured,,,,,0.6338,,ok,0.3476
13.301,679,,,0.5427,,,,,,14.874,r2_measured_02773,read,measured,,,,,0.627,,ok,0.3365
10.567,568,,,0.4699,,,,,,12.0834,r2_measured_02774,read,measured,,,,,0.593,,ok,0.3925
7.7689,369,,,0.2319,,,,,,8.8544,r2_measured_02775,read,measured,,,,,0.4872,,ok,0.3168
13.1604,662,,,0.6133,,,,,,15.001,r2_measured_02776,read,measured,,,,,0.6547,,ok,0.4785
12.1615,674,,,0.5202,,,,,,13.661,r2_measured_02777,read,measured,,,,,0.5967,,ok,0.3177
8.8427,369,,,0.2828,,,,,,10.1003,r2_measured_02778,read,measured,,,,,0.5487,,ok,0.3662
11.7733,568,,,0.5223,,,,,,13.4093,r2_measured_02779,read,measured,,,,,0.6425,,ok,0.405
13.4173,661,,,0.7533,,,,,,15.3503,r2_measured_02780,read,measured,,,,,0.6883,,ok,0.4052
14.9331,680,,,0.5491,,,,,,16.496,r2_measured_02781,read,measured,,,,,0.6215,,ok,0.3223
8.8158,417,,,0.2323,,,,,,9.8825,r2_measured_02782,read,measured,,,,,0.4743,,ok,0.3073
12.2108,628,,,0.6003,,,,,,14.0941,r2_measured_02783,read,measured,,,,,0.7855,,ok,0.4082
12.4432,568,,,0.4858,,,,,,13.9623,r2_measured_02784,read,measured,,,,,0.5897,,ok,0.3723
12.7573,679,,,0.6411,,,,,,14.6699,r2_measured_02785,read,measured,,,,,0.8078,,ok,0.3808
15.2261,679,,,0.619,,,,,,16.991,r2_measured_02786,read,measured,,,,,0.682,,ok,0.3868
15.2979,680,,,0.9516,,,,,,18.124,r2_measured_02787,read,measured,,,,,1.199,,ok,0.5575
16.9321,680,,,0.6221,,,,,,18.6887,r2_measured_02788,read,measured,,,,,0.6961,,ok,0.3639
86.5105,663,18.2967,5.9977,0.5946,2.7793,1,5.9958,1,25.2462,88.8768,r2_measured_02789,update,measured,19.2485,2.3663,1,9.4064,1.2612,30.7819,ok,0.3289
12.3227,679,,,0.8758,,,,,,14.4404,r2_measured_02790,read,measured,,,,,0.747,,ok,0.4153
14.0779,624,,,0.6665,,,,,,15.8327,r2_measured_02791,read,measured,,,,,0.637,,ok,0.3748
13.6292,568,,,0.5093,,,,,,15.1448,r2_measured_02792,read,measured,,,,,0.6157,,ok,0.3315
11.9215,679,,,0.6319,,,,,,13.5759,r2_measured_02793,read,measured,,,,,0.6129,,ok,0.3341
98.6171,663,35.6478,5.3749,0.9538,2.6149,1,5.3732,1,19.0831,101.3773,r2_measured_02794,update,measured,13.7082,2.7602,1,19.3246,1.1786,21.9467,ok,0.5273
17.716,507,,,0.7145,,,,,,19.9567,r2_measured_02795,read,measured,,,,,0.8143,,ok,0.6226
14.7604,675,,,0.7268,,,,,,16.5704,r2_measured_02796,read,measured,,,,,0.6714,,ok,0.3398
11.1495,628,,,0.5032,,,,,,12.7335,r2_measured_02797,read,measured,,,,,0.6758,,ok,0.3474
11.5698,662,,,0.6362,,,,,,13.2744,r2_measured_02798,read,measured,,,,,0.6615,,ok,0.3352
58.3722,689,12.9767,4.2871,0.727,2.1253,0,4.2854,1,22.6235,60.0548,r2_measured_02799,update,measured,18.3364,1.6826,1,0.0052,0.5468,20.6415,ok,0.3363
8.0263,369,,,0.2163,,,,,,9.0317,r2_measured_02800,read,measured,,,,,0.4368,,ok,0.2988
11.0141,568,,,0.5089,,,,,,12.5145,r2_measured_02801,read,measured,,,,,0.6115,,ok,0.3256
9.9688,509,,,0.4701,,,,,,11.3465,r2_measured_02802,read,measured,,,,,0.5366,,ok,0.3098
13.7991,681,,,0.5801,,,,,,15.4097,r2_measured_02803,read,measured,,,,,0.6149,,ok,0.3428
16.3128,663,,,0.6107,,,,,,18.0383,r2_measured_02804,read,measured,,,,,0.6544,,ok,0.3853
14.9225,689,,,0.6309,,,,,,16.6741,r2_measured_02805,read,measured,,,,,0.6844,,ok,0.3593
13.0331,680,,,0.534,,,,,,14.5817,r2_measured_02806,read,measured,,,,,0.6206,,ok,0.3276
10.5084,509,,,0.5556,,,,,,12.1811,r2_measured_02807,read,measured,,,,,0.6061,,ok,0.4413
14.9612,629,,,0.5858,,,,,,16.6573,r2_measured_02808,read,measured,,,,,0.6129,,ok,0.4311
12.8455,628,,,0.6152,,,,,,14.8211,r2_measured_02809,read,measured,,,,,0.8892,,ok,0.3838
10.3719,419,,,0.2438,,,,,,11.4641,r2_measured_02810,read,measured,,,,,0.4777,,ok,0.3205
18.9484,689,,,0.6873,,,,,,20.8514,r2_measured_02811,read,measured,,,,,0.7568,,ok,0.3755
12.366,628,,,0.5179,,,,,,13.8027,r2_measured_02812,read,measured,,,,,0.5431,,ok,0.3139
11.4825,681,,,0.4843,,,,,,12.9953,r2_measured_02813,read,measured,,,,,0.6227,,ok,0.3342
70.0871,628,13.5281,4.4673,0.7074,2.297,1,4.4653,1,21.7383,72.0205,r2_measured_02814,update,measured,17.271,1.9334,1,12.9508,0.7807,19.5729,ok,0.3628
13.3805,679,,,0.5508,,,,,,15.0047,r2_measured_02815,read,measured,,,,,0.6514,,ok,0.3502
14.3791,628,,,0.538,,,,,,15.963,r2_measured_02816,read,measured,,,,,0.6489,,ok,0.3226
10.6475,509,,,0.8057,,,,,,12.9771,r2_measured_02817,read,measured,,,,,0.8398,,ok,0.5972
13.7401,568,,,0.8019,,,,,,15.6675,r2_measured_02818,read,measured,,,,,0.6563,,ok,0.3939
12.4433,627,,,1.0519,,,,,,14.4938,r2_measured_02819,read,measured,,,,,0.5733,,ok,0.3551
11.269,629,,,0.5358,,,,,,12.7819,r2_measured_02820,read,measured,,,,,0.5914,,ok,0.3173
12.5896,675,,,0.6715,,,,,,14.335,r2_measured_02821,read,measured,,,,,0.6466,,ok,0.3523
11.2051,568,,,0.5719,,,,,,12.7403,r2_measured_02822,read,measured,,,,,0.5772,,ok,0.32
12.1766,567,,,0.8171,,,,,,14.0952,r2_measured_02823,read,measured,,,,,0.597,,ok,0.4283
13.403,679,,,0.5462,,,,,,15.0439,r2_measured_02824,read,measured,,,,,0.6839,,ok,0.3322
11.9757,679,,,0.5629,,,,,,13.4799,r2_measured_02825,read,measured,,,,,0.5613,,ok,0.3127
12.1427,628,,,0.6609,,,,,,13.9322,r2_measured_02826,read,measured,,,,,0.6521,,ok,0.397
13.5635,680,,,0.8385,,,,,,15.5507,r2_measured_02827,read,measured,,,,,0.7248,,ok,0.3491
10.7608,568,,,0.5097,,,,,,12.4198,r2_measured_02828,read,measured,,,,,0.7555,,ok,0.3264
16.548,675,,,0.4614,,,,,,18.0033,r2_measured_02829,read,measured,,,,,0.609,,ok,0.3161
18.1471,663,,,0.6915,,,,,,19.9927,r2_measured_02830,read,measured,,,,,0.6629,,ok,0.4074
13.1023,505,,,0.4871,,,,,,14.6815,r2_measured_02831,read,measured,,,,,0.5351,,ok,0.4962
9.456,419,,,0.4009,,,,,,11.1186,r2_measured_02832,read,measured,,,,,0.7701,,ok,0.4132
14.3129,680,,,0.6556,,,,,,16.0543,r2_measured_02833,read,measured,,,,,0.6727,,ok,0.3401
12.4593,675,,,0.5521,,,,,,14.0516,r2_measured_02834,read,measured,,,,,0.6392,,ok,0.3348
11.648,505,,,0.53,,,,,,13.1223,r2_measured_02835,read,measured,,,,,0.5524,,ok,0.327
11.4649,629,,,0.5141,,,,,,13.0147,r2_measured_02836,read,measured,,,,,0.6173,,ok,0.3535
15.0706,629,,,0.5728,,,,,,16.811,r2_measured_02837,read,measured,,,,,0.6274,,ok,0.4624
13.2816,680,,,0.5507,,,,,,14.7685,r2_measured_02838,read,measured,,,,,0.5508,,ok,0.3227
11.6547,680,,,0.6883,,,,,,13.4602,r2_measured_02839,read,measured,,,,,0.6892,,ok,0.3469
12.1486,680,,,0.6332,,,,,,14.0603,r2_measured_02840,read,measured,,,,,0.7648,,ok,0.4315
10.8255,509,,,0.4959,,,,,,12.2752,r2_measured_02841,read,measured,,,,,0.5021,,ok,0.3928
12.3466,688,,,0.541,,,,,,14.0473,r2_measured_02842,read,measured,,,,,0.7808,,ok,0.3113
10.0494,509,,,0.4432,,,,,,11.3319,r2_measured_02843,read,measured,,,,,0.4737,,ok,0.3108
8.7713,509,,,0.3942,,,,,,10.0203,r2_measured_02844,read,measured,,,,,0.46,,ok,0.3451
11.8248,661,,,0.531,,,,,,14.4473,r2_measured_02845,read,measured,,,,,1.699,,ok,0.3206
10.6683,626,,,0.5806,,,,,,12.3017,r2_measured_02846,read,measured,,,,,0.631,,ok,0.3588
17.5238,687,,,0.7045,,,,,,19.5092,r2_measured_02847,read,measured,,,,,0.7732,,ok,0.4169
13.8345,566,,,0.6858,,,,,,16.2037,r2_measured_02848,read,measured,,,,,1.0607,,ok,0.5167
17.3547,681,,,0.8853,,,,,,19.8096,r2_measured_02849,read,measured,,,,,0.9418,,ok,0.5222
18.2731,674,,,0.7294,,,,,,20.5103,r2_measured_02850,read,measured,,,,,0.8361,,ok,0.5703
16.2551,505,,,0.736,,,,,,18.6933,r2_measured_02851,read,measured,,,,,0.9741,,ok,0.6341
15.3374,509,,,0.6338,,,,,,17.4231,r2_measured_02852,read,measured,,,,,0.9044,,ok,0.4623
14.3459,419,,,0.2921,,,,,,15.6094,r2_measured_02853,read,measured,,,,,0.584,,ok,0.329
14.5807,681,,,0.7574,,,,,,16.4584,r2_measured_02854,read,measured,,,,,0.6974,,ok,0.3438
12.1269,680,,,1.1687,,,,,,14.4186,r2_measured_02855,read,measured,,,,,0.5946,,ok,0.45
9.5422,509,,,0.5384,,,,,,11.1448,r2_measured_02856,read,measured,,,,,0.6973,,ok,0.3104
11.9152,507,,,0.6287,,,,,,13.7443,r2_measured_02857,read,measured,,,,,0.7021,,ok,0.4195
10.0038,417,,,0.2227,,,,,,11.0074,r2_measured_02858,read,measured,,,,,0.4471,,ok,0.2852
14.3155,678,,,0.6926,,,,,,16.3586,r2_measured_02859,read,measured,,,,,0.8491,,ok,0.4119
10.6364,419,,,0.3272,,,,,,11.9936,r2_measured_02860,read,measured,,,,,0.5758,,ok,0.3882
15.7504,675,,,0.5695,,,,,,17.4858,r2_measured_02861,read,measured,,,,,0.755,,ok,0.3303
12.3536,627,,,0.4702,,,,,,13.7726,r2_measured_02862,read,measured,,,,,0.6007,,ok,0.2863
13.6415,507,,,0.5514,,,,,,15.4683,r2_measured_02863,read,measured,,,,,0.6333,,ok,0.5627
10.1531,369,,,0.2854,,,,,,11.4301,r2_measured_02864,read,measured,,,,,0.6032,,ok,0.3261
10.6525,369,,,0.3183,,,,,,12.1899,r2_measured_02865,read,measured,,,,,0.6368,,ok,0.506
16.3902,418,,,0.3697,,,,,,18.0198,r2_measured_02866,read,measured,,,,,0.7196,,ok,0.4621
14.0946,417,,,0.2942,,,,,,15.4958,r2_measured_02867,read,measured,,,,,0.5939,,ok,0.4428
11.1635,419,,,0.3091,,,,,,12.6038,r2_measured_02868,read,measured,,,,,0.6291,,ok,0.4333
13.1085,680,,,0.5885,,,,,,14.7195,r2_measured_02869,read,measured,,,,,0.6415,,ok,0.3129
10.2712,566,,,0.4493,,,,,,11.6277,r2_measured_02870,read,measured,,,,,0.5247,,ok,0.3213
12.04,688,,,0.6378,,,,,,13.7771,r2_measured_02871,read,measured,,,,,0.6774,,ok,0.3424
10.8715,568,,,0.5349,,,,,,12.3902,r2_measured_02872,read,measured,,,,,0.6028,,ok,0.3169
7.9722,418,,,0.2318,,,,,,9.0303,r2_measured_02873,read,measured,,,,,0.4856,,ok,0.2891
9.5858,505,,,0.701,,,,,,11.3158,r2_measured_02874,read,measured,,,,,0.6368,,ok,0.3245
10.6098,568,,,0.5292,,,,,,12.0378,r2_measured_02875,read,measured,,,,,0.5172,,ok,0.3147
11.9834,568,,,0.6489,,,,,,14.0202,r2_measured_02876,read,measured,,,,,0.7641,,ok,0.5439
20.2909,663,,,0.7959,,,,,,22.5575,r2_measured_02877,read,measured,,,,,0.8699,,ok,0.5015
18.4601,674,,,0.9312,,,,,,21.0842,r2_measured_02878,read,measured,,,,,1.039,,ok,0.5368
13.169,681,,,0.589,,,,,,14.7387,r2_measured_02879,read,measured,,,,,0.551,,ok,0.3596
13.3363,679,,,0.7722,,,,,,15.4994,r2_measured_02880,read,measured,,,,,0.9072,,ok,0.3957
12.8714,663,,,0.5448,,,,,,14.4876,r2_measured_02881,read,measured,,,,,0.6355,,ok,0.3662
117.669,689,15.5087,9.8076,0.7939,2.6595,1,9.806,1,58.6346,119.6411,r2_measured_02882,update,measured,48.827,1.9721,1,16.0251,0.708,24.8411,ok,0.3842
12.1626,419,,,0.2953,,,,,,13.6567,r2_measured_02883,read,measured,,,,,0.6339,,ok,0.4176
8.8877,419,,,0.225,,,,,,9.9384,r2_measured_02884,read,measured,,,,,0.4901,,ok,0.2882
12.0711,681,,,0.5897,,,,,,13.6756,r2_measured_02885,read,measured,,,,,0.6505,,ok,0.2983
11.5384,628,,,0.5175,,,,,,13.1101,r2_measured_02886,read,measured,,,,,0.5848,,ok,0.3331
10.6097,568,,,0.4974,,,,,,12.2488,r2_measured_02887,read,measured,,,,,0.7071,,ok,0.3594
15.3162,680,,,0.7943,,,,,,17.6864,r2_measured_02888,read,measured,,,,,0.9659,,ok,0.5153
13.8532,679,,,0.6822,,,,,,15.6836,r2_measured_02889,read,measured,,,,,0.6233,,ok,0.3627
7.9012,369,,,0.228,,,,,,11.1314,r2_measured_02890,read,measured,,,,,0.4688,,ok,2.4724
18.7163,681,,,0.8989,,,,,,21.0722,r2_measured_02891,read,measured,,,,,0.8954,,ok,0.4668
13.4691,679,,,0.5455,,,,,,15.0179,r2_measured_02892,read,measured,,,,,0.5886,,ok,0.3458
10.7761,627,,,0.463,,,,,,12.1694,r2_measured_02893,read,measured,,,,,0.5753,,ok,0.292
14.3965,678,,,0.6129,,,,,,16.1228,r2_measured_02894,read,measured,,,,,0.6694,,ok,0.3608
12.5205,688,,,0.518,,,,,,13.9785,r2_measured_02895,read,measured,,,,,0.571,,ok,0.3068
9.3658,509,,,0.524,,,,,,10.8869,r2_measured_02896,read,measured,,,,,0.5898,,ok,0.3418
10.3351,566,,,0.8592,,,,,,12.0827,r2_measured_02897,read,measured,,,,,0.5116,,ok,0.3175
12.7114,662,,,0.5234,,,,,,14.1378,r2_measured_02898,read,measured,,,,,0.525,,ok,0.3183
7.8603,418,,,0.3262,,,,,,9.2742,r2_measured_02899,read,measured,,,,,0.6046,,ok,0.4127
11.511,662,,,0.5052,,,,,,13.0872,r2_measured_02900,read,measured,,,,,0.6777,,ok,0.3347
11.8161,679,,,0.5204,,,,,,13.2211,r2_measured_02901,read,measured,,,,,0.5213,,ok,0.3041
10.5109,568,,,0.5247,,,,,,11.9838,r2_measured_02902,read,measured,,,,,0.5526,,ok,0.3212
8.2408,369,,,0.2408,,,,,,9.4285,r2_measured_02903,read,measured,,,,,0.4864,,ok,0.3972
14.4486,687,,,0.7593,,,,,,16.6309,r2_measured_02904,read,measured,,,,,0.8584,,ok,0.4664
16.5215,628,,,0.7159,,,,,,18.6978,r2_measured_02905,read,measured,,,,,0.9246,,ok,0.4457
15.0953,567,,,0.698,,,,,,17.3868,r2_measured_02906,read,measured,,,,,1.0119,,ok,0.4811
13.7057,566,,,0.5328,,,,,,15.4833,r2_measured_02907,read,measured,,,,,0.7645,,ok,0.4137
13.0964,680,,,0.787,,,,,,15.2886,r2_measured_02908,read,measured,,,,,0.8561,,ok,0.4594
15.1829,681,,,0.5705,,,,,,16.7597,r2_measured_02909,read,measured,,,,,0.6001,,ok,0.3385
12.8547,689,,,0.5692,,,,,,14.6787,r2_measured_02910,read,measured,,,,,0.8024,,ok,0.3482
12.1615,663,,,0.5118,,,,,,13.6367,r2_measured_02911,read,measured,,,,,0.5787,,ok,0.3185
11.5434,681,,,0.4875,,,,,,13.1025,r2_measured_02912,read,measured,,,,,0.5993,,ok,0.4021
9.8422,509,,,0.4909,,,,,,11.4799,r2_measured_02913,read,measured,,,,,0.6936,,ok,0.3774
11.8165,663,,,0.5373,,,,,,13.4155,r2_measured_02914,read,measured,,,,,0.6438,,ok,0.3513
10.637,566,,,0.5542,,,,,,12.2008,r2_measured_02915,read,measured,,,,,0.5378,,ok,0.3807
12.73,678,,,0.5491,,,,,,14.3842,r2_measured_02916,read,measured,,,,,0.6707,,ok,0.3546
13.2147,680,,,0.5196,,,,,,14.7492,r2_measured_02917,read,measured,,,,,0.5857,,ok,0.3459
12.6871,680,,,0.5355,,,,,,14.2811,r2_measured_02918,read,measured,,,,,0.6613,,ok,0.3277
11.3855,663,,,0.6243,,,,,,13.1047,r2_measured_02919,read,measured,,,,,0.6449,,ok,0.3658
7.9335,419,,,0.2642,,,,,,8.9696,r2_measured_02920,read,measured,,,,,0.4174,,ok,0.3089
12.2178,689,,,0.6026,,,,,,13.8766,r2_measured_02921,read,measured,,,,,0.6633,,ok,0.3201
12.5874,674,,,0.9443,,,,,,14.8284,r2_measured_02922,read,measured,,,,,0.7419,,ok,0.4726
11.4306,509,,,0.6232,,,,,,13.1655,r2_measured_02923,read,measured,,,,,0.6474,,ok,0.3788
10.0873,509,,,0.4673,,,,,,11.5054,r2_measured_02924,read,measured,,,,,0.5599,,ok,0.3288
8.0863,419,,,0.2467,,,,,,9.1444,r2_measured_02925,read,measured,,,,,0.4396,,ok,0.3171
13.8254,689,,,0.6261,,,,,,15.6699,r2_measured_02926,read,measured,,,,,0.7534,,ok,0.3777
12.9578,680,,,0.6461,,,,,,14.7895,r2_measured_02927,read,measured,,,,,0.7569,,ok,0.3568
7.8785,369,,,0.2794,,,,,,9.101,r2_measured_02928,read,measured,,,,,0.5339,,ok,0.3459
14.7557,662,,,0.692,,,,,,16.668,r2_measured_02929,read,measured,,,,,0.7498,,ok,0.3919
15.4663,567,,,0.624,,,,,,17.4099,r2_measured_02930,read,measured,,,,,0.8082,,ok,0.4269
17.6967,419,,,0.3019,,,,,,18.8613,r2_measured_02931,read,measured,,,,,0.4688,,ok,0.3343
18.7785,687,,,0.6629,,,,,,20.4969,r2_measured_02932,read,measured,,,,,0.6727,,ok,0.312
14.8757,568,,,0.6159,,,,,,16.4343,r2_measured_02933,read,measured,,,,,0.5514,,ok,0.3276
18.0199,663,,,0.6868,,,,,,20.0333,r2_measured_02934,read,measured,,,,,0.8049,,ok,0.4312
16.273,680,,,0.5836,,,,,,17.8587,r2_measured_02935,read,measured,,,,,0.5891,,ok,0.3429
13.9109,678,,,0.5777,,,,,,15.4735,r2_measured_02936,read,measured,,,,,0.5077,,ok,0.3968
11.7443,628,,,0.6512,,,,,,13.6002,r2_measured_02937,read,measured,,,,,0.7597,,ok,0.3654
13.204,661,,,0.7051,,,,,,15.0372,r2_measured_02938,read,measured,,,,,0.6717,,ok,0.3521
8.686,419,,,0.2979,,,,,,9.9918,r2_measured_02939,read,measured,,,,,0.5896,,ok,0.3582
12.1499,689,,,0.6017,,,,,,13.8644,r2_measured_02940,read,measured,,,,,0.6509,,ok,0.3884
13.5912,689,,,0.9243,,,,,,16.2219,r2_measured_02941,read,measured,,,,,0.7541,,ok,0.8272
13.6207,509,,,0.4764,,,,,,15.1087,r2_measured_02942,read,measured,,,,,0.5734,,ok,0.3716
12.195,628,,,0.5711,,,,,,13.8131,r2_measured_02943,read,measured,,,,,0.5696,,ok,0.4048
11.6126,681,,,0.5348,,,,,,13.1599,r2_measured_02944,read,measured,,,,,0.5951,,ok,0.3518
76.553,680,13.0302,4.3183,0.5235,2.3382,1,4.3167,1,27.3499,78.1212,r2_measured_02945,update,measured,23.0316,1.5682,1,11.0448,0.6296,22.7899,ok,0.3394
12.7212,661,,,0.5888,,,,,,14.3396,r2_measured_02946,read,measured,,,,,0.6392,,ok,0.3238
12.3266,679,,,0.6667,,,,,,14.311,r2_measured_02947,read,measured,,,,,0.7621,,ok,0.4073
13.5217,675,,,0.6318,,,,,,15.374,r2_measured_02948,read,measured,,,,,0.6705,,ok,0.4674
8.1034,369,,,0.2345,,,,,,9.2314,r2_measured_02949,read,measured,,,,,0.5079,,ok,0.3349
11.8238,661,,,0.6448,,,,,,13.6236,r2_measured_02950,read,measured,,,,,0.7072,,ok,0.3717
10.9774,509,,,0.5651,,,,,,12.7135,r2_measured_02951,read,measured,,,,,0.7448,,ok,0.3564
12.8608,675,,,0.5149,,,,,,14.3676,r2_measured_02952,read,measured,,,,,0.6094,,ok,0.3214
11.7907,689,,,0.6208,,,,,,13.4579,r2_measured_02953,read,measured,,,,,0.6295,,ok,0.3462
8.2815,417,,,0.3129,,,,,,9.4771,r2_measured_02954,read,measured,,,,,0.5076,,ok,0.323
11.9598,628,,,0.6639,,,,,,13.7328,r2_measured_02955,read,measured,,,,,0.6159,,ok,0.4057
13.1652,566,,,0.6237,,,,,,14.9093,r2_measured_02956,read,measured,,,,,0.666,,ok,0.3757
13.865,680,,,0.5549,,,,,,15.4398,r2_measured_02957,read,measured,,,,,0.6021,,ok,0.3549
10.0719,568,,,0.5092,,,,,,11.5592,r2_measured_02958,read,measured,,,,,0.5829,,ok,0.3237
12.8357,680,,,0.4842,,,,,,14.2915,r2_measured_02959,read,measured,,,,,0.6201,,ok,0.2926
14.0745,680,,,0.6955,,,,,,16.1882,r2_measured_02960,read,measured,,,,,0.8832,,ok,0.4382
17.2345,628,,,0.5636,,,,,,19.0456,r2_measured_02961,read,measured,,,,,0.7724,,ok,0.3962
17.336,681,,,0.6388,,,,,,19.1973,r2_measured_02962,read,measured,,,,,0.7454,,ok,0.3964
16.6376,418,,,0.2738,,,,,,18.0877,r2_measured_02963,read,measured,,,,,0.7155,,ok,0.4008
11.2648,417,,,0.3344,,,,,,12.531,r2_measured_02964,read,measured,,,,,0.5535,,ok,0.3119
13.5582,628,,,0.7752,,,,,,15.7101,r2_measured_02965,read,measured,,,,,0.7572,,ok,0.533
16.2268,568,,,0.7438,,,,,,18.4945,r2_measured_02966,read,measured,,,,,1.0641,,ok,0.3661
14.4607,689,,,0.6104,,,,,,16.2579,r2_measured_02967,read,measured,,,,,0.7162,,ok,0.403
13.6111,679,,,0.7406,,,,,,15.7337,r2_measured_02968,read,measured,,,,,0.859,,ok,0.4317
11.1072,419,,,0.2678,,,,,,12.2635,r2_measured_02969,read,measured,,,,,0.4819,,ok,0.351
14.9379,679,,,0.7089,,,,,,16.8007,r2_measured_02970,read,measured,,,,,0.7094,,ok,0.3653
11.1152,417,,,0.2556,,,,,,12.1888,r2_measured_02971,read,measured,,,,,0.4362,,ok,0.3256
24.2714,688,,,0.6787,,,,,,26.2106,r2_measured_02972,read,measured,,,,,0.8136,,ok,0.3541
18.2628,663,,,0.6406,,,,,,20.2084,r2_measured_02973,read,measured,,,,,0.7906,,ok,0.4211
19.5213,509,,,0.453,,,,,,20.9737,r2_measured_02974,read,measured,,,,,0.6194,,ok,0.3152
12.4556,675,,,0.6207,,,,,,14.3105,r2_measured_02975,read,measured,,,,,0.7731,,ok,0.3855
10.9166,505,,,0.4803,,,,,,12.4454,r2_measured_02976,read,measured,,,,,0.6127,,ok,0.3669
87.0555,680,12.9115,8.767,0.6356,2.4983,1,8.7654,1,41.2934,88.7875,r2_measured_02977,update,measured,32.5264,1.732,1,10.3418,0.6861,20.0105,ok,0.3325
12.9431,417,,,0.2952,,,,,,14.1557,r2_measured_02978,read,measured,,,,,0.4658,,ok,0.3899
10.3748,418,,,0.275,,,,,,11.4978,r2_measured_02979,read,measured,,,,,0.4858,,ok,0.3056
12.0998,567,,,0.4576,,,,,,13.4755,r2_measured_02980,read,measured,,,,,0.5421,,ok,0.3128
13.0828,680,,,0.5068,,,,,,14.6064,r2_measured_02981,read,measured,,,,,0.6127,,ok,0.3372
11.6281,661,,,0.6989,,,,,,13.4207,r2_measured_02982,read,measured,,,,,0.6641,,ok,0.3622
10.9949,568,,,0.5357,,,,,,12.4952,r2_measured_02983,read,measured,,,,,0.5673,,ok,0.3322
14.1715,689,,,0.6089,,,,,,15.8553,r2_measured_02984,read,measured,,,,,0.6269,,ok,0.3625
13.1648,680,,,0.6038,,,,,,15.0252,r2_measured_02985,read,measured,,,,,0.7596,,ok,0.4146
14.0661,662,,,0.5454,,,,,,15.6841,r2_measured_02986,read,measured,,,,,0.6647,,ok,0.3404
13.2437,629,,,0.7682,,,,,,15.3022,r2_measured_02987,read,measured,,,,,0.7486,,ok,0.4537
9.9053,419,,,0.2634,,,,,,11.1191,r2_measured_02988,read,measured,,,,,0.5507,,ok,0.342
16.3992,675,,,0.5619,,,,,,18.0944,r2_measured_02989,read,measured,,,,,0.6959,,ok,0.3628
17.1866,675,,,0.5261,,,,,,18.7721,r2_measured_02990,read,measured,,,,,0.6064,,ok,0.3286
13.5563,687,,,0.5815,,,,,,15.142,r2_measured_02991,read,measured,,,,,0.61,,ok,0.3213
16.9055,688,,,1.416,,,,,,21.2655,r2_measured_02992,read,measured,,,,,1.7034,,ok,1.0448
87.6517,680,15.8049,7.3198,0.6405,2.4061,1,7.3169,1,33.9763,89.4342,r2_measured_02993,update,measured,26.6565,1.7825,1,13.4164,0.6821,22.048,ok,0.3778
13.4767,629,,,0.5193,,,,,,15.0843,r2_measured_02994,read,measured,,,,,0.6472,,ok,0.3704
12.7696,626,,,0.5228,,,,,,14.3092,r2_measured_02995,read,measured,,,,,0.5841,,ok,0.3614
75.5465,629,17.9174,3.6799,0.559,2.8716,0,3.6784,1,37.9718,77.1541,r2_measured_02996,update,measured,34.2919,1.6076,1,0.0053,0.6451,16.7804,ok,0.3356
25.2486,663,,,0.8201,,,,,,27.5101,r2_measured_02997,read,measured,,,,,0.869,,ok,0.4788
15.3191,419,,,0.2599,,,,,,16.5263,r2_measured_02998,read,measured,,,,,0.5688,,ok,0.3253
11.3317,369,,,0.249,,,,,,12.4331,r2_measured_02999,read,measured,,,,,0.4807,,ok,0.3124
28.6384,678,,,0.8633,,,,,,30.8182,r2_measured_03000,read,measured,,,,,0.8232,,ok,0.4036
12.4094,680,,,0.8048,,,,,,14.3307,r2_measured_03001,read,measured,,,,,0.583,,ok,0.4541
14.9415,687,,,0.9546,,,,,,17.6719,r2_measured_03002,read,measured,,,,,0.7485,,ok,0.9159
9.5103,418,,,0.2538,,,,,,10.6757,r2_measured_03003,read,measured,,,,,0.5243,,ok,0.3324
17.8805,689,,,0.6163,,,,,,19.838,r2_measured_03004,read,measured,,,,,0.905,,ok,0.3341
13.1554,680,,,0.7896,,,,,,15.5238,r2_measured_03005,read,measured,,,,,0.9763,,ok,0.5043
13.7939,688,,,0.6734,,,,,,15.4998,r2_measured_03006,read,measured,,,,,0.5957,,ok,0.3628
70.6307,663,12.9721,6.4052,0.6093,2.2483,0,6.4027,1,33.0353,72.4112,r2_measured_03007,update,measured,26.6301,1.7805,1,0.0056,0.7458,22.3694,ok,0.3498
8.8279,369,,,0.2144,,,,,,9.7993,r2_measured_03008,read,measured,,,,,0.4059,,ok,0.3045
9.9381,568,,,0.4979,,,,,,11.3766,r2_measured_03009,read,measured,,,,,0.5455,,ok,0.3143
9.1557,419,,,0.2951,,,,,,10.3732,r2_measured_03010,read,measured,,,,,0.5473,,ok,0.3163
11.4866,629,,,0.5807,,,,,,13.0257,r2_measured_03011,read,measured,,,,,0.5692,,ok,0.3236
16.3741,674,,,0.5477,,,,,,18.0526,r2_measured_03012,read,measured,,,,,0.7209,,ok,0.3286
14.4665,628,,,0.5553,,,,,,16.1016,r2_measured_03013,read,measured,,,,,0.6607,,ok,0.3474
10.4906,418,,,0.2623,,,,,,11.6178,r2_measured_03014,read,measured,,,,,0.5039,,ok,0.2988
14.5924,624,,,0.6045,,,,,,16.4419,r2_measured_03015,read,measured,,,,,0.7345,,ok,0.4384
13.1723,663,,,0.5781,,,,,,14.7687,r2_measured_03016,read,measured,,,,,0.6061,,ok,0.3426
13.0241,674,,,0.6129,,,,,,14.6688,r2_measured_03017,read,measured,,,,,0.6192,,ok,0.3425
15.8192,509,,,0.4092,,,,,,17.0757,r2_measured_03018,read,measured,,,,,0.4855,,ok,0.3062
11.3069,419,,,0.2815,,,,,,12.4924,r2_measured_03019,read,measured,,,,,0.5265,,ok,0.3028
75.4469,418,8.2503,6.6735,0.2364,1.4672,1,6.6719,1,34.4102,76.4476,r2_measured_03020,update,measured,27.7367,1.0007,1,15.4988,0.414,15.8204,ok,0.3047
11.9036,369,,,0.2099,,,,,,12.9044,r2_measured_03021,read,measured,,,,,0.4535,,ok,0.2909
18.1278,628,,,0.6018,,,,,,19.7692,r2_measured_03022,read,measured,,,,,0.5963,,ok,0.3649
15.0051,507,,,0.4524,,,,,,16.5189,r2_measured_03023,read,measured,,,,,0.5847,,ok,0.4014
12.6845,680,,,0.5455,,,,,,14.3396,r2_measured_03024,read,measured,,,,,0.6626,,ok,0.3664
11.606,567,,,0.5463,,,,,,13.2217,r2_measured_03025,read,measured,,,,,0.6156,,ok,0.3821
14.8922,568,,,0.5268,,,,,,16.5204,r2_measured_03026,read,measured,,,,,0.6448,,ok,0.3816
17.5435,681,,,0.6166,,,,,,19.3389,r2_measured_03027,read,measured,,,,,0.7267,,ok,0.375
18.2362,689,,,0.8797,,,,,,20.748,r2_measured_03028,read,measured,,,,,0.6833,,ok,0.8399
13.9135,680,,,0.8849,,,,,,15.8815,r2_measured_03029,read,measured,,,,,0.6545,,ok,0.3556
14.0184,673,,,0.5886,,,,,,15.5936,r2_measured_03030,read,measured,,,,,0.5999,,ok,0.319
13.9976,419,,,0.241,,,,,,15.0611,r2_measured_03031,read,measured,,,,,0.4662,,ok,0.3033
16.6202,681,,,0.7303,,,,,,18.4223,r2_measured_03032,read,measured,,,,,0.6404,,ok,0.3537
93.8509,567,16.9614,9.8922,0.7677,3.2598,0,9.8904,1,38.8042,96.0821,r2_measured_03033,update,measured,28.912,2.2312,1,9.4023,0.7455,25.4232,ok,0.5702
14.9097,680,,,0.6351,,,,,,16.6971,r2_measured_03034,read,measured,,,,,0.7027,,ok,0.3675
12.7863,689,,,0.6652,,,,,,14.5259,r2_measured_03035,read,measured,,,,,0.6427,,ok,0.3614
12.6479,689,,,0.5836,,,,,,14.3819,r2_measured_03036,read,measured,,,,,0.7215,,ok,0.3598
13.3254,628,,,0.5742,,,,,,14.9275,r2_measured_03037,read,measured,,,,,0.6278,,ok,0.3276
15.836,680,,,0.732,,,,,,17.6688,r2_measured_03038,read,measured,,,,,0.6801,,ok,0.3464
15.7118,681,,,0.8472,,,,,,18.3426,r2_measured_03039,read,measured,,,,,1.1957,,ok,0.4663
15.2306,419,,,0.2807,,,,,,16.5371,r2_measured_03040,read,measured,,,,,0.5783,,ok,0.3844
14.5547,663,,,0.6067,,,,,,16.3053,r2_measured_03041,read,measured,,,,,0.7351,,ok,0.3318
13.6601,507,,,0.4398,,,,,,15.153,r2_measured_03042,read,measured,,,,,0.5644,,ok,0.4239
12.9914,628,,,0.5656,,,,,,14.571,r2_measured_03043,read,measured,,,,,0.61,,ok,0.3352
12.5917,629,,,0.4756,,,,,,14.056,r2_measured_03044,read,measured,,,,,0.5787,,ok,0.344
15.3547,689,,,0.6572,,,,,,17.0246,r2_measured_03045,read,measured,,,,,0.6075,,ok,0.3352
15.8788,680,,,0.6842,,,,,,17.9348,r2_measured_03046,read,measured,,,,,0.8107,,ok,0.4724
15.4809,509,,,1.1584,,,,,,18.9591,r2_measured_03047,read,measured,,,,,1.2902,,ok,0.896
32.6201,675,,,0.8215,,,,,,34.9722,r2_measured_03048,read,measured,,,,,0.9542,,ok,0.4778
23.7775,679,,,0.6679,,,,,,25.5984,r2_measured_03049,read,measured,,,,,0.7404,,ok,0.3432
16.0338,568,,,0.5954,,,,,,17.8091,r2_measured_03050,read,measured,,,,,0.592,,ok,0.5098
18.8172,509,,,0.4501,,,,,,20.2406,r2_measured_03051,read,measured,,,,,0.5838,,ok,0.3198
21.5071,663,,,0.6604,,,,,,23.4447,r2_measured_03052,read,measured,,,,,0.8014,,ok,0.3781
12.138,663,,,0.5499,,,,,,13.744,r2_measured_03053,read,measured,,,,,0.6549,,ok,0.3289
68.3268,506,10.5905,9.0876,0.5649,1.9099,1,9.0861,1,28.8285,69.807,r2_measured_03054,update,measured,19.7409,1.4802,1,11.2898,0.5383,15.7081,ok,0.3165
14.6707,680,,,0.5735,,,,,,16.2343,r2_measured_03055,read,measured,,,,,0.6031,,ok,0.3184
9.0519,419,,,0.3589,,,,,,10.6765,r2_measured_03056,read,measured,,,,,0.6303,,ok,0.5466
15.0165,680,,,0.6078,,,,,,16.671,r2_measured_03057,read,measured,,,,,0.6339,,ok,0.3331
13.0316,689,,,0.6428,,,,,,14.8336,r2_measured_03058,read,measured,,,,,0.7152,,ok,0.3625
12.6144,629,,,0.8657,,,,,,14.7351,r2_measured_03059,read,measured,,,,,0.6698,,ok,0.5003
23.3063,680,,,0.8519,,,,,,25.7245,r2_measured_03060,read,measured,,,,,0.9588,,ok,0.5067
16.6257,689,,,0.5989,,,,,,18.3245,r2_measured_03061,read,measured,,,,,0.6118,,ok,0.4188
11.1441,509,,,0.5403,,,,,,12.6058,r2_measured_03062,read,measured,,,,,0.5306,,ok,0.3312
16.0981,628,,,0.5136,,,,,,17.6726,r2_measured_03063,read,measured,,,,,0.5821,,ok,0.4155
19.0152,681,,,0.6614,,,,,,20.8683,r2_measured_03064,read,measured,,,,,0.7355,,ok,0.3767
23.6172,663,,,0.5418,,,,,,25.1941,r2_measured_03065,read,measured,,,,,0.6376,,ok,0.3305
14.7148,629,,,0.5538,,,,,,16.3024,r2_measured_03066,read,measured,,,,,0.6276,,ok,0.3303
9.5379,369,,,0.2357,,,,,,10.6777,r2_measured_03067,read,measured,,,,,0.5424,,ok,0.3111
14.5407,679,,,0.5214,,,,,,16.1247,r2_measured_03068,read,measured,,,,,0.6335,,ok,0.3513
13.5932,674,,,0.6186,,,,,,15.3312,r2_measured_03069,read,measured,,,,,0.6519,,ok,0.3842
61.1167,628,,,0.6114,,,,,,62.7718,r2_measured_03070,read,measured,,,,,0.6075,,ok,0.3572
13.7454,629,,,1.4744,,,,,,20.6857,r2_measured_03071,read,measured,,,,,2.299,,ok,2.9924
24.1247,663,,,0.9392,,,,,,26.7505,r2_measured_03072,read,measured,,,,,1.0699,,ok,0.5076
16.3296,567,,,0.7049,,,,,,18.4923,r2_measured_03073,read,measured,,,,,0.7782,,ok,0.5654
17.8639,689,,,0.6835,,,,,,19.8389,r2_measured_03074,read,measured,,,,,0.8304,,ok,0.3727
14.1609,626,,,0.6127,,,,,,15.8499,r2_measured_03075,read,measured,,,,,0.6728,,ok,0.3286
16.0257,680,,,0.5486,,,,,,17.6124,r2_measured_03076,read,measured,,,,,0.6632,,ok,0.2994
13.502,674,,,0.5834,,,,,,15.1974,r2_measured_03077,read,measured,,,,,0.6975,,ok,0.3339
17.5885,680,,,0.7304,,,,,,19.7117,r2_measured_03078,read,measured,,,,,0.8443,,ok,0.4487
19.1466,679,,,0.6773,,,,,,21.1305,r2_measured_03079,read,measured,,,,,0.8079,,ok,0.4165
13.2707,628,,,0.7126,,,,,,15.3134,r2_measured_03080,read,measured,,,,,0.82,,ok,0.4137
18.2715,663,,,0.6402,,,,,,20.113,r2_measured_03081,read,measured,,,,,0.7086,,ok,0.3987
15.6795,662,,,0.6975,,,,,,17.8577,r2_measured_03082,read,measured,,,,,0.9732,,ok,0.4057
18.9206,689,,,0.7518,,,,,,21.0043,r2_measured_03083,read,measured,,,,,0.8139,,ok,0.4241
18.0423,662,,,0.6896,,,,,,20.0701,r2_measured_03084,read,measured,,,,,0.8438,,ok,0.4022
105.7072,663,16.7974,9.7287,0.5517,2.1751,1,9.7263,1,50.5856,107.257,r2_measured_03085,update,measured,40.8569,1.5498,1,12.312,0.6048,23.8371,ok,0.3208
17.839,567,,,0.5098,,,,,,19.2575,r2_measured_03086,read,measured,,,,,0.524,,ok,0.3194
20.9019,419,,,0.2841,,,,,,22.0283,r2_measured_03087,read,measured,,,,,0.482,,ok,0.3057
18.677,628,,,0.6187,,,,,,20.3501,r2_measured_03088,read,measured,,,,,0.6375,,ok,0.346
13.742,675,,,0.6671,,,,,,15.4445,r2_measured_03089,read,measured,,,,,0.6179,,ok,0.3499
11.6244,628,,,0.8371,,,,,,14.0608,r2_measured_03090,read,measured,,,,,0.9606,,ok,0.544
16.6019,627,,,0.6821,,,,,,18.6843,r2_measured_03091,read,measured,,,,,0.8628,,ok,0.4487
12.3577,567,,,0.5071,,,,,,13.7964,r2_measured_03092,read,measured,,,,,0.5571,,ok,0.3148
14.8566,681,,,0.5692,,,,,,16.4739,r2_measured_03093,read,measured,,,,,0.6034,,ok,0.3497
19.5085,509,,,0.5424,,,,,,21.0699,r2_measured_03094,read,measured,,,,,0.6067,,ok,0.3436
17.5662,627,,,0.6301,,,,,,19.1683,r2_measured_03095,read,measured,,,,,0.6076,,ok,0.3027
16.1883,679,,,0.9274,,,,,,19.0651,r2_measured_03096,read,measured,,,,,1.2039,,ok,0.6191
15.7315,419,,,0.3636,,,,,,17.187,r2_measured_03097,read,measured,,,,,0.6754,,ok,0.3514
17.5489,679,,,0.5597,,,,,,19.16,r2_measured_03098,read,measured,,,,,0.6552,,ok,0.324
72.8139,629,15.43,11.2506,0.6123,2.2186,1,11.249,1,34.1639,74.6099,r2_measured_03099,update,measured,22.9133,1.796,1,0.0085,0.7067,20.9929,ok,0.4016
15.6926,661,,,0.787,,,,,,18.0747,r2_measured_03100,read,measured,,,,,0.652,,ok,0.8633
15.2641,680,,,0.516,,,,,,16.9266,r2_measured_03101,read,measured,,,,,0.7588,,ok,0.3097
16.4939,629,,,0.6979,,,,,,18.4133,r2_measured_03102,read,measured,,,,,0.701,,ok,0.4393
13.5505,680,,,0.5731,,,,,,15.1799,r2_measured_03103,read,measured,,,,,0.6464,,ok,0.342
14.702,672,,,0.5355,,,,,,16.2143,r2_measured_03104,read,measured,,,,,0.5808,,ok,0.3285
7.9161,369,,,0.2351,,,,,,9.0312,r2_measured_03105,read,measured,,,,,0.4938,,ok,0.3297
15.0921,661,,,0.6425,,,,,,16.8841,r2_measured_03106,read,measured,,,,,0.7104,,ok,0.366
15.7894,687,,,0.6242,,,,,,17.5178,r2_measured_03107,read,measured,,,,,0.6551,,ok,0.3684
14.0759,628,,,0.525,,,,,,15.6293,r2_measured_03108,read,measured,,,,,0.5899,,ok,0.3665
9.0276,419,,,0.3073,,,,,,10.3315,r2_measured_03109,read,measured,,,,,0.5853,,ok,0.3488
11.2121,509,,,0.5599,,,,,,12.98,r2_measured_03110,read,measured,,,,,0.6947,,ok,0.4458
73.138,626,11.9396,4.389,0.6629,2.3323,1,4.3871,1,26.4695,74.7982,r2_measured_03111,update,measured,22.0805,1.6602,1,11.1612,0.607,21.2354,ok,0.3247
11.2988,628,,,0.6158,,,,,,12.9723,r2_measured_03112,read,measured,,,,,0.6701,,ok,0.3174
14.3976,680,,,0.6322,,,,,,16.0494,r2_measured_03113,read,measured,,,,,0.6172,,ok,0.3267
12.5009,568,,,0.7302,,,,,,14.6035,r2_measured_03114,read,measured,,,,,0.7919,,ok,0.4923
15.338,681,,,0.6193,,,,,,17.1624,r2_measured_03115,read,measured,,,,,0.7271,,ok,0.3918
16.818,681,,,0.701,,,,,,18.8005,r2_measured_03116,read,measured,,,,,0.7813,,ok,0.4112
12.0643,567,,,0.7593,,,,,,13.922,r2_measured_03117,read,measured,,,,,0.6167,,ok,0.3828
14.4519,681,,,0.6955,,,,,,16.2852,r2_measured_03118,read,measured,,,,,0.6744,,ok,0.3793
13.859,628,,,0.5584,,,,,,15.5912,r2_measured_03119,read,measured,,,,,0.7326,,ok,0.3608
13.8473,674,,,0.6005,,,,,,15.6628,r2_measured_03120,read,measured,,,,,0.6505,,ok,0.4872
14.1547,629,,,0.5013,,,,,,15.7881,r2_measured_03121,read,measured,,,,,0.7102,,ok,0.3462
16.7572,681,,,0.7581,,,,,,18.8046,r2_measured_03122,read,measured,,,,,0.762,,ok,0.4351
16.2593,568,,,0.5355,,,,,,17.7929,r2_measured_03123,read,measured,,,,,0.6125,,ok,0.3193
18.7678,681,,,0.7117,,,,,,20.6425,r2_measured_03124,read,measured,,,,,0.7202,,ok,0.3592
23.5575,681,,,0.7048,,,,,,25.5081,r2_measured_03125,read,measured,,,,,0.7475,,ok,0.4092
15.1145,663,,,0.6821,,,,,,16.9201,r2_measured_03126,read,measured,,,,,0.6792,,ok,0.3654
14.0773,681,,,0.6568,,,,,,15.8405,r2_measured_03127,read,measured,,,,,0.6927,,ok,0.343
89.4816,629,14.1347,11.2272,0.6171,2.2681,1,11.2256,1,38.9151,91.1112,r2_measured_03128,update,measured,27.6879,1.6296,1,13.1203,0.6036,21.0434,ok,0.343
13.9651,680,,,0.7034,,,,,,16.0838,r2_measured_03129,read,measured,,,,,0.9044,,ok,0.4249
15.8178,661,,,0.612,,,,,,17.5933,r2_measured_03130,read,measured,,,,,0.7125,,ok,0.3754
10.8771,509,,,0.6299,,,,,,12.601,r2_measured_03131,read,measured,,,,,0.6473,,ok,0.3761
11.5088,509,,,0.5426,,,,,,13.1805,r2_measured_03132,read,measured,,,,,0.7271,,ok,0.3406
11.4773,661,,,0.6736,,,,,,13.1666,r2_measured_03133,read,measured,,,,,0.6158,,ok,0.34
19.3,689,,,0.8402,,,,,,21.678,r2_measured_03134,read,measured,,,,,0.9578,,ok,0.4802
17.4915,663,,,0.7124,,,,,,19.4834,r2_measured_03135,read,measured,,,,,0.827,,ok,0.373
18.3333,681,,,0.5696,,,,,,19.9888,r2_measured_03136,read,measured,,,,,0.709,,ok,0.3038
9.4731,509,,,0.5186,,,,,,10.9125,r2_measured_03137,read,measured,,,,,0.542,,ok,0.3179
14.7123,680,,,0.518,,,,,,16.2607,r2_measured_03138,read,measured,,,,,0.6511,,ok,0.312
12.026,675,,,0.5479,,,,,,13.6294,r2_measured_03139,read,measured,,,,,0.6707,,ok,0.3197
15.7103,663,,,0.5682,,,,,,17.5019,r2_measured_03140,read,measured,,,,,0.7456,,ok,0.4009
15.2146,673,,,0.5287,,,,,,16.8029,r2_measured_03141,read,measured,,,,,0.6133,,ok,0.3758
8.4211,369,,,0.2257,,,,,,9.5994,r2_measured_03142,read,measured,,,,,0.589,,ok,0.3055
14.4536,626,,,0.661,,,,,,16.1259,r2_measured_03143,read,measured,,,,,0.6256,,ok,0.3192
12.2849,663,,,0.4956,,,,,,13.8985,r2_measured_03144,read,measured,,,,,0.7123,,ok,0.3324
11.0578,509,,,0.4858,,,,,,12.6222,r2_measured_03145,read,measured,,,,,0.6771,,ok,0.3377
15.8598,687,,,0.9518,,,,,,18.5413,r2_measured_03146,read,measured,,,,,0.7074,,ok,0.9097
16.2983,626,,,0.8277,,,,,,18.7581,r2_measured_03147,read,measured,,,,,0.9873,,ok,0.5388
18.5862,681,,,0.6068,,,,,,20.2673,r2_measured_03148,read,measured,,,,,0.6777,,ok,0.3199
12.0097,509,,,0.539,,,,,,13.7682,r2_measured_03149,read,measured,,,,,0.7427,,ok,0.4051
11.5854,626,,,0.5705,,,,,,13.3036,r2_measured_03150,read,measured,,,,,0.5834,,ok,0.4921
14.3527,681,,,0.5183,,,,,,15.9015,r2_measured_03151,read,measured,,,,,0.6128,,ok,0.3504
72.7209,688,14.9286,3.468,0.686,3.0722,0,3.4661,1,34.1021,74.4194,r2_measured_03152,update,measured,30.6341,1.6985,1,0.0062,0.5988,20.6118,ok,0.3485
14.887,689,,,0.6529,,,,,,16.6948,r2_measured_03153,read,measured,,,,,0.6464,,ok,0.4254
8.4062,419,,,0.2445,,,,,,9.5473,r2_measured_03154,read,measured,,,,,0.4575,,ok,0.3796
12.279,628,,,0.5411,,,,,,13.753,r2_measured_03155,read,measured,,,,,0.5421,,ok,0.3261
11.9637,567,,,0.5645,,,,,,13.7391,r2_measured_03156,read,measured,,,,,0.5957,,ok,0.5331
15.9557,679,,,0.5807,,,,,,17.709,r2_measured_03157,read,measured,,,,,0.6809,,ok,0.4129
12.9729,629,,,0.7147,,,,,,14.8032,r2_measured_03158,read,measured,,,,,0.6236,,ok,0.41
14.4186,417,,,0.298,,,,,,15.5971,r2_measured_03159,read,measured,,,,,0.4941,,ok,0.3347
19.2325,663,,,0.5685,,,,,,20.8318,r2_measured_03160,read,measured,,,,,0.6436,,ok,0.3166
11.8646,624,,,0.5504,,,,,,13.3693,r2_measured_03161,read,measured,,,,,0.5501,,ok,0.3446
18.3983,663,,,0.6624,,,,,,20.3612,r2_measured_03162,read,measured,,,,,0.7669,,ok,0.4481
16.3301,681,,,0.6664,,,,,,18.1852,r2_measured_03163,read,measured,,,,,0.7321,,ok,0.3787
15.2764,680,,,0.5793,,,,,,16.9055,r2_measured_03164,read,measured,,,,,0.6227,,ok,0.3552
13.0729,675,,,0.5746,,,,,,14.6346,r2_measured_03165,read,measured,,,,,0.6071,,ok,0.3174
58.4602,418,10.6463,6.5037,0.241,1.5246,0,6.5021,1,30.5623,59.4932,r2_measured_03166,update,measured,24.0586,1.033,1,0.0066,0.4448,15.7204,ok,0.299
12.9878,679,,,0.6186,,,,,,14.7233,r2_measured_03167,read,measured,,,,,0.6741,,ok,0.3575
13.2414,674,,,0.5309,,,,,,14.9075,r2_measured_03168,read,measured,,,,,0.7207,,ok,0.3385
14.0084,629,,,0.5206,,,,,,15.7083,r2_measured_03169,read,measured,,,,,0.6953,,ok,0.3561
16.1954,689,,,0.6062,,,,,,18.1116,r2_measured_03170,read,measured,,,,,0.827,,ok,0.3992
11.444,507,,,0.6356,,,,,,13.1827,r2_measured_03171,read,measured,,,,,0.6429,,ok,0.3885
15.2743,680,,,0.6047,,,,,,16.9585,r2_measured_03172,read,measured,,,,,0.648,,ok,0.346
12.1028,680,,,0.523,,,,,,13.6756,r2_measured_03173,read,measured,,,,,0.6532,,ok,0.3218
20.8501,679,,,0.541,,,,,,22.5186,r2_measured_03174,read,measured,,,,,0.6752,,ok,0.3774
17.1849,679,,,0.6185,,,,,,19.0929,r2_measured_03175,read,measured,,,,,0.8652,,ok,0.3455
16.6713,680,,,0.5745,,,,,,18.2905,r2_measured_03176,read,measured,,,,,0.6479,,ok,0.33
17.7681,663,,,0.5834,,,,,,19.3547,r2_measured_03177,read,measured,,,,,0.6024,,ok,0.3294
15.9196,509,,,0.3941,,,,,,17.2025,r2_measured_03178,read,measured,,,,,0.5297,,ok,0.3049
15.4303,680,,,0.8161,,,,,,17.8071,r2_measured_03179,read,measured,,,,,0.9274,,ok,0.5244
17.8259,567,,,0.504,,,,,,19.363,r2_measured_03180,read,measured,,,,,0.6334,,ok,0.3372
16.0559,680,,,1.3846,,,,,,19.1933,r2_measured_03181,read,measured,,,,,0.6351,,ok,1.0315
13.6443,679,,,0.4914,,,,,,15.1855,r2_measured_03182,read,measured,,,,,0.6346,,ok,0.3447
14.3468,689,,,0.6754,,,,,,16.236,r2_measured_03183,read,measured,,,,,0.734,,ok,0.3959
10.4338,419,,,0.2769,,,,,,11.6309,r2_measured_03184,read,measured,,,,,0.511,,ok,0.3528
10.4918,368,,,0.2744,,,,,,11.7433,r2_measured_03185,read,measured,,,,,0.6047,,ok,0.314
15.9754,673,,,0.5798,,,,,,17.6493,r2_measured_03186,read,measured,,,,,0.6789,,ok,0.3463
16.4681,679,,,0.6416,,,,,,18.3938,r2_measured_03187,read,measured,,,,,0.802,,ok,0.3987
20.3306,418,,,0.2553,,,,,,21.4497,r2_measured_03188,read,measured,,,,,0.4989,,ok,0.3082
31.1708,674,,,0.9966,,,,,,34.1514,r2_measured_03189,read,measured,,,,,1.2444,,ok,0.6174
29.8096,688,,,0.7312,,,,,,31.8115,r2_measured_03190,read,measured,,,,,0.8132,,ok,0.3778
106.9123,628,18.9826,11.2922,1.0392,2.9695,1,11.2902,1,43.0704,110.0669,r2_measured_03191,update,measured,31.7782,3.1546,1,20.1162,1.2876,21.7736,ok,0.6869
21.8836,661,,,0.5577,,,,,,23.4241,r2_measured_03192,read,measured,,,,,0.586,,ok,0.3288
17.0521,566,,,0.5142,,,,,,18.4944,r2_measured_03193,read,measured,,,,,0.5432,,ok,0.3208
12.8235,681,,,0.5103,,,,,,14.3791,r2_measured_03194,read,measured,,,,,0.6691,,ok,0.3142
16.8751,688,,,0.6677,,,,,,18.7296,r2_measured_03195,read,measured,,,,,0.7349,,ok,0.378
14.4049,672,,,0.6302,,,,,,16.0515,r2_measured_03196,read,measured,,,,,0.6216,,ok,0.318
9.5718,417,,,0.2613,,,,,,10.6881,r2_measured_03197,read,measured,,,,,0.4886,,ok,0.3101
13.2058,674,,,0.5049,,,,,,14.7446,r2_measured_03198,read,measured,,,,,0.6258,,ok,0.3378
13.6473,680,,,0.7914,,,,,,15.6119,r2_measured_03199,read,measured,,,,,0.7501,,ok,0.347
12.7498,681,,,0.5871,,,,,,14.4345,r2_measured_03200,read,measured,,,,,0.6795,,ok,0.3465
11.3665,629,,,0.5366,,,,,,12.9363,r2_measured_03201,read,measured,,,,,0.612,,ok,0.3495
13.1745,663,,,0.5434,,,,,,14.7655,r2_measured_03202,read,measured,,,,,0.6437,,ok,0.3321
12.561,662,,,0.5265,,,,,,14.1262,r2_measured_03203,read,measured,,,,,0.6403,,ok,0.3327
13.1598,369,,,0.2275,,,,,,14.3526,r2_measured_03204,read,measured,,,,,0.5018,,ok,0.3952
90.2875,662,15.2532,7.0096,0.5696,2.2591,1,7.0078,1,30.6952,91.914,r2_measured_03205,update,measured,23.6856,1.6265,1,14.3167,0.6417,27.7633,ok,0.3383
15.007,418,,,0.4003,,,,,,16.8339,r2_measured_03206,read,measured,,,,,0.799,,ok,0.5427
26.6185,628,,,1.2937,,,,,,31.917,r2_measured_03207,read,measured,,,,,1.1241,,ok,2.735
32.6624,679,,,0.7897,,,,,,34.8397,r2_measured_03208,read,measured,,,,,0.8046,,ok,0.4853
22.9298,678,,,2.8066,,,,,,27.3737,r2_measured_03209,read,measured,,,,,0.8871,,ok,0.6345
18.8828,687,,,0.6326,,,,,,20.7249,r2_measured_03210,read,measured,,,,,0.7358,,ok,0.3968
19.4323,663,,,0.5372,,,,,,20.9048,r2_measured_03211,read,measured,,,,,0.5714,,ok,0.2991
11.7438,663,,,0.6303,,,,,,13.3507,r2_measured_03212,read,measured,,,,,0.5766,,ok,0.3348
17.4699,680,,,0.5826,,,,,,19.0953,r2_measured_03213,read,measured,,,,,0.6328,,ok,0.3363
13.88,679,,,0.6827,,,,,,15.7375,r2_measured_03214,read,measured,,,,,0.7409,,ok,0.3539
16.6717,689,,,0.4871,,,,,,18.7064,r2_measured_03215,read,measured,,,,,1.158,,ok,0.3002
13.5813,509,,,0.5567,,,,,,15.2231,r2_measured_03216,read,measured,,,,,0.6157,,ok,0.3894
13.5311,661,,,0.5984,,,,,,15.2499,r2_measured_03217,read,measured,,,,,0.6686,,ok,0.3735
14.7939,663,,,0.6205,,,,,,16.5171,r2_measured_03218,read,measured,,,,,0.6383,,ok,0.3756
16.6044,688,,,0.6551,,,,,,18.2807,r2_measured_03219,read,measured,,,,,0.6237,,ok,0.3259
12.8645,689,,,0.5762,,,,,,14.5703,r2_measured_03220,read,measured,,,,,0.7235,,ok,0.3248
9.1682,419,,,0.2903,,,,,,10.478,r2_measured_03221,read,measured,,,,,0.5539,,ok,0.4017
14.7172,507,,,0.7309,,,,,,16.6682,r2_measured_03222,read,measured,,,,,0.6785,,ok,0.4611
36.5132,663,,,0.7113,,,,,,38.6165,r2_measured_03223,read,measured,,,,,0.8327,,ok,0.4584
12.6592,567,,,0.5734,,,,,,14.3137,r2_measured_03224,read,measured,,,,,0.6382,,ok,0.3751
13.9185,369,,,0.2209,,,,,,14.896,r2_measured_03225,read,measured,,,,,0.4054,,ok,0.3067
12.2605,568,,,0.5358,,,,,,14.766,r2_measured_03226,read,measured,,,,,1.582,,ok,0.3257
11.0743,626,,,0.4713,,,,,,12.512,r2_measured_03227,read,measured,,,,,0.5557,,ok,0.3423
7.6843,418,,,0.2209,,,,,,8.6408,r2_measured_03228,read,measured,,,,,0.4023,,ok,0.2908
14.6649,680,,,0.7594,,,,,,16.9195,r2_measured_03229,read,measured,,,,,0.8579,,ok,0.5345
17.1344,568,,,0.821,,,,,,19.659,r2_measured_03230,read,measured,,,,,1.0818,,ok,0.5297
19.0188,680,,,1.0415,,,,,,22.0607,r2_measured_03231,read,measured,,,,,1.2063,,ok,0.6436
18.3683,507,,,0.7485,,,,,,20.6368,r2_measured_03232,read,measured,,,,,0.8221,,ok,0.5966
106.1204,689,22.9443,8.4152,1.0703,3.5544,1,8.4132,1,40.0413,109.6633,r2_measured_03233,update,measured,31.6261,3.5429,1,12.3629,1.6254,27.2175,ok,0.7151
20.0846,629,,,0.8479,,,,,,22.3819,r2_measured_03234,read,measured,,,,,0.792,,ok,0.55
15.5044,679,,,0.4957,,,,,,16.8629,r2_measured_03235,read,measured,,,,,0.5062,,ok,0.2936
13.3367,673,,,0.6744,,,,,,15.185,r2_measured_03236,read,measured,,,,,0.678,,ok,0.4175
11.6417,568,,,0.4133,,,,,,12.9942,r2_measured_03237,read,measured,,,,,0.5776,,ok,0.3098
10.3862,627,,,0.5874,,,,,,11.9347,r2_measured_03238,read,measured,,,,,0.547,,ok,0.3549
12.4856,663,,,0.623,,,,,,14.4408,r2_measured_03239,read,measured,,,,,0.8412,,ok,0.4079
20.4926,688,,,0.9776,,,,,,23.6557,r2_measured_03240,read,measured,,,,,1.4097,,ok,0.6459
14.2597,507,,,0.5342,,,,,,15.9384,r2_measured_03241,read,measured,,,,,0.6736,,ok,0.3977
12.6871,568,,,0.7903,,,,,,14.9018,r2_measured_03242,read,measured,,,,,0.8302,,ok,0.5042
16.6633,680,,,0.8074,,,,,,18.9699,r2_measured_03243,read,measured,,,,,0.8581,,ok,0.5287
17.3667,680,,,0.5933,,,,,,19.1439,r2_measured_03244,read,measured,,,,,0.7481,,ok,0.3538
11.5176,567,,,0.6089,,,,,,13.3299,r2_measured_03245,read,measured,,,,,0.7252,,ok,0.4064
12.5857,689,,,0.7467,,,,,,14.6365,r2_measured_03246,read,measured,,,,,0.7904,,ok,0.4257
17.5262,674,,,0.7561,,,,,,19.6322,r2_measured_03247,read,measured,,,,,0.817,,ok,0.439
16.8088,681,,,0.8606,,,,,,19.3731,r2_measured_03248,read,measured,,,,,1.0031,,ok,0.5776
19.5102,507,,,0.9596,,,,,,22.3091,r2_measured_03249,read,measured,,,,,1.0955,,ok,0.6304
15.7789,628,,,0.5271,,,,,,17.5088,r2_measured_03250,read,measured,,,,,0.7298,,ok,0.4019
11.9095,627,,,0.5957,,,,,,13.555,r2_measured_03251,read,measured,,,,,0.6166,,ok,0.3662
17.0353,681,,,0.8619,,,,,,19.234,r2_measured_03252,read,measured,,,,,0.7957,,ok,0.4548
14.039,624,,,0.4876,,,,,,15.5225,r2_measured_03253,read,measured,,,,,0.6103,,ok,0.3231
12.105,688,,,0.5104,,,,,,13.6521,r2_measured_03254,read,measured,,,,,0.6504,,ok,0.3039
11.5655,663,,,0.5105,,,,,,13.1047,r2_measured_03255,read,measured,,,,,0.6278,,ok,0.336
11.7806,680,,,0.8701,,,,,,14.0474,r2_measured_03256,read,measured,,,,,0.872,,ok,0.4299
93.667,680,20.3394,4.6785,1.1146,2.9101,1,4.6766,1,37.2742,96.9551,r2_measured_03257,update,measured,32.5957,3.2881,1,9.8613,1.3047,23.282,ok,0.7355
27.426,663,,,0.7615,,,,,,29.6843,r2_measured_03258,read,measured,,,,,0.8935,,ok,0.5057
11.1106,418,,,0.2953,,,,,,12.3777,r2_measured_03259,read,measured,,,,,0.5227,,ok,0.3868
24.5301,680,,,0.823,,,,,,26.7965,r2_measured_03260,read,measured,,,,,0.8984,,ok,0.4436
11.3348,568,,,0.5447,,,,,,12.9547,r2_measured_03261,read,measured,,,,,0.6977,,ok,0.319
17.9229,680,,,0.6309,,,,,,19.4973,r2_measured_03262,read,measured,,,,,0.5558,,ok,0.318
11.5047,419,,,0.2602,,,,,,12.5748,r2_measured_03263,read,measured,,,,,0.4572,,ok,0.3026
16.5271,689,,,0.6597,,,,,,18.4236,r2_measured_03264,read,measured,,,,,0.8051,,ok,0.3529
21.2333,680,,,0.481,,,,,,22.6646,r2_measured_03265,read,measured,,,,,0.592,,ok,0.2966
17.7294,567,,,0.6926,,,,,,19.6296,r2_measured_03266,read,measured,,,,,0.5694,,ok,0.5578
29.763,680,,,1.0264,,,,,,32.6413,r2_measured_03267,read,measured,,,,,1.1277,,ok,0.6233
23.6756,679,,,0.5985,,,,,,26.1094,r2_measured_03268,read,measured,,,,,1.4297,,ok,0.3358
13.3567,626,,,0.7955,,,,,,15.5609,r2_measured_03269,read,measured,,,,,0.8204,,ok,0.4934
13.0057,629,,,0.7892,,,,,,14.8918,r2_measured_03270,read,measured,,,,,0.6895,,ok,0.3367
14.3644,680,,,0.9332,,,,,,17.0615,r2_measured_03271,read,measured,,,,,1.0449,,ok,0.6018
21.0736,680,,,0.5853,,,,,,22.8248,r2_measured_03272,read,measured,,,,,0.7462,,ok,0.3407
12.5875,628,,,0.5974,,,,,,14.3606,r2_measured_03273,read,measured,,,,,0.6968,,ok,0.3995
12.9878,628,,,0.5844,,,,,,14.6346,r2_measured_03274,read,measured,,,,,0.6688,,ok,0.3198
11.9843,680,,,0.5617,,,,,,13.5067,r2_measured_03275,read,measured,,,,,0.5658,,ok,0.3329
11.95,568,,,0.6282,,,,,,13.8027,r2_measured_03276,read,measured,,,,,0.7486,,ok,0.4023
13.1365,680,,,0.6272,,,,,,15.0114,r2_measured_03277,read,measured,,,,,0.7338,,ok,0.3737
11.7937,689,,,0.4923,,,,,,13.1988,r2_measured_03278,read,measured,,,,,0.542,,ok,0.3103
12.4694,688,,,0.6184,,,,,,14.1961,r2_measured_03279,read,measured,,,,,0.6938,,ok,0.3375
7.4249,369,,,0.2423,,,,,,8.5159,r2_measured_03280,read,measured,,,,,0.4829,,ok,0.3183
86.8714,507,12.5672,10.1773,0.541,2.0916,1,10.1757,1,41.2223,88.6133,r2_measured_03281,update,measured,31.045,1.7419,1,13.0245,0.7309,17.9658,ok,0.3952
12.7498,568,,,0.5468,,,,,,14.2807,r2_measured_03282,read,measured,,,,,0.5701,,ok,0.3491
9.1117,419,,,0.275,,,,,,10.2156,r2_measured_03283,read,measured,,,,,0.4678,,ok,0.3132
12.8328,369,,,0.2133,,,,,,13.876,r2_measured_03284,read,measured,,,,,0.4777,,ok,0.2998
69.5301,508,12.1325,6.1987,0.6687,1.7229,1,6.197,1,30.1754,71.3462,r2_measured_03285,update,measured,23.9767,1.8161,1,9.1666,0.6269,16.3327,ok,0.444
57.3782,681,12.8813,4.1409,0.6952,2.2892,0,4.1389,1,23.8788,59.272,r2_measured_03286,update,measured,19.7379,1.8938,1,0.0059,0.7351,18.323,ok,0.3725
12.4291,688,,,0.629,,,,,,14.2119,r2_measured_03287,read,measured,,,,,0.6877,,ok,0.3838
8.6612,369,,,0.232,,,,,,9.8887,r2_measured_03288,read,measured,,,,,0.5871,,ok,0.3582
12.6493,681,,,0.6304,,,,,,14.4975,r2_measured_03289,read,measured,,,,,0.7544,,ok,0.3623
7.4372,369,,,0.1971,,,,,,8.3758,r2_measured_03290,read,measured,,,,,0.3879,,ok,0.3096
7.5982,418,,,0.2874,,,,,,8.661,r2_measured_03291,read,measured,,,,,0.4346,,ok,0.2946
77.9108,680,14.7254,5.184,0.5529,2.4212,1,5.1818,1,23.8104,79.522,r2_measured_03292,update,measured,18.6264,1.6112,1,11.0227,0.6646,25.9311,ok,0.3193
10.115,509,,,0.4602,,,,,,11.5863,r2_measured_03293,read,measured,,,,,0.5419,,ok,0.4053
14.0949,680,,,0.8542,,,,,,16.5778,r2_measured_03294,read,measured,,,,,1.0932,,ok,0.4512
12.7422,509,,,0.4804,,,,,,14.2257,r2_measured_03295,read,measured,,,,,0.5848,,ok,0.3529
10.5671,568,,,0.4862,,,,,,12.0822,r2_measured_03296,read,measured,,,,,0.6569,,ok,0.31
11.0517,568,,,0.4823,,,,,,12.599,r2_measured_03297,read,measured,,,,,0.626,,ok,0.3695
12.0411,626,,,0.4843,,,,,,13.6072,r2_measured_03298,read,measured,,,,,0.6701,,ok,0.3508
11.9838,680,,,0.7363,,,,,,13.968,r2_measured_03299,read,measured,,,,,0.7809,,ok,0.3797
7.7716,369,,,0.2101,,,,,,8.8747,r2_measured_03300,read,measured,,,,,0.4101,,ok,0.4283
10.7894,629,,,0.7259,,,,,,12.72,r2_measured_03301,read,measured,,,,,0.776,,ok,0.3496
12.4522,680,,,0.5885,,,,,,14.2145,r2_measured_03302,read,measured,,,,,0.7494,,ok,0.3477
12.1367,679,,,0.5113,,,,,,13.5797,r2_measured_03303,read,measured,,,,,0.5472,,ok,0.3223
12.6006,678,,,0.618,,,,,,14.4362,r2_measured_03304,read,measured,,,,,0.6959,,ok,0.4402
9.6788,419,,,0.2469,,,,,,10.8144,r2_measured_03305,read,measured,,,,,0.4904,,ok,0.3398
9.1182,419,,,0.2314,,,,,,10.1679,r2_measured_03306,read,measured,,,,,0.4509,,ok,0.3182
9.1501,509,,,0.4458,,,,,,10.453,r2_measured_03307,read,measured,,,,,0.5117,,ok,0.2943
12.2339,689,,,0.5509,,,,,,13.7701,r2_measured_03308,read,measured,,,,,0.5995,,ok,0.315
12.3534,674,,,0.7844,,,,,,14.5771,r2_measured_03309,read,measured,,,,,0.8515,,ok,0.5033
10.5573,419,,,0.3577,,,,,,12.0012,r2_measured_03310,read,measured,,,,,0.6322,,ok,0.3825
14.7693,628,,,0.5451,,,,,,16.303,r2_measured_03311,read,measured,,,,,0.5775,,ok,0.3412
9.0572,509,,,0.4353,,,,,,10.3987,r2_measured_03312,read,measured,,,,,0.5362,,ok,0.3166
7.5018,368,,,0.2193,,,,,,8.6659,r2_measured_03313,read,measured,,,,,0.4793,,ok,0.4027
10.0599,369,,,0.2341,,,,,,11.242,r2_measured_03314,read,measured,,,,,0.5086,,ok,0.3859
11.7336,568,,,0.5884,,,,,,13.339,r2_measured_03315,read,measured,,,,,0.5973,,ok,0.361
11.5214,567,,,0.5145,,,,,,13.1585,r2_measured_03316,read,measured,,,,,0.6419,,ok,0.4013
12.3265,689,,,0.4912,,,,,,13.832,r2_measured_03317,read,measured,,,,,0.6272,,ok,0.3263
10.5336,568,,,0.5053,,,,,,12.1198,r2_measured_03318,read,measured,,,,,0.6472,,ok,0.3645
10.1011,419,,,0.3152,,,,,,11.4367,r2_measured_03319,read,measured,,,,,0.5563,,ok,0.3999
9.5728,418,,,0.2614,,,,,,10.8255,r2_measured_03320,read,measured,,,,,0.6115,,ok,0.3317
12.148,673,,,0.5803,,,,,,13.7651,r2_measured_03321,read,measured,,,,,0.6178,,ok,0.3443
11.9371,663,,,0.4896,,,,,,13.3815,r2_measured_03322,read,measured,,,,,0.5912,,ok,0.306
9.8918,568,,,0.6712,,,,,,11.9862,r2_measured_03323,read,measured,,,,,0.8118,,ok,0.4954
9.1634,369,,,0.2564,,,,,,10.4242,r2_measured_03324,read,measured,,,,,0.5697,,ok,0.3706
75.9972,681,14.7234,5.5062,0.571,2.5364,1,5.5046,1,18.7038,77.5642,r2_measured_03325,update,measured,13.1976,1.567,1,19.9458,0.6143,20.0878,ok,0.3143
11.2226,369,,,0.2787,,,,,,12.4358,r2_measured_03326,read,measured,,,,,0.5222,,ok,0.3577
14.8942,679,,,0.6472,,,,,,16.7526,r2_measured_03327,read,measured,,,,,0.7147,,ok,0.412
10.8978,418,,,0.2246,,,,,,11.9636,r2_measured_03328,read,measured,,,,,0.4628,,ok,0.329
11.895,679,,,0.5773,,,,,,13.7206,r2_measured_03329,read,measured,,,,,0.8203,,ok,0.3508
13.7101,663,,,0.579,,,,,,15.3156,r2_measured_03330,read,measured,,,,,0.6161,,ok,0.344
13.2406,662,,,0.5634,,,,,,14.9652,r2_measured_03331,read,measured,,,,,0.6797,,ok,0.3886
9.5642,419,,,0.2624,,,,,,10.8161,r2_measured_03332,read,measured,,,,,0.4993,,ok,0.4251
9.505,419,,,0.2513,,,,,,10.697,r2_measured_03333,read,measured,,,,,0.4908,,ok,0.3978
13.5378,681,,,0.5718,,,,,,15.1398,r2_measured_03334,read,measured,,,,,0.6141,,ok,0.3408
10.7569,507,,,0.3911,,,,,,12.0857,r2_measured_03335,read,measured,,,,,0.5689,,ok,0.315
10.06,508,,,0.3982,,,,,,11.4321,r2_measured_03336,read,measured,,,,,0.5351,,ok,0.3775
71.8099,625,14.1359,5.1988,0.5398,2.165,0,5.1965,1,24.7379,73.4275,r2_measured_03337,update,measured,19.5391,1.6176,1,11.9532,0.6257,18.8179,ok,0.3201
11.0032,626,,,0.5259,,,,,,12.4058,r2_measured_03338,read,measured,,,,,0.5212,,ok,0.2986
13.6212,680,,,0.614,,,,,,15.3115,r2_measured_03339,read,measured,,,,,0.5888,,ok,0.4068
13.3511,681,,,0.522,,,,,,14.8368,r2_measured_03340,read,measured,,,,,0.5732,,ok,0.3225
9.8782,566,,,0.5053,,,,,,11.2872,r2_measured_03341,read,measured,,,,,0.5246,,ok,0.3217
87.6032,679,16.8213,4.8755,0.7312,2.6319,1,4.874,1,24.2243,89.9312,r2_measured_03342,update,measured,19.3488,2.328,1,22.0614,1.0421,21.8643,ok,0.4587
18.1474,680,,,0.9321,,,,,,20.8509,r2_measured_03343,read,measured,,,,,1.0778,,ok,0.5312
18.0647,674,,,0.9247,,,,,,20.9138,r2_measured_03344,read,measured,,,,,1.153,,ok,0.6492
13.4213,369,,,0.3403,,,,,,15.1497,r2_measured_03345,read,measured,,,,,0.7646,,ok,0.5386
11.9908,418,,,0.3011,,,,,,13.3582,r2_measured_03346,read,measured,,,,,0.5803,,ok,0.4245
8.3541,368,,,0.2298,,,,,,9.502,r2_measured_03347,read,measured,,,,,0.4772,,ok,0.3873
12.0052,627,,,0.5038,,,,,,13.5716,r2_measured_03348,read,measured,,,,,0.6506,,ok,0.3406
86.7851,663,13.8545,11.3705,0.6969,2.1187,1,11.369,1,37.6152,88.7236,r2_measured_03349,update,measured,26.2447,1.9385,1,9.8859,0.7825,23.3108,ok,0.381
11.0774,566,,,0.5994,,,,,,12.6878,r2_measured_03350,read,measured,,,,,0.6141,,ok,0.327
13.7375,509,,,0.652,,,,,,15.754,r2_measured_03351,read,measured,,,,,0.7371,,ok,0.5413
14.2943,629,,,0.8638,,,,,,16.334,r2_measured_03352,read,measured,,,,,0.6816,,ok,0.4125
12.309,681,,,0.5908,,,,,,13.8007,r2_measured_03353,read,measured,,,,,0.5448,,ok,0.2968
11.9447,680,,,0.6437,,,,,,13.7448,r2_measured_03354,read,measured,,,,,0.7336,,ok,0.3434
11.2929,663,,,0.5236,,,,,,12.7445,r2_measured_03355,read,measured,,,,,0.5706,,ok,0.2967
10.4402,629,,,0.4864,,,,,,11.829,r2_measured_03356,read,measured,,,,,0.5267,,ok,0.3207
11.8103,688,,,0.5984,,,,,,13.4723,r2_measured_03357,read,measured,,,,,0.6696,,ok,0.3238
13.2283,680,,,0.5574,,,,,,14.8058,r2_measured_03358,read,measured,,,,,0.5956,,ok,0.3578
8.5517,419,,,0.308,,,,,,10.1158,r2_measured_03359,read,measured,,,,,0.677,,ok,0.5002
13.1911,679,,,0.5571,,,,,,14.8396,r2_measured_03360,read,measured,,,,,0.6915,,ok,0.3332
69.7697,509,10.9043,4.9097,0.4619,1.9393,1,4.9082,1,28.9871,71.1404,r2_measured_03361,update,measured,24.0774,1.3707,1,10.2297,0.5238,17.7093,ok,0.3289
11.8314,663,,,0.6087,,,,,,13.6419,r2_measured_03362,read,measured,,,,,0.7532,,ok,0.374
13.736,678,,,0.5894,,,,,,15.4808,r2_measured_03363,read,measured,,,,,0.6331,,ok,0.4414
9.6178,509,,,0.479,,,,,,11.231,r2_measured_03364,read,measured,,,,,0.6824,,ok,0.3872
13.2479,679,,,0.6516,,,,,,15.0518,r2_measured_03365,read,measured,,,,,0.6976,,ok,0.3727
13.3653,681,,,0.7248,,,,,,15.4374,r2_measured_03366,read,measured,,,,,0.7777,,ok,0.4664
11.7481,663,,,0.5926,,,,,,13.419,r2_measured_03367,read,measured,,,,,0.6735,,ok,0.3259
11.4603,661,,,0.521,,,,,,12.9338,r2_measured_03368,read,measured,,,,,0.5669,,ok,0.3225
9.649,509,,,0.6516,,,,,,11.5377,r2_measured_03369,read,measured,,,,,0.6635,,ok,0.5001
52.2894,508,10.3703,2.8424,0.5146,2.0465,0,2.8405,1,21.9227,53.7918,r2_measured_03370,update,measured,19.0803,1.5024,1,0.0057,0.5877,17.9442,ok,0.3352
7.2671,368,,,0.2107,,,,,,8.2697,r2_measured_03371,read,measured,,,,,0.418,,ok,0.3291
11.1617,626,,,0.6619,,,,,,12.9171,r2_measured_03372,read,measured,,,,,0.6384,,ok,0.3732
12.3885,628,,,0.611,,,,,,14.326,r2_measured_03373,read,measured,,,,,0.8539,,ok,0.3973
16.6585,680,,,0.8063,,,,,,18.8863,r2_measured_03374,read,measured,,,,,0.8147,,ok,0.5126
12.1851,418,,,0.2613,,,,,,13.4231,r2_measured_03375,read,measured,,,,,0.5309,,ok,0.385
101.0431,679,13.7269,5.768,0.8427,2.8682,1,5.7659,1,44.6259,103.1268,r2_measured_03376,update,measured,38.8579,2.0837,1,16.2274,0.7532,23.5947,ok,0.4024
13.2817,688,,,0.8312,,,,,,15.5806,r2_measured_03377,read,measured,,,,,0.8567,,ok,0.4952
13.0527,568,,,0.5679,,,,,,14.7355,r2_measured_03378,read,measured,,,,,0.6704,,ok,0.3712
12.5833,626,,,0.7405,,,,,,14.4373,r2_measured_03379,read,measured,,,,,0.6845,,ok,0.3567
10.8261,418,,,0.3214,,,,,,12.1391,r2_measured_03380,read,measured,,,,,0.5412,,ok,0.3862
9.2563,418,,,0.2603,,,,,,10.5303,r2_measured_03381,read,measured,,,,,0.4942,,ok,0.4591
13.2999,681,,,0.6319,,,,,,15.146,r2_measured_03382,read,measured,,,,,0.78,,ok,0.3547
14.1616,663,,,0.6633,,,,,,16.1147,r2_measured_03383,read,measured,,,,,0.7682,,ok,0.4349
15.7316,689,,,0.9757,,,,,,17.9897,r2_measured_03384,read,measured,,,,,0.7898,,ok,0.4011
13.8489,688,,,0.5967,,,,,,15.5236,r2_measured_03385,read,measured,,,,,0.6495,,ok,0.354
8.85,419,,,0.2712,,,,,,9.9846,r2_measured_03386,read,measured,,,,,0.4861,,ok,0.3214
11.8727,663,,,0.5562,,,,,,13.4184,r2_measured_03387,read,measured,,,,,0.607,,ok,0.3126
14.421,680,,,0.5867,,,,,,15.9689,r2_measured_03388,read,measured,,,,,0.5999,,ok,0.2987
12.0596,680,,,0.5868,,,,,,13.7055,r2_measured_03389,read,measured,,,,,0.5974,,ok,0.3858
7.9358,417,,,0.2311,,,,,,8.9446,r2_measured_03390,read,measured,,,,,0.4378,,ok,0.2945
10.5678,628,,,0.5292,,,,,,12.0065,r2_measured_03391,read,measured,,,,,0.5461,,ok,0.3111
11.0985,568,,,0.5478,,,,,,13.8632,r2_measured_03392,read,measured,,,,,0.6618,,ok,1.4771
12.7704,688,,,0.6101,,,,,,14.2765,r2_measured_03393,read,measured,,,,,0.5429,,ok,0.2947
11.1,629,,,1.1604,,,,,,13.388,r2_measured_03394,read,measured,,,,,0.6456,,ok,0.4106
12.2544,663,,,0.5817,,,,,,13.9561,r2_measured_03395,read,measured,,,,,0.6829,,ok,0.3604
14.6726,675,,,0.5838,,,,,,16.6406,r2_measured_03396,read,measured,,,,,0.7557,,ok,0.5399
13.7168,509,,,0.7848,,,,,,16.0059,r2_measured_03397,read,measured,,,,,0.8382,,ok,0.5666
77.8207,662,11.568,6.9071,0.5714,2.1674,1,6.9052,1,31.9415,79.5149,r2_measured_03398,update,measured,25.0344,1.6942,1,9.3642,0.6209,22.7796,ok,0.4225
14.0981,689,,,0.518,,,,,,15.7319,r2_measured_03399,read,measured,,,,,0.6886,,ok,0.3502
12.1158,674,,,0.6774,,,,,,13.9383,r2_measured_03400,read,measured,,,,,0.6225,,ok,0.4455
8.0301,369,,,0.2528,,,,,,9.2375,r2_measured_03401,read,measured,,,,,0.4868,,ok,0.4038
9.623,509,,,0.5697,,,,,,11.1258,r2_measured_03402,read,measured,,,,,0.5395,,ok,0.329
15.6482,689,,,0.5892,,,,,,17.2018,r2_measured_03403,read,measured,,,,,0.5711,,ok,0.3191
9.6002,369,,,0.3611,,,,,,11.2038,r2_measured_03404,read,measured,,,,,0.6233,,ok,0.5302
104.0415,687,20.2699,11.3469,0.7231,3.134,1,11.3451,1,50.2892,106.0288,r2_measured_03405,update,measured,38.9423,1.9873,1,11.4536,0.7943,18.8948,ok,0.3834
12.219,681,,,0.5303,,,,,,13.7188,r2_measured_03406,read,measured,,,,,0.5827,,ok,0.3212
11.5665,628,,,0.5676,,,,,,13.1189,r2_measured_03407,read,measured,,,,,0.6064,,ok,0.31
10.0276,568,,,0.4536,,,,,,11.3687,r2_measured_03408,read,measured,,,,,0.498,,ok,0.326
11.8128,680,,,0.6023,,,,,,13.3999,r2_measured_03409,read,measured,,,,,0.5955,,ok,0.3234
8.1032,419,,,0.3311,,,,,,9.3877,r2_measured_03410,read,measured,,,,,0.521,,ok,0.3763
11.7258,626,,,0.5908,,,,,,13.2561,r2_measured_03411,read,measured,,,,,0.5613,,ok,0.3174
9.3469,509,,,0.4391,,,,,,10.6139,r2_measured_03412,read,measured,,,,,0.4814,,ok,0.2961
12.4649,675,,,0.7036,,,,,,14.3752,r2_measured_03413,read,measured,,,,,0.7759,,ok,0.3539
11.2137,568,,,0.6726,,,,,,13.2945,r2_measured_03414,read,measured,,,,,0.8884,,ok,0.4385
15.3038,679,,,0.5647,,,,,,17.0413,r2_measured_03415,read,measured,,,,,0.7406,,ok,0.3543
9.2124,419,,,0.2512,,,,,,10.4214,r2_measured_03416,read,measured,,,,,0.5328,,ok,0.3654
13.0974,675,,,0.5418,,,,,,14.7123,r2_measured_03417,read,measured,,,,,0.6563,,ok,0.3464
11.8497,675,,,0.5941,,,,,,13.3565,r2_measured_03418,read,measured,,,,,0.5398,,ok,0.3112
11.3581,628,,,0.7521,,,,,,13.6347,r2_measured_03419,read,measured,,,,,0.8739,,ok,0.5632
13.7851,674,,,0.5865,,,,,,15.4816,r2_measured_03420,read,measured,,,,,0.6782,,ok,0.3563
13.0205,680,,,0.4792,,,,,,14.5604,r2_measured_03421,read,measured,,,,,0.6981,,ok,0.2986
12.3766,663,,,0.5954,,,,,,14.2036,r2_measured_03422,read,measured,,,,,0.7682,,ok,0.3837
11.3568,568,,,0.5364,,,,,,13.0044,r2_measured_03423,read,measured,,,,,0.5881,,ok,0.4332
13.3422,674,,,0.6539,,,,,,15.0071,r2_measured_03424,read,measured,,,,,0.6049,,ok,0.3326
14.6003,675,,,1.0853,,,,,,17.3256,r2_measured_03425,read,measured,,,,,0.8336,,ok,0.7118
9.5776,369,,,0.2765,,,,,,10.8561,r2_measured_03426,read,measured,,,,,0.5385,,ok,0.3956
19.8538,689,,,0.9519,,,,,,22.5927,r2_measured_03427,read,measured,,,,,1.0467,,ok,0.6284
16.1294,509,,,0.5548,,,,,,17.9605,r2_measured_03428,read,measured,,,,,0.7888,,ok,0.4087
14.2576,661,,,0.8701,,,,,,16.7907,r2_measured_03429,read,measured,,,,,0.963,,ok,0.5974
17.5362,628,,,0.7104,,,,,,19.7388,r2_measured_03430,read,measured,,,,,0.9012,,ok,0.4884
17.1382,681,,,0.7165,,,,,,19.0983,r2_measured_03431,read,measured,,,,,0.7331,,ok,0.4263
12.4458,629,,,0.4599,,,,,,14.0987,r2_measured_03432,read,measured,,,,,0.6665,,ok,0.4298
11.4537,629,,,0.5114,,,,,,12.9229,r2_measured_03433,read,measured,,,,,0.5896,,ok,0.3018
25.7841,675,,,0.7051,,,,,,27.5931,r2_measured_03434,read,measured,,,,,0.6315,,ok,0.3842
17.6573,566,,,0.5716,,,,,,19.2516,r2_measured_03435,read,measured,,,,,0.6201,,ok,0.3317
11.883,566,,,0.4324,,,,,,13.3107,r2_measured_03436,read,measured,,,,,0.5956,,ok,0.3213
11.9154,680,,,0.6338,,,,,,13.5014,r2_measured_03437,read,measured,,,,,0.561,,ok,0.3268
14.0914,672,,,0.5798,,,,,,15.7352,r2_measured_03438,read,measured,,,,,0.6604,,ok,0.3292
12.5324,689,,,0.6517,,,,,,14.5182,r2_measured_03439,read,measured,,,,,0.8534,,ok,0.4038
13.1157,680,,,0.568,,,,,,14.8164,r2_measured_03440,read,measured,,,,,0.6939,,ok,0.3313
10.399,568,,,0.5396,,,,,,11.9818,r2_measured_03441,read,measured,,,,,0.6076,,ok,0.3677
15.7717,680,,,0.7787,,,,,,18.3288,r2_measured_03442,read,measured,,,,,0.8803,,ok,0.7768
17.725,681,,,0.7064,,,,,,19.6632,r2_measured_03443,read,measured,,,,,0.7065,,ok,0.4387
19.2473,629,,,0.9076,,,,,,22.1284,r2_measured_03444,read,measured,,,,,1.2011,,ok,0.6424
24.0156,675,,,1.0812,,,,,,27.0485,r2_measured_03445,read,measured,,,,,1.1731,,ok,0.6529
14.599,568,,,0.6557,,,,,,16.4665,r2_measured_03446,read,measured,,,,,0.7374,,ok,0.3988
18.1265,679,,,0.5912,,,,,,19.8145,r2_measured_03447,read,measured,,,,,0.6926,,ok,0.3323
9.7482,509,,,0.5169,,,,,,11.4086,r2_measured_03448,read,measured,,,,,0.5199,,ok,0.5543
21.3088,680,,,0.631,,,,,,22.9672,r2_measured_03449,read,measured,,,,,0.639,,ok,0.3152
12.2736,663,,,1.0041,,,,,,14.1992,r2_measured_03450,read,measured,,,,,0.5189,,ok,0.3404
10.7903,568,,,0.5153,,,,,,12.4181,r2_measured_03451,read,measured,,,,,0.6869,,ok,0.3571
13.2583,680,,,0.5629,,,,,,14.7522,r2_measured_03452,read,measured,,,,,0.5595,,ok,0.3063
12.2138,663,,,0.5494,,,,,,13.8942,r2_measured_03453,read,measured,,,,,0.6825,,ok,0.3781
12.7048,680,,,0.6547,,,,,,14.6349,r2_measured_03454,read,measured,,,,,0.7466,,ok,0.4246
13.538,663,,,0.5325,,,,,,15.269,r2_measured_03455,read,measured,,,,,0.7102,,ok,0.419
13.694,688,,,0.594,,,,,,15.4187,r2_measured_03456,read,measured,,,,,0.7126,,ok,0.3439
11.9258,626,,,0.5243,,,,,,13.4122,r2_measured_03457,read,measured,,,,,0.554,,ok,0.3459
17.8886,628,,,0.6903,,,,,,19.8629,r2_measured_03458,read,measured,,,,,0.7907,,ok,0.4059
18.7987,662,,,0.5731,,,,,,20.4705,r2_measured_03459,read,measured,,,,,0.6669,,ok,0.3567
11.7334,679,,,0.5097,,,,,,13.4809,r2_measured_03460,read,measured,,,,,0.7336,,ok,0.4286
11.6325,679,,,0.6922,,,,,,13.484,r2_measured_03461,read,measured,,,,,0.6912,,ok,0.3934
8.376,418,,,0.293,,,,,,9.6483,r2_measured_03462,read,measured,,,,,0.5727,,ok,0.348
12.1126,626,,,0.5501,,,,,,13.6996,r2_measured_03463,read,measured,,,,,0.6495,,ok,0.3204
11.2298,662,,,0.5355,,,,,,12.7843,r2_measured_03464,read,measured,,,,,0.6401,,ok,0.3179
11.3084,628,,,0.6982,,,,,,13.4033,r2_measured_03465,read,measured,,,,,0.9138,,ok,0.3946
13.301,662,,,0.5362,,,,,,14.941,r2_measured_03466,read,measured,,,,,0.6646,,ok,0.3621
8.0699,419,,,0.237,,,,,,9.1793,r2_measured_03467,read,measured,,,,,0.4935,,ok,0.3315
9.2015,509,,,0.429,,,,,,10.6382,r2_measured_03468,read,measured,,,,,0.6256,,ok,0.3208
9.0406,419,,,0.318,,,,,,10.2623,r2_measured_03469,read,measured,,,,,0.5401,,ok,0.311
12.5052,626,,,0.5756,,,,,,14.2214,r2_measured_03470,read,measured,,,,,0.6499,,ok,0.416
12.8638,629,,,0.4657,,,,,,14.3137,r2_measured_03471,read,measured,,,,,0.6106,,ok,0.307
10.7628,568,,,0.4971,,,,,,12.1563,r2_measured_03472,read,measured,,,,,0.5086,,ok,0.3298
11.654,680,,,0.5428,,,,,,13.3091,r2_measured_03473,read,measured,,,,,0.7226,,ok,0.3132
11.3525,675,,,0.6101,,,,,,13.063,r2_measured_03474,read,measured,,,,,0.5844,,ok,0.4328
7.7903,369,,,0.2045,,,,,,8.7637,r2_measured_03475,read,measured,,,,,0.4053,,ok,0.3198
14.9306,567,,,0.7016,,,,,,16.9882,r2_measured_03476,read,measured,,,,,0.8342,,ok,0.438
10.111,369,,,0.2413,,,,,,11.405,r2_measured_03477,read,measured,,,,,0.5115,,ok,0.4696
11.9573,419,,,0.456,,,,,,13.9455,r2_measured_03478,read,measured,,,,,0.8572,,ok,0.5804
71.0504,369,18.9999,6.7618,0.2511,1.4664,1,6.7594,1,26.4037,72.2633,r2_measured_03479,update,measured,19.6419,1.2129,1,9.7157,0.4658,14.4647,ok,0.4324
16.9147,662,,,1.0822,,,,,,20.1896,r2_measured_03480,read,measured,,,,,1.1201,,ok,0.9334
16.7575,628,,,0.4967,,,,,,18.3679,r2_measured_03481,read,measured,,,,,0.7071,,ok,0.3271
19.9041,661,,,0.5741,,,,,,21.4895,r2_measured_03482,read,measured,,,,,0.6133,,ok,0.3256
11.6481,419,,,0.2825,,,,,,12.9148,r2_measured_03483,read,measured,,,,,0.5635,,ok,0.3601
15.0989,681,,,0.7359,,,,,,17.4892,r2_measured_03484,read,measured,,,,,0.9806,,ok,0.5391
17.2603,687,,,0.9257,,,,,,19.8796,r2_measured_03485,read,measured,,,,,1.0786,,ok,0.5091
19.2996,626,,,0.9823,,,,,,22.25,r2_measured_03486,read,measured,,,,,1.2502,,ok,0.5972
15.5712,507,,,0.5922,,,,,,17.3252,r2_measured_03487,read,measured,,,,,0.66,,ok,0.4298
14.3198,629,,,0.5646,,,,,,16.344,r2_measured_03488,read,measured,,,,,0.856,,ok,0.4879
15.7555,663,,,0.5732,,,,,,17.3975,r2_measured_03489,read,measured,,,,,0.6475,,ok,0.3514
11.515,627,,,0.5734,,,,,,13.0273,r2_measured_03490,read,measured,,,,,0.5429,,ok,0.3193
11.6061,680,,,0.4882,,,,,,13.0838,r2_measured_03491,read,measured,,,,,0.6064,,ok,0.3218
12.9935,680,,,0.6235,,,,,,14.6747,r2_measured_03492,read,measured,,,,,0.6296,,ok,0.3526
10.8558,509,,,0.5039,,,,,,12.4303,r2_measured_03493,read,measured,,,,,0.5945,,ok,0.4021
14.2624,680,,,0.5154,,,,,,15.8331,r2_measured_03494,read,measured,,,,,0.6441,,ok,0.339
13.3555,568,,,0.5674,,,,,,14.9219,r2_measured_03495,read,measured,,,,,0.6179,,ok,0.3188
9.5536,507,,,0.882,,,,,,11.3284,r2_measured_03496,read,measured,,,,,0.5167,,ok,0.3224
7.0051,369,,,0.2054,,,,,,7.9953,r2_measured_03497,read,measured,,,,,0.4397,,ok,0.2981
67.6677,626,12.5832,3.3186,0.5973,2.4067,1,3.3169,1,22.1086,69.3786,r2_measured_03498,update,measured,18.79,1.7109,1,11.0115,0.6637,19.5577,ok,0.3633
13.2162,628,,,0.502,,,,,,14.7506,r2_measured_03499,read,measured,,,,,0.6347,,ok,0.327
8.7427,418,,,0.2318,,,,,,9.75,r2_measured_03500,read,measured,,,,,0.4483,,ok,0.2794
104.1374,675,26.8303,10.3406,1.3166,4.6649,1,10.3391,1,33.6395,108.2224,r2_measured_03501,update,measured,23.2989,4.085,1,10.2462,1.6973,28.7565,ok,0.8935
26.118,688,,,0.6647,,,,,,28.4068,r2_measured_03502,read,measured,,,,,1.107,,ok,0.4245
88.344,419,12.793,6.4304,0.2789,3.6213,1,6.4287,1,32.5102,89.6106,r2_measured_03503,update,measured,26.0798,1.2666,1,13.0707,0.5573,26.3488,ok,0.3699
12.1523,663,,,0.5542,,,,,,13.7051,r2_measured_03504,read,measured,,,,,0.6135,,ok,0.3176
13.0736,681,,,0.5576,,,,,,14.7643,r2_measured_03505,read,measured,,,,,0.7262,,ok,0.3281
11.126,626,,,0.4962,,,,,,12.6122,r2_measured_03506,read,measured,,,,,0.6083,,ok,0.3216
7.9056,419,,,0.277,,,,,,9.1062,r2_measured_03507,read,measured,,,,,0.5244,,ok,0.3362
8.0645,418,,,0.2576,,,,,,9.1127,r2_measured_03508,read,measured,,,,,0.4001,,ok,0.3407
17.1431,663,,,0.719,,,,,,19.1708,r2_measured_03509,read,measured,,,,,0.7659,,ok,0.4566
17.1078,688,,,0.5532,,,,,,18.7355,r2_measured_03510,read,measured,,,,,0.6767,,ok,0.3146
9.9779,369,,,0.2209,,,,,,11.045,r2_measured_03511,read,measured,,,,,0.4771,,ok,0.3175
15.3775,689,,,0.7444,,,,,,17.4252,r2_measured_03512,read,measured,,,,,0.8191,,ok,0.3915
16.6786,508,,,0.6145,,,,,,18.6427,r2_measured_03513,read,measured,,,,,0.7528,,ok,0.5129
71.8932,419,13.6685,3.9608,0.4002,2.5368,1,3.9587,1,34.394,73.8182,r2_measured_03514,update,measured,30.4332,1.925,1,0.0053,0.6997,21.2886,ok,0.7257
18.2437,567,,,0.9887,,,,,,20.955,r2_measured_03515,read,measured,,,,,0.9238,,ok,0.6915
17.3859,369,,,0.48,,,,,,19.7423,r2_measured_03516,read,measured,,,,,0.9646,,ok,0.7953
21.5234,679,,,0.8147,,,,,,23.5531,r2_measured_03517,read,measured,,,,,0.7812,,ok,0.3496
15.7445,568,,,0.5386,,,,,,17.5887,r2_measured_03518,read,measured,,,,,0.8399,,ok,0.3853
14.0371,509,,,0.85,,,,,,16.7345,r2_measured_03519,read,measured,,,,,1.1565,,ok,0.5831
12.5205,368,,,0.3764,,,,,,14.0314,r2_measured_03520,read,measured,,,,,0.5842,,ok,0.469
13.7774,568,,,0.565,,,,,,15.5694,r2_measured_03521,read,measured,,,,,0.6803,,ok,0.4588
14.6329,662,,,0.6737,,,,,,16.3411,r2_measured_03522,read,measured,,,,,0.6425,,ok,0.3201
13.5817,688,,,0.6487,,,,,,15.2958,r2_measured_03523,read,measured,,,,,0.6467,,ok,0.3456
11.2727,629,,,0.4937,,,,,,12.7974,r2_measured_03524,read,measured,,,,,0.6263,,ok,0.3307
12.4128,681,,,0.5719,,,,,,14.063,r2_measured_03525,read,measured,,,,,0.6389,,ok,0.3694
13.0339,680,,,0.6296,,,,,,14.8492,r2_measured_03526,read,measured,,,,,0.7428,,ok,0.3562
8.0943,369,,,0.2412,,,,,,9.2139,r2_measured_03527,read,measured,,,,,0.4828,,ok,0.3402
18.5386,662,,,0.606,,,,,,20.3575,r2_measured_03528,read,measured,,,,,0.751,,ok,0.3787
12.0763,674,,,0.5999,,,,,,13.6402,r2_measured_03529,read,measured,,,,,0.5702,,ok,0.3194
12.0336,663,,,0.5785,,,,,,13.7155,r2_measured_03530,read,measured,,,,,0.6313,,ok,0.3373
13.4121,688,,,0.5452,,,,,,15.0773,r2_measured_03531,read,measured,,,,,0.7229,,ok,0.3261
7.552,369,,,0.212,,,,,,8.6397,r2_measured_03532,read,measured,,,,,0.4238,,ok,0.396
10.8987,681,,,0.5908,,,,,,12.5412,r2_measured_03533,read,measured,,,,,0.6259,,ok,0.3584
10.9828,509,,,0.4261,,,,,,12.5656,r2_measured_03534,read,measured,,,,,0.5873,,ok,0.4921
12.3759,689,,,0.5345,,,,,,13.882,r2_measured_03535,read,measured,,,,,0.5863,,ok,0.3193
11.7839,628,,,0.6901,,,,,,13.7731,r2_measured_03536,read,measured,,,,,0.8204,,ok,0.3889
8.9138,419,,,0.2688,,,,,,10.1441,r2_measured_03537,read,measured,,,,,0.5953,,ok,0.3117
9.8746,508,,,0.4575,,,,,,11.1731,r2_measured_03538,read,measured,,,,,0.4835,,ok,0.3063
12.8252,680,,,0.5182,,,,,,14.3961,r2_measured_03539,read,measured,,,,,0.6739,,ok,0.3063
13.2421,689,,,0.5025,,,,,,14.793,r2_measured_03540,read,measured,,,,,0.6002,,ok,0.3768
64.7944,663,13.1394,4.7232,0.7019,2.2673,0,4.7217,1,24.0486,66.5318,r2_measured_03541,update,measured,19.3254,1.7374,1,0.0069,0.5443,25.3322,ok,0.4148
13.745,674,,,0.7314,,,,,,15.9971,r2_measured_03542,read,measured,,,,,0.7423,,ok,0.6582
14.096,675,,,0.6125,,,,,,15.869,r2_measured_03543,read,measured,,,,,0.7408,,ok,0.3428
13.8979,675,,,0.6435,,,,,,15.644,r2_measured_03544,read,measured,,,,,0.6751,,ok,0.3501
10.3798,566,,,0.4824,,,,,,11.7997,r2_measured_03545,read,measured,,,,,0.5668,,ok,0.3097
10.1226,566,,,0.4405,,,,,,11.6489,r2_measured_03546,read,measured,,,,,0.6156,,ok,0.3942
14.7639,681,,,0.6992,,,,,,16.6868,r2_measured_03547,read,measured,,,,,0.745,,ok,0.3959
13.8126,687,,,0.6527,,,,,,15.7725,r2_measured_03548,read,measured,,,,,0.7644,,ok,0.4607
14.3622,681,,,0.5271,,,,,,15.881,r2_measured_03549,read,measured,,,,,0.6162,,ok,0.3045
8.419,419,,,0.2364,,,,,,9.5161,r2_measured_03550,read,measured,,,,,0.5023,,ok,0.3066
10.9478,419,,,0.3079,,,,,,12.4541,r2_measured_03551,read,measured,,,,,0.5758,,ok,0.5552
14.8476,509,,,0.7478,,,,,,17.0818,r2_measured_03552,read,measured,,,,,0.873,,ok,0.5206
19.0234,663,,,0.7942,,,,,,21.508,r2_measured_03553,read,measured,,,,,1.0101,,ok,0.5576
10.4995,418,,,0.2569,,,,,,11.6827,r2_measured_03554,read,measured,,,,,0.5552,,ok,0.3161
11.439,680,,,0.518,,,,,,12.9297,r2_measured_03555,read,measured,,,,,0.5717,,ok,0.3383
9.2503,507,,,0.979,,,,,,11.4619,r2_measured_03556,read,measured,,,,,0.6026,,ok,0.5583
13.1906,663,,,0.5322,,,,,,14.7071,r2_measured_03557,read,measured,,,,,0.6193,,ok,0.3054
64.0525,508,10.8524,4.114,0.4185,2.3735,1,4.1127,1,22.0528,65.5567,r2_measured_03558,update,measured,17.9388,1.5042,1,10.3031,0.5436,18.4707,ok,0.4839
11.165,675,,,0.4763,,,,,,12.6057,r2_measured_03559,read,measured,,,,,0.5634,,ok,0.333
9.8849,509,,,0.4992,,,,,,11.2685,r2_measured_03560,read,measured,,,,,0.4941,,ok,0.3262
10.6384,509,,,0.5523,,,,,,12.4565,r2_measured_03561,read,measured,,,,,0.7257,,ok,0.464
17.7463,661,,,0.6646,,,,,,19.7173,r2_measured_03562,read,measured,,,,,0.7959,,ok,0.4225
12.5697,509,,,0.5152,,,,,,14.1569,r2_measured_03563,read,measured,,,,,0.6286,,ok,0.3793
8.2057,419,,,0.3049,,,,,,9.356,r2_measured_03564,read,measured,,,,,0.4325,,ok,0.3551
12.7298,679,,,0.5468,,,,,,14.2841,r2_measured_03565,read,measured,,,,,0.6361,,ok,0.3008
11.3474,673,,,0.514,,,,,,12.7733,r2_measured_03566,read,measured,,,,,0.5386,,ok,0.3136
12.1378,689,,,1.5904,,,,,,14.7402,r2_measured_03567,read,measured,,,,,0.6041,,ok,0.3341
9.8055,508,,,0.4779,,,,,,11.1374,r2_measured_03568,read,measured,,,,,0.4521,,ok,0.3455
14.319,629,,,0.8427,,,,,,16.5623,r2_measured_03569,read,measured,,,,,0.8017,,ok,0.4955
15.7362,675,,,0.7753,,,,,,17.5858,r2_measured_03570,read,measured,,,,,0.6475,,ok,0.3515
9.9274,419,,,0.378,,,,,,11.3938,r2_measured_03571,read,measured,,,,,0.5877,,ok,0.434
14.9968,419,,,0.2673,,,,,,16.2526,r2_measured_03572,read,measured,,,,,0.505,,ok,0.4181
13.9208,627,,,0.5593,,,,,,15.3821,r2_measured_03573,read,measured,,,,,0.5554,,ok,0.2913
11.9143,419,,,0.3358,,,,,,13.1503,r2_measured_03574,read,measured,,,,,0.4914,,ok,0.3473
15.1071,689,,,0.7148,,,,,,17.1567,r2_measured_03575,read,measured,,,,,0.8691,,ok,0.3792
13.7425,689,,,0.6581,,,,,,15.4327,r2_measured_03576,read,measured,,,,,0.638,,ok,0.3184
12.0696,628,,,0.5036,,,,,,13.5548,r2_measured_03577,read,measured,,,,,0.5788,,ok,0.3322
11.6366,663,,,0.5792,,,,,,13.4434,r2_measured_03578,read,measured,,,,,0.7464,,ok,0.3956
12.1003,568,,,0.4428,,,,,,13.5113,r2_measured_03579,read,measured,,,,,0.5717,,ok,0.3346
13.2655,681,,,0.6637,,,,,,14.9882,r2_measured_03580,read,measured,,,,,0.6304,,ok,0.3536
11.1908,507,,,0.9869,,,,,,13.2772,r2_measured_03581,read,measured,,,,,0.6462,,ok,0.3808
13.0625,663,,,0.4901,,,,,,14.5901,r2_measured_03582,read,measured,,,,,0.6225,,ok,0.3277
14.004,675,,,0.6403,,,,,,15.7479,r2_measured_03583,read,measured,,,,,0.7029,,ok,0.3254
12.5078,688,,,0.5641,,,,,,14.0373,r2_measured_03584,read,measured,,,,,0.5895,,ok,0.3094
59.8487,627,13.8218,4.8686,0.5265,2.7106,0,4.867,1,24.5655,61.3951,r2_measured_03585,update,measured,19.6969,1.5464,1,0.0057,0.6095,18.7451,ok,0.3324
15.0557,681,,,1.0726,,,,,,17.7672,r2_measured_03586,read,measured,,,,,0.9666,,ok,0.5641
19.2715,680,,,0.7569,,,,,,21.555,r2_measured_03587,read,measured,,,,,0.9776,,ok,0.4495
11.6186,509,,,0.6883,,,,,,13.5626,r2_measured_03588,read,measured,,,,,0.708,,ok,0.4625
14.4149,688,,,0.5923,,,,,,16.0057,r2_measured_03589,read,measured,,,,,0.6162,,ok,0.3088
11.066,689,,,0.5968,,,,,,12.6629,r2_measured_03590,read,measured,,,,,0.618,,ok,0.3127
11.9618,687,,,0.5773,,,,,,13.6315,r2_measured_03591,read,measured,,,,,0.653,,ok,0.3637
11.0812,567,,,0.4452,,,,,,12.6028,r2_measured_03592,read,measured,,,,,0.6136,,ok,0.3918
12.1044,689,,,0.573,,,,,,13.7928,r2_measured_03593,read,measured,,,,,0.7081,,ok,0.3285
11.8083,680,,,0.5631,,,,,,13.4225,r2_measured_03594,read,measured,,,,,0.6441,,ok,0.3342
10.772,628,,,0.5393,,,,,,12.5757,r2_measured_03595,read,measured,,,,,0.6983,,ok,0.4751
22.7889,689,,,0.5758,,,,,,24.4802,r2_measured_03596,read,measured,,,,,0.6208,,ok,0.4115
20.1945,628,,,0.551,,,,,,21.8997,r2_measured_03597,read,measured,,,,,0.6578,,ok,0.4219
7.1415,369,,,0.2956,,,,,,8.3038,r2_measured_03598,read,measured,,,,,0.4962,,ok,0.3172
11.0559,626,,,0.6483,,,,,,12.7002,r2_measured_03599,read,measured,,,,,0.5745,,ok,0.3577
12.4184,628,,,0.7006,,,,,,14.5878,r2_measured_03600,read,measured,,,,,0.8924,,ok,0.4789
14.3585,568,,,0.9993,,,,,,16.7808,r2_measured_03601,read,measured,,,,,0.6369,,ok,0.7179
13.906,675,,,0.7475,,,,,,15.9128,r2_measured_03602,read,measured,,,,,0.7378,,ok,0.4289
14.0437,567,,,0.6097,,,,,,15.775,r2_measured_03603,read,measured,,,,,0.6522,,ok,0.3912
12.3218,681,,,0.4982,,,,,,13.8489,r2_measured_03604,read,measured,,,,,0.6465,,ok,0.3151
20.13,419,,,0.3153,,,,,,21.5565,r2_measured_03605,read,measured,,,,,0.6141,,ok,0.4282
14.1152,675,,,0.6462,,,,,,16.1027,r2_measured_03606,read,measured,,,,,0.8729,,ok,0.3833
16.1894,627,,,0.7863,,,,,,18.5835,r2_measured_03607,read,measured,,,,,0.9596,,ok,0.5507
77.4817,662,16.423,5.7364,0.6307,2.4188,1,5.7334,1,26.3157,79.3476,r2_measured_03608,update,measured,20.5793,1.8659,1,9.769,0.7218,22.5552,ok,0.4044
8.6816,369,,,0.2681,,,,,,9.7331,r2_measured_03609,read,measured,,,,,0.4145,,ok,0.3178
11.2342,628,,,0.6462,,,,,,13.0956,r2_measured_03610,read,measured,,,,,0.7524,,ok,0.3798
14.0739,680,,,0.5737,,,,,,15.7433,r2_measured_03611,read,measured,,,,,0.6637,,ok,0.3563
12.2826,662,,,0.5167,,,,,,13.7856,r2_measured_03612,read,measured,,,,,0.5988,,ok,0.3251
12.2641,680,,,0.6604,,,,,,14.0763,r2_measured_03613,read,measured,,,,,0.702,,ok,0.3697
12.2174,674,,,0.5618,,,,,,13.7245,r2_measured_03614,read,measured,,,,,0.5435,,ok,0.3345
11.1341,568,,,0.5657,,,,,,12.9568,r2_measured_03615,read,measured,,,,,0.741,,ok,0.425
15.1986,663,,,0.5198,,,,,,16.8083,r2_measured_03616,read,measured,,,,,0.652,,ok,0.3661
13.2222,680,,,0.9596,,,,,,15.7697,r2_measured_03617,read,measured,,,,,0.881,,ok,0.5822
11.597,369,,,0.3023,,,,,,13.1048,r2_measured_03618,read,measured,,,,,0.6682,,ok,0.4476
20.953,663,,,0.789,,,,,,23.5879,r2_measured_03619,read,measured,,,,,1.1346,,ok,0.5853
14.7121,675,,,0.5146,,,,,,16.1884,r2_measured_03620,read,measured,,,,,0.6049,,ok,0.2951
12.9054,680,,,0.7173,,,,,,14.9344,r2_measured_03621,read,measured,,,,,0.8199,,ok,0.3873
9.998,568,,,0.572,,,,,,11.482,r2_measured_03622,read,measured,,,,,0.544,,ok,0.3059
7.1307,368,,,0.2445,,,,,,8.245,r2_measured_03623,read,measured,,,,,0.5133,,ok,0.3074
7.8187,419,,,0.2814,,,,,,9.0487,r2_measured_03624,read,measured,,,,,0.5049,,ok,0.3695
7.9389,369,,,0.2066,,,,,,8.8966,r2_measured_03625,read,measured,,,,,0.4008,,ok,0.2972
9.31,508,,,0.4327,,,,,,10.5816,r2_measured_03626,read,measured,,,,,0.4692,,ok,0.3094
10.1528,567,,,0.4804,,,,,,11.6376,r2_measured_03627,read,measured,,,,,0.5682,,ok,0.3526
12.3374,663,,,0.5629,,,,,,14.0372,r2_measured_03628,read,measured,,,,,0.7346,,ok,0.326
14.1624,680,,,0.5908,,,,,,15.9015,r2_measured_03629,read,measured,,,,,0.7099,,ok,0.3628
11.5026,626,,,0.4755,,,,,,13.025,r2_measured_03630,read,measured,,,,,0.6343,,ok,0.3424
11.8263,680,,,0.4854,,,,,,13.276,r2_measured_03631,read,measured,,,,,0.5865,,ok,0.3155
80.7379,675,20.3845,5.275,1.1716,2.4067,0,5.2732,1,24.6516,84.1279,r2_measured_03632,update,measured,19.3766,3.39,1,9.2674,1.3589,24.0277,ok,0.7065
21.9303,675,,,1.1239,,,,,,25.4135,r2_measured_03633,read,measured,,,,,1.4148,,ok,0.7999
23.4666,680,,,0.6916,,,,,,25.4168,r2_measured_03634,read,measured,,,,,0.7677,,ok,0.4034
14.3327,629,,,2.5509,,,,,,18.1855,r2_measured_03635,read,measured,,,,,0.7893,,ok,0.4284
11.6371,419,,,0.332,,,,,,13.211,r2_measured_03636,read,measured,,,,,0.6049,,ok,0.5568
15.4072,629,,,0.6821,,,,,,17.4798,r2_measured_03637,read,measured,,,,,0.8589,,ok,0.4402
13.3463,675,,,0.5565,,,,,,14.9044,r2_measured_03638,read,measured,,,,,0.5907,,ok,0.3379
13.002,689,,,0.5756,,,,,,14.5996,r2_measured_03639,read,measured,,,,,0.6094,,ok,0.335
14.153,681,,,0.5739,,,,,,15.7248,r2_measured_03640,read,measured,,,,,0.6112,,ok,0.3166
12.8263,681,,,0.6495,,,,,,14.6885,r2_measured_03641,read,measured,,,,,0.6904,,ok,0.4375
11.4737,568,,,0.5549,,,,,,13.0516,r2_measured_03642,read,measured,,,,,0.6292,,ok,0.3224
13.3348,662,,,0.5265,,,,,,14.7847,r2_measured_03643,read,measured,,,,,0.5455,,ok,0.3165
12.235,680,,,0.5884,,,,,,13.9281,r2_measured_03644,read,measured,,,,,0.7225,,ok,0.3098
16.3278,689,,,0.5583,,,,,,17.9516,r2_measured_03645,read,measured,,,,,0.6624,,ok,0.3336
8.1923,369,,,0.2686,,,,,,9.294,r2_measured_03646,read,measured,,,,,0.4331,,ok,0.3368
13.5504,688,,,0.5906,,,,,,15.1274,r2_measured_03647,read,measured,,,,,0.6008,,ok,0.3144
11.6861,689,,,0.5137,,,,,,13.1798,r2_measured_03648,read,measured,,,,,0.5929,,ok,0.3185
12.0257,505,,,0.5012,,,,,,13.6631,r2_measured_03649,read,measured,,,,,0.7076,,ok,0.3575
11.4444,628,,,0.556,,,,,,13.03,r2_measured_03650,read,measured,,,,,0.5972,,ok,0.3677
15.4036,662,,,0.9467,,,,,,17.5572,r2_measured_03651,read,measured,,,,,0.7227,,ok,0.3999
12.2237,568,,,0.5469,,,,,,13.8714,r2_measured_03652,read,measured,,,,,0.6396,,ok,0.3972
9.1116,419,,,0.3508,,,,,,10.4995,r2_measured_03653,read,measured,,,,,0.5455,,ok,0.428
12.9679,567,,,0.5927,,,,,,14.645,r2_measured_03654,read,measured,,,,,0.6775,,ok,0.332
12.1937,681,,,0.5594,,,,,,13.7634,r2_measured_03655,read,measured,,,,,0.6,,ok,0.3401
8.3638,419,,,0.3317,,,,,,9.7358,r2_measured_03656,read,measured,,,,,0.576,,ok,0.3911
10.9693,568,,,0.5375,,,,,,12.5649,r2_measured_03657,read,measured,,,,,0.5814,,ok,0.3929
15.2274,662,,,0.7161,,,,,,17.4783,r2_measured_03658,read,measured,,,,,0.9149,,ok,0.5206
15.5733,629,,,0.7622,,,,,,17.9066,r2_measured_03659,read,measured,,,,,0.996,,ok,0.4823
14.1898,663,,,0.6262,,,,,,15.8719,r2_measured_03660,read,measured,,,,,0.6241,,ok,0.3524
14.2687,663,,,0.5287,,,,,,15.7505,r2_measured_03661,read,measured,,,,,0.578,,ok,0.3066
12.4771,675,,,0.4729,,,,,,13.9498,r2_measured_03662,read,measured,,,,,0.6064,,ok,0.3201
11.8631,663,,,0.5574,,,,,,13.5729,r2_measured_03663,read,measured,,,,,0.7153,,ok,0.3626
11.5845,663,,,0.533,,,,,,13.0515,r2_measured_03664,read,measured,,,,,0.5554,,ok,0.3173
12.0388,689,,,0.5761,,,,,,13.6829,r2_measured_03665,read,measured,,,,,0.6633,,ok,0.3259
14.2468,680,,,0.4808,,,,,,15.7361,r2_measured_03666,read,measured,,,,,0.5938,,ok,0.3455
9.6008,418,,,0.2397,,,,,,10.6537,r2_measured_03667,read,measured,,,,,0.45,,ok,0.3073
17.9817,629,,,0.729,,,,,,20.0177,r2_measured_03668,read,measured,,,,,0.7796,,ok,0.4389
13.0716,509,,,0.5096,,,,,,14.733,r2_measured_03669,read,measured,,,,,0.6713,,ok,0.4061
14.6747,680,,,0.5514,,,,,,16.3181,r2_measured_03670,read,measured,,,,,0.6578,,ok,0.3505
12.7133,675,,,0.5561,,,,,,14.363,r2_measured_03671,read,measured,,,,,0.6562,,ok,0.358
13.5296,679,,,0.6274,,,,,,15.2225,r2_measured_03672,read,measured,,,,,0.6393,,ok,0.3499
10.5786,369,,,0.2326,,,,,,11.6909,r2_measured_03673,read,measured,,,,,0.5038,,ok,0.3239
15.3526,680,,,0.5696,,,,,,17.1102,r2_measured_03674,read,measured,,,,,0.6394,,ok,0.4623
10.6049,419,,,0.2545,,,,,,11.8984,r2_measured_03675,read,measured,,,,,0.5159,,ok,0.4305
58.1383,673,13.6228,2.483,0.5662,2.3724,1,2.4806,1,20.7367,59.7943,r2_measured_03676,update,measured,18.2537,1.656,1,0.0058,0.6609,21.4006,ok,0.3485
11.5399,627,,,0.6585,,,,,,13.2863,r2_measured_03677,read,measured,,,,,0.6169,,ok,0.3976
10.5909,628,,,0.7232,,,,,,12.8376,r2_measured_03678,read,measured,,,,,0.9287,,ok,0.4915
15.2086,675,,,0.6027,,,,,,17.0038,r2_measured_03679,read,measured,,,,,0.7501,,ok,0.3684
11.8791,681,,,0.6353,,,,,,13.6,r2_measured_03680,read,measured,,,,,0.6666,,ok,0.3376
8.2417,419,,,0.3426,,,,,,9.4487,r2_measured_03681,read,measured,,,,,0.4683,,ok,0.3333
8.0007,419,,,0.3448,,,,,,9.5412,r2_measured_03682,read,measured,,,,,0.6669,,ok,0.4576
15.6834,689,,,0.6415,,,,,,17.65,r2_measured_03683,read,measured,,,,,0.7924,,ok,0.4358
11.1047,509,,,0.5258,,,,,,12.7535,r2_measured_03684,read,measured,,,,,0.6367,,ok,0.411
9.581,419,,,0.3258,,,,,,10.9598,r2_measured_03685,read,measured,,,,,0.5577,,ok,0.4228
9.5231,417,,,0.3499,,,,,,10.8062,r2_measured_03686,read,measured,,,,,0.5196,,ok,0.3469
12.2168,681,,,0.5834,,,,,,13.8692,r2_measured_03687,read,measured,,,,,0.6239,,ok,0.3705
12.6943,675,,,0.5988,,,,,,14.4302,r2_measured_03688,read,measured,,,,,0.6776,,ok,0.3726
11.2312,507,,,0.6266,,,,,,12.9386,r2_measured_03689,read,measured,,,,,0.6598,,ok,0.3541
70.5212,688,13.0047,3.4894,0.5513,2.3815,1,3.4876,1,24.1493,72.0672,r2_measured_03690,update,measured,20.6599,1.546,1,10.1871,0.615,20.7986,ok,0.3113
9.7663,567,,,0.4982,,,,,,11.2836,r2_measured_03691,read,measured,,,,,0.542,,ok,0.4068
12.8997,567,,,0.5787,,,,,,14.5756,r2_measured_03692,read,measured,,,,,0.6323,,ok,0.3806
13.2122,675,,,0.6024,,,,,,14.8141,r2_measured_03693,read,measured,,,,,0.5796,,ok,0.3483
12.9012,663,,,0.6059,,,,,,14.6428,r2_measured_03694,read,measured,,,,,0.7017,,ok,0.3542
12.2425,680,,,0.5431,,,,,,13.8264,r2_measured_03695,read,measured,,,,,0.6325,,ok,0.3381
11.026,568,,,0.5177,,,,,,12.8307,r2_measured_03696,read,measured,,,,,0.8504,,ok,0.3437
11.2177,628,,,0.5859,,,,,,12.8086,r2_measured_03697,read,measured,,,,,0.5588,,ok,0.3695
12.6462,662,,,0.5495,,,,,,14.194,r2_measured_03698,read,measured,,,,,0.6138,,ok,0.3208
12.9551,681,,,0.5707,,,,,,14.6728,r2_measured_03699,read,measured,,,,,0.7123,,ok,0.3517
81.274,663,15.2161,5.3079,0.5559,2.2839,1,5.3061,1,26.9514,82.789,r2_measured_03700,update,measured,21.6435,1.515,1,12.6957,0.5617,24.1269,ok,0.3308
18.6337,688,,,0.5699,,,,,,20.227,r2_measured_03701,read,measured,,,,,0.6096,,ok,0.3381
15.2115,680,,,0.7653,,,,,,17.2278,r2_measured_03702,read,measured,,,,,0.7818,,ok,0.3914
17.1225,680,,,0.7472,,,,,,19.1097,r2_measured_03703,read,measured,,,,,0.7654,,ok,0.3884
13.6779,675,,,0.6908,,,,,,15.5216,r2_measured_03704,read,measured,,,,,0.7217,,ok,0.3468
78.4265,628,12.7126,8.2228,0.6965,2.2921,1,8.2208,1,31.1424,80.1785,r2_measured_03705,update,measured,22.9196,1.752,1,12.1014,0.6282,20.178,ok,0.3505
12.2969,680,,,0.5333,,,,,,13.761,r2_measured_03706,read,measured,,,,,0.5516,,ok,0.3169
13.3776,681,,,0.9115,,,,,,15.5112,r2_measured_03707,read,measured,,,,,0.7261,,ok,0.4114
13.8872,662,,,0.554,,,,,,15.5639,r2_measured_03708,read,measured,,,,,0.7034,,ok,0.3508
7.4474,368,,,0.2283,,,,,,8.5604,r2_measured_03709,read,measured,,,,,0.488,,ok,0.316
11.9377,679,,,0.5673,,,,,,13.4761,r2_measured_03710,read,measured,,,,,0.5909,,ok,0.3103
20.0649,663,,,0.5414,,,,,,21.7387,r2_measured_03711,read,measured,,,,,0.7106,,ok,0.3421
16.6315,681,,,0.5225,,,,,,18.1434,r2_measured_03712,read,measured,,,,,0.6055,,ok,0.318
12.4562,679,,,0.6465,,,,,,14.4935,r2_measured_03713,read,measured,,,,,0.8974,,ok,0.4078
10.5521,419,,,0.2595,,,,,,11.6864,r2_measured_03714,read,measured,,,,,0.5005,,ok,0.3175
8.335,419,,,0.2614,,,,,,9.5149,r2_measured_03715,read,measured,,,,,0.5012,,ok,0.3583
15.61,680,,,0.6474,,,,,,17.3557,r2_measured_03716,read,measured,,,,,0.6586,,ok,0.3625
15.0067,679,,,0.5835,,,,,,16.579,r2_measured_03717,read,measured,,,,,0.5954,,ok,0.3232
11.8232,663,,,0.712,,,,,,14.0052,r2_measured_03718,read,measured,,,,,0.9786,,ok,0.4045
10.7995,508,,,0.56,,,,,,12.2557,r2_measured_03719,read,measured,,,,,0.5461,,ok,0.2962
9.1508,509,,,0.5409,,,,,,10.5903,r2_measured_03720,read,measured,,,,,0.5242,,ok,0.3211
11.6658,629,,,0.5156,,,,,,13.1918,r2_measured_03721,read,measured,,,,,0.6089,,ok,0.3305
11.5462,663,,,0.4711,,,,,,13.0738,r2_measured_03722,read,measured,,,,,0.66,,ok,0.3303
7.3708,369,,,0.2395,,,,,,8.6159,r2_measured_03723,read,measured,,,,,0.4792,,ok,0.4661
19.6382,681,,,1.0601,,,,,,22.863,r2_measured_03724,read,measured,,,,,1.32,,ok,0.7064
18.6585,509,,,1.0027,,,,,,21.2395,r2_measured_03725,read,measured,,,,,0.963,,ok,0.5116
19.9955,689,,,0.7007,,,,,,22.1253,r2_measured_03726,read,measured,,,,,0.8884,,ok,0.4466
16.6708,681,,,0.8897,,,,,,19.2689,r2_measured_03727,read,measured,,,,,1.0789,,ok,0.5149
23.1216,509,,,1.0178,,,,,,26.3632,r2_measured_03728,read,measured,,,,,1.2927,,ok,0.8007
20.2936,509,,,0.6761,,,,,,22.6036,r2_measured_03729,read,measured,,,,,0.9569,,ok,0.5857
13.7774,679,,,0.5803,,,,,,15.4571,r2_measured_03730,read,measured,,,,,0.6983,,ok,0.3217
8.1923,419,,,0.2441,,,,,,9.2411,r2_measured_03731,read,measured,,,,,0.4572,,ok,0.2953
10.6702,629,,,0.6544,,,,,,12.3931,r2_measured_03732,read,measured,,,,,0.6161,,ok,0.3756
12.6046,681,,,0.6009,,,,,,14.1735,r2_measured_03733,read,measured,,,,,0.5661,,ok,0.3291
7.98,418,,,0.2293,,,,,,9.0669,r2_measured_03734,read,measured,,,,,0.5032,,ok,0.303
12.3895,681,,,0.5984,,,,,,14.1039,r2_measured_03735,read,measured,,,,,0.7227,,ok,0.3197
12.1328,680,,,0.7175,,,,,,13.8869,r2_measured_03736,read,measured,,,,,0.5863,,ok,0.3751
13.9493,681,,,0.746,,,,,,15.9468,r2_measured_03737,read,measured,,,,,0.7559,,ok,0.4053
13.4565,628,,,0.5439,,,,,,14.9906,r2_measured_03738,read,measured,,,,,0.6307,,ok,0.293
11.6456,663,,,0.4971,,,,,,13.109,r2_measured_03739,read,measured,,,,,0.582,,ok,0.3212
7.3037,369,,,0.2196,,,,,,8.3693,r2_measured_03740,read,measured,,,,,0.4991,,ok,0.2841
11.1389,628,,,0.8807,,,,,,13.6397,r2_measured_03741,read,measured,,,,,0.5443,,ok,0.9919
11.5098,681,,,0.5212,,,,,,12.988,r2_measured_03742,read,measured,,,,,0.5976,,ok,0.2949
7.624,419,,,0.2602,,,,,,8.8185,r2_measured_03743,read,measured,,,,,0.5448,,ok,0.3166
75.1361,689,19.4336,4.6448,0.8782,3.7372,1,4.6427,1,22.2018,77.5957,r2_measured_03744,update,measured,17.557,2.4596,1,0.0047,0.9092,29.7588,ok,0.5608
24.9817,681,,,0.8982,,,,,,28.1811,r2_measured_03745,read,measured,,,,,1.5629,,ok,0.6118
17.2289,509,,,0.8046,,,,,,19.9064,r2_measured_03746,read,measured,,,,,0.9727,,ok,0.7784
24.0671,675,,,1.0526,,,,,,27.1942,r2_measured_03747,read,measured,,,,,1.2282,,ok,0.7125
26.6201,628,,,1.2844,,,,,,30.4011,r2_measured_03748,read,measured,,,,,1.4573,,ok,0.8803
18.2738,419,,,0.3309,,,,,,19.9449,r2_measured_03749,read,measured,,,,,0.6669,,ok,0.5762
14.3398,680,,,0.584,,,,,,16.0906,r2_measured_03750,read,measured,,,,,0.6943,,ok,0.3953
13.1883,679,,,0.5671,,,,,,14.7691,r2_measured_03751,read,measured,,,,,0.6212,,ok,0.3207
12.7993,681,,,0.6635,,,,,,14.7061,r2_measured_03752,read,measured,,,,,0.6904,,ok,0.4578
18.2584,680,,,0.8624,,,,,,20.6814,r2_measured_03753,read,measured,,,,,0.9257,,ok,0.523
18.2149,681,,,0.6852,,,,,,20.2147,r2_measured_03754,read,measured,,,,,0.8272,,ok,0.4036
16.8561,688,,,0.6007,,,,,,18.6864,r2_measured_03755,read,measured,,,,,0.7512,,ok,0.3936
18.4691,673,,,0.8128,,,,,,20.8988,r2_measured_03756,read,measured,,,,,0.9747,,ok,0.5331
14.1729,568,,,0.5343,,,,,,15.9172,r2_measured_03757,read,measured,,,,,0.7315,,ok,0.3772
15.0366,680,,,0.5544,,,,,,16.6589,r2_measured_03758,read,measured,,,,,0.6863,,ok,0.3117
12.1983,681,,,0.55,,,,,,13.6833,r2_measured_03759,read,measured,,,,,0.5695,,ok,0.3061
7.6553,419,,,0.222,,,,,,8.7377,r2_measured_03760,read,measured,,,,,0.5159,,ok,0.2969
16.8673,567,,,0.5972,,,,,,18.608,r2_measured_03761,read,measured,,,,,0.6967,,ok,0.3673
14.8555,568,,,0.5648,,,,,,16.3649,r2_measured_03762,read,measured,,,,,0.5668,,ok,0.3164
9.2983,509,,,0.5153,,,,,,10.8033,r2_measured_03763,read,measured,,,,,0.569,,ok,0.3481
11.7732,679,,,0.5853,,,,,,13.4951,r2_measured_03764,read,measured,,,,,0.6532,,ok,0.4056
13.4873,680,,,0.5854,,,,,,15.2164,r2_measured_03765,read,measured,,,,,0.6432,,ok,0.3468
57.0594,680,13.6121,4.8609,0.489,2.2077,1,4.8562,1,22.1068,58.5286,r2_measured_03766,update,measured,17.2459,1.4692,1,0.0053,0.6109,19.1275,ok,0.3029
70.9908,506,10.7935,3.4452,0.4367,1.715,1,3.4434,1,18.3773,72.2831,r2_measured_03767,update,measured,14.9321,1.2923,1,24.495,0.4977,15.61,ok,0.3053
60.5014,507,10.6555,6.8481,0.5305,1.9643,1,6.8468,1,21.5985,62.0206,r2_measured_03768,update,measured,14.7504,1.5192,1,8.8735,0.5442,17.4096,ok,0.3486
12.3669,680,,,0.6906,,,,,,14.1882,r2_measured_03769,read,measured,,,,,0.6596,,ok,0.3851
11.1279,509,,,0.4341,,,,,,12.5315,r2_measured_03770,read,measured,,,,,0.575,,ok,0.3306
14.539,680,,,0.593,,,,,,16.3907,r2_measured_03771,read,measured,,,,,0.6734,,ok,0.4851
15.221,663,,,0.5811,,,,,,16.8918,r2_measured_03772,read,measured,,,,,0.6425,,ok,0.3666
12.1583,663,,,0.5799,,,,,,13.836,r2_measured_03773,read,measured,,,,,0.6787,,ok,0.338
10.3573,568,,,0.4715,,,,,,11.7922,r2_measured_03774,read,measured,,,,,0.5941,,ok,0.3067
9.5706,566,,,0.4481,,,,,,10.8901,r2_measured_03775,read,measured,,,,,0.5147,,ok,0.3047
12.8763,680,,,0.6849,,,,,,14.7327,r2_measured_03776,read,measured,,,,,0.7173,,ok,0.3548
12.3067,681,,,0.5295,,,,,,13.8732,r2_measured_03777,read,measured,,,,,0.6507,,ok,0.3155
13.9461,680,,,0.5441,,,,,,15.6288,r2_measured_03778,read,measured,,,,,0.7182,,ok,0.3479
14.516,675,,,0.5314,,,,,,16.298,r2_measured_03779,read,measured,,,,,0.7705,,ok,0.4042
12.5289,681,,,0.485,,,,,,13.9483,r2_measured_03780,read,measured,,,,,0.5389,,ok,0.3292
12.3604,680,,,0.5886,,,,,,14.1348,r2_measured_03781,read,measured,,,,,0.7758,,ok,0.3299
67.5721,568,12.9457,5.8501,0.5773,2.996,0,5.8484,1,20.4381,69.2741,r2_measured_03782,update,measured,14.588,1.702,1,10.1473,0.6207,21.045,ok,0.4253
14.5977,681,,,0.5485,,,,,,16.1304,r2_measured_03783,read,measured,,,,,0.625,,ok,0.3007
11.89,680,,,2.6823,,,,,,15.6757,r2_measured_03784,read,measured,,,,,0.6052,,ok,0.4112
10.4077,509,,,0.4822,,,,,,11.8094,r2_measured_03785,read,measured,,,,,0.5264,,ok,0.3324
12.5798,663,,,0.564,,,,,,14.2519,r2_measured_03786,read,measured,,,,,0.6353,,ok,0.3927
13.1358,681,,,0.6782,,,,,,15.0208,r2_measured_03787,read,measured,,,,,0.7292,,ok,0.396
13.5337,628,,,0.6158,,,,,,15.1682,r2_measured_03788,read,measured,,,,,0.6057,,ok,0.3363
12.6993,680,,,0.5447,,,,,,14.2462,r2_measured_03789,read,measured,,,,,0.6004,,ok,0.3266
12.6372,680,,,0.7675,,,,,,14.7827,r2_measured_03790,read,measured,,,,,0.8894,,ok,0.3888
10.7817,508,,,0.4412,,,,,,12.1776,r2_measured_03791,read,measured,,,,,0.5382,,ok,0.3455
7.4513,368,,,0.3266,,,,,,8.6164,r2_measured_03792,read,measured,,,,,0.4917,,ok,0.2966
12.1072,680,,,0.5938,,,,,,13.7465,r2_measured_03793,read,measured,,,,,0.6441,,ok,0.3299
12.5751,680,,,0.594,,,,,,14.2695,r2_measured_03794,read,measured,,,,,0.6706,,ok,0.3477
8.5093,419,,,0.3046,,,,,,9.6317,r2_measured_03795,read,measured,,,,,0.427,,ok,0.3365
11.9153,689,,,0.7554,,,,,,14.009,r2_measured_03796,read,measured,,,,,0.6759,,ok,0.5794
9.9664,419,,,0.2398,,,,,,11.0706,r2_measured_03797,read,measured,,,,,0.4689,,ok,0.3397
12.1755,680,,,0.5334,,,,,,13.6571,r2_measured_03798,read,measured,,,,,0.5887,,ok,0.2993
10.5026,568,,,0.6147,,,,,,12.2339,r2_measured_03799,read,measured,,,,,0.6428,,ok,0.3965
13.3093,680,,,0.4888,,,,,,14.7126,r2_measured_03800,read,measured,,,,,0.5401,,ok,0.3113
9.2178,509,,,0.556,,,,,,10.7674,r2_measured_03801,read,measured,,,,,0.603,,ok,0.3266
12.0005,679,,,0.5384,,,,,,13.5652,r2_measured_03802,read,measured,,,,,0.6219,,ok,0.3298
10.7441,508,,,0.4165,,,,,,12.1067,r2_measured_03803,read,measured,,,,,0.5546,,ok,0.3327
12.5297,689,,,0.5102,,,,,,14.075,r2_measured_03804,read,measured,,,,,0.6209,,ok,0.332
10.3792,568,,,0.5004,,,,,,11.9512,r2_measured_03805,read,measured,,,,,0.5652,,ok,0.4378
11.4024,567,,,0.4864,,,,,,12.7701,r2_measured_03806,read,measured,,,,,0.4958,,ok,0.3196
9.2129,509,,,0.4579,,,,,,10.6548,r2_measured_03807,read,measured,,,,,0.6155,,ok,0.3052
12.5819,675,,,0.6711,,,,,,14.5395,r2_measured_03808,read,measured,,,,,0.7219,,ok,0.4908
12.4787,687,,,0.734,,,,,,14.4147,r2_measured_03809,read,measured,,,,,0.7365,,ok,0.3758
10.0853,568,,,0.4122,,,,,,11.4351,r2_measured_03810,read,measured,,,,,0.5556,,ok,0.3238
12.1958,689,,,0.5899,,,,,,13.7196,r2_measured_03811,read,measured,,,,,0.5674,,ok,0.3053
7.2429,369,,,0.2682,,,,,,8.2862,r2_measured_03812,read,measured,,,,,0.3682,,ok,0.3417
12.345,689,,,0.5969,,,,,,14.1554,r2_measured_03813,read,measured,,,,,0.7081,,ok,0.4229
15.4886,680,,,0.8507,,,,,,17.4207,r2_measured_03814,read,measured,,,,,0.6429,,ok,0.3536
12.5415,680,,,0.7629,,,,,,14.7535,r2_measured_03815,read,measured,,,,,0.8662,,ok,0.4687
14.3743,674,,,0.5723,,,,,,16.1412,r2_measured_03816,read,measured,,,,,0.7274,,ok,0.3783
12.4818,628,,,0.5911,,,,,,14.2347,r2_measured_03817,read,measured,,,,,0.7161,,ok,0.3669
13.167,689,,,0.9493,,,,,,15.1463,r2_measured_03818,read,measured,,,,,0.5828,,ok,0.3748
12.6344,681,,,0.7609,,,,,,16.0943,r2_measured_03819,read,measured,,,,,2.2312,,ok,0.3795
12.1514,626,,,0.4923,,,,,,13.7012,r2_measured_03820,read,measured,,,,,0.6764,,ok,0.3129
12.2559,689,,,0.5621,,,,,,13.8775,r2_measured_03821,read,measured,,,,,0.6338,,ok,0.3455
14.7838,681,,,0.823,,,,,,17.1407,r2_measured_03822,read,measured,,,,,0.9232,,ok,0.5146
61.8849,567,11.8737,7.1915,0.5623,1.951,1,7.1896,1,27.7141,63.3516,r2_measured_03823,update,measured,20.5226,1.4667,1,0.005,0.5094,20.3411,ok,0.3407
9.0623,509,,,0.5125,,,,,,10.4169,r2_measured_03824,read,measured,,,,,0.4433,,ok,0.3344
73.551,675,13.074,4.4021,0.5033,2.481,0,4.4002,1,23.0739,75.0232,r2_measured_03825,update,measured,18.6718,1.4722,1,12.4997,0.5682,22.4224,ok,0.325
12.5969,663,,,0.5986,,,,,,14.3876,r2_measured_03826,read,measured,,,,,0.7455,,ok,0.3758
9.8985,509,,,0.5488,,,,,,11.4221,r2_measured_03827,read,measured,,,,,0.5208,,ok,0.3938
10.4126,566,,,0.471,,,,,,13.8034,r2_measured_03828,read,measured,,,,,2.5186,,ok,0.3337
8.9054,419,,,0.2369,,,,,,9.9348,r2_measured_03829,read,measured,,,,,0.4452,,ok,0.2946
13.2775,680,,,0.6254,,,,,,15.0116,r2_measured_03830,read,measured,,,,,0.6838,,ok,0.3441
9.4582,419,,,0.2402,,,,,,10.5219,r2_measured_03831,read,measured,,,,,0.4649,,ok,0.3081
9.8002,418,,,0.2423,,,,,,10.9402,r2_measured_03832,read,measured,,,,,0.5279,,ok,0.3119
12.053,679,,,0.539,,,,,,13.6171,r2_measured_03833,read,measured,,,,,0.6183,,ok,0.3324
13.0393,681,,,0.5391,,,,,,14.5739,r2_measured_03834,read,measured,,,,,0.6031,,ok,0.3161
13.3783,680,,,0.7044,,,,,,15.3729,r2_measured_03835,read,measured,,,,,0.7863,,ok,0.4044
14.0019,663,,,0.5581,,,,,,15.5228,r2_measured_03836,read,measured,,,,,0.5721,,ok,0.3254
14.8515,675,,,0.6325,,,,,,16.6874,r2_measured_03837,read,measured,,,,,0.7263,,ok,0.3841
13.7917,628,,,0.61,,,,,,15.4616,r2_measured_03838,read,measured,,,,,0.6273,,ok,0.3564
11.9963,680,,,0.5932,,,,,,13.7525,r2_measured_03839,read,measured,,,,,0.7286,,ok,0.3585
11.2918,629,,,0.5507,,,,,,13.0185,r2_measured_03840,read,measured,,,,,0.704,,ok,0.3972
10.5122,626,,,0.5636,,,,,,12.0463,r2_measured_03841,read,measured,,,,,0.5843,,ok,0.3181
10.8185,663,,,0.5987,,,,,,12.5112,r2_measured_03842,read,measured,,,,,0.6486,,ok,0.366
16.916,681,,,0.5422,,,,,,18.6062,r2_measured_03843,read,measured,,,,,0.7434,,ok,0.3344
11.4073,679,,,0.6308,,,,,,13.1137,r2_measured_03844,read,measured,,,,,0.6888,,ok,0.3152
10.4731,567,,,0.5224,,,,,,12.0034,r2_measured_03845,read,measured,,,,,0.6119,,ok,0.3324
11.7225,689,,,0.5971,,,,,,13.4573,r2_measured_03846,read,measured,,,,,0.7097,,ok,0.3564
9.6469,509,,,0.5218,,,,,,11.2874,r2_measured_03847,read,measured,,,,,0.6439,,ok,0.402
12.2281,689,,,0.6008,,,,,,13.91,r2_measured_03848,read,measured,,,,,0.6663,,ok,0.3436
7.6716,419,,,0.2517,,,,,,8.6638,r2_measured_03849,read,measured,,,,,0.3986,,ok,0.2955
10.4246,508,,,0.5015,,,,,,12.0224,r2_measured_03850,read,measured,,,,,0.6362,,ok,0.3543
12.1264,629,,,0.5829,,,,,,13.7865,r2_measured_03851,read,measured,,,,,0.6407,,ok,0.3682
8.5191,419,,,0.2401,,,,,,9.6236,r2_measured_03852,read,measured,,,,,0.5176,,ok,0.2998
10.4103,567,,,0.5087,,,,,,11.866,r2_measured_03853,read,measured,,,,,0.5708,,ok,0.3083
10.2643,509,,,0.4798,,,,,,11.6334,r2_measured_03854,read,measured,,,,,0.5144,,ok,0.3166
11.429,680,,,0.6402,,,,,,13.1139,r2_measured_03855,read,measured,,,,,0.6084,,ok,0.3678
12.0143,681,,,0.5253,,,,,,13.6369,r2_measured_03856,read,measured,,,,,0.6827,,ok,0.3379
66.1504,509,10.8373,5.2297,0.4227,1.8276,0,5.2281,1,24.3596,67.6497,r2_measured_03857,update,measured,19.1299,1.4993,1,10.6494,0.594,18.4765,ok,0.4207
12.8236,689,,,0.5464,,,,,,14.5217,r2_measured_03858,read,measured,,,,,0.6944,,ok,0.3814
13.0329,680,,,0.5728,,,,,,14.6731,r2_measured_03859,read,measured,,,,,0.6523,,ok,0.3363
12.6075,663,,,0.5535,,,,,,14.3051,r2_measured_03860,read,measured,,,,,0.6159,,ok,0.4462
11.5871,507,,,0.7031,,,,,,13.5259,r2_measured_03861,read,measured,,,,,0.7447,,ok,0.4074
11.7571,628,,,0.6046,,,,,,13.4123,r2_measured_03862,read,measured,,,,,0.6166,,ok,0.3599
13.5116,680,,,0.534,,,,,,15.0133,r2_measured_03863,read,measured,,,,,0.5696,,ok,0.3336
13.6827,680,,,0.6606,,,,,,15.4711,r2_measured_03864,read,measured,,,,,0.6979,,ok,0.3454
12.6413,680,,,0.5732,,,,,,14.2224,r2_measured_03865,read,measured,,,,,0.5861,,ok,0.3514
72.9042,628,15.1358,4.8299,0.6424,2.3839,1,4.828,1,25.1958,74.9803,r2_measured_03866,update,measured,20.3659,2.0761,1,10.8109,0.9258,19.3778,ok,0.4114
11.3014,567,,,0.5199,,,,,,12.8925,r2_measured_03867,read,measured,,,,,0.6087,,ok,0.3958
11.4606,509,,,0.5014,,,,,,12.9691,r2_measured_03868,read,measured,,,,,0.5538,,ok,0.3882
9.1377,418,,,0.2597,,,,,,10.3566,r2_measured_03869,read,measured,,,,,0.5679,,ok,0.3305
12.2292,689,,,0.4919,,,,,,13.6907,r2_measured_03870,read,measured,,,,,0.588,,ok,0.314
12.1446,680,,,0.5477,,,,,,13.7321,r2_measured_03871,read,measured,,,,,0.613,,ok,0.3367
12.3318,566,,,0.4556,,,,,,13.6913,r2_measured_03872,read,measured,,,,,0.5264,,ok,0.3128
10.1237,568,,,0.5202,,,,,,11.5763,r2_measured_03873,read,measured,,,,,0.5576,,ok,0.3142
9.6505,509,,,0.6207,,,,,,11.5124,r2_measured_03874,read,measured,,,,,0.8518,,ok,0.3198
11.4824,628,,,0.4725,,,,,,12.9505,r2_measured_03875,read,measured,,,,,0.578,,ok,0.3482
7.82,419,,,0.2709,,,,,,9.0067,r2_measured_03876,read,measured,,,,,0.4929,,ok,0.3643
7.6065,369,,,0.271,,,,,,9.0376,r2_measured_03877,read,measured,,,,,0.6181,,ok,0.4728
17.4409,679,,,0.5749,,,,,,19.0604,r2_measured_03878,read,measured,,,,,0.6347,,ok,0.3366
19.3556,680,,,0.6168,,,,,,21.3516,r2_measured_03879,read,measured,,,,,0.8817,,ok,0.4123
14.0272,663,,,0.5671,,,,,,15.7717,r2_measured_03880,read,measured,,,,,0.708,,ok,0.3897
11.4108,509,,,0.6755,,,,,,13.4802,r2_measured_03881,read,measured,,,,,0.7601,,ok,0.5401
13.2339,628,,,0.465,,,,,,14.7276,r2_measured_03882,read,measured,,,,,0.6202,,ok,0.3479
11.8028,674,,,0.6187,,,,,,13.5905,r2_measured_03883,read,measured,,,,,0.7543,,ok,0.34
12.2837,663,,,0.4994,,,,,,13.7813,r2_measured_03884,read,measured,,,,,0.5994,,ok,0.3317
12.6677,680,,,0.5387,,,,,,14.3966,r2_measured_03885,read,measured,,,,,0.641,,ok,0.4542
7.5565,369,,,0.2224,,,,,,8.6523,r2_measured_03886,read,measured,,,,,0.5064,,ok,0.3079
11.5701,679,,,0.6297,,,,,,13.1023,r2_measured_03887,read,measured,,,,,0.5348,,ok,0.3027
19.9406,675,,,0.6058,,,,,,21.8122,r2_measured_03888,read,measured,,,,,0.7763,,ok,0.4016
16.8664,689,,,0.6613,,,,,,18.7924,r2_measured_03889,read,measured,,,,,0.8269,,ok,0.366
76.0897,680,17.1531,6.959,0.7849,2.561,0,6.9574,1,34.5388,78.1987,r2_measured_03890,update,measured,27.5798,2.109,1,0.0051,0.8071,21.8317,ok,0.4206
13.2179,680,,,0.542,,,,,,14.7582,r2_measured_03891,read,measured,,,,,0.608,,ok,0.3204
112.9813,663,14.1396,4.3928,0.7028,2.5187,1,4.3912,1,40.5495,114.708,r2_measured_03892,update,measured,36.1567,1.7267,1,32.6187,0.5997,23.1548,ok,0.3556
13.4344,681,,,0.6502,,,,,,15.0956,r2_measured_03893,read,measured,,,,,0.5986,,ok,0.3306
11.6827,663,,,0.5575,,,,,,13.2019,r2_measured_03894,read,measured,,,,,0.5945,,ok,0.3053
13.3196,680,,,0.6364,,,,,,14.9323,r2_measured_03895,read,measured,,,,,0.5978,,ok,0.3028
14.2585,680,,,0.6204,,,,,,16.0226,r2_measured_03896,read,measured,,,,,0.6913,,ok,0.3778
9.8666,419,,,0.3144,,,,,,11.1642,r2_measured_03897,read,measured,,,,,0.5713,,ok,0.3439
13.7441,681,,,0.5618,,,,,,15.3304,r2_measured_03898,read,measured,,,,,0.6052,,ok,0.3404
12.0249,628,,,0.5907,,,,,,13.6463,r2_measured_03899,read,measured,,,,,0.574,,ok,0.3828
14.379,663,,,0.5835,,,,,,16.0693,r2_measured_03900,read,measured,,,,,0.6621,,ok,0.3643
11.8159,628,,,0.5205,,,,,,13.3885,r2_measured_03901,read,measured,,,,,0.6484,,ok,0.3312
9.1844,369,,,0.2175,,,,,,10.2707,r2_measured_03902,read,measured,,,,,0.4762,,ok,0.3204
13.4231,629,,,0.5676,,,,,,15.0507,r2_measured_03903,read,measured,,,,,0.6642,,ok,0.3339
12.2811,681,,,0.6286,,,,,,14.214,r2_measured_03904,read,measured,,,,,0.8113,,ok,0.401
10.0082,509,,,0.4388,,,,,,11.4458,r2_measured_03905,read,measured,,,,,0.597,,ok,0.3349
13.3197,663,,,0.5315,,,,,,14.9854,r2_measured_03906,read,measured,,,,,0.6922,,ok,0.3575
12.6352,663,,,0.5651,,,,,,14.2777,r2_measured_03907,read,measured,,,,,0.6929,,ok,0.3122
8.385,417,,,0.2292,,,,,,9.4227,r2_measured_03908,read,measured,,,,,0.4638,,ok,0.296
12.9585,568,,,0.7315,,,,,,15.0651,r2_measured_03909,read,measured,,,,,0.8351,,ok,0.4437
13.0681,675,,,0.5958,,,,,,14.6818,r2_measured_03910,read,measured,,,,,0.601,,ok,0.3423
11.4776,663,,,0.4669,,,,,,12.9356,r2_measured_03911,read,measured,,,,,0.5987,,ok,0.317
12.5054,688,,,0.5827,,,,,,14.1543,r2_measured_03912,read,measured,,,,,0.62,,ok,0.3697
11.8126,680,,,0.4866,,,,,,13.3063,r2_measured_03913,read,measured,,,,,0.6313,,ok,0.3102
8.2164,417,,,0.231,,,,,,9.4943,r2_measured_03914,read,measured,,,,,0.4935,,ok,0.4681
12.4976,663,,,0.666,,,,,,14.3337,r2_measured_03915,read,measured,,,,,0.7162,,ok,0.3767
8.2453,418,,,0.2295,,,,,,9.2291,r2_measured_03916,read,measured,,,,,0.4136,,ok,0.2907
12.0483,689,,,0.5482,,,,,,13.6482,r2_measured_03917,read,measured,,,,,0.6491,,ok,0.3262
10.9364,568,,,0.4111,,,,,,12.3409,r2_measured_03918,read,measured,,,,,0.5846,,ok,0.346
12.0273,680,,,0.7723,,,,,,14.2253,r2_measured_03919,read,measured,,,,,0.8737,,ok,0.4093
14.2724,689,,,0.6048,,,,,,16.1586,r2_measured_03920,read,measured,,,,,0.8518,,ok,0.3527
9.9068,507,,,0.4734,,,,,,11.2352,r2_measured_03921,read,measured,,,,,0.4788,,ok,0.3232
7.2497,369,,,0.2636,,,,,,8.4002,r2_measured_03922,read,measured,,,,,0.4625,,ok,0.3711
12.0828,663,,,0.5503,,,,,,13.8143,r2_measured_03923,read,measured,,,,,0.7586,,ok,0.3462
11.7639,680,,,0.4965,,,,,,13.1738,r2_measured_03924,read,measured,,,,,0.5424,,ok,0.3091
13.2949,673,,,0.6977,,,,,,15.3825,r2_measured_03925,read,measured,,,,,0.8549,,ok,0.4345
14.5939,687,,,0.5413,,,,,,16.2227,r2_measured_03926,read,measured,,,,,0.657,,ok,0.3631
13.6545,689,,,0.6223,,,,,,15.5073,r2_measured_03927,read,measured,,,,,0.7505,,ok,0.3932
14.1092,680,,,0.5881,,,,,,15.6855,r2_measured_03928,read,measured,,,,,0.6059,,ok,0.3153
14.2228,689,,,0.5908,,,,,,15.973,r2_measured_03929,read,measured,,,,,0.718,,ok,0.3631
12.8701,629,,,0.5393,,,,,,14.3873,r2_measured_03930,read,measured,,,,,0.5556,,ok,0.3581
13.4163,681,,,0.5233,,,,,,15.1696,r2_measured_03931,read,measured,,,,,0.8068,,ok,0.3417
16.3625,689,,,0.6567,,,,,,18.3248,r2_measured_03932,read,measured,,,,,0.9293,,ok,0.2929
14.1738,567,,,0.6244,,,,,,15.9015,r2_measured_03933,read,measured,,,,,0.7006,,ok,0.3291
14.225,629,,,0.6662,,,,,,16.047,r2_measured_03934,read,measured,,,,,0.6014,,ok,0.4692
13.3687,568,,,0.5673,,,,,,14.9969,r2_measured_03935,read,measured,,,,,0.619,,ok,0.3685
11.9181,628,,,0.6472,,,,,,13.6682,r2_measured_03936,read,measured,,,,,0.6826,,ok,0.3438
15.5822,419,,,0.3138,,,,,,17.0639,r2_measured_03937,read,measured,,,,,0.6137,,ok,0.4837
14.1659,688,,,0.5695,,,,,,15.8885,r2_measured_03938,read,measured,,,,,0.66,,ok,0.393
10.4769,508,,,0.5372,,,,,,12.1134,r2_measured_03939,read,measured,,,,,0.609,,ok,0.4158
9.8185,369,,,0.3521,,,,,,11.3777,r2_measured_03940,read,measured,,,,,0.6925,,ok,0.4366
8.5086,369,,,0.2612,,,,,,9.898,r2_measured_03941,read,measured,,,,,0.5528,,ok,0.499
13.3742,628,,,0.5199,,,,,,14.8997,r2_measured_03942,read,measured,,,,,0.5713,,ok,0.3591
7.4788,369,,,0.2937,,,,,,8.7134,r2_measured_03943,read,measured,,,,,0.5681,,ok,0.3066
13.7962,629,,,0.4364,,,,,,15.1847,r2_measured_03944,read,measured,,,,,0.5742,,ok,0.3127
13.0692,369,,,0.2754,,,,,,14.2328,r2_measured_03945,read,measured,,,,,0.4733,,ok,0.36
12.1907,675,,,0.558,,,,,,13.8688,r2_measured_03946,read,measured,,,,,0.6804,,ok,0.3635
12.098,689,,,0.5365,,,,,,13.5709,r2_measured_03947,read,measured,,,,,0.5719,,ok,0.3014
9.638,508,,,0.4708,,,,,,11.1778,r2_measured_03948,read,measured,,,,,0.6919,,ok,0.3105
10.5334,568,,,0.5654,,,,,,12.2121,r2_measured_03949,read,measured,,,,,0.6648,,ok,0.3841
14.3815,689,,,0.5844,,,,,,16.1427,r2_measured_03950,read,measured,,,,,0.7615,,ok,0.3377
11.6862,626,,,0.4909,,,,,,13.1931,r2_measured_03951,read,measured,,,,,0.6152,,ok,0.3265
10.7898,568,,,0.6226,,,,,,12.826,r2_measured_03952,read,measured,,,,,0.825,,ok,0.4972
13.8479,568,,,0.5076,,,,,,15.4499,r2_measured_03953,read,measured,,,,,0.6406,,ok,0.3792
12.7662,679,,,0.5362,,,,,,14.4695,r2_measured_03954,read,measured,,,,,0.7209,,ok,0.3734
8.1841,369,,,0.298,,,,,,9.5671,r2_measured_03955,read,measured,,,,,0.6496,,ok,0.3634
13.5023,689,,,0.6017,,,,,,15.1465,r2_measured_03956,read,measured,,,,,0.6143,,ok,0.3481
10.6256,568,,,0.5645,,,,,,12.3918,r2_measured_03957,read,measured,,,,,0.7052,,ok,0.4109
14.1627,663,,,0.5602,,,,,,15.9162,r2_measured_03958,read,measured,,,,,0.7746,,ok,0.339
11.5834,508,,,0.4895,,,,,,12.9737,r2_measured_03959,read,measured,,,,,0.5208,,ok,0.3188
14.485,689,,,0.5102,,,,,,16.0693,r2_measured_03960,read,measured,,,,,0.668,,ok,0.3292
8.622,418,,,0.56,,,,,,10.756,r2_measured_03961,read,measured,,,,,0.7343,,ok,0.745
10.7424,419,,,0.293,,,,,,11.9878,r2_measured_03962,read,measured,,,,,0.5331,,ok,0.36
12.602,419,,,0.2803,,,,,,13.827,r2_measured_03963,read,measured,,,,,0.5444,,ok,0.3345
16.4096,629,,,0.6592,,,,,,18.2548,r2_measured_03964,read,measured,,,,,0.7462,,ok,0.3606
14.9083,628,,,0.6833,,,,,,16.6796,r2_measured_03965,read,measured,,,,,0.6568,,ok,0.3525
12.608,688,,,0.5214,,,,,,14.1859,r2_measured_03966,read,measured,,,,,0.6168,,ok,0.3626
9.5304,419,,,0.2754,,,,,,10.7765,r2_measured_03967,read,measured,,,,,0.5577,,ok,0.3487
10.1907,509,,,0.5099,,,,,,11.6708,r2_measured_03968,read,measured,,,,,0.5673,,ok,0.3323
13.1124,663,,,0.9904,,,,,,15.4953,r2_measured_03969,read,measured,,,,,0.7739,,ok,0.5485
11.9273,663,,,0.5874,,,,,,13.536,r2_measured_03970,read,measured,,,,,0.6114,,ok,0.3343
13.1138,689,,,0.6025,,,,,,14.7871,r2_measured_03971,read,measured,,,,,0.6513,,ok,0.3486
61.825,663,,,1.3222,,,,,,64.5315,r2_measured_03972,read,measured,,,,,0.6673,,ok,0.6448
11.6438,568,,,0.5765,,,,,,13.2495,r2_measured_03973,read,measured,,,,,0.6318,,ok,0.3196
10.6853,507,,,0.9411,,,,,,14.0137,r2_measured_03974,read,measured,,,,,0.5636,,ok,1.7377
12.6125,663,,,0.573,,,,,,14.2765,r2_measured_03975,read,measured,,,,,0.661,,ok,0.3522
14.2952,681,,,0.5824,,,,,,16.0742,r2_measured_03976,read,measured,,,,,0.7729,,ok,0.3368
13.2036,675,,,0.6854,,,,,,15.1342,r2_measured_03977,read,measured,,,,,0.7758,,ok,0.3702
10.2208,509,,,0.5484,,,,,,11.8924,r2_measured_03978,read,measured,,,,,0.6116,,ok,0.4262
11.985,629,,,0.6246,,,,,,13.6492,r2_measured_03979,read,measured,,,,,0.5711,,ok,0.3942
11.3974,675,,,0.6516,,,,,,13.1854,r2_measured_03980,read,measured,,,,,0.6799,,ok,0.3788
14.1604,687,,,0.6254,,,,,,15.9729,r2_measured_03981,read,measured,,,,,0.7607,,ok,0.3427
13.5644,689,,,0.6072,,,,,,15.5097,r2_measured_03982,read,measured,,,,,0.7059,,ok,0.5379
12.4329,675,,,1.0587,,,,,,14.9786,r2_measured_03983,read,measured,,,,,0.7312,,ok,0.6794
7.7063,369,,,0.3104,,,,,,8.7982,r2_measured_03984,read,measured,,,,,0.4226,,ok,0.3144
11.9592,663,,,0.8596,,,,,,14.0903,r2_measured_03985,read,measured,,,,,0.776,,ok,0.4005
13.3765,663,,,0.5103,,,,,,15.0239,r2_measured_03986,read,measured,,,,,0.6985,,ok,0.3534
17.3922,567,,,0.72,,,,,,19.4632,r2_measured_03987,read,measured,,,,,0.8305,,ok,0.4301
13.0676,680,,,0.5558,,,,,,14.6856,r2_measured_03988,read,measured,,,,,0.6495,,ok,0.3318
10.055,568,,,0.5209,,,,,,11.5169,r2_measured_03989,read,measured,,,,,0.5522,,ok,0.3249
9.6404,509,,,0.5264,,,,,,11.1324,r2_measured_03990,read,measured,,,,,0.5388,,ok,0.3382
14.1034,568,,,0.537,,,,,,15.6829,r2_measured_03991,read,measured,,,,,0.5928,,ok,0.3794
15.8753,628,,,0.5924,,,,,,17.6379,r2_measured_03992,read,measured,,,,,0.7032,,ok,0.3784
80.5658,567,13.3259,5.3432,0.5302,1.8451,1,5.3414,1,27.4902,82.0901,r2_measured_03993,update,measured,22.147,1.5243,1,16.0589,0.5875,21.8457,ok,0.3367
14.4854,419,,,0.3636,,,,,,16.1147,r2_measured_03994,read,measured,,,,,0.7137,,ok,0.4608
14.4757,629,,,0.6462,,,,,,16.3376,r2_measured_03995,read,measured,,,,,0.725,,ok,0.4088
13.8123,509,,,0.7509,,,,,,15.6594,r2_measured_03996,read,measured,,,,,0.6363,,ok,0.3821
12.0281,628,,,0.5664,,,,,,13.7412,r2_measured_03997,read,measured,,,,,0.6965,,ok,0.369
11.07,568,,,0.4783,,,,,,12.5705,r2_measured_03998,read,measured,,,,,0.5852,,ok,0.3594
8.9447,417,,,0.2636,,,,,,10.1159,r2_measured_03999,read,measured,,,,,0.5019,,ok,0.3422
14.0151,681,,,0.9012,,,,,,16.1381,r2_measured_04000,read,measured,,,,,0.7827,,ok,0.3633
12.8115,675,,,0.669,,,,,,14.6432,r2_measured_04001,read,measured,,,,,0.7309,,ok,0.3526
12.4696,628,,,0.7678,,,,,,14.6054,r2_measured_04002,read,measured,,,,,0.8684,,ok,0.4103
12.9522,629,,,0.6857,,,,,,14.8579,r2_measured_04003,read,measured,,,,,0.701,,ok,0.4163
16.1763,629,,,0.512,,,,,,17.7283,r2_measured_04004,read,measured,,,,,0.6129,,ok,0.351
11.9187,689,,,0.7003,,,,,,14.1236,r2_measured_04005,read,measured,,,,,0.9089,,ok,0.316
13.1325,681,,,0.5373,,,,,,14.7782,r2_measured_04006,read,measured,,,,,0.6841,,ok,0.3467
12.0807,662,,,0.5547,,,,,,13.8549,r2_measured_04007,read,measured,,,,,0.729,,ok,0.4119
67.8495,568,11.2057,4.9666,0.5199,2.1313,1,4.9651,1,23.7734,69.3892,r2_measured_04008,update,measured,18.8068,1.5397,1,10.0853,0.5547,20.6538,ok,0.3921
12.1172,675,,,0.5891,,,,,,13.8742,r2_measured_04009,read,measured,,,,,0.7204,,ok,0.3691
10.8542,568,,,0.4114,,,,,,12.1756,r2_measured_04010,read,measured,,,,,0.5372,,ok,0.3135
12.4314,680,,,0.5548,,,,,,14.1621,r2_measured_04011,read,measured,,,,,0.7084,,ok,0.3819
13.0039,689,,,0.6229,,,,,,14.7474,r2_measured_04012,read,measured,,,,,0.6541,,ok,0.3853
13.2787,680,,,0.6419,,,,,,15.2159,r2_measured_04013,read,measured,,,,,0.7712,,ok,0.4269
12.012,628,,,0.4719,,,,,,13.5331,r2_measured_04014,read,measured,,,,,0.6692,,ok,0.3124
8.1177,418,,,0.2597,,,,,,9.2881,r2_measured_04015,read,measured,,,,,0.4244,,ok,0.4269
11.7189,680,,,0.5187,,,,,,13.2808,r2_measured_04016,read,measured,,,,,0.6354,,ok,0.3286
10.7964,568,,,0.524,,,,,,12.2559,r2_measured_04017,read,measured,,,,,0.5191,,ok,0.3501
13.5462,628,,,0.5285,,,,,,15.1166,r2_measured_04018,read,measured,,,,,0.5949,,ok,0.3699
14.8561,628,,,0.5264,,,,,,16.4402,r2_measured_04019,read,measured,,,,,0.6549,,ok,0.3279
11.7308,674,,,0.5979,,,,,,13.3964,r2_measured_04020,read,measured,,,,,0.6116,,ok,0.3791
15.1352,689,,,0.8697,,,,,,17.6288,r2_measured_04021,read,measured,,,,,1.001,,ok,0.5009
18.6665,688,,,0.6463,,,,,,20.7133,r2_measured_04022,read,measured,,,,,0.9078,,ok,0.3982
10.8055,568,,,0.4833,,,,,,12.3406,r2_measured_04023,read,measured,,,,,0.6011,,ok,0.3524
13.6308,509,,,0.5435,,,,,,15.4243,r2_measured_04024,read,measured,,,,,0.7453,,ok,0.4297
17.1176,681,,,0.9046,,,,,,19.8799,r2_measured_04025,read,measured,,,,,1.1435,,ok,0.5913
24.5415,679,,,0.9134,,,,,,27.178,r2_measured_04026,read,measured,,,,,1.0673,,ok,0.5465
14.5648,568,,,0.5725,,,,,,16.3178,r2_measured_04027,read,measured,,,,,0.6839,,ok,0.4219
11.5802,509,,,0.6213,,,,,,13.4823,r2_measured_04028,read,measured,,,,,0.7315,,ok,0.4436
71.8216,418,7.8225,6.9317,0.2368,1.6521,0,6.93,1,31.562,72.8609,r2_measured_04029,update,measured,24.6303,1.0393,1,15.0976,0.4583,15.6874,ok,0.2941
12.8847,419,,,0.2885,,,,,,14.0225,r2_measured_04030,read,measured,,,,,0.4837,,ok,0.3115
17.2781,663,,,0.5884,,,,,,18.9003,r2_measured_04031,read,measured,,,,,0.5992,,ok,0.3202
14.5709,681,,,0.678,,,,,,16.4776,r2_measured_04032,read,measured,,,,,0.7509,,ok,0.4082
11.4519,507,,,0.4874,,,,,,12.8947,r2_measured_04033,read,measured,,,,,0.569,,ok,0.3174
12.2767,568,,,0.4453,,,,,,13.6313,r2_measured_04034,read,measured,,,,,0.5192,,ok,0.3113
75.3669,674,12.1906,6.5053,0.4661,2.073,1,6.5039,1,29.0162,76.7706,r2_measured_04035,update,measured,22.5109,1.4037,1,12.5355,0.5604,19.5516,ok,0.3135
12.9357,681,,,0.5584,,,,,,14.5842,r2_measured_04036,read,measured,,,,,0.6275,,ok,0.3863
9.2145,419,,,0.2403,,,,,,10.2838,r2_measured_04037,read,measured,,,,,0.4466,,ok,0.3339
11.9066,663,,,0.7427,,,,,,13.9003,r2_measured_04038,read,measured,,,,,0.8369,,ok,0.3269
11.9689,628,,,0.5868,,,,,,13.7289,r2_measured_04039,read,measured,,,,,0.6708,,ok,0.4301
12.0882,680,,,0.6115,,,,,,13.6764,r2_measured_04040,read,measured,,,,,0.5813,,ok,0.328
10.5417,568,,,0.5767,,,,,,12.171,r2_measured_04041,read,measured,,,,,0.6646,,ok,0.3204
7.4704,369,,,0.2946,,,,,,8.9392,r2_measured_04042,read,measured,,,,,0.6017,,ok,0.5027
13.359,680,,,0.5785,,,,,,15.1349,r2_measured_04043,read,measured,,,,,0.6337,,ok,0.4709
11.0565,568,,,0.5856,,,,,,12.5986,r2_measured_04044,read,measured,,,,,0.5526,,ok,0.3363
11.8697,681,,,0.6332,,,,,,13.6454,r2_measured_04045,read,measured,,,,,0.7411,,ok,0.331
12.1563,681,,,0.5567,,,,,,13.7186,r2_measured_04046,read,measured,,,,,0.6147,,ok,0.3181
12.2691,689,,,0.5004,,,,,,13.7408,r2_measured_04047,read,measured,,,,,0.5509,,ok,0.3592
11.6059,681,,,0.5277,,,,,,13.1719,r2_measured_04048,read,measured,,,,,0.6269,,ok,0.3377
17.0555,688,,,1.0708,,,,,,19.4048,r2_measured_04049,read,measured,,,,,0.6039,,ok,0.5964
13.7494,629,,,0.5593,,,,,,15.331,r2_measured_04050,read,measured,,,,,0.6332,,ok,0.3186
13.6422,688,,,0.5287,,,,,,15.1798,r2_measured_04051,read,measured,,,,,0.5996,,ok,0.3282
17.5972,628,,,0.7155,,,,,,19.5332,r2_measured_04052,read,measured,,,,,0.7152,,ok,0.4214
18.7338,679,,,0.6218,,,,,,20.5306,r2_measured_04053,read,measured,,,,,0.6954,,ok,0.4037
9.6748,509,,,0.9271,,,,,,11.6206,r2_measured_04054,read,measured,,,,,0.619,,ok,0.3256
63.7797,681,15.845,3.4008,0.8197,2.8886,1,3.3989,1,21.3082,65.9351,r2_measured_04055,update,measured,17.9074,2.1554,1,0.0055,0.861,23.7324,ok,0.3842
11.2032,568,,,0.4291,,,,,,12.547,r2_measured_04056,read,measured,,,,,0.5443,,ok,0.3109
101.9519,689,11.9578,11.544,0.5828,2.5624,1,11.5425,1,46.5865,103.5476,r2_measured_04057,update,measured,35.0425,1.5957,1,17.8444,0.6175,23.0008,ok,0.3264
11.3119,681,,,0.5175,,,,,,12.8298,r2_measured_04058,read,measured,,,,,0.5808,,ok,0.3472
12.802,680,,,0.5241,,,,,,14.4278,r2_measured_04059,read,measured,,,,,0.7273,,ok,0.3022
9.9942,509,,,0.4521,,,,,,11.416,r2_measured_04060,read,measured,,,,,0.5931,,ok,0.3159
11.9852,663,,,0.6279,,,,,,13.6719,r2_measured_04061,read,measured,,,,,0.6578,,ok,0.3237
10.0816,509,,,0.5661,,,,,,11.7941,r2_measured_04062,read,measured,,,,,0.6902,,ok,0.387
8.9899,419,,,0.2534,,,,,,10.0773,r2_measured_04063,read,measured,,,,,0.4531,,ok,0.3322
10.4935,568,,,0.4438,,,,,,11.8699,r2_measured_04064,read,measured,,,,,0.5568,,ok,0.3064
13.7319,689,,,0.5783,,,,,,15.5042,r2_measured_04065,read,measured,,,,,0.7376,,ok,0.3747
8.7385,369,,,0.2241,,,,,,9.8523,r2_measured_04066,read,measured,,,,,0.4328,,ok,0.4019
12.1938,663,,,0.5163,,,,,,13.759,r2_measured_04067,read,measured,,,,,0.6663,,ok,0.3078
11.9514,689,,,0.5276,,,,,,13.4499,r2_measured_04068,read,measured,,,,,0.5878,,ok,0.3156
16.6995,663,,,0.5819,,,,,,18.4468,r2_measured_04069,read,measured,,,,,0.7147,,ok,0.3624
15.5423,689,,,0.5913,,,,,,17.3181,r2_measured_04070,read,measured,,,,,0.7538,,ok,0.3582
14.4208,663,,,0.5547,,,,,,15.9804,r2_measured_04071,read,measured,,,,,0.6248,,ok,0.3141
17.2795,675,,,0.4489,,,,,,18.694,r2_measured_04072,read,measured,,,,,0.6077,,ok,0.2939
14.8644,680,,,0.5667,,,,,,16.5098,r2_measured_04073,read,measured,,,,,0.6307,,ok,0.3625
8.266,418,,,0.2256,,,,,,9.2683,r2_measured_04074,read,measured,,,,,0.4359,,ok,0.2903
13.6383,663,,,0.5902,,,,,,15.3796,r2_measured_04075,read,measured,,,,,0.7116,,ok,0.3585
13.5842,680,,,0.5104,,,,,,15.1818,r2_measured_04076,read,measured,,,,,0.6693,,ok,0.3436
11.4333,568,,,0.6015,,,,,,13.0316,r2_measured_04077,read,measured,,,,,0.582,,ok,0.344
12.5094,673,,,0.5155,,,,,,14.065,r2_measured_04078,read,measured,,,,,0.6473,,ok,0.313
11.911,688,,,0.6043,,,,,,13.8029,r2_measured_04079,read,measured,,,,,0.844,,ok,0.3678
12.855,689,,,0.6993,,,,,,14.7277,r2_measured_04080,read,measured,,,,,0.7148,,ok,0.3699
10.3655,509,,,0.5162,,,,,,11.8131,r2_measured_04081,read,measured,,,,,0.5362,,ok,0.3327
10.7339,568,,,0.5643,,,,,,12.4663,r2_measured_04082,read,measured,,,,,0.6538,,ok,0.4234
73.9961,629,17.3278,4.0642,0.7404,2.4952,1,4.0627,1,23.937,76.106,r2_measured_04083,update,measured,19.8728,2.1099,1,11.1142,0.8031,19.1219,ok,0.474
15.8816,681,,,0.5455,,,,,,17.6138,r2_measured_04084,read,measured,,,,,0.7643,,ok,0.3451
16.072,675,,,0.5048,,,,,,17.6238,r2_measured_04085,read,measured,,,,,0.6491,,ok,0.3231
15.2145,675,,,0.5839,,,,,,17.1212,r2_measured_04086,read,measured,,,,,0.73,,ok,0.4521
14.1227,626,,,0.5185,,,,,,15.6711,r2_measured_04087,read,measured,,,,,0.6134,,ok,0.338
15.1032,680,,,0.6433,,,,,,17.0829,r2_measured_04088,read,measured,,,,,0.7717,,ok,0.4777
12.0576,568,,,0.5033,,,,,,13.6113,r2_measured_04089,read,measured,,,,,0.6413,,ok,0.3414
13.7216,680,,,0.4824,,,,,,15.097,r2_measured_04090,read,measured,,,,,0.5086,,ok,0.3213
9.8128,568,,,0.4852,,,,,,11.3411,r2_measured_04091,read,measured,,,,,0.6504,,ok,0.3242
8.3344,419,,,0.2435,,,,,,9.4247,r2_measured_04092,read,measured,,,,,0.4792,,ok,0.305
13.0916,628,,,0.548,,,,,,14.7667,r2_measured_04093,read,measured,,,,,0.6672,,ok,0.3851
17.825,688,,,0.5688,,,,,,19.4628,r2_measured_04094,read,measured,,,,,0.669,,ok,0.3246
13.6598,662,,,1.1173,,,,,,16.0136,r2_measured_04095,read,measured,,,,,0.5915,,ok,0.5765
13.2125,680,,,0.5406,,,,,,14.8123,r2_measured_04096,read,measured,,,,,0.6095,,ok,0.3694
13.4076,629,,,0.5719,,,,,,14.9157,r2_measured_04097,read,measured,,,,,0.562,,ok,0.3059
12.6738,675,,,0.6625,,,,,,14.6539,r2_measured_04098,read,measured,,,,,0.8209,,ok,0.4011
13.8874,663,,,0.5999,,,,,,15.6105,r2_measured_04099,read,measured,,,,,0.7037,,ok,0.3437
13.2269,663,,,0.5635,,,,,,14.9411,r2_measured_04100,read,measured,,,,,0.7074,,ok,0.3603
12.0653,509,,,0.4851,,,,,,13.5212,r2_measured_04101,read,measured,,,,,0.5502,,ok,0.3485
13.2385,689,,,0.5466,,,,,,14.8271,r2_measured_04102,read,measured,,,,,0.6253,,ok,0.3464
13.2945,689,,,0.5186,,,,,,14.9195,r2_measured_04103,read,measured,,,,,0.676,,ok,0.3449
11.7937,628,,,0.513,,,,,,13.3065,r2_measured_04104,read,measured,,,,,0.6529,,ok,0.2927
12.6391,680,,,0.6212,,,,,,14.3639,r2_measured_04105,read,measured,,,,,0.6838,,ok,0.3366
11.1152,628,,,0.5285,,,,,,12.5534,r2_measured_04106,read,measured,,,,,0.5335,,ok,0.3162
12.6693,681,,,0.7719,,,,,,15.1588,r2_measured_04107,read,measured,,,,,0.6872,,ok,0.9086
12.2167,568,,,0.6205,,,,,,14.0832,r2_measured_04108,read,measured,,,,,0.5793,,ok,0.5802
11.3189,626,,,0.5388,,,,,,12.8052,r2_measured_04109,read,measured,,,,,0.5531,,ok,0.3374
11.4943,675,,,0.9477,,,,,,13.8514,r2_measured_04110,read,measured,,,,,0.6973,,ok,0.6327
75.4522,663,13.8824,5.6911,0.5721,2.7167,1,5.6895,1,24.2343,76.9963,r2_measured_04111,update,measured,18.5432,1.5441,1,10.3297,0.573,24.2891,ok,0.3324
11.9503,629,,,0.7784,,,,,,14.1315,r2_measured_04112,read,measured,,,,,0.7838,,ok,0.4992
14.5159,680,,,0.5667,,,,,,16.1889,r2_measured_04113,read,measured,,,,,0.6919,,ok,0.333
68.207,689,12.1058,5.0631,0.6018,2.7494,1,5.061,1,23.0414,69.8158,r2_measured_04114,update,measured,17.9783,1.6088,1,9.5997,0.6008,20.7107,ok,0.3349
8.0715,419,,,0.2434,,,,,,9.1804,r2_measured_04115,read,measured,,,,,0.4875,,ok,0.3274
13.0712,680,,,0.5752,,,,,,14.6858,r2_measured_04116,read,measured,,,,,0.6467,,ok,0.317
13.4474,675,,,0.5851,,,,,,15.196,r2_measured_04117,read,measured,,,,,0.7061,,ok,0.3741
12.867,567,,,0.4841,,,,,,14.508,r2_measured_04118,read,measured,,,,,0.6297,,ok,0.4303
74.6459,627,22.9749,5.057,0.9585,3.4529,1,5.0126,1,22.7852,77.5354,r2_measured_04119,update,measured,17.7282,2.8895,1,0.0052,1.1501,25.4277,ok,0.6041
22.767,629,,,0.8958,,,,,,25.322,r2_measured_04120,read,measured,,,,,0.9985,,ok,0.5409
74.0703,629,11.2827,9.1057,0.4932,2.3998,1,9.1038,1,31.1905,75.5264,r2_measured_04121,update,measured,22.0848,1.4561,1,10.1004,0.5828,19.0969,ok,0.3195
11.7664,689,,,0.5859,,,,,,13.3566,r2_measured_04122,read,measured,,,,,0.6023,,ok,0.3355
13.7122,680,,,0.5746,,,,,,15.276,r2_measured_04123,read,measured,,,,,0.601,,ok,0.312
11.8503,679,,,0.5452,,,,,,13.4196,r2_measured_04124,read,measured,,,,,0.5675,,ok,0.354
13.7646,663,,,0.5554,,,,,,15.5136,r2_measured_04125,read,measured,,,,,0.7409,,ok,0.3705
14.0823,568,,,0.6089,,,,,,15.7181,r2_measured_04126,read,measured,,,,,0.5932,,ok,0.3685
89.9043,629,24.7899,3.3656,0.5635,4.5669,0,3.3639,1,24.6801,91.6095,r2_measured_04127,update,measured,21.3145,1.7052,1,0.0069,0.7191,35.8605,ok,0.3445
16.3451,629,,,0.7594,,,,,,18.481,r2_measured_04128,read,measured,,,,,0.823,,ok,0.4595
16.8943,681,,,0.7665,,,,,,19.2256,r2_measured_04129,read,measured,,,,,0.9454,,ok,0.5182
14.4558,663,,,0.5602,,,,,,16.2855,r2_measured_04130,read,measured,,,,,0.8629,,ok,0.3323
11.2229,629,,,0.5377,,,,,,12.6817,r2_measured_04131,read,measured,,,,,0.5457,,ok,0.3131
10.6642,629,,,0.5725,,,,,,12.2249,r2_measured_04132,read,measured,,,,,0.5773,,ok,0.3503
12.3908,663,,,0.5031,,,,,,13.9058,r2_measured_04133,read,measured,,,,,0.6178,,ok,0.3175
11.5143,674,,,0.5454,,,,,,13.0981,r2_measured_04134,read,measured,,,,,0.6329,,ok,0.3384
11.8317,689,,,0.6116,,,,,,13.6151,r2_measured_04135,read,measured,,,,,0.7245,,ok,0.3633
12.7609,663,,,0.5351,,,,,,14.3239,r2_measured_04136,read,measured,,,,,0.642,,ok,0.3144
9.8459,509,,,0.4907,,,,,,11.3469,r2_measured_04137,read,measured,,,,,0.5576,,ok,0.3861
13.477,689,,,0.5929,,,,,,15.1512,r2_measured_04138,read,measured,,,,,0.6711,,ok,0.3317
17.0918,681,,,0.4757,,,,,,18.5082,r2_measured_04139,read,measured,,,,,0.5614,,ok,0.31
59.7867,369,8.8029,6.5244,0.2106,1.6506,1,6.523,1,26.7637,60.8175,r2_measured_04140,update,measured,20.2393,1.0308,1,9.0747,0.4326,13.4948,ok,0.3419
12.2471,629,,,0.5892,,,,,,14.0339,r2_measured_04141,read,measured,,,,,0.741,,ok,0.3359
12.5394,689,,,0.569,,,,,,14.2903,r2_measured_04142,read,measured,,,,,0.6893,,ok,0.4095
62.7464,674,16.8187,3.8322,0.5742,2.5532,0,3.8299,1,23.3981,64.3263,r2_measured_04143,update,measured,19.5659,1.5799,1,0.0055,0.6116,19.9709,ok,0.319
17.0929,689,,,0.6789,,,,,,18.8499,r2_measured_04144,read,measured,,,,,0.6865,,ok,0.3096
14.6202,675,,,1.0438,,,,,,17.6214,r2_measured_04145,read,measured,,,,,0.7386,,ok,1.1061
13.3699,629,,,0.9006,,,,,,15.951,r2_measured_04146,read,measured,,,,,0.629,,ok,0.8593
12.8836,680,,,0.5285,,,,,,14.4061,r2_measured_04147,read,measured,,,,,0.5845,,ok,0.3268
12.8499,675,,,0.5374,,,,,,14.4806,r2_measured_04148,read,measured,,,,,0.6765,,ok,0.348
8.3649,369,,,0.2372,,,,,,9.5163,r2_measured_04149,read,measured,,,,,0.5108,,ok,0.3403
12.2078,629,,,0.5938,,,,,,13.9483,r2_measured_04150,read,measured,,,,,0.6458,,ok,0.4252
12.5397,418,,,0.3351,,,,,,14.0638,r2_measured_04151,read,measured,,,,,0.6944,,ok,0.4179
18.0148,680,,,0.6757,,,,,,19.991,r2_measured_04152,read,measured,,,,,0.7223,,ok,0.4838
15.9522,675,,,0.8299,,,,,,18.208,r2_measured_04153,read,measured,,,,,0.9556,,ok,0.3798
13.9895,675,,,0.6138,,,,,,15.8514,r2_measured_04154,read,measured,,,,,0.7676,,ok,0.403
14.2866,679,,,0.5785,,,,,,15.9796,r2_measured_04155,read,measured,,,,,0.6778,,ok,0.3558
9.4373,418,,,0.2316,,,,,,10.457,r2_measured_04156,read,measured,,,,,0.4441,,ok,0.2954
12.4544,674,,,0.809,,,,,,14.6621,r2_measured_04157,read,measured,,,,,0.7866,,ok,0.5032
15.1004,568,,,0.5824,,,,,,16.7468,r2_measured_04158,read,measured,,,,,0.6645,,ok,0.3275
11.6862,663,,,0.5269,,,,,,13.1746,r2_measured_04159,read,measured,,,,,0.5954,,ok,0.3013
12.2094,681,,,0.6593,,,,,,13.9065,r2_measured_04160,read,measured,,,,,0.6504,,ok,0.31
11.8869,680,,,0.5832,,,,,,13.7017,r2_measured_04161,read,measured,,,,,0.6774,,ok,0.4742
8.0279,369,,,0.1991,,,,,,9.0702,r2_measured_04162,read,measured,,,,,0.4852,,ok,0.3142
11.9238,663,,,0.6784,,,,,,13.9402,r2_measured_04163,read,measured,,,,,0.788,,ok,0.4465
9.4343,419,,,0.2307,,,,,,10.5093,r2_measured_04164,read,measured,,,,,0.4748,,ok,0.317
11.7471,680,,,0.595,,,,,,13.4934,r2_measured_04165,read,measured,,,,,0.7665,,ok,0.3123
10.5513,568,,,0.5013,,,,,,11.9735,r2_measured_04166,read,measured,,,,,0.5464,,ok,0.3128
11.3054,663,,,0.6451,,,,,,13.0928,r2_measured_04167,read,measured,,,,,0.6717,,ok,0.3936
12.7056,568,,,0.6135,,,,,,14.5751,r2_measured_04168,read,measured,,,,,0.7722,,ok,0.4087
12.2843,681,,,0.6957,,,,,,14.0779,r2_measured_04169,read,measured,,,,,0.6303,,ok,0.3914
9.7902,509,,,0.4454,,,,,,11.2981,r2_measured_04170,read,measured,,,,,0.6077,,ok,0.3796
16.7899,674,,,0.5608,,,,,,18.3564,r2_measured_04171,read,measured,,,,,0.5908,,ok,0.3385
74.1303,688,13.162,5.3864,0.5601,2.5085,1,5.3845,1,23.4833,75.7389,r2_measured_04172,update,measured,18.0969,1.6086,1,10.7772,0.6247,24.1993,ok,0.3578
20.3253,675,,,0.6177,,,,,,21.9983,r2_measured_04173,read,measured,,,,,0.6335,,ok,0.3428
13.2157,507,,,0.7511,,,,,,14.9882,r2_measured_04174,read,measured,,,,,0.5764,,ok,0.3813
66.0815,675,12.9899,6.5387,0.6512,2.4367,0,6.5368,1,20.2643,67.904,r2_measured_04175,update,measured,13.7256,1.8225,1,9.3964,0.7354,20.9942,ok,0.3615
17.5987,663,,,0.492,,,,,,19.1077,r2_measured_04176,read,measured,,,,,0.6297,,ok,0.319
11.85,680,,,0.5066,,,,,,13.3484,r2_measured_04177,read,measured,,,,,0.5485,,ok,0.3606
9.8713,509,,,0.4946,,,,,,11.3462,r2_measured_04178,read,measured,,,,,0.5839,,ok,0.326
13.9677,688,,,0.7068,,,,,,15.9313,r2_measured_04179,read,measured,,,,,0.7417,,ok,0.4274
14.1453,675,,,0.6981,,,,,,15.9263,r2_measured_04180,read,measured,,,,,0.6457,,ok,0.3571
11.6694,629,,,0.4806,,,,,,13.1545,r2_measured_04181,read,measured,,,,,0.6198,,ok,0.3203
11.7567,680,,,0.5627,,,,,,13.381,r2_measured_04182,read,measured,,,,,0.6435,,ok,0.3363
9.9372,509,,,0.5248,,,,,,11.3404,r2_measured_04183,read,measured,,,,,0.5058,,ok,0.3141
9.814,567,,,0.4573,,,,,,11.1353,r2_measured_04184,read,measured,,,,,0.498,,ok,0.311
12.4167,663,,,0.617,,,,,,14.1852,r2_measured_04185,read,measured,,,,,0.7226,,ok,0.3465
11.5668,675,,,1.0015,,,,,,13.7532,r2_measured_04186,read,measured,,,,,0.6388,,ok,0.4738
10.0998,509,,,0.5333,,,,,,11.7767,r2_measured_04187,read,measured,,,,,0.6854,,ok,0.3864
14.4147,681,,,0.6031,,,,,,16.072,r2_measured_04188,read,measured,,,,,0.6449,,ok,0.3349
13.5532,675,,,0.6701,,,,,,15.5139,r2_measured_04189,read,measured,,,,,0.7896,,ok,0.3747
12.4226,675,,,0.5499,,,,,,14.0701,r2_measured_04190,read,measured,,,,,0.6491,,ok,0.3668
13.3707,689,,,0.6499,,,,,,15.3325,r2_measured_04191,read,measured,,,,,0.8014,,ok,0.4196
15.1981,629,,,0.8616,,,,,,17.5179,r2_measured_04192,read,measured,,,,,0.8666,,ok,0.4918
18.7091,663,,,0.6097,,,,,,20.4875,r2_measured_04193,read,measured,,,,,0.7154,,ok,0.3692
12.2748,629,,,0.5666,,,,,,13.9757,r2_measured_04194,read,measured,,,,,0.6877,,ok,0.3651
12.8,680,,,0.9703,,,,,,16.3619,r2_measured_04195,read,measured,,,,,1.914,,ok,0.5678
12.456,419,,,0.3325,,,,,,13.9409,r2_measured_04196,read,measured,,,,,0.6392,,ok,0.4342
15.3663,689,,,0.5704,,,,,,17.0997,r2_measured_04197,read,measured,,,,,0.7099,,ok,0.3605
13.5527,663,,,0.553,,,,,,15.2215,r2_measured_04198,read,measured,,,,,0.6731,,ok,0.3602
16.7667,675,,,0.5693,,,,,,18.2918,r2_measured_04199,read,measured,,,,,0.5435,,ok,0.3385
14.2173,663,,,0.6489,,,,,,16.1321,r2_measured_04200,read,measured,,,,,0.6585,,ok,0.4875
13.2128,680,,,0.521,,,,,,14.7684,r2_measured_04201,read,measured,,,,,0.6125,,ok,0.3493
12.5783,418,,,0.29,,,,,,13.8796,r2_measured_04202,read,measured,,,,,0.5492,,ok,0.3678
12.2618,689,,,0.557,,,,,,13.8234,r2_measured_04203,read,measured,,,,,0.6367,,ok,0.3028
8.9463,508,,,0.4339,,,,,,10.267,r2_measured_04204,read,measured,,,,,0.5134,,ok,0.3175
11.8373,369,,,0.2246,,,,,,12.8449,r2_measured_04205,read,measured,,,,,0.4283,,ok,0.2979
10.8499,369,,,0.2392,,,,,,11.9474,r2_measured_04206,read,measured,,,,,0.5118,,ok,0.2956
15.9322,680,,,1.5701,,,,,,19.1106,r2_measured_04207,read,measured,,,,,0.837,,ok,0.6743
11.6542,629,,,0.5029,,,,,,13.2909,r2_measured_04208,read,measured,,,,,0.7132,,ok,0.3031
11.4641,680,,,0.525,,,,,,13.0388,r2_measured_04209,read,measured,,,,,0.6736,,ok,0.309
10.6044,568,,,0.6209,,,,,,12.41,r2_measured_04210,read,measured,,,,,0.6295,,ok,0.4551
11.7848,663,,,0.5722,,,,,,13.5248,r2_measured_04211,read,measured,,,,,0.7118,,ok,0.3799
11.9733,629,,,0.5993,,,,,,13.8651,r2_measured_04212,read,measured,,,,,0.7988,,ok,0.3606
7.9781,419,,,0.2472,,,,,,9.0869,r2_measured_04213,read,measured,,,,,0.5168,,ok,0.2929
14.2847,681,,,0.608,,,,,,16.3024,r2_measured_04214,read,measured,,,,,0.8094,,ok,0.5053
12.7973,628,,,0.4757,,,,,,14.3704,r2_measured_04215,read,measured,,,,,0.6804,,ok,0.3388
9.7373,418,,,0.3582,,,,,,11.185,r2_measured_04216,read,measured,,,,,0.6138,,ok,0.3873
17.1826,689,,,0.6461,,,,,,19.1391,r2_measured_04217,read,measured,,,,,0.8316,,ok,0.393
12.543,680,,,0.5655,,,,,,14.1433,r2_measured_04218,read,measured,,,,,0.6367,,ok,0.3272
7.3698,369,,,0.2049,,,,,,8.3036,r2_measured_04219,read,measured,,,,,0.4043,,ok,0.2858
13.5443,663,,,0.5372,,,,,,15.5215,r2_measured_04220,read,measured,,,,,1.0232,,ok,0.3361
89.7013,627,12.9504,7.5988,0.5374,2.2081,1,7.5971,1,28.31,91.3947,r2_measured_04221,update,measured,20.7112,1.6934,1,23.7679,0.7236,22.4649,ok,0.3411
12.5561,680,,,0.5564,,,,,,14.2677,r2_measured_04222,read,measured,,,,,0.6694,,ok,0.394
21.2305,688,,,0.6003,,,,,,23.0095,r2_measured_04223,read,measured,,,,,0.7319,,ok,0.3593
22.2495,663,,,0.5253,,,,,,23.8911,r2_measured_04224,read,measured,,,,,0.6726,,ok,0.3464
13.5905,680,,,0.6122,,,,,,15.387,r2_measured_04225,read,measured,,,,,0.745,,ok,0.3558
13.563,629,,,0.6147,,,,,,15.4027,r2_measured_04226,read,measured,,,,,0.7845,,ok,0.3607
13.1066,688,,,0.8207,,,,,,15.688,r2_measured_04227,read,measured,,,,,0.7281,,ok,0.9125
8.215,369,,,0.2315,,,,,,9.3114,r2_measured_04228,read,measured,,,,,0.4678,,ok,0.3402
12.0219,628,,,0.6214,,,,,,13.8231,r2_measured_04229,read,measured,,,,,0.7276,,ok,0.3683
8.7251,369,,,0.2358,,,,,,9.8511,r2_measured_04230,read,measured,,,,,0.4952,,ok,0.3362
13.9792,679,,,0.5779,,,,,,15.6401,r2_measured_04231,read,measured,,,,,0.6521,,ok,0.3496
15.9891,369,,,0.3193,,,,,,17.646,r2_measured_04232,read,measured,,,,,0.6563,,ok,0.5911
76.6483,675,12.6522,4.333,0.8497,2.8789,1,4.3305,1,26.1094,79.1348,r2_measured_04233,update,measured,21.7764,2.4865,1,11.2022,0.6724,23.8056,ok,0.8735
7.9632,419,,,0.2991,,,,,,9.1876,r2_measured_04234,read,measured,,,,,0.5167,,ok,0.3294
73.4696,419,8.6407,7.9664,0.24,1.4975,0,7.9651,1,28.6323,74.6024,r2_measured_04235,update,measured,20.6659,1.1328,1,20.6679,0.5048,14.0312,ok,0.3247
7.7111,418,,,0.2433,,,,,,8.7892,r2_measured_04236,read,measured,,,,,0.4726,,ok,0.3085
7.8292,419,,,0.239,,,,,,8.9209,r2_measured_04237,read,measured,,,,,0.4834,,ok,0.3176
11.8968,663,,,1.3591,,,,,,15.9269,r2_measured_04238,read,measured,,,,,1.3327,,ok,1.1947
16.2838,568,,,0.5811,,,,,,18.2002,r2_measured_04239,read,measured,,,,,0.8353,,ok,0.4247
11.3696,508,,,0.6756,,,,,,13.1425,r2_measured_04240,read,measured,,,,,0.6738,,ok,0.3463
13.0396,679,,,0.539,,,,,,14.6703,r2_measured_04241,read,measured,,,,,0.7085,,ok,0.3166
11.0807,663,,,0.6705,,,,,,12.8747,r2_measured_04242,read,measured,,,,,0.6959,,ok,0.3433
12.0586,663,,,0.5892,,,,,,13.7513,r2_measured_04243,read,measured,,,,,0.6834,,ok,0.3392
12.2377,663,,,0.6174,,,,,,14.2206,r2_measured_04244,read,measured,,,,,0.8065,,ok,0.4651
9.2553,419,,,0.2983,,,,,,10.6714,r2_measured_04245,read,measured,,,,,0.5473,,ok,0.4905
10.173,509,,,0.4662,,,,,,11.5705,r2_measured_04246,read,measured,,,,,0.5399,,ok,0.323
12.1097,663,,,0.5927,,,,,,13.7311,r2_measured_04247,read,measured,,,,,0.6031,,ok,0.3339
11.3043,629,,,0.5438,,,,,,12.9403,r2_measured_04248,read,measured,,,,,0.6882,,ok,0.3258
11.5096,663,,,0.4471,,,,,,12.9037,r2_measured_04249,read,measured,,,,,0.5609,,ok,0.3199
11.707,680,,,0.5379,,,,,,13.455,r2_measured_04250,read,measured,,,,,0.7787,,ok,0.3445
13.5355,680,,,0.7478,,,,,,15.5127,r2_measured_04251,read,measured,,,,,0.6811,,ok,0.4309
13.1521,689,,,0.5327,,,,,,14.8445,r2_measured_04252,read,measured,,,,,0.7374,,ok,0.3328
12.4835,680,,,0.5106,,,,,,14.1168,r2_measured_04253,read,measured,,,,,0.7081,,ok,0.3173
8.0435,419,,,0.3229,,,,,,9.2676,r2_measured_04254,read,measured,,,,,0.5368,,ok,0.3102
12.4113,675,,,0.5399,,,,,,14.0074,r2_measured_04255,read,measured,,,,,0.6418,,ok,0.3259
71.4385,681,13.1488,6.3914,0.6753,3.097,1,6.39,1,23.8799,73.2631,r2_measured_04256,update,measured,17.4885,1.8246,1,11.1521,0.6934,20.1607,ok,0.3739
14.4823,680,,,0.5361,,,,,,15.9739,r2_measured_04257,read,measured,,,,,0.556,,ok,0.3224
11.7499,628,,,0.5698,,,,,,13.452,r2_measured_04258,read,measured,,,,,0.7368,,ok,0.3177
13.5355,675,,,0.6653,,,,,,15.6656,r2_measured_04259,read,measured,,,,,0.8848,,ok,0.4743
11.8117,568,,,0.5216,,,,,,13.3082,r2_measured_04260,read,measured,,,,,0.5816,,ok,0.3195
12.0888,680,,,0.5889,,,,,,13.8337,r2_measured_04261,read,measured,,,,,0.7342,,ok,0.3558
10.4266,509,,,0.4779,,,,,,11.7633,r2_measured_04262,read,measured,,,,,0.4831,,ok,0.3197
8.1998,419,,,0.2522,,,,,,9.4635,r2_measured_04263,read,measured,,,,,0.4662,,ok,0.4621
11.4001,509,,,0.6743,,,,,,13.4268,r2_measured_04264,read,measured,,,,,0.5081,,ok,0.7702
69.7245,629,11.0955,6.2293,0.5147,2.1455,0,6.2277,1,26.7465,71.1369,r2_measured_04265,update,measured,20.5172,1.4124,1,9.6033,0.4998,20.1337,ok,0.339
10.5162,568,,,0.5918,,,,,,12.4091,r2_measured_04266,read,measured,,,,,0.8247,,ok,0.3941
12.9628,680,,,0.5289,,,,,,14.5175,r2_measured_04267,read,measured,,,,,0.6322,,ok,0.3243
9.4008,509,,,0.3998,,,,,,10.642,r2_measured_04268,read,measured,,,,,0.4801,,ok,0.3071
11.9268,680,,,0.5248,,,,,,13.5688,r2_measured_04269,read,measured,,,,,0.6871,,ok,0.3487
12.3786,675,,,0.7707,,,,,,14.4828,r2_measured_04270,read,measured,,,,,0.7832,,ok,0.4701
13.8635,681,,,0.5626,,,,,,15.4664,r2_measured_04271,read,measured,,,,,0.6231,,ok,0.3366
63.5458,419,11.6334,5.4606,0.3093,1.7177,1,5.4588,1,24.2485,64.8326,r2_measured_04272,update,measured,18.7879,1.2868,1,10.6784,0.5743,15.2678,ok,0.3331
11.8787,568,,,0.4379,,,,,,13.2613,r2_measured_04273,read,measured,,,,,0.5477,,ok,0.316
13.9581,628,,,0.5636,,,,,,15.5532,r2_measured_04274,read,measured,,,,,0.6297,,ok,0.3331
10.0127,509,,,0.4506,,,,,,11.4055,r2_measured_04275,read,measured,,,,,0.5634,,ok,0.3146
13.3166,629,,,0.5588,,,,,,15.1086,r2_measured_04276,read,measured,,,,,0.7763,,ok,0.3794
93.4743,629,17.0232,5.0742,0.6853,2.1751,1,5.0727,1,25.8394,95.4538,r2_measured_04277,update,measured,20.7652,1.9795,1,28.3877,0.8178,20.0489,ok,0.3894
15.8141,681,,,0.6955,,,,,,17.7414,r2_measured_04278,read,measured,,,,,0.7756,,ok,0.3676
12.9963,675,,,0.8417,,,,,,15.0447,r2_measured_04279,read,measured,,,,,0.7684,,ok,0.3682
12.4251,675,,,0.5825,,,,,,14.1365,r2_measured_04280,read,measured,,,,,0.7386,,ok,0.318
12.9154,679,,,0.6514,,,,,,14.7648,r2_measured_04281,read,measured,,,,,0.7474,,ok,0.369
8.3969,418,,,0.2592,,,,,,9.5035,r2_measured_04282,read,measured,,,,,0.4764,,ok,0.3156
12.7967,689,,,0.5905,,,,,,14.4733,r2_measured_04283,read,measured,,,,,0.6822,,ok,0.3263
13.8431,681,,,0.5675,,,,,,15.4466,r2_measured_04284,read,measured,,,,,0.6223,,ok,0.3399
8.4359,419,,,0.2908,,,,,,9.7303,r2_measured_04285,read,measured,,,,,0.562,,ok,0.3738
13.768,663,,,0.6308,,,,,,15.6127,r2_measured_04286,read,measured,,,,,0.7229,,ok,0.4039
14.0119,680,,,0.6205,,,,,,15.8309,r2_measured_04287,read,measured,,,,,0.7453,,ok,0.3704
13.3671,675,,,0.5784,,,,,,15.0657,r2_measured_04288,read,measured,,,,,0.677,,ok,0.3634
14.075,675,,,0.4999,,,,,,15.6236,r2_measured_04289,read,measured,,,,,0.6323,,ok,0.344
12.5474,629,,,0.5414,,,,,,14.2229,r2_measured_04290,read,measured,,,,,0.6705,,ok,0.3832
12.724,675,,,0.4837,,,,,,14.1824,r2_measured_04291,read,measured,,,,,0.5732,,ok,0.3298
8.0549,418,,,0.2983,,,,,,9.1833,r2_measured_04292,read,measured,,,,,0.4539,,ok,0.3216
10.9403,568,,,1.0392,,,,,,13.335,r2_measured_04293,read,measured,,,,,0.6,,ok,0.6795
10.209,509,,,0.4241,,,,,,11.5469,r2_measured_04294,read,measured,,,,,0.5154,,ok,0.3411
11.9926,663,,,0.8337,,,,,,14.6141,r2_measured_04295,read,measured,,,,,1.2186,,ok,0.4571
15.9915,689,,,0.5891,,,,,,17.7048,r2_measured_04296,read,measured,,,,,0.6637,,ok,0.38
13.8262,680,,,0.5975,,,,,,15.6188,r2_measured_04297,read,measured,,,,,0.7421,,ok,0.3655
13.1953,681,,,0.5821,,,,,,14.8698,r2_measured_04298,read,measured,,,,,0.6976,,ok,0.322
83.8533,629,14.2254,4.9173,0.5677,2.3197,0,4.9155,1,26.0929,85.6116,r2_measured_04299,update,measured,21.1756,1.7583,1,21.7224,0.7497,19.4929,ok,0.3569
14.3502,689,,,0.5837,,,,,,15.9662,r2_measured_04300,read,measured,,,,,0.6172,,ok,0.3437
9.7269,508,,,0.4788,,,,,,11.3647,r2_measured_04301,read,measured,,,,,0.7049,,ok,0.389
11.5047,629,,,0.5087,,,,,,13.0963,r2_measured_04302,read,measured,,,,,0.7203,,ok,0.2965
11.5336,568,,,0.7682,,,,,,13.6631,r2_measured_04303,read,measured,,,,,0.7563,,ok,0.5139
11.3976,418,,,0.27,,,,,,12.5382,r2_measured_04304,read,measured,,,,,0.5004,,ok,0.3086
12.66,679,,,0.5825,,,,,,14.262,r2_measured_04305,read,measured,,,,,0.6069,,ok,0.3318
8.2892,419,,,0.2345,,,,,,9.3963,r2_measured_04306,read,measured,,,,,0.421,,ok,0.3955
13.4481,679,,,0.8046,,,,,,16.2486,r2_measured_04307,read,measured,,,,,1.377,,ok,0.4708
11.2963,419,,,0.2946,,,,,,12.5911,r2_measured_04308,read,measured,,,,,0.5615,,ok,0.3697
13.4299,675,,,0.5625,,,,,,15.2025,r2_measured_04309,read,measured,,,,,0.6618,,ok,0.4649
11.6514,680,,,0.4898,,,,,,13.1125,r2_measured_04310,read,measured,,,,,0.5872,,ok,0.3198
12.5026,629,,,0.6976,,,,,,14.4858,r2_measured_04311,read,measured,,,,,0.7608,,ok,0.4301
13.6617,663,,,0.5607,,,,,,15.2354,r2_measured_04312,read,measured,,,,,0.609,,ok,0.329
15.4045,681,,,0.6983,,,,,,17.3814,r2_measured_04313,read,measured,,,,,0.7556,,ok,0.4284
17.0182,675,,,0.9122,,,,,,19.5293,r2_measured_04314,read,measured,,,,,0.9063,,ok,0.5803
20.1443,568,,,0.801,,,,,,22.5242,r2_measured_04315,read,measured,,,,,0.8744,,ok,0.5907
16.0773,629,,,0.8945,,,,,,18.6081,r2_measured_04316,read,measured,,,,,1.0216,,ok,0.5206
12.2077,509,,,0.6425,,,,,,14.1681,r2_measured_04317,read,measured,,,,,0.7476,,ok,0.4975
14.0863,681,,,0.7193,,,,,,16.1222,r2_measured_04318,read,measured,,,,,0.7841,,ok,0.4288
13.0512,663,,,0.5891,,,,,,14.6119,r2_measured_04319,read,measured,,,,,0.582,,ok,0.3169
11.7157,675,,,0.6072,,,,,,13.4747,r2_measured_04320,read,measured,,,,,0.6388,,ok,0.4372
11.3488,567,,,0.7789,,,,,,13.1957,r2_measured_04321,read,measured,,,,,0.6012,,ok,0.3866
11.0272,568,,,0.4645,,,,,,12.4579,r2_measured_04322,read,measured,,,,,0.5644,,ok,0.3304
11.7404,680,,,0.5595,,,,,,13.2268,r2_measured_04323,read,measured,,,,,0.5456,,ok,0.3177
9.8607,567,,,0.5689,,,,,,11.4372,r2_measured_04324,read,measured,,,,,0.6106,,ok,0.3264
11.7286,680,,,0.5118,,,,,,13.3005,r2_measured_04325,read,measured,,,,,0.5875,,ok,0.3907
11.7535,681,,,0.4379,,,,,,13.1033,r2_measured_04326,read,measured,,,,,0.5529,,ok,0.2992
13.5779,689,,,0.6239,,,,,,15.3169,r2_measured_04327,read,measured,,,,,0.6809,,ok,0.3556
12.3684,680,,,0.5958,,,,,,13.9794,r2_measured_04328,read,measured,,,,,0.6101,,ok,0.3418
12.482,567,,,0.4994,,,,,,13.9875,r2_measured_04329,read,measured,,,,,0.5885,,ok,0.3467
11.7622,663,,,0.4892,,,,,,13.2053,r2_measured_04330,read,measured,,,,,0.5821,,ok,0.3045
23.9479,689,,,0.5985,,,,,,25.5988,r2_measured_04331,read,measured,,,,,0.65,,ok,0.3223
20.9481,663,,,0.542,,,,,,22.4625,r2_measured_04332,read,measured,,,,,0.5844,,ok,0.3111
17.0333,680,,,0.6321,,,,,,18.639,r2_measured_04333,read,measured,,,,,0.5759,,ok,0.3227
14.4544,568,,,0.7025,,,,,,16.3687,r2_measured_04334,read,measured,,,,,0.6672,,ok,0.4531
9.0108,369,,,0.2266,,,,,,10.067,r2_measured_04335,read,measured,,,,,0.4744,,ok,0.3005
11.3075,663,,,0.8893,,,,,,13.6221,r2_measured_04336,read,measured,,,,,0.7731,,ok,0.4776
13.5166,680,,,0.6934,,,,,,15.406,r2_measured_04337,read,measured,,,,,0.7543,,ok,0.3533
12.5325,675,,,0.7448,,,,,,14.643,r2_measured_04338,read,measured,,,,,0.7528,,ok,0.5103
13.2459,419,,,0.4519,,,,,,15.3073,r2_measured_04339,read,measured,,,,,0.8578,,ok,0.6404
19.5666,568,,,0.9022,,,,,,22.4033,r2_measured_04340,read,measured,,,,,1.1541,,ok,0.6471
18.0892,628,,,0.791,,,,,,20.3619,r2_measured_04341,read,measured,,,,,0.7739,,ok,0.5976
16.1201,681,,,0.602,,,,,,17.7832,r2_measured_04342,read,measured,,,,,0.6653,,ok,0.3132
10.1336,509,,,0.4853,,,,,,11.5538,r2_measured_04343,read,measured,,,,,0.5471,,ok,0.321
14.3382,663,,,0.7275,,,,,,16.3183,r2_measured_04344,read,measured,,,,,0.7224,,ok,0.4379
15.7061,688,,,0.6051,,,,,,17.4751,r2_measured_04345,read,measured,,,,,0.7461,,ok,0.3387
7.9086,369,,,0.2488,,,,,,9.0178,r2_measured_04346,read,measured,,,,,0.4891,,ok,0.3223
12.5613,689,,,0.762,,,,,,14.3779,r2_measured_04347,read,measured,,,,,0.636,,ok,0.334
12.3134,629,,,0.8723,,,,,,14.3096,r2_measured_04348,read,measured,,,,,0.5896,,ok,0.4616
9.2478,509,,,0.4924,,,,,,10.7577,r2_measured_04349,read,measured,,,,,0.6298,,ok,0.309
9.3906,509,,,0.5573,,,,,,10.8873,r2_measured_04350,read,measured,,,,,0.5286,,ok,0.3291
13.027,675,,,0.9076,,,,,,15.0291,r2_measured_04351,read,measured,,,,,0.6565,,ok,0.3652
16.0976,681,,,0.6093,,,,,,17.8968,r2_measured_04352,read,measured,,,,,0.7503,,ok,0.3546
23.405,629,,,0.865,,,,,,25.6873,r2_measured_04353,read,measured,,,,,0.8093,,ok,0.5094
12.5434,419,,,0.257,,,,,,13.6654,r2_measured_04354,read,measured,,,,,0.4959,,ok,0.3069
7.2222,369,,,0.2189,,,,,,8.2526,r2_measured_04355,read,measured,,,,,0.4442,,ok,0.3178
11.129,567,,,0.4977,,,,,,12.6914,r2_measured_04356,read,measured,,,,,0.6007,,ok,0.3857
13.5236,663,,,0.5782,,,,,,15.2533,r2_measured_04357,read,measured,,,,,0.6973,,ok,0.3731
11.0427,629,,,0.5418,,,,,,12.5799,r2_measured_04358,read,measured,,,,,0.5814,,ok,0.3405
7.2842,369,,,0.2526,,,,,,8.423,r2_measured_04359,read,measured,,,,,0.5133,,ok,0.3099
8.1208,419,,,0.2519,,,,,,9.3307,r2_measured_04360,read,measured,,,,,0.5302,,ok,0.3511
10.7169,629,,,0.637,,,,,,12.351,r2_measured_04361,read,measured,,,,,0.622,,ok,0.3119
9.7423,568,,,0.5851,,,,,,11.3963,r2_measured_04362,read,measured,,,,,0.6618,,ok,0.3373
13.159,688,,,0.6955,,,,,,15.0573,r2_measured_04363,read,measured,,,,,0.7203,,ok,0.3956
12.39,679,,,0.6154,,,,,,14.0894,r2_measured_04364,read,measured,,,,,0.6857,,ok,0.3305
10.3811,568,,,0.547,,,,,,12.0553,r2_measured_04365,read,measured,,,,,0.6671,,ok,0.382
10.6963,567,,,0.5241,,,,,,12.1145,r2_measured_04366,read,measured,,,,,0.5391,,ok,0.2993
7.764,419,,,0.2414,,,,,,8.7447,r2_measured_04367,read,measured,,,,,0.3956,,ok,0.298
11.6729,675,,,0.5703,,,,,,13.3247,r2_measured_04368,read,measured,,,,,0.6773,,ok,0.329
8.3037,418,,,0.2541,,,,,,9.4543,r2_measured_04369,read,measured,,,,,0.4537,,ok,0.3846
11.2735,663,,,0.6856,,,,,,13.1036,r2_measured_04370,read,measured,,,,,0.7167,,ok,0.3463
11.9651,568,,,0.5077,,,,,,13.5332,r2_measured_04371,read,measured,,,,,0.6719,,ok,0.3212
15.6237,680,,,0.5873,,,,,,17.1707,r2_measured_04372,read,measured,,,,,0.5817,,ok,0.314
11.5582,679,,,0.6681,,,,,,13.3,r2_measured_04373,read,measured,,,,,0.6614,,ok,0.3301
11.1482,629,,,0.4251,,,,,,12.5922,r2_measured_04374,read,measured,,,,,0.6033,,ok,0.3334
14.73,680,,,0.6214,,,,,,16.4733,r2_measured_04375,read,measured,,,,,0.6629,,ok,0.3752
16.0144,568,,,0.5231,,,,,,17.6348,r2_measured_04376,read,measured,,,,,0.6653,,ok,0.3653
12.5526,419,,,0.2847,,,,,,13.8638,r2_measured_04377,read,measured,,,,,0.6233,,ok,0.334
14.918,663,,,0.599,,,,,,16.5852,r2_measured_04378,read,measured,,,,,0.6332,,ok,0.3521
109.5455,629,14.6943,7.2272,0.4931,2.5359,1,7.2254,1,30.0774,111.0406,r2_measured_04379,update,measured,22.8502,1.4951,1,26.8134,0.5428,35.4245,ok,0.3882
12.6085,509,,,0.7124,,,,,,14.7828,r2_measured_04380,read,measured,,,,,0.7707,,ok,0.5932
26.388,681,,,1.1312,,,,,,29.9286,r2_measured_04381,read,measured,,,,,1.2979,,ok,0.9484
20.6536,680,,,0.9224,,,,,,22.9914,r2_measured_04382,read,measured,,,,,0.8077,,ok,0.499
18.1447,675,,,0.6197,,,,,,19.7631,r2_measured_04383,read,measured,,,,,0.6005,,ok,0.3243
9.4217,567,,,0.5747,,,,,,10.9665,r2_measured_04384,read,measured,,,,,0.5442,,ok,0.3563
11.7154,663,,,0.6517,,,,,,13.4097,r2_measured_04385,read,measured,,,,,0.6352,,ok,0.3315
11.453,679,,,0.6208,,,,,,13.0781,r2_measured_04386,read,measured,,,,,0.5811,,ok,0.3527
11.9527,663,,,0.6516,,,,,,13.7172,r2_measured_04387,read,measured,,,,,0.6811,,ok,0.3497
12.1038,663,,,0.6052,,,,,,13.6327,r2_measured_04388,read,measured,,,,,0.5215,,ok,0.3378
9.3734,509,,,0.4134,,,,,,10.6615,r2_measured_04389,read,measured,,,,,0.536,,ok,0.2895
63.3201,508,12.052,5.2078,0.4395,1.9338,1,5.2062,1,21.8778,64.6727,r2_measured_04390,update,measured,16.67,1.3526,1,9.8979,0.5241,17.5586,ok,0.3337
12.0321,689,,,0.6068,,,,,,13.7756,r2_measured_04391,read,measured,,,,,0.6675,,ok,0.3254
11.9669,675,,,0.5406,,,,,,13.4758,r2_measured_04392,read,measured,,,,,0.5775,,ok,0.3243
11.1688,681,,,0.6528,,,,,,12.932,r2_measured_04393,read,measured,,,,,0.6609,,ok,0.3637
13.4413,680,,,0.5424,,,,,,14.9256,r2_measured_04394,read,measured,,,,,0.5632,,ok,0.3087
12.5533,680,,,0.5045,,,,,,14.0657,r2_measured_04395,read,measured,,,,,0.6216,,ok,0.3137
11.63,509,,,0.5541,,,,,,13.2836,r2_measured_04396,read,measured,,,,,0.6486,,ok,0.371
14.0303,688,,,0.7098,,,,,,15.9217,r2_measured_04397,read,measured,,,,,0.6999,,ok,0.3952
9.2582,419,,,0.3725,,,,,,10.7085,r2_measured_04398,read,measured,,,,,0.6383,,ok,0.3704
10.873,567,,,0.5474,,,,,,12.497,r2_measured_04399,read,measured,,,,,0.6393,,ok,0.3719
11.3224,629,,,0.4864,,,,,,12.7846,r2_measured_04400,read,measured,,,,,0.4858,,ok,0.4239
13.0126,680,,,0.7767,,,,,,15.0233,r2_measured_04401,read,measured,,,,,0.7471,,ok,0.3986
10.4647,369,,,0.2725,,,,,,11.6799,r2_measured_04402,read,measured,,,,,0.4658,,ok,0.4194
12.1659,689,,,0.541,,,,,,13.7574,r2_measured_04403,read,measured,,,,,0.6374,,ok,0.3192
9.5409,509,,,0.4471,,,,,,10.9059,r2_measured_04404,read,measured,,,,,0.5483,,ok,0.3067
11.7337,680,,,0.9566,,,,,,14.6186,r2_measured_04405,read,measured,,,,,0.9679,,ok,0.8229
15.4692,681,,,0.5996,,,,,,17.1785,r2_measured_04406,read,measured,,,,,0.6928,,ok,0.3374
12.1679,663,,,0.968,,,,,,14.2874,r2_measured_04407,read,measured,,,,,0.6242,,ok,0.3898
12.2168,663,,,0.5057,,,,,,13.7244,r2_measured_04408,read,measured,,,,,0.6194,,ok,0.3085
10.5708,509,,,0.4702,,,,,,11.9692,r2_measured_04409,read,measured,,,,,0.4974,,ok,0.3715
9.4154,509,,,0.4274,,,,,,10.8291,r2_measured_04410,read,measured,,,,,0.6363,,ok,0.2973
69.6296,681,13.9485,6.1583,0.6825,2.5319,1,6.1569,1,30.1433,71.669,r2_measured_04411,update,measured,23.985,2.0394,1,0.0079,0.7898,22.998,ok,0.4777
14.128,663,,,0.5653,,,,,,15.7607,r2_measured_04412,read,measured,,,,,0.6419,,ok,0.3488
10.7917,568,,,0.5506,,,,,,12.3354,r2_measured_04413,read,measured,,,,,0.597,,ok,0.3311
12.0468,509,,,0.5276,,,,,,13.6258,r2_measured_04414,read,measured,,,,,0.6289,,ok,0.3588
11.652,673,,,0.4917,,,,,,13.0913,r2_measured_04415,read,measured,,,,,0.5712,,ok,0.3177
11.409,680,,,0.5898,,,,,,13.1961,r2_measured_04416,read,measured,,,,,0.6369,,ok,0.4588
10.6818,509,,,0.4968,,,,,,12.1924,r2_measured_04417,read,measured,,,,,0.6016,,ok,0.3466
15.3339,681,,,0.5631,,,,,,16.9374,r2_measured_04418,read,measured,,,,,0.6389,,ok,0.3315
12.6506,680,,,0.5874,,,,,,14.3537,r2_measured_04419,read,measured,,,,,0.728,,ok,0.318
11.7975,629,,,0.8157,,,,,,13.8002,r2_measured_04420,read,measured,,,,,0.7157,,ok,0.3923
10.2455,419,,,0.4615,,,,,,12.0102,r2_measured_04421,read,measured,,,,,0.7374,,ok,0.4736
10.7274,419,,,0.3402,,,,,,12.2231,r2_measured_04422,read,measured,,,,,0.6075,,ok,0.4716
14.4023,568,,,0.7193,,,,,,16.8148,r2_measured_04423,read,measured,,,,,1.0256,,ok,0.5662
14.6652,509,,,0.7718,,,,,,17.1594,r2_measured_04424,read,measured,,,,,0.945,,ok,0.6448
15.5813,509,,,0.8444,,,,,,18.0188,r2_measured_04425,read,measured,,,,,0.9292,,ok,0.5554
15.6507,681,,,0.8109,,,,,,17.7662,r2_measured_04426,read,measured,,,,,0.7915,,ok,0.4226
11.8868,568,,,0.6379,,,,,,13.6716,r2_measured_04427,read,measured,,,,,0.7133,,ok,0.3495
16.9482,681,,,0.7533,,,,,,19.2521,r2_measured_04428,read,measured,,,,,0.944,,ok,0.4921
16.2431,509,,,0.9562,,,,,,19.1828,r2_measured_04429,read,measured,,,,,1.2209,,ok,0.6402
20.526,419,,,0.4459,,,,,,22.5672,r2_measured_04430,read,measured,,,,,0.8326,,ok,0.6523
21.7153,663,,,0.6925,,,,,,23.7126,r2_measured_04431,read,measured,,,,,0.7731,,ok,0.4346
20.8367,689,,,0.5562,,,,,,22.4323,r2_measured_04432,read,measured,,,,,0.5891,,ok,0.3707
11.8212,680,,,0.5349,,,,,,13.4873,r2_measured_04433,read,measured,,,,,0.7208,,ok,0.3311
12.6225,680,,,0.638,,,,,,14.5229,r2_measured_04434,read,measured,,,,,0.7756,,ok,0.3935
14.0534,680,,,0.6957,,,,,,15.8225,r2_measured_04435,read,measured,,,,,0.6607,,ok,0.3348
7.9426,419,,,0.2299,,,,,,9.0056,r2_measured_04436,read,measured,,,,,0.4834,,ok,0.2975
69.1518,628,15.4443,3.2397,0.6852,2.3902,1,3.238,1,22.5182,71.2051,r2_measured_04437,update,measured,19.2785,2.0533,1,9.377,0.7638,19.4221,ok,0.5082
18.1394,629,,,0.701,,,,,,20.2294,r2_measured_04438,read,measured,,,,,0.8423,,ok,0.4563
17.2308,629,,,0.6664,,,,,,19.0906,r2_measured_04439,read,measured,,,,,0.7196,,ok,0.3888
16.2356,689,,,0.857,,,,,,18.8742,r2_measured_04440,read,measured,,,,,1.1114,,ok,0.5345
15.4903,509,,,0.6352,,,,,,17.5026,r2_measured_04441,read,measured,,,,,0.8505,,ok,0.4451
13.0656,509,,,0.5257,,,,,,14.6942,r2_measured_04442,read,measured,,,,,0.6188,,ok,0.4047
13.6665,680,,,0.5636,,,,,,15.3253,r2_measured_04443,read,measured,,,,,0.658,,ok,0.3639
11.3492,629,,,0.5091,,,,,,12.8897,r2_measured_04444,read,measured,,,,,0.5932,,ok,0.3713
12.7161,675,,,0.6088,,,,,,14.3316,r2_measured_04445,read,measured,,,,,0.5487,,ok,0.373
11.2638,629,,,0.588,,,,,,12.8274,r2_measured_04446,read,measured,,,,,0.5558,,ok,0.3497
9.5721,509,,,0.4454,,,,,,10.8691,r2_measured_04447,read,measured,,,,,0.4924,,ok,0.3053
12.9682,675,,,0.5215,,,,,,14.7343,r2_measured_04448,read,measured,,,,,0.7749,,ok,0.3746
13.8283,663,,,0.6461,,,,,,15.8671,r2_measured_04449,read,measured,,,,,0.8794,,ok,0.4331
15.9486,681,,,0.7358,,,,,,18.1742,r2_measured_04450,read,measured,,,,,0.9337,,ok,0.4389
13.5519,675,,,0.6351,,,,,,15.4465,r2_measured_04451,read,measured,,,,,0.7782,,ok,0.3818
11.9429,509,,,0.4803,,,,,,13.4134,r2_measured_04452,read,measured,,,,,0.5867,,ok,0.3331
10.6472,568,,,0.5092,,,,,,12.0806,r2_measured_04453,read,measured,,,,,0.5386,,ok,0.3172
17.4537,681,,,0.536,,,,,,19.0012,r2_measured_04454,read,measured,,,,,0.5848,,ok,0.3454
8.0828,419,,,0.2585,,,,,,9.1692,r2_measured_04455,read,measured,,,,,0.4649,,ok,0.3043
12.0022,629,,,0.5351,,,,,,13.7899,r2_measured_04456,read,measured,,,,,0.8483,,ok,0.3319
10.544,568,,,0.5577,,,,,,12.2109,r2_measured_04457,read,measured,,,,,0.6925,,ok,0.3396
17.0539,629,,,0.6556,,,,,,18.9948,r2_measured_04458,read,measured,,,,,0.7894,,ok,0.3978
18.1239,680,,,0.6954,,,,,,19.904,r2_measured_04459,read,measured,,,,,0.6404,,ok,0.3635
10.2201,509,,,0.5293,,,,,,11.807,r2_measured_04460,read,measured,,,,,0.6145,,ok,0.3773
12.63,680,,,1.1648,,,,,,14.7685,r2_measured_04461,read,measured,,,,,0.5583,,ok,0.3415
12.0178,663,,,0.5324,,,,,,13.5612,r2_measured_04462,read,measured,,,,,0.6087,,ok,0.3279
9.0281,509,,,0.523,,,,,,10.6015,r2_measured_04463,read,measured,,,,,0.5985,,ok,0.3884
9.0296,419,,,0.3119,,,,,,10.4349,r2_measured_04464,read,measured,,,,,0.6197,,ok,0.3821
11.7033,663,,,0.7433,,,,,,13.7887,r2_measured_04465,read,measured,,,,,0.8311,,ok,0.4296
14.7624,568,,,0.5011,,,,,,16.3238,r2_measured_04466,read,measured,,,,,0.6259,,ok,0.3621
11.1015,567,,,0.5257,,,,,,12.6781,r2_measured_04467,read,measured,,,,,0.6363,,ok,0.3409
8.199,419,,,0.3215,,,,,,9.3046,r2_measured_04468,read,measured,,,,,0.4207,,ok,0.3071
6.7962,369,,,0.2424,,,,,,7.8569,r2_measured_04469,read,measured,,,,,0.4811,,ok,0.2941
10.9899,629,,,0.5175,,,,,,12.5882,r2_measured_04470,read,measured,,,,,0.6966,,ok,0.3145
12.2928,663,,,0.7094,,,,,,14.2834,r2_measured_04471,read,measured,,,,,0.788,,ok,0.4067
14.1048,629,,,0.6541,,,,,,16.1994,r2_measured_04472,read,measured,,,,,0.9347,,ok,0.3923
14.3493,675,,,0.7653,,,,,,16.5869,r2_measured_04473,read,measured,,,,,0.8792,,ok,0.5045
18.273,688,,,0.9922,,,,,,21.2054,r2_measured_04474,read,measured,,,,,1.1676,,ok,0.6366
21.8493,680,,,0.9385,,,,,,24.6241,r2_measured_04475,read,measured,,,,,1.1671,,ok,0.5482
25.9223,688,,,0.9637,,,,,,28.8532,r2_measured_04476,read,measured,,,,,1.1908,,ok,0.6435
14.8753,629,,,0.5916,,,,,,16.6269,r2_measured_04477,read,measured,,,,,0.7031,,ok,0.371
58.777,675,13.3148,3.8345,0.5585,2.8213,1,3.8328,1,21.6205,60.4929,r2_measured_04478,update,measured,17.786,1.7159,1,0.0061,0.7412,21.0143,ok,0.3287
13.1017,681,,,0.5765,,,,,,14.6563,r2_measured_04479,read,measured,,,,,0.5975,,ok,0.3094
13.0689,629,,,0.6883,,,,,,14.9679,r2_measured_04480,read,measured,,,,,0.7235,,ok,0.3916
8.6143,369,,,0.2597,,,,,,9.8057,r2_measured_04481,read,measured,,,,,0.505,,ok,0.3655
12.5987,675,,,0.6576,,,,,,14.2261,r2_measured_04482,read,measured,,,,,0.5828,,ok,0.3133
13.3921,663,,,0.6371,,,,,,15.1681,r2_measured_04483,read,measured,,,,,0.5926,,ok,0.4587
13.3875,680,,,0.5886,,,,,,15.4297,r2_measured_04484,read,measured,,,,,1.0023,,ok,0.3667
9.7871,417,,,0.3166,,,,,,11.2153,r2_measured_04485,read,measured,,,,,0.6154,,ok,0.4226
13.441,629,,,0.5996,,,,,,15.0765,r2_measured_04486,read,measured,,,,,0.5886,,ok,0.3731
9.5149,509,,,0.9842,,,,,,12.1808,r2_measured_04487,read,measured,,,,,0.5405,,ok,1.0795
10.191,509,,,0.4938,,,,,,11.7092,r2_measured_04488,read,measured,,,,,0.6087,,ok,0.3447
13.9629,680,,,0.6198,,,,,,15.8234,r2_measured_04489,read,measured,,,,,0.7612,,ok,0.3976
17.6014,681,,,0.7956,,,,,,19.5687,r2_measured_04490,read,measured,,,,,0.7344,,ok,0.3548
9.8488,509,,,0.47,,,,,,11.1974,r2_measured_04491,read,measured,,,,,0.4915,,ok,0.3256
7.5665,419,,,0.2527,,,,,,8.5921,r2_measured_04492,read,measured,,,,,0.4234,,ok,0.299
9.5452,509,,,0.4512,,,,,,10.941,r2_measured_04493,read,measured,,,,,0.5608,,ok,0.3138
14.7485,675,,,0.5607,,,,,,16.3854,r2_measured_04494,read,measured,,,,,0.6341,,ok,0.3608
17.4234,673,,,0.5746,,,,,,19.1151,r2_measured_04495,read,measured,,,,,0.6678,,ok,0.3669
10.6089,509,,,0.4596,,,,,,12.0958,r2_measured_04496,read,measured,,,,,0.5889,,ok,0.359
12.7781,689,,,0.8404,,,,,,14.9311,r2_measured_04497,read,measured,,,,,0.8304,,ok,0.3884
12.6183,663,,,0.533,,,,,,14.3347,r2_measured_04498,read,measured,,,,,0.7298,,ok,0.3314
7.2357,369,,,0.2164,,,,,,8.271,r2_measured_04499,read,measured,,,,,0.4646,,ok,0.3033
8.2497,418,,,0.2859,,,,,,9.5259,r2_measured_04500,read,measured,,,,,0.5646,,ok,0.3392
8.3969,419,,,0.2335,,,,,,9.4987,r2_measured_04501,read,measured,,,,,0.4666,,ok,0.3507
11.4444,675,,,0.5627,,,,,,12.9344,r2_measured_04502,read,measured,,,,,0.5656,,ok,0.3023
8.4941,417,,,0.3469,,,,,,10.1311,r2_measured_04503,read,measured,,,,,0.7062,,ok,0.4914
13.0138,567,,,0.5051,,,,,,14.6328,r2_measured_04504,read,measured,,,,,0.6814,,ok,0.3613
11.5996,629,,,0.524,,,,,,13.047,r2_measured_04505,read,measured,,,,,0.5592,,ok,0.3056
7.2021,369,,,0.2212,,,,,,8.2587,r2_measured_04506,read,measured,,,,,0.4791,,ok,0.2982
12.1113,681,,,0.5183,,,,,,13.584,r2_measured_04507,read,measured,,,,,0.587,,ok,0.2976
10.0133,509,,,0.4907,,,,,,11.5126,r2_measured_04508,read,measured,,,,,0.5412,,ok,0.4025
14.3573,689,,,0.6386,,,,,,16.2468,r2_measured_04509,read,measured,,,,,0.6962,,ok,0.4395
8.2596,419,,,0.2248,,,,,,9.3263,r2_measured_04510,read,measured,,,,,0.4869,,ok,0.3064
11.1738,629,,,0.5412,,,,,,12.7715,r2_measured_04511,read,measured,,,,,0.647,,ok,0.329
13.9109,681,,,0.6834,,,,,,15.8424,r2_measured_04512,read,measured,,,,,0.7346,,ok,0.4185
14.8317,689,,,0.6933,,,,,,17.0028,r2_measured_04513,read,measured,,,,,1.0457,,ok,0.3426
9.9177,509,,,0.4944,,,,,,11.4936,r2_measured_04514,read,measured,,,,,0.6498,,ok,0.3439
11.7778,680,,,0.8708,,,,,,13.6715,r2_measured_04515,read,measured,,,,,0.6356,,ok,0.3267
12.3287,679,,,0.5237,,,,,,13.8721,r2_measured_04516,read,measured,,,,,0.6112,,ok,0.3295
11.1964,629,,,0.5439,,,,,,12.8639,r2_measured_04517,read,measured,,,,,0.6649,,ok,0.3909
16.083,679,,,0.8069,,,,,,18.5211,r2_measured_04518,read,measured,,,,,0.9779,,ok,0.5348
17.0777,629,,,0.5071,,,,,,18.6123,r2_measured_04519,read,measured,,,,,0.623,,ok,0.3355
11.6378,628,,,0.526,,,,,,13.2435,r2_measured_04520,read,measured,,,,,0.6507,,ok,0.3434
11.4188,680,,,0.4697,,,,,,12.9881,r2_measured_04521,read,measured,,,,,0.6925,,ok,0.3388
9.6313,568,,,0.5134,,,,,,11.4297,r2_measured_04522,read,measured,,,,,0.9028,,ok,0.3218
11.4421,680,,,0.5808,,,,,,13.0118,r2_measured_04523,read,measured,,,,,0.5841,,ok,0.3307
11.1298,629,,,0.6589,,,,,,13.1081,r2_measured_04524,read,measured,,,,,0.7853,,ok,0.4562
11.0267,567,,,0.5183,,,,,,12.66,r2_measured_04525,read,measured,,,,,0.683,,ok,0.3584
12.996,681,,,0.5251,,,,,,14.5873,r2_measured_04526,read,measured,,,,,0.6275,,ok,0.3635
11.1912,568,,,0.6129,,,,,,12.9575,r2_measured_04527,read,measured,,,,,0.6731,,ok,0.4057
12.9146,680,,,0.5437,,,,,,14.5478,r2_measured_04528,read,measured,,,,,0.6218,,ok,0.3841
12.1881,681,,,1.1195,,,,,,14.301,r2_measured_04529,read,measured,,,,,0.5686,,ok,0.3533
80.2803,689,14.8451,6.7056,1.0189,2.121,1,6.704,1,31.4099,82.3377,r2_measured_04530,update,measured,24.7043,2.0574,1,10.9724,0.6078,20.9319,ok,0.3502
11.4738,675,,,0.542,,,,,,12.988,r2_measured_04531,read,measured,,,,,0.6032,,ok,0.3011
12.3709,627,,,0.6559,,,,,,14.3023,r2_measured_04532,read,measured,,,,,0.7665,,ok,0.4218
14.2325,629,,,1.0914,,,,,,16.5144,r2_measured_04533,read,measured,,,,,0.6702,,ok,0.4407
9.7325,509,,,0.4804,,,,,,11.1687,r2_measured_04534,read,measured,,,,,0.5394,,ok,0.3581
11.263,568,,,0.5707,,,,,,12.8787,r2_measured_04535,read,measured,,,,,0.5668,,ok,0.4003
8.5867,419,,,0.2531,,,,,,9.7003,r2_measured_04536,read,measured,,,,,0.4844,,ok,0.3206
7.081,369,,,0.2514,,,,,,8.392,r2_measured_04537,read,measured,,,,,0.5817,,ok,0.4238
13.3373,681,,,0.6475,,,,,,14.981,r2_measured_04538,read,measured,,,,,0.5893,,ok,0.3302
11.1852,629,,,0.5328,,,,,,12.7236,r2_measured_04539,read,measured,,,,,0.5956,,ok,0.3424
110.7428,680,23.3727,5.3582,1.0284,2.2158,1,5.3565,1,19.6629,113.5731,r2_measured_04540,update,measured,14.3047,2.8303,1,33.2545,0.9823,32.2369,ok,0.688
23.711,568,,,1.1282,,,,,,27.2729,r2_measured_04541,read,measured,,,,,1.4399,,ok,0.819
24.7305,627,,,1.2032,,,,,,28.2819,r2_measured_04542,read,measured,,,,,1.1961,,ok,0.9107
19.8309,418,,,0.4943,,,,,,22.131,r2_measured_04543,read,measured,,,,,0.948,,ok,0.731
15.6292,419,,,0.3528,,,,,,17.2033,r2_measured_04544,read,measured,,,,,0.6764,,ok,0.4621
9.2837,369,,,0.2587,,,,,,10.5558,r2_measured_04545,read,measured,,,,,0.5148,,ok,0.4259
9.1245,369,,,0.2076,,,,,,10.172,r2_measured_04546,read,measured,,,,,0.4758,,ok,0.3097
11.3763,679,,,0.5651,,,,,,12.9701,r2_measured_04547,read,measured,,,,,0.6192,,ok,0.3404
11.9997,689,,,0.5744,,,,,,13.6133,r2_measured_04548,read,measured,,,,,0.6416,,ok,0.3242
13.0847,689,,,0.7803,,,,,,15.0482,r2_measured_04549,read,measured,,,,,0.7022,,ok,0.4003
10.2133,508,,,0.8084,,,,,,12.0465,r2_measured_04550,read,measured,,,,,0.5536,,ok,0.3964
13.3668,629,,,0.9433,,,,,,16.0399,r2_measured_04551,read,measured,,,,,0.9675,,ok,0.6479
27.0137,629,,,1.1996,,,,,,30.2065,r2_measured_04552,read,measured,,,,,1.2536,,ok,0.5989
74.271,680,12.9967,8.0456,0.7185,2.3916,1,8.0431,1,24.619,76.2197,r2_measured_04553,update,measured,16.5734,1.9487,1,11.2246,0.7436,23.0391,ok,0.4143
18.0952,663,,,0.599,,,,,,20.0853,r2_measured_04554,read,measured,,,,,0.8191,,ok,0.4694
12.9672,681,,,0.4901,,,,,,14.3846,r2_measured_04555,read,measured,,,,,0.5537,,ok,0.3049
12.0158,663,,,0.5651,,,,,,13.6899,r2_measured_04556,read,measured,,,,,0.6382,,ok,0.3243
10.6407,568,,,0.4687,,,,,,12.0828,r2_measured_04557,read,measured,,,,,0.5795,,ok,0.337
12.9033,663,,,0.6465,,,,,,14.798,r2_measured_04558,read,measured,,,,,0.7195,,ok,0.3991
13.2236,663,,,0.5429,,,,,,14.7736,r2_measured_04559,read,measured,,,,,0.6281,,ok,0.3091
11.4576,689,,,0.593,,,,,,13.0597,r2_measured_04560,read,measured,,,,,0.6257,,ok,0.315
61.022,419,8.7754,5.7349,0.2475,1.648,1,5.733,1,24.7328,62.054,r2_measured_04561,update,measured,18.9979,1.032,1,9.9691,0.4152,15.8967,ok,0.3171
7.2275,369,,,0.2847,,,,,,8.54,r2_measured_04562,read,measured,,,,,0.5766,,ok,0.3858
13.4136,675,,,0.6067,,,,,,15.0719,r2_measured_04563,read,measured,,,,,0.6268,,ok,0.3501
11.8611,675,,,0.4858,,,,,,13.3152,r2_measured_04564,read,measured,,,,,0.5902,,ok,0.3115
14.1552,680,,,0.9607,,,,,,17.0345,r2_measured_04565,read,measured,,,,,1.1512,,ok,0.6613
80.9041,629,14.3123,13.1365,0.6473,2.0223,1,13.1323,1,33.5824,82.7626,r2_measured_04566,update,measured,20.4459,1.8585,1,9.7155,0.7171,21.2716,ok,0.4148
18.8196,689,,,0.6525,,,,,,20.7693,r2_measured_04567,read,measured,,,,,0.8022,,ok,0.4073
21.7223,675,,,1.2745,,,,,,24.8157,r2_measured_04568,read,measured,,,,,0.9439,,ok,0.7659
16.9476,567,,,0.7304,,,,,,18.7362,r2_measured_04569,read,measured,,,,,0.6388,,ok,0.3534
16.1786,568,,,0.4972,,,,,,17.8103,r2_measured_04570,read,measured,,,,,0.6745,,ok,0.3816
15.7879,629,,,0.4424,,,,,,17.2095,r2_measured_04571,read,measured,,,,,0.5796,,ok,0.3397
16.2149,663,,,0.5934,,,,,,17.9093,r2_measured_04572,read,measured,,,,,0.6405,,ok,0.3757
14.1698,419,,,0.3182,,,,,,15.354,r2_measured_04573,read,measured,,,,,0.441,,ok,0.3649
15.4029,419,,,0.2807,,,,,,16.6091,r2_measured_04574,read,measured,,,,,0.5408,,ok,0.324
16.1326,629,,,0.563,,,,,,17.7154,r2_measured_04575,read,measured,,,,,0.642,,ok,0.31
10.1179,568,,,0.5415,,,,,,11.621,r2_measured_04576,read,measured,,,,,0.5753,,ok,0.3165
12.5436,689,,,0.5034,,,,,,14.0534,r2_measured_04577,read,measured,,,,,0.6184,,ok,0.3178
14.5406,675,,,0.8514,,,,,,17.0886,r2_measured_04578,read,measured,,,,,1.0931,,ok,0.4753
10.339,369,,,0.2496,,,,,,11.729,r2_measured_04579,read,measured,,,,,0.5682,,ok,0.4953
9.5028,369,,,0.2283,,,,,,10.5231,r2_measured_04580,read,measured,,,,,0.4291,,ok,0.3092
10.7429,509,,,0.5237,,,,,,12.3111,r2_measured_04581,read,measured,,,,,0.5914,,ok,0.379
13.6493,663,,,0.6411,,,,,,15.4053,r2_measured_04582,read,measured,,,,,0.674,,ok,0.3692
67.7361,674,12.4144,5.8343,0.5407,2.3314,1,5.8326,1,22.1995,69.4579,r2_measured_04583,update,measured,16.3652,1.7218,1,10.1745,0.7623,20.6163,ok,0.3575
9.4221,509,,,0.6178,,,,,,11.1369,r2_measured_04584,read,measured,,,,,0.6582,,ok,0.3529
12.66,689,,,0.5646,,,,,,14.2632,r2_measured_04585,read,measured,,,,,0.662,,ok,0.3086
9.7508,567,,,0.5996,,,,,,11.2795,r2_measured_04586,read,measured,,,,,0.4954,,ok,0.3711
95.8402,680,14.0734,8.037,0.7658,2.5393,1,8.0353,1,41.3188,97.7776,r2_measured_04587,update,measured,33.2818,1.9374,1,14.2939,0.6616,23.6148,ok,0.4261
8.0104,369,,,0.2641,,,,,,9.2176,r2_measured_04588,read,measured,,,,,0.5369,,ok,0.3432
12.4698,680,,,0.8387,,,,,,14.8161,r2_measured_04589,read,measured,,,,,0.6776,,ok,0.7398
13.3581,681,,,0.6353,,,,,,15.0804,r2_measured_04590,read,measured,,,,,0.6621,,ok,0.342
12.4028,680,,,0.5761,,,,,,14.1764,r2_measured_04591,read,measured,,,,,0.7409,,ok,0.3747
15.6774,567,,,0.6615,,,,,,17.6265,r2_measured_04592,read,measured,,,,,0.7653,,ok,0.432
19.7334,689,,,0.6406,,,,,,21.4777,r2_measured_04593,read,measured,,,,,0.641,,ok,0.3734
14.7951,629,,,0.6077,,,,,,16.5805,r2_measured_04594,read,measured,,,,,0.6639,,ok,0.4254
10.062,419,,,0.2758,,,,,,11.3137,r2_measured_04595,read,measured,,,,,0.5553,,ok,0.357
12.5016,688,,,0.5598,,,,,,14.0874,r2_measured_04596,read,measured,,,,,0.6315,,ok,0.3239
12.2988,675,,,0.6426,,,,,,13.9912,r2_measured_04597,read,measured,,,,,0.596,,ok,0.3755
11.9923,507,,,0.8122,,,,,,14.1155,r2_measured_04598,read,measured,,,,,0.7088,,ok,0.5125
16.3501,663,,,0.6974,,,,,,18.3205,r2_measured_04599,read,measured,,,,,0.7821,,ok,0.4021
9.7024,369,,,0.2817,,,,,,10.77,r2_measured_04600,read,measured,,,,,0.3503,,ok,0.363
11.6535,663,,,0.5226,,,,,,13.3918,r2_measured_04601,read,measured,,,,,0.5863,,ok,0.5484
15.0659,629,,,0.5886,,,,,,16.7766,r2_measured_04602,read,measured,,,,,0.6766,,ok,0.3643
8.7884,419,,,0.2287,,,,,,9.8575,r2_measured_04603,read,measured,,,,,0.445,,ok,0.3377
11.6132,680,,,0.6076,,,,,,13.9824,r2_measured_04604,read,measured,,,,,0.6983,,ok,0.9235
16.4742,688,,,0.6326,,,,,,18.4462,r2_measured_04605,read,measured,,,,,0.7943,,ok,0.4547
12.9845,568,,,0.5117,,,,,,14.5529,r2_measured_04606,read,measured,,,,,0.6386,,ok,0.3387
9.4986,508,,,0.7902,,,,,,11.3207,r2_measured_04607,read,measured,,,,,0.4815,,ok,0.4746
10.2072,568,,,0.4289,,,,,,11.6135,r2_measured_04608,read,measured,,,,,0.5771,,ok,0.3399
8.8509,419,,,0.2719,,,,,,10.1087,r2_measured_04609,read,measured,,,,,0.5716,,ok,0.3476
13.3146,680,,,0.5755,,,,,,14.8734,r2_measured_04610,read,measured,,,,,0.5987,,ok,0.318
10.9503,629,,,0.6406,,,,,,12.5959,r2_measured_04611,read,measured,,,,,0.5459,,ok,0.3728
8.3551,419,,,0.2476,,,,,,9.4563,r2_measured_04612,read,measured,,,,,0.4625,,ok,0.3333
11.6907,689,,,0.6582,,,,,,13.7065,r2_measured_04613,read,measured,,,,,0.7556,,ok,0.4821
8.446,419,,,0.2803,,,,,,9.6272,r2_measured_04614,read,measured,,,,,0.4233,,ok,0.4135
55.4066,628,11.6097,4.6722,0.4937,2.1517,0,4.6706,1,22.1758,57.0081,r2_measured_04615,update,measured,17.5036,1.6015,1,0.0061,0.7109,19.4633,ok,0.3368
69.1547,568,11.4271,4.1683,0.4524,4.2716,1,4.1666,1,20.7024,70.5516,r2_measured_04616,update,measured,16.5341,1.3969,1,12.1763,0.4854,20.5773,ok,0.3998
7.3779,369,,,0.2259,,,,,,8.4821,r2_measured_04617,read,measured,,,,,0.5031,,ok,0.3165
12.307,663,,,0.6255,,,,,,14.0555,r2_measured_04618,read,measured,,,,,0.6567,,ok,0.3904
12.8353,680,,,0.56,,,,,,14.423,r2_measured_04619,read,measured,,,,,0.6353,,ok,0.3243
9.3109,508,,,0.4412,,,,,,10.7424,r2_measured_04620,read,measured,,,,,0.5519,,ok,0.36
11.8238,681,,,0.6985,,,,,,13.7613,r2_measured_04621,read,measured,,,,,0.7541,,ok,0.4047
13.3544,680,,,0.7401,,,,,,15.3269,r2_measured_04622,read,measured,,,,,0.7297,,ok,0.4128
12.8334,663,,,0.6103,,,,,,14.4727,r2_measured_04623,read,measured,,,,,0.5986,,ok,0.3563
11.0112,629,,,0.5511,,,,,,12.7011,r2_measured_04624,read,measured,,,,,0.7137,,ok,0.3278
12.9199,675,,,0.5381,,,,,,14.5058,r2_measured_04625,read,measured,,,,,0.6155,,ok,0.3565
13.8529,663,,,0.7919,,,,,,16.0433,r2_measured_04626,read,measured,,,,,0.7411,,ok,0.564
48.6017,418,8.5321,4.8124,0.2355,1.7232,1,4.8105,1,22.6666,49.667,r2_measured_04627,update,measured,17.8542,1.0653,1,0.006,0.4584,15.6738,ok,0.3168
11.5595,689,,,0.7011,,,,,,13.2813,r2_measured_04628,read,measured,,,,,0.5938,,ok,0.3606
11.1404,419,,,0.3163,,,,,,12.5302,r2_measured_04629,read,measured,,,,,0.6235,,ok,0.374
12.9805,663,,,0.6252,,,,,,14.724,r2_measured_04630,read,measured,,,,,0.7021,,ok,0.3459
11.5179,629,,,0.7775,,,,,,13.8377,r2_measured_04631,read,measured,,,,,0.9897,,ok,0.4559
15.4218,680,,,0.5939,,,,,,17.1656,r2_measured_04632,read,measured,,,,,0.7109,,ok,0.3578
13.9103,629,,,0.5812,,,,,,15.6823,r2_measured_04633,read,measured,,,,,0.6795,,ok,0.3868
77.8299,568,11.1713,7.6706,0.6128,2.2657,1,7.6688,1,28.6589,79.6219,r2_measured_04634,update,measured,20.9883,1.792,1,12.49,0.712,23.244,ok,0.3866
11.686,509,,,0.6092,,,,,,13.5873,r2_measured_04635,read,measured,,,,,0.7421,,ok,0.4733
11.6534,369,,,0.336,,,,,,13.3881,r2_measured_04636,read,measured,,,,,0.7945,,ok,0.5179
20.6192,568,,,0.7336,,,,,,22.7938,r2_measured_04637,read,measured,,,,,0.8447,,ok,0.5021
11.7609,369,,,0.302,,,,,,13.3072,r2_measured_04638,read,measured,,,,,0.6659,,ok,0.4968
16.2452,663,,,0.9373,,,,,,18.7472,r2_measured_04639,read,measured,,,,,0.8889,,ok,0.5714
23.4358,680,,,1.21,,,,,,27.4022,r2_measured_04640,read,measured,,,,,1.6523,,ok,0.8821
24.7458,568,,,0.971,,,,,,27.5112,r2_measured_04641,read,measured,,,,,1.0485,,ok,0.6263
21.8351,419,,,0.288,,,,,,23.2364,r2_measured_04642,read,measured,,,,,0.6665,,ok,0.3678
15.6731,629,,,0.5892,,,,,,17.2308,r2_measured_04643,read,measured,,,,,0.5871,,ok,0.3138
13.4586,663,,,0.7301,,,,,,15.4023,r2_measured_04644,read,measured,,,,,0.7358,,ok,0.3872
9.8264,509,,,0.4533,,,,,,11.2963,r2_measured_04645,read,measured,,,,,0.64,,ok,0.3153
11.8331,681,,,0.637,,,,,,13.5181,r2_measured_04646,read,measured,,,,,0.6285,,ok,0.3506
14.4294,679,,,0.5581,,,,,,15.9776,r2_measured_04647,read,measured,,,,,0.5904,,ok,0.3224
7.8935,419,,,0.2515,,,,,,8.9597,r2_measured_04648,read,measured,,,,,0.445,,ok,0.315
13.9912,629,,,0.6681,,,,,,16.023,r2_measured_04649,read,measured,,,,,0.8208,,ok,0.4425
12.8728,509,,,0.5607,,,,,,14.6207,r2_measured_04650,read,measured,,,,,0.5876,,ok,0.5275
10.0413,419,,,0.3041,,,,,,11.3311,r2_measured_04651,read,measured,,,,,0.5315,,ok,0.3921
12.2539,675,,,0.7432,,,,,,14.019,r2_measured_04652,read,measured,,,,,0.6077,,ok,0.3332
11.8287,674,,,0.5088,,,,,,13.3225,r2_measured_04653,read,measured,,,,,0.6045,,ok,0.3163
9.9589,509,,,0.5102,,,,,,11.4453,r2_measured_04654,read,measured,,,,,0.5743,,ok,0.3351
8.7867,419,,,0.255,,,,,,9.8966,r2_measured_04655,read,measured,,,,,0.4745,,ok,0.327
11.8516,675,,,0.5905,,,,,,13.3907,r2_measured_04656,read,measured,,,,,0.5736,,ok,0.3092
9.0023,419,,,0.3474,,,,,,10.7958,r2_measured_04657,read,measured,,,,,0.8407,,ok,0.5262
17.3628,629,,,1.0137,,,,,,20.1815,r2_measured_04658,read,measured,,,,,1.0146,,ok,0.669
15.4934,509,,,0.5496,,,,,,17.2211,r2_measured_04659,read,measured,,,,,0.673,,ok,0.4095
15.2665,680,,,0.6377,,,,,,16.8652,r2_measured_04660,read,measured,,,,,0.5972,,ok,0.2968
13.7571,509,,,0.4808,,,,,,15.254,r2_measured_04661,read,measured,,,,,0.5866,,ok,0.3603
16.3711,629,,,0.7683,,,,,,18.674,r2_measured_04662,read,measured,,,,,0.9942,,ok,0.4468
18.4156,509,,,0.6567,,,,,,20.7297,r2_measured_04663,read,measured,,,,,1.048,,ok,0.5047
19.7949,680,,,0.6291,,,,,,21.5922,r2_measured_04664,read,measured,,,,,0.7139,,ok,0.3744
19.5203,629,,,0.8454,,,,,,21.8906,r2_measured_04665,read,measured,,,,,0.8884,,ok,0.5212
15.6829,681,,,0.5612,,,,,,17.3911,r2_measured_04666,read,measured,,,,,0.7547,,ok,0.311
12.5842,663,,,0.5443,,,,,,14.0724,r2_measured_04667,read,measured,,,,,0.5563,,ok,0.3177
12.1158,689,,,0.5659,,,,,,13.7365,r2_measured_04668,read,measured,,,,,0.648,,ok,0.3277
11.9774,675,,,0.555,,,,,,13.5332,r2_measured_04669,read,measured,,,,,0.6069,,ok,0.319
13.6572,679,,,0.7928,,,,,,15.8869,r2_measured_04670,read,measured,,,,,0.8313,,ok,0.4971
14.4001,663,,,0.83,,,,,,16.9828,r2_measured_04671,read,measured,,,,,1.0204,,ok,0.6173
14.4043,680,,,0.4754,,,,,,15.8568,r2_measured_04672,read,measured,,,,,0.6264,,ok,0.2886
11.598,680,,,0.6072,,,,,,13.3377,r2_measured_04673,read,measured,,,,,0.6616,,ok,0.3824
11.4435,568,,,0.5298,,,,,,13.0349,r2_measured_04674,read,measured,,,,,0.6423,,ok,0.3517
7.4739,419,,,0.2283,,,,,,8.5698,r2_measured_04675,read,measured,,,,,0.5348,,ok,0.2864
12.0791,680,,,0.7322,,,,,,14.0713,r2_measured_04676,read,measured,,,,,0.7672,,ok,0.4156
12.1485,681,,,0.6096,,,,,,13.7734,r2_measured_04677,read,measured,,,,,0.6094,,ok,0.3348
12.8383,689,,,0.6012,,,,,,14.4645,r2_measured_04678,read,measured,,,,,0.6248,,ok,0.3229
11.9677,675,,,0.4539,,,,,,13.3749,r2_measured_04679,read,measured,,,,,0.5608,,ok,0.3135
10.5962,629,,,0.6475,,,,,,12.376,r2_measured_04680,read,measured,,,,,0.6406,,ok,0.4158
14.0359,675,,,0.6245,,,,,,15.945,r2_measured_04681,read,measured,,,,,0.7923,,ok,0.4064
12.2184,689,,,0.643,,,,,,13.9595,r2_measured_04682,read,measured,,,,,0.6684,,ok,0.3572
14.2651,689,,,0.7308,,,,,,16.1872,r2_measured_04683,read,measured,,,,,0.6742,,ok,0.4207
10.3717,418,,,0.3398,,,,,,12.0098,r2_measured_04684,read,measured,,,,,0.6727,,ok,0.473
20.26,681,,,0.798,,,,,,22.5861,r2_measured_04685,read,measured,,,,,0.9271,,ok,0.4908
113.224,675,26.9385,6.2844,0.9308,4.9808,0,6.2821,1,29.4108,115.8552,r2_measured_04686,update,measured,23.1264,2.6312,1,10.8758,1.0498,41.0181,ok,0.5297
14.2618,681,,,0.5224,,,,,,15.8221,r2_measured_04687,read,measured,,,,,0.6547,,ok,0.3113
10.7714,568,,,0.4346,,,,,,12.1362,r2_measured_04688,read,measured,,,,,0.5519,,ok,0.3218
13.0046,689,,,0.4925,,,,,,14.6323,r2_measured_04689,read,measured,,,,,0.7517,,ok,0.3111
14.1591,681,,,0.5903,,,,,,15.9156,r2_measured_04690,read,measured,,,,,0.6679,,ok,0.4188
11.2645,508,,,0.5566,,,,,,12.8792,r2_measured_04691,read,measured,,,,,0.6262,,ok,0.3567
12.5519,568,,,0.7567,,,,,,14.6921,r2_measured_04692,read,measured,,,,,0.7594,,ok,0.531
22.0577,663,,,0.6508,,,,,,23.989,r2_measured_04693,read,measured,,,,,0.7804,,ok,0.3852
12.6476,419,,,0.4419,,,,,,14.9654,r2_measured_04694,read,measured,,,,,1.1011,,ok,0.6623
15.8305,681,,,0.6708,,,,,,17.5366,r2_measured_04695,read,measured,,,,,0.5991,,ok,0.3535
13.7668,680,,,0.6461,,,,,,15.6427,r2_measured_04696,read,measured,,,,,0.7177,,ok,0.4324
15.0386,675,,,0.6292,,,,,,16.7791,r2_measured_04697,read,measured,,,,,0.7013,,ok,0.3312
11.9324,689,,,0.4716,,,,,,13.3494,r2_measured_04698,read,measured,,,,,0.5594,,ok,0.3203
10.9377,663,,,0.7058,,,,,,12.725,r2_measured_04699,read,measured,,,,,0.5529,,ok,0.4464
15.9302,675,,,0.5938,,,,,,17.5495,r2_measured_04700,read,measured,,,,,0.6107,,ok,0.3378
9.5641,509,,,0.5088,,,,,,11.1788,r2_measured_04701,read,measured,,,,,0.6026,,ok,0.4227
12.9443,681,,,0.6308,,,,,,14.7319,r2_measured_04702,read,measured,,,,,0.6868,,ok,0.3762
12.1079,663,,,0.525,,,,,,13.6801,r2_measured_04703,read,measured,,,,,0.6424,,ok,0.339
11.0111,629,,,0.5663,,,,,,12.7057,r2_measured_04704,read,measured,,,,,0.6765,,ok,0.3599
13.0842,419,,,0.2535,,,,,,14.2492,r2_measured_04705,read,measured,,,,,0.4968,,ok,0.352
25.2728,568,,,0.878,,,,,,27.8513,r2_measured_04706,read,measured,,,,,1.0115,,ok,0.575
14.2076,419,,,0.5769,,,,,,16.4953,r2_measured_04707,read,measured,,,,,0.9566,,ok,0.65
21.7378,629,,,0.9672,,,,,,24.926,r2_measured_04708,read,measured,,,,,1.1717,,ok,0.6474
19.0228,680,,,0.7277,,,,,,21.1443,r2_measured_04709,read,measured,,,,,0.8412,,ok,0.4532
13.106,681,,,0.5515,,,,,,14.7341,r2_measured_04710,read,measured,,,,,0.7074,,ok,0.3044
10.2904,509,,,0.7393,,,,,,12.4251,r2_measured_04711,read,measured,,,,,0.7981,,ok,0.5118
11.2589,369,,,0.3261,,,,,,12.8045,r2_measured_04712,read,measured,,,,,0.6819,,ok,0.4601
15.6371,680,,,0.6836,,,,,,17.6884,r2_measured_04713,read,measured,,,,,0.8115,,ok,0.4654
12.7606,568,,,0.5459,,,,,,14.2462,r2_measured_04714,read,measured,,,,,0.5482,,ok,0.3174
12.8214,680,,,0.7057,,,,,,14.5366,r2_measured_04715,read,measured,,,,,0.545,,ok,0.392
60.3036,419,8.3701,4.2223,0.2338,1.466,1,4.2209,1,22.5382,61.3207,r2_measured_04716,update,measured,18.3159,1.0171,1,9.167,0.4372,18.7623,ok,0.296
10.2149,629,,,0.7781,,,,,,11.9503,r2_measured_04717,read,measured,,,,,0.5268,,ok,0.365
12.1866,689,,,0.5957,,,,,,14.09,r2_measured_04718,read,measured,,,,,0.8418,,ok,0.3782
54.6723,419,9.0077,4.9973,0.3129,1.6451,0,4.9958,1,18.7237,55.9345,r2_measured_04719,update,measured,13.7264,1.2622,1,10.9044,0.5603,14.3914,ok,0.3181
11.0229,629,,,0.4766,,,,,,12.5059,r2_measured_04720,read,measured,,,,,0.5648,,ok,0.3672
9.7997,509,,,0.5444,,,,,,11.2914,r2_measured_04721,read,measured,,,,,0.5633,,ok,0.324
13.8126,680,,,0.6148,,,,,,15.7698,r2_measured_04722,read,measured,,,,,0.8613,,ok,0.3913
13.8128,663,,,0.5378,,,,,,15.2971,r2_measured_04723,read,measured,,,,,0.5519,,ok,0.3294
11.7632,663,,,0.7619,,,,,,13.7757,r2_measured_04724,read,measured,,,,,0.786,,ok,0.3779
12.1243,629,,,0.5923,,,,,,13.6598,r2_measured_04725,read,measured,,,,,0.5281,,ok,0.3504
13.4483,680,,,0.6022,,,,,,15.1259,r2_measured_04726,read,measured,,,,,0.6567,,ok,0.3356
12.5089,568,,,0.5036,,,,,,14.1339,r2_measured_04727,read,measured,,,,,0.6898,,ok,0.3572
10.1819,509,,,0.4603,,,,,,11.5547,r2_measured_04728,read,measured,,,,,0.5273,,ok,0.3295
14.0943,663,,,0.5925,,,,,,15.6674,r2_measured_04729,read,measured,,,,,0.5753,,ok,0.3293
81.2809,681,15.4134,4.769,0.5537,2.8488,1,4.767,1,19.5577,83.0199,r2_measured_04730,update,measured,14.7887,1.739,1,20.455,0.6966,23.006,ok,0.3936
15.1133,679,,,0.7301,,,,,,17.2821,r2_measured_04731,read,measured,,,,,0.8771,,ok,0.4684
18.6932,663,,,0.8544,,,,,,21.529,r2_measured_04732,read,measured,,,,,1.1379,,ok,0.7002
18.7194,509,,,1.1255,,,,,,22.4676,r2_measured_04733,read,measured,,,,,1.1639,,ok,1.3206
26.5916,681,,,0.7276,,,,,,28.5853,r2_measured_04734,read,measured,,,,,0.7858,,ok,0.3904
14.4604,681,,,0.6523,,,,,,16.5417,r2_measured_04735,read,measured,,,,,0.813,,ok,0.4883
10.036,419,,,0.3159,,,,,,11.5581,r2_measured_04736,read,measured,,,,,0.7136,,ok,0.4176
12.7895,629,,,0.5407,,,,,,14.3039,r2_measured_04737,read,measured,,,,,0.5576,,ok,0.3545
12.4359,689,,,2.666,,,,,,16.3765,r2_measured_04738,read,measured,,,,,0.7708,,ok,0.3913
12.5169,680,,,0.5412,,,,,,14.0828,r2_measured_04739,read,measured,,,,,0.6223,,ok,0.3327
10.8055,663,,,0.5173,,,,,,12.3578,r2_measured_04740,read,measured,,,,,0.6398,,ok,0.3148
13.8524,681,,,0.4998,,,,,,15.4957,r2_measured_04741,read,measured,,,,,0.7568,,ok,0.3169
11.2891,681,,,0.6069,,,,,,13.0034,r2_measured_04742,read,measured,,,,,0.6367,,ok,0.3888
59.1349,508,10.418,5.1338,0.4548,1.9888,0,5.1311,1,17.8188,60.4483,r2_measured_04743,update,measured,12.685,1.3134,1,9.2312,0.4975,19.6781,ok,0.3061
11.7291,629,,,0.739,,,,,,13.9334,r2_measured_04744,read,measured,,,,,0.9059,,ok,0.4625
12.1076,629,,,0.4714,,,,,,13.5295,r2_measured_04745,read,measured,,,,,0.5627,,ok,0.3213
57.8432,509,10.8116,4.3101,0.4934,2.0439,0,4.3088,1,18.6438,59.37,r2_measured_04746,update,measured,14.3337,1.5268,1,9.3188,0.6041,17.0251,ok,0.3538
11.8354,680,,,0.5277,,,,,,13.2886,r2_measured_04747,read,measured,,,,,0.548,,ok,0.3113
12.8878,681,,,0.6316,,,,,,14.8048,r2_measured_04748,read,measured,,,,,0.8175,,ok,0.3763
9.3447,419,,,0.2426,,,,,,10.403,r2_measured_04749,read,measured,,,,,0.4684,,ok,0.2968
13.2248,689,,,0.54,,,,,,14.9559,r2_measured_04750,read,measured,,,,,0.7385,,ok,0.3758
16.5842,629,,,0.5134,,,,,,18.28,r2_measured_04751,read,measured,,,,,0.7227,,ok,0.3757
12.4223,568,,,0.7353,,,,,,14.7838,r2_measured_04752,read,measured,,,,,0.739,,ok,0.7766
20.5019,689,,,0.9284,,,,,,23.3986,r2_measured_04753,read,measured,,,,,1.2338,,ok,0.6001
19.4806,675,,,0.996,,,,,,22.347,r2_measured_04754,read,measured,,,,,1.0716,,ok,0.6729
17.6387,629,,,0.5008,,,,,,19.1494,r2_measured_04755,read,measured,,,,,0.5953,,ok,0.3455
12.5668,629,,,0.5383,,,,,,14.1364,r2_measured_04756,read,measured,,,,,0.6502,,ok,0.3098
10.4124,509,,,0.4119,,,,,,11.695,r2_measured_04757,read,measured,,,,,0.5037,,ok,0.3084
11.1752,681,,,0.5398,,,,,,13.0429,r2_measured_04758,read,measured,,,,,0.8608,,ok,0.38
12.2927,681,,,0.5801,,,,,,13.9667,r2_measured_04759,read,measured,,,,,0.6188,,ok,0.3909
12.2341,629,,,0.5777,,,,,,13.904,r2_measured_04760,read,measured,,,,,0.6359,,ok,0.3828
9.7838,419,,,0.291,,,,,,11.0768,r2_measured_04761,read,measured,,,,,0.5585,,ok,0.3742
12.9002,680,,,0.6252,,,,,,14.8098,r2_measured_04762,read,measured,,,,,0.7451,,ok,0.4527
15.3458,675,,,0.5631,,,,,,17.0886,r2_measured_04763,read,measured,,,,,0.7393,,ok,0.3524
13.7865,681,,,0.6202,,,,,,15.5535,r2_measured_04764,read,measured,,,,,0.6463,,ok,0.4207
13.7362,629,,,0.7421,,,,,,16.2248,r2_measured_04765,read,measured,,,,,1.1855,,ok,0.462
10.6117,419,,,0.3126,,,,,,12.004,r2_measured_04766,read,measured,,,,,0.5868,,ok,0.4257
15.4658,681,,,0.8016,,,,,,17.795,r2_measured_04767,read,measured,,,,,0.8627,,ok,0.5483
86.6784,680,14.6542,5.4497,0.771,2.5527,1,5.4476,1,39.3679,88.9757,r2_measured_04768,update,measured,33.9182,2.2973,1,9.981,0.8318,20.1226,ok,0.5936
13.8763,509,,,0.4834,,,,,,15.3529,r2_measured_04769,read,measured,,,,,0.5941,,ok,0.328
13.474,680,,,0.5026,,,,,,14.9479,r2_measured_04770,read,measured,,,,,0.5986,,ok,0.3023
9.7202,419,,,0.2298,,,,,,10.7474,r2_measured_04771,read,measured,,,,,0.4523,,ok,0.2935
12.0841,689,,,0.5771,,,,,,13.7229,r2_measured_04772,read,measured,,,,,0.646,,ok,0.3243
12.3485,681,,,0.6793,,,,,,14.3133,r2_measured_04773,read,measured,,,,,0.7942,,ok,0.4089
11.7015,568,,,0.4906,,,,,,13.2408,r2_measured_04774,read,measured,,,,,0.6274,,ok,0.347
12.6342,419,,,0.2383,,,,,,13.7252,r2_measured_04775,read,measured,,,,,0.4783,,ok,0.3159
74.7957,568,15.8075,9.3511,0.5262,2.3933,1,9.3496,1,32.6253,76.3632,r2_measured_04776,update,measured,23.2742,1.5675,1,0.0061,0.6237,23.9635,ok,0.3475
13.4627,689,,,0.7104,,,,,,15.3082,r2_measured_04777,read,measured,,,,,0.6477,,ok,0.4085
12.5055,680,,,0.6232,,,,,,14.204,r2_measured_04778,read,measured,,,,,0.6675,,ok,0.3316
12.7415,663,,,0.5984,,,,,,14.398,r2_measured_04779,read,measured,,,,,0.64,,ok,0.3393
10.333,567,,,0.4949,,,,,,11.788,r2_measured_04780,read,measured,,,,,0.5641,,ok,0.3309
7.7999,369,,,0.2068,,,,,,8.8274,r2_measured_04781,read,measured,,,,,0.4542,,ok,0.3157
12.5091,629,,,0.6851,,,,,,14.3903,r2_measured_04782,read,measured,,,,,0.7014,,ok,0.4047
13.5126,568,,,0.5797,,,,,,15.3397,r2_measured_04783,read,measured,,,,,0.6603,,ok,0.4936
89.1209,689,18.2118,5.4079,0.6379,2.5697,1,5.406,1,26.6126,90.8871,r2_measured_04784,update,measured,21.2047,1.7662,1,20.3893,0.6861,21.3375,ok,0.3514
14.9163,419,,,0.3149,,,,,,16.3426,r2_measured_04785,read,measured,,,,,0.6085,,ok,0.3952
12.6101,629,,,0.5613,,,,,,14.222,r2_measured_04786,read,measured,,,,,0.6602,,ok,0.3181
11.4428,663,,,0.5632,,,,,,13.0021,r2_measured_04787,read,measured,,,,,0.5952,,ok,0.3273
10.9833,629,,,0.6342,,,,,,12.7814,r2_measured_04788,read,measured,,,,,0.6997,,ok,0.3812
17.4559,675,,,0.8016,,,,,,19.6133,r2_measured_04789,read,measured,,,,,0.7958,,ok,0.4595
15.4635,663,,,0.908,,,,,,18.4923,r2_measured_04790,read,measured,,,,,1.0939,,ok,0.9
14.0262,675,,,0.9226,,,,,,16.5901,r2_measured_04791,read,measured,,,,,0.6681,,ok,0.8669
12.4834,509,,,0.7146,,,,,,14.9687,r2_measured_04792,read,measured,,,,,0.757,,ok,0.9207
13.4409,629,,,0.8357,,,,,,15.3188,r2_measured_04793,read,measured,,,,,0.6148,,ok,0.3561
10.0061,419,,,0.2822,,,,,,11.2416,r2_measured_04794,read,measured,,,,,0.5364,,ok,0.3507
8.8356,369,,,0.2756,,,,,,10.1966,r2_measured_04795,read,measured,,,,,0.6157,,ok,0.3986
13.306,663,,,0.9036,,,,,,16.0775,r2_measured_04796,read,measured,,,,,0.7825,,ok,0.9599
9.6253,419,,,0.328,,,,,,11.0738,r2_measured_04797,read,measured,,,,,0.6409,,ok,0.3997
13.8078,628,,,0.7609,,,,,,15.8231,r2_measured_04798,read,measured,,,,,0.6124,,ok,0.5476
14.3837,689,,,0.9851,,,,,,17.649,r2_measured_04799,read,measured,,,,,1.0883,,ok,0.9922
26.8369,663,,,0.932,,,,,,30.0796,r2_measured_04800,read,measured,,,,,1.2442,,ok,0.9184
17.349,680,,,0.8893,,,,,,19.8553,r2_measured_04801,read,measured,,,,,0.6614,,ok,0.8495
13.1851,681,,,1.524,,,,,,16.3485,r2_measured_04802,read,measured,,,,,0.6777,,ok,0.8564
11.505,369,,,0.2201,,,,,,12.6069,r2_measured_04803,read,measured,,,,,0.5252,,ok,0.3079
18.2027,680,,,1.2346,,,,,,20.5726,r2_measured_04804,read,measured,,,,,0.6912,,ok,0.3549
13.2519,689,,,0.7798,,,,,,15.3253,r2_measured_04805,read,measured,,,,,0.7596,,ok,0.4436
19.3489,680,,,1.1524,,,,,,22.3824,r2_measured_04806,read,measured,,,,,1.0817,,ok,0.6612
19.9126,663,,,0.4879,,,,,,21.3865,r2_measured_04807,read,measured,,,,,0.6014,,ok,0.315
12.6319,681,,,0.6705,,,,,,14.4892,r2_measured_04808,read,measured,,,,,0.6627,,ok,0.4393
11.884,680,,,0.5155,,,,,,13.3779,r2_measured_04809,read,measured,,,,,0.5867,,ok,0.3195
12.2782,680,,,0.642,,,,,,14.1129,r2_measured_04810,read,measured,,,,,0.7754,,ok,0.3371
16.5111,680,,,0.5583,,,,,,18.1156,r2_measured_04811,read,measured,,,,,0.6327,,ok,0.3394
14.1824,680,,,0.61,,,,,,15.8671,r2_measured_04812,read,measured,,,,,0.6353,,ok,0.3567
13.5116,629,,,0.5022,,,,,,14.9648,r2_measured_04813,read,measured,,,,,0.5718,,ok,0.3154
12.0994,681,,,0.5675,,,,,,13.7793,r2_measured_04814,read,measured,,,,,0.6675,,ok,0.343
70.8005,568,13.0419,5.2818,0.5188,2.4104,1,5.2801,1,24.7555,72.38,r2_measured_04815,update,measured,19.4737,1.5795,1,10.9924,0.6225,19.6003,ok,0.3595
10.4841,568,,,0.4954,,,,,,11.9398,r2_measured_04816,read,measured,,,,,0.5711,,ok,0.3303
11.1957,663,,,0.5653,,,,,,12.7364,r2_measured_04817,read,measured,,,,,0.5834,,ok,0.3271
11.8313,675,,,0.6081,,,,,,13.467,r2_measured_04818,read,measured,,,,,0.6153,,ok,0.3175
10.8818,629,,,0.4861,,,,,,12.334,r2_measured_04819,read,measured,,,,,0.5621,,ok,0.336
9.1332,509,,,0.4783,,,,,,10.5789,r2_measured_04820,read,measured,,,,,0.5712,,ok,0.3272
12.9037,663,,,0.5528,,,,,,14.516,r2_measured_04821,read,measured,,,,,0.6487,,ok,0.3331
11.6826,369,,,0.2396,,,,,,12.8535,r2_measured_04822,read,measured,,,,,0.5061,,ok,0.3659
20.9928,680,,,0.8381,,,,,,23.347,r2_measured_04823,read,measured,,,,,0.9001,,ok,0.5104
18.2333,629,,,0.6213,,,,,,20.0677,r2_measured_04824,read,measured,,,,,0.7017,,ok,0.4222
15.2843,629,,,0.5612,,,,,,16.8447,r2_measured_04825,read,measured,,,,,0.6068,,ok,0.3176
16.5347,629,,,0.704,,,,,,18.2001,r2_measured_04826,read,measured,,,,,0.572,,ok,0.3165
16.4734,681,,,0.5873,,,,,,18.264,r2_measured_04827,read,measured,,,,,0.7945,,ok,0.3345
13.1904,689,,,0.6788,,,,,,15.079,r2_measured_04828,read,measured,,,,,0.6793,,ok,0.4419
9.875,419,,,0.2709,,,,,,11.0883,r2_measured_04829,read,measured,,,,,0.5156,,ok,0.3666
68.2212,568,10.4081,5.6794,0.4646,1.9585,1,5.6777,1,25.7688,69.6091,r2_measured_04830,update,measured,20.0894,1.3879,1,9.4738,0.527,20.612,ok,0.3362
10.3043,568,,,0.4977,,,,,,11.7886,r2_measured_04831,read,measured,,,,,0.5913,,ok,0.3246
11.1378,568,,,0.5437,,,,,,12.6958,r2_measured_04832,read,measured,,,,,0.5765,,ok,0.3634
11.8586,663,,,0.5326,,,,,,13.4389,r2_measured_04833,read,measured,,,,,0.6478,,ok,0.3348
10.1426,568,,,0.5065,,,,,,11.6126,r2_measured_04834,read,measured,,,,,0.5364,,ok,0.3546
8.6843,419,,,0.4,,,,,,10.24,r2_measured_04835,read,measured,,,,,0.6082,,ok,0.4799
14.8422,680,,,0.8128,,,,,,17.2265,r2_measured_04836,read,measured,,,,,0.8554,,ok,0.5812
11.4467,419,,,0.3144,,,,,,12.8758,r2_measured_04837,read,measured,,,,,0.6267,,ok,0.4159
11.9918,419,,,0.465,,,,,,13.9643,r2_measured_04838,read,measured,,,,,0.8565,,ok,0.5612
22.0429,675,,,0.9619,,,,,,24.7841,r2_measured_04839,read,measured,,,,,1.0781,,ok,0.567
27.1987,680,,,1.0771,,,,,,30.2614,r2_measured_04840,read,measured,,,,,1.1385,,ok,0.715
29.5657,663,,,0.7559,,,,,,31.6468,r2_measured_04841,read,measured,,,,,0.7714,,ok,0.459
9.5523,419,,,0.2546,,,,,,10.673,r2_measured_04842,read,measured,,,,,0.482,,ok,0.3278
11.9596,681,,,0.6089,,,,,,13.6422,r2_measured_04843,read,measured,,,,,0.6754,,ok,0.3107
11.7963,680,,,0.4567,,,,,,13.2215,r2_measured_04844,read,measured,,,,,0.6015,,ok,0.3047
6.8078,369,,,0.2103,,,,,,7.8002,r2_measured_04845,read,measured,,,,,0.4455,,ok,0.2924
12.2419,681,,,0.5646,,,,,,13.8472,r2_measured_04846,read,measured,,,,,0.6468,,ok,0.3182
11.8692,681,,,0.5253,,,,,,13.5325,r2_measured_04847,read,measured,,,,,0.6769,,ok,0.3874
9.1519,509,,,0.4775,,,,,,10.5242,r2_measured_04848,read,measured,,,,,0.5007,,ok,0.3385
12.0851,681,,,0.5426,,,,,,13.7318,r2_measured_04849,read,measured,,,,,0.6852,,ok,0.3394
13.2811,629,,,0.5481,,,,,,14.8979,r2_measured_04850,read,measured,,,,,0.6305,,ok,0.3628
12.7753,681,,,0.584,,,,,,14.3582,r2_measured_04851,read,measured,,,,,0.5933,,ok,0.3296
11.6615,675,,,0.5246,,,,,,13.1611,r2_measured_04852,read,measured,,,,,0.5703,,ok,0.3402
67.7794,681,12.579,4.2834,0.6231,2.4685,1,4.2818,1,23.1358,69.4498,r2_measured_04853,update,measured,18.8524,1.6704,1,9.456,0.6088,20.1401,ok,0.3621
17.0163,681,,,0.7741,,,,,,19.0651,r2_measured_04854,read,measured,,,,,0.7361,,ok,0.4314
19.5682,680,,,0.5981,,,,,,21.1762,r2_measured_04855,read,measured,,,,,0.5988,,ok,0.338
13.0806,680,,,0.6423,,,,,,14.7914,r2_measured_04856,read,measured,,,,,0.6396,,ok,0.3456
8.7087,419,,,0.2359,,,,,,9.7533,r2_measured_04857,read,measured,,,,,0.4705,,ok,0.2902
12.3854,628,,,0.5356,,,,,,13.9598,r2_measured_04858,read,measured,,,,,0.6292,,ok,0.3311
7.7055,369,,,0.2652,,,,,,8.9251,r2_measured_04859,read,measured,,,,,0.4723,,ok,0.4246
8.0912,369,,,0.204,,,,,,9.1254,r2_measured_04860,read,measured,,,,,0.4967,,ok,0.2889
18.6854,680,,,0.7921,,,,,,21.0348,r2_measured_04861,read,measured,,,,,0.9678,,ok,0.4801
16.5794,680,,,0.5786,,,,,,18.1271,r2_measured_04862,read,measured,,,,,0.5692,,ok,0.3369
11.5938,680,,,0.5038,,,,,,13.1632,r2_measured_04863,read,measured,,,,,0.6535,,ok,0.3296
11.2215,663,,,0.5205,,,,,,12.6721,r2_measured_04864,read,measured,,,,,0.5528,,ok,0.3128
7.517,419,,,0.2388,,,,,,8.5261,r2_measured_04865,read,measured,,,,,0.4167,,ok,0.3018
12.229,680,,,0.6431,,,,,,14.1669,r2_measured_04866,read,measured,,,,,0.7248,,ok,0.4856
13.2531,681,,,0.5194,,,,,,14.6368,r2_measured_04867,read,measured,,,,,0.5202,,ok,0.2851
8.7136,509,,,0.4797,,,,,,10.0777,r2_measured_04868,read,measured,,,,,0.4684,,ok,0.3522
9.3209,509,,,0.4431,,,,,,10.6541,r2_measured_04869,read,measured,,,,,0.5178,,ok,0.3076
11.5503,680,,,0.5375,,,,,,13.0696,r2_measured_04870,read,measured,,,,,0.5823,,ok,0.3285
10.3936,568,,,0.5328,,,,,,11.8762,r2_measured_04871,read,measured,,,,,0.545,,ok,0.3324
12.3126,681,,,0.5508,,,,,,14.0678,r2_measured_04872,read,measured,,,,,0.6832,,ok,0.4417
13.9006,568,,,0.4753,,,,,,15.4773,r2_measured_04873,read,measured,,,,,0.6155,,ok,0.409
14.0407,568,,,0.4974,,,,,,15.4854,r2_measured_04874,read,measured,,,,,0.5748,,ok,0.3023
20.782,663,,,0.7749,,,,,,23.135,r2_measured_04875,read,measured,,,,,0.9351,,ok,0.5382
14.8181,675,,,0.6031,,,,,,16.4004,r2_measured_04876,read,measured,,,,,0.5794,,ok,0.3259
11.836,680,,,0.5457,,,,,,13.5503,r2_measured_04877,read,measured,,,,,0.7082,,ok,0.3732
13.0444,680,,,0.5765,,,,,,14.6398,r2_measured_04878,read,measured,,,,,0.6136,,ok,0.326
12.54,681,,,0.6076,,,,,,14.304,r2_measured_04879,read,measured,,,,,0.6675,,ok,0.4045
13.4819,568,,,0.5784,,,,,,15.09,r2_measured_04880,read,measured,,,,,0.6043,,ok,0.3501
8.9908,369,,,0.2184,,,,,,10.1705,r2_measured_04881,read,measured,,,,,0.5685,,ok,0.3087
11.8371,629,,,0.5946,,,,,,13.5021,r2_measured_04882,read,measured,,,,,0.6429,,ok,0.3455
10.6628,419,,,0.3093,,,,,,12.0154,r2_measured_04883,read,measured,,,,,0.5872,,ok,0.3775
81.2814,681,14.5423,7.6192,0.7656,2.5255,0,7.6174,1,42.5015,83.3696,r2_measured_04884,update,measured,34.8823,2.0882,1,0.0091,0.8439,21.703,ok,0.3945
13.1677,689,,,0.5523,,,,,,14.8691,r2_measured_04885,read,measured,,,,,0.6905,,ok,0.368
12.9382,629,,,0.538,,,,,,14.5904,r2_measured_04886,read,measured,,,,,0.6772,,ok,0.3585
13.0854,680,,,0.5233,,,,,,14.7447,r2_measured_04887,read,measured,,,,,0.6977,,ok,0.3581
12.5373,675,,,0.6195,,,,,,14.2486,r2_measured_04888,read,measured,,,,,0.664,,ok,0.3542
12.6537,680,,,0.5992,,,,,,14.3939,r2_measured_04889,read,measured,,,,,0.706,,ok,0.3513
9.3125,419,,,0.2576,,,,,,10.5155,r2_measured_04890,read,measured,,,,,0.5006,,ok,0.3789
12.8891,680,,,0.7239,,,,,,14.7689,r2_measured_04891,read,measured,,,,,0.683,,ok,0.3791
11.2724,568,,,0.5533,,,,,,12.9129,r2_measured_04892,read,measured,,,,,0.6425,,ok,0.3693
14.7677,663,,,0.5305,,,,,,16.3999,r2_measured_04893,read,measured,,,,,0.6806,,ok,0.3468
58.8163,568,,,0.5516,,,,,,60.3597,r2_measured_04894,read,measured,,,,,0.5463,,ok,0.3666
10.1637,568,,,0.466,,,,,,11.6613,r2_measured_04895,read,measured,,,,,0.5933,,ok,0.3675
14.6039,681,,,0.8375,,,,,,17.2809,r2_measured_04896,read,measured,,,,,1.1448,,ok,0.5028
15.5661,689,,,0.6162,,,,,,17.3691,r2_measured_04897,read,measured,,,,,0.7166,,ok,0.3846
12.4112,663,,,0.5558,,,,,,14.1832,r2_measured_04898,read,measured,,,,,0.8128,,ok,0.3286
12.5747,663,,,0.5424,,,,,,14.1833,r2_measured_04899,read,measured,,,,,0.6591,,ok,0.3344
12.1688,680,,,0.7639,,,,,,14.7064,r2_measured_04900,read,measured,,,,,0.9626,,ok,0.6938
12.0164,509,,,0.5303,,,,,,13.7147,r2_measured_04901,read,measured,,,,,0.6152,,ok,0.4442
11.2657,568,,,0.6222,,,,,,13.0043,r2_measured_04902,read,measured,,,,,0.6809,,ok,0.352
12.1822,675,,,0.6766,,,,,,14.0141,r2_measured_04903,read,measured,,,,,0.6695,,ok,0.4013
12.9067,681,,,0.63,,,,,,14.8008,r2_measured_04904,read,measured,,,,,0.7726,,ok,0.4014
60.1405,629,15.3822,4.7655,0.6453,2.42,0,4.7639,1,22.1134,61.777,r2_measured_04905,update,measured,17.3479,1.6365,1,0.0051,0.5673,20.2198,ok,0.3509
13.1107,680,,,0.6485,,,,,,14.885,r2_measured_04906,read,measured,,,,,0.6914,,ok,0.3566
15.8038,681,,,0.6775,,,,,,17.4708,r2_measured_04907,read,measured,,,,,0.5482,,ok,0.3802
12.8354,675,,,0.7496,,,,,,14.7031,r2_measured_04908,read,measured,,,,,0.7013,,ok,0.3332
16.9666,681,,,0.8914,,,,,,19.6758,r2_measured_04909,read,measured,,,,,1.1222,,ok,0.5701
20.2998,689,,,0.7124,,,,,,22.3465,r2_measured_04910,read,measured,,,,,0.8541,,ok,0.3937
14.2415,680,,,0.5029,,,,,,15.6456,r2_measured_04911,read,measured,,,,,0.5359,,ok,0.3061
9.2603,509,,,0.4981,,,,,,10.713,r2_measured_04912,read,measured,,,,,0.5749,,ok,0.3104
11.5935,689,,,0.5558,,,,,,13.1118,r2_measured_04913,read,measured,,,,,0.5809,,ok,0.3158
12.8269,675,,,0.6131,,,,,,14.4796,r2_measured_04914,read,measured,,,,,0.6196,,ok,0.3349
12.0573,680,,,0.5243,,,,,,13.6631,r2_measured_04915,read,measured,,,,,0.6185,,ok,0.3863
86.0763,681,29.9875,4.5826,0.6937,4.9302,1,4.5806,1,17.6599,87.9797,r2_measured_04916,update,measured,13.0773,1.9034,1,9.8462,0.7202,23.6525,ok,0.3885
9.2957,419,,,0.2933,,,,,,10.6293,r2_measured_04917,read,measured,,,,,0.5886,,ok,0.3824
12.8846,680,,,0.577,,,,,,14.672,r2_measured_04918,read,measured,,,,,0.7924,,ok,0.3388
12.373,689,,,0.5117,,,,,,13.9498,r2_measured_04919,read,measured,,,,,0.6702,,ok,0.3174
11.4826,680,,,0.5983,,,,,,13.11,r2_measured_04920,read,measured,,,,,0.6348,,ok,0.3248
12.3934,680,,,0.6011,,,,,,14.3083,r2_measured_04921,read,measured,,,,,0.866,,ok,0.3623
74.8125,675,14.9568,5.4559,0.5817,2.7867,1,5.4539,1,23.4698,76.5383,r2_measured_04922,update,measured,18.0139,1.7258,1,10.0155,0.7072,23.5837,ok,0.348
9.8208,509,,,0.4614,,,,,,11.2925,r2_measured_04923,read,measured,,,,,0.5868,,ok,0.3609
82.0138,629,13.3023,7.3095,0.5299,1.9877,1,7.3079,1,35.6116,83.5522,r2_measured_04924,update,measured,28.3021,1.5384,1,11.8381,0.6006,19.2741,ok,0.3256
10.7653,629,,,0.4745,,,,,,12.1741,r2_measured_04925,read,measured,,,,,0.5562,,ok,0.3138
12.4665,629,,,0.6863,,,,,,14.5303,r2_measured_04926,read,measured,,,,,0.8459,,ok,0.4365
14.1035,675,,,0.5523,,,,,,15.6621,r2_measured_04927,read,measured,,,,,0.5872,,ok,0.3471
11.4469,680,,,0.6187,,,,,,12.9814,r2_measured_04928,read,measured,,,,,0.5518,,ok,0.3062
11.9456,681,,,0.5388,,,,,,13.498,r2_measured_04929,read,measured,,,,,0.6207,,ok,0.3158
11.9003,675,,,0.576,,,,,,13.5674,r2_measured_04930,read,measured,,,,,0.6212,,ok,0.4006
14.0571,675,,,0.6493,,,,,,15.9648,r2_measured_04931,read,measured,,,,,0.7052,,ok,0.4604
71.1298,689,14.0517,5.3227,0.6358,2.1993,1,5.3211,1,23.5372,72.8381,r2_measured_04932,update,measured,18.2145,1.7083,1,9.9676,0.6659,21.374,ok,0.3298
76.515,509,12.0106,7.481,0.9842,1.6757,1,7.4795,1,33.1253,79.2258,r2_measured_04933,update,measured,25.6443,2.7108,1,12.022,0.9862,17.6814,ok,0.6341
20.6921,675,,,0.81,,,,,,23.0953,r2_measured_04934,read,measured,,,,,0.9306,,ok,0.5355
18.0081,663,,,0.624,,,,,,19.7721,r2_measured_04935,read,measured,,,,,0.7239,,ok,0.3354
12.5599,663,,,0.5705,,,,,,14.3225,r2_measured_04936,read,measured,,,,,0.7859,,ok,0.3359
12.0821,663,,,0.721,,,,,,13.8454,r2_measured_04937,read,measured,,,,,0.6398,,ok,0.3186
12.6593,675,,,0.5692,,,,,,14.346,r2_measured_04938,read,measured,,,,,0.7054,,ok,0.3352
12.9079,629,,,0.6593,,,,,,14.87,r2_measured_04939,read,measured,,,,,0.8197,,ok,0.4
14.0594,680,,,0.6499,,,,,,15.8721,r2_measured_04940,read,measured,,,,,0.7317,,ok,0.3492
12.7994,663,,,0.5555,,,,,,14.474,r2_measured_04941,read,measured,,,,,0.64,,ok,0.4057
13.0513,680,,,0.5031,,,,,,14.7375,r2_measured_04942,read,measured,,,,,0.7409,,ok,0.3498
11.6407,419,,,0.3595,,,,,,12.9514,r2_measured_04943,read,measured,,,,,0.5324,,ok,0.3546
13.7844,675,,,0.6364,,,,,,15.5262,r2_measured_04944,read,measured,,,,,0.6768,,ok,0.3468
7.672,369,,,0.2915,,,,,,8.8179,r2_measured_04945,read,measured,,,,,0.4415,,ok,0.3499
12.4568,675,,,0.574,,,,,,13.9939,r2_measured_04946,read,measured,,,,,0.5764,,ok,0.317
11.8314,681,,,0.6445,,,,,,13.7197,r2_measured_04947,read,measured,,,,,0.8247,,ok,0.336
11.8439,663,,,0.6643,,,,,,13.5024,r2_measured_04948,read,measured,,,,,0.6106,,ok,0.3056
6.717,369,,,0.2567,,,,,,7.8561,r2_measured_04949,read,measured,,,,,0.4906,,ok,0.3397
10.1038,509,,,0.5705,,,,,,11.8598,r2_measured_04950,read,measured,,,,,0.7044,,ok,0.395
13.2174,629,,,0.5426,,,,,,14.8596,r2_measured_04951,read,measured,,,,,0.6476,,ok,0.3745
9.5605,509,,,0.4575,,,,,,11.0646,r2_measured_04952,read,measured,,,,,0.5916,,ok,0.3904
14.2721,663,,,0.534,,,,,,15.8484,r2_measured_04953,read,measured,,,,,0.6063,,ok,0.3583
12.4789,689,,,0.5452,,,,,,14.2165,r2_measured_04954,read,measured,,,,,0.681,,ok,0.4218
9.3184,508,,,0.5249,,,,,,10.9038,r2_measured_04955,read,measured,,,,,0.6047,,ok,0.3646
11.0993,568,,,0.4981,,,,,,12.4965,r2_measured_04956,read,measured,,,,,0.5307,,ok,0.3079
9.2259,509,,,0.4839,,,,,,10.5682,r2_measured_04957,read,measured,,,,,0.4836,,ok,0.317
8.7338,419,,,0.569,,,,,,11.0397,r2_measured_04958,read,measured,,,,,0.8199,,ok,0.812
62.8855,509,10.3387,7.0459,0.5848,1.569,0,7.0425,1,32.2632,64.4168,r2_measured_04959,update,measured,25.2173,1.5313,1,0.007,0.5478,18.7076,ok,0.3263
13.6961,680,,,0.637,,,,,,15.5023,r2_measured_04960,read,measured,,,,,0.6414,,ok,0.4403
14.0758,663,,,0.6422,,,,,,15.9758,r2_measured_04961,read,measured,,,,,0.7865,,ok,0.3847
12.0258,509,,,0.5342,,,,,,13.6294,r2_measured_04962,read,measured,,,,,0.6252,,ok,0.3641
11.4502,419,,,0.2539,,,,,,12.5785,r2_measured_04963,read,measured,,,,,0.5016,,ok,0.3176
18.4717,629,,,0.6614,,,,,,20.2578,r2_measured_04964,read,measured,,,,,0.6599,,ok,0.3793
13.3277,680,,,0.5959,,,,,,15.0799,r2_measured_04965,read,measured,,,,,0.6905,,ok,0.3826
11.9631,568,,,0.6136,,,,,,13.7008,r2_measured_04966,read,measured,,,,,0.6025,,ok,0.4388
30.3286,663,,,1.0699,,,,,,33.5005,r2_measured_04967,read,measured,,,,,1.1493,,ok,0.7836
13.8948,369,,,0.3105,,,,,,15.4186,r2_measured_04968,read,measured,,,,,0.6747,,ok,0.4663
17.4229,675,,,0.6514,,,,,,19.3559,r2_measured_04969,read,measured,,,,,0.7841,,ok,0.4128
15.245,568,,,0.7798,,,,,,17.7034,r2_measured_04970,read,measured,,,,,0.9933,,ok,0.5861
11.0865,369,,,0.2837,,,,,,12.3677,r2_measured_04971,read,measured,,,,,0.5723,,ok,0.3574
12.0137,675,,,0.7303,,,,,,14.1962,r2_measured_04972,read,measured,,,,,0.9226,,ok,0.4446
17.4205,680,,,0.7749,,,,,,19.6867,r2_measured_04973,read,measured,,,,,0.9197,,ok,0.4637
16.962,680,,,0.4994,,,,,,18.605,r2_measured_04974,read,measured,,,,,0.6971,,ok,0.367
15.3637,681,,,0.5639,,,,,,17.1047,r2_measured_04975,read,measured,,,,,0.7516,,ok,0.3476
13.8339,663,,,0.5359,,,,,,15.3621,r2_measured_04976,read,measured,,,,,0.6063,,ok,0.3167
20.4823,680,,,0.6009,,,,,,22.2643,r2_measured_04977,read,measured,,,,,0.7084,,ok,0.3847
13.8345,568,,,0.4621,,,,,,15.3286,r2_measured_04978,read,measured,,,,,0.5681,,ok,0.3903
14.4003,629,,,0.554,,,,,,16.1316,r2_measured_04979,read,measured,,,,,0.7311,,ok,0.3703
14.1769,689,,,0.5186,,,,,,15.6749,r2_measured_04980,read,measured,,,,,0.5624,,ok,0.3381
12.0817,689,,,0.5776,,,,,,13.6614,r2_measured_04981,read,measured,,,,,0.6141,,ok,0.3104
12.276,509,,,0.461,,,,,,13.6272,r2_measured_04982,read,measured,,,,,0.4852,,ok,0.3373
10.6711,629,,,0.7465,,,,,,13.1043,r2_measured_04983,read,measured,,,,,0.7623,,ok,0.7244
15.1273,568,,,0.6417,,,,,,17.1191,r2_measured_04984,read,measured,,,,,0.7724,,ok,0.4788
12.2622,680,,,0.6716,,,,,,14.0025,r2_measured_04985,read,measured,,,,,0.6626,,ok,0.3305
12.254,681,,,0.5064,,,,,,13.932,r2_measured_04986,read,measured,,,,,0.7115,,ok,0.3309
10.2617,568,,,0.572,,,,,,11.923,r2_measured_04987,read,measured,,,,,0.636,,ok,0.3848
9.2019,369,,,0.306,,,,,,10.5246,r2_measured_04988,read,measured,,,,,0.6232,,ok,0.3287
8.0679,419,,,0.2634,,,,,,9.1373,r2_measured_04989,read,measured,,,,,0.4676,,ok,0.2896
6.5184,369,,,0.2004,,,,,,7.4737,r2_measured_04990,read,measured,,,,,0.4132,,ok,0.2982
10.9823,680,,,0.6241,,,,,,12.7403,r2_measured_04991,read,measured,,,,,0.6746,,ok,0.3782
12.2669,680,,,0.654,,,,,,14.2457,r2_measured_04992,read,measured,,,,,0.8085,,ok,0.4292
11.7823,509,,,0.4,,,,,,13.0572,r2_measured_04993,read,measured,,,,,0.5012,,ok,0.3209
12.4869,629,,,0.5721,,,,,,14.2043,r2_measured_04994,read,measured,,,,,0.6969,,ok,0.3655
12.3531,663,,,0.5292,,,,,,13.9013,r2_measured_04995,read,measured,,,,,0.6276,,ok,0.3277
10.1111,509,,,0.4901,,,,,,11.6359,r2_measured_04996,read,measured,,,,,0.6306,,ok,0.3372
53.9049,509,13.9961,4.2806,0.4211,1.9307,0,4.2787,1,19.1156,55.3589,r2_measured_04997,update,measured,14.835,1.454,1,0.0057,0.6377,18.8568,ok,0.3292
11.9307,680,,,0.6972,,,,,,14.0621,r2_measured_04998,read,measured,,,,,0.9036,,ok,0.4227
9.2322,419,,,0.2586,,,,,,10.3824,r2_measured_04999,read,measured,,,,,0.5116,,ok,0.3212
