backend_ms,candidate_count,candidate_fetch_ms,commit_ms,dense_scoring_ms,dense_upsert_ms,fresh_hit_at_10,full_write_ack_call_ms,graph_projection_ok,graph_visible_ms,latency_ms,op_id,op_type,phase,projection_fetch_ms,ranking_ms,relation_candidate_ok,relation_check_ms,sparse_scoring_ms,sparse_upsert_ms,status,zscore_fusion_ms
346.4187,418,,,0.7038,,,,,,351.3032,r2_measured_00000,read,measured,,,,,3.7717,,ok,0.3508
482.614,628,,,0.9305,,,,,,486.4683,r2_measured_00001,read,measured,,,,,2.4699,,ok,0.3727
306.7306,369,,,0.5511,,,,,,309.6203,r2_measured_00002,read,measured,,,,,1.9082,,ok,0.3674
515.8045,681,,,0.7943,,,,,,523.0348,r2_measured_00003,read,measured,,,,,5.9812,,ok,0.3837
486.5853,628,,,0.6314,,,,,,496.0263,r2_measured_00004,read,measured,,,,,8.3697,,ok,0.3664
501.4405,659,,,0.6087,,,,,,513.3962,r2_measured_00005,read,measured,,,,,10.8785,,ok,0.3944
548.468,679,,,0.7941,,,,,,561.5793,r2_measured_00006,read,measured,,,,,11.8624,,ok,0.3783
430.1432,568,,,0.814,,,,,,439.419,r2_measured_00007,read,measured,,,,,8.0316,,ok,0.3614
539.3776,689,,,0.8968,,,,,,551.4195,r2_measured_00008,read,measured,,,,,10.6988,,ok,0.376
526.7439,677,,,1.3406,,,,,,541.8187,r2_measured_00009,read,measured,,,,,13.2815,,ok,0.3792
530.4641,679,,,1.4564,,,,,,536.4692,r2_measured_00010,read,measured,,,,,4.107,,ok,0.3727
442.5911,567,,,0.6439,,,,,,449.7956,r2_measured_00011,read,measured,,,,,6.1209,,ok,0.3709
338.4211,418,,,0.3173,,,,,,341.8193,r2_measured_00012,read,measured,,,,,2.6665,,ok,0.3482
499.0599,674,,,0.8912,,,,,,503.854,r2_measured_00013,read,measured,,,,,3.4651,,ok,0.3624
406.883,506,,,0.8498,,,,,,414.8317,r2_measured_00014,read,measured,,,,,6.6497,,ok,0.3741
517.3208,663,,,2.495,,,,,,528.1129,r2_measured_00015,read,measured,,,,,7.8576,,ok,0.3695
423.1737,624,,,1.0557,,,,,,427.5906,r2_measured_00016,read,measured,,,,,2.9027,,ok,0.3756
473.984,673,,,0.8539,,,,,,478.613,r2_measured_00017,read,measured,,,,,3.2981,,ok,0.399
443.9031,628,,,0.7392,,,,,,446.8351,r2_measured_00018,read,measured,,,,,1.7374,,ok,0.3795
497.8462,679,,,0.8749,,,,,,501.7882,r2_measured_00019,read,measured,,,,,2.6169,,ok,0.3691
441.1408,627,,,1.4087,,,,,,447.17,r2_measured_00020,read,measured,,,,,4.1983,,ok,0.3504
489.1666,678,,,1.3709,,,,,,503.412,r2_measured_00021,read,measured,,,,,12.4295,,ok,0.3704
476.7034,687,,,0.6798,,,,,,483.3274,r2_measured_00022,read,measured,,,,,5.492,,ok,0.3749
274.5351,419,,,0.7906,,,,,,277.3633,r2_measured_00023,read,measured,,,,,1.5763,,ok,0.3892
488.7661,689,,,0.949,,,,,,502.6752,r2_measured_00024,read,measured,,,,,12.4829,,ok,0.3923
410.8266,628,,,1.131,,,,,,416.237,r2_measured_00025,read,measured,,,,,3.8461,,ok,0.365
346.1354,507,,,0.5452,,,,,,353.0133,r2_measured_00026,read,measured,,,,,5.8001,,ok,0.451
495.0604,674,,,0.5858,,,,,,507.9502,r2_measured_00027,read,measured,,,,,11.879,,ok,0.346
425.5867,628,,,1.2556,,,,,,437.9808,r2_measured_00028,read,measured,,,,,10.5204,,ok,0.5282
285.7668,417,,,0.3158,,,,,,287.8879,r2_measured_00029,read,measured,,,,,1.3731,,ok,0.3767
470.3993,689,,,0.621,,,,,,483.834,r2_measured_00030,read,measured,,,,,12.3879,,ok,0.3476
376.4496,566,,,0.8497,,,,,,384.5358,r2_measured_00031,read,measured,,,,,6.8165,,ok,0.3556
446.5237,628,,,0.8613,,,,,,452.4538,r2_measured_00032,read,measured,,,,,4.6227,,ok,0.3632
520.8473,679,,,1.076,,,,,,529.9289,r2_measured_00033,read,measured,,,,,7.5682,,ok,0.3657
492.7199,688,,,1.1923,,,,,,500.0103,r2_measured_00034,read,measured,,,,,5.6345,,ok,0.363
502.8554,673,,,0.6079,,,,,,507.4632,r2_measured_00035,read,measured,,,,,3.485,,ok,0.428
512.8947,677,,,1.1628,,,,,,519.4412,r2_measured_00036,read,measured,,,,,4.7818,,ok,0.5043
505.9602,628,,,0.7828,,,,,,514.2149,r2_measured_00037,read,measured,,,,,7.0754,,ok,0.332
510.0919,663,,,0.8392,,,,,,516.8263,r2_measured_00038,read,measured,,,,,5.3645,,ok,0.4159
539.8199,680,,,0.6237,,,,,,546.9187,r2_measured_00039,read,measured,,,,,6.0234,,ok,0.3797
527.5182,678,,,0.7371,,,,,,536.3052,r2_measured_00040,read,measured,,,,,7.6187,,ok,0.361
542.2593,689,,,0.8272,,,,,,546.7885,r2_measured_00041,read,measured,,,,,3.253,,ok,0.3719
354.3969,507,,,0.5669,,,,,,363.7235,r2_measured_00042,read,measured,,,,,8.3266,,ok,0.3658
478.6883,628,,,0.7525,,,,,,482.3162,r2_measured_00043,read,measured,,,,,2.3509,,ok,0.4462
266.9457,368,,,0.6494,,,,,,269.2321,r2_measured_00044,read,measured,,,,,1.1762,,ok,0.3857
492.2695,661,,,0.6747,,,,,,501.2957,r2_measured_00045,read,measured,,,,,7.9048,,ok,0.3778
512.7559,680,,,0.7282,,,,,,523.8524,r2_measured_00046,read,measured,,,,,9.9257,,ok,0.3603
454.203,627,,,0.9858,,,,,,465.5794,r2_measured_00047,read,measured,,,,,9.945,,ok,0.3763
465.1483,627,,,0.7361,,,,,,472.2803,r2_measured_00048,read,measured,,,,,5.9572,,ok,0.3609
326.6223,418,,,0.3227,,,,,,329.1494,r2_measured_00049,read,measured,,,,,1.7792,,ok,0.362
597.4667,566,434.1282,5.6149,1.673,79.0869,1,5.6134,1,29.5243,616.4136,r2_measured_00050,update,measured,23.9094,18.9469,1,27.4481,16.7795,27.2792,ok,0.4186
542.4572,675,,,0.7123,,,,,,548.6978,r2_measured_00051,read,measured,,,,,5.0936,,ok,0.359
508.2746,624,,,0.8016,,,,,,514.8881,r2_measured_00052,read,measured,,,,,5.3764,,ok,0.3641
562.8547,675,,,1.1952,,,,,,576.5037,r2_measured_00053,read,measured,,,,,11.7627,,ok,0.6137
364.8112,508,,,0.8667,,,,,,373.2641,r2_measured_00054,read,measured,,,,,7.1448,,ok,0.3696
507.1534,677,,,1.156,,,,,,527.5721,r2_measured_00055,read,measured,,,,,18.7564,,ok,0.4293
545.7109,679,,,0.7294,,,,,,563.8487,r2_measured_00056,read,measured,,,,,17.0117,,ok,0.3274
511.8846,627,,,0.493,,,,,,522.7221,r2_measured_00057,read,measured,,,,,9.9575,,ok,0.3302
551.6753,689,,,1.0654,,,,,,554.9834,r2_measured_00058,read,measured,,,,,1.807,,ok,0.3629
294.1113,419,,,0.2978,,,,,,295.884,r2_measured_00059,read,measured,,,,,1.0751,,ok,0.3389
476.1181,567,,,0.7597,,,,,,483.908,r2_measured_00060,read,measured,,,,,6.6548,,ok,0.3233
530.4121,663,,,0.7719,,,,,,537.5399,r2_measured_00061,read,measured,,,,,5.9212,,ok,0.3592
502.9301,627,,,1.0278,,,,,,511.8711,r2_measured_00062,read,measured,,,,,7.4632,,ok,0.3778
555.4986,688,,,1.1333,,,,,,562.8627,r2_measured_00063,read,measured,,,,,5.7886,,ok,0.3652
518.2479,627,,,0.5966,,,,,,527.0036,r2_measured_00064,read,measured,,,,,7.7222,,ok,0.3614
535.9648,662,,,0.5261,,,,,,539.3846,r2_measured_00065,read,measured,,,,,2.4759,,ok,0.3546
531.8751,674,,,1.1986,,,,,,537.3574,r2_measured_00066,read,measured,,,,,3.8642,,ok,0.3522
559.5051,679,,,0.6827,,,,,,565.9609,r2_measured_00067,read,measured,,,,,5.3311,,ok,0.363
509.6542,673,,,1.7853,,,,,,521.6225,r2_measured_00068,read,measured,,,,,9.7518,,ok,0.3537
661.4404,626,445.3114,8.6796,0.8913,104.8027,0,8.6778,1,53.881,670.3323,r2_measured_00069,update,measured,45.2014,8.8919,1,31.061,7.5288,26.3843,ok,0.3951
283.843,369,,,0.6057,,,,,,286.3655,r2_measured_00070,read,measured,,,,,1.4894,,ok,0.362
316.0554,418,,,0.2765,,,,,,318.6121,r2_measured_00071,read,measured,,,,,1.8814,,ok,0.3438
307.9023,416,,,0.2941,,,,,,309.1463,r2_measured_00072,read,measured,,,,,0.5366,,ok,0.3503
282.3299,418,,,0.7924,,,,,,285.1962,r2_measured_00073,read,measured,,,,,1.6656,,ok,0.3482
492.3149,677,,,0.8276,,,,,,504.1981,r2_measured_00074,read,measured,,,,,10.6303,,ok,0.3542
477.2702,680,,,1.263,,,,,,484.5018,r2_measured_00075,read,measured,,,,,5.5176,,ok,0.3694
461.9552,686,,,1.1766,,,,,,471.209,r2_measured_00076,read,measured,,,,,7.6318,,ok,0.3715
361.1166,507,,,0.6324,,,,,,369.5714,r2_measured_00077,read,measured,,,,,7.382,,ok,0.3796
362.8192,509,,,0.6215,,,,,,375.079,r2_measured_00078,read,measured,,,,,11.2214,,ok,0.3504
281.6903,416,,,0.7293,,,,,,286.2524,r2_measured_00079,read,measured,,,,,3.4308,,ok,0.3426
357.3353,507,,,0.7576,,,,,,364.8543,r2_measured_00080,read,measured,,,,,6.3401,,ok,0.3607
298.0314,417,,,0.2855,,,,,,300.7095,r2_measured_00081,read,measured,,,,,1.9987,,ok,0.341
483.8245,689,,,1.1672,,,,,,497.7399,r2_measured_00082,read,measured,,,,,12.2546,,ok,0.4057
498.9124,675,,,0.9783,,,,,,510.1632,r2_measured_00083,read,measured,,,,,9.7823,,ok,0.4108
491.7186,679,,,1.9563,,,,,,495.4084,r2_measured_00084,read,measured,,,,,1.2501,,ok,0.4041
300.9135,417,,,0.3101,,,,,,303.1495,r2_measured_00085,read,measured,,,,,0.9616,,ok,0.8877
471.2989,628,,,1.2549,,,,,,480.8691,r2_measured_00086,read,measured,,,,,7.8217,,ok,0.4159
492.5109,679,,,1.0834,,,,,,502.4158,r2_measured_00087,read,measured,,,,,8.3044,,ok,0.4289
494.1398,659,,,0.6985,,,,,,500.2841,r2_measured_00088,read,measured,,,,,5.0099,,ok,0.3587
388.6009,507,,,0.5565,,,,,,399.2751,r2_measured_00089,read,measured,,,,,9.6357,,ok,0.3949
505.4028,672,,,5.8135,,,,,,538.3493,r2_measured_00090,read,measured,,,,,26.5854,,ok,0.4492
431.7257,566,,,0.8526,,,,,,442.9597,r2_measured_00091,read,measured,,,,,9.7065,,ok,0.5933
513.6017,628,,,0.7169,,,,,,521.2219,r2_measured_00092,read,measured,,,,,6.4965,,ok,0.3365
532.4874,679,,,0.7371,,,,,,543.7962,r2_measured_00093,read,measured,,,,,10.1797,,ok,0.3303
523.8446,677,,,0.5639,,,,,,530.9809,r2_measured_00094,read,measured,,,,,6.2018,,ok,0.3101
497.3498,627,,,0.6112,,,,,,504.2231,r2_measured_00095,read,measured,,,,,5.8658,,ok,0.3326
376.203,508,,,0.6899,,,,,,384.1648,r2_measured_00096,read,measured,,,,,6.7824,,ok,0.4189
501.9465,628,,,0.5879,,,,,,509.0819,r2_measured_00097,read,measured,,,,,6.1532,,ok,0.334
514.2021,662,,,1.0171,,,,,,522.8701,r2_measured_00098,read,measured,,,,,7.2096,,ok,0.3708
511.5721,681,,,0.5705,,,,,,515.527,r2_measured_00099,read,measured,,,,,2.9443,,ok,0.369
452.1554,568,,,0.7745,,,,,,461.3762,r2_measured_00100,read,measured,,,,,7.6587,,ok,0.7233
526.0274,680,,,1.5492,,,,,,532.6906,r2_measured_00101,read,measured,,,,,4.6796,,ok,0.3632
426.117,566,,,0.5203,,,,,,434.0438,r2_measured_00102,read,measured,,,,,6.9612,,ok,0.369
324.5851,418,,,0.2975,,,,,,326.2683,r2_measured_00103,read,measured,,,,,0.971,,ok,0.3513
534.7866,508,345.9644,13.9488,0.4816,82.8505,1,13.9471,1,56.9834,542.1281,r2_measured_00104,update,measured,43.0346,7.3415,1,21.7314,6.4416,27.2569,ok,0.3542
485.9226,674,,,0.7401,,,,,,493.9371,r2_measured_00105,read,measured,,,,,6.867,,ok,0.3425
476.8089,680,,,1.8136,,,,,,482.3517,r2_measured_00106,read,measured,,,,,3.3262,,ok,0.3327
401.1047,566,,,0.8303,,,,,,409.1847,r2_measured_00107,read,measured,,,,,6.8587,,ok,0.3302
354.5648,508,,,1.0548,,,,,,360.6946,r2_measured_00108,read,measured,,,,,4.6755,,ok,0.3406
461.4322,680,,,0.5752,,,,,,468.0311,r2_measured_00109,read,measured,,,,,5.5834,,ok,0.3607
476.9371,678,,,0.6408,,,,,,484.5494,r2_measured_00110,read,measured,,,,,6.5727,,ok,0.3311
466.1915,680,,,0.7426,,,,,,468.6844,r2_measured_00111,read,measured,,,,,1.347,,ok,0.339
469.1084,679,,,0.8333,,,,,,476.1803,r2_measured_00112,read,measured,,,,,5.8488,,ok,0.3303
340.6269,508,,,0.4274,,,,,,349.179,r2_measured_00113,read,measured,,,,,7.7156,,ok,0.3497
262.6118,368,,,0.2391,,,,,,265.8637,r2_measured_00114,read,measured,,,,,2.6163,,ok,0.3389
455.4286,661,,,0.9015,,,,,,458.0776,r2_measured_00115,read,measured,,,,,1.3255,,ok,0.3496
485.8178,680,,,0.9929,,,,,,493.361,r2_measured_00116,read,measured,,,,,5.6253,,ok,0.8466
337.411,508,,,0.7861,,,,,,343.0281,r2_measured_00117,read,measured,,,,,4.1842,,ok,0.5837
423.7519,627,,,1.3048,,,,,,432.2871,r2_measured_00118,read,measured,,,,,6.8072,,ok,0.3567
439.0632,660,,,0.702,,,,,,445.7949,r2_measured_00119,read,measured,,,,,5.5851,,ok,0.3723
477.6285,679,,,0.5613,,,,,,487.1186,r2_measured_00120,read,measured,,,,,8.5135,,ok,0.3452
298.8915,417,,,0.2989,,,,,,300.8623,r2_measured_00121,read,measured,,,,,1.2552,,ok,0.3623
355.9175,509,,,0.4957,,,,,,360.0757,r2_measured_00122,read,measured,,,,,3.2367,,ok,0.3625
444.6317,679,,,0.8542,,,,,,452.848,r2_measured_00123,read,measured,,,,,6.9457,,ok,0.349
273.9119,418,,,0.2964,,,,,,276.0496,r2_measured_00124,read,measured,,,,,1.4161,,ok,0.3631
429.0055,623,,,0.8679,,,,,,435.021,r2_measured_00125,read,measured,,,,,4.6552,,ok,0.4229
464.9723,661,,,0.6454,,,,,,474.9848,r2_measured_00126,read,measured,,,,,8.9518,,ok,0.3419
495.4669,678,,,0.9653,,,,,,500.5752,r2_measured_00127,read,measured,,,,,3.7293,,ok,0.3482
482.9328,680,,,1.1043,,,,,,491.0839,r2_measured_00128,read,measured,,,,,6.6295,,ok,0.3473
488.4557,688,,,0.9165,,,,,,495.6764,r2_measured_00129,read,measured,,,,,5.891,,ok,0.345
491.7297,679,,,0.9125,,,,,,498.7009,r2_measured_00130,read,measured,,,,,5.6708,,ok,0.3259
346.0077,507,,,1.5068,,,,,,355.7519,r2_measured_00131,read,measured,,,,,7.7712,,ok,0.3932
515.6285,678,,,0.7438,,,,,,518.9099,r2_measured_00132,read,measured,,,,,2.0779,,ok,0.3877
287.8965,418,,,0.3499,,,,,,294.5028,r2_measured_00133,read,measured,,,,,5.7961,,ok,0.3716
438.8835,566,,,0.6691,,,,,,445.9851,r2_measured_00134,read,measured,,,,,6.0371,,ok,0.3343
573.7577,674,,,0.7529,,,,,,584.8734,r2_measured_00135,read,measured,,,,,9.7525,,ok,0.5346
572.7403,680,,,0.6915,,,,,,577.8186,r2_measured_00136,read,measured,,,,,3.9924,,ok,0.3262
568.5454,688,,,0.5636,,,,,,573.6641,r2_measured_00137,read,measured,,,,,4.0071,,ok,0.3886
493.1761,565,,,1.4678,,,,,,499.6641,r2_measured_00138,read,measured,,,,,4.1187,,ok,0.8056
520.7511,566,,,0.4957,,,,,,526.5376,r2_measured_00139,read,measured,,,,,4.8793,,ok,0.3474
562.3243,673,,,1.4699,,,,,,570.0263,r2_measured_00140,read,measured,,,,,5.7941,,ok,0.359
458.0176,507,,,0.4681,,,,,,466.1371,r2_measured_00141,read,measured,,,,,7.2864,,ok,0.3089
679.9292,628,486.3525,6.3819,0.9049,122.8823,1,6.3802,1,30.0931,688.3051,r2_measured_00142,update,measured,23.7112,8.3759,1,14.7106,7.0514,25.8907,ok,0.3482
497.1813,566,,,0.6476,,,,,,502.6261,r2_measured_00143,read,measured,,,,,4.3778,,ok,0.3558
569.5177,680,,,0.6169,,,,,,572.4985,r2_measured_00144,read,measured,,,,,1.9094,,ok,0.3691
536.028,678,,,1.1296,,,,,,548.2095,r2_measured_00145,read,measured,,,,,10.5988,,ok,0.3749
560.8965,680,,,0.9037,,,,,,567.226,r2_measured_00146,read,measured,,,,,5.0024,,ok,0.3519
747.2128,679,542.4737,4.0971,0.6579,143.2003,0,4.0956,1,32.1745,753.5635,r2_measured_00147,update,measured,28.0774,6.3507,1,0.0062,5.2539,29.3581,ok,0.3732
382.7407,416,,,0.3243,,,,,,384.7943,r2_measured_00148,read,measured,,,,,1.2855,,ok,0.3731
311.7282,369,,,0.259,,,,,,313.7448,r2_measured_00149,read,measured,,,,,1.3441,,ok,0.3592
576.8476,679,,,0.816,,,,,,590.2542,r2_measured_00150,read,measured,,,,,12.1479,,ok,0.3727
484.2873,626,,,0.6741,,,,,,488.5322,r2_measured_00151,read,measured,,,,,3.1601,,ok,0.3449
522.9313,680,,,0.5698,,,,,,528.4531,r2_measured_00152,read,measured,,,,,4.5408,,ok,0.3486
242.4298,367,,,0.2663,,,,,,243.625,r2_measured_00153,read,measured,,,,,0.517,,ok,0.357
283.4677,419,,,0.4361,,,,,,285.99,r2_measured_00154,read,measured,,,,,1.6809,,ok,0.3409
511.7223,661,,,0.6305,,,,,,518.8691,r2_measured_00155,read,measured,,,,,6.0974,,ok,0.3473
323.461,417,,,0.3497,,,,,,326.0295,r2_measured_00156,read,measured,,,,,1.7572,,ok,0.3917
531.1556,679,,,1.4827,,,,,,540.3043,r2_measured_00157,read,measured,,,,,7.2712,,ok,0.3285
340.8391,417,,,0.8019,,,,,,343.846,r2_measured_00158,read,measured,,,,,1.8187,,ok,0.335
540.3023,675,,,0.7844,,,,,,545.5663,r2_measured_00159,read,measured,,,,,4.0611,,ok,0.3391
400.0356,508,,,0.5182,,,,,,411.3124,r2_measured_00160,read,measured,,,,,10.3354,,ok,0.3641
543.501,680,,,0.7141,,,,,,557.1441,r2_measured_00161,read,measured,,,,,12.5046,,ok,0.3569
419.5153,504,,,0.6425,,,,,,433.8968,r2_measured_00162,read,measured,,,,,13.3565,,ok,0.3248
538.3126,672,,,0.6695,,,,,,547.2942,r2_measured_00163,read,measured,,,,,7.8802,,ok,0.3627
502.2445,679,,,0.8745,,,,,,516.902,r2_measured_00164,read,measured,,,,,13.3591,,ok,0.3564
691.1522,679,512.4239,4.1054,0.8065,122.3228,1,4.1038,1,23.8008,698.308,r2_measured_00165,update,measured,19.6954,7.1558,1,0.005,5.9109,32.5997,ok,0.3582
588.1606,509,400.5731,28.0089,0.7931,76.5317,1,28.0072,1,66.4043,594.4203,r2_measured_00166,update,measured,38.3954,6.2597,1,17.6972,5.0673,26.9543,ok,0.3414
346.7854,418,,,0.2939,,,,,,349.1167,r2_measured_00167,read,measured,,,,,1.6315,,ok,0.344
493.7628,627,,,0.7032,,,,,,513.8758,r2_measured_00168,read,measured,,,,,18.99,,ok,0.357
497.7231,661,,,0.9501,,,,,,505.1852,r2_measured_00169,read,measured,,,,,6.0644,,ok,0.3737
518.6873,674,,,0.6903,,,,,,529.3233,r2_measured_00170,read,measured,,,,,9.5169,,ok,0.3607
524.6859,681,,,0.8513,,,,,,531.1825,r2_measured_00171,read,measured,,,,,5.0934,,ok,0.4739
422.1154,567,,,0.6824,,,,,,430.0181,r2_measured_00172,read,measured,,,,,6.7918,,ok,0.3665
689.1126,686,498.2974,5.8674,0.6634,107.9085,0,5.8659,1,38.6287,692.8227,r2_measured_00173,update,measured,32.7613,3.7101,1,18.9594,2.6392,25.3186,ok,0.342
274.3337,369,,,0.807,,,,,,276.5411,r2_measured_00174,read,measured,,,,,0.9993,,ok,0.3487
464.6931,678,,,0.5214,,,,,,471.9104,r2_measured_00175,read,measured,,,,,6.2839,,ok,0.3419
453.3322,628,,,1.0858,,,,,,461.4046,r2_measured_00176,read,measured,,,,,6.585,,ok,0.3368
449.8942,660,,,0.5931,,,,,,461.3688,r2_measured_00177,read,measured,,,,,10.4951,,ok,0.3257
489.6415,681,,,0.9028,,,,,,494.5687,r2_measured_00178,read,measured,,,,,3.5957,,ok,0.3537
282.5735,367,,,0.4598,,,,,,284.5464,r2_measured_00179,read,measured,,,,,1.1075,,ok,0.3494
491.335,674,,,0.7815,,,,,,501.0336,r2_measured_00180,read,measured,,,,,8.49,,ok,0.3598
489.2288,688,,,1.4045,,,,,,498.0321,r2_measured_00181,read,measured,,,,,6.9759,,ok,0.3555
653.5866,661,462.1585,7.3222,0.6073,116.8455,1,7.3206,1,30.5779,664.5206,r2_measured_00182,update,measured,23.2557,10.934,1,14.224,9.8836,29.7807,ok,0.3664
336.3302,507,,,0.7682,,,,,,344.4459,r2_measured_00183,read,measured,,,,,6.953,,ok,0.3363
266.0702,367,,,0.2566,,,,,,268.0922,r2_measured_00184,read,measured,,,,,1.3606,,ok,0.3457
413.3361,568,,,0.6816,,,,,,418.1131,r2_measured_00185,read,measured,,,,,3.6677,,ok,0.3602
356.5208,507,,,0.4593,,,,,,366.4553,r2_measured_00186,read,measured,,,,,8.9756,,ok,0.4397
400.2576,568,,,0.6033,,,,,,407.6259,r2_measured_00187,read,measured,,,,,6.3972,,ok,0.3118
425.4033,628,,,0.9458,,,,,,436.921,r2_measured_00188,read,measured,,,,,9.7817,,ok,0.6072
492.6088,675,,,0.834,,,,,,501.9216,r2_measured_00189,read,measured,,,,,8.0786,,ok,0.3315
283.9679,418,,,0.2831,,,,,,285.9421,r2_measured_00190,read,measured,,,,,1.2974,,ok,0.3437
475.1442,679,,,0.739,,,,,,483.0523,r2_measured_00191,read,measured,,,,,6.7019,,ok,0.3987
461.334,689,,,0.7861,,,,,,468.015,r2_measured_00192,read,measured,,,,,5.4814,,ok,0.3404
467.2545,679,,,0.5476,,,,,,473.4304,r2_measured_00193,read,measured,,,,,5.2023,,ok,0.3606
474.885,677,,,0.6012,,,,,,489.8127,r2_measured_00194,read,measured,,,,,13.8991,,ok,0.3532
447.4344,661,,,0.905,,,,,,463.7558,r2_measured_00195,read,measured,,,,,14.9925,,ok,0.3521
466.355,661,,,0.8364,,,,,,475.6656,r2_measured_00196,read,measured,,,,,7.992,,ok,0.4026
400.5236,566,,,0.6207,,,,,,408.4119,r2_measured_00197,read,measured,,,,,6.8484,,ok,0.3564
473.5554,678,,,0.7524,,,,,,476.753,r2_measured_00198,read,measured,,,,,1.9352,,ok,0.4288
484.4125,662,,,0.7648,,,,,,489.2276,r2_measured_00199,read,measured,,,,,3.5669,,ok,0.4154
472.3802,674,,,1.0292,,,,,,478.7947,r2_measured_00200,read,measured,,,,,4.9826,,ok,0.338
470.615,674,,,1.2094,,,,,,479.9025,r2_measured_00201,read,measured,,,,,7.6485,,ok,0.3639
468.6254,680,,,1.987,,,,,,495.2772,r2_measured_00202,read,measured,,,,,24.1724,,ok,0.4075
462.7288,628,,,0.996,,,,,,472.0838,r2_measured_00203,read,measured,,,,,7.9284,,ok,0.3656
502.171,674,,,0.6436,,,,,,519.1602,r2_measured_00204,read,measured,,,,,15.9327,,ok,0.3447
439.5077,568,,,0.7267,,,,,,447.7822,r2_measured_00205,read,measured,,,,,7.0193,,ok,0.4434
477.6655,628,,,0.9238,,,,,,484.1625,r2_measured_00206,read,measured,,,,,5.1548,,ok,0.347
337.324,417,,,0.7059,,,,,,341.583,r2_measured_00207,read,measured,,,,,3.1383,,ok,0.3473
570.3298,687,,,1.4014,,,,,,580.5806,r2_measured_00208,read,measured,,,,,8.3935,,ok,0.3612
528.891,679,,,0.5638,,,,,,534.5357,r2_measured_00209,read,measured,,,,,4.6813,,ok,0.3355
569.8627,687,,,1.1512,,,,,,577.4319,r2_measured_00210,read,measured,,,,,5.8486,,ok,0.488
563.4876,680,,,0.8331,,,,,,570.0631,r2_measured_00211,read,measured,,,,,5.2969,,ok,0.3702
521.6107,628,,,0.6752,,,,,,525.218,r2_measured_00212,read,measured,,,,,2.508,,ok,0.3545
295.6386,369,,,0.4653,,,,,,298.0505,r2_measured_00213,read,measured,,,,,1.5374,,ok,0.3534
366.302,416,,,0.4818,,,,,,369.1411,r2_measured_00214,read,measured,,,,,1.9607,,ok,0.3368
493.0383,624,,,0.6629,,,,,,497.7318,r2_measured_00215,read,measured,,,,,3.6007,,ok,0.3635
628.9198,629,465.1598,7.1877,0.7962,98.0683,0,7.1862,1,32.6865,639.4832,r2_measured_00216,update,measured,25.4988,10.5634,1,0.0055,9.2635,32.9997,ok,0.4245
508.6496,628,,,0.6353,,,,,,519.5261,r2_measured_00217,read,measured,,,,,9.8379,,ok,0.3367
398.6239,509,,,0.4731,,,,,,408.2473,r2_measured_00218,read,measured,,,,,8.7239,,ok,0.3607
510.8555,678,,,0.6355,,,,,,517.0347,r2_measured_00219,read,measured,,,,,5.1314,,ok,0.3408
462.6424,624,,,0.6022,,,,,,466.9905,r2_measured_00220,read,measured,,,,,3.3202,,ok,0.3526
508.4652,681,,,0.8623,,,,,,522.2543,r2_measured_00221,read,measured,,,,,12.4565,,ok,0.3903
500.3712,680,,,0.7901,,,,,,512.4427,r2_measured_00222,read,measured,,,,,10.804,,ok,0.3962
558.3859,679,,,0.7431,,,,,,568.7927,r2_measured_00223,read,measured,,,,,9.2248,,ok,0.3684
424.6515,567,,,0.8117,,,,,,433.4124,r2_measured_00224,read,measured,,,,,7.4571,,ok,0.4064
522.2803,679,,,0.7297,,,,,,527.4596,r2_measured_00225,read,measured,,,,,4.0143,,ok,0.3664
530.9963,679,,,0.6236,,,,,,539.9618,r2_measured_00226,read,measured,,,,,7.9525,,ok,0.3258
345.4497,415,,,0.3713,,,,,,349.384,r2_measured_00227,read,measured,,,,,3.0919,,ok,0.4077
506.9844,672,,,0.7443,,,,,,515.6873,r2_measured_00228,read,measured,,,,,7.5175,,ok,0.3626
437.2922,567,,,0.7461,,,,,,442.838,r2_measured_00229,read,measured,,,,,4.3805,,ok,0.3602
374.8662,508,,,0.6648,,,,,,378.0599,r2_measured_00230,read,measured,,,,,2.1004,,ok,0.3634
472.2077,628,,,0.6535,,,,,,477.2319,r2_measured_00231,read,measured,,,,,3.9287,,ok,0.3751
487.723,673,,,0.9341,,,,,,493.9835,r2_measured_00232,read,measured,,,,,4.308,,ok,0.8386
543.6723,673,,,0.5634,,,,,,548.1643,r2_measured_00233,read,measured,,,,,3.5363,,ok,0.3214
292.8612,369,,,0.2435,,,,,,296.1292,r2_measured_00234,read,measured,,,,,2.6442,,ok,0.3346
544.6437,687,,,0.6758,,,,,,554.2012,r2_measured_00235,read,measured,,,,,8.4809,,ok,0.3349
469.1148,568,,,0.7085,,,,,,471.7757,r2_measured_00236,read,measured,,,,,1.4791,,ok,0.3975
685.0541,672,493.9917,11.1965,0.6833,102.5093,1,11.1943,1,44.0081,698.9322,r2_measured_00237,update,measured,32.8116,13.8781,1,13.1806,12.7884,31.3644,ok,0.3404
521.9051,674,,,0.8287,,,,,,526.9381,r2_measured_00238,read,measured,,,,,3.7973,,ok,0.3398
504.3021,629,,,0.8617,,,,,,525.709,r2_measured_00239,read,measured,,,,,20.1461,,ok,0.3396
320.9481,417,,,0.3639,,,,,,323.2743,r2_measured_00240,read,measured,,,,,1.5797,,ok,0.329
501.747,680,,,0.9722,,,,,,509.6266,r2_measured_00241,read,measured,,,,,6.4791,,ok,0.3607
291.8138,369,,,0.4436,,,,,,294.4763,r2_measured_00242,read,measured,,,,,1.8257,,ok,0.3368
507.0726,680,,,0.7504,,,,,,513.1718,r2_measured_00243,read,measured,,,,,4.9267,,ok,0.3513
422.8526,567,,,0.5009,,,,,,425.8128,r2_measured_00244,read,measured,,,,,2.0519,,ok,0.3468
383.6371,509,,,0.9466,,,,,,386.8577,r2_measured_00245,read,measured,,,,,1.8264,,ok,0.3769
485.3229,673,,,1.4059,,,,,,495.7925,r2_measured_00246,read,measured,,,,,8.6308,,ok,0.3644
678.9171,680,484.1217,8.5753,0.852,100.1939,1,8.5739,1,36.7886,686.5982,r2_measured_00247,update,measured,28.2133,7.6811,1,24.253,6.2195,33.5599,ok,0.5128
494.6437,661,,,0.6403,,,,,,496.7038,r2_measured_00248,read,measured,,,,,1.0191,,ok,0.3344
487.627,679,,,0.6045,,,,,,495.2888,r2_measured_00249,read,measured,,,,,6.5981,,ok,0.3742
466.4141,681,,,0.5189,,,,,,473.0261,r2_measured_00250,read,measured,,,,,5.6984,,ok,0.3311
375.2973,568,,,0.8749,,,,,,390.1704,r2_measured_00251,read,measured,,,,,13.536,,ok,0.3902
430.7981,624,,,0.8523,,,,,,435.552,r2_measured_00252,read,measured,,,,,3.5208,,ok,0.322
435.6749,627,,,0.7016,,,,,,445.9247,r2_measured_00253,read,measured,,,,,9.1499,,ok,0.3372
326.1549,509,,,0.8253,,,,,,329.3103,r2_measured_00254,read,measured,,,,,1.7855,,ok,0.4701
239.973,369,,,0.2791,,,,,,242.2899,r2_measured_00255,read,measured,,,,,1.6416,,ok,0.336
395.1486,565,,,2.7378,,,,,,404.7187,r2_measured_00256,read,measured,,,,,5.0817,,ok,1.6577
424.0673,567,,,0.6865,,,,,,437.0616,r2_measured_00257,read,measured,,,,,11.9176,,ok,0.3353
512.3452,677,,,0.8438,,,,,,522.3026,r2_measured_00258,read,measured,,,,,8.6895,,ok,0.3382
464.1081,627,,,0.8743,,,,,,471.2957,r2_measured_00259,read,measured,,,,,5.8785,,ok,0.3677
536.0416,675,,,1.4491,,,,,,547.7706,r2_measured_00260,read,measured,,,,,9.7219,,ok,0.4723
324.842,418,,,0.2557,,,,,,326.5519,r2_measured_00261,read,measured,,,,,1.1037,,ok,0.3053
313.8059,417,,,0.2665,,,,,,315.8132,r2_measured_00262,read,measured,,,,,1.3703,,ok,0.3198
592.5938,674,,,0.635,,,,,,609.2026,r2_measured_00263,read,measured,,,,,15.4934,,ok,0.3953
308.052,368,,,0.2951,,,,,,310.5111,r2_measured_00264,read,measured,,,,,1.7219,,ok,0.3839
436.4733,508,,,0.3879,,,,,,446.4787,r2_measured_00265,read,measured,,,,,9.2497,,ok,0.3151
449.3749,506,,,0.8189,,,,,,461.6641,r2_measured_00266,read,measured,,,,,10.9188,,ok,0.4766
425.6892,507,,,0.458,,,,,,431.1892,r2_measured_00267,read,measured,,,,,4.6474,,ok,0.3297
364.6024,418,,,0.337,,,,,,367.3614,r2_measured_00268,read,measured,,,,,1.9152,,ok,0.4439
281.6286,369,,,0.8932,,,,,,311.6578,r2_measured_00269,read,measured,,,,,28.5727,,ok,0.4028
625.7876,509,462.8717,5.0816,0.6598,74.1234,1,5.0802,1,34.4119,638.7293,r2_measured_00270,update,measured,29.3303,12.9417,1,29.3396,11.8521,25.041,ok,0.3643
541.1904,628,,,1.1273,,,,,,550.3251,r2_measured_00271,read,measured,,,,,7.5679,,ok,0.366
397.9132,416,,,0.3986,,,,,,401.5445,r2_measured_00272,read,measured,,,,,2.6877,,ok,0.4691
475.3306,568,,,0.5387,,,,,,482.2803,r2_measured_00273,read,measured,,,,,5.9252,,ok,0.4087
560.0274,674,,,0.6853,,,,,,567.8305,r2_measured_00274,read,measured,,,,,6.7018,,ok,0.3432
436.454,504,,,0.6269,,,,,,448.517,r2_measured_00275,read,measured,,,,,11.0018,,ok,0.3729
451.3443,508,,,0.53,,,,,,455.5258,r2_measured_00276,read,measured,,,,,3.2013,,ok,0.3763
512.5306,628,,,1.2795,,,,,,517.4877,r2_measured_00277,read,measured,,,,,3.2662,,ok,0.3472
656.0077,624,450.8003,5.6908,0.878,137.1766,0,5.6891,1,31.4323,664.2763,r2_measured_00278,update,measured,25.7415,8.2686,1,0.0108,6.9945,36.5877,ok,0.339
548.346,678,,,1.9459,,,,,,558.0645,r2_measured_00279,read,measured,,,,,7.3642,,ok,0.3437
663.2202,662,468.2948,6.6885,0.5507,111.8599,1,6.6865,1,33.3156,670.7934,r2_measured_00280,update,measured,26.6271,7.5732,1,15.2594,6.6065,34.4905,ok,0.343
341.9167,417,,,0.2936,,,,,,344.2649,r2_measured_00281,read,measured,,,,,1.6419,,ok,0.3497
395.6608,509,,,0.7786,,,,,,400.848,r2_measured_00282,read,measured,,,,,3.9811,,ok,0.3631
497.9949,628,,,1.2081,,,,,,504.0122,r2_measured_00283,read,measured,,,,,4.4137,,ok,0.3354
476.5294,624,,,1.4831,,,,,,485.6687,r2_measured_00284,read,measured,,,,,7.2569,,ok,0.3387
299.3231,418,,,0.2852,,,,,,300.8408,r2_measured_00285,read,measured,,,,,0.8164,,ok,0.363
356.0037,507,,,0.5693,,,,,,359.4455,r2_measured_00286,read,measured,,,,,2.4648,,ok,0.3442
360.2286,509,,,0.6123,,,,,,371.4301,r2_measured_00287,read,measured,,,,,10.187,,ok,0.334
298.3744,417,,,0.2641,,,,,,300.4719,r2_measured_00288,read,measured,,,,,1.4453,,ok,0.3358
430.4836,628,,,0.468,,,,,,445.3738,r2_measured_00289,read,measured,,,,,13.3551,,ok,0.9969
457.6032,679,,,0.593,,,,,,465.2973,r2_measured_00290,read,measured,,,,,6.6884,,ok,0.3486
437.6632,628,,,0.7613,,,,,,442.0062,r2_measured_00291,read,measured,,,,,3.1645,,ok,0.3527
342.2759,507,,,0.6428,,,,,,355.2077,r2_measured_00292,read,measured,,,,,11.9055,,ok,0.3243
525.6288,689,,,0.6371,,,,,,535.414,r2_measured_00293,read,measured,,,,,8.7265,,ok,0.3423
499.8143,678,,,0.8972,,,,,,509.2057,r2_measured_00294,read,measured,,,,,8.0254,,ok,0.3936
484.9099,662,,,0.5167,,,,,,491.9519,r2_measured_00295,read,measured,,,,,6.0793,,ok,0.3784
339.5693,509,,,0.5237,,,,,,349.672,r2_measured_00296,read,measured,,,,,9.1974,,ok,0.3249
506.2749,679,,,0.665,,,,,,512.1065,r2_measured_00297,read,measured,,,,,4.7161,,ok,0.372
457.7098,627,,,1.0027,,,,,,468.1298,r2_measured_00298,read,measured,,,,,8.9714,,ok,0.365
483.7194,627,,,1.5601,,,,,,495.4048,r2_measured_00299,read,measured,,,,,9.6873,,ok,0.3642
507.2689,681,,,0.9979,,,,,,511.4971,r2_measured_00300,read,measured,,,,,2.7767,,ok,0.3761
313.6145,418,,,0.369,,,,,,315.1242,r2_measured_00301,read,measured,,,,,0.7309,,ok,0.3448
513.4546,679,,,0.8801,,,,,,519.592,r2_measured_00302,read,measured,,,,,4.827,,ok,0.3597
423.5551,566,,,1.4176,,,,,,430.4527,r2_measured_00303,read,measured,,,,,5.0753,,ok,0.3418
455.5389,567,,,0.9739,,,,,,463.1182,r2_measured_00304,read,measured,,,,,6.1841,,ok,0.3542
399.3849,509,,,0.6075,,,,,,407.8056,r2_measured_00305,read,measured,,,,,7.4054,,ok,0.341
457.6285,568,,,0.527,,,,,,467.8128,r2_measured_00306,read,measured,,,,,9.2151,,ok,0.3746
395.8255,509,,,0.632,,,,,,406.5801,r2_measured_00307,read,measured,,,,,9.6906,,ok,0.362
481.3679,626,,,0.7314,,,,,,494.2623,r2_measured_00308,read,measured,,,,,11.7462,,ok,0.346
403.9706,507,,,0.6171,,,,,,410.2521,r2_measured_00309,read,measured,,,,,5.2153,,ok,0.3775
477.4172,679,,,1.3379,,,,,,484.5695,r2_measured_00310,read,measured,,,,,5.3608,,ok,0.3687
458.8854,662,,,0.7893,,,,,,468.2054,r2_measured_00311,read,measured,,,,,8.0972,,ok,0.3619
483.2155,679,,,1.1395,,,,,,495.6214,r2_measured_00312,read,measured,,,,,9.7307,,ok,1.1553
301.1455,418,,,0.3173,,,,,,303.401,r2_measured_00313,read,measured,,,,,1.541,,ok,0.3459
478.1434,659,,,1.2757,,,,,,489.5978,r2_measured_00314,read,measured,,,,,9.6562,,ok,0.4154
549.7053,680,,,0.6024,,,,,,555.4806,r2_measured_00315,read,measured,,,,,4.7418,,ok,0.3585
281.7228,417,,,0.354,,,,,,284.7314,r2_measured_00316,read,measured,,,,,2.2155,,ok,0.37
502.7204,680,,,0.5304,,,,,,510.8886,r2_measured_00317,read,measured,,,,,7.2471,,ok,0.3136
528.0252,680,,,0.5314,,,,,,538.3585,r2_measured_00318,read,measured,,,,,9.3751,,ok,0.3532
302.0607,419,,,0.3327,,,,,,304.2561,r2_measured_00319,read,measured,,,,,1.4213,,ok,0.3758
559.7287,689,,,0.7375,,,,,,567.626,r2_measured_00320,read,measured,,,,,6.7259,,ok,0.3632
483.0384,624,,,0.6583,,,,,,491.914,r2_measured_00321,read,measured,,,,,7.7907,,ok,0.3658
552.7365,686,,,0.7097,,,,,,559.1366,r2_measured_00322,read,measured,,,,,4.3269,,ok,1.1595
327.8084,419,,,0.2753,,,,,,329.6139,r2_measured_00323,read,measured,,,,,1.1639,,ok,0.315
392.061,509,,,0.6826,,,,,,399.3722,r2_measured_00324,read,measured,,,,,6.187,,ok,0.3817
558.8835,675,,,0.7231,,,,,,564.7919,r2_measured_00325,read,measured,,,,,4.6725,,ok,0.4359
632.6251,688,,,1.0158,,,,,,637.5236,r2_measured_00326,read,measured,,,,,3.4804,,ok,0.3379
627.2088,681,,,0.6053,,,,,,638.4679,r2_measured_00327,read,measured,,,,,10.283,,ok,0.3114
631.0655,679,,,0.7259,,,,,,636.8121,r2_measured_00328,read,measured,,,,,4.6071,,ok,0.3483
773.0584,674,538.0112,7.0224,0.7116,99.0622,1,7.0207,1,62.533,780.8089,r2_measured_00329,update,measured,55.5106,7.7505,1,46.9969,6.6263,26.4551,ok,0.3443
621.4228,679,,,0.6339,,,,,,627.3145,r2_measured_00330,read,measured,,,,,4.855,,ok,0.3371
387.4739,418,,,0.3657,,,,,,391.2799,r2_measured_00331,read,measured,,,,,3.0205,,ok,0.3542
473.6197,507,,,0.5665,,,,,,478.7536,r2_measured_00332,read,measured,,,,,4.1606,,ok,0.3515
556.8687,681,,,1.1493,,,,,,564.2779,r2_measured_00333,read,measured,,,,,5.8676,,ok,0.3257
375.4996,417,,,0.2699,,,,,,377.6868,r2_measured_00334,read,measured,,,,,1.5664,,ok,0.3059
347.2569,369,,,0.4604,,,,,,349.266,r2_measured_00335,read,measured,,,,,1.1714,,ok,0.3284
463.3781,567,,,1.0194,,,,,,469.0502,r2_measured_00336,read,measured,,,,,4.2519,,ok,0.339
536.4893,659,,,0.6838,,,,,,541.2288,r2_measured_00337,read,measured,,,,,3.632,,ok,0.3476
464.4278,418,318.8248,4.005,0.275,89.2355,1,4.0035,1,23.9577,466.6892,r2_measured_00338,update,measured,19.9527,2.2614,1,10.552,1.6034,21.8578,ok,0.3332
493.7889,624,,,0.6814,,,,,,502.9071,r2_measured_00339,read,measured,,,,,7.8199,,ok,0.4325
522.6114,661,,,1.4617,,,,,,538.5958,r2_measured_00340,read,measured,,,,,13.9738,,ok,0.4367
700.9931,679,489.068,5.7249,0.8589,101.6013,1,5.7231,1,31.3982,705.0887,r2_measured_00341,update,measured,25.6733,4.0956,1,55.9264,2.8001,22.9992,ok,0.359
672.7812,681,490.5488,3.4635,0.5995,126.9128,1,3.4616,1,25.5785,678.036,r2_measured_00342,update,measured,22.115,5.2548,1,0.0069,4.2039,29.7342,ok,0.3756
242.1682,369,,,0.2527,,,,,,244.522,r2_measured_00343,read,measured,,,,,1.6604,,ok,0.3871
366.4656,504,,,0.6886,,,,,,372.1554,r2_measured_00344,read,measured,,,,,4.6322,,ok,0.3153
478.6834,688,,,1.5004,,,,,,486.6819,r2_measured_00345,read,measured,,,,,5.6696,,ok,0.7417
486.2547,679,,,0.8882,,,,,,490.6945,r2_measured_00346,read,measured,,,,,3.0574,,ok,0.3687
446.0942,624,,,0.5903,,,,,,454.1229,r2_measured_00347,read,measured,,,,,7.0197,,ok,0.3508
280.0527,369,,,0.2273,,,,,,282.1416,r2_measured_00348,read,measured,,,,,1.5049,,ok,0.3071
404.3532,565,,,0.5172,,,,,,410.2112,r2_measured_00349,read,measured,,,,,4.936,,ok,0.3368
307.232,418,,,0.3059,,,,,,309.9108,r2_measured_00350,read,measured,,,,,1.9472,,ok,0.3603
439.4295,566,,,0.5409,,,,,,444.4988,r2_measured_00351,read,measured,,,,,4.0938,,ok,0.3646
480.7052,663,,,0.7635,,,,,,490.9502,r2_measured_00352,read,measured,,,,,8.9147,,ok,0.4707
317.3055,418,,,0.5184,,,,,,319.2022,r2_measured_00353,read,measured,,,,,0.9346,,ok,0.3841
528.6305,688,,,1.018,,,,,,540.1465,r2_measured_00354,read,measured,,,,,10.0741,,ok,0.3592
545.0243,687,,,0.7611,,,,,,551.5854,r2_measured_00355,read,measured,,,,,5.3724,,ok,0.3575
515.0141,678,,,0.7761,,,,,,523.1836,r2_measured_00356,read,measured,,,,,6.9843,,ok,0.341
446.572,627,,,0.5123,,,,,,456.5259,r2_measured_00357,read,measured,,,,,9.0413,,ok,0.3392
497.6306,674,,,1.048,,,,,,511.5685,r2_measured_00358,read,measured,,,,,12.4754,,ok,0.347
379.8772,509,,,0.6283,,,,,,386.3142,r2_measured_00359,read,measured,,,,,5.433,,ok,0.3133
303.8658,369,,,0.6223,,,,,,310.6742,r2_measured_00360,read,measured,,,,,5.824,,ok,0.3136
475.9983,674,,,0.7274,,,,,,481.8725,r2_measured_00361,read,measured,,,,,4.711,,ok,0.3581
509.9545,689,,,0.7889,,,,,,516.561,r2_measured_00362,read,measured,,,,,5.4128,,ok,0.3382
474.3981,663,,,0.5366,,,,,,478.2423,r2_measured_00363,read,measured,,,,,2.8751,,ok,0.3638
487.1375,675,,,0.8071,,,,,,502.5333,r2_measured_00364,read,measured,,,,,14.1575,,ok,0.3614
497.8415,679,,,0.5382,,,,,,505.1658,r2_measured_00365,read,measured,,,,,6.3695,,ok,0.3483
501.4193,679,,,0.5219,,,,,,508.7066,r2_measured_00366,read,measured,,,,,6.3477,,ok,0.3501
307.8178,417,,,0.3728,,,,,,310.298,r2_measured_00367,read,measured,,,,,1.7237,,ok,0.3298
737.0049,675,516.7593,6.0205,0.993,109.4632,1,6.0187,1,37.6589,742.5274,r2_measured_00368,update,measured,31.6384,5.5225,1,46.8587,4.1273,26.2648,ok,0.3258
474.7557,679,,,0.5923,,,,,,478.6714,r2_measured_00369,read,measured,,,,,2.9049,,ok,0.3433
464.9327,680,,,0.9858,,,,,,482.759,r2_measured_00370,read,measured,,,,,16.4051,,ok,0.3717
465.7706,674,,,0.9046,,,,,,473.547,r2_measured_00371,read,measured,,,,,6.4539,,ok,0.3533
429.871,624,,,1.2496,,,,,,438.8156,r2_measured_00372,read,measured,,,,,7.2721,,ok,0.3531
405.9939,628,,,0.9229,,,,,,416.3219,r2_measured_00373,read,measured,,,,,8.8565,,ok,0.4698
434.8758,678,,,0.9931,,,,,,445.1441,r2_measured_00374,read,measured,,,,,8.8426,,ok,0.364
434.2969,662,,,0.8591,,,,,,445.5689,r2_measured_00375,read,measured,,,,,9.9912,,ok,0.3535
500.8924,662,,,0.6817,,,,,,504.8497,r2_measured_00376,read,measured,,,,,2.8125,,ok,0.3871
527.5454,688,,,0.8835,,,,,,531.9841,r2_measured_00377,read,measured,,,,,3.1133,,ok,0.3638
389.7238,507,,,0.5924,,,,,,396.324,r2_measured_00378,read,measured,,,,,5.6046,,ok,0.3284
491.8301,685,,,0.6591,,,,,,497.5572,r2_measured_00379,read,measured,,,,,4.6272,,ok,0.3494
522.3538,679,,,1.1436,,,,,,529.0343,r2_measured_00380,read,measured,,,,,5.0647,,ok,0.3835
468.6707,627,,,0.7805,,,,,,473.6704,r2_measured_00381,read,measured,,,,,3.8171,,ok,0.3291
527.3734,685,,,0.8539,,,,,,534.3785,r2_measured_00382,read,measured,,,,,5.7427,,ok,0.3405
440.248,566,,,0.6286,,,,,,443.7977,r2_measured_00383,read,measured,,,,,2.4137,,ok,0.4378
517.4101,680,,,1.0077,,,,,,522.8572,r2_measured_00384,read,measured,,,,,3.9814,,ok,0.3796
407.8151,505,,,0.5102,,,,,,421.3426,r2_measured_00385,read,measured,,,,,12.5813,,ok,0.352
337.1127,418,,,0.3246,,,,,,340.7348,r2_measured_00386,read,measured,,,,,2.8746,,ok,0.3542
452.1001,567,,,0.8998,,,,,,461.7046,r2_measured_00387,read,measured,,,,,8.2843,,ok,0.3561
528.5286,680,,,0.6846,,,,,,538.3949,r2_measured_00388,read,measured,,,,,8.6076,,ok,0.4916
308.647,369,,,0.2643,,,,,,312.4684,r2_measured_00389,read,measured,,,,,3.1268,,ok,0.3763
440.6862,566,,,0.732,,,,,,448.2155,r2_measured_00390,read,measured,,,,,6.3558,,ok,0.367
474.7398,687,,,1.6055,,,,,,477.9452,r2_measured_00391,read,measured,,,,,1.1678,,ok,0.3543
352.9555,505,,,0.7092,,,,,,363.6728,r2_measured_00392,read,measured,,,,,9.5842,,ok,0.3555
463.3906,679,,,0.8609,,,,,,469.7283,r2_measured_00393,read,measured,,,,,5.0274,,ok,0.367
473.436,679,,,0.6824,,,,,,477.666,r2_measured_00394,read,measured,,,,,3.129,,ok,0.3453
410.2569,567,,,0.6071,,,,,,415.7531,r2_measured_00395,read,measured,,,,,4.4724,,ok,0.3445
294.4658,418,,,0.3004,,,,,,297.0566,r2_measured_00396,read,measured,,,,,1.8758,,ok,0.3534
293.3609,418,,,0.3026,,,,,,295.7794,r2_measured_00397,read,measured,,,,,1.7175,,ok,0.3417
478.589,680,,,0.8695,,,,,,488.2586,r2_measured_00398,read,measured,,,,,8.3762,,ok,0.3461
362.5653,509,,,0.9128,,,,,,373.8443,r2_measured_00399,read,measured,,,,,9.9532,,ok,0.3548
381.4153,566,,,0.6506,,,,,,388.0559,r2_measured_00400,read,measured,,,,,5.5663,,ok,0.3415
292.1054,415,,,0.5618,,,,,,294.4115,r2_measured_00401,read,measured,,,,,1.3434,,ok,0.3381
401.6259,567,,,1.4283,,,,,,410.2824,r2_measured_00402,read,measured,,,,,6.8217,,ok,0.3451
467.3481,680,,,0.8615,,,,,,476.3968,r2_measured_00403,read,measured,,,,,7.7264,,ok,0.3789
284.6704,417,,,0.2996,,,,,,288.0119,r2_measured_00404,read,measured,,,,,2.6331,,ok,0.3522
289.3044,418,,,0.2871,,,,,,291.2457,r2_measured_00405,read,measured,,,,,1.2421,,ok,0.3562
462.5843,674,,,0.9203,,,,,,467.0814,r2_measured_00406,read,measured,,,,,3.1433,,ok,0.3628
290.726,415,,,0.2944,,,,,,292.9596,r2_measured_00407,read,measured,,,,,1.524,,ok,0.3281
468.9906,688,,,0.8394,,,,,,487.104,r2_measured_00408,read,measured,,,,,16.8236,,ok,0.3712
464.7182,689,,,0.8676,,,,,,473.9086,r2_measured_00409,read,measured,,,,,7.8842,,ok,0.3595
463.712,679,,,1.6425,,,,,,476.4149,r2_measured_00410,read,measured,,,,,9.9057,,ok,0.9326
513.2582,686,,,0.9721,,,,,,523.4392,r2_measured_00411,read,measured,,,,,8.8367,,ok,0.3061
387.4636,567,,,0.735,,,,,,390.6512,r2_measured_00412,read,measured,,,,,2.0304,,ok,0.3552
277.025,418,,,0.3006,,,,,,278.9965,r2_measured_00413,read,measured,,,,,1.247,,ok,0.3622
371.7955,567,,,0.7683,,,,,,381.8664,r2_measured_00414,read,measured,,,,,8.8753,,ok,0.3621
249.1026,369,,,0.5675,,,,,,252.7225,r2_measured_00415,read,measured,,,,,2.6403,,ok,0.3589
483.7034,679,,,0.6383,,,,,,488.3036,r2_measured_00416,read,measured,,,,,3.5187,,ok,0.3726
488.0857,674,,,0.5776,,,,,,495.6393,r2_measured_00417,read,measured,,,,,6.5432,,ok,0.357
239.9846,369,,,0.5966,,,,,,242.2708,r2_measured_00418,read,measured,,,,,1.2837,,ok,0.3437
500.5716,675,,,1.4405,,,,,,505.9853,r2_measured_00419,read,measured,,,,,3.5596,,ok,0.3468
500.4586,679,,,1.1934,,,,,,513.297,r2_measured_00420,read,measured,,,,,11.2145,,ok,0.365
463.0461,628,,,0.5948,,,,,,473.0978,r2_measured_00421,read,measured,,,,,9.0202,,ok,0.3743
486.5742,681,,,1.3407,,,,,,498.6314,r2_measured_00422,read,measured,,,,,10.2976,,ok,0.347
502.9981,678,,,0.7835,,,,,,509.8628,r2_measured_00423,read,measured,,,,,5.6542,,ok,0.3546
505.2099,681,,,0.6517,,,,,,509.4866,r2_measured_00424,read,measured,,,,,3.2063,,ok,0.3553
310.4707,417,,,0.2855,,,,,,312.976,r2_measured_00425,read,measured,,,,,1.8153,,ok,0.3427
515.0329,673,,,0.8564,,,,,,523.5837,r2_measured_00426,read,measured,,,,,7.2682,,ok,0.3548
535.8605,507,376.9432,6.2994,1.0271,73.1364,1,6.2976,1,45.2134,545.0258,r2_measured_00427,update,measured,38.914,9.1653,1,17.4978,7.7357,23.0697,ok,0.3448
372.6386,506,,,1.1699,,,,,,382.484,r2_measured_00428,read,measured,,,,,8.2515,,ok,0.3604
298.9008,369,,,0.3813,,,,,,300.9962,r2_measured_00429,read,measured,,,,,1.3199,,ok,0.3367
519.4039,688,,,1.6618,,,,,,525.3239,r2_measured_00430,read,measured,,,,,3.8441,,ok,0.3478
328.2694,416,,,0.2843,,,,,,330.0165,r2_measured_00431,read,measured,,,,,1.0498,,ok,0.3536
458.5768,677,,,0.5707,,,,,,465.5324,r2_measured_00432,read,measured,,,,,5.9469,,ok,0.3645
427.7241,624,,,1.2057,,,,,,436.4089,r2_measured_00433,read,measured,,,,,6.9295,,ok,0.4591
283.2692,416,,,0.2734,,,,,,284.7034,r2_measured_00434,read,measured,,,,,0.7584,,ok,0.3497
469.7018,680,,,0.6621,,,,,,478.9994,r2_measured_00435,read,measured,,,,,8.2409,,ok,0.331
303.8751,418,,,0.3524,,,,,,306.1087,r2_measured_00436,read,measured,,,,,1.475,,ok,0.3513
237.5859,369,,,0.2531,,,,,,240.8307,r2_measured_00437,read,measured,,,,,2.5835,,ok,0.3585
459.7856,688,,,0.6423,,,,,,464.6522,r2_measured_00438,read,measured,,,,,3.8081,,ok,0.3487
363.3076,567,,,0.6363,,,,,,367.7701,r2_measured_00439,read,measured,,,,,3.3814,,ok,0.3708
337.8145,508,,,0.7892,,,,,,345.5018,r2_measured_00440,read,measured,,,,,6.4933,,ok,0.3383
465.1993,678,,,0.7947,,,,,,470.0427,r2_measured_00441,read,measured,,,,,3.6401,,ok,0.3371
467.857,678,,,0.8655,,,,,,479.541,r2_measured_00442,read,measured,,,,,10.4011,,ok,0.3531
426.2648,627,,,1.1021,,,,,,435.1025,r2_measured_00443,read,measured,,,,,7.3358,,ok,0.33
467.5674,688,,,0.7169,,,,,,473.1996,r2_measured_00444,read,measured,,,,,4.4724,,ok,0.3693
449.5601,662,,,0.6322,,,,,,454.323,r2_measured_00445,read,measured,,,,,3.6868,,ok,0.3648
485.6289,678,,,0.9411,,,,,,490.4375,r2_measured_00446,read,measured,,,,,3.4588,,ok,0.3428
456.9343,679,,,0.8479,,,,,,466.4247,r2_measured_00447,read,measured,,,,,8.2359,,ok,0.3379
480.4806,688,,,0.8611,,,,,,486.48,r2_measured_00448,read,measured,,,,,4.6982,,ok,0.3735
463.9847,680,,,0.6992,,,,,,470.4024,r2_measured_00449,read,measured,,,,,5.2839,,ok,0.3648
242.1531,369,,,0.263,,,,,,244.6989,r2_measured_00450,read,measured,,,,,1.8862,,ok,0.3348
435.0396,628,,,0.7849,,,,,,441.6722,r2_measured_00451,read,measured,,,,,5.4117,,ok,0.3716
260.6117,418,,,0.5136,,,,,,264.0017,r2_measured_00452,read,measured,,,,,2.3782,,ok,0.4454
475.952,689,,,0.9745,,,,,,482.4796,r2_measured_00453,read,measured,,,,,5.1111,,ok,0.3658
351.6002,505,,,1.0389,,,,,,361.4029,r2_measured_00454,read,measured,,,,,8.1501,,ok,0.5372
248.2982,369,,,0.2537,,,,,,250.983,r2_measured_00455,read,measured,,,,,2.0385,,ok,0.3353
406.9799,565,,,1.1231,,,,,,412.3222,r2_measured_00456,read,measured,,,,,3.7576,,ok,0.3833
518.933,679,,,0.7614,,,,,,528.571,r2_measured_00457,read,measured,,,,,8.3597,,ok,0.4303
534.5648,679,,,0.7993,,,,,,551.9226,r2_measured_00458,read,measured,,,,,16.0514,,ok,0.4246
282.4208,418,,,0.3107,,,,,,284.2947,r2_measured_00459,read,measured,,,,,1.1407,,ok,0.3564
490.9234,629,,,0.8371,,,,,,499.7987,r2_measured_00460,read,measured,,,,,7.5127,,ok,0.4331
496.5012,627,,,0.686,,,,,,512.7764,r2_measured_00461,read,measured,,,,,15.0789,,ok,0.4301
302.8679,416,,,0.2949,,,,,,305.2196,r2_measured_00462,read,measured,,,,,1.628,,ok,0.3522
578.2884,680,,,0.6755,,,,,,585.39,r2_measured_00463,read,measured,,,,,5.997,,ok,0.3613
572.8733,674,,,1.2356,,,,,,594.2327,r2_measured_00464,read,measured,,,,,19.4258,,ok,0.5679
450.135,567,,,0.67,,,,,,462.1449,r2_measured_00465,read,measured,,,,,10.8944,,ok,0.3669
539.2442,628,,,0.5469,,,,,,548.2813,r2_measured_00466,read,measured,,,,,8.0815,,ok,0.3447
568.8897,663,,,0.9861,,,,,,579.8652,r2_measured_00467,read,measured,,,,,9.4811,,ok,0.4198
578.4205,679,,,0.6492,,,,,,587.2672,r2_measured_00468,read,measured,,,,,7.7219,,ok,0.4023
580.0832,689,,,0.933,,,,,,592.6379,r2_measured_00469,read,measured,,,,,11.2073,,ok,0.349
551.0651,628,,,0.8485,,,,,,561.8311,r2_measured_00470,read,measured,,,,,9.4981,,ok,0.351
571.1458,661,,,0.9185,,,,,,582.7706,r2_measured_00471,read,measured,,,,,10.3151,,ok,0.3257
357.1922,369,,,0.2792,,,,,,361.1904,r2_measured_00472,read,measured,,,,,3.2695,,ok,0.3918
599.8549,679,,,1.4871,,,,,,609.0301,r2_measured_00473,read,measured,,,,,7.2082,,ok,0.3915
476.8085,509,,,0.8211,,,,,,492.1845,r2_measured_00474,read,measured,,,,,14.1578,,ok,0.3295
537.8961,663,,,0.8631,,,,,,547.0963,r2_measured_00475,read,measured,,,,,7.9157,,ok,0.345
519.4479,661,,,1.2831,,,,,,530.1036,r2_measured_00476,read,measured,,,,,8.956,,ok,0.3483
511.8932,624,,,0.6177,,,,,,518.1548,r2_measured_00477,read,measured,,,,,5.2487,,ok,0.3352
342.9129,417,,,0.6381,,,,,,345.6217,r2_measured_00478,read,measured,,,,,1.5987,,ok,0.397
449.6725,418,298.0175,6.0398,0.2657,96.8832,0,6.0382,1,29.5195,453.6438,r2_measured_00479,update,measured,23.4797,3.9713,1,0.0054,3.3138,25.2469,ok,0.3444
489.7815,681,,,1.6861,,,,,,499.2808,r2_measured_00480,read,measured,,,,,7.3598,,ok,0.3757
385.221,507,,,0.5262,,,,,,391.4937,r2_measured_00481,read,measured,,,,,5.3313,,ok,0.359
476.5195,628,,,0.982,,,,,,482.9203,r2_measured_00482,read,measured,,,,,4.9572,,ok,0.3843
501.433,686,,,0.5902,,,,,,513.6614,r2_measured_00483,read,measured,,,,,11.1939,,ok,0.3698
389.5422,568,,,0.8647,,,,,,397.6218,r2_measured_00484,read,measured,,,,,6.747,,ok,0.3898
450.1652,627,,,1.1374,,,,,,454.9476,r2_measured_00485,read,measured,,,,,3.2022,,ok,0.3677
503.9073,689,,,0.5847,,,,,,509.8726,r2_measured_00486,read,measured,,,,,4.9777,,ok,0.3336
440.8766,624,,,0.8468,,,,,,452.2405,r2_measured_00487,read,measured,,,,,9.9761,,ok,0.4515
499.4796,681,,,0.5918,,,,,,504.2704,r2_measured_00488,read,measured,,,,,3.7796,,ok,0.345
433.9402,565,,,0.6501,,,,,,446.2006,r2_measured_00489,read,measured,,,,,11.2141,,ok,0.3349
371.577,509,,,0.8757,,,,,,377.7484,r2_measured_00490,read,measured,,,,,4.9005,,ok,0.3312
305.0832,417,,,0.3033,,,,,,306.5798,r2_measured_00491,read,measured,,,,,0.7851,,ok,0.3512
471.1655,662,,,0.6779,,,,,,478.455,r2_measured_00492,read,measured,,,,,6.189,,ok,0.3468
465.0254,662,,,0.517,,,,,,472.9757,r2_measured_00493,read,measured,,,,,7.0182,,ok,0.354
451.6795,628,,,0.8226,,,,,,454.006,r2_measured_00494,read,measured,,,,,1.0554,,ok,0.3724
475.8283,675,,,0.596,,,,,,492.3775,r2_measured_00495,read,measured,,,,,15.3508,,ok,0.4981
455.5107,626,,,0.719,,,,,,459.0616,r2_measured_00496,read,measured,,,,,2.4391,,ok,0.3322
480.4196,662,,,1.407,,,,,,500.7172,r2_measured_00497,read,measured,,,,,18.4808,,ok,0.3453
452.5931,628,,,0.858,,,,,,466.3835,r2_measured_00498,read,measured,,,,,12.4783,,ok,0.3822
388.8864,566,,,0.697,,,,,,397.3525,r2_measured_00499,read,measured,,,,,7.3601,,ok,0.3412
471.9461,672,,,1.1444,,,,,,483.0595,r2_measured_00500,read,measured,,,,,9.5355,,ok,0.3654
480.6985,679,,,0.9212,,,,,,486.8666,r2_measured_00501,read,measured,,,,,4.7911,,ok,0.377
442.3404,663,,,1.3941,,,,,,451.3661,r2_measured_00502,read,measured,,,,,7.1915,,ok,0.3715
392.861,566,,,0.6017,,,,,,399.6482,r2_measured_00503,read,measured,,,,,5.7631,,ok,0.3603
506.605,688,,,0.9265,,,,,,512.3077,r2_measured_00504,read,measured,,,,,4.3761,,ok,0.3364
447.7835,624,,,1.1828,,,,,,461.3619,r2_measured_00505,read,measured,,,,,11.8291,,ok,0.4821
288.0585,418,,,0.299,,,,,,290.0648,r2_measured_00506,read,measured,,,,,1.3004,,ok,0.3458
487.6858,679,,,0.7308,,,,,,492.3033,r2_measured_00507,read,measured,,,,,3.4433,,ok,0.3726
381.8811,509,,,1.1042,,,,,,392.4715,r2_measured_00508,read,measured,,,,,9.0492,,ok,0.3656
499.0339,679,,,0.6532,,,,,,508.3978,r2_measured_00509,read,measured,,,,,8.1914,,ok,0.4427
478.9588,688,,,0.7475,,,,,,486.8168,r2_measured_00510,read,measured,,,,,6.6931,,ok,0.3461
494.003,681,,,0.7071,,,,,,506.0137,r2_measured_00511,read,measured,,,,,10.8824,,ok,0.3533
482.6587,681,,,0.8208,,,,,,493.4283,r2_measured_00512,read,measured,,,,,9.5371,,ok,0.3452
412.1902,567,,,1.0316,,,,,,418.3343,r2_measured_00513,read,measured,,,,,4.6882,,ok,0.3516
457.6142,675,,,0.7227,,,,,,472.6801,r2_measured_00514,read,measured,,,,,13.9159,,ok,0.3588
271.2704,369,,,0.2604,,,,,,274.1959,r2_measured_00515,read,measured,,,,,2.2546,,ok,0.357
449.292,626,,,0.5659,,,,,,460.0474,r2_measured_00516,read,measured,,,,,9.7604,,ok,0.3666
488.8827,679,,,1.058,,,,,,493.1149,r2_measured_00517,read,measured,,,,,2.7562,,ok,0.3474
536.9811,687,,,1.1389,,,,,,546.8372,r2_measured_00518,read,measured,,,,,8.3136,,ok,0.3396
395.3274,369,265.4797,4.6459,0.2626,52.4303,1,4.6439,1,30.4999,396.7839,r2_measured_00519,update,measured,25.854,1.4565,1,29.7343,0.7882,17.1832,ok,0.3521
409.9484,565,,,1.1566,,,,,,422.902,r2_measured_00520,read,measured,,,,,11.3755,,ok,0.3447
512.75,680,,,0.6587,,,,,,520.5028,r2_measured_00521,read,measured,,,,,6.7119,,ok,0.3201
488.5053,679,,,0.5193,,,,,,495.0844,r2_measured_00522,read,measured,,,,,5.6686,,ok,0.3295
488.3362,675,,,0.6736,,,,,,492.6489,r2_measured_00523,read,measured,,,,,3.2435,,ok,0.332
507.1609,674,,,0.9359,,,,,,515.0956,r2_measured_00524,read,measured,,,,,6.5696,,ok,0.3536
499.5472,661,,,0.731,,,,,,509.8628,r2_measured_00525,read,measured,,,,,9.1514,,ok,0.3598
379.6175,509,,,0.7736,,,,,,388.8772,r2_measured_00526,read,measured,,,,,8.0654,,ok,0.3462
308.6017,419,,,0.282,,,,,,311.8605,r2_measured_00527,read,measured,,,,,2.5886,,ok,0.3293
508.3795,672,,,0.6287,,,,,,516.5456,r2_measured_00528,read,measured,,,,,7.1434,,ok,0.3296
449.777,624,,,0.9987,,,,,,453.8342,r2_measured_00529,read,measured,,,,,2.6017,,ok,0.3785
479.002,624,,,0.8328,,,,,,485.8612,r2_measured_00530,read,measured,,,,,5.6116,,ok,0.3482
491.3162,686,,,1.0311,,,,,,499.2924,r2_measured_00531,read,measured,,,,,6.5275,,ok,0.3496
487.0872,663,,,0.7208,,,,,,489.3945,r2_measured_00532,read,measured,,,,,1.1683,,ok,0.3545
471.0017,660,,,1.0839,,,,,,476.6685,r2_measured_00533,read,measured,,,,,4.1454,,ok,0.3721
716.4617,674,529.2253,6.5307,1.0333,100.9547,1,6.5289,1,33.3736,721.8273,r2_measured_00534,update,measured,26.8429,5.3656,1,23.2253,3.8568,29.6828,ok,0.397
380.2378,509,,,0.8285,,,,,,389.7936,r2_measured_00535,read,measured,,,,,8.326,,ok,0.3373
539.1189,688,,,0.607,,,,,,546.6456,r2_measured_00536,read,measured,,,,,6.5222,,ok,0.3284
494.9976,624,,,0.5839,,,,,,501.218,r2_measured_00537,read,measured,,,,,5.2373,,ok,0.3348
410.7033,506,,,0.6336,,,,,,416.6765,r2_measured_00538,read,measured,,,,,4.9719,,ok,0.3136
427.7817,507,,,0.8895,,,,,,436.017,r2_measured_00539,read,measured,,,,,6.9383,,ok,0.3434
537.5404,680,,,1.2554,,,,,,542.6988,r2_measured_00540,read,measured,,,,,3.4708,,ok,0.3624
547.2498,686,,,0.746,,,,,,553.9488,r2_measured_00541,read,measured,,,,,5.5436,,ok,0.344
495.6977,629,,,1.0146,,,,,,502.9253,r2_measured_00542,read,measured,,,,,5.8004,,ok,0.3505
528.0797,680,,,0.6879,,,,,,536.174,r2_measured_00543,read,measured,,,,,6.9598,,ok,0.3734
406.9146,507,,,0.6293,,,,,,411.3484,r2_measured_00544,read,measured,,,,,3.3967,,ok,0.3459
349.5726,417,,,0.2711,,,,,,352.1599,r2_measured_00545,read,measured,,,,,1.9449,,ok,0.3231
517.6204,628,,,0.7653,,,,,,524.735,r2_measured_00546,read,measured,,,,,5.9188,,ok,0.3602
409.7465,509,,,1.1092,,,,,,416.2139,r2_measured_00547,read,measured,,,,,4.9235,,ok,0.3689
459.6339,567,,,0.7052,,,,,,467.755,r2_measured_00548,read,measured,,,,,7.0127,,ok,0.3404
696.7233,688,486.3112,5.5607,0.5886,94.9587,1,5.5591,1,27.2891,702.3235,r2_measured_00549,update,measured,21.7284,5.6002,1,15.2475,4.598,72.9168,ok,0.3484
515.4566,627,,,0.9881,,,,,,521.8929,r2_measured_00550,read,measured,,,,,5.0203,,ok,0.3613
452.5686,679,,,0.8551,,,,,,459.7731,r2_measured_00551,read,measured,,,,,5.772,,ok,0.5003
440.2195,624,,,0.8972,,,,,,448.0706,r2_measured_00552,read,measured,,,,,6.4964,,ok,0.3628
463.0304,663,,,0.5798,,,,,,473.2614,r2_measured_00553,read,measured,,,,,9.2339,,ok,0.3471
480.8349,688,,,0.7802,,,,,,485.3911,r2_measured_00554,read,measured,,,,,3.3415,,ok,0.3566
474.0348,663,,,0.7246,,,,,,497.3268,r2_measured_00555,read,measured,,,,,22.1173,,ok,0.3778
445.2284,628,,,0.585,,,,,,454.2873,r2_measured_00556,read,measured,,,,,8.0234,,ok,0.3705
472.7143,662,,,0.606,,,,,,479.7,r2_measured_00557,read,measured,,,,,5.9321,,ok,0.3825
535.8776,677,,,0.8904,,,,,,540.55,r2_measured_00558,read,measured,,,,,3.3911,,ok,0.3304
421.8688,568,,,0.5541,,,,,,427.684,r2_measured_00559,read,measured,,,,,4.8176,,ok,0.3753
549.1281,508,385.8942,7.0036,0.554,78.4967,0,7.0021,1,33.2461,562.7289,r2_measured_00560,update,measured,26.2425,13.6008,1,25.9438,12.6432,25.5473,ok,0.3509
511.2986,679,,,0.8386,,,,,,514.5491,r2_measured_00561,read,measured,,,,,2.0071,,ok,0.337
513.7761,662,,,0.5072,,,,,,521.8364,r2_measured_00562,read,measured,,,,,7.1778,,ok,0.316
513.7942,678,,,0.7576,,,,,,519.9802,r2_measured_00563,read,measured,,,,,5.0006,,ok,0.3548
287.4035,419,,,0.3482,,,,,,290.6521,r2_measured_00564,read,measured,,,,,2.4933,,ok,0.3502
426.801,566,,,0.9514,,,,,,434.6668,r2_measured_00565,read,measured,,,,,6.4353,,ok,0.4075
333.4811,418,,,0.2728,,,,,,335.8413,r2_measured_00566,read,measured,,,,,1.6968,,ok,0.342
502.6935,662,,,0.5738,,,,,,513.614,r2_measured_00567,read,measured,,,,,9.934,,ok,0.3456
501.2325,663,,,0.6483,,,,,,507.3725,r2_measured_00568,read,measured,,,,,5.0824,,ok,0.3441
496.3177,680,,,0.6155,,,,,,509.8153,r2_measured_00569,read,measured,,,,,12.4666,,ok,0.3488
301.3942,369,,,0.2614,,,,,,303.5553,r2_measured_00570,read,measured,,,,,1.4889,,ok,0.3506
374.1889,504,,,0.6011,,,,,,381.65,r2_measured_00571,read,measured,,,,,6.4783,,ok,0.3219
684.9734,680,489.9077,7.6802,0.8879,112.2003,1,7.6781,1,33.9368,695.9872,r2_measured_00572,update,measured,26.2566,11.0138,1,19.4518,9.6997,29.4768,ok,0.3491
287.7727,369,,,0.5871,,,,,,293.0059,r2_measured_00573,read,measured,,,,,4.2343,,ok,0.3538
489.5374,624,,,0.5682,,,,,,493.5072,r2_measured_00574,read,measured,,,,,2.9963,,ok,0.3425
514.0473,679,,,0.5998,,,,,,519.4013,r2_measured_00575,read,measured,,,,,4.3557,,ok,0.3267
470.3787,679,,,1.1137,,,,,,476.2675,r2_measured_00576,read,measured,,,,,4.3158,,ok,0.391
416.3304,567,,,0.4583,,,,,,423.092,r2_measured_00577,read,measured,,,,,5.9204,,ok,0.3135
495.6073,675,,,0.8443,,,,,,504.6854,r2_measured_00578,read,measured,,,,,7.8057,,ok,0.3538
473.9923,677,,,0.8588,,,,,,483.3553,r2_measured_00579,read,measured,,,,,7.9775,,ok,0.4464
407.0483,566,,,0.8144,,,,,,414.2589,r2_measured_00580,read,measured,,,,,6.0239,,ok,0.3188
470.5191,661,,,0.5806,,,,,,478.2535,r2_measured_00581,read,measured,,,,,6.7257,,ok,0.3567
485.4131,681,,,0.5908,,,,,,490.2875,r2_measured_00582,read,measured,,,,,3.8631,,ok,0.3524
491.2531,679,,,0.6179,,,,,,501.3564,r2_measured_00583,read,measured,,,,,9.0572,,ok,0.356
306.4889,418,,,0.2886,,,,,,309.7146,r2_measured_00584,read,measured,,,,,2.5426,,ok,0.3429
320.985,418,,,0.3033,,,,,,323.0901,r2_measured_00585,read,measured,,,,,1.3773,,ok,0.3617
425.2842,568,,,0.5755,,,,,,433.7399,r2_measured_00586,read,measured,,,,,7.4508,,ok,0.3551
494.9479,678,,,1.095,,,,,,499.9251,r2_measured_00587,read,measured,,,,,3.442,,ok,0.3549
635.1586,625,476.5694,5.8619,0.8553,100.6829,0,5.8601,1,30.0745,642.462,r2_measured_00588,update,measured,24.2126,7.3034,1,0.0074,6.0348,27.8244,ok,0.3489
450.0365,628,,,1.1338,,,,,,466.9125,r2_measured_00589,read,measured,,,,,15.3262,,ok,0.3469
442.9448,627,,,1.172,,,,,,450.4245,r2_measured_00590,read,measured,,,,,5.8701,,ok,0.3711
390.8205,568,,,1.2036,,,,,,397.5816,r2_measured_00591,read,measured,,,,,5.128,,ok,0.3674
471.369,680,,,0.9473,,,,,,497.5369,r2_measured_00592,read,measured,,,,,24.7441,,ok,0.3867
509.9117,679,,,0.8695,,,,,,515.8528,r2_measured_00593,read,measured,,,,,4.6319,,ok,0.3711
516.3352,681,,,0.6083,,,,,,521.1257,r2_measured_00594,read,measured,,,,,3.7396,,ok,0.3618
507.3064,688,,,0.6989,,,,,,512.6926,r2_measured_00595,read,measured,,,,,4.2542,,ok,0.3612
292.2523,418,,,0.4891,,,,,,295.0046,r2_measured_00596,read,measured,,,,,1.8405,,ok,0.3638
498.1656,681,,,0.5312,,,,,,506.0405,r2_measured_00597,read,measured,,,,,6.9337,,ok,0.3397
259.2745,368,,,0.6935,,,,,,261.889,r2_measured_00598,read,measured,,,,,1.4867,,ok,0.382
450.8468,627,,,0.5593,,,,,,457.1605,r2_measured_00599,read,measured,,,,,5.3242,,ok,0.3642
475.3295,659,,,1.1256,,,,,,483.2087,r2_measured_00600,read,measured,,,,,6.3322,,ok,0.3573
486.766,674,,,0.7597,,,,,,494.4898,r2_measured_00601,read,measured,,,,,6.5029,,ok,0.379
439.77,568,,,0.7589,,,,,,447.0708,r2_measured_00602,read,measured,,,,,5.9603,,ok,0.4878
614.6496,679,,,1.3495,,,,,,638.4608,r2_measured_00603,read,measured,,,,,21.4921,,ok,0.8479
623.0499,679,,,1.9015,,,,,,635.9278,r2_measured_00604,read,measured,,,,,10.0646,,ok,0.8112
552.4802,627,,,1.7079,,,,,,567.1474,r2_measured_00605,read,measured,,,,,12.0109,,ok,0.8418
322.4715,417,,,0.4576,,,,,,325.2083,r2_measured_00606,read,measured,,,,,1.8626,,ok,0.3519
423.8452,504,,,1.2819,,,,,,431.8284,r2_measured_00607,read,measured,,,,,5.9975,,ok,0.5957
855.2547,673,655.8511,5.1416,0.6951,117.9583,1,5.1398,1,33.6165,859.9783,r2_measured_00608,update,measured,28.4749,4.7236,1,17.2567,3.6068,30.5721,ok,0.3451
315.3706,419,,,1.4083,,,,,,326.5924,r2_measured_00609,read,measured,,,,,8.4448,,ok,1.1001
606.9748,627,,,0.6464,,,,,,616.8515,r2_measured_00610,read,measured,,,,,8.8345,,ok,0.3276
630.1148,663,,,0.5892,,,,,,633.026,r2_measured_00611,read,measured,,,,,1.8718,,ok,0.3718
590.6932,568,,,0.7115,,,,,,599.3904,r2_measured_00612,read,measured,,,,,7.5402,,ok,0.3768
660.996,679,,,2.1933,,,,,,669.1974,r2_measured_00613,read,measured,,,,,5.5776,,ok,0.3592
619.1752,662,,,0.9114,,,,,,628.4325,r2_measured_00614,read,measured,,,,,7.8817,,ok,0.3767
618.7254,624,,,0.9504,,,,,,628.8848,r2_measured_00615,read,measured,,,,,8.5337,,ok,0.6016
630.9995,675,,,0.6159,,,,,,638.5833,r2_measured_00616,read,measured,,,,,6.524,,ok,0.3731
453.1105,417,,,0.3551,,,,,,455.705,r2_measured_00617,read,measured,,,,,1.8528,,ok,0.3306
668.3858,678,,,0.8006,,,,,,671.9989,r2_measured_00618,read,measured,,,,,2.353,,ok,0.3715
574.8689,568,,,0.6757,,,,,,578.5257,r2_measured_00619,read,measured,,,,,2.5786,,ok,0.34
618.9409,679,,,0.8221,,,,,,626.1483,r2_measured_00620,read,measured,,,,,5.9478,,ok,0.359
491.8274,508,,,0.5063,,,,,,498.727,r2_measured_00621,read,measured,,,,,5.9735,,ok,0.352
559.9853,679,,,0.8323,,,,,,570.4979,r2_measured_00622,read,measured,,,,,9.254,,ok,0.3496
529.7017,662,,,0.62,,,,,,535.3197,r2_measured_00623,read,measured,,,,,4.565,,ok,0.3535
505.7395,624,,,0.7216,,,,,,513.0257,r2_measured_00624,read,measured,,,,,6.1389,,ok,0.3545
482.1244,677,,,0.9088,,,,,,491.4117,r2_measured_00625,read,measured,,,,,7.9416,,ok,0.3633
256.2752,368,,,0.2689,,,,,,260.1981,r2_measured_00626,read,measured,,,,,3.2545,,ok,0.3467
395.5452,566,,,0.6931,,,,,,403.7978,r2_measured_00627,read,measured,,,,,7.1219,,ok,0.3678
491.4036,679,,,0.8221,,,,,,502.1676,r2_measured_00628,read,measured,,,,,9.428,,ok,0.4408
388.7268,567,,,0.7594,,,,,,395.9151,r2_measured_00629,read,measured,,,,,5.9908,,ok,0.366
290.5191,418,,,0.2929,,,,,,293.3257,r2_measured_00630,read,measured,,,,,2.1247,,ok,0.3295
344.1831,509,,,1.2149,,,,,,347.6714,r2_measured_00631,read,measured,,,,,1.8492,,ok,0.3574
448.1209,628,,,0.8694,,,,,,456.2817,r2_measured_00632,read,measured,,,,,6.8862,,ok,0.343
501.4976,688,,,0.7438,,,,,,505.5643,r2_measured_00633,read,measured,,,,,2.9157,,ok,0.3395
289.4182,419,,,0.5782,,,,,,291.3,r2_measured_00634,read,measured,,,,,0.8925,,ok,0.3536
386.4703,509,,,0.5534,,,,,,392.7452,r2_measured_00635,read,measured,,,,,5.2856,,ok,0.3769
453.2329,627,,,0.8526,,,,,,462.3073,r2_measured_00636,read,measured,,,,,7.7153,,ok,0.4245
468.9331,628,,,0.8917,,,,,,474.2852,r2_measured_00637,read,measured,,,,,4.0597,,ok,0.337
305.4877,418,,,0.3031,,,,,,308.5588,r2_measured_00638,read,measured,,,,,2.3465,,ok,0.3594
517.4336,674,,,0.742,,,,,,524.7098,r2_measured_00639,read,measured,,,,,6.0304,,ok,0.4111
392.6814,509,,,0.6377,,,,,,399.4767,r2_measured_00640,read,measured,,,,,5.7405,,ok,0.3476
542.4068,674,,,0.999,,,,,,564.708,r2_measured_00641,read,measured,,,,,20.7896,,ok,0.435
532.1412,678,,,1.1766,,,,,,545.4193,r2_measured_00642,read,measured,,,,,11.6088,,ok,0.4135
533.2581,661,,,0.6937,,,,,,545.2244,r2_measured_00643,read,measured,,,,,10.7941,,ok,0.4023
430.1147,419,305.7582,11.8016,0.3629,64.0348,1,11.8001,1,36.8453,433.6398,r2_measured_00644,update,measured,25.0437,3.5251,1,0.009,2.6415,23.4674,ok,0.4455
547.884,672,,,0.9269,,,,,,557.1024,r2_measured_00645,read,measured,,,,,7.8181,,ok,0.3893
564.7199,673,,,0.6352,,,,,,570.4999,r2_measured_00646,read,measured,,,,,4.6684,,ok,0.3808
451.8354,567,,,0.9247,,,,,,459.2996,r2_measured_00647,read,measured,,,,,6.0173,,ok,0.4471
508.9133,627,,,0.6085,,,,,,519.7745,r2_measured_00648,read,measured,,,,,9.7976,,ok,0.3834
423.9238,509,,,0.8276,,,,,,429.6122,r2_measured_00649,read,measured,,,,,4.3807,,ok,0.4133
327.1565,419,,,1.6127,,,,,,331.1589,r2_measured_00650,read,measured,,,,,1.9138,,ok,0.4129
284.2578,369,,,0.2864,,,,,,288.079,r2_measured_00651,read,measured,,,,,3.0747,,ok,0.3948
689.4523,625,525.9762,6.5432,0.6449,95.5038,0,6.5416,1,30.6628,693.1175,r2_measured_00652,update,measured,24.1196,3.6652,1,12.7601,2.6097,24.5494,ok,0.35
551.7855,689,,,1.0193,,,,,,558.4692,r2_measured_00653,read,measured,,,,,5.2556,,ok,0.3455
507.2833,679,,,0.6677,,,,,,512.1253,r2_measured_00654,read,measured,,,,,3.7622,,ok,0.3428
539.8204,678,,,0.6812,,,,,,546.0429,r2_measured_00655,read,measured,,,,,5.1429,,ok,0.3346
328.7497,417,,,0.3025,,,,,,332.3413,r2_measured_00656,read,measured,,,,,2.8667,,ok,0.355
500.064,626,,,1.0902,,,,,,510.2994,r2_measured_00657,read,measured,,,,,8.725,,ok,0.3522
488.0457,624,,,0.9151,,,,,,495.1078,r2_measured_00658,read,measured,,,,,5.7047,,ok,0.3736
528.8178,679,,,0.8915,,,,,,536.0662,r2_measured_00659,read,measured,,,,,5.9254,,ok,0.3548
279.6155,369,,,0.2484,,,,,,282.4357,r2_measured_00660,read,measured,,,,,2.181,,ok,0.3335
521.191,689,,,0.8173,,,,,,531.2906,r2_measured_00661,read,measured,,,,,8.8275,,ok,0.3803
521.0037,688,,,0.9301,,,,,,528.0405,r2_measured_00662,read,measured,,,,,5.6629,,ok,0.373
285.8301,418,,,0.2596,,,,,,287.39,r2_measured_00663,read,measured,,,,,0.9265,,ok,0.3248
483.6327,678,,,0.7016,,,,,,490.5401,r2_measured_00664,read,measured,,,,,5.7889,,ok,0.3531
476.6085,679,,,0.9232,,,,,,482.8627,r2_measured_00665,read,measured,,,,,4.9139,,ok,0.3487
484.2799,681,,,0.6833,,,,,,502.3476,r2_measured_00666,read,measured,,,,,16.89,,ok,0.4223
487.8695,680,,,1.0285,,,,,,496.0593,r2_measured_00667,read,measured,,,,,6.6518,,ok,0.4318
493.4109,661,,,0.9997,,,,,,496.8752,r2_measured_00668,read,measured,,,,,2.0238,,ok,0.3673
452.1211,663,,,0.6971,,,,,,458.2414,r2_measured_00669,read,measured,,,,,4.9698,,ok,0.3722
398.5418,566,,,0.6772,,,,,,406.5381,r2_measured_00670,read,measured,,,,,6.882,,ok,0.3625
652.156,689,478.2837,6.8112,0.9354,108.8574,0,6.8098,1,35.7401,658.7111,r2_measured_00671,update,measured,28.9289,6.5551,1,0.0063,5.1827,29.2685,ok,0.3678
512.5051,677,,,0.806,,,,,,518.8291,r2_measured_00672,read,measured,,,,,5.097,,ok,0.3502
450.591,627,,,0.6115,,,,,,456.7616,r2_measured_00673,read,measured,,,,,5.1542,,ok,0.3421
451.9527,628,,,0.8068,,,,,,459.6499,r2_measured_00674,read,measured,,,,,6.4734,,ok,0.3527
405.2325,568,,,0.5008,,,,,,415.5931,r2_measured_00675,read,measured,,,,,9.4309,,ok,0.3644
337.4465,507,,,0.8532,,,,,,352.9363,r2_measured_00676,read,measured,,,,,14.2281,,ok,0.344
288.4457,418,,,0.4056,,,,,,290.6199,r2_measured_00677,read,measured,,,,,1.3551,,ok,0.3525
469.7405,628,,,0.7617,,,,,,474.004,r2_measured_00678,read,measured,,,,,3.0834,,ok,0.3495
490.402,679,,,0.6623,,,,,,496.6258,r2_measured_00679,read,measured,,,,,5.1547,,ok,0.3424
342.7503,509,,,0.7326,,,,,,354.3142,r2_measured_00680,read,measured,,,,,10.3808,,ok,0.3881
413.8979,568,,,1.1806,,,,,,428.4771,r2_measured_00681,read,measured,,,,,12.9559,,ok,0.376
296.0045,417,,,0.3061,,,,,,297.4796,r2_measured_00682,read,measured,,,,,0.7331,,ok,0.3775
483.8527,678,,,0.7383,,,,,,491.1616,r2_measured_00683,read,measured,,,,,6.1305,,ok,0.362
473.1857,624,,,0.9691,,,,,,477.7042,r2_measured_00684,read,measured,,,,,3.0665,,ok,0.396
523.7692,687,,,1.0567,,,,,,530.3859,r2_measured_00685,read,measured,,,,,5.1315,,ok,0.3537
520.0876,678,,,0.8189,,,,,,527.8991,r2_measured_00686,read,measured,,,,,6.5565,,ok,0.3682
521.2591,679,,,0.6992,,,,,,528.642,r2_measured_00687,read,measured,,,,,6.2452,,ok,0.3572
286.4556,416,,,0.2719,,,,,,288.3571,r2_measured_00688,read,measured,,,,,1.2445,,ok,0.3306
532.0133,688,,,0.6595,,,,,,539.7052,r2_measured_00689,read,measured,,,,,6.6206,,ok,0.3439
519.721,680,,,1.1138,,,,,,533.2455,r2_measured_00690,read,measured,,,,,12.0032,,ok,0.3391
336.4234,417,,,0.2905,,,,,,338.5349,r2_measured_00691,read,measured,,,,,1.4308,,ok,0.3343
485.1,629,,,1.1633,,,,,,494.7228,r2_measured_00692,read,measured,,,,,8.0413,,ok,0.3528
328.3266,418,,,0.2997,,,,,,330.0302,r2_measured_00693,read,measured,,,,,0.9918,,ok,0.3499
459.6002,628,,,0.6563,,,,,,471.875,r2_measured_00694,read,measured,,,,,11.1879,,ok,0.3643
516.7851,673,,,0.9468,,,,,,541.1584,r2_measured_00695,read,measured,,,,,22.1779,,ok,0.8801
291.3008,368,,,0.253,,,,,,294.6672,r2_measured_00696,read,measured,,,,,2.715,,ok,0.3435
534.2015,674,,,1.1768,,,,,,541.7806,r2_measured_00697,read,measured,,,,,5.7165,,ok,0.57
475.4807,628,,,0.9109,,,,,,485.6843,r2_measured_00698,read,measured,,,,,8.5919,,ok,0.5933
549.8959,681,,,2.0276,,,,,,559.7812,r2_measured_00699,read,measured,,,,,7.3736,,ok,0.3886
403.0942,504,,,0.6866,,,,,,415.0943,r2_measured_00700,read,measured,,,,,10.8362,,ok,0.3975
497.9412,687,,,0.5814,,,,,,502.4656,r2_measured_00701,read,measured,,,,,3.4827,,ok,0.3821
504.9784,679,,,0.6339,,,,,,512.0096,r2_measured_00702,read,measured,,,,,5.9539,,ok,0.3702
302.415,418,,,0.447,,,,,,309.8064,r2_measured_00703,read,measured,,,,,6.2712,,ok,0.5773
507.204,680,,,0.5233,,,,,,517.2913,r2_measured_00704,read,measured,,,,,9.149,,ok,0.3411
494.8304,674,,,0.5015,,,,,,504.587,r2_measured_00705,read,measured,,,,,8.7744,,ok,0.4001
489.0716,680,,,0.7696,,,,,,496.5764,r2_measured_00706,read,measured,,,,,6.3149,,ok,0.3532
415.1743,568,,,0.8422,,,,,,423.937,r2_measured_00707,read,measured,,,,,7.4972,,ok,0.3428
501.7958,678,,,0.7511,,,,,,507.6966,r2_measured_00708,read,measured,,,,,4.6897,,ok,0.3776
483.3567,675,,,0.8277,,,,,,489.7287,r2_measured_00709,read,measured,,,,,5.1203,,ok,0.3534
467.8878,628,,,0.8105,,,,,,474.5629,r2_measured_00710,read,measured,,,,,5.4244,,ok,0.3689
438.5062,624,,,0.9211,,,,,,443.9086,r2_measured_00711,read,measured,,,,,4.0585,,ok,0.3534
470.2044,565,,,0.5835,,,,,,473.7362,r2_measured_00712,read,measured,,,,,2.4331,,ok,0.4513
311.3963,418,,,0.4866,,,,,,314.381,r2_measured_00713,read,measured,,,,,2.0991,,ok,0.3403
527.3699,680,,,0.8889,,,,,,537.2884,r2_measured_00714,read,measured,,,,,8.4786,,ok,0.4752
497.3878,674,,,0.6,,,,,,504.51,r2_measured_00715,read,measured,,,,,6.1063,,ok,0.3376
502.8477,662,,,1.6453,,,,,,510.4265,r2_measured_00716,read,measured,,,,,5.4844,,ok,0.3726
515.9518,681,,,0.8482,,,,,,521.3334,r2_measured_00717,read,measured,,,,,3.8354,,ok,0.6176
530.8265,661,,,1.1123,,,,,,539.8647,r2_measured_00718,read,measured,,,,,7.5169,,ok,0.3432
528.6331,679,,,1.3553,,,,,,535.3333,r2_measured_00719,read,measured,,,,,4.9181,,ok,0.3509
533.7107,661,,,0.6978,,,,,,544.1513,r2_measured_00720,read,measured,,,,,9.2974,,ok,0.3679
524.1071,628,,,0.9729,,,,,,532.4512,r2_measured_00721,read,measured,,,,,6.9486,,ok,0.3583
460.0478,567,,,0.7743,,,,,,468.8162,r2_measured_00722,read,measured,,,,,7.6031,,ok,0.3338
458.4436,565,,,0.5433,,,,,,462.7113,r2_measured_00723,read,measured,,,,,3.3185,,ok,0.3444
538.4059,679,,,0.6698,,,,,,542.5645,r2_measured_00724,read,measured,,,,,3.0732,,ok,0.3436
360.8774,416,,,0.2697,,,,,,362.7423,r2_measured_00725,read,measured,,,,,1.2045,,ok,0.3347
535.2445,687,,,0.7018,,,,,,542.8838,r2_measured_00726,read,measured,,,,,6.519,,ok,0.3505
524.9457,687,,,0.5439,,,,,,536.7498,r2_measured_00727,read,measured,,,,,10.8434,,ok,0.3513
643.0233,660,464.353,6.4788,1.0538,94.0918,1,6.4769,1,31.6195,651.1556,r2_measured_00728,update,measured,25.1407,8.1323,1,21.8456,6.6383,31.1134,ok,0.368
479.5765,677,,,0.7146,,,,,,484.7043,r2_measured_00729,read,measured,,,,,4.0068,,ok,0.3368
597.3768,628,439.7302,4.6383,0.8603,93.4537,0,4.6369,1,32.0542,603.6561,r2_measured_00730,update,measured,27.4159,6.2793,1,0.0062,4.9035,32.1325,ok,0.4175
461.3355,627,,,2.6072,,,,,,472.75,r2_measured_00731,read,measured,,,,,8.3138,,ok,0.4249
455.1367,628,,,0.5903,,,,,,464.6612,r2_measured_00732,read,measured,,,,,8.5146,,ok,0.3544
459.0519,678,,,0.6881,,,,,,465.8709,r2_measured_00733,read,measured,,,,,5.695,,ok,0.3594
465.8408,680,,,0.9688,,,,,,469.1106,r2_measured_00734,read,measured,,,,,1.8757,,ok,0.3579
283.5433,418,,,0.2837,,,,,,286.839,r2_measured_00735,read,measured,,,,,2.5953,,ok,0.3601
485.3554,688,,,0.6231,,,,,,495.4869,r2_measured_00736,read,measured,,,,,9.102,,ok,0.34
431.9579,628,,,0.7922,,,,,,435.1245,r2_measured_00737,read,measured,,,,,1.9484,,ok,0.3575
472.5941,685,,,1.1406,,,,,,480.6196,r2_measured_00738,read,measured,,,,,6.456,,ok,0.3572
467.2188,679,,,0.6765,,,,,,473.2372,r2_measured_00739,read,measured,,,,,4.9179,,ok,0.3503
419.6781,626,,,1.2788,,,,,,427.5173,r2_measured_00740,read,measured,,,,,6.1546,,ok,0.342
444.2355,673,,,0.5442,,,,,,448.5774,r2_measured_00741,read,measured,,,,,3.3874,,ok,0.3447
438.2255,628,,,0.6724,,,,,,444.5253,r2_measured_00742,read,measured,,,,,5.1678,,ok,0.3936
294.7857,417,,,0.2794,,,,,,297.9788,r2_measured_00743,read,measured,,,,,2.5181,,ok,0.3395
289.7976,419,,,0.2803,,,,,,291.394,r2_measured_00744,read,measured,,,,,0.9302,,ok,0.3315
349.4627,509,,,0.6068,,,,,,354.2782,r2_measured_00745,read,measured,,,,,3.8031,,ok,0.3464
472.3094,680,,,0.5452,,,,,,476.1108,r2_measured_00746,read,measured,,,,,2.8503,,ok,0.3409
442.4826,662,,,0.6046,,,,,,449.7943,r2_measured_00747,read,measured,,,,,6.2684,,ok,0.3597
461.4688,689,,,0.5092,,,,,,475.3179,r2_measured_00748,read,measured,,,,,12.9451,,ok,0.3309
491.2396,679,,,0.7787,,,,,,506.2311,r2_measured_00749,read,measured,,,,,13.8324,,ok,0.306
491.0444,681,,,0.6347,,,,,,498.6025,r2_measured_00750,read,measured,,,,,6.5236,,ok,0.3211
487.0154,688,,,0.8587,,,,,,506.1493,r2_measured_00751,read,measured,,,,,17.8684,,ok,0.3431
492.839,679,,,1.3608,,,,,,501.5527,r2_measured_00752,read,measured,,,,,6.6829,,ok,0.5591
517.1517,679,,,1.3173,,,,,,531.4731,r2_measured_00753,read,measured,,,,,12.2694,,ok,0.6223
278.8581,418,,,0.2849,,,,,,280.9761,r2_measured_00754,read,measured,,,,,1.4482,,ok,0.3326
417.3381,566,,,1.1899,,,,,,421.5552,r2_measured_00755,read,measured,,,,,2.4558,,ok,0.5026
403.3805,568,,,0.5993,,,,,,415.6406,r2_measured_00756,read,measured,,,,,11.2786,,ok,0.3266
519.9284,677,,,0.5947,,,,,,526.7716,r2_measured_00757,read,measured,,,,,5.7303,,ok,0.4371
489.9456,629,,,0.6721,,,,,,501.6447,r2_measured_00758,read,measured,,,,,10.6519,,ok,0.3101
382.2708,506,,,0.7236,,,,,,392.4958,r2_measured_00759,read,measured,,,,,8.98,,ok,0.4496
520.9721,673,,,0.9595,,,,,,531.097,r2_measured_00760,read,measured,,,,,8.6738,,ok,0.3548
311.4583,416,,,0.3323,,,,,,314.4098,r2_measured_00761,read,measured,,,,,2.0809,,ok,0.4712
407.6906,507,,,0.8431,,,,,,414.6949,r2_measured_00762,read,measured,,,,,5.7528,,ok,0.3497
539.274,662,,,0.9231,,,,,,542.6851,r2_measured_00763,read,measured,,,,,2.0856,,ok,0.3355
765.6253,680,519.1168,6.915,0.6906,157.4037,1,6.9128,1,44.5171,774.2819,r2_measured_00764,update,measured,37.6021,8.6566,1,17.8988,7.5399,26.6889,ok,0.3573
552.9796,679,,,0.8934,,,,,,559.493,r2_measured_00765,read,measured,,,,,5.1968,,ok,0.3432
451.2304,566,,,0.5505,,,,,,461.8022,r2_measured_00766,read,measured,,,,,9.5811,,ok,0.3633
541.6138,675,,,0.5814,,,,,,548.2904,r2_measured_00767,read,measured,,,,,5.6866,,ok,0.3407
549.2786,679,,,0.5937,,,,,,559.3447,r2_measured_00768,read,measured,,,,,9.0728,,ok,0.3365
533.5368,661,,,0.6676,,,,,,541.8166,r2_measured_00769,read,measured,,,,,7.2277,,ok,0.3229
409.9838,509,,,0.7087,,,,,,415.8778,r2_measured_00770,read,measured,,,,,4.7794,,ok,0.3409
538.3352,678,,,0.559,,,,,,547.6853,r2_measured_00771,read,measured,,,,,8.3981,,ok,0.3265
340.5006,418,,,0.3578,,,,,,343.2907,r2_measured_00772,read,measured,,,,,2.0487,,ok,0.3191
414.3163,567,,,1.0121,,,,,,420.9197,r2_measured_00773,read,measured,,,,,5.1291,,ok,0.3844
517.3431,680,,,0.7313,,,,,,525.1676,r2_measured_00774,read,measured,,,,,6.6704,,ok,0.347
550.251,674,,,0.589,,,,,,554.8346,r2_measured_00775,read,measured,,,,,3.4924,,ok,0.4263
511.8431,681,,,0.5839,,,,,,517.7349,r2_measured_00776,read,measured,,,,,4.8894,,ok,0.3478
511.3427,678,,,0.7312,,,,,,518.0708,r2_measured_00777,read,measured,,,,,5.5292,,ok,0.3899
517.9844,663,,,0.6091,,,,,,523.9593,r2_measured_00778,read,measured,,,,,4.8852,,ok,0.4017
511.5749,688,,,0.8736,,,,,,522.5482,r2_measured_00779,read,measured,,,,,9.6692,,ok,0.3509
301.1242,418,,,0.4451,,,,,,304.5022,r2_measured_00780,read,measured,,,,,2.4527,,ok,0.4248
322.6056,418,,,0.3278,,,,,,326.1788,r2_measured_00781,read,measured,,,,,2.8097,,ok,0.3743
490.8725,629,,,0.5064,,,,,,496.9315,r2_measured_00782,read,measured,,,,,5.0377,,ok,0.4398
681.528,663,488.5273,6.9827,0.5209,107.0373,1,6.9811,1,41.3248,687.8197,r2_measured_00783,update,measured,34.3421,6.2917,1,13.2436,5.3433,31.395,ok,0.3648
478.0976,672,,,0.8755,,,,,,488.4185,r2_measured_00784,read,measured,,,,,8.9982,,ok,0.3751
469.6755,680,,,0.773,,,,,,477.5132,r2_measured_00785,read,measured,,,,,6.6478,,ok,0.3471
273.5404,369,,,0.2842,,,,,,275.9843,r2_measured_00786,read,measured,,,,,1.7537,,ok,0.3453
444.5785,626,,,0.8774,,,,,,452.0228,r2_measured_00787,read,measured,,,,,6.1422,,ok,0.3538
287.477,416,,,0.307,,,,,,290.1481,r2_measured_00788,read,measured,,,,,1.9228,,ok,0.3737
345.8438,507,,,0.4852,,,,,,354.3398,r2_measured_00789,read,measured,,,,,7.5932,,ok,0.3528
494.2759,680,,,0.7543,,,,,,504.7982,r2_measured_00790,read,measured,,,,,9.3403,,ok,0.3607
472.0167,680,,,0.5671,,,,,,479.2469,r2_measured_00791,read,measured,,,,,6.2389,,ok,0.3552
466.9812,681,,,1.172,,,,,,474.6951,r2_measured_00792,read,measured,,,,,6.1481,,ok,0.3299
293.0445,417,,,0.6719,,,,,,295.8148,r2_measured_00793,read,measured,,,,,1.6803,,ok,0.3588
491.4537,686,,,0.6471,,,,,,496.1122,r2_measured_00794,read,measured,,,,,3.5925,,ok,0.3449
355.0088,507,,,0.8955,,,,,,362.1042,r2_measured_00795,read,measured,,,,,5.7374,,ok,0.3972
484.9604,662,,,0.6478,,,,,,492.3663,r2_measured_00796,read,measured,,,,,6.3343,,ok,0.3554
266.0142,369,,,0.2554,,,,,,269.3686,r2_measured_00797,read,measured,,,,,2.7039,,ok,0.3329
421.7843,628,,,1.3522,,,,,,428.044,r2_measured_00798,read,measured,,,,,4.502,,ok,0.3414
489.1824,680,,,0.9471,,,,,,493.0828,r2_measured_00799,read,measured,,,,,2.5199,,ok,0.3567
253.5187,368,,,0.2519,,,,,,256.7445,r2_measured_00800,read,measured,,,,,2.5779,,ok,0.3386
350.167,507,,,0.5713,,,,,,357.2994,r2_measured_00801,read,measured,,,,,6.1582,,ok,0.3456
449.3048,680,,,0.758,,,,,,455.8109,r2_measured_00802,read,measured,,,,,5.3439,,ok,0.3362
290.1677,417,,,0.2788,,,,,,293.71,r2_measured_00803,read,measured,,,,,2.8694,,ok,0.3411
340.3328,506,,,0.9005,,,,,,345.3805,r2_measured_00804,read,measured,,,,,3.7099,,ok,0.3645
436.9447,628,,,0.5347,,,,,,441.1027,r2_measured_00805,read,measured,,,,,3.1855,,ok,0.361
422.9931,624,,,1.0617,,,,,,433.1888,r2_measured_00806,read,measured,,,,,8.7058,,ok,0.352
380.168,567,,,0.5573,,,,,,387.725,r2_measured_00807,read,measured,,,,,6.5621,,ok,0.3658
462.5958,678,,,0.923,,,,,,474.5816,r2_measured_00808,read,measured,,,,,10.6095,,ok,0.3809
469.2091,661,,,0.9948,,,,,,480.5084,r2_measured_00809,read,measured,,,,,9.8846,,ok,0.3512
475.7913,673,,,0.7623,,,,,,478.5876,r2_measured_00810,read,measured,,,,,1.634,,ok,0.335
478.2637,678,,,0.6422,,,,,,486.5194,r2_measured_00811,read,measured,,,,,7.2267,,ok,0.3222
468.8542,679,,,0.7348,,,,,,476.8866,r2_measured_00812,read,measured,,,,,6.8931,,ok,0.3367
447.6581,628,,,0.8956,,,,,,453.4157,r2_measured_00813,read,measured,,,,,4.4208,,ok,0.3646
293.5486,419,,,0.2754,,,,,,296.3331,r2_measured_00814,read,measured,,,,,2.1127,,ok,0.3396
453.8852,673,,,0.6104,,,,,,459.271,r2_measured_00815,read,measured,,,,,4.3161,,ok,0.3739
279.5916,416,,,0.2609,,,,,,281.9308,r2_measured_00816,read,measured,,,,,1.683,,ok,0.3432
279.0599,418,,,0.2978,,,,,,282.3853,r2_measured_00817,read,measured,,,,,2.1611,,ok,0.8038
423.5658,628,,,0.5327,,,,,,430.1945,r2_measured_00818,read,measured,,,,,5.6781,,ok,0.3448
470.9088,679,,,0.8771,,,,,,480.5354,r2_measured_00819,read,measured,,,,,8.2229,,ok,0.4421
271.0995,367,,,0.2616,,,,,,274.4242,r2_measured_00820,read,measured,,,,,2.6166,,ok,0.3899
488.5957,680,,,0.7476,,,,,,496.435,r2_measured_00821,read,measured,,,,,6.6487,,ok,0.3589
472.7449,680,,,0.5589,,,,,,479.7012,r2_measured_00822,read,measured,,,,,5.9799,,ok,0.3482
483.3976,679,,,0.8895,,,,,,486.6261,r2_measured_00823,read,measured,,,,,1.8838,,ok,0.3761
526.6634,688,,,0.7975,,,,,,531.223,r2_measured_00824,read,measured,,,,,3.3075,,ok,0.379
468.9411,681,,,0.7955,,,,,,472.3788,r2_measured_00825,read,measured,,,,,2.1462,,ok,0.4055
500.2109,679,,,0.6128,,,,,,508.7751,r2_measured_00826,read,measured,,,,,7.5215,,ok,0.355
485.8564,660,,,0.7692,,,,,,498.7034,r2_measured_00827,read,measured,,,,,11.6408,,ok,0.3658
385.0772,565,,,0.6178,,,,,,395.3539,r2_measured_00828,read,measured,,,,,9.2036,,ok,0.3759
485.4663,680,,,0.802,,,,,,492.7615,r2_measured_00829,read,measured,,,,,6.0522,,ok,0.3754
459.1097,628,,,0.7514,,,,,,467.1842,r2_measured_00830,read,measured,,,,,6.901,,ok,0.3563
405.1287,566,,,1.0017,,,,,,413.1677,r2_measured_00831,read,measured,,,,,6.5646,,ok,0.3892
571.5661,679,,,0.6106,,,,,,578.8749,r2_measured_00832,read,measured,,,,,6.2492,,ok,0.3767
541.5647,679,,,0.8918,,,,,,551.8907,r2_measured_00833,read,measured,,,,,8.9518,,ok,0.4015
475.5088,567,,,1.043,,,,,,480.776,r2_measured_00834,read,measured,,,,,3.1517,,ok,0.9685
528.367,628,,,1.1126,,,,,,533.2767,r2_measured_00835,read,measured,,,,,3.2651,,ok,0.4403
403.3439,418,,,0.5136,,,,,,405.6013,r2_measured_00836,read,measured,,,,,1.2992,,ok,0.3698
687.9558,681,,,0.4908,,,,,,695.5855,r2_measured_00837,read,measured,,,,,6.7529,,ok,0.3255
576.7883,566,,,1.0903,,,,,,587.1011,r2_measured_00838,read,measured,,,,,8.5667,,ok,0.5535
452.4329,509,,,0.4909,,,,,,461.5821,r2_measured_00839,read,measured,,,,,8.2661,,ok,0.334
599.7988,566,,,0.7134,,,,,,609.7827,r2_measured_00840,read,measured,,,,,8.8694,,ok,0.3411
370.7862,419,,,0.3,,,,,,373.7004,r2_measured_00841,read,measured,,,,,2.1886,,ok,0.3621
660.66,679,,,0.79,,,,,,664.3882,r2_measured_00842,read,measured,,,,,2.5188,,ok,0.345
660.485,678,,,1.0605,,,,,,666.4728,r2_measured_00843,read,measured,,,,,4.5251,,ok,0.3409
712.1288,567,501.7643,12.1096,0.4838,105.278,1,12.1079,1,39.3548,718.4126,r2_measured_00844,update,measured,27.2452,6.2838,1,38.5691,5.3577,27.1626,ok,0.3741
649.7926,678,,,0.7019,,,,,,653.6551,r2_measured_00845,read,measured,,,,,2.7684,,ok,0.333
335.2633,369,,,0.5248,,,,,,337.5012,r2_measured_00846,read,measured,,,,,1.2929,,ok,0.3638
716.1383,567,516.4593,5.8838,0.8231,113.0724,1,5.8822,1,33.4041,722.8974,r2_measured_00847,update,measured,27.5203,6.7591,1,0.0063,5.5248,53.1962,ok,0.3507
585.9833,680,,,0.8857,,,,,,595.1078,r2_measured_00848,read,measured,,,,,7.7889,,ok,0.3704
367.5595,369,,,0.2554,,,,,,373.7703,r2_measured_00849,read,measured,,,,,5.5698,,ok,0.3368
604.902,688,,,0.7769,,,,,,611.1022,r2_measured_00850,read,measured,,,,,5.0159,,ok,0.345
355.8262,368,,,0.4606,,,,,,358.1334,r2_measured_00851,read,measured,,,,,1.4714,,ok,0.3287
432.8667,509,,,0.5205,,,,,,438.6688,r2_measured_00852,read,measured,,,,,4.8693,,ok,0.3584
430.4487,509,,,0.7055,,,,,,439.0182,r2_measured_00853,read,measured,,,,,7.454,,ok,0.3522
763.6852,662,505.1404,5.8173,0.9234,101.5093,1,5.8155,1,99.7923,774.6706,r2_measured_00854,update,measured,93.975,10.9854,1,24.0253,9.6817,33.2179,ok,0.323
618.7751,679,,,0.7397,,,,,,623.5269,r2_measured_00855,read,measured,,,,,3.5137,,ok,0.4173
294.796,368,,,0.7065,,,,,,296.8202,r2_measured_00856,read,measured,,,,,0.8839,,ok,0.3853
500.0573,680,,,0.8232,,,,,,506.7592,r2_measured_00857,read,measured,,,,,5.4431,,ok,0.3556
511.9578,677,,,0.7802,,,,,,514.8771,r2_measured_00858,read,measured,,,,,1.7174,,ok,0.3451
511.2204,680,,,0.6751,,,,,,521.5741,r2_measured_00859,read,measured,,,,,9.2717,,ok,0.3427
338.206,418,,,0.2716,,,,,,340.7555,r2_measured_00860,read,measured,,,,,1.8968,,ok,0.3303
504.9612,680,,,0.9907,,,,,,514.8408,r2_measured_00861,read,measured,,,,,8.4963,,ok,0.3261
443.7029,566,,,0.5559,,,,,,448.9366,r2_measured_00862,read,measured,,,,,4.2397,,ok,0.3617
388.5249,508,,,0.7304,,,,,,399.7123,r2_measured_00863,read,measured,,,,,10.0458,,ok,0.3529
297.3204,368,,,0.2556,,,,,,300.5015,r2_measured_00864,read,measured,,,,,2.5332,,ok,0.3441
416.212,508,,,0.8715,,,,,,425.3463,r2_measured_00865,read,measured,,,,,7.83,,ok,0.3747
488.2964,624,,,0.5845,,,,,,495.6102,r2_measured_00866,read,measured,,,,,6.2871,,ok,0.3718
530.7949,687,,,0.8439,,,,,,543.5451,r2_measured_00867,read,measured,,,,,11.4858,,ok,0.3468
647.3448,688,445.9743,8.0866,0.6565,91.723,1,8.0849,1,49.2677,652.9513,r2_measured_00868,update,measured,41.1811,5.6065,1,28.696,4.5342,31.6838,ok,0.3481
342.9943,417,,,0.283,,,,,,345.643,r2_measured_00869,read,measured,,,,,1.9369,,ok,0.3715
514.9055,679,,,0.6339,,,,,,525.271,r2_measured_00870,read,measured,,,,,9.3131,,ok,0.3504
270.3372,415,,,0.337,,,,,,273.2782,r2_measured_00871,read,measured,,,,,2.1414,,ok,0.402
430.4619,628,,,0.6982,,,,,,445.5814,r2_measured_00872,read,measured,,,,,13.9988,,ok,0.358
479.418,689,,,1.2548,,,,,,494.9938,r2_measured_00873,read,measured,,,,,13.848,,ok,0.3932
421.9762,624,,,0.5781,,,,,,425.6139,r2_measured_00874,read,measured,,,,,2.6082,,ok,0.3832
460.9719,674,,,1.6814,,,,,,473.4492,r2_measured_00875,read,measured,,,,,10.3781,,ok,0.3448
470.9499,688,,,0.6465,,,,,,477.849,r2_measured_00876,read,measured,,,,,5.8568,,ok,0.3302
249.8582,368,,,0.426,,,,,,253.2022,r2_measured_00877,read,measured,,,,,2.5439,,ok,0.3238
332.1733,507,,,0.9787,,,,,,337.2927,r2_measured_00878,read,measured,,,,,3.7206,,ok,0.3533
490.7425,680,,,0.9099,,,,,,500.0359,r2_measured_00879,read,measured,,,,,7.8005,,ok,0.4775
386.1617,567,,,1.0602,,,,,,391.7101,r2_measured_00880,read,measured,,,,,4.0667,,ok,0.3533
242.8469,368,,,0.2612,,,,,,244.5646,r2_measured_00881,read,measured,,,,,1.0409,,ok,0.3555
390.6421,567,,,0.5636,,,,,,396.1962,r2_measured_00882,read,measured,,,,,4.5187,,ok,0.412
504.9666,679,,,1.0631,,,,,,509.6136,r2_measured_00883,read,measured,,,,,3.1326,,ok,0.3732
480.3105,663,,,0.6361,,,,,,489.2758,r2_measured_00884,read,measured,,,,,7.8412,,ok,0.4057
486.2411,673,,,0.5989,,,,,,501.7689,r2_measured_00885,read,measured,,,,,14.3508,,ok,0.5097
331.5045,417,,,0.2654,,,,,,335.2135,r2_measured_00886,read,measured,,,,,3.0613,,ok,0.3327
506.6573,680,,,1.2283,,,,,,518.3835,r2_measured_00887,read,measured,,,,,9.8961,,ok,0.5048
441.2844,565,,,0.8337,,,,,,457.5234,r2_measured_00888,read,measured,,,,,14.869,,ok,0.4489
302.0275,369,,,0.2469,,,,,,303.1608,r2_measured_00889,read,measured,,,,,0.478,,ok,0.3555
315.5934,418,,,0.2828,,,,,,318.5758,r2_measured_00890,read,measured,,,,,2.3007,,ok,0.3485
485.0118,627,,,0.5468,,,,,,491.8535,r2_measured_00891,read,measured,,,,,5.8801,,ok,0.3409
507.0523,678,,,0.8074,,,,,,522.194,r2_measured_00892,read,measured,,,,,13.9147,,ok,0.3525
513.5319,663,,,0.7309,,,,,,519.5771,r2_measured_00893,read,measured,,,,,4.8951,,ok,0.3496
503.5403,662,,,0.614,,,,,,505.5496,r2_measured_00894,read,measured,,,,,0.9606,,ok,0.3704
537.089,678,,,0.8263,,,,,,545.6238,r2_measured_00895,read,measured,,,,,7.2696,,ok,0.3575
321.3916,418,,,0.3386,,,,,,323.7765,r2_measured_00896,read,measured,,,,,1.5639,,ok,0.4126
588.1067,566,413.5459,5.6626,0.5437,87.2815,1,5.6608,1,34.9743,595.0824,r2_measured_00897,update,measured,29.3117,6.9757,1,23.2983,5.9753,29.0067,ok,0.3894
526.7165,689,,,2.6647,,,,,,540.208,r2_measured_00898,read,measured,,,,,10.3776,,ok,0.3789
465.2342,674,,,0.8341,,,,,,469.4876,r2_measured_00899,read,measured,,,,,2.9871,,ok,0.3565
310.4585,419,,,0.6272,,,,,,313.4629,r2_measured_00900,read,measured,,,,,1.989,,ok,0.3374
260.3969,368,,,0.2533,,,,,,262.0078,r2_measured_00901,read,measured,,,,,0.9685,,ok,0.3374
492.083,674,,,0.6107,,,,,,505.4624,r2_measured_00902,read,measured,,,,,12.2293,,ok,0.4467
493.4725,680,,,0.6666,,,,,,503.1825,r2_measured_00903,read,measured,,,,,8.6335,,ok,0.3444
300.8093,415,,,0.2961,,,,,,303.9556,r2_measured_00904,read,measured,,,,,2.4361,,ok,0.3507
462.6519,626,,,0.5245,,,,,,469.9583,r2_measured_00905,read,measured,,,,,6.3894,,ok,0.3272
323.2324,418,,,0.3095,,,,,,325.8072,r2_measured_00906,read,measured,,,,,1.8485,,ok,0.3555
408.1643,568,,,0.5742,,,,,,411.0351,r2_measured_00907,read,measured,,,,,1.8832,,ok,0.3511
374.1883,507,,,0.7204,,,,,,384.6897,r2_measured_00908,read,measured,,,,,9.3734,,ok,0.3536
327.4988,417,,,0.2745,,,,,,330.4233,r2_measured_00909,read,measured,,,,,2.2587,,ok,0.3359
458.7108,628,,,0.5922,,,,,,465.3656,r2_measured_00910,read,measured,,,,,5.6131,,ok,0.3714
508.2818,687,,,1.1546,,,,,,517.3359,r2_measured_00911,read,measured,,,,,7.4801,,ok,0.35
480.3338,662,,,0.7706,,,,,,486.4168,r2_measured_00912,read,measured,,,,,4.8721,,ok,0.371
416.5054,566,,,0.8085,,,,,,428.8615,r2_measured_00913,read,measured,,,,,11.0899,,ok,0.3918
418.3464,418,278.243,5.8066,0.288,68.1644,0,5.8049,1,27.703,421.2066,r2_measured_00914,update,measured,21.8964,2.8602,1,19.7566,2.1651,24.4794,ok,0.3376
546.6268,680,,,0.6788,,,,,,552.6089,r2_measured_00915,read,measured,,,,,4.9332,,ok,0.3098
496.7581,626,,,1.0572,,,,,,506.1304,r2_measured_00916,read,measured,,,,,7.9058,,ok,0.3402
516.7992,673,,,0.9005,,,,,,523.9064,r2_measured_00917,read,measured,,,,,5.6462,,ok,0.4705
455.4396,626,,,0.8503,,,,,,458.1546,r2_measured_00918,read,measured,,,,,1.444,,ok,0.3562
474.119,627,,,0.6667,,,,,,480.6892,r2_measured_00919,read,measured,,,,,5.5016,,ok,0.3424
415.5827,567,,,0.5745,,,,,,423.3868,r2_measured_00920,read,measured,,,,,6.85,,ok,0.3265
498.7529,625,,,1.0488,,,,,,504.1141,r2_measured_00921,read,measured,,,,,3.8739,,ok,0.3664
524.7363,679,,,0.8762,,,,,,536.0289,r2_measured_00922,read,measured,,,,,10.0042,,ok,0.3449
337.0689,419,,,0.3065,,,,,,340.6965,r2_measured_00923,read,measured,,,,,2.9355,,ok,0.3341
501.5148,628,,,0.8397,,,,,,508.6842,r2_measured_00924,read,measured,,,,,5.6659,,ok,0.567
493.713,625,,,0.8017,,,,,,505.0404,r2_measured_00925,read,measured,,,,,10.0671,,ok,0.3872
505.8894,675,,,0.6974,,,,,,513.6748,r2_measured_00926,read,measured,,,,,6.6578,,ok,0.3599
501.5971,627,,,0.8393,,,,,,510.4705,r2_measured_00927,read,measured,,,,,7.6276,,ok,0.3461
473.7556,567,,,0.6272,,,,,,483.7715,r2_measured_00928,read,measured,,,,,8.9961,,ok,0.3353
518.9579,679,,,1.0587,,,,,,524.6132,r2_measured_00929,read,measured,,,,,4.1426,,ok,0.3765
410.0461,508,,,1.0405,,,,,,414.526,r2_measured_00930,read,measured,,,,,3.0347,,ok,0.3345
479.3224,680,,,0.5133,,,,,,487.9382,r2_measured_00931,read,measured,,,,,7.6806,,ok,0.3543
446.1249,624,,,0.7035,,,,,,453.3337,r2_measured_00932,read,measured,,,,,6.0848,,ok,0.3482
435.5358,628,,,0.583,,,,,,441.4665,r2_measured_00933,read,measured,,,,,4.9401,,ok,0.3432
650.0822,681,496.9879,4.7262,2.7516,90.4374,1,4.7247,1,32.2119,656.9771,r2_measured_00934,update,measured,27.4857,6.8949,1,0.0052,3.7507,30.4398,ok,0.3307
463.5174,660,,,0.8795,,,,,,472.3371,r2_measured_00935,read,measured,,,,,7.5143,,ok,0.3569
311.2054,417,,,0.2533,,,,,,314.8955,r2_measured_00936,read,measured,,,,,3.0614,,ok,0.3261
272.9424,368,,,0.2482,,,,,,276.351,r2_measured_00937,read,measured,,,,,2.7701,,ok,0.3323
405.9663,624,,,0.8375,,,,,,416.3442,r2_measured_00938,read,measured,,,,,9.1139,,ok,0.3572
422.3593,624,,,1.2623,,,,,,449.2965,r2_measured_00939,read,measured,,,,,25.202,,ok,0.3906
477.2802,677,,,0.6331,,,,,,484.8158,r2_measured_00940,read,measured,,,,,6.4824,,ok,0.3529
490.1653,673,,,0.6319,,,,,,496.7425,r2_measured_00941,read,measured,,,,,5.5522,,ok,0.3307
295.814,418,,,0.3837,,,,,,298.8777,r2_measured_00942,read,measured,,,,,2.0144,,ok,0.5728
494.2848,675,,,0.5467,,,,,,508.7901,r2_measured_00943,read,measured,,,,,13.5221,,ok,0.3682
376.4314,506,,,0.5852,,,,,,386.0833,r2_measured_00944,read,measured,,,,,8.5944,,ok,0.4085
477.8172,672,,,0.7947,,,,,,486.6632,r2_measured_00945,read,measured,,,,,7.6012,,ok,0.3802
235.6471,368,,,0.2761,,,,,,238.1534,r2_measured_00946,read,measured,,,,,1.828,,ok,0.3403
306.6662,418,,,0.2898,,,,,,309.4224,r2_measured_00947,read,measured,,,,,2.0623,,ok,0.3504
322.816,418,,,0.2688,,,,,,325.23,r2_measured_00948,read,measured,,,,,1.7482,,ok,0.3479
423.2505,567,,,0.7577,,,,,,426.9688,r2_measured_00949,read,measured,,,,,2.5501,,ok,0.3444
477.9037,688,,,0.7213,,,,,,487.4133,r2_measured_00950,read,measured,,,,,8.3586,,ok,0.362
450.5459,628,,,1.0054,,,,,,461.7239,r2_measured_00951,read,measured,,,,,9.6475,,ok,0.3609
463.6583,672,,,0.6563,,,,,,473.5804,r2_measured_00952,read,measured,,,,,8.8446,,ok,0.3477
270.3135,368,,,0.3687,,,,,,272.0727,r2_measured_00953,read,measured,,,,,0.9886,,ok,0.3392
422.4058,419,288.4193,4.7465,0.2663,75.4494,0,4.7448,1,30.7362,424.8159,r2_measured_00954,update,measured,25.9897,2.4101,1,0.0059,1.7612,27.795,ok,0.334
412.8833,567,,,0.4806,,,,,,418.1002,r2_measured_00955,read,measured,,,,,4.3229,,ok,0.3543
347.9524,508,,,0.4568,,,,,,352.2335,r2_measured_00956,read,measured,,,,,3.4331,,ok,0.3353
461.1967,675,,,0.5643,,,,,,468.4197,r2_measured_00957,read,measured,,,,,6.2568,,ok,0.3362
395.3805,566,,,0.8279,,,,,,400.2324,r2_measured_00958,read,measured,,,,,3.589,,ok,0.3651
431.9411,628,,,0.6526,,,,,,439.0634,r2_measured_00959,read,measured,,,,,6.0535,,ok,0.3477
396.7024,566,,,0.6249,,,,,,402.0504,r2_measured_00960,read,measured,,,,,4.3213,,ok,0.3423
353.0247,565,,,1.1148,,,,,,364.6416,r2_measured_00961,read,measured,,,,,10.0921,,ok,0.3418
394.0574,566,,,0.9703,,,,,,405.4656,r2_measured_00962,read,measured,,,,,10.0384,,ok,0.3353
449.0434,679,,,0.7151,,,,,,455.7724,r2_measured_00963,read,measured,,,,,5.5958,,ok,0.3436
352.3206,509,,,0.6633,,,,,,356.946,r2_measured_00964,read,measured,,,,,3.5329,,ok,0.3539
445.6914,626,,,0.5157,,,,,,451.1831,r2_measured_00965,read,measured,,,,,4.5506,,ok,0.3606
465.1397,688,,,1.1166,,,,,,476.6511,r2_measured_00966,read,measured,,,,,9.901,,ok,0.4136
476.3465,681,,,2.2702,,,,,,492.7378,r2_measured_00967,read,measured,,,,,13.6834,,ok,0.3685
472.1844,680,,,1.0296,,,,,,480.5371,r2_measured_00968,read,measured,,,,,6.8748,,ok,0.3763
430.6689,624,,,1.5279,,,,,,439.6587,r2_measured_00969,read,measured,,,,,7.0431,,ok,0.3581
426.2178,628,,,0.5468,,,,,,430.3393,r2_measured_00970,read,measured,,,,,3.1502,,ok,0.3569
474.8498,679,,,0.9977,,,,,,480.1544,r2_measured_00971,read,measured,,,,,3.348,,ok,0.8618
242.7869,369,,,0.2281,,,,,,245.5648,r2_measured_00972,read,measured,,,,,2.1729,,ok,0.3188
423.1164,624,,,0.8494,,,,,,430.6411,r2_measured_00973,read,measured,,,,,6.2362,,ok,0.3726
469.637,679,,,1.2453,,,,,,475.3559,r2_measured_00974,read,measured,,,,,4.0394,,ok,0.3546
244.2232,369,,,0.2665,,,,,,246.4724,r2_measured_00975,read,measured,,,,,1.5802,,ok,0.3458
482.0305,681,,,0.5907,,,,,,491.188,r2_measured_00976,read,measured,,,,,8.1393,,ok,0.3568
267.6403,417,,,0.2755,,,,,,269.2955,r2_measured_00977,read,measured,,,,,0.9721,,ok,0.354
250.1271,369,,,0.2494,,,,,,251.8751,r2_measured_00978,read,measured,,,,,1.1002,,ok,0.3479
448.5812,679,,,0.8789,,,,,,453.3206,r2_measured_00979,read,measured,,,,,3.4465,,ok,0.3461
459.9391,679,,,0.7618,,,,,,472.5164,r2_measured_00980,read,measured,,,,,11.4092,,ok,0.3348
294.431,417,,,0.2713,,,,,,297.551,r2_measured_00981,read,measured,,,,,2.4561,,ok,0.3404
430.7369,625,,,0.8026,,,,,,439.5514,r2_measured_00982,read,measured,,,,,7.5971,,ok,0.3396
254.9552,368,,,0.2575,,,,,,257.5208,r2_measured_00983,read,measured,,,,,1.9101,,ok,0.3458
466.9255,677,,,0.5974,,,,,,472.3261,r2_measured_00984,read,measured,,,,,4.3602,,ok,0.3741
387.9362,567,,,0.6728,,,,,,397.8589,r2_measured_00985,read,measured,,,,,8.8105,,ok,0.3675
439.3837,628,,,1.3229,,,,,,446.0922,r2_measured_00986,read,measured,,,,,4.9784,,ok,0.3457
402.2666,566,,,0.7987,,,,,,417.9916,r2_measured_00987,read,measured,,,,,14.5035,,ok,0.3579
479.6333,679,,,0.7013,,,,,,494.1587,r2_measured_00988,read,measured,,,,,11.6209,,ok,2.1117
376.549,568,,,0.7038,,,,,,388.8801,r2_measured_00989,read,measured,,,,,11.1966,,ok,0.3572
477.5121,689,,,0.8612,,,,,,490.976,r2_measured_00990,read,measured,,,,,12.0278,,ok,0.4973
489.3847,681,,,0.6495,,,,,,499.7742,r2_measured_00991,read,measured,,,,,9.2698,,ok,0.3682
396.6343,568,,,1.6621,,,,,,405.4881,r2_measured_00992,read,measured,,,,,6.3729,,ok,0.7357
279.1668,418,,,0.4657,,,,,,283.8114,r2_measured_00993,read,measured,,,,,3.7691,,ok,0.3581
438.0316,628,,,0.6225,,,,,,446.1829,r2_measured_00994,read,measured,,,,,7.0897,,ok,0.3637
457.4897,689,,,0.6837,,,,,,466.2354,r2_measured_00995,read,measured,,,,,7.6343,,ok,0.3497
479.0351,689,,,0.7321,,,,,,483.8535,r2_measured_00996,read,measured,,,,,3.6526,,ok,0.3594
476.7022,675,,,0.6115,,,,,,486.0667,r2_measured_00997,read,measured,,,,,8.3364,,ok,0.3396
307.7402,419,,,0.2882,,,,,,309.9538,r2_measured_00998,read,measured,,,,,1.5168,,ok,0.3529
382.0598,568,,,0.6977,,,,,,388.7233,r2_measured_00999,read,measured,,,,,5.5485,,ok,0.3507
531.1256,689,,,0.5974,,,,,,537.9542,r2_measured_01000,read,measured,,,,,5.8275,,ok,0.3317
340.8489,509,,,0.8913,,,,,,345.1395,r2_measured_01001,read,measured,,,,,2.9543,,ok,0.3687
513.8157,663,,,0.7319,,,,,,519.7409,r2_measured_01002,read,measured,,,,,4.7623,,ok,0.3581
541.6628,662,,,0.663,,,,,,545.66,r2_measured_01003,read,measured,,,,,2.8967,,ok,0.3704
517.3634,674,,,1.0469,,,,,,525.0459,r2_measured_01004,read,measured,,,,,6.1808,,ok,0.3832
464.3085,628,,,0.9672,,,,,,479.7859,r2_measured_01005,read,measured,,,,,14.0151,,ok,0.4263
440.9769,566,,,0.6034,,,,,,447.4932,r2_measured_01006,read,measured,,,,,5.427,,ok,0.4205
545.5995,680,,,0.5667,,,,,,550.8949,r2_measured_01007,read,measured,,,,,4.3141,,ok,0.3457
502.6616,628,,,0.6476,,,,,,510.7159,r2_measured_01008,read,measured,,,,,6.9719,,ok,0.3658
314.5426,369,,,0.2481,,,,,,318.0141,r2_measured_01009,read,measured,,,,,2.8556,,ok,0.3178
468.0411,567,,,0.9138,,,,,,474.4517,r2_measured_01010,read,measured,,,,,5.0998,,ok,0.336
548.8804,679,,,0.9249,,,,,,552.6035,r2_measured_01011,read,measured,,,,,2.3651,,ok,0.3626
463.7181,566,,,1.3902,,,,,,471.0565,r2_measured_01012,read,measured,,,,,5.5129,,ok,0.3609
516.9643,628,,,0.7553,,,,,,524.5065,r2_measured_01013,read,measured,,,,,6.3712,,ok,0.3489
545.7596,688,,,1.1387,,,,,,559.0831,r2_measured_01014,read,measured,,,,,11.7484,,ok,0.3565
544.7138,675,,,0.7839,,,,,,551.252,r2_measured_01015,read,measured,,,,,5.3388,,ok,0.341
637.7938,629,449.5847,5.0079,1.013,94.2559,1,5.0063,1,65.9811,652.1909,r2_measured_01016,update,measured,60.9732,14.3971,1,0.0053,12.9675,27.9668,ok,0.3484
479.8555,679,,,0.795,,,,,,483.7022,r2_measured_01017,read,measured,,,,,2.582,,ok,0.3873
298.4251,416,,,0.2781,,,,,,300.6496,r2_measured_01018,read,measured,,,,,1.5633,,ok,0.3316
368.8603,368,243.9325,7.8464,0.2348,57.7417,1,7.8446,1,38.375,371.3061,r2_measured_01019,update,measured,30.5286,2.4458,1,10.9038,1.8178,17.9073,ok,0.3432
463.7464,625,,,0.8235,,,,,,468.1855,r2_measured_01020,read,measured,,,,,3.185,,ok,0.3619
481.4697,662,,,0.7995,,,,,,489.3731,r2_measured_01021,read,measured,,,,,6.4844,,ok,0.5094
396.8429,565,,,0.7058,,,,,,407.1283,r2_measured_01022,read,measured,,,,,9.1193,,ok,0.3857
495.316,688,,,1.0462,,,,,,500.2686,r2_measured_01023,read,measured,,,,,3.3462,,ok,0.4584
472.4648,678,,,0.7333,,,,,,480.0179,r2_measured_01024,read,measured,,,,,6.3077,,ok,0.4194
485.0964,662,,,0.7481,,,,,,491.0849,r2_measured_01025,read,measured,,,,,4.7783,,ok,0.3791
490.0739,674,,,1.044,,,,,,499.2725,r2_measured_01026,read,measured,,,,,7.6968,,ok,0.3754
502.0918,677,,,0.7024,,,,,,508.8513,r2_measured_01027,read,measured,,,,,5.5397,,ok,0.4231
517.361,662,,,0.6912,,,,,,529.1518,r2_measured_01028,read,measured,,,,,10.6713,,ok,0.3603
512.2854,679,,,0.6902,,,,,,520.9464,r2_measured_01029,read,measured,,,,,7.5584,,ok,0.3475
467.1868,625,,,0.7704,,,,,,470.0087,r2_measured_01030,read,measured,,,,,1.5957,,ok,0.3775
324.8286,416,,,0.3047,,,,,,327.2211,r2_measured_01031,read,measured,,,,,1.6558,,ok,0.3668
474.6937,624,,,0.7808,,,,,,480.0519,r2_measured_01032,read,measured,,,,,4.1707,,ok,0.3411
500.4788,662,,,0.829,,,,,,503.995,r2_measured_01033,read,measured,,,,,2.2658,,ok,0.3529
330.2237,418,,,0.3346,,,,,,333.3585,r2_measured_01034,read,measured,,,,,2.3872,,ok,0.3558
401.8024,507,,,0.5736,,,,,,411.4824,r2_measured_01035,read,measured,,,,,8.673,,ok,0.3691
492.6086,628,,,0.6714,,,,,,497.2053,r2_measured_01036,read,measured,,,,,3.4963,,ok,0.3498
517.6122,675,,,1.1327,,,,,,526.5272,r2_measured_01037,read,measured,,,,,7.347,,ok,0.3625
328.1395,417,,,0.289,,,,,,330.7497,r2_measured_01038,read,measured,,,,,1.9243,,ok,0.3426
280.854,369,,,0.2576,,,,,,282.6091,r2_measured_01039,read,measured,,,,,1.0975,,ok,0.3422
452.9357,626,,,0.628,,,,,,461.8611,r2_measured_01040,read,measured,,,,,7.8772,,ok,0.3451
488.6106,686,,,0.7645,,,,,,492.5338,r2_measured_01041,read,measured,,,,,2.7293,,ok,0.3514
472.2566,679,,,0.7958,,,,,,481.6865,r2_measured_01042,read,measured,,,,,8.2259,,ok,0.339
462.3559,689,,,0.8317,,,,,,467.8637,r2_measured_01043,read,measured,,,,,4.2324,,ok,0.3762
468.5342,680,,,1.7533,,,,,,475.2824,r2_measured_01044,read,measured,,,,,4.5562,,ok,0.3602
469.6125,678,,,0.8094,,,,,,478.2545,r2_measured_01045,read,measured,,,,,7.3764,,ok,0.3765
457.7797,674,,,0.5686,,,,,,465.4542,r2_measured_01046,read,measured,,,,,6.6494,,ok,0.375
467.6324,628,,,0.6199,,,,,,472.3527,r2_measured_01047,read,measured,,,,,3.6689,,ok,0.3648
487.7319,681,,,1.0572,,,,,,492.8368,r2_measured_01048,read,measured,,,,,3.6002,,ok,0.3688
367.3836,567,,,0.6445,,,,,,373.794,r2_measured_01049,read,measured,,,,,5.3551,,ok,0.3498
474.3904,688,,,0.6887,,,,,,484.9675,r2_measured_01050,read,measured,,,,,9.4628,,ok,0.3554
471.3111,679,,,0.6482,,,,,,480.0335,r2_measured_01051,read,measured,,,,,7.6342,,ok,0.3696
454.5349,680,,,0.5755,,,,,,466.7915,r2_measured_01052,read,measured,,,,,11.2398,,ok,0.3641
452.417,661,,,0.7938,,,,,,468.0408,r2_measured_01053,read,measured,,,,,14.3917,,ok,0.3686
473.0644,689,,,0.7326,,,,,,482.5407,r2_measured_01054,read,measured,,,,,8.1814,,ok,0.453
478.9472,680,,,0.9479,,,,,,492.6197,r2_measured_01055,read,measured,,,,,12.3066,,ok,0.3464
299.9745,418,,,0.2921,,,,,,302.0621,r2_measured_01056,read,measured,,,,,1.3888,,ok,0.3511
260.939,369,,,0.2603,,,,,,263.5547,r2_measured_01057,read,measured,,,,,1.9464,,ok,0.3473
398.146,565,,,1.8938,,,,,,402.6824,r2_measured_01058,read,measured,,,,,2.2024,,ok,0.3731
441.6072,628,,,0.6313,,,,,,448.4854,r2_measured_01059,read,measured,,,,,5.8243,,ok,0.3424
497.3388,679,,,0.566,,,,,,503.7565,r2_measured_01060,read,measured,,,,,5.4516,,ok,0.3371
482.0285,661,,,0.6813,,,,,,488.7028,r2_measured_01061,read,measured,,,,,5.5842,,ok,0.3412
262.9626,369,,,0.2402,,,,,,264.3628,r2_measured_01062,read,measured,,,,,0.7615,,ok,0.3461
457.8479,627,,,0.4938,,,,,,466.0651,r2_measured_01063,read,measured,,,,,7.3031,,ok,0.336
522.4893,685,,,0.6999,,,,,,527.9326,r2_measured_01064,read,measured,,,,,4.2993,,ok,0.3721
415.079,566,,,0.4969,,,,,,426.7369,r2_measured_01065,read,measured,,,,,10.7556,,ok,0.349
278.8437,369,,,0.2622,,,,,,280.6436,r2_measured_01066,read,measured,,,,,1.137,,ok,0.3432
291.2752,418,,,0.3133,,,,,,292.9434,r2_measured_01067,read,measured,,,,,0.9179,,ok,0.3708
422.5529,567,,,0.5062,,,,,,430.3507,r2_measured_01068,read,measured,,,,,6.8831,,ok,0.3479
407.5677,567,,,0.9305,,,,,,417.2261,r2_measured_01069,read,measured,,,,,8.3012,,ok,0.3547
499.2708,680,,,1.1144,,,,,,505.368,r2_measured_01070,read,measured,,,,,4.5612,,ok,0.3489
475.5773,663,,,0.6408,,,,,,480.6315,r2_measured_01071,read,measured,,,,,3.9911,,ok,0.3567
267.18,369,,,0.7491,,,,,,270.9656,r2_measured_01072,read,measured,,,,,2.6262,,ok,0.3576
493.637,689,,,0.9959,,,,,,499.368,r2_measured_01073,read,measured,,,,,4.3311,,ok,0.3348
489.3428,680,,,0.5186,,,,,,501.4811,r2_measured_01074,read,measured,,,,,11.2036,,ok,0.3471
482.0385,660,,,0.8012,,,,,,487.4612,r2_measured_01075,read,measured,,,,,4.2355,,ok,0.3224
699.7209,681,516.2579,8.2785,0.8546,108.2159,1,8.277,1,36.5602,705.1923,r2_measured_01076,update,measured,28.2817,5.4714,1,12.8802,4.2018,25.8067,ok,0.3366
400.0809,566,,,0.5492,,,,,,410.8627,r2_measured_01077,read,measured,,,,,9.8331,,ok,0.3278
545.8163,679,,,1.1046,,,,,,556.2364,r2_measured_01078,read,measured,,,,,8.9183,,ok,0.323
355.0979,509,,,0.8045,,,,,,372.7002,r2_measured_01079,read,measured,,,,,16.3766,,ok,0.3647
510.7297,685,,,0.884,,,,,,517.1172,r2_measured_01080,read,measured,,,,,5.0704,,ok,0.3608
274.0803,418,,,0.529,,,,,,275.6233,r2_measured_01081,read,measured,,,,,0.5728,,ok,0.3691
520.108,686,,,1.0177,,,,,,532.8237,r2_measured_01082,read,measured,,,,,11.2635,,ok,0.3612
504.3241,689,,,0.5773,,,,,,510.2485,r2_measured_01083,read,measured,,,,,4.9137,,ok,0.3631
454.5015,624,,,0.5166,,,,,,463.8168,r2_measured_01084,read,measured,,,,,8.3816,,ok,0.3483
504.576,663,,,0.7143,,,,,,511.9372,r2_measured_01085,read,measured,,,,,6.2198,,ok,0.3475
394.6088,507,,,0.5361,,,,,,399.2144,r2_measured_01086,read,measured,,,,,3.6838,,ok,0.3238
244.5532,368,,,0.4063,,,,,,247.4805,r2_measured_01087,read,measured,,,,,2.1155,,ok,0.3494
507.4593,680,,,1.1371,,,,,,512.5884,r2_measured_01088,read,measured,,,,,3.5592,,ok,0.3612
486.9142,568,,,0.8355,,,,,,494.3714,r2_measured_01089,read,measured,,,,,6.2268,,ok,0.3366
536.9379,672,,,0.8864,,,,,,542.6553,r2_measured_01090,read,measured,,,,,4.3974,,ok,0.3658
504.4053,629,,,0.7075,,,,,,507.3596,r2_measured_01091,read,measured,,,,,1.8011,,ok,0.3767
498.5358,624,,,0.658,,,,,,508.8573,r2_measured_01092,read,measured,,,,,9.2205,,ok,0.3767
335.0637,418,,,0.2987,,,,,,338.842,r2_measured_01093,read,measured,,,,,3.0701,,ok,0.3498
557.9315,681,,,0.7446,,,,,,562.4732,r2_measured_01094,read,measured,,,,,3.4176,,ok,0.3151
547.8491,680,,,1.1299,,,,,,555.246,r2_measured_01095,read,measured,,,,,5.8295,,ok,0.374
515.2305,679,,,0.9085,,,,,,521.9083,r2_measured_01096,read,measured,,,,,5.3428,,ok,0.3592
405.1413,508,,,0.6709,,,,,,412.757,r2_measured_01097,read,measured,,,,,6.4672,,ok,0.4208
507.9438,673,,,0.6474,,,,,,518.0001,r2_measured_01098,read,measured,,,,,8.9922,,ok,0.3535
514.6416,679,,,0.6395,,,,,,523.1984,r2_measured_01099,read,measured,,,,,7.5176,,ok,0.3378
504.0595,663,,,0.605,,,,,,513.9747,r2_measured_01100,read,measured,,,,,8.9216,,ok,0.3262
506.1304,661,,,1.0394,,,,,,515.377,r2_measured_01101,read,measured,,,,,7.7931,,ok,0.3475
531.9399,678,,,0.7015,,,,,,534.5849,r2_measured_01102,read,measured,,,,,1.5003,,ok,0.3664
486.1148,629,,,0.8605,,,,,,491.0648,r2_measured_01103,read,measured,,,,,3.6601,,ok,0.3661
538.5612,508,368.2502,7.0614,0.7234,80.6959,1,7.0593,1,29.9757,549.4495,r2_measured_01104,update,measured,22.9143,10.8883,1,34.9257,9.7545,24.7137,ok,0.3473
334.8166,418,,,0.2697,,,,,,337.3321,r2_measured_01105,read,measured,,,,,1.8504,,ok,0.3444
482.6238,686,,,0.9922,,,,,,491.502,r2_measured_01106,read,measured,,,,,7.466,,ok,0.3504
468.8002,624,,,0.6633,,,,,,478.2352,r2_measured_01107,read,measured,,,,,8.3669,,ok,0.3435
539.3347,568,383.8125,4.272,0.6057,85.286,1,4.2705,1,28.3802,548.5765,r2_measured_01108,update,measured,24.1082,9.2418,1,15.0971,8.225,26.7589,ok,0.3466
358.3301,507,,,0.4614,,,,,,367.7038,r2_measured_01109,read,measured,,,,,8.5029,,ok,0.3423
352.6082,507,,,0.4972,,,,,,359.8806,r2_measured_01110,read,measured,,,,,6.3648,,ok,0.3442
467.1116,680,,,0.718,,,,,,475.5447,r2_measured_01111,read,measured,,,,,7.2952,,ok,0.3516
431.6572,626,,,0.6302,,,,,,441.4602,r2_measured_01112,read,measured,,,,,8.7515,,ok,0.3514
461.1125,679,,,0.7249,,,,,,473.7694,r2_measured_01113,read,measured,,,,,11.526,,ok,0.3398
469.132,688,,,0.6546,,,,,,477.683,r2_measured_01114,read,measured,,,,,7.4796,,ok,0.3502
382.45,567,,,0.8904,,,,,,390.6728,r2_measured_01115,read,measured,,,,,6.9258,,ok,0.3448
487.3723,688,,,0.6484,,,,,,493.4974,r2_measured_01116,read,measured,,,,,5.0648,,ok,0.3458
481.3322,681,,,0.7727,,,,,,487.8034,r2_measured_01117,read,measured,,,,,5.2831,,ok,0.3506
343.5428,508,,,1.1679,,,,,,350.9621,r2_measured_01118,read,measured,,,,,5.8248,,ok,0.3715
464.1147,677,,,0.6008,,,,,,469.4016,r2_measured_01119,read,measured,,,,,4.1914,,ok,0.4251
403.3277,628,,,0.6818,,,,,,406.6334,r2_measured_01120,read,measured,,,,,2.1978,,ok,0.3611
466.1432,678,,,0.861,,,,,,472.8525,r2_measured_01121,read,measured,,,,,5.3712,,ok,0.4075
448.4438,680,,,0.7238,,,,,,456.8796,r2_measured_01122,read,measured,,,,,7.2825,,ok,0.3648
383.9735,567,,,2.063,,,,,,391.3927,r2_measured_01123,read,measured,,,,,4.9616,,ok,0.3334
457.593,680,,,0.7006,,,,,,465.8245,r2_measured_01124,read,measured,,,,,7.1097,,ok,0.3458
372.5062,566,,,0.6295,,,,,,377.7257,r2_measured_01125,read,measured,,,,,4.1881,,ok,0.3433
275.5721,419,,,0.2886,,,,,,278.8837,r2_measured_01126,read,measured,,,,,2.629,,ok,0.3335
253.7686,369,,,0.2428,,,,,,256.6887,r2_measured_01127,read,measured,,,,,2.2934,,ok,0.3317
482.3063,679,,,0.7641,,,,,,488.4634,r2_measured_01128,read,measured,,,,,4.9653,,ok,0.3593
350.8875,507,,,0.495,,,,,,354.5639,r2_measured_01129,read,measured,,,,,2.7322,,ok,0.3787
434.1778,628,,,0.6354,,,,,,437.4095,r2_measured_01130,read,measured,,,,,2.1893,,ok,0.3454
355.4826,508,,,0.4905,,,,,,363.7386,r2_measured_01131,read,measured,,,,,7.3557,,ok,0.3464
435.7902,627,,,0.806,,,,,,440.7615,r2_measured_01132,read,measured,,,,,3.217,,ok,0.8423
440.4857,680,,,0.7059,,,,,,451.5184,r2_measured_01133,read,measured,,,,,9.8614,,ok,0.3879
255.5592,369,,,0.2543,,,,,,258.2599,r2_measured_01134,read,measured,,,,,1.9951,,ok,0.3394
261.9054,369,,,0.3953,,,,,,265.1035,r2_measured_01135,read,measured,,,,,2.4058,,ok,0.3443
292.0107,418,,,0.2687,,,,,,295.3899,r2_measured_01136,read,measured,,,,,2.7228,,ok,0.3359
399.897,566,,,0.6224,,,,,,411.2159,r2_measured_01137,read,measured,,,,,10.2812,,ok,0.3505
466.4384,662,,,1.0751,,,,,,472.795,r2_measured_01138,read,measured,,,,,4.8394,,ok,0.3643
358.655,506,,,1.0057,,,,,,368.9124,r2_measured_01139,read,measured,,,,,8.8691,,ok,0.3249
432.7868,624,,,0.6939,,,,,,442.7587,r2_measured_01140,read,measured,,,,,8.8921,,ok,0.3101
482.2768,679,,,0.855,,,,,,490.4358,r2_measured_01141,read,measured,,,,,6.811,,ok,0.408
300.5853,418,,,0.2862,,,,,,303.2868,r2_measured_01142,read,measured,,,,,2.0068,,ok,0.3522
467.1892,678,,,0.7329,,,,,,474.1891,r2_measured_01143,read,measured,,,,,5.8319,,ok,0.3609
445.0627,628,,,1.0317,,,,,,454.4129,r2_measured_01144,read,measured,,,,,7.885,,ok,0.3645
272.3808,368,,,0.3324,,,,,,277.5385,r2_measured_01145,read,measured,,,,,4.3273,,ok,0.4264
438.8212,626,,,0.5485,,,,,,452.2839,r2_measured_01146,read,measured,,,,,12.4885,,ok,0.3534
490.3593,674,,,1.9032,,,,,,497.6904,r2_measured_01147,read,measured,,,,,5.0338,,ok,0.3257
449.2087,662,,,0.7669,,,,,,455.3436,r2_measured_01148,read,measured,,,,,4.7638,,ok,0.5157
464.8939,675,,,1.334,,,,,,472.5126,r2_measured_01149,read,measured,,,,,5.6818,,ok,0.5391
445.0959,629,,,1.193,,,,,,458.0549,r2_measured_01150,read,measured,,,,,11.3707,,ok,0.3326
435.8934,628,,,0.7176,,,,,,440.0744,r2_measured_01151,read,measured,,,,,3.0296,,ok,0.356
405.3129,567,,,0.8574,,,,,,416.6488,r2_measured_01152,read,measured,,,,,10.0282,,ok,0.3767
313.9839,418,,,0.3395,,,,,,315.5857,r2_measured_01153,read,measured,,,,,0.753,,ok,0.4415
496.8098,681,,,0.603,,,,,,501.2242,r2_measured_01154,read,measured,,,,,3.3815,,ok,0.3473
495.0437,688,,,0.6516,,,,,,505.395,r2_measured_01155,read,measured,,,,,9.3057,,ok,0.3283
481.346,677,,,0.6006,,,,,,488.3956,r2_measured_01156,read,measured,,,,,6.0601,,ok,0.322
462.8257,624,,,0.7198,,,,,,465.2598,r2_measured_01157,read,measured,,,,,1.2905,,ok,0.3502
277.0548,368,,,0.3301,,,,,,279.2325,r2_measured_01158,read,measured,,,,,1.3576,,ok,0.4225
500.8781,628,,,0.6702,,,,,,514.0151,r2_measured_01159,read,measured,,,,,12.0581,,ok,0.3372
526.7973,689,,,1.0182,,,,,,541.135,r2_measured_01160,read,measured,,,,,12.8878,,ok,0.3555
295.3705,417,,,0.2855,,,,,,297.0822,r2_measured_01161,read,measured,,,,,1.02,,ok,0.3483
466.0168,628,,,0.5425,,,,,,475.3928,r2_measured_01162,read,measured,,,,,8.4115,,ok,0.3526
441.0548,568,,,0.8194,,,,,,450.0323,r2_measured_01163,read,measured,,,,,7.7186,,ok,0.3763
398.9228,509,,,1.3174,,,,,,405.4455,r2_measured_01164,read,measured,,,,,4.7586,,ok,0.373
499.6479,675,,,0.7629,,,,,,507.2273,r2_measured_01165,read,measured,,,,,6.2346,,ok,0.4627
442.0303,566,,,1.254,,,,,,447.0389,r2_measured_01166,read,measured,,,,,3.3282,,ok,0.3585
501.2681,662,,,0.9049,,,,,,515.3659,r2_measured_01167,read,measured,,,,,12.6567,,ok,0.4484
512.7936,673,,,0.6305,,,,,,520.9188,r2_measured_01168,read,measured,,,,,7.0636,,ok,0.3588
452.6896,628,,,1.3129,,,,,,467.9067,r2_measured_01169,read,measured,,,,,13.3543,,ok,0.4685
499.3178,680,,,0.9389,,,,,,504.0642,r2_measured_01170,read,measured,,,,,3.3506,,ok,0.3852
388.7157,509,,,0.6189,,,,,,393.8915,r2_measured_01171,read,measured,,,,,4.1358,,ok,0.3605
553.3589,688,,,1.565,,,,,,558.4924,r2_measured_01172,read,measured,,,,,3.1419,,ok,0.3572
525.9419,661,,,0.6666,,,,,,531.1806,r2_measured_01173,read,measured,,,,,4.1378,,ok,0.3684
561.0272,688,,,0.7721,,,,,,567.0435,r2_measured_01174,read,measured,,,,,4.7914,,ok,0.3698
362.5424,418,,,0.3933,,,,,,365.1245,r2_measured_01175,read,measured,,,,,1.7214,,ok,0.3918
377.1287,507,,,0.5953,,,,,,381.6114,r2_measured_01176,read,measured,,,,,3.4802,,ok,0.3491
509.9248,679,,,0.6309,,,,,,517.8599,r2_measured_01177,read,measured,,,,,6.8855,,ok,0.3544
482.2817,628,,,0.5557,,,,,,490.8765,r2_measured_01178,read,measured,,,,,7.6592,,ok,0.3172
486.7867,624,,,0.6504,,,,,,493.6343,r2_measured_01179,read,measured,,,,,5.7935,,ok,0.3387
445.1323,565,,,0.6994,,,,,,453.7763,r2_measured_01180,read,measured,,,,,7.5672,,ok,0.3214
484.9295,627,,,0.7548,,,,,,492.6603,r2_measured_01181,read,measured,,,,,6.5092,,ok,0.3917
496.2647,626,,,0.9609,,,,,,506.6124,r2_measured_01182,read,measured,,,,,8.9769,,ok,0.338
332.5209,417,,,0.5956,,,,,,335.0157,r2_measured_01183,read,measured,,,,,1.5221,,ok,0.3242
275.4917,368,,,0.2532,,,,,,278.0508,r2_measured_01184,read,measured,,,,,1.8975,,ok,0.3437
495.0471,419,312.236,6.0763,0.5602,61.2768,1,6.0745,1,39.6035,498.246,r2_measured_01185,update,measured,33.5272,3.1989,1,59.3435,1.8613,22.5873,ok,0.6754
535.6278,681,,,0.786,,,,,,545.9693,r2_measured_01186,read,measured,,,,,9.166,,ok,0.3215
487.9754,628,,,0.5357,,,,,,497.2833,r2_measured_01187,read,measured,,,,,8.3698,,ok,0.3268
359.9814,416,,,0.3557,,,,,,362.7031,r2_measured_01188,read,measured,,,,,1.9412,,ok,0.3576
504.4979,688,,,0.7523,,,,,,515.0054,r2_measured_01189,read,measured,,,,,9.3235,,ok,0.3621
611.02,567,426.8335,10.7315,0.6415,88.7855,1,10.7298,1,48.8263,622.0984,r2_measured_01190,update,measured,38.0948,11.0784,1,21.8494,10.0041,24.7253,ok,0.3651
509.4823,680,,,0.6341,,,,,,522.0153,r2_measured_01191,read,measured,,,,,11.4711,,ok,0.3608
467.5331,628,,,0.7041,,,,,,474.1338,r2_measured_01192,read,measured,,,,,5.4888,,ok,0.3473
516.818,687,,,0.8134,,,,,,524.5667,r2_measured_01193,read,measured,,,,,6.4987,,ok,0.3601
277.328,368,,,0.2594,,,,,,279.6474,r2_measured_01194,read,measured,,,,,1.6725,,ok,0.3316
351.4236,505,,,0.4775,,,,,,358.7074,r2_measured_01195,read,measured,,,,,6.402,,ok,0.3472
448.6038,629,,,0.642,,,,,,453.233,r2_measured_01196,read,measured,,,,,3.5546,,ok,0.3652
504.0817,679,,,0.527,,,,,,511.0647,r2_measured_01197,read,measured,,,,,6.0657,,ok,0.3299
303.6703,418,,,0.2992,,,,,,305.3495,r2_measured_01198,read,measured,,,,,0.9732,,ok,0.3446
304.7781,419,,,0.2778,,,,,,307.5484,r2_measured_01199,read,measured,,,,,2.1035,,ok,0.3364
530.295,679,,,0.649,,,,,,538.2575,r2_measured_01200,read,measured,,,,,6.8737,,ok,0.3628
365.2919,507,,,0.9197,,,,,,378.1261,r2_measured_01201,read,measured,,,,,11.5044,,ok,0.3533
352.9162,509,,,0.5013,,,,,,359.7126,r2_measured_01202,read,measured,,,,,5.8263,,ok,0.3885
353.9496,509,,,1.355,,,,,,363.8756,r2_measured_01203,read,measured,,,,,7.9701,,ok,0.5176
489.3694,674,,,0.8225,,,,,,495.881,r2_measured_01204,read,measured,,,,,5.2765,,ok,0.3461
486.6579,680,,,0.7436,,,,,,497.5386,r2_measured_01205,read,measured,,,,,9.7387,,ok,0.3359
420.0937,567,,,0.9069,,,,,,428.1664,r2_measured_01206,read,measured,,,,,6.781,,ok,0.3263
389.9396,504,,,0.5448,,,,,,397.8007,r2_measured_01207,read,measured,,,,,6.9286,,ok,0.3344
410.213,565,,,0.5502,,,,,,416.9524,r2_measured_01208,read,measured,,,,,5.7349,,ok,0.3862
324.7408,418,,,0.2783,,,,,,329.6932,r2_measured_01209,read,measured,,,,,4.2815,,ok,0.3317
305.8469,418,,,0.2924,,,,,,307.7649,r2_measured_01210,read,measured,,,,,1.2228,,ok,0.3435
427.0378,567,,,0.5894,,,,,,431.0643,r2_measured_01211,read,measured,,,,,3.0061,,ok,0.3646
453.4578,627,,,0.5925,,,,,,465.6676,r2_measured_01212,read,measured,,,,,11.1703,,ok,0.3692
509.7835,674,,,0.7902,,,,,,518.3316,r2_measured_01213,read,measured,,,,,7.2686,,ok,0.3958
538.7344,686,,,1.1284,,,,,,547.4705,r2_measured_01214,read,measured,,,,,7.1492,,ok,0.3832
415.8316,567,,,0.8544,,,,,,424.1247,r2_measured_01215,read,measured,,,,,6.9385,,ok,0.4156
505.7266,681,,,2.0697,,,,,,510.0719,r2_measured_01216,read,measured,,,,,1.806,,ok,0.3901
662.0287,628,481.8576,6.7253,0.6725,99.0894,1,6.7238,1,34.8953,674.7741,r2_measured_01217,update,measured,28.17,12.7454,1,20.0796,11.6475,26.1068,ok,0.3589
512.333,679,,,0.9662,,,,,,520.1895,r2_measured_01218,read,measured,,,,,6.3657,,ok,0.4393
524.5821,675,,,0.7859,,,,,,536.193,r2_measured_01219,read,measured,,,,,10.3665,,ok,0.3793
497.2884,681,,,0.6757,,,,,,505.5609,r2_measured_01220,read,measured,,,,,7.1673,,ok,0.3548
521.8533,662,,,0.8144,,,,,,532.346,r2_measured_01221,read,measured,,,,,9.2446,,ok,0.366
533.0169,679,,,0.6947,,,,,,540.7339,r2_measured_01222,read,measured,,,,,6.3005,,ok,0.6019
568.3768,688,,,0.5532,,,,,,573.6689,r2_measured_01223,read,measured,,,,,4.323,,ok,0.3508
438.5863,568,,,0.5731,,,,,,445.6382,r2_measured_01224,read,measured,,,,,6.0396,,ok,0.3652
547.3514,628,,,0.8534,,,,,,563.0818,r2_measured_01225,read,measured,,,,,14.4496,,ok,0.3643
568.897,681,,,0.5436,,,,,,573.6797,r2_measured_01226,read,measured,,,,,3.8353,,ok,0.3399
565.5251,680,,,0.7082,,,,,,571.8651,r2_measured_01227,read,measured,,,,,5.2114,,ok,0.3539
434.0833,508,,,0.4299,,,,,,440.6133,r2_measured_01228,read,measured,,,,,5.6614,,ok,0.3336
468.7218,568,,,0.6093,,,,,,475.0598,r2_measured_01229,read,measured,,,,,5.3245,,ok,0.3452
475.4816,568,,,1.0891,,,,,,488.4549,r2_measured_01230,read,measured,,,,,11.4667,,ok,0.3503
339.1814,417,,,0.2712,,,,,,342.2796,r2_measured_01231,read,measured,,,,,2.4544,,ok,0.3209
698.2261,679,516.5454,4.782,0.6966,109.87,1,4.7799,1,30.6601,709.2793,r2_measured_01232,update,measured,25.8781,11.0532,1,11.3506,9.9322,29.8,ok,0.356
573.3049,679,,,0.8929,,,,,,582.1464,r2_measured_01233,read,measured,,,,,7.5145,,ok,0.3528
294.6307,369,,,0.2657,,,,,,298.2851,r2_measured_01234,read,measured,,,,,2.9886,,ok,0.3455
524.7426,680,,,0.7253,,,,,,531.0631,r2_measured_01235,read,measured,,,,,5.167,,ok,0.3454
318.1584,419,,,0.2916,,,,,,320.5238,r2_measured_01236,read,measured,,,,,1.6711,,ok,0.3426
518.1753,681,,,1.0342,,,,,,529.2682,r2_measured_01237,read,measured,,,,,9.6272,,ok,0.3526
606.7715,568,431.5899,5.2668,0.4787,91.1783,1,5.2652,1,38.6528,614.3066,r2_measured_01238,update,measured,33.386,7.5351,1,14.292,6.6551,31.0585,ok,0.3439
504.5764,626,,,1.2285,,,,,,508.6892,r2_measured_01239,read,measured,,,,,2.4043,,ok,0.3977
503.415,681,,,0.8642,,,,,,512.382,r2_measured_01240,read,measured,,,,,7.6693,,ok,0.3584
506.9262,679,,,1.0354,,,,,,515.0165,r2_measured_01241,read,measured,,,,,6.6044,,ok,0.3763
505.4521,679,,,0.7626,,,,,,514.2499,r2_measured_01242,read,measured,,,,,7.5555,,ok,0.4072
505.1281,681,,,0.8465,,,,,,511.9388,r2_measured_01243,read,measured,,,,,5.3905,,ok,0.4615
368.9656,508,,,0.7129,,,,,,379.8362,r2_measured_01244,read,measured,,,,,9.7531,,ok,0.3469
528.4262,681,,,0.7759,,,,,,538.9227,r2_measured_01245,read,measured,,,,,9.2924,,ok,0.3617
387.3099,509,,,0.5174,,,,,,397.7202,r2_measured_01246,read,measured,,,,,9.4604,,ok,0.362
495.1336,663,,,0.5717,,,,,,499.4644,r2_measured_01247,read,measured,,,,,3.3278,,ok,0.3578
420.9487,566,,,0.4889,,,,,,427.3625,r2_measured_01248,read,measured,,,,,5.5084,,ok,0.3466
387.8238,509,,,0.4532,,,,,,393.4612,r2_measured_01249,read,measured,,,,,4.8043,,ok,0.3229
470.3225,679,,,0.8291,,,,,,473.2298,r2_measured_01250,read,measured,,,,,1.6249,,ok,0.3709
290.371,419,,,0.3275,,,,,,293.5212,r2_measured_01251,read,measured,,,,,2.3809,,ok,0.3721
476.0667,688,,,0.7126,,,,,,485.7075,r2_measured_01252,read,measured,,,,,8.4754,,ok,0.3714
513.4363,689,,,0.6186,,,,,,521.6162,r2_measured_01253,read,measured,,,,,7.1559,,ok,0.3319
420.5035,626,,,0.9514,,,,,,431.9095,r2_measured_01254,read,measured,,,,,10.0395,,ok,0.3386
360.1938,509,,,0.7345,,,,,,370.4491,r2_measured_01255,read,measured,,,,,9.1303,,ok,0.3275
502.5799,680,,,0.9741,,,,,,517.1578,r2_measured_01256,read,measured,,,,,13.1614,,ok,0.3709
504.8244,679,,,0.5937,,,,,,512.2528,r2_measured_01257,read,measured,,,,,6.3751,,ok,0.3823
355.4121,509,,,0.5893,,,,,,361.5795,r2_measured_01258,read,measured,,,,,5.1123,,ok,0.3889
463.5289,663,,,1.6746,,,,,,476.5887,r2_measured_01259,read,measured,,,,,10.9157,,ok,0.3958
499.6603,674,,,1.1675,,,,,,506.7726,r2_measured_01260,read,measured,,,,,5.4081,,ok,0.4374
404.6984,568,,,0.4807,,,,,,412.2958,r2_measured_01261,read,measured,,,,,6.7242,,ok,0.3343
393.4441,567,,,1.3403,,,,,,399.333,r2_measured_01262,read,measured,,,,,4.0969,,ok,0.3893
509.6626,681,,,0.5745,,,,,,515.5165,r2_measured_01263,read,measured,,,,,4.8528,,ok,0.3559
448.7397,627,,,0.7618,,,,,,454.7595,r2_measured_01264,read,measured,,,,,4.8127,,ok,0.3782
505.502,679,,,0.7892,,,,,,516.3492,r2_measured_01265,read,measured,,,,,9.6313,,ok,0.3589
462.6701,628,,,1.158,,,,,,469.1298,r2_measured_01266,read,measured,,,,,4.8703,,ok,0.3658
302.0465,368,,,0.2457,,,,,,304.8505,r2_measured_01267,read,measured,,,,,2.1057,,ok,0.3995
481.636,677,,,0.6598,,,,,,485.4217,r2_measured_01268,read,measured,,,,,2.6933,,ok,0.3621
650.3436,675,475.3611,7.7846,0.6802,110.6361,1,7.7829,1,38.1062,659.7146,r2_measured_01269,update,measured,30.3216,9.371,1,0.005,8.2756,26.2352,ok,0.3462
493.4418,679,,,0.7986,,,,,,498.7509,r2_measured_01270,read,measured,,,,,4.1053,,ok,0.3384
465.6388,679,,,1.094,,,,,,474.0259,r2_measured_01271,read,measured,,,,,6.8772,,ok,0.3332
394.2083,567,,,0.6164,,,,,,409.5979,r2_measured_01272,read,measured,,,,,14.3606,,ok,0.3505
350.7625,509,,,0.6628,,,,,,356.3778,r2_measured_01273,read,measured,,,,,4.5219,,ok,0.3579
478.2342,689,,,1.0327,,,,,,482.907,r2_measured_01274,read,measured,,,,,3.1874,,ok,0.3682
463.7934,660,,,0.7809,,,,,,480.198,r2_measured_01275,read,measured,,,,,15.2042,,ok,0.3496
462.4205,662,,,0.8354,,,,,,471.0557,r2_measured_01276,read,measured,,,,,7.3702,,ok,0.3597
440.3355,628,,,0.9043,,,,,,447.0867,r2_measured_01277,read,measured,,,,,5.4155,,ok,0.3656
462.6329,673,,,0.8483,,,,,,467.6668,r2_measured_01278,read,measured,,,,,3.758,,ok,0.3492
274.9327,419,,,0.3028,,,,,,277.6129,r2_measured_01279,read,measured,,,,,1.9569,,ok,0.3613
452.186,662,,,0.702,,,,,,459.0472,r2_measured_01280,read,measured,,,,,5.7765,,ok,0.3241
443.1738,629,,,0.8027,,,,,,449.1609,r2_measured_01281,read,measured,,,,,4.7443,,ok,0.358
382.1384,567,,,0.6616,,,,,,392.9903,r2_measured_01282,read,measured,,,,,9.7666,,ok,0.3612
384.0694,627,,,0.4787,,,,,,386.0292,r2_measured_01283,read,measured,,,,,1.0796,,ok,0.3397
352.8764,509,,,0.8072,,,,,,362.3317,r2_measured_01284,read,measured,,,,,8.1932,,ok,0.3793
293.5555,419,,,0.2913,,,,,,295.3181,r2_measured_01285,read,measured,,,,,1.0453,,ok,0.3682
454.2205,628,,,0.6277,,,,,,461.0405,r2_measured_01286,read,measured,,,,,5.734,,ok,0.384
430.0166,624,,,0.8343,,,,,,439.5347,r2_measured_01287,read,measured,,,,,8.2458,,ok,0.356
437.8316,626,,,0.9029,,,,,,447.2978,r2_measured_01288,read,measured,,,,,8.1198,,ok,0.3777
446.9429,625,,,0.5981,,,,,,453.3565,r2_measured_01289,read,measured,,,,,5.3846,,ok,0.3638
442.2377,628,,,0.6516,,,,,,448.8437,r2_measured_01290,read,measured,,,,,5.4995,,ok,0.3782
468.9918,662,,,1.0774,,,,,,478.3388,r2_measured_01291,read,measured,,,,,7.7864,,ok,0.3781
482.3901,681,,,0.7557,,,,,,491.7434,r2_measured_01292,read,measured,,,,,8.1519,,ok,0.3736
442.0026,628,,,1.2131,,,,,,451.334,r2_measured_01293,read,measured,,,,,7.6732,,ok,0.3661
488.0232,681,,,1.2252,,,,,,497.0504,r2_measured_01294,read,measured,,,,,7.373,,ok,0.352
355.0146,509,,,0.6379,,,,,,367.2418,r2_measured_01295,read,measured,,,,,11.1531,,ok,0.3607
533.4086,681,,,0.5856,,,,,,540.8473,r2_measured_01296,read,measured,,,,,6.4087,,ok,0.3698
461.6533,663,,,0.768,,,,,,473.3251,r2_measured_01297,read,measured,,,,,10.4743,,ok,0.3591
509.5662,662,,,2.7453,,,,,,522.8682,r2_measured_01298,read,measured,,,,,10.1368,,ok,0.349
278.3494,419,,,0.3067,,,,,,280.9864,r2_measured_01299,read,measured,,,,,1.8914,,ok,0.3799
392.8828,567,,,2.058,,,,,,400.9274,r2_measured_01300,read,measured,,,,,5.5684,,ok,0.3493
491.9664,625,,,0.6327,,,,,,501.2018,r2_measured_01301,read,measured,,,,,8.1588,,ok,0.3749
558.1462,626,,,0.6754,,,,,,565.9128,r2_measured_01302,read,measured,,,,,6.6988,,ok,0.3257
362.0267,416,,,0.2898,,,,,,365.6049,r2_measured_01303,read,measured,,,,,2.8747,,ok,0.3604
556.628,624,,,0.8394,,,,,,562.0638,r2_measured_01304,read,measured,,,,,4.183,,ok,0.3439
570.126,663,,,1.3132,,,,,,576.2963,r2_measured_01305,read,measured,,,,,4.3898,,ok,0.3869
416.1404,509,,,0.8255,,,,,,426.9195,r2_measured_01306,read,measured,,,,,9.4985,,ok,0.3868
386.5323,508,,,0.4981,,,,,,395.3539,r2_measured_01307,read,measured,,,,,7.9053,,ok,0.3573
573.1148,679,,,0.5935,,,,,,578.0201,r2_measured_01308,read,measured,,,,,3.9004,,ok,0.3342
575.9298,689,,,0.7765,,,,,,585.5371,r2_measured_01309,read,measured,,,,,8.4419,,ok,0.3233
555.1144,662,,,0.5544,,,,,,563.4047,r2_measured_01310,read,measured,,,,,7.3421,,ok,0.3262
560.5771,679,,,0.6462,,,,,,570.2035,r2_measured_01311,read,measured,,,,,8.5889,,ok,0.3296
726.6019,673,537.1983,5.6955,0.6552,131.032,0,5.6938,1,26.9757,733.6082,r2_measured_01312,update,measured,21.2802,7.0063,1,0.006,5.9286,31.3899,ok,0.3535
475.311,566,,,0.5454,,,,,,486.3212,r2_measured_01313,read,measured,,,,,10.0667,,ok,0.3348
547.6167,677,,,1.0248,,,,,,552.1169,r2_measured_01314,read,measured,,,,,3.0642,,ok,0.3396
620.3628,568,463.0614,5.9471,0.6459,79.8012,1,5.9454,1,33.2653,628.5768,r2_measured_01315,update,measured,27.3182,8.214,1,11.0661,7.1507,33.1688,ok,0.3542
502.8668,628,,,1.055,,,,,,515.0814,r2_measured_01316,read,measured,,,,,10.6905,,ok,0.3969
381.083,507,,,0.6612,,,,,,392.1821,r2_measured_01317,read,measured,,,,,10.0144,,ok,0.3551
543.0496,674,,,0.7582,,,,,,548.5062,r2_measured_01318,read,measured,,,,,4.2815,,ok,0.3506
360.8085,418,,,0.3056,,,,,,363.4999,r2_measured_01319,read,measured,,,,,1.9628,,ok,0.3594
562.209,679,,,0.5996,,,,,,570.4084,r2_measured_01320,read,measured,,,,,7.1765,,ok,0.3551
302.8126,419,,,0.3771,,,,,,323.9699,r2_measured_01321,read,measured,,,,,20.2663,,ok,0.4238
434.5509,567,,,0.6793,,,,,,439.853,r2_measured_01322,read,measured,,,,,4.2187,,ok,0.3409
465.8437,624,,,0.7642,,,,,,469.9328,r2_measured_01323,read,measured,,,,,2.8853,,ok,0.3732
502.9782,675,,,0.7582,,,,,,511.7733,r2_measured_01324,read,measured,,,,,7.5734,,ok,0.3798
501.4045,688,,,1.6687,,,,,,512.7674,r2_measured_01325,read,measured,,,,,9.2521,,ok,0.3705
421.667,566,,,0.5347,,,,,,428.7318,r2_measured_01326,read,measured,,,,,6.0952,,ok,0.3605
517.0146,661,,,0.6917,,,,,,524.5678,r2_measured_01327,read,measured,,,,,6.402,,ok,0.3867
463.1025,629,,,0.717,,,,,,471.7908,r2_measured_01328,read,measured,,,,,7.5358,,ok,0.3599
507.6422,679,,,0.654,,,,,,522.1054,r2_measured_01329,read,measured,,,,,13.3585,,ok,0.3813
497.0098,677,,,0.6304,,,,,,504.7867,r2_measured_01330,read,measured,,,,,6.6732,,ok,0.4009
460.889,625,,,0.6866,,,,,,467.5222,r2_measured_01331,read,measured,,,,,5.5089,,ok,0.367
643.5594,628,455.4385,7.152,0.8588,124.7606,1,7.1502,1,30.2469,657.5278,r2_measured_01332,update,measured,23.0949,13.9684,1,0.0087,12.6506,33.1047,ok,0.3849
477.4551,661,,,0.6369,,,,,,484.2755,r2_measured_01333,read,measured,,,,,5.7527,,ok,0.3608
380.6607,507,,,0.6961,,,,,,386.6182,r2_measured_01334,read,measured,,,,,4.8345,,ok,0.3682
428.753,568,,,0.8682,,,,,,437.4115,r2_measured_01335,read,measured,,,,,7.3494,,ok,0.3645
450.9086,416,307.2937,6.6539,0.4929,72.0118,1,6.6523,1,32.0885,453.7365,r2_measured_01336,update,measured,25.4346,2.8279,1,19.9239,1.9165,19.5907,ok,0.357
382.0618,509,,,0.6271,,,,,,392.7199,r2_measured_01337,read,measured,,,,,9.6084,,ok,0.3649
475.2673,688,,,0.7496,,,,,,480.7131,r2_measured_01338,read,measured,,,,,4.2426,,ok,0.3749
414.8997,566,,,0.6643,,,,,,418.7639,r2_measured_01339,read,measured,,,,,2.7642,,ok,0.3628
451.5048,625,,,0.7288,,,,,,457.2884,r2_measured_01340,read,measured,,,,,4.6266,,ok,0.3542
417.4281,567,,,0.6789,,,,,,425.3936,r2_measured_01341,read,measured,,,,,6.8727,,ok,0.3511
297.3412,419,,,0.2889,,,,,,299.9142,r2_measured_01342,read,measured,,,,,1.8753,,ok,0.3529
486.9064,675,,,0.713,,,,,,493.448,r2_measured_01343,read,measured,,,,,5.3943,,ok,0.3606
398.4092,567,,,0.6844,,,,,,402.1626,r2_measured_01344,read,measured,,,,,2.6212,,ok,0.3726
415.3909,568,,,0.7035,,,,,,422.2481,r2_measured_01345,read,measured,,,,,5.7136,,ok,0.3653
469.8785,689,,,0.9723,,,,,,513.62,r2_measured_01346,read,measured,,,,,42.2798,,ok,0.4046
256.0024,369,,,0.2574,,,,,,258.0263,r2_measured_01347,read,measured,,,,,1.3497,,ok,0.3621
486.9518,663,,,0.7797,,,,,,492.5403,r2_measured_01348,read,measured,,,,,4.2412,,ok,0.4836
508.1649,679,,,0.9063,,,,,,513.469,r2_measured_01349,read,measured,,,,,3.9626,,ok,0.3555
536.6587,688,,,0.7044,,,,,,541.6024,r2_measured_01350,read,measured,,,,,3.7893,,ok,0.3775
498.7085,663,,,0.814,,,,,,504.8692,r2_measured_01351,read,measured,,,,,4.9234,,ok,0.3549
511.9739,679,,,0.562,,,,,,523.0807,r2_measured_01352,read,measured,,,,,10.1234,,ok,0.3562
436.3784,566,,,0.7273,,,,,,441.0506,r2_measured_01353,read,measured,,,,,3.5293,,ok,0.3549
494.996,673,,,0.8595,,,,,,504.0222,r2_measured_01354,read,measured,,,,,7.7511,,ok,0.3482
531.4727,679,,,0.9471,,,,,,537.1607,r2_measured_01355,read,measured,,,,,4.3006,,ok,0.3685
284.1625,368,,,0.298,,,,,,286.8994,r2_measured_01356,read,measured,,,,,2.0024,,ok,0.3656
485.0227,675,,,0.7373,,,,,,494.2881,r2_measured_01357,read,measured,,,,,8.0948,,ok,0.3621
532.8613,686,,,0.5428,,,,,,539.9655,r2_measured_01358,read,measured,,,,,6.1254,,ok,0.3522
394.7977,509,,,0.7339,,,,,,405.5085,r2_measured_01359,read,measured,,,,,9.5604,,ok,0.3511
327.1278,419,,,0.6167,,,,,,329.5485,r2_measured_01360,read,measured,,,,,1.3934,,ok,0.3477
497.6552,674,,,0.5493,,,,,,505.7974,r2_measured_01361,read,measured,,,,,7.1921,,ok,0.3322
687.8112,661,477.1009,5.3082,0.7381,114.7077,1,5.3066,1,33.1759,694.0218,r2_measured_01362,update,measured,27.8677,6.2106,1,20.4687,4.9387,42.358,ok,0.4371
436.2542,628,,,1.0725,,,,,,442.2781,r2_measured_01363,read,measured,,,,,4.5409,,ok,0.3398
460.8867,688,,,1.2418,,,,,,470.8601,r2_measured_01364,read,measured,,,,,8.1746,,ok,0.4637
339.3187,509,,,0.7132,,,,,,344.2789,r2_measured_01365,read,measured,,,,,3.7685,,ok,0.4094
437.1198,662,,,0.8465,,,,,,441.8262,r2_measured_01366,read,measured,,,,,3.4101,,ok,0.3739
464.0175,679,,,0.6458,,,,,,473.7516,r2_measured_01367,read,measured,,,,,8.6041,,ok,0.3984
258.0428,369,,,0.2458,,,,,,259.6469,r2_measured_01368,read,measured,,,,,0.9635,,ok,0.3448
458.7521,680,,,1.0968,,,,,,470.056,r2_measured_01369,read,measured,,,,,9.7083,,ok,0.4156
335.1268,508,,,0.7636,,,,,,341.9986,r2_measured_01370,read,measured,,,,,5.683,,ok,0.3643
478.3676,681,,,0.8608,,,,,,487.0981,r2_measured_01371,read,measured,,,,,7.4531,,ok,0.35
271.6532,417,,,0.2945,,,,,,275.6526,r2_measured_01372,read,measured,,,,,3.2864,,ok,0.3593
410.5591,567,,,0.6887,,,,,,422.8419,r2_measured_01373,read,measured,,,,,11.1624,,ok,0.3595
429.2425,628,,,0.7222,,,,,,437.7004,r2_measured_01374,read,measured,,,,,7.2949,,ok,0.3755
451.8015,628,,,0.6429,,,,,,454.612,r2_measured_01375,read,measured,,,,,1.7611,,ok,0.3436
499.3749,681,,,0.727,,,,,,504.3048,r2_measured_01376,read,measured,,,,,3.7795,,ok,0.3542
268.3537,369,,,0.2674,,,,,,272.0853,r2_measured_01377,read,measured,,,,,3.043,,ok,0.3632
309.4531,418,,,0.2809,,,,,,311.9157,r2_measured_01378,read,measured,,,,,1.786,,ok,0.3452
417.1837,567,,,0.7715,,,,,,426.2482,r2_measured_01379,read,measured,,,,,7.8768,,ok,0.3444
319.8078,416,,,0.3062,,,,,,321.6134,r2_measured_01380,read,measured,,,,,1.0774,,ok,0.3565
429.9,624,,,0.842,,,,,,439.4954,r2_measured_01381,read,measured,,,,,8.3154,,ok,0.3641
513.3052,661,,,0.7304,,,,,,518.9214,r2_measured_01382,read,measured,,,,,4.4543,,ok,0.3538
517.3222,678,,,0.954,,,,,,525.407,r2_measured_01383,read,measured,,,,,6.7099,,ok,0.3421
491.2019,628,,,0.7887,,,,,,496.7495,r2_measured_01384,read,measured,,,,,4.2551,,ok,0.4354
514.4762,661,,,0.8808,,,,,,526.001,r2_measured_01385,read,measured,,,,,10.1829,,ok,0.3843
512.1573,673,,,1.4817,,,,,,519.9065,r2_measured_01386,read,measured,,,,,5.8194,,ok,0.3735
478.1617,628,,,0.6337,,,,,,487.8968,r2_measured_01387,read,measured,,,,,8.7111,,ok,0.3236
476.2926,673,,,0.6651,,,,,,486.9343,r2_measured_01388,read,measured,,,,,9.5381,,ok,0.3687
249.9632,369,,,0.2598,,,,,,252.951,r2_measured_01389,read,measured,,,,,2.3194,,ok,0.3512
503.5588,662,,,0.6035,,,,,,506.6064,r2_measured_01390,read,measured,,,,,1.9724,,ok,0.3786
376.7569,505,,,0.6966,,,,,,385.1845,r2_measured_01391,read,measured,,,,,7.213,,ok,0.4405
507.9066,688,,,1.2466,,,,,,515.1987,r2_measured_01392,read,measured,,,,,5.5968,,ok,0.3656
372.7647,508,,,0.6372,,,,,,380.0076,r2_measured_01393,read,measured,,,,,6.2053,,ok,0.335
478.3385,628,,,0.6893,,,,,,488.3936,r2_measured_01394,read,measured,,,,,8.8967,,ok,0.3892
516.8936,687,,,0.6106,,,,,,525.335,r2_measured_01395,read,measured,,,,,7.402,,ok,0.343
447.1938,568,,,0.6542,,,,,,457.4376,r2_measured_01396,read,measured,,,,,9.1504,,ok,0.3595
466.0079,629,,,0.9772,,,,,,473.8003,r2_measured_01397,read,measured,,,,,6.4013,,ok,0.3429
467.7819,628,,,1.3329,,,,,,475.6196,r2_measured_01398,read,measured,,,,,6.011,,ok,0.4137
436.5658,629,,,1.1224,,,,,,446.5726,r2_measured_01399,read,measured,,,,,8.3581,,ok,0.4217
456.6002,626,,,0.9975,,,,,,462.857,r2_measured_01400,read,measured,,,,,4.7637,,ok,0.4055
511.2613,688,,,0.8557,,,,,,520.8616,r2_measured_01401,read,measured,,,,,8.2411,,ok,0.4098
463.939,628,,,0.7899,,,,,,485.2335,r2_measured_01402,read,measured,,,,,20.0337,,ok,0.382
457.0627,629,,,1.315,,,,,,463.4252,r2_measured_01403,read,measured,,,,,4.5723,,ok,0.4024
377.1371,507,,,0.709,,,,,,385.2592,r2_measured_01404,read,measured,,,,,6.9397,,ok,0.3979
534.6387,679,,,0.7985,,,,,,555.2088,r2_measured_01405,read,measured,,,,,19.2092,,ok,0.4601
526.2549,689,,,1.4173,,,,,,542.9069,r2_measured_01406,read,measured,,,,,14.7175,,ok,0.4231
460.1738,628,,,0.781,,,,,,469.9841,r2_measured_01407,read,measured,,,,,8.545,,ok,0.3972
276.01,416,,,0.3386,,,,,,281.3624,r2_measured_01408,read,measured,,,,,4.5304,,ok,0.4089
531.0862,679,,,0.9623,,,,,,542.1094,r2_measured_01409,read,measured,,,,,9.6514,,ok,0.3406
320.5868,417,,,0.3474,,,,,,323.975,r2_measured_01410,read,measured,,,,,2.5643,,ok,0.4056
535.7274,688,,,1.0161,,,,,,542.7209,r2_measured_01411,read,measured,,,,,5.5424,,ok,0.3578
512.2622,662,,,0.9074,,,,,,519.9728,r2_measured_01412,read,measured,,,,,6.4034,,ok,0.3332
495.3132,628,,,0.8972,,,,,,507.3639,r2_measured_01413,read,measured,,,,,10.7203,,ok,0.3665
352.759,419,,,0.2788,,,,,,355.1565,r2_measured_01414,read,measured,,,,,1.7336,,ok,0.3328
522.5273,681,,,0.7175,,,,,,536.215,r2_measured_01415,read,measured,,,,,12.5208,,ok,0.3691
524.0807,679,,,0.9868,,,,,,529.4542,r2_measured_01416,read,measured,,,,,3.9331,,ok,0.3773
438.5352,568,,,0.7657,,,,,,444.668,r2_measured_01417,read,measured,,,,,4.9451,,ok,0.3525
512.9113,681,,,0.5809,,,,,,519.2443,r2_measured_01418,read,measured,,,,,5.3053,,ok,0.3745
519.1531,680,,,0.6895,,,,,,524.26,r2_measured_01419,read,measured,,,,,3.9875,,ok,0.3633
491.9638,675,,,1.0006,,,,,,500.141,r2_measured_01420,read,measured,,,,,6.7241,,ok,0.3752
369.5631,506,,,0.4617,,,,,,374.2761,r2_measured_01421,read,measured,,,,,3.8523,,ok,0.3377
509.0958,681,,,0.624,,,,,,521.2284,r2_measured_01422,read,measured,,,,,11.0765,,ok,0.3542
449.9896,419,286.3123,10.0744,0.2798,59.197,1,10.0725,1,42.8024,452.312,r2_measured_01423,update,measured,32.728,2.3224,1,43.5766,1.6349,18.1013,ok,0.3531
493.4357,677,,,0.6677,,,,,,500.5391,r2_measured_01424,read,measured,,,,,6.0103,,ok,0.3538
290.0452,416,,,0.3065,,,,,,292.5676,r2_measured_01425,read,measured,,,,,1.7715,,ok,0.3781
392.1457,567,,,0.5385,,,,,,394.7392,r2_measured_01426,read,measured,,,,,1.6119,,ok,0.3701
464.2196,688,,,0.8547,,,,,,470.5803,r2_measured_01427,read,measured,,,,,5.0764,,ok,0.3541
478.0721,663,,,0.8094,,,,,,483.1175,r2_measured_01428,read,measured,,,,,3.7942,,ok,0.3677
483.862,689,,,0.6177,,,,,,487.985,r2_measured_01429,read,measured,,,,,3.0652,,ok,0.3684
501.4185,679,,,0.9685,,,,,,503.8497,r2_measured_01430,read,measured,,,,,1.0294,,ok,0.3639
305.883,418,,,0.4304,,,,,,308.522,r2_measured_01431,read,measured,,,,,1.6795,,ok,0.4681
468.7993,681,,,0.9269,,,,,,477.039,r2_measured_01432,read,measured,,,,,6.9107,,ok,0.3368
485.7413,678,,,0.6139,,,,,,492.419,r2_measured_01433,read,measured,,,,,5.6353,,ok,0.3509
477.1567,679,,,0.7053,,,,,,486.7348,r2_measured_01434,read,measured,,,,,8.4757,,ok,0.3331
485.7554,688,,,0.8748,,,,,,498.2168,r2_measured_01435,read,measured,,,,,11.1113,,ok,0.3997
444.7802,660,,,0.5657,,,,,,451.1128,r2_measured_01436,read,measured,,,,,5.2594,,ok,0.4277
268.7333,369,,,0.2715,,,,,,270.7539,r2_measured_01437,read,measured,,,,,1.3227,,ok,0.3622
433.4446,628,,,1.21,,,,,,442.3778,r2_measured_01438,read,measured,,,,,7.2797,,ok,0.3741
336.6297,507,,,0.528,,,,,,344.7982,r2_measured_01439,read,measured,,,,,7.2476,,ok,0.335
495.1656,672,,,0.9896,,,,,,500.347,r2_measured_01440,read,measured,,,,,3.7492,,ok,0.3603
286.7674,419,,,0.2733,,,,,,290.2288,r2_measured_01441,read,measured,,,,,2.8044,,ok,0.3322
386.7915,507,,,0.7016,,,,,,396.7358,r2_measured_01442,read,measured,,,,,8.8449,,ok,0.3395
490.7313,679,,,0.8965,,,,,,495.1982,r2_measured_01443,read,measured,,,,,3.1348,,ok,0.3642
324.501,418,,,0.2836,,,,,,326.6514,r2_measured_01444,read,measured,,,,,1.471,,ok,0.3425
529.273,679,,,0.7109,,,,,,534.0628,r2_measured_01445,read,measured,,,,,3.6197,,ok,0.3653
325.1302,418,,,0.3095,,,,,,327.3381,r2_measured_01446,read,measured,,,,,1.4737,,ok,0.3655
518.2485,689,,,0.706,,,,,,523.3717,r2_measured_01447,read,measured,,,,,3.7695,,ok,0.5655
499.9785,688,,,0.6791,,,,,,506.7439,r2_measured_01448,read,measured,,,,,5.677,,ok,0.3425
409.5486,567,,,0.623,,,,,,418.9956,r2_measured_01449,read,measured,,,,,8.379,,ok,0.3689
280.5468,369,,,0.2586,,,,,,282.3754,r2_measured_01450,read,measured,,,,,1.1526,,ok,0.3612
309.4881,417,,,0.3014,,,,,,312.1775,r2_measured_01451,read,measured,,,,,1.9551,,ok,0.3699
496.6509,662,,,0.7213,,,,,,502.5124,r2_measured_01452,read,measured,,,,,4.621,,ok,0.4443
477.0919,662,,,0.7999,,,,,,492.7354,r2_measured_01453,read,measured,,,,,14.3992,,ok,0.3711
671.4974,680,497.2079,6.1418,0.5218,99.2814,1,6.1402,1,35.5616,678.9854,r2_measured_01454,update,measured,29.4198,7.488,1,12.4426,6.5604,27.0039,ok,0.3388
494.2758,679,,,0.5869,,,,,,504.0952,r2_measured_01455,read,measured,,,,,8.8159,,ok,0.3515
472.5607,661,,,1.179,,,,,,475.4319,r2_measured_01456,read,measured,,,,,1.2301,,ok,0.381
347.6225,509,,,0.8993,,,,,,356.4736,r2_measured_01457,read,measured,,,,,7.54,,ok,0.3538
475.5896,680,,,0.8473,,,,,,480.993,r2_measured_01458,read,measured,,,,,4.1075,,ok,0.3659
476.0376,679,,,0.7884,,,,,,484.1263,r2_measured_01459,read,measured,,,,,6.8451,,ok,0.3729
477.9982,673,,,0.6466,,,,,,484.3743,r2_measured_01460,read,measured,,,,,5.3265,,ok,0.3342
407.0062,568,,,0.7179,,,,,,413.1653,r2_measured_01461,read,measured,,,,,5.0081,,ok,0.366
479.8658,680,,,0.5834,,,,,,486.8829,r2_measured_01462,read,measured,,,,,6.0,,ok,0.3553
480.0789,674,,,0.7586,,,,,,485.2402,r2_measured_01463,read,measured,,,,,3.9927,,ok,0.344
290.6791,419,,,0.2818,,,,,,293.3781,r2_measured_01464,read,measured,,,,,2.0255,,ok,0.3365
517.5619,674,,,0.6866,,,,,,526.4116,r2_measured_01465,read,measured,,,,,7.6958,,ok,0.3676
535.6693,686,,,2.2434,,,,,,542.4903,r2_measured_01466,read,measured,,,,,4.0757,,ok,0.4249
516.4445,678,,,1.3123,,,,,,532.1464,r2_measured_01467,read,measured,,,,,13.6808,,ok,0.6394
409.149,508,,,0.8204,,,,,,416.2814,r2_measured_01468,read,measured,,,,,5.8734,,ok,0.365
265.8069,368,,,0.2457,,,,,,268.6218,r2_measured_01469,read,measured,,,,,2.1891,,ok,0.3289
493.6738,624,,,0.9754,,,,,,501.2928,r2_measured_01470,read,measured,,,,,6.2198,,ok,0.3547
420.9172,568,,,0.623,,,,,,431.4349,r2_measured_01471,read,measured,,,,,9.4798,,ok,0.3542
511.4153,681,,,1.3582,,,,,,519.4628,r2_measured_01472,read,measured,,,,,6.2166,,ok,0.3875
459.9146,568,,,0.6587,,,,,,474.2237,r2_measured_01473,read,measured,,,,,13.2249,,ok,0.3602
290.2589,368,,,0.2673,,,,,,293.8003,r2_measured_01474,read,measured,,,,,2.8601,,ok,0.3492
396.0681,508,,,1.6142,,,,,,410.1941,r2_measured_01475,read,measured,,,,,12.0635,,ok,0.3775
276.3906,369,,,0.3976,,,,,,279.7047,r2_measured_01476,read,measured,,,,,2.5225,,ok,0.3405
441.2641,568,,,0.6976,,,,,,448.721,r2_measured_01477,read,measured,,,,,5.9269,,ok,0.3769
502.3259,679,,,0.7312,,,,,,511.8564,r2_measured_01478,read,measured,,,,,8.3684,,ok,0.3537
467.2635,566,,,1.1662,,,,,,475.5032,r2_measured_01479,read,measured,,,,,6.6772,,ok,0.3376
443.8284,568,,,0.5938,,,,,,457.9368,r2_measured_01480,read,measured,,,,,13.0531,,ok,0.3907
316.1915,419,,,0.3391,,,,,,318.313,r2_measured_01481,read,measured,,,,,1.329,,ok,0.3753
474.5287,661,,,0.6856,,,,,,483.0505,r2_measured_01482,read,measured,,,,,7.3397,,ok,0.407
293.6076,418,,,0.5536,,,,,,295.9382,r2_measured_01483,read,measured,,,,,1.3888,,ok,0.3351
488.5463,678,,,1.2667,,,,,,499.1964,r2_measured_01484,read,measured,,,,,8.9007,,ok,0.389
253.1824,368,,,0.2771,,,,,,255.1411,r2_measured_01485,read,measured,,,,,1.2834,,ok,0.3419
362.3211,567,,,0.5573,,,,,,368.6114,r2_measured_01486,read,measured,,,,,5.0916,,ok,0.5477
486.8436,679,,,0.6971,,,,,,495.8687,r2_measured_01487,read,measured,,,,,7.8821,,ok,0.3746
462.7331,681,,,0.9312,,,,,,468.1396,r2_measured_01488,read,measured,,,,,4.0028,,ok,0.3885
500.0349,679,,,0.8305,,,,,,509.4325,r2_measured_01489,read,measured,,,,,8.0583,,ok,0.4323
280.4777,416,,,0.3778,,,,,,283.648,r2_measured_01490,read,measured,,,,,2.2872,,ok,0.4312
434.4567,625,,,0.5853,,,,,,443.5693,r2_measured_01491,read,measured,,,,,8.083,,ok,0.3704
390.6328,568,,,0.8489,,,,,,397.2902,r2_measured_01492,read,measured,,,,,5.3808,,ok,0.3555
473.8953,673,,,0.7406,,,,,,479.3537,r2_measured_01493,read,measured,,,,,4.2382,,ok,0.3844
472.8727,680,,,0.7425,,,,,,480.2941,r2_measured_01494,read,measured,,,,,6.2323,,ok,0.3633
448.0917,663,,,0.7427,,,,,,456.1893,r2_measured_01495,read,measured,,,,,6.9154,,ok,0.3608
448.6152,662,,,0.9399,,,,,,458.1982,r2_measured_01496,read,measured,,,,,8.2185,,ok,0.3557
286.3764,418,,,0.4806,,,,,,288.97,r2_measured_01497,read,measured,,,,,1.6855,,ok,0.372
428.641,624,,,1.4775,,,,,,437.6916,r2_measured_01498,read,measured,,,,,7.1557,,ok,0.3472
482.807,688,,,0.6217,,,,,,487.8112,r2_measured_01499,read,measured,,,,,3.9302,,ok,0.3711
440.6187,628,,,0.9904,,,,,,473.4624,r2_measured_01500,read,measured,,,,,31.4362,,ok,0.3259
507.2639,680,,,0.8017,,,,,,511.8093,r2_measured_01501,read,measured,,,,,3.2737,,ok,0.3872
309.1997,419,,,0.2973,,,,,,310.974,r2_measured_01502,read,measured,,,,,1.0823,,ok,0.3422
420.8002,508,,,0.5001,,,,,,427.9301,r2_measured_01503,read,measured,,,,,6.1841,,ok,0.3753
528.4774,679,,,1.3335,,,,,,540.1625,r2_measured_01504,read,measured,,,,,9.9415,,ok,0.3421
516.6618,679,,,1.3254,,,,,,529.2978,r2_measured_01505,read,measured,,,,,10.7437,,ok,0.4906
475.1282,628,,,0.9493,,,,,,481.5196,r2_measured_01506,read,measured,,,,,4.9985,,ok,0.366
505.1719,688,,,0.5469,,,,,,510.2682,r2_measured_01507,read,measured,,,,,4.1443,,ok,0.3374
396.6976,508,,,0.8663,,,,,,403.1241,r2_measured_01508,read,measured,,,,,5.1207,,ok,0.3679
508.3919,661,,,0.6191,,,,,,511.5982,r2_measured_01509,read,measured,,,,,2.1889,,ok,0.3353
515.9622,688,,,0.8347,,,,,,526.7037,r2_measured_01510,read,measured,,,,,9.4586,,ok,0.3722
414.0548,567,,,0.4841,,,,,,421.5001,r2_measured_01511,read,measured,,,,,6.5835,,ok,0.3212
303.0014,417,,,0.278,,,,,,304.5243,r2_measured_01512,read,measured,,,,,0.8411,,ok,0.345
501.895,673,,,0.9965,,,,,,513.1105,r2_measured_01513,read,measured,,,,,9.7955,,ok,0.3429
493.316,689,,,0.804,,,,,,500.3505,r2_measured_01514,read,measured,,,,,5.7814,,ok,0.363
401.5778,509,,,0.7404,,,,,,411.5823,r2_measured_01515,read,measured,,,,,8.848,,ok,0.3517
496.5018,508,339.0772,5.1929,0.4631,75.1601,1,5.1911,1,35.3429,502.7617,r2_measured_01516,update,measured,30.15,6.2599,1,19.4817,5.3945,27.4399,ok,0.3419
421.8331,625,,,1.0125,,,,,,427.2229,r2_measured_01517,read,measured,,,,,3.9449,,ok,0.365
461.8186,679,,,0.9284,,,,,,470.5095,r2_measured_01518,read,measured,,,,,7.3307,,ok,0.3609
339.9057,509,,,0.4522,,,,,,345.2612,r2_measured_01519,read,measured,,,,,4.4982,,ok,0.336
459.4384,627,,,0.9225,,,,,,469.4752,r2_measured_01520,read,measured,,,,,8.6789,,ok,0.3586
405.9836,568,,,0.9003,,,,,,413.5556,r2_measured_01521,read,measured,,,,,6.228,,ok,0.3626
426.7382,628,,,1.08,,,,,,431.0717,r2_measured_01522,read,measured,,,,,2.7925,,ok,0.3901
506.4309,687,,,1.0081,,,,,,511.9472,r2_measured_01523,read,measured,,,,,4.0205,,ok,0.4031
467.5524,689,,,1.3224,,,,,,474.5792,r2_measured_01524,read,measured,,,,,5.2511,,ok,0.3749
288.6977,416,,,0.3874,,,,,,291.4994,r2_measured_01525,read,measured,,,,,2.0061,,ok,0.3421
414.7945,566,,,0.5928,,,,,,420.223,r2_measured_01526,read,measured,,,,,4.3869,,ok,0.3688
504.4121,688,,,0.7243,,,,,,512.5793,r2_measured_01527,read,measured,,,,,7.0654,,ok,0.3127
458.4328,628,,,1.2813,,,,,,466.9387,r2_measured_01528,read,measured,,,,,6.8218,,ok,0.337
296.3283,418,,,0.3326,,,,,,299.3692,r2_measured_01529,read,measured,,,,,2.2236,,ok,0.4197
504.7697,679,,,0.772,,,,,,513.3521,r2_measured_01530,read,measured,,,,,7.3726,,ok,0.357
527.7449,688,,,0.9522,,,,,,534.6979,r2_measured_01531,read,measured,,,,,5.5587,,ok,0.3606
264.9789,368,,,0.2605,,,,,,269.7893,r2_measured_01532,read,measured,,,,,4.1655,,ok,0.3314
314.3266,419,,,0.2806,,,,,,316.0639,r2_measured_01533,read,measured,,,,,1.0593,,ok,0.3398
511.008,662,,,0.6844,,,,,,523.414,r2_measured_01534,read,measured,,,,,11.0983,,ok,0.5127
416.6606,507,,,0.6696,,,,,,430.8556,r2_measured_01535,read,measured,,,,,13.0744,,ok,0.3846
448.5086,567,,,1.5218,,,,,,456.7623,r2_measured_01536,read,measured,,,,,6.242,,ok,0.3994
610.8016,678,,,0.639,,,,,,615.6211,r2_measured_01537,read,measured,,,,,3.2904,,ok,0.802
532.0111,565,,,0.6165,,,,,,540.0207,r2_measured_01538,read,measured,,,,,7.0064,,ok,0.3296
519.085,567,,,0.8129,,,,,,523.4858,r2_measured_01539,read,measured,,,,,3.2156,,ok,0.3096
321.4544,419,,,0.2935,,,,,,323.6215,r2_measured_01540,read,measured,,,,,1.4297,,ok,0.3605
558.9094,624,,,0.9573,,,,,,569.8129,r2_measured_01541,read,measured,,,,,9.5305,,ok,0.3463
609.3852,675,,,8.4084,,,,,,650.2148,r2_measured_01542,read,measured,,,,,31.5912,,ok,0.4257
579.8046,687,,,1.2646,,,,,,586.7322,r2_measured_01543,read,measured,,,,,5.2165,,ok,0.3665
633.3041,672,,,1.2364,,,,,,640.7001,r2_measured_01544,read,measured,,,,,5.7389,,ok,0.3565
627.5374,681,,,1.0488,,,,,,631.8149,r2_measured_01545,read,measured,,,,,2.7177,,ok,0.4136
642.1585,679,,,0.8938,,,,,,649.7786,r2_measured_01546,read,measured,,,,,6.3175,,ok,0.3413
750.5152,627,576.8009,5.2599,0.8864,96.2809,0,5.2586,1,44.523,763.1814,r2_measured_01547,update,measured,39.2631,12.6662,1,0.0125,11.2543,32.8979,ok,0.4444
330.9344,369,,,0.5656,,,,,,332.5416,r2_measured_01548,read,measured,,,,,0.6133,,ok,0.3683
416.696,416,,,0.3022,,,,,,418.3136,r2_measured_01549,read,measured,,,,,0.9071,,ok,0.3493
338.7168,368,,,0.2618,,,,,,340.5341,r2_measured_01550,read,measured,,,,,1.1338,,ok,0.3627
599.0452,680,,,1.7859,,,,,,605.5897,r2_measured_01551,read,measured,,,,,4.3754,,ok,0.3221
579.4821,679,,,1.1024,,,,,,588.553,r2_measured_01552,read,measured,,,,,7.5626,,ok,0.3357
747.0376,680,509.977,9.409,0.7224,104.0005,1,9.4072,1,39.5721,757.0367,r2_measured_01553,update,measured,30.1631,9.9991,1,19.2527,8.8441,74.2353,ok,0.3631
470.2549,626,,,0.5594,,,,,,474.8172,r2_measured_01554,read,measured,,,,,3.5946,,ok,0.3445
385.8244,506,,,0.8965,,,,,,400.3974,r2_measured_01555,read,measured,,,,,13.1634,,ok,0.4293
529.764,661,,,0.7157,,,,,,533.9814,r2_measured_01556,read,measured,,,,,3.0688,,ok,0.3586
509.3953,661,,,0.7792,,,,,,520.3365,r2_measured_01557,read,measured,,,,,9.7156,,ok,0.3683
686.071,626,467.0951,9.2936,0.7498,107.0768,1,9.292,1,48.0942,692.0933,r2_measured_01558,update,measured,38.8006,6.0223,1,24.2479,4.8585,39.557,ok,0.3464
531.8922,688,,,0.7178,,,,,,538.3978,r2_measured_01559,read,measured,,,,,5.3604,,ok,0.3539
502.764,626,,,0.6105,,,,,,508.8415,r2_measured_01560,read,measured,,,,,5.0229,,ok,0.3698
265.6904,368,,,0.2548,,,,,,268.1943,r2_measured_01561,read,measured,,,,,1.836,,ok,0.3524
483.0306,660,,,0.8602,,,,,,487.3423,r2_measured_01562,read,measured,,,,,3.0304,,ok,0.353
362.9134,369,259.6204,5.4002,0.2766,50.6896,0,5.3983,1,33.6207,365.7824,r2_measured_01563,update,measured,28.2205,2.869,1,0.0057,2.1802,18.977,ok,0.3521
473.4375,629,,,0.5412,,,,,,480.0546,r2_measured_01564,read,measured,,,,,5.6261,,ok,0.3804
485.4446,689,,,0.8287,,,,,,492.0421,r2_measured_01565,read,measured,,,,,5.3409,,ok,0.348
400.315,567,,,0.5366,,,,,,409.3946,r2_measured_01566,read,measured,,,,,8.1431,,ok,0.338
467.1717,680,,,0.8562,,,,,,473.1001,r2_measured_01567,read,measured,,,,,4.6307,,ok,0.3618
288.0627,418,,,0.2868,,,,,,289.5877,r2_measured_01568,read,measured,,,,,0.8354,,ok,0.3497
458.4843,679,,,0.5906,,,,,,466.6456,r2_measured_01569,read,measured,,,,,7.1358,,ok,0.3594
474.5305,679,,,1.0065,,,,,,488.0781,r2_measured_01570,read,measured,,,,,12.1312,,ok,0.3382
464.6597,681,,,0.9713,,,,,,472.5495,r2_measured_01571,read,measured,,,,,6.5159,,ok,0.3278
474.7811,677,,,1.4708,,,,,,482.6479,r2_measured_01572,read,measured,,,,,5.9527,,ok,0.362
499.1514,679,,,0.7345,,,,,,511.0907,r2_measured_01573,read,measured,,,,,10.7493,,ok,0.3789
466.2453,688,,,0.8441,,,,,,474.9536,r2_measured_01574,read,measured,,,,,7.4613,,ok,0.3319
450.1108,679,,,0.6925,,,,,,458.106,r2_measured_01575,read,measured,,,,,6.8878,,ok,0.3412
484.302,680,,,0.923,,,,,,498.7606,r2_measured_01576,read,measured,,,,,13.0214,,ok,0.4176
266.0868,368,,,0.2477,,,,,,270.4652,r2_measured_01577,read,measured,,,,,3.7695,,ok,0.3105
537.9158,679,,,0.5749,,,,,,544.0299,r2_measured_01578,read,measured,,,,,5.006,,ok,0.4593
518.8637,681,,,1.0233,,,,,,523.6321,r2_measured_01579,read,measured,,,,,3.2881,,ok,0.3825
521.5326,680,,,1.3949,,,,,,530.4967,r2_measured_01580,read,measured,,,,,7.1783,,ok,0.3271
540.4665,687,,,1.0263,,,,,,554.4415,r2_measured_01581,read,measured,,,,,12.3381,,ok,0.5384
415.5823,509,,,0.7032,,,,,,424.7341,r2_measured_01582,read,measured,,,,,7.9578,,ok,0.419
432.6454,509,,,0.4542,,,,,,437.8798,r2_measured_01583,read,measured,,,,,4.3898,,ok,0.3373
408.8254,504,,,0.6531,,,,,,415.1938,r2_measured_01584,read,measured,,,,,5.3166,,ok,0.3348
361.5528,419,,,0.2823,,,,,,364.7877,r2_measured_01585,read,measured,,,,,2.5912,,ok,0.3103
513.7779,661,,,0.8274,,,,,,523.4541,r2_measured_01586,read,measured,,,,,8.3921,,ok,0.3736
538.804,689,,,1.2854,,,,,,547.0658,r2_measured_01587,read,measured,,,,,6.4747,,ok,0.4144
524.3972,681,,,0.9735,,,,,,536.1161,r2_measured_01588,read,measured,,,,,10.2722,,ok,0.3861
546.7844,679,,,0.8434,,,,,,560.9191,r2_measured_01589,read,measured,,,,,12.8043,,ok,0.4058
529.3069,678,,,1.2764,,,,,,539.4181,r2_measured_01590,read,measured,,,,,8.3374,,ok,0.4052
733.9329,674,513.8273,5.8416,1.1315,111.6554,1,5.8399,1,34.4374,741.0671,r2_measured_01591,update,measured,28.5958,7.1342,1,35.3251,5.5702,38.6877,ok,0.3659
545.0221,628,,,0.8747,,,,,,557.4077,r2_measured_01592,read,measured,,,,,10.9928,,ok,0.429
557.9315,688,,,0.9889,,,,,,566.4115,r2_measured_01593,read,measured,,,,,7.0262,,ok,0.3847
480.2287,626,,,1.1039,,,,,,491.4787,r2_measured_01594,read,measured,,,,,9.6477,,ok,0.4135
498.0137,662,,,0.665,,,,,,504.5614,r2_measured_01595,read,measured,,,,,5.433,,ok,0.37
524.1068,680,,,0.8149,,,,,,529.7235,r2_measured_01596,read,measured,,,,,4.361,,ok,0.3685
373.2093,507,,,0.7632,,,,,,380.4566,r2_measured_01597,read,measured,,,,,6.0127,,ok,0.4009
529.6832,679,,,0.775,,,,,,540.0005,r2_measured_01598,read,measured,,,,,9.1362,,ok,0.3367
480.5953,628,,,0.6684,,,,,,484.9894,r2_measured_01599,read,measured,,,,,3.283,,ok,0.3732
521.3525,681,,,1.1855,,,,,,532.0214,r2_measured_01600,read,measured,,,,,9.0204,,ok,0.3894
476.3808,628,,,0.6074,,,,,,481.6587,r2_measured_01601,read,measured,,,,,4.2647,,ok,0.3442
418.3362,509,,,0.5609,,,,,,423.5266,r2_measured_01602,read,measured,,,,,4.197,,ok,0.3592
515.8376,681,,,0.6459,,,,,,520.3298,r2_measured_01603,read,measured,,,,,3.4025,,ok,0.3634
519.9038,679,,,0.6091,,,,,,533.8629,r2_measured_01604,read,measured,,,,,12.9492,,ok,0.3354
489.2731,661,,,1.0913,,,,,,497.1529,r2_measured_01605,read,measured,,,,,6.3687,,ok,0.3534
469.8786,661,,,0.6364,,,,,,478.537,r2_measured_01606,read,measured,,,,,5.7208,,ok,2.2238
487.2369,662,,,0.5657,,,,,,494.615,r2_measured_01607,read,measured,,,,,6.4085,,ok,0.3417
466.7203,661,,,0.5426,,,,,,476.2015,r2_measured_01608,read,measured,,,,,8.5158,,ok,0.3432
535.9261,673,,,0.9993,,,,,,549.0009,r2_measured_01609,read,measured,,,,,11.4433,,ok,0.5207
257.0945,369,,,0.2825,,,,,,259.1813,r2_measured_01610,read,measured,,,,,1.3704,,ok,0.3697
525.8063,675,,,0.5912,,,,,,529.4523,r2_measured_01611,read,measured,,,,,2.5937,,ok,0.3901
536.5921,688,,,0.7705,,,,,,544.3777,r2_measured_01612,read,measured,,,,,6.6043,,ok,0.3468
526.4285,661,,,0.5209,,,,,,537.202,r2_measured_01613,read,measured,,,,,9.8443,,ok,0.3386
273.6267,419,,,0.2879,,,,,,275.9164,r2_measured_01614,read,measured,,,,,1.601,,ok,0.3449
537.8271,680,,,0.8834,,,,,,550.8303,r2_measured_01615,read,measured,,,,,11.7047,,ok,0.3479
527.0212,678,,,1.0194,,,,,,537.214,r2_measured_01616,read,measured,,,,,8.7712,,ok,0.3317
520.9898,675,,,0.5593,,,,,,526.0356,r2_measured_01617,read,measured,,,,,4.072,,ok,0.3488
410.9457,506,,,0.5976,,,,,,422.9176,r2_measured_01618,read,measured,,,,,10.9884,,ok,0.3298
521.5403,674,,,0.7478,,,,,,529.153,r2_measured_01619,read,measured,,,,,6.4416,,ok,0.3389
531.544,679,,,0.9475,,,,,,542.0406,r2_measured_01620,read,measured,,,,,9.1117,,ok,0.3672
551.1648,688,,,0.6682,,,,,,558.1792,r2_measured_01621,read,measured,,,,,5.9305,,ok,0.3492
545.7568,674,,,1.4553,,,,,,569.805,r2_measured_01622,read,measured,,,,,21.0583,,ok,0.7318
599.9316,680,,,0.9034,,,,,,608.7388,r2_measured_01623,read,measured,,,,,7.5249,,ok,0.3163
450.0404,565,,,0.6203,,,,,,452.7406,r2_measured_01624,read,measured,,,,,1.6605,,ok,0.3574
403.5791,509,,,0.6262,,,,,,411.9573,r2_measured_01625,read,measured,,,,,7.2973,,ok,0.384
505.9019,419,327.1481,5.22,0.5925,67.9077,1,5.2182,1,64.1129,511.3018,r2_measured_01626,update,measured,58.8929,5.3999,1,19.2461,4.2223,27.4871,ok,0.4997
559.1674,680,,,1.0773,,,,,,565.1572,r2_measured_01627,read,measured,,,,,4.5145,,ok,0.329
323.0911,508,,,0.7576,,,,,,328.1639,r2_measured_01628,read,measured,,,,,3.9357,,ok,0.3267
544.3318,681,,,1.0902,,,,,,553.297,r2_measured_01629,read,measured,,,,,7.4801,,ok,0.3213
548.0855,688,,,0.5553,,,,,,551.9173,r2_measured_01630,read,measured,,,,,2.8814,,ok,0.3263
547.8412,681,,,0.5842,,,,,,559.0438,r2_measured_01631,read,measured,,,,,10.223,,ok,0.3294
395.6895,509,,,0.9263,,,,,,408.4469,r2_measured_01632,read,measured,,,,,11.0826,,ok,0.6208
539.374,672,,,2.1593,,,,,,551.0434,r2_measured_01633,read,measured,,,,,8.4651,,ok,0.8901
519.4293,662,,,0.928,,,,,,523.8108,r2_measured_01634,read,measured,,,,,3.0459,,ok,0.3433
355.0827,417,,,0.2811,,,,,,358.8952,r2_measured_01635,read,measured,,,,,3.1441,,ok,0.3399
599.7277,680,,,0.5959,,,,,,607.7687,r2_measured_01636,read,measured,,,,,7.0147,,ok,0.3588
511.695,566,,,0.7993,,,,,,518.701,r2_measured_01637,read,measured,,,,,5.7778,,ok,0.3564
560.3473,661,,,0.6058,,,,,,567.6107,r2_measured_01638,read,measured,,,,,6.1991,,ok,0.3765
600.6409,681,,,1.1302,,,,,,605.8417,r2_measured_01639,read,measured,,,,,3.6452,,ok,0.3471
717.8413,674,493.8953,5.6166,0.9496,120.7724,1,5.615,1,54.5254,722.1385,r2_measured_01640,update,measured,48.9088,4.2972,1,23.4461,2.9592,25.2021,ok,0.3281
559.5411,678,,,0.7672,,,,,,565.3452,r2_measured_01641,read,measured,,,,,4.6111,,ok,0.3548
344.5753,368,,,0.2703,,,,,,346.8749,r2_measured_01642,read,measured,,,,,1.6203,,ok,0.3458
654.7762,626,477.5534,4.7067,1.3346,98.9956,0,4.7052,1,51.9256,659.2738,r2_measured_01643,update,measured,47.2189,4.4976,1,0.0076,2.6963,26.294,ok,0.3915
517.1926,674,,,0.8476,,,,,,528.2378,r2_measured_01644,read,measured,,,,,9.7746,,ok,0.355
410.5103,508,,,0.5898,,,,,,417.8891,r2_measured_01645,read,measured,,,,,6.3388,,ok,0.3878
445.6511,568,,,1.8532,,,,,,452.8713,r2_measured_01646,read,measured,,,,,4.9564,,ok,0.3372
532.8601,679,,,0.9391,,,,,,540.3803,r2_measured_01647,read,measured,,,,,6.1248,,ok,0.379
463.3646,628,,,0.481,,,,,,470.0097,r2_measured_01648,read,measured,,,,,5.7605,,ok,0.3431
443.3247,419,306.1245,5.7789,0.2608,68.1445,1,5.7774,1,39.6347,445.9133,r2_measured_01649,update,measured,33.8558,2.5886,1,0.0096,1.9446,29.4114,ok,0.3323
445.1983,566,,,0.5125,,,,,,453.7822,r2_measured_01650,read,measured,,,,,7.6579,,ok,0.3553
363.4682,508,,,0.6351,,,,,,369.3969,r2_measured_01651,read,measured,,,,,4.5177,,ok,0.6917
299.0159,416,,,0.2658,,,,,,300.5795,r2_measured_01652,read,measured,,,,,0.9237,,ok,0.3254
465.6392,679,,,0.7333,,,,,,470.7672,r2_measured_01653,read,measured,,,,,3.955,,ok,0.3657
441.2019,628,,,0.6092,,,,,,453.3444,r2_measured_01654,read,measured,,,,,11.1078,,ok,0.3557
347.5882,508,,,0.6546,,,,,,351.2199,r2_measured_01655,read,measured,,,,,2.5377,,ok,0.368
447.4219,626,,,0.5269,,,,,,451.5378,r2_measured_01656,read,measured,,,,,3.1487,,ok,0.3537
296.6216,416,,,0.2768,,,,,,299.2443,r2_measured_01657,read,measured,,,,,1.9605,,ok,0.3314
482.7359,679,,,1.8006,,,,,,519.7799,r2_measured_01658,read,measured,,,,,34.8114,,ok,0.342
465.2884,629,,,3.5047,,,,,,478.9896,r2_measured_01659,read,measured,,,,,9.8092,,ok,0.323
526.4954,674,,,0.8769,,,,,,536.51,r2_measured_01660,read,measured,,,,,8.5208,,ok,0.5115
285.0006,418,,,0.2972,,,,,,286.6503,r2_measured_01661,read,measured,,,,,0.9515,,ok,0.3427
283.0415,419,,,0.3415,,,,,,286.7951,r2_measured_01662,read,measured,,,,,3.0009,,ok,0.357
516.48,660,,,0.8396,,,,,,547.9435,r2_measured_01663,read,measured,,,,,27.8395,,ok,2.6779
347.1933,507,,,0.5886,,,,,,352.3923,r2_measured_01664,read,measured,,,,,4.1958,,ok,0.3549
252.8098,369,,,0.257,,,,,,256.8659,r2_measured_01665,read,measured,,,,,3.3869,,ok,0.3636
352.8577,508,,,0.5368,,,,,,362.387,r2_measured_01666,read,measured,,,,,8.4531,,ok,0.4524
383.8225,508,,,0.8314,,,,,,394.5483,r2_measured_01667,read,measured,,,,,9.5374,,ok,0.3053
405.3762,504,,,1.8009,,,,,,415.2682,r2_measured_01668,read,measured,,,,,7.3753,,ok,0.5989
544.8579,679,,,1.1507,,,,,,551.0128,r2_measured_01669,read,measured,,,,,4.5789,,ok,0.3457
521.92,680,,,0.9514,,,,,,530.0126,r2_measured_01670,read,measured,,,,,6.7147,,ok,0.3437
430.2641,509,,,0.7572,,,,,,433.7634,r2_measured_01671,read,measured,,,,,2.3038,,ok,0.3746
578.8246,680,,,0.6505,,,,,,586.9077,r2_measured_01672,read,measured,,,,,7.0168,,ok,0.3468
518.2986,663,,,0.9474,,,,,,541.6453,r2_measured_01673,read,measured,,,,,21.9441,,ok,0.3645
362.0458,419,,,0.2865,,,,,,364.3065,r2_measured_01674,read,measured,,,,,1.5632,,ok,0.3552
334.0517,419,,,0.2937,,,,,,336.8983,r2_measured_01675,read,measured,,,,,2.1434,,ok,0.3513
554.9434,675,,,0.6246,,,,,,562.7644,r2_measured_01676,read,measured,,,,,6.7655,,ok,0.3571
511.9198,628,,,0.5757,,,,,,520.6645,r2_measured_01677,read,measured,,,,,7.7259,,ok,0.3737
725.4914,663,516.2209,4.7365,0.6817,149.9914,1,4.7348,1,24.5322,735.9242,r2_measured_01678,update,measured,19.7957,10.4328,1,0.006,9.2789,34.7409,ok,0.3806
577.6263,680,,,0.6352,,,,,,583.6324,r2_measured_01679,read,measured,,,,,4.9684,,ok,0.3262
739.5638,663,530.2409,6.2082,0.5817,97.5843,1,6.2068,1,35.4209,742.8868,r2_measured_01680,update,measured,29.2127,3.323,1,41.6629,2.3094,34.6548,ok,0.3596
330.0048,417,,,0.3235,,,,,,332.3461,r2_measured_01681,read,measured,,,,,1.5675,,ok,0.3814
546.0681,679,,,2.2155,,,,,,560.733,r2_measured_01682,read,measured,,,,,11.9797,,ok,0.3903
532.6079,661,,,2.1895,,,,,,547.8619,r2_measured_01683,read,measured,,,,,12.6236,,ok,0.3621
510.44,680,,,0.6959,,,,,,520.1201,r2_measured_01684,read,measured,,,,,8.5239,,ok,0.3778
541.6297,679,,,0.8473,,,,,,548.6077,r2_measured_01685,read,measured,,,,,5.6673,,ok,0.3791
532.3552,681,,,1.2784,,,,,,538.1973,r2_measured_01686,read,measured,,,,,4.1009,,ok,0.3833
291.9128,369,,,0.2611,,,,,,293.5762,r2_measured_01687,read,measured,,,,,0.9841,,ok,0.3573
532.6593,678,,,0.6856,,,,,,536.9374,r2_measured_01688,read,measured,,,,,2.9826,,ok,0.4872
676.3543,627,495.5007,6.1853,0.6171,96.1165,1,6.1836,1,35.0858,684.2201,r2_measured_01689,update,measured,28.9005,7.8658,1,21.514,6.8298,28.1373,ok,0.3535
349.932,419,,,0.3433,,,,,,352.7931,r2_measured_01690,read,measured,,,,,2.0816,,ok,0.3723
515.11,679,,,0.7948,,,,,,530.7086,r2_measured_01691,read,measured,,,,,14.3975,,ok,0.3394
522.5804,679,,,2.064,,,,,,530.9452,r2_measured_01692,read,measured,,,,,5.8613,,ok,0.3664
519.7211,677,,,1.0208,,,,,,526.228,r2_measured_01693,read,measured,,,,,5.0458,,ok,0.3695
509.5901,661,,,1.5074,,,,,,520.7963,r2_measured_01694,read,measured,,,,,9.2684,,ok,0.3572
523.3922,677,,,0.8829,,,,,,528.3524,r2_measured_01695,read,measured,,,,,3.637,,ok,0.3577
488.7564,662,,,0.6462,,,,,,495.6065,r2_measured_01696,read,measured,,,,,5.7652,,ok,0.3568
532.3208,674,,,0.7715,,,,,,540.7076,r2_measured_01697,read,measured,,,,,7.1877,,ok,0.3568
317.4218,416,,,0.2869,,,,,,320.4497,r2_measured_01698,read,measured,,,,,2.3262,,ok,0.3596
506.9754,678,,,0.5576,,,,,,515.3531,r2_measured_01699,read,measured,,,,,7.4211,,ok,0.3346
514.7944,677,,,0.8303,,,,,,530.1722,r2_measured_01700,read,measured,,,,,13.9702,,ok,0.4929
550.7154,675,,,1.1925,,,,,,556.8448,r2_measured_01701,read,measured,,,,,4.502,,ok,0.3638
471.6937,628,,,0.6931,,,,,,479.8715,r2_measured_01702,read,measured,,,,,7.0872,,ok,0.329
394.7867,508,,,0.6465,,,,,,407.9379,r2_measured_01703,read,measured,,,,,12.0625,,ok,0.3659
510.8104,681,,,0.999,,,,,,521.8532,r2_measured_01704,read,measured,,,,,9.6279,,ok,0.3463
529.0589,509,373.2367,7.3145,0.6126,81.412,0,7.3128,1,33.189,544.0069,r2_measured_01705,update,measured,25.8745,14.948,1,16.7988,13.9182,24.4224,ok,0.3473
500.3344,680,,,0.646,,,,,,506.4823,r2_measured_01706,read,measured,,,,,5.0513,,ok,0.3762
485.5478,661,,,0.6369,,,,,,493.771,r2_measured_01707,read,measured,,,,,7.1768,,ok,0.3438
479.2925,627,,,0.694,,,,,,487.0661,r2_measured_01708,read,measured,,,,,6.5717,,ok,0.4417
467.8715,661,,,0.5842,,,,,,481.4635,r2_measured_01709,read,measured,,,,,12.6049,,ok,0.3398
466.3156,628,,,1.0777,,,,,,470.8877,r2_measured_01710,read,measured,,,,,3.0933,,ok,0.342
527.9474,678,,,0.9138,,,,,,540.2394,r2_measured_01711,read,measured,,,,,10.9868,,ok,0.3224
704.1568,680,508.3003,7.9349,1.195,117.2866,1,7.9335,1,33.2765,715.9509,r2_measured_01712,update,measured,25.3416,11.7941,1,13.8893,10.1572,31.4041,ok,0.3649
442.6817,568,,,0.6792,,,,,,448.753,r2_measured_01713,read,measured,,,,,5.0031,,ok,0.3332
513.0207,681,,,1.2332,,,,,,522.6056,r2_measured_01714,read,measured,,,,,7.7654,,ok,0.4832
545.0143,680,,,0.8353,,,,,,549.9826,r2_measured_01715,read,measured,,,,,3.7247,,ok,0.3426
327.7638,416,,,0.3085,,,,,,329.3742,r2_measured_01716,read,measured,,,,,0.8659,,ok,0.3782
382.3175,507,,,1.1332,,,,,,388.2793,r2_measured_01717,read,measured,,,,,4.4314,,ok,0.3331
529.9169,689,,,0.7024,,,,,,540.7886,r2_measured_01718,read,measured,,,,,9.7421,,ok,0.3508
497.1052,674,,,1.913,,,,,,505.9076,r2_measured_01719,read,measured,,,,,6.4003,,ok,0.411
390.6167,509,,,1.1728,,,,,,401.2125,r2_measured_01720,read,measured,,,,,8.8708,,ok,0.4702
448.0259,567,,,0.8399,,,,,,452.5805,r2_measured_01721,read,measured,,,,,3.2801,,ok,0.3597
530.9034,675,,,0.6499,,,,,,536.642,r2_measured_01722,read,measured,,,,,4.6608,,ok,0.3531
530.1439,663,,,0.583,,,,,,540.4615,r2_measured_01723,read,measured,,,,,9.3044,,ok,0.3609
677.1443,680,522.1493,5.909,1.9707,93.8344,1,5.9075,1,26.7797,684.726,r2_measured_01724,update,measured,20.8707,7.5817,1,0.0051,5.2135,34.3758,ok,0.3288
454.049,567,,,0.7118,,,,,,462.7631,r2_measured_01725,read,measured,,,,,7.5494,,ok,0.3814
328.4017,419,,,0.2714,,,,,,331.1533,r2_measured_01726,read,measured,,,,,2.0957,,ok,0.3331
375.6149,509,,,0.7317,,,,,,386.1576,r2_measured_01727,read,measured,,,,,9.3246,,ok,0.4026
374.3253,509,,,0.9042,,,,,,386.5173,r2_measured_01728,read,measured,,,,,10.8429,,ok,0.375
512.1739,677,,,0.886,,,,,,522.8024,r2_measured_01729,read,measured,,,,,9.3305,,ok,0.3434
336.5002,418,,,0.2858,,,,,,338.2824,r2_measured_01730,read,measured,,,,,1.0995,,ok,0.341
471.783,681,,,0.5757,,,,,,481.705,r2_measured_01731,read,measured,,,,,8.9165,,ok,0.354
470.1201,680,,,1.1421,,,,,,481.1022,r2_measured_01732,read,measured,,,,,9.4185,,ok,0.3543
312.0888,416,,,0.2871,,,,,,316.8624,r2_measured_01733,read,measured,,,,,4.0777,,ok,0.3503
476.8725,627,,,0.5391,,,,,,483.4273,r2_measured_01734,read,measured,,,,,5.6139,,ok,0.3383
348.9554,505,,,0.6772,,,,,,360.6891,r2_measured_01735,read,measured,,,,,10.6318,,ok,0.3577
356.5134,508,,,1.0336,,,,,,365.5455,r2_measured_01736,read,measured,,,,,7.5887,,ok,0.3537
283.0982,419,,,0.2821,,,,,,285.6516,r2_measured_01737,read,measured,,,,,1.8806,,ok,0.3393
393.8086,509,,,0.7895,,,,,,403.6184,r2_measured_01738,read,measured,,,,,8.5886,,ok,0.3698
248.7061,369,,,0.704,,,,,,253.6804,r2_measured_01739,read,measured,,,,,3.8837,,ok,0.3402
490.1467,679,,,0.7137,,,,,,496.5728,r2_measured_01740,read,measured,,,,,5.2703,,ok,0.3615
306.2437,419,,,0.3064,,,,,,308.8983,r2_measured_01741,read,measured,,,,,1.937,,ok,0.3568
471.27,663,,,0.8525,,,,,,474.1162,r2_measured_01742,read,measured,,,,,1.5502,,ok,0.3758
351.3477,509,,,0.4728,,,,,,360.9511,r2_measured_01743,read,measured,,,,,8.7185,,ok,0.3462
436.3821,567,,,0.7412,,,,,,442.0977,r2_measured_01744,read,measured,,,,,4.549,,ok,0.3681
458.5864,628,,,0.643,,,,,,467.8669,r2_measured_01745,read,measured,,,,,8.2058,,ok,0.3567
497.0104,688,,,2.0729,,,,,,508.5498,r2_measured_01746,read,measured,,,,,9.0539,,ok,0.3443
504.0227,689,,,0.7979,,,,,,511.4316,r2_measured_01747,read,measured,,,,,6.2068,,ok,0.3381
428.0107,567,,,0.4393,,,,,,441.1864,r2_measured_01748,read,measured,,,,,12.3172,,ok,0.349
431.4295,417,286.3049,9.5827,0.4561,69.8072,1,9.5812,1,38.4065,435.4237,r2_measured_01749,update,measured,28.8238,3.9942,1,15.3063,3.1248,21.6046,ok,0.3573
477.125,628,,,1.0911,,,,,,484.4104,r2_measured_01750,read,measured,,,,,5.7609,,ok,0.3646
462.7185,628,,,0.6486,,,,,,466.7816,r2_measured_01751,read,measured,,,,,3.006,,ok,0.3458
486.979,663,,,1.5223,,,,,,496.8156,r2_measured_01752,read,measured,,,,,7.8767,,ok,0.3716
468.7787,661,,,0.8408,,,,,,480.7557,r2_measured_01753,read,measured,,,,,10.7137,,ok,0.3543
393.1337,568,,,1.0016,,,,,,401.3758,r2_measured_01754,read,measured,,,,,6.8244,,ok,0.3538
408.4634,568,,,0.538,,,,,,422.9524,r2_measured_01755,read,measured,,,,,13.5194,,ok,0.3676
405.2895,568,,,1.0687,,,,,,413.3096,r2_measured_01756,read,measured,,,,,6.5345,,ok,0.3576
510.5016,673,,,0.9482,,,,,,518.5693,r2_measured_01757,read,measured,,,,,6.6966,,ok,0.3469
514.103,679,,,1.1439,,,,,,521.7262,r2_measured_01758,read,measured,,,,,6.0221,,ok,0.3777
524.8137,662,,,0.8032,,,,,,538.8266,r2_measured_01759,read,measured,,,,,12.764,,ok,0.3677
533.5015,680,,,0.7943,,,,,,542.1822,r2_measured_01760,read,measured,,,,,7.4529,,ok,0.3603
352.7011,417,,,0.2812,,,,,,355.3358,r2_measured_01761,read,measured,,,,,1.9012,,ok,0.3441
525.8143,681,,,0.8439,,,,,,536.7601,r2_measured_01762,read,measured,,,,,9.6622,,ok,0.3539
413.3034,509,,,1.4388,,,,,,424.9265,r2_measured_01763,read,measured,,,,,9.7722,,ok,0.3493
533.1606,660,,,0.7913,,,,,,537.8617,r2_measured_01764,read,measured,,,,,3.4597,,ok,0.3737
308.1183,369,,,1.8476,,,,,,313.1367,r2_measured_01765,read,measured,,,,,2.752,,ok,0.3523
750.3331,680,524.2212,12.5269,1.0059,92.6889,1,12.5252,1,48.8111,759.3099,r2_measured_01766,update,measured,36.2842,8.9768,1,14.6308,7.4897,69.9811,ok,0.4055
348.6844,417,,,0.2915,,,,,,352.4445,r2_measured_01767,read,measured,,,,,3.0665,,ok,0.3484
548.2356,688,,,1.4115,,,,,,560.778,r2_measured_01768,read,measured,,,,,10.029,,ok,0.9744
350.0867,419,,,0.2911,,,,,,351.7751,r2_measured_01769,read,measured,,,,,0.987,,ok,0.3522
525.9064,688,,,4.0778,,,,,,536.9045,r2_measured_01770,read,measured,,,,,6.3659,,ok,0.4686
348.8284,417,,,0.2889,,,,,,350.5491,r2_measured_01771,read,measured,,,,,1.0271,,ok,0.3464
508.408,663,,,6.8438,,,,,,529.2385,r2_measured_01772,read,measured,,,,,13.3818,,ok,0.4994
483.1641,629,,,0.6562,,,,,,487.7692,r2_measured_01773,read,measured,,,,,3.4705,,ok,0.3912
421.9377,504,,,0.7348,,,,,,431.3229,r2_measured_01774,read,measured,,,,,8.1897,,ok,0.3875
532.7572,678,,,0.9877,,,,,,543.4477,r2_measured_01775,read,measured,,,,,9.3125,,ok,0.3251
394.4028,509,,,0.9568,,,,,,407.0465,r2_measured_01776,read,measured,,,,,11.2443,,ok,0.3795
529.0057,679,,,0.6234,,,,,,534.0807,r2_measured_01777,read,measured,,,,,4.0121,,ok,0.3646
526.7255,689,,,0.5971,,,,,,531.0612,r2_measured_01778,read,measured,,,,,3.3253,,ok,0.345
516.679,674,,,0.561,,,,,,528.6623,r2_measured_01779,read,measured,,,,,10.9677,,ok,0.3767
444.8503,568,,,0.634,,,,,,450.6825,r2_measured_01780,read,measured,,,,,4.6719,,ok,0.4528
530.2324,661,,,0.6953,,,,,,540.6421,r2_measured_01781,read,measured,,,,,9.2668,,ok,0.3753
516.2641,678,,,0.9986,,,,,,525.8692,r2_measured_01782,read,measured,,,,,8.1133,,ok,0.4167
301.3654,369,,,0.2588,,,,,,304.504,r2_measured_01783,read,measured,,,,,2.4742,,ok,0.3493
478.4941,568,,,0.663,,,,,,488.2026,r2_measured_01784,read,measured,,,,,8.6454,,ok,0.3434
532.7178,679,,,0.6787,,,,,,547.9027,r2_measured_01785,read,measured,,,,,14.0722,,ok,0.3613
689.4104,678,526.5446,5.3615,3.1848,108.5267,1,5.3597,1,24.5119,725.592,r2_measured_01786,update,measured,19.1504,36.1816,1,0.0057,32.4947,29.8215,ok,0.4045
505.7824,680,,,0.5883,,,,,,511.0286,r2_measured_01787,read,measured,,,,,4.2176,,ok,0.3652
294.5393,368,,,0.2494,,,,,,297.3234,r2_measured_01788,read,measured,,,,,2.1591,,ok,0.3271
511.4518,679,,,0.6849,,,,,,518.0972,r2_measured_01789,read,measured,,,,,5.5639,,ok,0.3342
456.6174,628,,,0.8055,,,,,,464.7408,r2_measured_01790,read,measured,,,,,6.7771,,ok,0.4467
550.0915,679,,,0.9173,,,,,,555.0629,r2_measured_01791,read,measured,,,,,3.5032,,ok,0.4573
541.5841,662,,,1.461,,,,,,547.7771,r2_measured_01792,read,measured,,,,,4.1402,,ok,0.4991
531.2556,626,,,1.1027,,,,,,541.0489,r2_measured_01793,read,measured,,,,,8.3151,,ok,0.3193
464.4686,568,,,0.8272,,,,,,487.0334,r2_measured_01794,read,measured,,,,,21.2667,,ok,0.401
553.1517,679,,,0.8758,,,,,,563.8944,r2_measured_01795,read,measured,,,,,9.4665,,ok,0.3305
542.2278,673,,,1.2373,,,,,,548.4793,r2_measured_01796,read,measured,,,,,4.5952,,ok,0.3378
473.7714,419,351.2058,7.5805,0.2804,61.1666,1,7.5787,1,30.3935,477.1157,r2_measured_01797,update,measured,22.813,3.3443,1,11.7191,2.691,19.2864,ok,0.3233
427.7128,504,,,0.7049,,,,,,436.4723,r2_measured_01798,read,measured,,,,,7.5985,,ok,0.3887
227.594,369,,,0.2332,,,,,,230.3739,r2_measured_01799,read,measured,,,,,2.1802,,ok,0.3174
594.4491,680,,,0.9259,,,,,,602.9091,r2_measured_01800,read,measured,,,,,7.1275,,ok,0.339
552.326,628,,,0.9264,,,,,,560.127,r2_measured_01801,read,measured,,,,,6.4233,,ok,0.3795
473.8199,509,,,0.4547,,,,,,483.1565,r2_measured_01802,read,measured,,,,,8.5029,,ok,0.3248
520.9718,568,,,0.8818,,,,,,528.2413,r2_measured_01803,read,measured,,,,,5.6744,,ok,0.6371
601.7456,507,392.8405,6.265,0.503,137.599,1,6.2635,1,31.1375,611.82,r2_measured_01804,update,measured,24.8725,10.0744,1,15.2983,9.1434,24.8703,ok,0.355
751.562,662,512.3223,8.137,0.6395,120.447,0,8.1347,1,52.2579,757.418,r2_measured_01805,update,measured,44.1209,5.856,1,27.7199,4.7979,38.8149,ok,0.351
532.9893,627,,,0.6762,,,,,,548.6789,r2_measured_01806,read,measured,,,,,14.5279,,ok,0.4134
510.8862,673,,,1.0905,,,,,,519.1268,r2_measured_01807,read,measured,,,,,6.7237,,ok,0.3543
493.5998,663,,,0.9937,,,,,,498.1216,r2_measured_01808,read,measured,,,,,3.1158,,ok,0.3461
445.2314,566,,,0.493,,,,,,453.4813,r2_measured_01809,read,measured,,,,,7.2446,,ok,0.4177
330.4601,417,,,0.2896,,,,,,333.4815,r2_measured_01810,read,measured,,,,,2.3253,,ok,0.3437
526.4753,688,,,0.8777,,,,,,535.1031,r2_measured_01811,read,measured,,,,,7.3736,,ok,0.3171
537.6627,679,,,0.7489,,,,,,545.4439,r2_measured_01812,read,measured,,,,,6.633,,ok,0.3308
535.1218,680,,,0.6672,,,,,,545.6543,r2_measured_01813,read,measured,,,,,9.486,,ok,0.3203
447.4915,567,,,0.4404,,,,,,454.7564,r2_measured_01814,read,measured,,,,,6.4512,,ok,0.3164
556.5625,508,369.1653,3.9931,0.5762,79.3845,1,3.9916,1,55.061,563.0564,r2_measured_01815,update,measured,51.0679,6.4939,1,22.9582,5.4998,29.9935,ok,0.3597
415.4682,567,,,0.4938,,,,,,424.5022,r2_measured_01816,read,measured,,,,,8.1312,,ok,0.3486
479.0812,680,,,0.7296,,,,,,485.3826,r2_measured_01817,read,measured,,,,,5.14,,ok,0.3582
474.4173,675,,,0.6727,,,,,,487.956,r2_measured_01818,read,measured,,,,,12.4355,,ok,0.3601
464.5149,663,,,0.7431,,,,,,468.4206,r2_measured_01819,read,measured,,,,,2.707,,ok,0.3768
468.7061,674,,,0.5511,,,,,,474.8466,r2_measured_01820,read,measured,,,,,5.1465,,ok,0.3727
511.6225,662,,,3.7978,,,,,,520.5014,r2_measured_01821,read,measured,,,,,4.0491,,ok,0.9029
475.8859,629,,,0.6355,,,,,,486.5356,r2_measured_01822,read,measured,,,,,9.5695,,ok,0.371
518.826,680,,,1.0615,,,,,,530.514,r2_measured_01823,read,measured,,,,,9.9271,,ok,0.5799
711.9599,675,533.8988,7.8169,0.7366,104.6057,1,7.8156,1,32.3668,723.0977,r2_measured_01824,update,measured,24.5499,11.1378,1,13.1757,9.8715,27.9129,ok,0.4498
433.336,566,,,1.2062,,,,,,441.0608,r2_measured_01825,read,measured,,,,,6.1035,,ok,0.3491
546.2167,680,,,0.6297,,,,,,551.8013,r2_measured_01826,read,measured,,,,,4.4727,,ok,0.4054
520.8489,687,,,0.9715,,,,,,528.3889,r2_measured_01827,read,measured,,,,,6.1153,,ok,0.3798
405.4463,509,,,0.4813,,,,,,438.8048,r2_measured_01828,read,measured,,,,,32.3934,,ok,0.4095
516.1711,681,,,0.9444,,,,,,529.531,r2_measured_01829,read,measured,,,,,11.9502,,ok,0.391
463.049,568,,,0.7229,,,,,,473.867,r2_measured_01830,read,measured,,,,,9.6432,,ok,0.3777
523.5895,627,,,0.8784,,,,,,529.9271,r2_measured_01831,read,measured,,,,,5.0385,,ok,0.3508
579.2707,677,,,0.5034,,,,,,594.1126,r2_measured_01832,read,measured,,,,,13.9511,,ok,0.3229
534.4748,624,,,2.1577,,,,,,546.5532,r2_measured_01833,read,measured,,,,,9.5189,,ok,0.3432
573.0718,663,,,0.8155,,,,,,582.5955,r2_measured_01834,read,measured,,,,,8.2887,,ok,0.3462
584.3108,685,,,0.5992,,,,,,593.0392,r2_measured_01835,read,measured,,,,,7.737,,ok,0.3267
452.3605,509,,,0.6209,,,,,,461.8278,r2_measured_01836,read,measured,,,,,8.48,,ok,0.3138
679.108,680,481.114,6.52,0.5778,109.9657,1,6.5185,1,44.4287,687.9354,r2_measured_01837,update,measured,37.9087,8.8274,1,17.0514,7.8386,26.5482,ok,0.344
349.1032,416,,,0.2767,,,,,,352.3845,r2_measured_01838,read,measured,,,,,2.6424,,ok,0.3169
514.753,663,,,0.7574,,,,,,525.2371,r2_measured_01839,read,measured,,,,,9.2782,,ok,0.3688
339.2316,417,,,0.2835,,,,,,341.3935,r2_measured_01840,read,measured,,,,,1.4734,,ok,0.3512
405.5788,568,,,0.5631,,,,,,413.322,r2_measured_01841,read,measured,,,,,6.7605,,ok,0.3536
494.0203,663,,,0.6787,,,,,,502.6249,r2_measured_01842,read,measured,,,,,7.4767,,ok,0.381
278.9395,369,,,0.2383,,,,,,281.6955,r2_measured_01843,read,measured,,,,,2.079,,ok,0.3795
458.5354,629,,,0.7219,,,,,,463.6073,r2_measured_01844,read,measured,,,,,3.9105,,ok,0.3784
305.3545,417,,,0.2772,,,,,,307.1379,r2_measured_01845,read,measured,,,,,1.0992,,ok,0.3511
505.9139,509,344.4522,5.9866,0.452,83.3417,1,5.9851,1,37.4893,509.6407,r2_measured_01846,update,measured,31.5027,3.7268,1,16.4667,2.8685,24.164,ok,0.3468
482.2232,680,,,0.6851,,,,,,493.2401,r2_measured_01847,read,measured,,,,,9.9192,,ok,0.3445
276.5935,419,,,0.5342,,,,,,278.7585,r2_measured_01848,read,measured,,,,,1.137,,ok,0.4276
386.0146,567,,,0.7864,,,,,,394.4694,r2_measured_01849,read,measured,,,,,7.2269,,ok,0.3643
474.6588,688,,,0.5904,,,,,,481.2548,r2_measured_01850,read,measured,,,,,5.5776,,ok,0.3586
451.3739,679,,,0.712,,,,,,458.4585,r2_measured_01851,read,measured,,,,,5.9246,,ok,0.3675
255.6623,369,,,0.2614,,,,,,257.3709,r2_measured_01852,read,measured,,,,,1.0613,,ok,0.3388
433.6919,663,,,0.9289,,,,,,449.091,r2_measured_01853,read,measured,,,,,14.0177,,ok,0.3784
450.5994,661,,,0.8794,,,,,,457.9038,r2_measured_01854,read,measured,,,,,6.0018,,ok,0.3506
459.2205,679,,,0.6462,,,,,,466.552,r2_measured_01855,read,measured,,,,,6.2653,,ok,0.3397
365.0792,509,,,0.6131,,,,,,372.2841,r2_measured_01856,read,measured,,,,,6.1912,,ok,0.3431
465.7678,680,,,0.6363,,,,,,469.4252,r2_measured_01857,read,measured,,,,,2.5718,,ok,0.3698
469.9764,685,,,1.1878,,,,,,480.3285,r2_measured_01858,read,measured,,,,,8.7139,,ok,0.3646
467.2324,661,,,0.5832,,,,,,476.5841,r2_measured_01859,read,measured,,,,,8.3502,,ok,0.3447
479.471,679,,,0.6486,,,,,,486.2155,r2_measured_01860,read,measured,,,,,5.6496,,ok,0.3715
489.7849,680,,,0.6552,,,,,,494.3631,r2_measured_01861,read,measured,,,,,3.4688,,ok,0.3667
440.2919,628,,,1.0653,,,,,,449.575,r2_measured_01862,read,measured,,,,,7.7702,,ok,0.3739
476.1013,674,,,0.8577,,,,,,480.2289,r2_measured_01863,read,measured,,,,,2.7694,,ok,0.4141
492.5863,680,,,0.7682,,,,,,501.7288,r2_measured_01864,read,measured,,,,,7.8944,,ok,0.3954
295.9505,419,,,0.2996,,,,,,298.5745,r2_measured_01865,read,measured,,,,,1.9045,,ok,0.3602
471.8916,660,,,1.5038,,,,,,475.7407,r2_measured_01866,read,measured,,,,,1.8866,,ok,0.386
524.2205,679,,,0.8789,,,,,,528.484,r2_measured_01867,read,measured,,,,,2.9687,,ok,0.3462
409.0608,568,,,0.572,,,,,,418.251,r2_measured_01868,read,measured,,,,,8.1954,,ok,0.36
488.6213,627,,,0.7892,,,,,,491.9775,r2_measured_01869,read,measured,,,,,2.1373,,ok,0.3623
520.8619,689,,,1.1955,,,,,,528.4564,r2_measured_01870,read,measured,,,,,5.9382,,ok,0.3796
309.6287,419,,,0.3391,,,,,,312.3506,r2_measured_01871,read,measured,,,,,1.9311,,ok,0.3781
493.2937,627,,,0.717,,,,,,498.8352,r2_measured_01872,read,measured,,,,,4.3896,,ok,0.3645
523.4764,679,,,0.7391,,,,,,526.5723,r2_measured_01873,read,measured,,,,,1.9054,,ok,0.3774
541.9628,680,,,0.6873,,,,,,551.8935,r2_measured_01874,read,measured,,,,,8.8206,,ok,0.3549
480.8098,627,,,0.5636,,,,,,486.0963,r2_measured_01875,read,measured,,,,,4.2902,,ok,0.3678
533.7893,689,,,1.9513,,,,,,537.7822,r2_measured_01876,read,measured,,,,,1.5911,,ok,0.3733
540.9244,688,,,0.6445,,,,,,547.5743,r2_measured_01877,read,measured,,,,,5.5565,,ok,0.3567
414.2788,504,,,1.1695,,,,,,424.9231,r2_measured_01878,read,measured,,,,,9.0683,,ok,0.3478
540.1532,681,,,0.7015,,,,,,549.2481,r2_measured_01879,read,measured,,,,,7.9722,,ok,0.354
552.062,686,,,1.1235,,,,,,564.0484,r2_measured_01880,read,measured,,,,,10.4383,,ok,0.3565
447.744,568,,,0.8208,,,,,,454.2454,r2_measured_01881,read,measured,,,,,5.2354,,ok,0.3804
288.387,368,,,0.2511,,,,,,290.975,r2_measured_01882,read,measured,,,,,1.9297,,ok,0.3546
653.403,679,470.9254,5.1914,0.6723,118.9248,1,5.1894,1,31.7137,658.9123,r2_measured_01883,update,measured,26.5223,5.5093,1,0.005,4.3139,31.8341,ok,0.4512
488.6622,662,,,0.7498,,,,,,498.4798,r2_measured_01884,read,measured,,,,,8.6343,,ok,0.3663
375.6379,566,,,0.6899,,,,,,384.4981,r2_measured_01885,read,measured,,,,,7.7412,,ok,0.3671
286.8021,419,,,0.2747,,,,,,289.4784,r2_measured_01886,read,measured,,,,,1.9972,,ok,0.3493
464.3041,675,,,0.6053,,,,,,470.7867,r2_measured_01887,read,measured,,,,,5.4208,,ok,0.3755
473.712,679,,,0.7298,,,,,,486.1621,r2_measured_01888,read,measured,,,,,11.2159,,ok,0.4241
475.9726,680,,,0.7245,,,,,,482.9736,r2_measured_01889,read,measured,,,,,5.8182,,ok,0.3802
268.3224,369,,,0.2538,,,,,,270.1744,r2_measured_01890,read,measured,,,,,1.1809,,ok,0.3582
485.269,679,,,1.7679,,,,,,496.29,r2_measured_01891,read,measured,,,,,8.8306,,ok,0.3511
489.2571,680,,,1.9692,,,,,,498.5829,r2_measured_01892,read,measured,,,,,6.9288,,ok,0.3625
350.4809,509,,,0.819,,,,,,356.6021,r2_measured_01893,read,measured,,,,,4.874,,ok,0.3632
392.1261,568,,,1.814,,,,,,400.743,r2_measured_01894,read,measured,,,,,6.382,,ok,0.3514
446.3381,627,,,0.5679,,,,,,450.331,r2_measured_01895,read,measured,,,,,2.877,,ok,0.4653
381.2379,567,,,0.5119,,,,,,390.5836,r2_measured_01896,read,measured,,,,,8.4258,,ok,0.3443
531.4025,679,,,0.785,,,,,,538.2944,r2_measured_01897,read,measured,,,,,5.6638,,ok,0.3657
529.5641,675,,,0.6929,,,,,,536.0397,r2_measured_01898,read,measured,,,,,5.3445,,ok,0.3615
463.3381,628,,,0.8452,,,,,,468.1214,r2_measured_01899,read,measured,,,,,3.4163,,ok,0.4474
509.4344,663,,,0.553,,,,,,515.7035,r2_measured_01900,read,measured,,,,,5.2771,,ok,0.3624
482.201,662,,,0.6632,,,,,,484.4676,r2_measured_01901,read,measured,,,,,1.1676,,ok,0.3672
507.0607,661,,,0.686,,,,,,512.4735,r2_measured_01902,read,measured,,,,,4.2537,,ok,0.3776
523.2018,680,,,1.8284,,,,,,531.2537,r2_measured_01903,read,measured,,,,,5.7854,,ok,0.3682
536.1774,686,,,0.6958,,,,,,545.6708,r2_measured_01904,read,measured,,,,,8.3121,,ok,0.3859
549.3405,689,,,0.5862,,,,,,555.9009,r2_measured_01905,read,measured,,,,,5.5318,,ok,0.367
553.0039,680,,,0.8002,,,,,,558.5318,r2_measured_01906,read,measured,,,,,4.2816,,ok,0.3663
410.4059,509,,,1.0855,,,,,,417.821,r2_measured_01907,read,measured,,,,,5.8541,,ok,0.4112
353.1548,418,,,0.2917,,,,,,355.3312,r2_measured_01908,read,measured,,,,,1.4752,,ok,0.357
529.4607,681,,,0.9655,,,,,,535.011,r2_measured_01909,read,measured,,,,,4.1161,,ok,0.3824
323.1131,419,,,0.3269,,,,,,326.0198,r2_measured_01910,read,measured,,,,,2.1587,,ok,0.3592
309.5925,368,,,0.6943,,,,,,313.8205,r2_measured_01911,read,measured,,,,,3.1027,,ok,0.3631
297.5876,368,,,0.2653,,,,,,300.009,r2_measured_01912,read,measured,,,,,1.74,,ok,0.364
480.8109,679,,,0.8261,,,,,,486.563,r2_measured_01913,read,measured,,,,,4.4581,,ok,0.3755
463.2697,628,,,0.8397,,,,,,476.2426,r2_measured_01914,read,measured,,,,,11.6722,,ok,0.387
484.3219,688,,,0.8447,,,,,,494.2442,r2_measured_01915,read,measured,,,,,8.6207,,ok,0.3788
477.2377,662,,,0.7712,,,,,,488.1004,r2_measured_01916,read,measured,,,,,9.6621,,ok,0.3579
259.4461,369,,,0.2589,,,,,,262.5776,r2_measured_01917,read,measured,,,,,2.4754,,ok,0.3451
357.5296,504,,,1.2598,,,,,,367.2859,r2_measured_01918,read,measured,,,,,8.0734,,ok,0.3594
487.4153,689,,,0.7923,,,,,,496.4442,r2_measured_01919,read,measured,,,,,7.3738,,ok,0.7826
457.2241,677,,,2.5046,,,,,,464.533,r2_measured_01920,read,measured,,,,,4.371,,ok,0.3548
467.3695,686,,,1.6182,,,,,,473.7869,r2_measured_01921,read,measured,,,,,4.3759,,ok,0.3558
435.418,663,,,0.8567,,,,,,442.0847,r2_measured_01922,read,measured,,,,,5.3494,,ok,0.3758
346.9343,508,,,0.7571,,,,,,355.6666,r2_measured_01923,read,measured,,,,,7.5423,,ok,0.3623
428.6319,628,,,0.6195,,,,,,437.5802,r2_measured_01924,read,measured,,,,,7.8783,,ok,0.3782
484.8019,678,,,0.8025,,,,,,493.0244,r2_measured_01925,read,measured,,,,,6.9727,,ok,0.3744
463.1661,661,,,0.7519,,,,,,471.7012,r2_measured_01926,read,measured,,,,,7.3323,,ok,0.3788
486.6621,681,,,0.8441,,,,,,495.8934,r2_measured_01927,read,measured,,,,,7.9424,,ok,0.3609
400.5138,567,,,0.9368,,,,,,404.79,r2_measured_01928,read,measured,,,,,2.8715,,ok,0.3833
469.6456,663,,,0.8057,,,,,,477.569,r2_measured_01929,read,measured,,,,,6.6763,,ok,0.3734
355.0007,509,,,0.5162,,,,,,363.8497,r2_measured_01930,read,measured,,,,,7.9125,,ok,0.353
446.3654,629,,,0.8193,,,,,,451.0494,r2_measured_01931,read,measured,,,,,3.3549,,ok,0.3757
408.1884,568,,,1.035,,,,,,417.8816,r2_measured_01932,read,measured,,,,,8.1917,,ok,0.387
434.1952,627,,,0.672,,,,,,445.4848,r2_measured_01933,read,measured,,,,,10.1839,,ok,0.365
499.9209,679,,,0.6608,,,,,,510.2375,r2_measured_01934,read,measured,,,,,9.0929,,ok,0.4612
367.5773,509,,,0.7932,,,,,,377.4272,r2_measured_01935,read,measured,,,,,8.6305,,ok,0.3619
386.5436,566,,,0.8622,,,,,,390.9614,r2_measured_01936,read,measured,,,,,3.1041,,ok,0.3717
272.3823,369,,,0.2761,,,,,,275.2704,r2_measured_01937,read,measured,,,,,2.1995,,ok,0.3559
467.8374,681,,,0.8228,,,,,,478.3909,r2_measured_01938,read,measured,,,,,9.276,,ok,0.3677
492.9626,688,,,0.7201,,,,,,502.4232,r2_measured_01939,read,measured,,,,,8.266,,ok,0.3871
284.0517,419,,,0.2982,,,,,,287.0928,r2_measured_01940,read,measured,,,,,2.3331,,ok,0.3544
464.3964,628,,,1.1053,,,,,,471.9931,r2_measured_01941,read,measured,,,,,5.9337,,ok,0.4512
305.1345,419,,,0.332,,,,,,308.5433,r2_measured_01942,read,measured,,,,,2.6387,,ok,0.3809
408.3542,567,,,0.7714,,,,,,423.0651,r2_measured_01943,read,measured,,,,,13.4929,,ok,0.3665
515.7364,689,,,0.6824,,,,,,523.5951,r2_measured_01944,read,measured,,,,,6.7185,,ok,0.3696
502.0619,674,,,0.6205,,,,,,511.753,r2_measured_01945,read,measured,,,,,8.625,,ok,0.3714
424.0433,568,,,0.8758,,,,,,431.2977,r2_measured_01946,read,measured,,,,,5.9298,,ok,0.3665
489.2971,662,,,0.9122,,,,,,496.4888,r2_measured_01947,read,measured,,,,,5.8416,,ok,0.3638
507.0025,680,,,0.7871,,,,,,511.2611,r2_measured_01948,read,measured,,,,,3.0037,,ok,0.3835
484.9103,679,,,0.8272,,,,,,491.1341,r2_measured_01949,read,measured,,,,,4.9067,,ok,0.4105
413.972,568,,,0.5284,,,,,,422.0388,r2_measured_01950,read,measured,,,,,6.9251,,ok,0.4873
513.4282,679,,,0.6015,,,,,,520.9381,r2_measured_01951,read,measured,,,,,6.4707,,ok,0.3588
482.1439,663,,,0.7988,,,,,,490.6657,r2_measured_01952,read,measured,,,,,7.277,,ok,0.3681
480.9728,660,,,0.7984,,,,,,490.9612,r2_measured_01953,read,measured,,,,,8.6599,,ok,0.4344
487.7609,679,,,0.9187,,,,,,495.4211,r2_measured_01954,read,measured,,,,,6.2327,,ok,0.4175
315.5707,418,,,0.2923,,,,,,318.4929,r2_measured_01955,read,measured,,,,,2.2142,,ok,0.3627
535.4872,679,,,0.722,,,,,,543.53,r2_measured_01956,read,measured,,,,,6.8493,,ok,0.3787
385.3195,509,,,1.0965,,,,,,393.8585,r2_measured_01957,read,measured,,,,,6.9471,,ok,0.4156
387.6541,507,,,0.8047,,,,,,396.1246,r2_measured_01958,read,measured,,,,,7.1642,,ok,0.4216
521.4549,679,,,1.29,,,,,,527.4731,r2_measured_01959,read,measured,,,,,4.1587,,ok,0.4574
531.6656,680,,,0.7868,,,,,,534.7052,r2_measured_01960,read,measured,,,,,1.7902,,ok,0.3835
496.7379,627,,,0.6216,,,,,,504.6784,r2_measured_01961,read,measured,,,,,6.885,,ok,0.3618
333.6215,416,,,0.5943,,,,,,336.1577,r2_measured_01962,read,measured,,,,,1.483,,ok,0.3838
517.0753,680,,,0.6913,,,,,,525.0082,r2_measured_01963,read,measured,,,,,6.7451,,ok,0.4086
510.2767,662,,,0.9732,,,,,,521.3368,r2_measured_01964,read,measured,,,,,9.6669,,ok,0.349
482.7077,628,,,0.7319,,,,,,490.0012,r2_measured_01965,read,measured,,,,,6.1392,,ok,0.3558
342.2307,417,,,0.3586,,,,,,344.2434,r2_measured_01966,read,measured,,,,,1.186,,ok,0.3973
457.697,566,,,0.6613,,,,,,467.1895,r2_measured_01967,read,measured,,,,,8.3855,,ok,0.3807
531.4786,681,,,1.7057,,,,,,542.1921,r2_measured_01968,read,measured,,,,,8.5419,,ok,0.3809
329.863,419,,,0.3329,,,,,,331.6674,r2_measured_01969,read,measured,,,,,1.0295,,ok,0.3723
400.575,509,,,0.5917,,,,,,408.4651,r2_measured_01970,read,measured,,,,,6.8661,,ok,0.368
458.2099,624,,,0.6959,,,,,,467.1252,r2_measured_01971,read,measured,,,,,7.7394,,ok,0.3789
497.5337,662,,,0.6544,,,,,,504.5442,r2_measured_01972,read,measured,,,,,5.8841,,ok,0.3846
391.7366,509,,,1.5608,,,,,,396.5207,r2_measured_01973,read,measured,,,,,2.7465,,ok,0.3936
506.9441,679,,,0.7291,,,,,,515.2008,r2_measured_01974,read,measured,,,,,7.063,,ok,0.3859
475.4528,675,,,1.1285,,,,,,481.0896,r2_measured_01975,read,measured,,,,,4.0491,,ok,0.3774
360.4124,508,,,0.6816,,,,,,370.3533,r2_measured_01976,read,measured,,,,,8.813,,ok,0.3734
457.2479,629,,,0.7796,,,,,,463.5797,r2_measured_01977,read,measured,,,,,5.0876,,ok,0.3819
454.5047,628,,,0.754,,,,,,460.6067,r2_measured_01978,read,measured,,,,,4.885,,ok,0.3899
301.8365,419,,,0.3202,,,,,,304.0893,r2_measured_01979,read,measured,,,,,1.5145,,ok,0.3559
493.5897,675,,,0.9996,,,,,,506.5768,r2_measured_01980,read,measured,,,,,11.5327,,ok,0.3646
407.0711,567,,,0.8072,,,,,,411.877,r2_measured_01981,read,measured,,,,,3.5531,,ok,0.3697
361.3633,507,,,0.8182,,,,,,373.1832,r2_measured_01982,read,measured,,,,,10.5438,,ok,0.3736
470.6749,681,,,0.9061,,,,,,477.4484,r2_measured_01983,read,measured,,,,,5.3989,,ok,0.3811
418.2479,568,,,0.6057,,,,,,431.0976,r2_measured_01984,read,measured,,,,,11.7752,,ok,0.3874
472.4046,674,,,0.6517,,,,,,482.2718,r2_measured_01985,read,measured,,,,,8.7758,,ok,0.3617
483.9778,679,,,0.6668,,,,,,488.3992,r2_measured_01986,read,measured,,,,,3.2801,,ok,0.3905
471.1683,663,,,0.7656,,,,,,477.9044,r2_measured_01987,read,measured,,,,,5.374,,ok,0.4919
502.8818,679,,,1.019,,,,,,506.8736,r2_measured_01988,read,measured,,,,,2.5068,,ok,0.3853
472.6315,629,,,0.6149,,,,,,482.5624,r2_measured_01989,read,measured,,,,,8.8675,,ok,0.3631
473.5367,661,,,1.3729,,,,,,492.3991,r2_measured_01990,read,measured,,,,,16.8121,,ok,0.5754
457.3538,628,,,0.8228,,,,,,469.9135,r2_measured_01991,read,measured,,,,,11.0637,,ok,0.5409
319.7589,417,,,0.3397,,,,,,322.6015,r2_measured_01992,read,measured,,,,,2.0652,,ok,0.3685
552.7695,662,,,1.167,,,,,,558.7479,r2_measured_01993,read,measured,,,,,4.3317,,ok,0.3919
541.196,662,,,0.706,,,,,,548.6796,r2_measured_01994,read,measured,,,,,6.3142,,ok,0.3747
552.6062,680,,,0.7341,,,,,,559.2579,r2_measured_01995,read,measured,,,,,5.4731,,ok,0.3659
459.1235,567,,,0.8628,,,,,,465.2651,r2_measured_01996,read,measured,,,,,4.7542,,ok,0.4507
265.5329,369,,,0.4203,,,,,,268.0703,r2_measured_01997,read,measured,,,,,1.7032,,ok,0.358
547.0672,681,,,0.85,,,,,,555.9169,r2_measured_01998,read,measured,,,,,7.535,,ok,0.3714
515.6955,626,,,0.6627,,,,,,521.8795,r2_measured_01999,read,measured,,,,,5.0716,,ok,0.376
521.8832,629,,,0.5481,,,,,,530.0938,r2_measured_02000,read,measured,,,,,7.2375,,ok,0.3545
441.2527,567,,,0.8012,,,,,,448.2703,r2_measured_02001,read,measured,,,,,5.7609,,ok,0.3774
551.1155,680,,,0.9572,,,,,,560.5071,r2_measured_02002,read,measured,,,,,7.9761,,ok,0.387
460.2741,568,,,1.1237,,,,,,470.7409,r2_measured_02003,read,measured,,,,,8.9102,,ok,0.3634
533.1254,679,,,0.738,,,,,,543.3227,r2_measured_02004,read,measured,,,,,8.9981,,ok,0.3751
533.9724,675,,,0.8001,,,,,,539.4849,r2_measured_02005,read,measured,,,,,4.2461,,ok,0.3829
519.0196,661,,,0.7586,,,,,,531.4219,r2_measured_02006,read,measured,,,,,11.1966,,ok,0.3709
531.0383,674,,,0.8895,,,,,,539.2351,r2_measured_02007,read,measured,,,,,6.8602,,ok,0.3654
530.9065,674,,,0.8379,,,,,,539.7288,r2_measured_02008,read,measured,,,,,7.5197,,ok,0.3755
536.1198,680,,,0.9951,,,,,,542.6247,r2_measured_02009,read,measured,,,,,5.0684,,ok,0.3649
482.8546,663,,,1.3756,,,,,,488.4681,r2_measured_02010,read,measured,,,,,3.7314,,ok,0.4176
252.4663,368,,,0.2694,,,,,,254.7817,r2_measured_02011,read,measured,,,,,1.6361,,ok,0.3519
482.4735,679,,,0.6835,,,,,,494.062,r2_measured_02012,read,measured,,,,,10.4576,,ok,0.3664
404.6829,568,,,0.6599,,,,,,412.5478,r2_measured_02013,read,measured,,,,,6.7749,,ok,0.3645
482.9198,681,,,1.1056,,,,,,492.4332,r2_measured_02014,read,measured,,,,,7.8789,,ok,0.438
458.3329,663,,,0.8346,,,,,,472.6579,r2_measured_02015,read,measured,,,,,13.0323,,ok,0.3764
479.8226,672,,,0.7039,,,,,,484.7128,r2_measured_02016,read,measured,,,,,3.7444,,ok,0.3678
285.6821,419,,,0.2945,,,,,,288.7252,r2_measured_02017,read,measured,,,,,2.342,,ok,0.3439
303.5382,416,,,0.3161,,,,,,306.3009,r2_measured_02018,read,measured,,,,,2.0071,,ok,0.3745
354.5745,509,,,0.9479,,,,,,365.2464,r2_measured_02019,read,measured,,,,,9.317,,ok,0.3479
479.5763,680,,,0.7643,,,,,,488.8043,r2_measured_02020,read,measured,,,,,7.9909,,ok,0.3989
435.0433,629,,,0.8185,,,,,,441.817,r2_measured_02021,read,measured,,,,,5.5081,,ok,0.3605
424.0213,628,,,0.8886,,,,,,432.0428,r2_measured_02022,read,measured,,,,,6.6897,,ok,0.3676
474.563,681,,,0.7754,,,,,,484.1114,r2_measured_02023,read,measured,,,,,8.3365,,ok,0.3591
293.6208,417,,,0.2867,,,,,,295.6878,r2_measured_02024,read,measured,,,,,1.3837,,ok,0.3424
359.5839,508,,,0.4849,,,,,,370.5307,r2_measured_02025,read,measured,,,,,10.0163,,ok,0.3765
461.0792,688,,,0.7244,,,,,,469.5623,r2_measured_02026,read,measured,,,,,7.3223,,ok,0.3642
349.7046,507,,,0.9236,,,,,,356.4822,r2_measured_02027,read,measured,,,,,5.4001,,ok,0.377
528.5179,688,,,0.8738,,,,,,534.2647,r2_measured_02028,read,measured,,,,,4.4523,,ok,0.3548
468.5573,628,,,0.6628,,,,,,475.2069,r2_measured_02029,read,measured,,,,,5.6263,,ok,0.3078
297.9856,417,,,0.2878,,,,,,299.4296,r2_measured_02030,read,measured,,,,,0.7563,,ok,0.346
503.5588,681,,,0.5613,,,,,,509.9257,r2_measured_02031,read,measured,,,,,5.3629,,ok,0.3708
482.9932,663,,,0.9031,,,,,,491.7776,r2_measured_02032,read,measured,,,,,7.4853,,ok,0.3324
391.5224,509,,,0.6038,,,,,,395.4501,r2_measured_02033,read,measured,,,,,2.9129,,ok,0.351
507.7881,680,,,0.5853,,,,,,512.1108,r2_measured_02034,read,measured,,,,,3.203,,ok,0.4467
425.355,568,,,1.287,,,,,,434.6435,r2_measured_02035,read,measured,,,,,7.5995,,ok,0.3422
469.3433,628,,,0.627,,,,,,479.5864,r2_measured_02036,read,measured,,,,,9.1802,,ok,0.3741
519.5055,680,,,0.546,,,,,,523.5026,r2_measured_02037,read,measured,,,,,2.9759,,ok,0.4
437.1018,568,,,0.8493,,,,,,442.5622,r2_measured_02038,read,measured,,,,,4.1734,,ok,0.3652
345.6817,419,,,0.2831,,,,,,350.242,r2_measured_02039,read,measured,,,,,3.8658,,ok,0.3568
433.4254,566,,,0.7032,,,,,,439.2558,r2_measured_02040,read,measured,,,,,4.7224,,ok,0.339
527.703,681,,,0.7744,,,,,,534.3854,r2_measured_02041,read,measured,,,,,5.3663,,ok,0.4483
467.4555,628,,,0.8439,,,,,,473.2535,r2_measured_02042,read,measured,,,,,4.5368,,ok,0.3495
388.8049,509,,,0.6684,,,,,,397.5914,r2_measured_02043,read,measured,,,,,7.7175,,ok,0.3433
686.4513,678,483.3222,6.8334,1.0135,109.7547,1,6.8318,1,44.0947,696.4998,r2_measured_02044,update,measured,37.2613,10.0485,1,22.0259,8.6003,27.2538,ok,0.3557
445.4383,628,,,0.6489,,,,,,449.9032,r2_measured_02045,read,measured,,,,,3.3836,,ok,0.3569
449.5738,681,,,0.6173,,,,,,455.4926,r2_measured_02046,read,measured,,,,,4.8699,,ok,0.3506
263.6256,369,,,0.383,,,,,,266.2412,r2_measured_02047,read,measured,,,,,1.8482,,ok,0.3317
272.1515,369,,,0.2776,,,,,,275.2024,r2_measured_02048,read,measured,,,,,2.368,,ok,0.3446
485.7871,678,,,0.7422,,,,,,500.7616,r2_measured_02049,read,measured,,,,,13.8028,,ok,0.3563
502.5148,680,,,0.7336,,,,,,509.1653,r2_measured_02050,read,measured,,,,,5.4675,,ok,0.3789
364.1423,509,,,0.6399,,,,,,368.5335,r2_measured_02051,read,measured,,,,,3.3494,,ok,0.3448
483.5995,660,,,1.0903,,,,,,489.6559,r2_measured_02052,read,measured,,,,,4.5425,,ok,0.3536
430.6339,628,,,0.8488,,,,,,435.176,r2_measured_02053,read,measured,,,,,3.2706,,ok,0.3594
400.6315,567,,,1.5484,,,,,,406.3291,r2_measured_02054,read,measured,,,,,3.7624,,ok,0.3275
496.3825,688,,,0.7027,,,,,,508.1706,r2_measured_02055,read,measured,,,,,10.6409,,ok,0.362
361.8065,509,,,0.5119,,,,,,365.5615,r2_measured_02056,read,measured,,,,,2.8196,,ok,0.3651
487.962,680,,,0.935,,,,,,497.9703,r2_measured_02057,read,measured,,,,,8.6526,,ok,0.3557
300.2209,416,,,0.2775,,,,,,307.9767,r2_measured_02058,read,measured,,,,,7.0418,,ok,0.383
447.5621,628,,,0.8966,,,,,,454.7532,r2_measured_02059,read,measured,,,,,5.8624,,ok,0.3613
497.0032,679,,,0.7042,,,,,,507.8144,r2_measured_02060,read,measured,,,,,9.6911,,ok,0.3423
439.114,663,,,0.6757,,,,,,443.2391,r2_measured_02061,read,measured,,,,,3.0136,,ok,0.3676
441.6764,628,,,0.6235,,,,,,447.3846,r2_measured_02062,read,measured,,,,,4.673,,ok,0.3462
455.8958,662,,,1.115,,,,,,461.057,r2_measured_02063,read,measured,,,,,3.5514,,ok,0.4239
486.3726,689,,,0.843,,,,,,502.5044,r2_measured_02064,read,measured,,,,,14.796,,ok,0.4192
348.427,507,,,0.9554,,,,,,352.9045,r2_measured_02065,read,measured,,,,,3.1159,,ok,0.3412
350.7638,507,,,1.0862,,,,,,357.7509,r2_measured_02066,read,measured,,,,,5.4501,,ok,0.3877
390.9322,565,,,0.8569,,,,,,397.8884,r2_measured_02067,read,measured,,,,,5.6818,,ok,0.3498
401.583,627,,,0.6414,,,,,,407.2319,r2_measured_02068,read,measured,,,,,4.4983,,ok,0.4289
465.4662,680,,,0.7653,,,,,,475.1907,r2_measured_02069,read,measured,,,,,8.5514,,ok,0.3334
470.4231,680,,,1.1117,,,,,,478.1564,r2_measured_02070,read,measured,,,,,6.2166,,ok,0.3355
416.4262,567,,,0.667,,,,,,423.0669,r2_measured_02071,read,measured,,,,,5.562,,ok,0.3511
247.7584,369,,,0.4139,,,,,,249.699,r2_measured_02072,read,measured,,,,,1.1396,,ok,0.3301
438.4994,568,,,0.8342,,,,,,474.711,r2_measured_02073,read,measured,,,,,34.871,,ok,0.3935
548.6636,675,,,0.7457,,,,,,556.2419,r2_measured_02074,read,measured,,,,,6.3957,,ok,0.3684
548.7122,688,,,0.6703,,,,,,554.3653,r2_measured_02075,read,measured,,,,,4.524,,ok,0.3647
502.9241,628,,,0.6815,,,,,,518.4001,r2_measured_02076,read,measured,,,,,14.3342,,ok,0.3927
306.6003,369,,,0.3566,,,,,,308.6648,r2_measured_02077,read,measured,,,,,1.2791,,ok,0.3671
567.4669,681,,,1.2554,,,,,,585.1589,r2_measured_02078,read,measured,,,,,15.916,,ok,0.432
408.8643,508,,,0.6305,,,,,,416.6049,r2_measured_02079,read,measured,,,,,6.6897,,ok,0.3588
595.2932,679,,,1.1666,,,,,,601.7008,r2_measured_02080,read,measured,,,,,4.8452,,ok,0.3321
500.6491,627,,,0.7608,,,,,,504.5122,r2_measured_02081,read,measured,,,,,2.6667,,ok,0.37
544.7112,628,,,0.7375,,,,,,553.8616,r2_measured_02082,read,measured,,,,,7.9598,,ok,0.3805
435.0029,509,,,0.5797,,,,,,446.0512,r2_measured_02083,read,measured,,,,,10.0339,,ok,0.3636
579.5308,675,,,0.8655,,,,,,587.8303,r2_measured_02084,read,measured,,,,,6.8953,,ok,0.4622
557.3011,673,,,0.7391,,,,,,565.8573,r2_measured_02085,read,measured,,,,,7.3762,,ok,0.3622
445.4304,509,,,0.9176,,,,,,455.4278,r2_measured_02086,read,measured,,,,,8.5834,,ok,0.4223
561.8686,627,,,0.6289,,,,,,570.4301,r2_measured_02087,read,measured,,,,,7.5324,,ok,0.3355
586.0073,509,409.9531,6.5076,0.8831,70.4819,1,6.506,1,63.1268,594.3999,r2_measured_02088,update,measured,56.6192,8.3926,1,13.4154,7.1227,29.0301,ok,0.3332
539.6969,680,,,0.6757,,,,,,545.1828,r2_measured_02089,read,measured,,,,,4.4121,,ok,0.3322
320.0827,418,,,0.2886,,,,,,321.9195,r2_measured_02090,read,measured,,,,,1.1445,,ok,0.3485
515.9209,680,,,1.0226,,,,,,527.5509,r2_measured_02091,read,measured,,,,,10.1469,,ok,0.3761
493.3764,661,,,0.5262,,,,,,508.8202,r2_measured_02092,read,measured,,,,,14.502,,ok,0.3491
686.0529,680,518.0858,5.8798,0.8177,111.6743,0,5.8778,1,27.9187,691.3184,r2_measured_02093,update,measured,22.0389,5.2655,1,0.0053,4.0261,28.3688,ok,0.356
513.8129,674,,,0.7137,,,,,,522.0747,r2_measured_02094,read,measured,,,,,6.9933,,ok,0.4722
474.948,627,,,0.5925,,,,,,482.2843,r2_measured_02095,read,measured,,,,,6.3243,,ok,0.3547
317.3269,417,,,0.2736,,,,,,320.0282,r2_measured_02096,read,measured,,,,,2.0326,,ok,0.3451
522.7949,681,,,0.9438,,,,,,526.9527,r2_measured_02097,read,measured,,,,,2.7649,,ok,0.3758
263.7938,368,,,0.265,,,,,,266.5116,r2_measured_02098,read,measured,,,,,2.0555,,ok,0.347
304.7356,417,,,0.2829,,,,,,307.5838,r2_measured_02099,read,measured,,,,,2.1785,,ok,0.334
526.7325,689,,,0.9994,,,,,,540.8575,r2_measured_02100,read,measured,,,,,12.7,,ok,0.3554
730.8337,686,530.2028,9.2452,0.5168,100.7296,1,9.2435,1,55.1929,736.1821,r2_measured_02101,update,measured,45.9477,5.3484,1,18.1468,4.426,26.5616,ok,0.3417
514.887,674,,,0.7914,,,,,,530.8644,r2_measured_02102,read,measured,,,,,14.7498,,ok,0.3581
386.901,507,,,0.7348,,,,,,392.6862,r2_measured_02103,read,measured,,,,,4.6149,,ok,0.3665
495.0001,689,,,0.7507,,,,,,502.0159,r2_measured_02104,read,measured,,,,,5.8528,,ok,0.3402
314.5638,416,,,0.5718,,,,,,317.4933,r2_measured_02105,read,measured,,,,,1.9237,,ok,0.3808
430.5342,568,,,0.609,,,,,,435.3971,r2_measured_02106,read,measured,,,,,3.8557,,ok,0.341
275.8894,369,,,0.2494,,,,,,278.2271,r2_measured_02107,read,measured,,,,,1.7047,,ok,0.3361
402.0584,566,,,0.6149,,,,,,405.9113,r2_measured_02108,read,measured,,,,,2.8363,,ok,0.3421
680.8875,679,495.812,7.3138,0.8529,107.5754,1,7.3123,1,36.1108,691.1449,r2_measured_02109,update,measured,28.797,10.2574,1,14.4763,8.8543,26.913,ok,0.4497
288.5408,369,,,0.2554,,,,,,290.7931,r2_measured_02110,read,measured,,,,,1.6096,,ok,0.3325
464.868,661,,,0.9247,,,,,,469.8998,r2_measured_02111,read,measured,,,,,3.5802,,ok,0.4332
399.1713,565,,,0.5222,,,,,,406.061,r2_measured_02112,read,measured,,,,,5.9648,,ok,0.3422
496.4616,688,,,0.8882,,,,,,508.9589,r2_measured_02113,read,measured,,,,,11.1675,,ok,0.3687
390.267,568,,,1.1859,,,,,,399.9525,r2_measured_02114,read,measured,,,,,8.0387,,ok,0.3816
247.4794,369,,,0.2581,,,,,,249.5899,r2_measured_02115,read,measured,,,,,1.4403,,ok,0.3513
447.556,628,,,0.5733,,,,,,452.6532,r2_measured_02116,read,measured,,,,,4.0757,,ok,0.3743
294.6044,417,,,0.2738,,,,,,297.7039,r2_measured_02117,read,measured,,,,,2.4363,,ok,0.3393
358.3217,509,,,0.946,,,,,,364.4956,r2_measured_02118,read,measured,,,,,4.7546,,ok,0.3975
438.0524,629,,,0.8526,,,,,,448.7427,r2_measured_02119,read,measured,,,,,9.4272,,ok,0.345
480.7153,679,,,1.2264,,,,,,493.2126,r2_measured_02120,read,measured,,,,,10.8556,,ok,0.3378
473.983,680,,,0.5838,,,,,,480.1773,r2_measured_02121,read,measured,,,,,4.5193,,ok,1.0142
287.5778,418,,,0.6887,,,,,,292.7565,r2_measured_02122,read,measured,,,,,4.0627,,ok,0.3698
391.944,568,,,0.8414,,,,,,402.1531,r2_measured_02123,read,measured,,,,,8.9147,,ok,0.3771
453.8755,689,,,0.7244,,,,,,460.2577,r2_measured_02124,read,measured,,,,,5.1804,,ok,0.4031
362.8143,505,,,0.4746,,,,,,366.8072,r2_measured_02125,read,measured,,,,,3.1202,,ok,0.3363
483.0367,629,,,0.6693,,,,,,489.9852,r2_measured_02126,read,measured,,,,,5.8614,,ok,0.3473
504.3406,681,,,0.6189,,,,,,508.4197,r2_measured_02127,read,measured,,,,,3.0273,,ok,0.36
494.543,681,,,0.7331,,,,,,502.3787,r2_measured_02128,read,measured,,,,,6.6592,,ok,0.3717
501.44,679,,,0.5953,,,,,,505.7418,r2_measured_02129,read,measured,,,,,3.2374,,ok,0.4009
530.7497,681,,,0.6201,,,,,,540.1021,r2_measured_02130,read,measured,,,,,8.2884,,ok,0.3626
537.5928,679,,,0.6454,,,,,,543.8429,r2_measured_02131,read,measured,,,,,5.2014,,ok,0.3321
282.0907,369,,,0.4627,,,,,,285.3921,r2_measured_02132,read,measured,,,,,2.3867,,ok,0.3883
518.0894,663,,,0.6384,,,,,,522.282,r2_measured_02133,read,measured,,,,,3.1389,,ok,0.349
278.838,369,,,0.2524,,,,,,281.8204,r2_measured_02134,read,measured,,,,,2.333,,ok,0.3458
513.4614,672,,,0.7276,,,,,,518.7723,r2_measured_02135,read,measured,,,,,4.1504,,ok,0.3497
516.7681,681,,,0.9436,,,,,,529.429,r2_measured_02136,read,measured,,,,,11.2886,,ok,0.3544
530.8102,680,,,1.0554,,,,,,539.2974,r2_measured_02137,read,measured,,,,,6.9985,,ok,0.3624
476.0174,624,,,0.6356,,,,,,478.7641,r2_measured_02138,read,measured,,,,,1.6515,,ok,0.3836
521.3945,679,,,0.9291,,,,,,526.9846,r2_measured_02139,read,measured,,,,,3.9413,,ok,0.6058
478.6552,419,310.4687,4.9825,0.2846,68.2552,1,4.9808,1,43.8168,480.7576,r2_measured_02140,update,measured,38.8343,2.1024,1,29.7756,1.4047,26.3389,ok,0.3581
589.4912,681,,,0.5869,,,,,,593.4614,r2_measured_02141,read,measured,,,,,2.9556,,ok,0.3586
611.9426,689,,,0.7323,,,,,,619.6407,r2_measured_02142,read,measured,,,,,6.5024,,ok,0.3735
308.5156,417,,,0.2809,,,,,,312.329,r2_measured_02143,read,measured,,,,,3.0686,,ok,0.4051
613.8094,689,,,0.8155,,,,,,626.0038,r2_measured_02144,read,measured,,,,,10.778,,ok,0.5078
506.051,565,,,0.7383,,,,,,514.9239,r2_measured_02145,read,measured,,,,,7.7107,,ok,0.3631
597.1106,686,,,1.1994,,,,,,605.2046,r2_measured_02146,read,measured,,,,,6.3014,,ok,0.4922
438.6742,508,,,0.8079,,,,,,464.2356,r2_measured_02147,read,measured,,,,,24.3024,,ok,0.367
373.0563,418,,,0.3125,,,,,,375.0854,r2_measured_02148,read,measured,,,,,1.2973,,ok,0.3646
578.3979,661,,,0.8487,,,,,,586.2394,r2_measured_02149,read,measured,,,,,6.5544,,ok,0.3607
587.7585,675,,,0.6902,,,,,,597.1317,r2_measured_02150,read,measured,,,,,8.2779,,ok,0.3371
629.0486,681,,,1.8419,,,,,,639.7456,r2_measured_02151,read,measured,,,,,8.4705,,ok,0.3217
608.6046,627,,,0.7779,,,,,,620.2177,r2_measured_02152,read,measured,,,,,10.4136,,ok,0.3517
525.6305,567,,,3.2139,,,,,,533.6464,r2_measured_02153,read,measured,,,,,2.8601,,ok,1.7702
669.0889,689,,,0.8927,,,,,,676.734,r2_measured_02154,read,measured,,,,,6.3214,,ok,0.3659
530.2903,509,,,0.8313,,,,,,541.9481,r2_measured_02155,read,measured,,,,,10.4366,,ok,0.3322
774.5457,627,516.7119,7.9278,0.8236,129.2456,1,7.9262,1,38.9708,782.0629,r2_measured_02156,update,measured,31.043,7.5172,1,14.963,6.2677,74.6544,ok,0.359
631.762,628,,,0.8924,,,,,,636.2764,r2_measured_02157,read,measured,,,,,3.2105,,ok,0.3493
506.6979,417,360.4521,4.9038,0.3205,84.036,1,4.9019,1,38.1407,509.9413,r2_measured_02158,update,measured,33.2369,3.2434,1,0.0113,2.48,24.0578,ok,0.3855
521.3611,626,,,0.8476,,,,,,528.4085,r2_measured_02159,read,measured,,,,,5.7908,,ok,0.3377
360.2585,419,,,0.2632,,,,,,363.1266,r2_measured_02160,read,measured,,,,,2.2412,,ok,0.3135
561.1934,688,,,0.5742,,,,,,569.9501,r2_measured_02161,read,measured,,,,,7.7677,,ok,0.3431
503.2175,628,,,0.8188,,,,,,511.0151,r2_measured_02162,read,measured,,,,,6.5613,,ok,0.3518
359.4221,419,,,0.3115,,,,,,362.8493,r2_measured_02163,read,measured,,,,,2.5779,,ok,0.3734
487.7413,628,,,0.5693,,,,,,493.8102,r2_measured_02164,read,measured,,,,,5.0605,,ok,0.3751
478.4183,418,323.2365,7.2554,0.2923,58.9872,1,7.2535,1,35.6731,480.5237,r2_measured_02165,update,measured,28.4177,2.1054,1,36.0899,1.4236,24.4316,ok,0.3395
570.0353,680,,,0.7961,,,,,,576.2278,r2_measured_02166,read,measured,,,,,4.9513,,ok,0.3755
515.2777,628,,,0.5068,,,,,,521.8881,r2_measured_02167,read,measured,,,,,5.5916,,ok,0.4202
497.4332,628,,,0.6402,,,,,,508.0538,r2_measured_02168,read,measured,,,,,9.5584,,ok,0.3592
444.0233,567,,,2.6272,,,,,,450.7854,r2_measured_02169,read,measured,,,,,3.7024,,ok,0.3681
326.9293,417,,,0.2913,,,,,,329.5051,r2_measured_02170,read,measured,,,,,1.8804,,ok,0.348
536.4457,509,384.2811,3.8056,0.6707,80.9286,0,3.8039,1,31.1181,545.8004,r2_measured_02171,update,measured,27.3125,9.3547,1,13.5746,8.2522,26.5433,ok,0.3668
491.2919,689,,,1.0045,,,,,,504.2002,r2_measured_02172,read,measured,,,,,11.4504,,ok,0.3798
502.0357,689,,,0.8768,,,,,,512.6872,r2_measured_02173,read,measured,,,,,9.3317,,ok,0.368
465.6281,680,,,0.7184,,,,,,477.2921,r2_measured_02174,read,measured,,,,,10.5001,,ok,0.3669
496.5633,689,,,0.963,,,,,,501.8926,r2_measured_02175,read,measured,,,,,3.9236,,ok,0.3692
532.728,678,,,0.7014,,,,,,538.7247,r2_measured_02176,read,measured,,,,,4.8658,,ok,0.3562
529.0951,679,,,1.0717,,,,,,533.877,r2_measured_02177,read,measured,,,,,3.2792,,ok,0.3573
514.1836,663,,,0.8171,,,,,,521.3004,r2_measured_02178,read,measured,,,,,5.8436,,ok,0.3863
539.2695,679,,,0.7877,,,,,,550.7367,r2_measured_02179,read,measured,,,,,10.251,,ok,0.3478
374.8282,369,278.7285,5.4629,0.2719,49.5029,1,5.4614,1,27.361,376.6616,r2_measured_02180,update,measured,21.8981,1.8334,1,0.0053,1.1472,19.2305,ok,0.3612
512.8829,680,,,0.7289,,,,,,520.3412,r2_measured_02181,read,measured,,,,,6.3238,,ok,0.3382
681.3157,675,513.6899,4.9515,1.3693,99.1263,1,4.9497,1,27.6285,713.7033,r2_measured_02182,update,measured,22.677,32.3876,1,14.1642,30.4888,26.7068,ok,0.4336
506.2765,680,,,0.6822,,,,,,513.149,r2_measured_02183,read,measured,,,,,5.7346,,ok,0.3692
384.8301,509,,,0.788,,,,,,396.4199,r2_measured_02184,read,measured,,,,,10.3909,,ok,0.345
497.1604,681,,,1.5584,,,,,,505.1625,r2_measured_02185,read,measured,,,,,5.991,,ok,0.3727
378.2544,509,,,1.0555,,,,,,388.0594,r2_measured_02186,read,measured,,,,,8.3593,,ok,0.3236
284.2178,368,,,0.2522,,,,,,287.1841,r2_measured_02187,read,measured,,,,,2.3316,,ok,0.3284
541.5205,681,,,0.7097,,,,,,551.7955,r2_measured_02188,read,measured,,,,,9.0013,,ok,0.4579
422.5525,566,,,0.8644,,,,,,428.1888,r2_measured_02189,read,measured,,,,,4.3336,,ok,0.3595
446.6796,417,299.0502,10.2575,0.3426,66.6596,1,10.2558,1,38.4403,449.4064,r2_measured_02190,update,measured,28.1828,2.7268,1,18.3612,1.908,24.1683,ok,0.4074
519.3052,679,,,0.9137,,,,,,527.0518,r2_measured_02191,read,measured,,,,,6.3944,,ok,0.3618
308.6021,419,,,0.3288,,,,,,310.6929,r2_measured_02192,read,measured,,,,,1.2944,,ok,0.3988
513.17,687,,,0.6936,,,,,,521.6054,r2_measured_02193,read,measured,,,,,7.263,,ok,0.3828
457.9132,628,,,0.6427,,,,,,465.5395,r2_measured_02194,read,measured,,,,,6.5143,,ok,0.3787
462.532,628,,,0.7317,,,,,,465.3741,r2_measured_02195,read,measured,,,,,1.6663,,ok,0.3663
376.5592,509,,,0.7986,,,,,,384.4834,r2_measured_02196,read,measured,,,,,6.6855,,ok,0.3635
406.4175,509,,,0.6744,,,,,,413.6328,r2_measured_02197,read,measured,,,,,6.0857,,ok,0.3759
499.4071,627,,,0.8949,,,,,,505.7189,r2_measured_02198,read,measured,,,,,4.9673,,ok,0.3674
404.1716,509,,,0.8772,,,,,,414.7346,r2_measured_02199,read,measured,,,,,9.0744,,ok,0.364
448.5565,567,,,0.9939,,,,,,453.5775,r2_measured_02200,read,measured,,,,,3.5533,,ok,0.3834
505.2469,688,,,0.7949,,,,,,514.7422,r2_measured_02201,read,measured,,,,,8.2826,,ok,0.3397
468.3833,418,296.0135,24.3441,0.3085,59.7339,0,24.3424,1,54.1145,470.7178,r2_measured_02202,update,measured,29.7704,2.3345,1,32.5304,1.6229,25.991,ok,0.3382
296.3086,369,,,0.2658,,,,,,299.9494,r2_measured_02203,read,measured,,,,,2.9673,,ok,0.3539
531.9841,680,,,0.8235,,,,,,543.6067,r2_measured_02204,read,measured,,,,,10.3777,,ok,0.3421
527.6085,681,,,1.0772,,,,,,533.1593,r2_measured_02205,read,measured,,,,,3.9708,,ok,0.3924
304.5982,419,,,0.3329,,,,,,305.9319,r2_measured_02206,read,measured,,,,,0.5596,,ok,0.3675
536.5862,688,,,0.7832,,,,,,546.0746,r2_measured_02207,read,measured,,,,,8.1903,,ok,0.3903
555.9498,681,,,0.9139,,,,,,568.4007,r2_measured_02208,read,measured,,,,,11.0816,,ok,0.362
535.368,680,,,0.7677,,,,,,542.6353,r2_measured_02209,read,measured,,,,,6.0348,,ok,0.3664
424.8903,567,,,0.7597,,,,,,432.9833,r2_measured_02210,read,measured,,,,,6.8575,,ok,0.3767
527.0433,662,,,1.199,,,,,,536.7936,r2_measured_02211,read,measured,,,,,8.0499,,ok,0.4058
563.7875,686,,,1.0478,,,,,,569.2175,r2_measured_02212,read,measured,,,,,3.7691,,ok,0.4975
557.6328,675,,,0.6591,,,,,,571.1278,r2_measured_02213,read,measured,,,,,12.4165,,ok,0.3543
281.9472,369,,,0.3585,,,,,,283.7876,r2_measured_02214,read,measured,,,,,1.0892,,ok,0.3343
424.7451,507,,,1.0634,,,,,,434.0834,r2_measured_02215,read,measured,,,,,7.8429,,ok,0.3574
543.3129,661,,,0.645,,,,,,550.5638,r2_measured_02216,read,measured,,,,,6.1461,,ok,0.3766
308.0209,369,,,0.3316,,,,,,311.4984,r2_measured_02217,read,measured,,,,,2.6993,,ok,0.3625
549.7711,680,,,0.6083,,,,,,556.1721,r2_measured_02218,read,measured,,,,,5.3811,,ok,0.3372
537.4809,680,,,0.9794,,,,,,545.9432,r2_measured_02219,read,measured,,,,,7.0703,,ok,0.3358
558.5977,688,,,0.8296,,,,,,562.4322,r2_measured_02220,read,measured,,,,,2.5293,,ok,0.3894
528.2112,680,,,0.7282,,,,,,536.0509,r2_measured_02221,read,measured,,,,,6.653,,ok,0.3732
540.0066,680,,,0.8036,,,,,,548.8136,r2_measured_02222,read,measured,,,,,7.5484,,ok,0.3761
458.6735,568,,,0.8804,,,,,,466.0499,r2_measured_02223,read,measured,,,,,6.0485,,ok,0.3731
537.8691,681,,,0.7335,,,,,,544.6682,r2_measured_02224,read,measured,,,,,5.6172,,ok,0.3712
479.4249,624,,,0.622,,,,,,483.2793,r2_measured_02225,read,measured,,,,,2.7648,,ok,0.3819
314.1943,418,,,0.3475,,,,,,318.6705,r2_measured_02226,read,measured,,,,,3.6538,,ok,0.4003
468.776,628,,,0.6119,,,,,,473.9633,r2_measured_02227,read,measured,,,,,4.0979,,ok,0.4045
519.1936,689,,,0.7446,,,,,,526.1923,r2_measured_02228,read,measured,,,,,5.7968,,ok,0.3786
495.0556,675,,,0.9564,,,,,,503.388,r2_measured_02229,read,measured,,,,,6.9135,,ok,0.3792
590.7275,566,419.52,7.6428,0.5345,84.7428,1,7.641,1,42.7749,595.845,r2_measured_02230,update,measured,35.1321,5.1175,1,14.3095,4.1765,29.3803,ok,0.3377
504.7556,680,,,0.655,,,,,,511.1775,r2_measured_02231,read,measured,,,,,5.3128,,ok,0.3699
501.3186,680,,,0.5463,,,,,,508.3026,r2_measured_02232,read,measured,,,,,6.0114,,ok,0.3555
484.9248,681,,,0.7279,,,,,,490.4397,r2_measured_02233,read,measured,,,,,4.3349,,ok,0.3703
495.4601,675,,,1.0811,,,,,,501.9639,r2_measured_02234,read,measured,,,,,4.9457,,ok,0.3751
513.1036,686,,,0.8041,,,,,,522.1744,r2_measured_02235,read,measured,,,,,7.8173,,ok,0.3738
527.6858,688,,,0.8576,,,,,,533.9219,r2_measured_02236,read,measured,,,,,4.9226,,ok,0.3832
286.978,419,,,0.2972,,,,,,289.9013,r2_measured_02237,read,measured,,,,,2.2074,,ok,0.3607
358.8022,509,,,0.8962,,,,,,364.8447,r2_measured_02238,read,measured,,,,,4.7039,,ok,0.3708
466.6039,628,,,0.6241,,,,,,472.8058,r2_measured_02239,read,measured,,,,,5.1189,,ok,0.3822
407.3439,567,,,1.0379,,,,,,412.8922,r2_measured_02240,read,measured,,,,,4.0874,,ok,0.3532
499.9447,675,,,0.713,,,,,,503.4567,r2_measured_02241,read,measured,,,,,2.3473,,ok,0.3712
488.0199,675,,,1.0189,,,,,,492.9158,r2_measured_02242,read,measured,,,,,3.4536,,ok,0.3555
269.8293,368,,,0.291,,,,,,270.9494,r2_measured_02243,read,measured,,,,,0.3958,,ok,0.3715
277.869,369,,,0.6874,,,,,,281.431,r2_measured_02244,read,measured,,,,,2.4349,,ok,0.3753
474.5002,628,,,0.775,,,,,,485.3224,r2_measured_02245,read,measured,,,,,9.5795,,ok,0.3827
480.286,627,,,0.8962,,,,,,490.1086,r2_measured_02246,read,measured,,,,,8.4561,,ok,0.3768
433.5708,568,,,0.5837,,,,,,441.3824,r2_measured_02247,read,measured,,,,,6.789,,ok,0.3634
485.9297,627,,,0.867,,,,,,496.4615,r2_measured_02248,read,measured,,,,,9.2261,,ok,0.3703
507.429,626,,,0.6491,,,,,,517.9582,r2_measured_02249,read,measured,,,,,9.4553,,ok,0.3521
473.443,628,,,0.4874,,,,,,485.0132,r2_measured_02250,read,measured,,,,,10.6767,,ok,0.3429
480.5224,628,,,1.0601,,,,,,489.3442,r2_measured_02251,read,measured,,,,,7.3398,,ok,0.3502
407.8472,509,,,0.5686,,,,,,424.2998,r2_measured_02252,read,measured,,,,,15.3959,,ok,0.4228
509.9598,680,,,0.7753,,,,,,518.1118,r2_measured_02253,read,measured,,,,,6.926,,ok,0.369
400.2707,509,,,0.6671,,,,,,409.4621,r2_measured_02254,read,measured,,,,,8.1041,,ok,0.3564
307.6041,419,,,1.1399,,,,,,310.5075,r2_measured_02255,read,measured,,,,,1.3372,,ok,0.3671
279.9581,369,,,0.2635,,,,,,281.7636,r2_measured_02256,read,measured,,,,,1.1168,,ok,0.3715
497.3859,662,,,0.8844,,,,,,508.2789,r2_measured_02257,read,measured,,,,,9.495,,ok,0.4236
322.1158,419,,,0.4275,,,,,,326.0476,r2_measured_02258,read,measured,,,,,3.0754,,ok,0.3619
521.6917,689,,,0.6671,,,,,,525.3146,r2_measured_02259,read,measured,,,,,2.5048,,ok,0.3697
319.9555,418,,,0.3103,,,,,,321.949,r2_measured_02260,read,measured,,,,,1.265,,ok,0.3586
379.6557,507,,,0.6465,,,,,,390.5638,r2_measured_02261,read,measured,,,,,9.821,,ok,0.3645
529.9439,672,,,0.7529,,,,,,539.5138,r2_measured_02262,read,measured,,,,,8.3623,,ok,0.3677
417.1956,568,,,1.4785,,,,,,449.8223,r2_measured_02263,read,measured,,,,,29.6316,,ok,0.7374
529.6767,681,,,0.7016,,,,,,536.5526,r2_measured_02264,read,measured,,,,,5.7205,,ok,0.3832
518.5253,679,,,0.8769,,,,,,528.9615,r2_measured_02265,read,measured,,,,,8.9539,,ok,0.5243
561.1273,687,,,0.7376,,,,,,566.5203,r2_measured_02266,read,measured,,,,,4.254,,ok,0.3272
542.996,681,,,0.849,,,,,,549.9445,r2_measured_02267,read,measured,,,,,5.6681,,ok,0.3629
451.0231,567,,,0.6789,,,,,,458.1434,r2_measured_02268,read,measured,,,,,6.0321,,ok,0.3464
442.3961,567,,,1.1859,,,,,,453.5201,r2_measured_02269,read,measured,,,,,9.5359,,ok,0.3353
541.7512,681,,,1.6727,,,,,,554.7319,r2_measured_02270,read,measured,,,,,10.8726,,ok,0.3643
404.1817,509,,,0.8407,,,,,,417.6407,r2_measured_02271,read,measured,,,,,12.1418,,ok,0.3934
356.6628,417,,,0.3741,,,,,,360.9953,r2_measured_02272,read,measured,,,,,3.4502,,ok,0.4316
459.4454,568,,,1.1183,,,,,,470.1251,r2_measured_02273,read,measured,,,,,9.1385,,ok,0.3579
517.9473,688,,,0.6777,,,,,,525.6256,r2_measured_02274,read,measured,,,,,6.5407,,ok,0.377
503.9233,628,,,0.8329,,,,,,515.7926,r2_measured_02275,read,measured,,,,,10.5898,,ok,0.3664
311.3807,369,,,0.2762,,,,,,314.9119,r2_measured_02276,read,measured,,,,,2.8323,,ok,0.363
600.2083,679,,,0.8051,,,,,,604.5479,r2_measured_02277,read,measured,,,,,3.1103,,ok,0.3454
561.7267,675,,,0.9483,,,,,,567.8911,r2_measured_02278,read,measured,,,,,4.759,,ok,0.3809
468.2673,566,,,0.8603,,,,,,479.1388,r2_measured_02279,read,measured,,,,,9.4808,,ok,0.4566
532.7379,663,,,0.895,,,,,,537.0359,r2_measured_02280,read,measured,,,,,2.945,,ok,0.3845
563.1211,678,,,0.7356,,,,,,571.3739,r2_measured_02281,read,measured,,,,,7.0918,,ok,0.354
269.5914,369,,,0.3477,,,,,,271.6823,r2_measured_02282,read,measured,,,,,1.3053,,ok,0.3719
537.6966,681,,,0.7436,,,,,,546.4902,r2_measured_02283,read,measured,,,,,7.6078,,ok,0.3644
501.0294,627,,,0.736,,,,,,511.6869,r2_measured_02284,read,measured,,,,,9.4623,,ok,0.3841
410.1807,509,,,0.7847,,,,,,418.8015,r2_measured_02285,read,measured,,,,,7.3775,,ok,0.3837
559.3914,687,,,0.9753,,,,,,569.4909,r2_measured_02286,read,measured,,,,,8.6883,,ok,0.361
547.3551,674,,,0.6483,,,,,,558.3483,r2_measured_02287,read,measured,,,,,9.884,,ok,0.3788
538.2653,660,,,0.8177,,,,,,548.0093,r2_measured_02288,read,measured,,,,,8.4996,,ok,0.3571
352.2628,418,,,0.3177,,,,,,354.7984,r2_measured_02289,read,measured,,,,,1.7611,,ok,0.393
556.4562,680,,,1.2692,,,,,,571.6934,r2_measured_02290,read,measured,,,,,13.5047,,ok,0.378
546.9629,681,,,0.8168,,,,,,550.6866,r2_measured_02291,read,measured,,,,,2.4621,,ok,0.3647
556.2825,675,,,0.6886,,,,,,563.2231,r2_measured_02292,read,measured,,,,,5.8221,,ok,0.3502
694.3508,628,479.8696,6.7232,0.544,106.1504,0,6.7215,1,36.4911,700.9302,r2_measured_02293,update,measured,29.7679,6.5794,1,0.0069,5.5786,71.8328,ok,0.3773
396.1664,509,,,1.2958,,,,,,402.9666,r2_measured_02294,read,measured,,,,,5.0741,,ok,0.3663
330.5526,417,,,0.3078,,,,,,335.0487,r2_measured_02295,read,measured,,,,,3.7659,,ok,0.3579
502.6985,680,,,2.255,,,,,,508.4075,r2_measured_02296,read,measured,,,,,3.0268,,ok,0.355
429.0292,566,,,0.6388,,,,,,432.3356,r2_measured_02297,read,measured,,,,,2.1958,,ok,0.3943
510.3172,674,,,0.8531,,,,,,517.1595,r2_measured_02298,read,measured,,,,,5.5703,,ok,0.3492
491.4003,674,,,0.7594,,,,,,499.3913,r2_measured_02299,read,measured,,,,,6.81,,ok,0.351
450.8333,629,,,1.0522,,,,,,453.8834,r2_measured_02300,read,measured,,,,,1.5569,,ok,0.3675
270.7199,368,,,0.2682,,,,,,273.5435,r2_measured_02301,read,measured,,,,,2.1305,,ok,0.3645
519.0888,681,,,0.7157,,,,,,526.3301,r2_measured_02302,read,measured,,,,,6.043,,ok,0.4013
394.6026,509,,,0.7486,,,,,,403.3852,r2_measured_02303,read,measured,,,,,7.4982,,ok,0.4536
476.0103,627,,,0.7931,,,,,,483.1192,r2_measured_02304,read,measured,,,,,5.8777,,ok,0.3694
529.3359,681,,,0.829,,,,,,538.327,r2_measured_02305,read,measured,,,,,7.7216,,ok,0.3544
405.4079,568,,,0.8974,,,,,,413.6533,r2_measured_02306,read,measured,,,,,6.9037,,ok,0.3705
478.4873,679,,,0.6079,,,,,,487.6619,r2_measured_02307,read,measured,,,,,8.1078,,ok,0.374
289.6069,419,,,0.3329,,,,,,291.5377,r2_measured_02308,read,measured,,,,,1.1739,,ok,0.3598
310.0321,419,,,0.2977,,,,,,312.6274,r2_measured_02309,read,measured,,,,,1.887,,ok,0.3579
519.7031,686,,,1.5565,,,,,,530.9044,r2_measured_02310,read,measured,,,,,9.1882,,ok,0.3846
506.4814,681,,,0.848,,,,,,515.0417,r2_measured_02311,read,measured,,,,,7.2746,,ok,0.3668
509.8746,689,,,0.9411,,,,,,517.0718,r2_measured_02312,read,measured,,,,,5.8151,,ok,0.3648
407.6547,567,,,0.7839,,,,,,421.0523,r2_measured_02313,read,measured,,,,,12.1447,,ok,0.3921
555.5982,686,,,0.653,,,,,,561.5554,r2_measured_02314,read,measured,,,,,4.873,,ok,0.3595
490.7396,678,,,0.9811,,,,,,535.5043,r2_measured_02315,read,measured,,,,,43.2993,,ok,0.3863
431.9614,567,,,0.9119,,,,,,435.5296,r2_measured_02316,read,measured,,,,,2.2048,,ok,0.3719
307.2324,419,,,0.2925,,,,,,309.2282,r2_measured_02317,read,measured,,,,,1.3073,,ok,0.3381
528.768,662,,,1.0549,,,,,,536.5969,r2_measured_02318,read,measured,,,,,6.3383,,ok,0.356
265.5446,368,,,0.2754,,,,,,269.2132,r2_measured_02319,read,measured,,,,,2.967,,ok,0.3729
501.396,628,,,0.6179,,,,,,510.048,r2_measured_02320,read,measured,,,,,7.5864,,ok,0.3773
542.764,688,,,1.117,,,,,,551.8999,r2_measured_02321,read,measured,,,,,7.5782,,ok,0.365
552.6738,688,,,0.604,,,,,,559.4288,r2_measured_02322,read,measured,,,,,5.7279,,ok,0.3551
536.2322,661,,,0.5847,,,,,,548.4264,r2_measured_02323,read,measured,,,,,11.1824,,ok,0.3612
733.9164,625,521.7967,13.4746,0.9205,105.488,1,13.4731,1,63.478,740.935,r2_measured_02324,update,measured,50.0034,7.0186,1,16.4182,5.6263,26.7355,ok,0.3973
351.4272,417,,,1.2017,,,,,,357.497,r2_measured_02325,read,measured,,,,,4.4147,,ok,0.392
508.1418,628,,,1.0339,,,,,,514.8758,r2_measured_02326,read,measured,,,,,5.1749,,ok,0.437
294.1602,369,,,0.2723,,,,,,297.2208,r2_measured_02327,read,measured,,,,,2.3599,,ok,0.3679
534.7178,627,,,1.3641,,,,,,540.7003,r2_measured_02328,read,measured,,,,,4.1342,,ok,0.4017
383.941,509,,,0.9256,,,,,,408.7459,r2_measured_02329,read,measured,,,,,23.4183,,ok,0.388
566.6472,663,,,0.7708,,,,,,582.9336,r2_measured_02330,read,measured,,,,,15.0193,,ok,0.4102
674.4139,568,486.0544,8.8862,1.1902,89.8421,0,8.8844,1,41.7393,679.2859,r2_measured_02331,update,measured,32.8531,4.872,1,18.4423,3.2872,38.3358,ok,0.3391
530.3909,629,,,0.7409,,,,,,546.2385,r2_measured_02332,read,measured,,,,,14.6141,,ok,0.4142
553.6763,680,,,0.7823,,,,,,564.0858,r2_measured_02333,read,measured,,,,,9.2087,,ok,0.3484
578.3469,680,,,0.6137,,,,,,586.4131,r2_measured_02334,read,measured,,,,,7.0244,,ok,0.3571
575.6514,689,,,0.8631,,,,,,582.8161,r2_measured_02335,read,measured,,,,,5.8641,,ok,0.3605
503.0414,625,,,0.7494,,,,,,509.8893,r2_measured_02336,read,measured,,,,,5.6719,,ok,0.3655
320.9825,369,,,0.2886,,,,,,322.8303,r2_measured_02337,read,measured,,,,,1.1055,,ok,0.3879
570.9799,680,,,0.5307,,,,,,578.3878,r2_measured_02338,read,measured,,,,,6.4823,,ok,0.3337
576.5392,688,,,0.5707,,,,,,590.5948,r2_measured_02339,read,measured,,,,,13.0766,,ok,0.3449
525.4588,629,,,0.5513,,,,,,532.5034,r2_measured_02340,read,measured,,,,,6.0862,,ok,0.3464
750.6907,687,529.0373,8.5159,1.0435,128.237,1,8.5141,1,47.8045,758.2245,r2_measured_02341,update,measured,39.2886,7.5338,1,14.9388,6.0707,30.6731,ok,0.3531
461.7476,567,,,0.5846,,,,,,475.9516,r2_measured_02342,read,measured,,,,,13.2261,,ok,0.3338
305.9119,369,,,0.2658,,,,,,309.24,r2_measured_02343,read,measured,,,,,2.6662,,ok,0.3395
482.7551,628,,,0.5404,,,,,,490.5506,r2_measured_02344,read,measured,,,,,6.8234,,ok,0.36
501.6717,680,,,0.6434,,,,,,511.3788,r2_measured_02345,read,measured,,,,,8.6427,,ok,0.3509
477.1324,663,,,0.7706,,,,,,483.5718,r2_measured_02346,read,measured,,,,,5.2342,,ok,0.3595
512.3796,679,,,0.8229,,,,,,523.6427,r2_measured_02347,read,measured,,,,,10.0044,,ok,0.3637
706.6364,687,507.3293,7.2009,0.9491,121.0299,1,7.1991,1,35.6382,714.0617,r2_measured_02348,update,measured,28.4373,7.4253,1,16.8988,6.0383,25.7402,ok,0.3641
285.7303,419,,,0.2861,,,,,,288.5059,r2_measured_02349,read,measured,,,,,2.0727,,ok,0.3581
499.097,662,,,0.8669,,,,,,508.7205,r2_measured_02350,read,measured,,,,,8.3075,,ok,0.37
515.863,663,,,0.7284,,,,,,526.5744,r2_measured_02351,read,measured,,,,,9.5548,,ok,0.3518
357.0929,507,,,0.7372,,,,,,370.6311,r2_measured_02352,read,measured,,,,,12.3748,,ok,0.3634
499.5662,679,,,0.9406,,,,,,504.2586,r2_measured_02353,read,measured,,,,,3.311,,ok,0.3653
278.053,418,,,0.2917,,,,,,281.2824,r2_measured_02354,read,measured,,,,,2.5317,,ok,0.3443
512.434,672,,,1.2877,,,,,,521.1923,r2_measured_02355,read,measured,,,,,7.0443,,ok,0.356
474.6444,628,,,0.6055,,,,,,484.2409,r2_measured_02356,read,measured,,,,,8.5273,,ok,0.3781
497.0708,674,,,0.6557,,,,,,503.1009,r2_measured_02357,read,measured,,,,,4.942,,ok,0.3639
469.8875,629,,,0.853,,,,,,479.7814,r2_measured_02358,read,measured,,,,,8.5975,,ok,0.377
486.0869,628,,,0.7856,,,,,,498.026,r2_measured_02359,read,measured,,,,,10.6909,,ok,0.3877
438.4334,566,,,0.9688,,,,,,442.1983,r2_measured_02360,read,measured,,,,,2.3445,,ok,0.3774
395.3075,505,,,0.7686,,,,,,406.1192,r2_measured_02361,read,measured,,,,,9.6036,,ok,0.3593
397.3668,509,,,0.8858,,,,,,400.5924,r2_measured_02362,read,measured,,,,,1.9361,,ok,0.3469
536.1717,681,,,0.6204,,,,,,547.8386,r2_measured_02363,read,measured,,,,,10.6054,,ok,0.3617
339.2429,417,,,0.3075,,,,,,340.9208,r2_measured_02364,read,measured,,,,,0.9538,,ok,0.3538
530.5981,675,,,0.6307,,,,,,536.5976,r2_measured_02365,read,measured,,,,,4.9242,,ok,0.3621
533.5358,681,,,0.9909,,,,,,543.7085,r2_measured_02366,read,measured,,,,,8.7473,,ok,0.3604
495.7759,679,,,0.5744,,,,,,500.4176,r2_measured_02367,read,measured,,,,,3.6302,,ok,0.3591
527.8988,689,,,0.974,,,,,,552.8688,r2_measured_02368,read,measured,,,,,23.3532,,ok,0.5042
495.1296,689,,,1.4623,,,,,,520.9773,r2_measured_02369,read,measured,,,,,23.2273,,ok,0.7183
549.0232,680,,,0.5281,,,,,,554.3269,r2_measured_02370,read,measured,,,,,4.3651,,ok,0.3441
560.3272,680,,,0.8158,,,,,,566.7126,r2_measured_02371,read,measured,,,,,5.1764,,ok,0.3308
554.7549,687,,,0.5036,,,,,,569.7384,r2_measured_02372,read,measured,,,,,14.0884,,ok,0.329
543.4874,689,,,0.5703,,,,,,547.9477,r2_measured_02373,read,measured,,,,,3.5038,,ok,0.3228
304.1385,417,,,0.2736,,,,,,305.6159,r2_measured_02374,read,measured,,,,,0.8266,,ok,0.3253
510.6789,628,,,0.6188,,,,,,515.1799,r2_measured_02375,read,measured,,,,,3.4937,,ok,0.3307
464.7885,567,,,1.3556,,,,,,470.5377,r2_measured_02376,read,measured,,,,,4.0273,,ok,0.3115
530.1485,679,,,0.5913,,,,,,534.435,r2_measured_02377,read,measured,,,,,3.2706,,ok,0.3558
678.8196,689,514.8106,3.9323,0.7149,99.5751,1,3.9306,1,25.3574,686.6224,r2_measured_02378,update,measured,21.4251,7.8028,1,11.7893,6.6426,27.2872,ok,0.3673
532.7111,681,,,0.6508,,,,,,538.2678,r2_measured_02379,read,measured,,,,,4.4605,,ok,0.3782
409.5636,509,,,0.4979,,,,,,412.7814,r2_measured_02380,read,measured,,,,,2.3052,,ok,0.3538
535.3681,680,,,0.7034,,,,,,546.1701,r2_measured_02381,read,measured,,,,,9.6387,,ok,0.3811
486.5822,627,,,1.84,,,,,,501.5331,r2_measured_02382,read,measured,,,,,12.718,,ok,0.3293
536.1364,688,,,0.7632,,,,,,544.0095,r2_measured_02383,read,measured,,,,,6.6836,,ok,0.3592
667.5855,662,434.5742,6.0766,0.5497,104.019,1,6.0751,1,51.2474,672.9698,r2_measured_02384,update,measured,45.1708,5.3843,1,48.4967,4.4248,29.2482,ok,0.3441
366.4273,509,,,0.4574,,,,,,374.2389,r2_measured_02385,read,measured,,,,,6.9551,,ok,0.3415
411.908,568,,,1.0276,,,,,,424.4827,r2_measured_02386,read,measured,,,,,11.1213,,ok,0.366
281.3953,419,,,0.4706,,,,,,285.9732,r2_measured_02387,read,measured,,,,,3.7133,,ok,0.3403
448.9825,687,,,0.7975,,,,,,463.7735,r2_measured_02388,read,measured,,,,,13.5567,,ok,0.3576
462.0813,689,,,1.452,,,,,,469.4697,r2_measured_02389,read,measured,,,,,5.5127,,ok,0.3531
452.1669,688,,,0.7057,,,,,,461.511,r2_measured_02390,read,measured,,,,,8.1964,,ok,0.3725
450.8945,689,,,0.5037,,,,,,457.5691,r2_measured_02391,read,measured,,,,,5.77,,ok,0.3361
276.748,418,,,0.2814,,,,,,278.714,r2_measured_02392,read,measured,,,,,1.2869,,ok,0.3429
427.4475,626,,,0.645,,,,,,439.2482,r2_measured_02393,read,measured,,,,,10.7529,,ok,0.3376
500.8212,689,,,0.7554,,,,,,506.512,r2_measured_02394,read,measured,,,,,4.4696,,ok,0.3928
474.981,663,,,0.7173,,,,,,484.8772,r2_measured_02395,read,measured,,,,,8.6784,,ok,0.4326
528.5738,663,,,1.1054,,,,,,533.525,r2_measured_02396,read,measured,,,,,3.3533,,ok,0.4041
539.5449,674,,,0.5627,,,,,,551.6456,r2_measured_02397,read,measured,,,,,11.1042,,ok,0.3621
325.9055,419,,,0.282,,,,,,327.7173,r2_measured_02398,read,measured,,,,,1.1332,,ok,0.3458
531.0807,688,,,0.6302,,,,,,552.7012,r2_measured_02399,read,measured,,,,,20.5564,,ok,0.3535
491.5277,627,,,1.1283,,,,,,507.6553,r2_measured_02400,read,measured,,,,,14.4642,,ok,0.4569
327.351,419,,,0.3645,,,,,,329.6093,r2_measured_02401,read,measured,,,,,1.3891,,ok,0.4463
436.8369,568,,,0.581,,,,,,442.7703,r2_measured_02402,read,measured,,,,,4.9114,,ok,0.3629
464.5378,566,,,0.798,,,,,,479.4966,r2_measured_02403,read,measured,,,,,13.7187,,ok,0.3679
533.3466,681,,,0.5214,,,,,,541.7109,r2_measured_02404,read,measured,,,,,7.4419,,ok,0.3381
501.6874,675,,,0.5628,,,,,,506.5582,r2_measured_02405,read,measured,,,,,3.9095,,ok,0.3325
486.2029,628,,,0.91,,,,,,493.6176,r2_measured_02406,read,measured,,,,,6.0999,,ok,0.3367
517.5992,663,,,0.7129,,,,,,528.3754,r2_measured_02407,read,measured,,,,,9.6786,,ok,0.3248
359.4008,419,,,0.286,,,,,,361.2122,r2_measured_02408,read,measured,,,,,1.1304,,ok,0.3363
559.701,568,376.8542,5.3378,0.4794,120.4672,1,5.3364,1,31.6182,567.3858,r2_measured_02409,update,measured,26.2804,7.6848,1,0.0063,6.8212,30.7551,ok,0.3243
414.9729,628,,,0.6661,,,,,,420.6508,r2_measured_02410,read,measured,,,,,4.6271,,ok,0.3279
468.0583,680,,,0.5399,,,,,,477.8341,r2_measured_02411,read,measured,,,,,8.7844,,ok,0.386
657.7473,689,480.5604,6.693,0.7739,106.5655,1,6.6912,1,30.9133,669.264,r2_measured_02412,update,measured,24.2203,11.5167,1,11.8177,10.3595,27.8904,ok,0.3173
403.3152,628,,,0.697,,,,,,411.5396,r2_measured_02413,read,measured,,,,,7.1349,,ok,0.3241
511.2212,687,,,0.8674,,,,,,517.5811,r2_measured_02414,read,measured,,,,,5.0949,,ok,0.3342
477.832,680,,,0.6235,,,,,,484.737,r2_measured_02415,read,measured,,,,,5.8739,,ok,0.3344
479.621,680,,,0.7997,,,,,,486.0848,r2_measured_02416,read,measured,,,,,5.2107,,ok,0.3868
262.7414,419,,,0.2775,,,,,,265.4963,r2_measured_02417,read,measured,,,,,2.1007,,ok,0.3212
481.1235,681,,,1.5451,,,,,,487.4762,r2_measured_02418,read,measured,,,,,4.408,,ok,0.3319
489.5874,687,,,1.1218,,,,,,502.6714,r2_measured_02419,read,measured,,,,,11.4345,,ok,0.4499
453.92,629,,,0.8024,,,,,,456.7163,r2_measured_02420,read,measured,,,,,1.5751,,ok,0.3514
307.412,417,,,0.2728,,,,,,310.2939,r2_measured_02421,read,measured,,,,,2.2461,,ok,0.3166
514.1257,689,,,0.5855,,,,,,521.6576,r2_measured_02422,read,measured,,,,,6.4999,,ok,0.3625
375.8781,509,,,0.9849,,,,,,386.5075,r2_measured_02423,read,measured,,,,,9.1959,,ok,0.3715
467.2704,681,,,0.697,,,,,,472.0284,r2_measured_02424,read,measured,,,,,3.5776,,ok,0.3949
375.3898,508,,,0.6188,,,,,,385.0874,r2_measured_02425,read,measured,,,,,8.6553,,ok,0.3556
497.0784,680,,,0.6148,,,,,,504.442,r2_measured_02426,read,measured,,,,,6.2561,,ok,0.4079
507.9418,680,,,0.9884,,,,,,515.128,r2_measured_02427,read,measured,,,,,5.7757,,ok,0.3551
464.2329,628,,,0.5867,,,,,,467.1401,r2_measured_02428,read,measured,,,,,1.9084,,ok,0.3469
399.88,567,,,0.6614,,,,,,410.9539,r2_measured_02429,read,measured,,,,,9.9973,,ok,0.3498
376.4089,509,,,0.5038,,,,,,387.1904,r2_measured_02430,read,measured,,,,,9.8268,,ok,0.378
431.6847,627,,,0.6274,,,,,,435.3601,r2_measured_02431,read,measured,,,,,2.5304,,ok,0.4178
461.88,662,,,1.0601,,,,,,465.1621,r2_measured_02432,read,measured,,,,,1.7719,,ok,0.3813
488.6443,680,,,0.7287,,,,,,496.7483,r2_measured_02433,read,measured,,,,,6.9312,,ok,0.3675
306.0246,419,,,0.3064,,,,,,308.7932,r2_measured_02434,read,measured,,,,,2.0439,,ok,0.3565
475.6486,679,,,0.6947,,,,,,482.7592,r2_measured_02435,read,measured,,,,,5.9653,,ok,0.3692
252.6011,368,,,0.2519,,,,,,256.027,r2_measured_02436,read,measured,,,,,2.717,,ok,0.4068
472.6572,673,,,0.751,,,,,,478.2937,r2_measured_02437,read,measured,,,,,4.4642,,ok,0.348
479.5797,680,,,1.2131,,,,,,487.9219,r2_measured_02438,read,measured,,,,,6.6625,,ok,0.3828
294.4213,419,,,0.3,,,,,,296.8328,r2_measured_02439,read,measured,,,,,1.7163,,ok,0.333
251.8989,369,,,0.2773,,,,,,255.3947,r2_measured_02440,read,measured,,,,,2.7978,,ok,0.3651
432.1792,628,,,0.5821,,,,,,441.8536,r2_measured_02441,read,measured,,,,,8.6429,,ok,0.3696
297.5391,419,,,0.3308,,,,,,301.0552,r2_measured_02442,read,measured,,,,,2.763,,ok,0.3674
479.0545,678,,,0.7725,,,,,,485.3985,r2_measured_02443,read,measured,,,,,5.1179,,ok,0.374
293.5561,419,,,0.3249,,,,,,295.9896,r2_measured_02444,read,measured,,,,,1.6737,,ok,0.3712
273.9789,369,,,0.2765,,,,,,280.8722,r2_measured_02445,read,measured,,,,,6.2069,,ok,0.3501
482.7758,687,,,0.7905,,,,,,491.2769,r2_measured_02446,read,measured,,,,,7.265,,ok,0.3724
474.2621,687,,,0.617,,,,,,483.4301,r2_measured_02447,read,measured,,,,,8.1159,,ok,0.366
478.5527,680,,,0.8376,,,,,,481.3002,r2_measured_02448,read,measured,,,,,1.4475,,ok,0.3779
437.6763,628,,,0.5731,,,,,,442.4398,r2_measured_02449,read,measured,,,,,3.7646,,ok,0.3571
475.4343,679,,,0.5865,,,,,,482.3705,r2_measured_02450,read,measured,,,,,5.9043,,ok,0.3651
262.2838,369,,,0.3011,,,,,,266.9996,r2_measured_02451,read,measured,,,,,3.9692,,ok,0.3798
267.1576,369,,,0.2682,,,,,,268.6382,r2_measured_02452,read,measured,,,,,0.7863,,ok,0.3685
311.5162,417,,,0.2671,,,,,,313.7029,r2_measured_02453,read,measured,,,,,1.536,,ok,0.3321
265.3655,368,,,0.2656,,,,,,268.3401,r2_measured_02454,read,measured,,,,,2.3049,,ok,0.3504
469.8875,674,,,0.8414,,,,,,475.6126,r2_measured_02455,read,measured,,,,,4.4217,,ok,0.3696
456.0943,679,,,0.8891,,,,,,471.6905,r2_measured_02456,read,measured,,,,,14.2799,,ok,0.3517
441.9666,662,,,0.7428,,,,,,448.8749,r2_measured_02457,read,measured,,,,,5.712,,ok,0.3816
297.4165,419,,,0.2779,,,,,,301.7939,r2_measured_02458,read,measured,,,,,3.384,,ok,0.6556
484.8836,679,,,0.7351,,,,,,490.2026,r2_measured_02459,read,measured,,,,,4.1263,,ok,0.3799
363.4542,509,,,0.578,,,,,,376.5687,r2_measured_02460,read,measured,,,,,12.1074,,ok,0.364
467.3595,679,,,0.8072,,,,,,475.2528,r2_measured_02461,read,measured,,,,,6.6411,,ok,0.3627
287.2141,417,,,0.3103,,,,,,291.1046,r2_measured_02462,read,measured,,,,,3.0567,,ok,0.4405
467.8294,679,,,2.4508,,,,,,485.3441,r2_measured_02463,read,measured,,,,,12.92,,ok,2.0181
285.5392,419,,,0.3221,,,,,,288.3519,r2_measured_02464,read,measured,,,,,2.0857,,ok,0.3426
395.4059,567,,,0.7451,,,,,,400.8386,r2_measured_02465,read,measured,,,,,4.2688,,ok,0.3458
456.1467,628,,,0.8207,,,,,,461.4548,r2_measured_02466,read,measured,,,,,3.8946,,ok,0.4853
517.1562,686,,,0.5071,,,,,,520.9151,r2_measured_02467,read,measured,,,,,2.8642,,ok,0.3261
496.8103,681,,,0.6584,,,,,,502.8508,r2_measured_02468,read,measured,,,,,4.9872,,ok,0.3315
451.2989,628,,,0.9123,,,,,,459.0617,r2_measured_02469,read,measured,,,,,6.4708,,ok,0.3155
462.5021,628,,,0.6039,,,,,,466.3792,r2_measured_02470,read,measured,,,,,2.8743,,ok,0.3413
445.9125,567,,,0.6834,,,,,,455.5216,r2_measured_02471,read,measured,,,,,8.5658,,ok,0.3075
508.1898,681,,,0.6962,,,,,,512.8339,r2_measured_02472,read,measured,,,,,3.5348,,ok,0.3385
459.4919,628,,,0.7977,,,,,,467.0064,r2_measured_02473,read,measured,,,,,6.307,,ok,0.3425
500.8643,680,,,0.8253,,,,,,515.6945,r2_measured_02474,read,measured,,,,,13.5468,,ok,0.3916
500.0672,663,,,1.0556,,,,,,506.59,r2_measured_02475,read,measured,,,,,5.0506,,ok,0.3476
505.8785,679,,,0.6418,,,,,,510.9249,r2_measured_02476,read,measured,,,,,4.0008,,ok,0.3397
520.8373,689,,,3.5159,,,,,,539.1771,r2_measured_02477,read,measured,,,,,14.1113,,ok,0.5819
514.0943,662,,,0.9251,,,,,,519.5024,r2_measured_02478,read,measured,,,,,3.7214,,ok,0.6336
510.5726,628,,,1.1563,,,,,,517.6472,r2_measured_02479,read,measured,,,,,5.5156,,ok,0.3384
591.543,568,401.5635,4.0497,0.4748,91.1431,1,4.0481,1,34.536,601.2699,r2_measured_02480,update,measured,30.4863,9.7269,1,33.5458,8.8031,30.7546,ok,0.3219
452.0539,568,,,0.5905,,,,,,456.8239,r2_measured_02481,read,measured,,,,,3.5776,,ok,0.5325
278.2945,369,,,0.2479,,,,,,281.1731,r2_measured_02482,read,measured,,,,,2.2607,,ok,0.3144
467.4827,662,,,0.6345,,,,,,472.1566,r2_measured_02483,read,measured,,,,,3.6189,,ok,0.3544
473.32,675,,,0.6126,,,,,,480.9052,r2_measured_02484,read,measured,,,,,6.5897,,ok,0.3245
457.9427,627,,,0.4694,,,,,,470.7058,r2_measured_02485,read,measured,,,,,11.9129,,ok,0.3191
474.4923,663,,,0.5248,,,,,,485.2548,r2_measured_02486,read,measured,,,,,9.5715,,ok,0.3254
370.524,509,,,0.4636,,,,,,380.5394,r2_measured_02487,read,measured,,,,,9.1372,,ok,0.3439
472.7892,675,,,0.644,,,,,,477.6532,r2_measured_02488,read,measured,,,,,3.8073,,ok,0.3391
448.0798,624,,,0.9163,,,,,,454.8583,r2_measured_02489,read,measured,,,,,5.464,,ok,0.3359
458.0555,628,,,0.6452,,,,,,470.0538,r2_measured_02490,read,measured,,,,,10.9404,,ok,0.3429
486.9657,688,,,0.6079,,,,,,490.4256,r2_measured_02491,read,measured,,,,,2.4492,,ok,0.3371
677.7587,663,492.9575,6.7916,0.5987,96.2799,1,6.7895,1,34.6092,682.5887,r2_measured_02492,update,measured,27.8176,4.83,1,22.7419,3.8409,31.1702,ok,0.3299
326.3048,417,,,0.2821,,,,,,328.148,r2_measured_02493,read,measured,,,,,1.1653,,ok,0.337
469.1503,680,,,0.6145,,,,,,474.1698,r2_measured_02494,read,measured,,,,,3.9546,,ok,0.3714
250.0056,369,,,0.2375,,,,,,253.8954,r2_measured_02495,read,measured,,,,,3.2779,,ok,0.328
504.1679,679,,,0.8378,,,,,,513.8486,r2_measured_02496,read,measured,,,,,8.4549,,ok,0.3246
496.2049,680,,,0.7364,,,,,,508.4811,r2_measured_02497,read,measured,,,,,11.1492,,ok,0.3269
349.6436,509,,,0.7965,,,,,,358.7873,r2_measured_02498,read,measured,,,,,7.9198,,ok,0.3608
397.454,568,,,1.2248,,,,,,402.946,r2_measured_02499,read,measured,,,,,3.8819,,ok,0.3205
487.638,681,,,1.212,,,,,,493.6457,r2_measured_02500,read,measured,,,,,4.2946,,ok,0.4256
360.0286,509,,,0.6362,,,,,,364.3472,r2_measured_02501,read,measured,,,,,2.853,,ok,0.7511
469.609,681,,,0.5659,,,,,,475.5926,r2_measured_02502,read,measured,,,,,4.7971,,ok,0.5142
508.3978,663,,,1.0043,,,,,,517.7063,r2_measured_02503,read,measured,,,,,7.6372,,ok,0.5454
504.5703,680,,,0.856,,,,,,515.4498,r2_measured_02504,read,measured,,,,,9.5112,,ok,0.4193
529.7233,674,,,0.7006,,,,,,538.8626,r2_measured_02505,read,measured,,,,,8.0474,,ok,0.3282
358.1527,507,,,0.4779,,,,,,364.2654,r2_measured_02506,read,measured,,,,,5.2514,,ok,0.3254
473.251,567,,,0.7253,,,,,,478.6295,r2_measured_02507,read,measured,,,,,4.2778,,ok,0.3173
526.3935,680,,,0.8026,,,,,,531.7062,r2_measured_02508,read,measured,,,,,4.0861,,ok,0.3498
547.8997,689,,,1.4121,,,,,,557.5381,r2_measured_02509,read,measured,,,,,7.7853,,ok,0.3651
502.0184,627,,,0.8777,,,,,,512.2975,r2_measured_02510,read,measured,,,,,8.7553,,ok,0.5647
570.2196,679,,,0.7665,,,,,,575.6682,r2_measured_02511,read,measured,,,,,4.2232,,ok,0.3758
313.632,419,,,0.2742,,,,,,316.6236,r2_measured_02512,read,measured,,,,,2.3415,,ok,0.3176
506.7888,680,,,0.8149,,,,,,510.6324,r2_measured_02513,read,measured,,,,,2.5708,,ok,0.3769
521.3738,680,,,1.0677,,,,,,529.2292,r2_measured_02514,read,measured,,,,,5.8548,,ok,0.8216
536.51,663,,,1.3164,,,,,,544.257,r2_measured_02515,read,measured,,,,,5.9762,,ok,0.3768
412.7306,509,,,0.8778,,,,,,428.1434,r2_measured_02516,read,measured,,,,,14.076,,ok,0.3662
732.1423,662,532.6955,8.6711,0.614,91.0639,1,8.6693,1,34.1205,737.7379,r2_measured_02517,update,measured,25.4494,5.5956,1,44.0976,4.5604,30.1648,ok,0.3524
565.8467,688,,,0.6632,,,,,,571.955,r2_measured_02518,read,measured,,,,,4.9593,,ok,0.4157
276.1799,369,,,0.3109,,,,,,283.056,r2_measured_02519,read,measured,,,,,6.0793,,ok,0.4292
540.1635,679,,,0.5646,,,,,,551.6864,r2_measured_02520,read,measured,,,,,10.5583,,ok,0.3258
533.3017,674,,,0.6339,,,,,,542.3735,r2_measured_02521,read,measured,,,,,8.0217,,ok,0.347
424.1281,566,,,0.6947,,,,,,432.2391,r2_measured_02522,read,measured,,,,,6.5636,,ok,0.4813
521.5889,674,,,0.7399,,,,,,526.7662,r2_measured_02523,read,measured,,,,,4.0163,,ok,0.3531
513.9234,687,,,0.8723,,,,,,518.1951,r2_measured_02524,read,measured,,,,,2.9795,,ok,0.3478
536.6896,675,,,0.6299,,,,,,541.8694,r2_measured_02525,read,measured,,,,,4.1382,,ok,0.3377
486.3816,628,,,0.6901,,,,,,493.664,r2_measured_02526,read,measured,,,,,6.1616,,ok,0.3631
503.2377,663,,,0.694,,,,,,512.2633,r2_measured_02527,read,measured,,,,,7.9254,,ok,0.3423
340.1365,418,,,0.2739,,,,,,342.3039,r2_measured_02528,read,measured,,,,,1.5001,,ok,0.3408
492.9371,681,,,1.1334,,,,,,496.6669,r2_measured_02529,read,measured,,,,,2.1448,,ok,0.371
412.2388,568,,,0.7928,,,,,,422.8883,r2_measured_02530,read,measured,,,,,9.4643,,ok,0.3346
494.2277,688,,,0.9737,,,,,,503.2789,r2_measured_02531,read,measured,,,,,7.4796,,ok,0.4901
513.8616,675,,,0.6859,,,,,,528.091,r2_measured_02532,read,measured,,,,,13.1228,,ok,0.3492
511.4717,680,,,0.6938,,,,,,515.3414,r2_measured_02533,read,measured,,,,,2.7682,,ok,0.3435
493.4603,681,,,0.782,,,,,,504.6252,r2_measured_02534,read,measured,,,,,9.9145,,ok,0.3836
497.5183,687,,,0.6136,,,,,,501.7034,r2_measured_02535,read,measured,,,,,3.0066,,ok,0.4612
496.5125,675,,,0.8552,,,,,,503.4068,r2_measured_02536,read,measured,,,,,5.6529,,ok,0.3271
494.9732,680,,,0.7281,,,,,,508.1771,r2_measured_02537,read,measured,,,,,12.0939,,ok,0.3213
243.8026,368,,,0.2485,,,,,,245.7671,r2_measured_02538,read,measured,,,,,1.3201,,ok,0.3399
419.2152,568,,,0.6086,,,,,,424.1906,r2_measured_02539,read,measured,,,,,3.9677,,ok,0.3391
368.4524,509,,,0.517,,,,,,377.3226,r2_measured_02540,read,measured,,,,,7.9274,,ok,0.3682
500.3495,663,,,0.6241,,,,,,506.2665,r2_measured_02541,read,measured,,,,,4.8856,,ok,0.3346
327.1149,419,,,0.2746,,,,,,329.25,r2_measured_02542,read,measured,,,,,1.4965,,ok,0.318
379.9993,509,,,0.591,,,,,,393.752,r2_measured_02543,read,measured,,,,,12.6417,,ok,0.4421
315.4961,419,,,0.2601,,,,,,317.7493,r2_measured_02544,read,measured,,,,,1.6351,,ok,0.3132
502.9806,661,,,0.6877,,,,,,511.7156,r2_measured_02545,read,measured,,,,,7.6252,,ok,0.3507
519.8526,675,,,0.8176,,,,,,527.426,r2_measured_02546,read,measured,,,,,6.3285,,ok,0.3501
641.3686,629,470.3545,5.6207,0.7581,96.5083,1,5.619,1,34.3521,648.5664,r2_measured_02547,update,measured,28.7314,7.1978,1,14.0326,6.002,26.1211,ok,0.3681
500.5328,688,,,0.9412,,,,,,507.1124,r2_measured_02548,read,measured,,,,,5.1968,,ok,0.3697
495.1338,688,,,0.7601,,,,,,504.457,r2_measured_02549,read,measured,,,,,8.1171,,ok,0.3655
464.4778,629,,,0.6105,,,,,,472.0251,r2_measured_02550,read,measured,,,,,6.4852,,ok,0.3718
551.2638,679,,,0.6148,,,,,,558.1028,r2_measured_02551,read,measured,,,,,5.8442,,ok,0.3153
481.8861,627,,,1.1339,,,,,,491.0488,r2_measured_02552,read,measured,,,,,7.3127,,ok,0.6123
544.3756,689,,,0.5387,,,,,,548.1477,r2_measured_02553,read,measured,,,,,2.8494,,ok,0.3214
317.38,419,,,0.2757,,,,,,321.9409,r2_measured_02554,read,measured,,,,,3.8714,,ok,0.3527
319.0562,417,,,0.3455,,,,,,321.5097,r2_measured_02555,read,measured,,,,,1.6623,,ok,0.3867
695.582,629,513.3922,7.646,0.5283,94.3432,0,7.6442,1,34.1882,699.6991,r2_measured_02556,update,measured,26.5422,4.1171,1,26.2004,3.2003,27.458,ok,0.3256
518.4785,661,,,0.6906,,,,,,526.0425,r2_measured_02557,read,measured,,,,,6.5049,,ok,0.3061
388.6334,509,,,0.5657,,,,,,395.3183,r2_measured_02558,read,measured,,,,,5.6548,,ok,0.3868
504.1628,675,,,0.8912,,,,,,515.0012,r2_measured_02559,read,measured,,,,,9.5667,,ok,0.3136
481.724,679,,,1.0771,,,,,,503.7033,r2_measured_02560,read,measured,,,,,20.2977,,ok,0.5173
300.4521,368,,,0.2304,,,,,,303.1548,r2_measured_02561,read,measured,,,,,2.121,,ok,0.3054
555.5319,688,,,1.0678,,,,,,559.9616,r2_measured_02562,read,measured,,,,,2.9323,,ok,0.3538
421.5709,504,,,0.4599,,,,,,429.5702,r2_measured_02563,read,measured,,,,,7.1287,,ok,0.3493
458.5214,567,,,0.977,,,,,,463.2429,r2_measured_02564,read,measured,,,,,3.3613,,ok,0.3253
525.4128,660,,,0.6964,,,,,,530.0607,r2_measured_02565,read,measured,,,,,3.5166,,ok,0.3727
325.7037,369,,,0.2357,,,,,,327.1142,r2_measured_02566,read,measured,,,,,0.8225,,ok,0.307
593.2292,675,,,0.5885,,,,,,605.064,r2_measured_02567,read,measured,,,,,10.8405,,ok,0.3426
756.9179,680,570.6711,6.4363,0.7372,102.3315,1,6.4346,1,32.4685,768.3156,r2_measured_02568,update,measured,26.0322,11.3977,1,21.9856,10.2455,29.4612,ok,0.3438
542.6654,628,,,1.1208,,,,,,546.7188,r2_measured_02569,read,measured,,,,,2.5272,,ok,0.3451
383.4307,509,,,0.7687,,,,,,388.4545,r2_measured_02570,read,measured,,,,,3.8492,,ok,0.3477
554.6341,681,,,0.8197,,,,,,563.4997,r2_measured_02571,read,measured,,,,,7.5845,,ok,0.3828
367.0336,509,,,0.548,,,,,,440.1935,r2_measured_02572,read,measured,,,,,72.188,,ok,0.3446
256.4285,368,,,0.2338,,,,,,258.0904,r2_measured_02573,read,measured,,,,,1.0691,,ok,0.314
559.2176,675,,,1.0233,,,,,,565.1522,r2_measured_02574,read,measured,,,,,4.4891,,ok,0.3524
700.5192,679,521.5519,11.352,0.8415,90.1721,1,11.3504,1,41.4888,710.3686,r2_measured_02575,update,measured,30.1368,9.8494,1,17.6521,8.5857,29.6543,ok,0.3545
326.193,369,,,0.2411,,,,,,328.9936,r2_measured_02576,read,measured,,,,,2.2063,,ok,0.3112
409.0372,509,,,0.6194,,,,,,418.0777,r2_measured_02577,read,measured,,,,,7.9915,,ok,0.3632
417.0775,505,,,0.7309,,,,,,423.7325,r2_measured_02578,read,measured,,,,,5.4894,,ok,0.3731
511.0299,688,,,1.3763,,,,,,523.4768,r2_measured_02579,read,measured,,,,,10.6589,,ok,0.342
423.3357,509,,,0.5428,,,,,,433.2186,r2_measured_02580,read,measured,,,,,8.9406,,ok,0.343
518.8723,627,,,0.569,,,,,,527.5575,r2_measured_02581,read,measured,,,,,7.6838,,ok,0.3568
713.2211,688,481.5084,5.4178,0.5203,109.9704,1,5.4158,1,32.782,721.4651,r2_measured_02582,update,measured,27.3642,8.244,1,16.8119,7.3245,72.1484,ok,0.3317
432.92,508,,,0.6325,,,,,,439.8402,r2_measured_02583,read,measured,,,,,5.8617,,ok,0.359
404.8616,509,,,0.8137,,,,,,412.2144,r2_measured_02584,read,measured,,,,,6.1359,,ok,0.3434
457.3933,688,,,0.6217,,,,,,464.5614,r2_measured_02585,read,measured,,,,,6.103,,ok,0.3819
437.7042,661,,,0.5101,,,,,,441.9428,r2_measured_02586,read,measured,,,,,3.3087,,ok,0.3562
354.7875,509,,,0.4585,,,,,,360.6899,r2_measured_02587,read,measured,,,,,5.0268,,ok,0.3588
393.1459,568,,,0.5705,,,,,,397.4056,r2_measured_02588,read,measured,,,,,3.2897,,ok,0.3415
264.3866,369,,,0.2366,,,,,,266.3153,r2_measured_02589,read,measured,,,,,1.3348,,ok,0.3148
472.7226,687,,,1.2471,,,,,,478.4192,r2_measured_02590,read,measured,,,,,4.0527,,ok,0.3345
349.0445,509,,,1.7092,,,,,,354.4774,r2_measured_02591,read,measured,,,,,3.3378,,ok,0.329
384.0828,568,,,0.8708,,,,,,391.092,r2_measured_02592,read,measured,,,,,5.733,,ok,0.3432
251.3003,369,,,0.2335,,,,,,253.8023,r2_measured_02593,read,measured,,,,,1.9152,,ok,0.3083
248.6049,369,,,0.2339,,,,,,250.7062,r2_measured_02594,read,measured,,,,,1.5035,,ok,0.3175
435.3081,661,,,0.6324,,,,,,448.5136,r2_measured_02595,read,measured,,,,,12.1312,,ok,0.3726
437.346,661,,,0.638,,,,,,439.336,r2_measured_02596,read,measured,,,,,0.9303,,ok,0.3545
370.5859,566,,,0.8339,,,,,,375.7503,r2_measured_02597,read,measured,,,,,3.9048,,ok,0.3554
466.8613,680,,,0.591,,,,,,478.7754,r2_measured_02598,read,measured,,,,,10.9059,,ok,0.3518
418.1862,624,,,0.5514,,,,,,425.1563,r2_measured_02599,read,measured,,,,,6.0202,,ok,0.3376
432.4523,679,,,0.5644,,,,,,437.2148,r2_measured_02600,read,measured,,,,,3.7797,,ok,0.351
455.747,689,,,0.5453,,,,,,460.172,r2_measured_02601,read,measured,,,,,3.4682,,ok,0.3455
260.7495,417,,,0.2854,,,,,,264.0146,r2_measured_02602,read,measured,,,,,2.5742,,ok,0.34
327.6353,509,,,0.6469,,,,,,334.5418,r2_measured_02603,read,measured,,,,,5.8623,,ok,0.3398
363.0498,568,,,1.0458,,,,,,369.2682,r2_measured_02604,read,measured,,,,,4.7493,,ok,0.3563
472.3354,663,,,0.6608,,,,,,477.4044,r2_measured_02605,read,measured,,,,,4.0155,,ok,0.3303
467.2783,678,,,0.723,,,,,,472.9171,r2_measured_02606,read,measured,,,,,4.3799,,ok,0.4691
265.9613,417,,,0.2691,,,,,,269.0724,r2_measured_02607,read,measured,,,,,2.4534,,ok,0.3396
292.2004,417,,,0.2808,,,,,,294.5961,r2_measured_02608,read,measured,,,,,1.6539,,ok,0.336
461.2061,681,,,0.8215,,,,,,466.2689,r2_measured_02609,read,measured,,,,,3.8157,,ok,0.3473
462.1411,663,,,0.5905,,,,,,473.2745,r2_measured_02610,read,measured,,,,,10.1369,,ok,0.3408
493.8717,674,,,0.6765,,,,,,504.7878,r2_measured_02611,read,measured,,,,,9.8302,,ok,0.3396
408.32,568,,,0.5835,,,,,,419.9413,r2_measured_02612,read,measured,,,,,10.6549,,ok,0.327
478.3321,675,,,0.6383,,,,,,482.5829,r2_measured_02613,read,measured,,,,,3.2064,,ok,0.339
482.0465,663,,,0.8406,,,,,,486.766,r2_measured_02614,read,measured,,,,,3.4838,,ok,0.3328
370.5066,509,,,0.5687,,,,,,375.3684,r2_measured_02615,read,measured,,,,,3.8983,,ok,0.3338
411.2223,568,,,0.5611,,,,,,415.9467,r2_measured_02616,read,measured,,,,,3.7619,,ok,0.343
478.6343,689,,,0.7072,,,,,,485.3251,r2_measured_02617,read,measured,,,,,5.5499,,ok,0.3685
296.8534,418,,,0.258,,,,,,299.9865,r2_measured_02618,read,measured,,,,,2.497,,ok,0.3298
470.4552,662,,,1.0263,,,,,,477.6905,r2_measured_02619,read,measured,,,,,5.8083,,ok,0.3383
497.3049,505,339.6237,11.582,0.7352,67.3327,1,11.5797,1,49.5894,506.0711,r2_measured_02620,update,measured,38.0074,8.7662,1,17.8407,7.6305,22.9184,ok,0.3422
470.5826,688,,,0.5344,,,,,,478.2446,r2_measured_02621,read,measured,,,,,6.7157,,ok,0.3449
258.4278,369,,,0.24,,,,,,261.2037,r2_measured_02622,read,measured,,,,,2.1576,,ok,0.3315
462.6443,675,,,0.8603,,,,,,478.2132,r2_measured_02623,read,measured,,,,,14.3132,,ok,0.3248
449.6498,663,,,0.6665,,,,,,456.4059,r2_measured_02624,read,measured,,,,,5.6895,,ok,0.3322
475.233,680,,,0.816,,,,,,482.3204,r2_measured_02625,read,measured,,,,,5.8501,,ok,0.3561
287.2446,419,,,0.3107,,,,,,290.062,r2_measured_02626,read,measured,,,,,2.1138,,ok,0.3305
431.1072,629,,,0.8735,,,,,,438.3626,r2_measured_02627,read,measured,,,,,5.9586,,ok,0.3509
330.8746,509,,,0.5592,,,,,,335.2915,r2_measured_02628,read,measured,,,,,3.473,,ok,0.3303
459.0857,689,,,0.9983,,,,,,470.1855,r2_measured_02629,read,measured,,,,,9.6953,,ok,0.3387
443.7273,662,,,0.9995,,,,,,451.9398,r2_measured_02630,read,measured,,,,,6.797,,ok,0.3518
472.0774,689,,,0.6154,,,,,,478.3357,r2_measured_02631,read,measured,,,,,5.2219,,ok,0.3458
237.7946,369,,,0.4761,,,,,,240.3076,r2_measured_02632,read,measured,,,,,1.6601,,ok,0.3305
386.3345,568,,,0.5766,,,,,,395.1929,r2_measured_02633,read,measured,,,,,7.8876,,ok,0.3312
447.4494,661,,,0.5674,,,,,,453.0937,r2_measured_02634,read,measured,,,,,4.6443,,ok,0.3595
466.3891,688,,,0.8675,,,,,,476.1752,r2_measured_02635,read,measured,,,,,8.4966,,ok,0.3464
462.0149,662,,,0.9028,,,,,,470.1694,r2_measured_02636,read,measured,,,,,6.8337,,ok,0.3499
449.4257,679,,,0.9645,,,,,,452.941,r2_measured_02637,read,measured,,,,,2.1287,,ok,0.355
428.2627,628,,,0.6662,,,,,,440.3468,r2_measured_02638,read,measured,,,,,10.9923,,ok,0.3615
463.7193,679,,,0.832,,,,,,468.8349,r2_measured_02639,read,measured,,,,,3.8663,,ok,0.349
388.0388,568,,,0.9453,,,,,,396.9048,r2_measured_02640,read,measured,,,,,7.5258,,ok,0.334
284.4543,417,,,0.2802,,,,,,286.8288,r2_measured_02641,read,measured,,,,,1.71,,ok,0.3316
469.153,628,,,0.8452,,,,,,474.7661,r2_measured_02642,read,measured,,,,,4.3817,,ok,0.3197
504.5898,681,,,0.5727,,,,,,508.4507,r2_measured_02643,read,measured,,,,,2.8743,,ok,0.3313
472.1335,660,,,0.7064,,,,,,479.7499,r2_measured_02644,read,measured,,,,,6.5028,,ok,0.3321
490.7574,680,,,0.5326,,,,,,498.9069,r2_measured_02645,read,measured,,,,,7.1756,,ok,0.3664
479.0457,628,,,0.5761,,,,,,496.9122,r2_measured_02646,read,measured,,,,,16.7853,,ok,0.4299
468.7125,662,,,1.9092,,,,,,478.0257,r2_measured_02647,read,measured,,,,,6.8919,,ok,0.4298
507.8758,680,,,0.62,,,,,,514.4332,r2_measured_02648,read,measured,,,,,5.5507,,ok,0.3205
488.3476,628,,,0.7234,,,,,,495.5479,r2_measured_02649,read,measured,,,,,6.0594,,ok,0.3538
549.1645,675,,,0.8596,,,,,,553.5894,r2_measured_02650,read,measured,,,,,3.1746,,ok,0.3281
555.4371,680,,,0.823,,,,,,561.0247,r2_measured_02651,read,measured,,,,,4.3762,,ok,0.324
477.4541,568,,,0.618,,,,,,484.6204,r2_measured_02652,read,measured,,,,,5.985,,ok,0.4995
284.5995,368,,,0.2389,,,,,,290.0004,r2_measured_02653,read,measured,,,,,4.7832,,ok,0.3287
540.9191,681,,,0.7013,,,,,,547.0112,r2_measured_02654,read,measured,,,,,4.9631,,ok,0.3624
520.4566,628,,,0.7502,,,,,,528.3698,r2_measured_02655,read,measured,,,,,6.7836,,ok,0.3163
503.9669,626,,,0.7029,,,,,,510.0492,r2_measured_02656,read,measured,,,,,5.0125,,ok,0.3055
434.2373,509,,,0.5775,,,,,,446.8873,r2_measured_02657,read,measured,,,,,11.7052,,ok,0.315
496.7891,680,,,0.7305,,,,,,502.9444,r2_measured_02658,read,measured,,,,,4.966,,ok,0.3699
319.2007,417,,,0.2573,,,,,,322.2712,r2_measured_02659,read,measured,,,,,2.4517,,ok,0.314
502.6982,662,,,0.5296,,,,,,533.1515,r2_measured_02660,read,measured,,,,,29.5137,,ok,0.3175
685.8246,675,482.643,4.9869,0.6476,128.1639,1,4.9838,1,27.8623,698.0464,r2_measured_02661,update,measured,22.8754,12.2218,1,18.8574,11.1871,28.298,ok,0.3191
547.9268,689,,,0.5885,,,,,,553.0597,r2_measured_02662,read,measured,,,,,4.1358,,ok,0.3392
374.5045,509,,,0.7264,,,,,,382.7513,r2_measured_02663,read,measured,,,,,7.1137,,ok,0.3399
508.6974,663,,,0.5133,,,,,,521.2712,r2_measured_02664,read,measured,,,,,11.6509,,ok,0.3469
654.9083,661,473.5825,5.9738,0.6194,100.0136,1,5.9712,1,37.202,659.7832,r2_measured_02665,update,measured,31.2282,4.8749,1,13.2495,3.8683,30.8607,ok,0.3262
446.5381,566,,,0.9136,,,,,,454.7544,r2_measured_02666,read,measured,,,,,6.926,,ok,0.3194
452.7262,629,,,0.6284,,,,,,456.896,r2_measured_02667,read,measured,,,,,2.6198,,ok,0.8408
495.1561,674,,,0.6903,,,,,,514.5993,r2_measured_02668,read,measured,,,,,18.3402,,ok,0.3503
462.4801,628,,,0.6456,,,,,,471.1527,r2_measured_02669,read,measured,,,,,7.6498,,ok,0.3187
483.2813,662,,,0.6888,,,,,,488.1184,r2_measured_02670,read,measured,,,,,3.7702,,ok,0.3133
450.9746,627,,,0.4982,,,,,,457.146,r2_measured_02671,read,measured,,,,,5.2965,,ok,0.3181
501.7009,689,,,0.6477,,,,,,509.1328,r2_measured_02672,read,measured,,,,,6.388,,ok,0.3322
295.2834,368,,,0.2271,,,,,,297.6424,r2_measured_02673,read,measured,,,,,1.7677,,ok,0.3191
505.9594,681,,,0.8358,,,,,,513.1905,r2_measured_02674,read,measured,,,,,5.9513,,ok,0.3728
317.3107,418,,,0.3431,,,,,,319.7379,r2_measured_02675,read,measured,,,,,1.6977,,ok,0.3308
586.5985,567,399.6433,9.4076,0.6187,82.4191,1,9.4054,1,38.5736,594.0804,r2_measured_02676,update,measured,29.166,7.4819,1,39.8453,6.4838,26.1172,ok,0.3233
474.6654,680,,,0.577,,,,,,479.8175,r2_measured_02677,read,measured,,,,,4.1476,,ok,0.3524
507.4592,680,,,0.8935,,,,,,514.463,r2_measured_02678,read,measured,,,,,5.6859,,ok,0.3515
481.8186,675,,,0.8051,,,,,,487.331,r2_measured_02679,read,measured,,,,,4.3088,,ok,0.3363
451.4055,628,,,0.8863,,,,,,465.4334,r2_measured_02680,read,measured,,,,,12.7478,,ok,0.3329
485.2516,663,,,1.0358,,,,,,488.0753,r2_measured_02681,read,measured,,,,,1.364,,ok,0.3589
357.241,505,,,0.4783,,,,,,360.3663,r2_measured_02682,read,measured,,,,,2.2422,,ok,0.346
434.4825,568,,,2.306,,,,,,452.5738,r2_measured_02683,read,measured,,,,,14.4816,,ok,1.1738
578.389,680,,,0.863,,,,,,586.8826,r2_measured_02684,read,measured,,,,,6.7179,,ok,0.7934
262.3883,368,,,0.3183,,,,,,265.581,r2_measured_02685,read,measured,,,,,2.3387,,ok,0.4613
531.5002,628,,,0.8433,,,,,,542.1199,r2_measured_02686,read,measured,,,,,8.7698,,ok,0.8721
313.6975,419,,,0.2767,,,,,,315.8628,r2_measured_02687,read,measured,,,,,1.4959,,ok,0.3406
476.8597,568,,,0.9721,,,,,,485.5565,r2_measured_02688,read,measured,,,,,7.1903,,ok,0.4208
555.8397,628,,,0.7175,,,,,,567.8528,r2_measured_02689,read,measured,,,,,10.8849,,ok,0.3342
604.775,662,,,0.9056,,,,,,611.1086,r2_measured_02690,read,measured,,,,,4.9944,,ok,0.3564
486.6814,369,372.6049,5.5637,0.4394,59.783,1,5.562,1,24.3589,491.0323,r2_measured_02691,update,measured,18.7952,4.3509,1,12.4533,3.0678,17.4813,ok,0.7805
589.4734,675,,,1.0011,,,,,,596.1227,r2_measured_02692,read,measured,,,,,5.2488,,ok,0.3365
582.5395,680,,,0.5913,,,,,,584.9395,r2_measured_02693,read,measured,,,,,1.3735,,ok,0.3608
544.9125,626,,,0.6125,,,,,,551.1592,r2_measured_02694,read,measured,,,,,5.2178,,ok,0.3438
414.1311,417,,,0.2966,,,,,,416.9416,r2_measured_02695,read,measured,,,,,2.1302,,ok,0.3234
591.2084,680,,,0.7677,,,,,,606.8354,r2_measured_02696,read,measured,,,,,14.3771,,ok,0.3956
605.3249,680,,,0.8218,,,,,,612.2302,r2_measured_02697,read,measured,,,,,5.5753,,ok,0.4246
455.7561,507,,,0.6718,,,,,,466.0467,r2_measured_02698,read,measured,,,,,9.2292,,ok,0.3234
604.707,681,,,0.6248,,,,,,614.1217,r2_measured_02699,read,measured,,,,,8.332,,ok,0.3824
611.6307,688,,,0.6292,,,,,,620.2922,r2_measured_02700,read,measured,,,,,7.5933,,ok,0.3629
579.5354,688,,,1.1368,,,,,,596.6484,r2_measured_02701,read,measured,,,,,15.4907,,ok,0.4009
447.3367,568,,,1.0012,,,,,,456.4639,r2_measured_02702,read,measured,,,,,7.6678,,ok,0.3854
537.5767,688,,,0.8234,,,,,,544.0255,r2_measured_02703,read,measured,,,,,5.1677,,ok,0.3755
511.4031,663,,,0.7779,,,,,,517.392,r2_measured_02704,read,measured,,,,,4.765,,ok,0.3693
516.6481,689,,,0.6584,,,,,,526.5351,r2_measured_02705,read,measured,,,,,8.7847,,ok,0.371
491.347,679,,,0.5863,,,,,,506.0872,r2_measured_02706,read,measured,,,,,13.6178,,ok,0.4585
358.7469,509,,,0.7038,,,,,,371.1173,r2_measured_02707,read,measured,,,,,11.1582,,ok,0.4311
492.4088,688,,,0.7442,,,,,,501.5715,r2_measured_02708,read,measured,,,,,7.9845,,ok,0.3556
343.3338,418,,,0.2814,,,,,,345.971,r2_measured_02709,read,measured,,,,,1.9722,,ok,0.3336
296.9617,369,,,0.2438,,,,,,300.4435,r2_measured_02710,read,measured,,,,,2.5358,,ok,0.6404
378.8328,507,,,1.2843,,,,,,383.5477,r2_measured_02711,read,measured,,,,,2.4694,,ok,0.8887
536.2119,679,,,0.5445,,,,,,546.4741,r2_measured_02712,read,measured,,,,,9.3156,,ok,0.341
528.6367,680,,,0.5993,,,,,,535.3446,r2_measured_02713,read,measured,,,,,5.6482,,ok,0.3705
439.0232,568,,,0.7036,,,,,,446.3941,r2_measured_02714,read,measured,,,,,6.1603,,ok,0.3936
446.0368,567,,,0.9101,,,,,,453.511,r2_measured_02715,read,measured,,,,,6.1618,,ok,0.3433
408.971,509,,,0.4868,,,,,,419.8629,r2_measured_02716,read,measured,,,,,9.9779,,ok,0.3602
444.826,568,,,0.4806,,,,,,448.2895,r2_measured_02717,read,measured,,,,,2.5495,,ok,0.3622
441.4663,568,,,0.6007,,,,,,451.0551,r2_measured_02718,read,measured,,,,,8.5858,,ok,0.3383
436.0285,568,,,0.8212,,,,,,447.3989,r2_measured_02719,read,measured,,,,,10.1001,,ok,0.3797
325.2342,419,,,0.2724,,,,,,326.9412,r2_measured_02720,read,measured,,,,,1.0438,,ok,0.3403
391.4102,509,,,0.5044,,,,,,398.7137,r2_measured_02721,read,measured,,,,,6.4145,,ok,0.3295
390.3062,509,,,0.5392,,,,,,397.9651,r2_measured_02722,read,measured,,,,,6.7298,,ok,0.3327
481.8539,680,,,0.59,,,,,,487.0275,r2_measured_02723,read,measured,,,,,4.1457,,ok,0.3573
329.5141,419,,,0.2931,,,,,,333.1865,r2_measured_02724,read,measured,,,,,2.986,,ok,0.3344
504.7972,680,,,0.7056,,,,,,510.0588,r2_measured_02725,read,measured,,,,,4.1434,,ok,0.3454
323.7225,417,,,0.2908,,,,,,325.5373,r2_measured_02726,read,measured,,,,,1.1315,,ok,0.3397
431.1399,568,,,0.6416,,,,,,438.0743,r2_measured_02727,read,measured,,,,,5.8971,,ok,0.3356
453.5531,673,,,0.5263,,,,,,460.0581,r2_measured_02728,read,measured,,,,,5.5566,,ok,0.3579
450.1905,661,,,0.6894,,,,,,455.9804,r2_measured_02729,read,measured,,,,,4.6795,,ok,0.3491
434.5457,679,,,0.7153,,,,,,443.3368,r2_measured_02730,read,measured,,,,,7.6634,,ok,0.345
291.6546,417,,,0.2904,,,,,,294.209,r2_measured_02731,read,measured,,,,,1.8795,,ok,0.3248
235.4935,369,,,0.3051,,,,,,238.7157,r2_measured_02732,read,measured,,,,,2.5153,,ok,0.34
459.481,680,,,0.6376,,,,,,467.3305,r2_measured_02733,read,measured,,,,,6.7158,,ok,0.3985
450.5818,679,,,0.5808,,,,,,460.9069,r2_measured_02734,read,measured,,,,,9.3345,,ok,0.3394
259.047,369,,,0.27,,,,,,261.0292,r2_measured_02735,read,measured,,,,,1.3093,,ok,0.342
455.3106,680,,,0.5281,,,,,,463.4592,r2_measured_02736,read,measured,,,,,7.2232,,ok,0.3362
404.6469,628,,,1.0603,,,,,,415.298,r2_measured_02737,read,measured,,,,,9.0812,,ok,0.4341
462.7405,680,,,0.5102,,,,,,468.9288,r2_measured_02738,read,measured,,,,,5.2976,,ok,0.3211
463.5888,689,,,1.1802,,,,,,467.6867,r2_measured_02739,read,measured,,,,,2.5252,,ok,0.3263
455.8031,680,,,0.6529,,,,,,458.5136,r2_measured_02740,read,measured,,,,,1.6528,,ok,0.3432
368.0109,567,,,0.5238,,,,,,378.7717,r2_measured_02741,read,measured,,,,,9.8477,,ok,0.3297
444.3386,679,,,0.7386,,,,,,449.9503,r2_measured_02742,read,measured,,,,,4.4218,,ok,0.3693
348.6673,507,,,0.7647,,,,,,357.9384,r2_measured_02743,read,measured,,,,,8.0873,,ok,0.354
465.8063,688,,,1.3915,,,,,,471.0612,r2_measured_02744,read,measured,,,,,3.3575,,ok,0.4225
241.3362,369,,,0.2373,,,,,,243.3127,r2_measured_02745,read,measured,,,,,1.3669,,ok,0.3268
242.1392,369,,,0.2442,,,,,,244.5456,r2_measured_02746,read,measured,,,,,1.8139,,ok,0.3039
425.7913,568,,,0.7833,,,,,,430.4684,r2_measured_02747,read,measured,,,,,3.491,,ok,0.3429
290.9505,419,,,0.3747,,,,,,294.5473,r2_measured_02748,read,measured,,,,,2.6945,,ok,0.4637
280.0208,417,,,2.2071,,,,,,283.993,r2_measured_02749,read,measured,,,,,1.2435,,ok,0.4508
379.666,505,,,0.4247,,,,,,383.694,r2_measured_02750,read,measured,,,,,3.1537,,ok,0.3933
478.5242,673,,,0.8425,,,,,,488.3784,r2_measured_02751,read,measured,,,,,8.6083,,ok,0.3367
483.9416,675,,,0.7001,,,,,,490.6263,r2_measured_02752,read,measured,,,,,5.5633,,ok,0.3517
496.4419,680,,,0.609,,,,,,508.0581,r2_measured_02753,read,measured,,,,,10.5885,,ok,0.3472
286.7249,369,,,0.2507,,,,,,288.3018,r2_measured_02754,read,measured,,,,,0.9424,,ok,0.3335
488.0886,662,,,0.7431,,,,,,495.1242,r2_measured_02755,read,measured,,,,,5.8766,,ok,0.3446
492.5132,675,,,0.7557,,,,,,503.9818,r2_measured_02756,read,measured,,,,,10.302,,ok,0.3435
409.9462,567,,,0.4584,,,,,,418.147,r2_measured_02757,read,measured,,,,,7.3218,,ok,0.363
400.3487,566,,,0.7237,,,,,,410.4932,r2_measured_02758,read,measured,,,,,9.0175,,ok,0.3432
355.3574,509,,,0.8006,,,,,,365.481,r2_measured_02759,read,measured,,,,,8.6727,,ok,0.5767
482.326,663,,,0.7738,,,,,,489.517,r2_measured_02760,read,measured,,,,,5.9751,,ok,0.3627
500.2115,509,346.9385,6.3904,0.8714,82.1362,1,6.3888,1,33.6813,505.9865,r2_measured_02761,update,measured,27.2909,5.775,1,11.6706,4.5073,25.7849,ok,0.3347
383.64,369,248.5502,7.3126,0.2517,49.5212,1,7.3106,1,54.4708,385.4605,r2_measured_02762,update,measured,47.1582,1.8205,1,13.5705,1.1725,17.5273,ok,0.345
274.5805,368,,,0.2368,,,,,,278.6491,r2_measured_02763,read,measured,,,,,3.4504,,ok,0.3338
452.3919,628,,,0.6737,,,,,,456.4366,r2_measured_02764,read,measured,,,,,2.958,,ok,0.3435
436.9759,679,,,0.5976,,,,,,445.6681,r2_measured_02765,read,measured,,,,,7.6907,,ok,0.3348
438.0273,661,,,0.5373,,,,,,439.8382,r2_measured_02766,read,measured,,,,,0.8541,,ok,0.3518
288.1011,419,,,0.3972,,,,,,290.7447,r2_measured_02767,read,measured,,,,,1.8572,,ok,0.3304
465.027,663,,,0.5691,,,,,,470.9674,r2_measured_02768,read,measured,,,,,4.9474,,ok,0.347
484.6291,680,,,0.5733,,,,,,492.0461,r2_measured_02769,read,measured,,,,,6.4505,,ok,0.3299
461.1959,675,,,1.0361,,,,,,468.5228,r2_measured_02770,read,measured,,,,,5.8091,,ok,0.4158
448.4729,673,,,0.557,,,,,,463.8585,r2_measured_02771,read,measured,,,,,14.3162,,ok,0.4377
445.6335,688,,,0.614,,,,,,456.0881,r2_measured_02772,read,measured,,,,,9.4457,,ok,0.3305
451.277,679,,,0.8953,,,,,,460.0877,r2_measured_02773,read,measured,,,,,7.5236,,ok,0.3311
387.5264,568,,,0.6667,,,,,,396.1827,r2_measured_02774,read,measured,,,,,7.5734,,ok,0.3536
259.4824,369,,,0.227,,,,,,261.1193,r2_measured_02775,read,measured,,,,,1.0354,,ok,0.3294
501.7487,662,,,0.6207,,,,,,509.272,r2_measured_02776,read,measured,,,,,6.5222,,ok,0.3187
512.3418,674,,,0.7332,,,,,,517.3895,r2_measured_02777,read,measured,,,,,3.6513,,ok,0.564
241.315,369,,,0.3247,,,,,,243.4911,r2_measured_02778,read,measured,,,,,1.4058,,ok,0.3812
438.0225,568,,,0.6698,,,,,,445.6817,r2_measured_02779,read,measured,,,,,6.5577,,ok,0.3652
526.7032,661,,,0.9093,,,,,,531.0553,r2_measured_02780,read,measured,,,,,3.0501,,ok,0.3246
521.6311,680,,,0.8462,,,,,,527.8277,r2_measured_02781,read,measured,,,,,4.968,,ok,0.3116
319.03,417,,,0.299,,,,,,320.8675,r2_measured_02782,read,measured,,,,,1.1719,,ok,0.3162
518.5879,628,,,0.9941,,,,,,529.5729,r2_measured_02783,read,measured,,,,,9.568,,ok,0.3576
506.9429,568,,,1.3372,,,,,,515.026,r2_measured_02784,read,measured,,,,,5.7706,,ok,0.3964
596.0269,679,,,0.667,,,,,,604.2422,r2_measured_02785,read,measured,,,,,7.1219,,ok,0.3491
583.3609,679,,,0.7518,,,,,,591.4651,r2_measured_02786,read,measured,,,,,6.9364,,ok,0.3492
590.095,680,,,0.8177,,,,,,599.324,r2_measured_02787,read,measured,,,,,8.0136,,ok,0.3339
600.8534,680,,,0.8138,,,,,,611.2153,r2_measured_02788,read,measured,,,,,9.1502,,ok,0.3375
697.2508,663,506.8547,7.0316,0.6239,103.1926,1,7.0297,1,35.8732,704.7577,r2_measured_02789,update,measured,28.8416,7.5069,1,22.3719,6.4917,28.9584,ok,0.3297
569.6197,679,,,0.6047,,,,,,576.3956,r2_measured_02790,read,measured,,,,,5.7636,,ok,0.3458
520.4549,624,,,2.3071,,,,,,528.1699,r2_measured_02791,read,measured,,,,,4.9639,,ok,0.3782
509.7356,568,,,0.5407,,,,,,518.1518,r2_measured_02792,read,measured,,,,,7.3791,,ok,0.4326
557.6319,679,,,0.5858,,,,,,565.2479,r2_measured_02793,read,measured,,,,,6.6045,,ok,0.3543
680.6475,663,455.8128,6.554,1.0334,134.2742,1,6.5519,1,36.5467,692.2751,r2_measured_02794,update,measured,29.9927,11.6276,1,24.3727,10.0622,29.6411,ok,0.4434
441.0889,507,,,0.9882,,,,,,449.8198,r2_measured_02795,read,measured,,,,,7.3636,,ok,0.3271
548.8822,675,,,0.6628,,,,,,554.323,r2_measured_02796,read,measured,,,,,4.3626,,ok,0.351
490.2904,628,,,0.7727,,,,,,497.4772,r2_measured_02797,read,measured,,,,,6.0022,,ok,0.3382
510.5647,662,,,0.8848,,,,,,516.3811,r2_measured_02798,read,measured,,,,,4.2611,,ok,0.5917
648.0935,689,487.3588,5.7816,0.7766,99.7784,0,5.7795,1,30.3211,650.6732,r2_measured_02799,update,measured,24.5395,2.5797,1,0.0082,1.3067,30.627,ok,0.3574
282.7051,369,,,0.2694,,,,,,285.4806,r2_measured_02800,read,measured,,,,,2.0923,,ok,0.352
420.6174,568,,,0.5603,,,,,,428.1903,r2_measured_02801,read,measured,,,,,6.59,,ok,0.3558
371.6065,509,,,0.6364,,,,,,376.2887,r2_measured_02802,read,measured,,,,,3.641,,ok,0.3398
467.6045,681,,,0.7338,,,,,,476.7154,r2_measured_02803,read,measured,,,,,7.9443,,ok,0.3488
497.0578,663,,,0.9645,,,,,,502.9939,r2_measured_02804,read,measured,,,,,4.5513,,ok,0.353
479.7433,689,,,0.8362,,,,,,488.1185,r2_measured_02805,read,measured,,,,,7.1044,,ok,0.3594
486.8282,680,,,0.8206,,,,,,495.372,r2_measured_02806,read,measured,,,,,7.2273,,ok,0.4267
371.8865,509,,,0.5284,,,,,,382.5261,r2_measured_02807,read,measured,,,,,9.7041,,ok,0.3471
439.2783,629,,,1.2002,,,,,,445.4286,r2_measured_02808,read,measured,,,,,4.5405,,ok,0.3433
464.3706,628,,,0.5977,,,,,,484.6932,r2_measured_02809,read,measured,,,,,19.3262,,ok,0.3363
318.1502,419,,,0.2854,,,,,,320.8519,r2_measured_02810,read,measured,,,,,2.0298,,ok,0.3312
488.2752,689,,,0.6472,,,,,,496.1103,r2_measured_02811,read,measured,,,,,6.7854,,ok,0.3361
449.988,628,,,0.6756,,,,,,454.3999,r2_measured_02812,read,measured,,,,,3.3333,,ok,0.3341
502.4726,681,,,0.7153,,,,,,509.3356,r2_measured_02813,read,measured,,,,,5.732,,ok,0.3418
592.583,628,418.9699,5.8414,0.7377,99.4601,1,5.8396,1,33.3044,603.06,r2_measured_02814,update,measured,27.463,10.477,1,13.5068,9.3189,27.3418,ok,0.3517
475.5809,679,,,0.7254,,,,,,482.5628,r2_measured_02815,read,measured,,,,,5.8515,,ok,0.3385
425.2358,628,,,0.7527,,,,,,429.094,r2_measured_02816,read,measured,,,,,2.6991,,ok,0.3412
346.2879,509,,,1.0466,,,,,,353.812,r2_measured_02817,read,measured,,,,,6.089,,ok,0.3319
374.2687,568,,,0.6761,,,,,,380.4097,r2_measured_02818,read,measured,,,,,5.0645,,ok,0.3394
425.8676,627,,,0.5306,,,,,,432.634,r2_measured_02819,read,measured,,,,,5.8519,,ok,0.3226
435.1898,629,,,0.6984,,,,,,438.781,r2_measured_02820,read,measured,,,,,2.5025,,ok,0.3323
464.2645,675,,,0.5907,,,,,,468.1906,r2_measured_02821,read,measured,,,,,2.9121,,ok,0.3478
371.4494,568,,,0.5901,,,,,,377.4069,r2_measured_02822,read,measured,,,,,4.6147,,ok,0.3821
367.9483,567,,,0.7551,,,,,,376.9556,r2_measured_02823,read,measured,,,,,7.8561,,ok,0.336
453.7047,679,,,1.1006,,,,,,464.8304,r2_measured_02824,read,measured,,,,,9.5909,,ok,0.3569
458.1577,679,,,0.8544,,,,,,462.8022,r2_measured_02825,read,measured,,,,,3.332,,ok,0.386
417.1202,628,,,0.7121,,,,,,421.0547,r2_measured_02826,read,measured,,,,,2.8051,,ok,0.3536
459.5914,680,,,0.7599,,,,,,471.869,r2_measured_02827,read,measured,,,,,11.1009,,ok,0.3516
387.2941,568,,,0.9837,,,,,,396.7194,r2_measured_02828,read,measured,,,,,8.0179,,ok,0.3563
454.7993,675,,,0.8608,,,,,,462.521,r2_measured_02829,read,measured,,,,,6.4409,,ok,0.342
455.9323,663,,,0.5479,,,,,,461.3127,r2_measured_02830,read,measured,,,,,4.4083,,ok,0.3573
339.1001,505,,,0.6348,,,,,,343.3419,r2_measured_02831,read,measured,,,,,3.1974,,ok,0.3526
274.5645,419,,,0.2755,,,,,,276.4067,r2_measured_02832,read,measured,,,,,1.162,,ok,0.3536
441.4035,680,,,1.1189,,,,,,447.7007,r2_measured_02833,read,measured,,,,,4.7739,,ok,0.3303
446.9315,675,,,0.8982,,,,,,453.2467,r2_measured_02834,read,measured,,,,,4.9669,,ok,0.3722
337.2071,505,,,0.6968,,,,,,345.7806,r2_measured_02835,read,measured,,,,,7.4034,,ok,0.415
434.7927,629,,,1.3332,,,,,,451.2343,r2_measured_02836,read,measured,,,,,14.6968,,ok,0.3458
433.6344,629,,,0.7706,,,,,,443.504,r2_measured_02837,read,measured,,,,,8.6795,,ok,0.3492
472.6842,680,,,0.9891,,,,,,479.0867,r2_measured_02838,read,measured,,,,,5.0126,,ok,0.3387
454.9291,680,,,0.687,,,,,,461.8887,r2_measured_02839,read,measured,,,,,5.864,,ok,0.3382
458.4601,680,,,0.6375,,,,,,464.9442,r2_measured_02840,read,measured,,,,,5.4596,,ok,0.3229
364.7761,509,,,0.6431,,,,,,371.1291,r2_measured_02841,read,measured,,,,,5.3193,,ok,0.3351
484.9433,688,,,0.6991,,,,,,492.5592,r2_measured_02842,read,measured,,,,,6.4979,,ok,0.3379
348.8584,509,,,0.501,,,,,,355.8497,r2_measured_02843,read,measured,,,,,6.0833,,ok,0.3356
348.4762,509,,,0.6286,,,,,,356.0943,r2_measured_02844,read,measured,,,,,6.6009,,ok,0.331
478.484,661,,,0.8681,,,,,,481.445,r2_measured_02845,read,measured,,,,,1.6844,,ok,0.3438
411.7716,626,,,0.7769,,,,,,420.6889,r2_measured_02846,read,measured,,,,,7.7306,,ok,0.3427
473.3952,687,,,0.8681,,,,,,481.4016,r2_measured_02847,read,measured,,,,,6.7174,,ok,0.3475
381.9036,566,,,0.6389,,,,,,393.5463,r2_measured_02848,read,measured,,,,,10.6141,,ok,0.3323
459.3638,681,,,0.8764,,,,,,472.7142,r2_measured_02849,read,measured,,,,,12.054,,ok,0.3521
457.0958,674,,,0.8593,,,,,,463.3514,r2_measured_02850,read,measured,,,,,5.0107,,ok,0.3239
331.2826,505,,,0.8601,,,,,,338.8585,r2_measured_02851,read,measured,,,,,6.3172,,ok,0.3366
342.2939,509,,,0.5647,,,,,,353.2564,r2_measured_02852,read,measured,,,,,9.9996,,ok,0.3428
269.0226,419,,,0.2767,,,,,,272.0985,r2_measured_02853,read,measured,,,,,2.4069,,ok,0.3407
482.4026,681,,,0.661,,,,,,485.9258,r2_measured_02854,read,measured,,,,,2.4461,,ok,0.3433
488.8737,680,,,0.7489,,,,,,496.5726,r2_measured_02855,read,measured,,,,,6.5248,,ok,0.3502
351.1571,509,,,0.6583,,,,,,357.9779,r2_measured_02856,read,measured,,,,,5.6988,,ok,0.3972
326.8341,507,,,0.6828,,,,,,334.8846,r2_measured_02857,read,measured,,,,,6.9808,,ok,0.3349
285.1978,417,,,0.2682,,,,,,287.0642,r2_measured_02858,read,measured,,,,,1.2198,,ok,0.3285
497.0661,678,,,0.6993,,,,,,502.6707,r2_measured_02859,read,measured,,,,,4.4698,,ok,0.3539
315.1075,419,,,0.3683,,,,,,316.8135,r2_measured_02860,read,measured,,,,,0.936,,ok,0.3419
481.8037,675,,,0.8267,,,,,,487.5851,r2_measured_02861,read,measured,,,,,4.5347,,ok,0.3454
470.6347,627,,,0.9778,,,,,,476.5531,r2_measured_02862,read,measured,,,,,4.4337,,ok,0.4313
377.799,507,,,0.5983,,,,,,383.8824,r2_measured_02863,read,measured,,,,,5.0753,,ok,0.3426
279.8032,369,,,0.2565,,,,,,283.0331,r2_measured_02864,read,measured,,,,,2.591,,ok,0.3341
266.8516,369,,,0.2796,,,,,,269.834,r2_measured_02865,read,measured,,,,,2.2922,,ok,0.358
331.3458,418,,,0.3092,,,,,,333.652,r2_measured_02866,read,measured,,,,,1.5835,,ok,0.3519
331.4723,417,,,0.2856,,,,,,333.7651,r2_measured_02867,read,measured,,,,,1.6136,,ok,0.3401
328.5582,419,,,0.3465,,,,,,331.7065,r2_measured_02868,read,measured,,,,,2.421,,ok,0.3295
513.9175,680,,,0.9748,,,,,,522.861,r2_measured_02869,read,measured,,,,,7.5869,,ok,0.3203
445.6645,566,,,0.951,,,,,,453.4467,r2_measured_02870,read,measured,,,,,6.4223,,ok,0.3295
514.5071,688,,,0.6344,,,,,,519.4474,r2_measured_02871,read,measured,,,,,3.9068,,ok,0.3386
426.1291,568,,,1.2206,,,,,,434.0362,r2_measured_02872,read,measured,,,,,6.2507,,ok,0.3773
297.1209,418,,,0.2703,,,,,,300.3563,r2_measured_02873,read,measured,,,,,2.5868,,ok,0.329
363.4744,505,,,0.4258,,,,,,373.2549,r2_measured_02874,read,measured,,,,,8.9541,,ok,0.3462
398.887,568,,,0.5964,,,,,,405.4139,r2_measured_02875,read,measured,,,,,5.5067,,ok,0.353
420.2624,568,,,0.6521,,,,,,430.0033,r2_measured_02876,read,measured,,,,,8.6852,,ok,0.3383
470.1639,663,,,0.5705,,,,,,473.3454,r2_measured_02877,read,measured,,,,,2.1932,,ok,0.3532
479.8261,674,,,0.8711,,,,,,484.0168,r2_measured_02878,read,measured,,,,,2.8746,,ok,0.3685
493.1925,681,,,0.6764,,,,,,500.8406,r2_measured_02879,read,measured,,,,,6.5642,,ok,0.3452
462.7112,679,,,0.6039,,,,,,469.147,r2_measured_02880,read,measured,,,,,5.4289,,ok,0.3336
469.6433,663,,,0.5573,,,,,,475.2966,r2_measured_02881,read,measured,,,,,4.7148,,ok,0.3211
642.8807,689,478.6414,4.8412,0.7152,95.8466,1,4.8395,1,25.07,646.9499,r2_measured_02882,update,measured,20.2288,4.0692,1,14.9119,2.8963,28.4108,ok,0.3861
298.8438,419,,,0.2817,,,,,,301.9056,r2_measured_02883,read,measured,,,,,2.3836,,ok,0.3449
282.9558,419,,,0.2664,,,,,,285.912,r2_measured_02884,read,measured,,,,,2.3069,,ok,0.3302
474.4629,681,,,0.6127,,,,,,485.2289,r2_measured_02885,read,measured,,,,,9.736,,ok,0.347
431.8306,628,,,1.1698,,,,,,439.5634,r2_measured_02886,read,measured,,,,,6.1489,,ok,0.3539
378.5188,568,,,0.5251,,,,,,389.9993,r2_measured_02887,read,measured,,,,,10.5323,,ok,0.3514
464.9681,680,,,0.5945,,,,,,471.0672,r2_measured_02888,read,measured,,,,,5.0863,,ok,0.3492
462.0147,679,,,0.9395,,,,,,469.6988,r2_measured_02889,read,measured,,,,,6.3314,,ok,0.3497
248.8209,369,,,0.2565,,,,,,252.0065,r2_measured_02890,read,measured,,,,,2.5445,,ok,0.3367
452.9233,681,,,0.6838,,,,,,460.5395,r2_measured_02891,read,measured,,,,,6.5289,,ok,0.3353
458.0743,679,,,0.7241,,,,,,463.0173,r2_measured_02892,read,measured,,,,,3.4193,,ok,0.7228
421.8923,627,,,0.6318,,,,,,428.4081,r2_measured_02893,read,measured,,,,,5.4783,,ok,0.3443
469.8715,678,,,1.1451,,,,,,477.0474,r2_measured_02894,read,measured,,,,,5.581,,ok,0.3663
516.8237,688,,,0.7801,,,,,,526.1196,r2_measured_02895,read,measured,,,,,8.0554,,ok,0.3838
356.9111,509,,,0.7476,,,,,,366.7022,r2_measured_02896,read,measured,,,,,8.5913,,ok,0.3856
416.828,566,,,0.8547,,,,,,427.3176,r2_measured_02897,read,measured,,,,,9.115,,ok,0.4258
507.6593,662,,,1.316,,,,,,513.4987,r2_measured_02898,read,measured,,,,,4.0318,,ok,0.4107
285.073,418,,,0.5327,,,,,,287.8587,r2_measured_02899,read,measured,,,,,1.8434,,ok,0.3552
486.4736,662,,,0.6069,,,,,,495.6612,r2_measured_02900,read,measured,,,,,8.1705,,ok,0.342
508.3746,679,,,0.779,,,,,,514.645,r2_measured_02901,read,measured,,,,,5.031,,ok,0.375
420.9699,568,,,0.7641,,,,,,429.8527,r2_measured_02902,read,measured,,,,,7.6039,,ok,0.4323
275.1399,369,,,0.2761,,,,,,277.2234,r2_measured_02903,read,measured,,,,,1.3774,,ok,0.3785
520.2841,687,,,1.1616,,,,,,527.5947,r2_measured_02904,read,measured,,,,,5.6639,,ok,0.4026
506.2045,628,,,0.7551,,,,,,513.4893,r2_measured_02905,read,measured,,,,,6.081,,ok,0.3729
446.7781,567,,,0.8028,,,,,,451.1625,r2_measured_02906,read,measured,,,,,3.1617,,ok,0.352
430.8087,566,,,0.7311,,,,,,436.2447,r2_measured_02907,read,measured,,,,,4.2827,,ok,0.3505
485.7571,680,,,1.617,,,,,,497.541,r2_measured_02908,read,measured,,,,,9.6755,,ok,0.3966
529.8222,681,,,1.0273,,,,,,545.9422,r2_measured_02909,read,measured,,,,,14.6277,,ok,0.3881
554.5966,689,,,1.3224,,,,,,562.3429,r2_measured_02910,read,measured,,,,,5.3613,,ok,0.937
514.4003,663,,,1.1106,,,,,,521.8686,r2_measured_02911,read,measured,,,,,5.8662,,ok,0.4131
578.1862,681,,,1.5217,,,,,,582.8733,r2_measured_02912,read,measured,,,,,2.1144,,ok,0.937
372.5405,509,,,0.6372,,,,,,385.6185,r2_measured_02913,read,measured,,,,,11.9903,,ok,0.3769
550.9307,663,,,1.022,,,,,,559.4133,r2_measured_02914,read,measured,,,,,6.8629,,ok,0.4989
405.2277,566,,,0.8372,,,,,,411.5336,r2_measured_02915,read,measured,,,,,4.9946,,ok,0.3881
565.9341,678,,,0.8657,,,,,,578.8221,r2_measured_02916,read,measured,,,,,10.8424,,ok,1.0895
553.0382,680,,,1.6435,,,,,,568.9721,r2_measured_02917,read,measured,,,,,13.8286,,ok,0.3842
555.9429,680,,,0.9046,,,,,,566.0251,r2_measured_02918,read,measured,,,,,8.7234,,ok,0.3754
545.6462,663,,,0.6593,,,,,,548.0964,r2_measured_02919,read,measured,,,,,1.2697,,ok,0.4364
377.53,419,,,0.3164,,,,,,379.7732,r2_measured_02920,read,measured,,,,,1.477,,ok,0.3832
608.0385,689,,,0.8602,,,,,,621.038,r2_measured_02921,read,measured,,,,,11.7123,,ok,0.3541
589.2391,674,,,0.7747,,,,,,601.4064,r2_measured_02922,read,measured,,,,,10.9231,,ok,0.3917
494.2782,509,,,0.8283,,,,,,502.77,r2_measured_02923,read,measured,,,,,7.163,,ok,0.4242
446.7764,509,,,0.658,,,,,,461.501,r2_measured_02924,read,measured,,,,,13.5758,,ok,0.4209
390.0609,419,,,0.3144,,,,,,391.525,r2_measured_02925,read,measured,,,,,0.7026,,ok,0.3883
583.8593,689,,,0.7972,,,,,,595.0305,r2_measured_02926,read,measured,,,,,9.9843,,ok,0.3283
566.2611,680,,,0.5654,,,,,,573.2655,r2_measured_02927,read,measured,,,,,6.0336,,ok,0.3351
333.2413,369,,,0.6587,,,,,,336.2353,r2_measured_02928,read,measured,,,,,1.7735,,ok,0.4975
542.081,662,,,1.1861,,,,,,554.7481,r2_measured_02929,read,measured,,,,,11.0854,,ok,0.3302
465.8677,567,,,0.7856,,,,,,472.0487,r2_measured_02930,read,measured,,,,,4.9417,,ok,0.377
333.1856,419,,,0.3053,,,,,,334.587,r2_measured_02931,read,measured,,,,,0.6778,,ok,0.3613
581.4318,687,,,0.5709,,,,,,589.2388,r2_measured_02932,read,measured,,,,,6.8372,,ok,0.334
495.4907,568,,,1.2741,,,,,,504.8156,r2_measured_02933,read,measured,,,,,7.5975,,ok,0.3861
532.4119,663,,,0.6991,,,,,,541.6524,r2_measured_02934,read,measured,,,,,8.137,,ok,0.3326
561.9387,680,,,0.5895,,,,,,565.3599,r2_measured_02935,read,measured,,,,,2.4132,,ok,0.3522
545.209,678,,,0.8376,,,,,,549.3367,r2_measured_02936,read,measured,,,,,2.8773,,ok,0.3484
504.3312,628,,,0.5336,,,,,,513.3869,r2_measured_02937,read,measured,,,,,8.0028,,ok,0.451
534.3556,661,,,0.523,,,,,,536.2866,r2_measured_02938,read,measured,,,,,1.0119,,ok,0.3388
353.8547,419,,,0.3344,,,,,,355.741,r2_measured_02939,read,measured,,,,,1.0556,,ok,0.4315
530.223,689,,,0.6034,,,,,,535.8122,r2_measured_02940,read,measured,,,,,4.5599,,ok,0.3597
521.6581,689,,,0.5596,,,,,,528.4801,r2_measured_02941,read,measured,,,,,5.8651,,ok,0.3311
401.3803,509,,,0.7395,,,,,,407.32,r2_measured_02942,read,measured,,,,,4.8124,,ok,0.3326
467.6532,628,,,0.5852,,,,,,473.3573,r2_measured_02943,read,measured,,,,,4.7206,,ok,0.3388
512.8701,681,,,0.6756,,,,,,519.0368,r2_measured_02944,read,measured,,,,,5.086,,ok,0.3319
649.7418,680,436.9697,4.5975,0.8607,102.2653,1,4.596,1,31.3941,660.9985,r2_measured_02945,update,measured,26.7966,11.2567,1,11.8511,9.8408,67.2616,ok,0.4454
489.3536,661,,,1.1308,,,,,,494.3043,r2_measured_02946,read,measured,,,,,3.4173,,ok,0.3377
511.8596,679,,,0.8238,,,,,,519.3776,r2_measured_02947,read,measured,,,,,6.2794,,ok,0.3496
439.3188,675,,,0.8397,,,,,,445.6429,r2_measured_02948,read,measured,,,,,5.0644,,ok,0.3441
251.2554,369,,,0.231,,,,,,253.3579,r2_measured_02949,read,measured,,,,,1.5055,,ok,0.3217
434.1402,661,,,0.6617,,,,,,447.826,r2_measured_02950,read,measured,,,,,12.6117,,ok,0.3435
332.3759,509,,,0.5583,,,,,,342.5277,r2_measured_02951,read,measured,,,,,8.7863,,ok,0.7452
439.0465,675,,,0.7984,,,,,,448.4087,r2_measured_02952,read,measured,,,,,8.1474,,ok,0.3409
455.9174,689,,,0.5409,,,,,,460.1476,r2_measured_02953,read,measured,,,,,3.2715,,ok,0.353
276.451,417,,,0.2685,,,,,,280.0805,r2_measured_02954,read,measured,,,,,2.978,,ok,0.3318
416.3133,628,,,0.9957,,,,,,423.2798,r2_measured_02955,read,measured,,,,,5.5574,,ok,0.3502
365.1341,566,,,0.6324,,,,,,370.6122,r2_measured_02956,read,measured,,,,,4.3912,,ok,0.3335
454.7037,680,,,0.8443,,,,,,465.9405,r2_measured_02957,read,measured,,,,,9.9869,,ok,0.3356
375.0915,568,,,0.5085,,,,,,382.8999,r2_measured_02958,read,measured,,,,,6.9075,,ok,0.3318
481.7566,680,,,1.1496,,,,,,493.6077,r2_measured_02959,read,measured,,,,,8.7582,,ok,1.7879
455.7559,680,,,0.7526,,,,,,465.4163,r2_measured_02960,read,measured,,,,,8.4817,,ok,0.3516
443.3761,628,,,1.2752,,,,,,462.0459,r2_measured_02961,read,measured,,,,,16.8,,ok,0.4889
503.3796,681,,,0.5846,,,,,,507.8639,r2_measured_02962,read,measured,,,,,3.503,,ok,0.3352
269.6333,418,,,0.2846,,,,,,271.3328,r2_measured_02963,read,measured,,,,,1.0376,,ok,0.3242
291.4598,417,,,0.2791,,,,,,293.5037,r2_measured_02964,read,measured,,,,,1.3889,,ok,0.3215
463.9703,628,,,1.0912,,,,,,469.0272,r2_measured_02965,read,measured,,,,,3.5813,,ok,0.3215
437.8126,568,,,0.5167,,,,,,445.2271,r2_measured_02966,read,measured,,,,,6.4548,,ok,0.385
524.0665,689,,,0.9391,,,,,,534.0827,r2_measured_02967,read,measured,,,,,8.6567,,ok,0.3447
495.139,679,,,0.8319,,,,,,501.5144,r2_measured_02968,read,measured,,,,,5.1036,,ok,0.3643
320.6195,419,,,0.2641,,,,,,322.3195,r2_measured_02969,read,measured,,,,,1.0802,,ok,0.3075
509.155,679,,,0.8229,,,,,,517.2555,r2_measured_02970,read,measured,,,,,6.8493,,ok,0.3552
329.8084,417,,,1.3824,,,,,,332.3478,r2_measured_02971,read,measured,,,,,0.7339,,ok,0.3683
496.3191,688,,,0.6432,,,,,,509.6618,r2_measured_02972,read,measured,,,,,12.2876,,ok,0.3407
499.9222,663,,,0.6246,,,,,,504.515,r2_measured_02973,read,measured,,,,,3.565,,ok,0.3429
393.3896,509,,,0.5127,,,,,,402.0264,r2_measured_02974,read,measured,,,,,7.7322,,ok,0.3349
535.7002,675,,,0.5436,,,,,,549.8921,r2_measured_02975,read,measured,,,,,13.2113,,ok,0.373
377.103,505,,,1.6787,,,,,,381.9186,r2_measured_02976,read,measured,,,,,2.7238,,ok,0.3561
728.0897,680,530.707,7.0062,0.6261,106.6602,1,7.0046,1,41.9292,734.471,r2_measured_02977,update,measured,34.923,6.3813,1,20.8376,5.3569,27.9557,ok,0.336
323.3894,417,,,0.2738,,,,,,325.5842,r2_measured_02978,read,measured,,,,,1.524,,ok,0.3456
317.6996,418,,,0.2781,,,,,,320.2635,r2_measured_02979,read,measured,,,,,1.9061,,ok,0.3222
429.8848,567,,,0.7682,,,,,,434.0143,r2_measured_02980,read,measured,,,,,2.9211,,ok,0.3653
476.7415,680,,,0.764,,,,,,481.9249,r2_measured_02981,read,measured,,,,,4.0122,,ok,0.3393
512.0587,661,,,0.8291,,,,,,526.2,r2_measured_02982,read,measured,,,,,12.8717,,ok,0.3703
437.7964,568,,,0.6386,,,,,,440.6484,r2_measured_02983,read,measured,,,,,1.8052,,ok,0.353
537.5653,689,,,0.5717,,,,,,541.3021,r2_measured_02984,read,measured,,,,,2.7541,,ok,0.3463
514.8629,680,,,1.2093,,,,,,521.5391,r2_measured_02985,read,measured,,,,,5.0469,,ok,0.3531
505.6217,662,,,0.5406,,,,,,513.7724,r2_measured_02986,read,measured,,,,,7.1848,,ok,0.3546
472.2176,629,,,0.5449,,,,,,477.7721,r2_measured_02987,read,measured,,,,,4.602,,ok,0.3384
338.4404,419,,,0.29,,,,,,340.4645,r2_measured_02988,read,measured,,,,,1.3285,,ok,0.3545
510.9484,675,,,1.2386,,,,,,523.6784,r2_measured_02989,read,measured,,,,,11.0436,,ok,0.3751
511.0652,675,,,0.6211,,,,,,516.8347,r2_measured_02990,read,measured,,,,,4.7251,,ok,0.3566
512.1851,687,,,1.8116,,,,,,520.7736,r2_measured_02991,read,measured,,,,,6.3649,,ok,0.3461
519.3526,688,,,0.6387,,,,,,526.3546,r2_measured_02992,read,measured,,,,,5.8649,,ok,0.4143
705.3072,680,520.905,6.1797,0.5609,104.9577,1,6.1737,1,31.1792,713.1598,r2_measured_02993,update,measured,24.9995,7.8526,1,18.3195,6.8922,29.9458,ok,0.3334
485.9717,629,,,0.7613,,,,,,497.9959,r2_measured_02994,read,measured,,,,,10.8594,,ok,0.3377
479.3475,626,,,3.2809,,,,,,490.0431,r2_measured_02995,read,measured,,,,,6.9858,,ok,0.359
646.8591,629,490.7685,7.6929,0.6938,96.4147,0,7.6912,1,33.1271,656.5878,r2_measured_02996,update,measured,25.4342,9.7287,1,0.0056,8.6036,26.5432,ok,0.3601
510.5003,663,,,0.5845,,,,,,516.5895,r2_measured_02997,read,measured,,,,,5.1099,,ok,0.3308
319.1519,419,,,0.268,,,,,,321.6308,r2_measured_02998,read,measured,,,,,1.8288,,ok,0.3311
285.3811,369,,,0.256,,,,,,288.6166,r2_measured_02999,read,measured,,,,,2.5829,,ok,0.3407
522.7903,678,,,0.8786,,,,,,528.1068,r2_measured_03000,read,measured,,,,,4.0209,,ok,0.3447
520.7269,680,,,0.612,,,,,,526.8022,r2_measured_03001,read,measured,,,,,5.0126,,ok,0.3685
523.3677,687,,,0.7881,,,,,,533.2092,r2_measured_03002,read,measured,,,,,8.469,,ok,0.489
311.627,418,,,0.2567,,,,,,316.2114,r2_measured_03003,read,measured,,,,,3.9374,,ok,0.341
546.8454,689,,,0.738,,,,,,557.4444,r2_measured_03004,read,measured,,,,,9.4552,,ok,0.334
566.0974,680,,,0.6472,,,,,,575.698,r2_measured_03005,read,measured,,,,,8.483,,ok,0.3993
547.7774,688,,,1.2233,,,,,,557.5995,r2_measured_03006,read,measured,,,,,8.198,,ok,0.336
664.8495,663,504.3609,5.3888,1.3177,97.1035,0,5.3868,1,31.2579,678.6086,r2_measured_03007,update,measured,25.8691,13.7591,1,0.0102,12.0209,32.117,ok,0.3469
263.7506,369,,,0.2376,,,,,,264.9968,r2_measured_03008,read,measured,,,,,0.6127,,ok,0.3424
437.3582,568,,,0.6053,,,,,,441.9173,r2_measured_03009,read,measured,,,,,3.5488,,ok,0.3387
312.1282,419,,,0.3042,,,,,,316.2826,r2_measured_03010,read,measured,,,,,3.4234,,ok,0.3602
476.5463,629,,,0.5981,,,,,,483.8697,r2_measured_03011,read,measured,,,,,6.3247,,ok,0.3319
511.0114,674,,,1.7267,,,,,,518.2557,r2_measured_03012,read,measured,,,,,5.1143,,ok,0.3308
493.8018,628,,,0.5321,,,,,,505.9996,r2_measured_03013,read,measured,,,,,11.2784,,ok,0.3221
335.5867,418,,,0.4218,,,,,,338.4485,r2_measured_03014,read,measured,,,,,2.0615,,ok,0.3283
485.8121,624,,,0.4888,,,,,,495.4994,r2_measured_03015,read,measured,,,,,8.8317,,ok,0.3105
537.6226,663,,,0.951,,,,,,542.8585,r2_measured_03016,read,measured,,,,,3.8645,,ok,0.358
512.9083,674,,,0.6662,,,,,,519.9402,r2_measured_03017,read,measured,,,,,5.9155,,ok,0.3832
369.7407,509,,,0.4916,,,,,,373.0814,r2_measured_03018,read,measured,,,,,2.4197,,ok,0.364
306.8788,419,,,0.2652,,,,,,308.632,r2_measured_03019,read,measured,,,,,1.1331,,ok,0.3099
448.7819,418,313.978,5.3253,0.3017,60.532,1,5.3235,1,34.2497,450.6331,r2_measured_03020,update,measured,28.9244,1.8512,1,15.3455,1.1515,24.6767,ok,0.3432
262.6242,369,,,0.2745,,,,,,268.4292,r2_measured_03021,read,measured,,,,,5.1046,,ok,0.3779
429.662,628,,,0.8518,,,,,,437.6336,r2_measured_03022,read,measured,,,,,6.6282,,ok,0.4195
365.7316,507,,,0.9056,,,,,,377.6576,r2_measured_03023,read,measured,,,,,10.5664,,ok,0.3804
496.5413,680,,,0.8183,,,,,,507.8865,r2_measured_03024,read,measured,,,,,10.0968,,ok,0.3577
410.2224,567,,,0.7183,,,,,,414.7014,r2_measured_03025,read,measured,,,,,3.1825,,ok,0.4983
424.2685,568,,,0.6997,,,,,,430.9295,r2_measured_03026,read,measured,,,,,5.5368,,ok,0.3546
497.391,681,,,0.6063,,,,,,506.7318,r2_measured_03027,read,measured,,,,,8.2854,,ok,0.3701
510.1711,689,,,1.806,,,,,,522.7069,r2_measured_03028,read,measured,,,,,10.3264,,ok,0.3346
502.7371,680,,,0.6202,,,,,,512.2487,r2_measured_03029,read,measured,,,,,8.4807,,ok,0.3358
498.8173,673,,,1.0196,,,,,,505.4859,r2_measured_03030,read,measured,,,,,5.2161,,ok,0.3695
312.0709,419,,,0.2894,,,,,,315.6782,r2_measured_03031,read,measured,,,,,2.9159,,ok,0.3435
500.5492,681,,,0.701,,,,,,508.265,r2_measured_03032,read,measured,,,,,6.5738,,ok,0.367
584.4198,567,415.5657,9.5478,0.7141,84.2168,0,9.5464,1,46.2569,590.665,r2_measured_03033,update,measured,36.7091,6.2452,1,11.708,5.1189,26.6724,ok,0.3495
509.2648,680,,,0.9803,,,,,,515.2307,r2_measured_03034,read,measured,,,,,4.5562,,ok,0.3574
508.3221,689,,,0.6774,,,,,,517.8101,r2_measured_03035,read,measured,,,,,8.4038,,ok,0.3417
493.8513,689,,,0.6148,,,,,,503.625,r2_measured_03036,read,measured,,,,,8.7671,,ok,0.3264
455.1108,628,,,0.5095,,,,,,465.3346,r2_measured_03037,read,measured,,,,,9.3121,,ok,0.3409
544.4299,680,,,0.9933,,,,,,550.1849,r2_measured_03038,read,measured,,,,,4.3733,,ok,0.3316
526.6712,681,,,0.5087,,,,,,537.6628,r2_measured_03039,read,measured,,,,,10.0953,,ok,0.3274
307.3923,419,,,0.288,,,,,,309.3562,r2_measured_03040,read,measured,,,,,1.2695,,ok,0.3469
501.5303,663,,,0.5888,,,,,,511.0493,r2_measured_03041,read,measured,,,,,8.3842,,ok,0.4323
376.2291,507,,,2.3147,,,,,,392.7752,r2_measured_03042,read,measured,,,,,13.2735,,ok,0.7603
489.5174,628,,,0.5872,,,,,,496.1854,r2_measured_03043,read,measured,,,,,5.5637,,ok,0.4479
468.5379,629,,,0.7539,,,,,,473.105,r2_measured_03044,read,measured,,,,,3.4133,,ok,0.3389
504.3563,689,,,0.8418,,,,,,512.5348,r2_measured_03045,read,measured,,,,,6.9187,,ok,0.3457
499.1757,680,,,0.5322,,,,,,509.6287,r2_measured_03046,read,measured,,,,,9.5051,,ok,0.345
387.9156,509,,,0.4741,,,,,,396.0465,r2_measured_03047,read,measured,,,,,7.262,,ok,0.3292
510.8787,675,,,1.023,,,,,,516.3168,r2_measured_03048,read,measured,,,,,4.024,,ok,0.3289
499.5793,679,,,0.7754,,,,,,505.0765,r2_measured_03049,read,measured,,,,,4.321,,ok,0.3375
418.3667,568,,,0.6437,,,,,,429.507,r2_measured_03050,read,measured,,,,,10.1013,,ok,0.3377
390.6615,509,,,1.1214,,,,,,400.8364,r2_measured_03051,read,measured,,,,,8.6499,,ok,0.3486
463.239,663,,,0.66,,,,,,469.8596,r2_measured_03052,read,measured,,,,,5.4991,,ok,0.3838
480.2174,663,,,0.4947,,,,,,483.1838,r2_measured_03053,read,measured,,,,,2.0609,,ok,0.3471
493.9139,506,331.5817,5.9044,1.0511,71.226,1,5.9025,1,27.4714,499.0612,r2_measured_03054,update,measured,21.567,5.1473,1,38.4301,3.6874,25.2047,ok,0.3459
477.7196,680,,,0.7156,,,,,,483.5962,r2_measured_03055,read,measured,,,,,4.7623,,ok,0.3303
289.6752,419,,,0.2912,,,,,,291.3614,r2_measured_03056,read,measured,,,,,0.997,,ok,0.3485
447.8734,680,,,0.9299,,,,,,453.6663,r2_measured_03057,read,measured,,,,,4.4688,,ok,0.3296
469.7836,689,,,0.5839,,,,,,475.632,r2_measured_03058,read,measured,,,,,4.853,,ok,0.3406
410.9382,629,,,0.6677,,,,,,415.7715,r2_measured_03059,read,measured,,,,,3.7524,,ok,0.3398
453.6415,680,,,0.7923,,,,,,458.3599,r2_measured_03060,read,measured,,,,,3.4912,,ok,0.3562
479.0188,689,,,0.8989,,,,,,484.436,r2_measured_03061,read,measured,,,,,4.0861,,ok,0.356
358.1422,509,,,0.719,,,,,,361.8436,r2_measured_03062,read,measured,,,,,2.5815,,ok,0.34
431.6185,628,,,0.5579,,,,,,436.0104,r2_measured_03063,read,measured,,,,,3.4061,,ok,0.3566
507.1693,681,,,0.5854,,,,,,516.3604,r2_measured_03064,read,measured,,,,,8.2108,,ok,0.3262
481.4997,663,,,0.6497,,,,,,486.0897,r2_measured_03065,read,measured,,,,,3.5442,,ok,0.324
475.5735,629,,,0.6108,,,,,,483.71,r2_measured_03066,read,measured,,,,,7.1544,,ok,0.3121
232.4822,369,,,0.2434,,,,,,235.0793,r2_measured_03067,read,measured,,,,,1.9873,,ok,0.3175
493.0775,679,,,0.7936,,,,,,500.3668,r2_measured_03068,read,measured,,,,,6.062,,ok,0.3618
514.6775,674,,,1.7654,,,,,,524.6431,r2_measured_03069,read,measured,,,,,7.4652,,ok,0.596
451.0749,628,,,0.6011,,,,,,459.0231,r2_measured_03070,read,measured,,,,,6.9412,,ok,0.3434
528.1998,629,,,0.7017,,,,,,548.1833,r2_measured_03071,read,measured,,,,,18.8492,,ok,0.3537
545.2654,663,,,0.7639,,,,,,551.5613,r2_measured_03072,read,measured,,,,,5.1502,,ok,0.3147
472.5155,567,,,0.9165,,,,,,487.127,r2_measured_03073,read,measured,,,,,13.1072,,ok,0.4952
622.0624,689,,,0.781,,,,,,627.9858,r2_measured_03074,read,measured,,,,,4.6511,,ok,0.4106
532.3718,626,,,1.5881,,,,,,543.2689,r2_measured_03075,read,measured,,,,,8.3676,,ok,0.8264
599.039,680,,,0.7823,,,,,,611.5504,r2_measured_03076,read,measured,,,,,11.2655,,ok,0.3815
596.0713,674,,,0.6193,,,,,,606.4065,r2_measured_03077,read,measured,,,,,9.2512,,ok,0.3808
632.9234,680,,,0.6362,,,,,,642.5372,r2_measured_03078,read,measured,,,,,8.514,,ok,0.3801
594.3899,679,,,1.0917,,,,,,604.0709,r2_measured_03079,read,measured,,,,,8.0147,,ok,0.4777
580.687,628,,,0.8661,,,,,,589.8051,r2_measured_03080,read,measured,,,,,7.7584,,ok,0.4138
574.4019,663,,,0.6847,,,,,,583.4731,r2_measured_03081,read,measured,,,,,7.9107,,ok,0.3533
560.2504,662,,,0.7187,,,,,,578.9044,r2_measured_03082,read,measured,,,,,17.4975,,ok,0.3614
585.3407,689,,,0.5639,,,,,,589.8569,r2_measured_03083,read,measured,,,,,3.545,,ok,0.3394
602.8593,662,,,0.552,,,,,,613.1362,r2_measured_03084,read,measured,,,,,9.3173,,ok,0.3439
727.1992,663,513.4991,5.4455,0.951,96.4487,1,5.4437,1,37.0174,730.8825,r2_measured_03085,update,measured,31.5719,3.6833,1,32.5232,2.3145,47.7108,ok,0.3444
492.5602,567,,,0.6231,,,,,,501.9751,r2_measured_03086,read,measured,,,,,8.33,,ok,0.3922
339.2495,419,,,0.321,,,,,,342.5445,r2_measured_03087,read,measured,,,,,2.5214,,ok,0.3863
484.2756,628,,,0.9049,,,,,,491.8325,r2_measured_03088,read,measured,,,,,6.2456,,ok,0.347
529.2473,675,,,0.7974,,,,,,538.8949,r2_measured_03089,read,measured,,,,,8.4406,,ok,0.3399
498.6183,628,,,0.6107,,,,,,511.7956,r2_measured_03090,read,measured,,,,,12.1594,,ok,0.3408
473.3128,627,,,0.6541,,,,,,483.6091,r2_measured_03091,read,measured,,,,,9.2579,,ok,0.3216
447.6296,567,,,0.575,,,,,,453.2185,r2_measured_03092,read,measured,,,,,4.628,,ok,0.3313
503.3473,681,,,2.0751,,,,,,509.4478,r2_measured_03093,read,measured,,,,,3.2231,,ok,0.6833
399.872,509,,,0.6072,,,,,,408.6806,r2_measured_03094,read,measured,,,,,7.8197,,ok,0.3249
461.1747,627,,,0.777,,,,,,465.2216,r2_measured_03095,read,measured,,,,,2.6732,,ok,0.5056
519.7853,679,,,0.8418,,,,,,531.4137,r2_measured_03096,read,measured,,,,,10.3567,,ok,0.3565
307.9937,419,,,0.2544,,,,,,310.9902,r2_measured_03097,read,measured,,,,,2.3932,,ok,0.3025
497.6356,679,,,0.6996,,,,,,502.3503,r2_measured_03098,read,measured,,,,,3.5888,,ok,0.3525
608.8893,629,459.3503,5.4178,0.8942,90.1624,1,5.4157,1,26.7734,621.4962,r2_measured_03099,update,measured,21.3556,12.6069,1,0.0056,11.3049,32.5976,ok,0.3401
507.7213,661,,,0.8546,,,,,,512.5813,r2_measured_03100,read,measured,,,,,3.5809,,ok,0.355
496.692,680,,,0.7464,,,,,,503.1416,r2_measured_03101,read,measured,,,,,5.2092,,ok,0.4259
448.6692,629,,,1.1539,,,,,,463.3473,r2_measured_03102,read,measured,,,,,13.1269,,ok,0.3345
474.4482,680,,,0.5735,,,,,,480.4246,r2_measured_03103,read,measured,,,,,4.9761,,ok,0.3489
482.1785,672,,,0.7147,,,,,,485.6216,r2_measured_03104,read,measured,,,,,2.2951,,ok,0.3623
290.5191,369,,,0.247,,,,,,293.1286,r2_measured_03105,read,measured,,,,,1.9662,,ok,0.3475
478.5368,661,,,0.5677,,,,,,485.9786,r2_measured_03106,read,measured,,,,,6.4617,,ok,0.347
498.515,687,,,0.5819,,,,,,502.1514,r2_measured_03107,read,measured,,,,,2.6276,,ok,0.3512
452.2439,628,,,0.5387,,,,,,454.9106,r2_measured_03108,read,measured,,,,,1.7074,,ok,0.3484
313.4953,419,,,0.2712,,,,,,315.9439,r2_measured_03109,read,measured,,,,,1.7894,,ok,0.3347
369.0876,509,,,0.79,,,,,,379.8314,r2_measured_03110,read,measured,,,,,9.5347,,ok,0.3505
645.0207,626,456.004,13.3473,0.5645,105.3817,1,13.3446,1,43.8284,652.9961,r2_measured_03111,update,measured,30.4811,7.9754,1,15.7523,7.0212,24.0543,ok,0.323
456.6284,628,,,0.8103,,,,,,465.4272,r2_measured_03112,read,measured,,,,,7.3518,,ok,0.5566
452.6625,680,,,2.2499,,,,,,474.8657,r2_measured_03113,read,measured,,,,,19.0079,,ok,0.8236
388.4102,568,,,0.7977,,,,,,392.1092,r2_measured_03114,read,measured,,,,,2.491,,ok,0.3412
513.3371,681,,,0.5071,,,,,,516.6164,r2_measured_03115,read,measured,,,,,2.3917,,ok,0.3182
498.6547,681,,,0.693,,,,,,502.4898,r2_measured_03116,read,measured,,,,,2.7268,,ok,0.3488
402.0426,567,,,0.7151,,,,,,406.9489,r2_measured_03117,read,measured,,,,,3.5614,,ok,0.5342
492.4416,681,,,1.7099,,,,,,502.9422,r2_measured_03118,read,measured,,,,,8.4109,,ok,0.3193
461.2391,628,,,0.6317,,,,,,468.2646,r2_measured_03119,read,measured,,,,,6.0204,,ok,0.3119
499.8707,674,,,0.6848,,,,,,506.3157,r2_measured_03120,read,measured,,,,,5.3696,,ok,0.3293
479.7294,629,,,0.5164,,,,,,488.6825,r2_measured_03121,read,measured,,,,,8.0683,,ok,0.3119
503.6782,681,,,0.6101,,,,,,508.0694,r2_measured_03122,read,measured,,,,,3.3706,,ok,0.3386
408.9003,568,,,0.9242,,,,,,416.7995,r2_measured_03123,read,measured,,,,,6.58,,ok,0.3346
506.0251,681,,,0.5453,,,,,,511.8977,r2_measured_03124,read,measured,,,,,4.9228,,ok,0.3391
486.4094,681,,,0.5675,,,,,,491.4493,r2_measured_03125,read,measured,,,,,4.0483,,ok,0.3473
485.8262,663,,,0.7235,,,,,,490.1518,r2_measured_03126,read,measured,,,,,3.2082,,ok,0.3285
500.0932,681,,,0.6815,,,,,,507.0865,r2_measured_03127,read,measured,,,,,5.8746,,ok,0.3625
677.5704,629,478.3386,5.7122,0.7741,105.2468,1,5.7105,1,45.6195,683.7676,r2_measured_03128,update,measured,39.9073,6.1972,1,24.0961,4.9997,24.2694,ok,0.3547
520.5524,680,,,0.6615,,,,,,525.9249,r2_measured_03129,read,measured,,,,,4.2454,,ok,0.3837
494.5858,661,,,1.0737,,,,,,503.4727,r2_measured_03130,read,measured,,,,,7.4049,,ok,0.3361
329.4432,509,,,0.528,,,,,,341.4084,r2_measured_03131,read,measured,,,,,11.0436,,ok,0.3326
386.2906,509,,,0.8297,,,,,,396.755,r2_measured_03132,read,measured,,,,,9.1041,,ok,0.4517
481.3999,661,,,0.5923,,,,,,489.4609,r2_measured_03133,read,measured,,,,,7.0308,,ok,0.3617
504.7732,689,,,0.5576,,,,,,514.6026,r2_measured_03134,read,measured,,,,,8.8493,,ok,0.3482
493.777,663,,,0.6477,,,,,,503.6178,r2_measured_03135,read,measured,,,,,8.7902,,ok,0.3342
547.1975,681,,,0.7398,,,,,,551.6269,r2_measured_03136,read,measured,,,,,3.2409,,ok,0.3783
394.4411,509,,,0.6627,,,,,,399.0475,r2_measured_03137,read,measured,,,,,3.5352,,ok,0.3393
549.9524,680,,,0.7945,,,,,,555.8631,r2_measured_03138,read,measured,,,,,4.6999,,ok,0.3466
541.3404,675,,,0.7211,,,,,,548.4689,r2_measured_03139,read,measured,,,,,5.9814,,ok,0.3509
550.303,663,,,0.7759,,,,,,556.4144,r2_measured_03140,read,measured,,,,,4.9028,,ok,0.3629
531.3009,673,,,0.9382,,,,,,536.2662,r2_measured_03141,read,measured,,,,,3.6097,,ok,0.3523
292.1742,369,,,0.2687,,,,,,294.639,r2_measured_03142,read,measured,,,,,1.7941,,ok,0.3493
508.2206,626,,,0.5255,,,,,,519.5008,r2_measured_03143,read,measured,,,,,10.3237,,ok,0.3581
519.1723,663,,,0.7724,,,,,,526.4962,r2_measured_03144,read,measured,,,,,6.1164,,ok,0.3465
382.2504,509,,,1.1607,,,,,,395.0646,r2_measured_03145,read,measured,,,,,11.2456,,ok,0.3473
516.6496,687,,,0.6783,,,,,,522.7065,r2_measured_03146,read,measured,,,,,4.9689,,ok,0.343
464.6329,626,,,0.5228,,,,,,477.6931,r2_measured_03147,read,measured,,,,,12.127,,ok,0.348
501.3377,681,,,0.5279,,,,,,507.0112,r2_measured_03148,read,measured,,,,,4.7435,,ok,0.3345
373.158,509,,,0.5219,,,,,,382.0131,r2_measured_03149,read,measured,,,,,7.9341,,ok,0.3385
490.8584,626,,,1.0527,,,,,,501.1892,r2_measured_03150,read,measured,,,,,8.7145,,ok,0.4538
522.1606,681,,,0.658,,,,,,527.9477,r2_measured_03151,read,measured,,,,,4.7139,,ok,0.3439
665.9768,688,489.8112,7.5086,0.609,99.306,0,7.5063,1,41.4,668.7183,r2_measured_03152,update,measured,33.8914,2.7415,1,0.0133,1.6982,35.4463,ok,0.3597
520.4067,689,,,0.6026,,,,,,526.4149,r2_measured_03153,read,measured,,,,,5.0191,,ok,0.3241
273.8215,419,,,0.2629,,,,,,275.2306,r2_measured_03154,read,measured,,,,,0.7664,,ok,0.3304
445.8553,628,,,0.5102,,,,,,450.4716,r2_measured_03155,read,measured,,,,,3.6957,,ok,0.3454
400.906,567,,,0.5248,,,,,,406.3275,r2_measured_03156,read,measured,,,,,4.4857,,ok,0.3497
476.2607,679,,,0.9565,,,,,,484.4989,r2_measured_03157,read,measured,,,,,6.8368,,ok,0.3684
437.1758,629,,,0.631,,,,,,442.8907,r2_measured_03158,read,measured,,,,,4.6797,,ok,0.336
299.2243,417,,,0.268,,,,,,303.2866,r2_measured_03159,read,measured,,,,,3.3979,,ok,0.3404
470.3765,663,,,0.7563,,,,,,479.2228,r2_measured_03160,read,measured,,,,,7.6594,,ok,0.3576
441.6876,624,,,0.5931,,,,,,447.2404,r2_measured_03161,read,measured,,,,,4.5302,,ok,0.3546
458.8908,663,,,0.585,,,,,,466.4714,r2_measured_03162,read,measured,,,,,6.5539,,ok,0.3658
485.365,681,,,0.7228,,,,,,494.2936,r2_measured_03163,read,measured,,,,,7.7906,,ok,0.3494
493.3267,680,,,0.5884,,,,,,498.7953,r2_measured_03164,read,measured,,,,,4.4501,,ok,0.3612
474.2187,675,,,0.9388,,,,,,484.7051,r2_measured_03165,read,measured,,,,,9.1383,,ok,0.3444
389.2221,418,261.0192,6.0402,0.2726,69.7113,0,6.0385,1,34.0952,391.7345,r2_measured_03166,update,measured,28.055,2.5124,1,0.006,1.862,24.3904,ok,0.3284
465.0103,679,,,0.71,,,,,,469.8183,r2_measured_03167,read,measured,,,,,3.6825,,ok,0.3422
445.8769,674,,,0.7501,,,,,,455.9273,r2_measured_03168,read,measured,,,,,8.8835,,ok,0.3511
421.4658,629,,,0.6838,,,,,,433.9334,r2_measured_03169,read,measured,,,,,11.3721,,ok,0.3475
455.7379,689,,,1.1657,,,,,,461.6019,r2_measured_03170,read,measured,,,,,4.2924,,ok,0.3374
338.5932,507,,,0.8788,,,,,,343.3477,r2_measured_03171,read,measured,,,,,3.489,,ok,0.3327
453.0052,680,,,0.9524,,,,,,461.1999,r2_measured_03172,read,measured,,,,,6.8349,,ok,0.3405
465.5396,680,,,0.599,,,,,,473.8897,r2_measured_03173,read,measured,,,,,7.3255,,ok,0.3521
446.0042,679,,,0.7209,,,,,,451.9627,r2_measured_03174,read,measured,,,,,4.8059,,ok,0.3581
453.1036,679,,,0.9881,,,,,,463.2754,r2_measured_03175,read,measured,,,,,8.7612,,ok,0.35
487.1789,680,,,0.676,,,,,,500.884,r2_measured_03176,read,measured,,,,,12.6256,,ok,0.3378
486.8088,663,,,0.8575,,,,,,492.0988,r2_measured_03177,read,measured,,,,,4.0243,,ok,0.342
343.4085,509,,,0.9631,,,,,,351.5055,r2_measured_03178,read,measured,,,,,6.724,,ok,0.3497
478.2998,680,,,0.8842,,,,,,487.1903,r2_measured_03179,read,measured,,,,,7.3105,,ok,0.6061
428.0486,567,,,0.5364,,,,,,432.3565,r2_measured_03180,read,measured,,,,,3.3806,,ok,0.3304
494.0627,680,,,0.9012,,,,,,500.7275,r2_measured_03181,read,measured,,,,,5.3398,,ok,0.3571
498.8081,679,,,0.5377,,,,,,502.4045,r2_measured_03182,read,measured,,,,,2.6338,,ok,0.3583
499.1707,689,,,0.8938,,,,,,507.8406,r2_measured_03183,read,measured,,,,,7.3733,,ok,0.3379
307.4925,419,,,0.2864,,,,,,310.3993,r2_measured_03184,read,measured,,,,,2.2252,,ok,0.3403
276.4697,368,,,0.2625,,,,,,281.0016,r2_measured_03185,read,measured,,,,,3.8714,,ok,0.349
474.768,673,,,1.0065,,,,,,480.8508,r2_measured_03186,read,measured,,,,,4.6575,,ok,0.3455
487.3063,679,,,0.7764,,,,,,494.0292,r2_measured_03187,read,measured,,,,,5.5233,,ok,0.3484
314.8162,418,,,0.2725,,,,,,317.9266,r2_measured_03188,read,measured,,,,,2.4607,,ok,0.3283
486.2869,674,,,1.3802,,,,,,498.2319,r2_measured_03189,read,measured,,,,,9.9268,,ok,0.5193
586.7833,688,,,0.5912,,,,,,599.5631,r2_measured_03190,read,measured,,,,,11.7951,,ok,0.3303
664.411,628,478.4638,5.0378,0.5309,100.4723,1,5.0361,1,40.2017,670.2913,r2_measured_03191,update,measured,35.1639,5.8803,1,16.507,4.9496,28.7662,ok,0.3369
553.9364,661,,,0.5788,,,,,,628.9284,r2_measured_03192,read,measured,,,,,9.1521,,ok,0.3509
464.5,566,,,0.6194,,,,,,468.1386,r2_measured_03193,read,measured,,,,,2.647,,ok,0.3111
535.5014,681,,,0.7529,,,,,,549.2292,r2_measured_03194,read,measured,,,,,12.5856,,ok,0.3281
525.2682,688,,,0.5982,,,,,,538.5232,r2_measured_03195,read,measured,,,,,12.2587,,ok,0.3311
510.2232,672,,,1.0954,,,,,,516.6694,r2_measured_03196,read,measured,,,,,4.9067,,ok,0.3677
278.866,417,,,0.2932,,,,,,281.331,r2_measured_03197,read,measured,,,,,1.7631,,ok,0.3494
511.0005,674,,,1.2806,,,,,,517.7629,r2_measured_03198,read,measured,,,,,5.0678,,ok,0.3482
530.0805,680,,,1.0229,,,,,,533.9742,r2_measured_03199,read,measured,,,,,2.49,,ok,0.3176
518.8587,681,,,0.7123,,,,,,528.304,r2_measured_03200,read,measured,,,,,8.3564,,ok,0.3144
490.9018,629,,,0.601,,,,,,500.4902,r2_measured_03201,read,measured,,,,,8.5931,,ok,0.3313
508.461,663,,,0.8647,,,,,,515.7087,r2_measured_03202,read,measured,,,,,5.9744,,ok,0.3355
512.109,662,,,1.3717,,,,,,516.0836,r2_measured_03203,read,measured,,,,,2.1606,,ok,0.3656
329.1055,369,,,0.2461,,,,,,332.5228,r2_measured_03204,read,measured,,,,,2.7627,,ok,0.3525
658.2943,662,443.1995,5.6072,0.6631,82.5107,1,5.6055,1,34.8505,668.0298,r2_measured_03205,update,measured,29.2433,9.7355,1,27.0855,8.6699,70.6481,ok,0.3393
355.6269,418,,,0.3023,,,,,,359.6528,r2_measured_03206,read,measured,,,,,3.3301,,ok,0.3401
396.926,628,,,0.8136,,,,,,402.6876,r2_measured_03207,read,measured,,,,,4.5112,,ok,0.3587
460.005,679,,,1.2466,,,,,,468.2565,r2_measured_03208,read,measured,,,,,6.5952,,ok,0.3348
457.1996,678,,,0.5953,,,,,,461.3707,r2_measured_03209,read,measured,,,,,3.1585,,ok,0.3502
468.8511,687,,,0.7865,,,,,,473.9907,r2_measured_03210,read,measured,,,,,3.95,,ok,0.3403
452.2415,663,,,0.7479,,,,,,457.4018,r2_measured_03211,read,measured,,,,,4.0296,,ok,0.3236
467.7662,663,,,0.7436,,,,,,474.0423,r2_measured_03212,read,measured,,,,,5.1201,,ok,0.3493
461.7351,680,,,0.6633,,,,,,470.8683,r2_measured_03213,read,measured,,,,,8.067,,ok,0.3418
453.0868,679,,,0.736,,,,,,462.1358,r2_measured_03214,read,measured,,,,,7.8826,,ok,0.3607
482.9426,689,,,0.6552,,,,,,492.564,r2_measured_03215,read,measured,,,,,8.5267,,ok,0.3623
336.3367,509,,,0.5719,,,,,,346.2948,r2_measured_03216,read,measured,,,,,8.9776,,ok,0.3467
451.3171,661,,,0.619,,,,,,454.886,r2_measured_03217,read,measured,,,,,2.5213,,ok,0.353
455.464,663,,,0.8268,,,,,,460.1012,r2_measured_03218,read,measured,,,,,3.3636,,ok,0.372
494.8655,688,,,0.7647,,,,,,502.6807,r2_measured_03219,read,measured,,,,,6.5919,,ok,0.3318
498.0509,689,,,0.9419,,,,,,504.5092,r2_measured_03220,read,measured,,,,,5.0875,,ok,0.3488
269.3387,419,,,0.2734,,,,,,270.9783,r2_measured_03221,read,measured,,,,,0.9807,,ok,0.3364
372.5554,507,,,0.4798,,,,,,376.6588,r2_measured_03222,read,measured,,,,,3.1285,,ok,0.4311
477.6118,663,,,0.5399,,,,,,483.0324,r2_measured_03223,read,measured,,,,,4.4667,,ok,0.3499
414.9838,567,,,0.5917,,,,,,417.9833,r2_measured_03224,read,measured,,,,,1.9806,,ok,0.3582
279.175,369,,,0.2438,,,,,,281.3389,r2_measured_03225,read,measured,,,,,1.5523,,ok,0.3218
406.3894,568,,,0.7969,,,,,,411.7949,r2_measured_03226,read,measured,,,,,4.1938,,ok,0.3502
442.6859,626,,,0.602,,,,,,450.6538,r2_measured_03227,read,measured,,,,,6.9648,,ok,0.3349
304.8814,418,,,0.2857,,,,,,306.6432,r2_measured_03228,read,measured,,,,,1.0822,,ok,0.3364
474.566,680,,,0.9235,,,,,,480.073,r2_measured_03229,read,measured,,,,,4.1762,,ok,0.3393
411.5592,568,,,0.6014,,,,,,421.7377,r2_measured_03230,read,measured,,,,,9.1727,,ok,0.3331
486.8359,680,,,1.4862,,,,,,494.4526,r2_measured_03231,read,measured,,,,,5.7121,,ok,0.3479
357.3016,507,,,0.464,,,,,,365.5466,r2_measured_03232,read,measured,,,,,7.3717,,ok,0.3523
651.6836,689,470.7023,8.2334,0.6886,99.7364,1,8.2309,1,36.5255,663.9086,r2_measured_03233,update,measured,28.2921,12.225,1,16.2115,11.09,28.5079,ok,0.3638
444.9254,629,,,0.5727,,,,,,448.3197,r2_measured_03234,read,measured,,,,,2.3727,,ok,0.3834
464.9842,679,,,0.8431,,,,,,467.8477,r2_measured_03235,read,measured,,,,,1.5643,,ok,0.3727
452.3455,673,,,0.7039,,,,,,456.6959,r2_measured_03236,read,measured,,,,,3.2172,,ok,0.3544
369.0648,568,,,0.7469,,,,,,376.5878,r2_measured_03237,read,measured,,,,,6.3275,,ok,0.3725
423.8382,627,,,0.7218,,,,,,428.7999,r2_measured_03238,read,measured,,,,,3.8164,,ok,0.3485
430.036,663,,,0.6797,,,,,,442.1247,r2_measured_03239,read,measured,,,,,11.0035,,ok,0.3412
463.38,688,,,0.5497,,,,,,467.105,r2_measured_03240,read,measured,,,,,2.7743,,ok,0.3357
360.5494,507,,,0.5037,,,,,,370.2301,r2_measured_03241,read,measured,,,,,8.7718,,ok,0.3433
392.8303,568,,,0.8646,,,,,,397.6449,r2_measured_03242,read,measured,,,,,3.5256,,ok,0.3602
491.018,680,,,1.024,,,,,,495.2828,r2_measured_03243,read,measured,,,,,2.8193,,ok,0.3444
490.8885,680,,,0.7799,,,,,,499.663,r2_measured_03244,read,measured,,,,,7.5766,,ok,0.3536
418.8543,567,,,1.0784,,,,,,425.9044,r2_measured_03245,read,measured,,,,,5.5563,,ok,0.3555
512.6108,689,,,1.0424,,,,,,518.9974,r2_measured_03246,read,measured,,,,,4.8427,,ok,0.4278
487.8717,674,,,0.6011,,,,,,493.3039,r2_measured_03247,read,measured,,,,,4.3969,,ok,0.3637
500.4299,681,,,0.9432,,,,,,507.1056,r2_measured_03248,read,measured,,,,,5.2859,,ok,0.3663
364.9047,507,,,0.7164,,,,,,371.6037,r2_measured_03249,read,measured,,,,,5.5862,,ok,0.3381
491.3851,628,,,0.5652,,,,,,506.8064,r2_measured_03250,read,measured,,,,,14.4423,,ok,0.345
475.3324,627,,,0.7009,,,,,,484.0757,r2_measured_03251,read,measured,,,,,7.5911,,ok,0.3845
513.8002,681,,,2.511,,,,,,517.8319,r2_measured_03252,read,measured,,,,,1.085,,ok,0.3529
464.2714,624,,,0.5321,,,,,,472.3107,r2_measured_03253,read,measured,,,,,7.0694,,ok,0.3608
519.7041,688,,,0.5927,,,,,,530.0632,r2_measured_03254,read,measured,,,,,9.3546,,ok,0.3358
505.2879,663,,,0.7187,,,,,,517.7094,r2_measured_03255,read,measured,,,,,11.2655,,ok,0.3628
494.1656,680,,,0.7106,,,,,,498.8477,r2_measured_03256,read,measured,,,,,3.5468,,ok,0.3535
705.4814,680,519.2285,7.796,0.9375,101.7804,1,7.7941,1,38.7015,717.2839,r2_measured_03257,update,measured,30.9055,11.8025,1,13.1513,10.3947,32.6197,ok,0.3813
537.4503,663,,,1.3545,,,,,,548.5379,r2_measured_03258,read,measured,,,,,9.2209,,ok,0.429
298.2484,418,,,0.2741,,,,,,300.9942,r2_measured_03259,read,measured,,,,,2.1047,,ok,0.3176
528.94,680,,,1.2488,,,,,,538.2246,r2_measured_03260,read,measured,,,,,7.2516,,ok,0.6997
425.0381,568,,,0.8792,,,,,,440.5289,r2_measured_03261,read,measured,,,,,14.0664,,ok,0.4546
522.1221,680,,,2.18,,,,,,528.0343,r2_measured_03262,read,measured,,,,,3.2514,,ok,0.3913
309.1878,419,,,0.2814,,,,,,312.7537,r2_measured_03263,read,measured,,,,,2.8802,,ok,0.3494
537.4227,689,,,0.9926,,,,,,547.1061,r2_measured_03264,read,measured,,,,,8.1934,,ok,0.4003
515.0152,680,,,0.774,,,,,,520.1491,r2_measured_03265,read,measured,,,,,3.8942,,ok,0.3865
457.6706,567,,,2.2365,,,,,,468.2793,r2_measured_03266,read,measured,,,,,7.8935,,ok,0.3965
558.8824,680,,,0.8218,,,,,,564.8823,r2_measured_03267,read,measured,,,,,4.7531,,ok,0.3546
564.9486,679,,,0.5962,,,,,,574.5919,r2_measured_03268,read,measured,,,,,8.5285,,ok,0.3484
514.1504,626,,,0.538,,,,,,517.3191,r2_measured_03269,read,measured,,,,,2.2287,,ok,0.3374
529.0642,629,,,0.7181,,,,,,538.9372,r2_measured_03270,read,measured,,,,,8.7286,,ok,0.3621
609.7453,680,,,0.7275,,,,,,626.2775,r2_measured_03271,read,measured,,,,,15.4259,,ok,0.3181
612.1553,680,,,1.1684,,,,,,620.9799,r2_measured_03272,read,measured,,,,,7.2734,,ok,0.323
580.1505,628,,,1.0333,,,,,,584.8376,r2_measured_03273,read,measured,,,,,3.2547,,ok,0.3427
562.1739,628,,,0.6026,,,,,,573.9131,r2_measured_03274,read,measured,,,,,10.7435,,ok,0.335
609.2862,680,,,0.7562,,,,,,619.5002,r2_measured_03275,read,measured,,,,,8.8983,,ok,0.46
468.4888,568,,,0.4792,,,,,,473.2348,r2_measured_03276,read,measured,,,,,3.8806,,ok,0.327
596.5098,680,,,0.84,,,,,,606.9086,r2_measured_03277,read,measured,,,,,9.1417,,ok,0.3498
610.8729,689,,,0.7111,,,,,,619.239,r2_measured_03278,read,measured,,,,,7.2194,,ok,0.3669
604.0025,688,,,0.6369,,,,,,611.3253,r2_measured_03279,read,measured,,,,,6.1902,,ok,0.3364
314.1997,369,,,0.2383,,,,,,315.289,r2_measured_03280,read,measured,,,,,0.491,,ok,0.3112
615.7796,507,461.6901,6.1268,0.7335,81.0785,1,6.1251,1,28.6457,626.4962,r2_measured_03281,update,measured,22.5189,10.7166,1,19.4771,9.5904,24.8882,ok,0.3348
531.5601,568,,,0.4911,,,,,,539.4772,r2_measured_03282,read,measured,,,,,7.0247,,ok,0.3404
380.9845,419,,,0.276,,,,,,382.0952,r2_measured_03283,read,measured,,,,,0.4431,,ok,0.3423
358.599,369,,,0.2536,,,,,,361.8973,r2_measured_03284,read,measured,,,,,2.6517,,ok,0.3424
566.3898,508,398.7678,6.7415,0.6037,75.4118,1,6.74,1,31.956,572.1578,r2_measured_03285,update,measured,25.2145,5.768,1,37.6516,4.7495,22.6026,ok,0.3498
719.2162,681,502.2204,4.5966,0.912,136.7211,0,4.5953,1,36.5856,729.4363,r2_measured_03286,update,measured,31.989,10.2201,1,0.0067,8.8954,43.6824,ok,0.3498
514.3118,688,,,0.6026,,,,,,521.8065,r2_measured_03287,read,measured,,,,,6.468,,ok,0.356
299.345,369,,,0.249,,,,,,303.4494,r2_measured_03288,read,measured,,,,,3.4929,,ok,0.308
511.9551,681,,,0.586,,,,,,522.2717,r2_measured_03289,read,measured,,,,,9.3047,,ok,0.3616
300.943,369,,,0.242,,,,,,302.6109,r2_measured_03290,read,measured,,,,,1.0593,,ok,0.3207
346.7928,418,,,0.2974,,,,,,348.6045,r2_measured_03291,read,measured,,,,,1.1059,,ok,0.3458
685.0065,680,458.1455,6.2203,0.8277,109.2216,1,6.2187,1,55.9363,692.3378,r2_measured_03292,update,measured,49.716,7.3313,1,33.6814,6.0049,28.0217,ok,0.428
360.4326,509,,,0.5106,,,,,,366.4964,r2_measured_03293,read,measured,,,,,5.1325,,ok,0.3527
459.0524,680,,,0.6118,,,,,,467.2165,r2_measured_03294,read,measured,,,,,7.1227,,ok,0.3527
324.0234,509,,,0.5707,,,,,,333.8176,r2_measured_03295,read,measured,,,,,8.834,,ok,0.3344
368.3778,568,,,0.6134,,,,,,376.7879,r2_measured_03296,read,measured,,,,,7.4045,,ok,0.3322
367.5428,568,,,0.5352,,,,,,378.3479,r2_measured_03297,read,measured,,,,,9.8778,,ok,0.3348
418.3674,626,,,0.5048,,,,,,427.1527,r2_measured_03298,read,measured,,,,,7.9176,,ok,0.3015
448.314,680,,,0.707,,,,,,457.0983,r2_measured_03299,read,measured,,,,,7.6189,,ok,0.3696
242.3375,369,,,0.244,,,,,,244.1657,r2_measured_03300,read,measured,,,,,1.2042,,ok,0.331
427.7199,629,,,0.7799,,,,,,433.5823,r2_measured_03301,read,measured,,,,,4.6972,,ok,0.3232
453.2967,680,,,0.8128,,,,,,466.9092,r2_measured_03302,read,measured,,,,,12.384,,ok,0.3437
455.8752,679,,,0.542,,,,,,460.5548,r2_measured_03303,read,measured,,,,,3.6226,,ok,0.449
472.2653,678,,,0.6694,,,,,,482.0462,r2_measured_03304,read,measured,,,,,8.6952,,ok,0.3493
300.223,419,,,0.3065,,,,,,303.7476,r2_measured_03305,read,measured,,,,,2.8153,,ok,0.3465
294.6888,419,,,0.2781,,,,,,296.3815,r2_measured_03306,read,measured,,,,,1.0297,,ok,0.3337
340.5502,509,,,0.5153,,,,,,351.7795,r2_measured_03307,read,measured,,,,,10.3085,,ok,0.3382
499.7574,689,,,1.3166,,,,,,505.4465,r2_measured_03308,read,measured,,,,,3.9637,,ok,0.3374
486.8964,674,,,0.7589,,,,,,494.5335,r2_measured_03309,read,measured,,,,,6.4865,,ok,0.3296
291.0949,419,,,0.2907,,,,,,293.5118,r2_measured_03310,read,measured,,,,,1.7403,,ok,0.3332
456.5369,628,,,0.7128,,,,,,462.8036,r2_measured_03311,read,measured,,,,,5.1569,,ok,0.3386
345.3282,509,,,0.5975,,,,,,355.6477,r2_measured_03312,read,measured,,,,,9.2494,,ok,0.3944
257.4631,368,,,0.2465,,,,,,261.1448,r2_measured_03313,read,measured,,,,,2.9383,,ok,0.4384
252.4065,369,,,0.2419,,,,,,255.6931,r2_measured_03314,read,measured,,,,,2.6518,,ok,0.3451
425.5401,568,,,0.831,,,,,,431.1156,r2_measured_03315,read,measured,,,,,4.3031,,ok,0.3745
404.0781,567,,,0.626,,,,,,407.4178,r2_measured_03316,read,measured,,,,,2.3168,,ok,0.3335
504.538,689,,,0.8107,,,,,,513.8027,r2_measured_03317,read,measured,,,,,7.9888,,ok,0.3929
433.7299,568,,,0.929,,,,,,438.3616,r2_measured_03318,read,measured,,,,,3.2863,,ok,0.3536
308.5872,419,,,0.2727,,,,,,311.3029,r2_measured_03319,read,measured,,,,,2.0615,,ok,0.3325
306.4404,418,,,0.265,,,,,,309.7614,r2_measured_03320,read,measured,,,,,2.6934,,ok,0.318
510.7027,673,,,0.5458,,,,,,514.8819,r2_measured_03321,read,measured,,,,,3.2189,,ok,0.3425
522.0733,663,,,0.6971,,,,,,530.0654,r2_measured_03322,read,measured,,,,,6.8812,,ok,0.3455
449.9479,568,,,0.7788,,,,,,459.1997,r2_measured_03323,read,measured,,,,,8.02,,ok,0.3843
285.0443,369,,,0.2572,,,,,,288.2471,r2_measured_03324,read,measured,,,,,2.5325,,ok,0.3587
728.8048,681,552.6899,5.3574,0.8107,91.0253,1,5.3555,1,32.8104,736.7149,r2_measured_03325,update,measured,27.453,7.9101,1,26.8963,6.6575,25.3829,ok,0.3755
250.2917,369,,,0.2958,,,,,,253.6047,r2_measured_03326,read,measured,,,,,2.5789,,ok,0.375
504.413,679,,,5.1931,,,,,,569.7478,r2_measured_03327,read,measured,,,,,59.6844,,ok,0.3735
316.2267,418,,,0.2522,,,,,,318.5518,r2_measured_03328,read,measured,,,,,1.6877,,ok,0.3183
541.2718,679,,,0.7862,,,,,,549.0733,r2_measured_03329,read,measured,,,,,6.6119,,ok,0.3406
513.7341,663,,,0.7831,,,,,,524.1347,r2_measured_03330,read,measured,,,,,9.2413,,ok,0.3129
529.9029,662,,,0.6945,,,,,,535.4572,r2_measured_03331,read,measured,,,,,4.4282,,ok,0.3655
299.7226,419,,,0.3042,,,,,,302.3475,r2_measured_03332,read,measured,,,,,1.9137,,ok,0.3497
295.1543,419,,,0.3153,,,,,,298.473,r2_measured_03333,read,measured,,,,,2.6131,,ok,0.3362
615.4304,681,,,0.9323,,,,,,620.5905,r2_measured_03334,read,measured,,,,,3.4268,,ok,0.718
410.5655,507,,,0.4882,,,,,,415.9173,r2_measured_03335,read,measured,,,,,4.4498,,ok,0.3583
416.5546,508,,,0.4992,,,,,,420.2208,r2_measured_03336,read,measured,,,,,2.7657,,ok,0.3439
714.7894,625,549.2381,8.7997,0.6933,92.0611,0,8.7984,1,36.1833,719.7389,r2_measured_03337,update,measured,27.3836,4.9495,1,14.5859,3.7976,22.721,ok,0.3972
543.4797,626,,,0.6471,,,,,,546.5508,r2_measured_03338,read,measured,,,,,2.0477,,ok,0.313
545.7952,680,,,0.5801,,,,,,556.6285,r2_measured_03339,read,measured,,,,,9.8535,,ok,0.3291
555.1481,681,,,0.5802,,,,,,558.0904,r2_measured_03340,read,measured,,,,,1.9435,,ok,0.3545
480.1932,566,,,0.9368,,,,,,487.2343,r2_measured_03341,read,measured,,,,,5.7077,,ok,0.3336
750.5509,679,516.2145,12.4255,0.6892,97.6941,1,12.4236,1,39.7629,759.5172,r2_measured_03342,update,measured,27.3374,8.9663,1,30.1512,7.8481,66.7282,ok,0.3555
580.867,680,,,0.6827,,,,,,588.942,r2_measured_03343,read,measured,,,,,6.9612,,ok,0.3571
555.7791,674,,,0.6244,,,,,,562.2098,r2_measured_03344,read,measured,,,,,5.3741,,ok,0.3513
289.861,369,,,0.2435,,,,,,292.1073,r2_measured_03345,read,measured,,,,,1.6142,,ok,0.3377
337.5727,418,,,0.3173,,,,,,339.4982,r2_measured_03346,read,measured,,,,,1.2015,,ok,0.3497
293.9589,368,,,0.2486,,,,,,297.1894,r2_measured_03347,read,measured,,,,,2.6073,,ok,0.3263
507.8874,627,,,0.7245,,,,,,518.9494,r2_measured_03348,read,measured,,,,,9.905,,ok,0.3667
690.1405,663,464.5369,6.9928,0.5343,106.8284,1,6.9913,1,46.508,697.4445,r2_measured_03349,update,measured,39.5152,7.304,1,32.5114,6.3624,39.7558,ok,0.345
460.6285,566,,,0.8551,,,,,,470.1521,r2_measured_03350,read,measured,,,,,8.2748,,ok,0.3325
414.4188,509,,,0.6651,,,,,,419.6249,r2_measured_03351,read,measured,,,,,4.1441,,ok,0.3381
430.8885,629,,,0.6674,,,,,,438.7115,r2_measured_03352,read,measured,,,,,6.7175,,ok,0.367
465.7573,681,,,0.7504,,,,,,473.0429,r2_measured_03353,read,measured,,,,,6.1164,,ok,0.3476
466.8274,680,,,0.6362,,,,,,474.2685,r2_measured_03354,read,measured,,,,,6.3806,,ok,0.3514
458.575,663,,,0.6813,,,,,,466.7972,r2_measured_03355,read,measured,,,,,7.1162,,ok,0.3563
461.583,629,,,0.7481,,,,,,467.251,r2_measured_03356,read,measured,,,,,4.4764,,ok,0.3705
494.7672,688,,,0.5938,,,,,,501.7978,r2_measured_03357,read,measured,,,,,6.0425,,ok,0.3295
484.7698,680,,,0.7553,,,,,,488.606,r2_measured_03358,read,measured,,,,,2.6737,,ok,0.3429
294.2676,419,,,0.2756,,,,,,297.1198,r2_measured_03359,read,measured,,,,,2.185,,ok,0.3352
483.5501,679,,,0.6647,,,,,,491.2795,r2_measured_03360,read,measured,,,,,6.6571,,ok,0.3422
548.6916,509,402.4803,9.0992,0.4726,76.8729,1,9.0977,1,31.4964,554.9015,r2_measured_03361,update,measured,22.3972,6.2099,1,11.7797,5.3399,26.0623,ok,0.3397
495.7306,663,,,0.7133,,,,,,517.436,r2_measured_03362,read,measured,,,,,20.5044,,ok,0.4199
505.7879,678,,,0.6264,,,,,,541.2415,r2_measured_03363,read,measured,,,,,4.9018,,ok,0.3177
359.7589,509,,,1.04,,,,,,367.277,r2_measured_03364,read,measured,,,,,5.973,,ok,0.4299
491.8404,679,,,0.6651,,,,,,501.4706,r2_measured_03365,read,measured,,,,,8.5324,,ok,0.3684
493.8382,681,,,0.5364,,,,,,504.0686,r2_measured_03366,read,measured,,,,,9.2914,,ok,0.3351
477.1994,663,,,0.7307,,,,,,483.6562,r2_measured_03367,read,measured,,,,,5.3473,,ok,0.3188
479.1608,661,,,0.4842,,,,,,483.2376,r2_measured_03368,read,measured,,,,,3.2094,,ok,0.3239
390.5774,509,,,0.4562,,,,,,394.1815,r2_measured_03369,read,measured,,,,,2.7514,,ok,0.3406
480.3748,508,352.5124,7.3596,1.0653,74.0121,0,7.3581,1,26.2282,489.1764,r2_measured_03370,update,measured,18.8686,8.8016,1,0.0059,7.3051,27.6162,ok,0.3396
276.6265,368,,,0.2317,,,,,,278.9648,r2_measured_03371,read,measured,,,,,1.7357,,ok,0.3187
466.5553,626,,,1.2175,,,,,,476.2528,r2_measured_03372,read,measured,,,,,8.0089,,ok,0.3937
460.5483,628,,,1.1656,,,,,,478.8163,r2_measured_03373,read,measured,,,,,16.6256,,ok,0.3952
462.5081,680,,,0.571,,,,,,470.0897,r2_measured_03374,read,measured,,,,,6.6137,,ok,0.3292
286.9403,418,,,0.2617,,,,,,289.8632,r2_measured_03375,read,measured,,,,,2.2839,,ok,0.3274
648.269,679,479.7311,5.0049,1.5132,94.4638,1,5.0032,1,30.1422,654.8105,r2_measured_03376,update,measured,25.1373,6.5415,1,14.364,4.6427,29.5679,ok,0.3146
477.4911,688,,,0.841,,,,,,483.2763,r2_measured_03377,read,measured,,,,,4.5174,,ok,0.3455
377.5545,568,,,0.6363,,,,,,385.8966,r2_measured_03378,read,measured,,,,,7.31,,ok,0.3328
431.8964,626,,,1.3034,,,,,,445.6671,r2_measured_03379,read,measured,,,,,11.883,,ok,0.5063
284.1831,418,,,0.2835,,,,,,285.9838,r2_measured_03380,read,measured,,,,,1.1383,,ok,0.325
293.601,418,,,0.2844,,,,,,294.9755,r2_measured_03381,read,measured,,,,,0.705,,ok,0.3336
473.9981,681,,,0.6712,,,,,,481.6786,r2_measured_03382,read,measured,,,,,6.5481,,ok,0.3909
455.7831,663,,,0.8492,,,,,,461.5051,r2_measured_03383,read,measured,,,,,4.4087,,ok,0.3838
507.3039,689,,,0.5898,,,,,,515.7747,r2_measured_03384,read,measured,,,,,7.4725,,ok,0.3383
504.9346,688,,,0.6508,,,,,,510.6887,r2_measured_03385,read,measured,,,,,4.7011,,ok,0.3382
278.5919,419,,,0.2698,,,,,,280.326,r2_measured_03386,read,measured,,,,,1.071,,ok,0.3378
494.1296,663,,,0.7037,,,,,,500.6317,r2_measured_03387,read,measured,,,,,5.4,,ok,0.3364
503.955,680,,,0.5621,,,,,,511.2871,r2_measured_03388,read,measured,,,,,6.3606,,ok,0.3397
502.0093,680,,,0.5689,,,,,,509.8026,r2_measured_03389,read,measured,,,,,6.8199,,ok,0.3412
296.519,417,,,0.3052,,,,,,298.8044,r2_measured_03390,read,measured,,,,,1.5612,,ok,0.3605
464.1296,628,,,0.6866,,,,,,477.348,r2_measured_03391,read,measured,,,,,12.0429,,ok,0.4027
430.6821,568,,,0.72,,,,,,440.8584,r2_measured_03392,read,measured,,,,,9.0755,,ok,0.3239
571.1275,688,,,0.6229,,,,,,574.3389,r2_measured_03393,read,measured,,,,,2.183,,ok,0.3408
531.8535,629,,,0.5231,,,,,,537.081,r2_measured_03394,read,measured,,,,,4.2867,,ok,0.3565
566.0095,663,,,0.5669,,,,,,573.4884,r2_measured_03395,read,measured,,,,,6.4737,,ok,0.373
548.1544,675,,,0.6768,,,,,,561.309,r2_measured_03396,read,measured,,,,,12.0826,,ok,0.3341
430.0814,509,,,0.5472,,,,,,435.8787,r2_measured_03397,read,measured,,,,,4.863,,ok,0.3293
715.6799,662,532.1999,6.9096,0.5747,98.1226,1,6.9077,1,37.4902,724.1087,r2_measured_03398,update,measured,30.5806,8.4288,1,12.0268,7.3024,35.8404,ok,0.4753
544.7786,689,,,0.5813,,,,,,549.6341,r2_measured_03399,read,measured,,,,,3.8616,,ok,0.3354
534.5761,674,,,0.5348,,,,,,542.1005,r2_measured_03400,read,measured,,,,,6.6062,,ok,0.3199
336.7227,369,,,0.2341,,,,,,338.5075,r2_measured_03401,read,measured,,,,,1.1657,,ok,0.3374
406.126,509,,,0.4995,,,,,,410.853,r2_measured_03402,read,measured,,,,,3.6613,,ok,0.4849
517.9512,689,,,0.9994,,,,,,522.4365,r2_measured_03403,read,measured,,,,,3.0673,,ok,0.3538
309.9902,369,,,0.2369,,,,,,311.6731,r2_measured_03404,read,measured,,,,,1.0592,,ok,0.3272
685.9801,687,467.4698,6.9524,0.6867,98.201,1,6.9509,1,36.6416,697.3475,r2_measured_03405,update,measured,29.6892,11.3674,1,16.7446,10.2534,66.9231,ok,0.3528
505.1275,681,,,0.6059,,,,,,516.6962,r2_measured_03406,read,measured,,,,,10.5215,,ok,0.365
477.6748,628,,,1.3114,,,,,,486.4755,r2_measured_03407,read,measured,,,,,7.0611,,ok,0.3544
421.9391,568,,,0.5251,,,,,,425.5193,r2_measured_03408,read,measured,,,,,2.6432,,ok,0.3483
454.1171,680,,,0.7142,,,,,,461.5272,r2_measured_03409,read,measured,,,,,6.2642,,ok,0.3525
274.9427,419,,,0.2708,,,,,,276.858,r2_measured_03410,read,measured,,,,,1.254,,ok,0.3399
427.13,626,,,0.7624,,,,,,439.159,r2_measured_03411,read,measured,,,,,10.7742,,ok,0.4223
332.321,509,,,0.8037,,,,,,339.4208,r2_measured_03412,read,measured,,,,,5.8672,,ok,0.365
453.54,675,,,0.5595,,,,,,466.7971,r2_measured_03413,read,measured,,,,,12.2701,,ok,0.347
376.3566,568,,,0.6061,,,,,,382.1717,r2_measured_03414,read,measured,,,,,4.7921,,ok,0.3548
487.6836,679,,,0.762,,,,,,498.6866,r2_measured_03415,read,measured,,,,,9.8135,,ok,0.3544
296.6507,419,,,0.2886,,,,,,298.6566,r2_measured_03416,read,measured,,,,,1.3065,,ok,0.356
453.2032,675,,,0.7235,,,,,,459.3671,r2_measured_03417,read,measured,,,,,4.9862,,ok,0.3702
448.9271,675,,,1.1268,,,,,,456.2443,r2_measured_03418,read,measured,,,,,5.7666,,ok,0.3558
430.6282,628,,,1.0798,,,,,,437.9059,r2_measured_03419,read,measured,,,,,5.7768,,ok,0.3592
453.4676,674,,,0.691,,,,,,458.2627,r2_measured_03420,read,measured,,,,,3.701,,ok,0.3381
475.9705,680,,,1.0376,,,,,,486.6255,r2_measured_03421,read,measured,,,,,9.1565,,ok,0.3862
462.9486,663,,,0.7173,,,,,,466.8218,r2_measured_03422,read,measured,,,,,2.7425,,ok,0.3489
392.5752,568,,,0.9718,,,,,,396.9925,r2_measured_03423,read,measured,,,,,3.0238,,ok,0.351
475.4229,674,,,0.8084,,,,,,481.3599,r2_measured_03424,read,measured,,,,,4.6851,,ok,0.3666
446.2898,675,,,1.4651,,,,,,456.1264,r2_measured_03425,read,measured,,,,,7.9277,,ok,0.377
257.1502,369,,,0.2493,,,,,,260.4466,r2_measured_03426,read,measured,,,,,2.6676,,ok,0.3322
470.3482,689,,,0.7788,,,,,,478.0576,r2_measured_03427,read,measured,,,,,6.5045,,ok,0.3505
345.8915,509,,,0.7435,,,,,,360.8675,r2_measured_03428,read,measured,,,,,13.8237,,ok,0.3478
455.8407,661,,,0.6511,,,,,,464.8204,r2_measured_03429,read,measured,,,,,7.8966,,ok,0.3625
421.9471,628,,,0.5476,,,,,,427.6566,r2_measured_03430,read,measured,,,,,4.7292,,ok,0.3629
471.4089,681,,,0.6716,,,,,,475.6153,r2_measured_03431,read,measured,,,,,3.1125,,ok,0.3521
405.0831,629,,,0.7878,,,,,,414.1484,r2_measured_03432,read,measured,,,,,7.8357,,ok,0.3631
409.8262,629,,,0.9831,,,,,,417.5084,r2_measured_03433,read,measured,,,,,6.2729,,ok,0.3576
450.0834,675,,,1.0721,,,,,,456.7957,r2_measured_03434,read,measured,,,,,5.1883,,ok,0.3673
365.8403,566,,,0.9074,,,,,,372.4478,r2_measured_03435,read,measured,,,,,5.2705,,ok,0.3586
388.4962,566,,,0.8614,,,,,,394.82,r2_measured_03436,read,measured,,,,,4.9289,,ok,0.4597
458.3216,680,,,0.5503,,,,,,466.1561,r2_measured_03437,read,measured,,,,,6.8711,,ok,0.3442
454.0155,672,,,0.6117,,,,,,458.9993,r2_measured_03438,read,measured,,,,,3.9603,,ok,0.3384
473.6913,689,,,0.8463,,,,,,480.4772,r2_measured_03439,read,measured,,,,,5.5194,,ok,0.3429
471.6827,680,,,0.5595,,,,,,482.5555,r2_measured_03440,read,measured,,,,,9.9234,,ok,0.3239
365.6976,568,,,0.9418,,,,,,371.6167,r2_measured_03441,read,measured,,,,,4.5616,,ok,0.3399
453.1886,680,,,0.9761,,,,,,462.3884,r2_measured_03442,read,measured,,,,,7.8319,,ok,0.326
473.6681,681,,,0.5553,,,,,,477.4726,r2_measured_03443,read,measured,,,,,2.8361,,ok,0.3447
443.5561,629,,,0.7137,,,,,,456.3587,r2_measured_03444,read,measured,,,,,11.6561,,ok,0.3643
462.7847,675,,,0.9467,,,,,,474.5447,r2_measured_03445,read,measured,,,,,10.2156,,ok,0.5134
383.136,568,,,1.3614,,,,,,391.299,r2_measured_03446,read,measured,,,,,6.3844,,ok,0.35
490.9905,679,,,1.3559,,,,,,502.4751,r2_measured_03447,read,measured,,,,,9.1039,,ok,0.8873
340.3947,509,,,0.6103,,,,,,351.8386,r2_measured_03448,read,measured,,,,,10.4121,,ok,0.3611
499.093,680,,,0.931,,,,,,503.876,r2_measured_03449,read,measured,,,,,3.3813,,ok,0.3927
497.0505,663,,,0.9385,,,,,,503.3352,r2_measured_03450,read,measured,,,,,4.9093,,ok,0.3655
423.1176,568,,,1.2992,,,,,,431.3965,r2_measured_03451,read,measured,,,,,5.9959,,ok,0.8614
497.7962,680,,,1.2994,,,,,,506.565,r2_measured_03452,read,measured,,,,,6.9902,,ok,0.391
489.193,663,,,0.6744,,,,,,499.1053,r2_measured_03453,read,measured,,,,,8.794,,ok,0.3647
502.3843,680,,,0.6768,,,,,,508.2505,r2_measured_03454,read,measured,,,,,4.712,,ok,0.3979
499.0448,663,,,0.6239,,,,,,512.7047,r2_measured_03455,read,measured,,,,,12.5774,,ok,0.384
533.4802,688,,,0.9462,,,,,,538.3365,r2_measured_03456,read,measured,,,,,3.5185,,ok,0.3197
466.4952,626,,,0.7482,,,,,,473.6443,r2_measured_03457,read,measured,,,,,5.9928,,ok,0.3403
473.9394,628,,,1.0213,,,,,,480.1478,r2_measured_03458,read,measured,,,,,4.6821,,ok,0.4348
510.2203,662,,,0.6774,,,,,,518.7008,r2_measured_03459,read,measured,,,,,7.3863,,ok,0.3445
510.7744,679,,,0.7323,,,,,,529.8027,r2_measured_03460,read,measured,,,,,17.8681,,ok,0.3578
517.2335,679,,,0.6087,,,,,,522.1677,r2_measured_03461,read,measured,,,,,3.7936,,ok,0.4361
334.5896,418,,,0.3286,,,,,,337.6681,r2_measured_03462,read,measured,,,,,2.3188,,ok,0.3704
467.7668,626,,,0.94,,,,,,479.4713,r2_measured_03463,read,measured,,,,,10.3413,,ok,0.3584
491.2246,662,,,0.5516,,,,,,499.0471,r2_measured_03464,read,measured,,,,,6.8063,,ok,0.3914
461.2535,628,,,0.5858,,,,,,469.6432,r2_measured_03465,read,measured,,,,,7.3804,,ok,0.3445
516.9245,662,,,0.7314,,,,,,524.7429,r2_measured_03466,read,measured,,,,,6.5481,,ok,0.4763
290.8964,419,,,0.2818,,,,,,294.6612,r2_measured_03467,read,measured,,,,,3.0952,,ok,0.3377
368.0947,509,,,0.4675,,,,,,374.818,r2_measured_03468,read,measured,,,,,5.8693,,ok,0.327
381.0318,419,,,0.3722,,,,,,383.3266,r2_measured_03469,read,measured,,,,,1.5111,,ok,0.3517
489.2717,626,,,0.535,,,,,,497.6401,r2_measured_03470,read,measured,,,,,7.4233,,ok,0.3477
506.8465,629,,,0.7524,,,,,,512.1671,r2_measured_03471,read,measured,,,,,4.1214,,ok,0.3593
453.4643,568,,,0.6844,,,,,,457.8992,r2_measured_03472,read,measured,,,,,3.3049,,ok,0.3744
506.8274,680,,,1.0242,,,,,,516.2089,r2_measured_03473,read,measured,,,,,7.924,,ok,0.3621
541.7899,675,,,0.8724,,,,,,545.9677,r2_measured_03474,read,measured,,,,,2.8242,,ok,0.4077
307.0925,369,,,0.2888,,,,,,310.9865,r2_measured_03475,read,measured,,,,,3.2102,,ok,0.345
447.0248,567,,,0.5911,,,,,,453.5296,r2_measured_03476,read,measured,,,,,5.492,,ok,0.3557
299.342,369,,,0.2779,,,,,,301.3546,r2_measured_03477,read,measured,,,,,1.314,,ok,0.3573
333.5936,419,,,0.2791,,,,,,335.5363,r2_measured_03478,read,measured,,,,,1.2695,,ok,0.3413
402.6233,369,286.9144,6.0974,0.2673,55.3389,1,6.0958,1,26.0494,404.7317,r2_measured_03479,update,measured,19.952,2.1084,1,14.9951,1.4288,19.3255,ok,0.3502
491.4375,662,,,0.6561,,,,,,493.5624,r2_measured_03480,read,measured,,,,,1.0283,,ok,0.3685
444.661,628,,,0.5645,,,,,,461.9934,r2_measured_03481,read,measured,,,,,16.3541,,ok,0.3331
472.1887,661,,,0.6682,,,,,,474.9213,r2_measured_03482,read,measured,,,,,1.6468,,ok,0.3502
325.3641,419,,,0.2826,,,,,,328.835,r2_measured_03483,read,measured,,,,,2.8117,,ok,0.3274
486.5336,681,,,0.879,,,,,,492.1547,r2_measured_03484,read,measured,,,,,4.3505,,ok,0.3293
477.1919,687,,,0.865,,,,,,488.6534,r2_measured_03485,read,measured,,,,,10.0646,,ok,0.4351
429.7985,626,,,1.5771,,,,,,444.3154,r2_measured_03486,read,measured,,,,,12.5514,,ok,0.3303
368.2764,507,,,0.5681,,,,,,372.9478,r2_measured_03487,read,measured,,,,,3.7249,,ok,0.3228
497.8537,629,,,0.9778,,,,,,518.5444,r2_measured_03488,read,measured,,,,,19.3298,,ok,0.3185
518.4477,663,,,0.8286,,,,,,521.9592,r2_measured_03489,read,measured,,,,,2.3113,,ok,0.3141
485.1705,627,,,1.1743,,,,,,488.9034,r2_measured_03490,read,measured,,,,,2.146,,ok,0.3511
547.069,680,,,1.5006,,,,,,563.8063,r2_measured_03491,read,measured,,,,,14.7027,,ok,0.437
543.0209,680,,,0.8017,,,,,,549.3836,r2_measured_03492,read,measured,,,,,5.0994,,ok,0.3864
410.4647,509,,,0.6209,,,,,,418.4478,r2_measured_03493,read,measured,,,,,6.9146,,ok,0.3886
544.8758,680,,,0.7467,,,,,,551.6674,r2_measured_03494,read,measured,,,,,5.6079,,ok,0.3654
454.8903,568,,,0.8996,,,,,,462.5815,r2_measured_03495,read,measured,,,,,6.2416,,ok,0.4653
395.024,507,,,0.6365,,,,,,400.3639,r2_measured_03496,read,measured,,,,,4.3113,,ok,0.3334
323.4786,369,,,0.2304,,,,,,327.1037,r2_measured_03497,read,measured,,,,,3.0433,,ok,0.308
688.971,626,463.098,6.6074,0.6468,145.4282,1,6.606,1,34.217,695.3524,r2_measured_03498,update,measured,27.6096,6.3814,1,18.1997,5.3198,28.0281,ok,0.3494
537.5903,628,,,0.55,,,,,,547.8326,r2_measured_03499,read,measured,,,,,9.2895,,ok,0.3338
355.478,418,,,0.2718,,,,,,357.7534,r2_measured_03500,read,measured,,,,,1.6114,,ok,0.3391
722.4987,675,483.4927,7.38,1.7636,123.0162,1,7.3785,1,43.8464,734.1777,r2_measured_03501,update,measured,36.4664,11.679,1,30.4288,9.4832,41.7146,ok,0.3548
540.3108,688,,,0.5927,,,,,,546.9372,r2_measured_03502,read,measured,,,,,5.6545,,ok,0.3159
492.3784,419,326.2383,6.9534,0.2665,72.7905,1,6.9516,1,37.8594,493.6897,r2_measured_03503,update,measured,30.906,1.3113,1,36.4372,0.6792,19.053,ok,0.3172
494.6246,663,,,0.8033,,,,,,500.4546,r2_measured_03504,read,measured,,,,,4.6094,,ok,0.3483
476.7424,681,,,1.0485,,,,,,488.5747,r2_measured_03505,read,measured,,,,,10.3426,,ok,0.3582
439.1145,626,,,0.7969,,,,,,447.7527,r2_measured_03506,read,measured,,,,,7.3972,,ok,0.3797
336.8164,419,,,0.2746,,,,,,338.262,r2_measured_03507,read,measured,,,,,0.7991,,ok,0.3192
313.0204,418,,,0.2718,,,,,,314.9147,r2_measured_03508,read,measured,,,,,1.2437,,ok,0.3308
480.1394,663,,,0.6558,,,,,,484.7436,r2_measured_03509,read,measured,,,,,3.5431,,ok,0.3388
509.3836,688,,,0.812,,,,,,517.7338,r2_measured_03510,read,measured,,,,,7.0957,,ok,0.3683
280.5159,369,,,0.2493,,,,,,282.6385,r2_measured_03511,read,measured,,,,,1.4867,,ok,0.3296
486.7268,689,,,0.8772,,,,,,501.0129,r2_measured_03512,read,measured,,,,,13.0086,,ok,0.3374
370.6976,508,,,0.542,,,,,,382.5786,r2_measured_03513,read,measured,,,,,10.9442,,ok,0.3395
416.6807,419,296.7588,6.0748,0.2765,61.1652,1,6.0732,1,33.1513,419.348,r2_measured_03514,update,measured,27.0765,2.6673,1,0.0079,2.0153,25.5975,ok,0.3284
392.6066,567,,,0.5341,,,,,,402.4827,r2_measured_03515,read,measured,,,,,8.9325,,ok,0.3419
256.3949,369,,,0.2626,,,,,,262.9958,r2_measured_03516,read,measured,,,,,5.9257,,ok,0.3602
473.3705,679,,,0.6046,,,,,,479.461,r2_measured_03517,read,measured,,,,,5.0399,,ok,0.3663
407.5353,568,,,0.65,,,,,,415.4776,r2_measured_03518,read,measured,,,,,6.8696,,ok,0.3554
372.2888,509,,,0.9477,,,,,,377.0971,r2_measured_03519,read,measured,,,,,3.4181,,ok,0.3686
252.2155,368,,,0.2698,,,,,,255.6535,r2_measured_03520,read,measured,,,,,2.7586,,ok,0.3572
395.1051,568,,,0.6738,,,,,,403.3573,r2_measured_03521,read,measured,,,,,7.1867,,ok,0.3301
441.836,662,,,0.7882,,,,,,449.6318,r2_measured_03522,read,measured,,,,,6.5294,,ok,0.3953
462.2169,688,,,0.7096,,,,,,465.9213,r2_measured_03523,read,measured,,,,,2.5705,,ok,0.352
426.1817,629,,,0.8431,,,,,,436.6234,r2_measured_03524,read,measured,,,,,9.1829,,ok,0.354
482.9976,681,,,0.9248,,,,,,488.1675,r2_measured_03525,read,measured,,,,,3.8641,,ok,0.3153
497.63,680,,,0.7746,,,,,,502.7734,r2_measured_03526,read,measured,,,,,3.9763,,ok,0.3223
238.1548,369,,,0.2873,,,,,,240.4307,r2_measured_03527,read,measured,,,,,1.5766,,ok,0.3562
456.0395,662,,,0.5606,,,,,,462.0474,r2_measured_03528,read,measured,,,,,5.0021,,ok,0.3789
477.3585,674,,,0.9407,,,,,,487.0144,r2_measured_03529,read,measured,,,,,8.3019,,ok,0.3495
451.3013,663,,,0.559,,,,,,457.6606,r2_measured_03530,read,measured,,,,,5.3852,,ok,0.3497
495.0724,688,,,1.0117,,,,,,504.0784,r2_measured_03531,read,measured,,,,,7.5439,,ok,0.373
252.3659,369,,,0.2637,,,,,,256.1207,r2_measured_03532,read,measured,,,,,3.094,,ok,0.345
489.8212,681,,,0.754,,,,,,497.4026,r2_measured_03533,read,measured,,,,,6.4302,,ok,0.33
393.4778,509,,,0.5863,,,,,,399.8635,r2_measured_03534,read,measured,,,,,5.4057,,ok,0.3365
525.5716,689,,,0.7405,,,,,,534.9544,r2_measured_03535,read,measured,,,,,8.1391,,ok,0.4262
484.9076,628,,,0.7364,,,,,,489.2188,r2_measured_03536,read,measured,,,,,3.1175,,ok,0.3934
304.7365,419,,,0.2941,,,,,,308.9282,r2_measured_03537,read,measured,,,,,3.516,,ok,0.3296
361.929,508,,,0.5186,,,,,,369.3234,r2_measured_03538,read,measured,,,,,6.4919,,ok,0.3282
524.8702,680,,,0.7801,,,,,,536.6999,r2_measured_03539,read,measured,,,,,10.6191,,ok,0.3423
514.1268,689,,,0.658,,,,,,526.4102,r2_measured_03540,read,measured,,,,,11.2074,,ok,0.3476
679.1566,663,506.6704,4.5038,0.6181,111.738,0,4.5025,1,27.7433,685.2087,r2_measured_03541,update,measured,23.2395,6.0521,1,0.0051,5.0568,32.9998,ok,0.318
486.4186,674,,,0.7449,,,,,,496.7529,r2_measured_03542,read,measured,,,,,9.1329,,ok,0.385
504.1212,675,,,0.5401,,,,,,525.0611,r2_measured_03543,read,measured,,,,,20.017,,ok,0.3222
511.6429,675,,,0.7306,,,,,,520.863,r2_measured_03544,read,measured,,,,,8.0795,,ok,0.3364
417.3311,566,,,0.632,,,,,,425.1944,r2_measured_03545,read,measured,,,,,6.7434,,ok,0.4115
407.7475,566,,,1.0806,,,,,,414.8949,r2_measured_03546,read,measured,,,,,5.538,,ok,0.4545
510.5969,681,,,0.6921,,,,,,520.5148,r2_measured_03547,read,measured,,,,,8.8193,,ok,0.3421
533.5473,687,,,0.6237,,,,,,538.0852,r2_measured_03548,read,measured,,,,,3.5113,,ok,0.3366
528.2153,681,,,0.7663,,,,,,533.1246,r2_measured_03549,read,measured,,,,,3.6734,,ok,0.3991
286.3919,419,,,0.2989,,,,,,293.381,r2_measured_03550,read,measured,,,,,6.2888,,ok,0.3476
349.624,419,,,0.2807,,,,,,351.4506,r2_measured_03551,read,measured,,,,,0.9374,,ok,0.5429
379.8562,509,,,0.8169,,,,,,395.1295,r2_measured_03552,read,measured,,,,,14.0876,,ok,0.3171
459.215,663,,,0.7082,,,,,,466.6872,r2_measured_03553,read,measured,,,,,6.3301,,ok,0.3591
279.6113,418,,,0.269,,,,,,281.1403,r2_measured_03554,read,measured,,,,,0.8647,,ok,0.3462
492.7932,680,,,0.829,,,,,,502.2092,r2_measured_03555,read,measured,,,,,8.1588,,ok,0.3569
371.679,507,,,0.5622,,,,,,377.6162,r2_measured_03556,read,measured,,,,,4.9734,,ok,0.339
460.8868,663,,,0.6145,,,,,,466.9017,r2_measured_03557,read,measured,,,,,4.9567,,ok,0.3812
504.4561,508,346.1547,6.6569,0.4181,84.1836,1,6.6552,1,27.3817,517.3036,r2_measured_03558,update,measured,20.7248,12.8475,1,22.3267,12.0514,24.4094,ok,0.324
470.84,675,,,0.7128,,,,,,481.4566,r2_measured_03559,read,measured,,,,,9.4955,,ok,0.3435
355.5242,509,,,0.6409,,,,,,359.6803,r2_measured_03560,read,measured,,,,,3.1206,,ok,0.3358
330.6501,509,,,0.6184,,,,,,340.2909,r2_measured_03561,read,measured,,,,,8.6395,,ok,0.328
434.2639,661,,,0.7236,,,,,,439.8072,r2_measured_03562,read,measured,,,,,4.3931,,ok,0.3641
330.8933,509,,,0.6364,,,,,,338.1084,r2_measured_03563,read,measured,,,,,6.2133,,ok,0.3144
277.5313,419,,,0.2652,,,,,,279.1895,r2_measured_03564,read,measured,,,,,0.9855,,ok,0.3587
433.1282,679,,,0.5407,,,,,,439.5182,r2_measured_03565,read,measured,,,,,5.4214,,ok,0.3527
436.1451,673,,,0.9178,,,,,,440.7878,r2_measured_03566,read,measured,,,,,3.3229,,ok,0.3325
458.0907,689,,,0.9997,,,,,,463.6458,r2_measured_03567,read,measured,,,,,4.1454,,ok,0.3403
332.4672,508,,,0.4331,,,,,,335.3617,r2_measured_03568,read,measured,,,,,2.081,,ok,0.3281
417.3515,629,,,0.5592,,,,,,424.2125,r2_measured_03569,read,measured,,,,,5.8879,,ok,0.3484
485.7326,675,,,0.7021,,,,,,491.1977,r2_measured_03570,read,measured,,,,,4.3559,,ok,0.3393
296.0933,419,,,0.297,,,,,,298.0163,r2_measured_03571,read,measured,,,,,1.2298,,ok,0.3403
315.0733,419,,,0.4811,,,,,,317.7597,r2_measured_03572,read,measured,,,,,1.7858,,ok,0.3623
443.4681,627,,,0.8132,,,,,,451.8603,r2_measured_03573,read,measured,,,,,7.2082,,ok,0.3043
320.8169,419,,,0.3634,,,,,,323.1366,r2_measured_03574,read,measured,,,,,1.5242,,ok,0.3658
489.5616,689,,,0.5665,,,,,,502.4592,r2_measured_03575,read,measured,,,,,11.8077,,ok,0.4405
497.7669,689,,,0.6809,,,,,,507.3699,r2_measured_03576,read,measured,,,,,8.5091,,ok,0.3413
450.5997,628,,,0.8642,,,,,,458.5445,r2_measured_03577,read,measured,,,,,6.672,,ok,0.3451
495.6768,663,,,0.7705,,,,,,504.7989,r2_measured_03578,read,measured,,,,,7.9339,,ok,0.3501
395.0355,568,,,0.8942,,,,,,403.1578,r2_measured_03579,read,measured,,,,,6.7744,,ok,0.3812
486.4844,681,,,0.5422,,,,,,492.8176,r2_measured_03580,read,measured,,,,,5.3895,,ok,0.3352
362.3137,507,,,0.56,,,,,,377.3114,r2_measured_03581,read,measured,,,,,14.0049,,ok,0.3679
488.544,663,,,0.805,,,,,,494.0915,r2_measured_03582,read,measured,,,,,4.3352,,ok,0.3368
480.8332,675,,,0.5109,,,,,,493.8207,r2_measured_03583,read,measured,,,,,12.0616,,ok,0.3517
483.1401,688,,,0.7318,,,,,,489.5406,r2_measured_03584,read,measured,,,,,5.266,,ok,0.3387
593.2589,627,438.8427,6.2606,0.8215,96.9491,0,6.259,1,29.5659,598.5054,r2_measured_03585,update,measured,23.3053,5.2465,1,0.0048,3.9641,27.8964,ok,0.3841
474.6341,681,,,0.5649,,,,,,483.8032,r2_measured_03586,read,measured,,,,,8.1879,,ok,0.3427
451.5711,680,,,0.6721,,,,,,461.807,r2_measured_03587,read,measured,,,,,9.1363,,ok,0.3527
351.2431,509,,,0.9268,,,,,,357.2528,r2_measured_03588,read,measured,,,,,4.7248,,ok,0.307
469.1896,688,,,0.7508,,,,,,476.9763,r2_measured_03589,read,measured,,,,,6.6208,,ok,0.3431
463.8266,689,,,0.5841,,,,,,474.0364,r2_measured_03590,read,measured,,,,,9.1737,,ok,0.3828
477.1218,687,,,0.9692,,,,,,486.4458,r2_measured_03591,read,measured,,,,,7.7848,,ok,0.4635
375.2617,567,,,0.786,,,,,,380.5259,r2_measured_03592,read,measured,,,,,4.0857,,ok,0.3307
515.6886,689,,,0.5903,,,,,,524.3181,r2_measured_03593,read,measured,,,,,7.6293,,ok,0.3402
509.9458,680,,,0.861,,,,,,522.3496,r2_measured_03594,read,measured,,,,,11.0175,,ok,0.446
431.7992,628,,,1.8642,,,,,,444.6468,r2_measured_03595,read,measured,,,,,10.4699,,ok,0.4209
515.3471,689,,,0.7526,,,,,,521.4524,r2_measured_03596,read,measured,,,,,4.9001,,ok,0.3818
494.4228,628,,,0.5947,,,,,,515.7486,r2_measured_03597,read,measured,,,,,20.3181,,ok,0.3498
233.4431,369,,,0.2456,,,,,,237.0684,r2_measured_03598,read,measured,,,,,2.9976,,ok,0.3333
493.8094,626,,,0.8143,,,,,,503.3678,r2_measured_03599,read,measured,,,,,8.3067,,ok,0.3647
498.0275,628,,,0.5846,,,,,,507.9123,r2_measured_03600,read,measured,,,,,8.8919,,ok,0.344
442.4197,568,,,0.6554,,,,,,449.7313,r2_measured_03601,read,measured,,,,,6.234,,ok,0.359
563.3625,675,,,0.6098,,,,,,571.6713,r2_measured_03602,read,measured,,,,,7.166,,ok,0.4689
454.0219,567,,,0.6537,,,,,,461.9467,r2_measured_03603,read,measured,,,,,6.8684,,ok,0.3455
580.4143,681,,,0.8013,,,,,,586.307,r2_measured_03604,read,measured,,,,,4.6534,,ok,0.3564
397.3658,419,,,0.3896,,,,,,400.0455,r2_measured_03605,read,measured,,,,,1.8913,,ok,0.3371
555.3599,675,,,0.9378,,,,,,568.9715,r2_measured_03606,read,measured,,,,,12.2362,,ok,0.3471
530.2677,627,,,0.6291,,,,,,537.4332,r2_measured_03607,read,measured,,,,,6.0974,,ok,0.361
669.1195,662,498.1181,6.6776,0.7262,71.4236,1,6.6759,1,38.6251,678.1907,r2_measured_03608,update,measured,31.9475,9.0712,1,31.6625,7.932,29.2902,ok,0.3417
338.5685,369,,,0.2637,,,,,,340.5611,r2_measured_03609,read,measured,,,,,1.33,,ok,0.3411
518.2805,628,,,0.6213,,,,,,527.3697,r2_measured_03610,read,measured,,,,,8.028,,ok,0.3664
517.2184,680,,,0.7344,,,,,,527.768,r2_measured_03611,read,measured,,,,,9.397,,ok,0.3462
489.9585,662,,,0.8791,,,,,,495.3549,r2_measured_03612,read,measured,,,,,4.0091,,ok,0.3697
499.7565,680,,,0.5666,,,,,,507.8944,r2_measured_03613,read,measured,,,,,7.0102,,ok,0.4556
512.0881,674,,,0.7858,,,,,,519.4329,r2_measured_03614,read,measured,,,,,5.9754,,ok,0.4605
421.3218,568,,,0.9194,,,,,,434.3818,r2_measured_03615,read,measured,,,,,11.7487,,ok,0.3279
493.817,663,,,0.7703,,,,,,502.2306,r2_measured_03616,read,measured,,,,,7.1661,,ok,0.3838
491.6394,680,,,0.7146,,,,,,494.9353,r2_measured_03617,read,measured,,,,,2.1509,,ok,0.3595
284.7759,369,,,0.2897,,,,,,288.1195,r2_measured_03618,read,measured,,,,,2.6368,,ok,0.3509
496.5063,663,,,0.5349,,,,,,502.3745,r2_measured_03619,read,measured,,,,,4.8919,,ok,0.3188
491.9277,675,,,0.6455,,,,,,496.0325,r2_measured_03620,read,measured,,,,,3.0876,,ok,0.305
505.5722,680,,,0.7921,,,,,,521.6169,r2_measured_03621,read,measured,,,,,14.8302,,ok,0.353
433.0307,568,,,0.7201,,,,,,445.3234,r2_measured_03622,read,measured,,,,,11.1835,,ok,0.3301
284.4523,368,,,0.391,,,,,,288.829,r2_measured_03623,read,measured,,,,,3.2624,,ok,0.6437
330.3112,419,,,0.2665,,,,,,332.4295,r2_measured_03624,read,measured,,,,,1.4642,,ok,0.3341
306.6232,369,,,0.2473,,,,,,308.6304,r2_measured_03625,read,measured,,,,,1.3481,,ok,0.3609
392.3821,508,,,0.4857,,,,,,401.6655,r2_measured_03626,read,measured,,,,,8.406,,ok,0.3266
410.2731,567,,,0.6455,,,,,,414.345,r2_measured_03627,read,measured,,,,,2.9971,,ok,0.3589
482.8713,663,,,0.6602,,,,,,497.4372,r2_measured_03628,read,measured,,,,,13.4995,,ok,0.3449
482.6165,680,,,0.6947,,,,,,494.2694,r2_measured_03629,read,measured,,,,,10.5517,,ok,0.3437
444.7944,626,,,0.545,,,,,,451.9312,r2_measured_03630,read,measured,,,,,6.1508,,ok,0.3699
503.5682,680,,,0.748,,,,,,512.5312,r2_measured_03631,read,measured,,,,,7.7116,,ok,0.4188
669.0446,675,471.861,5.8034,0.8001,105.65,0,5.8018,1,26.1911,675.4397,r2_measured_03632,update,measured,20.3877,6.3951,1,21.5805,5.1333,43.762,ok,0.3812
481.5407,675,,,0.6624,,,,,,488.3611,r2_measured_03633,read,measured,,,,,5.7449,,ok,0.3466
488.5613,680,,,0.6636,,,,,,498.4929,r2_measured_03634,read,measured,,,,,8.834,,ok,0.3582
428.9829,629,,,0.7835,,,,,,441.0076,r2_measured_03635,read,measured,,,,,10.8291,,ok,0.3453
271.7775,419,,,0.2983,,,,,,274.7097,r2_measured_03636,read,measured,,,,,2.235,,ok,0.3417
423.1369,629,,,1.0816,,,,,,437.5703,r2_measured_03637,read,measured,,,,,12.1198,,ok,1.1386
478.3806,675,,,1.2836,,,,,,485.6991,r2_measured_03638,read,measured,,,,,5.4909,,ok,0.4499
479.7408,689,,,0.8517,,,,,,486.408,r2_measured_03639,read,measured,,,,,5.3285,,ok,0.4012
477.2125,681,,,0.8669,,,,,,491.1206,r2_measured_03640,read,measured,,,,,12.595,,ok,0.3767
475.0271,681,,,0.7232,,,,,,480.6586,r2_measured_03641,read,measured,,,,,4.4398,,ok,0.3856
405.9109,568,,,0.7054,,,,,,419.3422,r2_measured_03642,read,measured,,,,,12.2645,,ok,0.379
501.5234,662,,,0.5962,,,,,,509.9702,r2_measured_03643,read,measured,,,,,7.4096,,ok,0.3647
504.313,680,,,1.2044,,,,,,513.7636,r2_measured_03644,read,measured,,,,,7.8151,,ok,0.3623
496.8244,689,,,0.8843,,,,,,506.0959,r2_measured_03645,read,measured,,,,,7.9353,,ok,0.3748
296.6243,369,,,0.304,,,,,,297.9066,r2_measured_03646,read,measured,,,,,0.5259,,ok,0.3888
519.7158,688,,,0.6816,,,,,,525.1226,r2_measured_03647,read,measured,,,,,4.3013,,ok,0.3514
550.6339,689,,,0.7964,,,,,,564.6478,r2_measured_03648,read,measured,,,,,12.6788,,ok,0.438
389.2241,505,,,0.7838,,,,,,401.5107,r2_measured_03649,read,measured,,,,,11.0831,,ok,0.3589
494.6138,628,,,0.6091,,,,,,501.019,r2_measured_03650,read,measured,,,,,5.3995,,ok,0.3385
506.9152,662,,,0.9474,,,,,,516.7267,r2_measured_03651,read,measured,,,,,8.3594,,ok,0.4257
435.9655,568,,,0.6283,,,,,,442.7024,r2_measured_03652,read,measured,,,,,5.7026,,ok,0.3419
326.0077,419,,,0.2715,,,,,,328.6402,r2_measured_03653,read,measured,,,,,1.9815,,ok,0.3299
440.5366,567,,,0.5842,,,,,,450.8382,r2_measured_03654,read,measured,,,,,9.3261,,ok,0.3252
465.2046,681,,,0.776,,,,,,473.2274,r2_measured_03655,read,measured,,,,,6.6711,,ok,0.4699
298.8758,419,,,0.2922,,,,,,301.2937,r2_measured_03656,read,measured,,,,,1.7346,,ok,0.3361
413.2501,568,,,0.7935,,,,,,419.2374,r2_measured_03657,read,measured,,,,,4.81,,ok,0.325
487.5499,662,,,0.5746,,,,,,495.8251,r2_measured_03658,read,measured,,,,,7.2742,,ok,0.3537
455.856,629,,,0.6817,,,,,,464.834,r2_measured_03659,read,measured,,,,,7.8843,,ok,0.3502
463.0449,663,,,0.8757,,,,,,470.9247,r2_measured_03660,read,measured,,,,,6.5891,,ok,0.342
472.0105,663,,,0.6524,,,,,,475.9824,r2_measured_03661,read,measured,,,,,2.9274,,ok,0.3259
509.4644,675,,,0.7461,,,,,,520.8957,r2_measured_03662,read,measured,,,,,10.2542,,ok,0.3681
481.3889,663,,,0.9874,,,,,,487.4342,r2_measured_03663,read,measured,,,,,4.6388,,ok,0.348
475.4029,663,,,0.648,,,,,,479.8897,r2_measured_03664,read,measured,,,,,3.4347,,ok,0.3422
508.5649,689,,,2.663,,,,,,515.5832,r2_measured_03665,read,measured,,,,,3.9525,,ok,0.3406
509.9826,680,,,0.6706,,,,,,517.8835,r2_measured_03666,read,measured,,,,,6.8155,,ok,0.3493
330.6938,418,,,0.3152,,,,,,332.3633,r2_measured_03667,read,measured,,,,,0.9295,,ok,0.3693
441.7214,629,,,0.5159,,,,,,454.0883,r2_measured_03668,read,measured,,,,,11.4324,,ok,0.3552
349.9708,509,,,0.6751,,,,,,363.1612,r2_measured_03669,read,measured,,,,,12.1047,,ok,0.3449
529.6515,680,,,0.831,,,,,,534.9433,r2_measured_03670,read,measured,,,,,4.026,,ok,0.3591
497.1419,675,,,0.7778,,,,,,506.6331,r2_measured_03671,read,measured,,,,,8.2746,,ok,0.3603
506.9348,679,,,0.8147,,,,,,512.4937,r2_measured_03672,read,measured,,,,,4.3091,,ok,0.3642
271.6961,369,,,0.2526,,,,,,276.0041,r2_measured_03673,read,measured,,,,,3.6735,,ok,0.3349
552.307,680,,,1.1088,,,,,,558.0231,r2_measured_03674,read,measured,,,,,4.1735,,ok,0.3561
306.636,419,,,0.2981,,,,,,311.3857,r2_measured_03675,read,measured,,,,,4.0739,,ok,0.3266
715.429,673,557.2909,5.4559,1.1277,100.865,1,5.4543,1,26.8397,727.1605,r2_measured_03676,update,measured,21.3838,11.7315,1,0.0063,9.9597,30.4271,ok,0.5262
502.94,627,,,2.8334,,,,,,507.8279,r2_measured_03677,read,measured,,,,,1.6185,,ok,0.3658
493.724,628,,,0.5717,,,,,,502.9654,r2_measured_03678,read,measured,,,,,8.2442,,ok,0.3525
539.0796,675,,,0.9338,,,,,,544.2253,r2_measured_03679,read,measured,,,,,3.7843,,ok,0.3589
523.068,681,,,0.8375,,,,,,525.9534,r2_measured_03680,read,measured,,,,,1.6208,,ok,0.3535
346.4458,419,,,0.3444,,,,,,348.8422,r2_measured_03681,read,measured,,,,,1.6757,,ok,0.3195
338.3514,419,,,0.2652,,,,,,342.374,r2_measured_03682,read,measured,,,,,3.3776,,ok,0.3321
538.3495,689,,,4.333,,,,,,557.0234,r2_measured_03683,read,measured,,,,,12.703,,ok,1.4694
406.7996,509,,,0.5887,,,,,,415.6833,r2_measured_03684,read,measured,,,,,7.8944,,ok,0.3461
356.0959,419,,,0.3321,,,,,,361.0023,r2_measured_03685,read,measured,,,,,4.1232,,ok,0.384
350.4533,417,,,0.2978,,,,,,354.7429,r2_measured_03686,read,measured,,,,,3.5767,,ok,0.358
591.8727,681,,,0.8592,,,,,,598.7786,r2_measured_03687,read,measured,,,,,5.6034,,ok,0.3687
542.4093,675,,,0.9856,,,,,,549.5295,r2_measured_03688,read,measured,,,,,5.7027,,ok,0.3511
439.668,507,,,0.496,,,,,,454.8725,r2_measured_03689,read,measured,,,,,14.3373,,ok,0.3195
754.9905,688,566.927,5.9533,0.6824,98.5981,1,5.9515,1,37.9415,766.2502,r2_measured_03690,update,measured,31.9882,11.2597,1,21.5009,10.1569,30.023,ok,0.3466
495.3493,567,,,0.6925,,,,,,500.439,r2_measured_03691,read,measured,,,,,3.9419,,ok,0.3906
492.4992,567,,,0.8758,,,,,,497.3208,r2_measured_03692,read,measured,,,,,3.5544,,ok,0.3327
544.3887,675,,,0.7386,,,,,,548.6316,r2_measured_03693,read,measured,,,,,3.0699,,ok,0.3621
553.5654,663,,,0.6884,,,,,,564.0885,r2_measured_03694,read,measured,,,,,9.3931,,ok,0.37
568.193,680,,,0.7282,,,,,,575.5026,r2_measured_03695,read,measured,,,,,6.1735,,ok,0.3456
474.9528,568,,,0.5662,,,,,,481.6266,r2_measured_03696,read,measured,,,,,5.7074,,ok,0.3409
506.4652,628,,,0.7343,,,,,,510.7778,r2_measured_03697,read,measured,,,,,3.1586,,ok,0.3533
531.371,662,,,0.837,,,,,,543.7549,r2_measured_03698,read,measured,,,,,11.1062,,ok,0.3767
563.3624,681,,,0.6714,,,,,,576.0997,r2_measured_03699,read,measured,,,,,11.6367,,ok,0.3524
698.9463,663,482.5861,7.6755,0.7671,110.1729,1,7.6738,1,50.4533,702.7253,r2_measured_03700,update,measured,42.7778,3.779,1,25.5982,2.6097,30.1358,ok,0.3354
543.2329,688,,,0.7042,,,,,,550.612,r2_measured_03701,read,measured,,,,,6.2702,,ok,0.337
528.2551,680,,,1.2371,,,,,,533.6749,r2_measured_03702,read,measured,,,,,3.7718,,ok,0.3429
493.34,680,,,0.5608,,,,,,505.3549,r2_measured_03703,read,measured,,,,,11.0609,,ok,0.3304
493.0508,675,,,0.7435,,,,,,508.0016,r2_measured_03704,read,measured,,,,,13.804,,ok,0.3403
610.7522,628,429.6825,5.0193,1.1258,93.2879,1,5.0177,1,27.6412,621.5627,r2_measured_03705,update,measured,22.6219,10.8105,1,27.4925,9.2374,32.6481,ok,0.3736
449.8161,680,,,0.6672,,,,,,453.9452,r2_measured_03706,read,measured,,,,,3.0478,,ok,0.3457
459.8439,681,,,0.571,,,,,,468.0767,r2_measured_03707,read,measured,,,,,7.2587,,ok,0.3362
446.8237,662,,,0.6624,,,,,,458.7537,r2_measured_03708,read,measured,,,,,10.8539,,ok,0.3434
252.2156,368,,,0.2275,,,,,,254.4306,r2_measured_03709,read,measured,,,,,1.6148,,ok,0.3246
466.4683,679,,,1.7205,,,,,,473.5719,r2_measured_03710,read,measured,,,,,4.9653,,ok,0.346
430.0724,663,,,0.8133,,,,,,440.6338,r2_measured_03711,read,measured,,,,,9.3105,,ok,0.3606
454.5175,681,,,0.7075,,,,,,465.9077,r2_measured_03712,read,measured,,,,,10.2055,,ok,0.3992
470.1501,679,,,0.627,,,,,,476.339,r2_measured_03713,read,measured,,,,,5.1413,,ok,0.346
270.7522,419,,,0.2834,,,,,,274.7554,r2_measured_03714,read,measured,,,,,3.3379,,ok,0.3291
291.8392,419,,,0.2906,,,,,,294.6097,r2_measured_03715,read,measured,,,,,2.0762,,ok,0.348
468.5181,680,,,0.635,,,,,,475.7008,r2_measured_03716,read,measured,,,,,6.0999,,ok,0.3677
480.3482,679,,,0.6794,,,,,,489.2442,r2_measured_03717,read,measured,,,,,7.7861,,ok,0.3623
464.3625,663,,,0.6547,,,,,,475.7916,r2_measured_03718,read,measured,,,,,10.3548,,ok,0.349
346.4036,508,,,0.9168,,,,,,355.9174,r2_measured_03719,read,measured,,,,,8.1548,,ok,0.3664
349.4066,509,,,0.6959,,,,,,358.2002,r2_measured_03720,read,measured,,,,,7.6419,,ok,0.3782
428.7629,629,,,0.7838,,,,,,437.3768,r2_measured_03721,read,measured,,,,,7.3742,,ok,0.3768
501.5686,663,,,2.185,,,,,,519.0339,r2_measured_03722,read,measured,,,,,14.0118,,ok,1.0926
273.4592,369,,,0.267,,,,,,276.0336,r2_measured_03723,read,measured,,,,,1.8983,,ok,0.3498
581.7715,681,,,0.565,,,,,,585.3589,r2_measured_03724,read,measured,,,,,2.6073,,ok,0.3484
362.3325,509,,,0.8498,,,,,,372.1891,r2_measured_03725,read,measured,,,,,8.5777,,ok,0.3582
596.2506,689,,,0.5455,,,,,,601.9513,r2_measured_03726,read,measured,,,,,4.6119,,ok,0.4782
601.6897,681,,,0.6068,,,,,,610.3193,r2_measured_03727,read,measured,,,,,7.6544,,ok,0.3073
380.5733,509,,,1.2502,,,,,,405.35,r2_measured_03728,read,measured,,,,,22.5195,,ok,0.8556
425.962,509,,,0.8374,,,,,,444.9347,r2_measured_03729,read,measured,,,,,17.6402,,ok,0.4012
568.2886,679,,,0.6587,,,,,,577.751,r2_measured_03730,read,measured,,,,,8.4184,,ok,0.3165
375.6658,419,,,0.7847,,,,,,384.0728,r2_measured_03731,read,measured,,,,,6.9,,ok,0.6248
545.364,629,,,0.7105,,,,,,555.9071,r2_measured_03732,read,measured,,,,,9.4028,,ok,0.3596
578.71,681,,,0.6722,,,,,,585.3234,r2_measured_03733,read,measured,,,,,5.5433,,ok,0.3324
402.0229,418,,,0.2774,,,,,,404.7183,r2_measured_03734,read,measured,,,,,2.026,,ok,0.3407
577.5058,681,,,0.5502,,,,,,585.3288,r2_measured_03735,read,measured,,,,,6.8784,,ok,0.3263
566.4887,680,,,0.7738,,,,,,576.2654,r2_measured_03736,read,measured,,,,,8.5893,,ok,0.3495
576.8394,681,,,0.9464,,,,,,592.0899,r2_measured_03737,read,measured,,,,,13.9136,,ok,0.3324
535.2404,628,,,0.695,,,,,,544.1299,r2_measured_03738,read,measured,,,,,7.7933,,ok,0.3399
556.0025,663,,,0.9031,,,,,,563.9358,r2_measured_03739,read,measured,,,,,6.6259,,ok,0.3312
317.67,369,,,0.237,,,,,,320.4751,r2_measured_03740,read,measured,,,,,2.2135,,ok,0.3083
456.5976,628,,,0.5811,,,,,,467.1598,r2_measured_03741,read,measured,,,,,9.5555,,ok,0.3575
538.2038,681,,,0.7493,,,,,,552.5993,r2_measured_03742,read,measured,,,,,12.9239,,ok,0.6501
303.3808,419,,,0.2785,,,,,,306.9102,r2_measured_03743,read,measured,,,,,2.8627,,ok,0.3386
653.254,689,489.5809,3.2313,0.7816,106.6535,1,3.2289,1,21.0579,668.6853,r2_measured_03744,update,measured,17.8266,15.4313,1,0.0051,14.2186,35.9566,ok,0.3504
487.3234,681,,,0.9104,,,,,,497.1003,r2_measured_03745,read,measured,,,,,8.4488,,ok,0.346
372.6125,509,,,0.8786,,,,,,379.9487,r2_measured_03746,read,measured,,,,,5.9668,,ok,0.424
478.4452,675,,,0.8199,,,,,,489.5676,r2_measured_03747,read,measured,,,,,9.865,,ok,0.3603
451.9559,628,,,0.6861,,,,,,456.6062,r2_measured_03748,read,measured,,,,,3.5529,,ok,0.3368
328.5715,419,,,0.3126,,,,,,330.6824,r2_measured_03749,read,measured,,,,,1.3854,,ok,0.3521
487.2822,680,,,0.805,,,,,,495.2358,r2_measured_03750,read,measured,,,,,6.6818,,ok,0.3902
468.0928,679,,,0.7572,,,,,,475.3806,r2_measured_03751,read,measured,,,,,6.0299,,ok,0.3972
536.1718,681,,,0.7156,,,,,,544.187,r2_measured_03752,read,measured,,,,,6.918,,ok,0.3208
531.2359,680,,,0.9389,,,,,,540.8092,r2_measured_03753,read,measured,,,,,8.2423,,ok,0.3149
527.6161,681,,,0.7019,,,,,,536.0645,r2_measured_03754,read,measured,,,,,7.3625,,ok,0.3253
534.8526,688,,,0.6661,,,,,,543.7123,r2_measured_03755,read,measured,,,,,3.9905,,ok,3.2704
584.5855,673,,,0.9124,,,,,,592.4402,r2_measured_03756,read,measured,,,,,6.4066,,ok,0.4418
449.5872,568,,,0.7828,,,,,,459.1077,r2_measured_03757,read,measured,,,,,8.3554,,ok,0.3293
578.2246,680,,,0.6867,,,,,,585.094,r2_measured_03758,read,measured,,,,,5.7404,,ok,0.3454
544.9596,681,,,0.595,,,,,,551.7391,r2_measured_03759,read,measured,,,,,5.7753,,ok,0.3399
327.0197,419,,,0.25,,,,,,329.9401,r2_measured_03760,read,measured,,,,,2.3335,,ok,0.2932
492.9325,567,,,0.5493,,,,,,499.7094,r2_measured_03761,read,measured,,,,,5.811,,ok,0.3492
473.8076,568,,,0.5399,,,,,,480.0711,r2_measured_03762,read,measured,,,,,5.3356,,ok,0.3292
444.026,509,,,0.5818,,,,,,449.3458,r2_measured_03763,read,measured,,,,,4.3266,,ok,0.3563
538.2051,679,,,1.0319,,,,,,549.5939,r2_measured_03764,read,measured,,,,,9.9428,,ok,0.3408
555.3338,680,,,0.6657,,,,,,564.2145,r2_measured_03765,read,measured,,,,,7.8053,,ok,0.3419
740.666,680,506.6229,6.1334,0.6342,177.4427,1,6.1317,1,30.0937,749.5892,r2_measured_03766,update,measured,23.9603,8.9232,1,0.0058,7.8995,26.5009,ok,0.3271
611.8438,507,378.8158,4.9243,0.7772,126.4132,1,4.9223,1,46.7215,619.9095,r2_measured_03767,update,measured,41.7972,8.0657,1,36.1164,6.9048,23.7769,ok,0.33
604.2164,507,380.3923,7.2729,0.9508,84.1365,1,7.2708,1,42.4641,611.3838,r2_measured_03768,update,measured,35.1912,7.1674,1,27.8864,5.7837,69.3371,ok,0.3762
541.9709,680,,,0.7309,,,,,,551.0272,r2_measured_03769,read,measured,,,,,7.9248,,ok,0.3288
384.3743,509,,,0.5639,,,,,,392.1534,r2_measured_03770,read,measured,,,,,6.8184,,ok,0.3331
553.6352,680,,,0.8787,,,,,,562.405,r2_measured_03771,read,measured,,,,,7.4984,,ok,0.3307
527.9223,663,,,0.6722,,,,,,535.1105,r2_measured_03772,read,measured,,,,,6.1005,,ok,0.3504
526.0144,663,,,0.5923,,,,,,536.8977,r2_measured_03773,read,measured,,,,,9.8916,,ok,0.3308
435.7629,568,,,0.8109,,,,,,443.6935,r2_measured_03774,read,measured,,,,,6.7112,,ok,0.3413
402.599,566,,,0.9377,,,,,,415.7255,r2_measured_03775,read,measured,,,,,11.7903,,ok,0.3281
472.9074,680,,,0.5507,,,,,,478.3119,r2_measured_03776,read,measured,,,,,4.4412,,ok,0.3471
503.0503,681,,,0.7741,,,,,,510.0712,r2_measured_03777,read,measured,,,,,5.8375,,ok,0.3401
495.3793,680,,,0.6439,,,,,,508.8605,r2_measured_03778,read,measured,,,,,12.4181,,ok,0.3541
479.1756,675,,,0.9978,,,,,,495.0905,r2_measured_03779,read,measured,,,,,14.5162,,ok,0.3338
498.1545,681,,,0.6207,,,,,,502.7578,r2_measured_03780,read,measured,,,,,3.5784,,ok,0.3316
488.6345,680,,,0.7528,,,,,,504.7624,r2_measured_03781,read,measured,,,,,14.8305,,ok,0.4619
575.4861,568,388.1531,5.5896,0.8533,98.5589,0,5.5879,1,42.0804,579.6403,r2_measured_03782,update,measured,36.4908,4.1542,1,19.1059,2.8871,27.5878,ok,0.3471
466.4617,681,,,1.2443,,,,,,482.6681,r2_measured_03783,read,measured,,,,,13.8694,,ok,1.0073
471.8878,680,,,0.7499,,,,,,479.7413,r2_measured_03784,read,measured,,,,,6.7047,,ok,0.338
326.4267,509,,,0.7276,,,,,,334.4399,r2_measured_03785,read,measured,,,,,6.8067,,ok,0.3997
448.7724,663,,,2.324,,,,,,459.4068,r2_measured_03786,read,measured,,,,,7.7763,,ok,0.463
492.2939,681,,,0.755,,,,,,504.7672,r2_measured_03787,read,measured,,,,,11.2936,,ok,0.3528
428.5533,628,,,0.8216,,,,,,437.3935,r2_measured_03788,read,measured,,,,,7.635,,ok,0.3208
471.0177,680,,,0.9486,,,,,,479.8433,r2_measured_03789,read,measured,,,,,7.4229,,ok,0.377
481.0334,680,,,0.6241,,,,,,487.596,r2_measured_03790,read,measured,,,,,5.5134,,ok,0.3446
358.5447,508,,,1.8292,,,,,,365.8258,r2_measured_03791,read,measured,,,,,5.0599,,ok,0.3358
242.4719,368,,,0.4568,,,,,,247.2553,r2_measured_03792,read,measured,,,,,3.5546,,ok,0.6973
498.0253,680,,,0.9264,,,,,,504.8411,r2_measured_03793,read,measured,,,,,5.4206,,ok,0.3924
482.5869,680,,,0.707,,,,,,491.2884,r2_measured_03794,read,measured,,,,,7.5409,,ok,0.3723
299.0851,419,,,1.4138,,,,,,304.2438,r2_measured_03795,read,measured,,,,,3.2795,,ok,0.4099
499.7248,689,,,0.6026,,,,,,506.4166,r2_measured_03796,read,measured,,,,,5.6443,,ok,0.3666
305.9275,419,,,0.3109,,,,,,307.2722,r2_measured_03797,read,measured,,,,,0.6082,,ok,0.3694
463.542,680,,,0.5883,,,,,,470.7563,r2_measured_03798,read,measured,,,,,6.2268,,ok,0.3316
412.6277,568,,,0.5427,,,,,,421.4417,r2_measured_03799,read,measured,,,,,7.852,,ok,0.3538
528.4002,680,,,0.7341,,,,,,535.9441,r2_measured_03800,read,measured,,,,,6.3962,,ok,0.3421
378.5947,509,,,0.5495,,,,,,381.6723,r2_measured_03801,read,measured,,,,,2.1336,,ok,0.3387
517.5567,679,,,0.5278,,,,,,527.2327,r2_measured_03802,read,measured,,,,,8.7427,,ok,0.3384
377.4442,508,,,0.5295,,,,,,388.7871,r2_measured_03803,read,measured,,,,,10.3809,,ok,0.374
527.553,689,,,1.0206,,,,,,533.131,r2_measured_03804,read,measured,,,,,4.0964,,ok,0.3772
434.9639,568,,,0.9125,,,,,,441.6281,r2_measured_03805,read,measured,,,,,5.2237,,ok,0.4554
434.1406,567,,,0.6605,,,,,,444.09,r2_measured_03806,read,measured,,,,,8.8214,,ok,0.4006
392.9772,509,,,1.4143,,,,,,401.2969,r2_measured_03807,read,measured,,,,,6.4166,,ok,0.4062
530.2368,675,,,0.6694,,,,,,535.03,r2_measured_03808,read,measured,,,,,3.6378,,ok,0.3648
539.5696,687,,,1.1066,,,,,,556.9888,r2_measured_03809,read,measured,,,,,15.7745,,ok,0.4382
499.239,568,,,1.2106,,,,,,505.5193,r2_measured_03810,read,measured,,,,,4.6794,,ok,0.3347
565.9128,689,,,1.1485,,,,,,582.0323,r2_measured_03811,read,measured,,,,,14.5462,,ok,0.3439
287.7141,369,,,0.2689,,,,,,288.6799,r2_measured_03812,read,measured,,,,,0.3302,,ok,0.317
557.3192,689,,,0.7891,,,,,,565.2545,r2_measured_03813,read,measured,,,,,6.6222,,ok,0.438
504.2528,680,,,1.0041,,,,,,512.6623,r2_measured_03814,read,measured,,,,,6.958,,ok,0.3686
592.4769,680,,,0.8162,,,,,,599.5623,r2_measured_03815,read,measured,,,,,5.83,,ok,0.3696
543.66,674,,,1.0391,,,,,,548.3863,r2_measured_03816,read,measured,,,,,3.2062,,ok,0.3996
539.722,628,,,0.981,,,,,,549.4856,r2_measured_03817,read,measured,,,,,8.3392,,ok,0.3673
556.5001,689,,,0.9896,,,,,,567.0395,r2_measured_03818,read,measured,,,,,9.0834,,ok,0.3895
550.3783,681,,,1.0275,,,,,,559.1104,r2_measured_03819,read,measured,,,,,6.7021,,ok,0.9018
494.5687,626,,,0.6014,,,,,,521.7507,r2_measured_03820,read,measured,,,,,26.0896,,ok,0.3905
587.6115,689,,,0.8159,,,,,,593.1901,r2_measured_03821,read,measured,,,,,4.3172,,ok,0.3695
578.5169,681,,,0.6959,,,,,,586.2346,r2_measured_03822,read,measured,,,,,6.6043,,ok,0.352
633.498,567,453.2504,3.9157,0.7865,123.2866,1,3.9141,1,27.7526,639.201,r2_measured_03823,update,measured,23.8369,5.703,1,0.0059,4.5069,29.2025,ok,0.3398
399.7627,509,,,0.8419,,,,,,408.003,r2_measured_03824,read,measured,,,,,6.9783,,ok,0.3558
673.677,675,491.7483,7.289,0.6418,94.8672,0,7.2875,1,40.9838,676.8036,r2_measured_03825,update,measured,33.6948,3.1266,1,18.8546,2.0721,27.2231,ok,0.3399
524.7003,663,,,0.7025,,,,,,533.693,r2_measured_03826,read,measured,,,,,7.8731,,ok,0.3521
388.0786,509,,,0.7574,,,,,,395.0624,r2_measured_03827,read,measured,,,,,5.79,,ok,0.3739
430.9137,566,,,0.5884,,,,,,437.809,r2_measured_03828,read,measured,,,,,5.8999,,ok,0.3464
341.461,419,,,0.2988,,,,,,345.8383,r2_measured_03829,read,measured,,,,,3.6856,,ok,0.3403
492.6298,680,,,1.4008,,,,,,503.7136,r2_measured_03830,read,measured,,,,,9.0196,,ok,0.5498
311.066,419,,,0.2658,,,,,,312.602,r2_measured_03831,read,measured,,,,,0.8942,,ok,0.3259
308.7805,418,,,0.2642,,,,,,311.1044,r2_measured_03832,read,measured,,,,,1.6757,,ok,0.3325
504.2077,679,,,0.6825,,,,,,510.0501,r2_measured_03833,read,measured,,,,,4.781,,ok,0.3101
492.2585,681,,,0.703,,,,,,498.9737,r2_measured_03834,read,measured,,,,,5.6274,,ok,0.3212
494.0671,680,,,0.5277,,,,,,499.3773,r2_measured_03835,read,measured,,,,,4.4102,,ok,0.3122
470.9312,663,,,0.8501,,,,,,478.2379,r2_measured_03836,read,measured,,,,,6.0759,,ok,0.3235
490.2619,675,,,0.5531,,,,,,498.8749,r2_measured_03837,read,measured,,,,,7.6429,,ok,0.3548
443.1995,628,,,0.7909,,,,,,448.3015,r2_measured_03838,read,measured,,,,,3.9111,,ok,0.3393
475.9515,680,,,0.5399,,,,,,485.0719,r2_measured_03839,read,measured,,,,,8.1898,,ok,0.3295
440.9978,629,,,0.7927,,,,,,449.5405,r2_measured_03840,read,measured,,,,,7.3687,,ok,0.3223
439.6386,626,,,0.5788,,,,,,448.1235,r2_measured_03841,read,measured,,,,,7.4938,,ok,0.344
465.9721,663,,,6.6608,,,,,,492.2826,r2_measured_03842,read,measured,,,,,19.1153,,ok,0.4427
498.6381,681,,,0.5804,,,,,,508.8008,r2_measured_03843,read,measured,,,,,9.1627,,ok,0.3507
513.3251,679,,,0.5518,,,,,,520.882,r2_measured_03844,read,measured,,,,,6.6018,,ok,0.3383
372.6126,567,,,0.8873,,,,,,382.0157,r2_measured_03845,read,measured,,,,,8.1124,,ok,0.3424
507.0547,689,,,0.6632,,,,,,520.3283,r2_measured_03846,read,measured,,,,,12.219,,ok,0.3271
348.3194,509,,,0.5821,,,,,,359.2915,r2_measured_03847,read,measured,,,,,9.9418,,ok,0.3838
524.8959,689,,,4.3665,,,,,,545.0292,r2_measured_03848,read,measured,,,,,15.2669,,ok,0.3938
324.5153,419,,,0.2615,,,,,,326.4417,r2_measured_03849,read,measured,,,,,1.2866,,ok,0.3283
369.9759,508,,,0.6597,,,,,,380.0226,r2_measured_03850,read,measured,,,,,8.9104,,ok,0.3516
495.3758,629,,,0.6633,,,,,,501.0833,r2_measured_03851,read,measured,,,,,4.6772,,ok,0.312
304.0434,419,,,0.2729,,,,,,307.1448,r2_measured_03852,read,measured,,,,,2.451,,ok,0.3149
447.6951,567,,,0.6909,,,,,,453.4405,r2_measured_03853,read,measured,,,,,4.6974,,ok,0.3058
419.5442,509,,,0.6347,,,,,,426.7014,r2_measured_03854,read,measured,,,,,6.1443,,ok,0.3234
545.3183,680,,,1.0137,,,,,,553.2524,r2_measured_03855,read,measured,,,,,6.4811,,ok,0.37
524.38,681,,,0.8678,,,,,,532.624,r2_measured_03856,read,measured,,,,,6.9687,,ok,0.342
538.1418,509,390.6029,6.8487,0.5997,75.9284,0,6.8468,1,30.7517,551.9398,r2_measured_03857,update,measured,23.903,13.798,1,13.6372,12.8141,27.2216,ok,0.3324
520.1406,689,,,0.6125,,,,,,530.5894,r2_measured_03858,read,measured,,,,,9.4476,,ok,0.3239
516.1921,680,,,0.533,,,,,,525.4469,r2_measured_03859,read,measured,,,,,8.316,,ok,0.3442
494.3214,663,,,0.9729,,,,,,498.6739,r2_measured_03860,read,measured,,,,,2.9853,,ok,0.3346
370.7548,507,,,1.615,,,,,,378.1169,r2_measured_03861,read,measured,,,,,5.346,,ok,0.3404
466.6537,628,,,1.1038,,,,,,472.8787,r2_measured_03862,read,measured,,,,,4.7283,,ok,0.3311
487.5209,680,,,0.8743,,,,,,491.0072,r2_measured_03863,read,measured,,,,,2.2153,,ok,0.3293
485.4276,680,,,0.8615,,,,,,493.806,r2_measured_03864,read,measured,,,,,7.1167,,ok,0.3369
486.418,680,,,0.7696,,,,,,490.7441,r2_measured_03865,read,measured,,,,,3.0998,,ok,0.3857
689.9256,628,498.9247,8.9024,0.8667,90.9469,1,8.9007,1,47.0154,698.4572,r2_measured_03866,update,measured,38.113,8.5316,1,21.8516,7.1579,31.187,ok,0.4202
395.4607,567,,,0.79,,,,,,400.3283,r2_measured_03867,read,measured,,,,,3.6176,,ok,0.3905
353.2611,509,,,0.8327,,,,,,361.8125,r2_measured_03868,read,measured,,,,,7.2458,,ok,0.3988
276.341,418,,,0.2819,,,,,,279.0746,r2_measured_03869,read,measured,,,,,2.0721,,ok,0.3283
510.6213,689,,,0.8905,,,,,,521.0745,r2_measured_03870,read,measured,,,,,9.1148,,ok,0.3668
582.3648,680,,,0.9596,,,,,,587.733,r2_measured_03871,read,measured,,,,,3.9607,,ok,0.3739
466.2377,566,,,1.0164,,,,,,477.5887,r2_measured_03872,read,measured,,,,,9.8952,,ok,0.3611
459.4544,568,,,0.901,,,,,,467.5347,r2_measured_03873,read,measured,,,,,6.6933,,ok,0.404
447.4619,509,,,0.8177,,,,,,462.4122,r2_measured_03874,read,measured,,,,,13.676,,ok,0.3774
543.8683,628,,,0.7033,,,,,,547.2157,r2_measured_03875,read,measured,,,,,2.0972,,ok,0.4562
340.1709,419,,,0.3364,,,,,,343.3485,r2_measured_03876,read,measured,,,,,2.3937,,ok,0.3865
311.024,369,,,0.3801,,,,,,313.2215,r2_measured_03877,read,measured,,,,,1.3973,,ok,0.3615
615.3093,679,,,0.7066,,,,,,624.2033,r2_measured_03878,read,measured,,,,,7.7566,,ok,0.3607
609.5571,680,,,1.0887,,,,,,615.2241,r2_measured_03879,read,measured,,,,,4.1578,,ok,0.3556
611.8269,663,,,0.7685,,,,,,619.7571,r2_measured_03880,read,measured,,,,,6.6797,,ok,0.42
496.8267,509,,,0.6846,,,,,,505.1784,r2_measured_03881,read,measured,,,,,7.2799,,ok,0.3253
581.6528,628,,,0.5239,,,,,,589.7081,r2_measured_03882,read,measured,,,,,7.1146,,ok,0.3536
593.437,674,,,0.8048,,,,,,600.0401,r2_measured_03883,read,measured,,,,,5.3851,,ok,0.3447
597.3549,663,,,0.5328,,,,,,602.6761,r2_measured_03884,read,measured,,,,,4.3669,,ok,0.3571
563.1801,680,,,0.7401,,,,,,575.9033,r2_measured_03885,read,measured,,,,,11.5379,,ok,0.3705
324.8853,369,,,0.2587,,,,,,327.0127,r2_measured_03886,read,measured,,,,,1.4822,,ok,0.3336
532.4289,679,,,0.9495,,,,,,538.224,r2_measured_03887,read,measured,,,,,4.4164,,ok,0.3546
538.1788,675,,,0.7693,,,,,,548.8745,r2_measured_03888,read,measured,,,,,9.4594,,ok,0.3838
542.9103,689,,,0.5852,,,,,,549.176,r2_measured_03889,read,measured,,,,,5.1519,,ok,0.4387
664.8459,680,460.2254,4.2675,0.9467,141.4412,0,4.2657,1,30.6529,673.95,r2_measured_03890,update,measured,26.3854,9.1041,1,0.006,7.7295,32.5204,ok,0.366
503.0701,680,,,0.6665,,,,,,510.9829,r2_measured_03891,read,measured,,,,,6.8048,,ok,0.3678
693.5236,663,464.824,8.4514,0.9804,108.0678,1,8.4497,1,50.7403,700.5973,r2_measured_03892,update,measured,42.2889,7.0737,1,28.3301,5.6913,41.5614,ok,0.3392
482.8716,681,,,0.9009,,,,,,489.2766,r2_measured_03893,read,measured,,,,,5.0841,,ok,0.3508
450.5915,663,,,0.802,,,,,,459.46,r2_measured_03894,read,measured,,,,,7.6609,,ok,0.3355
475.8212,680,,,1.7209,,,,,,484.655,r2_measured_03895,read,measured,,,,,6.6961,,ok,0.3523
461.4339,680,,,0.7109,,,,,,466.6869,r2_measured_03896,read,measured,,,,,4.1166,,ok,0.3551
293.642,419,,,0.3296,,,,,,295.5796,r2_measured_03897,read,measured,,,,,1.1316,,ok,0.4163
458.6184,681,,,0.5711,,,,,,464.4271,r2_measured_03898,read,measured,,,,,4.8387,,ok,0.3341
427.0008,628,,,0.5777,,,,,,435.9851,r2_measured_03899,read,measured,,,,,7.9967,,ok,0.3499
461.2727,663,,,0.7453,,,,,,465.7254,r2_measured_03900,read,measured,,,,,3.3088,,ok,0.3384
438.146,628,,,0.5907,,,,,,447.352,r2_measured_03901,read,measured,,,,,8.2042,,ok,0.3476
265.2471,369,,,0.2429,,,,,,267.3888,r2_measured_03902,read,measured,,,,,1.5017,,ok,0.3505
445.6225,629,,,0.6539,,,,,,456.7811,r2_measured_03903,read,measured,,,,,10.0658,,ok,0.3638
463.0461,681,,,0.5756,,,,,,468.7054,r2_measured_03904,read,measured,,,,,4.6481,,ok,0.3643
347.2379,509,,,0.7205,,,,,,353.266,r2_measured_03905,read,measured,,,,,4.9194,,ok,0.323
456.4568,663,,,0.6399,,,,,,466.7,r2_measured_03906,read,measured,,,,,9.1786,,ok,0.3601
425.3961,663,,,0.8176,,,,,,437.3132,r2_measured_03907,read,measured,,,,,10.6912,,ok,0.3413
279.4053,417,,,0.2673,,,,,,281.7913,r2_measured_03908,read,measured,,,,,1.7289,,ok,0.3399
389.6058,568,,,0.51,,,,,,395.0861,r2_measured_03909,read,measured,,,,,4.5547,,ok,0.3496
450.2171,675,,,0.787,,,,,,456.0235,r2_measured_03910,read,measured,,,,,4.5544,,ok,0.3822
445.5792,663,,,0.7532,,,,,,449.5838,r2_measured_03911,read,measured,,,,,2.796,,ok,0.383
471.6546,688,,,0.6197,,,,,,477.8841,r2_measured_03912,read,measured,,,,,5.2128,,ok,0.3371
445.5523,680,,,0.636,,,,,,454.7136,r2_measured_03913,read,measured,,,,,8.1318,,ok,0.3296
283.8894,417,,,0.2871,,,,,,285.5796,r2_measured_03914,read,measured,,,,,1.0122,,ok,0.337
430.5192,663,,,0.5283,,,,,,439.7541,r2_measured_03915,read,measured,,,,,8.2989,,ok,0.3471
283.491,418,,,0.2772,,,,,,285.3619,r2_measured_03916,read,measured,,,,,1.2013,,ok,0.3422
470.0144,689,,,0.852,,,,,,480.4418,r2_measured_03917,read,measured,,,,,9.1508,,ok,0.3483
375.4856,568,,,0.5869,,,,,,386.6837,r2_measured_03918,read,measured,,,,,10.1987,,ok,0.352
481.0775,680,,,0.7648,,,,,,487.8732,r2_measured_03919,read,measured,,,,,5.5675,,ok,0.3793
488.0653,689,,,0.6149,,,,,,499.1196,r2_measured_03920,read,measured,,,,,10.0068,,ok,0.353
351.3611,507,,,0.9641,,,,,,358.3544,r2_measured_03921,read,measured,,,,,5.623,,ok,0.3428
251.8753,369,,,0.2415,,,,,,253.7582,r2_measured_03922,read,measured,,,,,1.277,,ok,0.3183
467.5566,663,,,0.5943,,,,,,482.3858,r2_measured_03923,read,measured,,,,,13.8009,,ok,0.3632
459.4406,680,,,0.86,,,,,,466.5069,r2_measured_03924,read,measured,,,,,5.7744,,ok,0.3588
467.3433,673,,,0.622,,,,,,481.0134,r2_measured_03925,read,measured,,,,,12.6145,,ok,0.3654
497.604,687,,,0.5998,,,,,,505.7832,r2_measured_03926,read,measured,,,,,7.145,,ok,0.363
471.9124,689,,,0.7983,,,,,,480.2075,r2_measured_03927,read,measured,,,,,7.0595,,ok,0.3605
485.1883,680,,,0.5841,,,,,,494.3694,r2_measured_03928,read,measured,,,,,8.213,,ok,0.3194
489.7013,689,,,0.7505,,,,,,497.1923,r2_measured_03929,read,measured,,,,,6.3112,,ok,0.3586
443.5094,629,,,0.6293,,,,,,454.6395,r2_measured_03930,read,measured,,,,,10.1024,,ok,0.3352
502.0741,681,,,1.3448,,,,,,512.8534,r2_measured_03931,read,measured,,,,,8.9516,,ok,0.411
489.6763,689,,,0.6418,,,,,,499.7918,r2_measured_03932,read,measured,,,,,9.0419,,ok,0.3624
402.0603,567,,,1.6135,,,,,,407.9871,r2_measured_03933,read,measured,,,,,3.9098,,ok,0.3373
443.888,629,,,0.7949,,,,,,453.0598,r2_measured_03934,read,measured,,,,,7.9586,,ok,0.3499
400.5331,568,,,0.6062,,,,,,408.8269,r2_measured_03935,read,measured,,,,,7.2755,,ok,0.3488
494.8492,628,,,0.7489,,,,,,506.0131,r2_measured_03936,read,measured,,,,,10.0106,,ok,0.3416
280.2984,419,,,0.3087,,,,,,284.3529,r2_measured_03937,read,measured,,,,,3.3311,,ok,0.3547
550.0364,688,,,0.6465,,,,,,558.0775,r2_measured_03938,read,measured,,,,,6.941,,ok,0.374
416.2498,508,,,0.657,,,,,,422.3574,r2_measured_03939,read,measured,,,,,5.0574,,ok,0.3233
270.9486,369,,,0.2677,,,,,,274.5583,r2_measured_03940,read,measured,,,,,2.9258,,ok,0.3569
291.5182,369,,,0.2473,,,,,,294.6282,r2_measured_03941,read,measured,,,,,2.5,,ok,0.3156
495.9285,628,,,0.8985,,,,,,499.4606,r2_measured_03942,read,measured,,,,,2.1565,,ok,0.3881
305.9682,369,,,0.2971,,,,,,308.1196,r2_measured_03943,read,measured,,,,,1.5005,,ok,0.3031
484.8075,629,,,0.8926,,,,,,490.5954,r2_measured_03944,read,measured,,,,,4.4443,,ok,0.3844
310.7816,369,,,0.2742,,,,,,312.7572,r2_measured_03945,read,measured,,,,,1.314,,ok,0.3306
532.5217,675,,,0.8547,,,,,,538.4241,r2_measured_03946,read,measured,,,,,4.5694,,ok,0.3897
476.538,689,,,0.623,,,,,,482.8108,r2_measured_03947,read,measured,,,,,5.2063,,ok,0.3655
408.2482,508,,,0.7943,,,,,,416.6377,r2_measured_03948,read,measured,,,,,6.626,,ok,0.8542
458.901,568,,,0.5357,,,,,,464.8526,r2_measured_03949,read,measured,,,,,4.9862,,ok,0.3675
547.1895,689,,,0.8086,,,,,,555.1416,r2_measured_03950,read,measured,,,,,6.6912,,ok,0.373
482.6363,626,,,1.0812,,,,,,491.8951,r2_measured_03951,read,measured,,,,,7.6824,,ok,0.4063
438.6692,568,,,0.6515,,,,,,448.0565,r2_measured_03952,read,measured,,,,,8.2976,,ok,0.3716
434.6022,568,,,0.7581,,,,,,442.5962,r2_measured_03953,read,measured,,,,,6.7209,,ok,0.4312
485.4637,679,,,0.6876,,,,,,490.8702,r2_measured_03954,read,measured,,,,,4.2666,,ok,0.3767
292.5041,369,,,0.2805,,,,,,294.6817,r2_measured_03955,read,measured,,,,,1.4766,,ok,0.3608
478.1319,689,,,0.9193,,,,,,485.6516,r2_measured_03956,read,measured,,,,,6.1478,,ok,0.3823
400.746,568,,,0.7892,,,,,,409.7079,r2_measured_03957,read,measured,,,,,7.738,,ok,0.3668
468.7679,663,,,0.6067,,,,,,484.8773,r2_measured_03958,read,measured,,,,,15.0625,,ok,0.3665
369.4078,508,,,0.9341,,,,,,375.8563,r2_measured_03959,read,measured,,,,,5.0491,,ok,0.4004
479.8514,689,,,0.7434,,,,,,487.4982,r2_measured_03960,read,measured,,,,,6.4495,,ok,0.3685
308.4815,418,,,0.3134,,,,,,310.6731,r2_measured_03961,read,measured,,,,,1.4527,,ok,0.3616
310.4234,419,,,0.3161,,,,,,313.8965,r2_measured_03962,read,measured,,,,,2.7374,,ok,0.3595
305.6199,419,,,0.2967,,,,,,307.8544,r2_measured_03963,read,measured,,,,,1.5335,,ok,0.3501
435.0003,629,,,0.7156,,,,,,443.1185,r2_measured_03964,read,measured,,,,,7.0002,,ok,0.3345
449.8167,628,,,0.5743,,,,,,460.6232,r2_measured_03965,read,measured,,,,,9.7919,,ok,0.3547
479.6614,688,,,0.796,,,,,,484.6369,r2_measured_03966,read,measured,,,,,3.769,,ok,0.3392
295.1371,419,,,0.3053,,,,,,297.7671,r2_measured_03967,read,measured,,,,,1.9145,,ok,0.3492
349.2205,509,,,0.7389,,,,,,358.1837,r2_measured_03968,read,measured,,,,,7.8265,,ok,0.3398
451.3547,663,,,0.7875,,,,,,467.6629,r2_measured_03969,read,measured,,,,,15.0867,,ok,0.3565
449.8958,663,,,0.6673,,,,,,454.3876,r2_measured_03970,read,measured,,,,,3.3968,,ok,0.3569
472.8426,689,,,0.5672,,,,,,482.1751,r2_measured_03971,read,measured,,,,,8.3504,,ok,0.3447
462.3301,663,,,0.5759,,,,,,468.3209,r2_measured_03972,read,measured,,,,,4.9936,,ok,0.3557
390.2306,568,,,0.5841,,,,,,397.0851,r2_measured_03973,read,measured,,,,,5.8563,,ok,0.3396
331.4992,507,,,0.5888,,,,,,336.6119,r2_measured_03974,read,measured,,,,,4.1033,,ok,0.3613
451.2602,663,,,0.5685,,,,,,459.4728,r2_measured_03975,read,measured,,,,,7.2253,,ok,0.3406
439.6855,681,,,0.6423,,,,,,448.6557,r2_measured_03976,read,measured,,,,,7.9117,,ok,0.3465
443.0406,675,,,0.627,,,,,,451.9629,r2_measured_03977,read,measured,,,,,7.8825,,ok,0.3389
336.3913,509,,,0.4727,,,,,,343.953,r2_measured_03978,read,measured,,,,,6.6801,,ok,0.3442
417.414,629,,,0.8655,,,,,,424.4379,r2_measured_03979,read,measured,,,,,5.6029,,ok,0.4281
480.872,675,,,0.992,,,,,,490.4603,r2_measured_03980,read,measured,,,,,8.1541,,ok,0.3722
457.823,687,,,0.6987,,,,,,469.7661,r2_measured_03981,read,measured,,,,,10.8279,,ok,0.3391
467.7573,689,,,0.6338,,,,,,475.697,r2_measured_03982,read,measured,,,,,6.9201,,ok,0.3191
477.5322,675,,,1.4326,,,,,,489.8059,r2_measured_03983,read,measured,,,,,10.4281,,ok,0.3451
248.8853,369,,,0.2903,,,,,,250.5694,r2_measured_03984,read,measured,,,,,0.9484,,ok,0.3876
458.6371,663,,,0.508,,,,,,464.7817,r2_measured_03985,read,measured,,,,,5.2302,,ok,0.3439
476.448,663,,,0.7205,,,,,,481.3623,r2_measured_03986,read,measured,,,,,3.781,,ok,0.3483
402.2005,567,,,0.687,,,,,,411.3068,r2_measured_03987,read,measured,,,,,8.0084,,ok,0.3491
476.2687,680,,,0.7743,,,,,,480.5985,r2_measured_03988,read,measured,,,,,3.1271,,ok,0.3599
397.7912,568,,,0.4271,,,,,,410.494,r2_measured_03989,read,measured,,,,,11.8791,,ok,0.3394
350.0035,509,,,0.454,,,,,,354.9653,r2_measured_03990,read,measured,,,,,4.117,,ok,0.3344
396.4386,568,,,0.4797,,,,,,403.7657,r2_measured_03991,read,measured,,,,,6.4496,,ok,0.3433
475.8984,628,,,0.7252,,,,,,487.3693,r2_measured_03992,read,measured,,,,,10.3128,,ok,0.3558
570.7944,567,412.3106,5.7999,0.6603,79.554,1,5.7982,1,32.4605,575.4436,r2_measured_03993,update,measured,26.6606,4.6492,1,16.571,3.5607,29.8983,ok,0.3643
307.3163,419,,,0.2689,,,,,,312.5319,r2_measured_03994,read,measured,,,,,4.5663,,ok,0.3328
465.7507,629,,,0.8069,,,,,,476.7332,r2_measured_03995,read,measured,,,,,9.7572,,ok,0.3507
388.2176,509,,,0.7842,,,,,,397.147,r2_measured_03996,read,measured,,,,,7.7552,,ok,0.3288
447.2072,628,,,0.7009,,,,,,452.9665,r2_measured_03997,read,measured,,,,,4.6694,,ok,0.3284
427.1387,568,,,0.5319,,,,,,434.3671,r2_measured_03998,read,measured,,,,,6.2862,,ok,0.3434
311.6714,417,,,0.2714,,,,,,313.8698,r2_measured_03999,read,measured,,,,,1.5501,,ok,0.3283
513.3031,681,,,0.9519,,,,,,524.3166,r2_measured_04000,read,measured,,,,,9.628,,ok,0.368
503.1503,675,,,2.2251,,,,,,514.1922,r2_measured_04001,read,measured,,,,,8.3842,,ok,0.3552
459.8084,628,,,0.599,,,,,,467.0532,r2_measured_04002,read,measured,,,,,6.2198,,ok,0.3481
457.7434,629,,,0.9067,,,,,,468.3799,r2_measured_04003,read,measured,,,,,9.315,,ok,0.3517
449.8799,629,,,0.6337,,,,,,459.4951,r2_measured_04004,read,measured,,,,,8.5732,,ok,0.3471
509.5232,689,,,0.6784,,,,,,515.2949,r2_measured_04005,read,measured,,,,,4.6074,,ok,0.3998
488.0875,681,,,1.0468,,,,,,510.3306,r2_measured_04006,read,measured,,,,,20.7109,,ok,0.3941
485.0335,662,,,0.8071,,,,,,490.6766,r2_measured_04007,read,measured,,,,,4.325,,ok,0.4219
628.0749,568,466.9464,6.6565,0.6176,81.4783,1,6.6548,1,38.1889,632.8794,r2_measured_04008,update,measured,31.5324,4.8045,1,15.6956,3.6922,25.7657,ok,0.4106
551.2226,675,,,0.7234,,,,,,557.1305,r2_measured_04009,read,measured,,,,,4.6867,,ok,0.4069
421.7453,568,,,0.7644,,,,,,428.2852,r2_measured_04010,read,measured,,,,,5.3379,,ok,0.3614
547.917,680,,,0.6217,,,,,,551.9357,r2_measured_04011,read,measured,,,,,2.9533,,ok,0.3606
522.8725,689,,,0.8754,,,,,,529.3477,r2_measured_04012,read,measured,,,,,5.1518,,ok,0.3572
549.0174,680,,,1.1864,,,,,,558.5384,r2_measured_04013,read,measured,,,,,7.7414,,ok,0.4838
528.1987,628,,,0.6208,,,,,,553.0636,r2_measured_04014,read,measured,,,,,23.8011,,ok,0.3494
358.7671,418,,,0.6514,,,,,,361.6259,r2_measured_04015,read,measured,,,,,1.5519,,ok,0.5682
588.8012,680,,,0.5806,,,,,,594.3586,r2_measured_04016,read,measured,,,,,4.5669,,ok,0.3454
495.911,568,,,0.6624,,,,,,500.4136,r2_measured_04017,read,measured,,,,,3.4451,,ok,0.3301
528.1539,628,,,0.5314,,,,,,537.2291,r2_measured_04018,read,measured,,,,,8.1264,,ok,0.3504
539.9337,628,,,0.7483,,,,,,546.551,r2_measured_04019,read,measured,,,,,5.4428,,ok,0.3539
569.6372,674,,,1.25,,,,,,588.5679,r2_measured_04020,read,measured,,,,,17.0404,,ok,0.5552
610.8472,689,,,0.7286,,,,,,627.7602,r2_measured_04021,read,measured,,,,,15.7639,,ok,0.352
592.7051,688,,,0.5719,,,,,,600.6605,r2_measured_04022,read,measured,,,,,6.9742,,ok,0.3405
481.0126,568,,,0.7056,,,,,,486.2294,r2_measured_04023,read,measured,,,,,4.1143,,ok,0.3354
435.6849,509,,,1.6289,,,,,,446.3522,r2_measured_04024,read,measured,,,,,8.2537,,ok,0.661
533.0895,681,,,0.6189,,,,,,540.7662,r2_measured_04025,read,measured,,,,,6.6045,,ok,0.3797
536.8031,679,,,0.6249,,,,,,545.5479,r2_measured_04026,read,measured,,,,,7.675,,ok,0.3725
464.3239,568,,,1.1958,,,,,,475.8739,r2_measured_04027,read,measured,,,,,9.9327,,ok,0.3594
420.2391,509,,,0.7514,,,,,,425.1298,r2_measured_04028,read,measured,,,,,3.717,,ok,0.3609
482.2618,418,333.087,8.0589,0.301,51.282,0,8.0574,1,43.9811,484.0582,r2_measured_04029,update,measured,35.9222,1.7964,1,29.1727,1.0913,24.739,ok,0.3485
346.6613,419,,,0.2778,,,,,,349.3088,r2_measured_04030,read,measured,,,,,1.9641,,ok,0.3557
486.3218,663,,,0.5726,,,,,,492.2209,r2_measured_04031,read,measured,,,,,4.8908,,ok,0.3621
508.7678,681,,,0.8964,,,,,,516.6297,r2_measured_04032,read,measured,,,,,6.5463,,ok,0.35
404.334,507,,,0.7044,,,,,,414.2331,r2_measured_04033,read,measured,,,,,8.7839,,ok,0.3529
437.3019,568,,,0.8331,,,,,,443.8456,r2_measured_04034,read,measured,,,,,5.277,,ok,0.3641
698.0758,674,486.4142,5.7568,0.636,114.7545,1,5.7548,1,33.5892,704.7766,r2_measured_04035,update,measured,27.8324,6.7008,1,35.6081,5.657,27.7098,ok,0.3417
498.2304,681,,,0.9604,,,,,,501.434,r2_measured_04036,read,measured,,,,,1.7797,,ok,0.3898
317.9,419,,,0.3026,,,,,,319.666,r2_measured_04037,read,measured,,,,,1.0388,,ok,0.3629
491.0336,663,,,0.5784,,,,,,499.2036,r2_measured_04038,read,measured,,,,,7.2084,,ok,0.3231
425.2285,628,,,0.5536,,,,,,431.2562,r2_measured_04039,read,measured,,,,,5.1045,,ok,0.3162
486.8424,680,,,0.883,,,,,,603.6715,r2_measured_04040,read,measured,,,,,8.1234,,ok,0.3259
378.6208,568,,,0.7982,,,,,,385.6697,r2_measured_04041,read,measured,,,,,5.863,,ok,0.3279
257.742,369,,,0.2864,,,,,,260.4679,r2_measured_04042,read,measured,,,,,2.0322,,ok,0.3547
510.3259,680,,,0.6087,,,,,,514.2851,r2_measured_04043,read,measured,,,,,2.8898,,ok,0.3883
400.7335,568,,,0.6382,,,,,,407.6062,r2_measured_04044,read,measured,,,,,5.7845,,ok,0.3859
491.0767,681,,,1.1418,,,,,,501.2355,r2_measured_04045,read,measured,,,,,8.5948,,ok,0.358
513.6087,681,,,0.9029,,,,,,521.4353,r2_measured_04046,read,measured,,,,,6.5216,,ok,0.3422
503.8585,689,,,0.8897,,,,,,510.2531,r2_measured_04047,read,measured,,,,,5.0982,,ok,0.3372
495.9167,681,,,0.5759,,,,,,501.9203,r2_measured_04048,read,measured,,,,,5.0059,,ok,0.3483
506.962,688,,,0.5306,,,,,,514.0758,r2_measured_04049,read,measured,,,,,6.1851,,ok,0.3351
448.6712,629,,,0.5287,,,,,,458.169,r2_measured_04050,read,measured,,,,,8.5503,,ok,0.3535
514.6357,688,,,0.6855,,,,,,519.3954,r2_measured_04051,read,measured,,,,,3.644,,ok,0.3613
468.814,628,,,0.6106,,,,,,475.4639,r2_measured_04052,read,measured,,,,,5.5932,,ok,0.3801
505.4834,679,,,0.5517,,,,,,509.6218,r2_measured_04053,read,measured,,,,,3.1756,,ok,0.3463
340.9394,509,,,0.6899,,,,,,351.5176,r2_measured_04054,read,measured,,,,,9.4973,,ok,0.3349
638.0057,681,458.991,4.6372,0.7139,124.5964,1,4.6353,1,26.7544,640.7522,r2_measured_04055,update,measured,22.1172,2.7465,1,0.0054,1.5957,27.6585,ok,0.3703
414.2669,568,,,1.1309,,,,,,421.5246,r2_measured_04056,read,measured,,,,,5.5989,,ok,0.3554
635.2647,689,465.5818,5.3674,1.0351,103.1404,1,5.3659,1,25.4271,647.4978,r2_measured_04057,update,measured,20.0597,12.2331,1,12.4948,10.7831,28.6206,ok,0.3425
433.1942,681,,,0.6424,,,,,,441.2425,r2_measured_04058,read,measured,,,,,7.0111,,ok,0.3281
472.3512,680,,,0.5833,,,,,,482.6682,r2_measured_04059,read,measured,,,,,9.3199,,ok,0.3447
346.4737,509,,,0.5584,,,,,,355.3122,r2_measured_04060,read,measured,,,,,7.8891,,ok,0.3279
445.7086,663,,,0.5783,,,,,,455.9981,r2_measured_04061,read,measured,,,,,9.2802,,ok,0.3527
331.335,509,,,0.5947,,,,,,341.052,r2_measured_04062,read,measured,,,,,8.7114,,ok,0.3475
284.5147,419,,,0.2675,,,,,,287.1004,r2_measured_04063,read,measured,,,,,1.9429,,ok,0.3275
391.7326,568,,,0.7166,,,,,,396.8521,r2_measured_04064,read,measured,,,,,4.0097,,ok,0.3321
514.3892,689,,,0.714,,,,,,520.4191,r2_measured_04065,read,measured,,,,,4.9295,,ok,0.32
239.4445,369,,,0.2281,,,,,,240.857,r2_measured_04066,read,measured,,,,,0.6912,,ok,0.4353
496.0524,663,,,0.7509,,,,,,505.6172,r2_measured_04067,read,measured,,,,,8.4451,,ok,0.3024
498.5024,689,,,0.8235,,,,,,508.0676,r2_measured_04068,read,measured,,,,,8.3149,,ok,0.3529
527.7476,663,,,0.8554,,,,,,538.1718,r2_measured_04069,read,measured,,,,,9.1676,,ok,0.3356
522.7002,689,,,0.5686,,,,,,536.1371,r2_measured_04070,read,measured,,,,,12.4644,,ok,0.3382
528.6418,663,,,0.7258,,,,,,536.9056,r2_measured_04071,read,measured,,,,,7.1308,,ok,0.3371
518.8626,675,,,0.6698,,,,,,529.6115,r2_measured_04072,read,measured,,,,,9.6811,,ok,0.3344
526.0917,680,,,0.5933,,,,,,531.0486,r2_measured_04073,read,measured,,,,,3.9628,,ok,0.3373
324.8472,418,,,0.3759,,,,,,328.3238,r2_measured_04074,read,measured,,,,,2.5929,,ok,0.4381
522.5347,663,,,1.1845,,,,,,528.2665,r2_measured_04075,read,measured,,,,,4.135,,ok,0.3509
523.6174,680,,,1.0471,,,,,,531.1798,r2_measured_04076,read,measured,,,,,6.1239,,ok,0.3304
438.5703,568,,,0.5785,,,,,,444.4558,r2_measured_04077,read,measured,,,,,4.9241,,ok,0.3283
508.5495,673,,,0.5524,,,,,,514.6199,r2_measured_04078,read,measured,,,,,5.1011,,ok,0.3516
533.0214,688,,,0.6502,,,,,,540.4504,r2_measured_04079,read,measured,,,,,6.3589,,ok,0.3478
513.6544,689,,,0.6257,,,,,,521.4622,r2_measured_04080,read,measured,,,,,6.7627,,ok,0.3438
407.7584,509,,,0.5634,,,,,,416.8521,r2_measured_04081,read,measured,,,,,8.15,,ok,0.3266
403.3128,568,,,0.5631,,,,,,412.2659,r2_measured_04082,read,measured,,,,,7.9851,,ok,0.3432
585.5043,629,423.7196,7.3757,0.5998,91.1225,1,7.374,1,32.4256,596.0557,r2_measured_04083,update,measured,25.0499,10.5514,1,12.2724,9.5388,25.9642,ok,0.3458
471.7632,681,,,0.7324,,,,,,476.853,r2_measured_04084,read,measured,,,,,3.9344,,ok,0.3569
466.5649,675,,,0.8046,,,,,,474.1525,r2_measured_04085,read,measured,,,,,6.3637,,ok,0.3526
438.1691,675,,,0.7817,,,,,,445.8509,r2_measured_04086,read,measured,,,,,6.4716,,ok,0.3607
393.6016,626,,,0.5924,,,,,,397.3978,r2_measured_04087,read,measured,,,,,2.7872,,ok,0.3437
463.2869,680,,,0.8804,,,,,,474.3236,r2_measured_04088,read,measured,,,,,9.7384,,ok,0.3533
377.9595,568,,,0.7533,,,,,,382.1125,r2_measured_04089,read,measured,,,,,2.9575,,ok,0.3751
455.3634,680,,,0.8325,,,,,,458.4719,r2_measured_04090,read,measured,,,,,1.8548,,ok,0.3496
402.9012,568,,,0.4894,,,,,,412.9309,r2_measured_04091,read,measured,,,,,9.1353,,ok,0.3451
285.6166,419,,,0.3025,,,,,,288.4495,r2_measured_04092,read,measured,,,,,2.1197,,ok,0.3558
425.5855,628,,,0.7011,,,,,,429.2759,r2_measured_04093,read,measured,,,,,2.56,,ok,0.3687
471.5468,688,,,1.3808,,,,,,482.418,r2_measured_04094,read,measured,,,,,9.0728,,ok,0.3455
452.4318,662,,,0.6743,,,,,,457.8442,r2_measured_04095,read,measured,,,,,4.3265,,ok,0.347
464.6594,680,,,1.0684,,,,,,471.4946,r2_measured_04096,read,measured,,,,,5.2122,,ok,0.4627
454.9587,629,,,0.5171,,,,,,464.1513,r2_measured_04097,read,measured,,,,,8.1843,,ok,0.4227
485.9033,675,,,0.9087,,,,,,492.145,r2_measured_04098,read,measured,,,,,4.9074,,ok,0.3512
509.0255,663,,,0.8212,,,,,,515.3926,r2_measured_04099,read,measured,,,,,5.125,,ok,0.3495
531.1737,663,,,0.7412,,,,,,536.9277,r2_measured_04100,read,measured,,,,,4.5899,,ok,0.351
381.21,509,,,0.627,,,,,,385.6032,r2_measured_04101,read,measured,,,,,3.3568,,ok,0.3524
534.3844,689,,,0.7881,,,,,,541.8452,r2_measured_04102,read,measured,,,,,6.2735,,ok,0.3389
525.3894,689,,,0.7023,,,,,,530.896,r2_measured_04103,read,measured,,,,,4.3914,,ok,0.3498
474.8841,628,,,0.9881,,,,,,484.3556,r2_measured_04104,read,measured,,,,,8.1062,,ok,0.319
547.9455,680,,,0.6964,,,,,,553.7825,r2_measured_04105,read,measured,,,,,4.6175,,ok,0.4334
514.7941,628,,,0.7783,,,,,,518.0978,r2_measured_04106,read,measured,,,,,2.0918,,ok,0.3678
532.0069,681,,,0.5427,,,,,,557.0237,r2_measured_04107,read,measured,,,,,24.0281,,ok,0.3633
424.3048,568,,,0.918,,,,,,427.3191,r2_measured_04108,read,measured,,,,,1.5553,,ok,0.472
515.2232,626,,,0.6632,,,,,,569.2039,r2_measured_04109,read,measured,,,,,6.7504,,ok,0.337
560.5025,675,,,1.2054,,,,,,575.5216,r2_measured_04110,read,measured,,,,,11.9841,,ok,1.7573
716.7412,663,532.5997,5.1462,0.8643,106.1224,1,5.1447,1,30.7379,719.9895,r2_measured_04111,update,measured,25.5917,3.2483,1,16.3436,1.9514,30.9376,ok,0.364
521.0326,629,,,1.0896,,,,,,528.4235,r2_measured_04112,read,measured,,,,,5.9112,,ok,0.3297
512.1867,680,,,0.7839,,,,,,520.95,r2_measured_04113,read,measured,,,,,6.9937,,ok,0.8812
714.4595,689,517.9479,10.2751,1.124,111.4316,1,10.2732,1,38.3804,720.9218,r2_measured_04114,update,measured,28.1053,6.4623,1,16.9418,4.9333,29.7578,ok,0.3413
363.6252,419,,,0.2791,,,,,,365.9438,r2_measured_04115,read,measured,,,,,1.6487,,ok,0.3379
516.1676,680,,,0.5704,,,,,,525.4576,r2_measured_04116,read,measured,,,,,8.1798,,ok,0.4346
520.4278,675,,,0.6672,,,,,,526.0408,r2_measured_04117,read,measured,,,,,4.3978,,ok,0.4725
441.3172,567,,,0.607,,,,,,448.5608,r2_measured_04118,read,measured,,,,,6.2139,,ok,0.3623
621.2724,627,442.8963,11.0289,0.7648,112.1158,1,11.0275,1,36.7429,632.2926,r2_measured_04119,update,measured,25.714,11.0202,1,0.0059,9.8491,29.5115,ok,0.3435
492.9901,629,,,0.503,,,,,,500.3156,r2_measured_04120,read,measured,,,,,6.4254,,ok,0.3346
612.7135,629,423.8385,23.9364,0.5316,91.4489,1,23.9345,1,54.3387,618.6245,r2_measured_04121,update,measured,30.4023,5.911,1,16.0487,4.9835,27.0387,ok,0.3321
453.3599,689,,,0.9599,,,,,,460.649,r2_measured_04122,read,measured,,,,,5.9152,,ok,0.3428
489.5243,680,,,1.2269,,,,,,500.1098,r2_measured_04123,read,measured,,,,,8.9151,,ok,0.3728
463.4853,679,,,0.5773,,,,,,466.6221,r2_measured_04124,read,measured,,,,,2.1511,,ok,0.3434
471.5151,663,,,0.8717,,,,,,478.0939,r2_measured_04125,read,measured,,,,,5.1881,,ok,0.4378
381.9179,568,,,1.6859,,,,,,395.2515,r2_measured_04126,read,measured,,,,,11.1898,,ok,0.3989
642.6811,629,500.5308,6.8271,0.5764,79.5124,0,6.8246,1,30.8697,651.6296,r2_measured_04127,update,measured,24.0426,8.9485,1,0.0081,7.9711,31.7601,ok,0.3382
504.6821,629,,,0.6913,,,,,,515.189,r2_measured_04128,read,measured,,,,,9.4273,,ok,0.322
550.9738,681,,,1.25,,,,,,558.2943,r2_measured_04129,read,measured,,,,,5.6616,,ok,0.341
525.2295,663,,,1.0867,,,,,,531.1369,r2_measured_04130,read,measured,,,,,4.3662,,ok,0.3628
513.2861,629,,,0.6681,,,,,,519.1089,r2_measured_04131,read,measured,,,,,4.7543,,ok,0.3408
496.4009,629,,,0.6161,,,,,,507.6389,r2_measured_04132,read,measured,,,,,10.2221,,ok,0.3422
538.8796,663,,,0.7391,,,,,,543.0897,r2_measured_04133,read,measured,,,,,2.977,,ok,0.4063
538.6965,674,,,0.8878,,,,,,545.1234,r2_measured_04134,read,measured,,,,,5.0757,,ok,0.3801
550.0145,689,,,0.7438,,,,,,558.7434,r2_measured_04135,read,measured,,,,,7.557,,ok,0.3614
535.3636,663,,,0.8801,,,,,,545.1397,r2_measured_04136,read,measured,,,,,8.4828,,ok,0.3481
411.3705,509,,,0.6404,,,,,,416.752,r2_measured_04137,read,measured,,,,,4.2698,,ok,0.4089
554.9103,689,,,0.8075,,,,,,565.6231,r2_measured_04138,read,measured,,,,,9.4747,,ok,0.3619
541.207,681,,,0.694,,,,,,544.4322,r2_measured_04139,read,measured,,,,,2.0829,,ok,0.3734
423.8504,369,273.6951,5.4958,0.2496,52.1457,1,5.4941,1,29.4437,427.7933,r2_measured_04140,update,measured,23.9479,3.9429,1,12.6495,3.286,55.9164,ok,0.3573
520.5058,629,,,0.6137,,,,,,528.4791,r2_measured_04141,read,measured,,,,,6.9571,,ok,0.34
531.8247,689,,,0.8333,,,,,,547.6152,r2_measured_04142,read,measured,,,,,14.5505,,ok,0.3394
649.8664,674,484.2027,5.4373,0.705,101.8457,0,5.4358,1,26.596,653.7691,r2_measured_04143,update,measured,21.1587,3.9027,1,0.0094,2.7945,37.2126,ok,0.3383
456.6538,689,,,0.9186,,,,,,466.617,r2_measured_04144,read,measured,,,,,8.628,,ok,0.3423
468.3839,675,,,0.5945,,,,,,473.7612,r2_measured_04145,read,measured,,,,,4.3661,,ok,0.3474
454.392,629,,,0.5273,,,,,,458.7276,r2_measured_04146,read,measured,,,,,3.3946,,ok,0.3491
452.9649,680,,,0.9031,,,,,,459.0332,r2_measured_04147,read,measured,,,,,4.7649,,ok,0.3389
445.8886,675,,,0.4793,,,,,,456.822,r2_measured_04148,read,measured,,,,,10.0754,,ok,0.3181
262.5468,369,,,0.2664,,,,,,265.1008,r2_measured_04149,read,measured,,,,,1.8681,,ok,0.36
440.8757,629,,,0.7663,,,,,,444.2023,r2_measured_04150,read,measured,,,,,2.1542,,ok,0.3382
285.5447,418,,,0.2776,,,,,,288.2181,r2_measured_04151,read,measured,,,,,2.0015,,ok,0.341
469.0083,680,,,0.6725,,,,,,473.1712,r2_measured_04152,read,measured,,,,,3.0572,,ok,0.3579
453.7503,675,,,0.7718,,,,,,462.8195,r2_measured_04153,read,measured,,,,,7.8572,,ok,0.3683
466.1813,675,,,0.6577,,,,,,470.6606,r2_measured_04154,read,measured,,,,,3.4029,,ok,0.3511
460.8159,679,,,1.2122,,,,,,467.8712,r2_measured_04155,read,measured,,,,,5.3467,,ok,0.4151
275.7072,418,,,0.2525,,,,,,278.0136,r2_measured_04156,read,measured,,,,,1.6747,,ok,0.334
460.2412,674,,,1.0368,,,,,,467.2646,r2_measured_04157,read,measured,,,,,5.5141,,ok,0.3918
373.599,568,,,0.4971,,,,,,381.8281,r2_measured_04158,read,measured,,,,,7.3348,,ok,0.3394
517.8237,663,,,1.1872,,,,,,529.7633,r2_measured_04159,read,measured,,,,,10.3302,,ok,0.35
510.0075,681,,,0.7322,,,,,,520.8757,r2_measured_04160,read,measured,,,,,9.6952,,ok,0.3678
511.6208,680,,,0.553,,,,,,518.3421,r2_measured_04161,read,measured,,,,,5.7732,,ok,0.3351
266.7915,369,,,0.294,,,,,,293.5796,r2_measured_04162,read,measured,,,,,26.0292,,ok,0.4063
501.7806,663,,,0.9275,,,,,,508.1298,r2_measured_04163,read,measured,,,,,5.0007,,ok,0.354
335.2455,419,,,0.2951,,,,,,336.8673,r2_measured_04164,read,measured,,,,,0.9292,,ok,0.3447
522.4821,680,,,0.7956,,,,,,535.4213,r2_measured_04165,read,measured,,,,,11.7166,,ok,0.3606
402.9752,568,,,0.6274,,,,,,411.4883,r2_measured_04166,read,measured,,,,,7.4693,,ok,0.3512
508.3271,663,,,0.8161,,,,,,517.9615,r2_measured_04167,read,measured,,,,,8.4125,,ok,0.3458
437.4905,568,,,0.4637,,,,,,448.7434,r2_measured_04168,read,measured,,,,,10.3793,,ok,0.3489
529.868,681,,,0.6258,,,,,,533.1914,r2_measured_04169,read,measured,,,,,2.2874,,ok,0.3407
395.543,509,,,0.5593,,,,,,399.2012,r2_measured_04170,read,measured,,,,,2.667,,ok,0.3751
525.8927,674,,,0.5944,,,,,,532.1856,r2_measured_04171,read,measured,,,,,5.2778,,ok,0.3467
672.3431,688,463.7991,5.067,0.8039,123.1001,1,5.0652,1,38.8938,680.7647,r2_measured_04172,update,measured,33.8268,8.4216,1,16.4002,7.1927,30.1499,ok,0.3591
487.8878,675,,,0.7246,,,,,,495.0901,r2_measured_04173,read,measured,,,,,6.0593,,ok,0.3482
391.0469,507,,,1.0474,,,,,,403.8837,r2_measured_04174,read,measured,,,,,11.3635,,ok,0.3466
647.8737,675,459.8078,6.0042,0.649,109.4626,0,6.0023,1,33.1253,655.4326,r2_measured_04175,update,measured,27.1211,7.5589,1,17.8854,6.5078,27.5926,ok,0.339
437.8753,663,,,0.7612,,,,,,449.8867,r2_measured_04176,read,measured,,,,,10.797,,ok,0.3828
455.4903,680,,,0.7369,,,,,,462.9829,r2_measured_04177,read,measured,,,,,6.3103,,ok,0.3685
335.6916,509,,,0.5745,,,,,,342.6597,r2_measured_04178,read,measured,,,,,5.9773,,ok,0.3488
456.2869,688,,,0.622,,,,,,462.8684,r2_measured_04179,read,measured,,,,,5.525,,ok,0.3631
454.9729,675,,,0.7732,,,,,,468.1084,r2_measured_04180,read,measured,,,,,11.9555,,ok,0.3418
454.311,629,,,1.0443,,,,,,468.3931,r2_measured_04181,read,measured,,,,,12.5922,,ok,0.3774
487.9549,680,,,1.0486,,,,,,493.0184,r2_measured_04182,read,measured,,,,,3.5238,,ok,0.4073
357.4598,509,,,1.0327,,,,,,365.3364,r2_measured_04183,read,measured,,,,,6.4414,,ok,0.3462
397.9734,567,,,0.8753,,,,,,404.3287,r2_measured_04184,read,measured,,,,,5.0605,,ok,0.3546
481.7045,663,,,0.7732,,,,,,494.4422,r2_measured_04185,read,measured,,,,,11.4818,,ok,0.4011
493.4638,675,,,1.2208,,,,,,499.8477,r2_measured_04186,read,measured,,,,,4.7046,,ok,0.3797
366.0784,509,,,2.0097,,,,,,378.2111,r2_measured_04187,read,measured,,,,,9.6309,,ok,0.4213
531.0038,681,,,0.7271,,,,,,545.2119,r2_measured_04188,read,measured,,,,,13.0406,,ok,0.3598
525.7843,675,,,0.9054,,,,,,532.2422,r2_measured_04189,read,measured,,,,,5.1243,,ok,0.3522
596.2153,675,,,2.2074,,,,,,623.5672,r2_measured_04190,read,measured,,,,,23.0668,,ok,1.7928
613.1296,689,,,0.8491,,,,,,621.9235,r2_measured_04191,read,measured,,,,,7.4687,,ok,0.3896
597.0661,629,,,0.8386,,,,,,605.7843,r2_measured_04192,read,measured,,,,,7.4287,,ok,0.3711
601.6733,663,,,0.8689,,,,,,607.0676,r2_measured_04193,read,measured,,,,,4.0809,,ok,0.3753
583.4833,629,,,0.7472,,,,,,592.2499,r2_measured_04194,read,measured,,,,,7.589,,ok,0.364
624.5846,680,,,0.958,,,,,,627.0029,r2_measured_04195,read,measured,,,,,1.002,,ok,0.3781
342.1215,419,,,1.2218,,,,,,355.6069,r2_measured_04196,read,measured,,,,,10.4215,,ok,1.238
616.8905,689,,,0.8567,,,,,,624.2268,r2_measured_04197,read,measured,,,,,6.0724,,ok,0.3378
621.9434,663,,,0.7787,,,,,,630.7941,r2_measured_04198,read,measured,,,,,7.6162,,ok,0.3824
622.4434,675,,,0.6572,,,,,,629.7273,r2_measured_04199,read,measured,,,,,6.2307,,ok,0.3254
603.2573,663,,,1.0766,,,,,,608.0844,r2_measured_04200,read,measured,,,,,3.2821,,ok,0.3976
614.5824,680,,,0.7314,,,,,,623.0916,r2_measured_04201,read,measured,,,,,7.3136,,ok,0.3694
427.5498,418,,,0.3047,,,,,,430.7555,r2_measured_04202,read,measured,,,,,2.4803,,ok,0.3623
605.7129,689,,,1.4232,,,,,,619.5269,r2_measured_04203,read,measured,,,,,11.9275,,ok,0.3755
459.9731,508,,,0.4873,,,,,,464.9875,r2_measured_04204,read,measured,,,,,4.1218,,ok,0.3426
351.9206,369,,,0.2602,,,,,,354.2513,r2_measured_04205,read,measured,,,,,1.695,,ok,0.3256
343.6604,369,,,0.2612,,,,,,348.7565,r2_measured_04206,read,measured,,,,,4.4281,,ok,0.3569
510.0842,680,,,0.5201,,,,,,515.6883,r2_measured_04207,read,measured,,,,,4.6913,,ok,0.3328
443.015,629,,,0.6471,,,,,,458.7039,r2_measured_04208,read,measured,,,,,14.6175,,ok,0.3535
493.0247,680,,,0.6782,,,,,,507.1442,r2_measured_04209,read,measured,,,,,13.0219,,ok,0.3553
410.4727,568,,,0.7141,,,,,,417.521,r2_measured_04210,read,measured,,,,,5.9346,,ok,0.3377
464.3494,663,,,0.8162,,,,,,471.5698,r2_measured_04211,read,measured,,,,,5.9817,,ok,0.354
455.905,629,,,0.5501,,,,,,469.3726,r2_measured_04212,read,measured,,,,,12.504,,ok,0.351
293.3694,419,,,0.2688,,,,,,295.0941,r2_measured_04213,read,measured,,,,,1.1024,,ok,0.303
488.6717,681,,,1.8704,,,,,,497.4705,r2_measured_04214,read,measured,,,,,6.5102,,ok,0.3501
442.011,628,,,0.7435,,,,,,448.1593,r2_measured_04215,read,measured,,,,,4.9762,,ok,0.35
298.3801,418,,,0.2863,,,,,,301.3373,r2_measured_04216,read,measured,,,,,2.3146,,ok,0.3115
494.1167,689,,,0.8271,,,,,,522.5937,r2_measured_04217,read,measured,,,,,27.2337,,ok,0.3381
505.601,680,,,0.5148,,,,,,517.4057,r2_measured_04218,read,measured,,,,,10.9063,,ok,0.3215
269.9583,369,,,0.2442,,,,,,273.0752,r2_measured_04219,read,measured,,,,,2.5197,,ok,0.3104
496.3492,663,,,0.6584,,,,,,503.3549,r2_measured_04220,read,measured,,,,,5.9332,,ok,0.3424
668.5155,627,473.8912,6.0134,0.5558,92.8072,1,6.0119,1,30.1373,677.5277,r2_measured_04221,update,measured,24.1239,9.0122,1,46.279,8.0209,25.4008,ok,0.3666
539.8915,680,,,0.9942,,,,,,544.1227,r2_measured_04222,read,measured,,,,,2.8085,,ok,0.3479
519.8988,688,,,0.6347,,,,,,530.0135,r2_measured_04223,read,measured,,,,,9.0271,,ok,0.3769
525.1219,663,,,0.6685,,,,,,534.2793,r2_measured_04224,read,measured,,,,,8.0362,,ok,0.3808
524.2479,680,,,0.7697,,,,,,536.4374,r2_measured_04225,read,measured,,,,,11.0178,,ok,0.3394
497.5895,629,,,0.6053,,,,,,506.8677,r2_measured_04226,read,measured,,,,,8.2522,,ok,0.348
530.9332,688,,,0.73,,,,,,541.668,r2_measured_04227,read,measured,,,,,9.6043,,ok,0.3299
282.1672,369,,,0.3963,,,,,,286.085,r2_measured_04228,read,measured,,,,,2.8777,,ok,0.5616
490.0851,628,,,0.9313,,,,,,502.9112,r2_measured_04229,read,measured,,,,,11.4974,,ok,0.3338
297.7994,369,,,0.2479,,,,,,299.5346,r2_measured_04230,read,measured,,,,,1.1284,,ok,0.312
523.6951,679,,,0.6593,,,,,,531.8177,r2_measured_04231,read,measured,,,,,7.0639,,ok,0.331
309.8146,369,,,0.2685,,,,,,311.906,r2_measured_04232,read,measured,,,,,1.4305,,ok,0.3323
655.269,675,450.0643,5.8434,0.6301,128.7669,1,5.8417,1,33.4159,665.0633,r2_measured_04233,update,measured,27.5725,9.7943,1,13.2462,8.7425,29.7757,ok,0.3466
305.6785,419,,,0.3267,,,,,,307.1025,r2_measured_04234,read,measured,,,,,0.6604,,ok,0.3845
446.1833,419,295.8538,5.2048,0.3235,55.8822,0,5.2034,1,37.4027,448.668,r2_measured_04235,update,measured,32.1979,2.4847,1,35.9793,1.7317,21.0653,ok,0.3609
317.17,418,,,0.4546,,,,,,319.5155,r2_measured_04236,read,measured,,,,,1.4583,,ok,0.3725
304.4982,419,,,0.2746,,,,,,306.0046,r2_measured_04237,read,measured,,,,,0.8482,,ok,0.3303
445.3934,663,,,0.5343,,,,,,456.0664,r2_measured_04238,read,measured,,,,,9.6691,,ok,0.4044
375.4029,568,,,0.5624,,,,,,388.18,r2_measured_04239,read,measured,,,,,11.7876,,ok,0.3603
335.8177,508,,,0.5723,,,,,,342.9058,r2_measured_04240,read,measured,,,,,6.1152,,ok,0.33
516.3309,679,,,0.6193,,,,,,527.5535,r2_measured_04241,read,measured,,,,,10.1913,,ok,0.3446
484.1643,663,,,1.0427,,,,,,493.5263,r2_measured_04242,read,measured,,,,,7.9008,,ok,0.345
487.2806,663,,,0.5735,,,,,,502.13,r2_measured_04243,read,measured,,,,,13.8664,,ok,0.3466
474.0769,663,,,0.7631,,,,,,484.3877,r2_measured_04244,read,measured,,,,,9.1469,,ok,0.3357
289.6853,419,,,0.2706,,,,,,293.381,r2_measured_04245,read,measured,,,,,3.0479,,ok,0.33
341.9562,509,,,3.7454,,,,,,356.7388,r2_measured_04246,read,measured,,,,,9.3996,,ok,1.484
492.2637,663,,,0.9412,,,,,,499.1625,r2_measured_04247,read,measured,,,,,5.4409,,ok,0.4419
474.542,629,,,0.7485,,,,,,479.9359,r2_measured_04248,read,measured,,,,,4.2326,,ok,0.3483
490.4707,663,,,0.554,,,,,,495.257,r2_measured_04249,read,measured,,,,,3.8157,,ok,0.3504
514.7726,680,,,0.7302,,,,,,526.2515,r2_measured_04250,read,measured,,,,,10.2723,,ok,0.401
504.4233,680,,,0.8953,,,,,,510.1414,r2_measured_04251,read,measured,,,,,4.3179,,ok,0.4244
537.5541,689,,,0.8295,,,,,,545.4896,r2_measured_04252,read,measured,,,,,6.6881,,ok,0.3418
570.4405,680,,,0.7231,,,,,,578.3322,r2_measured_04253,read,measured,,,,,6.7647,,ok,0.3289
334.6295,419,,,0.3101,,,,,,355.2476,r2_measured_04254,read,measured,,,,,19.8765,,ok,0.3698
570.7988,675,,,0.5826,,,,,,576.8311,r2_measured_04255,read,measured,,,,,4.9792,,ok,0.4035
816.1963,681,592.1674,10.7719,0.7054,113.7106,1,10.7701,1,46.2718,824.3409,r2_measured_04256,update,measured,35.4999,8.1446,1,29.6376,7.0393,34.4089,ok,0.3364
553.8454,680,,,0.698,,,,,,566.081,r2_measured_04257,read,measured,,,,,11.1089,,ok,0.3518
518.1017,628,,,1.33,,,,,,535.1667,r2_measured_04258,read,measured,,,,,15.2711,,ok,0.3902
546.6455,675,,,2.0792,,,,,,558.407,r2_measured_04259,read,measured,,,,,9.1206,,ok,0.4586
441.9715,568,,,0.822,,,,,,451.2381,r2_measured_04260,read,measured,,,,,7.9191,,ok,0.441
555.9562,680,,,0.5904,,,,,,583.5786,r2_measured_04261,read,measured,,,,,26.625,,ok,0.3345
404.7317,509,,,0.7173,,,,,,410.4907,r2_measured_04262,read,measured,,,,,4.545,,ok,0.4146
340.341,419,,,0.2888,,,,,,342.2702,r2_measured_04263,read,measured,,,,,1.2423,,ok,0.3417
396.4172,509,,,0.5375,,,,,,424.1054,r2_measured_04264,read,measured,,,,,26.7108,,ok,0.3603
691.6815,629,527.5688,6.6218,0.6892,82.5447,0,6.6202,1,37.4799,699.3423,r2_measured_04265,update,measured,30.8581,7.6608,1,15.0504,6.5415,29.0377,ok,0.3546
503.0749,568,,,0.5766,,,,,,513.7403,r2_measured_04266,read,measured,,,,,9.7079,,ok,0.3226
555.2316,680,,,0.6899,,,,,,564.4169,r2_measured_04267,read,measured,,,,,8.0839,,ok,0.3467
443.212,509,,,0.7055,,,,,,448.3781,r2_measured_04268,read,measured,,,,,4.082,,ok,0.3262
574.6639,680,,,0.7102,,,,,,584.9908,r2_measured_04269,read,measured,,,,,9.1815,,ok,0.3626
534.0046,675,,,0.9648,,,,,,546.2437,r2_measured_04270,read,measured,,,,,10.8378,,ok,0.3663
531.111,681,,,0.7558,,,,,,537.5729,r2_measured_04271,read,measured,,,,,5.2678,,ok,0.3708
484.1942,419,324.1878,6.0027,0.3058,74.8089,1,6.0012,1,35.4862,486.688,r2_measured_04272,update,measured,29.4835,2.4938,1,24.8849,1.7567,24.8264,ok,0.3751
440.318,568,,,0.5296,,,,,,447.7356,r2_measured_04273,read,measured,,,,,6.4808,,ok,0.3453
528.707,628,,,0.5207,,,,,,541.0559,r2_measured_04274,read,measured,,,,,11.4387,,ok,0.3299
411.777,509,,,0.4879,,,,,,422.8444,r2_measured_04275,read,measured,,,,,10.1233,,ok,0.396
485.1245,629,,,0.7597,,,,,,496.2591,r2_measured_04276,read,measured,,,,,9.9597,,ok,0.353
676.1873,629,468.5534,5.157,0.55,94.4139,1,5.1553,1,38.9057,687.5724,r2_measured_04277,update,measured,33.7487,11.3851,1,46.869,10.4239,27.4453,ok,0.3479
503.6491,681,,,0.6253,,,,,,508.7054,r2_measured_04278,read,measured,,,,,3.7616,,ok,0.5856
467.6824,675,,,0.8398,,,,,,475.6524,r2_measured_04279,read,measured,,,,,6.6961,,ok,0.3523
471.5693,675,,,0.9904,,,,,,476.3776,r2_measured_04280,read,measured,,,,,3.3992,,ok,0.346
467.7627,679,,,0.5712,,,,,,476.3661,r2_measured_04281,read,measured,,,,,7.5893,,ok,0.3722
289.2119,418,,,0.27,,,,,,292.0754,r2_measured_04282,read,measured,,,,,2.2222,,ok,0.324
468.1679,689,,,0.9246,,,,,,477.9353,r2_measured_04283,read,measured,,,,,8.4371,,ok,0.3384
517.0316,681,,,0.6359,,,,,,521.0214,r2_measured_04284,read,measured,,,,,2.9276,,ok,0.3552
287.9358,419,,,0.2865,,,,,,289.8927,r2_measured_04285,read,measured,,,,,1.276,,ok,0.3448
495.6414,663,,,0.588,,,,,,499.8317,r2_measured_04286,read,measured,,,,,3.1247,,ok,0.4015
513.0024,680,,,0.5566,,,,,,530.9257,r2_measured_04287,read,measured,,,,,16.9794,,ok,0.3227
495.5774,675,,,0.5914,,,,,,498.8977,r2_measured_04288,read,measured,,,,,2.309,,ok,0.3537
504.1837,675,,,0.7221,,,,,,512.4231,r2_measured_04289,read,measured,,,,,7.0981,,ok,0.3522
479.9577,629,,,0.6933,,,,,,493.8106,r2_measured_04290,read,measured,,,,,12.7398,,ok,0.3588
513.3233,675,,,0.7242,,,,,,516.4767,r2_measured_04291,read,measured,,,,,1.9943,,ok,0.3647
324.2861,418,,,0.2612,,,,,,325.2799,r2_measured_04292,read,measured,,,,,0.3793,,ok,0.3087
427.4264,568,,,0.8582,,,,,,437.7393,r2_measured_04293,read,measured,,,,,9.0645,,ok,0.3318
402.6435,509,,,1.0017,,,,,,409.8079,r2_measured_04294,read,measured,,,,,5.7141,,ok,0.3809
509.0097,663,,,1.4232,,,,,,515.5849,r2_measured_04295,read,measured,,,,,4.4875,,ok,0.5789
528.0869,689,,,0.7756,,,,,,533.4196,r2_measured_04296,read,measured,,,,,4.0095,,ok,0.4486
518.6343,680,,,0.7476,,,,,,529.632,r2_measured_04297,read,measured,,,,,9.8542,,ok,0.3283
532.4413,681,,,0.6304,,,,,,545.4517,r2_measured_04298,read,measured,,,,,11.9648,,ok,0.3462
646.2216,629,442.8372,6.6444,0.7081,96.9294,0,6.6423,1,44.8148,657.2482,r2_measured_04299,update,measured,38.1704,11.0266,1,37.01,9.9164,24.6302,ok,0.3337
520.3021,689,,,0.7896,,,,,,528.3877,r2_measured_04300,read,measured,,,,,6.8726,,ok,0.3531
355.6952,508,,,0.6646,,,,,,364.6288,r2_measured_04301,read,measured,,,,,7.8616,,ok,0.345
438.5055,629,,,0.7038,,,,,,451.9865,r2_measured_04302,read,measured,,,,,12.3516,,ok,0.3583
419.0695,568,,,0.796,,,,,,425.2751,r2_measured_04303,read,measured,,,,,4.9915,,ok,0.3582
302.6938,418,,,0.6255,,,,,,305.8533,r2_measured_04304,read,measured,,,,,2.1565,,ok,0.3264
477.2675,679,,,0.6859,,,,,,481.4013,r2_measured_04305,read,measured,,,,,3.0237,,ok,0.35
308.3834,419,,,0.2768,,,,,,310.3259,r2_measured_04306,read,measured,,,,,1.2777,,ok,0.3351
470.0524,679,,,0.7224,,,,,,478.3136,r2_measured_04307,read,measured,,,,,7.142,,ok,0.3291
316.4148,419,,,0.2893,,,,,,318.5238,r2_measured_04308,read,measured,,,,,1.4151,,ok,0.3513
459.1678,675,,,0.7489,,,,,,469.0325,r2_measured_04309,read,measured,,,,,8.7114,,ok,0.3394
469.1148,680,,,0.6403,,,,,,478.6901,r2_measured_04310,read,measured,,,,,8.5288,,ok,0.3393
382.4045,629,,,0.6601,,,,,,394.3773,r2_measured_04311,read,measured,,,,,10.9082,,ok,0.3385
442.0355,663,,,0.6462,,,,,,447.5935,r2_measured_04312,read,measured,,,,,4.4403,,ok,0.4
521.3493,681,,,0.583,,,,,,527.8176,r2_measured_04313,read,measured,,,,,5.4427,,ok,0.3666
485.2708,675,,,0.9176,,,,,,491.678,r2_measured_04314,read,measured,,,,,5.1037,,ok,0.3163
385.8626,568,,,0.7917,,,,,,391.5823,r2_measured_04315,read,measured,,,,,4.4317,,ok,0.4353
458.0697,629,,,1.3792,,,,,,475.8549,r2_measured_04316,read,measured,,,,,15.8134,,ok,0.5149
341.4726,509,,,0.6969,,,,,,346.8094,r2_measured_04317,read,measured,,,,,4.2184,,ok,0.3594
507.9149,681,,,0.8113,,,,,,512.2299,r2_measured_04318,read,measured,,,,,3.0724,,ok,0.3602
474.0793,663,,,0.9512,,,,,,477.0354,r2_measured_04319,read,measured,,,,,1.5833,,ok,0.355
512.4143,675,,,1.4507,,,,,,517.3644,r2_measured_04320,read,measured,,,,,3.0731,,ok,0.3452
432.763,567,,,0.6874,,,,,,438.0174,r2_measured_04321,read,measured,,,,,4.1516,,ok,0.3488
427.0747,568,,,0.7135,,,,,,431.6106,r2_measured_04322,read,measured,,,,,3.3533,,ok,0.3949
488.9431,680,,,1.0774,,,,,,494.2133,r2_measured_04323,read,measured,,,,,3.7343,,ok,0.3791
427.0177,567,,,0.6555,,,,,,432.4103,r2_measured_04324,read,measured,,,,,4.2806,,ok,0.3796
511.499,680,,,0.911,,,,,,517.2097,r2_measured_04325,read,measured,,,,,4.3419,,ok,0.3807
473.5789,681,,,1.4313,,,,,,481.6847,r2_measured_04326,read,measured,,,,,6.1797,,ok,0.4079
524.6182,689,,,0.6626,,,,,,532.4801,r2_measured_04327,read,measured,,,,,6.7384,,ok,0.3753
521.4216,680,,,0.63,,,,,,531.5704,r2_measured_04328,read,measured,,,,,9.0722,,ok,0.3694
441.7723,567,,,0.6854,,,,,,449.8829,r2_measured_04329,read,measured,,,,,6.9637,,ok,0.39
503.2329,663,,,0.6264,,,,,,510.7518,r2_measured_04330,read,measured,,,,,6.4284,,ok,0.3812
467.2618,689,,,0.6754,,,,,,470.3783,r2_measured_04331,read,measured,,,,,1.9728,,ok,0.3852
473.7044,663,,,0.676,,,,,,476.5969,r2_measured_04332,read,measured,,,,,1.7319,,ok,0.3978
484.9141,680,,,1.1583,,,,,,488.5098,r2_measured_04333,read,measured,,,,,1.9532,,ok,0.4058
406.5472,568,,,0.7193,,,,,,411.8807,r2_measured_04334,read,measured,,,,,4.1833,,ok,0.3618
256.5148,369,,,0.2988,,,,,,259.3963,r2_measured_04335,read,measured,,,,,2.1623,,ok,0.355
476.1158,663,,,0.6137,,,,,,483.8808,r2_measured_04336,read,measured,,,,,6.7145,,ok,0.3584
489.6322,680,,,0.7312,,,,,,498.1528,r2_measured_04337,read,measured,,,,,7.384,,ok,0.3292
494.2333,675,,,0.6342,,,,,,500.0349,r2_measured_04338,read,measured,,,,,4.7479,,ok,0.3446
331.7206,419,,,0.3073,,,,,,334.1764,r2_measured_04339,read,measured,,,,,1.731,,ok,0.3646
405.6974,568,,,0.7115,,,,,,411.1905,r2_measured_04340,read,measured,,,,,4.3768,,ok,0.3359
439.1008,628,,,0.6743,,,,,,443.5277,r2_measured_04341,read,measured,,,,,3.3197,,ok,0.3642
491.1602,681,,,0.7928,,,,,,498.7593,r2_measured_04342,read,measured,,,,,6.3788,,ok,0.3412
351.7123,509,,,0.8283,,,,,,358.2101,r2_measured_04343,read,measured,,,,,4.9994,,ok,0.5806
462.4636,663,,,0.9239,,,,,,468.4328,r2_measured_04344,read,measured,,,,,4.6126,,ok,0.3593
487.2802,688,,,0.893,,,,,,498.4626,r2_measured_04345,read,measured,,,,,9.8567,,ok,0.3592
269.1446,369,,,0.267,,,,,,272.4175,r2_measured_04346,read,measured,,,,,2.6188,,ok,0.3324
468.079,689,,,1.0089,,,,,,476.0436,r2_measured_04347,read,measured,,,,,6.5134,,ok,0.3691
441.7846,629,,,0.7791,,,,,,450.7577,r2_measured_04348,read,measured,,,,,7.7772,,ok,0.3417
351.2891,509,,,0.4469,,,,,,358.4423,r2_measured_04349,read,measured,,,,,6.3088,,ok,0.3376
346.0215,509,,,0.6986,,,,,,351.3498,r2_measured_04350,read,measured,,,,,4.2304,,ok,0.3423
454.4976,675,,,0.77,,,,,,462.8594,r2_measured_04351,read,measured,,,,,7.1587,,ok,0.3552
464.9696,681,,,0.7002,,,,,,472.7415,r2_measured_04352,read,measured,,,,,6.5481,,ok,0.4388
428.4701,629,,,0.8046,,,,,,435.9088,r2_measured_04353,read,measured,,,,,6.183,,ok,0.3655
279.9682,419,,,0.301,,,,,,282.5377,r2_measured_04354,read,measured,,,,,1.8534,,ok,0.3625
246.5226,369,,,0.2571,,,,,,249.475,r2_measured_04355,read,measured,,,,,2.2956,,ok,0.3498
399.1604,567,,,0.7548,,,,,,404.751,r2_measured_04356,read,measured,,,,,4.1704,,ok,0.3892
452.5598,663,,,0.8075,,,,,,465.7293,r2_measured_04357,read,measured,,,,,11.9232,,ok,0.3656
426.973,629,,,0.7964,,,,,,432.3679,r2_measured_04358,read,measured,,,,,4.1643,,ok,0.3581
245.1321,369,,,0.2755,,,,,,248.8182,r2_measured_04359,read,measured,,,,,3.0208,,ok,0.3339
299.7052,419,,,0.2964,,,,,,303.4982,r2_measured_04360,read,measured,,,,,3.0826,,ok,0.3539
436.0234,629,,,0.9056,,,,,,449.3824,r2_measured_04361,read,measured,,,,,11.9373,,ok,0.4301
390.9755,568,,,1.001,,,,,,398.0863,r2_measured_04362,read,measured,,,,,5.6903,,ok,0.347
525.8278,688,,,1.024,,,,,,531.7674,r2_measured_04363,read,measured,,,,,4.4281,,ok,0.4085
505.2125,679,,,0.8529,,,,,,516.0102,r2_measured_04364,read,measured,,,,,9.4664,,ok,0.4014
391.6349,568,,,1.8356,,,,,,398.2422,r2_measured_04365,read,measured,,,,,4.2014,,ok,0.4869
391.9226,567,,,0.7521,,,,,,401.2094,r2_measured_04366,read,measured,,,,,8.0408,,ok,0.4114
282.4633,419,,,0.3165,,,,,,284.3021,r2_measured_04367,read,measured,,,,,1.1072,,ok,0.3557
497.1964,675,,,0.7888,,,,,,507.7454,r2_measured_04368,read,measured,,,,,9.2912,,ok,0.3867
269.5989,418,,,0.3135,,,,,,271.8432,r2_measured_04369,read,measured,,,,,1.5253,,ok,0.3509
521.0909,663,,,0.7771,,,,,,527.5024,r2_measured_04370,read,measured,,,,,5.1883,,ok,0.3634
417.3669,568,,,0.5988,,,,,,426.346,r2_measured_04371,read,measured,,,,,7.9241,,ok,0.3806
528.3065,680,,,0.7072,,,,,,535.4424,r2_measured_04372,read,measured,,,,,5.8212,,ok,0.5166
522.635,679,,,0.7958,,,,,,528.0066,r2_measured_04373,read,measured,,,,,4.0763,,ok,0.4177
492.8369,629,,,0.8154,,,,,,496.2879,r2_measured_04374,read,measured,,,,,2.1831,,ok,0.3789
548.9516,680,,,0.8426,,,,,,554.1505,r2_measured_04375,read,measured,,,,,3.9348,,ok,0.351
483.0804,568,,,0.5997,,,,,,490.3728,r2_measured_04376,read,measured,,,,,6.2905,,ok,0.3414
342.0808,419,,,0.4079,,,,,,348.0693,r2_measured_04377,read,measured,,,,,5.0584,,ok,0.4535
548.1134,663,,,0.9953,,,,,,554.3199,r2_measured_04378,read,measured,,,,,4.7107,,ok,0.385
749.4892,629,511.3611,10.2431,0.7735,120.2614,1,10.2413,1,44.6353,756.1497,r2_measured_04379,update,measured,34.3922,6.6605,1,45.8568,5.4852,27.3746,ok,0.3412
428.0444,509,,,0.7628,,,,,,433.9665,r2_measured_04380,read,measured,,,,,4.7721,,ok,0.3322
593.3226,681,,,0.8568,,,,,,598.9056,r2_measured_04381,read,measured,,,,,4.304,,ok,0.3551
584.8651,680,,,1.0446,,,,,,591.9674,r2_measured_04382,read,measured,,,,,5.4933,,ok,0.3514
556.0909,675,,,0.911,,,,,,565.4363,r2_measured_04383,read,measured,,,,,8.0209,,ok,0.3504
430.1837,567,,,0.6172,,,,,,435.294,r2_measured_04384,read,measured,,,,,4.0854,,ok,0.3414
513.8069,663,,,1.2127,,,,,,521.943,r2_measured_04385,read,measured,,,,,6.4802,,ok,0.3739
547.7197,679,,,1.0047,,,,,,558.5161,r2_measured_04386,read,measured,,,,,9.36,,ok,0.3563
524.9327,663,,,0.5657,,,,,,531.2695,r2_measured_04387,read,measured,,,,,5.3247,,ok,0.371
518.4934,663,,,0.7458,,,,,,521.3635,r2_measured_04388,read,measured,,,,,1.6763,,ok,0.3716
414.1456,509,,,0.7912,,,,,,425.8019,r2_measured_04389,read,measured,,,,,10.4145,,ok,0.3784
536.5961,508,388.0805,6.3013,0.4692,76.8748,1,6.2996,1,35.0369,543.2746,r2_measured_04390,update,measured,28.7356,6.6785,1,13.9965,5.7989,22.6074,ok,0.3442
531.6837,689,,,0.6697,,,,,,542.5516,r2_measured_04391,read,measured,,,,,9.7805,,ok,0.3468
497.1797,675,,,0.5905,,,,,,503.0193,r2_measured_04392,read,measured,,,,,4.8237,,ok,0.3527
505.3155,681,,,0.9436,,,,,,510.4973,r2_measured_04393,read,measured,,,,,3.7298,,ok,0.4289
496.6539,680,,,0.7537,,,,,,501.7726,r2_measured_04394,read,measured,,,,,3.9042,,ok,0.3879
526.5924,680,,,0.6566,,,,,,537.2371,r2_measured_04395,read,measured,,,,,9.5569,,ok,0.3512
410.4895,509,,,0.6341,,,,,,416.7389,r2_measured_04396,read,measured,,,,,5.1513,,ok,0.3788
499.4916,688,,,0.6607,,,,,,507.7458,r2_measured_04397,read,measured,,,,,7.1685,,ok,0.3565
297.1058,419,,,0.296,,,,,,299.6448,r2_measured_04398,read,measured,,,,,1.8422,,ok,0.3474
429.0585,567,,,0.6337,,,,,,436.5264,r2_measured_04399,read,measured,,,,,6.4129,,ok,0.3568
486.6149,629,,,0.603,,,,,,491.1449,r2_measured_04400,read,measured,,,,,3.5009,,ok,0.3644
490.8451,680,,,0.6899,,,,,,498.066,r2_measured_04401,read,measured,,,,,6.1162,,ok,0.3425
274.9286,369,,,0.2426,,,,,,279.4442,r2_measured_04402,read,measured,,,,,3.8925,,ok,0.3313
496.0926,689,,,0.9195,,,,,,503.3499,r2_measured_04403,read,measured,,,,,5.9067,,ok,0.3604
379.3087,509,,,0.6201,,,,,,389.2456,r2_measured_04404,read,measured,,,,,8.8983,,ok,0.3555
481.3837,680,,,0.7796,,,,,,486.1603,r2_measured_04405,read,measured,,,,,3.5614,,ok,0.361
498.3999,681,,,1.323,,,,,,507.4259,r2_measured_04406,read,measured,,,,,7.2816,,ok,0.3558
473.3326,663,,,1.8831,,,,,,485.1168,r2_measured_04407,read,measured,,,,,9.5032,,ok,0.3333
484.1174,663,,,0.6542,,,,,,494.4043,r2_measured_04408,read,measured,,,,,9.1829,,ok,0.3852
365.1275,509,,,0.4876,,,,,,371.3304,r2_measured_04409,read,measured,,,,,5.304,,ok,0.3537
359.8167,509,,,0.9282,,,,,,370.95,r2_measured_04410,read,measured,,,,,9.7984,,ok,0.3448
616.1428,681,464.9053,5.1403,1.0585,94.4846,1,5.1385,1,26.6037,619.8656,r2_measured_04411,update,measured,21.4634,3.7228,1,0.006,2.2442,30.1432,ok,0.3506
486.8507,663,,,0.6736,,,,,,496.405,r2_measured_04412,read,measured,,,,,8.4578,,ok,0.3496
373.0567,568,,,0.4477,,,,,,380.1687,r2_measured_04413,read,measured,,,,,6.2567,,ok,0.3478
345.447,509,,,0.6342,,,,,,353.0534,r2_measured_04414,read,measured,,,,,6.5679,,ok,0.3436
461.7925,673,,,0.9169,,,,,,471.7814,r2_measured_04415,read,measured,,,,,8.6288,,ok,0.3761
465.6324,680,,,0.6612,,,,,,470.8977,r2_measured_04416,read,measured,,,,,4.1967,,ok,0.3433
339.0835,509,,,0.8165,,,,,,344.4599,r2_measured_04417,read,measured,,,,,4.1367,,ok,0.3581
464.6847,681,,,0.6415,,,,,,476.1881,r2_measured_04418,read,measured,,,,,10.4266,,ok,0.3545
475.2025,680,,,0.945,,,,,,487.0984,r2_measured_04419,read,measured,,,,,10.5368,,ok,0.3442
421.6945,629,,,0.7077,,,,,,435.5886,r2_measured_04420,read,measured,,,,,12.7589,,ok,0.3536
274.0453,419,,,0.3027,,,,,,276.7499,r2_measured_04421,read,measured,,,,,2.008,,ok,0.3319
287.8073,419,,,0.2792,,,,,,289.143,r2_measured_04422,read,measured,,,,,0.6746,,ok,0.3297
383.3312,568,,,0.6434,,,,,,390.4482,r2_measured_04423,read,measured,,,,,6.0387,,ok,0.3692
355.667,509,,,0.6791,,,,,,361.1491,r2_measured_04424,read,measured,,,,,4.3736,,ok,0.3605
319.4343,509,,,0.8678,,,,,,327.7024,r2_measured_04425,read,measured,,,,,6.9762,,ok,0.3597
462.6762,681,,,0.9356,,,,,,474.3178,r2_measured_04426,read,measured,,,,,10.2645,,ok,0.3686
417.0792,568,,,0.639,,,,,,422.941,r2_measured_04427,read,measured,,,,,4.8035,,ok,0.3521
478.5523,681,,,0.8278,,,,,,486.6579,r2_measured_04428,read,measured,,,,,6.8025,,ok,0.4007
372.2112,509,,,0.4875,,,,,,379.6492,r2_measured_04429,read,measured,,,,,6.5139,,ok,0.3695
312.1258,419,,,0.2861,,,,,,313.8487,r2_measured_04430,read,measured,,,,,1.0404,,ok,0.3435
462.0449,663,,,0.8471,,,,,,465.5476,r2_measured_04431,read,measured,,,,,2.2148,,ok,0.3657
503.8659,689,,,0.7998,,,,,,511.726,r2_measured_04432,read,measured,,,,,6.6278,,ok,0.3576
461.5342,680,,,0.7188,,,,,,469.9501,r2_measured_04433,read,measured,,,,,7.2731,,ok,0.3511
490.2037,680,,,0.9337,,,,,,505.972,r2_measured_04434,read,measured,,,,,14.4044,,ok,0.3576
504.3385,680,,,0.5539,,,,,,514.6852,r2_measured_04435,read,measured,,,,,9.3704,,ok,0.3566
312.8993,419,,,0.2994,,,,,,317.5932,r2_measured_04436,read,measured,,,,,3.9818,,ok,0.3484
701.903,628,477.649,10.7033,0.8294,108.478,1,10.7016,1,63.864,710.8697,r2_measured_04437,update,measured,53.1607,8.9667,1,26.3897,7.6886,25.5223,ok,0.3727
466.4997,629,,,0.6023,,,,,,478.487,r2_measured_04438,read,measured,,,,,10.9522,,ok,0.3609
454.5519,629,,,0.8249,,,,,,460.9939,r2_measured_04439,read,measured,,,,,5.154,,ok,0.3907
507.9403,689,,,0.5823,,,,,,521.6468,r2_measured_04440,read,measured,,,,,12.7049,,ok,0.3444
366.7845,509,,,0.7062,,,,,,378.7681,r2_measured_04441,read,measured,,,,,10.8787,,ok,0.3399
364.1562,509,,,0.7357,,,,,,369.3935,r2_measured_04442,read,measured,,,,,4.056,,ok,0.3851
457.2073,680,,,0.823,,,,,,465.4784,r2_measured_04443,read,measured,,,,,6.673,,ok,0.689
433.2537,629,,,1.0603,,,,,,445.8585,r2_measured_04444,read,measured,,,,,11.1243,,ok,0.3508
507.2765,675,,,0.8883,,,,,,515.2035,r2_measured_04445,read,measured,,,,,6.5944,,ok,0.3678
465.7238,629,,,0.6139,,,,,,470.8448,r2_measured_04446,read,measured,,,,,4.0098,,ok,0.4212
387.227,509,,,0.8108,,,,,,394.078,r2_measured_04447,read,measured,,,,,5.5085,,ok,0.4412
514.5664,675,,,0.6869,,,,,,523.4873,r2_measured_04448,read,measured,,,,,7.7697,,ok,0.3762
525.3212,663,,,0.9872,,,,,,533.4525,r2_measured_04449,read,measured,,,,,6.6888,,ok,0.3696
542.9903,681,,,1.444,,,,,,549.4805,r2_measured_04450,read,measured,,,,,4.559,,ok,0.3962
519.6871,675,,,1.2515,,,,,,525.0703,r2_measured_04451,read,measured,,,,,3.6439,,ok,0.3922
401.0498,509,,,0.9046,,,,,,405.6574,r2_measured_04452,read,measured,,,,,3.2451,,ok,0.3743
445.4499,568,,,0.8193,,,,,,451.7247,r2_measured_04453,read,measured,,,,,4.9976,,ok,0.389
508.3485,681,,,1.0656,,,,,,516.494,r2_measured_04454,read,measured,,,,,6.6044,,ok,0.3829
344.0464,419,,,0.349,,,,,,346.5156,r2_measured_04455,read,measured,,,,,1.6576,,ok,0.3977
489.7124,629,,,0.6599,,,,,,503.5666,r2_measured_04456,read,measured,,,,,12.7395,,ok,0.3764
476.6871,568,,,0.6836,,,,,,483.0574,r2_measured_04457,read,measured,,,,,5.2267,,ok,0.3823
501.3094,629,,,0.7936,,,,,,507.0738,r2_measured_04458,read,measured,,,,,4.5131,,ok,0.3715
533.3207,680,,,1.0858,,,,,,540.4937,r2_measured_04459,read,measured,,,,,5.6183,,ok,0.3671
375.4558,509,,,1.1746,,,,,,388.5145,r2_measured_04460,read,measured,,,,,11.4309,,ok,0.3756
474.6653,680,,,0.6719,,,,,,479.3394,r2_measured_04461,read,measured,,,,,3.5286,,ok,0.3954
480.4478,663,,,0.7588,,,,,,487.3033,r2_measured_04462,read,measured,,,,,5.4865,,ok,0.4923
353.3945,509,,,0.8507,,,,,,369.8514,r2_measured_04463,read,measured,,,,,15.1531,,ok,0.3837
304.0307,419,,,0.3298,,,,,,308.5116,r2_measured_04464,read,measured,,,,,3.7037,,ok,0.3802
527.4562,663,,,1.0582,,,,,,531.3028,r2_measured_04465,read,measured,,,,,2.3018,,ok,0.401
450.8469,568,,,0.7585,,,,,,460.7016,r2_measured_04466,read,measured,,,,,8.5823,,ok,0.4219
445.472,567,,,0.9897,,,,,,454.3297,r2_measured_04467,read,measured,,,,,7.3481,,ok,0.4421
342.8287,419,,,0.3143,,,,,,344.6463,r2_measured_04468,read,measured,,,,,1.0875,,ok,0.3576
297.5246,369,,,0.2525,,,,,,300.7271,r2_measured_04469,read,measured,,,,,2.5601,,ok,0.3352
486.2132,629,,,0.7342,,,,,,494.3388,r2_measured_04470,read,measured,,,,,6.9844,,ok,0.3353
539.9174,663,,,0.689,,,,,,543.8103,r2_measured_04471,read,measured,,,,,2.7637,,ok,0.3683
505.8486,629,,,0.5929,,,,,,519.08,r2_measured_04472,read,measured,,,,,12.1705,,ok,0.3742
530.864,675,,,1.0563,,,,,,538.1475,r2_measured_04473,read,measured,,,,,5.7828,,ok,0.3653
557.8877,688,,,0.8804,,,,,,569.1783,r2_measured_04474,read,measured,,,,,9.9819,,ok,0.3591
539.5873,680,,,0.977,,,,,,548.6681,r2_measured_04475,read,measured,,,,,7.6554,,ok,0.3653
549.6691,688,,,1.7664,,,,,,569.2652,r2_measured_04476,read,measured,,,,,16.9151,,ok,0.815
486.5298,629,,,0.5381,,,,,,501.9902,r2_measured_04477,read,measured,,,,,14.5162,,ok,0.339
700.1315,675,518.4996,9.1915,0.8472,115.9989,1,9.1899,1,36.5172,714.4791,r2_measured_04478,update,measured,27.3257,14.3476,1,0.0055,13.0476,29.1103,ok,0.3746
542.665,681,,,0.7982,,,,,,552.0782,r2_measured_04479,read,measured,,,,,8.1295,,ok,0.4004
488.6661,629,,,1.3986,,,,,,496.1093,r2_measured_04480,read,measured,,,,,5.575,,ok,0.3968
283.0744,369,,,0.2752,,,,,,284.9605,r2_measured_04481,read,measured,,,,,1.1677,,ok,0.3841
514.0074,675,,,0.6461,,,,,,519.6376,r2_measured_04482,read,measured,,,,,4.5318,,ok,0.373
483.2727,663,,,0.6346,,,,,,488.8542,r2_measured_04483,read,measured,,,,,4.4019,,ok,0.4425
509.9307,680,,,0.6872,,,,,,522.474,r2_measured_04484,read,measured,,,,,11.3946,,ok,0.3796
305.9213,417,,,0.3122,,,,,,309.9851,r2_measured_04485,read,measured,,,,,3.3463,,ok,0.3451
461.3254,629,,,0.6016,,,,,,466.3923,r2_measured_04486,read,measured,,,,,4.0222,,ok,0.369
392.5164,509,,,0.8486,,,,,,401.9279,r2_measured_04487,read,measured,,,,,8.1654,,ok,0.3354
384.4009,509,,,0.633,,,,,,397.5543,r2_measured_04488,read,measured,,,,,11.9962,,ok,0.4512
504.5124,680,,,0.7793,,,,,,513.2424,r2_measured_04489,read,measured,,,,,7.5131,,ok,0.365
511.6108,681,,,0.5625,,,,,,521.3533,r2_measured_04490,read,measured,,,,,8.7508,,ok,0.3599
384.4795,509,,,0.681,,,,,,388.7664,r2_measured_04491,read,measured,,,,,3.1584,,ok,0.3758
325.6767,419,,,0.3222,,,,,,329.5198,r2_measured_04492,read,measured,,,,,3.0927,,ok,0.3646
395.9565,509,,,0.5491,,,,,,406.8424,r2_measured_04493,read,measured,,,,,9.9096,,ok,0.3575
505.8779,675,,,0.6702,,,,,,510.656,r2_measured_04494,read,measured,,,,,3.6859,,ok,0.3518
490.6772,673,,,0.95,,,,,,497.6392,r2_measured_04495,read,measured,,,,,5.5567,,ok,0.3666
391.3559,509,,,0.6157,,,,,,394.782,r2_measured_04496,read,measured,,,,,2.3723,,ok,0.3649
496.6891,689,,,2.1836,,,,,,504.6228,r2_measured_04497,read,measured,,,,,5.2994,,ok,0.3702
492.7224,663,,,0.8489,,,,,,505.1085,r2_measured_04498,read,measured,,,,,11.0688,,ok,0.381
273.3606,369,,,0.2758,,,,,,276.4835,r2_measured_04499,read,measured,,,,,2.4245,,ok,0.3689
296.3731,418,,,0.3089,,,,,,298.0734,r2_measured_04500,read,measured,,,,,0.975,,ok,0.3526
318.9383,419,,,0.3049,,,,,,321.361,r2_measured_04501,read,measured,,,,,1.6952,,ok,0.364
492.7075,675,,,0.8094,,,,,,503.6273,r2_measured_04502,read,measured,,,,,9.6791,,ok,0.3539
302.4443,417,,,0.2842,,,,,,306.4298,r2_measured_04503,read,measured,,,,,3.2988,,ok,0.3467
424.0763,567,,,0.6702,,,,,,434.7802,r2_measured_04504,read,measured,,,,,9.5816,,ok,0.3728
470.5156,629,,,0.8368,,,,,,480.7087,r2_measured_04505,read,measured,,,,,8.9178,,ok,0.3681
266.1074,369,,,0.2824,,,,,,269.0774,r2_measured_04506,read,measured,,,,,2.2369,,ok,0.3921
489.4807,681,,,0.8968,,,,,,494.6226,r2_measured_04507,read,measured,,,,,3.786,,ok,0.3757
368.7801,509,,,1.0408,,,,,,373.6149,r2_measured_04508,read,measured,,,,,3.3842,,ok,0.3527
495.7116,689,,,1.0387,,,,,,502.3916,r2_measured_04509,read,measured,,,,,5.2005,,ok,0.3702
309.4707,419,,,0.3421,,,,,,311.6194,r2_measured_04510,read,measured,,,,,1.4102,,ok,0.3342
450.2233,629,,,0.8067,,,,,,453.7233,r2_measured_04511,read,measured,,,,,2.2491,,ok,0.3714
485.083,681,,,0.802,,,,,,490.9542,r2_measured_04512,read,measured,,,,,4.6245,,ok,0.3635
501.1449,689,,,0.6268,,,,,,512.165,r2_measured_04513,read,measured,,,,,9.8946,,ok,0.4215
376.012,509,,,0.5377,,,,,,386.054,r2_measured_04514,read,measured,,,,,9.0551,,ok,0.3844
484.1199,680,,,0.9319,,,,,,491.0582,r2_measured_04515,read,measured,,,,,5.5467,,ok,0.3852
557.6115,679,,,1.5902,,,,,,564.536,r2_measured_04516,read,measured,,,,,4.9284,,ok,0.3412
432.135,629,,,0.7968,,,,,,435.8076,r2_measured_04517,read,measured,,,,,2.4518,,ok,0.3553
547.2041,679,,,0.8841,,,,,,552.8791,r2_measured_04518,read,measured,,,,,4.3774,,ok,0.3398
515.4043,629,,,0.5112,,,,,,522.3017,r2_measured_04519,read,measured,,,,,5.9765,,ok,0.3512
525.6451,628,,,0.9708,,,,,,533.5646,r2_measured_04520,read,measured,,,,,6.5086,,ok,0.3674
578.1205,680,,,0.7075,,,,,,582.2438,r2_measured_04521,read,measured,,,,,2.9815,,ok,0.3606
474.8295,568,,,0.5578,,,,,,488.1789,r2_measured_04522,read,measured,,,,,12.2454,,ok,0.4693
544.2236,680,,,0.7711,,,,,,547.0458,r2_measured_04523,read,measured,,,,,1.6282,,ok,0.3532
519.3185,629,,,0.6945,,,,,,529.983,r2_measured_04524,read,measured,,,,,9.5547,,ok,0.3431
558.2096,567,,,0.7008,,,,,,566.7981,r2_measured_04525,read,measured,,,,,7.4704,,ok,0.3542
605.3477,681,,,1.5481,,,,,,610.8315,r2_measured_04526,read,measured,,,,,3.5265,,ok,0.3327
541.0526,568,,,0.5448,,,,,,547.8072,r2_measured_04527,read,measured,,,,,5.8023,,ok,0.3489
599.1636,680,,,0.7537,,,,,,603.6209,r2_measured_04528,read,measured,,,,,3.2332,,ok,0.396
610.9549,681,,,0.7011,,,,,,618.0066,r2_measured_04529,read,measured,,,,,5.9381,,ok,0.3451
812.292,689,568.3735,6.9277,0.7941,113.7697,1,6.9261,1,40.6999,821.1333,r2_measured_04530,update,measured,33.7722,8.8413,1,15.8456,7.6301,73.6033,ok,0.3506
608.2262,675,,,0.638,,,,,,613.3102,r2_measured_04531,read,measured,,,,,4.0302,,ok,0.3436
570.0368,627,,,0.6513,,,,,,577.3959,r2_measured_04532,read,measured,,,,,6.2848,,ok,0.3576
503.1615,629,,,0.5838,,,,,,514.1444,r2_measured_04533,read,measured,,,,,9.9421,,ok,0.3889
410.174,509,,,0.5488,,,,,,421.2888,r2_measured_04534,read,measured,,,,,10.1566,,ok,0.3456
474.8247,568,,,0.6687,,,,,,485.8636,r2_measured_04535,read,measured,,,,,9.9572,,ok,0.3507
354.671,419,,,0.3337,,,,,,356.9156,r2_measured_04536,read,measured,,,,,1.4985,,ok,0.3555
314.6714,369,,,0.2644,,,,,,317.1469,r2_measured_04537,read,measured,,,,,1.8025,,ok,0.3544
582.0417,681,,,0.8428,,,,,,590.1491,r2_measured_04538,read,measured,,,,,6.7759,,ok,0.4091
491.202,629,,,1.4838,,,,,,498.9773,r2_measured_04539,read,measured,,,,,5.8679,,ok,0.3558
748.0521,680,530.174,7.4866,0.6549,102.3148,1,7.4845,1,58.5064,754.8971,r2_measured_04540,update,measured,51.0198,6.845,1,24.4453,5.7435,32.6116,ok,0.3763
449.3555,568,,,0.7191,,,,,,456.933,r2_measured_04541,read,measured,,,,,6.4102,,ok,0.3836
498.8447,627,,,0.7216,,,,,,503.6555,r2_measured_04542,read,measured,,,,,3.6426,,ok,0.3705
294.8375,418,,,0.3081,,,,,,296.5001,r2_measured_04543,read,measured,,,,,0.9251,,ok,0.3673
289.3534,419,,,0.3049,,,,,,292.885,r2_measured_04544,read,measured,,,,,2.8144,,ok,0.3601
262.1178,369,,,0.3104,,,,,,269.9486,r2_measured_04545,read,measured,,,,,7.0229,,ok,0.4432
274.0977,369,,,0.3196,,,,,,278.2926,r2_measured_04546,read,measured,,,,,3.3802,,ok,0.431
548.5211,679,,,0.8557,,,,,,558.6134,r2_measured_04547,read,measured,,,,,8.7191,,ok,0.423
521.5619,689,,,0.9366,,,,,,526.4052,r2_measured_04548,read,measured,,,,,3.47,,ok,0.3613
564.1851,689,,,0.6143,,,,,,568.4557,r2_measured_04549,read,measured,,,,,3.1887,,ok,0.39
427.9709,508,,,0.6914,,,,,,432.3848,r2_measured_04550,read,measured,,,,,3.2518,,ok,0.4016
506.0895,629,,,0.629,,,,,,519.762,r2_measured_04551,read,measured,,,,,12.5861,,ok,0.3893
508.6023,629,,,0.9624,,,,,,526.6011,r2_measured_04552,read,measured,,,,,16.5534,,ok,0.4097
777.8117,680,576.7844,6.7332,0.571,107.3285,1,6.7314,1,45.4707,783.4889,r2_measured_04553,update,measured,38.7375,5.6772,1,15.3041,4.6769,32.924,ok,0.3532
595.5751,663,,,0.8342,,,,,,614.2363,r2_measured_04554,read,measured,,,,,17.3765,,ok,0.3707
591.4861,681,,,0.793,,,,,,598.7598,r2_measured_04555,read,measured,,,,,5.9835,,ok,0.4161
603.4486,663,,,0.9762,,,,,,611.9452,r2_measured_04556,read,measured,,,,,7.0672,,ok,0.3818
525.3784,568,,,0.8343,,,,,,533.6275,r2_measured_04557,read,measured,,,,,6.9221,,ok,0.4125
578.7901,663,,,0.622,,,,,,589.0682,r2_measured_04558,read,measured,,,,,9.206,,ok,0.3767
549.5762,663,,,0.6404,,,,,,561.4694,r2_measured_04559,read,measured,,,,,10.8273,,ok,0.355
572.3572,689,,,0.7702,,,,,,580.3609,r2_measured_04560,read,measured,,,,,6.7959,,ok,0.365
535.3382,419,382.0424,8.498,0.4155,80.6731,1,8.4964,1,35.0326,537.3897,r2_measured_04561,update,measured,26.5346,2.0515,1,14.0834,1.2133,23.5067,ok,0.3624
326.9733,369,,,0.2961,,,,,,330.0777,r2_measured_04562,read,measured,,,,,2.3428,,ok,0.4004
544.7321,675,,,0.6647,,,,,,548.9355,r2_measured_04563,read,measured,,,,,3.0947,,ok,0.3691
559.1186,675,,,1.2092,,,,,,564.5725,r2_measured_04564,read,measured,,,,,3.7907,,ok,0.3754
549.1305,680,,,0.6727,,,,,,564.5764,r2_measured_04565,read,measured,,,,,14.3323,,ok,0.3669
671.931,629,477.7669,7.6147,0.7451,108.7996,1,7.6123,1,40.4912,677.1781,r2_measured_04566,update,measured,32.8765,5.2471,1,13.5117,4.0641,31.3616,ok,0.3674
525.4851,689,,,0.9579,,,,,,531.0251,r2_measured_04567,read,measured,,,,,4.1529,,ok,0.3564
543.1357,675,,,0.8182,,,,,,554.6954,r2_measured_04568,read,measured,,,,,10.3118,,ok,0.3563
416.7196,567,,,0.6998,,,,,,452.9132,r2_measured_04569,read,measured,,,,,35.045,,ok,0.3614
456.583,568,,,0.6079,,,,,,467.4601,r2_measured_04570,read,measured,,,,,9.7459,,ok,0.4319
558.5683,629,,,0.6443,,,,,,569.9736,r2_measured_04571,read,measured,,,,,10.3691,,ok,0.3271
574.556,663,,,0.5827,,,,,,584.2272,r2_measured_04572,read,measured,,,,,8.702,,ok,0.3248
293.0824,419,,,0.2942,,,,,,295.2009,r2_measured_04573,read,measured,,,,,1.4119,,ok,0.3539
309.3582,419,,,0.289,,,,,,311.4162,r2_measured_04574,read,measured,,,,,1.3689,,ok,0.347
535.0644,629,,,1.6041,,,,,,543.9737,r2_measured_04575,read,measured,,,,,6.9404,,ok,0.3099
497.9624,568,,,1.0469,,,,,,506.8658,r2_measured_04576,read,measured,,,,,7.4738,,ok,0.3301
589.9657,689,,,0.8088,,,,,,599.2796,r2_measured_04577,read,measured,,,,,8.111,,ok,0.3319
566.3694,675,,,0.6896,,,,,,579.1258,r2_measured_04578,read,measured,,,,,11.6554,,ok,0.3402
373.1323,369,,,0.2432,,,,,,378.0358,r2_measured_04579,read,measured,,,,,4.3032,,ok,0.3148
367.0822,369,,,0.2513,,,,,,370.0519,r2_measured_04580,read,measured,,,,,2.328,,ok,0.3429
444.7894,509,,,0.7175,,,,,,448.9382,r2_measured_04581,read,measured,,,,,3.0336,,ok,0.3377
548.7451,663,,,0.5583,,,,,,555.3558,r2_measured_04582,read,measured,,,,,5.6606,,ok,0.3241
713.7943,674,432.8456,9.9099,0.6319,187.437,1,9.9084,1,42.0295,724.439,r2_measured_04583,update,measured,32.1196,10.6447,1,19.3853,9.5572,32.0969,ok,0.388
458.0942,509,,,0.9881,,,,,,467.8981,r2_measured_04584,read,measured,,,,,8.4238,,ok,0.3344
576.2516,689,,,0.8042,,,,,,585.0123,r2_measured_04585,read,measured,,,,,7.5406,,ok,0.3458
457.3922,567,,,0.6922,,,,,,462.1725,r2_measured_04586,read,measured,,,,,3.6857,,ok,0.3411
670.8341,680,452.5962,6.1921,0.8894,92.9237,1,6.1908,1,36.5775,676.6555,r2_measured_04587,update,measured,30.3854,5.8214,1,21.5375,4.4879,67.1992,ok,0.3753
321.1481,369,,,0.2291,,,,,,324.7044,r2_measured_04588,read,measured,,,,,2.9572,,ok,0.3212
447.1425,680,,,0.6238,,,,,,455.9095,r2_measured_04589,read,measured,,,,,7.7037,,ok,0.3662
455.0763,681,,,0.9148,,,,,,464.6896,r2_measured_04590,read,measured,,,,,8.2586,,ok,0.3716
409.2186,680,,,0.8322,,,,,,417.3429,r2_measured_04591,read,measured,,,,,6.8589,,ok,0.3619
366.7963,567,,,0.5147,,,,,,376.3458,r2_measured_04592,read,measured,,,,,8.6161,,ok,0.3582
433.7966,689,,,0.562,,,,,,436.9203,r2_measured_04593,read,measured,,,,,2.1178,,ok,0.3781
423.7051,629,,,0.5357,,,,,,427.8075,r2_measured_04594,read,measured,,,,,3.1218,,ok,0.3767
268.5571,419,,,0.2985,,,,,,270.2279,r2_measured_04595,read,measured,,,,,0.9689,,ok,0.3487
459.862,688,,,0.5286,,,,,,464.7284,r2_measured_04596,read,measured,,,,,3.818,,ok,0.4402
464.9798,675,,,0.5116,,,,,,469.1584,r2_measured_04597,read,measured,,,,,3.2639,,ok,0.3391
347.301,507,,,0.5212,,,,,,350.4391,r2_measured_04598,read,measured,,,,,2.2153,,ok,0.3446
486.6309,663,,,0.6101,,,,,,494.4802,r2_measured_04599,read,measured,,,,,6.8492,,ok,0.3292
256.0735,369,,,0.2896,,,,,,257.0846,r2_measured_04600,read,measured,,,,,0.3213,,ok,0.346
496.6711,663,,,1.267,,,,,,503.8446,r2_measured_04601,read,measured,,,,,5.4922,,ok,0.3285
488.5049,629,,,0.6354,,,,,,498.7972,r2_measured_04602,read,measured,,,,,9.1872,,ok,0.3966
292.5705,419,,,0.3367,,,,,,294.7689,r2_measured_04603,read,measured,,,,,1.3908,,ok,0.4029
517.0332,680,,,0.6715,,,,,,523.3962,r2_measured_04604,read,measured,,,,,5.2499,,ok,0.3789
539.8657,688,,,1.3213,,,,,,551.0861,r2_measured_04605,read,measured,,,,,9.4885,,ok,0.337
448.4994,568,,,0.6122,,,,,,455.1281,r2_measured_04606,read,measured,,,,,5.6416,,ok,0.3209
415.9135,508,,,0.8353,,,,,,420.468,r2_measured_04607,read,measured,,,,,3.2743,,ok,0.3816
439.1097,568,,,0.578,,,,,,447.3869,r2_measured_04608,read,measured,,,,,7.3295,,ok,0.3156
335.7164,419,,,0.286,,,,,,337.4332,r2_measured_04609,read,measured,,,,,1.0617,,ok,0.3213
561.3318,680,,,0.8577,,,,,,568.31,r2_measured_04610,read,measured,,,,,5.6735,,ok,0.375
455.6324,629,,,1.5384,,,,,,467.099,r2_measured_04611,read,measured,,,,,9.5218,,ok,0.3445
321.429,419,,,0.2975,,,,,,323.3983,r2_measured_04612,read,measured,,,,,1.2577,,ok,0.3595
589.6569,689,,,0.7864,,,,,,595.3119,r2_measured_04613,read,measured,,,,,4.4173,,ok,0.3801
359.059,419,,,1.4508,,,,,,362.9024,r2_measured_04614,read,measured,,,,,1.5364,,ok,0.7823
661.8956,628,483.1565,6.2693,0.7123,118.7329,0,6.2678,1,31.8709,669.5788,r2_measured_04615,update,measured,25.6016,7.6832,1,0.0052,6.5805,28.1301,ok,0.3306
609.9518,568,433.2944,23.3699,0.6112,85.6397,1,23.3683,1,43.8632,616.4925,r2_measured_04616,update,measured,20.4933,6.5407,1,12.2966,5.4528,34.8579,ok,0.4108
286.8555,369,,,0.6082,,,,,,293.2358,r2_measured_04617,read,measured,,,,,5.3266,,ok,0.3775
493.7338,663,,,0.6534,,,,,,499.093,r2_measured_04618,read,measured,,,,,4.3148,,ok,0.3271
515.6232,680,,,0.9151,,,,,,565.865,r2_measured_04619,read,measured,,,,,48.7844,,ok,0.3946
398.6569,508,,,0.4928,,,,,,405.1384,r2_measured_04620,read,measured,,,,,5.5625,,ok,0.3545
556.8344,681,,,1.3331,,,,,,564.4426,r2_measured_04621,read,measured,,,,,4.3901,,ok,0.4453
536.038,680,,,1.9337,,,,,,545.7491,r2_measured_04622,read,measured,,,,,7.3554,,ok,0.3479
531.4695,663,,,1.0261,,,,,,538.2247,r2_measured_04623,read,measured,,,,,5.3083,,ok,0.3572
487.119,629,,,0.5546,,,,,,490.1355,r2_measured_04624,read,measured,,,,,2.0477,,ok,0.3438
534.9092,675,,,0.753,,,,,,547.4093,r2_measured_04625,read,measured,,,,,11.329,,ok,0.342
549.9748,663,,,0.7719,,,,,,561.2158,r2_measured_04626,read,measured,,,,,10.0342,,ok,0.3661
457.8128,418,321.4385,4.8095,0.3004,73.324,1,4.8072,1,35.2264,460.7106,r2_measured_04627,update,measured,30.4169,2.8978,1,0.006,2.1966,27.8179,ok,0.3508
522.8545,689,,,1.0364,,,,,,529.6156,r2_measured_04628,read,measured,,,,,5.2898,,ok,0.3611
323.7065,419,,,0.464,,,,,,328.066,r2_measured_04629,read,measured,,,,,3.2138,,ok,0.5938
489.4035,663,,,0.7029,,,,,,497.0467,r2_measured_04630,read,measured,,,,,6.5195,,ok,0.3532
468.4424,629,,,0.5553,,,,,,481.3171,r2_measured_04631,read,measured,,,,,11.8964,,ok,0.3539
494.0257,680,,,0.6839,,,,,,510.0647,r2_measured_04632,read,measured,,,,,14.9494,,ok,0.3358
467.5371,629,,,0.9019,,,,,,475.3919,r2_measured_04633,read,measured,,,,,6.5303,,ok,0.3526
605.9365,568,425.6695,6.9795,0.8082,100.2911,1,6.9779,1,31.4422,611.4757,r2_measured_04634,update,measured,24.4627,5.5392,1,16.9978,4.3301,31.5359,ok,0.3295
384.602,509,,,0.4803,,,,,,392.5109,r2_measured_04635,read,measured,,,,,7.0017,,ok,0.3522
284.2121,369,,,0.2572,,,,,,287.529,r2_measured_04636,read,measured,,,,,2.6761,,ok,0.3342
402.8239,568,,,0.7091,,,,,,409.5856,r2_measured_04637,read,measured,,,,,5.6432,,ok,0.3486
229.4484,369,,,0.2567,,,,,,232.2071,r2_measured_04638,read,measured,,,,,2.0931,,ok,0.3478
481.1878,663,,,0.9744,,,,,,487.3611,r2_measured_04639,read,measured,,,,,4.6344,,ok,0.4773
482.3779,680,,,1.1917,,,,,,490.3925,r2_measured_04640,read,measured,,,,,6.2551,,ok,0.4883
432.0674,568,,,0.7038,,,,,,439.4282,r2_measured_04641,read,measured,,,,,6.1961,,ok,0.393
279.2168,419,,,0.2836,,,,,,281.8204,r2_measured_04642,read,measured,,,,,1.9335,,ok,0.33
457.6148,629,,,1.1325,,,,,,466.6937,r2_measured_04643,read,measured,,,,,7.4411,,ok,0.4313
494.9616,663,,,0.9732,,,,,,500.1452,r2_measured_04644,read,measured,,,,,3.7273,,ok,0.3925
419.2014,509,,,0.6669,,,,,,428.8767,r2_measured_04645,read,measured,,,,,8.5187,,ok,0.4081
519.7871,681,,,0.6567,,,,,,525.2326,r2_measured_04646,read,measured,,,,,4.3002,,ok,0.3908
545.9078,679,,,0.6804,,,,,,549.4701,r2_measured_04647,read,measured,,,,,2.4629,,ok,0.3517
324.5767,419,,,0.3507,,,,,,326.3499,r2_measured_04648,read,measured,,,,,0.9453,,ok,0.4048
490.6711,629,,,0.9421,,,,,,504.7579,r2_measured_04649,read,measured,,,,,12.1498,,ok,0.8646
448.1358,509,,,0.7267,,,,,,452.0389,r2_measured_04650,read,measured,,,,,2.7222,,ok,0.3633
363.3865,419,,,0.3506,,,,,,366.8119,r2_measured_04651,read,measured,,,,,2.6364,,ok,0.3767
545.5326,675,,,1.004,,,,,,555.6517,r2_measured_04652,read,measured,,,,,8.6106,,ok,0.4273
529.468,674,,,0.5798,,,,,,537.9118,r2_measured_04653,read,measured,,,,,7.434,,ok,0.3555
419.498,509,,,0.552,,,,,,430.6583,r2_measured_04654,read,measured,,,,,10.1073,,ok,0.4264
318.4709,419,,,0.3154,,,,,,321.9324,r2_measured_04655,read,measured,,,,,2.7158,,ok,0.3718
504.3205,675,,,0.6085,,,,,,509.6559,r2_measured_04656,read,measured,,,,,4.1672,,ok,0.4627
325.73,419,,,0.298,,,,,,329.578,r2_measured_04657,read,measured,,,,,3.133,,ok,0.3597
482.3906,629,,,0.9665,,,,,,488.9067,r2_measured_04658,read,measured,,,,,5.0729,,ok,0.3971
391.5513,509,,,0.7889,,,,,,398.0916,r2_measured_04659,read,measured,,,,,5.3025,,ok,0.3815
501.8075,680,,,0.9694,,,,,,510.6126,r2_measured_04660,read,measured,,,,,7.4041,,ok,0.3607
366.7896,509,,,0.707,,,,,,371.8214,r2_measured_04661,read,measured,,,,,3.8672,,ok,0.381
446.2947,629,,,0.7536,,,,,,456.8004,r2_measured_04662,read,measured,,,,,9.3473,,ok,0.3419
363.0436,509,,,0.83,,,,,,372.4217,r2_measured_04663,read,measured,,,,,8.1376,,ok,0.3489
475.9822,680,,,0.6753,,,,,,485.2858,r2_measured_04664,read,measured,,,,,8.2131,,ok,0.3449
424.2978,629,,,0.5925,,,,,,433.9961,r2_measured_04665,read,measured,,,,,8.6474,,ok,0.378
471.6622,681,,,1.0257,,,,,,482.5575,r2_measured_04666,read,measured,,,,,9.4792,,ok,0.3235
457.0441,663,,,1.0594,,,,,,465.0636,r2_measured_04667,read,measured,,,,,6.5172,,ok,0.363
467.2275,689,,,0.9932,,,,,,471.0835,r2_measured_04668,read,measured,,,,,2.4335,,ok,0.3542
463.5416,675,,,0.5249,,,,,,472.6686,r2_measured_04669,read,measured,,,,,8.1821,,ok,0.3539
457.4861,679,,,0.7691,,,,,,465.8017,r2_measured_04670,read,measured,,,,,7.1177,,ok,0.3572
500.5607,663,,,0.8783,,,,,,506.7475,r2_measured_04671,read,measured,,,,,4.891,,ok,0.3532
515.7701,680,,,0.6228,,,,,,525.5154,r2_measured_04672,read,measured,,,,,8.6901,,ok,0.3558
509.5733,680,,,0.6814,,,,,,515.7169,r2_measured_04673,read,measured,,,,,5.0014,,ok,0.3831
391.3642,568,,,0.603,,,,,,400.2264,r2_measured_04674,read,measured,,,,,7.5225,,ok,0.6271
287.6163,419,,,0.2776,,,,,,289.8143,r2_measured_04675,read,measured,,,,,1.5236,,ok,0.3376
483.4084,680,,,0.6639,,,,,,490.7845,r2_measured_04676,read,measured,,,,,6.2596,,ok,0.3754
494.1021,681,,,0.7664,,,,,,499.7288,r2_measured_04677,read,measured,,,,,4.4083,,ok,0.3744
517.4209,689,,,0.8368,,,,,,527.3177,r2_measured_04678,read,measured,,,,,8.6021,,ok,0.3841
492.2742,675,,,0.685,,,,,,497.7141,r2_measured_04679,read,measured,,,,,4.2669,,ok,0.4063
485.9579,629,,,1.1895,,,,,,493.126,r2_measured_04680,read,measured,,,,,5.5518,,ok,0.3544
514.6554,675,,,0.6221,,,,,,519.8881,r2_measured_04681,read,measured,,,,,4.2119,,ok,0.3299
544.3085,689,,,0.991,,,,,,550.9408,r2_measured_04682,read,measured,,,,,5.2117,,ok,0.3637
530.5699,689,,,0.9434,,,,,,541.6748,r2_measured_04683,read,measured,,,,,9.7226,,ok,0.3647
343.6265,418,,,0.3159,,,,,,346.1128,r2_measured_04684,read,measured,,,,,1.7254,,ok,0.3707
532.6859,681,,,0.8862,,,,,,535.8977,r2_measured_04685,read,measured,,,,,1.8989,,ok,0.357
703.3379,675,482.8123,8.4092,0.8521,115.332,0,8.4072,1,40.9707,710.0505,r2_measured_04686,update,measured,32.5615,6.7126,1,29.3472,5.451,34.8757,ok,0.3364
522.3398,681,,,0.758,,,,,,528.2794,r2_measured_04687,read,measured,,,,,4.7721,,ok,0.3437
422.8358,568,,,1.2987,,,,,,430.7707,r2_measured_04688,read,measured,,,,,6.182,,ok,0.3826
488.3284,689,,,0.6801,,,,,,498.548,r2_measured_04689,read,measured,,,,,9.1126,,ok,0.3537
508.417,681,,,0.6359,,,,,,514.2409,r2_measured_04690,read,measured,,,,,4.7695,,ok,0.3482
367.9024,508,,,0.5899,,,,,,379.1321,r2_measured_04691,read,measured,,,,,10.241,,ok,0.3403
399.6796,568,,,0.752,,,,,,408.2454,r2_measured_04692,read,measured,,,,,7.4269,,ok,0.3281
460.8887,663,,,0.7715,,,,,,468.8581,r2_measured_04693,read,measured,,,,,6.7962,,ok,0.3336
283.8784,419,,,0.2975,,,,,,285.8195,r2_measured_04694,read,measured,,,,,1.2259,,ok,0.3564
467.7632,681,,,0.6345,,,,,,471.4587,r2_measured_04695,read,measured,,,,,2.6424,,ok,0.3456
450.4545,680,,,0.6175,,,,,,459.4436,r2_measured_04696,read,measured,,,,,7.9833,,ok,0.3274
436.0096,675,,,0.635,,,,,,447.6504,r2_measured_04697,read,measured,,,,,10.5997,,ok,0.3414
463.6844,689,,,0.9163,,,,,,470.013,r2_measured_04698,read,measured,,,,,4.9952,,ok,0.3451
468.6012,663,,,0.6919,,,,,,470.747,r2_measured_04699,read,measured,,,,,1.0142,,ok,0.3639
490.1442,675,,,0.6299,,,,,,495.3554,r2_measured_04700,read,measured,,,,,4.1765,,ok,0.342
346.3887,509,,,1.5478,,,,,,353.3229,r2_measured_04701,read,measured,,,,,4.9886,,ok,0.3419
555.6056,681,,,0.7615,,,,,,565.1755,r2_measured_04702,read,measured,,,,,8.3837,,ok,0.3539
491.349,663,,,0.7216,,,,,,555.5435,r2_measured_04703,read,measured,,,,,63.0273,,ok,0.3749
452.8728,629,,,0.6262,,,,,,458.3353,r2_measured_04704,read,measured,,,,,4.4521,,ok,0.3232
286.6305,419,,,0.3008,,,,,,288.5691,r2_measured_04705,read,measured,,,,,1.2426,,ok,0.337
401.8369,568,,,0.8707,,,,,,464.5451,r2_measured_04706,read,measured,,,,,61.4012,,ok,0.3652
280.1458,419,,,0.315,,,,,,282.4119,r2_measured_04707,read,measured,,,,,1.4385,,ok,0.3831
493.5694,629,,,0.6301,,,,,,497.0076,r2_measured_04708,read,measured,,,,,2.3373,,ok,0.388
533.8665,680,,,0.6251,,,,,,540.8793,r2_measured_04709,read,measured,,,,,5.9333,,ok,0.3698
553.6339,681,,,0.7643,,,,,,562.8513,r2_measured_04710,read,measured,,,,,8.0071,,ok,0.3578
430.0558,509,,,0.6297,,,,,,437.1513,r2_measured_04711,read,measured,,,,,6.023,,ok,0.3679
330.9663,369,,,0.2603,,,,,,334.3789,r2_measured_04712,read,measured,,,,,2.734,,ok,0.3591
533.664,680,,,0.6766,,,,,,538.068,r2_measured_04713,read,measured,,,,,3.2887,,ok,0.3649
477.2072,568,,,0.6961,,,,,,483.6098,r2_measured_04714,read,measured,,,,,5.267,,ok,0.3685
545.3305,680,,,0.7448,,,,,,550.2947,r2_measured_04715,read,measured,,,,,3.7147,,ok,0.4194
473.554,419,340.197,6.8283,0.2974,62.5754,1,6.8268,1,34.4942,475.8222,r2_measured_04716,update,measured,27.6659,2.2682,1,12.467,1.5746,23.8204,ok,0.3437
504.2455,629,,,0.8098,,,,,,515.3463,r2_measured_04717,read,measured,,,,,9.8306,,ok,0.3774
550.7049,689,,,0.5445,,,,,,559.7254,r2_measured_04718,read,measured,,,,,8.0137,,ok,0.3958
488.9625,419,324.0084,4.8679,0.2622,69.6908,0,4.8661,1,22.2678,491.141,r2_measured_04719,update,measured,17.3999,2.1785,1,15.0268,1.5604,57.9687,ok,0.3096
522.3777,629,,,0.5807,,,,,,528.7323,r2_measured_04720,read,measured,,,,,5.4038,,ok,0.3113
378.6689,509,,,0.6509,,,,,,386.7227,r2_measured_04721,read,measured,,,,,7.0007,,ok,0.3447
471.3724,680,,,0.8163,,,,,,476.1314,r2_measured_04722,read,measured,,,,,3.5743,,ok,0.3088
472.7339,663,,,0.6394,,,,,,477.5735,r2_measured_04723,read,measured,,,,,3.8215,,ok,0.3213
466.7651,663,,,0.8403,,,,,,479.6055,r2_measured_04724,read,measured,,,,,11.6178,,ok,0.3207
454.8567,629,,,0.5971,,,,,,457.5213,r2_measured_04725,read,measured,,,,,1.6782,,ok,0.3299
480.3622,680,,,0.7338,,,,,,490.3935,r2_measured_04726,read,measured,,,,,8.8259,,ok,0.3985
416.8817,568,,,0.4478,,,,,,420.292,r2_measured_04727,read,measured,,,,,2.5787,,ok,0.3275
354.9881,509,,,0.8155,,,,,,363.46,r2_measured_04728,read,measured,,,,,7.2909,,ok,0.3131
486.2751,663,,,2.5947,,,,,,491.7091,r2_measured_04729,read,measured,,,,,1.2921,,ok,1.318
701.8178,681,507.4998,6.4287,0.8652,102.2498,1,6.4268,1,36.1468,709.086,r2_measured_04730,update,measured,29.7181,7.2682,1,29.063,5.8882,26.8584,ok,0.4267
526.9124,679,,,2.0494,,,,,,536.9631,r2_measured_04731,read,measured,,,,,7.5417,,ok,0.3838
483.108,663,,,0.5746,,,,,,492.0832,r2_measured_04732,read,measured,,,,,7.9736,,ok,0.3579
366.5906,509,,,0.546,,,,,,374.9384,r2_measured_04733,read,measured,,,,,7.4042,,ok,0.3359
508.6363,681,,,2.0294,,,,,,516.0564,r2_measured_04734,read,measured,,,,,4.9109,,ok,0.397
506.4107,681,,,0.6824,,,,,,520.5509,r2_measured_04735,read,measured,,,,,12.9879,,ok,0.3921
272.5562,419,,,0.272,,,,,,275.5914,r2_measured_04736,read,measured,,,,,2.3871,,ok,0.3233
475.6111,629,,,1.3063,,,,,,481.885,r2_measured_04737,read,measured,,,,,4.5229,,ok,0.3694
548.1857,689,,,0.6755,,,,,,554.531,r2_measured_04738,read,measured,,,,,5.1624,,ok,0.4244
523.1439,680,,,0.8132,,,,,,536.6326,r2_measured_04739,read,measured,,,,,12.1783,,ok,0.4122
513.945,663,,,0.8422,,,,,,523.9822,r2_measured_04740,read,measured,,,,,8.7429,,ok,0.3772
539.9107,681,,,1.0259,,,,,,548.355,r2_measured_04741,read,measured,,,,,6.8273,,ok,0.5024
546.7448,681,,,0.7743,,,,,,550.7988,r2_measured_04742,read,measured,,,,,2.8115,,ok,0.3937
572.8745,508,441.423,6.2844,0.7204,70.9925,0,6.2829,1,24.6152,579.6756,r2_measured_04743,update,measured,18.3308,6.8011,1,11.6013,5.6672,24.2425,ok,0.3522
494.1411,629,,,0.7444,,,,,,505.8845,r2_measured_04744,read,measured,,,,,10.547,,ok,0.3746
514.687,629,,,2.0299,,,,,,536.0066,r2_measured_04745,read,measured,,,,,17.7431,,ok,1.3878
614.4507,509,453.509,5.3146,0.5888,81.3779,0,5.3131,1,29.9208,622.1428,r2_measured_04746,update,measured,24.6062,7.6921,1,24.5242,6.6308,25.1188,ok,0.3924
617.1794,680,,,0.9568,,,,,,631.4219,r2_measured_04747,read,measured,,,,,12.2564,,ok,0.9062
595.0311,681,,,1.1275,,,,,,606.1194,r2_measured_04748,read,measured,,,,,9.126,,ok,0.7205
325.1862,419,,,0.3062,,,,,,328.3235,r2_measured_04749,read,measured,,,,,2.4185,,ok,0.3585
712.3578,689,,,1.0045,,,,,,730.4075,r2_measured_04750,read,measured,,,,,16.6694,,ok,0.3112
672.4491,629,,,0.8672,,,,,,680.5803,r2_measured_04751,read,measured,,,,,6.8314,,ok,0.3531
544.235,568,,,1.9384,,,,,,553.5229,r2_measured_04752,read,measured,,,,,6.1606,,ok,1.0171
673.7332,689,,,0.6984,,,,,,684.442,r2_measured_04753,read,measured,,,,,9.6195,,ok,0.3265
719.1571,675,,,0.7277,,,,,,727.2342,r2_measured_04754,read,measured,,,,,6.9688,,ok,0.3198
684.4553,629,,,0.5082,,,,,,690.5705,r2_measured_04755,read,measured,,,,,5.1908,,ok,0.3489
674.5679,629,,,0.8969,,,,,,684.5159,r2_measured_04756,read,measured,,,,,8.6279,,ok,0.3594
545.6273,509,,,0.5492,,,,,,553.3701,r2_measured_04757,read,measured,,,,,6.8082,,ok,0.3325
696.3332,681,,,0.8609,,,,,,704.9082,r2_measured_04758,read,measured,,,,,7.3282,,ok,0.3262
673.6467,681,,,0.9403,,,,,,678.6986,r2_measured_04759,read,measured,,,,,3.7031,,ok,0.3436
632.8516,629,,,0.5569,,,,,,642.873,r2_measured_04760,read,measured,,,,,9.0517,,ok,0.3414
483.6807,419,,,0.2914,,,,,,486.1941,r2_measured_04761,read,measured,,,,,1.8393,,ok,0.3315
717.4373,680,,,0.9056,,,,,,725.4038,r2_measured_04762,read,measured,,,,,6.611,,ok,0.3761
644.3853,675,,,0.7884,,,,,,650.7271,r2_measured_04763,read,measured,,,,,5.1578,,ok,0.3246
663.0372,681,,,0.8953,,,,,,670.2437,r2_measured_04764,read,measured,,,,,5.8898,,ok,0.3535
581.1235,629,,,0.7317,,,,,,601.2207,r2_measured_04765,read,measured,,,,,18.9791,,ok,0.3216
364.8361,419,,,40.848,,,,,,428.6796,r2_measured_04766,read,measured,,,,,22.5546,,ok,0.3725
535.3904,681,,,0.8458,,,,,,543.3305,r2_measured_04767,read,measured,,,,,6.6399,,ok,0.3786
752.1075,680,574.3948,12.5625,0.7487,99.5549,1,12.5609,1,33.5667,759.0637,r2_measured_04768,update,measured,21.0042,6.9562,1,16.3641,5.7525,28.227,ok,0.3741
444.1223,509,,,0.7529,,,,,,455.8808,r2_measured_04769,read,measured,,,,,10.564,,ok,0.3723
570.2019,680,,,0.8394,,,,,,586.0261,r2_measured_04770,read,measured,,,,,14.55,,ok,0.3619
350.3076,419,,,0.2832,,,,,,352.7564,r2_measured_04771,read,measured,,,,,1.7863,,ok,0.3249
547.3632,689,,,0.9586,,,,,,557.4065,r2_measured_04772,read,measured,,,,,8.6383,,ok,0.3689
533.02,681,,,0.9998,,,,,,546.8746,r2_measured_04773,read,measured,,,,,12.4289,,ok,0.3543
474.4359,568,,,0.6498,,,,,,481.2729,r2_measured_04774,read,measured,,,,,5.6501,,ok,0.4632
336.7245,419,,,0.3133,,,,,,340.131,r2_measured_04775,read,measured,,,,,2.6584,,ok,0.3729
635.7392,568,436.6995,8.4899,0.5393,91.0707,1,8.4884,1,35.6438,641.8805,r2_measured_04776,update,measured,27.1539,6.1413,1,0.0055,5.2353,72.3197,ok,0.3139
571.7347,689,,,0.7999,,,,,,579.5843,r2_measured_04777,read,measured,,,,,6.6276,,ok,0.354
504.49,680,,,0.5451,,,,,,518.0181,r2_measured_04778,read,measured,,,,,12.588,,ok,0.3316
509.97,663,,,0.5977,,,,,,520.1977,r2_measured_04779,read,measured,,,,,9.2286,,ok,0.3399
439.4969,567,,,0.6611,,,,,,449.6667,r2_measured_04780,read,measured,,,,,9.1117,,ok,0.3403
276.377,369,,,0.3035,,,,,,278.3069,r2_measured_04781,read,measured,,,,,1.0949,,ok,0.4729
487.9175,629,,,0.6008,,,,,,491.3862,r2_measured_04782,read,measured,,,,,2.4497,,ok,0.3508
442.1441,568,,,1.9466,,,,,,450.1744,r2_measured_04783,read,measured,,,,,5.6857,,ok,0.339
675.0907,689,466.507,5.5621,0.6895,117.4949,1,5.5604,1,31.001,680.7377,r2_measured_04784,update,measured,25.4389,5.647,1,29.4233,4.5432,30.6645,ok,0.3466
322.5589,419,,,0.2692,,,,,,325.2142,r2_measured_04785,read,measured,,,,,2.0013,,ok,0.3364
464.0051,629,,,0.9681,,,,,,475.6446,r2_measured_04786,read,measured,,,,,10.2603,,ok,0.3419
474.6835,663,,,0.8552,,,,,,482.3462,r2_measured_04787,read,measured,,,,,6.4022,,ok,0.3434
438.8251,629,,,0.7362,,,,,,446.4854,r2_measured_04788,read,measured,,,,,6.5054,,ok,0.3496
465.9173,675,,,0.9325,,,,,,473.8432,r2_measured_04789,read,measured,,,,,6.5977,,ok,0.3329
449.5929,663,,,0.8033,,,,,,457.7928,r2_measured_04790,read,measured,,,,,7.0269,,ok,0.3084
474.896,675,,,0.8271,,,,,,480.9963,r2_measured_04791,read,measured,,,,,4.8716,,ok,0.3177
353.896,509,,,1.3471,,,,,,360.7977,r2_measured_04792,read,measured,,,,,5.1899,,ok,0.3158
437.6863,629,,,0.6206,,,,,,442.5666,r2_measured_04793,read,measured,,,,,3.8187,,ok,0.3658
260.4031,419,,,0.2711,,,,,,263.8861,r2_measured_04794,read,measured,,,,,2.8199,,ok,0.3304
229.4792,369,,,0.2496,,,,,,231.6829,r2_measured_04795,read,measured,,,,,1.5714,,ok,0.3316
435.6716,663,,,0.5964,,,,,,443.9295,r2_measured_04796,read,measured,,,,,7.2259,,ok,0.3626
269.7337,419,,,0.2667,,,,,,272.8333,r2_measured_04797,read,measured,,,,,2.4668,,ok,0.3184
429.392,628,,,0.613,,,,,,434.5779,r2_measured_04798,read,measured,,,,,4.1341,,ok,0.3652
456.3012,689,,,0.687,,,,,,461.7868,r2_measured_04799,read,measured,,,,,4.4026,,ok,0.333
450.9159,663,,,0.7164,,,,,,467.731,r2_measured_04800,read,measured,,,,,15.6607,,ok,0.3683
484.7137,680,,,0.914,,,,,,489.3706,r2_measured_04801,read,measured,,,,,3.324,,ok,0.3546
493.1878,681,,,0.9412,,,,,,498.6457,r2_measured_04802,read,measured,,,,,4.0797,,ok,0.3637
257.5469,369,,,0.2334,,,,,,259.1834,r2_measured_04803,read,measured,,,,,0.8147,,ok,0.5307
501.7926,680,,,0.6489,,,,,,513.8811,r2_measured_04804,read,measured,,,,,10.9652,,ok,0.3937
512.2622,689,,,0.7205,,,,,,516.7877,r2_measured_04805,read,measured,,,,,3.3894,,ok,0.3508
483.1899,680,,,0.7533,,,,,,490.6412,r2_measured_04806,read,measured,,,,,6.2458,,ok,0.3777
465.0378,663,,,0.6881,,,,,,475.7874,r2_measured_04807,read,measured,,,,,9.5441,,ok,0.4361
491.722,681,,,0.7276,,,,,,501.0122,r2_measured_04808,read,measured,,,,,8.1466,,ok,0.3507
502.0105,680,,,0.5749,,,,,,509.0487,r2_measured_04809,read,measured,,,,,6.0229,,ok,0.3586
509.9226,680,,,0.5512,,,,,,519.2951,r2_measured_04810,read,measured,,,,,8.4204,,ok,0.3359
497.7904,680,,,0.7052,,,,,,504.03,r2_measured_04811,read,measured,,,,,5.1295,,ok,0.3386
495.3884,680,,,1.6353,,,,,,501.231,r2_measured_04812,read,measured,,,,,3.8052,,ok,0.3324
452.5527,629,,,0.7147,,,,,,460.3089,r2_measured_04813,read,measured,,,,,6.6557,,ok,0.3231
491.3246,681,,,2.1172,,,,,,509.2395,r2_measured_04814,read,measured,,,,,15.0294,,ok,0.577
581.1335,568,436.8449,5.7544,0.5688,73.4892,1,5.7526,1,29.688,583.6027,r2_measured_04815,update,measured,23.9336,2.4692,1,12.5218,1.4964,28.5896,ok,0.3454
422.4043,568,,,0.6266,,,,,,429.2905,r2_measured_04816,read,measured,,,,,5.7406,,ok,0.4456
511.4955,663,,,0.8102,,,,,,518.0018,r2_measured_04817,read,measured,,,,,5.2702,,ok,0.3551
521.6818,675,,,0.9398,,,,,,525.9119,r2_measured_04818,read,measured,,,,,2.8795,,ok,0.3432
475.1399,629,,,0.6495,,,,,,480.0048,r2_measured_04819,read,measured,,,,,3.7704,,ok,0.3789
399.0617,509,,,0.8263,,,,,,408.1552,r2_measured_04820,read,measured,,,,,7.8374,,ok,0.3668
551.8314,663,,,1.7386,,,,,,566.0985,r2_measured_04821,read,measured,,,,,12.1144,,ok,0.342
292.396,369,,,0.2507,,,,,,294.1154,r2_measured_04822,read,measured,,,,,1.0666,,ok,0.3493
547.5669,680,,,1.3998,,,,,,553.8014,r2_measured_04823,read,measured,,,,,3.8977,,ok,0.8484
449.3443,629,,,0.6521,,,,,,454.1869,r2_measured_04824,read,measured,,,,,3.7656,,ok,0.3626
514.1894,629,,,0.4786,,,,,,526.9313,r2_measured_04825,read,measured,,,,,11.8656,,ok,0.3329
486.3693,629,,,2.3463,,,,,,497.4006,r2_measured_04826,read,measured,,,,,8.2757,,ok,0.3391
545.8422,681,,,0.8124,,,,,,555.9678,r2_measured_04827,read,measured,,,,,8.8532,,ok,0.3722
540.6269,689,,,0.6664,,,,,,545.7863,r2_measured_04828,read,measured,,,,,4.0214,,ok,0.3881
335.2828,419,,,0.2843,,,,,,337.3384,r2_measured_04829,read,measured,,,,,1.3678,,ok,0.3479
618.2701,568,428.5669,9.8722,0.5675,93.0619,1,9.8707,1,41.978,624.6826,r2_measured_04830,update,measured,32.1058,6.4125,1,27.3689,5.3109,27.2944,ok,0.4458
439.6529,568,,,0.9098,,,,,,446.5478,r2_measured_04831,read,measured,,,,,5.5367,,ok,0.3716
434.8965,568,,,2.1238,,,,,,442.9762,r2_measured_04832,read,measured,,,,,5.4931,,ok,0.3781
478.8599,663,,,0.5593,,,,,,489.0151,r2_measured_04833,read,measured,,,,,9.152,,ok,0.3699
434.9558,568,,,0.7208,,,,,,438.9784,r2_measured_04834,read,measured,,,,,2.8341,,ok,0.3823
323.0294,419,,,0.3231,,,,,,326.7993,r2_measured_04835,read,measured,,,,,3.0113,,ok,0.3737
526.9156,680,,,0.7416,,,,,,536.1767,r2_measured_04836,read,measured,,,,,8.0761,,ok,0.3655
328.8078,419,,,0.3121,,,,,,331.3554,r2_measured_04837,read,measured,,,,,1.787,,ok,0.39
334.8766,419,,,0.2902,,,,,,337.7683,r2_measured_04838,read,measured,,,,,2.225,,ok,0.3222
532.3176,675,,,0.9738,,,,,,539.695,r2_measured_04839,read,measured,,,,,5.9554,,ok,0.3727
494.7008,680,,,0.9114,,,,,,507.3138,r2_measured_04840,read,measured,,,,,11.2416,,ok,0.3835
474.7612,663,,,0.628,,,,,,483.7647,r2_measured_04841,read,measured,,,,,7.9311,,ok,0.3702
288.4339,419,,,0.3934,,,,,,291.7058,r2_measured_04842,read,measured,,,,,2.3268,,ok,0.4716
521.3413,681,,,1.0272,,,,,,529.7017,r2_measured_04843,read,measured,,,,,6.8776,,ok,0.3761
513.2967,680,,,0.8538,,,,,,521.4329,r2_measured_04844,read,measured,,,,,6.8409,,ok,0.3585
295.2646,369,,,0.2713,,,,,,297.4522,r2_measured_04845,read,measured,,,,,1.5103,,ok,0.3535
523.9811,681,,,0.8237,,,,,,531.5896,r2_measured_04846,read,measured,,,,,6.3243,,ok,0.3775
515.985,681,,,0.5905,,,,,,523.7465,r2_measured_04847,read,measured,,,,,6.7425,,ok,0.3619
384.6381,509,,,0.5513,,,,,,388.7644,r2_measured_04848,read,measured,,,,,3.1095,,ok,0.3951
501.0143,681,,,0.6183,,,,,,511.5365,r2_measured_04849,read,measured,,,,,9.4665,,ok,0.3697
474.9739,629,,,1.4242,,,,,,484.5769,r2_measured_04850,read,measured,,,,,7.7446,,ok,0.3688
523.4107,681,,,0.8139,,,,,,528.6054,r2_measured_04851,read,measured,,,,,3.938,,ok,0.3706
501.4143,675,,,1.5872,,,,,,507.5178,r2_measured_04852,read,measured,,,,,4.0832,,ok,0.3589
685.5156,681,501.5159,5.6318,0.6547,103.0546,1,5.6302,1,36.7844,691.7413,r2_measured_04853,update,measured,31.1526,6.2257,1,14.1379,5.1512,30.0228,ok,0.3448
510.5776,681,,,0.6433,,,,,,516.2096,r2_measured_04854,read,measured,,,,,4.5936,,ok,0.3323
482.0654,680,,,0.9454,,,,,,486.6645,r2_measured_04855,read,measured,,,,,3.2332,,ok,0.3523
479.5615,680,,,0.632,,,,,,488.0197,r2_measured_04856,read,measured,,,,,7.3858,,ok,0.3675
310.0683,419,,,0.2822,,,,,,313.0325,r2_measured_04857,read,measured,,,,,2.2846,,ok,0.3454
433.4826,628,,,0.6294,,,,,,438.8339,r2_measured_04858,read,measured,,,,,4.1895,,ok,0.4478
274.7815,369,,,0.2657,,,,,,277.3365,r2_measured_04859,read,measured,,,,,1.9034,,ok,0.3399
282.2044,369,,,0.2204,,,,,,284.3581,r2_measured_04860,read,measured,,,,,1.5696,,ok,0.3202
472.694,680,,,0.5577,,,,,,478.3411,r2_measured_04861,read,measured,,,,,4.6848,,ok,0.3363
477.1534,680,,,0.7639,,,,,,481.2743,r2_measured_04862,read,measured,,,,,2.9375,,ok,0.3473
492.0301,680,,,0.7718,,,,,,500.8541,r2_measured_04863,read,measured,,,,,7.6098,,ok,0.3723
476.1122,663,,,0.6545,,,,,,480.6691,r2_measured_04864,read,measured,,,,,3.4207,,ok,0.4143
299.5746,419,,,0.2903,,,,,,302.5598,r2_measured_04865,read,measured,,,,,2.2812,,ok,0.3573
470.6748,680,,,1.1235,,,,,,475.8797,r2_measured_04866,read,measured,,,,,3.6609,,ok,0.3502
461.2737,681,,,0.8785,,,,,,467.7618,r2_measured_04867,read,measured,,,,,5.1847,,ok,0.3563
348.5351,509,,,0.6556,,,,,,359.3647,r2_measured_04868,read,measured,,,,,9.3191,,ok,0.7724
355.9692,509,,,0.7736,,,,,,360.7097,r2_measured_04869,read,measured,,,,,3.4656,,ok,0.4265
490.2098,680,,,0.7719,,,,,,495.4696,r2_measured_04870,read,measured,,,,,4.0687,,ok,0.3493
393.9308,568,,,0.5558,,,,,,397.9949,r2_measured_04871,read,measured,,,,,3.0729,,ok,0.3676
517.697,681,,,0.5995,,,,,,524.7272,r2_measured_04872,read,measured,,,,,6.0125,,ok,0.3479
422.9131,568,,,0.761,,,,,,432.3226,r2_measured_04873,read,measured,,,,,8.2248,,ok,0.3587
421.1138,568,,,0.6395,,,,,,428.401,r2_measured_04874,read,measured,,,,,6.2385,,ok,0.3495
479.5968,663,,,0.5857,,,,,,483.7718,r2_measured_04875,read,measured,,,,,3.1545,,ok,0.3671
523.1069,675,,,0.7765,,,,,,529.4606,r2_measured_04876,read,measured,,,,,5.1597,,ok,0.3537
501.4493,680,,,0.668,,,,,,507.7938,r2_measured_04877,read,measured,,,,,5.2672,,ok,0.3454
494.67,680,,,0.6624,,,,,,504.2499,r2_measured_04878,read,measured,,,,,8.4973,,ok,0.3513
492.5385,681,,,0.9749,,,,,,497.2801,r2_measured_04879,read,measured,,,,,3.3529,,ok,0.348
417.3788,568,,,0.5407,,,,,,425.0514,r2_measured_04880,read,measured,,,,,6.7191,,ok,0.3525
282.6179,369,,,0.2606,,,,,,284.9597,r2_measured_04881,read,measured,,,,,1.6881,,ok,0.3427
453.4034,629,,,1.0389,,,,,,461.9708,r2_measured_04882,read,measured,,,,,7.1194,,ok,0.3417
299.4384,419,,,0.2967,,,,,,302.1823,r2_measured_04883,read,measured,,,,,2.0428,,ok,0.3463
718.1347,681,536.5893,6.3572,0.9248,110.2072,0,6.3554,1,41.6606,727.9059,r2_measured_04884,update,measured,35.3034,9.7712,1,0.0051,8.4425,29.6725,ok,0.3432
490.5054,689,,,1.0758,,,,,,496.8407,r2_measured_04885,read,measured,,,,,4.8199,,ok,0.3656
446.6947,629,,,0.7387,,,,,,454.5998,r2_measured_04886,read,measured,,,,,6.7476,,ok,0.3501
506.221,680,,,0.966,,,,,,512.1522,r2_measured_04887,read,measured,,,,,4.5737,,ok,0.327
485.3325,675,,,0.6057,,,,,,494.4173,r2_measured_04888,read,measured,,,,,8.0801,,ok,0.3387
494.025,680,,,0.6385,,,,,,501.1447,r2_measured_04889,read,measured,,,,,6.0438,,ok,0.3683
291.7811,419,,,0.2823,,,,,,293.7152,r2_measured_04890,read,measured,,,,,1.25,,ok,0.347
504.6497,680,,,0.6691,,,,,,513.607,r2_measured_04891,read,measured,,,,,7.8901,,ok,0.3333
464.1718,568,,,0.4932,,,,,,471.939,r2_measured_04892,read,measured,,,,,6.8951,,ok,0.3217
502.8929,663,,,0.7353,,,,,,513.9527,r2_measured_04893,read,measured,,,,,9.9124,,ok,0.3469
436.8131,568,,,0.4509,,,,,,442.5255,r2_measured_04894,read,measured,,,,,4.8796,,ok,0.3223
445.9213,568,,,0.9769,,,,,,455.8521,r2_measured_04895,read,measured,,,,,8.535,,ok,0.3563
516.3991,681,,,0.973,,,,,,527.9647,r2_measured_04896,read,measured,,,,,10.1861,,ok,0.3396
530.5532,689,,,0.7669,,,,,,541.9673,r2_measured_04897,read,measured,,,,,10.2438,,ok,0.3368
514.3325,663,,,0.5296,,,,,,519.7146,r2_measured_04898,read,measured,,,,,4.4468,,ok,0.3362
508.0921,663,,,0.7484,,,,,,513.4149,r2_measured_04899,read,measured,,,,,4.1722,,ok,0.3335
559.7993,680,,,0.7292,,,,,,566.7935,r2_measured_04900,read,measured,,,,,5.7781,,ok,0.4098
405.3679,509,,,0.4659,,,,,,410.3478,r2_measured_04901,read,measured,,,,,4.1015,,ok,0.3534
440.5814,568,,,0.5046,,,,,,447.6762,r2_measured_04902,read,measured,,,,,6.1705,,ok,0.3595
497.577,675,,,0.8817,,,,,,502.3912,r2_measured_04903,read,measured,,,,,3.5143,,ok,0.3425
504.1099,681,,,0.98,,,,,,514.2035,r2_measured_04904,read,measured,,,,,8.6757,,ok,0.3657
597.5951,629,439.7625,7.5224,0.642,96.285,0,7.521,1,32.857,602.9272,r2_measured_04905,update,measured,25.3346,5.3321,1,0.0076,4.2937,28.683,ok,0.3374
498.2973,680,,,0.8237,,,,,,505.3476,r2_measured_04906,read,measured,,,,,5.7951,,ok,0.3645
484.3376,681,,,0.6156,,,,,,492.6215,r2_measured_04907,read,measured,,,,,7.0935,,ok,0.4923
496.2412,675,,,0.8648,,,,,,506.5643,r2_measured_04908,read,measured,,,,,9.0059,,ok,0.3799
462.7091,681,,,1.0713,,,,,,484.5297,r2_measured_04909,read,measured,,,,,20.3249,,ok,0.3523
586.767,689,,,0.7232,,,,,,592.9533,r2_measured_04910,read,measured,,,,,4.9718,,ok,0.4155
486.6367,680,,,1.542,,,,,,493.1817,r2_measured_04911,read,measured,,,,,4.4077,,ok,0.49
372.7334,509,,,1.0773,,,,,,384.8135,r2_measured_04912,read,measured,,,,,10.2816,,ok,0.6318
582.9109,689,,,0.703,,,,,,589.7143,r2_measured_04913,read,measured,,,,,5.6308,,ok,0.3939
561.1379,675,,,1.2115,,,,,,568.144,r2_measured_04914,read,measured,,,,,5.3252,,ok,0.3982
571.4579,680,,,0.7099,,,,,,584.1117,r2_measured_04915,read,measured,,,,,11.4923,,ok,0.3807
778.828,681,602.3216,6.0583,0.638,103.1498,1,6.0568,1,23.7016,798.762,r2_measured_04916,update,measured,17.6433,19.934,1,17.5787,18.841,32.0763,ok,0.3932
302.8714,419,,,0.4475,,,,,,310.1831,r2_measured_04917,read,measured,,,,,6.2169,,ok,0.56
579.6711,680,,,0.6306,,,,,,588.0683,r2_measured_04918,read,measured,,,,,7.3461,,ok,0.3474
606.8122,689,,,0.6799,,,,,,616.4553,r2_measured_04919,read,measured,,,,,8.5341,,ok,0.3626
604.8187,680,,,0.6957,,,,,,608.8609,r2_measured_04920,read,measured,,,,,2.9428,,ok,0.3387
611.321,680,,,2.3464,,,,,,625.9739,r2_measured_04921,read,measured,,,,,11.9099,,ok,0.332
758.6644,675,523.959,7.1839,1.0032,110.2076,1,7.1822,1,51.9872,769.3925,r2_measured_04922,update,measured,44.8033,10.7281,1,18.2904,9.2958,54.2202,ok,0.355
483.0491,509,,,0.9319,,,,,,492.5244,r2_measured_04923,read,measured,,,,,8.148,,ok,0.3413
710.9678,629,493.2052,8.3775,0.5331,105.7416,1,8.3761,1,41.8427,721.2799,r2_measured_04924,update,measured,33.4652,10.3121,1,41.7069,9.3772,28.4714,ok,0.336
579.2316,629,,,0.5772,,,,,,594.4473,r2_measured_04925,read,measured,,,,,14.2114,,ok,0.358
557.9752,629,,,0.5616,,,,,,567.5444,r2_measured_04926,read,measured,,,,,8.5854,,ok,0.3543
554.6993,675,,,1.483,,,,,,566.2429,r2_measured_04927,read,measured,,,,,9.6054,,ok,0.3895
561.045,680,,,0.6945,,,,,,566.8275,r2_measured_04928,read,measured,,,,,4.6866,,ok,0.335
530.1056,681,,,0.579,,,,,,537.1485,r2_measured_04929,read,measured,,,,,6.0244,,ok,0.3652
527.5725,675,,,0.7178,,,,,,534.502,r2_measured_04930,read,measured,,,,,5.6068,,ok,0.5373
519.5751,675,,,0.5602,,,,,,524.2358,r2_measured_04931,read,measured,,,,,3.6735,,ok,0.361
684.1615,689,461.003,5.9015,1.0023,138.7704,1,5.8998,1,37.4143,695.3366,r2_measured_04932,update,measured,31.5128,11.1751,1,15.8262,9.6781,31.1476,ok,0.4224
505.9665,509,331.259,7.6258,0.5079,79.8053,1,7.6242,1,42.5524,514.7233,r2_measured_04933,update,measured,34.9266,8.7568,1,26.6751,7.8348,25.6747,ok,0.3463
458.9457,675,,,0.682,,,,,,474.3241,r2_measured_04934,read,measured,,,,,14.2493,,ok,0.379
469.4428,663,,,0.6729,,,,,,474.087,r2_measured_04935,read,measured,,,,,3.3459,,ok,0.5424
427.503,663,,,0.921,,,,,,442.5218,r2_measured_04936,read,measured,,,,,13.6762,,ok,0.3523
415.9447,663,,,0.8895,,,,,,426.3229,r2_measured_04937,read,measured,,,,,9.0365,,ok,0.3726
456.9797,675,,,0.7297,,,,,,478.0783,r2_measured_04938,read,measured,,,,,19.8924,,ok,0.3973
440.4951,629,,,0.7367,,,,,,459.0129,r2_measured_04939,read,measured,,,,,17.3098,,ok,0.3975
447.4589,680,,,0.941,,,,,,459.99,r2_measured_04940,read,measured,,,,,11.1364,,ok,0.3776
444.3445,663,,,0.6966,,,,,,450.8774,r2_measured_04941,read,measured,,,,,5.3467,,ok,0.4109
490.8826,680,,,0.8481,,,,,,555.8537,r2_measured_04942,read,measured,,,,,63.6347,,ok,0.3896
282.1733,419,,,0.329,,,,,,287.7141,r2_measured_04943,read,measured,,,,,4.7465,,ok,0.4088
527.6671,675,,,0.9209,,,,,,537.0909,r2_measured_04944,read,measured,,,,,7.9962,,ok,0.4028
256.0121,369,,,0.2482,,,,,,257.3134,r2_measured_04945,read,measured,,,,,0.664,,ok,0.3361
528.7378,675,,,0.7437,,,,,,533.7973,r2_measured_04946,read,measured,,,,,3.8971,,ok,0.3524
538.368,681,,,1.4737,,,,,,551.1144,r2_measured_04947,read,measured,,,,,10.8484,,ok,0.3559
546.3987,663,,,0.6156,,,,,,553.0323,r2_measured_04948,read,measured,,,,,5.5941,,ok,0.3542
352.8842,369,,,0.2583,,,,,,355.5449,r2_measured_04949,read,measured,,,,,2.0402,,ok,0.3147
436.1691,509,,,0.6815,,,,,,445.2359,r2_measured_04950,read,measured,,,,,7.926,,ok,0.3938
504.4698,629,,,0.7243,,,,,,510.2514,r2_measured_04951,read,measured,,,,,4.6331,,ok,0.3593
424.2104,509,,,0.6288,,,,,,433.7278,r2_measured_04952,read,measured,,,,,8.3793,,ok,0.4357
527.7901,663,,,0.8077,,,,,,534.5918,r2_measured_04953,read,measured,,,,,5.5421,,ok,0.3849
561.1346,689,,,0.5433,,,,,,571.7828,r2_measured_04954,read,measured,,,,,9.6613,,ok,0.3732
421.2625,508,,,0.7929,,,,,,424.6354,r2_measured_04955,read,measured,,,,,2.1497,,ok,0.3628
460.9441,568,,,1.0014,,,,,,469.6206,r2_measured_04956,read,measured,,,,,7.2665,,ok,0.3432
421.8297,509,,,0.788,,,,,,426.9094,r2_measured_04957,read,measured,,,,,3.8816,,ok,0.3538
338.4199,419,,,0.2768,,,,,,340.3997,r2_measured_04958,read,measured,,,,,1.3245,,ok,0.3247
518.675,509,339.2992,10.9368,0.7242,74.559,0,10.9349,1,39.6195,525.1439,r2_measured_04959,update,measured,28.6827,6.4689,1,0.0065,5.3755,65.1908,ok,0.3106
450.4367,680,,,1.1121,,,,,,458.3833,r2_measured_04960,read,measured,,,,,6.3417,,ok,0.4105
449.0261,663,,,0.6648,,,,,,451.9778,r2_measured_04961,read,measured,,,,,1.8011,,ok,0.4135
355.4151,509,,,0.7342,,,,,,359.4489,r2_measured_04962,read,measured,,,,,2.8144,,ok,0.4146
298.375,419,,,0.2728,,,,,,303.5412,r2_measured_04963,read,measured,,,,,4.5218,,ok,0.3216
455.5078,629,,,0.6632,,,,,,460.103,r2_measured_04964,read,measured,,,,,3.5303,,ok,0.3318
488.6899,680,,,0.5586,,,,,,496.1143,r2_measured_04965,read,measured,,,,,6.4342,,ok,0.3499
409.3224,568,,,0.5614,,,,,,414.374,r2_measured_04966,read,measured,,,,,4.1026,,ok,0.3321
464.5747,663,,,0.6711,,,,,,472.1068,r2_measured_04967,read,measured,,,,,6.4226,,ok,0.357
257.6534,369,,,0.2458,,,,,,260.2303,r2_measured_04968,read,measured,,,,,1.9662,,ok,0.3128
482.3285,675,,,0.9402,,,,,,489.0899,r2_measured_04969,read,measured,,,,,5.2905,,ok,0.4511
399.4299,568,,,0.5714,,,,,,407.7412,r2_measured_04970,read,measured,,,,,7.3116,,ok,0.3566
255.4004,369,,,0.3544,,,,,,261.4444,r2_measured_04971,read,measured,,,,,5.1734,,ok,0.449
457.4047,675,,,0.7721,,,,,,466.3981,r2_measured_04972,read,measured,,,,,7.7873,,ok,0.3614
483.2653,680,,,0.5628,,,,,,493.1335,r2_measured_04973,read,measured,,,,,8.9176,,ok,0.3223
458.0102,680,,,0.668,,,,,,463.8314,r2_measured_04974,read,measured,,,,,4.4503,,ok,0.62
475.5548,681,,,0.6875,,,,,,492.9961,r2_measured_04975,read,measured,,,,,16.3138,,ok,0.3726
473.2749,663,,,0.6709,,,,,,482.1172,r2_measured_04976,read,measured,,,,,7.725,,ok,0.3773
478.8662,680,,,0.8914,,,,,,484.2975,r2_measured_04977,read,measured,,,,,4.1056,,ok,0.3632
391.5514,568,,,0.7497,,,,,,395.1591,r2_measured_04978,read,measured,,,,,2.4273,,ok,0.3595
435.7238,629,,,0.6033,,,,,,443.5064,r2_measured_04979,read,measured,,,,,6.774,,ok,0.3445
487.9925,689,,,0.7171,,,,,,492.8033,r2_measured_04980,read,measured,,,,,3.6599,,ok,0.3574
472.5893,689,,,1.2178,,,,,,478.2883,r2_measured_04981,read,measured,,,,,3.8238,,ok,0.5344
345.8982,509,,,0.616,,,,,,353.3661,r2_measured_04982,read,measured,,,,,6.4257,,ok,0.3674
459.2412,629,,,0.7834,,,,,,464.6317,r2_measured_04983,read,measured,,,,,4.2006,,ok,0.341
415.4545,568,,,0.6017,,,,,,421.5862,r2_measured_04984,read,measured,,,,,5.1331,,ok,0.3333
458.2493,680,,,0.5605,,,,,,462.5334,r2_measured_04985,read,measured,,,,,3.3017,,ok,0.3552
468.7979,681,,,0.5567,,,,,,472.5187,r2_measured_04986,read,measured,,,,,2.7774,,ok,0.3284
405.4643,568,,,0.4736,,,,,,413.8626,r2_measured_04987,read,measured,,,,,7.529,,ok,0.3391
254.2781,369,,,0.2707,,,,,,256.8624,r2_measured_04988,read,measured,,,,,1.9319,,ok,0.3283
310.5476,419,,,0.2653,,,,,,312.5683,r2_measured_04989,read,measured,,,,,1.3808,,ok,0.3253
281.0389,369,,,0.2366,,,,,,283.2701,r2_measured_04990,read,measured,,,,,1.6092,,ok,0.338
389.652,680,,,0.7157,,,,,,394.1604,r2_measured_04991,read,measured,,,,,3.3601,,ok,0.3666
364.8687,680,,,0.5376,,,,,,367.5699,r2_measured_04992,read,measured,,,,,1.7757,,ok,0.33
300.3955,509,,,0.5563,,,,,,305.6398,r2_measured_04993,read,measured,,,,,4.2719,,ok,0.3499
326.2315,629,,,0.5624,,,,,,329.7444,r2_measured_04994,read,measured,,,,,2.5644,,ok,0.3249
321.1831,663,,,1.6297,,,,,,332.9519,r2_measured_04995,read,measured,,,,,9.7348,,ok,0.3443
280.3351,509,,,0.7301,,,,,,284.1389,r2_measured_04996,read,measured,,,,,2.6415,,ok,0.3697
263.3858,509,135.1265,4.1662,1.8924,73.8514,0,4.1645,1,28.0565,267.1537,r2_measured_04997,update,measured,23.8903,3.7679,1,0.0068,1.4725,26.3446,ok,0.3477
253.7619,680,,,0.5315,,,,,,256.8843,r2_measured_04998,read,measured,,,,,2.1878,,ok,0.3423
201.747,419,,,0.2745,,,,,,203.5736,r2_measured_04999,read,measured,,,,,1.1619,,ok,0.3386
