Method,R@1,R@10,MRR,Hit@10
ZScore_RawERK,0.4217391304347826,0.8069565217391305,0.5461997929606625,0.8069565217391305
